tick,seq,t_ms,u1,u2,u3,u4,u5,u6,u7,u8,y1,y2,y3,y4,y5,y6,y7,y8
1,1,706.8311,20.2497021,0,0,20.7278244,0,0,0,0,8.8027984e-05,8.26510732e-05,0,0,0,0,0,0
2,2,706.9465,20.5337357,0,0,21.3004234,0,0,0,0,7.08949738e-05,4.71789062e-05,0,0,0,0,0,0
3,3,707.0441,19.3058647,0,0,18.4347023,0,0,0,0,6.95762938e-05,2.15625769e-05,0,0,0,0,0,0
4,4,707.144,20.0029977,0,0,20.4655943,0,0,0,0,-3.84880004e-05,5.72867611e-06,0,0,0,0,0,0
5,5,707.2399,19.9933938,0,0,20.457466,0,0,0,0,-1.79934705e-05,-2.2546003e-06,0,0,0,0,0,0
6,6,707.3449,20.1911985,0,0,20.8952775,0,0,0,0,-5.10009841e-06,-6.3769985e-06,0,0,0,0,0,0
7,7,707.4138,20.0507156,0,0,20.4875911,0,0,0,0,3.63349245e-05,-8.3197956e-06,0,0,0,0,0,0
8,8,707.4445,20.0446898,0,0,20.4761352,0,0,0,0,3.71458082e-05,-9.39384154e-06,0,0,0,0,0,0
9,9,707.4819,20.0189208,0,0,20.4300804,0,0,0,0,3.80525053e-05,-9.93775757e-06,0,0,0,0,0,0
10,10,707.5162,20.0537932,0,0,20.531498,0,0,0,0,2.99704188e-05,-1.02288468e-05,0,0,0,0,0,0
11,11,707.5502,20.062016,0,0,20.5525931,0,0,0,0,3.29767972e-05,-1.03490293e-05,0,0,0,0,0,0
12,12,707.5849,20.0695885,0,0,20.5687817,0,0,0,0,3.54681288e-05,-1.04019464e-05,0,0,0,0,0,0
13,13,707.6175,20.0655921,0,0,20.5573364,0,0,0,0,3.97780605e-05,-1.0422199e-05,0,0,0,0,0,0
14,14,707.6497,20.0663219,0,0,20.5604076,0,0,0,0,4.03936028e-05,-1.04348601e-05,0,0,0,0,0,0
15,15,707.6814,20.0673372,0,0,20.5645543,0,0,0,0,4.07482985e-05,-1.04406417e-05,0,0,0,0,0,0
16,16,707.7147,20.0699598,0,0,20.5720972,0,0,0,0,4.03953454e-05,-1.04427509e-05,0,0,0,0,0,0
17,17,707.7462,20.07123,0,0,20.5755261,0,0,0,0,4.09200948e-05,-1.04418259e-05,0,0,0,0,0,0
18,18,707.7777,20.0720346,0,0,20.5776263,0,0,0,0,4.13834277e-05,-1.04403362e-05,0,0,0,0,0,0
19,19,707.8089,20.0723498,0,0,20.5785754,0,0,0,0,4.19039243e-05,-1.04389374e-05,0,0,0,0,0,0
20,20,707.8736,20.0727757,0,0,20.5798829,0,0,0,0,4.20733995e-05,-1.04379678e-05,0,0,0,0,0,0
21,21,707.9563,20.0731752,0,0,20.5810922,0,0,0,0,4.21824807e-05,-1.04371502e-05,0,0,0,0,0,0
22,22,708.0487,20.0735474,0,0,20.582164,0,0,0,0,4.22265039e-05,-1.0436429e-05,0,0,0,0,0,0
23,23,708.1496,20.0738029,0,0,20.5828899,0,0,0,0,4.23290548e-05,-1.04357778e-05,0,0,0,0,0,0
24,24,708.2355,20.0739891,0,0,20.5834224,0,0,0,0,4.24163918e-05,-1.04352494e-05,0,0,0,0,0,0
25,25,708.2705,20.0741277,0,0,20.5838285,0,0,0,0,4.24938371e-05,-1.04348364e-05,0,0,0,0,0,0
26,26,708.3505,20.0742465,0,0,20.584178,0,0,0,0,4.25337566e-05,-1.04345199e-05,0,0,0,0,0,0
27,27,708.3853,20.0743445,0,0,20.5844649,0,0,0,0,4.25620165e-05,-1.0434268e-05,0,0,0,0,0,0
28,28,708.4157,20.0744236,0,0,20.5846938,0,0,0,0,4.25816324e-05,-1.04340643e-05,0,0,0,0,0,0
29,29,708.446,20.0744841,0,0,20.584869,0,0,0,0,4.26027145e-05,-1.04339015e-05,0,0,0,0,0,0
30,30,708.4772,20.0745312,0,0,20.5850056,0,0,0,0,4.26198894e-05,-1.04337714e-05,0,0,0,0,0,0
31,31,708.5064,20.0745684,0,0,20.585114,0,0,0,0,4.2633681e-05,-1.04336686e-05,0,0,0,0,0,0
32,32,708.5355,20.0745983,0,0,20.5852012,0,0,0,0,4.26426304e-05,-1.04335886e-05,0,0,0,0,0,0
33,33,708.5655,20.0746222,0,0,20.5852708,0,0,0,0,4.26492952e-05,-1.04335249e-05,0,0,0,0,0,0
34,34,708.6151,20.0746412,0,0,20.5853259,0,0,0,0,4.26543593e-05,-1.04334731e-05,0,0,0,0,0,0
35,35,708.7114,20.0746561,0,0,20.5853692,0,0,0,0,4.2658794e-05,-1.0433434e-05,0,0,0,0,0,0
36,36,708.7465,20.0746679,0,0,20.5854035,0,0,0,0,4.26623046e-05,-1.04334022e-05,0,0,0,0,0,0
37,37,708.7774,20.0746772,0,0,20.5854307,0,0,0,0,4.26650331e-05,-1.04333776e-05,0,0,0,0,0,0
38,38,708.8058,20.0746847,0,0,20.5854523,0,0,0,0,4.26669976e-05,-1.04333576e-05,0,0,0,0,0,0
39,39,708.9221,20.0746905,0,0,20.5854694,0,0,0,0,4.26684965e-05,-1.04333412e-05,0,0,0,0,0,0
40,40,708.9523,20.0746952,0,0,20.585483,0,0,0,0,4.2669657e-05,-1.04333285e-05,0,0,0,0,0,0
41,41,708.9815,20.0746989,0,0,20.5854937,0,0,0,0,4.26705992e-05,-1.04333176e-05,0,0,0,0,0,0
42,42,709.0103,20.0747018,0,0,20.5855022,0,0,0,0,4.26713341e-05,-1.04333094e-05,0,0,0,0,0,0
43,43,709.0385,20.0747041,0,0,20.5855089,0,0,0,0,4.26719016e-05,-1.04333039e-05,0,0,0,0,0,0
44,44,709.0664,20.074706,0,0,20.5855143,0,0,0,0,4.26723273e-05,-1.04332994e-05,0,0,0,0,0,0
45,45,709.095,20.0747074,0,0,20.5855185,0,0,0,0,4.26726547e-05,-1.04332958e-05,0,0,0,0,0,0
46,46,709.1226,20.0747086,0,0,20.5855219,0,0,0,0,4.26729093e-05,-1.04332921e-05,0,0,0,0,0,0
47,47,709.1506,20.0747095,0,0,20.5855245,0,0,0,0,4.26731094e-05,-1.04332894e-05,0,0,0,0,0,0
48,48,709.1787,20.0747102,0,0,20.5855266,0,0,0,0,4.26732695e-05,-1.04332876e-05,0,0,0,0,0,0
49,49,709.2064,20.0747108,0,0,20.5855283,0,0,0,0,4.26733895e-05,-1.04332858e-05,0,0,0,0,0,0
50,50,709.2347,20.0747112,0,0,20.5855296,0,0,0,0,4.26734805e-05,-1.04332839e-05,0,0,0,0,0,0
51,51,709.2617,20.0747116,0,0,20.5855306,0,0,0,0,4.26735533e-05,-1.04332839e-05,0,0,0,0,0,0
52,52,709.2894,20.0747119,0,0,20.5855315,0,0,0,0,4.26736042e-05,-1.0433283e-05,0,0,0,0,0,0
53,53,709.3189,20.0747121,0,0,20.5855321,0,0,0,0,4.26736478e-05,-1.04332812e-05,0,0,0,0,0,0
54,54,709.3519,20.0747123,0,0,20.5855326,0,0,0,0,4.26736806e-05,-1.04332812e-05,0,0,0,0,0,0
55,55,709.3998,20.0747124,0,0,20.585533,0,0,0,0,4.26737097e-05,-1.04332803e-05,0,0,0,0,0,0
56,56,709.4668,20.0747125,0,0,20.5855334,0,0,0,0,4.26737279e-05,-1.04332803e-05,0,0,0,0,0,0
57,57,709.4993,20.0747126,0,0,20.5855336,0,0,0,0,4.26737424e-05,-1.04332803e-05,0,0,0,0,0,0
58,58,709.5283,20.0747127,0,0,20.5855338,0,0,0,0,4.26737533e-05,-1.04332803e-05,0,0,0,0,0,0
59,59,709.5589,20.0747128,0,0,20.585534,0,0,0,0,4.26737643e-05,-1.04332803e-05,0,0,0,0,0,0
60,60,709.5869,20.0747128,0,0,20.5855341,0,0,0,0,4.26737715e-05,-1.04332803e-05,0,0,0,0,0,0
61,61,709.6144,20.0747128,0,0,20.5855342,0,0,0,0,4.26737752e-05,-1.04332803e-05,0,0,0,0,0,0
62,62,709.6419,20.0747129,0,0,20.5855343,0,0,0,0,4.26737788e-05,-1.04332803e-05,0,0,0,0,0,0
63,63,709.6687,20.0747129,0,0,20.5855344,0,0,0,0,4.26737824e-05,-1.04332803e-05,0,0,0,0,0,0
64,64,709.6957,20.0747129,0,0,20.5855344,0,0,0,0,4.26737861e-05,-1.04332803e-05,0,0,0,0,0,0
65,65,709.7219,20.0747129,0,0,20.5855345,0,0,0,0,4.26737897e-05,-1.04332803e-05,0,0,0,0,0,0
66,66,709.7499,20.0747129,0,0,20.5855345,0,0,0,0,4.26737897e-05,-1.04332803e-05,0,0,0,0,0,0
67,67,709.7766,20.0747129,0,0,20.5855345,0,0,0,0,4.26737897e-05,-1.04332803e-05,0,0,0,0,0,0
68,68,709.8036,20.0747129,0,0,20.5855346,0,0,0,0,4.26737934e-05,-1.04332803e-05,0,0,0,0,0,0
69,69,709.8303,20.074713,0,0,20.5855346,0,0,0,0,4.26737934e-05,-1.04332803e-05,0,0,0,0,0,0
70,70,709.8565,20.074713,0,0,20.5855346,0,0,0,0,4.26737934e-05,-1.04332803e-05,0,0,0,0,0,0
71,71,709.8868,20.074713,0,0,20.5855346,0,0,0,0,4.26737934e-05,-1.04332803e-05,0,0,0,0,0,0
72,72,709.9146,20.074713,0,0,20.5855346,0,0,0,0,4.26737934e-05,-1.04332803e-05,0,0,0,0,0,0
73,73,709.9408,20.074713,0,0,20.5855346,0,0,0,0,4.26737934e-05,-1.04332803e-05,0,0,0,0,0,0
74,74,709.9673,20.074713,0,0,20.5855346,0,0,0,0,4.26737934e-05,-1.04332803e-05,0,0,0,0,0,0
75,75,709.9939,20.074713,0,0,20.5855346,0,0,0,0,4.26737934e-05,-1.04332803e-05,0,0,0,0,0,0
76,76,710.0204,20.074713,0,0,20.5855346,0,0,0,0,4.26737934e-05,-1.04332803e-05,0,0,0,0,0,0
77,77,710.0503,20.074713,0,0,20.5855346,0,0,0,0,4.26737934e-05,-1.04332803e-05,0,0,0,0,0,0
78,78,710.0787,20.074713,0,0,20.5855346,0,0,0,0,4.26737934e-05,-1.04332803e-05,0,0,0,0,0,0
79,79,710.1054,20.074713,0,0,20.5855346,0,0,0,0,4.26737934e-05,-1.04332803e-05,0,0,0,0,0,0
80,80,710.1425,20.074713,0,0,20.5855346,0,0,0,0,4.26737934e-05,-1.04332803e-05,0,0,0,0,0,0
81,81,710.1684,20.074713,0,0,20.5855346,0,0,0,0,4.26737934e-05,-1.04332803e-05,0,0,0,0,0,0
82,82,710.195,20.074713,0,0,20.5855346,0,0,0,0,4.26737934e-05,-1.04332803e-05,0,0,0,0,0,0
83,83,710.2217,20.074713,0,0,20.5855346,0,0,0,0,4.26737934e-05,-1.04332803e-05,0,0,0,0,0,0
84,84,710.2494,20.074713,0,0,20.5855346,0,0,0,0,4.26737934e-05,-1.04332803e-05,0,0,0,0,0,0
85,85,710.2759,20.074713,0,0,20.5855346,0,0,0,0,4.26737934e-05,-1.04332803e-05,0,0,0,0,0,0
86,86,710.3027,20.074713,0,0,20.5855346,0,0,0,0,4.26737934e-05,-1.04332803e-05,0,0,0,0,0,0
87,87,710.3294,20.074713,0,0,20.5855346,0,0,0,0,4.26737934e-05,-1.04332803e-05,0,0,0,0,0,0
88,88,710.3564,20.074713,0,0,20.5855346,0,0,0,0,4.26737934e-05,-1.04332803e-05,0,0,0,0,0,0
89,89,710.3826,20.074713,0,0,20.5855346,0,0,0,0,4.26737934e-05,-1.04332803e-05,0,0,0,0,0,0
90,90,710.4174,20.074713,0,0,20.5855346,0,0,0,0,4.26737934e-05,-1.04332803e-05,0,0,0,0,0,0
91,91,710.4443,20.074713,0,0,20.5855346,0,0,0,0,4.26737934e-05,-1.04332803e-05,0,0,0,0,0,0
92,92,710.4707,20.074713,0,0,20.5855346,0,0,0,0,4.26737934e-05,-1.04332803e-05,0,0,0,0,0,0
93,93,710.4973,20.074713,0,0,20.5855346,0,0,0,0,4.26737934e-05,-1.04332803e-05,0,0,0,0,0,0
94,94,710.5252,20.074713,0,0,20.5855346,0,0,0,0,4.26737934e-05,-1.04332803e-05,0,0,0,0,0,0
95,95,710.551,20.074713,0,0,20.5855346,0,0,0,0,4.26737934e-05,-1.04332803e-05,0,0,0,0,0,0
96,96,710.5775,20.074713,0,0,20.5855346,0,0,0,0,4.26737934e-05,-1.04332803e-05,0,0,0,0,0,0
97,97,710.6039,20.074713,0,0,20.5855346,0,0,0,0,4.26737934e-05,-1.04332803e-05,0,0,0,0,0,0
98,98,710.6307,20.074713,0,0,20.5855346,0,0,0,0,4.26737934e-05,-1.04332803e-05,0,0,0,0,0,0
99,99,710.6567,20.074713,0,0,20.5855346,0,0,0,0,4.26737934e-05,-1.04332803e-05,0,0,0,0,0,0
100,100,710.6832,20.074713,0,0,20.5855346,0,0,0,0,4.26737934e-05,-1.04332803e-05,0,0,0,0,0,0
101,101,710.7752,20.074713,0,0,20.5855346,0,0,0,0,4.26737934e-05,-1.04332803e-05,0,0,0,0,0,0
102,102,710.8017,20.074713,0,0,20.5855346,0,0,0,0,4.26737934e-05,-1.04332803e-05,0,0,0,0,0,0
103,103,710.8379,20.074713,0,0,20.5855346,0,0,0,0,4.26737934e-05,-1.04332803e-05,0,0,0,0,0,0
104,104,710.8659,20.074713,0,0,20.5855346,0,0,0,0,4.26737934e-05,-1.04332803e-05,0,0,0,0,0,0
105,105,710.9007,20.074713,0,0,20.5855346,0,0,0,0,4.26737934e-05,-1.04332803e-05,0,0,0,0,0,0
106,106,710.9225,20.074713,0,0,20.5855346,0,0,0,0,4.26737934e-05,-1.04332803e-05,0,0,0,0,0,0
107,107,710.9486,20.074713,0,0,20.5855346,0,0,0,0,4.26737934e-05,-1.04332803e-05,0,0,0,0,0,0
108,108,710.9749,20.074713,0,0,20.5855346,0,0,0,0,4.26737934e-05,-1.04332803e-05,0,0,0,0,0,0
109,109,711.0016,20.074713,0,0,20.5855346,0,0,0,0,4.26737934e-05,-1.04332803e-05,0,0,0,0,0,0
110,110,711.0289,20.074713,0,0,20.5855346,0,0,0,0,4.26737934e-05,-1.04332803e-05,0,0,0,0,0,0
111,111,711.0638,20.074713,0,0,20.5855346,0,0,0,0,4.26737934e-05,-1.04332803e-05,0,0,0,0,0,0
112,112,711.0908,20.074713,0,0,20.5855346,0,0,0,0,4.26737934e-05,-1.04332803e-05,0,0,0,0,0,0
113,113,711.1176,20.074713,0,0,20.5855346,0,0,0,0,4.26737934e-05,-1.04332803e-05,0,0,0,0,0,0
114,114,711.1441,20.074713,0,0,20.5855346,0,0,0,0,4.26737934e-05,-1.04332803e-05,0,0,0,0,0,0
115,115,711.1721,20.074713,0,0,20.5855346,0,0,0,0,4.26737934e-05,-1.04332803e-05,0,0,0,0,0,0
116,116,711.1994,20.074713,0,0,20.5855346,0,0,0,0,4.26737934e-05,-1.04332803e-05,0,0,0,0,0,0
117,117,711.2285,20.074713,0,0,20.5855346,0,0,0,0,4.26737934e-05,-1.04332803e-05,0,0,0,0,0,0
118,118,711.2566,20.074713,0,0,20.5855346,0,0,0,0,4.26737934e-05,-1.04332803e-05,0,0,0,0,0,0
119,119,711.2831,20.074713,0,0,20.5855346,0,0,0,0,4.26737934e-05,-1.04332803e-05,0,0,0,0,0,0
120,120,711.3105,20.074713,0,0,20.5855346,0,0,0,0,4.26737934e-05,-1.04332803e-05,0,0,0,0,0,0
121,121,711.3438,20.074713,0,0,20.5855346,0,0,0,0,4.26737934e-05,-1.04332803e-05,0,0,0,0,0,0
122,122,711.3705,20.074713,0,0,20.5855346,0,0,0,0,4.26737934e-05,-1.04332803e-05,0,0,0,0,0,0
123,123,711.3971,20.074713,0,0,20.5855346,0,0,0,0,4.26737934e-05,-1.04332803e-05,0,0,0,0,0,0
124,124,711.4296,20.074713,0,0,20.5855346,0,0,0,0,4.26737934e-05,-1.04332803e-05,0,0,0,0,0,0
125,125,711.4564,20.074713,0,0,20.5855346,0,0,0,0,4.26737934e-05,-1.04332803e-05,0,0,0,0,0,0
126,126,711.4829,20.074713,0,0,20.5855346,0,0,0,0,4.26737934e-05,-1.04332803e-05,0,0,0,0,0,0
127,127,711.5094,20.074713,0,0,20.5855346,0,0,0,0,4.26737934e-05,-1.04332803e-05,0,0,0,0,0,0
128,128,711.5359,20.074713,0,0,20.5855346,0,0,0,0,4.26737934e-05,-1.04332803e-05,0,0,0,0,0,0
129,129,711.5627,20.074713,0,0,20.5855346,0,0,0,0,4.26737934e-05,-1.04332803e-05,0,0,0,0,0,0
130,130,711.5946,20.074713,0,0,20.5855346,0,0,0,0,4.26737934e-05,-1.04332803e-05,0,0,0,0,0,0
131,131,711.6341,20.0756189,0,0,20.5871588,0,0,0,0,4.26737934e-05,-1.04332803e-05,0,0,0,0,0,0
132,132,711.6729,20.0771166,0,0,20.5898697,0,0,0,0,4.26741572e-05,-1.04326109e-05,0,0,0,0,0,0
133,133,711.7121,20.079493,0,0,20.594199,0,0,0,0,4.26748011e-05,-1.04311439e-05,0,0,0,0,0,0
134,134,711.7544,20.0823023,0,0,20.5994404,0,0,0,0,4.26775077e-05,-1.04286046e-05,0,0,0,0,0,0
135,135,711.7902,20.0856261,0,0,20.6056858,0,0,0,0,4.26811021e-05,-1.04251785e-05,0,0,0,0,0,0
136,136,711.8278,20.0894738,0,0,20.6127751,0,0,0,0,4.26859697e-05,-1.04209075e-05,0,0,0,0,0,0
137,137,711.8652,20.0941088,0,0,20.6211675,0,0,0,0,4.26905899e-05,-1.04158098e-05,0,0,0,0,0,0
138,138,711.9008,20.0999974,0,0,20.6320335,0,0,0,0,4.26955448e-05,-1.04096962e-05,0,0,0,0,0,0
139,139,711.9397,20.1085605,0,0,20.6491671,0,0,0,0,4.27009509e-05,-1.0402121e-05,0,0,0,0,0,0
140,140,711.9803,20.1203433,0,0,20.6738857,0,0,0,0,4.2708285e-05,-1.03917955e-05,0,0,0,0,0,0
141,141,712.0554,20.1354577,0,0,20.7065197,0,0,0,0,4.27184241e-05,-1.03776283e-05,0,0,0,0,0,0
142,142,712.0974,20.1504805,0,0,20.7386328,0,0,0,0,4.27337618e-05,-1.03589655e-05,0,0,0,0,0,0
143,143,712.1363,20.1693795,0,0,20.7846035,0,0,0,0,4.27527993e-05,-1.03379989e-05,0,0,0,0,0,0
144,144,712.1727,20.1998407,0,0,20.8727013,0,0,0,0,4.27761261e-05,-1.03129869e-05,0,0,0,0,0,0
145,145,712.2085,20.273561,0,0,21.1032968,0,0,0,0,4.27993255e-05,-1.02772947e-05,0,0,0,0,0,0
146,146,712.2445,20.3944042,0,0,21.5094439,0,0,0,0,4.28440399e-05,-1.02039367e-05,0,0,0,0,0,0
147,147,712.2804,20.5885342,0,0,22.2038145,0,0,0,0,4.29267457e-05,-1.00755942e-05,0,0,0,0,0,0
148,148,712.3163,20.821027,0,0,23.1360817,0,0,0,0,4.31147637e-05,-9.86391842e-06,0,0,0,0,0,0
149,149,712.3519,21.3360739,0,0,24.9001803,0,0,0,0,4.33819696e-05,-9.57970133e-06,0,0,0,0,0,0
150,150,712.3897,22.4029033,0,0,27.3446196,0,0,0,0,4.38549541e-05,-9.04873468e-06,0,0,0,0,0,0
151,151,712.4237,22.3779997,0,0,27.3456434,0,0,0,0,4.45498517e-05,-7.97815301e-06,0,0,0,0,0,0
152,152,712.4779,22.384368,0,0,27.4165692,0,0,0,0,4.52771746e-05,-7.42627344e-06,0,0,0,0,0,0
153,153,712.5096,22.4660907,0,0,27.6373321,0,0,0,0,4.67952377e-05,-7.13777354e-06,0,0,0,0,0,0
154,154,712.5434,22.4752999,0,0,27.6496598,0,0,0,0,4.59314397e-05,-6.93124821e-06,0,0,0,0,0,0
155,155,712.579,22.4771743,0,0,27.6474214,0,0,0,0,4.5212033e-05,-6.81851043e-06,0,0,0,0,0,0
156,156,712.6104,22.4690399,0,0,27.6290858,0,0,0,0,4.45751248e-05,-6.75991987e-06,0,0,0,0,0,0
157,157,712.6423,22.4755755,0,0,27.6520365,0,0,0,0,4.45370606e-05,-6.73643444e-06,0,0,0,0,0,0
158,158,712.675,22.4831736,0,0,27.6756327,0,0,0,0,4.45170081e-05,-6.720084e-06,0,0,0,0,0,0
159,159,712.7069,22.4906908,0,0,27.6962826,0,0,0,0,4.44939215e-05,-6.70618238e-06,0,0,0,0,0,0
160,160,712.7388,22.4940001,0,0,27.7050523,0,0,0,0,4.43718054e-05,-6.69343899e-06,0,0,0,0,0,0
161,161,712.7708,22.4960888,0,0,27.7109118,0,0,0,0,4.42757482e-05,-6.68435086e-06,0,0,0,0,0,0
162,162,712.8023,22.4976268,0,0,27.7156932,0,0,0,0,4.42064993e-05,-6.67810446e-06,0,0,0,0,0,0
163,163,712.8339,22.4994321,0,0,27.7211371,0,0,0,0,4.41754783e-05,-6.67374752e-06,0,0,0,0,0,0
164,164,712.8647,22.5009883,0,0,27.7256912,0,0,0,0,4.41498887e-05,-6.67017002e-06,0,0,0,0,0,0
165,165,712.8959,22.5022133,0,0,27.7291801,0,0,0,0,4.41270531e-05,-6.6671646e-06,0,0,0,0,0,0
166,166,712.9266,22.5030579,0,0,27.731595,0,0,0,0,4.4103439e-05,-6.66469714e-06,0,0,0,0,0,0
167,167,712.96,22.5037019,0,0,27.7334666,0,0,0,0,4.40852455e-05,-6.66278947e-06,0,0,0,0,0,0
168,168,713.0466,22.5042218,0,0,27.734996,0,0,0,0,4.40716394e-05,-6.66132382e-06,0,0,0,0,0,0
169,169,713.1817,22.5046613,0,0,27.7362826,0,0,0,0,4.40621661e-05,-6.66018059e-06,0,0,0,0,0,0
170,170,713.1976,22.5050143,0,0,27.7373085,0,0,0,0,4.40544682e-05,-6.65926245e-06,0,0,0,0,0,0
171,171,713.2329,22.5052905,0,0,27.7381076,0,0,0,0,4.40481272e-05,-6.65852485e-06,0,0,0,0,0,0
172,172,713.2645,22.5055034,0,0,27.7387251,0,0,0,0,4.40427975e-05,-6.65793777e-06,0,0,0,0,0,0
173,173,713.2963,22.5056714,0,0,27.739214,0,0,0,0,4.40386393e-05,-6.65747621e-06,0,0,0,0,0,0
174,174,713.3298,22.5058056,0,0,27.7396052,0,0,0,0,4.40354124e-05,-6.65711286e-06,0,0,0,0,0,0
175,175,713.3612,22.5059132,0,0,27.7399184,0,0,0,0,4.40329277e-05,-6.6568241e-06,0,0,0,0,0,0
176,176,713.3927,22.5059986,0,0,27.7401666,0,0,0,0,4.40309414e-05,-6.65659536e-06,0,0,0,0,0,0
177,177,713.4235,22.5060659,0,0,27.7403622,0,0,0,0,4.40293516e-05,-6.65641346e-06,0,0,0,0,0,0
178,178,713.4543,22.506119,0,0,27.7405166,0,0,0,0,4.4028071e-05,-6.65626931e-06,0,0,0,0,0,0
179,179,713.4853,22.5061611,0,0,27.7406391,0,0,0,0,4.40270633e-05,-6.65615516e-06,0,0,0,0,0,0
180,180,713.5215,22.5061945,0,0,27.7407363,0,0,0,0,4.40262702e-05,-6.65606512e-06,0,0,0,0,0,0
181,181,713.5614,22.494811,0,0,27.7209227,0,0,0,0,4.40256445e-05,-6.65599282e-06,0,0,0,0,0,0
182,182,713.6031,22.4809773,0,0,27.6963947,0,0,0,0,4.40205658e-05,-6.66436654e-06,0,0,0,0,0,0
183,183,713.6431,22.4621317,0,0,27.660586,0,0,0,0,4.40141084e-05,-6.67910172e-06,0,0,0,0,0,0
184,184,713.6832,22.4375991,0,0,27.612912,0,0,0,0,4.39843752e-05,-6.70087502e-06,0,0,0,0,0,0
185,185,713.7243,22.4074226,0,0,27.5555937,0,0,0,0,4.39530086e-05,-6.73054956e-06,0,0,0,0,0,0
186,186,713.7673,22.3787686,0,0,27.5096985,0,0,0,0,4.39149262e-05,-6.76855188e-06,0,0,0,0,0,0
187,187,713.8074,22.3446554,0,0,27.4563097,0,0,0,0,4.38782954e-05,-6.80980702e-06,0,0,0,0,0,0
188,188,713.8475,22.2971395,0,0,27.3739502,0,0,0,0,4.3835531e-05,-6.85672831e-06,0,0,0,0,0,0
189,189,713.8873,22.1918507,0,0,27.1441216,0,0,0,0,4.37984454e-05,-6.91654304e-06,0,0,0,0,0,0
190,190,713.9272,22.0626816,0,0,26.8704762,0,0,0,0,4.3731703e-05,-7.02591296e-06,0,0,0,0,0,0
191,191,713.9673,21.9197525,0,0,26.5896081,0,0,0,0,4.36347946e-05,-7.17947842e-06,0,0,0,0,0,0
192,192,714.0071,21.9537066,0,0,26.8256799,0,0,0,0,4.3431337e-05,-7.36643642e-06,0,0,0,0,0,0
193,193,714.0471,21.9192017,0,0,26.8762108,0,0,0,0,4.32903325e-05,-7.44007548e-06,0,0,0,0,0,0
194,194,714.087,21.804856,0,0,26.7050128,0,0,0,0,4.31455446e-05,-7.50267418e-06,0,0,0,0,0,0
195,195,714.1267,20.6284222,0,0,23.6453981,0,0,0,0,4.33539208e-05,-7.61947695e-06,0,0,0,0,0,0
196,196,714.1666,19.8147792,0,0,21.7762483,0,0,0,0,4.29460524e-05,-8.55057351e-06,0,0,0,0,0,0
197,197,714.2067,18.8858781,0,0,19.7907819,0,0,0,0,4.24702812e-05,-9.65212712e-06,0,0,0,0,0,0
198,198,714.2467,22.6968594,0,0,30,0,0,0,0,3.99137789e-05,-1.09213543e-05,0,0,0,0,0,0
199,199,714.2849,22.68771,0,0,30,0,0,0,0,4.05047285e-05,-8.77504681e-06,0,0,0,0,0,0
200,200,714.3232,23.4591843,0,0,30,0,0,0,0,3.98161465e-05,-7.60680769e-06,0,0,0,0,0,0
201,201,714.4269,23.9078488,0,0,30,0,0,0,0,4.88350524e-05,-6.42735995e-06,0,0,0,0,0,0
202,202,714.4666,23.9383822,0,0,30,0,0,0,0,4.82126306e-05,-5.4779025e-06,0,0,0,0,0,0
203,203,714.5045,24.0419708,0,0,30,0,0,0,0,4.90878374e-05,-4.96092844e-06,0,0,0,0,0,0
204,204,714.5419,23.9266186,0,0,30,0,0,0,0,4.66982638e-05,-4.62043681e-06,0,0,0,0,0,0
205,205,714.5824,23.9257507,0,0,30,0,0,0,0,4.61665986e-05,-4.53131543e-06,0,0,0,0,0,0
206,206,714.6182,23.9128064,0,0,30,0,0,0,0,4.56213565e-05,-4.48987203e-06,0,0,0,0,0,0
207,207,714.6545,23.9546306,0,0,30,0,0,0,0,4.56409944e-05,-4.47945877e-06,0,0,0,0,0,0
208,208,714.6894,23.9639156,0,0,30,0,0,0,0,4.55070367e-05,-4.44395209e-06,0,0,0,0,0,0
209,209,714.7245,23.9728962,0,0,30,0,0,0,0,4.5398443e-05,-4.41829616e-06,0,0,0,0,0,0
210,210,714.7588,23.9666053,0,0,30,0,0,0,0,4.52922322e-05,-4.39831092e-06,0,0,0,0,0,0
211,211,714.792,23.9680881,0,0,30,0,0,0,0,4.51895176e-05,-4.39258474e-06,0,0,0,0,0,0
212,212,714.8259,23.9692932,0,0,30,0,0,0,0,4.51138039e-05,-4.38872075e-06,0,0,0,0,0,0
213,213,714.859,23.9736757,0,0,30,0,0,0,0,4.50343177e-05,-4.38588449e-06,0,0,0,0,0,0
214,214,714.8923,23.9753488,0,0,30,0,0,0,0,4.49938998e-05,-4.38119332e-06,0,0,0,0,0,0
215,215,714.934,23.9765144,0,0,30,0,0,0,0,4.49611107e-05,-4.37747622e-06,0,0,0,0,0,0
216,216,714.9761,23.9765395,0,0,30,0,0,0,0,4.4946948e-05,-4.37467588e-06,0,0,0,0,0,0
217,217,715.0099,23.9770415,0,0,30,0,0,0,0,4.49247636e-05,-4.37320432e-06,0,0,0,0,0,0
218,218,715.0422,23.9775039,0,0,30,0,0,0,0,4.4906923e-05,-4.37208519e-06,0,0,0,0,0,0
219,219,715.0745,23.9780901,0,0,30,0,0,0,0,4.48881474e-05,-4.3711666e-06,0,0,0,0,0,0
220,220,715.1066,23.9784121,0,0,30,0,0,0,0,4.48778119e-05,-4.3702571e-06,0,0,0,0,0,0
221,221,715.1372,23.9786345,0,0,30,0,0,0,0,4.48700521e-05,-4.3695436e-06,0,0,0,0,0,0
222,222,715.1676,23.9787509,0,0,30,0,0,0,0,4.4865581e-05,-4.36900928e-06,0,0,0,0,0,0
223,223,715.198,23.9788792,0,0,30,0,0,0,0,4.48604078e-05,-4.36864639e-06,0,0,0,0,0,0
224,224,715.2285,23.9789891,0,0,30,0,0,0,0,4.48561186e-05,-4.36836353e-06,0,0,0,0,0,0
225,225,715.2589,23.9790892,0,0,30,0,0,0,0,4.48522151e-05,-4.36813662e-06,0,0,0,0,0,0
226,226,715.2895,23.9791564,0,0,30,0,0,0,0,4.48497267e-05,-4.36794426e-06,0,0,0,0,0,0
227,227,715.3203,23.9792055,0,0,30,0,0,0,0,4.48478604e-05,-4.3677951e-06,0,0,0,0,0,0
228,228,715.351,23.9792402,0,0,30,0,0,0,0,4.48465544e-05,-4.36768096e-06,0,0,0,0,0,0
229,229,715.3829,23.9792702,0,0,30,0,0,0,0,4.48453284e-05,-4.36759638e-06,0,0,0,0,0,0
230,230,715.4132,23.9792947,0,0,30,0,0,0,0,4.48443243e-05,-4.36752998e-06,0,0,0,0,0,0
231,231,715.4436,23.9793146,0,0,30,0,0,0,0,4.48434876e-05,-4.3674786e-06,0,0,0,0,0,0
232,232,715.473,23.9793294,0,0,30,0,0,0,0,4.48428946e-05,-4.36743676e-06,0,0,0,0,0,0
233,233,715.5022,23.9793404,0,0,30,0,0,0,0,4.48424435e-05,-4.36740356e-06,0,0,0,0,0,0
234,234,715.5322,23.9793488,0,0,30,0,0,0,0,4.48421015e-05,-4.36737901e-06,0,0,0,0,0,0
235,235,715.5613,23.9793556,0,0,30,0,0,0,0,4.48418141e-05,-4.36735945e-06,0,0,0,0,0,0
236,236,715.5902,23.979361,0,0,30,0,0,0,0,4.48415776e-05,-4.36734535e-06,0,0,0,0,0,0
237,237,715.6189,23.9793653,0,0,30,0,0,0,0,4.48413921e-05,-4.36733353e-06,0,0,0,0,0,0
238,238,715.6477,23.9793685,0,0,30,0,0,0,0,4.48412502e-05,-4.36732489e-06,0,0,0,0,0,0
239,239,715.6763,23.979371,0,0,30,0,0,0,0,4.48411447e-05,-4.36731716e-06,0,0,0,0,0,0
240,240,715.7046,23.9793729,0,0,30,0,0,0,0,4.48410574e-05,-4.36731216e-06,0,0,0,0,0,0
241,241,715.7329,23.9793744,0,0,30,0,0,0,0,4.48409919e-05,-4.36730807e-06,0,0,0,0,0,0
242,242,715.7614,23.9793756,0,0,30,0,0,0,0,4.48409373e-05,-4.36730443e-06,0,0,0,0,0,0
243,243,715.7896,23.9793765,0,0,30,0,0,0,0,4.48408937e-05,-4.36730124e-06,0,0,0,0,0,0
244,244,715.8176,23.9793772,0,0,30,0,0,0,0,4.48408609e-05,-4.36729943e-06,0,0,0,0,0,0
245,245,715.8452,23.9793778,0,0,30,0,0,0,0,4.48408391e-05,-4.36729715e-06,0,0,0,0,0,0
246,246,715.8732,23.9793782,0,0,30,0,0,0,0,4.48408136e-05,-4.36729579e-06,0,0,0,0,0,0
247,247,715.9013,23.9793785,0,0,30,0,0,0,0,4.48408027e-05,-4.36729533e-06,0,0,0,0,0,0
248,248,715.9295,23.9793788,0,0,30,0,0,0,0,4.48407882e-05,-4.36729488e-06,0,0,0,0,0,0
249,249,715.9573,23.979379,0,0,30,0,0,0,0,4.48407773e-05,-4.36729351e-06,0,0,0,0,0,0
250,250,715.9847,23.9793792,0,0,30,0,0,0,0,4.484077e-05,-4.3672926e-06,0,0,0,0,0,0
251,251,716.0116,23.9793793,0,0,30,0,0,0,0,4.48407663e-05,-4.36729215e-06,0,0,0,0,0,0
252,252,716.0385,23.9793794,0,0,30,0,0,0,0,4.48407591e-05,-4.36729169e-06,0,0,0,0,0,0
253,253,716.0652,23.9793795,0,0,30,0,0,0,0,4.48407554e-05,-4.36729169e-06,0,0,0,0,0,0
254,254,716.0921,23.9793795,0,0,30,0,0,0,0,4.48407518e-05,-4.36729169e-06,0,0,0,0,0,0
255,255,716.1189,23.9793796,0,0,30,0,0,0,0,4.48407482e-05,-4.36729169e-06,0,0,0,0,0,0
256,256,716.1455,23.9793796,0,0,30,0,0,0,0,4.48407482e-05,-4.36729169e-06,0,0,0,0,0,0
257,257,716.1725,23.9793797,0,0,30,0,0,0,0,4.48407482e-05,-4.36729169e-06,0,0,0,0,0,0
258,258,716.1996,23.9793797,0,0,30,0,0,0,0,4.48407445e-05,-4.36729169e-06,0,0,0,0,0,0
259,259,716.2266,23.9793797,0,0,30,0,0,0,0,4.48407445e-05,-4.36729169e-06,0,0,0,0,0,0
260,260,716.2536,23.9793797,0,0,30,0,0,0,0,4.48407445e-05,-4.36729169e-06,0,0,0,0,0,0
261,261,716.2804,23.9793798,0,0,30,0,0,0,0,4.48407445e-05,-4.36729169e-06,0,0,0,0,0,0
262,262,716.3073,23.9793798,0,0,30,0,0,0,0,4.48407445e-05,-4.36729169e-06,0,0,0,0,0,0
263,263,716.3341,23.9793798,0,0,30,0,0,0,0,4.48407409e-05,-4.36729169e-06,0,0,0,0,0,0
264,264,716.3608,23.9793798,0,0,30,0,0,0,0,4.48407409e-05,-4.36729169e-06,0,0,0,0,0,0
265,265,716.3874,23.9793798,0,0,30,0,0,0,0,4.48407409e-05,-4.36729169e-06,0,0,0,0,0,0
266,266,716.4141,23.9793798,0,0,30,0,0,0,0,4.48407409e-05,-4.36729169e-06,0,0,0,0,0,0
267,267,716.4408,23.9793798,0,0,30,0,0,0,0,4.48407409e-05,-4.36729169e-06,0,0,0,0,0,0
268,268,716.4677,23.9793798,0,0,30,0,0,0,0,4.48407409e-05,-4.36729169e-06,0,0,0,0,0,0
269,269,716.4947,23.9793798,0,0,30,0,0,0,0,4.48407409e-05,-4.36729169e-06,0,0,0,0,0,0
270,270,716.5226,23.9793798,0,0,30,0,0,0,0,4.48407409e-05,-4.36729169e-06,0,0,0,0,0,0
271,271,716.5501,23.9793798,0,0,30,0,0,0,0,4.48407409e-05,-4.36729169e-06,0,0,0,0,0,0
272,272,716.5771,23.9793798,0,0,30,0,0,0,0,4.48407409e-05,-4.36729169e-06,0,0,0,0,0,0
273,273,716.6039,23.9793798,0,0,30,0,0,0,0,4.48407409e-05,-4.36729169e-06,0,0,0,0,0,0
274,274,716.6305,23.9793798,0,0,30,0,0,0,0,4.48407409e-05,-4.36729169e-06,0,0,0,0,0,0
275,275,716.6573,23.9793798,0,0,30,0,0,0,0,4.48407409e-05,-4.36729169e-06,0,0,0,0,0,0
276,276,716.6841,23.9793798,0,0,30,0,0,0,0,4.48407409e-05,-4.36729169e-06,0,0,0,0,0,0
277,277,716.7108,23.9793798,0,0,30,0,0,0,0,4.48407409e-05,-4.36729169e-06,0,0,0,0,0,0
278,278,716.7377,23.9793798,0,0,30,0,0,0,0,4.48407409e-05,-4.36729169e-06,0,0,0,0,0,0
279,279,716.7639,23.9793798,0,0,30,0,0,0,0,4.48407409e-05,-4.36729169e-06,0,0,0,0,0,0
280,280,716.7909,23.9793798,0,0,30,0,0,0,0,4.48407409e-05,-4.36729169e-06,0,0,0,0,0,0
281,281,716.8312,23.9791002,0,0,30,0,0,0,0,4.48407409e-05,-4.36729169e-06,0,0,0,0,0,0
282,282,716.8701,23.9787782,0,0,30,0,0,0,0,4.48406281e-05,-4.3674986e-06,0,0,0,0,0,0
283,283,716.919,23.9784185,0,0,30,0,0,0,0,4.48404862e-05,-4.3678474e-06,0,0,0,0,0,0
284,284,717.0284,23.9779686,0,0,30,0,0,0,0,4.48398059e-05,-4.36829896e-06,0,0,0,0,0,0
285,285,717.0709,23.9771623,0,0,30,0,0,0,0,4.48391474e-05,-4.36887058e-06,0,0,0,0,0,0
286,286,717.1129,23.9753256,0,0,30,0,0,0,0,4.48383762e-05,-4.3697687e-06,0,0,0,0,0,0
287,287,717.1528,23.9735882,0,0,30,0,0,0,0,4.48372521e-05,-4.37160224e-06,0,0,0,0,0,0
288,288,717.1923,23.9729884,0,0,30,0,0,0,0,4.48355531e-05,-4.37386097e-06,0,0,0,0,0,0
289,289,717.2333,23.968695,0,0,30,0,0,0,0,4.48326246e-05,-4.37549897e-06,0,0,0,0,0,0
290,290,717.2757,23.960059,0,0,30,0,0,0,0,4.48290957e-05,-4.37952303e-06,0,0,0,0,0,0
291,291,717.3208,23.9436141,0,0,30,0,0,0,0,4.48263563e-05,-4.38804773e-06,0,0,0,0,0,0
292,292,717.3608,23.9310749,0,0,30,0,0,0,0,4.48136416e-05,-4.40474059e-06,0,0,0,0,0,0
293,293,717.4001,23.9212343,0,0,30,0,0,0,0,4.47953753e-05,-4.42289684e-06,0,0,0,0,0,0
294,294,717.4393,23.9079252,0,0,30,0,0,0,0,4.47662896e-05,-4.43974113e-06,0,0,0,0,0,0
295,295,717.4787,23.8342321,0,0,30,0,0,0,0,4.47509592e-05,-4.45840033e-06,0,0,0,0,0,0
296,296,717.5182,23.667683,0,0,30,0,0,0,0,4.4720513e-05,-4.52265567e-06,0,0,0,0,0,0
297,297,717.5577,23.3723226,0,0,30,0,0,0,0,4.46471677e-05,-4.68007738e-06,0,0,0,0,0,0
298,298,717.5961,23.0084579,0,0,30,0,0,0,0,4.44032667e-05,-4.98237296e-06,0,0,0,0,0,0
299,299,717.6331,22.431221,0,0,28.6368703,0,0,0,0,4.39805626e-05,-5.41220879e-06,0,0,0,0,0,0
300,300,717.6698,21.3641213,0,0,26.2127906,0,0,0,0,4.32957931e-05,-6.06653248e-06,0,0,0,0,0,0
301,301,717.7631,21.4076341,0,0,26.2687675,0,0,0,0,4.24159407e-05,-7.20191701e-06,0,0,0,0,0,0
302,302,717.7984,21.413863,0,0,26.2287113,0,0,0,0,4.17108786e-05,-7.77314835e-06,0,0,0,0,0,0
303,303,717.8335,21.3330728,0,0,26.0071728,0,0,0,0,4.03494778e-05,-8.06162279e-06,0,0,0,0,0,0
304,304,717.87,21.3221762,0,0,25.9902248,0,0,0,0,4.13680245e-05,-8.26696305e-06,0,0,0,0,0,0
305,305,717.9092,21.3206545,0,0,25.9951472,0,0,0,0,4.21442164e-05,-8.3802006e-06,0,0,0,0,0,0
306,306,717.9557,21.3314277,0,0,26.0219877,0,0,0,0,4.27633131e-05,-8.43878843e-06,0,0,0,0,0,0
307,307,717.9895,21.3275581,0,0,26.0066942,0,0,0,0,4.27758096e-05,-8.46031435e-06,0,0,0,0,0,0
308,308,718.026,21.3216665,0,0,25.9876976,0,0,0,0,4.28001185e-05,-8.47363572e-06,0,0,0,0,0,0
309,309,718.0593,21.3150189,0,0,25.9694235,0,0,0,0,4.2848962e-05,-8.48466698e-06,0,0,0,0,0,0
310,310,718.0938,21.3123204,0,0,25.9624763,0,0,0,0,4.299383e-05,-8.49525986e-06,0,0,0,0,0,0
311,311,718.1267,21.3108355,0,0,25.9584585,0,0,0,0,4.30982582e-05,-8.50277866e-06,0,0,0,0,0,0
312,312,718.1589,21.3098834,0,0,25.9554111,0,0,0,0,4.31660046e-05,-8.50776723e-06,0,0,0,0,0,0
313,313,718.1921,21.3085533,0,0,25.9513351,0,0,0,0,4.31949265e-05,-8.51103778e-06,0,0,0,0,0,0
314,314,718.2248,21.3073435,0,0,25.947769,0,0,0,0,4.32218403e-05,-8.51369896e-06,0,0,0,0,0,0
315,315,718.2572,21.3063705,0,0,25.9450078,0,0,0,0,4.32480447e-05,-8.51597088e-06,0,0,0,0,0,0
316,316,718.2892,21.3057253,0,0,25.9431767,0,0,0,0,4.32742818e-05,-8.51787263e-06,0,0,0,0,0,0
317,317,718.3228,21.3052469,0,0,25.9417909,0,0,0,0,4.32933812e-05,-8.51933873e-06,0,0,0,0,0,0
318,318,718.3556,21.3048629,0,0,25.9406575,0,0,0,0,4.33068526e-05,-8.52045287e-06,0,0,0,0,0,0
319,319,718.3908,21.3045308,0,0,25.939682,0,0,0,0,4.33161804e-05,-8.52131325e-06,0,0,0,0,0,0
320,320,718.4222,21.3042611,0,0,25.9388974,0,0,0,0,4.33240639e-05,-8.52200446e-06,0,0,0,0,0,0
321,321,718.4543,21.3040499,0,0,25.9382872,0,0,0,0,4.33307432e-05,-8.5225638e-06,0,0,0,0,0,0
322,322,718.4877,21.3038886,0,0,25.9378202,0,0,0,0,4.33362984e-05,-8.52300946e-06,0,0,0,0,0,0
323,323,718.5219,21.3037621,0,0,25.937452,0,0,0,0,4.33405003e-05,-8.52336052e-06,0,0,0,0,0,0
324,324,718.5554,21.3036609,0,0,25.9371567,0,0,0,0,4.33436799e-05,-8.52363519e-06,0,0,0,0,0,0
325,325,718.5888,21.3035794,0,0,25.9369193,0,0,0,0,4.33461137e-05,-8.52385256e-06,0,0,0,0,0,0
326,326,718.6204,21.3035146,0,0,25.9367309,0,0,0,0,4.33480927e-05,-8.52402627e-06,0,0,0,0,0,0
327,327,718.6535,21.3034635,0,0,25.9365826,0,0,0,0,4.33496898e-05,-8.52416451e-06,0,0,0,0,0,0
328,328,718.6866,21.3034233,0,0,25.9364657,0,0,0,0,4.33509631e-05,-8.52427365e-06,0,0,0,0,0,0
329,329,718.7198,21.3033914,0,0,25.9363731,0,0,0,0,4.3351949e-05,-8.52436006e-06,0,0,0,0,0,0
330,330,718.7532,21.3033661,0,0,25.9362995,0,0,0,0,4.3352713e-05,-8.52442918e-06,0,0,0,0,0,0
331,331,718.7866,21.303346,0,0,25.936241,0,0,0,0,4.33533169e-05,-8.52448284e-06,0,0,0,0,0,0
332,332,718.821,21.3033301,0,0,25.9361947,0,0,0,0,4.33537971e-05,-8.52452558e-06,0,0,0,0,0,0
333,333,718.8509,21.3033175,0,0,25.9361579,0,0,0,0,4.33541791e-05,-8.52456014e-06,0,0,0,0,0,0
334,334,718.8807,21.3033075,0,0,25.9361289,0,0,0,0,4.3354481e-05,-8.52458652e-06,0,0,0,0,0,0
335,335,718.9349,21.3032996,0,0,25.936106,0,0,0,0,4.33547175e-05,-8.52460835e-06,0,0,0,0,0,0
336,336,718.9467,21.3032933,0,0,25.9360877,0,0,0,0,4.3354903e-05,-8.52462563e-06,0,0,0,0,0,0
337,337,718.9769,21.3032883,0,0,25.9360732,0,0,0,0,4.33550449e-05,-8.52463836e-06,0,0,0,0,0,0
338,338,719.0142,21.3032844,0,0,25.9360618,0,0,0,0,4.3355165e-05,-8.52464927e-06,0,0,0,0,0,0
339,339,719.0452,21.3032813,0,0,25.9360527,0,0,0,0,4.33552559e-05,-8.52465837e-06,0,0,0,0,0,0
340,340,719.0776,21.3032788,0,0,25.9360455,0,0,0,0,4.33553287e-05,-8.52466383e-06,0,0,0,0,0,0
341,341,719.1095,21.3032769,0,0,25.9360398,0,0,0,0,4.33553832e-05,-8.52467019e-06,0,0,0,0,0,0
342,342,719.1414,21.3032753,0,0,25.9360353,0,0,0,0,4.33554305e-05,-8.52467474e-06,0,0,0,0,0,0
343,343,719.1732,21.3032741,0,0,25.9360318,0,0,0,0,4.33554633e-05,-8.52467656e-06,0,0,0,0,0,0
344,344,719.2049,21.3032731,0,0,25.9360289,0,0,0,0,4.33554924e-05,-8.52467929e-06,0,0,0,0,0,0
345,345,719.2344,21.3032723,0,0,25.9360267,0,0,0,0,4.33555178e-05,-8.52468202e-06,0,0,0,0,0,0
346,346,719.2631,21.3032717,0,0,25.9360249,0,0,0,0,4.33555324e-05,-8.52468384e-06,0,0,0,0,0,0
347,347,719.2922,21.3032713,0,0,25.9360235,0,0,0,0,4.33555469e-05,-8.52468384e-06,0,0,0,0,0,0
348,348,719.3208,21.3032709,0,0,25.9360224,0,0,0,0,4.33555579e-05,-8.52468565e-06,0,0,0,0,0,0
349,349,719.3503,21.3032706,0,0,25.9360215,0,0,0,0,4.33555688e-05,-8.52468656e-06,0,0,0,0,0,0
350,350,719.3819,21.3032703,0,0,25.9360208,0,0,0,0,4.33555724e-05,-8.52468747e-06,0,0,0,0,0,0
351,351,719.4105,21.3032701,0,0,25.9360203,0,0,0,0,4.33555797e-05,-8.52468747e-06,0,0,0,0,0,0
352,352,719.4415,21.30327,0,0,25.9360198,0,0,0,0,4.33555833e-05,-8.52468747e-06,0,0,0,0,0,0
353,353,719.4723,21.3032699,0,0,25.9360195,0,0,0,0,4.3355587e-05,-8.52468747e-06,0,0,0,0,0,0
354,354,719.5043,21.3032698,0,0,25.9360192,0,0,0,0,4.33555906e-05,-8.52468838e-06,0,0,0,0,0,0
355,355,719.5325,21.3032697,0,0,25.936019,0,0,0,0,4.33555906e-05,-8.52468838e-06,0,0,0,0,0,0
356,356,719.5617,21.3032696,0,0,25.9360188,0,0,0,0,4.33555942e-05,-8.52468838e-06,0,0,0,0,0,0
357,357,719.5902,21.3032696,0,0,25.9360186,0,0,0,0,4.33555942e-05,-8.52468838e-06,0,0,0,0,0,0
358,358,719.6189,21.3032695,0,0,25.9360186,0,0,0,0,4.33555942e-05,-8.52468838e-06,0,0,0,0,0,0
359,359,719.6495,21.3032695,0,0,25.9360185,0,0,0,0,4.33555979e-05,-8.52468838e-06,0,0,0,0,0,0
360,360,719.6819,21.3032695,0,0,25.9360184,0,0,0,0,4.33555979e-05,-8.52468838e-06,0,0,0,0,0,0
361,361,719.7123,21.3032695,0,0,25.9360183,0,0,0,0,4.33555979e-05,-8.52468838e-06,0,0,0,0,0,0
362,362,719.7409,21.3032695,0,0,25.9360183,0,0,0,0,4.33555979e-05,-8.52468838e-06,0,0,0,0,0,0
363,363,719.7689,21.3032694,0,0,25.9360183,0,0,0,0,4.33555979e-05,-8.52468838e-06,0,0,0,0,0,0
364,364,719.7965,21.3032694,0,0,25.9360182,0,0,0,0,4.33555979e-05,-8.52468838e-06,0,0,0,0,0,0
365,365,719.8243,21.3032694,0,0,25.9360182,0,0,0,0,4.33555979e-05,-8.52468838e-06,0,0,0,0,0,0
366,366,719.8519,21.3032694,0,0,25.9360182,0,0,0,0,4.33555979e-05,-8.52468838e-06,0,0,0,0,0,0
367,367,719.8796,21.3032694,0,0,25.9360182,0,0,0,0,4.33555979e-05,-8.52468838e-06,0,0,0,0,0,0
368,368,719.9073,21.3032694,0,0,25.9360182,0,0,0,0,4.33555979e-05,-8.52468838e-06,0,0,0,0,0,0
369,369,719.9366,21.3032694,0,0,25.9360181,0,0,0,0,4.33555979e-05,-8.52468838e-06,0,0,0,0,0,0
370,370,719.9642,21.3032694,0,0,25.9360181,0,0,0,0,4.33555979e-05,-8.52468838e-06,0,0,0,0,0,0
371,371,719.9921,21.3032694,0,0,25.9360181,0,0,0,0,4.33555979e-05,-8.52468838e-06,0,0,0,0,0,0
372,372,720.0198,21.3032694,0,0,25.9360181,0,0,0,0,4.33555979e-05,-8.52468838e-06,0,0,0,0,0,0
373,373,720.0476,21.3032694,0,0,25.9360181,0,0,0,0,4.33555979e-05,-8.52468838e-06,0,0,0,0,0,0
374,374,720.076,21.3032694,0,0,25.9360181,0,0,0,0,4.33555979e-05,-8.52468838e-06,0,0,0,0,0,0
375,375,720.104,21.3032694,0,0,25.9360181,0,0,0,0,4.33555979e-05,-8.52468838e-06,0,0,0,0,0,0
376,376,720.1318,21.3032694,0,0,25.9360181,0,0,0,0,4.33555979e-05,-8.52468838e-06,0,0,0,0,0,0
377,377,720.1596,21.3032694,0,0,25.9360181,0,0,0,0,4.33555979e-05,-8.52468838e-06,0,0,0,0,0,0
378,378,720.1872,21.3032694,0,0,25.9360181,0,0,0,0,4.33555979e-05,-8.52468838e-06,0,0,0,0,0,0
379,379,720.216,21.3032694,0,0,25.9360181,0,0,0,0,4.33555979e-05,-8.52468838e-06,0,0,0,0,0,0
380,380,720.2469,21.3032694,0,0,25.9360181,0,0,0,0,4.33555979e-05,-8.52468838e-06,0,0,0,0,0,0
381,381,720.2913,21.3126704,0,0,25.952235,0,0,0,0,4.33555979e-05,-8.52468838e-06,0,0,0,0,0,0
382,382,720.3331,21.3245458,0,0,25.9730951,0,0,0,0,4.33593741e-05,-8.51774348e-06,0,0,0,0,0,0
383,383,720.3748,21.3412739,0,0,26.0050527,0,0,0,0,4.33645582e-05,-8.50522611e-06,0,0,0,0,0,0
384,384,720.4161,21.3647127,0,0,26.0511597,0,0,0,0,4.33892856e-05,-8.48619675e-06,0,0,0,0,0,0
385,385,720.4575,21.3935827,0,0,26.1065344,0,0,0,0,4.34171307e-05,-8.45878185e-06,0,0,0,0,0,0
386,386,720.4988,21.4192707,0,0,26.1462591,0,0,0,0,4.34520844e-05,-8.4229232e-06,0,0,0,0,0,0
387,387,720.5402,21.4479318,0,0,26.1876099,0,0,0,0,4.34884132e-05,-8.3849809e-06,0,0,0,0,0,0
388,388,720.5812,21.4893569,0,0,26.2572552,0,0,0,0,4.35290494e-05,-8.34384264e-06,0,0,0,0,0,0
389,389,720.6246,21.593277,0,0,26.4887173,0,0,0,0,4.35604452e-05,-8.29160035e-06,0,0,0,0,0,0
390,390,720.6677,21.7279877,0,0,26.7835228,0,0,0,0,4.36186347e-05,-8.18724857e-06,0,0,0,0,0,0
391,391,720.7107,21.8736901,0,0,27.0778698,0,0,0,0,4.37108138e-05,-8.03219154e-06,0,0,0,0,0,0
392,392,720.7539,21.8146842,0,0,26.7803021,0,0,0,0,4.39200121e-05,-7.84229996e-06,0,0,0,0,0,0
393,393,720.7968,21.7975579,0,0,26.6038397,0,0,0,0,4.40684998e-05,-7.7855866e-06,0,0,0,0,0,0
394,394,720.84,21.8794069,0,0,26.7185479,0,0,0,0,4.4199347e-05,-7.77029163e-06,0,0,0,0,0,0
395,395,720.8831,23.1574116,0,0,30,0,0,0,0,4.39270334e-05,-7.70281713e-06,0,0,0,0,0,0
396,396,720.9263,24.1825993,0,0,30,0,0,0,0,4.4284734e-05,-6.72269289e-06,0,0,0,0,0,0
397,397,720.9693,25.345708,0,0,30,0,0,0,0,4.48201172e-05,-5.43772148e-06,0,0,0,0,0,0
398,398,721.0127,21.1503114,0,0,22.9329682,0,0,0,0,4.77212707e-05,-3.89697379e-06,0,0,0,0,0,0
399,399,721.0535,21.115815,0,0,22.9240157,0,0,0,0,4.73838409e-05,-6.18308013e-06,0,0,0,0,0,0
400,400,721.0938,20.3907027,0,0,21.4902915,0,0,0,0,4.83657313e-05,-7.46251908e-06,0,0,0,0,0,0
401,401,721.1957,20.1508132,0,0,20.7886407,0,0,0,0,3.83888e-05,-8.66688697e-06,0,0,0,0,0,0
402,402,721.2337,20.1638163,0,0,20.8104701,0,0,0,0,3.89522284e-05,-9.47409444e-06,0,0,0,0,0,0
403,403,721.2727,20.0834582,0,0,20.6226415,0,0,0,0,3.81654645e-05,-9.88159991e-06,0,0,0,0,0,0
404,404,721.3081,20.1253836,0,0,20.7426854,0,0,0,0,4.12440277e-05,-1.01473897e-05,0,0,0,0,0,0
405,405,721.3432,20.1181612,0,0,20.720103,0,0,0,0,4.17772426e-05,-1.02520662e-05,0,0,0,0,0,0
406,406,721.3781,20.1216353,0,0,20.7199421,0,0,0,0,4.22458143e-05,-1.03090797e-05,0,0,0,0,0,0
407,407,721.4216,20.1040072,0,0,20.6686259,0,0,0,0,4.18242707e-05,-1.0334983e-05,0,0,0,0,0,0
408,408,721.4547,20.0969979,0,0,20.648967,0,0,0,0,4.19318058e-05,-1.03608081e-05,0,0,0,0,0,0
409,409,721.4895,20.0905481,0,0,20.6322114,0,0,0,0,4.20448087e-05,-1.03793527e-05,0,0,0,0,0,0
410,410,721.5269,20.0890352,0,0,20.6277417,0,0,0,0,4.23070705e-05,-1.03936964e-05,0,0,0,0,0,0
411,411,721.5616,20.086426,0,0,20.6198617,0,0,0,0,4.24047794e-05,-1.04022402e-05,0,0,0,0,0,0
412,412,721.594,20.0842858,0,0,20.6132217,0,0,0,0,4.24667924e-05,-1.0408542e-05,0,0,0,0,0,0
413,413,721.6265,20.0819271,0,0,20.6063875,0,0,0,0,4.24762438e-05,-1.04133705e-05,0,0,0,0,0,0
414,414,721.6587,20.0803408,0,0,20.6018574,0,0,0,0,4.2511947e-05,-1.04176115e-05,0,0,0,0,0,0
415,415,721.6912,20.0791378,0,0,20.5984417,0,0,0,0,4.25455983e-05,-1.04209903e-05,0,0,0,0,0,0
416,416,721.7248,20.0783016,0,0,20.5959999,0,0,0,0,4.2581516e-05,-1.04236342e-05,0,0,0,0,0,0
417,417,721.7568,20.077578,0,0,20.5938733,0,0,0,0,4.26023762e-05,-1.04256242e-05,0,0,0,0,0,0
418,418,721.7888,20.0769858,0,0,20.5921347,0,0,0,0,4.26171136e-05,-1.04271903e-05,0,0,0,0,0,0
419,419,721.8207,20.0764961,0,0,20.5907138,0,0,0,0,4.26265069e-05,-1.04284391e-05,0,0,0,0,0,0
420,420,721.8526,20.0761215,0,0,20.5896299,0,0,0,0,4.26359875e-05,-1.04294495e-05,0,0,0,0,0,0
421,421,721.8854,20.0758297,0,0,20.5887847,0,0,0,0,4.26440274e-05,-1.04302508e-05,0,0,0,0,0,0
422,422,721.9196,20.0756019,0,0,20.5881212,0,0,0,0,4.26509396e-05,-1.0430882e-05,0,0,0,0,0,0
423,423,721.9533,20.0754184,0,0,20.587586,0,0,0,0,4.26558327e-05,-1.04313785e-05,0,0,0,0,0,0
424,424,721.9844,20.0752716,0,0,20.5871586,0,0,0,0,4.26595361e-05,-1.04317714e-05,0,0,0,0,0,0
425,425,722.0154,20.0751548,0,0,20.5868192,0,0,0,0,4.26623228e-05,-1.04320843e-05,0,0,0,0,0,0
426,426,722.0463,20.0750629,0,0,20.5865523,0,0,0,0,4.26646911e-05,-1.04323326e-05,0,0,0,0,0,0
427,427,722.0772,20.0749904,0,0,20.5863416,0,0,0,0,4.26666156e-05,-1.04325291e-05,0,0,0,0,0,0
428,428,722.1083,20.074933,0,0,20.5861746,0,0,0,0,4.26681727e-05,-1.04326846e-05,0,0,0,0,0,0
429,429,722.142,20.0748874,0,0,20.5860418,0,0,0,0,4.2669355e-05,-1.04328092e-05,0,0,0,0,0,0
430,430,722.1754,20.0748511,0,0,20.5859364,0,0,0,0,4.26702754e-05,-1.04329056e-05,0,0,0,0,0,0
431,431,722.2194,20.0757283,0,0,20.5874771,0,0,0,0,4.26709921e-05,-1.04329829e-05,0,0,0,0,0,0
432,432,722.2617,20.0772034,0,0,20.5901219,0,0,0,0,4.26719416e-05,-1.04323763e-05,0,0,0,0,0,0
433,433,722.3012,20.0795617,0,0,20.5943989,0,0,0,0,4.26730512e-05,-1.04309565e-05,0,0,0,0,0,0
434,434,722.3407,20.0823568,0,0,20.5995988,0,0,0,0,4.26761217e-05,-1.04284572e-05,0,0,0,0,0,0
435,435,722.3774,20.0856693,0,0,20.6058113,0,0,0,0,4.26800107e-05,-1.04250603e-05,0,0,0,0,0,0
436,436,722.4159,20.089508,0,0,20.6128746,0,0,0,0,4.26851002e-05,-1.04208157e-05,0,0,0,0,0,0
437,437,722.4547,20.0941359,0,0,20.6212464,0,0,0,0,4.2689906e-05,-1.04157361e-05,0,0,0,0,0,0
438,438,722.4916,20.1000189,0,0,20.632096,0,0,0,0,4.26949991e-05,-1.0409638e-05,0,0,0,0,0,0
439,439,722.5284,20.1085775,0,0,20.6492166,0,0,0,0,4.27005216e-05,-1.04020737e-05,0,0,0,0,0,0
440,440,722.5652,20.1203568,0,0,20.6739249,0,0,0,0,4.27079467e-05,-1.03917582e-05,0,0,0,0,0,0
441,441,722.603,20.1354684,0,0,20.7065508,0,0,0,0,4.27181585e-05,-1.03775992e-05,0,0,0,0,0,0
442,442,722.6399,20.150489,0,0,20.7386574,0,0,0,0,4.27335508e-05,-1.03589437e-05,0,0,0,0,0,0
443,443,722.6766,20.1693862,0,0,20.7846231,0,0,0,0,4.2752632e-05,-1.03379798e-05,0,0,0,0,0,0
444,444,722.7132,20.199846,0,0,20.8727168,0,0,0,0,4.27759878e-05,-1.03129732e-05,0,0,0,0,0,0
445,445,722.7508,20.2735653,0,0,21.103309,0,0,0,0,4.27992236e-05,-1.02772829e-05,0,0,0,0,0,0
446,446,722.7905,20.3944075,0,0,21.5094537,0,0,0,0,4.28439562e-05,-1.02039285e-05,0,0,0,0,0,0
447,447,722.8301,20.5885369,0,0,22.2038222,0,0,0,0,4.29266802e-05,-1.00755869e-05,0,0,0,0,0,0
448,448,722.8695,20.8210291,0,0,23.1360878,0,0,0,0,4.31147091e-05,-9.86391206e-06,0,0,0,0,0,0
449,449,722.9087,21.3360756,0,0,24.9001852,0,0,0,0,4.33819296e-05,-9.57969678e-06,0,0,0,0,0,0
450,450,722.9456,22.4029046,0,0,27.3446235,0,0,0,0,4.38549214e-05,-9.04873195e-06,0,0,0,0,0,0
451,451,722.9805,22.3780007,0,0,27.3456464,0,0,0,0,4.45498263e-05,-7.97815028e-06,0,0,0,0,0,0
452,452,723.0153,22.3843688,0,0,27.4165716,0,0,0,0,4.52771492e-05,-7.42627208e-06,0,0,0,0,0,0
453,453,723.0505,22.4660914,0,0,27.637334,0,0,0,0,4.67952232e-05,-7.13777263e-06,0,0,0,0,0,0
454,454,723.0854,22.4753004,0,0,27.6496613,0,0,0,0,4.59314251e-05,-6.93124821e-06,0,0,0,0,0,0
455,455,723.1202,22.4771747,0,0,27.6474226,0,0,0,0,4.52120221e-05,-6.81851043e-06,0,0,0,0,0,0
456,456,723.1538,22.4690402,0,0,27.6290868,0,0,0,0,4.45751139e-05,-6.75991942e-06,0,0,0,0,0,0
457,457,723.1878,22.4755758,0,0,27.6520373,0,0,0,0,4.45370533e-05,-6.73643399e-06,0,0,0,0,0,0
458,458,723.2258,22.4831738,0,0,27.6756333,0,0,0,0,4.45170044e-05,-6.720084e-06,0,0,0,0,0,0
459,459,723.2628,22.490691,0,0,27.6962831,0,0,0,0,4.44939178e-05,-6.70618238e-06,0,0,0,0,0,0
460,460,723.2963,22.4940003,0,0,27.7050527,0,0,0,0,4.43718018e-05,-6.69343899e-06,0,0,0,0,0,0
461,461,723.3297,22.4960889,0,0,27.7109121,0,0,0,0,4.42757482e-05,-6.68435086e-06,0,0,0,0,0,0
462,462,723.362,22.4976269,0,0,27.7156934,0,0,0,0,4.42064957e-05,-6.67810446e-06,0,0,0,0,0,0
463,463,723.3944,22.4994321,0,0,27.7211373,0,0,0,0,4.41754783e-05,-6.67374752e-06,0,0,0,0,0,0
464,464,723.4266,22.5009883,0,0,27.7256913,0,0,0,0,4.41498887e-05,-6.67017002e-06,0,0,0,0,0,0
465,465,723.4589,22.5022134,0,0,27.7291802,0,0,0,0,4.41270531e-05,-6.6671646e-06,0,0,0,0,0,0
466,466,723.4912,22.503058,0,0,27.7315951,0,0,0,0,4.4103439e-05,-6.66469714e-06,0,0,0,0,0,0
467,467,723.5231,22.503702,0,0,27.7334667,0,0,0,0,4.40852455e-05,-6.66278947e-06,0,0,0,0,0,0
468,468,723.555,22.5042218,0,0,27.7349961,0,0,0,0,4.40716394e-05,-6.66132382e-06,0,0,0,0,0,0
469,469,723.5867,22.5046613,0,0,27.7362827,0,0,0,0,4.40621661e-05,-6.66018059e-06,0,0,0,0,0,0
470,470,723.6187,22.5050143,0,0,27.7373086,0,0,0,0,4.40544682e-05,-6.65926245e-06,0,0,0,0,0,0
471,471,723.6504,22.5052905,0,0,27.7381077,0,0,0,0,4.40481272e-05,-6.65852485e-06,0,0,0,0,0,0
472,472,723.6812,22.5055034,0,0,27.7387251,0,0,0,0,4.40427975e-05,-6.65793777e-06,0,0,0,0,0,0
473,473,723.7121,22.5056714,0,0,27.739214,0,0,0,0,4.40386393e-05,-6.65747621e-06,0,0,0,0,0,0
474,474,723.743,22.5058056,0,0,27.7396052,0,0,0,0,4.40354124e-05,-6.65711286e-06,0,0,0,0,0,0
475,475,723.7744,22.5059132,0,0,27.7399184,0,0,0,0,4.40329277e-05,-6.6568241e-06,0,0,0,0,0,0
476,476,723.7994,22.5059986,0,0,27.7401666,0,0,0,0,4.40309414e-05,-6.65659536e-06,0,0,0,0,0,0
477,477,723.8346,22.5060659,0,0,27.7403622,0,0,0,0,4.40293516e-05,-6.65641346e-06,0,0,0,0,0,0
478,478,723.8672,22.506119,0,0,27.7405166,0,0,0,0,4.4028071e-05,-6.65626931e-06,0,0,0,0,0,0
479,479,723.8977,22.5061611,0,0,27.7406391,0,0,0,0,4.40270633e-05,-6.65615516e-06,0,0,0,0,0,0
480,480,723.9283,22.5061945,0,0,27.7407363,0,0,0,0,4.40262702e-05,-6.65606512e-06,0,0,0,0,0,0
481,481,723.959,22.5062211,0,0,27.7408135,0,0,0,0,4.40256445e-05,-6.65599282e-06,0,0,0,0,0,0
482,482,723.9897,22.5062421,0,0,27.7408747,0,0,0,0,4.40251497e-05,-6.65593552e-06,0,0,0,0,0,0
483,483,724.0208,22.5062588,0,0,27.7409231,0,0,0,0,4.40247568e-05,-6.6558905e-06,0,0,0,0,0,0
484,484,724.0511,22.5062719,0,0,27.7409614,0,0,0,0,4.40244439e-05,-6.65585594e-06,0,0,0,0,0,0
485,485,724.0809,22.5062824,0,0,27.7409919,0,0,0,0,4.40241929e-05,-6.65582775e-06,0,0,0,0,0,0
486,486,724.1106,22.5062907,0,0,27.7410159,0,0,0,0,4.40239965e-05,-6.65580501e-06,0,0,0,0,0,0
487,487,724.1404,22.5062972,0,0,27.741035,0,0,0,0,4.402384e-05,-6.65578727e-06,0,0,0,0,0,0
488,488,724.1694,22.5063025,0,0,27.7410502,0,0,0,0,4.402372e-05,-6.65577272e-06,0,0,0,0,0,0
489,489,724.1989,22.5063066,0,0,27.7410621,0,0,0,0,4.40236217e-05,-6.65576226e-06,0,0,0,0,0,0
490,490,724.2281,22.5063098,0,0,27.7410716,0,0,0,0,4.40235453e-05,-6.65575408e-06,0,0,0,0,0,0
491,491,724.2574,22.5063124,0,0,27.7410792,0,0,0,0,4.40234799e-05,-6.6557468e-06,0,0,0,0,0,0
492,492,724.2867,22.5063145,0,0,27.7410851,0,0,0,0,4.40234326e-05,-6.65574044e-06,0,0,0,0,0,0
493,493,724.3159,22.5063161,0,0,27.7410898,0,0,0,0,4.40233962e-05,-6.65573543e-06,0,0,0,0,0,0
494,494,724.345,22.5063174,0,0,27.7410936,0,0,0,0,4.40233671e-05,-6.65573316e-06,0,0,0,0,0,0
495,495,724.3743,22.5063184,0,0,27.7410965,0,0,0,0,4.40233416e-05,-6.65573043e-06,0,0,0,0,0,0
496,496,724.4037,22.5063192,0,0,27.7410989,0,0,0,0,4.40233198e-05,-6.6557277e-06,0,0,0,0,0,0
497,497,724.4335,22.5063198,0,0,27.7411007,0,0,0,0,4.40233052e-05,-6.65572634e-06,0,0,0,0,0,0
498,498,724.4631,22.5063204,0,0,27.7411022,0,0,0,0,4.40232943e-05,-6.65572543e-06,0,0,0,0,0,0
499,499,724.4921,22.5063208,0,0,27.7411034,0,0,0,0,4.4023287e-05,-6.65572361e-06,0,0,0,0,0,0
500,500,724.5209,22.5063211,0,0,27.7411043,0,0,0,0,4.40232761e-05,-6.6557227e-06,0,0,0,0,0,0
501,501,724.6142,22.5063213,0,0,27.741105,0,0,0,0,4.40232725e-05,-6.65572225e-06,0,0,0,0,0,0
502,502,724.6364,22.5063215,0,0,27.7411056,0,0,0,0,4.40232652e-05,-6.65572179e-06,0,0,0,0,0,0
503,503,724.6708,22.5063217,0,0,27.7411061,0,0,0,0,4.40232616e-05,-6.65572179e-06,0,0,0,0,0,0
504,504,724.7011,22.5063218,0,0,27.7411064,0,0,0,0,4.40232579e-05,-6.65572179e-06,0,0,0,0,0,0
505,505,724.7319,22.5063219,0,0,27.7411067,0,0,0,0,4.40232579e-05,-6.65572179e-06,0,0,0,0,0,0
506,506,724.7606,22.506322,0,0,27.741107,0,0,0,0,4.40232543e-05,-6.65572179e-06,0,0,0,0,0,0
507,507,724.7888,22.5063221,0,0,27.7411072,0,0,0,0,4.40232543e-05,-6.65572043e-06,0,0,0,0,0,0
508,508,724.8174,22.5063221,0,0,27.7411073,0,0,0,0,4.40232543e-05,-6.65571952e-06,0,0,0,0,0,0
509,509,724.8452,22.5063221,0,0,27.7411074,0,0,0,0,4.40232543e-05,-6.65571906e-06,0,0,0,0,0,0
510,510,724.8735,22.5063222,0,0,27.7411075,0,0,0,0,4.40232543e-05,-6.65571906e-06,0,0,0,0,0,0
511,511,724.9014,22.5063222,0,0,27.7411076,0,0,0,0,4.40232543e-05,-6.65571861e-06,0,0,0,0,0,0
512,512,724.9291,22.5063222,0,0,27.7411076,0,0,0,0,4.40232507e-05,-6.65571861e-06,0,0,0,0,0,0
513,513,724.957,22.5063222,0,0,27.7411077,0,0,0,0,4.40232507e-05,-6.65571861e-06,0,0,0,0,0,0
514,514,724.9848,22.5063222,0,0,27.7411077,0,0,0,0,4.40232507e-05,-6.65571861e-06,0,0,0,0,0,0
515,515,725.0127,22.5063223,0,0,27.7411077,0,0,0,0,4.40232507e-05,-6.65571861e-06,0,0,0,0,0,0
516,516,725.0408,22.5063223,0,0,27.7411078,0,0,0,0,4.40232507e-05,-6.65571861e-06,0,0,0,0,0,0
517,517,725.0685,22.5063223,0,0,27.7411078,0,0,0,0,4.40232507e-05,-6.65571861e-06,0,0,0,0,0,0
518,518,725.0962,22.5063223,0,0,27.7411078,0,0,0,0,4.40232507e-05,-6.65571861e-06,0,0,0,0,0,0
519,519,725.1251,22.5063223,0,0,27.7411078,0,0,0,0,4.40232507e-05,-6.65571861e-06,0,0,0,0,0,0
520,520,725.1565,22.5063223,0,0,27.7411078,0,0,0,0,4.40232507e-05,-6.65571861e-06,0,0,0,0,0,0
521,521,725.1873,22.5063223,0,0,27.7411078,0,0,0,0,4.40232507e-05,-6.65571861e-06,0,0,0,0,0,0
522,522,725.2192,22.5063223,0,0,27.7411078,0,0,0,0,4.40232507e-05,-6.65571861e-06,0,0,0,0,0,0
523,523,725.249,22.5063223,0,0,27.7411078,0,0,0,0,4.40232507e-05,-6.65571861e-06,0,0,0,0,0,0
524,524,725.2771,22.5063223,0,0,27.7411078,0,0,0,0,4.40232507e-05,-6.65571861e-06,0,0,0,0,0,0
525,525,725.305,22.5063223,0,0,27.7411078,0,0,0,0,4.40232507e-05,-6.65571861e-06,0,0,0,0,0,0
526,526,725.3336,22.5063223,0,0,27.7411078,0,0,0,0,4.40232507e-05,-6.65571861e-06,0,0,0,0,0,0
527,527,725.3615,22.5063223,0,0,27.7411078,0,0,0,0,4.40232507e-05,-6.65571861e-06,0,0,0,0,0,0
528,528,725.3893,22.5063223,0,0,27.7411079,0,0,0,0,4.40232507e-05,-6.65571861e-06,0,0,0,0,0,0
529,529,725.4171,22.5063223,0,0,27.7411079,0,0,0,0,4.40232507e-05,-6.65571861e-06,0,0,0,0,0,0
530,530,725.4449,22.5063223,0,0,27.7411079,0,0,0,0,4.40232507e-05,-6.65571861e-06,0,0,0,0,0,0
531,531,725.4726,22.5063223,0,0,27.7411079,0,0,0,0,4.40232507e-05,-6.65571861e-06,0,0,0,0,0,0
532,532,725.5004,22.5063223,0,0,27.7411079,0,0,0,0,4.40232507e-05,-6.65571861e-06,0,0,0,0,0,0
533,533,725.5282,22.5063223,0,0,27.7411079,0,0,0,0,4.40232507e-05,-6.65571861e-06,0,0,0,0,0,0
534,534,725.556,22.5063223,0,0,27.7411079,0,0,0,0,4.40232507e-05,-6.65571861e-06,0,0,0,0,0,0
535,535,725.5837,22.5063223,0,0,27.7411079,0,0,0,0,4.40232507e-05,-6.65571861e-06,0,0,0,0,0,0
536,536,725.6114,22.5063223,0,0,27.7411079,0,0,0,0,4.40232507e-05,-6.65571861e-06,0,0,0,0,0,0
537,537,725.6391,22.5063223,0,0,27.7411079,0,0,0,0,4.40232507e-05,-6.65571861e-06,0,0,0,0,0,0
538,538,725.6669,22.5063223,0,0,27.7411079,0,0,0,0,4.40232507e-05,-6.65571861e-06,0,0,0,0,0,0
539,539,725.6947,22.5063223,0,0,27.7411079,0,0,0,0,4.40232507e-05,-6.65571861e-06,0,0,0,0,0,0
540,540,725.7225,22.5063223,0,0,27.7411079,0,0,0,0,4.40232507e-05,-6.65571861e-06,0,0,0,0,0,0
541,541,725.7503,22.5063223,0,0,27.7411079,0,0,0,0,4.40232507e-05,-6.65571861e-06,0,0,0,0,0,0
542,542,725.7781,22.5063223,0,0,27.7411079,0,0,0,0,4.40232507e-05,-6.65571861e-06,0,0,0,0,0,0
543,543,725.8059,22.5063223,0,0,27.7411079,0,0,0,0,4.40232507e-05,-6.65571861e-06,0,0,0,0,0,0
544,544,725.8344,22.5063223,0,0,27.7411079,0,0,0,0,4.40232507e-05,-6.65571861e-06,0,0,0,0,0,0
545,545,725.8623,22.5063223,0,0,27.7411079,0,0,0,0,4.40232507e-05,-6.65571861e-06,0,0,0,0,0,0
546,546,725.8902,22.5063223,0,0,27.7411079,0,0,0,0,4.40232507e-05,-6.65571861e-06,0,0,0,0,0,0
547,547,725.9181,22.5063223,0,0,27.7411079,0,0,0,0,4.40232507e-05,-6.65571861e-06,0,0,0,0,0,0
548,548,725.946,22.5063223,0,0,27.7411079,0,0,0,0,4.40232507e-05,-6.65571861e-06,0,0,0,0,0,0
549,549,725.9737,22.5063223,0,0,27.7411079,0,0,0,0,4.40232507e-05,-6.65571861e-06,0,0,0,0,0,0
550,550,726.0026,22.5063223,0,0,27.7411079,0,0,0,0,4.40232507e-05,-6.65571861e-06,0,0,0,0,0,0
551,551,726.0334,22.5063223,0,0,27.7411079,0,0,0,0,4.40232507e-05,-6.65571861e-06,0,0,0,0,0,0
552,552,726.0635,22.5063223,0,0,27.7411079,0,0,0,0,4.40232507e-05,-6.65571861e-06,0,0,0,0,0,0
553,553,726.0916,22.5063223,0,0,27.7411079,0,0,0,0,4.40232507e-05,-6.65571861e-06,0,0,0,0,0,0
554,554,726.1195,22.5063223,0,0,27.7411079,0,0,0,0,4.40232507e-05,-6.65571861e-06,0,0,0,0,0,0
555,555,726.1473,22.5063223,0,0,27.7411079,0,0,0,0,4.40232507e-05,-6.65571861e-06,0,0,0,0,0,0
556,556,726.1751,22.5063223,0,0,27.7411079,0,0,0,0,4.40232507e-05,-6.65571861e-06,0,0,0,0,0,0
557,557,726.2031,22.5063223,0,0,27.7411079,0,0,0,0,4.40232507e-05,-6.65571861e-06,0,0,0,0,0,0
558,558,726.2309,22.5063223,0,0,27.7411079,0,0,0,0,4.40232507e-05,-6.65571861e-06,0,0,0,0,0,0
559,559,726.2588,22.5063223,0,0,27.7411079,0,0,0,0,4.40232507e-05,-6.65571861e-06,0,0,0,0,0,0
560,560,726.2865,22.5063223,0,0,27.7411079,0,0,0,0,4.40232507e-05,-6.65571861e-06,0,0,0,0,0,0
561,561,726.3145,22.5063223,0,0,27.7411079,0,0,0,0,4.40232507e-05,-6.65571861e-06,0,0,0,0,0,0
562,562,726.3425,22.5063223,0,0,27.7411079,0,0,0,0,4.40232507e-05,-6.65571861e-06,0,0,0,0,0,0
563,563,726.3705,22.5063223,0,0,27.7411079,0,0,0,0,4.40232507e-05,-6.65571861e-06,0,0,0,0,0,0
564,564,726.3983,22.5063223,0,0,27.7411079,0,0,0,0,4.40232507e-05,-6.65571861e-06,0,0,0,0,0,0
565,565,726.4261,22.5063223,0,0,27.7411079,0,0,0,0,4.40232507e-05,-6.65571861e-06,0,0,0,0,0,0
566,566,726.4539,22.5063223,0,0,27.7411079,0,0,0,0,4.40232507e-05,-6.65571861e-06,0,0,0,0,0,0
567,567,726.4817,22.5063223,0,0,27.7411079,0,0,0,0,4.40232507e-05,-6.65571861e-06,0,0,0,0,0,0
568,568,726.5094,22.5063223,0,0,27.7411079,0,0,0,0,4.40232507e-05,-6.65571861e-06,0,0,0,0,0,0
569,569,726.5384,22.5063223,0,0,27.7411079,0,0,0,0,4.40232507e-05,-6.65571861e-06,0,0,0,0,0,0
570,570,726.5666,22.5063223,0,0,27.7411079,0,0,0,0,4.40232507e-05,-6.65571861e-06,0,0,0,0,0,0
571,571,726.5946,22.5063223,0,0,27.7411079,0,0,0,0,4.40232507e-05,-6.65571861e-06,0,0,0,0,0,0
572,572,726.6226,22.5063223,0,0,27.7411079,0,0,0,0,4.40232507e-05,-6.65571861e-06,0,0,0,0,0,0
573,573,726.6511,22.5063223,0,0,27.7411079,0,0,0,0,4.40232507e-05,-6.65571861e-06,0,0,0,0,0,0
574,574,726.6792,22.5063223,0,0,27.7411079,0,0,0,0,4.40232507e-05,-6.65571861e-06,0,0,0,0,0,0
575,575,726.7073,22.5063223,0,0,27.7411079,0,0,0,0,4.40232507e-05,-6.65571861e-06,0,0,0,0,0,0
576,576,726.7351,22.5063223,0,0,27.7411079,0,0,0,0,4.40232507e-05,-6.65571861e-06,0,0,0,0,0,0
577,577,726.7631,22.5063223,0,0,27.7411079,0,0,0,0,4.40232507e-05,-6.65571861e-06,0,0,0,0,0,0
578,578,726.7908,22.5063223,0,0,27.7411079,0,0,0,0,4.40232507e-05,-6.65571861e-06,0,0,0,0,0,0
579,579,726.8185,22.5063223,0,0,27.7411079,0,0,0,0,4.40232507e-05,-6.65571861e-06,0,0,0,0,0,0
580,580,726.8464,22.5063223,0,0,27.7411079,0,0,0,0,4.40232507e-05,-6.65571861e-06,0,0,0,0,0,0
581,581,726.8865,22.4942187,0,0,27.7199676,0,0,0,0,4.40232507e-05,-6.65571861e-06,0,0,0,0,0,0
582,582,726.9277,22.4796864,0,0,27.6941308,0,0,0,0,4.40183867e-05,-6.66466121e-06,0,0,0,0,0,0
583,583,726.9677,22.4602932,0,0,27.6573391,0,0,0,0,4.40120202e-05,-6.68021903e-06,0,0,0,0,0,0
584,584,727.0076,22.4347727,0,0,27.607849,0,0,0,0,4.39810719e-05,-6.70283362e-06,0,0,0,0,0,0
585,585,727.0478,22.4026642,0,0,27.5469604,0,0,0,0,4.39485957e-05,-6.73368049e-06,0,0,0,0,0,0
586,586,727.0885,22.3710885,0,0,27.4955318,0,0,0,0,4.39094656e-05,-6.77373055e-06,0,0,0,0,0,0
587,587,727.1281,22.334446,0,0,27.437487,0,0,0,0,4.38709176e-05,-6.81823258e-06,0,0,0,0,0,0
588,588,727.1677,22.2833205,0,0,27.348247,0,0,0,0,4.38247116e-05,-6.86874591e-06,0,0,0,0,0,0
589,589,727.2064,22.1732724,0,0,27.1092013,0,0,0,0,4.37823946e-05,-6.93311995e-06,0,0,0,0,0,0
590,590,727.245,22.0353179,0,0,26.8163165,0,0,0,0,4.37116541e-05,-7.04841386e-06,0,0,0,0,0,0
591,591,727.2836,21.8819958,0,0,26.512264,0,0,0,0,4.36079681e-05,-7.2116004e-06,0,0,0,0,0,0
592,592,727.3222,21.9024788,0,0,26.7157342,0,0,0,0,4.33959431e-05,-7.41134181e-06,0,0,0,0,0,0
593,593,727.3607,21.8550286,0,0,26.7306554,0,0,0,0,4.32382039e-05,-7.50169829e-06,0,0,0,0,0,0
594,594,727.4028,21.7103092,0,0,26.4636858,0,0,0,0,4.30767614e-05,-7.58269925e-06,0,0,0,0,0,0
595,595,727.4414,20.4801251,0,0,23.2179741,0,0,0,0,4.32587585e-05,-7.73163356e-06,0,0,0,0,0,0
596,596,727.48,19.545504,0,0,20.9260032,0,0,0,0,4.28205349e-05,-8.71950397e-06,0,0,0,0,0,0
597,597,727.5188,18.4596659,0,0,18.3259543,0,0,0,0,4.22560588e-05,-9.94062248e-06,0,0,0,0,0,0
598,598,727.5575,21.9739935,0,0,28.2878205,0,0,0,0,3.95602874e-05,-1.13895148e-05,0,0,0,0,0,0
599,599,727.5945,21.4510429,0,0,26.4177475,0,0,0,0,3.98455195e-05,-9.5577152e-06,0,0,0,0,0,0
600,600,727.6315,20.9926132,0,0,25.1570772,0,0,0,0,3.87436339e-05,-8.9362502e-06,0,0,0,0,0,0
601,601,727.7202,21.3423661,0,0,26.1077342,0,0,0,0,4.68499347e-05,-8.95613448e-06,0,0,0,0,0,0
602,602,727.7555,21.333826,0,0,26.0411632,0,0,0,0,4.54623914e-05,-8.71920747e-06,0,0,0,0,0,0
603,603,727.7906,21.3491302,0,0,26.0393527,0,0,0,0,4.44904217e-05,-8.59999182e-06,0,0,0,0,0,0
604,604,727.8258,21.2798886,0,0,25.8545469,0,0,0,0,4.28542735e-05,-8.52760695e-06,0,0,0,0,0,0
605,605,727.861,21.2825463,0,0,25.8739833,0,0,0,0,4.3115444e-05,-8.54181872e-06,0,0,0,0,0,0
606,606,727.8963,21.285783,0,0,25.8920257,0,0,0,0,4.33812129e-05,-8.54881182e-06,0,0,0,0,0,0
607,607,727.9301,21.3016258,0,0,25.9340983,0,0,0,0,4.36431765e-05,-8.55032249e-06,0,0,0,0,0,0
608,608,727.9634,21.3024972,0,0,25.9337142,0,0,0,0,4.35384973e-05,-8.53938309e-06,0,0,0,0,0,0
609,609,727.9968,21.3021123,0,0,25.9310691,0,0,0,0,4.34338035e-05,-8.5328129e-06,0,0,0,0,0,0
610,610,728.0362,21.2998123,0,0,25.9253715,0,0,0,0,4.33682944e-05,-8.52967332e-06,0,0,0,0,0,0
611,611,728.0714,21.3004366,0,0,25.9278825,0,0,0,0,4.33792302e-05,-8.52978155e-06,0,0,0,0,0,0
612,612,728.1039,21.3012878,0,0,25.9306147,0,0,0,0,4.33927999e-05,-8.52943776e-06,0,0,0,0,0,0
613,613,728.1363,21.3022241,0,0,25.9330948,0,0,0,0,4.33936475e-05,-8.52863377e-06,0,0,0,0,0,0
614,614,728.1683,21.3024466,0,0,25.9335828,0,0,0,0,4.33817549e-05,-8.52751782e-06,0,0,0,0,0,0
615,615,728.1994,21.3025314,0,0,25.9337912,0,0,0,0,4.33715904e-05,-8.52676112e-06,0,0,0,0,0,0
616,616,728.2304,21.3025765,0,0,25.9339813,0,0,0,0,4.33670139e-05,-8.52630455e-06,0,0,0,0,0,0
617,617,728.2615,21.3027238,0,0,25.9344447,0,0,0,0,4.33658424e-05,-8.52603898e-06,0,0,0,0,0,0
618,618,728.2937,21.3028611,0,0,25.9348487,0,0,0,0,4.33649147e-05,-8.52579433e-06,0,0,0,0,0,0
619,619,728.3293,21.3029679,0,0,25.9351449,0,0,0,0,4.33631139e-05,-8.52556605e-06,0,0,0,0,0,0
620,620,728.3632,21.3030284,0,0,25.9353134,0,0,0,0,4.33612222e-05,-8.52536778e-06,0,0,0,0,0,0
621,621,728.3964,21.3030721,0,0,25.9354405,0,0,0,0,4.33597743e-05,-8.52521953e-06,0,0,0,0,0,0
622,622,728.4313,21.3031087,0,0,25.9355501,0,0,0,0,4.33589303e-05,-8.52511039e-06,0,0,0,0,0,0
623,623,728.4623,21.3031428,0,0,25.935651,0,0,0,0,4.33583373e-05,-8.52502671e-06,0,0,0,0,0,0
624,624,728.493,21.3031706,0,0,25.9357317,0,0,0,0,4.33578389e-05,-8.5249585e-06,0,0,0,0,0,0
625,625,728.5237,21.303192,0,0,25.9357931,0,0,0,0,4.33573623e-05,-8.52490211e-06,0,0,0,0,0,0
626,626,728.5547,21.3032078,0,0,25.9358388,0,0,0,0,4.33569694e-05,-8.52485664e-06,0,0,0,0,0,0
627,627,728.5872,21.3032203,0,0,25.935875,0,0,0,0,4.33566747e-05,-8.52482208e-06,0,0,0,0,0,0
628,628,728.6191,21.3032303,0,0,25.9359044,0,0,0,0,4.33564564e-05,-8.52479388e-06,0,0,0,0,0,0
629,629,728.6528,21.3032385,0,0,25.9359283,0,0,0,0,4.33562855e-05,-8.52477297e-06,0,0,0,0,0,0
630,630,728.6824,21.303245,0,0,25.9359471,0,0,0,0,4.33561472e-05,-8.52475569e-06,0,0,0,0,0,0
631,631,728.7117,21.3032501,0,0,25.935962,0,0,0,0,4.33560308e-05,-8.52474113e-06,0,0,0,0,0,0
632,632,728.741,21.3032541,0,0,25.9359735,0,0,0,0,4.33559399e-05,-8.52473113e-06,0,0,0,0,0,0
633,633,728.7704,21.3032572,0,0,25.9359827,0,0,0,0,4.33558707e-05,-8.52472294e-06,0,0,0,0,0,0
634,634,728.7996,21.3032598,0,0,25.9359901,0,0,0,0,4.33558125e-05,-8.52471658e-06,0,0,0,0,0,0
635,635,728.8288,21.3032618,0,0,25.9359959,0,0,0,0,4.33557689e-05,-8.52471112e-06,0,0,0,0,0,0
636,636,728.858,21.3032634,0,0,25.9360005,0,0,0,0,4.33557361e-05,-8.52470566e-06,0,0,0,0,0,0
637,637,728.8871,21.3032646,0,0,25.9360042,0,0,0,0,4.3355707e-05,-8.52470293e-06,0,0,0,0,0,0
638,638,728.9171,21.3032656,0,0,25.9360071,0,0,0,0,4.33556852e-05,-8.52470021e-06,0,0,0,0,0,0
639,639,728.9487,21.3032664,0,0,25.9360094,0,0,0,0,4.3355667e-05,-8.52469657e-06,0,0,0,0,0,0
640,640,728.9804,21.303267,0,0,25.9360112,0,0,0,0,4.33556525e-05,-8.52469566e-06,0,0,0,0,0,0
641,641,729.0117,21.3032675,0,0,25.9360126,0,0,0,0,4.33556415e-05,-8.52469475e-06,0,0,0,0,0,0
642,642,729.0432,21.3032679,0,0,25.9360137,0,0,0,0,4.33556343e-05,-8.52469293e-06,0,0,0,0,0,0
643,643,729.0744,21.3032682,0,0,25.9360147,0,0,0,0,4.33556233e-05,-8.52469202e-06,0,0,0,0,0,0
644,644,729.1062,21.3032685,0,0,25.9360154,0,0,0,0,4.33556233e-05,-8.52469111e-06,0,0,0,0,0,0
645,645,729.1371,21.3032686,0,0,25.9360159,0,0,0,0,4.33556161e-05,-8.52469111e-06,0,0,0,0,0,0
646,646,729.1679,21.3032688,0,0,25.9360164,0,0,0,0,4.33556124e-05,-8.52469111e-06,0,0,0,0,0,0
647,647,729.1962,21.3032689,0,0,25.9360167,0,0,0,0,4.33556088e-05,-8.52469111e-06,0,0,0,0,0,0
648,648,729.2244,21.303269,0,0,25.936017,0,0,0,0,4.33556052e-05,-8.52469111e-06,0,0,0,0,0,0
649,649,729.2527,21.3032691,0,0,25.9360172,0,0,0,0,4.33556052e-05,-8.52469111e-06,0,0,0,0,0,0
650,650,729.2813,21.3032692,0,0,25.9360174,0,0,0,0,4.33556015e-05,-8.52469111e-06,0,0,0,0,0,0
651,651,729.3093,21.3032692,0,0,25.9360176,0,0,0,0,4.33556015e-05,-8.52469111e-06,0,0,0,0,0,0
652,652,729.3371,21.3032692,0,0,25.9360177,0,0,0,0,4.33556015e-05,-8.52469111e-06,0,0,0,0,0,0
653,653,729.3684,21.3032693,0,0,25.9360177,0,0,0,0,4.33556015e-05,-8.52469111e-06,0,0,0,0,0,0
654,654,729.3961,21.3032693,0,0,25.9360178,0,0,0,0,4.33556015e-05,-8.52469111e-06,0,0,0,0,0,0
655,655,729.4238,21.3032693,0,0,25.9360179,0,0,0,0,4.33555979e-05,-8.52469111e-06,0,0,0,0,0,0
656,656,729.4526,21.3032693,0,0,25.9360179,0,0,0,0,4.33555979e-05,-8.52469111e-06,0,0,0,0,0,0
657,657,729.4829,21.3032693,0,0,25.936018,0,0,0,0,4.33555979e-05,-8.52469111e-06,0,0,0,0,0,0
658,658,729.5137,21.3032694,0,0,25.936018,0,0,0,0,4.33555979e-05,-8.52469111e-06,0,0,0,0,0,0
659,659,729.5444,21.3032694,0,0,25.936018,0,0,0,0,4.33555979e-05,-8.52469111e-06,0,0,0,0,0,0
660,660,729.5752,21.3032694,0,0,25.936018,0,0,0,0,4.33555979e-05,-8.52469111e-06,0,0,0,0,0,0
661,661,729.6055,21.3032694,0,0,25.9360181,0,0,0,0,4.33555979e-05,-8.52469111e-06,0,0,0,0,0,0
662,662,729.6367,21.3032694,0,0,25.9360181,0,0,0,0,4.33555979e-05,-8.52469111e-06,0,0,0,0,0,0
663,663,729.6671,21.3032694,0,0,25.9360181,0,0,0,0,4.33555979e-05,-8.52469111e-06,0,0,0,0,0,0
664,664,729.6972,21.3032694,0,0,25.9360181,0,0,0,0,4.33555979e-05,-8.52469111e-06,0,0,0,0,0,0
665,665,729.7258,21.3032694,0,0,25.9360181,0,0,0,0,4.33555979e-05,-8.52469111e-06,0,0,0,0,0,0
666,666,729.7744,21.3032694,0,0,25.9360181,0,0,0,0,4.33555979e-05,-8.52468929e-06,0,0,0,0,0,0
667,667,729.7843,21.3032694,0,0,25.9360181,0,0,0,0,4.33555979e-05,-8.52468838e-06,0,0,0,0,0,0
668,668,729.8129,21.3032694,0,0,25.9360181,0,0,0,0,4.33556015e-05,-8.52468838e-06,0,0,0,0,0,0
669,669,729.8474,21.3032694,0,0,25.9360181,0,0,0,0,4.33556015e-05,-8.52468838e-06,0,0,0,0,0,0
670,670,729.8766,21.3032694,0,0,25.9360181,0,0,0,0,4.33556015e-05,-8.52468838e-06,0,0,0,0,0,0
671,671,729.9067,21.3032694,0,0,25.9360181,0,0,0,0,4.33555979e-05,-8.52468838e-06,0,0,0,0,0,0
672,672,729.9357,21.3032694,0,0,25.9360181,0,0,0,0,4.33555979e-05,-8.52468838e-06,0,0,0,0,0,0
673,673,729.9636,21.3032694,0,0,25.9360181,0,0,0,0,4.33555979e-05,-8.52468838e-06,0,0,0,0,0,0
674,674,729.9947,21.3032694,0,0,25.9360181,0,0,0,0,4.33556015e-05,-8.52468838e-06,0,0,0,0,0,0
675,675,730.0225,21.3032694,0,0,25.9360181,0,0,0,0,4.33555979e-05,-8.52468838e-06,0,0,0,0,0,0
676,676,730.0503,21.3032694,0,0,25.9360181,0,0,0,0,4.33555979e-05,-8.52468838e-06,0,0,0,0,0,0
677,677,730.0782,21.3032694,0,0,25.9360181,0,0,0,0,4.33555979e-05,-8.52468838e-06,0,0,0,0,0,0
678,678,730.1063,21.3032694,0,0,25.9360181,0,0,0,0,4.33555979e-05,-8.52468838e-06,0,0,0,0,0,0
679,679,730.135,21.3032694,0,0,25.9360181,0,0,0,0,4.33555979e-05,-8.52468838e-06,0,0,0,0,0,0
680,680,730.1653,21.3032694,0,0,25.9360181,0,0,0,0,4.33555979e-05,-8.52468838e-06,0,0,0,0,0,0
681,681,730.1952,21.3032694,0,0,25.9360181,0,0,0,0,4.33555979e-05,-8.52468838e-06,0,0,0,0,0,0
682,682,730.223,21.3032694,0,0,25.9360181,0,0,0,0,4.33555979e-05,-8.52468838e-06,0,0,0,0,0,0
683,683,730.2507,21.3032694,0,0,25.9360181,0,0,0,0,4.33555979e-05,-8.52468838e-06,0,0,0,0,0,0
684,684,730.2783,21.3032694,0,0,25.9360181,0,0,0,0,4.33555979e-05,-8.52468838e-06,0,0,0,0,0,0
685,685,730.307,21.3032694,0,0,25.9360181,0,0,0,0,4.33555979e-05,-8.52468838e-06,0,0,0,0,0,0
686,686,730.3371,21.3032694,0,0,25.9360181,0,0,0,0,4.33555979e-05,-8.52468838e-06,0,0,0,0,0,0
687,687,730.3678,21.3032694,0,0,25.9360181,0,0,0,0,4.33555979e-05,-8.52468838e-06,0,0,0,0,0,0
688,688,730.3986,21.3032694,0,0,25.9360181,0,0,0,0,4.33555979e-05,-8.52468838e-06,0,0,0,0,0,0
689,689,730.4287,21.3032694,0,0,25.9360181,0,0,0,0,4.33555979e-05,-8.52468838e-06,0,0,0,0,0,0
690,690,730.4565,21.3032694,0,0,25.9360181,0,0,0,0,4.33555979e-05,-8.52468838e-06,0,0,0,0,0,0
691,691,730.4847,21.3032694,0,0,25.9360181,0,0,0,0,4.33555979e-05,-8.52468838e-06,0,0,0,0,0,0
692,692,730.5124,21.3032694,0,0,25.9360181,0,0,0,0,4.33555979e-05,-8.52468838e-06,0,0,0,0,0,0
693,693,730.5402,21.3032694,0,0,25.9360181,0,0,0,0,4.33555979e-05,-8.52468838e-06,0,0,0,0,0,0
694,694,730.5668,21.3032694,0,0,25.9360181,0,0,0,0,4.33555979e-05,-8.52468838e-06,0,0,0,0,0,0
695,695,730.5946,21.3032694,0,0,25.9360181,0,0,0,0,4.33555979e-05,-8.52468838e-06,0,0,0,0,0,0
696,696,730.6257,21.3032694,0,0,25.9360181,0,0,0,0,4.33555979e-05,-8.52468838e-06,0,0,0,0,0,0
697,697,730.6528,21.3032694,0,0,25.9360181,0,0,0,0,4.33555979e-05,-8.52468838e-06,0,0,0,0,0,0
698,698,730.6797,21.3032694,0,0,25.9360181,0,0,0,0,4.33555979e-05,-8.52468838e-06,0,0,0,0,0,0
699,699,730.7067,21.3032694,0,0,25.9360181,0,0,0,0,4.33555979e-05,-8.52468838e-06,0,0,0,0,0,0
700,700,730.7336,21.3032694,0,0,25.9360181,0,0,0,0,4.33555979e-05,-8.52468838e-06,0,0,0,0,0,0
701,701,730.8193,21.3032694,0,0,25.9360181,0,0,0,0,4.33555979e-05,-8.52468838e-06,0,0,0,0,0,0
702,702,730.8462,21.3032694,0,0,25.9360181,0,0,0,0,4.33555979e-05,-8.52468838e-06,0,0,0,0,0,0
703,703,730.8732,21.3032694,0,0,25.9360181,0,0,0,0,4.33555979e-05,-8.52468838e-06,0,0,0,0,0,0
704,704,730.9,21.3032694,0,0,25.9360181,0,0,0,0,4.33555979e-05,-8.52468838e-06,0,0,0,0,0,0
705,705,730.9268,21.3032694,0,0,25.9360181,0,0,0,0,4.33555979e-05,-8.52468838e-06,0,0,0,0,0,0
706,706,730.9535,21.3032694,0,0,25.9360181,0,0,0,0,4.33555979e-05,-8.52468838e-06,0,0,0,0,0,0
707,707,730.9803,21.3032694,0,0,25.9360181,0,0,0,0,4.33555979e-05,-8.52468838e-06,0,0,0,0,0,0
708,708,731.007,21.3032694,0,0,25.9360181,0,0,0,0,4.33555979e-05,-8.52468838e-06,0,0,0,0,0,0
709,709,731.0337,21.3032694,0,0,25.9360181,0,0,0,0,4.33555979e-05,-8.52468838e-06,0,0,0,0,0,0
710,710,731.0605,21.3032694,0,0,25.9360181,0,0,0,0,4.33555979e-05,-8.52468838e-06,0,0,0,0,0,0
711,711,731.0873,21.3032694,0,0,25.9360181,0,0,0,0,4.33555979e-05,-8.52468838e-06,0,0,0,0,0,0
712,712,731.1147,21.3032694,0,0,25.9360181,0,0,0,0,4.33555979e-05,-8.52468838e-06,0,0,0,0,0,0
713,713,731.139,21.3032694,0,0,25.9360181,0,0,0,0,4.33555979e-05,-8.52468838e-06,0,0,0,0,0,0
714,714,731.1672,21.3032694,0,0,25.9360181,0,0,0,0,4.33555979e-05,-8.52468838e-06,0,0,0,0,0,0
715,715,731.1939,21.3032694,0,0,25.9360181,0,0,0,0,4.33555979e-05,-8.52468838e-06,0,0,0,0,0,0
716,716,731.2209,21.3032694,0,0,25.9360181,0,0,0,0,4.33555979e-05,-8.52468838e-06,0,0,0,0,0,0
717,717,731.2474,21.3032694,0,0,25.9360181,0,0,0,0,4.33555979e-05,-8.52468838e-06,0,0,0,0,0,0
718,718,731.274,21.3032694,0,0,25.9360181,0,0,0,0,4.33555979e-05,-8.52468838e-06,0,0,0,0,0,0
719,719,731.3008,21.3032694,0,0,25.9360181,0,0,0,0,4.33555979e-05,-8.52468838e-06,0,0,0,0,0,0
720,720,731.3277,21.3032694,0,0,25.9360181,0,0,0,0,4.33555979e-05,-8.52468838e-06,0,0,0,0,0,0
721,721,731.3546,21.3032694,0,0,25.9360181,0,0,0,0,4.33555979e-05,-8.52468838e-06,0,0,0,0,0,0
722,722,731.3813,21.3032694,0,0,25.9360181,0,0,0,0,4.33555979e-05,-8.52468838e-06,0,0,0,0,0,0
723,723,731.4081,21.3032694,0,0,25.9360181,0,0,0,0,4.33555979e-05,-8.52468838e-06,0,0,0,0,0,0
724,724,731.4347,21.3032694,0,0,25.9360181,0,0,0,0,4.33555979e-05,-8.52468838e-06,0,0,0,0,0,0
725,725,731.4614,21.3032694,0,0,25.9360181,0,0,0,0,4.33555979e-05,-8.52468838e-06,0,0,0,0,0,0
726,726,731.4882,21.3032694,0,0,25.9360181,0,0,0,0,4.33555979e-05,-8.52468838e-06,0,0,0,0,0,0
727,727,731.5151,21.3032694,0,0,25.9360181,0,0,0,0,4.33555979e-05,-8.52468838e-06,0,0,0,0,0,0
728,728,731.5416,21.3032694,0,0,25.9360181,0,0,0,0,4.33555979e-05,-8.52468838e-06,0,0,0,0,0,0
729,729,731.5684,21.3032694,0,0,25.9360181,0,0,0,0,4.33555979e-05,-8.52468838e-06,0,0,0,0,0,0
730,730,731.5951,21.3032694,0,0,25.9360181,0,0,0,0,4.33555979e-05,-8.52468838e-06,0,0,0,0,0,0
731,731,731.6354,21.3037216,0,0,25.9368199,0,0,0,0,4.33555979e-05,-8.52468838e-06,0,0,0,0,0,0
732,732,731.6744,21.3043239,0,0,25.9379045,0,0,0,0,4.33557798e-05,-8.52435369e-06,0,0,0,0,0,0
733,733,731.7137,21.3051859,0,0,25.9394705,0,0,0,0,4.33560417e-05,-8.52372978e-06,0,0,0,0,0,0
734,734,731.7526,21.3066182,0,0,25.9421024,0,0,0,0,4.33572568e-05,-8.52276025e-06,0,0,0,0,0,0
735,735,731.7898,21.3087418,0,0,25.9459755,0,0,0,0,4.33587738e-05,-8.52118774e-06,0,0,0,0,0,0
736,736,731.8287,21.311262,0,0,25.9504822,0,0,0,0,4.33608584e-05,-8.51878212e-06,0,0,0,0,0,0
737,737,731.8677,21.3144503,0,0,25.9563393,0,0,0,0,4.33636851e-05,-8.51564528e-06,0,0,0,0,0,0
738,738,731.9067,21.3186229,0,0,25.9647327,0,0,0,0,4.33676068e-05,-8.51162986e-06,0,0,0,0,0,0
739,739,731.9469,21.3247709,0,0,25.9776684,0,0,0,0,4.33719688e-05,-8.50642573e-06,0,0,0,0,0,0
740,740,731.9861,21.3326859,0,0,25.9944669,0,0,0,0,4.33776113e-05,-8.4991334e-06,0,0,0,0,0,0
741,741,732.0252,21.3417519,0,0,26.0135568,0,0,0,0,4.33848909e-05,-8.48942636e-06,0,0,0,0,0,0
742,742,732.0643,21.3518899,0,0,26.0366234,0,0,0,0,4.33953719e-05,-8.47759384e-06,0,0,0,0,0,0
743,743,732.1034,21.367116,0,0,26.078468,0,0,0,0,4.34078538e-05,-8.46385592e-06,0,0,0,0,0,0
744,744,732.1425,21.4040049,0,0,26.1917002,0,0,0,0,4.34223221e-05,-8.44536498e-06,0,0,0,0,0,0
745,745,732.1816,21.4709081,0,0,26.4115019,0,0,0,0,4.34450085e-05,-8.40833673e-06,0,0,0,0,0,0
746,746,732.2206,21.5801837,0,0,26.7968545,0,0,0,0,4.34878675e-05,-8.33919876e-06,0,0,0,0,0,0
747,747,732.2597,21.7064941,0,0,27.3235885,0,0,0,0,4.35856782e-05,-8.2216693e-06,0,0,0,0,0,0
748,748,732.2988,21.9510065,0,0,28.3262358,0,0,0,0,4.3735381e-05,-8.06588014e-06,0,0,0,0,0,0
749,749,732.3377,22.470908,0,0,30,0,0,0,0,4.39867654e-05,-7.80277969e-06,0,0,0,0,0,0
750,750,732.3768,23.8590931,0,0,30,0,0,0,0,4.43391218e-05,-7.2789453e-06,0,0,0,0,0,0
751,751,732.4121,23.8604148,0,0,30,0,0,0,0,4.52266722e-05,-5.97439566e-06,0,0,0,0,0,0
752,752,732.4473,23.9255916,0,0,30,0,0,0,0,4.60148003e-05,-5.27683096e-06,0,0,0,0,0,0
753,753,732.4828,23.954111,0,0,30,0,0,0,0,4.82014366e-05,-4.86895988e-06,0,0,0,0,0,0
754,754,732.5166,23.9594535,0,0,30,0,0,0,0,4.72078791e-05,-4.63963624e-06,0,0,0,0,0,0
755,755,732.5529,23.9495565,0,0,30,0,0,0,0,4.64669283e-05,-4.51933147e-06,0,0,0,0,0,0
756,756,732.6433,23.9500279,0,0,30,0,0,0,0,4.54451838e-05,-4.46604145e-06,0,0,0,0,0,0
757,757,732.72,23.9563238,0,0,30,0,0,0,0,4.5388173e-05,-4.43929639e-06,0,0,0,0,0,0
758,758,732.7632,23.9651982,0,0,30,0,0,0,0,4.53250614e-05,-4.4213607e-06,0,0,0,0,0,0
759,759,732.7971,23.9698486,0,0,30,0,0,0,0,4.54043038e-05,-4.40569602e-06,0,0,0,0,0,0
760,760,732.8295,23.9717845,0,0,30,0,0,0,0,4.52645654e-05,-4.39414589e-06,0,0,0,0,0,0
761,761,732.8619,23.9723239,0,0,30,0,0,0,0,4.51618034e-05,-4.38674215e-06,0,0,0,0,0,0
762,762,732.8991,23.973448,0,0,30,0,0,0,0,4.50431799e-05,-4.38254028e-06,0,0,0,0,0,0
763,763,732.9315,23.9748352,0,0,30,0,0,0,0,4.50044499e-05,-4.37957215e-06,0,0,0,0,0,0
764,764,732.9638,23.9761637,0,0,30,0,0,0,0,4.49718209e-05,-4.37702374e-06,0,0,0,0,0,0
765,765,732.996,23.9769899,0,0,30,0,0,0,0,4.49574436e-05,-4.37471863e-06,0,0,0,0,0,0
766,766,733.0282,23.9774847,0,0,30,0,0,0,0,4.49315121e-05,-4.37290646e-06,0,0,0,0,0,0
767,767,733.0598,23.9778096,0,0,30,0,0,0,0,4.49117033e-05,-4.37159997e-06,0,0,0,0,0,0
768,768,733.0914,23.9781257,0,0,30,0,0,0,0,4.48927276e-05,-4.3706832e-06,0,0,0,0,0,0
769,769,733.123,23.9784153,0,0,30,0,0,0,0,4.48817154e-05,-4.36997652e-06,0,0,0,0,0,0
770,770,733.1533,23.9786551,0,0,30,0,0,0,0,4.4872937e-05,-4.36939763e-06,0,0,0,0,0,0
771,771,733.1838,23.9788234,0,0,30,0,0,0,0,4.48670762e-05,-4.36891969e-06,0,0,0,0,0,0
772,772,733.2143,23.9789421,0,0,30,0,0,0,0,4.48614337e-05,-4.36854725e-06,0,0,0,0,0,0
773,773,733.2447,23.9790311,0,0,30,0,0,0,0,4.48570136e-05,-4.36826531e-06,0,0,0,0,0,0
774,774,733.2749,23.9791061,0,0,30,0,0,0,0,4.48532264e-05,-4.36805431e-06,0,0,0,0,0,0
775,775,733.3053,23.9791681,0,0,30,0,0,0,0,4.4850527e-05,-4.36788878e-06,0,0,0,0,0,0
776,776,733.3357,23.9792171,0,0,30,0,0,0,0,4.48484061e-05,-4.36775781e-06,0,0,0,0,0,0
777,777,733.3661,23.9792536,0,0,30,0,0,0,0,4.48468454e-05,-4.36765322e-06,0,0,0,0,0,0
778,778,733.3958,23.979281,0,0,30,0,0,0,0,4.48455394e-05,-4.36757227e-06,0,0,0,0,0,0
779,779,733.4256,23.9793022,0,0,30,0,0,0,0,4.48445171e-05,-4.36751043e-06,0,0,0,0,0,0
780,780,733.4545,23.9793194,0,0,30,0,0,0,0,4.48436767e-05,-4.36746268e-06,0,0,0,0,0,0
781,781,733.4964,23.9876118,0,0,30,0,0,0,0,4.48430401e-05,-4.36742539e-06,0,0,0,0,0,0
782,782,733.5432,23.9995096,0,0,30,0,0,0,0,4.48458668e-05,-4.36127903e-06,0,0,0,0,0,0
783,783,733.5806,24.02571,0,0,30,0,0,0,0,4.48506253e-05,-4.34917547e-06,0,0,0,0,0,0
784,784,733.622,24.0562193,0,0,30,0,0,0,0,4.48767678e-05,-4.32336401e-06,0,0,0,0,0,0
785,785,733.6627,24.0913104,0,0,30,0,0,0,0,4.49081745e-05,-4.28706016e-06,0,0,0,0,0,0
786,786,733.7032,24.0965115,0,0,30,0,0,0,0,4.496373e-05,-4.24189011e-06,0,0,0,0,0,0
787,787,733.7438,24.1204708,0,0,30,0,0,0,0,4.50014959e-05,-4.2141819e-06,0,0,0,0,0,0
788,788,733.7843,24.1640885,0,0,30,0,0,0,0,4.50442349e-05,-4.18216678e-06,0,0,0,0,0,0
789,789,733.8251,24.3640566,0,0,30,0,0,0,0,4.50257648e-05,-4.13313683e-06,0,0,0,0,0,0
790,790,733.8659,24.5392892,0,0,30,0,0,0,0,4.51156811e-05,-3.95943334e-06,0,0,0,0,0,0
791,791,733.9065,24.7296725,0,0,30,0,0,0,0,4.52368986e-05,-3.73698276e-06,0,0,0,0,0,0
792,792,733.9471,24.4548038,0,0,30,0,0,0,0,4.5661156e-05,-3.4785196e-06,0,0,0,0,0,0
793,793,733.9877,24.4662627,0,0,30,0,0,0,0,4.57586939e-05,-3.5452606e-06,0,0,0,0,0,0
794,794,734.0284,24.5553693,0,0,30,0,0,0,0,4.59208568e-05,-3.57639988e-06,0,0,0,0,0,0
795,795,734.0691,26.5535938,0,0,30,0,0,0,0,4.51412961e-05,-3.52741858e-06,0,0,0,0,0,0
796,796,734.1098,27.5538972,0,0,30,0,0,0,0,4.58950381e-05,-2.02436399e-06,0,0,0,0,0,0
797,797,734.1505,28.7998412,0,0,30,0,0,0,0,4.64931327e-05,-4.75455408e-07,0,0,0,0,0,0
798,798,734.1911,23.5604715,0,0,29.8226506,0,0,0,0,5.09238671e-05,1.26293071e-06,0,0,0,0,0,0
799,799,734.2279,23.4626111,0,0,29.7241778,0,0,0,0,4.97666369e-05,-1.69224722e-06,0,0,0,0,0,0
800,800,734.2637,22.6024176,0,0,28.0639998,0,0,0,0,5.05866446e-05,-3.38245263e-06,0,0,0,0,0,0
801,801,734.353,22.5582769,0,0,27.9103605,0,0,0,0,3.80097372e-05,-4.90120283e-06,0,0,0,0,0,0
802,802,734.3871,22.5847484,0,0,27.9474161,0,0,0,0,3.90010682e-05,-5.72705312e-06,0,0,0,0,0,0
803,803,734.4211,22.520245,0,0,27.776137,0,0,0,0,3.8307433e-05,-6.1296696e-06,0,0,0,0,0,0
804,804,734.4552,22.5257507,0,0,27.7975833,0,0,0,0,4.27075502e-05,-6.37976746e-06,0,0,0,0,0,0
805,805,734.4887,22.5202214,0,0,27.7874724,0,0,0,0,4.32224624e-05,-6.50264155e-06,0,0,0,0,0,0
806,806,734.5212,22.5282082,0,0,27.8064567,0,0,0,0,4.37216404e-05,-6.56833799e-06,0,0,0,0,0,0
807,807,734.5534,22.5228341,0,0,27.7890364,0,0,0,0,4.2899439e-05,-6.5954091e-06,0,0,0,0,0,0
808,808,734.5856,22.5193889,0,0,27.7779079,0,0,0,0,4.30675973e-05,-6.61267131e-06,0,0,0,0,0,0
809,809,734.6176,22.5146649,0,0,27.7650753,0,0,0,0,4.32314919e-05,-6.62392131e-06,0,0,0,0,0,0
810,810,734.6493,22.5131661,0,0,27.7611253,0,0,0,0,4.36590344e-05,-6.63314268e-06,0,0,0,0,0,0
811,811,734.6804,22.5119064,0,0,27.7576219,0,0,0,0,4.3761891e-05,-6.63901847e-06,0,0,0,0,0,0
812,812,734.7116,22.5111602,0,0,27.7552371,0,0,0,0,4.38200368e-05,-6.64296658e-06,0,0,0,0,0,0
813,813,734.745,22.510108,0,0,27.7520797,0,0,0,0,4.37908348e-05,-6.645545e-06,0,0,0,0,0,0
814,814,734.775,22.5092672,0,0,27.7496131,0,0,0,0,4.38348143e-05,-6.64764548e-06,0,0,0,0,0,0
815,815,734.8058,22.5085757,0,0,27.7476513,0,0,0,0,4.38783754e-05,-6.64935305e-06,0,0,0,0,0,0
816,816,734.8366,22.5081214,0,0,27.7463513,0,0,0,0,4.39310534e-05,-6.6507514e-06,0,0,0,0,0,0
817,817,734.8674,22.5077645,0,0,27.7453147,0,0,0,0,4.39528158e-05,-6.65181324e-06,0,0,0,0,0,0
818,818,734.8981,22.507481,0,0,27.7444788,0,0,0,0,4.39665819e-05,-6.65262723e-06,0,0,0,0,0,0
819,819,734.9279,22.5072369,0,0,27.7437646,0,0,0,0,4.39727519e-05,-6.65325933e-06,0,0,0,0,0,0
820,820,734.9578,22.5070428,0,0,27.7432004,0,0,0,0,4.39832729e-05,-6.65376683e-06,0,0,0,0,0,0
821,821,734.9878,22.5068902,0,0,27.7427593,0,0,0,0,4.39925861e-05,-6.65417429e-06,0,0,0,0,0,0
822,822,735.0176,22.5067733,0,0,27.7424203,0,0,0,0,4.40010044e-05,-6.65449852e-06,0,0,0,0,0,0
823,823,735.0479,22.5066808,0,0,27.742151,0,0,0,0,4.4005923e-05,-6.65475318e-06,0,0,0,0,0,0
824,824,735.0878,22.5066069,0,0,27.7419356,0,0,0,0,4.40094336e-05,-6.65495236e-06,0,0,0,0,0,0
825,825,735.1398,22.5065476,0,0,27.7417629,0,0,0,0,4.40119111e-05,-6.65511106e-06,0,0,0,0,0,0
826,826,735.1747,22.5065006,0,0,27.7416262,0,0,0,0,4.40143449e-05,-6.65523703e-06,0,0,0,0,0,0
827,827,735.2074,22.5064635,0,0,27.7415185,0,0,0,0,4.40163567e-05,-6.65533753e-06,0,0,0,0,0,0
828,828,735.2374,22.5064342,0,0,27.7414335,0,0,0,0,4.40179938e-05,-6.65541666e-06,0,0,0,0,0,0
829,829,735.2675,22.5064111,0,0,27.7413661,0,0,0,0,4.40191325e-05,-6.65548032e-06,0,0,0,0,0,0
830,830,735.297,22.5063926,0,0,27.7413125,0,0,0,0,4.40199947e-05,-6.65552989e-06,0,0,0,0,0,0
831,831,735.3267,22.506378,0,0,27.7412699,0,0,0,0,4.40206531e-05,-6.65556854e-06,0,0,0,0,0,0
832,832,735.3679,22.5063664,0,0,27.7412362,0,0,0,0,4.40212134e-05,-6.65559992e-06,0,0,0,0,0,0
833,833,735.3817,22.5063573,0,0,27.7412096,0,0,0,0,4.40216645e-05,-6.65562447e-06,0,0,0,0,0,0
834,834,735.4112,22.50635,0,0,27.7411885,0,0,0,0,4.40220174e-05,-6.65564448e-06,0,0,0,0,0,0
835,835,735.4402,22.5063443,0,0,27.7411717,0,0,0,0,4.4022283e-05,-6.6556604e-06,0,0,0,0,0,0
836,836,735.4689,22.5063397,0,0,27.7411584,0,0,0,0,4.40224867e-05,-6.65567313e-06,0,0,0,0,0,0
837,837,735.4981,22.5063361,0,0,27.7411479,0,0,0,0,4.40226468e-05,-6.65568223e-06,0,0,0,0,0,0
838,838,735.5271,22.5063332,0,0,27.7411396,0,0,0,0,4.40227777e-05,-6.65568996e-06,0,0,0,0,0,0
839,839,735.5558,22.506331,0,0,27.741133,0,0,0,0,4.40228796e-05,-6.65569678e-06,0,0,0,0,0,0
840,840,735.5846,22.5063292,0,0,27.7411278,0,0,0,0,4.40229596e-05,-6.65570178e-06,0,0,0,0,0,0
841,841,735.6134,22.5063277,0,0,27.7411237,0,0,0,0,4.40230215e-05,-6.65570542e-06,0,0,0,0,0,0
842,842,735.6459,22.5063266,0,0,27.7411204,0,0,0,0,4.40230688e-05,-6.65570769e-06,0,0,0,0,0,0
843,843,735.6751,22.5063257,0,0,27.7411178,0,0,0,0,4.40231088e-05,-6.65570997e-06,0,0,0,0,0,0
844,844,735.7032,22.506325,0,0,27.7411157,0,0,0,0,4.40231415e-05,-6.6557127e-06,0,0,0,0,0,0
845,845,735.7315,22.5063244,0,0,27.7411141,0,0,0,0,4.40231634e-05,-6.65571406e-06,0,0,0,0,0,0
846,846,735.7597,22.506324,0,0,27.7411128,0,0,0,0,4.40231779e-05,-6.65571497e-06,0,0,0,0,0,0
847,847,735.7877,22.5063236,0,0,27.7411118,0,0,0,0,4.40231961e-05,-6.65571542e-06,0,0,0,0,0,0
848,848,735.816,22.5063234,0,0,27.741111,0,0,0,0,4.4023207e-05,-6.65571679e-06,0,0,0,0,0,0
849,849,735.8443,22.5063231,0,0,27.7411103,0,0,0,0,4.40232179e-05,-6.6557177e-06,0,0,0,0,0,0
850,850,735.8719,22.506323,0,0,27.7411098,0,0,0,0,4.40232216e-05,-6.65571815e-06,0,0,0,0,0,0
851,851,735.8996,22.5063228,0,0,27.7411094,0,0,0,0,4.40232288e-05,-6.65571861e-06,0,0,0,0,0,0
852,852,735.9272,22.5063227,0,0,27.7411091,0,0,0,0,4.40232325e-05,-6.65571861e-06,0,0,0,0,0,0
853,853,735.955,22.5063226,0,0,27.7411088,0,0,0,0,4.40232361e-05,-6.65571861e-06,0,0,0,0,0,0
854,854,735.9827,22.5063226,0,0,27.7411086,0,0,0,0,4.40232398e-05,-6.65571861e-06,0,0,0,0,0,0
855,855,736.0104,22.5063225,0,0,27.7411085,0,0,0,0,4.40232434e-05,-6.65571861e-06,0,0,0,0,0,0
856,856,736.0382,22.5063225,0,0,27.7411083,0,0,0,0,4.40232434e-05,-6.65571861e-06,0,0,0,0,0,0
857,857,736.0653,22.5063224,0,0,27.7411083,0,0,0,0,4.40232434e-05,-6.65571861e-06,0,0,0,0,0,0
858,858,736.0923,22.5063224,0,0,27.7411082,0,0,0,0,4.4023247e-05,-6.65571861e-06,0,0,0,0,0,0
859,859,736.1194,22.5063224,0,0,27.7411081,0,0,0,0,4.4023247e-05,-6.65571861e-06,0,0,0,0,0,0
860,860,736.1464,22.5063224,0,0,27.7411081,0,0,0,0,4.4023247e-05,-6.65571861e-06,0,0,0,0,0,0
861,861,736.1736,22.5063224,0,0,27.741108,0,0,0,0,4.4023247e-05,-6.65571861e-06,0,0,0,0,0,0
862,862,736.2088,22.5063223,0,0,27.741108,0,0,0,0,4.4023247e-05,-6.65571861e-06,0,0,0,0,0,0
863,863,736.2362,22.5063223,0,0,27.741108,0,0,0,0,4.4023247e-05,-6.65571861e-06,0,0,0,0,0,0
864,864,736.2633,22.5063223,0,0,27.7411079,0,0,0,0,4.4023247e-05,-6.65571861e-06,0,0,0,0,0,0
865,865,736.2905,22.5063223,0,0,27.7411079,0,0,0,0,4.4023247e-05,-6.65571861e-06,0,0,0,0,0,0
866,866,736.3182,22.5063223,0,0,27.7411079,0,0,0,0,4.4023247e-05,-6.65571861e-06,0,0,0,0,0,0
867,867,736.3454,22.5063223,0,0,27.7411079,0,0,0,0,4.4023247e-05,-6.65571861e-06,0,0,0,0,0,0
868,868,736.3725,22.5063223,0,0,27.7411079,0,0,0,0,4.40232507e-05,-6.65571861e-06,0,0,0,0,0,0
869,869,736.3998,22.5063223,0,0,27.7411079,0,0,0,0,4.40232507e-05,-6.65571861e-06,0,0,0,0,0,0
870,870,736.427,22.5063223,0,0,27.7411079,0,0,0,0,4.40232507e-05,-6.65571861e-06,0,0,0,0,0,0
871,871,736.4541,22.5063223,0,0,27.7411079,0,0,0,0,4.40232507e-05,-6.65571861e-06,0,0,0,0,0,0
872,872,736.4812,22.5063223,0,0,27.7411079,0,0,0,0,4.40232507e-05,-6.65571861e-06,0,0,0,0,0,0
873,873,736.5082,22.5063223,0,0,27.7411079,0,0,0,0,4.40232507e-05,-6.65571861e-06,0,0,0,0,0,0
874,874,736.5355,22.5063223,0,0,27.7411079,0,0,0,0,4.40232507e-05,-6.65571861e-06,0,0,0,0,0,0
875,875,736.5626,22.5063223,0,0,27.7411079,0,0,0,0,4.40232507e-05,-6.65571861e-06,0,0,0,0,0,0
876,876,736.5898,22.5063223,0,0,27.7411079,0,0,0,0,4.40232507e-05,-6.65571861e-06,0,0,0,0,0,0
877,877,736.6169,22.5063223,0,0,27.7411079,0,0,0,0,4.40232507e-05,-6.65571861e-06,0,0,0,0,0,0
878,878,736.644,22.5063223,0,0,27.7411079,0,0,0,0,4.40232507e-05,-6.65571861e-06,0,0,0,0,0,0
879,879,736.6712,22.5063223,0,0,27.7411079,0,0,0,0,4.40232507e-05,-6.65571861e-06,0,0,0,0,0,0
880,880,736.6984,22.5063223,0,0,27.7411079,0,0,0,0,4.40232507e-05,-6.65571861e-06,0,0,0,0,0,0
881,881,736.7393,22.5054164,0,0,27.7394837,0,0,0,0,4.40232507e-05,-6.65571861e-06,0,0,0,0,0,0
882,882,736.7787,22.5039186,0,0,27.7367728,0,0,0,0,4.40228869e-05,-6.656388e-06,0,0,0,0,0,0
883,883,736.8179,22.5015423,0,0,27.7324435,0,0,0,0,4.40222429e-05,-6.65785637e-06,0,0,0,0,0,0
884,884,736.8576,22.498733,0,0,27.7272021,0,0,0,0,4.40195363e-05,-6.66039523e-06,0,0,0,0,0,0
885,885,736.894,22.4954092,0,0,27.7209567,0,0,0,0,4.40159383e-05,-6.66382084e-06,0,0,0,0,0,0
886,886,736.9323,22.4915614,0,0,27.7138674,0,0,0,0,4.4011078e-05,-6.66809092e-06,0,0,0,0,0,0
887,887,736.9703,22.4869264,0,0,27.705475,0,0,0,0,4.40064541e-05,-6.67318909e-06,0,0,0,0,0,0
888,888,737.0067,22.4810378,0,0,27.694609,0,0,0,0,4.40014992e-05,-6.67930271e-06,0,0,0,0,0,0
889,889,737.0431,22.4724748,0,0,27.6774754,0,0,0,0,4.39960932e-05,-6.68687926e-06,0,0,0,0,0,0
890,890,737.0798,22.460692,0,0,27.6527568,0,0,0,0,4.3988759e-05,-6.69720384e-06,0,0,0,0,0,0
891,891,737.1159,22.4455775,0,0,27.6201228,0,0,0,0,4.39786163e-05,-6.71137059e-06,0,0,0,0,0,0
892,892,737.1519,22.4305548,0,0,27.5880097,0,0,0,0,4.39632822e-05,-6.73003296e-06,0,0,0,0,0,0
893,893,737.1879,22.4116558,0,0,27.542039,0,0,0,0,4.39442447e-05,-6.75100046e-06,0,0,0,0,0,0
894,894,737.2239,22.3811946,0,0,27.4539412,0,0,0,0,4.39209216e-05,-6.77601201e-06,0,0,0,0,0,0
895,895,737.2599,22.3074742,0,0,27.2233457,0,0,0,0,4.38977186e-05,-6.81170422e-06,0,0,0,0,0,0
896,896,737.296,22.1866311,0,0,26.8171986,0,0,0,0,4.38530042e-05,-6.88506134e-06,0,0,0,0,0,0
897,897,737.332,21.992501,0,0,26.122828,0,0,0,0,4.37702984e-05,-7.01340605e-06,0,0,0,0,0,0
898,898,737.3679,21.7600083,0,0,25.1905608,0,0,0,0,4.35822803e-05,-7.22508184e-06,0,0,0,0,0,0
899,899,737.404,21.2449614,0,0,23.4264622,0,0,0,0,4.33150708e-05,-7.50929848e-06,0,0,0,0,0,0
900,900,737.44,20.178132,0,0,20.9820229,0,0,0,0,4.28420899e-05,-8.04026422e-06,0,0,0,0,0,0
901,901,737.5375,20.2030356,0,0,20.9809992,0,0,0,0,4.21471923e-05,-9.11084771e-06,0,0,0,0,0,0
902,902,737.5721,20.1966673,0,0,20.9100733,0,0,0,0,4.14198694e-05,-9.66272637e-06,0,0,0,0,0,0
903,903,737.6061,20.1149445,0,0,20.6893104,0,0,0,0,3.99018027e-05,-9.95122537e-06,0,0,0,0,0,0
904,904,737.6427,20.1057354,0,0,20.6769827,0,0,0,0,4.07656044e-05,-1.01577507e-05,0,0,0,0,0,0
905,905,737.6997,20.103861,0,0,20.6792211,0,0,0,0,4.1485011e-05,-1.0270488e-05,0,0,0,0,0,0
906,906,737.7412,20.1119954,0,0,20.6975567,0,0,0,0,4.21219229e-05,-1.03290795e-05,0,0,0,0,0,0
907,907,737.7805,20.1054598,0,0,20.674606,0,0,0,0,4.21599834e-05,-1.03525645e-05,0,0,0,0,0,0
908,908,737.8201,20.0978617,0,0,20.6510098,0,0,0,0,4.2180036e-05,-1.03689144e-05,0,0,0,0,0,0
909,909,737.8617,20.0903444,0,0,20.6303599,0,0,0,0,4.22031226e-05,-1.03828161e-05,0,0,0,0,0,0
910,910,737.9015,20.0870351,0,0,20.6215902,0,0,0,0,4.23252386e-05,-1.03955599e-05,0,0,0,0,0,0
911,911,737.9413,20.0849465,0,0,20.6157307,0,0,0,0,4.24212958e-05,-1.04046494e-05,0,0,0,0,0,0
912,912,737.9804,20.0834085,0,0,20.6109494,0,0,0,0,4.24905447e-05,-1.04108967e-05,0,0,0,0,0,0
913,913,738.0198,20.0816032,0,0,20.6055054,0,0,0,0,4.25215621e-05,-1.04152523e-05,0,0,0,0,0,0
914,914,738.0575,20.080047,0,0,20.6009513,0,0,0,0,4.25471517e-05,-1.04188293e-05,0,0,0,0,0,0
915,915,738.109,20.0788219,0,0,20.5974624,0,0,0,0,4.25699909e-05,-1.04218343e-05,0,0,0,0,0,0
916,916,738.1458,20.0779773,0,0,20.5950475,0,0,0,0,4.2593605e-05,-1.04243027e-05,0,0,0,0,0,0
917,917,738.1815,20.0773333,0,0,20.5931759,0,0,0,0,4.26117986e-05,-1.04262099e-05,0,0,0,0,0,0
918,918,738.2172,20.0768135,0,0,20.5916465,0,0,0,0,4.2625401e-05,-1.04276751e-05,0,0,0,0,0,0
919,919,738.2521,20.076374,0,0,20.5903599,0,0,0,0,4.26348779e-05,-1.04288201e-05,0,0,0,0,0,0
920,920,738.2873,20.076021,0,0,20.589334,0,0,0,0,4.26425795e-05,-1.04297369e-05,0,0,0,0,0,0
921,921,738.3222,20.0757448,0,0,20.5885349,0,0,0,0,4.26489132e-05,-1.04304745e-05,0,0,0,0,0,0
922,922,738.3561,20.0755319,0,0,20.5879174,0,0,0,0,4.26542465e-05,-1.04310611e-05,0,0,0,0,0,0
923,923,738.3898,20.0753639,0,0,20.5874285,0,0,0,0,4.26584047e-05,-1.04315241e-05,0,0,0,0,0,0
924,924,738.4238,20.0752297,0,0,20.5870373,0,0,0,0,4.26616316e-05,-1.04318879e-05,0,0,0,0,0,0
925,925,738.4578,20.0751221,0,0,20.5867241,0,0,0,0,4.26641127e-05,-1.04321753e-05,0,0,0,0,0,0
926,926,738.4931,20.0750367,0,0,20.5864759,0,0,0,0,4.2666099e-05,-1.04324035e-05,0,0,0,0,0,0
927,927,738.5266,20.0749694,0,0,20.5862803,0,0,0,0,4.26676925e-05,-1.04325854e-05,0,0,0,0,0,0
928,928,738.5603,20.0749162,0,0,20.5861259,0,0,0,0,4.26689767e-05,-1.04327291e-05,0,0,0,0,0,0
929,929,738.5939,20.0748742,0,0,20.5860034,0,0,0,0,4.26699808e-05,-1.04328437e-05,0,0,0,0,0,0
930,930,738.6275,20.0748407,0,0,20.5859062,0,0,0,0,4.26707775e-05,-1.04329338e-05,0,0,0,0,0,0
931,931,738.661,20.0748142,0,0,20.585829,0,0,0,0,4.26713996e-05,-1.04330056e-05,0,0,0,0,0,0
932,932,738.6947,20.0747932,0,0,20.5857678,0,0,0,0,4.26718943e-05,-1.04330629e-05,0,0,0,0,0,0
933,933,738.7276,20.0747765,0,0,20.5857194,0,0,0,0,4.26722872e-05,-1.04331084e-05,0,0,0,0,0,0
934,934,738.7606,20.0747633,0,0,20.5856811,0,0,0,0,4.26726001e-05,-1.04331439e-05,0,0,0,0,0,0
935,935,738.7929,20.0747529,0,0,20.5856507,0,0,0,0,4.26728511e-05,-1.04331712e-05,0,0,0,0,0,0
936,936,738.8253,20.0747446,0,0,20.5856266,0,0,0,0,4.26730476e-05,-1.04331939e-05,0,0,0,0,0,0
937,937,738.8577,20.074738,0,0,20.5856075,0,0,0,0,4.2673204e-05,-1.04332112e-05,0,0,0,0,0,0
938,938,738.8901,20.0747328,0,0,20.5855923,0,0,0,0,4.26733241e-05,-1.04332257e-05,0,0,0,0,0,0
939,939,738.922,20.0747287,0,0,20.5855804,0,0,0,0,4.26734259e-05,-1.04332366e-05,0,0,0,0,0,0
940,940,738.9541,20.0747254,0,0,20.5855709,0,0,0,0,4.26734987e-05,-1.04332457e-05,0,0,0,0,0,0
941,941,738.9863,20.0747228,0,0,20.5855633,0,0,0,0,4.26735642e-05,-1.04332521e-05,0,0,0,0,0,0
942,942,739.0184,20.0747208,0,0,20.5855574,0,0,0,0,4.26736078e-05,-1.04332585e-05,0,0,0,0,0,0
943,943,739.0503,20.0747192,0,0,20.5855527,0,0,0,0,4.26736515e-05,-1.0433263e-05,0,0,0,0,0,0
944,944,739.0825,20.0747179,0,0,20.5855489,0,0,0,0,4.26736769e-05,-1.04332667e-05,0,0,0,0,0,0
945,945,739.1146,20.0747169,0,0,20.585546,0,0,0,0,4.26737024e-05,-1.04332694e-05,0,0,0,0,0,0
946,946,739.1448,20.0747161,0,0,20.5855436,0,0,0,0,4.26737206e-05,-1.04332712e-05,0,0,0,0,0,0
947,947,739.177,20.0747154,0,0,20.5855418,0,0,0,0,4.26737388e-05,-1.0433273e-05,0,0,0,0,0,0
948,948,739.209,20.0747149,0,0,20.5855403,0,0,0,0,4.26737497e-05,-1.04332748e-05,0,0,0,0,0,0
949,949,739.2407,20.0747145,0,0,20.5855391,0,0,0,0,4.26737606e-05,-1.04332757e-05,0,0,0,0,0,0
950,950,739.2723,20.0747142,0,0,20.5855382,0,0,0,0,4.26737643e-05,-1.04332767e-05,0,0,0,0,0,0
951,951,739.3051,20.0747139,0,0,20.5855375,0,0,0,0,4.26737715e-05,-1.04332767e-05,0,0,0,0,0,0
952,952,739.3362,20.0747138,0,0,20.5855369,0,0,0,0,4.26737788e-05,-1.04332767e-05,0,0,0,0,0,0
953,953,739.3675,20.0747136,0,0,20.5855364,0,0,0,0,4.26737824e-05,-1.04332767e-05,0,0,0,0,0,0
954,954,739.3987,20.0747135,0,0,20.5855361,0,0,0,0,4.26737861e-05,-1.04332785e-05,0,0,0,0,0,0
955,955,739.4301,20.0747134,0,0,20.5855358,0,0,0,0,4.26737861e-05,-1.04332794e-05,0,0,0,0,0,0
956,956,739.461,20.0747133,0,0,20.5855355,0,0,0,0,4.26737861e-05,-1.04332794e-05,0,0,0,0,0,0
957,957,739.4922,20.0747132,0,0,20.5855354,0,0,0,0,4.26737861e-05,-1.04332794e-05,0,0,0,0,0,0
958,958,739.5237,20.0747132,0,0,20.5855352,0,0,0,0,4.26737897e-05,-1.04332803e-05,0,0,0,0,0,0
959,959,739.5547,20.0747131,0,0,20.5855351,0,0,0,0,4.26737934e-05,-1.04332803e-05,0,0,0,0,0,0
960,960,739.5858,20.0747131,0,0,20.585535,0,0,0,0,4.26737934e-05,-1.04332803e-05,0,0,0,0,0,0
961,961,739.6164,20.0747131,0,0,20.5855349,0,0,0,0,4.26737934e-05,-1.04332803e-05,0,0,0,0,0,0
962,962,739.6474,20.0747131,0,0,20.5855349,0,0,0,0,4.26737934e-05,-1.04332803e-05,0,0,0,0,0,0
963,963,739.6782,20.074713,0,0,20.5855348,0,0,0,0,4.26737934e-05,-1.04332803e-05,0,0,0,0,0,0
964,964,739.7087,20.074713,0,0,20.5855348,0,0,0,0,4.26737934e-05,-1.04332803e-05,0,0,0,0,0,0
965,965,739.7395,20.074713,0,0,20.5855348,0,0,0,0,4.26737934e-05,-1.04332803e-05,0,0,0,0,0,0
966,966,739.7699,20.074713,0,0,20.5855347,0,0,0,0,4.26737934e-05,-1.04332803e-05,0,0,0,0,0,0
967,967,739.8002,20.074713,0,0,20.5855347,0,0,0,0,4.26737934e-05,-1.04332803e-05,0,0,0,0,0,0
968,968,739.831,20.074713,0,0,20.5855347,0,0,0,0,4.26737934e-05,-1.04332803e-05,0,0,0,0,0,0
969,969,739.8627,20.074713,0,0,20.5855347,0,0,0,0,4.26737934e-05,-1.04332803e-05,0,0,0,0,0,0
970,970,739.8914,20.074713,0,0,20.5855347,0,0,0,0,4.26737934e-05,-1.04332803e-05,0,0,0,0,0,0
971,971,739.9223,20.074713,0,0,20.5855347,0,0,0,0,4.26737934e-05,-1.04332803e-05,0,0,0,0,0,0
972,972,739.953,20.074713,0,0,20.5855347,0,0,0,0,4.26737934e-05,-1.04332803e-05,0,0,0,0,0,0
973,973,739.9814,20.074713,0,0,20.5855347,0,0,0,0,4.26737934e-05,-1.04332803e-05,0,0,0,0,0,0
974,974,740.0138,20.074713,0,0,20.5855347,0,0,0,0,4.26737934e-05,-1.04332803e-05,0,0,0,0,0,0
975,975,740.0444,20.074713,0,0,20.5855347,0,0,0,0,4.26737934e-05,-1.04332803e-05,0,0,0,0,0,0
976,976,740.0753,20.074713,0,0,20.5855347,0,0,0,0,4.26737934e-05,-1.04332803e-05,0,0,0,0,0,0
977,977,740.1058,20.074713,0,0,20.5855347,0,0,0,0,4.26737934e-05,-1.04332803e-05,0,0,0,0,0,0
978,978,740.1364,20.074713,0,0,20.5855347,0,0,0,0,4.26737934e-05,-1.04332803e-05,0,0,0,0,0,0
979,979,740.1672,20.074713,0,0,20.5855347,0,0,0,0,4.26737934e-05,-1.04332803e-05,0,0,0,0,0,0
980,980,740.1978,20.074713,0,0,20.5855346,0,0,0,0,4.26737934e-05,-1.04332803e-05,0,0,0,0,0,0
981,981,740.2406,20.0647404,0,0,20.5681807,0,0,0,0,4.26737934e-05,-1.04332803e-05,0,0,0,0,0,0
982,982,740.2836,20.0526154,0,0,20.5467207,0,0,0,0,4.26697916e-05,-1.04406472e-05,0,0,0,0,0,0
983,983,740.3247,20.0356345,0,0,20.5145127,0,0,0,0,4.26644838e-05,-1.04535775e-05,0,0,0,0,0,0
984,984,740.3677,20.0115312,0,0,20.4677551,0,0,0,0,4.26385777e-05,-1.04730098e-05,0,0,0,0,0,0
985,985,740.4105,19.9823086,0,0,20.412307,0,0,0,0,4.26102561e-05,-1.05011286e-05,0,0,0,0,0,0
986,986,740.4515,19.954682,0,0,20.3681541,0,0,0,0,4.25749786e-05,-1.05376203e-05,0,0,0,0,0,0
987,987,740.4924,19.9225095,0,0,20.3181001,0,0,0,0,4.25372418e-05,-1.0577327e-05,0,0,0,0,0,0
988,988,740.5331,19.8771346,0,0,20.2394335,0,0,0,0,4.24950558e-05,-1.06220023e-05,0,0,0,0,0,0
989,989,740.574,19.7756337,0,0,20.0175016,0,0,0,0,4.2458898e-05,-1.06790467e-05,0,0,0,0,0,0
990,990,740.6149,19.6494685,0,0,19.7493632,0,0,0,0,4.23964339e-05,-1.07841561e-05,0,0,0,0,0,0
991,991,740.6559,19.5112528,0,0,19.4779297,0,0,0,0,4.23030469e-05,-1.09332423e-05,0,0,0,0,0,0
992,992,740.6966,19.5467327,0,0,19.7134592,0,0,0,0,4.21062614e-05,-1.11143599e-05,0,0,0,0,0,0
993,993,740.7418,19.5181565,0,0,19.7742986,0,0,0,0,4.19674252e-05,-1.1183788e-05,0,0,0,0,0,0
994,994,740.7826,19.403882,0,0,19.5953937,0,0,0,0,4.18293494e-05,-1.12398166e-05,0,0,0,0,0,0
995,995,740.8237,18.2474082,0,0,16.5802569,0,0,0,0,4.20346078e-05,-1.13530914e-05,0,0,0,0,0,0
996,996,740.8647,17.4336228,0,0,14.6944177,0,0,0,0,4.1641164e-05,-1.22676283e-05,0,0,0,0,0,0
997,997,740.9056,16.5419078,0,0,12.7887245,0,0,0,0,4.11594119e-05,-1.33604208e-05,0,0,0,0,0,0
998,998,740.9605,20.2887222,0,0,23.6828449,0,0,0,0,3.86516804e-05,-1.4597651e-05,0,0,0,0,0,0
999,999,740.9813,20.2808134,0,0,23.5768603,0,0,0,0,3.92041366e-05,-1.24816461e-05,0,0,0,0,0,0
1000,1000,741.0193,20.8892093,0,0,24.7606214,0,0,0,0,3.85752537e-05,-1.13292253e-05,0,0,0,0,0,0
1001,1001,741.1158,21.2140551,0,0,25.712296,0,0,0,0,4.73764667e-05,-1.02785343e-05,0,0,0,0,0,0
1002,1002,741.1522,21.2118814,0,0,25.7166456,0,0,0,0,4.67162536e-05,-9.48973502e-06,0,0,0,0,0,0
1003,1003,741.1886,21.3089065,0,0,25.9355939,0,0,0,0,4.72623615e-05,-9.08202492e-06,0,0,0,0,0,0
1004,1004,741.2277,21.2488725,0,0,25.7631124,0,0,0,0,4.47624225e-05,-8.80311927e-06,0,0,0,0,0,0
1005,1005,741.2653,21.2534033,0,0,25.7803078,0,0,0,0,4.43041899e-05,-8.70459644e-06,0,0,0,0,0,0
1006,1006,741.3035,21.2485047,0,0,25.7800124,0,0,0,0,4.39330543e-05,-8.65300262e-06,0,0,0,0,0,0
1007,1007,741.3398,21.2708823,0,0,25.845034,0,0,0,0,4.41569646e-05,-8.63103014e-06,0,0,0,0,0,0
1008,1008,741.3765,21.279351,0,0,25.8682447,0,0,0,0,4.40322328e-05,-8.60374257e-06,0,0,0,0,0,0
1009,1009,741.413,21.2864828,0,0,25.8862484,0,0,0,0,4.39044634e-05,-8.58327166e-06,0,0,0,0,0,0
1010,1010,741.449,21.2874918,0,0,25.8893196,0,0,0,0,4.37168346e-05,-8.56738825e-06,0,0,0,0,0,0
1011,1011,741.4846,21.2902042,0,0,25.8976895,0,0,0,0,4.36317205e-05,-8.5584079e-06,0,0,0,0,0,0
1012,1012,741.5216,21.2925933,0,0,25.9052023,0,0,0,0,4.35760448e-05,-8.5518177e-06,0,0,0,0,0,0
1013,1013,741.557,21.2953348,0,0,25.9131258,0,0,0,0,4.35458751e-05,-8.54665996e-06,0,0,0,0,0,0
1014,1014,741.5936,21.2971133,0,0,25.9181676,0,0,0,0,4.3508393e-05,-8.54196605e-06,0,0,0,0,0,0
1015,1015,741.6295,21.298423,0,0,25.9218647,0,0,0,0,4.34753856e-05,-8.53820438e-06,0,0,0,0,0,0
1016,1016,741.6652,21.2993126,0,0,25.9244694,0,0,0,0,4.34472022e-05,-8.53528036e-06,0,0,0,0,0,0
1017,1017,741.7127,21.3001038,0,0,25.9268043,0,0,0,0,4.34278372e-05,-8.53310667e-06,0,0,0,0,0,0
1018,1018,741.7444,21.3007609,0,0,25.9287376,0,0,0,0,4.34133071e-05,-8.53139682e-06,0,0,0,0,0,0
1019,1019,741.7805,21.3013071,0,0,25.9303203,0,0,0,0,4.34020294e-05,-8.5300253e-06,0,0,0,0,0,0
1020,1020,741.8153,21.3017206,0,0,25.9315145,0,0,0,0,4.33924397e-05,-8.52890844e-06,0,0,0,0,0,0
1021,1021,741.8506,21.3020405,0,0,25.9324406,0,0,0,0,4.33846544e-05,-8.52802441e-06,0,0,0,0,0,0
1022,1022,741.8847,21.3022899,0,0,25.9331676,0,0,0,0,4.33784808e-05,-8.52732865e-06,0,0,0,0,0,0
1023,1023,741.9186,21.302492,0,0,25.9337573,0,0,0,0,4.33737259e-05,-8.52678295e-06,0,0,0,0,0,0
1024,1024,741.9526,21.302654,0,0,25.9342292,0,0,0,0,4.33700006e-05,-8.52635003e-06,0,0,0,0,0,0
1025,1025,741.9865,21.3027829,0,0,25.9346038,0,0,0,0,4.3367043e-05,-8.52600624e-06,0,0,0,0,0,0
1026,1026,742.0202,21.3028841,0,0,25.9348976,0,0,0,0,4.33646674e-05,-8.52573248e-06,0,0,0,0,0,0
1027,1027,742.0546,21.3029639,0,0,25.9351294,0,0,0,0,4.33627756e-05,-8.52551511e-06,0,0,0,0,0,0
1028,1028,742.088,21.303027,0,0,25.9353131,0,0,0,0,4.33612768e-05,-8.52534413e-06,0,0,0,0,0,0
1029,1029,742.1212,21.3030773,0,0,25.9354595,0,0,0,0,4.33601017e-05,-8.52520861e-06,0,0,0,0,0,0
1030,1030,742.1547,21.3031172,0,0,25.9355756,0,0,0,0,4.33591667e-05,-8.52510038e-06,0,0,0,0,0,0
1031,1031,742.1987,21.303601,0,0,25.9364694,0,0,0,0,4.33584282e-05,-8.52501489e-06,0,0,0,0,0,0
1032,1032,742.2417,21.3042284,0,0,25.9376267,0,0,0,0,4.33580244e-05,-8.5246138e-06,0,0,0,0,0,0
1033,1033,742.2845,21.3051102,0,0,25.9392503,0,0,0,0,4.33578207e-05,-8.52393532e-06,0,0,0,0,0,0
1034,1034,742.3272,21.3065582,0,0,25.941928,0,0,0,0,4.33586611e-05,-8.52292214e-06,0,0,0,0,0,0
1035,1035,742.3681,21.3086942,0,0,25.9458373,0,0,0,0,4.33598943e-05,-8.52131507e-06,0,0,0,0,0,0
1036,1036,742.4118,21.3112243,0,0,25.9503727,0,0,0,0,4.33617461e-05,-8.51888399e-06,0,0,0,0,0,0
1037,1037,742.4546,21.3144205,0,0,25.9562525,0,0,0,0,4.33643872e-05,-8.51572622e-06,0,0,0,0,0,0
1038,1038,742.4981,21.3185992,0,0,25.9646639,0,0,0,0,4.33681635e-05,-8.51169443e-06,0,0,0,0,0,0
1039,1039,742.5407,21.3247521,0,0,25.9776139,0,0,0,0,4.3372409e-05,-8.50647575e-06,0,0,0,0,0,0
1040,1040,742.5834,21.3326711,0,0,25.9944238,0,0,0,0,4.33779605e-05,-8.49917251e-06,0,0,0,0,0,0
1041,1041,742.6261,21.3417402,0,0,26.0135226,0,0,0,0,4.33851674e-05,-8.48945729e-06,0,0,0,0,0,0
1042,1042,742.669,21.3518806,0,0,26.0365963,0,0,0,0,4.33955938e-05,-8.47761839e-06,0,0,0,0,0,0
1043,1043,742.7115,21.3671086,0,0,26.0784465,0,0,0,0,4.34080284e-05,-8.46387593e-06,0,0,0,0,0,0
1044,1044,742.7544,21.403999,0,0,26.1916832,0,0,0,0,4.34224603e-05,-8.44538135e-06,0,0,0,0,0,0
1045,1045,742.7971,21.4709035,0,0,26.4114884,0,0,0,0,4.34451176e-05,-8.40834855e-06,0,0,0,0,0,0
1046,1046,742.8399,21.5801801,0,0,26.7968442,0,0,0,0,4.34879512e-05,-8.33920785e-06,0,0,0,0,0,0
1047,1047,742.8826,21.7064913,0,0,27.3235802,0,0,0,0,4.35857473e-05,-8.22167658e-06,0,0,0,0,0,0
1048,1048,742.9253,21.9510043,0,0,28.3262292,0,0,0,0,4.37354392e-05,-8.06588559e-06,0,0,0,0,0,0
1049,1049,742.968,22.4709055,0,0,30,0,0,0,0,4.3986809e-05,-7.80278333e-06,0,0,0,0,0,0
1050,1050,743.0109,23.8590911,0,0,30,0,0,0,0,4.43391546e-05,-7.27894894e-06,0,0,0,0,0,0
1051,1051,743.0502,23.8604131,0,0,30,0,0,0,0,4.52267013e-05,-5.9743993e-06,0,0,0,0,0,0
1052,1052,743.0894,23.9255904,0,0,30,0,0,0,0,4.60148221e-05,-5.27683414e-06,0,0,0,0,0,0
1053,1053,743.1286,23.9541101,0,0,30,0,0,0,0,4.82014511e-05,-4.86896306e-06,0,0,0,0,0,0
1054,1054,743.1673,23.9594528,0,0,30,0,0,0,0,4.72078937e-05,-4.63963943e-06,0,0,0,0,0,0
1055,1055,743.2056,23.9495559,0,0,30,0,0,0,0,4.64669356e-05,-4.51933283e-06,0,0,0,0,0,0
1056,1056,743.2416,23.9500274,0,0,30,0,0,0,0,4.54451911e-05,-4.4660419e-06,0,0,0,0,0,0
1057,1057,743.2796,23.9563234,0,0,30,0,0,0,0,4.53881839e-05,-4.43929684e-06,0,0,0,0,0,0
1058,1058,743.3175,23.9651979,0,0,30,0,0,0,0,4.53250686e-05,-4.42136115e-06,0,0,0,0,0,0
1059,1059,743.3536,23.9698484,0,0,30,0,0,0,0,4.54043111e-05,-4.40569602e-06,0,0,0,0,0,0
1060,1060,743.39,23.9717843,0,0,30,0,0,0,0,4.52645691e-05,-4.39414589e-06,0,0,0,0,0,0
1061,1061,743.426,23.9723238,0,0,30,0,0,0,0,4.51618071e-05,-4.38674215e-06,0,0,0,0,0,0
1062,1062,743.4625,23.9734479,0,0,30,0,0,0,0,4.50431835e-05,-4.38254028e-06,0,0,0,0,0,0
1063,1063,743.4984,23.9748351,0,0,30,0,0,0,0,4.50044499e-05,-4.37957215e-06,0,0,0,0,0,0
1064,1064,743.5346,23.9761636,0,0,30,0,0,0,0,4.49718245e-05,-4.37702374e-06,0,0,0,0,0,0
1065,1065,743.5707,23.9769899,0,0,30,0,0,0,0,4.49574436e-05,-4.37471863e-06,0,0,0,0,0,0
1066,1066,743.6052,23.9774847,0,0,30,0,0,0,0,4.49315121e-05,-4.37290646e-06,0,0,0,0,0,0
1067,1067,743.6393,23.9778096,0,0,30,0,0,0,0,4.49117033e-05,-4.37159997e-06,0,0,0,0,0,0
1068,1068,743.683,23.9781256,0,0,30,0,0,0,0,4.48927276e-05,-4.3706832e-06,0,0,0,0,0,0
1069,1069,743.7166,23.9784153,0,0,30,0,0,0,0,4.48817154e-05,-4.36997652e-06,0,0,0,0,0,0
1070,1070,743.753,23.978655,0,0,30,0,0,0,0,4.48729406e-05,-4.36939763e-06,0,0,0,0,0,0
1071,1071,743.7871,23.9788234,0,0,30,0,0,0,0,4.48670762e-05,-4.36891969e-06,0,0,0,0,0,0
1072,1072,743.8216,23.9789421,0,0,30,0,0,0,0,4.48614337e-05,-4.36854725e-06,0,0,0,0,0,0
1073,1073,743.8556,23.9790311,0,0,30,0,0,0,0,4.48570136e-05,-4.36826531e-06,0,0,0,0,0,0
1074,1074,743.8901,23.9791061,0,0,30,0,0,0,0,4.48532264e-05,-4.36805431e-06,0,0,0,0,0,0
1075,1075,743.9243,23.9791681,0,0,30,0,0,0,0,4.4850527e-05,-4.36788878e-06,0,0,0,0,0,0
1076,1076,743.9587,23.9792171,0,0,30,0,0,0,0,4.48484061e-05,-4.36775781e-06,0,0,0,0,0,0
1077,1077,743.9928,23.9792536,0,0,30,0,0,0,0,4.48468454e-05,-4.36765322e-06,0,0,0,0,0,0
1078,1078,744.0266,23.979281,0,0,30,0,0,0,0,4.48455394e-05,-4.36757227e-06,0,0,0,0,0,0
1079,1079,744.0616,23.9793022,0,0,30,0,0,0,0,4.48445171e-05,-4.36751043e-06,0,0,0,0,0,0
1080,1080,744.0948,23.9793194,0,0,30,0,0,0,0,4.48436767e-05,-4.36746268e-06,0,0,0,0,0,0
1081,1081,744.1278,23.9793329,0,0,30,0,0,0,0,4.48430401e-05,-4.36742539e-06,0,0,0,0,0,0
1082,1082,744.1609,23.9793435,0,0,30,0,0,0,0,4.48425417e-05,-4.36739629e-06,0,0,0,0,0,0
1083,1083,744.1936,23.9793516,0,0,30,0,0,0,0,4.48421633e-05,-4.36737264e-06,0,0,0,0,0,0
1084,1084,744.2263,23.9793578,0,0,30,0,0,0,0,4.48418577e-05,-4.3673549e-06,0,0,0,0,0,0
1085,1085,744.2587,23.9793626,0,0,30,0,0,0,0,4.48416213e-05,-4.3673399e-06,0,0,0,0,0,0
1086,1086,744.2915,23.9793664,0,0,30,0,0,0,0,4.48414285e-05,-4.36732944e-06,0,0,0,0,0,0
1087,1087,744.3239,23.9793694,0,0,30,0,0,0,0,4.48412829e-05,-4.36732125e-06,0,0,0,0,0,0
1088,1088,744.3565,23.9793717,0,0,30,0,0,0,0,4.48411629e-05,-4.36731398e-06,0,0,0,0,0,0
1089,1089,744.3888,23.9793735,0,0,30,0,0,0,0,4.48410719e-05,-4.36730897e-06,0,0,0,0,0,0
1090,1090,744.4209,23.9793749,0,0,30,0,0,0,0,4.48410028e-05,-4.36730488e-06,0,0,0,0,0,0
1091,1091,744.4527,23.9793759,0,0,30,0,0,0,0,4.48409446e-05,-4.36730261e-06,0,0,0,0,0,0
1092,1092,744.4852,23.9793768,0,0,30,0,0,0,0,4.4840901e-05,-4.36730033e-06,0,0,0,0,0,0
1093,1093,744.5145,23.9793774,0,0,30,0,0,0,0,4.48408646e-05,-4.36729761e-06,0,0,0,0,0,0
1094,1094,744.546,23.979378,0,0,30,0,0,0,0,4.48408391e-05,-4.36729624e-06,0,0,0,0,0,0
1095,1095,744.5777,23.9793784,0,0,30,0,0,0,0,4.48408209e-05,-4.36729533e-06,0,0,0,0,0,0
1096,1096,744.6097,23.9793786,0,0,30,0,0,0,0,4.48408027e-05,-4.36729488e-06,0,0,0,0,0,0
1097,1097,744.6408,23.9793789,0,0,30,0,0,0,0,4.48407882e-05,-4.36729488e-06,0,0,0,0,0,0
1098,1098,744.6719,23.9793791,0,0,30,0,0,0,0,4.48407773e-05,-4.36729351e-06,0,0,0,0,0,0
1099,1099,744.7032,23.9793792,0,0,30,0,0,0,0,4.484077e-05,-4.3672926e-06,0,0,0,0,0,0
1100,1100,744.7339,23.9793793,0,0,30,0,0,0,0,4.48407663e-05,-4.36729215e-06,0,0,0,0,0,0
1101,1101,744.8247,23.9793794,0,0,30,0,0,0,0,4.48407627e-05,-4.36729169e-06,0,0,0,0,0,0
1102,1102,744.8551,23.9793795,0,0,30,0,0,0,0,4.48407554e-05,-4.36729169e-06,0,0,0,0,0,0
1103,1103,744.8877,23.9793796,0,0,30,0,0,0,0,4.48407518e-05,-4.36729169e-06,0,0,0,0,0,0
1104,1104,744.9181,23.9793796,0,0,30,0,0,0,0,4.48407482e-05,-4.36729169e-06,0,0,0,0,0,0
1105,1105,744.9487,23.9793797,0,0,30,0,0,0,0,4.48407482e-05,-4.36729169e-06,0,0,0,0,0,0
1106,1106,744.9796,23.9793797,0,0,30,0,0,0,0,4.48407482e-05,-4.36729169e-06,0,0,0,0,0,0
1107,1107,745.01,23.9793797,0,0,30,0,0,0,0,4.48407445e-05,-4.36729169e-06,0,0,0,0,0,0
1108,1108,745.0407,23.9793797,0,0,30,0,0,0,0,4.48407445e-05,-4.36729169e-06,0,0,0,0,0,0
1109,1109,745.0713,23.9793797,0,0,30,0,0,0,0,4.48407445e-05,-4.36729169e-06,0,0,0,0,0,0
1110,1110,745.1018,23.9793798,0,0,30,0,0,0,0,4.48407445e-05,-4.36729169e-06,0,0,0,0,0,0
1111,1111,745.132,23.9793798,0,0,30,0,0,0,0,4.48407445e-05,-4.36729169e-06,0,0,0,0,0,0
1112,1112,745.1629,23.9793798,0,0,30,0,0,0,0,4.48407409e-05,-4.36729169e-06,0,0,0,0,0,0
1113,1113,745.1932,23.9793798,0,0,30,0,0,0,0,4.48407409e-05,-4.36729169e-06,0,0,0,0,0,0
1114,1114,745.2241,23.9793798,0,0,30,0,0,0,0,4.48407409e-05,-4.36729169e-06,0,0,0,0,0,0
1115,1115,745.2542,23.9793798,0,0,30,0,0,0,0,4.48407409e-05,-4.36729169e-06,0,0,0,0,0,0
1116,1116,745.2845,23.9793798,0,0,30,0,0,0,0,4.48407409e-05,-4.36729169e-06,0,0,0,0,0,0
1117,1117,745.3152,23.9793798,0,0,30,0,0,0,0,4.48407409e-05,-4.36729169e-06,0,0,0,0,0,0
1118,1118,745.346,23.9793798,0,0,30,0,0,0,0,4.48407409e-05,-4.36729169e-06,0,0,0,0,0,0
1119,1119,745.3764,23.9793798,0,0,30,0,0,0,0,4.48407409e-05,-4.36729169e-06,0,0,0,0,0,0
1120,1120,745.4073,23.9793798,0,0,30,0,0,0,0,4.48407409e-05,-4.36729169e-06,0,0,0,0,0,0
1121,1121,745.4392,23.9793798,0,0,30,0,0,0,0,4.48407409e-05,-4.36729169e-06,0,0,0,0,0,0
1122,1122,745.4696,23.9793798,0,0,30,0,0,0,0,4.48407409e-05,-4.36729169e-06,0,0,0,0,0,0
1123,1123,745.5,23.9793798,0,0,30,0,0,0,0,4.48407409e-05,-4.36729169e-06,0,0,0,0,0,0
1124,1124,745.5309,23.9793798,0,0,30,0,0,0,0,4.48407409e-05,-4.36729169e-06,0,0,0,0,0,0
1125,1125,745.5613,23.9793798,0,0,30,0,0,0,0,4.48407409e-05,-4.36729169e-06,0,0,0,0,0,0
1126,1126,745.5919,23.9793798,0,0,30,0,0,0,0,4.48407409e-05,-4.36729169e-06,0,0,0,0,0,0
1127,1127,745.6221,23.9793798,0,0,30,0,0,0,0,4.48407409e-05,-4.36729169e-06,0,0,0,0,0,0
1128,1128,745.6528,23.9793798,0,0,30,0,0,0,0,4.48407409e-05,-4.36729169e-06,0,0,0,0,0,0
1129,1129,745.6834,23.9793798,0,0,30,0,0,0,0,4.48407409e-05,-4.36729169e-06,0,0,0,0,0,0
1130,1130,745.7144,23.9793798,0,0,30,0,0,0,0,4.48407409e-05,-4.36729169e-06,0,0,0,0,0,0
1131,1131,745.7464,23.9793798,0,0,30,0,0,0,0,4.48407409e-05,-4.36729169e-06,0,0,0,0,0,0
1132,1132,745.7772,23.9793798,0,0,30,0,0,0,0,4.48407409e-05,-4.36729169e-06,0,0,0,0,0,0
1133,1133,745.8079,23.9793798,0,0,30,0,0,0,0,4.48407409e-05,-4.36729169e-06,0,0,0,0,0,0
1134,1134,745.8389,23.9793798,0,0,30,0,0,0,0,4.48407409e-05,-4.36729169e-06,0,0,0,0,0,0
1135,1135,745.8694,23.9793798,0,0,30,0,0,0,0,4.48407409e-05,-4.36729169e-06,0,0,0,0,0,0
1136,1136,745.9,23.9793798,0,0,30,0,0,0,0,4.48407409e-05,-4.36729169e-06,0,0,0,0,0,0
1137,1137,745.9309,23.9793798,0,0,30,0,0,0,0,4.48407409e-05,-4.36729169e-06,0,0,0,0,0,0
1138,1138,745.9616,23.9793798,0,0,30,0,0,0,0,4.48407409e-05,-4.36729169e-06,0,0,0,0,0,0
1139,1139,745.9931,23.9793798,0,0,30,0,0,0,0,4.48407409e-05,-4.36729169e-06,0,0,0,0,0,0
1140,1140,746.0238,23.9793798,0,0,30,0,0,0,0,4.48407409e-05,-4.36729169e-06,0,0,0,0,0,0
1141,1141,746.0541,23.9793798,0,0,30,0,0,0,0,4.48407409e-05,-4.36729169e-06,0,0,0,0,0,0
1142,1142,746.0851,23.9793798,0,0,30,0,0,0,0,4.48407409e-05,-4.36729169e-06,0,0,0,0,0,0
1143,1143,746.116,23.9793798,0,0,30,0,0,0,0,4.48407409e-05,-4.36729169e-06,0,0,0,0,0,0
1144,1144,746.1466,23.9793798,0,0,30,0,0,0,0,4.48407409e-05,-4.36729169e-06,0,0,0,0,0,0
1145,1145,746.1779,23.9793798,0,0,30,0,0,0,0,4.48407409e-05,-4.36729169e-06,0,0,0,0,0,0
1146,1146,746.2076,23.9793798,0,0,30,0,0,0,0,4.48407409e-05,-4.36729169e-06,0,0,0,0,0,0
1147,1147,746.2374,23.9793798,0,0,30,0,0,0,0,4.48407409e-05,-4.36729169e-06,0,0,0,0,0,0
1148,1148,746.2646,23.9793798,0,0,30,0,0,0,0,4.48407409e-05,-4.36729169e-06,0,0,0,0,0,0
1149,1149,746.2915,23.9793798,0,0,30,0,0,0,0,4.48407409e-05,-4.36729169e-06,0,0,0,0,0,0
1150,1150,746.3186,23.9793798,0,0,30,0,0,0,0,4.48407409e-05,-4.36729169e-06,0,0,0,0,0,0
1151,1151,746.3456,23.9793798,0,0,30,0,0,0,0,4.48407409e-05,-4.36729169e-06,0,0,0,0,0,0
1152,1152,746.3727,23.9793798,0,0,30,0,0,0,0,4.48407409e-05,-4.36729169e-06,0,0,0,0,0,0
1153,1153,746.3998,23.9793798,0,0,30,0,0,0,0,4.48407409e-05,-4.36729169e-06,0,0,0,0,0,0
1154,1154,746.4268,23.9793798,0,0,30,0,0,0,0,4.48407409e-05,-4.36729169e-06,0,0,0,0,0,0
1155,1155,746.454,23.9793798,0,0,30,0,0,0,0,4.48407409e-05,-4.36729169e-06,0,0,0,0,0,0
1156,1156,746.4896,23.9793798,0,0,30,0,0,0,0,4.48407409e-05,-4.36729169e-06,0,0,0,0,0,0
1157,1157,746.5079,23.9793798,0,0,30,0,0,0,0,4.48407409e-05,-4.36729169e-06,0,0,0,0,0,0
1158,1158,746.5348,23.9793798,0,0,30,0,0,0,0,4.48407409e-05,-4.36729169e-06,0,0,0,0,0,0
1159,1159,746.5619,23.9793798,0,0,30,0,0,0,0,4.48407409e-05,-4.36729169e-06,0,0,0,0,0,0
1160,1160,746.5892,23.9793798,0,0,30,0,0,0,0,4.48407409e-05,-4.36729169e-06,0,0,0,0,0,0
1161,1161,746.6162,23.9793798,0,0,30,0,0,0,0,4.48407409e-05,-4.36729169e-06,0,0,0,0,0,0
1162,1162,746.6432,23.9793798,0,0,30,0,0,0,0,4.48407409e-05,-4.36729169e-06,0,0,0,0,0,0
1163,1163,746.6714,23.9793798,0,0,30,0,0,0,0,4.48407409e-05,-4.36729169e-06,0,0,0,0,0,0
1164,1164,746.6985,23.9793798,0,0,30,0,0,0,0,4.48407409e-05,-4.36729169e-06,0,0,0,0,0,0
1165,1165,746.7254,23.9793798,0,0,30,0,0,0,0,4.48407409e-05,-4.36729169e-06,0,0,0,0,0,0
1166,1166,746.7526,23.9793798,0,0,30,0,0,0,0,4.48407409e-05,-4.36729169e-06,0,0,0,0,0,0
1167,1167,746.7796,23.9793798,0,0,30,0,0,0,0,4.48407409e-05,-4.36729169e-06,0,0,0,0,0,0
1168,1168,746.8067,23.9793798,0,0,30,0,0,0,0,4.48407409e-05,-4.36729169e-06,0,0,0,0,0,0
1169,1169,746.8337,23.9793798,0,0,30,0,0,0,0,4.48407409e-05,-4.36729169e-06,0,0,0,0,0,0
1170,1170,746.8609,23.9793798,0,0,30,0,0,0,0,4.48407409e-05,-4.36729169e-06,0,0,0,0,0,0
1171,1171,746.8878,23.9793798,0,0,30,0,0,0,0,4.48407409e-05,-4.36729169e-06,0,0,0,0,0,0
1172,1172,746.9147,23.9793798,0,0,30,0,0,0,0,4.48407409e-05,-4.36729169e-06,0,0,0,0,0,0
1173,1173,746.9418,23.9793798,0,0,30,0,0,0,0,4.48407409e-05,-4.36729169e-06,0,0,0,0,0,0
1174,1174,746.9689,23.9793798,0,0,30,0,0,0,0,4.48407409e-05,-4.36729169e-06,0,0,0,0,0,0
1175,1175,746.9959,23.9793798,0,0,30,0,0,0,0,4.48407409e-05,-4.36729169e-06,0,0,0,0,0,0
1176,1176,747.0232,23.9793798,0,0,30,0,0,0,0,4.48407409e-05,-4.36729169e-06,0,0,0,0,0,0
1177,1177,747.0503,23.9793798,0,0,30,0,0,0,0,4.48407409e-05,-4.36729169e-06,0,0,0,0,0,0
1178,1178,747.0774,23.9793798,0,0,30,0,0,0,0,4.48407409e-05,-4.36729169e-06,0,0,0,0,0,0
1179,1179,747.1044,23.9793798,0,0,30,0,0,0,0,4.48407409e-05,-4.36729169e-06,0,0,0,0,0,0
1180,1180,747.1315,23.9793798,0,0,30,0,0,0,0,4.48407409e-05,-4.36729169e-06,0,0,0,0,0,0
1181,1181,747.1729,23.987189,0,0,30,0,0,0,0,4.48407409e-05,-4.36729169e-06,0,0,0,0,0,0
1182,1182,747.2153,23.9979733,0,0,30,0,0,0,0,4.48438768e-05,-4.36152277e-06,0,0,0,0,0,0
1183,1183,747.2566,24.021763,0,0,30,0,0,0,0,4.48485516e-05,-4.35044467e-06,0,0,0,0,0,0
1184,1184,747.2981,24.04925,0,0,30,0,0,0,0,4.4873108e-05,-4.32696152e-06,0,0,0,0,0,0
1185,1185,747.3395,24.08067,0,0,30,0,0,0,0,4.49016043e-05,-4.29413376e-06,0,0,0,0,0,0
1186,1186,747.3808,24.0838316,0,0,30,0,0,0,0,4.49519575e-05,-4.25352118e-06,0,0,0,0,0,0
1187,1187,747.4218,24.1044134,0,0,30,0,0,0,0,4.49851323e-05,-4.22973017e-06,0,0,0,0,0,0
1188,1188,747.463,24.143584,0,0,30,0,0,0,0,4.5022789e-05,-4.20225933e-06,0,0,0,0,0,0
1189,1189,747.5041,24.3281663,0,0,30,0,0,0,0,4.50032458e-05,-4.15890781e-06,0,0,0,0,0,0
1190,1190,747.5455,24.4871799,0,0,30,0,0,0,0,4.50850384e-05,-3.99956616e-06,0,0,0,0,0,0
1191,1191,747.5866,24.6553046,0,0,30,0,0,0,0,4.51958294e-05,-3.79676226e-06,0,0,0,0,0,0
1192,1192,747.6277,24.3850301,0,0,30,0,0,0,0,4.5586552e-05,-3.56515693e-06,0,0,0,0,0,0
1193,1193,747.669,24.3796161,0,0,30,0,0,0,0,4.56660418e-05,-3.64271705e-06,0,0,0,0,0,0
1194,1194,747.7104,24.4451775,0,0,30,0,0,0,0,4.57965471e-05,-3.69179088e-06,0,0,0,0,0,0
1195,1195,747.7515,26.2710513,0,0,30,0,0,0,0,4.50432781e-05,-3.66966765e-06,0,0,0,0,0,0
1196,1196,747.7926,27.1094174,0,0,30,0,0,0,0,4.57135393e-05,-2.30817773e-06,0,0,0,0,0,0
1197,1197,747.8339,28.0594634,0,0,30,0,0,0,0,4.62186799e-05,-9.54870643e-07,0,0,0,0,0,0
1198,1198,747.8751,22.7995589,0,0,27.2664635,0,0,0,0,5.0215891e-05,4.61140303e-07,0,0,0,0,0,0
1199,1199,747.9134,22.1979974,0,0,25.4302841,0,0,0,0,4.88372862e-05,-2.68040526e-06,0,0,0,0,0,0
1200,1200,747.9515,20.3182231,0,0,21.424478,0,0,0,0,4.90565435e-05,-4.83896838e-06,0,0,0,0,0,0
1201,1201,748.0407,20.2593687,0,0,21.1555997,0,0,0,0,3.63365725e-05,-7.3604192e-06,0,0,0,0,0,0
1202,1202,748.0755,20.2764249,0,0,21.115662,0,0,0,0,3.65759843e-05,-8.73170939e-06,0,0,0,0,0,0
1203,1203,748.1099,20.1236962,0,0,20.7119947,0,0,0,0,3.44478685e-05,-9.42257975e-06,0,0,0,0,0,0
1204,1204,748.1442,20.1281235,0,0,20.7441364,0,0,0,0,3.94421113e-05,-9.88416832e-06,0,0,0,0,0,0
1205,1205,748.2047,20.1213155,0,0,20.7368373,0,0,0,0,4.0665047e-05,-1.01165188e-05,0,0,0,0,0,0
1206,1206,748.2493,20.1377156,0,0,20.7734441,0,0,0,0,4.17645861e-05,-1.02385675e-05,0,0,0,0,0,0
1207,1207,748.3245,20.1235785,0,0,20.7267531,0,0,0,0,4.1069492e-05,-1.02877384e-05,0,0,0,0,0,0
1208,1208,748.3641,20.1119209,0,0,20.6905574,0,0,0,0,4.12562222e-05,-1.0322281e-05,0,0,0,0,0,0
1209,1209,748.3989,20.099368,0,0,20.6564655,0,0,0,0,4.14462265e-05,-1.03484108e-05,0,0,0,0,0,0
1210,1210,748.4329,20.094735,0,0,20.6442023,0,0,0,0,4.19618445e-05,-1.037113e-05,0,0,0,0,0,0
1211,1211,748.4662,20.0912779,0,0,20.634439,0,0,0,0,4.21575533e-05,-1.03863586e-05,0,0,0,0,0,0
1212,1212,748.4992,20.088843,0,0,20.6267755,0,0,0,0,4.22828307e-05,-1.03967641e-05,0,0,0,0,0,0
1213,1213,748.5422,20.0857935,0,0,20.6176313,0,0,0,0,4.22936864e-05,-1.04039182e-05,0,0,0,0,0,0
1214,1214,748.5721,20.0832981,0,0,20.6103453,0,0,0,0,4.23630445e-05,-1.04098517e-05,0,0,0,0,0,0
1215,1215,748.6083,20.0813214,0,0,20.6047305,0,0,0,0,4.24287646e-05,-1.04147739e-05,0,0,0,0,0,0
1216,1216,748.641,20.0799863,0,0,20.600906,0,0,0,0,4.25015824e-05,-1.0418792e-05,0,0,0,0,0,0
1217,1217,748.6751,20.0789446,0,0,20.5978746,0,0,0,0,4.25410944e-05,-1.0421868e-05,0,0,0,0,0,0
1218,1218,748.7102,20.0781046,0,0,20.5954006,0,0,0,0,4.25684302e-05,-1.04242317e-05,0,0,0,0,0,0
1219,1219,748.7456,20.0773904,0,0,20.5933115,0,0,0,0,4.25848702e-05,-1.04260789e-05,0,0,0,0,0,0
1220,1220,748.7806,20.0768216,0,0,20.5916596,0,0,0,0,4.26030419e-05,-1.04275632e-05,0,0,0,0,0,0
1221,1221,748.8161,20.0763767,0,0,20.5903729,0,0,0,0,4.26185434e-05,-1.04287537e-05,0,0,0,0,0,0
1222,1222,748.8498,20.0760343,0,0,20.5893794,0,0,0,0,4.26319675e-05,-1.04297023e-05,0,0,0,0,0,0
1223,1223,748.885,20.0757632,0,0,20.5885902,0,0,0,0,4.26410043e-05,-1.04304463e-05,0,0,0,0,0,0
1224,1224,748.9216,20.0755466,0,0,20.5879587,0,0,0,0,4.26477527e-05,-1.04310329e-05,0,0,0,0,0,0
1225,1225,748.9556,20.0753728,0,0,20.5874528,0,0,0,0,4.26527877e-05,-1.04314977e-05,0,0,0,0,0,0
1226,1226,748.9898,20.0752351,0,0,20.5870528,0,0,0,0,4.26572005e-05,-1.04318669e-05,0,0,0,0,0,0
1227,1227,749.0243,20.0751265,0,0,20.5867373,0,0,0,0,4.26607876e-05,-1.04321607e-05,0,0,0,0,0,0
1228,1228,749.0583,20.0750409,0,0,20.5864884,0,0,0,0,4.26636834e-05,-1.04323935e-05,0,0,0,0,0,0
1229,1229,749.0918,20.074973,0,0,20.5862909,0,0,0,0,4.26658298e-05,-1.04325773e-05,0,0,0,0,0,0
1230,1230,749.1252,20.0749191,0,0,20.5861339,0,0,0,0,4.26674887e-05,-1.04327237e-05,0,0,0,0,0,0
1231,1231,749.1585,20.0748762,0,0,20.5860094,0,0,0,0,4.26687839e-05,-1.04328392e-05,0,0,0,0,0,0
1232,1232,749.1921,20.0748423,0,0,20.5859108,0,0,0,0,4.26698425e-05,-1.04329301e-05,0,0,0,0,0,0
1233,1233,749.2255,20.0748155,0,0,20.5858327,0,0,0,0,4.26706865e-05,-1.0433002e-05,0,0,0,0,0,0
1234,1234,749.2589,20.0747942,0,0,20.5857709,0,0,0,0,4.26713559e-05,-1.04330602e-05,0,0,0,0,0,0
1235,1235,749.2919,20.0747773,0,0,20.5857219,0,0,0,0,4.26718725e-05,-1.04331048e-05,0,0,0,0,0,0
1236,1236,749.3252,20.074764,0,0,20.585683,0,0,0,0,4.26722763e-05,-1.04331411e-05,0,0,0,0,0,0
1237,1237,749.3577,20.0747534,0,0,20.5856521,0,0,0,0,4.26725928e-05,-1.04331702e-05,0,0,0,0,0,0
1238,1238,749.3909,20.074745,0,0,20.5856277,0,0,0,0,4.26728475e-05,-1.0433193e-05,0,0,0,0,0,0
1239,1239,749.4232,20.0747383,0,0,20.5856084,0,0,0,0,4.26730476e-05,-1.04332112e-05,0,0,0,0,0,0
1240,1240,749.4558,20.0747331,0,0,20.5855931,0,0,0,0,4.2673204e-05,-1.04332257e-05,0,0,0,0,0,0
1241,1241,749.4876,20.0747289,0,0,20.5855809,0,0,0,0,4.26733313e-05,-1.04332366e-05,0,0,0,0,0,0
1242,1242,749.5195,20.0747256,0,0,20.5855713,0,0,0,0,4.26734259e-05,-1.04332457e-05,0,0,0,0,0,0
1243,1243,749.5515,20.074723,0,0,20.5855637,0,0,0,0,4.2673506e-05,-1.04332521e-05,0,0,0,0,0,0
1244,1244,749.5837,20.0747209,0,0,20.5855577,0,0,0,0,4.26735642e-05,-1.04332585e-05,0,0,0,0,0,0
1245,1245,749.6156,20.0747193,0,0,20.5855529,0,0,0,0,4.26736151e-05,-1.0433263e-05,0,0,0,0,0,0
1246,1246,749.6507,20.074718,0,0,20.5855491,0,0,0,0,4.26736515e-05,-1.04332667e-05,0,0,0,0,0,0
1247,1247,749.6827,20.0747169,0,0,20.5855461,0,0,0,0,4.26736842e-05,-1.04332694e-05,0,0,0,0,0,0
1248,1248,749.7157,20.0747161,0,0,20.5855437,0,0,0,0,4.2673706e-05,-1.04332712e-05,0,0,0,0,0,0
1249,1249,749.749,20.0747155,0,0,20.5855419,0,0,0,0,4.26737279e-05,-1.0433273e-05,0,0,0,0,0,0
1250,1250,749.7817,20.0747149,0,0,20.5855404,0,0,0,0,4.26737388e-05,-1.04332748e-05,0,0,0,0,0,0
1251,1251,749.8134,20.0747145,0,0,20.5855392,0,0,0,0,4.26737533e-05,-1.04332757e-05,0,0,0,0,0,0
1252,1252,749.8457,20.0747142,0,0,20.5855382,0,0,0,0,4.2673757e-05,-1.04332767e-05,0,0,0,0,0,0
1253,1253,749.8776,20.074714,0,0,20.5855375,0,0,0,0,4.26737679e-05,-1.04332767e-05,0,0,0,0,0,0
1254,1254,749.9094,20.0747138,0,0,20.5855369,0,0,0,0,4.26737752e-05,-1.04332767e-05,0,0,0,0,0,0
1255,1255,749.9409,20.0747136,0,0,20.5855365,0,0,0,0,4.26737788e-05,-1.04332767e-05,0,0,0,0,0,0
1256,1256,749.972,20.0747135,0,0,20.5855361,0,0,0,0,4.26737824e-05,-1.04332785e-05,0,0,0,0,0,0
1257,1257,750.0034,20.0747134,0,0,20.5855358,0,0,0,0,4.26737861e-05,-1.04332794e-05,0,0,0,0,0,0
1258,1258,750.0346,20.0747133,0,0,20.5855355,0,0,0,0,4.26737824e-05,-1.04332794e-05,0,0,0,0,0,0
1259,1259,750.0657,20.0747132,0,0,20.5855354,0,0,0,0,4.26737861e-05,-1.04332794e-05,0,0,0,0,0,0
1260,1260,750.0972,20.0747132,0,0,20.5855352,0,0,0,0,4.26737897e-05,-1.04332803e-05,0,0,0,0,0,0
1261,1261,750.128,20.0747131,0,0,20.5855351,0,0,0,0,4.26737897e-05,-1.04332803e-05,0,0,0,0,0,0
1262,1262,750.1587,20.0747131,0,0,20.585535,0,0,0,0,4.26737934e-05,-1.04332803e-05,0,0,0,0,0,0
1263,1263,750.1893,20.0747131,0,0,20.5855349,0,0,0,0,4.26737934e-05,-1.04332803e-05,0,0,0,0,0,0
1264,1264,750.2199,20.0747131,0,0,20.5855349,0,0,0,0,4.26737934e-05,-1.04332803e-05,0,0,0,0,0,0
1265,1265,750.2504,20.074713,0,0,20.5855348,0,0,0,0,4.26737934e-05,-1.04332803e-05,0,0,0,0,0,0
1266,1266,750.2823,20.074713,0,0,20.5855348,0,0,0,0,4.26737934e-05,-1.04332803e-05,0,0,0,0,0,0
1267,1267,750.3128,20.074713,0,0,20.5855348,0,0,0,0,4.26737934e-05,-1.04332803e-05,0,0,0,0,0,0
1268,1268,750.3437,20.074713,0,0,20.5855347,0,0,0,0,4.26737934e-05,-1.04332803e-05,0,0,0,0,0,0
1269,1269,750.3742,20.074713,0,0,20.5855347,0,0,0,0,4.26737934e-05,-1.04332803e-05,0,0,0,0,0,0
1270,1270,750.4049,20.074713,0,0,20.5855347,0,0,0,0,4.26737934e-05,-1.04332803e-05,0,0,0,0,0,0
1271,1271,750.4355,20.074713,0,0,20.5855347,0,0,0,0,4.26737934e-05,-1.04332803e-05,0,0,0,0,0,0
1272,1272,750.4661,20.074713,0,0,20.5855347,0,0,0,0,4.26737934e-05,-1.04332803e-05,0,0,0,0,0,0
1273,1273,750.4965,20.074713,0,0,20.5855347,0,0,0,0,4.26737934e-05,-1.04332803e-05,0,0,0,0,0,0
1274,1274,750.5271,20.074713,0,0,20.5855347,0,0,0,0,4.26737934e-05,-1.04332803e-05,0,0,0,0,0,0
1275,1275,750.5576,20.074713,0,0,20.5855347,0,0,0,0,4.26737934e-05,-1.04332803e-05,0,0,0,0,0,0
1276,1276,750.5884,20.074713,0,0,20.5855347,0,0,0,0,4.26737934e-05,-1.04332803e-05,0,0,0,0,0,0
1277,1277,750.6187,20.074713,0,0,20.5855347,0,0,0,0,4.26737934e-05,-1.04332803e-05,0,0,0,0,0,0
1278,1278,750.6498,20.074713,0,0,20.5855347,0,0,0,0,4.26737934e-05,-1.04332803e-05,0,0,0,0,0,0
1279,1279,750.6782,20.074713,0,0,20.5855347,0,0,0,0,4.26737934e-05,-1.04332803e-05,0,0,0,0,0,0
1280,1280,750.7088,20.074713,0,0,20.5855347,0,0,0,0,4.26737934e-05,-1.04332803e-05,0,0,0,0,0,0
1281,1281,750.7371,20.074713,0,0,20.5855347,0,0,0,0,4.26737934e-05,-1.04332803e-05,0,0,0,0,0,0
1282,1282,750.7676,20.074713,0,0,20.5855347,0,0,0,0,4.26737934e-05,-1.04332803e-05,0,0,0,0,0,0
1283,1283,750.798,20.074713,0,0,20.5855346,0,0,0,0,4.26737934e-05,-1.04332803e-05,0,0,0,0,0,0
1284,1284,750.8283,20.074713,0,0,20.5855346,0,0,0,0,4.26737934e-05,-1.04332803e-05,0,0,0,0,0,0
1285,1285,750.859,20.074713,0,0,20.5855346,0,0,0,0,4.26737934e-05,-1.04332803e-05,0,0,0,0,0,0
1286,1286,750.8896,20.074713,0,0,20.5855346,0,0,0,0,4.26737934e-05,-1.04332803e-05,0,0,0,0,0,0
1287,1287,750.9202,20.074713,0,0,20.5855346,0,0,0,0,4.26737934e-05,-1.04332803e-05,0,0,0,0,0,0
1288,1288,750.9509,20.074713,0,0,20.5855346,0,0,0,0,4.26737934e-05,-1.04332803e-05,0,0,0,0,0,0
1289,1289,750.9814,20.074713,0,0,20.5855346,0,0,0,0,4.26737934e-05,-1.04332803e-05,0,0,0,0,0,0
1290,1290,751.012,20.074713,0,0,20.5855346,0,0,0,0,4.26737934e-05,-1.04332803e-05,0,0,0,0,0,0
1291,1291,751.0435,20.074713,0,0,20.5855346,0,0,0,0,4.26737934e-05,-1.04332803e-05,0,0,0,0,0,0
1292,1292,751.0744,20.074713,0,0,20.5855346,0,0,0,0,4.26737934e-05,-1.04332803e-05,0,0,0,0,0,0
1293,1293,751.105,20.074713,0,0,20.5855346,0,0,0,0,4.26737934e-05,-1.04332803e-05,0,0,0,0,0,0
1294,1294,751.1358,20.074713,0,0,20.5855346,0,0,0,0,4.26737934e-05,-1.04332803e-05,0,0,0,0,0,0
1295,1295,751.1661,20.074713,0,0,20.5855346,0,0,0,0,4.26737934e-05,-1.04332803e-05,0,0,0,0,0,0
1296,1296,751.1968,20.074713,0,0,20.5855346,0,0,0,0,4.26737934e-05,-1.04332803e-05,0,0,0,0,0,0
1297,1297,751.2273,20.074713,0,0,20.5855346,0,0,0,0,4.26737934e-05,-1.04332803e-05,0,0,0,0,0,0
1298,1298,751.2583,20.074713,0,0,20.5855346,0,0,0,0,4.26737934e-05,-1.04332803e-05,0,0,0,0,0,0
1299,1299,751.2888,20.074713,0,0,20.5855346,0,0,0,0,4.26737934e-05,-1.04332803e-05,0,0,0,0,0,0
1300,1300,751.3197,20.074713,0,0,20.5855346,0,0,0,0,4.26737934e-05,-1.04332803e-05,0,0,0,0,0,0
