tick,seq,t_ms,u1,u2,u3,u4,u5,u6,u7,u8,u9,u10,u11,u12,u13,u14,u15,u16,y1,y2,y3,y4,y5,y6,y7,y8,y9,y10,y11,y12,y13,y14,y15,y16
1,1,0,0,0,10,0,0,0,0,0,0,0,0,0,0,0,0,0,219.932824809546,197.781791130079,248.952828095334,307.355790555752,209.34265715637,302.48767679509,235.829247220849,251.877413786373,246.230053808587,254.599988871503,253.427499951279,274.853492054201,185.867815240298,189.147446249363,234.940980733847,269.782948923265
2,2,10,0,0,10,0,0,0,0,0,0,0,0,0,0,0,0,0,201.708448370343,247.214181327064,264.337553350187,261.531737266627,273.978693861776,265.415512167235,251.40397867527,225.735319157291,278.505874847623,227.051529277995,257.840061753035,323.311879098272,234.387571461912,294.908156710781,228.296027638552,216.3423636707
3,3,20,0,0,10,0,0,0,0,0,0,0,0,0,0,0,0,0,318.773457873425,301.780986291215,300.690953646495,217.213843641598,186.485093873725,311.780736234854,248.620749308239,287.440721614276,275.295480685438,287.95037413323,238.147243916207,278.588830627294,323.052030706268,188.618098348213,270.539322078925,288.219052185517
4,4,30,0,0,10,0,0,0,0,0,0,0,0,0,0,0,0,0,244.37755788362,267.952587723858,318.279069369349,204.432426671088,196.270667778578,231.364716830988,241.106702196038,242.1978559731,251.365802775283,263.021498843471,245.654333197559,320.518641185286,280.856691080007,223.449745563309,214.811594128082,251.43116395714
5,5,40,0,0,10,0,0,0,0,0,0,0,0,0,0,0,0,0,181.937510375957,226.759932115742,242.998815321182,258.177597519682,254.784400382205,315.556400471124,272.029648332485,238.747026241114,192.183242663239,264.485709596919,205.879649290936,259.638043831049,261.754107024333,238.540634651831,296.570487270328,233.658819189179
6,6,50,0,0,10,0,0,0,0,0,0,0,0,0,0,0,0,0,313.187289988235,168.494447471673,233.176021317567,241.876889633826,224.295986240025,219.349911632238,282.412309638504,298.350778192964,220.893191300958,250.974965335246,244.620957935726,316.197711226757,255.195262645377,154.993500039814,190.022818975268,224.427188078945
7,7,60,0,0,10,0,0,0,0,0,0,0,0,0,0,0,0,0,263.820764043335,236.040016791124,260.050546118122,208.78453541587,237.951311318249,211.900637283352,301.270915968048,281.773464045573,243.321725703495,267.762808413058,302.567621819087,288.531993012314,214.108255993158,174.040741303213,204.185477173556,218.498717465142
8,8,70,0,0,10,0,0,0,0,0,0,0,0,0,0,0,0,0,227.40961665143,293.099075848787,270.770238419419,261.855484756226,176.494788027722,185.827770020243,317.965622128747,263.241570551372,226.918424474262,154.560355234687,257.894912168462,226.43095340343,309.154354775207,259.835757254154,221.967003747872,248.886178725874
9,9,80,0,0,10,0,0,0,0,0,0,0,0,0,0,0,0,0,281.818063253371,207.972478499892,223.178388516309,189.845440454528,210.359102627053,210.093090806641,272.543684388084,272.093843037866,262.336089342187,243.751917820209,220.030853734676,283.174556305144,214.885274236632,173.226462298806,186.354756890774,233.460305805454
10,10,90,0,0,10,0,0,0,0,0,0,0,0,0,0,0,0,0,242.308903207349,233.469517356934,280.105626149191,185.444935104879,219.959719183365,288.845084153727,309.621829193676,206.346474091229,263.708821064127,251.220654544276,210.205911514564,243.242325188445,238.681786151981,264.143825618023,326.069440335734,238.771077285118
11,11,100,0,0,10,0,0,0,0,0,0,0,0,0,0,0,0,0,213.29816728617,285.892520486691,234.792778185394,248.165047323592,252.351851985049,257.96943790765,318.53111184056,308.911677394572,262.047550497593,211.403028705946,260.820547148351,240.259645827212,305.269330134254,169.965803920996,257.275593837347,279.0590736937
12,12,110,0,0,10,0,0,0,0,0,0,0,0,0,0,0,0,0,226.975931689736,282.194052627129,204.1360542296,204.962543315559,191.801846308617,255.88698942028,343.370498219838,213.643109332573,254.747362714643,247.725167174251,214.794774184089,290.116211639693,181.964605529916,236.291060438291,259.629591114931,221.181105678456
13,13,120,0,0,10,0,0,0,0,0,0,0,0,0,0,0,0,0,244.089929036763,297.161639271676,240.681899869378,234.580029827369,235.639848330963,280.213027736049,352.145544865375,253.081536346856,280.528469567013,282.070809217801,221.191564118487,263.942419842439,238.742053115087,263.596718503281,248.315047350072,234.689605323603
14,14,130,0,0,10,0,0,0,0,0,0,0,0,0,0,0,0,0,227.544763466832,261.054770310529,252.847184043417,205.10733569244,214.33023720933,265.215675944839,352.841855598838,195.536793467075,201.113314454415,284.885365140738,294.553373544314,291.37970424641,285.945243746169,262.067960247747,291.234979409673,236.862637647079
15,15,140,0,0,10,0,0,0,0,0,0,0,0,0,0,0,0,0,236.912202950415,280.017620122114,200.102178728865,291.776044885809,301.706366124152,278.443688987444,361.893779628645,255.153986291186,332.046860284107,219.922346371344,260.539166390429,301.27536183169,331.522250465875,272.290459430176,234.822367551284,243.160676275061
16,16,150,0,0,0,0,0,0,0,0,0,0,0,0,0,0,0,0,235.10359167756,310.422813219978,353.148320324641,305.08775776716,270.577824100898,245.341098731826,342.879128312976,265.357557320183,227.433572083401,238.474285782185,307.616595737665,258.246716604607,320.271904226107,299.268700677054,204.948784464638,235.23222846156
17,17,160,0,0,0,0,0,0,0,0,0,0,0,0,0,0,0,0,229.700737219846,282.72937149916,220.858156481269,239.403826770931,271.23442313753,197.994244806924,373.772104284844,174.043072492038,279.780180395357,288.434001467382,276.41290226125,191.924741114285,268.367073480751,263.839472873535,226.877007306429,273.107304017877
18,18,170,0,0,0,0,0,0,0,0,0,0,0,0,0,0,0,0,304.232234588614,275.892967274642,304.595827343431,257.493020066037,281.946810020179,238.644378936637,342.129792898553,198.573760315624,238.706575769701,245.465566936684,307.836002114576,273.809859826625,247.817572116062,279.354206793242,231.664048352876,259.320525844603
19,19,180,0,0,0,0,0,0,0,0,0,0,0,0,0,0,0,0,204.199910541869,263.061592130777,276.70795569268,259.90376001262,179.391160931356,240.942033179571,379.573021759102,248.910816498869,266.482216466821,250.654132307603,197.625562936658,306.494001907129,216.411261996777,242.264089464381,218.029090884987,242.568164048243
20,20,190,0,0,0,0,0,0,0,0,0,0,0,0,0,0,0,0,259.000727929102,262.506351534024,249.834658529463,229.79084566226,277.747513298274,209.702796253071,348.767431517818,237.53526842194,241.493949260023,224.343095488637,260.244116300805,245.792706173756,314.246229012055,179.532050768227,258.379733144898,234.309449267208
21,21,200,0,0,0,0,0,0,0,0,0,0,0,0,0,0,0,0,315.287353524293,228.815943750422,227.531719311801,205.134891726218,317.76362149762,270.672169370911,363.496762306869,229.529594172662,242.605772389608,291.850787133116,227.182669843925,211.858547655019,238.598762373091,205.150900290001,223.981839896191,214.433195366682
22,22,210,0,0,0,0,0,0,0,0,0,0,0,0,0,0,0,0,280.131216264118,257.803881373603,199.150285543545,250.923348196485,263.539737977382,271.654696581928,322.945465434234,241.196918162056,220.321301732817,284.085270492316,231.00641348236,289.93697587711,249.08941003953,331.122987967405,266.325348847368,206.778422662715
23,23,220,0,0,0,0,0,0,0,0,0,0,0,0,0,0,0,0,263.032316662828,277.781790818759,273.940577601366,225.72425372663,214.241208849601,287.708402149199,325.534628208858,289.340611314946,275.348927572989,271.25573146019,218.637121060973,290.19908521701,265.239144815601,219.717412464979,158.815687791979,216.860731409041
24,24,230,0,0,0,0,0,0,0,0,0,0,0,0,0,0,0,0,246.894239003477,214.791641619134,218.145673240559,220.5048769294,232.816487262663,228.969960104777,322.412423229727,319.253792782042,275.307754100481,224.022977073993,276.937498841084,307.006608142916,212.344081300533,196.226880565517,204.689196007215,234.594189051954
25,25,240,0,0,0,0,0,0,0,0,0,0,0,0,0,0,0,0,185.038604481227,312.393801094761,208.825648893632,261.811793814239,287.098742571982,235.766662394822,300.849122107208,225.010221680631,265.850064986994,204.075952404034,253.088858075821,196.463120062801,215.239140730134,167.120747434458,270.778767757671,243.744488606554
26,26,250,0,0,10,0,0,0,0,0,0,0,0,0,0,0,0,0,240.665156335229,240.540356032182,297.827987690625,267.232469195931,271.627336257345,277.713231221351,323.238287304077,249.769960294555,289.691776072709,245.225734074822,290.642153020494,238.799907244647,231.783140593083,319.835360220949,249.641142939839,255.533315425215
27,27,260,0,0,10,0,0,0,0,0,0,0,0,0,0,0,0,0,246.156411569474,273.937082559298,263.82044847464,213.139493223327,233.529731889414,205.096142047875,312.274688354004,250.039261036871,255.28756097973,273.688149865041,247.423897395274,250.286432966825,248.404087809496,259.078595695536,247.732671121651,223.770838064037
28,28,270,0,0,10,0,0,0,0,0,0,0,0,0,0,0,0,0,224.383089257372,275.230538141609,217.803913627736,286.14219996708,216.380073978616,252.735568581771,274.100912293423,250.59419594494,269.959422506329,239.671087035644,244.435275073389,236.498873110786,320.489709342595,183.119110302724,235.699262427401,256.318825275968
29,29,280,0,0,10,0,0,0,0,0,0,0,0,0,0,0,0,0,219.454338988668,260.183209377891,190.212999062975,217.003503152031,173.541235045307,280.688766604744,311.896659504254,166.175886274111,216.640637202998,295.153457172028,227.708244788678,256.881186426262,261.990910322271,304.9951986707,243.251893626243,199.368212711456
30,30,290,0,0,10,0,0,0,0,0,0,0,0,0,0,0,0,0,229.964138624688,276.301471686408,316.676523973604,192.629543743087,236.485959506875,135.960882197249,310.361418044568,256.709223667009,251.26813224201,336.787796032102,234.362659989322,259.848172934851,114.161221787802,219.414291318131,234.024993355713,232.506320522744
31,31,300,0,0,10,0,0,0,0,0,0,0,0,0,0,0,0,0,303.690748540051,256.139225853943,291.141220537193,258.65466853861,220.647083871613,254.968188143579,339.689839162171,229.511844538128,205.909549021851,262.130503750174,219.799021744359,166.091448208612,217.837677504017,245.669831267557,303.817372515826,193.134322539487
32,32,310,0,0,10,0,0,0,0,0,0,0,0,0,0,0,0,0,233.361911079182,184.806534660755,245.832250375974,288.880204430298,332.666153151137,252.419308946256,329.678817006449,185.625727710371,287.289384579368,227.437912586724,328.059549932811,252.459088015748,256.045739528096,239.654147876063,234.952133338982,257.292666667211
33,33,320,0,0,10,0,0,0,0,0,0,0,0,0,0,0,0,0,252.747529677342,196.453097651029,264.514900448493,281.273199984932,237.64959237202,277.795507686055,320.484643668899,220.963763650534,239.001431399381,245.693689964857,228.742010420746,277.773498403179,238.113572911421,295.661669036856,293.74729966373,215.419591028673
34,34,330,0,0,10,0,0,0,0,0,0,0,0,0,0,0,0,0,198.374237096414,281.382742527594,271.655760230499,304.662851350872,241.032995837976,196.746828525691,336.262565161377,272.96487974755,242.589150417037,213.981888620718,233.120334058624,275.570026324658,297.34605688481,277.17632187229,260.45356125519,240.162509290255
35,35,340,0,0,10,0,0,0,0,0,0,0,0,0,0,0,0,0,281.336134671432,288.275856224971,257.221907510647,230.987851719272,248.901224448867,298.420866188978,345.422462793984,255.860450209502,283.367868550055,238.225901066709,264.467666480345,222.616611266094,225.515530495668,261.983230111059,253.888280245745,248.636817499453
36,36,350,0,0,10,0,0,0,0,0,0,0,0,0,0,0,0,0,216.658008852889,228.838660433745,272.465257459839,307.322568546562,215.662213846388,248.11470601714,354.754643993363,278.017371127678,270.788700364096,250.954373637726,213.232244001204,235.197520604902,257.824311226924,222.178178214036,263.930423719208,236.5578987579
37,37,360,0,0,10,0,0,0,0,0,0,0,0,0,0,0,0,0,210.608573226257,267.63306683112,268.174439701231,208.31972185617,246.083232721387,312.844951123352,357.490514433021,220.52273558164,224.574798990411,233.210123808482,246.148473229989,239.847205599852,233.621034277662,244.465034928838,213.672489651725,250.034922541305
38,38,370,0,0,10,0,0,0,0,0,0,0,0,0,0,0,0,0,234.731517767716,238.460421167219,235.240214684342,200.433902181498,315.96095280812,300.394872117258,364.725698567371,237.105618393035,276.149841216374,291.924848477174,275.563407716452,278.251157736799,253.055122539613,284.491798710374,193.801118950338,213.947836776374
39,39,380,0,0,10,0,0,0,0,0,0,0,0,0,0,0,0,0,273.356193108025,230.548182363465,273.417600042017,255.546611471186,263.59573251145,189.109148298891,366.887963373668,243.294283100548,245.863828290038,276.229146391982,220.121204578943,252.894769080597,244.823499462176,227.880293469885,282.855063794323,235.719829641356
40,40,390,0,0,10,0,0,0,0,0,0,0,0,0,0,0,0,0,236.361172476165,193.699378134654,187.244471964163,338.471978019877,286.431737428606,330.686880541912,350.917115731552,242.081387961998,293.369044797892,237.894825628951,265.587725982429,270.361573769392,246.449505069084,272.493023600806,245.992511455754,246.355399717279
41,41,400,0,0,10,0,0,0,0,0,0,0,0,0,0,0,0,0,273.549548140558,241.370586470501,330.925396738849,268.295635846018,171.242908310301,225.344095822663,391.921472690864,316.465874502969,205.495352650077,266.643205275147,217.340755947219,290.536369304058,246.44835674204,232.600673753096,293.34428579099,201.529449773678
42,42,410,0,0,10,0,0,0,0,0,0,0,0,0,0,0,0,0,313.987639432667,333.345688971479,212.37781485305,174.862971543769,256.126433302704,234.55869999907,380.813620234274,298.503847739108,231.613482337195,265.918618801542,227.227234152486,274.751208157701,284.45135466009,221.088204014455,236.783799922788,260.884199286188
43,43,420,0,0,10,0,0,0,0,0,0,0,0,0,0,0,0,0,256.976202290931,225.097127470088,203.186066570124,293.199913003968,274.458744766151,276.042897497568,370.788788418364,245.892577702833,257.481355228809,261.863539794969,312.748332354042,224.165070073189,256.841300757253,232.632335678381,217.820578853091,281.739901400413
44,44,430,0,0,10,0,0,0,0,0,0,0,0,0,0,0,0,0,199.855804908696,295.854346935683,216.956886655368,313.274176849044,258.383012621914,240.121442487358,395.878359673746,253.081510691765,208.256705718392,236.443546074225,257.700520086487,222.485095656008,214.840326401974,233.815901678307,287.884802845111,202.628335764548
45,45,440,0,0,10,0,0,0,0,0,0,0,0,0,0,0,0,0,232.995428563765,255.811430656427,277.490093905577,168.336680945396,209.824899678896,222.958772417004,395.143859952634,218.327444906256,187.430256902365,304.74947030613,352.672227069682,192.637015069752,306.820962404465,279.848693801537,250.742314656379,251.494388588187
46,46,450,0,0,10,0,0,0,0,0,0,0,0,0,0,0,0,0,288.616529473032,234.041126417217,199.265553187289,189.350750004422,283.968380231705,224.2361445406,405.542483288061,248.571712343017,221.939806059318,302.179175882939,242.962668943322,217.344257592077,270.285251544033,177.045831075301,258.330263070962,269.290275730318
47,47,460,0,0,10,0,0,0,0,0,0,0,0,0,0,0,0,0,305.604726586054,206.301785228813,265.780013551781,297.911355618242,252.570148468208,279.773640019938,396.614822743351,305.038407714124,204.542845928922,250.177371897487,251.707221177729,296.917431679615,263.526552983321,265.722377766038,286.680005703626,217.503018081892
48,48,470,0,0,10,0,0,0,0,0,0,0,0,0,0,0,0,0,280.951999185068,273.088505300081,239.982357495772,266.99709985857,270.286381447797,217.850857546072,407.188310025801,252.954600834628,203.387890081657,231.792336069365,281.451281099412,227.135654960014,215.241432268035,298.107613917106,255.660409974942,201.809203788056
49,49,480,0,0,10,0,0,0,0,0,0,0,0,0,0,0,0,0,289.557244662804,239.568782430591,178.708045432661,270.909177636195,264.415493551356,250.197425095257,385.480704618795,209.792874486839,278.131797965545,235.301843961128,213.699404836188,246.667817683473,249.447100088342,209.938192716599,203.12888173202,233.492018512562
50,50,490,0,0,10,0,0,0,0,0,0,0,0,0,0,0,0,0,274.159280901058,228.734865328397,261.64904637391,267.028487741715,245.799095314917,258.926933683134,407.77190531399,225.797322627924,279.306345498467,238.88183728917,252.280999345221,217.053125966785,159.282532895037,286.148323494703,229.583043996285,217.114617261606
51,51,500,0,0,0,0,0,0,0,0,0,0,0,0,0,0,0,0,224.495301978322,259.643431416433,247.56553669226,230.574061297484,262.766508025652,324.126945467314,398.54162398099,283.027108672562,298.04552066302,248.572693162478,228.086457836142,296.907951058913,281.79592036671,261.723528333288,207.593352392465,171.695146670453
52,52,510,0,0,0,0,0,0,0,0,0,0,0,0,0,0,0,0,195.54990637004,249.407680763504,193.65991680649,230.892149664642,269.023133297538,242.834424387345,402.903335294461,240.963629781656,227.501157606456,245.594733144779,291.349644338931,256.696154083353,260.959585536467,317.215818898722,339.993129809374,312.941610823959
53,53,520,0,0,0,0,0,0,0,0,0,0,0,0,0,0,0,0,251.857897349323,323.343738156554,325.210604013648,239.196105436485,270.556959973427,260.390782090848,409.475408069921,203.788073111064,281.856516026437,235.521106464134,236.974015767808,245.635400672683,320.932828037675,250.690814306539,272.166694678725,268.975167801361
54,54,530,0,0,0,0,0,0,0,0,0,0,0,0,0,0,0,0,258.96562892723,247.089319159937,299.807720551995,270.413065994502,256.053858357511,264.974390330758,380.399092489197,209.188496139833,215.107465167212,225.627534839281,231.063673867566,249.123164367302,213.820820036216,263.6761572189,233.722663743341,235.871636779288
55,55,540,0,0,0,0,0,0,0,0,0,0,0,0,0,0,0,0,261.210423745262,209.372312742409,199.120351118937,295.618188646343,246.71947943919,269.825573812686,383.862486654255,267.938935770135,232.593973177795,230.869082626258,259.382062042609,238.518740970246,210.280839734858,255.36220085736,200.374223311431,246.652744053165
56,56,550,0,0,0,0,0,0,0,0,0,0,0,0,0,0,0,0,218.464974984142,322.120887667977,253.626490608048,277.535950213038,289.595818644866,277.8685909249,367.302066843723,260.561102516448,222.962385515084,263.21950041469,183.738033185148,232.741231755522,256.653000625287,267.042610614744,295.145654031075,266.697349972022
57,57,560,0,0,0,0,0,0,0,0,0,0,0,0,0,0,0,0,222.037543196416,211.916761841068,252.211126750539,258.010959064606,245.608339923949,251.871882348874,344.058247290786,211.86335588665,266.554641216162,324.057674674207,271.045849771891,243.685333477878,260.345309675477,186.55300176258,246.847345875452,232.839957852804
58,58,570,0,0,0,0,0,0,0,0,0,0,0,0,0,0,0,0,251.865952584413,219.796757593038,270.781382184579,277.237451968103,271.572335606616,242.120675467263,356.068162870285,241.023540314661,304.29403104221,231.033702617417,227.122155341226,224.071210665818,223.324291699228,301.567171439321,260.028851269694,261.547827721235
59,59,580,0,0,0,0,0,0,0,0,0,0,0,0,0,0,0,0,284.896923648676,299.011031008838,209.128463470624,239.394922146539,263.186562199987,214.335894517955,353.796942572026,235.490563865546,226.11133832146,281.935535358313,236.999429419464,249.283793577153,261.034072276956,254.89899126467,330.456275553087,215.765456953992
60,60,590,0,0,0,0,0,0,0,0,0,0,0,0,0,0,0,0,218.85224610876,256.54949274147,273.963834048656,251.010757442773,270.616415663429,292.740752269148,332.279624594428,290.049340678706,234.788364376833,175.710145070769,253.374918620545,237.756417124317,254.945169263418,229.696679559605,305.29272162907,279.655083638204
61,61,600,0,0,10,0,0,0,0,0,0,0,0,0,0,0,0,0,234.681017547192,246.104759389177,277.461121465068,207.397202568049,175.296547503549,204.333436833972,339.49202247329,274.099332762401,203.294664868531,254.623802983482,278.558559439932,253.871976140065,212.125325959593,214.123961061277,232.42650107141,256.576511532714
62,62,610,0,0,10,0,0,0,0,0,0,0,0,0,0,0,0,0,323.983213726484,255.284948367681,208.489543278031,311.82107920152,201.976188568901,276.138136492815,314.895549225071,320.332244283036,300.802059262875,243.075953999013,278.814818268897,254.842373423216,195.99397247371,328.132157419319,210.004183527084,261.804189603338
63,63,620,0,0,10,0,0,0,0,0,0,0,0,0,0,0,0,0,293.329437607634,288.4477388072,327.315521950265,144.627127593459,295.090761455223,230.292136314682,320.466483580956,245.157873529461,229.060954165259,248.077833595524,289.397767625872,249.122619096855,254.360098271953,214.862384768137,218.991497947114,244.071618972903
64,64,630,0,0,10,0,0,0,0,0,0,0,0,0,0,0,0,0,261.335743057264,261.666620001149,215.668594411099,238.629455743183,210.093844454249,253.21976929495,327.011016915118,292.488334987518,247.728768381289,234.962306462362,273.132742520587,245.647710931925,294.338258568925,282.706591520205,222.339458695446,285.399283957816
65,65,640,0,0,10,0,0,0,0,0,0,0,0,0,0,0,0,0,277.31170132981,240.993114833217,189.171743243669,289.478876435756,257.144006708522,190.115882708006,322.670355916035,226.61968517899,341.263758602886,265.402008136359,230.467491124925,260.797882321949,256.174669285077,259.798992353419,267.746502733246,166.519819619027
66,66,650,0,0,10,0,0,0,0,0,0,0,0,0,0,0,0,0,305.204124550196,264.790997342924,238.725945174982,277.460358810299,175.45267332138,212.994902009769,321.202096420188,215.328702885482,244.147127883576,245.43024765483,235.484365560656,271.843748886761,237.023506135323,210.018694364649,291.040719989323,249.004502378568
67,67,660,0,0,10,0,0,0,0,0,0,0,0,0,0,0,0,0,208.638324687429,264.250989512239,190.511723925297,180.678368869408,271.624164836022,216.866869242172,354.741871474836,246.2696783018,248.414389423169,241.468137118255,268.222281328648,278.379771701225,274.817354106312,209.093104153139,300.62595672304,244.487988347882
68,68,670,0,0,10,0,0,0,0,0,0,0,0,0,0,0,0,0,222.223615128423,254.149560221104,222.244367943611,157.047270166494,186.51346266401,280.176829431604,347.371560610057,318.749452551429,266.252954107181,239.99960472549,251.790876197477,245.520163618741,292.653193885458,312.572253506445,217.534095692291,260.716905313296
69,69,680,0,0,10,0,0,0,0,0,0,0,0,0,0,0,0,0,207.757693065943,234.53068034725,236.675699271073,284.870064440701,193.991572117651,257.235810680242,332.437212922274,247.664306649239,193.818479958494,333.248326328374,265.248742170041,193.271953254717,252.284001101305,190.542232479028,269.077752844089,239.445457770681
70,70,690,0,0,10,0,0,0,0,0,0,0,0,0,0,0,0,0,273.95902550235,215.027568016776,233.022833075734,254.150556955,193.484368768244,246.739402947589,358.987226778378,207.020576825029,211.516707632983,183.546629202393,217.905529694621,242.45221712016,254.422710723448,265.253427968228,260.110417752568,262.238898687003
71,71,700,0,0,0,0,0,0,0,0,0,0,0,0,0,0,0,0,241.04287752196,226.044258005583,269.051518648806,295.436627500695,205.277045845399,275.43855425431,356.054056671263,215.995880544872,308.841925318652,240.413659216705,226.547229633631,223.554887472902,279.27064680718,294.15041310848,305.895209528137,179.013236994639
72,72,710,0,0,0,0,0,0,0,0,0,0,0,0,0,0,0,0,258.493688684703,267.899966529145,277.082648707246,250.628290842955,295.674661918443,248.54373646217,382.456589717994,263.774225699732,224.56367572716,218.259938927694,192.467916716231,254.071544834244,260.058660656476,198.497463329636,303.373231806369,250.002966221518
73,73,720,0,0,0,0,0,0,0,0,0,0,0,0,0,0,0,0,187.143645079643,239.724559345819,210.189489449519,295.731926227818,231.059462154711,256.311139518834,362.840385080079,236.653839449492,203.909374705767,271.76168743404,201.207519162916,234.781808411773,237.623398811587,288.047457084989,314.442979006011,265.047708076112
74,74,730,0,0,0,0,0,0,0,0,0,0,0,0,0,0,0,0,202.176478052106,244.715214259378,310.604265335219,265.896384877382,167.31352435776,268.408165942032,361.681971782167,312.413330604696,223.211406254684,234.053412932748,240.605078208387,244.795147116495,263.402929157424,230.515748907556,197.346457429451,229.078928421139
75,75,740,0,0,0,0,0,0,0,0,0,0,0,0,0,0,0,0,182.197947480801,315.80455485926,226.234918487859,230.132007873203,184.442158288918,236.832027552343,338.522813603284,217.084712378812,259.726854353011,255.511209636527,225.455359252597,276.566005139337,202.213657683086,183.235375194104,218.789051221766,223.008432759808
76,76,750,0,0,10,0,0,0,0,0,0,0,0,0,0,0,0,0,285.416763775958,241.905524499084,209.115803470456,230.320500001739,216.344488674373,180.628519134181,337.974488254138,224.269081749782,257.284607675952,273.361263204817,274.920130143551,228.477428714922,255.316726427658,217.528440314389,220.591221641234,303.248043808905
77,77,760,0,0,10,0,0,0,0,0,0,0,0,0,0,0,0,0,219.330489899789,286.986893361139,218.074268036959,229.973346323011,244.850088239557,280.337638968298,356.270349762937,222.817926055614,355.921450508817,236.58389059435,255.444374680895,256.379162053687,298.593411931444,264.934074263931,211.018119970253,274.457489447203
78,78,770,0,0,10,0,0,0,0,0,0,0,0,0,0,0,0,0,203.790364515795,178.435189167901,261.87326961908,228.184272273812,268.098755711161,310.442868842616,324.30146061187,267.513271203588,202.145779024536,235.217176771099,203.540647677399,230.00098041873,277.854372380804,231.999600327708,232.822633443184,307.005691680734
79,79,780,0,0,10,0,0,0,0,0,0,0,0,0,0,0,0,0,254.256572041615,231.695756489649,282.54207247765,257.501013026728,243.101366940459,221.157096830889,351.602699682448,236.192294656326,238.813520889978,314.306344636906,167.363910935955,221.496244995362,236.77588045303,286.809026371281,204.879402458449,180.426001322525
80,80,790,0,0,10,0,0,0,0,0,0,0,0,0,0,0,0,0,295.130989172659,205.763485341622,205.627254950481,263.977033748521,257.069704221959,306.377524726602,354.142482959007,202.545207495851,222.767944509218,258.385153693102,181.816193778197,145.920728986627,253.571319039293,239.869320465913,261.310141342344,219.553494455061
81,81,800,0,0,10,0,0,0,0,0,0,0,0,0,0,0,0,0,258.497840377371,251.582173598374,228.667880770702,261.19601566821,282.380157565231,218.499505857199,352.345116610457,277.154680719102,310.43415087448,268.308840488766,323.560438818372,239.749968698407,231.7487523346,230.000526782205,251.397406272517,246.314342343024
82,82,810,0,0,10,0,0,0,0,0,0,0,0,0,0,0,0,0,283.49263908172,263.229024370025,209.509144953579,198.422494468876,228.448379793708,247.3821117643,339.204995049241,322.496767534703,272.741275922974,237.261335718723,254.317396255993,277.221723857629,233.347971480542,272.022152305015,300.21554895394,216.859669386422
83,83,820,0,0,10,0,0,0,0,0,0,0,0,0,0,0,0,0,243.316688598592,264.054177679534,255.073449659539,273.591308301111,272.286431553465,259.301596808353,354.577419191489,285.492924134096,241.84096457564,226.365276868492,249.367897485204,251.456661981553,215.439804192571,264.595008155478,183.467445982285,222.2729913513
84,84,830,0,0,10,0,0,0,0,0,0,0,0,0,0,0,0,0,253.110776429495,261.096931228931,216.418437515474,257.262426542489,223.374919460506,213.1791411436,362.50252893909,244.135857145992,267.333404220486,244.841014372315,300.145824452043,238.611206030714,223.473281154375,274.088018962964,162.271683146166,201.691914441396
85,85,840,0,0,10,0,0,0,0,0,0,0,0,0,0,0,0,0,234.520782714562,329.336317188456,226.656818815568,234.664840067256,198.147480865654,214.926637227931,376.564397777036,285.171897891955,270.787138534939,334.030237473877,155.117975735362,289.530859317551,228.136378287764,282.75019960239,205.364073365803,286.115331828945
86,86,850,0,0,0,0,0,0,0,0,0,0,0,0,0,0,0,0,201.747309051699,306.957616845035,288.719250340869,217.000677894996,303.91460433436,250.862333873519,348.40496666089,204.114421201266,300.895918938118,222.246799356282,128.85684784504,282.784902251648,277.825687016606,245.360275654784,270.864365783696,234.36518353154
87,87,860,0,0,0,0,0,0,0,0,0,0,0,0,0,0,0,0,338.64412671672,238.806071348354,234.18420658511,278.282269690901,253.63184869131,218.264405173741,376.866155392435,295.752887044248,270.157418219432,156.096395344312,254.076630985333,245.587181328323,317.532087652812,271.029391420026,319.55144589988,252.459586708706
88,88,870,0,0,0,0,0,0,0,0,0,0,0,0,0,0,0,0,222.986573585573,181.88073305745,269.352315418835,234.971271693435,316.172875449312,200.602457451114,366.766705018679,281.559030655463,320.393164889351,235.767888343005,260.90533399911,261.59057656459,162.462851630349,318.231500613127,210.195456070659,264.133255902426
89,89,880,0,0,0,0,0,0,0,0,0,0,0,0,0,0,0,0,236.137622737879,262.221507459616,275.941830221019,211.62217696615,241.727346581121,226.480953526036,359.235353916919,254.734501041789,220.939383929029,289.833487986445,220.796238620449,265.410020090357,242.519500590608,217.72421064565,299.636884030288,257.603243197386
90,90,890,0,0,0,0,0,0,0,0,0,0,0,0,0,0,0,0,265.99466751506,241.700691331137,261.120074820714,269.233645506011,184.112428413274,218.95116499823,369.228924469192,269.804823416793,297.341040056352,164.919279836505,254.690623302485,194.273892868436,248.796778236638,226.380904718081,259.343103708614,259.696577971043
91,91,900,0,0,0,0,0,0,0,0,0,0,0,0,0,0,0,0,207.099081797506,236.88655455771,246.533121362498,307.725026148371,215.088341202726,202.711633259418,357.084414785041,267.611273673548,248.71155921234,232.292178507588,253.898929154234,242.504126895429,202.984219012973,257.055476826939,244.895590647184,287.717580159645
92,92,910,0,0,0,0,0,0,0,0,0,0,0,0,0,0,0,0,230.341327949763,287.307882655304,291.38806374115,221.591523822517,250.446841971844,247.666615566329,348.45576871055,240.027482659721,263.718471386033,255.105689208596,159.81274621412,225.826097931638,264.965431323649,224.572978137571,243.605825664385,252.860964892256
93,93,920,0,0,0,0,0,0,0,0,0,0,0,0,0,0,0,0,229.524316461826,222.783279413218,290.811164301762,317.852197895244,213.98078384789,267.866967526204,356.681731837016,261.613292850291,263.323221396155,261.607073490673,322.130154012863,205.264904049555,237.753046885314,268.887081978601,261.290038469138,278.765992865699
94,94,930,0,0,0,0,0,0,0,0,0,0,0,0,0,0,0,0,287.91081712909,272.715496635357,249.816095875602,226.800694479296,213.425505126643,235.542181350299,334.412812201949,226.853639406584,276.299397347144,299.444176783643,175.396829557293,295.03244100356,263.343205855666,249.639235568935,257.666905210946,254.598872778395
95,95,940,0,0,0,0,0,0,0,0,0,0,0,0,0,0,0,0,228.504924333088,232.704709388431,189.907796194118,241.234380610663,263.841515086101,267.040222245594,331.066157424023,225.768088973753,261.254969031293,238.617051056358,197.429544327172,281.704267265497,285.901733085219,231.879224961701,305.970304376198,261.422637556462
96,96,950,0,0,0,0,0,0,0,0,0,0,0,0,0,0,0,0,232.159244363727,305.975830629632,228.796416821835,242.372428236463,261.281718655625,208.321852656768,334.196598006985,224.341726370145,257.449353278577,275.70375892593,190.601316735038,199.169854261238,269.785294007635,248.650279656764,258.032482617136,316.475133680822
97,97,960,0,0,0,0,0,0,0,0,0,0,0,0,0,0,0,0,203.314766593602,222.47039023988,183.478877578758,211.593941227882,257.092667770197,266.164808397929,315.408413311344,187.820222137534,297.513093598163,264.512080776075,194.151078917419,234.112044687064,288.717173770029,362.36398180433,169.605373122976,248.55290174678
98,98,970,0,0,0,0,0,0,0,0,0,0,0,0,0,0,0,0,244.482243052208,291.593519980745,190.245323632693,238.0998478805,259.715539030159,232.509782124533,320.606298432562,304.744828754225,218.706887113255,227.682405231369,211.356602929955,294.495859891751,279.871084096433,229.240984127712,224.95960069726,248.707348354173
99,99,980,0,0,0,0,0,0,0,0,0,0,0,0,0,0,0,0,339.343977215937,283.178118884953,244.16084178651,233.109826326501,246.408674380516,199.761342043353,313.870411575309,260.857323582005,238.927629165391,222.600074970269,266.482310783757,275.223171995297,191.283938939605,222.313250900926,258.885397784152,228.652715879912
100,100,990,0,0,0,0,0,0,0,0,0,0,0,0,0,0,0,0,351.609037012907,245.932970618335,205.643077554519,237.762458424156,242.007598558201,250.92459932982,290.526816238496,281.374256670476,263.730037371325,266.20471169647,200.473524864826,248.382848395983,215.867775824387,293.384384673712,256.050073368327,274.772489554805
101,101,1000,0,0,10,0,0,0,0,0,0,0,0,0,0,0,0,0,226.074131960566,303.81511902839,298.247067064512,250.294063010282,224.661584449452,261.400187564359,280.753413960674,288.220732815678,239.463577734134,263.57975198997,218.083565198779,163.56920161951,284.671125254663,266.740756637395,235.608007139851,285.872313245039
102,102,1010,0,0,10,0,0,0,0,0,0,0,0,0,0,0,0,0,222.763856312766,260.386755736347,259.076808930574,236.82102956042,248.227544382705,258.00271255539,301.127212696509,208.463997324502,310.097654246316,247.015187236402,244.747696259642,153.732625769145,211.542917253385,219.800858864173,208.927003195028,222.507633352722
103,103,1020,0,0,10,0,0,0,0,0,0,0,0,0,0,0,0,0,234.029070305143,148.514104762328,249.731700404569,202.245271272544,253.205439524499,275.208007023613,270.056784711051,263.135975200752,242.683573007629,215.262300171589,252.273670112917,227.447773618687,252.482140814945,264.459786604011,218.322371235832,255.091692613053
104,104,1030,0,0,10,0,0,0,0,0,0,0,0,0,0,0,0,0,265.180970520735,210.897942440676,151.308279163238,250.391626652287,270.057256953305,310.790832249224,311.772775237376,254.872918988165,258.17122186283,277.177922035064,246.174963543396,268.766884189898,248.447362488808,287.985994283917,232.884050499463,221.745726557229
105,105,1040,0,0,10,0,0,0,0,0,0,0,0,0,0,0,0,0,243.447533134423,208.22158789873,272.715921454297,214.795740936095,178.573838855777,245.187365797188,292.202380137229,182.869774972499,160.219604862913,259.125233623388,213.349918816911,263.573096259379,176.188467826771,243.497208775097,270.322438313709,245.257654046439
106,106,1050,0,0,0,0,0,0,0,0,0,0,0,0,0,0,0,0,202.613625463228,224.282032477472,226.080889197579,224.321179019222,234.956501243849,224.164178422621,326.659651845186,283.019084312285,279.538783074656,265.912467462279,238.910358265899,191.53836700618,183.376886441168,258.948238127018,279.387901961905,267.90061031968
107,107,1060,0,0,0,0,0,0,0,0,0,0,0,0,0,0,0,0,241.443887489106,230.723084670314,221.51013650133,293.59380300824,320.503742040145,169.127779288036,306.321733871746,273.109154573303,170.895298881249,261.620208079276,279.157261297362,268.789380695354,305.818125517851,229.078710683712,184.221308861184,234.034624438683
108,108,1070,0,0,0,0,0,0,0,0,0,0,0,0,0,0,0,0,262.739565513792,267.840331514318,308.520193551318,273.133183154171,222.999181259219,258.730711629479,301.133936172646,276.069117584091,223.872530594176,312.372806165101,275.660807829314,307.714117989719,293.735745947973,254.731970235621,249.015555823285,305.083256560944
109,109,1080,0,0,0,0,0,0,0,0,0,0,0,0,0,0,0,0,197.210774774758,252.494548114445,233.808296309012,214.914442254705,271.187243875698,196.074880761458,309.924619807463,217.070349545138,231.457148977348,255.02318069608,192.264046497735,228.058276656218,180.63628086705,222.542961054141,260.258094018147,281.475788639236
110,110,1090,0,0,0,0,0,0,0,0,0,0,0,0,0,0,0,0,289.602255077537,244.702474337568,263.46494894118,304.81963099199,301.335055891905,257.657476519852,312.113288603874,284.809307376781,280.61189886257,241.993977920939,225.480539783537,251.615223274611,273.684022869006,266.564988362371,269.905629422641,242.540531715968
111,111,1100,0,0,10,0,0,0,0,0,0,0,0,0,0,0,0,0,305.597951986437,207.569482055814,272.424042813599,273.223723305815,248.374248411416,217.949103173942,319.564293621079,254.732942519641,226.970252828375,244.653170424289,281.775076733451,243.335135109295,231.420938694851,225.588017636378,202.983626995181,345.101953505152
112,112,1110,0,0,10,0,0,0,0,0,0,0,0,0,0,0,0,0,227.728791904052,186.781327188574,241.619898788835,292.995026692075,237.845390410269,212.50433215901,305.192928214927,285.598369966741,222.157342987261,182.114269193935,237.605198077664,291.531773493291,254.871878004134,262.523941841165,264.279532556824,280.183044566146
113,113,1120,0,0,10,0,0,0,0,0,0,0,0,0,0,0,0,0,194.600102747186,163.537365962033,262.785334541398,326.061001071592,298.823683243052,265.629394066866,300.782709192493,293.674629799769,224.43316124262,210.416260902204,280.418119337761,189.810811360094,320.855596112668,244.007699421296,248.992780805258,255.502026091407
114,114,1130,0,0,10,0,0,0,0,0,0,0,0,0,0,0,0,0,305.407534632568,219.154813535797,258.81395600568,297.297928832176,254.828710792702,209.486660643255,308.858278901889,270.834081128966,268.659164098199,275.739442072555,247.080839382038,283.588185687015,229.775959599506,219.239738826921,186.600664575014,295.225090965762
115,115,1140,0,0,10,0,0,0,0,0,0,0,0,0,0,0,0,0,264.008967758187,260.8322102356,278.052478901084,241.632091857062,250.887823783813,276.031883534609,323.142148423515,264.430659571682,236.791304695057,227.722052548452,257.715624449972,239.863540584449,206.574398099994,241.350368565953,249.382887381949,305.826766226806
116,116,1150,0,0,0,0,0,0,0,0,0,0,0,0,0,0,0,0,254.792256436668,207.868136530452,281.134330347593,308.973662983375,260.392470109644,225.150887624678,324.114277104449,275.702583990139,265.277034200936,229.695449050212,235.194264285648,243.666461067385,194.501946016093,238.551623089049,229.884827351852,263.47913649522
117,117,1160,0,0,0,0,0,0,0,0,0,0,0,0,0,0,0,0,243.391147385385,286.768624781245,183.34498762965,266.018233140387,174.718554490654,289.567896976978,316.847847525661,246.11437706922,216.323793518782,251.557547832177,195.117957988702,245.40858668684,222.877108209784,174.266083554503,246.804741969489,293.893321454668
118,118,1170,0,0,0,0,0,0,0,0,0,0,0,0,0,0,0,0,226.630452491189,296.959754606777,249.290268978119,296.920984833653,262.465867831331,281.791695999016,310.312782816631,291.838708136471,240.349936384819,254.270250644725,342.113354331893,204.439477550228,232.291128829176,207.116232019609,306.537186943102,257.750909597912
119,119,1180,0,0,0,0,0,0,0,0,0,0,0,0,0,0,0,0,260.0798310256,214.398800245803,214.352737646483,183.980812366594,256.594074581263,254.380095249895,317.554050100432,255.370986054385,249.332316284119,302.508727780599,323.570570761339,258.117228780287,294.150632830391,213.669815144228,245.637293467976,232.046821060935
120,120,1190,0,0,0,0,0,0,0,0,0,0,0,0,0,0,0,0,223.232434383901,279.412411242597,250.751541895168,234.928705380554,281.451372908872,265.117530213889,314.154307524599,245.284557567832,265.225068570014,189.084461628879,192.953995705433,154.344674108927,188.518622607176,218.313663563298,304.502782109651,287.415577978109
121,121,1200,0,0,10,0,0,0,0,0,0,0,0,0,0,0,0,0,259.881161434977,263.619826323617,216.15617147878,235.420666610222,289.802819272983,299.976532457931,321.785743472389,307.320042900674,253.694079734883,281.067310538664,267.54653799084,211.894115829601,247.451109459244,244.569888549117,269.009621609579,279.358559815491
122,122,1210,0,0,10,0,0,0,0,0,0,0,0,0,0,0,0,0,279.872241471745,230.502507499344,239.701252577517,246.321442022878,253.699722266969,229.420548132551,323.15453908374,258.807529920549,187.057156710333,235.478149742105,292.736165584411,295.479081589977,262.734128612115,246.110863650732,210.322183534196,272.308491232445
123,123,1220,0,0,10,0,0,0,0,0,0,0,0,0,0,0,0,0,230.403175640807,285.265098924832,342.858063929151,177.515264277675,216.577676414006,201.86011227763,321.367246973815,282.002923797488,282.729093183103,278.246163760974,216.302529838725,250.297634892273,216.662748334945,243.45730885392,245.443975447052,234.389945298077
124,124,1230,0,0,10,0,0,0,0,0,0,0,0,0,0,0,0,0,270.408156317081,293.025641401746,268.350488311086,260.696463104578,226.504048692047,205.838730096398,306.218511483684,269.815446736146,259.840245935962,244.453774082126,221.89895739011,290.754919924933,270.394452139648,262.69168360227,301.865810014186,250.477177273628
125,125,1240,0,0,10,0,0,0,0,0,0,0,0,0,0,0,0,0,229.525393302011,198.454237734331,274.906184147144,185.457760185563,252.720134338517,284.90445881418,314.436107159075,311.658054359229,287.629420820314,284.405341829301,188.54899374557,249.206968617421,220.39613891278,306.394184763134,231.324409928662,252.772534717708
126,126,1250,0,0,0,0,0,0,0,0,0,0,0,0,0,0,0,0,251.545490645781,323.794251201826,181.458796194765,249.612269016336,225.667505423857,214.847550710218,333.591362754142,315.031215649665,233.974401394564,223.28712652883,286.872932167247,235.040333007305,243.211469488971,272.874484067351,208.838350191603,205.766732303997
127,127,1260,0,0,0,0,0,0,0,0,0,0,0,0,0,0,0,0,280.195204771528,222.069597482545,252.008439011818,249.54062111862,286.619812326851,280.169358133709,327.975158530288,195.451916270525,251.20662624383,291.047930401481,231.65424555808,226.466704932482,220.516527457763,232.585641028061,222.590652782948,240.360044856009
128,128,1270,0,0,0,0,0,0,0,0,0,0,0,0,0,0,0,0,238.056764413225,276.637484003662,207.403149852084,245.084293852056,205.364664771036,230.71410626115,335.37915022972,317.621459276223,224.310325939407,330.365754542288,214.834424584762,288.811133317472,240.530038250082,224.216222188128,219.31802614925,314.766667133129
129,129,1280,0,0,0,0,0,0,0,0,0,0,0,0,0,0,0,0,208.318826582773,246.773126617018,250.701730877519,280.44549588086,290.77611064654,230.676735865076,337.613490314994,262.690597893623,251.758005214497,239.006081624142,244.712276832813,255.496319979168,283.099121338763,246.674170340972,298.078567448204,254.341083088628
130,130,1290,0,0,0,0,0,0,0,0,0,0,0,0,0,0,0,0,225.30594860528,300.230533612421,307.09062207914,241.800579570505,274.526692724309,242.233516690346,344.963718167397,286.886400587799,326.735630436982,267.524631199439,281.391309765314,255.924505422517,219.708270117018,193.491865348899,267.558849224701,306.941601750123
131,131,1300,0,0,0,0,0,0,0,0,0,0,0,0,0,0,0,0,324.35002137818,258.603256725141,244.80936538759,209.203215029042,202.256822398863,271.879815119166,320.289620558251,196.853402568048,266.368891513044,242.948751109922,234.989491978941,263.953967029092,264.986222313995,257.771013866246,257.405275909088,281.053373022851
132,132,1310,0,0,0,0,0,0,0,0,0,0,0,0,0,0,0,0,233.234291965215,271.259039563251,249.190257705029,280.890710952656,293.995118729254,268.76513706196,325.560331496893,222.143290663692,226.154738782434,234.023215954755,314.030687040849,245.793200064985,175.654753972198,211.910208061771,295.926944378755,176.424317286572
133,133,1320,0,0,0,0,0,0,0,0,0,0,0,0,0,0,0,0,338.549209364923,271.531941080844,261.650810554486,250.956089952152,224.360889209649,248.503604204768,308.072025626516,264.962269199558,247.552724524484,233.464149795961,231.41257913823,285.80820470625,241.300002475868,296.192766780702,280.754980946317,216.802260094727
134,134,1330,0,0,0,0,0,0,0,0,0,0,0,0,0,0,0,0,310.262070215561,262.770686624836,285.125010909143,255.612275030948,178.862028859466,328.742241290941,322.948271689292,267.822150473374,262.767287681113,198.932994393353,252.588951846487,254.347057402238,228.966797410663,168.299537877024,226.658526942188,280.821579578879
135,135,1340,0,0,0,0,0,0,0,0,0,0,0,0,0,0,0,0,241.239585766623,254.660107824508,272.641017755143,207.42171013342,253.766720989825,298.714143911267,321.927455042193,258.900090805637,247.371872100207,274.266353717568,200.495618375433,277.214746946824,193.179444616733,236.480502753017,234.230403012377,204.832454038293
136,136,1350,0,0,10,0,0,0,0,0,0,0,0,0,0,0,0,0,244.100527998512,273.923719763384,245.407530877766,275.158111298034,286.430119461822,239.987680656668,290.329012445447,295.378368406357,280.663704951114,281.298528675627,261.347047483001,280.338201195151,299.549002357304,263.859931926952,262.358195081157,243.858819843368
137,137,1360,0,0,10,0,0,0,0,0,0,0,0,0,0,0,0,0,269.245169115448,293.060836841788,250.615532668931,277.479021524705,288.005337645675,300.66759428303,322.323836817348,285.384655491024,196.922597007075,329.005310908261,258.993003362758,238.74023847848,199.962241159531,217.039730271297,349.655173132586,250.168695809527
138,138,1370,0,0,10,0,0,0,0,0,0,0,0,0,0,0,0,0,258.37745976437,244.4513591905,264.83603454428,202.641603002881,256.212968386357,143.232085511797,299.660630729913,328.068291147285,268.356093299273,236.251672991983,264.450326417242,255.540443344501,226.373258196507,282.117846307291,202.516779522116,239.681985620061
139,139,1380,0,0,10,0,0,0,0,0,0,0,0,0,0,0,0,0,255.051030783091,223.813516423218,268.430755458259,248.276321194215,311.30609341693,252.155497595001,302.167470010993,303.283712457923,254.726786132815,282.85730925374,258.802763284746,238.962616954933,194.490127373383,302.566221247258,209.866184415367,254.061692832337
140,140,1390,0,0,10,0,0,0,0,0,0,0,0,0,0,0,0,0,262.799219399996,316.128597970691,235.673202819493,275.969209835933,293.542800118743,232.552569506242,313.928881127522,268.308983372011,270.285186080098,252.673090792903,191.434998677311,251.708015093502,250.268253118155,328.018575377628,243.421722620599,231.348799098367
141,141,1400,0,0,0,0,0,0,0,0,0,0,0,0,0,0,0,0,287.19489327907,253.811526428416,257.87751627529,282.120139653448,246.13917260868,236.802301139141,328.654711125764,191.234548897869,269.921437889157,233.467752156854,240.520154741186,268.091032370792,209.789288694343,287.134736885,298.490275156192,258.658053874884
142,142,1410,0,0,0,0,0,0,0,0,0,0,0,0,0,0,0,0,257.670378966281,196.693776569001,230.000626581148,350.715710244289,244.733089398764,223.585968533803,339.630197066175,239.688278351701,289.422568186852,225.753246022498,236.566806562163,261.015718653642,252.226699690204,243.056550158591,238.447394936102,204.631667674726
143,143,1420,0,0,0,0,0,0,0,0,0,0,0,0,0,0,0,0,311.891120913903,295.42645561815,245.565683341452,206.331332193946,265.424216448793,234.389295934917,309.528191228024,224.416227737968,207.929265058976,253.448140217171,263.056083792152,329.53489851273,246.841168837082,195.981331327561,220.169622666182,263.606564610503
144,144,1430,0,0,0,0,0,0,0,0,0,0,0,0,0,0,0,0,264.174534938619,202.374948871563,280.531124416054,248.413166009367,292.913796760528,263.876734326858,313.314730436658,259.665899994922,234.729028487047,162.453881916045,265.283314279087,218.794391919767,263.141476539438,261.341357881107,191.519214425883,264.229577687105
145,145,1440,0,0,0,0,0,0,0,0,0,0,0,0,0,0,0,0,217.581533934721,319.515741691988,329.824585211478,229.774452044807,308.941853451543,238.932387559137,316.326990191187,228.290648658198,179.044975843712,292.331661358263,286.328420100912,286.492636739415,175.422345377145,318.455783257356,298.543384744896,176.987084209376
146,146,1450,0,0,0,0,0,0,0,0,0,0,0,0,0,0,0,0,283.264171920812,284.262050527112,295.496859585753,289.226885318284,273.652722708282,250.011701126965,322.054556708763,205.642533246628,221.63749121759,227.660444687348,242.283277699293,208.867893609013,294.38915485131,271.663355471726,283.322863663938,240.023337055038
147,147,1460,0,0,0,0,0,0,0,0,0,0,0,0,0,0,0,0,243.109126914009,197.639891779607,235.485617386097,234.209638707815,330.488353700968,148.071193507736,336.776530460684,239.482615924821,285.205838228083,161.925177363696,225.450040610418,264.793979629995,224.754150901687,275.564459201276,282.959315540813,287.61293894114
148,148,1470,0,0,0,0,0,0,0,0,0,0,0,0,0,0,0,0,182.8109592375,260.482399278319,272.758725638422,227.000825346018,227.949175699719,238.185292901972,283.733487541899,242.260078802961,272.897605388944,190.811706585761,276.046581695355,247.893283527547,221.262722918481,228.375265704518,187.224355250747,252.070036658566
149,149,1480,0,0,0,0,0,0,0,0,0,0,0,0,0,0,0,0,239.748416618391,313.832815987461,249.672700156711,282.886774408263,251.511801448398,226.602736415042,304.043895600188,215.067939814376,187.196761171328,281.491557084938,295.808432065343,310.763971845849,279.158018363233,277.52597302223,220.741074314982,253.460735608355
150,150,1490,0,0,0,0,0,0,0,0,0,0,0,0,0,0,0,0,179.436611142227,257.948262165865,276.272948995495,273.690982229798,248.532705855341,245.534071726577,283.947500289945,253.482092061029,256.349010388967,248.643937328234,227.915321000205,205.804041210307,290.612339257267,258.107755196297,242.218212759269,273.055535437228
151,151,1500,0,0,0,0,0,0,0,0,0,0,0,0,0,0,0,0,219.665607024074,256.718872937489,213.246285426096,274.673081687028,245.751306755024,264.428557355812,288.696383422381,232.661650984212,269.228024359081,265.035941564886,238.259746660625,188.19163218175,228.535885900455,200.813288352265,215.86585977454,186.061900080938
152,152,1510,0,0,0,0,0,0,0,0,0,0,0,0,0,0,0,0,245.844970453641,217.926397376982,254.281752896311,269.089567693248,298.108888975881,230.152801766841,271.827570585447,211.924756863096,303.337583039547,247.704876605295,259.654129895409,206.441831674892,249.143182768464,194.129617630292,241.785014821048,257.964144935208
153,153,1520,0,0,0,0,0,0,0,0,0,0,0,0,0,0,0,0,250.811786836299,248.86440777981,210.126561000248,262.822305989626,206.318384960062,215.502861354197,283.016192631509,310.34695118744,234.3902563843,205.779699848332,244.756577810176,250.949791411239,334.03658044364,199.460715708117,301.568851602155,242.681964667409
154,154,1530,0,0,0,0,0,0,0,0,0,0,0,0,0,0,0,0,184.674409791579,205.022958672273,221.906726142353,248.515462332609,278.2771896518,243.935390081291,276.372041945116,295.379234175924,279.454936927691,239.084478920782,181.167466562549,191.362169689714,253.952850119578,260.266505310908,226.618622261951,216.544273738711
155,155,1540,0,0,0,0,0,0,0,0,0,0,0,0,0,0,0,0,283.893569552613,257.189984359774,262.165284179805,256.351599193561,221.386467499725,257.884415846458,289.226095348854,242.272066225273,237.569352228188,181.837645793366,248.140764200112,269.467750603599,279.040580841661,252.264792157902,239.05652499261,247.672295448348
156,156,1550,0,0,10,0,0,0,0,0,0,0,0,0,0,0,0,0,225.937775494631,240.168374304512,194.876146579835,222.244215317222,271.455115443821,269.152137794636,264.987507213194,299.616419047285,242.248897416118,213.992391165097,304.240963169407,191.52415371741,280.634665934558,257.715554378566,226.057694740552,231.498882672605
157,157,1560,0,0,10,0,0,0,0,0,0,0,0,0,0,0,0,0,202.386729289934,214.746914221924,269.637842134392,220.403000970456,273.00254914851,240.633708896658,253.089707817552,218.704770481893,244.601982915856,288.292636292129,302.861169167506,255.199486522589,275.160085573248,352.553774541984,242.338086680461,302.069681403182
158,158,1570,0,0,10,0,0,0,0,0,0,0,0,0,0,0,0,0,234.019048120208,215.982431214531,235.584926143819,274.797650382117,207.897516150753,267.774829243925,269.6562006084,285.242278887473,220.219590572289,298.076229029217,271.634765730337,268.193749815718,244.608538911792,216.630283719507,197.140158927328,237.115435755265
159,159,1580,0,0,10,0,0,0,0,0,0,0,0,0,0,0,0,0,299.892319511469,224.940501032362,250.54373499732,225.560589347015,290.879203113434,289.476028540178,287.057661216598,240.916625813847,194.632964830288,219.701135175832,160.875771414296,261.521674261001,242.774491027067,225.550915927252,214.134939260537,260.701138054846
160,160,1590,0,0,10,0,0,0,0,0,0,0,0,0,0,0,0,0,199.769550738283,188.980214164229,199.737407273114,258.410025838307,274.322973899118,212.196208289088,245.288119396019,293.300554213157,283.127172474674,281.257483736938,285.88251682396,261.227418617108,239.773282089645,210.62125473183,256.37635686658,285.770233902293
161,161,1600,0,0,10,0,0,0,0,0,0,0,0,0,0,0,0,0,156.93870336225,316.010685631096,255.889741800312,233.150852604465,269.201685567847,241.95090227609,293.940676076439,247.841011817258,267.898192426607,219.337382617119,235.204692907811,234.109265896506,226.075509356657,228.826299387515,261.134454449189,265.922480863504
162,162,1610,0,0,10,0,0,0,0,0,0,0,0,0,0,0,0,0,233.381109970029,284.890671767539,266.175958989018,209.960021814514,273.690228154927,225.502594374722,302.093956412826,238.545675095811,281.069200771562,289.339443410985,250.433519355058,257.466944991686,270.854413227996,253.635051012873,234.1329515314,210.643942425645
163,163,1620,0,0,10,0,0,0,0,0,0,0,0,0,0,0,0,0,249.501753228515,228.366468547715,204.349838695175,161.731086134717,323.472205764695,186.189055878145,331.61546624092,268.621508132495,255.489397290528,259.114532802805,193.601509410036,280.544763951804,301.527616562826,267.667781025237,238.244098366107,249.47437176792
164,164,1630,0,0,10,0,0,0,0,0,0,0,0,0,0,0,0,0,245.7875115834,225.600139211513,217.817191055857,290.528594168789,296.145685951743,292.869373339696,313.079253213875,252.655333213201,197.926051610445,260.851131726655,290.177491375278,240.2230536597,276.899836224255,237.775394547594,261.599800026237,253.089782725456
165,165,1640,0,0,10,0,0,0,0,0,0,0,0,0,0,0,0,0,257.699710380668,274.070199829743,222.730864902341,194.627861978005,258.646668067841,311.762017065813,341.290373770943,217.078467830594,279.270933075798,260.04447006023,239.188277291513,231.833468976421,222.995278745063,344.599762982261,220.127639857288,229.923871307927
166,166,1650,0,0,10,0,0,0,0,0,0,0,0,0,0,0,0,0,201.779653195855,249.922589173301,236.964182077273,159.342291088123,287.816874155682,230.82123656609,335.330199912457,240.172605877886,269.292892596903,247.291814946304,210.088005059044,209.809147596194,247.114462949085,240.993993375141,230.666211539877,224.024547151909
167,167,1660,0,0,10,0,0,0,0,0,0,0,0,0,0,0,0,0,260.425990894973,240.928814521215,297.710595204791,271.280156930897,341.490043421993,294.118124446225,340.274943787151,268.27720647618,220.433011925631,274.879883797933,267.777925674278,287.164267474309,201.738278880926,273.475217446753,267.435271742519,298.434508978028
168,168,1670,0,0,10,0,0,0,0,0,0,0,0,0,0,0,0,0,236.582152762602,277.718131345839,269.030397844694,204.934771006378,267.24397261128,246.25971849036,361.526658689901,260.158413569916,260.556713237649,327.996752275155,219.552390081007,260.583545277895,274.473156466608,224.332779885316,222.037235796753,266.642785094326
169,169,1680,0,0,10,0,0,0,0,0,0,0,0,0,0,0,0,0,239.84279879643,280.419033047454,244.212138617404,288.480269514013,358.955637128879,231.071602220092,367.282655933716,244.356010947765,205.65365546877,257.843172024777,228.944226967622,237.251830367354,204.398569191617,239.467656627263,241.612082304467,240.841042288081
170,170,1690,0,0,10,0,0,0,0,0,0,0,0,0,0,0,0,0,251.3401899344,269.042195685049,230.20990728235,232.503623327508,276.920795319059,216.272036122389,372.34670987059,253.212318966606,314.053337668504,281.577774631441,223.301716636813,277.489063432459,218.688288605959,228.284402268883,219.917273501478,173.694404180038
171,171,1700,0,0,0,0,0,0,0,0,0,0,0,0,0,0,0,0,225.766611555355,274.919299995189,205.700734516856,220.826375416192,265.936898082356,256.069968319476,365.153666255084,284.678883062818,276.108360753171,253.54023835612,258.154489787797,260.545531306928,313.144828679822,228.936218465558,224.569926686324,222.859987648156
172,172,1710,0,0,0,0,0,0,0,0,0,0,0,0,0,0,0,0,208.992165559513,262.192334490992,209.843254778829,269.223408979117,235.947434180701,244.294413181859,368.327878106798,254.50867183228,208.150960336862,250.596636317267,273.024419051495,267.41591236743,225.495905144768,291.803025841238,262.368030887266,180.388388269355
173,173,1720,0,0,0,0,0,0,0,0,0,0,0,0,0,0,0,0,293.855157091108,243.695651376292,266.178320988477,225.805355741992,277.932924480278,253.554746507296,367.757660053567,266.713197675545,186.134276220701,237.116973268226,325.679873803782,211.823544514497,262.040020457419,243.795328200031,280.594391111868,180.578323036666
174,174,1730,0,0,0,0,0,0,0,0,0,0,0,0,0,0,0,0,284.249666162493,288.415113041543,283.742514150602,227.198756009237,197.329378872895,273.660106921328,369.811667624095,206.786820065819,245.624426449236,313.544787153318,236.581993904966,182.463347129245,267.837076968206,270.93670177386,276.850186036364,286.999397095784
175,175,1740,0,0,0,0,0,0,0,0,0,0,0,0,0,0,0,0,182.14966459012,236.7249625877,276.994646757399,326.39172763778,294.112282147146,256.235853126451,364.600030257906,199.247476696723,262.531182395998,235.386270849311,282.772881073356,192.592391538446,309.456563473754,280.783235560988,207.511618750615,223.480575785296
176,176,1750,0,0,0,0,0,0,0,0,0,0,0,0,0,0,0,0,269.485543641472,222.842267980041,291.618954426889,218.719204226018,257.376144156122,185.993569961316,368.186905453235,290.356657509469,227.416621599556,249.368726456452,339.861381611054,282.620908913528,256.100195325255,236.936969340817,270.688678628258,225.735406967113
177,177,1760,0,0,0,0,0,0,0,0,0,0,0,0,0,0,0,0,249.255967756086,273.56630364017,224.218421890331,257.959318759935,236.053958981077,270.373909507578,356.382439409667,277.292073659123,215.032175824743,253.661330201612,369.586903943555,297.010483385808,222.566452147176,216.250189229164,300.268701663577,216.977203270068
178,178,1770,0,0,0,0,0,0,0,0,0,0,0,0,0,0,0,0,309.727012260117,258.630764068304,207.201488182155,222.430189081747,225.054940684684,211.907633486387,370.858702672336,239.070628829793,263.529949360864,294.271824137786,217.752035056129,241.386915814351,246.280257928127,267.833367249204,245.793960898082,244.597217066659
179,179,1780,0,0,0,0,0,0,0,0,0,0,0,0,0,0,0,0,246.206002123838,278.06303119533,224.630963979281,206.007731452577,279.525067181821,207.81794047358,318.643702416689,199.647271875406,319.532643624921,212.172001307235,259.23127237797,295.989138002324,279.164983946932,352.085373505856,265.728080046823,279.326707530186
180,180,1790,0,0,0,0,0,0,0,0,0,0,0,0,0,0,0,0,289.981742591709,303.870428436032,251.391166085161,208.841038473051,245.21494691911,267.441064560938,336.924764153367,233.444880901025,329.031837593152,170.161783387863,252.482483989068,209.709604451798,205.680689742081,208.39753236086,334.048647031981,319.431925867842
181,181,1800,0,0,0,0,0,0,0,0,0,0,0,0,0,0,0,0,212.877906237167,200.406306335895,210.066712524214,246.568056401918,215.69351317589,312.643767514743,321.183771297673,215.890787346478,233.072493698029,279.749164650939,271.618871008409,228.901432156195,238.080476316027,241.675574946169,311.996739009823,342.759565077278
182,182,1810,0,0,0,0,0,0,0,0,0,0,0,0,0,0,0,0,208.33639496853,261.385577461685,255.944777484642,314.223227016599,139.792246268296,239.601319516205,295.43743561145,288.989311754256,293.028677381112,240.932228482609,256.226377061337,288.180162756347,151.460757894975,317.018338865556,250.728972337262,291.161129310784
183,183,1820,0,0,0,0,0,0,0,0,0,0,0,0,0,0,0,0,276.135005963913,172.062282067068,185.914635099241,220.859537160301,215.989827699103,221.823846442697,324.66924301294,225.565125048423,205.822614761507,239.357713342623,247.826120626966,338.614733019915,288.335825373826,232.514455496721,203.591758217476,222.179942893034
184,184,1830,0,0,0,0,0,0,0,0,0,0,0,0,0,0,0,0,267.526903453627,232.438320408774,278.807167519138,221.508007416757,290.008414282068,250.175665223916,322.230872232283,249.544148741407,284.399349474539,248.812961734009,242.819431239594,263.261805156637,204.606352388912,267.061399296387,206.502628552362,198.886762935402
185,185,1840,0,0,0,0,0,0,0,0,0,0,0,0,0,0,0,0,280.923750708914,271.460008835576,219.689878736063,219.817499397357,253.071016796422,255.747600016437,291.967603329204,223.76044210015,228.190499995537,219.376636084106,259.588185003922,309.08224947949,264.498737594478,320.304009819794,159.007305439053,174.082653637589
186,186,1850,0,0,10,0,0,0,0,0,0,0,0,0,0,0,0,0,321.005378732902,236.860146851478,201.033114749372,243.284334274175,275.908252038134,228.504453408906,303.306272351558,228.966724400255,257.483387238743,279.555959428965,235.895519797504,279.947214947678,231.623871244067,216.22293666633,208.948771320747,255.816326094408
187,187,1860,0,0,10,0,0,0,0,0,0,0,0,0,0,0,0,0,284.376590241115,201.009459827686,211.864906508014,245.055799482151,230.490260815218,303.832638286835,280.171313980395,240.407073653988,213.990866580618,279.089374624576,206.916428118271,240.560508020466,171.675086232893,305.98515790529,318.526545404309,276.636731084649
188,188,1870,0,0,10,0,0,0,0,0,0,0,0,0,0,0,0,0,300.804327147846,246.132470319969,286.587799263804,178.448687464003,231.165017234756,289.131552070329,295.124697869901,237.443152176004,256.224031573635,279.547150715273,310.661968132682,217.219032143176,294.001040337215,256.434769810849,188.680623312824,172.538261490874
189,189,1880,0,0,10,0,0,0,0,0,0,0,0,0,0,0,0,0,245.929228576203,276.970539638516,298.016224450491,246.676410120673,256.191569128503,244.600569900262,269.465411966368,229.374247769056,242.969904154761,230.224297462262,217.181418438755,252.555020450332,280.891076613437,254.689978625132,211.53994489659,244.790643287132
190,190,1890,0,0,10,0,0,0,0,0,0,0,0,0,0,0,0,0,250.448234871909,308.980859637728,226.777605710083,267.589739113644,276.879511805221,197.163144262216,287.831434769042,221.674613807665,274.19630723436,249.572223132798,220.968578405979,297.921898760251,257.536764689653,298.745510722834,321.776836792672,276.055149755792
191,191,1900,0,0,10,0,0,0,0,0,0,0,0,0,0,0,0,0,164.30422376131,275.416314622599,272.14240125858,234.692719916542,271.629877509603,237.721033330962,306.329845190927,252.414816708324,226.692963899768,209.176308931836,265.686284518391,236.546656617204,238.854913869898,281.247958039925,254.14572609473,240.445410357781
192,192,1910,0,0,10,0,0,0,0,0,0,0,0,0,0,0,0,0,239.627606929116,242.265778954105,229.487739676975,289.470854842095,250.019767396677,226.656180452685,312.794575834511,251.671921185948,289.620041272602,248.515910893779,245.598713307924,240.622634699641,263.127292451567,258.112299184062,247.158585341852,179.403749525813
193,193,1920,0,0,10,0,0,0,0,0,0,0,0,0,0,0,0,0,176.527203353422,219.325570279982,235.390585938614,270.625293330151,229.374050857366,233.892999546392,336.160573557769,254.671094188565,261.787883497244,288.532660850822,191.674585656239,239.536176025995,252.052224222189,306.755820854666,161.766117785767,236.848530448565
194,194,1930,0,0,10,0,0,0,0,0,0,0,0,0,0,0,0,0,172.135387106123,251.684948928821,253.915020873326,229.749280038633,204.612542502266,195.92017561754,339.13459320548,266.057647155006,278.457198456074,282.235061932751,242.489836210882,210.418832551312,184.478798562069,324.885674898017,262.452606960685,196.24752031501
195,195,1940,0,0,10,0,0,0,0,0,0,0,0,0,0,0,0,0,202.152046745104,239.795550227037,281.919448946188,240.701536329777,264.527640036525,268.076154515907,343.3871061075,265.006504235436,229.618272732076,315.040589696988,236.560373749351,214.351486899051,254.990127124543,286.954157490818,252.317071276819,232.61650005997
196,196,1950,0,0,0,0,0,0,0,0,0,0,0,0,0,0,0,0,222.817416882985,310.331542804569,253.782643412916,205.364137517407,241.607875685004,231.692069584978,337.675187186277,183.656829769031,172.720680696073,319.902704551002,301.759786773197,221.715673015355,284.064107454349,244.818949437021,217.336470997966,277.238035098319
197,197,1960,0,0,0,0,0,0,0,0,0,0,0,0,0,0,0,0,246.408250301475,254.859067650215,243.940303089241,260.973915590452,215.748324615116,194.197919284546,351.138413213287,271.161622282234,276.596667365068,298.807350704683,249.250436996153,243.054327929538,245.315521992908,220.642767601558,220.569444106022,241.796505077406
198,198,1970,0,0,0,0,0,0,0,0,0,0,0,0,0,0,0,0,230.884654803737,232.204134007426,250.025080951521,219.902235295638,198.678648536582,238.896286551789,342.523051143592,254.195053510219,308.34552350543,235.026481723489,220.915789113571,195.912061051301,237.637476760391,234.459976977847,229.784510525714,255.872944692697
199,199,1980,0,0,0,0,0,0,0,0,0,0,0,0,0,0,0,0,226.231153126556,248.0428927359,217.916652814697,273.920991938518,254.833787833167,235.233370021553,365.512518271141,273.642924075459,264.554057113556,224.851221339012,235.433444491164,301.582356387303,311.716489109493,171.558131769092,224.293782723386,270.250305421639
200,200,1990,0,0,0,0,0,0,0,0,0,0,0,0,0,0,0,0,262.178868851531,277.667261424912,235.285812177795,296.649624487654,230.117702185591,308.727452387934,344.017194303269,285.858457825378,277.758845006518,185.763462503611,259.073837528176,284.885006227758,239.097309367095,165.937519861772,240.36195087982,247.29835415398
201,201,2000,0,0,10,0,0,0,0,0,0,0,0,0,0,0,0,0,304.362749853747,289.951210440671,216.362381596356,258.064401174207,283.359045341467,243.395867321626,351.40645915394,224.948871081964,241.537982100149,259.851485547126,247.157866171085,199.971730823033,236.516255083392,253.453982351564,264.170471902805,298.628111585768
202,202,2010,0,0,10,0,0,0,0,0,0,0,0,0,0,0,0,0,280.417301405799,246.65804820559,222.964666499084,248.784262042427,277.038554354257,222.612237572014,330.731686917966,206.598855033828,254.408621709465,219.377136892094,267.368767642665,278.011090905247,236.472791453052,249.376226213061,210.30983013808,209.27323764121
203,203,2020,0,0,10,0,0,0,0,0,0,0,0,0,0,0,0,0,254.253574417029,180.951285787203,222.299736111453,210.680027587609,309.927845666225,177.903953523353,330.898856191743,295.683032006262,176.864523549102,266.969038122102,249.665635179909,302.047191915958,309.877028222939,310.706750696713,208.237505353307,267.28143889974
204,204,2030,0,0,10,0,0,0,0,0,0,0,0,0,0,0,0,0,247.634423208365,254.483723271755,274.855131238718,239.472818265526,260.656573012773,276.949067713688,335.74614335353,226.474204618708,244.867621891841,229.335218625283,276.921790015328,230.188861427601,238.636107304271,210.976472899714,185.665009769655,200.475590879498
205,205,2040,0,0,10,0,0,0,0,0,0,0,0,0,0,0,0,0,257.179182655563,234.104928609376,221.396138447828,278.988703850744,253.870158976516,279.04761871832,372.87251603658,248.557334437657,274.794254573733,201.435555065895,216.97733885086,213.291891412748,313.255043910056,286.572450070836,264.090103185782,208.089036503787
206,206,2050,0,0,10,0,0,0,0,0,0,0,0,0,0,0,0,0,251.223079112919,243.748995338372,176.398019541817,202.414315429623,220.942660249689,207.619700652338,323.601599899778,294.27568083181,207.747621370653,202.491063014047,254.549706951651,273.221033511632,287.723623532549,285.085822007029,296.043121544274,197.42025212805
207,207,2060,0,0,10,0,0,0,0,0,0,0,0,0,0,0,0,0,284.389288167644,212.134622666261,187.089148111567,268.07252623305,218.022342600037,285.944812994868,351.511826546672,210.76570984511,259.234641576146,213.688348171683,254.24549627265,275.48974421773,228.183243796912,203.896557427301,237.23116838619,253.469205190399
208,208,2070,0,0,10,0,0,0,0,0,0,0,0,0,0,0,0,0,211.769147554698,265.096943499288,219.832527063768,257.195616372126,257.566076355504,235.636914522386,336.196897128648,257.857398204623,321.512314267715,245.120054873237,245.63447056953,206.131222463108,262.989779540871,269.092010822268,288.895162116573,291.299797284391
209,209,2080,0,0,10,0,0,0,0,0,0,0,0,0,0,0,0,0,178.881344023814,217.151812375673,308.902158588346,237.803259527744,230.353412266301,287.151088550517,360.832416402725,190.971238788531,243.390337746234,264.896081818004,212.883380825326,194.306380323638,240.238259580207,313.350891872405,228.729847949001,290.677176726792
210,210,2090,0,0,10,0,0,0,0,0,0,0,0,0,0,0,0,0,256.34109476405,244.972045241196,236.373665808159,240.571619401844,155.009149469552,239.041855486145,366.830624835231,257.275216432028,237.309797231812,236.492554895235,280.429295642152,267.3830181083,287.795921351829,286.829418785005,273.206798769635,220.59651903486
211,211,2100,0,0,0,0,0,0,0,0,0,0,0,0,0,0,0,0,245.431967867687,340.060946524004,230.623934389421,235.871348011255,218.441036623118,157.299208074103,377.088202937995,221.926482034534,251.112413873495,212.687378292932,328.591994116837,233.888821450938,247.949496421941,236.782557524901,299.036379751187,236.806505062108
212,212,2110,0,0,0,0,0,0,0,0,0,0,0,0,0,0,0,0,237.258382862896,262.269029980316,230.05406905243,255.015292989701,214.58056401338,294.463755844181,375.767539985961,230.212057096877,180.533990562484,261.589294104212,239.986639954835,232.336517352361,211.249388120944,256.925679140188,237.757032159953,180.840879922651
213,213,2120,0,0,0,0,0,0,0,0,0,0,0,0,0,0,0,0,228.326747225319,216.205452218294,263.386278599044,222.789944440278,281.494007655072,221.858697824604,391.494951599004,299.262804321261,184.88745379853,224.399024731612,217.906554654142,243.644489483805,271.897367100932,276.187709928471,192.096526320575,266.978339853435
214,214,2130,0,0,0,0,0,0,0,0,0,0,0,0,0,0,0,0,220.800553132378,318.876571805237,222.632775987469,222.534888138313,223.854783607722,228.39093428855,376.854907654286,184.9924880308,224.497387681051,254.887335526282,272.055294530362,241.879454111285,199.355197899933,171.163484949881,299.909802590893,259.711963106828
215,215,2140,0,0,0,0,0,0,0,0,0,0,0,0,0,0,0,0,210.358013216117,243.615936222503,285.159330955214,281.504198717896,239.846671304032,245.628931580965,355.230941738753,258.075672737928,217.666664188558,218.407772770347,262.322849830558,246.222381293957,254.214748499416,239.814024934022,229.046117159633,244.857577588036
216,216,2150,0,0,10,0,0,0,0,0,0,0,0,0,0,0,0,0,216.513242833773,285.616642186146,253.185907340964,215.3604708154,290.296162280078,311.768513271058,334.020113313472,227.404876242215,262.402448811482,212.444432207051,261.28755610106,271.623746158885,268.802650947574,265.954812879008,215.890730112306,281.823597655805
217,217,2160,0,0,10,0,0,0,0,0,0,0,0,0,0,0,0,0,252.041028707458,261.924412595491,282.963463607712,234.610488265053,178.390569937151,253.113109661722,348.134318133104,205.416446729057,286.04172136857,216.101509195629,186.374389193865,277.185391027688,238.525099141047,274.915433512851,238.62640550824,206.42486168798
218,218,2170,0,0,10,0,0,0,0,0,0,0,0,0,0,0,0,0,180.410726300567,206.250970199665,231.848798794395,263.655955923013,255.698335527667,233.978806460631,351.426112454028,261.038303194842,250.371056231824,275.035176077821,263.881202089913,317.459238565055,208.293207164131,289.884333148039,266.26196219995,265.051381761592
219,219,2180,0,0,10,0,0,0,0,0,0,0,0,0,0,0,0,0,208.151161675256,319.075955275927,253.075834519564,241.989464823321,273.719612093852,173.411371056297,345.574023162442,286.521837387665,263.11725677675,274.987963652859,273.432495744167,288.077643630448,179.83008409144,225.261529528731,266.886401361435,128.64603598403
220,220,2190,0,0,10,0,0,0,0,0,0,0,0,0,0,0,0,0,272.600255446868,278.118523534324,224.385216028586,258.296548037906,245.730874176806,243.690709553258,355.071147932467,205.076638710358,235.449944531171,259.339450470896,230.024720541323,239.914894247393,233.604449172455,225.124291315976,220.228963700233,245.068407333998
221,221,2200,0,0,0,0,0,0,0,0,0,0,0,0,0,0,0,0,248.77485178897,198.200180542873,235.778096086984,217.048252716758,298.284776217106,194.512938573355,360.363940760608,173.4703593382,199.80897111212,232.239741802705,283.501722014951,278.289413987786,220.807406017181,244.304215579205,305.014238252239,265.687977183565
222,222,2210,0,0,0,0,0,0,0,0,0,0,0,0,0,0,0,0,262.742056158019,228.503923977266,256.541795061832,236.954193897664,267.333953494032,233.211033632419,379.327498870752,218.424516656496,322.105766346052,214.196798562102,246.598904243183,221.914742443808,153.067431012634,312.056180372314,243.433518435051,230.764820185185
223,223,2220,0,0,0,0,0,0,0,0,0,0,0,0,0,0,0,0,269.640289375992,202.566392000934,236.183645021999,267.859562808534,255.433463639951,196.487776174964,357.662366913469,271.359498368828,254.631502080821,267.608393052397,277.019526617565,274.804374071722,268.903403899411,253.459000808485,262.481655161465,235.029957860334
224,224,2230,0,0,0,0,0,0,0,0,0,0,0,0,0,0,0,0,267.430487980605,245.485924891004,231.280271139539,275.958429553966,279.852527768143,257.988076497767,333.684832502791,260.801158972659,325.100115605895,234.324526674289,306.041925062327,259.013111079171,245.123709511134,156.090730426988,239.891900961375,312.287856516383
225,225,2240,0,0,0,0,0,0,0,0,0,0,0,0,0,0,0,0,214.188458878184,293.779802422256,195.981353064702,215.88858323725,246.286020140451,181.923467339411,341.640579153272,275.419695896931,298.613880590306,241.619921833615,266.530067345619,219.655736988552,250.189839698476,273.40779685414,278.531887279319,212.166137618514
226,226,2250,0,0,10,0,0,0,0,0,0,0,0,0,0,0,0,0,256.82089326255,276.956992388714,265.339158389977,226.064982328949,229.538458950211,288.115143438575,335.062561046981,244.290381433291,245.204075600656,232.910128454332,245.884881231629,253.750600558544,261.673111942252,293.675738824746,288.972945561383,295.932808088373
227,227,2260,0,0,10,0,0,0,0,0,0,0,0,0,0,0,0,0,252.575958385682,190.664121604141,256.652032650656,316.29711455107,287.081702274601,257.82060079538,320.125549274684,202.992507554293,234.644354939262,295.765194988204,242.618768264666,192.33259958151,267.109912014015,245.343711946733,235.778880798941,267.615218101573
228,228,2270,0,0,10,0,0,0,0,0,0,0,0,0,0,0,0,0,286.303343632184,246.175212875475,294.120154275199,226.805605028481,304.608888534362,231.807542558289,319.762325808645,233.006587824831,229.974947398605,205.017436965834,254.064685920047,216.798345089849,248.991267194011,263.269415055664,249.025127598281,267.817232916718
229,229,2280,0,0,10,0,0,0,0,0,0,0,0,0,0,0,0,0,218.91497536234,209.583827637792,210.938917616669,324.545581868191,211.303683710362,226.256283551201,341.954729650741,233.656153636457,235.407599528612,303.312235726617,262.280450036535,233.043761468345,235.351413805358,293.570827929775,237.023616128729,257.297224688445
230,230,2290,0,0,10,0,0,0,0,0,0,0,0,0,0,0,0,0,226.14997123354,228.138456841502,264.258792840192,175.447722539888,199.160392985411,254.934090404663,332.662319399212,262.77072019405,238.971521510702,223.157812880425,222.484175218576,296.233756890513,317.955717204677,247.29173022061,196.442277364467,344.471362882479
231,231,2300,0,0,0,0,0,0,0,0,0,0,0,0,0,0,0,0,306.997972710953,339.834094333191,247.202800170921,172.149044421778,218.427218321373,296.598422464518,335.857249854043,172.109506042787,307.424105390751,317.128355872151,326.662045713469,274.759828092294,288.487303179497,270.045980859761,273.48934702322,259.986581048481
232,232,2310,0,0,0,0,0,0,0,0,0,0,0,0,0,0,0,0,213.592922811553,284.384285045988,178.959552603964,264.572629349873,253.1517002992,278.728735809017,360.401591674953,242.719433659232,270.440386099156,223.069755394089,219.567146984155,221.37271738101,227.862563969454,287.745381479055,235.537558118722,243.811865728488
233,233,2320,0,0,0,0,0,0,0,0,0,0,0,0,0,0,0,0,256.429579275174,292.749089806619,242.564383852547,261.221338755806,244.820365042606,214.020449362342,337.954070926862,255.009211086214,275.553631912566,199.687197488895,189.212817629257,181.370252847188,260.212625926663,226.230728033219,257.839855015966,247.92349066063
234,234,2330,0,0,0,0,0,0,0,0,0,0,0,0,0,0,0,0,264.085778044178,233.015953628362,282.482857289882,287.975348803689,249.774660309337,208.946615806127,333.549127428957,303.718176700913,344.496178946763,255.699775613945,271.14883220219,286.186680751797,338.172303976059,272.407542784322,176.444321289841,233.43156353302
235,235,2340,0,0,0,0,0,0,0,0,0,0,0,0,0,0,0,0,236.624540911709,237.285530322179,282.755943671427,272.634669541488,274.024475741803,175.293101549091,345.56731945166,242.323119853616,268.636665279117,277.957642342269,290.615506740658,251.420992082149,218.588733328315,230.683058889704,261.209071649455,225.527452874956
236,236,2350,0,0,10,0,0,0,0,0,0,0,0,0,0,0,0,0,158.841732456264,232.624689865638,255.900237463362,214.295909347951,313.18648190627,205.876877842447,348.765284034078,182.308058233871,250.079931263778,187.778405146259,237.899112329143,258.90042451005,255.753843340821,306.314884151021,185.544841230073,210.10407333518
237,237,2360,0,0,10,0,0,0,0,0,0,0,0,0,0,0,0,0,290.961014409297,277.431060978515,172.021138052499,251.694700802617,221.461669473748,211.973863745283,300.549100086962,234.890834560257,213.800662005728,266.194518209692,264.123437503589,244.473698482905,224.118520961807,233.476221790011,231.014761857593,227.316149390506
238,238,2370,0,0,10,0,0,0,0,0,0,0,0,0,0,0,0,0,309.627214279628,225.003736138019,176.114655443221,217.347756172223,302.534125722242,301.115034995733,344.921152746231,295.286942522831,257.57848369733,254.146679884126,242.085735443483,256.016938770883,306.431457773469,221.424907052775,243.406604924726,180.720678454204
239,239,2380,0,0,10,0,0,0,0,0,0,0,0,0,0,0,0,0,232.449490176825,260.09837129468,281.715715084453,270.819994782317,277.718408594717,209.374108931558,345.344541324723,215.620849306247,260.567311364596,274.368918089544,238.921892491443,274.269311750673,239.062028910943,234.832624899468,203.023998452476,267.402444494807
240,240,2390,0,0,10,0,0,0,0,0,0,0,0,0,0,0,0,0,240.781399287575,257.020113702876,241.654289490783,252.926402647939,201.518649534649,283.062290905707,340.141223878335,241.388751424427,219.225275446326,263.194814504537,276.471344293357,242.104111813711,219.754871136656,215.086584587146,207.764004927222,271.401372519229
241,241,2400,0,0,10,0,0,0,0,0,0,0,0,0,0,0,0,0,215.801923855794,239.571798409512,321.981373834656,195.829469370312,220.45068549225,233.861633108258,354.720401308248,293.862721211953,329.939039147992,223.863324509463,259.751210161885,307.170977925696,214.013291566767,207.952803681562,262.788824169481,278.613949805271
242,242,2410,0,0,10,0,0,0,0,0,0,0,0,0,0,0,0,0,278.375878429361,252.385313346199,196.84194972186,243.115644335619,208.706418648215,335.159346015578,328.642028115677,218.186756488968,183.194310844957,271.76964834483,264.907008570907,240.630956262221,252.74849779608,225.560157208045,302.641981246718,261.033142346614
243,243,2420,0,0,10,0,0,0,0,0,0,0,0,0,0,0,0,0,263.847541865041,288.18554226744,245.62013022174,285.879417031536,252.935720997133,211.70006582583,345.376850664229,178.136563717436,278.040451393122,261.310805108918,215.939197468896,260.312497709739,300.201662578618,174.974669053267,186.333575478938,221.819629719981
244,244,2430,0,0,10,0,0,0,0,0,0,0,0,0,0,0,0,0,192.877749777726,246.238272545328,283.313788739579,278.566006340415,271.479268701505,315.44923737454,345.345656207545,282.274361410343,232.75326040677,286.711493259167,265.239262722487,211.97597932211,178.72893426669,248.306709153694,283.618359338421,277.489794460926
245,245,2440,0,0,10,0,0,0,0,0,0,0,0,0,0,0,0,0,251.237911192247,220.70850330261,250.655508611343,173.651366281718,203.858344624979,197.634725579025,364.066612953627,287.936602642836,185.912898291748,231.522475835565,261.448146618503,265.954128410761,200.13009066407,263.20528683298,258.476727956969,279.12124511783
246,246,2450,0,0,10,0,0,0,0,0,0,0,0,0,0,0,0,0,246.935330052824,256.631555360442,187.421455283256,198.142851928971,214.800585389959,169.173283740973,367.473049020077,206.67659613724,266.71083025894,273.5853367178,286.208799038662,279.919644088926,236.773645728169,204.002847025366,263.970946494854,218.449875066313
247,247,2460,0,0,10,0,0,0,0,0,0,0,0,0,0,0,0,0,240.284526064599,205.031909699808,195.302940749254,200.75672663803,314.093861641949,305.168321048825,381.451536015311,212.721141816429,204.748953674584,193.565937236867,213.019864350002,170.032786936656,305.96546645852,240.653354792119,252.420039195916,249.766957786744
248,248,2470,0,0,10,0,0,0,0,0,0,0,0,0,0,0,0,0,187.222631900876,270.285095614661,204.532659990471,267.07755562732,181.222390769284,257.064743551718,353.444169248759,240.232599876569,311.836009579868,199.795291210857,199.748697766489,303.777792587919,243.390530284696,289.888292717076,217.427672218061,257.661512546482
249,249,2480,0,0,10,0,0,0,0,0,0,0,0,0,0,0,0,0,234.433816291298,337.965493586552,201.289672740705,215.091386186183,233.205781489006,320.524347257282,370.960340248139,203.042926234589,152.225207213685,281.131854480469,250.738904187406,263.399743102631,294.0274764868,284.204201796575,261.646546430736,176.553300542591
250,250,2490,0,0,10,0,0,0,0,0,0,0,0,0,0,0,0,0,183.644014530892,233.724004604944,253.770966546717,291.408264573923,252.121565116593,232.796096652311,371.751196253512,286.899289717672,169.568690883951,249.144348358487,250.017043603935,296.60765737334,272.751865284627,205.664724843059,248.235207901289,182.376217116379
251,251,2500,0,0,0,0,0,0,0,0,0,0,0,0,0,0,0,0,267.211461505517,226.864005247946,280.443664917749,232.492226081871,261.758402446776,239.150369853312,375.699894178506,267.774878359129,227.662100911154,213.500001059548,235.379171052079,237.12655262054,223.982136813111,276.824141482245,289.129370242868,277.831011972444
252,252,2510,0,0,0,0,0,0,0,0,0,0,0,0,0,0,0,0,217.58474867266,279.685785648302,201.036682549005,263.145190588705,326.974507229277,251.23338011277,378.497051365295,250.784339294219,256.55974090402,178.971820915791,261.251121815301,261.3325982907,251.747372658283,242.487476705931,293.236456539003,181.537613623808
253,253,2520,0,0,0,0,0,0,0,0,0,0,0,0,0,0,0,0,282.521055815944,301.697098474001,256.572583397879,190.715686830278,223.237635073426,294.972471116066,400.84086988557,226.745068637901,269.237171331837,223.287553045246,253.889206594869,185.845891483461,262.310047926845,214.761842867332,237.878965173325,253.509124483336
254,254,2530,0,0,0,0,0,0,0,0,0,0,0,0,0,0,0,0,232.804267710137,264.484628081464,239.585450008285,300.668575173495,264.787862581259,267.606785487543,392.474558764377,234.840583469378,284.838291418821,288.421245663102,274.299245580492,278.351142869297,223.276902128715,338.305484368468,265.160808713593,229.144830733649
255,255,2540,0,0,0,0,0,0,0,0,0,0,0,0,0,0,0,0,255.511854890034,256.283505454026,305.205178797259,180.420378738682,245.603225008725,278.929086540328,376.8410766489,269.905832902683,273.068081953396,273.771638461523,199.567049463703,259.543900330721,225.444423484815,236.691352173994,239.143671543241,229.475619374452
256,256,2550,0,0,0,0,0,0,0,0,0,0,0,0,0,0,0,0,226.27119710121,230.852617876694,241.246424208639,290.978670889912,305.538438366251,253.432876662759,361.538355634754,205.439768334563,286.000186137644,292.317718844058,214.941374473335,199.20378456422,258.250661764664,317.508270420622,213.945223795104,271.441617078451
257,257,2560,0,0,0,0,0,0,0,0,0,0,0,0,0,0,0,0,284.435099805643,257.356887580779,147.296809907863,341.972663852652,257.485106598151,297.454105544136,374.040442596892,232.156445907171,251.25054075063,215.848301871791,262.462740586615,204.971875086518,229.706239900058,229.513870635491,286.801150905392,279.772508566689
258,258,2570,0,0,0,0,0,0,0,0,0,0,0,0,0,0,0,0,291.135419945751,258.495736107432,275.259373289313,245.821743852914,245.744313189367,237.983858510363,346.309156662454,339.116486405811,269.994791011629,231.276047757515,252.780183293741,265.152857841956,268.998602555277,284.145923017136,234.511185580786,259.358934592505
259,259,2580,0,0,0,0,0,0,0,0,0,0,0,0,0,0,0,0,230.61217243993,221.128315106432,300.290151057403,178.439879787464,249.959025343345,271.657551681934,332.728055192962,271.151582905176,216.265986965396,255.985295400012,231.421134647378,280.559663243748,236.200011516478,215.202659865966,288.82175832643,138.661961347216
260,260,2590,0,0,0,0,0,0,0,0,0,0,0,0,0,0,0,0,230.588749352489,257.656476764004,326.123692866759,193.644000522133,183.978666439572,177.767872676932,335.369397185534,304.242729967815,291.117299022101,307.490559556241,226.255860648997,308.953150256626,268.449163863745,290.615736538937,278.638365725292,217.122478279512
261,261,2600,0,0,0,0,0,0,0,0,0,0,0,0,0,0,0,0,249.864517733495,229.978113031869,239.9178030225,260.680366237744,306.812891726171,207.492593087093,322.479436713196,217.677943533702,233.81790371592,238.679036946939,160.592446021731,306.438089877898,291.595074444347,229.041725414287,234.731804037437,315.905575516233
262,262,2610,0,0,0,0,0,0,0,0,0,0,0,0,0,0,0,0,215.815318110022,301.401862864488,159.301546123305,197.554417566405,288.434825672946,270.445730812783,322.17769080872,258.819656486629,206.419957498457,224.832336248802,223.250705844609,214.763274707806,251.839132720813,200.235226503696,235.995844949362,312.194235283907
263,263,2620,0,0,0,0,0,0,0,0,0,0,0,0,0,0,0,0,225.498107159814,227.195829993709,205.292300061429,268.972002006183,330.736005436646,234.477504368918,319.360870102234,223.142579155265,283.929954681297,230.202708572294,217.862955885931,295.771872445217,195.839584596761,250.602272695765,225.599106469832,245.685764098104
264,264,2630,0,0,0,0,0,0,0,0,0,0,0,0,0,0,0,0,281.897690140154,187.355013873392,310.611938103678,270.277153753002,278.519755292387,220.889543616329,336.199491606731,210.726665276635,257.202912706223,263.81705572238,232.513292517507,252.72100891438,308.394433529796,241.824728271894,297.760233092179,300.637115855133
265,265,2640,0,0,0,0,0,0,0,0,0,0,0,0,0,0,0,0,277.583764882552,234.135872152277,335.523738781188,299.838787876753,211.500266631516,239.593952414451,322.39552176851,245.546399083641,262.297433445733,249.647803184685,206.992564148682,239.391360459354,230.60425086741,268.039891892889,196.950097279971,275.013463077896
266,266,2650,0,0,10,0,0,0,0,0,0,0,0,0,0,0,0,0,226.943707041816,232.843873622375,233.396998492107,220.100122379724,179.114485613332,258.50537531141,313.273842242919,258.377934421417,296.529772488768,254.824723339346,202.836015259627,181.631351742447,278.044215991591,203.966645242844,249.922737363064,245.163168549168
267,267,2660,0,0,10,0,0,0,0,0,0,0,0,0,0,0,0,0,226.157249553234,290.251878572314,192.924041056274,241.764088785518,224.66310407215,300.848279709532,294.525103491288,292.32902507062,278.964816581359,264.028347934606,268.781376302655,238.01519434663,166.949511273157,282.1332009723,264.792801063417,248.806471506513
268,268,2670,0,0,10,0,0,0,0,0,0,0,0,0,0,0,0,0,226.696732783357,217.420989568656,218.308520834388,276.141564291723,258.194127481227,212.622660102148,278.578234304204,240.462194120967,260.618458150661,230.735875911708,206.703766614124,199.745297554029,274.075387569344,284.647629003405,196.011698708435,319.575463905316
269,269,2680,0,0,10,0,0,0,0,0,0,0,0,0,0,0,0,0,219.528029154328,273.032109269526,209.879291103087,243.550087272052,253.831719236622,289.59602686905,309.024271839561,211.225184762331,266.181995528485,188.433729466806,194.635860492943,253.699966423932,287.447895757435,216.155512141786,292.118299778649,262.104152234916
270,270,2690,0,0,10,0,0,0,0,0,0,0,0,0,0,0,0,0,247.239643115974,301.358155957316,314.571181868693,281.434849425095,256.529236882854,253.414041309146,305.1204578438,292.524670376891,261.124407960306,210.925586201662,227.891831352681,299.904408323588,259.640666506334,226.943864588875,220.021591319626,255.898100534585
271,271,2700,0,0,0,0,0,0,0,0,0,0,0,0,0,0,0,0,191.916144684679,247.699351505396,206.042728345721,282.284663445654,237.499720901363,204.138983985648,337.584729427332,221.799890842741,234.745681974767,305.144728558382,213.834215330503,320.314780579967,231.40524318509,302.589985296388,311.091542566207,219.982620633889
272,272,2710,0,0,0,0,0,0,0,0,0,0,0,0,0,0,0,0,255.023610293796,186.061634160582,245.144069417038,285.688679622217,225.854813725257,240.175997849454,337.559487953156,295.068564311738,225.628186119139,209.618486616286,223.623571363311,283.067560623141,301.759678110512,274.016204621743,314.449771141771,193.850046251164
273,273,2720,0,0,0,0,0,0,0,0,0,0,0,0,0,0,0,0,269.905478229842,259.020791685481,218.212692121424,254.079203871828,230.089317387106,323.666188568473,318.928393516922,234.162028215359,225.280175480017,244.916928174927,215.432605234673,208.563123337534,270.120161437696,262.001468149323,299.689041740418,243.801979785219
274,274,2730,0,0,0,0,0,0,0,0,0,0,0,0,0,0,0,0,268.091105788764,300.619992032147,286.296128758872,229.190761913931,253.166078978677,323.747788740304,312.404292687121,306.561261676428,262.349366841029,255.45276694149,314.788630428796,199.563026649991,255.278540205829,248.875017975659,308.963056024863,284.004158574605
275,275,2740,0,0,0,0,0,0,0,0,0,0,0,0,0,0,0,0,249.940496485346,258.110658202746,305.377925094956,249.232546630856,204.631763479367,341.732918829196,328.671945800543,257.76517759946,224.89660977592,282.098652039099,279.984519485224,256.040753531673,220.807424239406,299.998458366656,205.589901126423,237.426970856952
276,276,2750,0,0,0,0,0,0,0,0,0,0,0,0,0,0,0,0,230.502497767462,269.041274131786,316.337731316583,240.260856658034,295.436940433891,259.856776589343,308.672616301292,285.267850400209,249.133690056921,276.604153695296,266.01921524919,249.66696945847,269.526982893965,233.624435131903,329.325468837001,260.85707856719
277,277,2760,0,0,0,0,0,0,0,0,0,0,0,0,0,0,0,0,194.041101086468,212.794143544138,259.053670962262,231.575866407517,241.045846680856,186.933740086707,304.396156285689,254.169431951937,261.582869271464,275.852021469797,209.785916475624,234.62426203795,313.120531671821,268.525806569872,265.124871638065,266.66007152585
278,278,2770,0,0,0,0,0,0,0,0,0,0,0,0,0,0,0,0,228.075025274093,230.277271071509,261.993235541227,233.760972793773,285.681278646616,232.470377001574,310.506358608779,260.653808806047,190.094424975259,250.574142113445,211.946454517757,218.288251400029,322.569160119115,243.311689555403,256.595095595739,208.604547076546
279,279,2780,0,0,0,0,0,0,0,0,0,0,0,0,0,0,0,0,276.355422382077,213.638619074045,256.9356308799,227.411769249013,248.687690072419,231.110523986077,324.37429027295,277.597199225178,224.95046604602,239.627205838872,264.461362137679,241.470507075159,279.603540086195,249.661640658638,222.738836473977,216.037038537626
280,280,2790,0,0,0,0,0,0,0,0,0,0,0,0,0,0,0,0,225.946754797337,236.529297317244,289.832706312127,273.557583779806,239.645908139155,247.8291501857,288.670152017781,204.638130925043,223.339445763104,250.464435546932,259.954258788126,209.979733172435,281.338649151793,264.227341300315,293.954766526453,291.441126078735
281,281,2800,0,0,10,0,0,0,0,0,0,0,0,0,0,0,0,0,265.3381939979,219.526710001432,272.114890580708,302.107309212513,251.60873085988,288.307321384846,284.808521302431,220.148418076495,306.745861320617,259.68516338826,211.017513391874,234.770868927712,233.193542601914,252.003474191068,313.747450031251,298.331153088366
282,282,2810,0,0,10,0,0,0,0,0,0,0,0,0,0,0,0,0,281.915679381195,241.328886709649,250.909210106913,269.211689100396,279.913686109092,216.931183070484,281.483445353908,212.679962595567,257.97963055051,161.927003694288,231.873397977489,282.401038823889,312.011929357134,309.201812520915,233.544483375677,251.123411037624
283,283,2820,0,0,10,0,0,0,0,0,0,0,0,0,0,0,0,0,221.964079313048,227.576311238754,211.973598798311,250.154277781549,259.174235075539,338.082580852312,281.412118261716,243.447744756832,262.822808867582,282.062000478874,293.905535220774,244.453998825796,270.919625189762,221.151302699724,290.048103584038,223.695846396298
284,284,2830,0,0,10,0,0,0,0,0,0,0,0,0,0,0,0,0,304.928170054528,278.404039342898,229.402661087255,231.730238190254,216.881987166513,235.901294413633,289.763662408354,213.2313082602,243.495350383056,208.466973176541,276.383657080666,288.732846456559,221.79048231101,183.268498756573,239.448492779611,183.139649723403
285,285,2840,0,0,10,0,0,0,0,0,0,0,0,0,0,0,0,0,223.740591203115,248.034914318359,262.171461566351,196.737101641368,331.481784733891,261.383492579123,317.61812287916,266.163438684271,175.815288796304,278.363158099581,241.005275240238,274.899091049443,292.503260591359,259.548800525301,220.804601503358,199.994554944092
286,286,2850,0,0,10,0,0,0,0,0,0,0,0,0,0,0,0,0,283.987247216223,286.371069873964,235.61054955991,210.364761816782,293.92791654476,268.345307841358,305.682550279568,219.481969086216,288.725870098356,294.497890420447,288.828718444281,296.066460342758,248.227681917365,261.259120919564,190.300741619945,279.946357452626
287,287,2860,0,0,10,0,0,0,0,0,0,0,0,0,0,0,0,0,287.93504690265,291.679281208761,260.857414529552,278.462099340491,278.171651444604,208.181732284666,312.883538423688,274.575931907013,220.029601657792,259.564248568261,224.001849353042,216.552190224075,252.139731847859,240.331886379694,269.870626245571,242.480006325015
288,288,2870,0,0,10,0,0,0,0,0,0,0,0,0,0,0,0,0,244.203578133794,210.763819028457,238.276502623777,275.014216443681,228.275087236966,247.282646187554,331.20235940275,249.750665054161,201.675030340968,251.670068957108,170.716979125618,243.019050791641,256.317272612322,279.542123406802,294.536748164696,296.511876132634
289,289,2880,0,0,10,0,0,0,0,0,0,0,0,0,0,0,0,0,153.984494160526,229.378298996949,201.29970256988,243.183519877814,254.104252250982,276.015639092009,345.502169744881,245.694057713505,264.784347735574,240.942170184556,305.149718319346,271.040239984662,274.851863538359,305.236456204236,253.36170490354,250.640504044161
290,290,2890,0,0,10,0,0,0,0,0,0,0,0,0,0,0,0,0,213.162775257571,225.458048590247,264.778592566753,272.922541945644,268.032964621003,269.796945206062,358.297149839019,262.806258719329,236.846694016696,236.446208171054,281.272224596743,263.576285881868,239.92606911209,228.735979282625,228.411644520872,267.942681145251
291,291,2900,0,0,0,0,0,0,0,0,0,0,0,0,0,0,0,0,296.695307133138,299.103017525073,186.521272068982,237.144386278436,263.681909587339,280.317671106843,334.378471253061,228.704297505133,229.01231128025,323.586372899107,252.630187996947,169.163449950847,227.711270378214,189.690972218032,169.361741858841,265.085982170379
292,292,2910,0,0,0,0,0,0,0,0,0,0,0,0,0,0,0,0,224.38940214923,212.433895878243,262.365136546519,270.991363010384,249.338855931733,333.210425555783,326.772671860655,262.583007834156,252.780983089258,238.310793423138,283.006322372493,225.329442991255,261.138969886644,252.302199531759,341.300093680017,294.093561599178
293,293,2920,0,0,0,0,0,0,0,0,0,0,0,0,0,0,0,0,275.878652889544,328.013250095999,202.508434296599,183.220791227449,229.596733989986,221.981052780613,354.822049561416,274.673499654841,358.041385721805,303.054284194891,297.196426028392,292.281321865306,311.401406232091,235.554477334151,225.739213520451,226.36101220907
294,294,2930,0,0,0,0,0,0,0,0,0,0,0,0,0,0,0,0,234.723212774867,285.961128907156,281.137907443511,240.686041900618,248.112919078589,268.094893559624,357.887406057925,234.848691071199,218.680579614459,237.089412986346,327.382893333442,289.042796890421,286.349062865412,297.813735356816,285.882644279342,239.998079911002
295,295,2940,0,0,0,0,0,0,0,0,0,0,0,0,0,0,0,0,244.902509226802,281.972611015313,308.860649987867,236.157297558616,224.827322021195,203.972628686803,353.757565854753,233.431805880806,259.409293538318,242.306664211399,226.150008961892,271.905009906251,292.411074138608,276.758964901038,282.201233142137,199.470814683525
296,296,2950,0,0,0,0,0,0,0,0,0,0,0,0,0,0,0,0,255.149763108289,245.634379330312,234.846136743324,211.455533854733,263.510787138135,275.274650471627,344.1883475096,169.312176748178,231.469692023847,216.478720844449,222.298356650417,298.397104549514,265.29115286317,273.539425526954,209.092451677066,241.719486272668
297,297,2960,0,0,0,0,0,0,0,0,0,0,0,0,0,0,0,0,249.117547353911,228.936623254596,247.179875767225,216.978666706976,250.242953916422,179.367417763231,335.823201113804,193.423266460432,241.509091411241,206.635238821265,277.122378514344,204.484817348223,229.856314597707,267.892299330468,307.093219600195,260.77055068551
298,298,2970,0,0,0,0,0,0,0,0,0,0,0,0,0,0,0,0,259.476998240363,248.979042160568,190.42468010283,269.358800555623,284.442800852512,169.382470684954,329.927431741613,322.921654254861,266.781958198466,280.025054872823,240.338923067209,210.393506363213,248.114148951197,291.952082013443,266.543612733243,314.287721358909
299,299,2980,0,0,0,0,0,0,0,0,0,0,0,0,0,0,0,0,261.482156660135,287.888068517983,269.965195126201,280.528927442399,311.436455133435,302.510817824111,335.153470330134,266.525567797997,226.795228079585,298.28018517718,250.297801198956,210.851550218905,264.134099558774,284.386376709185,226.558526217602,287.038195567567
300,300,2990,0,0,0,0,0,0,0,0,0,0,0,0,0,0,0,0,279.983560094066,156.103718254768,235.383499810895,255.916920739386,239.25859027948,284.147291160414,322.175598364799,244.364173413301,282.851336389937,228.38482498257,268.70259088217,284.61015386651,277.819094424799,163.594314221376,231.316962093409,198.614229743612
301,301,3000,0,0,0,0,0,0,0,0,0,0,0,0,0,0,0,0,199.405271599664,338.759935450751,286.065117532485,236.212257276842,225.91952671014,265.46890637089,311.629300033536,265.633640176067,243.606704381691,195.112207020238,281.70818436587,257.03917795313,212.115729273473,270.387837314126,227.930238273745,244.264921552038
302,302,3010,0,0,0,0,0,0,0,0,0,0,0,0,0,0,0,0,281.57504235968,278.261048346312,252.837557706896,291.617133412172,234.597002664153,275.147881321386,284.020799934823,312.500153378051,197.670856919658,244.15460521535,224.733884068387,292.212034712849,261.497336215076,298.105566993127,206.963537089655,199.365879977533
303,303,3020,0,0,0,0,0,0,0,0,0,0,0,0,0,0,0,0,250.625333789078,294.882418517047,259.339096564189,233.875815518558,200.35539485542,262.785946380334,294.647574775156,244.35896593695,262.475582363482,235.183555469544,192.435280925666,185.07892087577,234.083878479553,211.504798140697,150.194507311943,291.657880914525
304,304,3030,0,0,0,0,0,0,0,0,0,0,0,0,0,0,0,0,202.737789517606,225.848528987896,288.886435966291,214.101581961223,234.353998148066,232.278467556244,280.075910372557,236.574162136922,330.461669844494,241.905921466479,243.22230199163,220.993965610257,237.705729596706,245.351495680073,263.020878540099,241.969873703486
305,305,3040,0,0,0,0,0,0,0,0,0,0,0,0,0,0,0,0,214.474332009322,286.809274133769,279.752004441018,229.759896747078,254.925298617241,241.285045679537,303.775052510643,148.368351530086,244.084188909584,191.47226838637,222.281172369264,262.492536585316,295.276802620726,211.259886564063,269.657996964775,232.947241108303
306,306,3050,0,0,10,0,0,0,0,0,0,0,0,0,0,0,0,0,294.620652232572,316.64601362652,284.097864739897,312.732122969046,259.790131636414,201.930535256524,307.148088605842,230.797448647239,303.076324833167,224.311522294488,256.225576264985,212.984726844033,162.311268329605,243.132547562357,287.569056081049,207.243390449752
307,307,3060,0,0,10,0,0,0,0,0,0,0,0,0,0,0,0,0,289.192663657621,247.599137232566,235.408908352858,272.640029212733,227.818621417712,233.494228551456,281.024137417572,239.282259509452,242.301794484981,207.832084442732,266.151701426672,234.435013299052,239.213679043324,256.911124952015,271.772532189475,248.62117601056
308,308,3070,0,0,10,0,0,0,0,0,0,0,0,0,0,0,0,0,228.073403028363,213.456242752696,231.164001752855,239.507687564657,229.74059363956,244.794227131046,259.956507321853,229.678642089682,212.284671763586,325.661586734403,212.681441820771,245.356779332492,241.757144882679,231.618631311315,216.864275411321,296.495157492128
309,309,3080,0,0,10,0,0,0,0,0,0,0,0,0,0,0,0,0,284.422073607117,160.413754385085,244.213332353064,254.892095188872,267.152863545871,303.550960864779,289.809178465582,214.531693814582,228.436419375789,220.363255121817,262.815947284399,256.354932847393,251.137954328054,215.887954604646,295.567241678759,303.224164657685
310,310,3090,0,0,10,0,0,0,0,0,0,0,0,0,0,0,0,0,262.722175915602,268.070108602701,267.777573445545,277.553765390544,328.734112770994,256.674599974021,294.154124987078,196.698591737032,257.726632991265,225.863794082438,244.90636906029,297.994810190991,196.266616887685,276.396209381341,233.659580114556,222.11896396867
311,311,3100,0,0,0,0,0,0,0,0,0,0,0,0,0,0,0,0,289.412641073983,263.316565310822,191.040684942707,298.82590665102,229.75778868611,244.781313067375,301.037225886919,256.581846842512,293.656749606677,256.942296973718,202.300120253769,250.252271659322,230.88239808727,278.6843538348,288.396165089721,226.522820490083
312,312,3110,0,0,0,0,0,0,0,0,0,0,0,0,0,0,0,0,264.458916940338,212.382620718571,214.329992417814,282.294658956679,294.388076536032,282.490001548662,308.368950035607,226.476041731946,217.199953010218,268.273280472041,184.62514772265,309.411288736319,300.466466092391,239.466005119585,219.634323748815,274.128625273364
313,313,3120,0,0,0,0,0,0,0,0,0,0,0,0,0,0,0,0,273.61356294002,268.25640447647,251.168136956999,265.158222737419,272.535860819287,250.059698911255,313.016596865732,229.976414620087,284.686146185949,253.119921022746,269.316190395567,245.783082325522,190.730763700144,301.257128967239,224.575828229007,288.792498634832
314,314,3130,0,0,0,0,0,0,0,0,0,0,0,0,0,0,0,0,266.731480750566,197.154743545369,228.28458983665,246.436922147739,240.676980995001,316.585881387108,318.302523010238,166.684130859813,297.96422842422,256.20283449607,346.628141461298,320.775320578872,236.056683112864,255.433540485024,232.378530803894,278.073333645591
315,315,3140,0,0,0,0,0,0,0,0,0,0,0,0,0,0,0,0,149.648994103113,199.393500334347,247.519636893722,283.219406534225,248.238385269164,226.250478715717,310.572398079214,291.5356192527,259.046158686005,243.177838649835,217.570527135328,313.773266527034,232.798389844596,167.144863391531,247.039214472854,207.789436329632
316,316,3150,0,0,0,0,0,0,0,0,0,0,0,0,0,0,0,0,220.546950186848,247.825515876796,247.227953939644,243.304624065245,259.681529101475,254.980465624513,322.906627796026,221.816413006919,228.748482738005,241.76469573146,204.429740145244,263.423251047968,270.723962539083,260.231166771189,271.195120971248,252.310345507623
317,317,3160,0,0,0,0,0,0,0,0,0,0,0,0,0,0,0,0,197.809044945259,245.305301530343,235.454225133764,229.28467621049,176.396802269109,258.805673891357,293.295806402628,251.290045238616,284.924810767916,352.594111468771,201.753699927032,242.165196505212,301.505471191145,280.673616945161,226.76116485192,211.799186432901
318,318,3170,0,0,0,0,0,0,0,0,0,0,0,0,0,0,0,0,244.690200852171,298.763251224513,283.023369583146,239.554100981643,294.107083926378,218.737018481295,313.105788051778,283.351864955591,283.199804323607,188.62084194973,360.636981600346,249.673881682087,238.231029319385,241.994039922467,253.414545937875,221.436594522834
319,319,3180,0,0,0,0,0,0,0,0,0,0,0,0,0,0,0,0,207.271189994383,231.642719493988,215.735357886335,269.937821870302,305.592205530665,202.224582357016,308.721723351455,319.804510928693,286.408831445888,294.271059938326,242.999030301066,355.934739343563,253.519079593162,289.221619343315,277.192078526074,261.427095179884
320,320,3190,0,0,0,0,0,0,0,0,0,0,0,0,0,0,0,0,288.622357264126,284.979043242784,254.645834986163,293.758191741462,291.782199885501,216.910043163334,291.606413369819,301.970664550063,297.884952298512,300.521903596834,314.546757371267,248.583646815661,232.001608948113,263.500863893368,259.04764502026,226.425915973864
321,321,3200,0,0,0,0,0,0,0,0,0,0,0,0,0,0,0,0,271.801419355437,220.844277455326,319.743242990276,296.14059772898,168.711089674974,258.87087501819,282.170654852725,274.992780649314,208.760432831552,187.606587699989,241.313246435454,255.267424516934,264.091501437684,367.436541231,268.647225132156,287.989211617086
322,322,3210,0,0,0,0,0,0,0,0,0,0,0,0,0,0,0,0,223.623819359511,270.184301765237,222.576217055133,275.023313356132,230.80624529397,232.931049980808,286.427496921371,256.381467525233,282.316572769336,250.633992112867,262.073340140196,250.057886876979,261.234348571139,255.206421265656,291.703518678158,278.13636834134
323,323,3220,0,0,0,0,0,0,0,0,0,0,0,0,0,0,0,0,225.783803696247,241.680674666195,250.67634035048,210.782354451817,210.261262763925,255.669271457958,286.858405703215,282.133639721198,215.427789422236,306.773499303851,262.759194214163,337.394280105764,241.547125610033,268.908318616737,212.155566760347,276.517083827515
324,324,3230,0,0,0,0,0,0,0,0,0,0,0,0,0,0,0,0,236.680568195276,241.545003499965,211.624860638454,283.137304346968,266.73411052874,281.525765445913,270.751405030813,240.500241571506,254.692671039722,256.666457522091,257.780260685497,251.826651600058,284.376627323682,230.138489723825,158.214498440107,265.200257755368
325,325,3240,0,0,0,0,0,0,0,0,0,0,0,0,0,0,0,0,222.422056315942,293.223302547142,272.4307127997,319.820582227596,251.213555262737,257.908430104485,296.169366640941,294.183243939473,288.852628329033,284.609150495936,195.15576917925,245.074286888394,274.113340557233,219.729319673918,271.061269025237,236.522459500802
326,326,3250,0,0,10,0,0,0,0,0,0,0,0,0,0,0,0,0,214.355628584585,261.830644718555,309.173105613334,206.346717590901,294.030090550911,186.746961144406,270.745232434638,247.908004405547,237.908027182197,248.798035814267,206.215591137948,210.68630021282,323.71187950463,283.834641733461,213.958971208537,221.308160977231
327,327,3260,0,0,10,0,0,0,0,0,0,0,0,0,0,0,0,0,265.151531738547,206.962017355648,291.554530762629,284.299747247249,233.172790013925,218.835555878474,283.583107866538,202.399941539246,220.901413157859,264.299896552167,288.603021559663,252.455311684831,258.399141889108,178.08465318026,297.895739113249,268.430816582728
328,328,3270,0,0,10,0,0,0,0,0,0,0,0,0,0,0,0,0,260.794973970358,258.606265688849,229.641874152863,242.758119289371,262.475346293441,318.53669018315,252.606723180558,194.448843391622,193.111104469563,275.862912223483,218.493444882623,289.167762264896,292.296137001795,243.934204735425,271.317445744334,228.978808020559
329,329,3280,0,0,10,0,0,0,0,0,0,0,0,0,0,0,0,0,191.089324265564,224.845038596508,289.380067310647,180.111502324171,294.650127757798,249.347726655116,270.123774372841,209.023947130192,346.684106708127,245.463146094138,162.418639859768,189.988367611106,194.899413375971,206.679158961797,222.452238716732,217.075874479526
330,330,3290,0,0,10,0,0,0,0,0,0,0,0,0,0,0,0,0,201.44079731072,211.381431032643,233.104267599617,296.898779638288,237.973706713169,311.371230782569,294.303988993167,205.918268050375,262.985572748619,238.199130579448,254.7983660445,275.210414487088,207.171932750229,247.845387121363,285.812033470484,211.972991487734
331,331,3300,0,0,0,0,0,0,0,0,0,0,0,0,0,0,0,0,210.482761836159,242.169210402914,255.109930975078,249.027993732508,288.954948724728,269.325428553431,305.832847940237,249.891380263519,245.720119327266,269.962932729923,279.955396243712,286.630509339793,233.509068606103,279.091210463063,236.523569988128,205.367489224533
332,332,3310,0,0,0,0,0,0,0,0,0,0,0,0,0,0,0,0,262.685263822608,282.204253786207,331.635628205742,215.419929505005,279.559089484888,287.352641047264,305.293485716453,276.884957776301,242.007684930028,186.163497626143,265.456039199717,308.776934474186,229.627427763209,232.789967825844,278.946366256834,252.492840353226
333,333,3320,0,0,0,0,0,0,0,0,0,0,0,0,0,0,0,0,293.452320055896,269.784608816619,269.623657437945,186.936493257023,184.508108343039,237.095177859576,301.251872230201,273.889641328272,272.231747358723,234.152223251378,222.27574804516,268.691398189065,190.975125194,227.470545354127,260.853713546895,284.477605885334
334,334,3330,0,0,0,0,0,0,0,0,0,0,0,0,0,0,0,0,275.90150419909,259.017715704271,243.829444590194,257.723222783933,209.003464850654,212.299217874666,322.239251098886,296.780581265917,163.13307433888,256.745025446951,266.376650949908,239.151477961172,227.910359575309,200.117634307989,300.132650280457,212.133793744477
335,335,3340,0,0,0,0,0,0,0,0,0,0,0,0,0,0,0,0,280.261302275672,282.63443048792,274.890245703745,283.138685806818,241.056550827045,243.119927612721,307.044594214932,318.429811567815,276.496057184364,219.66678230181,257.454297715158,173.510205848051,253.927422248067,330.280566428829,234.559885121799,298.497038715048
336,336,3350,0,0,0,0,0,0,0,0,0,0,0,0,0,0,0,0,238.321361022976,251.958970770148,244.082710005815,282.210689695722,271.210869012141,273.918324721713,311.371141460493,218.282138295438,280.335795769361,241.541380966324,240.645253166666,307.113101599423,244.895184422156,302.011406431909,281.450426330495,241.3547673131
337,337,3360,0,0,0,0,0,0,0,0,0,0,0,0,0,0,0,0,199.925133291956,256.453661213468,298.462288705891,241.567259132129,209.885149127469,270.920497421296,305.798414509598,260.637721723659,301.528956321763,244.404040288816,315.798011992664,316.390740949648,211.720908922724,255.759688481201,212.988171042542,218.552446828806
338,338,3370,0,0,0,0,0,0,0,0,0,0,0,0,0,0,0,0,239.599602325238,232.829408359579,254.195979182039,258.985658898967,234.850086134884,288.637980286827,302.304548053983,228.627277078766,249.286435074851,250.533935346191,241.150546515418,248.862715521823,260.240865841155,270.188328053563,283.46594487663,291.360488871417
339,339,3380,0,0,0,0,0,0,0,0,0,0,0,0,0,0,0,0,224.257874271348,248.921449674665,296.678733928091,263.012340770853,220.133271560472,241.072864972343,292.124316137889,270.842224497555,208.300891697101,221.251245754365,211.024629845403,249.787378584169,331.652389049287,202.00642992852,234.934822685814,266.327111312852
340,340,3390,0,0,0,0,0,0,0,0,0,0,0,0,0,0,0,0,291.43448119702,231.33909097324,272.796712003546,202.092828108888,237.920554288433,268.741763771734,301.618060116794,221.981890210698,267.50461205397,204.502977849204,232.201034882463,258.735837001842,221.455634293229,300.216090821035,226.938613572687,295.818044928013
341,341,3400,0,0,0,0,0,0,0,0,0,0,0,0,0,0,0,0,234.42363844549,261.827717870061,297.238081195162,228.310047871084,261.924001483746,201.315728309452,279.898462924856,299.639785668328,267.081814103837,338.252974893537,168.847819528024,276.437034507505,250.252374167334,277.015173033036,152.431160379399,196.291497453293
342,342,3410,0,0,0,0,0,0,0,0,0,0,0,0,0,0,0,0,251.82633738033,266.514211259214,238.084698595796,265.199614768846,201.939889729535,237.267231007705,303.33671079191,180.696088326093,264.073725799966,251.777929304828,304.690105295156,286.878517129603,212.128918366678,295.617678604625,211.009606383116,228.111761850953
343,343,3420,0,0,0,0,0,0,0,0,0,0,0,0,0,0,0,0,280.485010880277,281.849019432335,244.892375838498,206.733029336615,183.074049578203,256.128973893555,283.248720840473,261.72856432893,208.247029558633,268.930265310138,218.450611825612,248.0400046202,242.102958741639,293.163603915631,259.217570239394,281.168233907039
344,344,3430,0,0,0,0,0,0,0,0,0,0,0,0,0,0,0,0,283.168264980497,255.104447271879,267.364419689738,242.889380573958,239.834861338552,251.601315111951,271.949858552449,292.788641958004,270.265734246836,248.10176949387,198.150045346665,292.249473928772,216.073386092678,279.356114354859,288.725655230343,289.854870041045
345,345,3440,0,0,0,0,0,0,0,0,0,0,0,0,0,0,0,0,200.620372436632,238.785476545991,247.531320795218,250.786302455482,185.492926318496,210.613317134861,287.719208862228,215.747659994744,309.269821246635,208.431054530227,262.44802218805,302.589772540085,263.7585405823,270.638467453048,304.528124061513,235.379200705987
346,346,3450,0,0,0,0,0,0,0,0,0,0,0,0,0,0,0,0,257.633970386911,242.201773390189,292.134255377556,275.942414139382,317.021307949237,236.977219443055,270.023240379352,241.491763728035,286.447057710985,185.613748948991,263.86489527679,213.276075402936,254.480288755114,286.618799296779,154.79209435108,273.487514426487
347,347,3460,0,0,0,0,0,0,0,0,0,0,0,0,0,0,0,0,244.128027984795,226.651817153941,299.654804938849,279.199491243727,232.11945187547,270.62197593778,279.102191537885,288.511228110006,259.153236160289,328.083097118917,193.814533828232,215.413455829837,256.446458195288,153.892211753973,225.401588768823,256.995060894269
348,348,3470,0,0,0,0,0,0,0,0,0,0,0,0,0,0,0,0,255.485714494848,270.452759256123,302.02911037443,238.914144879165,285.118721694977,217.691459964183,271.992154449054,202.44043238022,229.08358600906,295.137825621186,196.953348212671,229.444751695185,247.545106901421,307.731484544771,201.970896023432,213.221382911737
349,349,3480,0,0,0,0,0,0,0,0,0,0,0,0,0,0,0,0,202.336106017622,295.169746190187,241.197370677815,301.099040616349,210.576423385753,288.452972472334,249.610826430627,183.581819757668,262.069689767602,284.270659892004,234.894809661732,231.681111566882,326.67644783614,302.866309775905,191.822766143372,259.842359771564
350,350,3490,0,0,0,0,0,0,0,0,0,0,0,0,0,0,0,0,237.075390506247,237.776246976731,253.83107281235,272.387761800901,248.769778732041,232.297545431988,254.28816994075,269.058949388353,155.200134867267,169.13437913443,310.871728701288,288.892066297756,264.788202009228,270.686480134467,206.916763625103,256.648654651865
351,351,3500,0,0,0,0,0,0,0,0,0,0,0,0,0,0,0,0,242.35500353373,209.810801123975,236.52544061376,251.986360177341,229.364764336258,245.404750906431,261.325395776806,185.546120620584,293.090896408477,225.711653688439,266.957390449038,274.215081325906,180.554434136039,281.851285286116,282.03378720544,303.649538095854
352,352,3510,0,0,0,0,0,0,0,0,0,0,0,0,0,0,0,0,267.544323422947,269.005164766214,249.827637836501,255.613164040514,237.635518023565,246.73972355738,251.907978054738,232.69068729694,169.23388352518,254.966187388145,213.546454204069,247.106845166729,208.069106438059,281.809757681659,223.567845153122,182.016875478586
353,353,3520,0,0,0,0,0,0,0,0,0,0,0,0,0,0,0,0,280.856926030006,319.592126980152,242.991487730894,233.551300346944,285.730964865625,250.471133895221,222.449374145171,223.587003432353,188.101895212289,205.269200227895,244.106319155677,281.532832986533,242.691628618286,238.172941568416,279.32239317341,233.748856186459
354,354,3530,0,0,0,0,0,0,0,0,0,0,0,0,0,0,0,0,230.071505745556,262.542290861877,268.896729474811,238.117250767073,247.233090926175,282.482499230093,282.549084752919,214.574837567488,233.44169829503,294.66121823525,273.924321522732,316.294063590281,246.917881371993,256.100177705213,297.768660013542,281.674066293614
355,355,3540,0,0,0,0,0,0,0,0,0,0,0,0,0,0,0,0,255.836356189522,266.027255403791,277.00462276812,215.529693148291,304.222770352399,250.644522329096,245.756722709226,263.039366532254,290.071538058418,266.310152765639,284.982684846287,303.283844313843,208.465698795505,229.047299968301,306.239876690679,255.595941351834
356,356,3550,0,0,0,0,0,0,0,0,0,0,0,0,0,0,0,0,297.454542033777,301.286356558737,279.04174106579,251.790253681647,264.290919133425,268.714253247217,253.78903184019,255.096988303745,237.643021478665,237.832792100284,258.168025729655,314.924990505312,269.355507085088,225.602980741317,279.59522375806,260.329674817562
357,357,3560,0,0,0,0,0,0,0,0,0,0,0,0,0,0,0,0,251.814320974249,312.462551038735,263.879833004745,268.134544664691,278.00299727746,233.86580388273,251.722666095685,232.223904655416,219.498222320661,267.443027898284,208.530831426595,243.526202978082,242.22098197333,288.103084714215,272.177404108431,291.803112672789
358,358,3570,0,0,0,0,0,0,0,0,0,0,0,0,0,0,0,0,214.464366178858,197.60710461724,206.029375209689,214.621797577821,323.772016005915,241.571914126186,237.028329156665,278.115017983646,318.23700665209,188.492911521656,190.396657872863,275.650508094903,237.958708226742,252.621184010947,237.782488874417,243.887784987659
359,359,3580,0,0,0,0,0,0,0,0,0,0,0,0,0,0,0,0,282.275758510668,244.125967800531,240.676169732959,305.503154620915,256.436115067619,213.985985968369,253.925381952523,285.751841839548,240.301405904254,267.602185086053,244.942947476522,158.263517804984,222.157900560438,193.584732882594,194.095787491713,291.436869289728
360,360,3590,0,0,0,0,0,0,0,0,0,0,0,0,0,0,0,0,260.682419110722,251.031212895732,292.323121652077,305.820873112047,204.641482154282,241.229625717217,246.512435715431,257.266477167343,268.567842852711,232.224289337076,224.430644250036,243.327356335768,269.92020734128,209.28825400036,259.757616769324,212.356941076698
361,361,3600,0,0,0,0,0,0,0,0,0,0,0,0,0,0,0,0,216.752388634479,235.939393864031,233.460536198275,205.814681956095,280.270652113181,243.986730277811,256.271088450769,286.312380848112,301.606004302614,202.485501027681,237.31372149305,205.371083007535,215.20025207547,319.910925789109,183.077048304321,320.91492514709
362,362,3610,0,0,0,0,0,0,0,0,0,0,0,0,0,0,0,0,157.128302913634,257.869976564994,272.817296593529,283.521795300879,303.477103663452,277.046152081577,270.635260740912,253.673315889008,272.532217804733,153.129194036381,252.763030499648,253.781043898886,322.291769619317,282.618619087394,218.429457364315,166.72453015436
363,363,3620,0,0,0,0,0,0,0,0,0,0,0,0,0,0,0,0,233.475687459519,242.644946474999,263.762950013226,233.648027234602,283.081905453585,264.619092097475,261.686499647434,196.216244421828,214.223520291469,300.969688570746,195.769245338958,213.857258648648,233.678574837476,242.576088442434,244.500766163566,254.963560418134
364,364,3630,0,0,0,0,0,0,0,0,0,0,0,0,0,0,0,0,185.885464867231,298.999104720028,212.54888386721,241.992209198558,268.9280673765,243.06130771399,250.358315239396,252.438113803695,159.02112592766,289.278702539436,225.534742296342,189.772489525482,286.903163563012,264.499271666971,307.373988974626,191.025100560422
365,365,3640,0,0,0,0,0,0,0,0,0,0,0,0,0,0,0,0,263.783635360747,211.366341088024,229.394024711111,290.763850942226,253.942358231461,255.094417687605,260.729660887687,240.123990214802,275.790073794384,260.573688919934,257.471274535291,204.954252389512,286.50904616296,296.961351768222,249.719171450023,286.201959188968
366,366,3650,0,0,0,0,0,0,0,0,0,0,0,0,0,0,0,0,210.316959652113,312.949019086192,205.538011915563,305.225643866186,272.651465917788,197.497687401713,231.531898647148,267.666100359347,271.199308141525,245.879663429801,268.353359710916,248.671483412095,151.834914117176,192.092109198468,249.08341135845,254.315336513878
367,367,3660,0,0,0,0,0,0,0,0,0,0,0,0,0,0,0,0,295.158008024238,261.260943602602,232.43251571456,259.555254510839,278.389951092711,250.40058262548,244.275533042871,221.665138750663,272.258436759651,303.978202661131,181.762791256354,200.348182436174,269.133428572701,276.80351464634,277.235386918905,201.499431476649
368,368,3670,0,0,0,0,0,0,0,0,0,0,0,0,0,0,0,0,281.657523040996,195.332473612353,209.768777075551,276.764396433362,249.915686373489,306.789611513688,238.054944933635,297.357588825988,203.151673090458,263.701333286653,228.558033711411,299.217205415315,214.411227659352,204.394889903439,272.531036942866,259.20869857798
369,369,3680,0,0,0,0,0,0,0,0,0,0,0,0,0,0,0,0,289.963524354129,259.236546626997,257.652837078656,226.191249555604,267.527232275424,289.617723541043,228.56269557677,238.492761332757,296.655942007436,234.871795454089,277.530602883388,218.325098847815,226.221282529157,230.960241679908,285.543185632463,274.872324086135
370,370,3690,0,0,0,0,0,0,0,0,0,0,0,0,0,0,0,0,234.881220552504,228.894779579938,257.625735148977,217.883925321035,189.919865977761,212.791734799832,225.077023043929,299.844905490853,224.31319416003,187.277076648063,241.531845439331,227.078831421925,219.422955471973,322.676414024684,233.370683956113,229.822990373277
371,371,3700,0,0,10,0,0,0,0,0,0,0,0,0,0,0,0,0,244.086277546497,332.080967174859,291.541604406515,250.188830827761,205.9463325026,245.799652032051,239.183790095953,251.909199688648,248.186672957286,187.536572475673,201.718487958794,241.96159684314,205.757116282455,267.286784282129,197.595876691439,231.261270671959
372,372,3710,0,0,10,0,0,0,0,0,0,0,0,0,0,0,0,0,263.975879613852,269.568713914927,209.029790201676,253.453534923941,269.380006072843,267.392415022441,260.859882631794,248.940002640971,279.790884157999,286.716209617386,241.622021826386,253.377995904289,218.386871306062,270.692911163257,262.504647240746,304.133039411418
373,373,3720,0,0,10,0,0,0,0,0,0,0,0,0,0,0,0,0,257.514049619691,275.116588499703,246.569327782763,264.614354424472,281.910182528749,235.851704489181,265.865897591863,219.874446127193,266.126902576426,167.480599316956,236.784282040764,198.745395648583,262.191146683101,268.85810089082,284.777270575888,310.473246499194
374,374,3730,0,0,10,0,0,0,0,0,0,0,0,0,0,0,0,0,224.327370612383,239.277456315828,340.415085756469,220.63550083656,271.26892772543,271.303339082943,255.037583044677,269.736396815466,250.739239784005,229.087398843721,235.585992842957,251.34870831294,248.188209877453,265.802854593351,269.143885313765,209.100470682153
375,375,3740,0,0,10,0,0,0,0,0,0,0,0,0,0,0,0,0,276.758714363156,252.510396253929,180.767349435735,329.569230823699,265.874394666332,336.56290421455,273.350653319688,258.03595756696,319.800827833826,278.361968236447,256.086648011751,211.407378354376,279.548743269747,250.179919692094,242.494782513618,187.506098566584
376,376,3750,0,0,0,0,0,0,0,0,0,0,0,0,0,0,0,0,228.538592568369,232.242346263611,244.177034011615,257.506353302902,234.56719911413,271.437847088973,281.022951545166,250.651022132869,207.910162426537,250.404501539438,275.42368778319,204.181641527012,265.987801319133,288.86886878016,228.27398818268,237.260369346203
377,377,3760,0,0,0,0,0,0,0,0,0,0,0,0,0,0,0,0,232.319296820247,259.288351738671,264.503129137189,227.22061522383,261.784871662483,300.903823442816,300.062542655607,221.411243559157,278.259945621768,227.429674261771,292.959686777149,263.859207347516,250.132701070155,257.681818167989,227.864713070603,322.797438519093
378,378,3770,0,0,0,0,0,0,0,0,0,0,0,0,0,0,0,0,283.820217075895,189.217832133767,187.661909569401,213.204068356103,295.134148434599,244.600347428435,297.569310540722,260.079393991505,201.862203420977,250.027562124757,205.996558348494,308.274700261729,209.949024318336,270.024138234629,252.485726440724,268.856988236925
379,379,3780,0,0,0,0,0,0,0,0,0,0,0,0,0,0,0,0,238.542637505781,282.587478808189,251.665843667242,250.72834436358,247.551493411178,278.64421467637,309.872333043468,243.684551408485,172.604484645863,182.885304042295,329.233070188519,335.134943549205,175.435090431263,252.019197802686,248.979915455274,244.915264719775
380,380,3790,0,0,0,0,0,0,0,0,0,0,0,0,0,0,0,0,321.545696690376,301.649407062979,282.558686787114,275.973400196129,251.139197671292,216.914765854772,292.238645649105,209.150219514641,232.952481979641,189.951563705863,275.414776048875,151.056230919973,237.449276858137,216.940595164874,255.311127622424,268.220368783286
381,381,3800,0,0,0,0,0,0,0,0,0,0,0,0,0,0,0,0,288.487315444029,289.729173038355,271.866805630352,242.698130726065,189.640547259135,221.799101978774,288.67032852937,337.398169868595,285.008857896385,202.79540498374,210.591626388132,256.849980431983,207.276713040028,235.322192295982,260.19769318516,262.957363078188
382,382,3810,0,0,0,0,0,0,0,0,0,0,0,0,0,0,0,0,271.102349302521,304.545559054271,281.810034166885,251.377637078459,200.432587538161,276.460015927232,312.268983513282,273.881181418186,244.126431076582,148.145368644064,249.403043544089,253.491085833833,244.167394386236,163.12588505635,227.009137566878,251.982926340612
383,383,3820,0,0,0,0,0,0,0,0,0,0,0,0,0,0,0,0,256.856709829321,297.938294352118,244.838166913225,217.423656454518,226.974138511309,199.929340133767,283.418213361598,299.402997085872,213.470982939527,244.998267966202,225.768777307867,339.653170921258,276.620135471364,322.053161751504,260.391738657921,315.693315044985
384,384,3830,0,0,0,0,0,0,0,0,0,0,0,0,0,0,0,0,193.0287868866,262.032199137061,255.710992412926,262.025630820913,198.391144980024,236.892039970953,316.026764855624,291.191689607536,255.776012532295,250.735381517965,271.960695448183,224.04616603265,237.61567977218,269.532777322507,295.514886666157,217.306660037163
385,385,3840,0,0,0,0,0,0,0,0,0,0,0,0,0,0,0,0,223.720030274048,209.265910964969,252.000630148656,241.767045434006,263.92383001859,202.138919606658,284.699288930221,264.630433993937,242.097722230423,308.269163715231,267.113027775922,267.317278068848,232.730916624359,238.12615886775,283.736918778062,276.936825426604
386,386,3850,0,0,0,0,0,0,0,0,0,0,0,0,0,0,0,0,244.28872253958,272.326102793961,224.496165891664,239.803128963015,286.612318492155,166.468349675545,288.394514519935,259.827442811657,267.967996474195,273.114568047132,270.71775944194,237.068083247173,233.341739469139,314.10980113853,217.162511255805,174.102429099673
387,387,3860,0,0,0,0,0,0,0,0,0,0,0,0,0,0,0,0,203.628122039475,272.232110859236,280.35379020685,230.823985894772,200.328891602428,247.139449240527,290.040698605337,258.041804432061,270.661839623822,224.974875932397,299.46315224699,218.950598297526,325.338702656089,241.432233218199,309.996887858116,261.953882258145
388,388,3870,0,0,0,0,0,0,0,0,0,0,0,0,0,0,0,0,280.546027505491,281.580126092262,251.422821504068,224.248299311663,239.794596245347,270.78153815173,289.338427901671,196.86063334699,244.898374823017,254.802495473403,263.503204763519,232.110362911063,222.145602799824,217.276981060929,243.807421885865,277.602886711567
389,389,3880,0,0,0,0,0,0,0,0,0,0,0,0,0,0,0,0,213.726845481545,229.639516055219,238.05483321702,254.971999588932,260.794854666247,290.585535951886,300.42941862804,276.5678123508,222.765189069952,323.669815139989,218.21271641935,255.16213095517,250.927496939622,221.916102747052,323.958888711855,210.333510670447
390,390,3890,0,0,0,0,0,0,0,0,0,0,0,0,0,0,0,0,263.143960163766,209.262618397962,292.895726996772,262.566869029056,246.097820895705,278.532869430668,281.401395083262,246.429944361121,231.022049300019,274.694208694741,331.253962549124,283.22782033838,304.23243952972,244.673486142784,227.173619207592,248.134988501792
391,391,3900,0,0,0,0,0,0,0,0,0,0,0,0,0,0,0,0,246.610075054222,198.468185056211,278.759228537451,233.468726259881,247.121333491898,241.581139333114,261.310739832187,332.901921315819,292.02567338103,359.141079111865,253.309697303585,257.95064313941,213.284735201403,199.378341658064,271.295089541353,196.49075420281
392,392,3910,0,0,0,0,0,0,0,0,0,0,0,0,0,0,0,0,276.815354911972,277.615828593395,244.745927859821,239.458374874596,264.75007479937,180.836559977996,248.327509517651,183.20362922448,226.748780335912,312.320200334175,256.786145276043,312.566041696416,196.953267748441,272.846599106629,223.11795761323,246.450876545063
393,393,3920,0,0,0,0,0,0,0,0,0,0,0,0,0,0,0,0,291.07271497937,222.659955692792,254.920694554789,245.206432612212,216.691390273,186.648238877827,266.091792021356,276.080760538139,250.345169017619,263.453360369459,232.817344477621,207.695406227868,242.604124702581,209.690138771781,260.274013896887,255.163205300658
394,394,3930,0,0,0,0,0,0,0,0,0,0,0,0,0,0,0,0,296.262467560237,206.751285249475,300.556761277918,206.644163576775,229.416745085406,280.251986536351,279.92754562039,240.649625132607,289.972708644821,255.321621169023,274.028286062959,187.213601218996,251.135132389992,249.15462771038,220.315224791175,230.111055357711
395,395,3940,0,0,0,0,0,0,0,0,0,0,0,0,0,0,0,0,298.773363030534,230.144965359095,279.826838513312,257.982893051079,269.133270142946,228.593762288291,265.489370596042,309.957993062482,268.082236520712,311.048381950296,249.675345756848,272.204978405052,229.504190392627,166.973610882756,226.576878681552,210.414928678701
396,396,3950,0,0,10,0,0,0,0,0,0,0,0,0,0,0,0,0,247.952567992502,230.126186211419,217.737277591401,268.709181160544,239.069869333524,209.885721191968,251.270743756741,223.880468495621,336.058127974483,275.548024347552,230.374498340453,259.164937775955,240.992254150725,272.616975821631,285.477551845636,278.812411759194
397,397,3960,0,0,10,0,0,0,0,0,0,0,0,0,0,0,0,0,307.068432480293,281.929139581808,257.390620721066,160.829313407257,249.776352152271,295.148814026892,261.957089950483,252.651289410887,316.891461107571,280.869230962415,215.210214327782,253.759000520119,195.536570806914,248.110561041074,219.608477588949,185.127994106442
398,398,3970,0,0,10,0,0,0,0,0,0,0,0,0,0,0,0,0,178.933219831557,197.090769515003,244.220346200617,210.104962629909,285.454728038245,161.814844436425,273.082755391849,218.78669011374,298.229455726848,250.481755280818,208.644720448546,280.553070363247,242.065951496356,235.545803239685,218.614500014624,256.83335109073
399,399,3980,0,0,10,0,0,0,0,0,0,0,0,0,0,0,0,0,198.719830252488,260.412857772896,262.94893767202,254.391812978531,197.736149249354,230.928293626927,291.11339307717,231.188602022473,243.269286597293,212.239508224759,200.313555103713,255.591707278619,281.139323598023,277.332030034851,254.075627605022,244.558665531677
400,400,3990,0,0,10,0,0,0,0,0,0,0,0,0,0,0,0,0,194.074595297887,296.243917238779,262.566344180459,175.951041572727,308.17677113528,240.801129555132,274.74541457469,162.839395604561,321.270384180236,281.485719833649,269.195814242508,294.578732256235,190.433828599759,283.890884403563,212.557512777191,251.701411752486
401,401,4000,0,0,0,0,0,0,0,0,0,0,0,0,0,0,0,0,300.844206742055,329.703167581466,271.624972155149,209.551155736816,238.842377879587,199.898709379393,293.280954676151,215.576437842499,284.410809203007,307.471351496292,274.625837480211,196.97347049232,215.191745432792,271.364459465608,177.643131868506,248.540241778664
402,402,4010,0,0,0,0,0,0,0,0,0,0,0,0,0,0,0,0,305.616419067112,263.242697530434,252.294170108369,264.467559383127,231.420027130306,325.149776630142,302.902054869234,267.015361289835,228.617937164319,233.258537788728,332.149576043438,265.081667545043,288.590408632918,277.053900563604,317.67121082162,231.255171711277
403,403,4020,0,0,0,0,0,0,0,0,0,0,0,0,0,0,0,0,285.272563524654,220.200088076871,267.13150706438,258.851224768015,276.91806482227,269.318964818548,329.068361650237,257.399113090679,215.950253387394,316.429101267187,246.925436098044,252.608418021382,213.238916394321,181.242373125821,266.627108914207,302.025831332268
404,404,4030,0,0,0,0,0,0,0,0,0,0,0,0,0,0,0,0,283.49811317411,207.881658482794,277.926636589162,238.973168237035,277.573614471112,220.772041850679,308.076292746046,280.578414624655,252.882258219557,259.600908714609,304.534407642081,187.300211974633,273.20490713971,241.646776361914,242.202635411843,214.257020980839
405,405,4040,0,0,0,0,0,0,0,0,0,0,0,0,0,0,0,0,244.599243615767,243.820282817836,239.601791775491,258.183215779902,276.439044093503,246.762410864017,294.755966195766,240.312445236104,270.269545011245,239.05166377958,220.687946362521,254.165719559656,235.090992445751,245.133590543586,291.37196846961,286.494405679378
406,406,4050,0,0,0,0,0,0,0,0,0,0,0,0,0,0,0,0,244.94498871744,204.078184475478,241.142614345354,276.129397201014,318.448961477833,249.32738986299,303.438093568896,251.921481453401,240.12210102311,251.097971391859,256.149527327158,253.246566705419,230.893055043543,213.526014139417,264.3109855934,266.522321725151
407,407,4060,0,0,0,0,0,0,0,0,0,0,0,0,0,0,0,0,206.922209341939,276.471516422723,154.134534955382,320.50955177372,222.131377099123,225.929670547748,295.372164996095,337.627886717055,249.719808728518,277.744302645089,280.814965027076,259.028809119208,272.639428060672,193.161411220905,296.185896678092,297.856001943415
408,408,4070,0,0,0,0,0,0,0,0,0,0,0,0,0,0,0,0,253.260254171315,288.071704991474,272.570182222134,290.274935146417,313.462119406282,263.461025432554,284.332222086834,308.51496325977,235.406764276442,297.531208932571,236.442579099089,247.940935162271,279.883780396782,213.769076166987,235.179910519285,299.747783472093
409,409,4080,0,0,0,0,0,0,0,0,0,0,0,0,0,0,0,0,269.276120324941,240.422302464228,278.401411320189,280.286899829952,255.703065367397,286.144137057953,300.240675169794,224.21612929675,267.272550613253,253.782880316323,241.390501481893,201.948079981711,256.931019585122,266.643383020538,186.769821639149,270.261656541388
410,410,4090,0,0,0,0,0,0,0,0,0,0,0,0,0,0,0,0,280.383300516512,249.698630139206,247.315997217021,216.914759700201,275.365686066124,292.805736304584,280.58829149804,229.452860791352,288.675335949026,253.807466337252,266.56697655326,296.39672532435,224.837351000117,265.211949470299,238.680309978371,217.28067018387
411,411,4100,0,0,0,0,0,0,0,0,0,0,0,0,0,0,0,0,270.375253775492,235.287010857559,252.128247630329,219.231460900985,302.689511095069,329.318776872686,295.162716627245,240.940757367937,223.713092383313,195.015832023802,296.19401762052,214.262879619554,253.560233530912,288.512566940357,254.012136176681,276.970975185078
412,412,4110,0,0,0,0,0,0,0,0,0,0,0,0,0,0,0,0,211.894532275324,251.165378231387,235.152326483052,286.099725172679,289.311708629012,244.379512060088,295.999692519355,235.071936220598,281.707163311773,198.244329975923,274.473489657767,203.873720023897,188.594325863724,254.340431535467,262.962465421107,325.120230276769
413,413,4120,0,0,0,0,0,0,0,0,0,0,0,0,0,0,0,0,242.036537846273,271.184008592168,288.285610309862,287.840827365516,233.76351454726,308.467895819958,277.646981362732,215.994594833654,337.038302155475,249.221731188716,246.283763227711,210.618805487641,246.649413224057,240.548791827885,253.806867140067,264.752924243225
414,414,4130,0,0,0,0,0,0,0,0,0,0,0,0,0,0,0,0,231.605125409702,280.385726166848,206.576861324211,287.499042316824,218.852852704319,208.044169314142,294.915463620616,292.207269158194,272.118580142343,240.258981000662,234.118231482283,196.868986423121,227.177406584762,229.658386022457,248.676199124828,300.099310702506
415,415,4140,0,0,0,0,0,0,0,0,0,0,0,0,0,0,0,0,214.19750237116,259.817850519697,296.941710810926,222.866950679986,282.382489436188,152.952132306993,260.962038533615,191.893072769988,293.250497413063,297.319053384828,194.219532248566,294.662462922507,205.03722406051,251.388608454158,237.852608362422,235.778464101517
416,416,4150,0,0,10,0,0,0,0,0,0,0,0,0,0,0,0,0,247.06325480093,264.230982550059,236.478036436125,230.132937552148,249.258100407149,244.215462749259,266.447741686335,207.052569583325,248.142050401277,240.926701634258,240.482057672708,281.701466216283,242.598202436324,222.239377956246,208.469901900409,288.674345165839
417,417,4160,0,0,10,0,0,0,0,0,0,0,0,0,0,0,0,0,280.643181785257,263.380417454592,255.766866119817,232.408191755141,263.041517857047,237.264775076603,275.116423098285,262.633187483939,295.595529405202,291.260688226844,256.036210036229,207.273518660473,228.949405326703,274.989386276129,235.092475217466,231.808277105303
418,418,4170,0,0,10,0,0,0,0,0,0,0,0,0,0,0,0,0,215.243382036626,299.96097690849,242.616872372778,229.570908144389,209.835167807762,254.728067986387,266.117381740733,192.882115975967,195.34272632141,270.098202528276,270.280944011081,227.873578626839,270.366308422881,221.160659520771,199.305608990069,211.76295327413
419,419,4180,0,0,10,0,0,0,0,0,0,0,0,0,0,0,0,0,243.583423324155,255.96322761932,215.221355274221,204.604703493117,274.498594160021,289.013310330224,306.721598271988,248.750836942946,252.274077411786,256.652276202334,276.809134872531,265.858867038529,273.703327827535,316.55382619796,253.620610747197,181.501606017019
420,420,4190,0,0,10,0,0,0,0,0,0,0,0,0,0,0,0,0,279.538306689944,274.65593150385,297.808259140272,273.754807094936,253.433357082065,271.797737796465,297.675989728674,256.451154965686,290.960245249493,257.33338087505,228.087855300682,270.540586183758,254.239137509966,238.028467326884,216.003587049576,250.243607766476
421,421,4200,0,0,10,0,0,0,0,0,0,0,0,0,0,0,0,0,292.90901570156,242.70319842162,227.887283740047,243.208645410226,247.33161711161,296.335866295161,265.733852021888,275.878920465545,222.525743070607,221.857869452853,249.581868889976,229.161535016546,276.128403405962,240.532868725066,212.652827032232,303.34041678571
422,422,4210,0,0,10,0,0,0,0,0,0,0,0,0,0,0,0,0,294.438859015916,304.409457137184,309.622798537663,248.340362645782,255.865759313086,246.595989505494,331.706026016548,257.48085160954,266.629950554162,266.922369600991,271.659480313999,240.390918294957,169.251103270349,345.32887634372,173.752403803306,223.210570028286
423,423,4220,0,0,10,0,0,0,0,0,0,0,0,0,0,0,0,0,210.014543251204,257.253345516481,211.201978542234,221.66963132463,199.574980174235,294.375506700646,318.05860224441,260.296736355486,197.756098948521,265.882026877428,230.407432506526,231.967855001837,151.172036621242,224.384263045951,159.403322415879,297.017407440089
424,424,4230,0,0,10,0,0,0,0,0,0,0,0,0,0,0,0,0,149.99209302427,256.681462077635,281.355759414074,281.988518403619,215.813564351534,254.472441772988,339.035197169174,208.412424997095,251.343460388131,248.05801152305,235.898887310757,313.769436568427,201.514074214779,230.716137408882,268.007302080652,220.554737714818
425,425,4240,0,0,10,0,0,0,0,0,0,0,0,0,0,0,0,0,204.692376398101,238.595748423865,242.113223721677,252.095495025087,245.436755045976,258.464010248739,321.373471700908,207.024811278229,252.05692806412,255.875793495564,211.328071966891,268.953328976385,290.54353513956,248.473674631908,218.350949956126,278.690392996938
426,426,4250,0,0,0,0,0,0,0,0,0,0,0,0,0,0,0,0,193.143987887565,248.074402901491,211.524645409711,250.6807503546,256.433720906378,299.21464212739,335.308248952825,236.969435748369,234.002121460004,200.090738086094,209.665491337389,189.466128351748,305.622740643192,253.69956188808,188.389656659046,215.035612180137
427,427,4260,0,0,0,0,0,0,0,0,0,0,0,0,0,0,0,0,222.421964842655,165.153878140361,256.660672701295,266.62396754098,178.348972956736,187.393397065838,343.498966819861,249.073188087628,258.890253705361,224.278124051312,254.501864459477,270.590630463787,284.316110785682,200.617064105856,273.558864560743,188.813592601134
428,428,4270,0,0,0,0,0,0,0,0,0,0,0,0,0,0,0,0,191.602454106057,266.768931045879,258.652769103094,251.597259812136,246.22645164787,342.05362876452,348.277132712989,206.22413808063,236.509449881509,239.408016406279,241.910853679415,281.618782139815,296.027212611653,269.914109445115,218.820507301344,296.931657765392
429,429,4280,0,0,0,0,0,0,0,0,0,0,0,0,0,0,0,0,291.750631646226,274.743689989718,224.135224324736,145.648467126658,245.199299053719,270.553533329796,348.659535422582,186.738371862275,250.886957220868,170.6972637028,251.254040536048,275.986031862179,300.775038668863,208.593888894317,252.666826378737,184.771901990446
430,430,4290,0,0,0,0,0,0,0,0,0,0,0,0,0,0,0,0,248.111354527804,205.783782392713,229.971622875996,250.648473500236,269.176664726952,239.338897000689,339.12694182362,191.955909279508,248.817682620464,318.258991896742,227.632027923257,174.833632877683,286.769073149894,274.391547920357,346.338172150069,235.28077868935
431,431,4300,0,0,0,0,0,0,0,0,0,0,0,0,0,0,0,0,221.52830832862,293.826888171955,311.653143103562,164.239130377343,291.281055720875,234.074561463613,340.997497192733,271.087820976583,276.092557174814,254.187053669711,211.347435642645,242.672391488891,248.524823210752,263.12961563101,248.248583549361,253.815011017388
432,432,4310,0,0,0,0,0,0,0,0,0,0,0,0,0,0,0,0,246.93029906992,186.083559387595,220.125088796301,263.808233370068,240.201491351583,215.987516274428,352.464817411679,266.162818068463,273.109147406096,278.488423455458,198.033368123058,299.483149466522,278.287942607751,207.198879791923,217.639220607567,225.109295297102
433,433,4320,0,0,0,0,0,0,0,0,0,0,0,0,0,0,0,0,289.757433215038,237.056060493359,245.439472194172,221.061276694082,219.19521268348,308.85805210688,317.105129524748,265.710103212918,254.448250354061,260.64166316704,192.112285420233,195.745183097087,244.779841987288,270.627085707405,283.773705659481,354.303298428674
434,434,4330,0,0,0,0,0,0,0,0,0,0,0,0,0,0,0,0,280.166112711332,273.420419798194,290.020691998666,224.679101875648,242.709221435473,189.258577718626,301.464110107012,276.504038952844,242.257078009298,260.231299046599,233.663446725127,252.412296994043,258.268504949545,266.460225415288,300.875576262604,224.380733477553
435,435,4340,0,0,0,0,0,0,0,0,0,0,0,0,0,0,0,0,250.026302280124,265.433913609567,224.278387065253,231.728160370944,205.512697623933,233.26012711015,316.361203308047,240.031855184232,304.439205472741,218.574013483239,303.740957946345,288.152470876971,256.721770908373,251.911888880768,196.759007716084,272.721192794578
436,436,4350,0,0,0,0,0,0,0,0,0,0,0,0,0,0,0,0,293.212469925237,266.938029153877,288.322409126536,337.461166659442,234.688015771699,217.270365303562,293.377492895178,199.391850981364,288.375849108579,320.225203966195,262.509026319886,288.568388757106,274.577829856668,206.643928533197,279.157337448716,215.276116899229
437,437,4360,0,0,0,0,0,0,0,0,0,0,0,0,0,0,0,0,287.102943306352,237.004740711855,319.577526629293,265.187423292209,287.025789421102,340.346620425714,317.906891934453,245.391291001388,305.875370469532,230.032487091488,254.043906900058,260.145494015446,250.645445109518,257.882139080055,287.64688644463,218.46536615409
438,438,4370,0,0,0,0,0,0,0,0,0,0,0,0,0,0,0,0,256.358924286918,227.084074241122,242.711182081353,295.655850206129,250.830833411425,277.903027791705,298.866794253043,200.963211320702,328.519115262516,267.817083431169,232.501245771445,245.529546827832,266.549018272744,258.809346109964,195.061139839677,263.615201733201
439,439,4380,0,0,0,0,0,0,0,0,0,0,0,0,0,0,0,0,256.390063251637,191.146740058459,192.461454752458,235.872184376241,215.456046413676,282.890038265472,295.675974120602,207.731032071196,259.142915892503,264.567293531158,223.172590262305,244.920059238262,229.905904247634,265.697194523495,223.36074990042,309.255788161611
440,440,4390,0,0,0,0,0,0,0,0,0,0,0,0,0,0,0,0,295.346928948248,231.915712758747,284.635009066358,268.780775283746,263.780500313109,231.528949163577,272.848331226887,255.00335633344,225.3911371593,228.121856184454,215.52618785942,288.135915829067,231.807435595711,206.362933635905,286.258388158467,275.118630298056
441,441,4400,0,0,0,0,0,0,0,0,0,0,0,0,0,0,0,0,216.530634761582,264.995147189254,272.652210555424,214.070059037379,270.913390382244,258.129907265179,300.457477332227,335.291344820606,205.914721645171,266.337398672559,255.398677474168,252.828894443031,245.17254046294,341.015956222897,235.159830423874,271.611105494343
442,442,4410,0,0,0,0,0,0,0,0,0,0,0,0,0,0,0,0,254.811401359261,236.196738260333,261.841901169422,258.389107172782,185.58645280198,228.416853876849,270.22444903875,236.967674344815,295.963546072094,257.584728494538,169.009329137357,207.290477180184,198.644423466297,257.170091258633,288.039404095675,262.610775034343
443,443,4420,0,0,0,0,0,0,0,0,0,0,0,0,0,0,0,0,278.395795151202,253.653398641214,226.358891849984,277.185333384123,222.966831628845,239.461482849315,267.016277757131,307.089315976094,209.377999915697,302.212589686571,302.627515013078,307.663919556963,331.288094077586,242.006174391919,291.773699762766,256.654181744451
444,444,4430,0,0,0,0,0,0,0,0,0,0,0,0,0,0,0,0,271.096802696606,253.035573868816,214.50162706576,240.66518413703,208.213918257737,287.563912339836,288.253667477233,201.3098565165,210.047559388892,292.307560654629,229.561940387175,240.945426504601,213.387880759508,251.574004459574,281.591288891086,268.496573961527
445,445,4440,0,0,0,0,0,0,0,0,0,0,0,0,0,0,0,0,307.552204503389,174.342623646436,173.890011141451,355.801433464462,208.431144717501,241.667371480201,276.226654335649,187.085762020064,215.512970103311,223.197179666259,284.075434462145,210.863794641243,210.008823719072,269.384919186487,257.773390082547,256.263503172214
446,446,4450,0,0,10,0,0,0,0,0,0,0,0,0,0,0,0,0,332.584992404236,282.560664296439,268.515931837913,216.079974164569,280.377728388901,270.002722464901,267.342338850128,243.511201162595,237.978514707881,237.729110764893,244.46208958785,213.690814206873,266.891496519486,279.076377673559,257.913562437311,259.792392904256
447,447,4460,0,0,10,0,0,0,0,0,0,0,0,0,0,0,0,0,260.582151472105,268.120921195836,229.01544194895,253.473372393744,253.293941012827,254.411653920305,259.947994674776,251.714640199653,286.801212697937,211.021291168827,297.644713623961,242.502406808493,307.508981256529,237.918938703268,258.24420342191,213.904909606332
448,448,4470,0,0,10,0,0,0,0,0,0,0,0,0,0,0,0,0,270.240679329288,235.37390385487,226.894169735994,263.768132435519,214.354377134327,210.058693957833,291.984721690185,267.712678415607,285.426067328189,240.751912683918,270.289981998846,312.702193174713,181.039472470667,309.239081597501,295.235640304524,259.90518302804
449,449,4480,0,0,10,0,0,0,0,0,0,0,0,0,0,0,0,0,237.703457868316,232.015842087661,194.139292581823,281.138206853781,236.849223791915,181.268845393919,276.472660665966,232.647218582582,225.326179720439,261.288774252889,279.221214392259,276.433874280869,268.768554859191,272.090284733412,255.268802609021,188.306374323517
450,450,4490,0,0,10,0,0,0,0,0,0,0,0,0,0,0,0,0,255.769566288696,297.219281862514,161.765106962241,309.95326753373,273.819748866354,257.022905191126,291.595135984453,181.899638858586,269.494831696963,242.625758439842,283.63195429732,273.928494391017,197.789908709957,190.802151791914,228.180666976571,272.892592093103
451,451,4500,0,0,0,0,0,0,0,0,0,0,0,0,0,0,0,0,266.377286986525,279.429206427026,264.101944176753,328.504881686062,197.257631865665,259.603303286194,281.176482042314,212.887475554771,241.660755106467,280.162797489426,243.316901761933,226.055230523477,261.506869974678,277.604672173935,241.495109198493,307.790217421868
452,452,4510,0,0,0,0,0,0,0,0,0,0,0,0,0,0,0,0,253.519106954409,244.890573851262,237.897581496638,244.039790011819,272.980044573498,267.090469632384,311.549767151396,273.732886728878,355.532429079303,241.785718081746,307.868523019329,238.412741048092,297.149599325731,201.029856338208,249.615310321146,192.961878980163
453,453,4520,0,0,0,0,0,0,0,0,0,0,0,0,0,0,0,0,273.317435764439,310.265167078629,275.41645766185,197.06551040064,213.422796200568,293.132324080361,320.740204143666,220.975516058601,289.542848091368,214.229182114056,129.959252945364,254.497301523018,310.690067808715,259.01921999085,251.766422864635,246.674055976497
454,454,4530,0,0,0,0,0,0,0,0,0,0,0,0,0,0,0,0,300.6913732049,280.190855225072,295.987716985913,245.968648536149,264.645690077296,259.347959381065,306.177097851582,250.358679368595,258.911138347529,206.987395592995,280.587597130938,227.510276723603,265.984697942149,243.213464040894,309.83177889791,275.469777888273
455,455,4540,0,0,0,0,0,0,0,0,0,0,0,0,0,0,0,0,209.667172569299,269.629440358666,205.258945120405,281.689952905426,241.941539163245,269.504940148843,297.513880555933,248.321675902823,241.114109607054,178.58592527674,229.014321910536,307.241984751866,233.425333227618,294.501275650094,329.484596369465,285.292581065867
456,456,4550,0,0,0,0,0,0,0,0,0,0,0,0,0,0,0,0,238.97911238675,288.270669371614,256.937948007591,227.077955758391,291.69548953564,315.61923517494,328.657836709535,222.098360307742,235.368945452274,249.131182653362,219.319810888222,232.730316745757,286.082980261246,213.476456322042,270.218277088322,174.264719356217
457,457,4560,0,0,0,0,0,0,0,0,0,0,0,0,0,0,0,0,240.686491051047,215.663025460231,286.495412553651,225.800831984993,238.940262817995,293.36895572243,321.077975414989,253.856494519985,241.995675141875,212.479067935415,195.147306991323,233.797450136774,243.429196212808,289.550065333809,222.152571888961,240.880832979988
458,458,4570,0,0,0,0,0,0,0,0,0,0,0,0,0,0,0,0,224.323036062791,286.729964290037,225.699952819085,239.263087897813,262.77763211044,182.956956471015,308.14906028491,214.92205290506,232.63137102849,296.166248507305,280.944339862289,212.409980415738,267.640158451905,278.165608125932,231.804756019879,249.684235291626
459,459,4580,0,0,0,0,0,0,0,0,0,0,0,0,0,0,0,0,300.479382645367,232.447018805573,261.688497241724,285.666448225033,245.573232486983,227.75038571546,283.453424081063,213.560553584154,315.402168154705,294.521699696095,286.19775763063,232.768410811153,259.89662455152,301.292060160829,280.616833961964,217.628735129601
460,460,4590,0,0,0,0,0,0,0,0,0,0,0,0,0,0,0,0,273.781038873993,260.889407692411,228.991049438147,162.664725037776,202.488824251687,209.743325379571,284.099619865335,271.80000600461,241.943413671579,236.054561783178,280.565720506806,266.851143749515,231.126862234744,311.698113048372,305.624140947649,273.843599193325
461,461,4600,0,0,10,0,0,0,0,0,0,0,0,0,0,0,0,0,233.33078393501,270.720492263674,205.167507753148,260.312339060773,228.588746781196,197.449418004403,292.4905308771,304.842530382731,285.415384242272,256.981416175476,240.144559108945,226.242992267242,299.697444406349,262.005076454321,208.778990545886,251.330966394217
462,462,4610,0,0,10,0,0,0,0,0,0,0,0,0,0,0,0,0,255.733042190096,224.431439177445,282.745516078626,247.010358343857,277.162154433327,303.983540705102,299.744649468381,170.504838346484,265.069390694172,236.577464615204,267.438313261429,262.471546586131,240.983286218771,322.786251019074,272.86128769624,279.599478869476
463,463,4620,0,0,10,0,0,0,0,0,0,0,0,0,0,0,0,0,284.797305668947,259.310449385285,264.462588482816,245.57850157436,282.213938775619,287.724790384676,291.005161207141,299.588619123675,202.809464185942,291.422166027782,275.084929388978,296.201898046431,260.615748975017,253.555640508173,181.716275149944,207.512841262468
464,464,4630,0,0,10,0,0,0,0,0,0,0,0,0,0,0,0,0,208.692616414471,223.795843293232,223.411078716869,251.801510473444,195.210365450745,234.544429727669,268.782472669076,263.489393006981,267.114064315361,263.1277673224,269.806836988084,335.403426653332,306.479516332935,217.989351509715,186.944421548106,230.312500647725
465,465,4640,0,0,10,0,0,0,0,0,0,0,0,0,0,0,0,0,273.354694066834,235.115649613274,224.309750426144,230.727844070743,228.903963343345,231.27944870737,287.881638606577,277.937476649727,235.10072401571,250.131935174154,245.009707496057,216.587534161849,292.3289088268,291.100434296069,232.261212175573,220.814337467405
466,466,4650,0,0,10,0,0,0,0,0,0,0,0,0,0,0,0,0,203.457046365639,252.694999000752,262.707211422892,235.578473398045,275.3636723504,249.682232388836,303.619347222992,268.008454076687,282.852243339996,234.887418115412,282.962493939581,262.475642724108,176.250993773712,245.063258404564,277.699155268842,203.243153199276
467,467,4660,0,0,10,0,0,0,0,0,0,0,0,0,0,0,0,0,322.777110142607,308.542516158219,233.709509237375,203.815579009426,230.023609086504,303.014485877682,326.677967733302,288.505587778318,254.622575069585,312.234024341853,272.422219675683,284.128172102094,273.837078128036,240.675092247246,230.186703736713,325.433058803663
468,468,4670,0,0,10,0,0,0,0,0,0,0,0,0,0,0,0,0,305.655472324074,278.946943260745,228.788535490943,275.938214001916,280.520286408808,275.375293872979,309.074979203053,279.241757917642,304.438450568424,243.738778432155,359.703300848773,245.149443751192,233.449678682775,229.762901994046,311.003066326317,246.886157738425
469,469,4680,0,0,10,0,0,0,0,0,0,0,0,0,0,0,0,0,219.554480073575,294.371059525101,281.857358257846,283.079449482278,235.894552008112,247.282416943163,324.961269926985,229.984143231821,230.510479097291,274.538991754099,259.824623834461,228.660073811866,274.606649428876,235.015768447238,255.032613502112,217.168731607824
470,470,4690,0,0,10,0,0,0,0,0,0,0,0,0,0,0,0,0,173.07098605164,217.13153615281,252.961292855903,206.119098442505,213.386904761369,267.952727432602,336.774315428913,206.377226376715,260.392348239467,262.613938414765,240.438402855737,251.470816455234,307.32677178084,265.785384206261,278.16226808596,263.354234073312
471,471,4700,0,0,10,0,0,0,0,0,0,0,0,0,0,0,0,0,211.505914218607,229.569150102343,242.898283773038,197.436175366173,208.580171721522,247.084393602651,336.232748408916,312.015464660958,249.282774762209,229.162634886726,208.197773950896,319.928596393104,276.088563692651,312.919975426774,213.437920317266,227.572350850522
472,472,4710,0,0,10,0,0,0,0,0,0,0,0,0,0,0,0,0,245.61921518744,254.386448010829,230.983032044539,212.665323483171,237.0963290063,232.619856278284,339.480705679242,246.393150880765,221.206678192095,305.512387348066,226.082249065664,263.883495500954,269.345487517305,275.213596469841,278.413563215685,218.915698030579
473,473,4720,0,0,10,0,0,0,0,0,0,0,0,0,0,0,0,0,295.119122531728,205.449209963059,243.167714932711,315.409652196089,227.534044722162,211.710461663944,359.166648300284,293.619536849769,265.561207752557,208.036230980694,288.001076960334,222.630338890545,228.388215875671,231.636779183764,211.136395882103,263.817000039512
474,474,4730,0,0,10,0,0,0,0,0,0,0,0,0,0,0,0,0,246.133335535185,243.022911560089,256.252544174193,299.519430877215,150.304717214621,255.601216346897,347.841751907672,246.076231447954,270.72657217407,217.689191444331,298.571616826301,288.702228693484,262.701540766699,280.263249508468,237.382711186617,300.752149909767
475,475,4740,0,0,10,0,0,0,0,0,0,0,0,0,0,0,0,0,278.110768878374,290.27153567311,195.87508282102,213.741097461937,247.578784371098,260.234365816601,361.163555017313,270.45083387453,287.949565899645,277.114840311947,298.798304887065,275.558086618299,173.204372004295,288.908912456502,237.388011579198,255.744048321811
476,476,4750,0,0,0,0,0,0,0,0,0,0,0,0,0,0,0,0,196.590867193529,249.507838246027,212.556644412985,164.058316183888,256.918546286556,216.712308407191,369.611534073515,261.819175524417,204.261374033256,312.848904527344,193.099845333071,255.118614309594,184.809562429531,206.001400219327,271.884938964522,236.469542021279
477,477,4760,0,0,0,0,0,0,0,0,0,0,0,0,0,0,0,0,254.502818251607,278.017302521536,239.402890792181,278.59796271552,256.380050087543,251.274959485594,369.196728499284,273.625735005305,289.814749726541,259.760101634414,296.088770349619,192.53587967458,239.223672833759,266.209903881924,220.644957493965,224.497343778154
478,478,4770,0,0,0,0,0,0,0,0,0,0,0,0,0,0,0,0,255.559115673927,270.553090034794,235.296439445257,342.859841248194,284.298349662312,255.525798456058,371.622533937889,202.613754117134,322.156644666224,215.843956149156,232.750859597709,279.645147118481,238.783327155854,288.543136524495,255.089223986704,284.729190515346
479,479,4780,0,0,0,0,0,0,0,0,0,0,0,0,0,0,0,0,318.134462848624,286.455841405103,267.256038678045,215.077528064178,254.883383166167,270.047132653503,355.905537582533,259.773508280216,237.452731650687,214.762843925977,271.542861965071,203.979197918282,172.12651353284,217.725796879262,246.722337678568,243.026465882099
480,480,4790,0,0,0,0,0,0,0,0,0,0,0,0,0,0,0,0,265.393937954545,238.704473510224,216.372705074536,263.80206497091,282.166409367506,244.049467866885,383.388700770107,273.594784486706,217.926226861224,223.929776235751,258.660601485383,217.165589787127,297.051174038627,370.411301916937,225.041960688576,239.555095759147
481,481,4800,0,0,0,0,0,0,0,0,0,0,0,0,0,0,0,0,258.536231542912,205.185835276182,213.416576186118,247.957451446587,234.596298475053,314.920745368932,352.013134458295,259.473004237336,204.521295356932,236.162934202366,235.353066973621,227.199994623218,229.066590118173,242.374126228963,278.001568353285,242.757699760935
482,482,4810,0,0,0,0,0,0,0,0,0,0,0,0,0,0,0,0,245.195453388248,269.385385793478,306.559168095543,176.283740120634,263.510817312124,294.856010216364,358.597847917769,297.243901971213,285.717865717072,248.372166585779,311.103221709823,225.222993172539,311.999889936608,337.547828312489,336.041123621311,221.159966238866
483,483,4820,0,0,0,0,0,0,0,0,0,0,0,0,0,0,0,0,211.368073765554,215.148189589704,220.609909924993,271.484349654736,242.411320745995,261.169694350768,351.420835311111,205.970582607023,276.838279477228,227.595512376185,261.332524277685,291.068945043541,346.505860189485,272.583025843211,289.862481568561,243.422021007983
484,484,4830,0,0,0,0,0,0,0,0,0,0,0,0,0,0,0,0,244.26833263154,278.586622769277,258.0445205314,214.614113557516,229.463120653837,232.316282767021,321.517847163389,274.908193525141,283.697816824249,249.581658988113,277.396130094458,301.909278979357,299.834237681013,269.147731492079,250.414681180482,236.085874675784
485,485,4840,0,0,0,0,0,0,0,0,0,0,0,0,0,0,0,0,314.030144411489,228.183496640096,288.476257408155,268.270469667054,243.603224948331,204.622824175887,307.251079782783,274.843399642915,221.68536868227,267.11658249354,248.783740614553,207.288448916174,262.616257682517,257.491968100741,227.54081445752,227.937943986031
486,486,4850,0,0,10,0,0,0,0,0,0,0,0,0,0,0,0,0,269.942195370868,270.66153665698,255.393529259566,325.640460129288,212.105027565375,293.214576960757,301.064566889009,198.309074772691,229.584357191041,277.615894794069,311.945444196991,257.212321671377,257.162087540881,247.240376369984,282.915565160723,242.742095283992
487,487,4860,0,0,10,0,0,0,0,0,0,0,0,0,0,0,0,0,253.104472978176,205.486612829763,253.867506499073,214.111549638746,248.232768125763,225.630770808859,316.550081882545,257.850202798689,209.26671799983,242.437738827806,246.328404169843,276.413712770788,240.625067885433,319.36680085956,214.552930004876,241.061507381314
488,488,4870,0,0,10,0,0,0,0,0,0,0,0,0,0,0,0,0,217.288075087382,234.704383139528,237.434003040036,251.111530970675,260.464773240026,219.334868690399,308.269713198147,299.484013772824,235.413325260709,198.907095284905,216.21397739678,185.172195263947,219.000265259606,216.0617959766,290.93598163721,274.294557937513
489,489,4880,0,0,10,0,0,0,0,0,0,0,0,0,0,0,0,0,263.462633752329,259.693633315663,279.807264011831,296.223701967013,202.821800920728,253.235089477437,339.537488239575,252.554664439146,213.664139067987,220.975154615002,268.889671772738,317.612601103243,211.853392605877,302.912712341006,253.443495401695,224.16534689127
490,490,4890,0,0,10,0,0,0,0,0,0,0,0,0,0,0,0,0,263.135458504988,231.06340579875,234.353752716904,236.056860846047,281.36461802055,251.278349295834,342.236441994804,261.430283702815,260.730655778753,237.603288717831,202.205899707402,283.005036204006,233.063186057026,354.742750749919,230.014663494432,246.794158990945
491,491,4900,0,0,0,0,0,0,0,0,0,0,0,0,0,0,0,0,266.053570203265,256.401286601468,183.795710199455,290.55163576282,231.709478817478,260.197654919474,336.746179878273,265.138066915863,244.830349997547,278.644448360879,237.356409807386,279.010350332322,212.679694647385,250.116005080678,213.270800623938,263.861602528224
492,492,4910,0,0,0,0,0,0,0,0,0,0,0,0,0,0,0,0,254.964176655224,252.06470671276,266.696618131113,283.372718304688,262.542399753608,240.649167922476,343.190878068168,207.796980551759,224.609216839718,233.449698639485,246.319744778518,221.955119174635,248.068504454387,304.082577774812,241.615568131612,213.941286095453
493,493,4920,0,0,0,0,0,0,0,0,0,0,0,0,0,0,0,0,243.160187211976,255.53246437012,268.435823416701,238.792091407634,274.149162251968,294.421904768253,342.394878825832,290.347358278976,254.006335545995,280.634187030792,232.358170116846,259.058809838245,287.655269069916,297.844895780575,225.711382149743,261.593420466695
494,494,4930,0,0,0,0,0,0,0,0,0,0,0,0,0,0,0,0,256.263926515815,290.475092630024,225.476665867892,267.841287996844,200.079121904128,262.773700153359,357.531088709115,255.725638080332,304.154716994053,246.261370158257,282.49565804403,277.121665343498,314.790329609087,230.384749209038,290.310256154835,291.603228528943
495,495,4940,0,0,0,0,0,0,0,0,0,0,0,0,0,0,0,0,264.307521295293,291.779723988698,191.584831084492,259.792104415764,238.065803675502,190.098144918496,357.076207790618,240.278674644651,205.079044208943,224.837812078147,270.243270415257,215.248181819433,271.80220478285,245.124244737119,217.510777538557,326.683452568648
496,496,4950,0,0,10,0,0,0,0,0,0,0,0,0,0,0,0,0,219.305033001266,300.313843591022,221.755103672495,210.880173960951,253.788471798471,196.068174724988,326.580766560974,238.892472677664,245.216479125044,244.313037724745,286.404874001669,244.130748881317,178.352397884203,227.634343052644,243.772072913902,289.339263227945
497,497,4960,0,0,10,0,0,0,0,0,0,0,0,0,0,0,0,0,231.73820982747,231.123850811305,268.290985082538,231.556733604849,202.421197817929,351.335053052316,310.698854438217,274.623642104232,219.874054359602,301.467052040486,228.42715976171,293.41628603253,216.930838660304,273.271124444851,273.310222381621,275.950184378165
498,498,4970,0,0,10,0,0,0,0,0,0,0,0,0,0,0,0,0,211.962042499467,264.171501419445,275.10670226257,236.669406820036,216.448946481387,269.927600233485,326.827154086313,196.526906186537,259.969004954651,266.901191656951,267.397374541751,216.953813657654,287.301018946361,262.644389592651,279.59970651363,248.933536245919
499,499,4980,0,0,10,0,0,0,0,0,0,0,0,0,0,0,0,0,254.778683191794,222.661176931801,210.340842525933,320.246653618269,283.172365070659,226.524911929798,329.214127950829,177.80398967789,226.145615621457,263.983284621747,200.4052807795,259.502293000726,279.667877958731,294.210057663643,203.219451452854,250.784080656259
500,500,4990,0,0,10,0,0,0,0,0,0,0,0,0,0,0,0,0,275.365506192844,275.3877534747,238.269201151057,271.904196048726,207.525675510646,261.856501248617,324.103132234108,231.620927789104,270.328675868638,275.009090567858,206.329346196097,254.841729605131,240.589402437736,283.993109221341,320.754482566391,227.646918780299
501,501,5000,0,0,0,0,0,0,0,0,0,0,0,0,0,0,0,0,225.542048471029,257.692892057317,292.98942951746,180.067305854834,197.231795398713,229.320626627414,350.305005639437,250.838856641883,211.637103583726,236.536909765439,215.92825045828,300.725833897505,226.360341720231,247.888157458132,255.375908887188,327.973546433178
502,502,5010,0,0,0,0,0,0,0,0,0,0,0,0,0,0,0,0,302.059838317907,246.038837869252,276.240117074926,284.122823781555,272.422277343642,248.014173926822,321.929325396023,255.982001863745,319.736256847614,206.657754065474,219.602992316233,239.443925198938,235.503318086294,235.363242136632,228.246994064027,266.393738429965
503,503,5020,0,0,0,0,0,0,0,0,0,0,0,0,0,0,0,0,236.302683462171,229.281554870169,196.726634521472,300.434430980766,247.222720782836,249.534183484344,319.340285722985,298.772334749982,289.073826814004,227.494356167276,204.539015881985,265.806431241174,318.42118476367,280.002687174835,271.645750791413,286.847159574019
504,504,5030,0,0,0,0,0,0,0,0,0,0,0,0,0,0,0,0,173.381477490832,221.347783321389,236.307730558504,234.784116848866,271.396525043275,252.500321030452,358.224663001328,232.736563182515,274.868963274741,302.897626916587,267.476457380648,239.465081371301,261.171944858396,258.106806216426,298.132193037998,197.284690002784
505,505,5040,0,0,0,0,0,0,0,0,0,0,0,0,0,0,0,0,241.086662380475,229.106961763399,292.436913722723,243.217550025506,277.996687095468,268.480758106243,329.304696649079,238.718614659192,252.61712277069,168.207842800628,278.452767320243,238.758655323955,280.675056141253,163.078867184981,212.45797052586,228.683863978051
506,506,5050,0,0,10,0,0,0,0,0,0,0,0,0,0,0,0,0,291.637976882443,212.924443350664,316.062353300498,245.640263751741,273.330247937542,242.41913660445,337.750218215496,322.590977986874,281.941637012528,287.114904955776,263.869577376155,204.415416522114,213.649031644159,277.888153226133,212.89434969453,261.203553145178
507,507,5060,0,0,10,0,0,0,0,0,0,0,0,0,0,0,0,0,229.850698962057,310.650272913322,254.109276667061,264.02608079903,238.139577774276,204.051921903153,314.122944669677,243.769363976722,280.481722652579,247.094931147884,255.718801296864,283.443288205196,241.274288129698,227.700199725801,273.088133021001,228.284560015041
508,508,5070,0,0,10,0,0,0,0,0,0,0,0,0,0,0,0,0,260.955555703442,233.95046149336,334.709763504516,217.453004780956,225.412619606469,293.363881556166,318.3989340866,395.201715760045,211.649021590384,223.604612179845,291.627067099112,275.828989348232,270.983196911527,238.28710103222,211.901611777724,206.356577073887
509,509,5080,0,0,10,0,0,0,0,0,0,0,0,0,0,0,0,0,246.458349175789,227.765608004001,252.630889962339,220.6953724796,300.002926859317,255.970403696934,324.424335126883,265.976724464059,259.07100556538,192.080171988013,255.52268653355,203.726936070037,274.83608323415,298.705317915865,237.423557266036,226.877051622385
510,510,5090,0,0,10,0,0,0,0,0,0,0,0,0,0,0,0,0,191.397333287221,288.417143336183,298.659255186006,256.689922460514,240.817955177253,308.515996256444,341.92006692205,245.303850660657,256.412485421697,183.745549429539,246.400642697788,334.75056841742,313.495766035048,300.810933984656,229.018177375542,230.785719258464
511,511,5100,0,0,0,0,0,0,0,0,0,0,0,0,0,0,0,0,315.381783101967,295.485689954167,266.849159964171,306.684236534218,283.688360664522,218.172255870392,340.128429204841,313.722325230038,279.073342336297,297.441325342485,227.365422377951,262.74088398678,299.380143615894,320.268686106684,224.999545815865,239.736473408815
512,512,5110,0,0,0,0,0,0,0,0,0,0,0,0,0,0,0,0,257.666824014227,282.45348762761,241.424152620309,202.081489378987,236.489348781837,270.73309775714,336.818799349143,271.21723485755,223.324136626064,265.593276849791,291.262653662511,236.275929397024,211.826618357229,174.327441552675,236.091418318165,374.775703276181
513,513,5120,0,0,0,0,0,0,0,0,0,0,0,0,0,0,0,0,305.421961837891,243.777632954863,266.490244908377,192.621126222949,259.671921145913,300.063008490954,312.03947958563,311.051572500895,291.036969627868,210.443851275561,199.057912509032,285.287300588751,247.169454729071,259.745814759113,225.023799093751,135.758065471954
514,514,5130,0,0,0,0,0,0,0,0,0,0,0,0,0,0,0,0,222.752471159865,228.428614657135,296.992987672146,286.212274770837,288.691131903936,255.224565175777,325.826720369713,240.372090558631,322.244740038561,312.144603745643,286.660943065811,273.310620084112,219.193818237615,223.294973946467,287.095481354578,255.970683728613
515,515,5140,0,0,0,0,0,0,0,0,0,0,0,0,0,0,0,0,253.502777713882,203.984516481812,183.404388826169,326.055229301271,278.356654631686,308.3449771506,324.675888667997,270.007410765731,252.358572037854,236.135974970931,183.315521213325,263.830011038625,272.633041704562,278.861134048771,282.473639258328,243.882980480855
516,516,5150,0,0,10,0,0,0,0,0,0,0,0,0,0,0,0,0,320.795279660985,247.341015886756,214.228476931006,262.564095359152,272.171841142946,169.605261601865,301.734494550119,230.617604135738,215.794464036668,241.240059852326,232.696074807191,245.055507458098,175.467692046494,251.638627357834,248.119743329238,237.853706331375
517,517,5160,0,0,10,0,0,0,0,0,0,0,0,0,0,0,0,0,217.064769077979,264.017895217193,237.119983777837,244.077911066781,280.056047194278,253.432268789657,314.027439320411,204.999032720999,291.009438128317,309.638627616408,206.241610900302,216.065765175569,229.727192526725,293.153601971154,268.079278153446,224.727166659657
518,518,5170,0,0,10,0,0,0,0,0,0,0,0,0,0,0,0,0,215.163486927944,221.899977856883,253.725864446346,257.870228474755,190.733895281295,175.332812927517,322.07822198201,328.81422516707,267.244718869717,249.836903223097,260.654441537271,281.593029480131,310.352661105678,251.287193007337,237.336310373288,182.075987756629
519,519,5180,0,0,10,0,0,0,0,0,0,0,0,0,0,0,0,0,213.448712891964,244.01725715323,344.296102910689,226.576057276755,173.02557388567,202.931573649021,343.262537460058,260.18696881348,253.904265333247,328.201638203591,239.879855933894,253.680494349122,259.968904606387,238.598495177874,233.148891784774,260.964012771255
520,520,5190,0,0,10,0,0,0,0,0,0,0,0,0,0,0,0,0,294.311051872975,266.735092587061,244.786928156896,262.874274559701,299.258922534341,187.679600050977,313.312388463778,238.508778002598,341.47856210761,301.845119556824,250.554671849844,208.489578545292,280.968630955707,216.246399556573,265.895324632873,265.646957474506
521,521,5200,0,0,10,0,0,0,0,0,0,0,0,0,0,0,0,0,285.378023218,228.93307194773,250.215806638464,268.707989660963,277.855155660301,219.31303590196,358.816971648256,244.008037426926,280.811436261904,228.484143367492,260.515671866295,225.048944206718,182.828118384497,236.330165914462,198.910457551194,210.595117341798
522,522,5210,0,0,10,0,0,0,0,0,0,0,0,0,0,0,0,0,235.081139333088,231.457459528623,250.089376731005,219.575388328155,230.898817467734,242.315288454663,323.78549958837,230.329361158128,267.674395263186,257.111856872495,230.332666606156,223.913633544954,271.987959018504,251.541482843741,255.819256043199,185.171865068006
523,523,5220,0,0,10,0,0,0,0,0,0,0,0,0,0,0,0,0,274.532193899621,270.844926956419,273.681993931894,227.857279744733,209.490028643287,281.146466472497,354.919127866251,246.845773900182,239.618906235136,296.800247003849,318.953768704736,151.921272576343,170.016664647383,311.093922680523,231.616047241573,287.040557363027
524,524,5230,0,0,10,0,0,0,0,0,0,0,0,0,0,0,0,0,266.576386408317,314.089079842895,258.210380996739,231.272909468105,241.272224266695,264.831570865295,361.806658486654,198.599806098148,240.353035250419,254.781432104643,280.536276095854,229.529257434715,269.891917280025,382.544980647293,207.759293174658,223.88594409956
525,525,5240,0,0,10,0,0,0,0,0,0,0,0,0,0,0,0,0,159.135528413655,258.650102829101,233.044291547585,170.725953941312,199.270650701244,282.622349100513,352.137235740103,247.945402810722,291.701996251335,215.459240742527,271.220333140076,299.908757167946,185.776099251771,216.590393693419,263.521407892212,242.697767680626
526,526,5250,0,0,0,0,0,0,0,0,0,0,0,0,0,0,0,0,279.527373631659,187.305276633867,269.593047160908,294.487297804873,295.304938691789,351.551850012996,371.598971943869,282.965966755053,210.984043077346,327.450121678145,277.866773351802,220.963215720234,217.462634858313,189.962210331345,327.771546108734,201.044094210184
527,527,5260,0,0,0,0,0,0,0,0,0,0,0,0,0,0,0,0,301.527926810718,288.850566746875,212.571251481421,284.764916981029,287.687379449405,279.410991192084,371.162143007749,206.046832747883,262.402356361389,258.052234077608,252.29317154428,241.609108076309,240.629086552729,199.172324649211,262.943063990752,228.506317462409
528,528,5270,0,0,0,0,0,0,0,0,0,0,0,0,0,0,0,0,185.8463693866,211.137463383736,292.152874397791,223.693343610471,253.459696979263,248.736334731861,373.908419557555,235.431685660322,191.541969458479,247.844915198388,188.05346781366,275.799151277808,269.843612208408,233.681026657576,210.961708418828,202.33725497062
529,529,5280,0,0,0,0,0,0,0,0,0,0,0,0,0,0,0,0,231.324630284504,230.539092068003,276.426816099632,276.309062898373,253.737848059977,301.430657031503,381.666457706566,254.37638579197,250.251419591475,270.577475644809,227.164217475364,243.744958225166,251.33826544684,248.807429790706,146.221096574194,287.671407158779
530,530,5290,0,0,0,0,0,0,0,0,0,0,0,0,0,0,0,0,181.598350546008,217.914730391169,273.614772946878,259.531160873559,191.003083968211,247.634631708644,352.555060494815,276.67475231877,264.979130867277,214.71854744705,240.411401660065,301.252098186926,254.834756128773,233.863361388371,285.239431295211,269.370877519407
531,531,5300,0,0,0,0,0,0,0,0,0,0,0,0,0,0,0,0,277.291018147024,281.212470400843,216.117134993737,314.624821972349,286.683319446226,206.86060845796,329.645898266073,243.102731180771,205.778186390395,279.645930376967,244.622803445259,229.447988242105,203.335101462662,235.665694763013,214.508893593736,282.088479067192
532,532,5310,0,0,0,0,0,0,0,0,0,0,0,0,0,0,0,0,269.33107103381,245.616286692306,190.601386682183,256.811223114758,296.666536298134,273.413752412871,347.492530849161,240.932104416287,179.335348109148,296.750199681578,228.248572003874,217.952907242451,222.718749826366,254.522188059978,288.394234336062,216.839270093871
533,533,5320,0,0,0,0,0,0,0,0,0,0,0,0,0,0,0,0,286.845195953819,182.037448281993,227.399048416725,278.927972336655,160.988612356522,314.90331385163,339.98456810142,286.147650532883,269.373099797107,256.641930652576,246.093501376172,203.49110970775,208.646128090126,249.365387727983,252.839726954593,250.435550364313
534,534,5330,0,0,0,0,0,0,0,0,0,0,0,0,0,0,0,0,241.236739965239,281.087240048374,207.123346002358,326.272320819137,219.052102117284,258.926607340903,334.412491251941,277.242677985749,252.049633942787,210.822323976999,301.939759044696,225.572039895072,211.594833147516,228.694774782141,225.490994292449,238.115961762286
535,535,5340,0,0,0,0,0,0,0,0,0,0,0,0,0,0,0,0,267.323298278738,263.979073975199,260.587927742747,222.580165005785,278.969038221372,219.00186529814,306.367437556949,343.556576170139,178.031605802722,214.20089946691,208.835035194358,252.962915014496,223.794469892899,205.387536791988,290.391750747094,260.613768447261
536,536,5350,0,0,0,0,0,0,0,0,0,0,0,0,0,0,0,0,210.3990274482,300.450258219499,237.317483943377,218.758760046523,175.020149617765,261.302606884933,322.735894033422,206.141199199416,245.779999812626,209.419924745531,148.665905762858,269.148658777449,285.943617525881,228.464501798178,248.224566733951,226.507073612346
537,537,5360,0,0,0,0,0,0,0,0,0,0,0,0,0,0,0,0,251.412996121181,286.07250138284,256.384981947097,307.030810458784,294.520951874428,249.558697067533,304.971810369308,265.355770085475,196.620359582161,281.254316972382,203.570278231514,275.070151285268,268.925074558714,212.998050324353,210.942365680248,260.425346483474
538,538,5370,0,0,0,0,0,0,0,0,0,0,0,0,0,0,0,0,209.07116339721,289.147993576412,292.300005956836,292.316557647494,284.350809287545,196.711951120933,290.699386134644,217.139050689723,218.192383392276,254.34662875565,197.914199679496,211.628495300071,261.536163119752,245.327124958729,241.80433384595,229.374425996516
539,539,5380,0,0,0,0,0,0,0,0,0,0,0,0,0,0,0,0,249.788591481617,190.133270025128,276.464432022192,204.374941717152,273.705632062071,213.599683256489,309.714795800855,216.227086415507,262.533668223578,304.045041752135,186.526776932036,265.193950930213,188.820492005678,332.373210359219,265.804498998689,279.266696508679
540,540,5390,0,0,0,0,0,0,0,0,0,0,0,0,0,0,0,0,270.64374210651,250.538837902824,315.685389353549,268.083589695615,238.615941641246,239.984431363387,298.093786028435,235.0717212881,263.823000441305,200.390827819988,288.538501448193,250.677599858682,281.437858579587,270.171381992221,270.216566107216,248.210228583401
541,541,5400,0,0,0,0,0,0,0,0,0,0,0,0,0,0,0,0,281.697111988805,206.337881796827,251.011013660433,238.126120206423,284.615292284555,229.805831771123,296.208983864549,284.238633354271,254.978168261164,208.624354733011,262.399331017829,263.305188686581,158.219137716434,296.376619970994,265.893401187953,228.627892708091
542,542,5410,0,0,0,0,0,0,0,0,0,0,0,0,0,0,0,0,236.01092429427,188.326696369506,277.507917222835,236.12347413698,308.712671337142,208.888316119192,287.8204672901,284.603106337365,225.720915414841,247.720463146394,280.515199090239,164.186087959079,206.93655523131,300.327523650506,290.106301213671,250.891148521597
543,543,5420,0,0,0,0,0,0,0,0,0,0,0,0,0,0,0,0,251.847007581321,169.197235729995,164.170852682575,279.679137387637,241.814746011589,212.506676084505,290.063748609233,268.383112482407,327.493465707805,250.450957883732,231.241399468974,220.227848543856,233.224259194245,252.834349224771,220.933366077732,237.857666080196
544,544,5430,0,0,0,0,0,0,0,0,0,0,0,0,0,0,0,0,236.939851744047,230.878999061496,234.070738035402,252.454799568256,206.741225771587,225.083382069269,288.78539112161,279.611269569085,276.401598591131,333.180920056331,272.000602245042,224.753320475587,249.135691359178,330.267449063035,240.030704264992,280.24958235952
545,545,5440,0,0,0,0,0,0,0,0,0,0,0,0,0,0,0,0,200.825892406375,272.202779102759,279.974464312642,194.320557065101,258.222280410194,216.077895220353,277.990561877431,207.031887590906,290.945728754757,279.730632597135,263.80740355298,197.114434756223,272.95076355204,161.312547457327,205.17204112862,300.933699863712
546,546,5450,0,0,10,0,0,0,0,0,0,0,0,0,0,0,0,0,236.350691063124,280.643843603625,286.866129161198,267.274113640798,219.168435429731,258.809367433652,270.216999876652,260.708811445312,206.030018742883,264.357808977416,268.801894194006,347.240696372017,319.685619446387,257.07049469452,319.600227527634,182.217466212783
547,547,5460,0,0,10,0,0,0,0,0,0,0,0,0,0,0,0,0,217.5473437523,242.751970882674,281.683394945706,263.804746950851,278.947462311036,275.058437676219,267.435992117319,298.321337758207,285.015901601319,249.112410305287,311.995430680901,229.686176131969,292.8563397476,256.444647380091,174.151207427384,260.328404886223
548,548,5470,0,0,10,0,0,0,0,0,0,0,0,0,0,0,0,0,247.482897391752,215.798852603304,245.265084685048,246.641834748346,273.432844937058,292.484989683256,287.80492044736,245.156547655357,228.25792853181,308.73386434744,283.985567405165,233.039982685776,214.653673391778,218.968411933401,298.506572034403,265.937156083303
549,549,5480,0,0,10,0,0,0,0,0,0,0,0,0,0,0,0,0,221.27701341758,195.411893324607,311.508427256228,277.725316256486,207.025090271512,267.777249077088,275.238138147141,156.983626559652,211.708553552588,238.983643263267,245.597241061632,296.807202108901,182.695852191453,270.615678792131,309.16334930555,228.536440276072
550,550,5490,0,0,10,0,0,0,0,0,0,0,0,0,0,0,0,0,253.431323309455,311.910806416759,293.683029533761,257.915804963034,185.861984867317,187.869975537894,306.087110070966,215.157398891556,224.912177825249,231.235956628782,271.717883815595,214.784086425295,256.781812086075,250.131257584626,255.230067686905,215.232643380307
551,551,5500,0,0,10,0,0,0,0,0,0,0,0,0,0,0,0,0,228.204878859174,289.044315316619,213.344762626685,283.559764685021,248.950506450748,262.249202501662,307.329435490543,310.198825204084,285.444902120851,325.779968943607,210.809946031136,270.429639269497,276.807755270849,234.228242175891,224.630210361265,286.333590527998
552,552,5510,0,0,10,0,0,0,0,0,0,0,0,0,0,0,0,0,322.437345140771,216.858931310807,244.330682236608,285.220689147158,225.617678222695,198.264377146317,310.175649532739,246.812727202734,192.705866174057,295.450491049641,277.570137075824,358.594530832172,281.193693438342,241.970729365776,221.931071759936,217.930392216293
553,553,5520,0,0,10,0,0,0,0,0,0,0,0,0,0,0,0,0,242.272367079425,182.221644397748,187.495482156363,229.148824332373,277.194192511227,230.117816575607,308.406512010696,231.431341284761,233.30440972267,291.690744710495,266.01783100869,292.068640298825,242.723327832638,234.154092375736,277.712371968561,284.939058716308
554,554,5530,0,0,10,0,0,0,0,0,0,0,0,0,0,0,0,0,228.452095037896,181.133979606617,189.358103604041,245.702539202884,175.104054523135,225.82100843708,338.703674533766,289.141330874114,215.978184655457,266.809210468328,271.308242124878,232.114619221386,232.503010258716,222.34234719969,265.087332341611,311.257156926196
555,555,5540,0,0,10,0,0,0,0,0,0,0,0,0,0,0,0,0,292.468900991775,214.741575272537,239.305449943596,216.722340610728,249.664684274682,236.132426554981,323.102399337319,235.763018575847,231.818882309388,309.68628025505,270.491144012789,250.50352950164,287.206381768468,194.57519362395,319.750623251957,216.810718108329
556,556,5550,0,0,0,0,0,0,0,0,0,0,0,0,0,0,0,0,195.418183275666,200.930984953498,225.413256686553,251.146929496507,267.49623640749,191.822167675266,355.953063049332,254.919904531665,199.281466375975,267.083309901157,261.059760636701,282.724875867976,273.431057486938,203.468795360733,209.73749586749,269.983232382881
557,557,5560,0,0,0,0,0,0,0,0,0,0,0,0,0,0,0,0,258.152467322601,189.452903190607,247.588187596339,289.366667892792,270.321365720769,178.519643238158,334.081560751102,315.572552253497,207.397699274431,253.831904889267,271.59369238283,273.085498589076,261.424068164158,284.418434337265,281.119796273524,279.50031065602
558,558,5570,0,0,0,0,0,0,0,0,0,0,0,0,0,0,0,0,237.111140254982,255.880843195986,241.378457716015,170.54461813123,239.686102422417,244.152492553304,338.613936006658,230.585843290271,299.251344235201,237.775219146872,217.139858484697,247.521812304236,200.88090058155,243.199418082937,255.188919157944,211.068125847324
559,559,5580,0,0,0,0,0,0,0,0,0,0,0,0,0,0,0,0,184.89597901358,169.481752894904,261.22395774084,240.856985879374,224.330295989655,290.692676996685,325.434039256431,312.485090629927,248.243605718123,245.440728193595,226.548427194741,201.228472039589,249.956405141951,290.031286795037,276.627031097763,253.163906245468
560,560,5590,0,0,0,0,0,0,0,0,0,0,0,0,0,0,0,0,241.292101001544,252.554392869514,240.027133064873,197.653194038542,235.770275383864,300.52464157533,357.000826933125,238.854400489439,250.205865277463,271.237675369645,284.358471695672,253.664008043923,226.342626237325,255.391460794721,281.781845107431,267.080377143542
561,561,5600,0,0,10,0,0,0,0,0,0,0,0,0,0,0,0,0,234.321293178861,229.824448411299,238.283757631751,223.518628271418,284.822314884156,296.372806162698,336.592321225732,249.290385853508,217.482686076779,253.016817858323,257.602975123855,271.245315223314,273.120422660189,214.276989724184,198.721659246891,255.966414672588
562,562,5610,0,0,10,0,0,0,0,0,0,0,0,0,0,0,0,0,254.28245822156,251.544842176835,273.84696130141,226.24481531729,336.616237155617,227.772211665792,328.021367558648,212.497574115431,255.68593294471,268.185695859337,246.847535154173,301.230908090227,305.833464349637,307.792313671398,240.079490800355,229.453815211779
563,563,5620,0,0,10,0,0,0,0,0,0,0,0,0,0,0,0,0,275.766443795849,242.567486294759,358.921982899774,280.181725402369,301.175209985367,245.268843658816,348.513949592845,297.860609902972,204.973873895846,234.060345832635,301.596295689422,206.137498353937,220.110789292516,259.616142198315,288.036527251201,208.746271663338
564,564,5630,0,0,10,0,0,0,0,0,0,0,0,0,0,0,0,0,280.241926659908,305.439437005471,259.883583281069,292.94404857351,250.69635780728,247.799796660494,318.47327291628,256.24389807066,255.553485064406,256.627688028698,284.597615122332,177.244747743612,251.151336275936,272.524120119232,227.373291299165,205.875567087774
565,565,5640,0,0,10,0,0,0,0,0,0,0,0,0,0,0,0,0,244.695688611694,191.229250866178,333.934867936512,288.318694269155,224.991950557506,278.970884482526,332.132754744228,267.283663195921,238.764727697087,227.223828728121,218.593250039002,243.605711750579,273.721385135994,233.914003805224,209.841017346075,204.751553138816
566,566,5650,0,0,10,0,0,0,0,0,0,0,0,0,0,0,0,0,249.100509391119,247.329501486331,258.164830931591,234.664392003236,194.446874067259,231.85593446564,321.129164191703,200.172055502698,270.218168146871,249.281131712176,289.767588855459,244.429873846225,243.109555398643,238.507853477936,279.709047590139,262.573840924334
567,567,5660,0,0,10,0,0,0,0,0,0,0,0,0,0,0,0,0,323.870391351921,200.894935405135,240.762279615255,315.472153548875,224.929182232613,228.131339286282,343.519398333168,193.563890860775,267.796404598292,309.144274903768,222.882710493464,314.522751533389,299.562460722302,207.110885280932,226.431846783199,224.270367059998
568,568,5670,0,0,10,0,0,0,0,0,0,0,0,0,0,0,0,0,256.231716229948,127.932193210095,235.45606202719,199.360006574588,276.556816048079,241.736464729774,371.60411183364,296.659342920814,237.593246095928,295.495031139852,211.010372977441,257.167269553661,236.32847147715,244.356450669909,214.037440668244,247.049800349169
569,569,5680,0,0,10,0,0,0,0,0,0,0,0,0,0,0,0,0,229.789059116589,289.175092451069,297.169936363055,210.086309707447,293.782350466128,307.510850929294,350.102626723658,280.692827502704,275.987862280857,190.341405825811,254.698665304225,209.490281135047,229.370719271431,311.201485771741,230.927542027057,295.939833419523
570,570,5690,0,0,10,0,0,0,0,0,0,0,0,0,0,0,0,0,203.139603004791,265.871505951209,306.180324979216,259.133912537761,249.869938046368,217.481950741276,358.775664756258,260.903415584437,218.296564628578,270.97510874362,253.862470715836,178.57673705285,228.892510646943,272.90596489817,226.502505834391,213.403419125792
571,571,5700,0,0,10,0,0,0,0,0,0,0,0,0,0,0,0,0,287.632129927483,234.666080921552,235.528452488947,257.621603930115,267.956797205102,233.49099286077,356.230177509985,261.043197789279,264.582372750498,292.903430728481,304.950986174782,236.088677542273,252.502786253058,289.37054467189,303.805857672507,233.850374694992
572,572,5710,0,0,10,0,0,0,0,0,0,0,0,0,0,0,0,0,250.002421758552,222.634754813326,232.069987077339,214.742015525406,295.138549655818,254.378921893954,355.536392517229,189.767564710715,227.661430703795,255.88257964373,212.663387485034,255.866752494587,195.065449799666,222.380525863491,314.252179762772,226.691024971068
573,573,5720,0,0,10,0,0,0,0,0,0,0,0,0,0,0,0,0,156.490301892772,288.281617982694,191.656614460809,344.657075021044,232.849451362197,249.354442530154,357.574268833559,237.959994513688,178.574419910656,254.071229595491,240.533621529413,272.349731578388,257.37581368356,222.033525392444,214.432930120531,282.194738612063
574,574,5730,0,0,10,0,0,0,0,0,0,0,0,0,0,0,0,0,274.449309986081,304.601779358508,256.389449529681,256.656435200472,277.415875103711,286.71895979898,379.250467485172,225.341687212323,265.655271286854,306.26737716027,323.148845388784,225.936215110978,303.444618418289,296.796937325244,284.219545511151,263.311390436484
575,575,5740,0,0,10,0,0,0,0,0,0,0,0,0,0,0,0,0,236.901962616653,220.457321504738,305.634687132757,267.681231484566,278.629268653712,237.691550815825,393.719715018008,336.296793186147,250.830307475978,238.056260861913,337.853106829895,291.016150220647,251.606130028675,277.581455273787,262.668475409437,228.876606061332
576,576,5750,0,0,10,0,0,0,0,0,0,0,0,0,0,0,0,0,189.036643529072,298.820079248337,227.834945899433,248.961017168482,251.914500703873,234.702151437284,377.685393516858,276.610916045776,250.754759378717,264.85965595812,268.539554165052,244.182103163824,266.71595069814,271.504987810134,236.029573105341,247.148969468355
577,577,5760,0,0,10,0,0,0,0,0,0,0,0,0,0,0,0,0,289.658732506139,221.348843432808,290.298538374453,248.077556060344,209.857428255834,283.80383225977,386.097256738102,235.953938638103,262.548012351082,259.463544116479,227.522439996498,234.157891309824,166.097571875761,261.706481635786,238.830315538227,238.674771737814
578,578,5770,0,0,10,0,0,0,0,0,0,0,0,0,0,0,0,0,263.850678053951,193.724425437002,305.082007152351,202.975568383969,310.085351781112,287.370591014754,392.468653589563,218.482339348816,245.584222242818,216.056589902907,288.012565660628,210.920996063494,299.123274381774,277.083578572254,142.025001926262,264.689036367937
579,579,5780,0,0,10,0,0,0,0,0,0,0,0,0,0,0,0,0,214.225871997061,208.706485078788,212.345819680419,280.279087341612,215.374053909431,351.979131529091,388.974797614269,265.71116470907,220.713753381101,147.081421506969,258.601396173182,278.753828026822,277.526796202586,234.923012454208,256.122813737257,288.24393457911
580,580,5790,0,0,10,0,0,0,0,0,0,0,0,0,0,0,0,0,195.55745097542,146.555040758338,217.91291407772,278.460663671362,252.513690422093,188.862579340889,385.677090935671,221.649971310692,251.521576020114,207.17017255549,222.816392296878,275.235034747597,239.579187054438,239.515047888408,280.29110213804,248.561004629394
581,581,5800,0,0,0,0,0,0,0,0,0,0,0,0,0,0,0,0,292.020352224675,254.712692257819,251.703090233653,250.333627467199,270.894937327101,244.406672301116,410.942208065318,266.507079855422,259.193879621291,226.480138139278,282.060530873129,188.688374681082,241.470693100175,167.271906170233,251.691195955181,333.538155050938
582,582,5810,0,0,0,0,0,0,0,0,0,0,0,0,0,0,0,0,268.012088060819,252.352762093098,292.530503317098,194.058508149135,239.519649663773,219.271703182081,394.263031183358,272.769310402897,262.941443613398,304.162170623401,203.503333260766,264.706820918981,240.224862478427,230.379096024686,259.949541701447,182.673730277294
583,583,5820,0,0,0,0,0,0,0,0,0,0,0,0,0,0,0,0,326.693458455791,279.895347723094,280.951304968566,244.102358268014,209.898276013492,219.2741627684,406.354578190015,301.687548226045,297.516333855246,173.642889058091,256.826968801579,354.553904684065,245.702938484288,264.69807401957,236.55197146845,212.45209671892
584,584,5830,0,0,0,0,0,0,0,0,0,0,0,0,0,0,0,0,182.673061253243,261.600063735781,270.269226243207,237.15008931421,293.928089342403,228.039808730285,409.804651143435,270.822805581866,202.649476352962,260.382433029066,256.019345901861,176.100767520857,229.325645024639,196.213917273193,274.274593389248,306.239220345399
585,585,5840,0,0,0,0,0,0,0,0,0,0,0,0,0,0,0,0,240.571059927436,236.19713532489,260.942324789657,300.464884690215,205.661031550625,267.703079660059,358.322834358047,219.327368155658,240.566397095935,247.486810688164,237.881616178824,248.834039643812,199.184231888534,213.086480779281,237.431739105053,212.296360726049
586,586,5850,0,0,10,0,0,0,0,0,0,0,0,0,0,0,0,0,299.45156838346,191.183593394733,284.541867902815,263.923243406537,211.915823081423,249.973763601543,379.431445824579,235.129271561862,271.907995923669,268.964291174052,221.612453989408,237.664320537682,189.765500037404,190.974518514133,241.062102830763,279.60770642967
587,587,5860,0,0,10,0,0,0,0,0,0,0,0,0,0,0,0,0,301.15511945372,228.911990817888,291.755710634279,284.671256138137,268.261373751018,219.052375060558,345.374690303221,188.499925912237,225.890695159664,212.09567073455,220.364150163456,230.557349921741,212.929775431221,204.761474484271,193.824585528794,180.639255692811
588,588,5870,0,0,10,0,0,0,0,0,0,0,0,0,0,0,0,0,267.423326147784,294.892760932609,221.120134244291,291.623858769388,298.987795250412,321.682055261365,353.459461095001,246.27936803614,217.211783278308,226.854889552503,201.390368492188,240.79900689541,265.146652289256,234.158468693593,253.636531687455,253.152981788074
589,589,5880,0,0,10,0,0,0,0,0,0,0,0,0,0,0,0,0,303.452198880991,302.196893307616,274.080077124598,253.020030665283,230.867900149635,273.320979149379,347.797004245398,283.294839520125,230.753126499603,178.545684575032,205.8333603816,202.824904347199,254.893434094377,203.330977320067,249.884571064464,306.191213807215
590,590,5890,0,0,10,0,0,0,0,0,0,0,0,0,0,0,0,0,255.877692272542,183.44051338547,219.05994144383,226.747173197157,269.373638779235,305.931082902238,347.609495553521,205.756868200938,253.207436062171,283.268546556452,216.111279165725,253.879324200823,252.531112539915,271.517975955661,303.229428729392,178.133376258129
591,591,5900,0,0,0,0,0,0,0,0,0,0,0,0,0,0,0,0,266.649247487038,317.011906064237,232.048162255819,238.101759510332,274.27948804084,197.69799301402,367.346462720867,232.508811974286,282.527303581797,236.62327273968,217.490780952877,334.431384716142,227.270310492488,263.924691136486,222.827166951653,251.381420330539
592,592,5910,0,0,0,0,0,0,0,0,0,0,0,0,0,0,0,0,295.405765000951,247.20422964532,244.349778732089,257.7958945072,313.815438844382,254.455853506126,354.355862472236,273.386837795847,246.838951852782,171.306358552737,189.092688543681,240.223953190916,198.619846355669,289.040131122459,206.092701586683,246.863404587065
593,593,5920,0,0,0,0,0,0,0,0,0,0,0,0,0,0,0,0,272.608857118276,230.953858016867,328.58928541424,222.992743742771,213.700171802886,240.327266358154,365.526606249126,256.916965370689,254.235799132615,297.860796405654,265.851266643834,230.012333057467,306.381351534104,285.921137144873,258.723070057356,237.722895973202
594,594,5930,0,0,0,0,0,0,0,0,0,0,0,0,0,0,0,0,216.429345563727,188.637166710575,287.184481339455,284.970008037755,237.062989286744,295.752858684944,336.109514353959,240.950695852636,268.741878242463,235.723783431361,251.411026504874,278.408332388823,353.622360784924,203.159299600406,240.895085965942,248.705175241683
595,595,5940,0,0,0,0,0,0,0,0,0,0,0,0,0,0,0,0,239.163647577142,235.036203546261,234.304966176923,246.447518377207,218.156451611628,273.731307182815,340.185702575949,260.216339190812,238.674084021985,215.29805452359,238.950779199561,213.262051201721,275.243622698705,264.73242936339,222.811471958578,254.254611685599
596,596,5950,0,0,0,0,0,0,0,0,0,0,0,0,0,0,0,0,230.915055921205,311.465293846419,315.948749671216,210.386961722493,281.992218623451,333.918020605729,338.262837306028,229.754246886051,221.997843984761,212.314035356668,224.601606015388,281.421888617792,214.568182125726,243.354896856943,279.678524951531,347.384104836327
597,597,5960,0,0,0,0,0,0,0,0,0,0,0,0,0,0,0,0,248.6259980364,318.64474216826,190.732399575454,267.818741317917,295.657716986987,259.355626436992,333.298798986411,282.828528478233,295.482887072235,225.432660900534,248.200018412118,198.725113308409,212.664215965571,279.334741636389,266.986568845694,277.62839260941
598,598,5970,0,0,0,0,0,0,0,0,0,0,0,0,0,0,0,0,285.26697087542,275.702656453559,318.156629729396,258.178711517923,215.66532149715,292.980058636739,333.882626104766,222.374840840449,290.205250566107,274.446848717204,283.999994715106,246.332907357696,256.324178164174,235.209836711022,252.635694708681,280.660627265198
599,599,5980,0,0,0,0,0,0,0,0,0,0,0,0,0,0,0,0,292.937035412304,244.165825769171,197.519340428651,233.854638954046,298.408078676725,231.502254010875,326.782496417802,232.252511754886,284.13524841551,289.44475577354,225.819887123945,266.166676766141,215.73584093249,275.634713359874,312.285659495945,185.100644942798
600,600,5990,0,0,0,0,0,0,0,0,0,0,0,0,0,0,0,0,226.629564193606,245.102700235117,240.088505162881,225.052561641649,247.454690805732,166.098335439601,313.42250070092,203.059626511346,249.804355820222,186.366325650072,270.236327460452,235.159537962111,233.730768409299,237.20358729579,230.451298111068,231.721592906144
601,601,6000,0,0,10,0,0,0,0,0,0,0,0,0,0,0,0,0,216.978338000606,194.381503819294,190.549754853172,298.184631883796,264.493177346844,261.408883683905,306.971290979473,225.753599682019,298.156563342618,248.542689948154,220.572656317081,221.369732244119,283.352055318201,201.84168256892,325.462070805186,245.623119570643
602,602,6010,0,0,10,0,0,0,0,0,0,0,0,0,0,0,0,0,271.505542458758,253.596685287976,240.887232400585,262.75340854428,203.047194820964,239.347131905624,298.587329175757,305.704229545713,239.879821578404,238.205254716186,186.688424919642,236.758892976456,214.677580964231,229.88014164194,246.257836540279,207.059949902835
603,603,6020,0,0,10,0,0,0,0,0,0,0,0,0,0,0,0,0,272.447393625532,229.559324544018,208.167038200076,285.37370532606,242.838878519265,230.626541760262,311.987470285429,294.477661522066,270.569603561552,324.234981006857,262.576518839722,247.465807504378,158.202449123295,241.682828911543,264.1193295554,198.705556529265
604,604,6030,0,0,10,0,0,0,0,0,0,0,0,0,0,0,0,0,253.676796584284,267.842132496858,198.733888537826,234.142449493025,314.57301794492,209.544040513216,304.227671211859,282.629500615467,317.359747667582,221.349626758459,259.851040472361,208.355803308631,210.860744275911,343.313827511215,304.38876572383,236.458524900684
605,605,6040,0,0,10,0,0,0,0,0,0,0,0,0,0,0,0,0,222.277067599513,351.027998215789,209.301224535547,285.350319570469,298.534318824505,270.874270345113,332.656491871846,273.171015272564,280.77961894417,283.058746461875,285.04520788662,240.149654232243,273.257055045668,200.702826502726,252.905891363504,277.292944109103
606,606,6050,0,0,10,0,0,0,0,0,0,0,0,0,0,0,0,0,215.824815906592,216.336971886604,237.02625375852,226.948690707941,219.456755337431,262.092354940689,355.942335259937,223.765790864253,238.201076649426,270.317753254006,217.585747712407,235.09680714541,236.21437223449,250.347947094822,274.184088283247,264.576583998584
607,607,6060,0,0,10,0,0,0,0,0,0,0,0,0,0,0,0,0,287.779988190132,274.510447070532,287.323726060988,278.621039929466,219.538140151596,291.417017818753,315.602240716628,251.509283822606,212.492934137134,244.772140523981,246.32120143896,266.774934904347,260.593788769224,337.857482721569,240.119837263756,321.494344318746
608,608,6070,0,0,10,0,0,0,0,0,0,0,0,0,0,0,0,0,299.112474906695,202.927738052346,190.536445740846,235.093453631473,220.213825971064,238.104850467202,346.285140780523,222.471128598174,222.00450397998,302.309394876722,281.517337578928,236.823468764848,241.511725900927,269.747463410346,224.345342049412,229.319979904174
609,609,6080,0,0,10,0,0,0,0,0,0,0,0,0,0,0,0,0,314.328562000561,215.959936992237,278.353449604216,182.49827885078,261.65492787388,275.023680425732,332.804723292438,280.70035543258,247.261728262338,224.172268946798,228.476052512148,261.73080298205,254.518195638834,230.852498249048,244.68657461607,235.902236536677
610,610,6090,0,0,10,0,0,0,0,0,0,0,0,0,0,0,0,0,258.826268524712,213.031621379967,258.613552818,215.212859041398,198.519802583931,228.035808177843,327.474400242754,283.556285831567,199.317924360396,209.077633984361,201.952980548147,180.055155386661,222.530759377067,236.981055490388,234.249678120437,231.188057727302
611,611,6100,0,0,0,0,0,0,0,0,0,0,0,0,0,0,0,0,269.237257632067,255.965458378821,316.447544155694,257.668730758336,301.276631356704,236.069176258429,354.818028957784,250.630817888104,258.849545450349,261.300672857162,251.932059319294,224.877505188954,255.546741308003,252.044778804651,334.268433217303,244.905816721492
612,612,6110,0,0,0,0,0,0,0,0,0,0,0,0,0,0,0,0,225.308286978507,154.801030879555,257.83652754394,229.728673130661,238.235901113238,189.70781415215,375.669776686985,264.441429256968,225.394764895919,163.085116470623,333.645453872688,292.014474852271,216.717328950865,194.884679001581,194.694427279192,229.19894906355
613,613,6120,0,0,0,0,0,0,0,0,0,0,0,0,0,0,0,0,216.517643249924,246.876629645518,292.573635501726,237.802787275254,284.570497380497,249.244088709433,361.437614928525,211.694794597014,263.641994569763,258.65062021819,313.685153348357,229.112903401245,270.238890513481,228.056075342025,226.009631707283,232.999248217297
614,614,6130,0,0,0,0,0,0,0,0,0,0,0,0,0,0,0,0,294.570324035379,220.427558381976,282.038016604792,303.337250832812,261.361653220763,292.909252358716,354.604650644095,246.51527771557,274.146336954339,300.347630525569,298.894026472409,214.191811794222,217.664413661183,257.810747786062,207.864771582728,242.889171786191
615,615,6140,0,0,0,0,0,0,0,0,0,0,0,0,0,0,0,0,249.047822777125,254.853262544828,302.244473344284,239.414886265384,220.537567238136,223.091079350016,340.520189461341,245.578990683614,303.653181080521,212.932786324275,254.972138863723,247.316611739892,209.093180772895,179.414162246623,250.704404282538,239.722945233224
616,616,6150,0,0,10,0,0,0,0,0,0,0,0,0,0,0,0,0,225.126393088705,275.544817071992,251.960888604938,280.384673681444,222.870538747549,209.43322563442,330.33840495619,226.567990564553,340.093344244202,202.645448715022,261.571836899815,282.992059629675,256.267545358076,308.511416345544,299.547183866795,233.496007528262
617,617,6160,0,0,10,0,0,0,0,0,0,0,0,0,0,0,0,0,310.426811361909,272.42509569481,301.03437705694,290.836292719025,202.023858971818,288.535132996151,326.449229356684,161.550870702708,285.438225973022,261.359241045654,209.331262561041,221.465755683329,258.025442211448,215.634134760526,309.629220544234,273.545722077255
618,618,6170,0,0,10,0,0,0,0,0,0,0,0,0,0,0,0,0,200.225882574764,255.117986606558,230.850333846981,240.705237703771,253.714505973502,300.725427376861,348.471612744019,212.942412372981,287.183969198177,310.322123814852,259.099025681335,212.866240287034,183.2744788436,202.681358774176,290.804727232344,300.614773450667
619,619,6180,0,0,10,0,0,0,0,0,0,0,0,0,0,0,0,0,277.339870870826,222.184040113782,294.771545228655,212.945531292704,309.701751604158,243.085223448061,329.690160120258,247.419021400495,236.831603229665,283.26175119884,249.240327323562,266.369976927152,214.286146296872,277.601081993483,235.489132079602,237.88877151409
620,620,6190,0,0,10,0,0,0,0,0,0,0,0,0,0,0,0,0,245.744757835587,239.258679833508,261.278149441729,206.189420434683,200.695997372036,224.802199114566,342.720076785199,228.835421034656,242.601621658182,239.792011958713,255.262745256185,246.444226560363,274.168162419088,270.638028524577,223.740815572393,227.941911393681
621,621,6200,0,0,10,0,0,0,0,0,0,0,0,0,0,0,0,0,297.922986637966,282.990617852006,250.535018603183,222.978247324186,297.699037259888,211.552641543252,327.889882794058,271.829837301567,231.480645087282,232.63685876661,272.833790501799,271.031813086662,243.964782915747,248.814232653341,267.361674329363,246.891747282217
622,622,6210,0,0,10,0,0,0,0,0,0,0,0,0,0,0,0,0,223.819311350965,259.930618615255,217.352537279098,277.399293568844,207.442097654557,280.10199652064,357.833693073477,186.248146268205,275.771772644261,330.729856799489,263.210972472382,314.049848650957,257.624308222374,225.474672456836,210.977417082722,263.249226373043
623,623,6220,0,0,10,0,0,0,0,0,0,0,0,0,0,0,0,0,253.676656999437,282.083598057001,290.843953929622,230.348321136369,220.327829539703,223.751232754005,367.644558599381,232.498472468636,192.341258522221,198.952498606096,261.050098267527,271.187907680911,211.534093524441,265.421631534764,266.79015616613,233.238181568274
624,624,6230,0,0,10,0,0,0,0,0,0,0,0,0,0,0,0,0,179.271421253255,262.091066518784,238.443657322501,198.767368531069,279.645352559168,262.020212138439,354.799443026461,263.569761822522,210.837814357301,243.271846815033,182.124982756143,204.302598649411,261.871407721062,177.467221101299,251.647950588961,237.80094227646
625,625,6240,0,0,10,0,0,0,0,0,0,0,0,0,0,0,0,0,238.572672363492,183.69725976753,286.060097518627,238.039646843798,286.334959053193,251.442394268044,375.928333555467,281.509868615328,247.876099637133,269.342903736309,258.399992928931,294.705632373672,388.971130352911,255.080487536268,188.221461291353,266.115255629548
626,626,6250,0,0,10,0,0,0,0,0,0,0,0,0,0,0,0,0,261.146760947021,283.756909559626,215.587905349855,201.521353716795,287.462862855124,283.74345132108,387.831965275884,294.897545123056,311.570228664131,279.815992188913,285.024152417685,211.085021991931,242.485796939574,234.633235499043,271.383581259301,268.38383047758
627,627,6260,0,0,10,0,0,0,0,0,0,0,0,0,0,0,0,0,263.630871457798,316.990944908621,310.446470829518,316.614665535129,183.165018122484,276.454858665155,378.326315614485,278.405906048703,291.681531534657,293.484660086612,299.100608590562,290.949370321708,273.61570362163,271.70046953168,210.400524577189,257.440381112491
628,628,6270,0,0,10,0,0,0,0,0,0,0,0,0,0,0,0,0,274.321857397,259.421882109122,277.18488877787,210.245581385384,227.874149301855,260.686487972429,411.665137828168,331.154272002726,264.025453645542,270.90823800236,236.253824702851,263.726938781632,225.835042452969,306.387111535387,274.469275192691,206.308822780378
629,629,6280,0,0,10,0,0,0,0,0,0,0,0,0,0,0,0,0,236.613269072082,253.188470805531,230.470776195603,261.796343045594,294.593480212141,240.792099463115,378.672653478022,182.831281096302,241.616694093269,226.271830883177,231.316944772384,394.18995793493,198.251670662118,246.185355472124,266.958370745905,326.681766327246
630,630,6290,0,0,10,0,0,0,0,0,0,0,0,0,0,0,0,0,237.352739102817,233.611373257283,223.144262586527,267.782830651172,261.537254442875,222.709996848737,404.066729215415,273.635504705338,226.536125239027,279.408859789079,166.882086230125,275.567746159922,286.942867023968,293.541759277967,285.128005153473,222.976869877125
631,631,6300,0,0,0,0,0,0,0,0,0,0,0,0,0,0,0,0,264.964514762555,183.456394730206,249.536270528579,202.695391665975,216.865519854991,249.088445693046,392.292245605942,266.554350046576,260.784605327948,228.456162903458,320.768199247958,287.379618884857,187.145050782662,307.584067762805,297.816617913831,262.646498387667
632,632,6310,0,0,0,0,0,0,0,0,0,0,0,0,0,0,0,0,291.08054015934,241.795855546694,298.616991933669,240.160949708188,314.542976376517,243.022880955548,407.885499753707,240.520007938355,269.711856978967,264.3411987751,284.202877013042,211.966560114957,202.436399117691,229.550756594103,251.75571123029,212.66723646955
633,633,6320,0,0,0,0,0,0,0,0,0,0,0,0,0,0,0,0,260.87899374664,225.484749373967,228.19417706655,230.699408885775,269.842478232651,285.908106423332,394.936051054057,206.896138593637,195.436874196675,241.928350353223,216.547927143709,218.537666187944,193.660290767426,206.462903308232,294.481843312026,253.786121252073
634,634,6330,0,0,0,0,0,0,0,0,0,0,0,0,0,0,0,0,207.547797954505,278.201144860854,288.100518449097,235.890581738764,268.737998139874,259.08097532867,385.594660208567,256.199891211477,291.354591229052,155.499951178879,235.933443950538,193.143211699879,239.325690466209,362.218221071092,274.097252504893,242.796023222594
635,635,6340,0,0,0,0,0,0,0,0,0,0,0,0,0,0,0,0,222.052166929505,244.451935645292,244.11427242048,196.636835749691,255.959408470307,298.660971099913,376.438356247577,239.81060991579,233.727804917944,271.363811773955,254.650002046621,256.814315278904,251.597617720188,181.161675486167,198.878992747823,231.231569106273
636,636,6350,0,0,0,0,0,0,0,0,0,0,0,0,0,0,0,0,263.70378196501,247.768096585428,289.616828338555,181.507286493591,214.44364622859,305.091734065668,372.823014199444,233.017940075102,227.075627707807,217.545743081325,203.854236745545,205.393701015827,270.588038552064,295.362891698982,295.367069062049,280.398907592388
637,637,6360,0,0,0,0,0,0,0,0,0,0,0,0,0,0,0,0,236.067076335072,226.68334092866,270.620756761744,232.777949540201,273.352471053967,209.408699297477,360.718895490507,222.737820743453,238.772884739452,287.100149160327,272.50116661857,334.037867732997,257.587709000104,179.782969662177,197.309859740104,307.883452948671
638,638,6370,0,0,0,0,0,0,0,0,0,0,0,0,0,0,0,0,266.360505296134,230.13184269793,240.039494576857,265.457994432092,290.47782962933,249.045413200909,346.142090409798,278.813440002599,236.248442161058,257.683216230079,251.868519504369,263.725236440455,264.978973842326,282.429517970538,199.200145759149,260.850073646531
639,639,6380,0,0,0,0,0,0,0,0,0,0,0,0,0,0,0,0,212.64976439059,151.332591645734,242.776019200999,227.745401219364,274.235920327339,257.248640859105,323.581212734517,250.7020536636,256.748691552389,277.712397924131,207.977023730594,310.328126077033,227.553680789365,200.4057716533,222.466649976339,251.266166066188
640,640,6390,0,0,0,0,0,0,0,0,0,0,0,0,0,0,0,0,218.171742530126,175.798305647059,261.372966026562,161.179822353473,242.586534074348,295.423970374607,332.021041440614,278.04222280649,248.714992070246,268.262397840646,207.439600182881,299.372786635716,284.461246338727,270.305296594941,206.11166517793,213.289040830459
641,641,6400,0,0,10,0,0,0,0,0,0,0,0,0,0,0,0,0,199.929842156312,265.230327905592,216.895734892183,237.108168644115,228.282753735244,243.125169166389,331.580698471611,292.986832375702,233.729685617884,268.154132200607,324.11530829715,355.814699995204,256.978883495381,277.141885035431,277.391271318543,203.248225906056
642,642,6410,0,0,10,0,0,0,0,0,0,0,0,0,0,0,0,0,298.364262105975,230.781623326038,266.182413272215,243.896963367679,239.327219905042,194.665190313857,335.278811606791,311.4964670646,198.604458232197,276.394409610922,301.058375726345,258.216682043771,240.865721314697,223.304954697141,227.257866086248,181.6816322528
643,643,6420,0,0,10,0,0,0,0,0,0,0,0,0,0,0,0,0,283.036938037638,252.873589246141,233.888463392715,237.043756211969,292.586574942709,194.251694148843,321.644173411011,287.911313687647,201.715233676747,258.903944456234,214.243424199028,253.78017874227,189.602177015838,260.419484111086,262.381638644114,246.787546932056
644,644,6430,0,0,10,0,0,0,0,0,0,0,0,0,0,0,0,0,192.235574761314,207.693655265497,251.895273940718,301.923005429187,303.125476590526,231.95138640223,312.699195750194,233.877450807372,305.815466766128,258.257223655991,260.565352249095,269.832228572272,265.075962671286,192.736238902873,320.562527927395,217.585138840961
645,645,6440,0,0,10,0,0,0,0,0,0,0,0,0,0,0,0,0,256.601875179251,218.908688503241,287.887967214139,251.800419974478,183.537764536416,245.908634440544,344.186784658241,222.04702643132,289.503243223618,254.401573320218,251.426195013941,231.947485062551,237.122976450619,209.271817016322,231.809494027297,206.381967287692
646,646,6450,0,0,0,0,0,0,0,0,0,0,0,0,0,0,0,0,201.106773211472,222.816008893939,233.046467093913,262.141259828762,201.066582135722,234.209713368369,328.258065544821,224.942447145659,203.674695630102,253.777792877044,237.669557312042,267.846074986723,283.384774614937,234.80071882808,321.169563059553,262.93171341593
647,647,6460,0,0,0,0,0,0,0,0,0,0,0,0,0,0,0,0,255.34615705395,262.859133627592,269.164124579056,278.344815980317,279.612094639777,258.501410176234,348.524977933181,230.562805204136,269.957460106532,236.25676525677,229.175466191386,233.087963083507,251.009437353411,296.047678302897,290.027892881666,183.385088004873
648,648,6470,0,0,0,0,0,0,0,0,0,0,0,0,0,0,0,0,260.703658062076,285.703315348717,240.02393525131,273.276092816364,224.175674676639,250.772387323788,342.363471735189,296.684158142491,196.02246256808,209.281958682608,308.274435569263,233.483022105866,164.780141057462,305.873027900343,244.807804504375,233.821589668644
649,649,6480,0,0,0,0,0,0,0,0,0,0,0,0,0,0,0,0,316.683843419623,224.400224939479,267.115793905026,298.462967448279,210.145630720416,250.420954867523,318.189389178809,276.722476619481,198.916646515295,200.634729307836,258.189878189916,238.266319936357,285.394372591415,233.574551693768,199.983915053934,207.739349481093
650,650,6490,0,0,0,0,0,0,0,0,0,0,0,0,0,0,0,0,295.976737348294,304.045395684155,272.580886774901,282.686471135218,265.171857533494,307.163582276484,304.128636699241,279.429096250409,235.776080798546,286.393987346205,200.857143153955,287.29585061586,205.661290515132,305.472412400477,215.537074054308,167.249142367212
651,651,6500,0,0,0,0,0,0,0,0,0,0,0,0,0,0,0,0,240.835981557896,284.742993373168,240.527160580822,292.884212122217,274.295308729528,259.555339914514,329.07670434132,223.816331108681,280.064853870609,251.841195453505,227.055193774443,268.555148395256,203.386744069262,251.523567033778,198.460428075152,237.608383523515
652,652,6510,0,0,0,0,0,0,0,0,0,0,0,0,0,0,0,0,188.642558632905,233.566649166617,180.795457791493,228.82807822989,298.993784251768,291.822024008017,304.452746996951,233.952793219088,214.15831014202,255.957701214813,303.253117793966,230.579319086329,251.971735301086,269.032690818982,250.70400590071,292.308836075453
653,653,6520,0,0,0,0,0,0,0,0,0,0,0,0,0,0,0,0,259.863573017492,237.645689858868,296.012171660723,275.845037857919,269.266948234923,256.695254749458,302.286086819592,212.45593459514,240.048577906936,242.021810334215,268.956392728439,230.371462242516,261.242033563175,337.988103632331,249.937144743227,269.781209336947
654,654,6530,0,0,0,0,0,0,0,0,0,0,0,0,0,0,0,0,193.198099383232,270.855959145519,201.916344363002,184.969174191443,178.434951915512,199.101060548145,307.520916574441,263.087536703471,267.120730596974,215.08266917161,255.742743739098,265.439832260665,215.924778010033,226.560322894216,219.630251957378,300.028162558903
655,655,6540,0,0,0,0,0,0,0,0,0,0,0,0,0,0,0,0,285.610862248075,160.564824450537,262.504932896362,250.953321202625,306.786011224471,214.520484047904,302.1265930514,177.686005149391,248.333020515145,242.256767140453,243.707265633506,178.659865687548,306.159324944153,193.942744335188,164.399456230903,235.560270861141
656,656,6550,0,0,0,0,0,0,0,0,0,0,0,0,0,0,0,0,262.12266994056,262.914305040217,300.985329770821,249.267884930507,247.700970102783,249.316179661834,277.397116426731,326.351851627758,298.523841530233,236.642975811517,197.280642152382,203.186104823269,267.384725524184,326.08346626374,246.14105064267,255.071920220244
657,657,6560,0,0,0,0,0,0,0,0,0,0,0,0,0,0,0,0,217.58733598505,218.673573878181,304.32077223026,280.146515405702,218.981660393824,233.416610582885,295.089710775509,180.184258816509,281.834217865814,192.726524653284,226.892284801957,347.981815817672,169.285611190914,251.475512804778,255.765681896468,293.674581439627
658,658,6570,0,0,0,0,0,0,0,0,0,0,0,0,0,0,0,0,212.212927169022,316.475447388022,292.157093851584,230.886394343747,208.739777528706,244.680762150672,278.297438134396,293.998970320477,224.427601199228,252.414113351992,292.179038167915,211.275450413779,268.579744839068,225.974659976177,241.374367403716,267.367604853088
659,659,6580,0,0,0,0,0,0,0,0,0,0,0,0,0,0,0,0,315.946424844978,282.66885294336,187.191654764091,274.458199993039,276.908813010499,207.603960491067,285.826806807117,281.592446129312,221.347435050968,258.411872427603,250.709914211495,222.011330070721,190.773873515078,233.556434891112,249.233814112916,217.801069518032
660,660,6590,0,0,0,0,0,0,0,0,0,0,0,0,0,0,0,0,277.62191357307,247.905321501925,260.481703791708,302.817344842504,190.108775924286,256.390320489615,278.7191710309,322.750231636218,269.434365306135,219.40944226503,309.597249986089,253.057390168902,270.148308296738,240.709125534833,244.839005655528,209.114531334748
661,661,6600,0,0,10,0,0,0,0,0,0,0,0,0,0,0,0,0,235.799190229111,224.777712901163,279.997047975556,127.874453626246,206.29587207659,247.056242170663,290.817636859697,228.110605244901,261.059624191809,260.584726414688,251.097992586502,260.8070394904,236.455152603011,290.676191946736,236.692475739185,257.797416877101
662,662,6610,0,0,10,0,0,0,0,0,0,0,0,0,0,0,0,0,271.007304570351,284.989541827058,290.067114078291,268.118657238177,198.107986503924,264.857955954801,293.28826113116,256.066581793695,203.3780833239,274.985571156077,218.350130151096,277.958130636119,249.841256284619,233.982966836323,244.273727207391,244.438622318501
663,663,6620,0,0,10,0,0,0,0,0,0,0,0,0,0,0,0,0,209.293176457967,201.524712002312,319.598381576079,250.429644723663,173.529408127439,258.252640397143,295.33041653266,219.064309647206,204.31863786429,192.759681725833,170.091059486966,221.840174753026,235.628480942981,234.718820891955,292.040373800392,247.841372411883
664,664,6630,0,0,10,0,0,0,0,0,0,0,0,0,0,0,0,0,219.270866793191,252.514938663256,193.236548841977,274.790597432167,252.687480888257,186.5362179134,282.841340081846,237.548159330995,151.384104260351,243.565971705221,266.08933123059,284.564060893332,211.100802308698,219.239277974653,225.398365103303,259.655959718769
665,665,6640,0,0,10,0,0,0,0,0,0,0,0,0,0,0,0,0,229.525404744877,279.29258469411,246.036150060994,248.392252292034,221.432268370356,321.831701303722,284.500046257048,206.976513711001,287.034243601106,218.473562116685,212.082508556182,310.776997503089,259.325040803733,202.444158813556,251.13988919286,264.628720505322
666,666,6650,0,0,0,0,0,0,0,0,0,0,0,0,0,0,0,0,231.991322610617,328.42656796215,220.00385723476,215.06048463886,207.462406588709,228.878080095475,321.885910756454,205.784754218585,253.526624429252,220.697511630436,242.839762952546,246.870695696729,268.095874741091,232.859234818126,185.562531112361,295.811816888859
667,667,6660,0,0,0,0,0,0,0,0,0,0,0,0,0,0,0,0,200.953712567413,279.599751378644,263.175978750349,206.328580498725,298.80187602541,257.379705499518,297.793220083569,289.314136442958,191.955114753676,326.701812588804,293.54397065727,280.453575691226,272.513105366612,262.130767693223,205.234416058087,253.49008628171
668,668,6670,0,0,0,0,0,0,0,0,0,0,0,0,0,0,0,0,274.701694210339,240.751012067867,232.754466439584,225.763032102937,246.058519586354,293.963298591991,337.042672778045,260.363696553505,222.710277284646,263.984759740462,220.603096868432,249.979048065085,265.949443307896,248.730885453239,241.130675201976,270.616795450553
669,669,6680,0,0,0,0,0,0,0,0,0,0,0,0,0,0,0,0,250.047600643518,252.776721147748,242.75033396258,275.919773836409,224.846734853833,287.775037001266,315.107717645175,250.737033774658,340.423930587403,227.447220632148,300.427579907416,177.317215673511,233.434067083451,284.469929062604,276.42261460187,195.34709960358
670,670,6690,0,0,0,0,0,0,0,0,0,0,0,0,0,0,0,0,236.517077694622,283.400168159411,294.418850461034,249.644535513596,201.936231003645,193.283364333172,303.415797323198,190.997098789089,200.969744453635,228.297856265124,267.192761182555,233.937153521271,238.671215811799,308.022546597131,221.083328644189,259.306965123772
671,671,6700,0,0,10,0,0,0,0,0,0,0,0,0,0,0,0,0,277.17704056104,236.029680199499,279.880173423834,243.293412781742,210.748539373528,187.930885281947,327.056262928388,301.74528038906,274.131992581096,91.7662089215082,245.171077374073,234.964508791781,259.746820978443,223.121005091077,257.070285835961,252.447528679907
672,672,6710,0,0,10,0,0,0,0,0,0,0,0,0,0,0,0,0,308.215503069467,276.630128683415,203.358090264824,164.581893575977,191.760463751084,261.437456337903,299.603402776172,222.674654848874,216.790118051251,207.144115369113,252.711646904277,277.159475954301,236.164937520316,279.648882202779,260.716831176617,193.779196566305
673,673,6720,0,0,10,0,0,0,0,0,0,0,0,0,0,0,0,0,232.317311885668,276.846116303153,213.839418571969,241.658600814491,204.858218223481,173.304153145016,299.200729267808,283.66450011503,267.225377905734,227.214589856011,246.813870385247,271.393129815964,185.849886422994,287.881761713181,222.241712463192,276.871247212457
674,674,6730,0,0,10,0,0,0,0,0,0,0,0,0,0,0,0,0,190.24598893143,279.037799367745,223.185477336643,200.903954929744,245.661207141426,199.31784995739,286.899353248508,228.581238916833,290.502853444824,229.646044851068,226.253925451332,208.767492838378,236.412698051115,310.664754267854,313.760432983209,228.342507830352
675,675,6740,0,0,10,0,0,0,0,0,0,0,0,0,0,0,0,0,292.594214463466,247.252864216346,219.232608432781,268.617513550491,200.687726922187,224.43534473119,311.369064731437,304.959497413859,283.402906347541,168.236129196727,291.791762916215,288.70900265551,269.141522282714,246.839612065212,267.597325453429,208.461940388291
676,676,6750,0,0,0,0,0,0,0,0,0,0,0,0,0,0,0,0,230.736702254841,222.028002769207,237.481138784485,213.906183711369,214.85218923532,274.332603348667,339.916682640294,252.921926862675,197.560795082115,252.151828272275,258.133175849167,280.867625696144,265.133087096119,196.567441602618,244.122320588675,229.059319062369
677,677,6760,0,0,0,0,0,0,0,0,0,0,0,0,0,0,0,0,246.981906981103,254.439229454054,240.584380122886,254.154776260926,233.919627969627,237.08601355386,348.331651056647,251.332655361057,201.318307818852,269.505619956556,286.578585978669,264.581487086819,229.771756443451,326.720994936422,256.927470775543,223.501824969127
678,678,6770,0,0,0,0,0,0,0,0,0,0,0,0,0,0,0,0,252.881409539645,250.428188570066,229.059169765475,212.737314241623,308.942304770205,278.426988828336,304.817792886933,272.113072260611,254.908549241613,286.193035003559,250.39535018832,219.199723048723,289.255112372596,275.007892205514,294.644531892876,253.256348095482
679,679,6780,0,0,0,0,0,0,0,0,0,0,0,0,0,0,0,0,300.918037864611,208.6345003467,257.399077820632,240.725230734299,211.432818270149,248.485938618911,309.978595594566,313.42636907044,280.838091677262,292.811820246584,251.370650014053,204.156416695541,268.775714622591,289.864421785632,323.620710733357,233.634278656109
680,680,6790,0,0,0,0,0,0,0,0,0,0,0,0,0,0,0,0,222.379484506374,286.17151886044,322.187017353507,299.343839564518,166.587492255023,227.971496760512,342.097874232953,243.871257506449,303.205879971946,239.966214717603,250.868798835697,245.581366470969,255.741711331316,275.088591820035,206.766279026897,288.963105300431
681,681,6800,0,0,0,0,0,0,0,0,0,0,0,0,0,0,0,0,286.743126539672,252.052532559479,308.875798563863,288.043394497075,263.972500234169,229.204263806768,309.068389032468,256.190780322347,236.918216294986,292.56929466427,270.049299594241,228.551771868142,235.5293251241,327.820731150382,226.510834081423,257.876927584227
682,682,6810,0,0,0,0,0,0,0,0,0,0,0,0,0,0,0,0,256.070893114054,281.960530504695,212.460845332742,170.383253985344,258.142493784432,246.999568994516,326.468442244397,288.49741819434,285.355939825704,250.117237538171,253.339161796024,242.747561021531,239.34865897192,228.227179837301,243.066670834349,249.618666498026
683,683,6820,0,0,0,0,0,0,0,0,0,0,0,0,0,0,0,0,212.680494529354,212.4945365409,265.675210806706,227.604549711596,204.20708046489,212.646631798249,306.929923103087,358.756920052711,229.156120742537,245.491936431851,204.491020996373,225.144893460805,223.918230523122,271.57499551255,275.641754665494,275.614827373747
684,684,6830,0,0,0,0,0,0,0,0,0,0,0,0,0,0,0,0,303.483111153268,253.4207575892,209.427270382143,303.005456722403,222.733034748576,257.17253710851,289.162495889802,238.684368487431,192.50649791787,274.013276420864,231.60994901024,281.035037093284,258.505637547871,254.391283947979,261.42127260803,292.785096338428
685,685,6840,0,0,0,0,0,0,0,0,0,0,0,0,0,0,0,0,321.047411929732,260.211751593974,214.098599326418,237.99164734987,218.902151794665,312.126860736865,311.021255513497,267.339003889154,260.091376627105,265.901746131262,214.076496710384,259.181250739678,286.503335363633,213.46104545096,235.793299288726,192.531245606937
686,686,6850,0,0,0,0,0,0,0,0,0,0,0,0,0,0,0,0,199.188242164638,313.987403856692,302.500413173835,228.806028010752,220.246921806485,233.508444715131,287.807964244133,245.759775002826,205.005033179094,193.81394947121,275.922802655659,285.026901741163,230.825956236047,228.128493946459,214.90097635976,265.000015800956
687,687,6860,0,0,0,0,0,0,0,0,0,0,0,0,0,0,0,0,272.79676920542,276.535882388073,191.581506644473,234.855271902532,282.985982662121,189.104620982004,296.280868255049,243.580888286107,263.157626226828,225.257079165862,286.986014669149,220.213160474879,282.061166293692,141.777664629473,213.70155376872,202.998173693115
688,688,6870,0,0,0,0,0,0,0,0,0,0,0,0,0,0,0,0,279.186100931139,252.663855198411,304.583177570622,202.800057143649,239.639508849635,279.167232746911,282.744858533002,236.028034659029,259.813120123598,220.65387821538,234.725104006947,254.357350630102,214.331651216311,248.050379845457,248.940276282444,297.184739525072
689,689,6880,0,0,0,0,0,0,0,0,0,0,0,0,0,0,0,0,269.896692648737,229.343258268066,230.006609488182,293.438824898388,194.45984788305,276.341266347932,290.452597163721,229.926253025936,259.620139960218,173.242715099533,229.21132318937,175.994055691198,221.37574049621,193.512105476948,192.46503655243,261.05095740069
690,690,6890,0,0,0,0,0,0,0,0,0,0,0,0,0,0,0,0,222.213370692862,210.666127261783,240.118794455822,280.261017732561,228.727663284625,240.640567815508,273.455083250547,352.099083404428,252.933199984277,260.285543885812,271.071928489625,223.040054301105,192.875541964465,285.607543858685,197.408661033182,180.894796616641
691,691,6900,0,0,0,0,0,0,0,0,0,0,0,0,0,0,0,0,256.955131262322,235.550720976128,193.872738864814,268.17591996726,208.360784610639,267.137207320636,278.747412888902,264.656825456804,234.014454758892,240.401312407865,266.029195724858,247.411612623033,326.856421776514,266.050409067425,210.950871913493,292.31691569145
692,692,6910,0,0,0,0,0,0,0,0,0,0,0,0,0,0,0,0,308.119172206384,247.000086184389,233.952768027044,220.492026165563,296.299366016671,236.120541245214,296.260961825631,216.451191048018,197.508495127301,274.575507729005,280.500728380954,302.102349531511,322.135456455375,281.072554049073,329.858654299428,239.467996954224
693,693,6920,0,0,0,0,0,0,0,0,0,0,0,0,0,0,0,0,256.748667194574,220.360795656642,337.257924811011,255.571819668163,250.908269979137,192.193016662182,278.254682022596,276.519653525781,202.714663135373,257.62204152352,251.102338054323,237.287339937699,268.160128218149,198.031343511465,252.865501310782,276.752518758825
694,694,6930,0,0,0,0,0,0,0,0,0,0,0,0,0,0,0,0,223.261838704682,252.013821075838,221.79265470214,270.676994301538,284.552854212612,255.23528588958,275.529326958252,244.002812886372,219.989226983231,200.735151533842,240.080636713776,263.267115021279,219.465872160994,219.700783488553,258.673734344133,287.384484077723
695,695,6940,0,0,0,0,0,0,0,0,0,0,0,0,0,0,0,0,222.308342027402,219.26387976638,262.511910119102,258.455994812836,261.490980182368,181.374419584916,266.231007275721,260.849544129507,235.440055051209,218.524224646711,253.282457840931,222.076055821984,266.977124588363,267.57169188111,242.007058431995,274.295770448441
696,696,6950,0,0,10,0,0,0,0,0,0,0,0,0,0,0,0,0,290.923849684018,258.151307380456,298.102305555673,252.220491210161,266.949795844413,181.275617458224,239.248167054189,269.896468116595,214.995986672039,235.131484556406,259.46054965888,274.273875849241,265.824887302887,229.827073420018,214.861336440068,280.248072390729
697,697,6960,0,0,10,0,0,0,0,0,0,0,0,0,0,0,0,0,237.182831063363,257.160455207618,240.541739938409,284.751990028692,252.659471933676,267.340621970506,270.87480125899,307.692286120981,247.553092067064,288.468979686693,308.713377199911,260.286474503629,170.200527528428,336.356957117261,260.555068626412,282.272345110246
698,698,6970,0,0,10,0,0,0,0,0,0,0,0,0,0,0,0,0,244.443250267677,244.819297754807,261.435248489964,285.767701285839,249.123516070845,257.2268884598,260.245878135067,261.386773268481,216.427708937963,246.617859299192,249.375435185947,260.128061728103,236.436522333596,290.767017390699,345.008799594626,297.251538079238
699,699,6980,0,0,10,0,0,0,0,0,0,0,0,0,0,0,0,0,307.502098000721,234.13825050302,280.997007986823,253.568107986554,251.837122769492,283.546283521196,259.79445910676,307.942312107984,226.573140542446,232.361504220068,248.061007086649,366.408294326753,165.329795287241,269.987554027665,283.688322977718,180.035786712195
700,700,6990,0,0,10,0,0,0,0,0,0,0,0,0,0,0,0,0,271.264227860723,235.97921701792,300.453155406516,257.476922351013,295.221081221823,303.820137960813,265.632407920295,339.103430480271,263.237307886458,217.866310375942,239.967098569027,188.682437956234,305.117949496216,271.921237655838,277.242140731417,246.109686682015
701,701,7000,0,0,0,0,0,0,0,0,0,0,0,0,0,0,0,0,169.685802883283,225.366531414088,263.090881315447,309.80508001497,242.928918919647,267.699096555776,289.048688958557,242.420872761813,235.691664719526,256.978855406918,272.65253297592,336.551231516193,259.01921636567,237.266021981084,239.715077117976,288.33788737952
702,702,7010,0,0,0,0,0,0,0,0,0,0,0,0,0,0,0,0,230.194501958772,228.418989352959,288.968833565818,280.243776478083,216.568419992166,179.059065546639,294.479158596084,218.734871671931,247.508016161548,236.717858438986,193.905039486003,256.407525944247,241.687013711172,301.01394923138,269.656532135289,259.343557199437
703,703,7020,0,0,0,0,0,0,0,0,0,0,0,0,0,0,0,0,238.793038568738,256.70065621461,211.052214074216,248.080417739796,248.508322570561,279.992392039291,306.249474895659,254.814352168626,282.742592927995,266.102646043683,246.710219236415,280.365870073392,337.150145468951,226.642949535085,185.446615315557,239.683956715275
704,704,7030,0,0,0,0,0,0,0,0,0,0,0,0,0,0,0,0,248.192679828671,223.962918056182,267.248337763414,272.971179584476,188.775706877614,253.806107329039,312.396126911684,191.660914915237,195.571482131057,174.757736463743,279.889905586021,274.61687717834,234.950602838385,284.395369073662,295.641055521596,210.170607386612
705,705,7040,0,0,0,0,0,0,0,0,0,0,0,0,0,0,0,0,229.31001163329,270.339121030056,256.382071526471,237.429678387269,243.538445558555,244.144502481941,307.266361445979,263.139709332981,276.129323834607,248.074191586205,216.741314217571,203.628574944875,246.849795252025,275.113946597031,232.723446081983,277.02851508874
706,706,7050,0,0,10,0,0,0,0,0,0,0,0,0,0,0,0,0,274.997831876637,235.867630578052,256.818612255316,261.312636968416,259.331415428735,233.882432076084,301.566507182707,306.64500725177,285.861625086243,285.299294074174,300.744302010497,271.174131279163,188.296495356166,229.771337702643,361.562075819273,215.699974911193
707,707,7060,0,0,10,0,0,0,0,0,0,0,0,0,0,0,0,0,330.33682126381,244.53465452187,245.031033774595,235.367171541525,261.569798936391,248.724587883041,303.573070442339,197.144960801969,270.912748540324,279.431378354305,265.544376700393,241.781198929442,240.635802022773,225.020032309265,229.302611988126,238.005027811018
708,708,7070,0,0,10,0,0,0,0,0,0,0,0,0,0,0,0,0,226.83623299848,288.662057361269,247.460911580983,208.855421223867,250.070283688051,221.671051190699,331.807061054522,253.139068745462,223.614711803702,256.229323322332,227.684601362012,200.307804667562,209.717108555534,214.197936536929,305.041910589714,274.291365978482
709,709,7080,0,0,10,0,0,0,0,0,0,0,0,0,0,0,0,0,329.438426799883,300.109484442156,248.049974179461,266.644405416808,303.601868275157,207.055054413256,324.182096037536,237.996654456408,210.134838015315,217.997490890457,226.593508934338,220.927526338346,232.704156249767,272.855372025396,209.315011926184,257.086704252936
710,710,7090,0,0,10,0,0,0,0,0,0,0,0,0,0,0,0,0,275.861125841627,293.267485373418,258.481299007315,261.826858485703,225.346101538588,198.730317207641,305.641233228103,260.486198640235,253.290392258943,243.493123858923,306.728505686889,241.389258004225,307.07239412179,207.957278116245,293.342939572852,256.624065180431
711,711,7100,0,0,0,0,0,0,0,0,0,0,0,0,0,0,0,0,184.663157813707,208.805600906624,319.542893108567,255.535947654727,237.16563673803,258.855322045086,329.832639893816,218.140912647045,289.390685197932,303.857905395236,256.110844507112,282.180255476067,269.939280256429,236.581943757973,279.005620096001,310.580133042616
712,712,7110,0,0,0,0,0,0,0,0,0,0,0,0,0,0,0,0,323.471086227122,203.448902271407,266.703002671152,291.037446620641,225.008123045846,170.69739345357,314.35079932659,245.083857035743,281.137288938182,282.152038814654,256.655572403164,203.453469557942,222.806794938633,246.734960963257,207.810652809611,253.726036453728
713,713,7120,0,0,0,0,0,0,0,0,0,0,0,0,0,0,0,0,264.449297600636,282.921860674186,264.598512791525,192.169032355836,201.328291217395,292.262286521794,311.910819729851,280.977483539054,282.656790991599,292.424253227834,203.062638781823,229.078422642605,299.050106432319,310.650098696081,244.530229710202,261.226838352016
714,714,7130,0,0,0,0,0,0,0,0,0,0,0,0,0,0,0,0,296.013580974054,309.780937458218,276.274070808703,232.095074822884,214.732500926726,217.525534996042,328.834638362774,286.843959898205,245.565096688133,281.658673751658,289.753054962033,201.841399768463,191.654802227449,268.163223664355,256.757543877687,175.144434768222
715,715,7140,0,0,0,0,0,0,0,0,0,0,0,0,0,0,0,0,202.148473880858,287.874948471796,261.128006358097,265.715932427969,235.373375092804,229.013569968349,333.484817909797,282.851204661172,318.730656657294,240.821661761799,246.455208310143,227.096278788426,224.441314947091,230.984902964572,241.206699025663,228.053583454027
716,716,7150,0,0,10,0,0,0,0,0,0,0,0,0,0,0,0,0,230.504387129056,249.654966454491,248.299268963767,262.375177290355,264.466676974484,251.197306721794,307.342336924413,264.04681273492,215.898597993072,236.167590696676,215.981617522965,318.2682817085,199.866577078703,209.675205580226,295.72776995073,221.970279792341
717,717,7160,0,0,10,0,0,0,0,0,0,0,0,0,0,0,0,0,266.147458869686,172.45894940213,238.008797767396,243.827662244716,248.121058784508,251.738928108667,299.628344245168,186.32494380616,203.6645415747,251.013113683398,188.441692963644,189.877030807579,275.491249042547,292.996601310476,158.636046022492,286.908811934875
718,718,7170,0,0,10,0,0,0,0,0,0,0,0,0,0,0,0,0,240.694227300773,270.023309508101,284.04318145595,293.404860969956,234.523205361598,197.58847927183,324.211603736679,199.289935688203,219.478880874616,306.845969106995,186.450093382153,240.012098321027,230.351066320921,211.392905349956,260.228333495701,227.296849099409
719,719,7180,0,0,10,0,0,0,0,0,0,0,0,0,0,0,0,0,239.429942392797,277.504182923722,215.051231327436,291.038677426592,334.286843702295,244.553131628363,316.506857118195,248.078602640844,212.786673294352,293.645948401193,259.118279376517,309.462230848527,292.322852870132,310.04810908114,227.653813879121,273.407636544445
720,720,7190,0,0,10,0,0,0,0,0,0,0,0,0,0,0,0,0,223.753200943861,308.431280955649,259.831966188345,275.573381244132,299.083256332435,279.142387679407,328.720127653879,296.157014763471,244.247709617121,241.537704657025,179.333822454297,321.553939121771,227.552808037823,222.865031509193,338.648784101453,211.235582624999
721,721,7200,0,0,10,0,0,0,0,0,0,0,0,0,0,0,0,0,284.853423519741,266.748548866181,262.273094180214,234.907396181349,227.604015908338,212.152844261966,342.430002485952,253.29606201422,241.97275118065,236.451627876613,208.314104644571,266.769188903105,215.03776157207,260.617675229663,301.595514537501,275.793559530709
722,722,7210,0,0,10,0,0,0,0,0,0,0,0,0,0,0,0,0,309.86842991345,203.228567035777,234.356814935618,322.994223949305,271.271392663168,267.240066240968,332.427909333311,289.96666549966,210.085683245567,255.338976589179,303.874217473724,235.121910457297,302.505709563787,220.767181272383,354.192106135507,228.045640189689
723,723,7220,0,0,10,0,0,0,0,0,0,0,0,0,0,0,0,0,263.611457615945,168.459245245643,289.462158766792,254.301910753369,274.07940170508,164.64238238188,343.815838990331,328.629328924738,210.344128312149,264.848486556275,263.170279085545,268.29622048778,232.843945523967,270.259838294022,227.96251240655,236.721634531764
724,724,7230,0,0,10,0,0,0,0,0,0,0,0,0,0,0,0,0,324.393886831018,265.683834078519,257.625969346761,190.954435712495,246.691787017251,251.695326511189,349.866181349636,229.416269766776,253.623323379187,276.141852332993,287.874071519316,301.027988363768,221.877369754972,251.259771020747,263.771949661561,227.627056656074
725,725,7240,0,0,10,0,0,0,0,0,0,0,0,0,0,0,0,0,246.267569652215,269.9627300532,277.62545480128,281.770127713648,254.02040869688,156.990711623279,355.624223992562,166.757326063512,275.223140787134,195.469390775308,293.92646238984,255.780802309825,261.017091958052,189.749449375644,186.557844583424,239.951284305982
726,726,7250,0,0,0,0,0,0,0,0,0,0,0,0,0,0,0,0,235.565065260073,273.796841636347,208.447684000059,181.567875880642,216.540659880408,308.862141333981,348.323047647626,241.105348787234,277.562159969285,263.154335682805,222.577963242361,216.341733349946,218.795914287208,231.675643237215,328.999458592734,244.139590513757
727,727,7260,0,0,0,0,0,0,0,0,0,0,0,0,0,0,0,0,204.803763998333,253.630503198409,229.67345903717,231.685538046036,284.256471260449,245.460895049733,364.351348594507,199.461052604424,270.162019039565,246.834924790429,263.402359626358,298.09722438452,209.034339521337,250.088166655228,172.227017020323,320.401074799754
728,728,7270,0,0,0,0,0,0,0,0,0,0,0,0,0,0,0,0,254.454144233357,248.146292204697,278.71483894454,260.088801418175,280.454147592776,278.368141756631,392.175074433105,324.759024437978,290.273002210269,338.42964703928,248.899682205748,280.905022334405,217.633813185002,207.83950583209,292.146341148007,248.205080043897
729,729,7280,0,0,0,0,0,0,0,0,0,0,0,0,0,0,0,0,242.192570481951,304.599255706481,242.006146216809,162.289906240493,264.717980262412,220.385224342529,359.410998230325,297.822826151197,269.39655597037,321.425213471632,257.193367511695,292.656968492584,203.572249589057,295.977616591584,156.30099714039,201.631850854062
730,730,7290,0,0,0,0,0,0,0,0,0,0,0,0,0,0,0,0,243.247277037806,212.707589655977,253.599657032173,193.628327171656,292.129374421543,265.660891089328,368.611410261559,227.893033920636,306.659432358204,221.761945401101,182.775650298839,265.332366424203,243.893555325064,194.765646750827,289.46170804851,343.460378339158
731,731,7300,0,0,10,0,0,0,0,0,0,0,0,0,0,0,0,0,222.904538358033,293.96946113308,228.372502489353,260.063627331997,270.073504273505,225.425586113357,356.958619934851,225.380532380931,278.548581362759,243.890117438919,204.513664884043,321.774743093869,247.852940817511,213.717883204187,212.755556104634,124.765968973808
732,732,7310,0,0,10,0,0,0,0,0,0,0,0,0,0,0,0,0,208.672603869713,262.663505721293,307.27748380979,206.54409061033,267.122133504523,291.072908311979,355.911249220502,256.427267542619,227.132707700159,217.15341756305,260.662419137907,234.385483659125,266.513090754822,243.792199736486,228.360586258682,167.20201854224
733,733,7320,0,0,10,0,0,0,0,0,0,0,0,0,0,0,0,0,241.694159939187,232.672137097434,265.093689371359,202.228194653438,247.26173697205,230.147432993851,356.72830417734,250.996617696673,283.584794789186,287.818173353941,267.72049227686,285.026039088009,247.730961107403,285.074954804176,275.219659394785,235.004867046845
734,734,7330,0,0,10,0,0,0,0,0,0,0,0,0,0,0,0,0,254.293919739446,269.188444665315,252.588174592609,217.778621936505,222.976798555427,295.122172555342,336.263223590693,231.492578959011,285.673272865553,261.079808677107,285.39783698592,260.625614897208,283.664543994315,305.542519944749,244.16500646964,242.880571555348
735,735,7340,0,0,10,0,0,0,0,0,0,0,0,0,0,0,0,0,253.210292017475,179.069171027207,205.780751875657,237.390894132698,216.170497896387,189.867740627031,341.725680779679,258.225154403812,224.765258626862,277.091251446252,227.344810290382,289.469838898326,250.717724074372,223.633423195004,320.137149879165,241.868767890078
736,736,7350,0,0,0,0,0,0,0,0,0,0,0,0,0,0,0,0,273.664297622288,221.839121738896,267.752419499717,249.197099999588,219.935585470191,241.658302672611,357.447897381492,222.792135566663,239.056997049811,220.277422192587,145.035339298453,297.687338999308,310.519469365645,219.596875314746,245.284755857929,308.214927345944
737,737,7360,0,0,0,0,0,0,0,0,0,0,0,0,0,0,0,0,260.85088754955,300.597297158395,217.313062750697,291.120574985178,227.856461660434,277.575285072501,314.80922781571,199.980206820616,234.092896180873,290.529710527836,303.081661878854,224.254852881745,245.944688996074,307.865904972006,325.594051368671,254.933212920194
738,738,7370,0,0,0,0,0,0,0,0,0,0,0,0,0,0,0,0,307.755184231706,218.204006332821,261.837349519969,210.526770642222,217.690395651094,205.607551761223,338.307214920644,320.092421491105,235.340108521836,241.286895762939,302.539226925418,245.10466356717,319.250640200193,212.339914060162,197.01675728001,245.083415490574
739,739,7380,0,0,0,0,0,0,0,0,0,0,0,0,0,0,0,0,264.766181325785,244.306128545668,240.186513615305,235.972658538188,272.883673840131,223.157859170312,320.262357069321,237.768070664104,248.834734281687,223.043258188385,256.163443283636,270.26086870685,255.207838526129,284.722443425383,209.092924899424,284.786810983719
740,740,7390,0,0,0,0,0,0,0,0,0,0,0,0,0,0,0,0,244.861795812828,284.222256170786,230.646997081502,288.020827692913,283.102427133156,235.447495114705,343.573237527727,218.287929764889,132.038602637728,229.234886353733,189.739969250938,224.398868246346,254.458923937536,221.230083728804,245.29033548969,244.24982289826
741,741,7400,0,0,0,0,0,0,0,0,0,0,0,0,0,0,0,0,297.894879344886,235.157140957796,267.482983385317,280.666721020476,267.651195344362,257.250632157765,330.914028004125,214.577782496232,258.112155594886,311.046270152156,234.694779418443,220.68238104819,298.411028377245,238.814025925487,252.514558637552,236.221904148372
742,742,7410,0,0,0,0,0,0,0,0,0,0,0,0,0,0,0,0,205.493576194378,217.128042819105,245.708110155829,325.080687519455,286.055540592704,239.274339006147,309.710257481834,269.166921668739,275.625090585521,304.548770940109,303.83972663629,241.076450472904,225.811840142808,167.807884960287,291.67275444982,322.778501947276
743,743,7420,0,0,0,0,0,0,0,0,0,0,0,0,0,0,0,0,314.136797186837,251.647474799009,239.891191918562,298.515001184791,253.667960601521,244.572788029234,327.019218094945,249.739694668792,287.372493783595,206.268289523774,207.384576887551,266.040086913687,256.415979947783,259.517331855459,265.903030368695,232.42049258555
744,744,7430,0,0,0,0,0,0,0,0,0,0,0,0,0,0,0,0,179.165284700922,266.07987455389,187.924990110113,275.606228485539,269.449187512585,203.673278536281,315.150823695161,250.191396981421,239.613313236897,239.26871777917,244.033807467382,174.120876192556,180.638082253021,261.994311798262,253.215024779458,302.86440623319
745,745,7440,0,0,0,0,0,0,0,0,0,0,0,0,0,0,0,0,234.39392951689,280.039113441833,254.584632310185,231.434697480371,271.780819303215,326.12405802398,310.346787868352,206.328313016062,214.75366656427,285.266686558367,226.054114094581,239.478982497138,166.010948708797,219.322430546893,292.508485159877,276.894651438155
746,746,7450,0,0,10,0,0,0,0,0,0,0,0,0,0,0,0,0,231.848977720549,269.213329613312,255.448569181781,214.27918717878,297.125793632665,215.729483853608,321.323820848936,282.355111673683,190.81409149557,327.792856339713,228.317967618322,240.234348877096,204.148460614912,285.336521778447,255.34210453707,253.529356115896
747,747,7460,0,0,10,0,0,0,0,0,0,0,0,0,0,0,0,0,285.779983271192,193.761758972705,212.913023220358,222.288273497501,222.509160104822,254.224133154546,315.373985517466,232.761001292977,249.525323012458,243.653736155592,226.236627678871,255.022086847567,231.237115006156,247.015908099427,238.674314953563,315.691783313028
748,748,7470,0,0,10,0,0,0,0,0,0,0,0,0,0,0,0,0,234.433856137207,265.619333216077,248.252185880869,299.12822698939,265.117098199825,334.146109955922,303.472759955102,264.225452927771,173.154181485586,250.548092388925,255.123152796178,236.263084930875,245.255652688451,223.734519009238,193.728862805869,297.682591863456
749,749,7480,0,0,10,0,0,0,0,0,0,0,0,0,0,0,0,0,192.349742463974,260.26732801594,226.834657444254,218.390386908775,232.771441813159,228.737556417964,301.405397664113,183.027525191836,220.221380996775,235.839535444133,227.429965134991,313.309604380406,221.618094853261,273.067083964166,233.935230726375,202.056157877084
750,750,7490,0,0,10,0,0,0,0,0,0,0,0,0,0,0,0,0,268.430660487758,279.830353502874,227.928575436317,283.070332144041,275.039277300195,265.797022894518,307.70323484243,286.614378576715,224.397292761738,362.716142350085,249.484877541413,258.294972710951,250.895206163731,263.654715730869,231.815923490736,293.217389037985
751,751,7500,0,0,10,0,0,0,0,0,0,0,0,0,0,0,0,0,202.70361999139,257.790936320307,212.239108199378,198.965597621282,185.130071065882,271.324029155267,296.72035583199,262.891987423114,271.357129547995,228.575968555346,290.46175323425,268.000925554312,192.767582394945,232.268151788723,264.018625110605,287.769703947825
752,752,7510,0,0,10,0,0,0,0,0,0,0,0,0,0,0,0,0,188.445716275451,269.384763467485,230.477476652376,273.257958104677,312.671211137982,194.1167862445,304.500214199953,246.579137457812,214.903505715182,215.624745895239,289.395411331473,269.968056512174,281.954309429431,283.381937729595,294.702591027814,275.318618768513
753,753,7520,0,0,10,0,0,0,0,0,0,0,0,0,0,0,0,0,204.507044755078,221.551613753174,262.718228099445,299.666649030001,281.347248082672,242.919975187347,330.459154666533,273.917983775746,239.403151612712,225.901240073843,257.240869408453,255.836690087502,245.68732200868,255.286212448486,262.358921977285,255.733422207308
754,754,7530,0,0,10,0,0,0,0,0,0,0,0,0,0,0,0,0,293.654512951018,215.46867771404,162.060094215588,254.227488761135,243.059002929619,261.463289988932,322.770885563347,211.519206951196,207.848125833716,198.154690871885,254.452167505062,194.309069950604,191.464008502928,354.54108011118,161.145719468107,274.157054282276
755,755,7540,0,0,10,0,0,0,0,0,0,0,0,0,0,0,0,0,222.147966554828,263.283204373579,226.12095850062,296.698071489914,312.754690040761,233.125476986191,331.532785299753,198.414467424229,252.782075716143,295.463744865624,261.990591663436,331.536626368648,219.571171678508,263.047896606503,307.749293739905,277.181026256485
756,756,7550,0,0,10,0,0,0,0,0,0,0,0,0,0,0,0,0,242.375476403958,251.308603579388,295.741589272005,262.348917853413,231.572625457056,262.792769858618,374.370555697084,217.642967775733,230.993857894701,286.610732257832,262.289236018566,234.35301328196,261.358079179559,221.046885840795,251.262703193934,246.339232170857
757,757,7560,0,0,10,0,0,0,0,0,0,0,0,0,0,0,0,0,247.914971012202,219.950119468578,184.373184097539,212.610556101829,167.33942613129,239.279673076688,356.941486039509,183.593535486698,164.066322331064,252.766196724617,253.128242894443,198.987885184193,292.847390748646,256.433005682056,242.698247123158,278.513198721746
758,758,7570,0,0,10,0,0,0,0,0,0,0,0,0,0,0,0,0,229.562398632396,227.342303965741,299.749187406445,239.924062928842,229.450446096038,260.995123309219,369.333744123169,292.801779323527,310.860611887904,277.316052625266,230.14325132994,358.006585726839,275.197081564835,247.359635535532,289.624283568825,203.675504358089
759,759,7580,0,0,10,0,0,0,0,0,0,0,0,0,0,0,0,0,225.282288419033,240.628458906583,260.847358525662,241.488459767026,238.967294062115,236.19900694958,384.077710644681,236.487189992218,311.794529709381,253.266370042079,319.034364525361,238.733566188648,283.517027539805,234.751024926565,227.367711168358,264.112849646519
760,760,7590,0,0,10,0,0,0,0,0,0,0,0,0,0,0,0,0,276.574194766545,296.163497670595,253.374026411118,220.580538364875,291.096861221071,234.84460317986,369.793983279955,255.269357199874,204.995679845717,249.456371380652,265.318147618446,307.533958995845,193.046427015108,281.488408000361,250.443242880238,249.39165198785
761,761,7600,0,0,10,0,0,0,0,0,0,0,0,0,0,0,0,0,195.171575522694,254.5209968041,266.693451498686,262.550103064009,168.5401587293,247.430498040411,366.004765906977,251.22803070589,265.388544933717,254.961889378115,278.962817873036,245.780574542239,218.870510281613,241.887451257872,284.078311635298,255.08774409193
762,762,7610,0,0,10,0,0,0,0,0,0,0,0,0,0,0,0,0,287.572298968858,199.552104743199,175.621111795136,241.114987386979,262.322344981584,273.905846310096,397.692720683671,294.479108962798,216.550633001273,278.938143358542,302.348910734192,244.039574624957,235.617757630775,244.744776880971,237.441831020631,249.135776440445
763,763,7620,0,0,10,0,0,0,0,0,0,0,0,0,0,0,0,0,209.922460185808,191.772293364745,297.561909220156,192.301954701437,263.210968158219,258.788908583262,389.407827530587,291.867477378417,288.933772872315,251.61058438795,222.880483920565,262.049819453444,230.778683723821,159.765884462025,253.005768450137,194.512754017775
764,764,7630,0,0,10,0,0,0,0,0,0,0,0,0,0,0,0,0,242.241242556796,283.079635645362,191.573068276357,198.274406496964,278.452867158302,249.503363322999,394.200420720386,241.189596725357,294.857285909181,154.572414061059,227.952617126776,282.474796073363,218.596523548955,283.216875889506,236.097952141088,176.406898443649
765,765,7640,0,0,10,0,0,0,0,0,0,0,0,0,0,0,0,0,210.471601831055,308.198631221148,192.10355513991,322.366546045241,210.857096428296,240.737062367897,385.856756712304,222.298304452297,225.412448132197,197.046075261112,255.157928990383,264.595419503907,271.89523358089,175.35993511945,209.834378838654,263.859553132157
766,766,7650,0,0,10,0,0,0,0,0,0,0,0,0,0,0,0,0,214.042226912725,280.31853087229,289.138743177305,231.198277008564,264.997367869668,243.010878617114,389.535537673305,252.677532418695,228.096390582514,286.974522056434,200.673336969144,224.775191938307,294.452956603525,260.254065897342,237.199708315886,257.054312332907
767,767,7660,0,0,10,0,0,0,0,0,0,0,0,0,0,0,0,0,265.811827850353,233.895742455161,299.637249953552,224.021925632061,299.716803742822,255.138970790802,400.040043781483,265.128372647999,325.628903953062,231.646090797981,255.463009288215,177.738537035015,261.135571563252,190.607753595496,272.243287774078,285.616904538941
768,768,7670,0,0,10,0,0,0,0,0,0,0,0,0,0,0,0,0,247.702879352332,209.953132422107,260.215524027926,333.289057464328,306.189058591037,286.748571623795,388.915676139996,228.148698990261,302.957941563286,190.142140404484,278.10359426727,225.859989168572,262.638237094539,289.402094600693,297.621705795561,363.039805989885
769,769,7680,0,0,10,0,0,0,0,0,0,0,0,0,0,0,0,0,263.484115429212,273.389057761393,245.612065498434,201.639582849049,247.413955851163,216.703352821337,393.81355397629,271.261622492964,270.554102155385,216.493879515083,277.892149753301,290.882035982298,257.142766920062,230.672826328759,265.374792222472,240.963516429257
770,770,7690,0,0,10,0,0,0,0,0,0,0,0,0,0,0,0,0,242.310129533449,211.34829341957,193.308857392834,266.688093154156,288.667333759856,195.872209526583,395.031201651258,236.034308676115,241.892155123528,254.995981490526,257.160879108397,280.288690658588,259.78830992214,206.743141665659,230.798445417193,228.184854191164
771,771,7700,0,0,10,0,0,0,0,0,0,0,0,0,0,0,0,0,207.832248051578,279.836491797662,252.034756319255,293.606490920892,226.861632058939,286.432768055779,386.963973068034,168.150599542246,211.096498387919,294.233948597915,245.177600956338,251.769903558488,184.730403919768,178.922624647303,223.327528988834,251.173112717337
772,772,7710,0,0,10,0,0,0,0,0,0,0,0,0,0,0,0,0,195.069100600443,258.670037474938,258.893888585293,267.656704110806,225.134276731949,269.414689994356,391.441161776328,209.171329547272,261.821217810923,271.387192672057,260.917033178627,227.223710609161,271.734718607946,227.087471249374,278.166290095317,239.02154745158
773,773,7720,0,0,10,0,0,0,0,0,0,0,0,0,0,0,0,0,198.427684367357,227.303934457419,251.00408616039,286.343683527645,194.493266511583,259.610274680989,402.892107586884,266.723703239609,268.974157625796,293.786256903941,261.743708224824,269.349250036762,268.813302401177,248.966258686168,279.950166546482,291.808872787636
774,774,7730,0,0,10,0,0,0,0,0,0,0,0,0,0,0,0,0,228.967854858924,260.364330642999,256.606371185689,307.567256217781,288.36024002405,293.183531388918,422.22110659335,285.219578910577,269.652081865215,252.533660323312,295.991544942639,208.45134178404,189.648228626655,299.074945772914,256.739024852202,167.504268697451
775,775,7740,0,0,10,0,0,0,0,0,0,0,0,0,0,0,0,0,288.043566492884,269.215336434882,263.742191305967,234.490101765021,364.333901305198,258.22012698602,390.548629742723,187.956609407527,277.911059157908,271.87041966854,234.61799877351,253.730307728085,284.063624592656,249.037333199921,241.685923511452,256.116077089661
776,776,7750,0,0,0,0,0,0,0,0,0,0,0,0,0,0,0,0,246.787262187982,208.847476335804,294.648539045569,270.056611172611,256.596889685907,159.335598550028,434.220360008426,192.947730226353,249.490824476016,253.266187926222,263.368798651282,268.515444551461,297.06263451035,301.483110816537,264.046417497958,180.432844321775
777,777,7760,0,0,0,0,0,0,0,0,0,0,0,0,0,0,0,0,281.257831667861,312.386027001772,255.819426610507,209.83765650968,283.816920467564,243.647898288413,387.609140114326,195.785156286953,287.957382007161,274.737297563804,197.381668466659,251.193152621513,293.243180265807,266.987213394611,326.43038519127,244.295922869923
778,778,7770,0,0,0,0,0,0,0,0,0,0,0,0,0,0,0,0,208.213626611433,243.64978437307,234.652953543775,267.829818850434,191.515863714107,222.413577614879,425.901037113451,255.215445016949,262.200540414147,166.008569252211,195.365207671129,237.605710081322,238.23762906214,171.145264221826,204.287665219574,279.335554833459
779,779,7780,0,0,0,0,0,0,0,0,0,0,0,0,0,0,0,0,269.822151806924,171.400187444186,273.39202484438,261.820786271595,204.08084368543,209.184779551667,390.243729244792,252.102796788787,244.228024728789,232.051778589041,245.288867677582,278.229624089527,253.715332193048,277.631940557613,302.31224369705,231.632356678652
780,780,7790,0,0,0,0,0,0,0,0,0,0,0,0,0,0,0,0,315.029898568241,246.569322749031,292.235633463535,224.583096460506,292.619585911556,295.168442339093,408.597443136474,264.713880308212,284.141972832945,235.511417407949,225.524656025153,252.686395699749,231.00871660925,274.357277376408,293.783886166931,295.887345430969
781,781,7800,0,0,10,0,0,0,0,0,0,0,0,0,0,0,0,0,188.320854757649,268.793390704768,247.973542174031,244.48899824879,215.385227731791,294.021585284184,389.915324096722,289.547085452081,222.977229341687,281.985152981887,224.986204126033,186.128546318233,300.888368257374,190.049107662267,290.300656751374,231.613882643708
782,782,7810,0,0,10,0,0,0,0,0,0,0,0,0,0,0,0,0,204.657905083897,232.738745116672,241.688497725944,226.926951371747,259.789917886798,270.510624208774,364.290261456374,193.173433872679,239.024446756136,238.926825802492,196.088853449844,193.285026668962,231.172155098518,320.807524109259,257.952591803557,258.425097514842
783,783,7820,0,0,10,0,0,0,0,0,0,0,0,0,0,0,0,0,168.573052806501,239.987091282068,241.283475242049,262.616485135158,267.906972770428,239.781526811411,359.685106875815,305.790707638773,267.010091962813,276.312798123555,258.568301383601,321.968587458278,238.021420747092,220.246317649871,268.089638388421,231.78606692503
784,784,7830,0,0,10,0,0,0,0,0,0,0,0,0,0,0,0,0,229.70192881038,286.1413361269,262.680148219298,228.844361989904,240.225909414466,233.306471601421,342.838383527702,318.002559577707,254.936096728157,232.295530146965,217.244924621085,289.706751512992,244.045125162307,160.608163766379,252.061519945757,234.012668072382
785,785,7840,0,0,10,0,0,0,0,0,0,0,0,0,0,0,0,0,295.249747967431,302.48011080236,284.388397940562,141.247430088686,239.492606795518,277.834909670114,360.252358628054,184.226018153983,232.994793683211,274.018999827611,203.930021124784,298.107212657907,217.022560111304,257.379350503298,260.77626330508,255.342425120166
786,786,7850,0,0,10,0,0,0,0,0,0,0,0,0,0,0,0,0,194.515749267835,233.32654854682,264.628134336812,234.20355633471,193.313024375099,209.567172468404,361.556148431923,279.944899097441,247.31240034288,239.632454016125,215.885774146637,223.777052224167,239.920313664013,226.825013740382,206.723318265493,271.594526857521
787,787,7860,0,0,10,0,0,0,0,0,0,0,0,0,0,0,0,0,286.212721511894,293.184051079757,292.5199935879,250.006744809628,248.829351946984,240.029573735525,351.798208088192,275.54605221647,274.357122145922,307.786354939574,201.343619963705,285.313686474727,256.444632245948,216.476606809021,224.70444575741,266.045597203752
788,788,7870,0,0,10,0,0,0,0,0,0,0,0,0,0,0,0,0,243.090574097593,232.818047168596,273.186140594943,227.441296373061,273.962654398691,312.322809805268,383.958686227392,224.038878043645,270.29182285992,278.409568513491,206.81520871112,318.030819498786,289.768634337318,353.677623524849,210.471867026763,237.356545677629
789,789,7880,0,0,10,0,0,0,0,0,0,0,0,0,0,0,0,0,186.406011570235,305.18102746966,331.215077739642,281.820240523992,240.097988118927,219.793757510503,374.98235807697,246.691391009637,194.879635031375,261.762592790575,270.940726047192,271.898912136526,233.103871953768,223.846599698672,267.322985084947,241.389693755781
790,790,7890,0,0,10,0,0,0,0,0,0,0,0,0,0,0,0,0,304.299528852568,249.854207943537,197.241132603632,222.90585849874,240.377599783793,284.91212502492,386.39405937916,222.223407346528,257.798068704043,243.856731482412,281.787332182989,245.774026254653,266.407469325093,214.968562493616,324.337282337084,265.248791092862
791,791,7900,0,0,0,0,0,0,0,0,0,0,0,0,0,0,0,0,281.697188641322,271.79708658008,251.261243694136,182.374696287792,268.725088349082,287.815839430826,390.032112473676,231.897643338162,290.578391251526,243.221291283785,293.496184453182,237.876947116436,253.863143653125,274.085019654099,323.102772231942,265.756588780038
792,792,7910,0,0,0,0,0,0,0,0,0,0,0,0,0,0,0,0,251.117480937877,305.909571377277,200.995584049896,250.753066384047,252.103708686044,240.953313263031,386.339639586641,211.79614614736,318.619627501394,238.580957133873,207.128630130392,218.825960891702,245.019839417467,236.422703315796,258.171300554558,258.433541624753
793,793,7920,0,0,0,0,0,0,0,0,0,0,0,0,0,0,0,0,249.593145729975,250.873876929074,290.298284912683,224.022935614156,235.605766279662,240.966316930916,400.01164786659,213.945793683782,253.030663721353,280.587762897177,300.2458938406,306.807122235664,239.097776046984,284.855108826371,257.079507313249,252.258885293808
794,794,7930,0,0,0,0,0,0,0,0,0,0,0,0,0,0,0,0,206.929030224565,300.488854832238,271.306194628186,279.761514402835,335.565542411192,263.145985485802,408.09477160142,287.062893173695,164.398560035191,225.885800363199,247.126784770678,226.069512539793,261.78978666885,233.511566531647,246.372949712807,212.184234585762
795,795,7940,0,0,0,0,0,0,0,0,0,0,0,0,0,0,0,0,274.517623734146,320.773993865182,283.754646571918,243.910028979529,301.818232287347,244.713471369065,364.526735671262,249.528269359935,256.56455484611,267.338465995546,296.702016916458,235.8463725727,256.306419016704,222.850488121264,203.211397983012,293.104793169023
796,796,7950,0,0,0,0,0,0,0,0,0,0,0,0,0,0,0,0,284.465680148747,218.753547611408,221.795717688302,207.976792336884,172.329628176518,222.561148184994,358.266465992759,281.383336602871,257.787602914968,291.860142377346,322.822456190608,150.918188170064,207.724892415016,213.798729790343,220.47420266055,227.527436554111
797,797,7960,0,0,0,0,0,0,0,0,0,0,0,0,0,0,0,0,186.2946395911,256.082836023299,275.476228997016,241.611540373811,278.508094120932,304.477380862077,371.88057522279,269.574175155598,268.112764433359,262.753644741918,284.891277923357,221.695621913594,316.175256184001,232.90196248302,252.894997426607,243.053013338271
798,798,7970,0,0,0,0,0,0,0,0,0,0,0,0,0,0,0,0,254.371585600486,304.276781025802,199.686976329663,284.586465356459,261.123566209392,261.402651575889,358.054163859295,249.849631964769,268.503685933002,298.915899941228,263.325950404987,234.493117895718,187.552613616887,267.485677045068,287.392859947528,333.472382323825
799,799,7980,0,0,0,0,0,0,0,0,0,0,0,0,0,0,0,0,264.785956547663,190.845484598592,277.576373898815,256.849335407058,188.519741887404,253.280417583923,323.225435848576,259.554674964806,230.353062895625,263.392260168583,287.258729437672,303.182987772255,275.802634442719,258.210968069334,242.551943465242,254.29727879575
800,800,7990,0,0,0,0,0,0,0,0,0,0,0,0,0,0,0,0,248.65659886097,245.671030702008,229.364954868449,302.214821288965,232.421933848403,273.775998601053,320.513952450281,206.910163965227,227.960046425031,263.741147435604,231.923592260132,273.964489355806,271.553260043742,226.994909669875,317.243918106762,247.209993247191
801,801,8000,0,0,10,0,0,0,0,0,0,0,0,0,0,0,0,0,267.765276617728,250.302980139402,265.364408727118,167.183528450354,307.521625783002,204.948336601452,323.584707337617,188.39287053916,273.2053027168,238.311019644911,164.764972923014,287.744539805486,278.593365990708,194.593645553148,245.410823612184,226.036208751703
802,802,8010,0,0,10,0,0,0,0,0,0,0,0,0,0,0,0,0,263.463757536515,274.632174255535,226.193376807864,271.108711490249,202.547932922201,243.691809399935,319.167999153023,270.042254851887,228.557352068154,326.807071105751,268.232503430523,243.572732951958,276.020286580762,266.465051334498,275.699297308934,209.620942279915
803,803,8020,0,0,10,0,0,0,0,0,0,0,0,0,0,0,0,0,237.797119231449,192.941438163633,167.699736709577,233.109803507252,303.159404351243,235.612616786643,312.182040763078,253.253645451906,262.868872189232,256.009182685192,249.898964493171,211.100544270566,268.471126173402,232.675466604119,260.672841024433,199.332723693172
804,804,8030,0,0,10,0,0,0,0,0,0,0,0,0,0,0,0,0,295.12874013514,218.551551801481,279.512411763893,224.002105159933,260.259742560471,251.740641852889,319.194862569901,263.961067637458,270.112600040222,215.102071007951,248.030571504553,263.827121777609,281.143307394749,217.769631287525,251.877741277535,249.971590803312
805,805,8040,0,0,10,0,0,0,0,0,0,0,0,0,0,0,0,0,302.253388172712,308.089678892008,242.879654597965,222.61284635739,230.392255166737,238.539097984593,312.284633521567,240.353760383185,296.203370333143,270.1965564786,140.077415709054,299.4164599364,268.657226771441,235.386190122088,257.715815170293,234.185583497577
806,806,8050,0,0,0,0,0,0,0,0,0,0,0,0,0,0,0,0,253.233073396744,279.053191047947,203.631696612603,280.247476130995,272.150640052735,213.225910231645,316.037103300134,158.500213617652,275.679435692298,241.163659836418,219.066729143229,264.414910451397,243.33468008404,244.814497260867,256.953717665211,268.29370777889
807,807,8060,0,0,0,0,0,0,0,0,0,0,0,0,0,0,0,0,332.116076302475,241.328855468302,239.488017945572,336.112677433545,204.221801954196,275.180019955417,322.522850670354,242.455525408569,217.203596110567,274.657144316083,249.530299673008,253.566443522557,189.094049888288,306.371483824275,244.420628966235,248.669068549569
808,808,8070,0,0,0,0,0,0,0,0,0,0,0,0,0,0,0,0,273.096996030862,249.872730523927,262.072854260155,209.649750823721,229.405381546749,272.087004815724,335.659145508445,269.422625698255,262.703237506025,249.047983168016,225.004702880773,250.411875031626,203.106255114026,244.333097058564,281.282430266221,261.178747386834
809,809,8080,0,0,0,0,0,0,0,0,0,0,0,0,0,0,0,0,263.205907218761,318.217184135506,301.690279265708,317.23925876606,334.332404418821,236.80450619942,348.050809928874,292.629846088195,277.476604718876,300.865758814549,198.611383069177,285.527519081732,287.493209887421,206.501870848433,195.052323280144,175.833519121214
810,810,8090,0,0,0,0,0,0,0,0,0,0,0,0,0,0,0,0,281.110500610075,220.856427744675,207.802679816384,228.862108318185,252.480329320724,275.288604114479,331.272457962124,280.921044010734,248.410680025545,240.663277993161,238.89986141978,325.873872760299,257.044227883571,277.102225657416,290.340610203731,287.915815694082
811,811,8100,0,0,0,0,0,0,0,0,0,0,0,0,0,0,0,0,238.193043827565,264.749998114969,254.696236658113,260.123180592129,225.405299282365,228.227558504876,316.56035019446,273.449137888298,222.746611200734,196.689063851451,249.731305427192,229.034468984485,300.258584359804,267.895979218991,286.590483504558,248.945904550928
812,812,8110,0,0,0,0,0,0,0,0,0,0,0,0,0,0,0,0,243.054784855363,260.629976379822,275.951698406179,229.356203589047,241.766713394395,200.048300323816,315.416916383846,238.883795201213,245.994114495623,223.994201672972,244.921552501854,214.774951830705,257.584956657746,294.19918380495,202.266066917274,221.729867711746
813,813,8120,0,0,0,0,0,0,0,0,0,0,0,0,0,0,0,0,211.024655540952,277.637226187458,246.535915878799,187.20183331431,284.090743172679,259.417147461117,322.637378357626,254.999647031289,258.985552897315,305.359540732364,235.236807636782,230.546849490606,287.571905919483,201.6679080662,309.391606114634,219.527415256787
814,814,8130,0,0,0,0,0,0,0,0,0,0,0,0,0,0,0,0,243.370925656444,329.304552192058,262.370487233445,274.457284957045,277.350831623792,286.342181438102,312.190828171878,246.680228318927,231.692047745524,289.091923127113,307.97178015712,251.595196794236,241.050797383525,258.672237781339,275.111455798977,216.805187158106
815,815,8140,0,0,0,0,0,0,0,0,0,0,0,0,0,0,0,0,323.059940141554,231.620226149994,306.925646348948,246.949237512044,247.528960396568,268.157119684904,317.334840454248,248.046990110081,265.994537084663,161.675532593093,226.064288995485,289.331173488381,170.78640527866,250.377612641019,194.046693254906,254.207107446904
816,816,8150,0,0,10,0,0,0,0,0,0,0,0,0,0,0,0,0,301.605917586047,248.218424132385,200.065721244384,294.728413995862,206.513179829316,283.444547542268,307.222279167695,208.153762551027,305.059246710505,294.915340966128,258.39488608207,217.313218045466,264.8813745696,217.682847045841,225.610506037911,285.914152016714
817,817,8160,0,0,10,0,0,0,0,0,0,0,0,0,0,0,0,0,268.370682493915,251.435348077904,240.633788098841,254.601542208577,202.309623893091,241.929415918029,301.551370822335,273.821161179579,254.784758002172,284.613626347057,248.084132287223,273.512995313863,267.595086419782,264.026720199803,220.336915301027,238.130402519654
818,818,8170,0,0,10,0,0,0,0,0,0,0,0,0,0,0,0,0,267.473452295145,295.735478943285,225.800173569198,329.578957026875,273.858082167776,235.467985187881,310.142150160003,250.87190044256,252.700081802,231.433319344329,290.805074894861,220.345708326251,284.606818099995,293.244048898363,230.839132478243,252.733548804268
819,819,8180,0,0,10,0,0,0,0,0,0,0,0,0,0,0,0,0,188.984656672619,219.237548905249,252.22232655393,221.015900897018,234.483651575091,270.941463146089,287.886549085748,277.615605644895,269.891160434378,316.704169002888,258.437868254617,266.288996167141,209.238273746636,245.010753999442,213.986936045356,263.240922136562
820,820,8190,0,0,10,0,0,0,0,0,0,0,0,0,0,0,0,0,234.477743409918,233.113459543259,245.52354257674,175.792850338867,193.144067928713,204.373791652879,297.510646502905,262.804725938146,227.621802223845,320.34381625824,234.863943460656,215.792742337553,203.118292845354,267.167742815055,199.0946436047,200.300993253472
821,821,8200,0,0,0,0,0,0,0,0,0,0,0,0,0,0,0,0,281.1515299603,244.161338674708,235.254064209219,231.159599411924,289.279191512433,280.476347937618,308.022352520016,243.545513816307,200.279991882681,246.936041453466,207.29449520041,218.75652354837,231.432252826006,308.90454178137,208.668732316862,294.653871423686
822,822,8210,0,0,0,0,0,0,0,0,0,0,0,0,0,0,0,0,241.804967111772,242.061749164614,245.688180308923,255.390893407697,206.191827366358,231.549978382239,333.523451528234,258.968272295787,269.280758281486,251.502008013273,281.124841766659,253.321823703674,220.456762825911,270.717559803062,233.771678878846,177.598133251491
823,823,8220,0,0,0,0,0,0,0,0,0,0,0,0,0,0,0,0,265.91777061714,258.851312620763,244.914805926381,231.224241508959,229.102331545243,240.522906196942,299.633406695226,228.708463766849,303.31049979186,198.835628355223,239.183026443399,241.966474117064,238.297659666036,248.953760260743,252.116025118561,233.396981825034
824,824,8230,0,0,0,0,0,0,0,0,0,0,0,0,0,0,0,0,295.525302004125,195.213430012693,261.322937291015,244.472931077721,215.436604211223,231.467366920534,317.264029322028,246.582556892642,208.501719723344,245.135178170908,214.801579155961,280.963902444301,220.265513897942,274.55751901668,201.722622801255,225.621089117517
825,825,8240,0,0,0,0,0,0,0,0,0,0,0,0,0,0,0,0,170.252468320952,226.576158607848,221.368985644827,200.437931837506,268.026114030647,267.704384778586,298.432987966921,230.438980473065,276.095486898256,234.464545485469,276.63827039329,218.353658529635,295.669046948537,286.29483064725,207.907821693591,188.486264472522
826,826,8250,0,0,0,0,0,0,0,0,0,0,0,0,0,0,0,0,234.951482750113,228.948139592446,206.514776475534,190.682778534325,256.903978905865,270.6937220649,314.426730531059,281.448433519427,285.330175584069,253.177440632645,217.92137586965,279.700227647018,194.033894786035,247.813855535666,250.345420065002,279.855794252669
827,827,8260,0,0,0,0,0,0,0,0,0,0,0,0,0,0,0,0,243.841493249868,267.013914126552,261.215397699153,244.924072080521,227.342660469781,263.915292334632,298.779563542084,226.202580255,255.682956351638,190.297514062263,263.881818512958,336.715948306095,330.625264762161,202.859642977956,208.540204731819,227.347701801839
828,828,8270,0,0,0,0,0,0,0,0,0,0,0,0,0,0,0,0,252.967428934147,228.039639369042,294.762515416068,230.1811592341,173.738874840551,236.825268974072,316.301462938261,274.325533244358,278.675164691159,245.258872161113,212.328899908575,193.717128191296,285.316743279177,264.297690787959,231.945741551971,244.665731805764
829,829,8280,0,0,0,0,0,0,0,0,0,0,0,0,0,0,0,0,261.509735628932,258.439904312951,263.8893827392,289.577878543455,205.903419567078,188.467793632279,286.652703969416,269.12774222857,292.385497304228,279.473472785194,282.705089197354,262.752086214815,280.124542099965,282.272408222054,200.794181778995,309.254156482156
830,830,8290,0,0,0,0,0,0,0,0,0,0,0,0,0,0,0,0,287.646417279454,260.267017009917,227.319705855849,258.48358198686,167.814923187027,196.494099768258,282.557878520626,237.166246288526,263.013882650543,270.849871167065,259.529527675212,288.602231456052,315.122029878437,202.534686721653,247.606461875191,290.354330509219
831,831,8300,0,0,10,0,0,0,0,0,0,0,0,0,0,0,0,0,274.37809418004,221.824104697883,274.336849128834,250.787287619619,259.790985296623,212.274609496593,270.022114013769,261.732798353597,265.781776531837,221.97044568587,240.787655965009,252.875668934961,288.078644844304,166.074425546762,270.565413335073,241.33990295363
832,832,8310,0,0,10,0,0,0,0,0,0,0,0,0,0,0,0,0,305.577892598251,193.814770435583,220.2813663271,230.637155814024,283.330790930427,300.434906382864,283.007969549164,271.861013703219,259.163431890303,193.142824181458,219.448981866284,257.61921768024,186.053220567583,276.888449031208,270.034228932279,203.090162659653
833,833,8320,0,0,10,0,0,0,0,0,0,0,0,0,0,0,0,0,194.144996250942,271.646673316485,281.233071045145,291.985025160998,278.34890536424,247.606669843465,282.70950824545,254.910954293834,243.750780754369,241.342527528387,247.412347090493,204.292441637138,251.77718486297,222.374906781433,219.108777572025,236.70031850273
834,834,8330,0,0,10,0,0,0,0,0,0,0,0,0,0,0,0,0,278.391681580625,201.217670652297,258.692322737489,225.364761294515,250.996443002569,189.984320988925,314.407292375243,255.742541154113,255.773657403844,281.732058439741,153.39562158601,228.467529755429,171.852750576019,272.943478750573,229.417819960838,270.97800777262
835,835,8340,0,0,10,0,0,0,0,0,0,0,0,0,0,0,0,0,218.479407424896,296.158252523441,205.042228591254,250.148218613307,227.699310947298,289.457625845008,314.841926306392,310.685391262798,293.402335527678,233.339454383974,272.300734490024,280.983236108564,254.54193294128,266.127747562407,196.925098207173,198.912824675292
836,836,8350,0,0,0,0,0,0,0,0,0,0,0,0,0,0,0,0,255.183684197409,238.790100347277,299.714462531013,218.015667100652,253.742220469937,252.152816755506,312.045778486136,233.455687910011,184.616268257775,254.367772294539,194.038533014463,270.155302631038,284.071924437402,257.271259134014,253.60334694537,203.423170539575
837,837,8360,0,0,0,0,0,0,0,0,0,0,0,0,0,0,0,0,222.256260886399,267.297564008295,239.057244713,306.842300405621,249.820608236137,301.983299604827,305.595989673165,182.993493147262,261.09063537195,271.281639940729,217.288753197845,230.71687208703,269.447573065342,260.270251740581,267.526091481253,221.509785490878
838,838,8370,0,0,0,0,0,0,0,0,0,0,0,0,0,0,0,0,242.792813932737,252.358269145998,204.48270563194,269.868878189473,249.554417152653,251.585650332374,306.398135444532,266.736825837574,325.026852904463,272.139971800963,252.519650096231,290.106219114345,251.00840064932,224.116810019755,196.144118667361,258.212781848151
839,839,8380,0,0,0,0,0,0,0,0,0,0,0,0,0,0,0,0,210.451978831315,244.788668975206,308.011980548476,189.590430615184,287.059732160758,260.177603768897,316.702824208291,240.038231420807,233.646106773841,280.114057448061,246.114638083553,231.246916000858,237.116605242476,211.234608624828,194.718941275152,282.401805899235
840,840,8390,0,0,0,0,0,0,0,0,0,0,0,0,0,0,0,0,229.702801963858,237.22353645726,247.482916638061,333.493520316952,280.459677479798,283.547288558174,315.280927667528,295.905950178511,238.683455592047,236.11856644825,189.598530376773,316.186872987388,287.060079904542,250.237614925555,231.67141799041,278.460408348697
841,841,8400,0,0,10,0,0,0,0,0,0,0,0,0,0,0,0,0,207.554362858218,227.316210552193,245.69131455205,265.381471868342,225.116785881395,228.265182970367,334.336929736889,221.219354683061,307.276180342597,229.609982347272,260.767789612283,236.983512295451,226.353812838976,187.464525145396,210.096538885097,310.476180137669
842,842,8410,0,0,10,0,0,0,0,0,0,0,0,0,0,0,0,0,297.190517871573,228.71376641309,240.52660240089,269.012877776222,211.337814733919,242.834416157071,310.152480895406,228.018381093515,349.970916427873,237.302541554973,241.971630188059,282.348234849766,271.488422701505,224.047636175294,193.509076513352,270.179166765921
843,843,8420,0,0,10,0,0,0,0,0,0,0,0,0,0,0,0,0,235.669884898332,235.455100636545,236.137065564027,259.288178196284,271.53773321627,240.597813145095,309.976848157429,250.1079570699,263.430368655407,243.116444141378,241.635499015198,277.696553285384,239.000131985163,252.829246953536,245.332127075441,230.168497474469
844,844,8430,0,0,10,0,0,0,0,0,0,0,0,0,0,0,0,0,281.699620481407,252.446860986765,251.803136305212,202.318277466634,234.554239762878,190.174709289111,291.453632589622,239.839902673548,218.326362393066,260.736937762701,176.934029408279,307.251243768124,261.744489013955,274.662946507819,290.958703236356,225.961965666032
845,845,8440,0,0,10,0,0,0,0,0,0,0,0,0,0,0,0,0,246.991174228989,304.520324744797,218.812250573629,184.608926625441,301.332921740433,197.023037799256,298.902885622856,280.567494300239,273.317067923091,289.110909331887,267.275141065982,261.45616743809,199.471153780735,248.83069726539,216.080723814482,262.626689603969
846,846,8450,0,0,10,0,0,0,0,0,0,0,0,0,0,0,0,0,343.261665034505,311.141474874227,257.747060029217,295.948572305043,263.645802214824,256.188395468306,331.69464107033,246.753080632739,159.800495791033,290.069784435466,249.4148166585,271.813314114767,258.039054721012,215.314035318137,284.84798664519,226.101609132592
847,847,8460,0,0,10,0,0,0,0,0,0,0,0,0,0,0,0,0,242.476834709256,253.255347238326,223.986300782481,207.760446104216,273.888756096227,266.79581109169,336.895860935856,301.714285239828,221.915433480727,199.25486597529,248.113172476245,250.873230870062,273.106513260392,270.463022612336,214.71197368556,260.577319548237
848,848,8470,0,0,10,0,0,0,0,0,0,0,0,0,0,0,0,0,229.801709492566,264.180521473694,257.622193064188,243.816570046045,153.860415053847,207.74045179346,331.865699040921,182.727617866371,300.763519895776,280.835484587501,231.091614875895,185.038168371635,235.222636422282,150.149174643073,221.216173610054,181.475400782056
849,849,8480,0,0,10,0,0,0,0,0,0,0,0,0,0,0,0,0,202.486412645689,192.24531601831,246.133518192272,264.970558163242,264.717883706621,223.307980164529,331.902677072244,215.082629992496,175.35122738361,274.579091880314,247.861994500752,265.62204757301,248.910454034339,278.731697839088,225.713675749774,296.680120584497
850,850,8490,0,0,10,0,0,0,0,0,0,0,0,0,0,0,0,0,245.648779738136,258.598219926099,235.132065560093,250.254281095987,275.295339937266,220.202598694725,368.244950302243,344.799746577865,293.173901539619,267.891824697446,269.518650767396,198.711609498579,235.082315377026,239.362630097468,229.322687777062,236.535222788493
851,851,8500,0,0,0,0,0,0,0,0,0,0,0,0,0,0,0,0,238.439976698414,222.414837538473,278.194972493921,222.1165008327,218.724974844581,192.465118833715,360.342172057367,208.912666718182,236.809293641308,232.244793685246,271.236650159226,206.999794461871,329.951392857456,260.86359584672,248.528343087884,229.928915726729
852,852,8510,0,0,0,0,0,0,0,0,0,0,0,0,0,0,0,0,272.942015919185,300.461824158972,261.253221990221,290.769765198393,284.601130338197,246.779989901146,391.327701908182,196.453218019384,274.363539816844,233.683864551387,255.717475065057,208.200579499798,188.007394802386,289.428211365887,264.827667332365,226.10738240125
853,853,8520,0,0,0,0,0,0,0,0,0,0,0,0,0,0,0,0,282.635328104019,229.339643210688,222.258997734226,284.794812406196,211.532014151977,196.227269745111,368.522641634781,253.202862027665,219.532579732607,247.850257705142,218.314813174822,264.151057300406,250.262177272081,275.780802337306,245.937136605971,220.242725422209
854,854,8530,0,0,0,0,0,0,0,0,0,0,0,0,0,0,0,0,228.890901833688,343.141336814761,253.094065820161,192.48845001042,199.011416954657,259.426973221999,363.048657171585,245.568028477965,222.161267302198,292.674174890906,254.789354544655,227.859405768012,293.399197501049,237.291382923366,175.860039558346,234.208397461889
855,855,8540,0,0,0,0,0,0,0,0,0,0,0,0,0,0,0,0,226.055955728015,253.180736031716,220.97725901636,222.171982965861,194.467218709687,249.023631666089,355.135770171884,255.844533373158,285.85296624369,246.155959149213,272.172999867233,264.561848622707,297.479477285096,219.765821461649,237.192807601672,214.32116661235
856,856,8550,0,0,10,0,0,0,0,0,0,0,0,0,0,0,0,0,248.333156017802,240.067183057502,220.033884457492,244.161638574803,270.63162882989,213.240092736985,332.825503390628,213.228650189057,217.599851092696,251.98559028773,227.391513935826,228.305144760971,221.757382505237,276.612911429481,231.815345836443,265.010348224295
857,857,8560,0,0,10,0,0,0,0,0,0,0,0,0,0,0,0,0,257.734075516336,213.53629870516,250.660812871425,265.638129768505,203.858192657975,256.640937575427,347.571479547937,245.954720461806,226.24109644095,246.684560126791,275.193766178937,191.152421640297,266.387490594315,199.603150605472,228.588064512556,253.432582607018
858,858,8570,0,0,10,0,0,0,0,0,0,0,0,0,0,0,0,0,185.305396982137,279.816226636751,266.776734111662,234.235461264512,224.808525436773,224.065327072501,352.806766598572,277.96658407272,239.075374235506,203.268649335388,225.183538555847,300.117879575117,264.846147312946,254.847660466801,242.406900140894,259.587147063599
859,859,8580,0,0,10,0,0,0,0,0,0,0,0,0,0,0,0,0,260.789150553366,268.450676219474,228.038459135859,256.438867389213,229.199281602596,289.120029568092,332.448418757679,252.438976621604,190.071453530081,280.399334413932,178.308177651813,296.052693297801,345.989764342919,286.02969006029,253.800244069683,259.097432508428
860,860,8590,0,0,10,0,0,0,0,0,0,0,0,0,0,0,0,0,268.105751104524,265.933288948487,286.054695017921,234.961159078077,293.011554911344,260.422986249789,361.563013559263,248.416786018432,297.413198589959,305.026416190368,241.03757515107,243.867694950532,263.644575372071,297.579034694875,258.280293927502,168.891010466913
861,861,8600,0,0,10,0,0,0,0,0,0,0,0,0,0,0,0,0,268.947435299318,288.11458958458,244.12659887744,223.634806402007,290.538288350317,177.445912881534,368.618626593704,283.380718845316,268.853715833067,182.646195304096,273.727536601956,275.45943736818,284.364853234982,262.406320848537,245.964423799944,229.052401369484
862,862,8610,0,0,10,0,0,0,0,0,0,0,0,0,0,0,0,0,249.994059911537,295.003609060042,286.649275027006,233.233417113527,210.79018830163,235.691956929772,334.913108371503,223.473186474381,133.627255606842,225.169295346428,183.423935166364,277.529400345205,206.639702881045,221.755047844934,256.092301047385,241.153158377926
863,863,8620,0,0,10,0,0,0,0,0,0,0,0,0,0,0,0,0,164.627441112235,195.228944344043,184.349202267468,277.276213166208,281.538857207173,264.694241928278,360.222143206701,254.263382322101,239.602256167152,271.374437390982,249.683676527654,287.415152825228,233.29037056182,268.140399844227,324.634205444031,295.573531530104
864,864,8630,0,0,10,0,0,0,0,0,0,0,0,0,0,0,0,0,209.947799148247,244.490101638349,266.374117050609,314.912427476862,266.246487301298,330.291925075475,368.735354242098,219.496168768397,222.020624260636,253.117130275373,222.175094763562,241.790795550454,260.192268505443,250.791040360753,313.205915669209,207.454292270975
865,865,8640,0,0,10,0,0,0,0,0,0,0,0,0,0,0,0,0,234.267595338273,281.045890643271,209.904092915917,285.474370922488,215.923648819916,259.297072527067,368.44952336994,208.341154943852,289.842690611018,268.430089542128,207.902990621114,229.734001298757,234.569498371129,219.084959475112,287.365939375265,261.826867775782
866,866,8650,0,0,10,0,0,0,0,0,0,0,0,0,0,0,0,0,221.437803937309,273.728597939309,276.464774081258,237.873188129377,213.341264491726,238.478671804084,390.081344535775,266.828963587587,313.501419783984,271.26893987793,268.166669593474,254.287012235435,278.461953713357,194.626302842553,230.355910565517,166.009126227301
867,867,8660,0,0,10,0,0,0,0,0,0,0,0,0,0,0,0,0,215.479058348385,319.174982942587,296.475406562637,183.697273976337,197.920538327717,221.956130627321,401.676368119405,278.548373561372,307.278176161624,272.362989012776,361.652284476456,255.422199447439,248.933751573343,214.838435070502,194.427931514467,255.84150952389
868,868,8670,0,0,10,0,0,0,0,0,0,0,0,0,0,0,0,0,248.821719985259,279.188123147966,219.674434511879,251.977102347451,236.741703407613,228.321538039472,387.860020324327,212.352926342172,182.208093843643,266.284535505717,248.454421185729,247.992131511612,230.921263359645,236.342235380711,238.443387224958,249.252098795194
869,869,8680,0,0,10,0,0,0,0,0,0,0,0,0,0,0,0,0,191.464710262086,270.220298461358,234.059320511578,245.26512543504,251.408167154184,246.495381402649,370.349482392948,240.419146707185,242.842247587033,286.94266132159,238.160127200383,160.020278131769,263.038769905599,242.29499655066,283.044722992235,250.013751703661
870,870,8690,0,0,10,0,0,0,0,0,0,0,0,0,0,0,0,0,248.895234201606,264.203022024117,241.826776813707,240.310259159271,180.481172678169,257.455378552962,395.027885768725,249.786984523596,275.814149918236,255.200990029873,169.234661586137,295.806530545249,297.300003630507,243.402467152594,279.301725561198,285.851182689129
871,871,8700,0,0,10,0,0,0,0,0,0,0,0,0,0,0,0,0,232.899464569894,185.627380048272,248.714453579439,205.199622228116,273.916856394431,286.942527800973,375.907939178663,269.284962556703,304.252010468869,289.563825766287,228.347209912566,290.063002251948,268.356968456079,196.581756295512,276.146181745924,196.34558854872
872,872,8710,0,0,10,0,0,0,0,0,0,0,0,0,0,0,0,0,241.853378515926,255.320159635562,296.837366614169,280.721259209573,265.400176111665,182.047325266822,400.778067891683,272.48034745841,168.557296960768,215.737757462142,306.946943696249,257.450832280896,236.409662469652,269.17300790645,244.06880164558,241.76944731583
873,873,8720,0,0,10,0,0,0,0,0,0,0,0,0,0,0,0,0,257.228897698774,262.053722828102,231.089006562538,256.461629986502,251.438236700275,276.827918606972,410.261241849017,254.131352675077,261.134543934757,287.22908160775,204.642808013907,220.672355907228,253.845031888362,307.990461134543,283.146982709781,307.46731234046
874,874,8730,0,0,10,0,0,0,0,0,0,0,0,0,0,0,0,0,286.744454807792,250.254270528996,279.496485529625,227.090813526888,238.305642714685,239.014358836456,399.643291827423,184.472321304567,287.50939566499,208.558113360315,213.00874582474,295.121078843774,253.044311488052,262.623070877749,268.927935832629,267.108240160051
875,875,8740,0,0,10,0,0,0,0,0,0,0,0,0,0,0,0,0,285.46742012398,207.641319279531,210.245246093208,265.022129706662,293.679462451689,189.695012222748,408.562273659141,225.494677062333,166.963566435721,253.690923104746,280.586338859931,280.094354694837,212.488453722911,175.427134718115,287.135750172701,359.066101098658
876,876,8750,0,0,10,0,0,0,0,0,0,0,0,0,0,0,0,0,255.436618834617,262.570101073983,175.095768151366,213.02164035309,250.203901190691,196.870572720919,391.785579434672,192.055623253579,287.50667636768,227.43787889873,191.870740295655,223.947823042499,308.908218993176,198.60896944163,276.77887108475,232.609268374301
877,877,8760,0,0,10,0,0,0,0,0,0,0,0,0,0,0,0,0,183.72514958108,262.292559963411,308.821747189002,326.909796093073,243.206790908398,293.568918146733,389.359652746509,305.255516406554,279.534996227998,296.599262877786,229.355898678085,272.741496423057,232.039829522764,226.644866527154,243.052179824871,248.909015254185
878,878,8770,0,0,10,0,0,0,0,0,0,0,0,0,0,0,0,0,253.035028757167,242.42779010371,212.56361684716,234.844228979434,224.87640411132,259.862672125053,411.556957859301,269.895337925081,255.61709378574,281.904934024453,250.220688069702,217.668793532123,202.898658337013,208.483970872657,281.713251601646,208.281501540506
879,879,8780,0,0,10,0,0,0,0,0,0,0,0,0,0,0,0,0,224.113138197389,225.885901573175,258.772071860947,238.613586792069,305.20546530291,227.225021548755,409.654163323162,298.088542851633,326.231293411903,336.775706120766,281.844716341027,143.469594338776,231.091652276304,259.405385755907,284.142292711836,249.043922336327
880,880,8790,0,0,10,0,0,0,0,0,0,0,0,0,0,0,0,0,239.29413146917,276.071304983042,272.227576946454,319.468164594453,140.820277807412,272.552780305514,386.450418200695,315.230007349136,264.526208507724,251.616772997294,218.473415162902,271.256873842555,215.241158715281,295.376356486355,223.897033670879,276.469358337801
881,881,8800,0,0,10,0,0,0,0,0,0,0,0,0,0,0,0,0,268.231023490046,246.615765791792,272.248851104537,236.780205486543,214.997851323543,264.767773902585,435.796618506007,252.486822685216,293.023342935689,272.519363250603,219.311644365001,238.571491409853,240.027989595255,281.928911176727,253.303984084729,274.131837249735
882,882,8810,0,0,10,0,0,0,0,0,0,0,0,0,0,0,0,0,265.580083794494,233.688383904115,233.93943833041,232.63379533228,230.394865640487,198.370672253362,427.00202731306,243.132961504936,247.262746091988,218.686919469143,256.096819930454,200.783285007352,241.203521693196,245.993941273284,287.247191438556,225.73704835051
883,883,8820,0,0,10,0,0,0,0,0,0,0,0,0,0,0,0,0,259.185702816174,272.019017020433,310.810427620215,194.02559302808,308.87282836931,217.672016762172,397.475966811003,264.028036638703,233.626141672857,310.387679999985,246.423428839216,281.206683011088,234.425349361349,283.045140444173,223.57116025108,231.828628569678
884,884,8830,0,0,10,0,0,0,0,0,0,0,0,0,0,0,0,0,267.983979662248,221.969703365255,211.337014750957,265.415734681469,244.871265767129,211.338704551071,417.945598336808,193.850508992653,193.694635631356,208.275698752539,241.312359708535,290.780689166579,360.692235070155,268.173098797373,228.507875964624,232.249404777627
885,885,8840,0,0,10,0,0,0,0,0,0,0,0,0,0,0,0,0,229.2692682621,273.828958043745,226.876139697334,268.261801651362,203.5364822089,277.847064975197,410.943796867007,193.508359770985,309.591057007188,240.478097582496,217.668340320698,271.133724516669,228.267672872114,241.60992976652,236.663984264413,247.731982211222
886,886,8850,0,0,0,0,0,0,0,0,0,0,0,0,0,0,0,0,217.99125955005,295.759358601887,330.544912645448,307.246300907122,339.768849397633,352.791463665605,416.810890986812,244.463919427163,271.471690825311,251.880657647287,190.637478594953,263.713876817945,304.145833346818,304.904957306843,331.722162266272,253.632610616018
887,887,8860,0,0,0,0,0,0,0,0,0,0,0,0,0,0,0,0,266.440519969329,253.288860556241,221.256539185068,199.238267088151,235.101378247472,260.669489048173,415.067037462172,218.968916823823,246.562041224275,230.310521841666,296.220287635058,198.819764935432,224.238529359699,290.349543271927,265.347787847957,259.317585823622
888,888,8870,0,0,0,0,0,0,0,0,0,0,0,0,0,0,0,0,225.29592639453,305.171100849435,263.233147979643,236.679838468271,278.208385944699,236.153584412974,390.484605993184,276.911471290653,183.549866611004,234.363803586636,218.042730092133,219.291760248703,206.187339729092,261.134458838583,221.274579539437,222.814985957454
889,889,8880,0,0,0,0,0,0,0,0,0,0,0,0,0,0,0,0,249.724462577666,294.630080216134,227.351411881457,204.103994970722,263.520586533378,256.716673433932,394.694338151256,225.872665809639,304.322983378566,249.184946328728,211.088152567847,303.086010655688,243.16982066273,267.661138479028,185.446055520944,300.711852690352
890,890,8890,0,0,0,0,0,0,0,0,0,0,0,0,0,0,0,0,242.42066614385,291.695161931591,301.612396934627,267.821182214358,188.185079632913,262.869606299922,398.138142544555,198.594866269965,268.29406135501,242.952976361818,240.733540461274,262.167124659155,234.680246764378,289.280067986648,246.182728788434,194.88240825624
891,891,8900,0,0,0,0,0,0,0,0,0,0,0,0,0,0,0,0,281.582014691115,202.287909512757,211.304194781986,262.177885739947,222.697164965018,225.917017641458,388.975540984702,262.317566528497,249.123903224408,253.371126691026,286.43394858668,262.216094027496,291.468020393393,244.590627217592,261.460221789727,308.60211820408
892,892,8910,0,0,0,0,0,0,0,0,0,0,0,0,0,0,0,0,194.594711403313,245.287643798355,340.599629173877,285.217907657293,265.842359504638,229.908765451997,368.572114440702,188.381747304054,234.382807421935,212.892944264145,234.545397890689,273.703909881832,249.840696201201,233.704494538309,271.824243308991,288.054851113969
893,893,8920,0,0,0,0,0,0,0,0,0,0,0,0,0,0,0,0,229.126569844075,277.035614019601,285.473093337509,281.079555363441,173.31721600404,231.398756575318,374.627771824004,276.307124182855,208.020314351422,243.38006896388,236.449540102687,259.679549963952,226.633085944889,139.983053437814,318.928977108193,261.335829381125
894,894,8930,0,0,0,0,0,0,0,0,0,0,0,0,0,0,0,0,252.939299622128,253.191706136133,229.328413583908,217.757393743251,312.940100682928,296.02380571806,345.628831907426,182.102917344336,206.633435632536,210.089553556952,279.771994773082,264.943455725659,211.416226445258,282.362419084057,197.470655271389,228.061470601091
895,895,8940,0,0,0,0,0,0,0,0,0,0,0,0,0,0,0,0,270.83405002529,191.692669685387,285.311025418976,243.055119596208,191.595091220886,233.577046232806,319.991978633223,238.102716910915,203.156873366656,288.412802335387,278.046407289364,309.99602877573,197.004362998973,214.674237525375,306.318162754618,224.741737242127
896,896,8950,0,0,10,0,0,0,0,0,0,0,0,0,0,0,0,0,227.567342876667,270.525355045881,256.636031483753,280.493786467029,265.736745442549,245.769760580478,350.324541055495,292.944423510854,226.992321065182,222.120289646064,250.951496538298,329.430557007325,256.322890898869,214.086642925552,230.972249807203,245.271014887519
897,897,8960,0,0,10,0,0,0,0,0,0,0,0,0,0,0,0,0,205.461250311032,250.121739207929,226.818155059444,233.959825298753,222.720297367015,292.282123418688,334.370059673873,261.077682835002,260.762575789351,253.09010158948,204.025602159378,297.682838160941,270.298957431691,293.27375415894,245.782030473987,222.807803630882
898,898,8970,0,0,10,0,0,0,0,0,0,0,0,0,0,0,0,0,321.736939266601,247.423017703808,242.474406127586,195.625647224539,256.152874612254,193.522298089719,319.613222706154,244.017997086243,207.55451067547,239.973273090555,244.463859547792,171.895447077275,220.675947860271,290.348231613036,278.494685113644,218.445399124317
899,899,8980,0,0,10,0,0,0,0,0,0,0,0,0,0,0,0,0,182.581614159888,233.883509034489,251.548195298363,182.923822679204,246.756120396943,234.931802997504,312.793525879491,211.61514387846,281.52781541431,278.779801371884,222.005723188699,217.025358522639,250.363755527537,268.20656577972,257.412695058493,299.42200918004
900,900,8990,0,0,10,0,0,0,0,0,0,0,0,0,0,0,0,0,242.874267369975,258.447933118872,294.582498866268,162.391231963777,223.111441787395,310.144335797986,323.48134392545,218.216162150908,217.365958777104,231.844153331631,209.608422016879,273.574926592514,256.516971329355,230.952837437228,221.837028476825,216.171640356295
901,901,9000,0,0,0,0,0,0,0,0,0,0,0,0,0,0,0,0,202.9586161298,238.809819372818,276.535294139875,275.823425924296,220.588206865,335.03298946932,328.330463123447,279.363475808719,257.563610942384,173.946626459764,241.443483583526,269.944591747209,276.309107421051,290.752400403273,211.338061874601,259.882627771381
902,902,9010,0,0,0,0,0,0,0,0,0,0,0,0,0,0,0,0,263.852036808785,256.786678719267,291.663594382642,250.317714264862,254.483754123762,319.042043530023,362.040773127508,281.100989039327,255.651571426383,196.12057482773,271.090001510153,244.867746224365,213.996536244879,281.353663548922,262.530606440292,269.35743833655
903,903,9020,0,0,0,0,0,0,0,0,0,0,0,0,0,0,0,0,292.656254596825,223.161633072783,296.685678275495,290.190751944282,283.227796518134,270.662270572187,362.586835809422,199.443826950025,250.603331410919,269.923182842309,215.241278372373,243.520581041524,296.11010709804,312.78898688901,288.100720881962,228.118239325793
904,904,9030,0,0,0,0,0,0,0,0,0,0,0,0,0,0,0,0,143.179520062714,220.864710909201,276.411808490455,283.442006992388,260.585251769064,238.373856582341,317.624018820653,313.463618831571,238.115859511813,286.234941604149,301.780490705179,275.077154710244,263.084655517875,303.550008945332,297.938582737336,225.525127767824
905,905,9040,0,0,0,0,0,0,0,0,0,0,0,0,0,0,0,0,225.009940877716,274.21334871248,128.46629534958,295.058178325702,286.264791106809,270.6431684828,345.595538612901,336.212273487474,193.297473279873,201.977912313363,277.125191916346,192.313493446783,193.611951014465,267.656330894174,227.154853152947,242.136647835805
906,906,9050,0,0,0,0,0,0,0,0,0,0,0,0,0,0,0,0,213.006816146272,198.151437923243,218.096570707371,219.736583025026,184.608320056442,251.384186361659,336.404212766395,263.090364923075,245.075363989953,234.780761895079,253.869038947337,257.8531039697,301.867264883283,292.095313739725,289.462731948322,271.833952972948
907,907,9060,0,0,0,0,0,0,0,0,0,0,0,0,0,0,0,0,216.524920161432,242.933172654673,239.866136351259,220.387910744184,232.300693261396,254.66808910965,350.077461036701,179.649873612226,245.039426027047,255.563578854092,306.320360625009,212.617947065515,266.027389872664,211.715411883574,191.267827727916,258.934933514437
908,908,9070,0,0,0,0,0,0,0,0,0,0,0,0,0,0,0,0,273.561346710057,310.892863312411,294.516945915667,250.574914902182,173.411865430559,227.196052989086,322.521406636122,266.960030397276,223.481943582531,214.502491158255,294.075794417041,283.984974749897,239.630482896346,186.269981977864,227.78677880515,183.370895499805
909,909,9080,0,0,0,0,0,0,0,0,0,0,0,0,0,0,0,0,295.32906055308,295.805711174925,246.877506816615,253.084623193229,266.233770011088,268.115190406565,314.108108682078,253.178537985072,259.564659822064,281.886861042506,246.705877296912,225.081719873933,248.062993594327,191.413393345721,251.54263784476,226.247218419389
910,910,9090,0,0,0,0,0,0,0,0,0,0,0,0,0,0,0,0,237.893168061444,250.467339588874,145.830774140549,260.794689767643,250.9485884161,194.975651463927,319.203777182796,235.940783091704,230.862327695205,253.97541100857,267.95378297643,292.102826436573,271.871974017568,313.883688102747,283.118978154606,263.033343485772
911,911,9100,0,0,10,0,0,0,0,0,0,0,0,0,0,0,0,0,239.723335899256,223.449677059905,272.674223189378,255.050923979297,214.845097666245,240.07555572054,291.843113649419,262.348206346803,276.84830076251,207.981740148352,288.609617351372,229.194176136887,255.808969748984,316.242163280283,259.312983568826,199.994565260268
912,912,9110,0,0,10,0,0,0,0,0,0,0,0,0,0,0,0,0,294.85946664317,286.512485186811,178.862440236203,347.519019250297,261.304688698118,303.51934337621,301.903105119043,274.108472573842,249.004156844672,270.967909686585,262.96909141964,215.056201903838,296.621391605968,159.661160413744,254.048941448513,299.724519621461
913,913,9120,0,0,10,0,0,0,0,0,0,0,0,0,0,0,0,0,175.92252369342,241.441582963949,254.078704720576,311.997939699847,292.459271241718,279.156361194459,309.975233929541,228.666253918424,275.753257996457,296.767777869659,213.462801300645,267.989469204941,170.536637521888,229.183088391036,253.9275713086,239.274902995605
914,914,9130,0,0,10,0,0,0,0,0,0,0,0,0,0,0,0,0,243.208683589629,248.00589290941,283.245481347286,239.763442349976,279.07993891334,215.054581105359,307.978993587775,291.245441269507,168.715902764998,332.533009090371,228.078151007385,242.219305360698,285.959193194436,301.449629269751,308.941670354639,336.257952259458
915,915,9140,0,0,10,0,0,0,0,0,0,0,0,0,0,0,0,0,204.209261857952,291.320172232078,192.962724013343,191.344111158944,250.652519740849,249.628360215212,288.327742303688,257.675744268455,249.110747417293,190.974644604233,313.29483154338,268.196529394708,215.993561524728,234.635115738912,258.785370544452,263.723934693466
916,916,9150,0,0,10,0,0,0,0,0,0,0,0,0,0,0,0,0,275.984096227465,285.132807413729,204.466233548436,224.57286854279,275.856526708314,234.999869191461,321.01606951485,289.118182019451,200.085445924541,275.352622495654,315.308360656666,186.437158871047,262.390043112102,198.301731186211,251.606294444351,242.462173200852
917,917,9160,0,0,10,0,0,0,0,0,0,0,0,0,0,0,0,0,197.509325889167,251.201576515057,182.907225220942,240.250422646961,242.481428828371,274.32353634878,328.342618270503,219.449924244473,286.020791182129,184.425464732425,177.322085752129,241.21505546752,238.827462078969,256.682276139802,249.813525877036,319.52899886085
918,918,9170,0,0,10,0,0,0,0,0,0,0,0,0,0,0,0,0,282.83589725321,264.924006469252,275.998819407937,221.192570216735,243.032495439128,227.172560824438,326.699203940665,202.327257919815,283.445869711611,179.311353042699,235.132089833321,236.229375560201,257.309560997465,238.123940926727,210.106309012077,220.064249803856
919,919,9180,0,0,10,0,0,0,0,0,0,0,0,0,0,0,0,0,225.201282570385,179.334402531772,217.220987275686,221.245799740242,250.492370552063,282.957829990083,357.183194722263,240.028301531097,285.569598267307,243.16450730418,211.298620888123,238.981983359808,254.853119475155,226.512544416557,232.443696128542,319.265011615511
920,920,9190,0,0,10,0,0,0,0,0,0,0,0,0,0,0,0,0,211.090250256499,195.482601264249,257.587896893276,189.370015175578,268.291837864939,274.989274764575,358.485162213095,258.366502808698,243.401511839526,272.867951598534,252.683633751978,261.381962841923,183.176136591747,243.142197556234,263.05902151392,350.270240862956
921,921,9200,0,0,0,0,0,0,0,0,0,0,0,0,0,0,0,0,297.762023592316,134.66165336526,222.026447411173,332.416542417099,300.409906088733,247.808968656161,359.583928790477,177.068045653794,254.276473857333,227.307200627474,248.954912441725,241.911220234863,204.719193476792,225.226260847001,250.916068843767,260.890424800484
922,922,9210,0,0,0,0,0,0,0,0,0,0,0,0,0,0,0,0,259.13710281104,264.5798032478,222.922262158138,254.834095058405,229.198222344185,312.291682743551,353.991289068555,280.007388327303,269.328682923553,293.767897587718,300.49518140194,296.253768481279,225.114253041898,214.087614503691,341.433027073968,262.356444929846
923,923,9220,0,0,0,0,0,0,0,0,0,0,0,0,0,0,0,0,279.760518456935,273.713523992417,272.528225939608,212.347906361324,189.768746309313,263.120140064992,361.838187625373,239.443160313149,255.797929341869,192.878160537254,259.477075887483,243.655289848569,305.897375718865,220.491299419428,269.600676569269,234.937514094806
924,924,9230,0,0,0,0,0,0,0,0,0,0,0,0,0,0,0,0,198.147703604483,267.7797001662,216.983215970982,258.035844530105,252.64966053106,239.993465885263,344.2060356784,278.52688949208,273.421028376496,278.580413302827,276.865993864284,273.730877452876,245.205064909437,261.609646644799,244.828592753035,238.475150064084
925,925,9240,0,0,0,0,0,0,0,0,0,0,0,0,0,0,0,0,255.254991363919,282.889044998707,277.660234796599,247.23529094142,237.682912070951,275.183627627137,340.559237928485,290.907984404867,288.476788585892,195.859294249451,224.619503000222,242.153032240058,222.141253302347,311.148055276569,247.681568736083,258.875043604766
926,926,9250,0,0,10,0,0,0,0,0,0,0,0,0,0,0,0,0,282.774418076072,224.936769499193,232.835128412607,223.912428060309,255.925763287354,222.767487345252,337.274156826922,256.33310012691,262.097464819322,300.580098304429,274.85096325662,207.721514976612,272.637850962934,238.416676168492,244.377392346538,255.811269899204
927,927,9260,0,0,10,0,0,0,0,0,0,0,0,0,0,0,0,0,285.015452446427,217.640731057166,213.437022067309,229.137660328801,276.941606162218,198.439726535924,339.823331144331,196.404348030755,248.689958375161,277.209654959589,291.15119116585,231.4610168024,252.868984565275,264.608348524821,331.645598188424,278.512361854947
928,928,9270,0,0,10,0,0,0,0,0,0,0,0,0,0,0,0,0,252.130070869536,243.773520528686,230.464581978564,259.697152286107,211.346981832507,267.121149676268,337.440143037977,212.202168449769,271.454592811099,303.557763565064,255.952314232214,213.567231481173,267.651952906537,253.942199485748,238.672158293641,253.132166218625
929,929,9280,0,0,10,0,0,0,0,0,0,0,0,0,0,0,0,0,210.835272290621,252.357628889524,256.014409765688,263.784220129853,144.129388274542,252.376706342266,348.629890045886,277.923269224168,248.454111125934,250.016371634474,249.490357870421,251.045494502389,274.690760809634,211.890686095158,231.750395533502,236.643609290565
930,930,9290,0,0,10,0,0,0,0,0,0,0,0,0,0,0,0,0,276.889261526118,221.841998245399,206.640388823792,261.015703702041,317.009459738328,240.55062053233,341.401947458239,193.438028589709,210.89365637743,239.544100859904,289.579142410866,245.187106744373,239.737926836082,264.537131203789,279.201286527682,288.037619036456
931,931,9300,0,0,0,0,0,0,0,0,0,0,0,0,0,0,0,0,325.142367864408,220.742685928838,227.297124835768,261.863914978409,268.617958463552,273.533060292186,338.118593769389,215.821756229894,294.050261196155,332.674651163255,299.14145002678,303.508317429808,177.309728462132,178.143448512242,242.94060500339,221.642480673032
932,932,9310,0,0,0,0,0,0,0,0,0,0,0,0,0,0,0,0,194.522922271316,301.72473793079,168.222414663667,285.598390475202,242.788087115926,305.877314003399,341.1391305825,246.255357510722,231.510380247425,254.431266667713,268.533753134654,217.466355615166,235.516707555485,290.688256148815,250.872864302372,252.328715800468
933,933,9320,0,0,0,0,0,0,0,0,0,0,0,0,0,0,0,0,278.529406701879,230.432557017143,268.81105925243,279.034843025786,232.30133824328,302.641687496259,357.433435177716,264.936616374791,233.666710374272,206.679079587094,257.341469739244,238.60787704962,346.102861809863,220.548645069396,261.636917771944,221.433069146263
934,934,9330,0,0,0,0,0,0,0,0,0,0,0,0,0,0,0,0,253.717071095514,271.829717908757,227.964283348238,214.751743035024,299.831938930704,250.838042118409,337.573829331267,277.557585207965,255.581834188195,258.367302237794,316.785083866162,221.615714552595,245.325831196172,242.475940036146,295.109495065246,154.931440972466
935,935,9340,0,0,0,0,0,0,0,0,0,0,0,0,0,0,0,0,280.216685378621,206.421359004943,217.578969480285,232.742000723288,246.191024726097,224.828793614322,329.291072830285,220.524215317236,306.881916722452,267.072737819119,289.872216471204,239.147331418261,264.803063126647,251.767704046523,284.840070753968,185.131765307852
936,936,9350,0,0,10,0,0,0,0,0,0,0,0,0,0,0,0,0,284.48704855034,263.881237576374,226.325838155147,206.874221803623,234.454437744968,251.936970476835,338.343991527758,234.825757005949,214.871219753074,214.816501943488,236.543380625652,252.597476192726,307.835658394423,208.202792809147,289.568775118315,257.117448396832
937,937,9360,0,0,10,0,0,0,0,0,0,0,0,0,0,0,0,0,305.207155731397,226.332806268882,279.678024463765,234.864159649049,164.811041101533,212.656881713777,337.297146176758,286.541809032357,238.124905261979,262.015458590319,217.165618273223,248.143728109908,248.037596955922,230.834113164159,230.374924898255,163.473620070368
938,938,9370,0,0,10,0,0,0,0,0,0,0,0,0,0,0,0,0,286.349322304836,221.893486586303,214.011281439519,245.186016201484,234.229283798795,209.307373511258,348.932092286864,200.070486114459,252.333495852396,345.804738904225,210.366641906449,220.523446304027,313.591797801048,251.615029360648,269.878789939263,254.14963521469
939,939,9380,0,0,10,0,0,0,0,0,0,0,0,0,0,0,0,0,261.97349005248,289.205201437686,250.765201766887,283.493812998187,226.661090159095,285.232517588307,355.789614122651,185.372796720376,261.10293120987,261.67772437036,269.051849448911,288.675352889665,319.835133689634,190.121613668418,251.970893123684,285.144660059162
940,940,9390,0,0,10,0,0,0,0,0,0,0,0,0,0,0,0,0,243.184306165837,266.739656526782,228.973413992323,242.287743986602,254.310931763759,229.109460985135,344.646678928727,169.971764750935,287.785478891009,208.425948941544,242.359813883005,277.73379835032,300.59234925999,226.538142524019,264.540109000834,260.069673368919
941,941,9400,0,0,0,0,0,0,0,0,0,0,0,0,0,0,0,0,301.119413058264,258.603399800867,221.231000988298,298.222696986148,283.640064956897,254.512781394204,355.787650790104,237.222224179395,224.413479404152,238.701249817679,305.356192538945,296.027173669034,256.654076588083,252.609790669464,271.772782388418,241.6376669103
942,942,9410,0,0,0,0,0,0,0,0,0,0,0,0,0,0,0,0,216.780532427341,219.685361817421,329.351762685794,261.06837000292,217.348370471633,253.52164993793,348.999217212733,217.627025764726,214.921368030596,201.742336841206,298.972765542736,322.699015930196,271.767104691354,224.524502833201,277.631448666779,232.365133791967
943,943,9420,0,0,0,0,0,0,0,0,0,0,0,0,0,0,0,0,255.277904935802,222.674248391647,238.064874659406,219.267926443129,270.729320304214,253.383524616033,344.036899242992,280.802737373542,281.759750438152,298.713117863873,246.697843838822,270.749927569456,240.904723839733,274.281623294113,254.315925131063,239.255477834005
944,944,9430,0,0,0,0,0,0,0,0,0,0,0,0,0,0,0,0,241.610026220943,218.184263576614,220.652731580158,278.529843420032,243.209830274793,254.323806390551,347.858419688488,305.102260909648,243.579717122914,260.364975291978,217.939786263882,235.724214292983,216.43118466298,244.713687121448,195.118945250973,399.261525897235
945,945,9440,0,0,0,0,0,0,0,0,0,0,0,0,0,0,0,0,231.432954287312,236.118563417724,264.165233826556,272.678266486111,200.309934840286,232.770724725146,326.203962166817,234.730384588883,270.910918194634,220.577769952892,215.837191930383,266.383207063559,284.976239106049,248.217666772379,272.149056343596,308.703037808603
946,946,9450,0,0,0,0,0,0,0,0,0,0,0,0,0,0,0,0,187.232931273922,226.203303726682,242.239508111429,180.404393785481,287.896411765012,294.593045186514,347.168633107748,216.574228017045,185.09719558048,297.799675913926,200.597211450628,275.232724928353,258.461585741056,300.191983776554,236.697526763567,223.541566154462
947,947,9460,0,0,0,0,0,0,0,0,0,0,0,0,0,0,0,0,249.30120940915,238.896275247815,265.096183305974,291.612454321344,243.605431990849,246.376418768567,325.413332105291,182.272354941256,255.912002656061,240.384124151277,179.686432867852,212.374834281953,254.557601193428,270.311615252777,285.346418976175,238.515825569632
948,948,9470,0,0,0,0,0,0,0,0,0,0,0,0,0,0,0,0,231.813903605027,247.27461398136,245.676422399966,324.442054855017,287.561556745689,310.800646866692,326.869045573932,215.746273646897,185.113908660235,242.748740039582,202.680062805429,210.319651684938,241.157889811123,271.90960618145,240.416015348655,257.205186880832
949,949,9480,0,0,0,0,0,0,0,0,0,0,0,0,0,0,0,0,211.158618025973,219.09192109217,227.975278773845,241.050564914812,270.198666466663,217.787194304404,308.537399663577,296.20082079359,255.783756940548,269.292917748615,215.807652581882,315.601531825313,359.821877578125,232.359913340753,280.466667942857,249.016483278903
950,950,9490,0,0,0,0,0,0,0,0,0,0,0,0,0,0,0,0,259.270521658737,296.367744135809,221.154851699793,279.473241792283,304.383815789165,297.300327340961,309.65157872664,195.643781639064,226.929484514431,225.600086554199,253.187356041779,307.874213767574,252.889429122739,219.82438556028,204.291680559043,259.838793563095
951,951,9500,0,0,10,0,0,0,0,0,0,0,0,0,0,0,0,0,239.683987750904,206.422289510418,239.652104574498,229.809265226675,247.999859780263,277.705199983624,319.164986762492,245.448533386144,285.649049109026,269.333655679343,291.452728028502,195.600383201147,269.706267072951,205.92816159759,247.533498362103,253.783041550782
952,952,9510,0,0,10,0,0,0,0,0,0,0,0,0,0,0,0,0,206.596356686445,209.603447015678,305.585983492188,313.736653327137,219.359034019863,290.513065803773,309.998946294969,208.481596239351,212.379187238676,240.314870435824,281.843588690092,227.634317359687,164.072486700034,223.914114256266,238.99654673128,300.075743411741
953,953,9520,0,0,10,0,0,0,0,0,0,0,0,0,0,0,0,0,252.875213983485,207.947353520615,297.569178558592,280.449638256973,238.544470529702,221.65046294822,288.611100013151,197.369302178329,303.472097216634,218.865572620656,290.585749583791,279.013048530309,238.919195505908,276.394573802328,283.094417507942,228.100967079179
954,954,9530,0,0,10,0,0,0,0,0,0,0,0,0,0,0,0,0,219.227811031684,268.528494214473,295.833275774187,228.752299036625,240.617206386235,291.040957911375,289.067593364346,208.529733892551,247.031822260685,271.573136242203,256.029677324341,210.748514271041,222.874270498073,283.332233471379,261.49564581417,234.373904011867
955,955,9540,0,0,10,0,0,0,0,0,0,0,0,0,0,0,0,0,199.852764031617,254.857649594699,210.358459776103,238.856117473151,279.132972186534,285.508933869362,304.961397282287,231.207413793881,261.73602960936,304.146257831695,226.116522528276,310.679066837033,259.369571862117,284.879086199374,234.280399078052,295.441713436005
956,956,9550,0,0,10,0,0,0,0,0,0,0,0,0,0,0,0,0,145.52049919885,181.676800569403,236.09933126625,224.480277281293,238.928363195505,195.549876550691,329.702118625295,188.026866128735,249.143187741427,269.806362696299,214.859216988516,252.152779496375,294.194515148377,280.439011365126,282.818501036216,302.940631198702
957,957,9560,0,0,10,0,0,0,0,0,0,0,0,0,0,0,0,0,271.103385428193,239.377916706644,233.654259717586,247.399371018561,263.892315687954,261.319673552842,320.579568873377,262.534933292037,200.358789501802,251.242944216055,244.98564546764,216.879867770862,291.145385273267,277.232395524483,243.911801515491,282.082009180717
958,958,9570,0,0,10,0,0,0,0,0,0,0,0,0,0,0,0,0,237.552047305256,269.817637718144,272.669020900413,200.850901380873,193.115958794923,264.246696934367,334.7546253615,273.472474867231,262.468782541244,274.940067555064,299.523251124261,291.951430742556,199.552102281431,258.164884789297,272.705817722734,236.253338648703
959,959,9580,0,0,10,0,0,0,0,0,0,0,0,0,0,0,0,0,270.348478389105,252.640562322837,209.676219520264,268.456368434236,259.422058689945,268.012448576131,334.120978279151,226.869975929825,301.527004306283,279.491095730456,273.200768901627,270.045459145349,205.717132180223,301.741462739454,288.319731129272,242.507264175081
960,960,9590,0,0,10,0,0,0,0,0,0,0,0,0,0,0,0,0,275.647616087847,187.765146354819,217.175784413583,337.919744040214,220.076555032247,248.059109110233,354.015182184,198.460309262164,254.518301847863,214.760746293381,305.305112834165,311.822947455044,227.756329855499,260.651547527166,225.907536801398,203.285270747718
961,961,9600,0,0,0,0,0,0,0,0,0,0,0,0,0,0,0,0,264.080039005848,251.427698789078,230.663203206272,313.28620624704,165.190057595532,272.66442621517,351.744527512049,254.066289165877,207.798146403167,229.305578501334,233.518283223011,251.222177950648,267.546435551962,288.826443685427,279.578520166396,268.127962240671
962,962,9610,0,0,0,0,0,0,0,0,0,0,0,0,0,0,0,0,279.614970888684,257.53684246469,228.660625595826,306.339791271352,292.426850227901,222.939305919831,368.94934075056,216.643238913852,241.547363306843,250.602056420209,199.12018459203,302.250514660725,306.30436369469,228.093433017364,223.563527206181,238.94914927893
963,963,9620,0,0,0,0,0,0,0,0,0,0,0,0,0,0,0,0,311.018285610899,287.445631888828,203.191805420176,218.472534597361,264.944310786933,309.804855298348,352.854007825928,221.862909385799,271.936871669757,189.179815947153,281.160950711347,224.212947996515,217.243695855343,187.522243640977,247.98966617273,227.495017655405
964,964,9630,0,0,0,0,0,0,0,0,0,0,0,0,0,0,0,0,295.69356116192,207.366678685689,275.687965131509,188.830270931121,223.751243127243,257.04529113191,351.181961054985,229.506478833682,181.549525094577,243.353272013184,261.183716821476,280.31468472379,309.593979107583,233.508255918076,185.843175285703,236.772257939863
965,965,9640,0,0,0,0,0,0,0,0,0,0,0,0,0,0,0,0,276.070260828022,301.596345850124,316.240076360761,265.984926264145,190.154304049792,224.181395838471,374.922751183574,243.008121926301,273.415678851019,211.73846376129,232.32174625144,241.156588396178,264.880221765952,339.370926624981,162.499553620988,220.777882492678
966,966,9650,0,0,0,0,0,0,0,0,0,0,0,0,0,0,0,0,280.663980832867,277.065651657109,293.655445189072,292.515361864874,274.933994413904,205.94252271326,337.841150166042,245.826511151405,261.359161709501,218.133348724772,227.370853491839,235.161407497254,269.080331217223,230.371409458697,258.832491893717,288.170193554615
967,967,9660,0,0,0,0,0,0,0,0,0,0,0,0,0,0,0,0,252.38498554164,305.139339557721,251.048281226766,251.011928220418,330.100762597602,217.034871954122,327.370249781788,248.627158461337,265.019376026864,276.885533316839,157.350117322277,235.812552206998,232.562726810178,274.795106586085,235.836067778134,297.757751180958
968,968,9670,0,0,0,0,0,0,0,0,0,0,0,0,0,0,0,0,268.957013009182,222.35397408913,299.190814206189,250.068829125616,258.628264224133,217.081381219695,326.601290725535,229.117205385974,268.220525395536,242.082891360055,263.63823587925,280.874657447093,243.620194000407,282.265536124606,203.185492006765,239.502536374304
969,969,9680,0,0,0,0,0,0,0,0,0,0,0,0,0,0,0,0,266.104479648764,271.188530663317,228.146374625234,253.851246784564,203.928638964929,281.322405313775,320.656491564596,197.801397369193,313.057430032279,252.453096723383,309.024306296194,190.565597093839,256.099746260073,239.210855313517,229.143774033867,245.571221009956
970,970,9690,0,0,0,0,0,0,0,0,0,0,0,0,0,0,0,0,247.675240448235,269.697979808287,263.991637486338,250.051637185618,198.578076248146,288.206269709439,320.14070378436,263.424438571286,199.334855915561,254.240518801293,179.210927006179,243.032813082104,248.2023967055,177.430383213571,232.182876900825,229.651743807374
971,971,9700,0,0,10,0,0,0,0,0,0,0,0,0,0,0,0,0,272.357366951563,258.42564454749,215.534203814248,261.80982595178,296.318648327719,220.069403498995,308.838618739883,295.991753651243,225.574818612472,203.378998012695,282.44501126388,279.028434852948,223.002054986857,253.934770025069,187.988642343573,182.272087630268
972,972,9710,0,0,10,0,0,0,0,0,0,0,0,0,0,0,0,0,253.647099542147,233.84786177522,215.543005224153,226.134641771809,303.508593173409,314.919128149795,307.286582750095,232.196020367504,281.071901832893,220.210991221186,312.978871060281,267.050676042728,241.987053941594,277.883499507504,265.432240348696,299.994997283264
973,973,9720,0,0,10,0,0,0,0,0,0,0,0,0,0,0,0,0,250.506150722845,216.092696073165,251.864296064467,241.139824379113,229.600389210003,210.045068217681,305.201323175441,293.817564279709,245.707267013814,236.810287112505,301.666761912844,246.554613069319,287.188108214185,282.50622024097,291.024170891381,200.097298118212
974,974,9730,0,0,10,0,0,0,0,0,0,0,0,0,0,0,0,0,206.449147353505,286.354098242551,299.364008686389,289.810163860917,295.80123308478,301.289255317535,311.020719129232,261.769505849888,329.681835723849,239.682257627493,255.955736619813,281.258796470962,265.492406909398,194.763850655864,231.984064690578,257.81651585266
975,975,9740,0,0,10,0,0,0,0,0,0,0,0,0,0,0,0,0,251.849570333841,272.429604392276,326.722062427507,286.059033828872,243.078240402356,264.916944551206,319.882053865267,263.145844014835,279.900055872515,287.797572592623,311.479307613307,279.73139101469,232.708761346821,255.376651888826,246.756583820562,289.655812232625
976,976,9750,0,0,10,0,0,0,0,0,0,0,0,0,0,0,0,0,284.482799722987,254.641343919363,207.982811223418,230.341508944966,201.156611324225,208.236365704173,346.866502898832,305.657055698908,302.645020912385,233.931913470872,228.263727658408,215.857070827353,308.099946517079,264.346514719278,255.530751926267,324.485700350043
977,977,9760,0,0,10,0,0,0,0,0,0,0,0,0,0,0,0,0,290.377054265595,221.686306917878,249.737907787429,263.556972994603,290.8872369923,274.072233129223,325.509747758151,251.659440756292,163.810538290125,193.333158688169,306.163662912778,237.986322606769,236.517630466857,245.425581484346,276.792645460392,253.347006966372
978,978,9770,0,0,10,0,0,0,0,0,0,0,0,0,0,0,0,0,255.425265722631,235.909707579938,246.555882245592,268.301020619884,295.489687343221,275.739559518149,333.324330653682,225.226555639296,286.931454060276,238.835411823204,212.838605492899,213.887844018172,248.669219965693,193.884709358569,259.749442478577,249.713323251199
979,979,9780,0,0,10,0,0,0,0,0,0,0,0,0,0,0,0,0,225.228898710886,274.969607718995,198.496551467923,217.733503797689,261.881229723915,290.588854486868,351.897617418079,238.54519848551,173.816234997881,227.665109796252,205.558065493487,281.718233793926,273.448503194436,202.099515495069,166.218233785895,206.813182008757
980,980,9790,0,0,10,0,0,0,0,0,0,0,0,0,0,0,0,0,268.537583047234,234.321238197603,273.300318998942,229.402843295492,211.42910167734,242.640571438532,372.202674225939,299.62484125615,202.42031838717,236.482327832597,267.752982460529,206.110287935831,185.466523604032,218.040830137189,223.069139993271,282.376917308158
981,981,9800,0,0,0,0,0,0,0,0,0,0,0,0,0,0,0,0,191.434113330882,246.381497495876,257.137278327552,254.713952735464,279.109370712297,289.615216774644,343.312544699886,259.430448782446,277.641748239188,180.265141438573,234.604240855207,210.832895489115,263.695765042861,254.883351281357,238.73402129206,194.109138375884
982,982,9810,0,0,0,0,0,0,0,0,0,0,0,0,0,0,0,0,253.851540138889,258.856126463121,255.043731425844,245.819526098752,203.649844877819,274.61769846217,369.84516686901,253.032735277383,310.184183251417,215.787401648204,286.195512740208,236.180623961393,331.252442358731,227.158220715299,191.98250440945,263.922045923927
983,983,9820,0,0,0,0,0,0,0,0,0,0,0,0,0,0,0,0,272.981273339491,278.425524975699,227.061784172906,193.441456651563,197.819020540356,211.723191192492,359.105339249869,268.334373415079,205.907581339315,352.248305522798,221.770137282421,297.379968932982,205.076376339919,332.768910081833,322.950980525826,201.974792251776
984,984,9830,0,0,0,0,0,0,0,0,0,0,0,0,0,0,0,0,256.636885942941,226.047613924936,247.432258227333,221.149680659508,241.836053143046,282.060910375453,361.569292470272,251.951491240546,304.445021851604,259.362487933185,191.507470242225,173.77808554421,263.293042143151,316.883790880632,344.087094374468,230.536718438321
985,985,9840,0,0,0,0,0,0,0,0,0,0,0,0,0,0,0,0,312.981126194568,197.126788872008,246.862618725451,255.787247657379,241.091347464905,237.701205041574,336.946631595671,254.470397800878,319.603199452546,221.140138730142,269.340558305867,230.62350576603,217.345846861088,200.928672735418,267.282028945639,218.704190323363
986,986,9850,0,0,0,0,0,0,0,0,0,0,0,0,0,0,0,0,204.136530219226,296.046469015555,179.052073367373,264.730091415273,303.195613019689,273.165954412808,363.805816102144,273.114823714066,257.54972100039,236.987772545064,333.311476964896,218.759638886175,209.129399235242,283.496061652129,274.569773042437,211.597425444254
987,987,9860,0,0,0,0,0,0,0,0,0,0,0,0,0,0,0,0,259.979632759042,215.713408627235,253.466432570975,263.450360714066,297.750757375765,243.457162744935,336.291602821884,195.507839172299,210.188134192152,233.081202263988,262.968633840776,257.3963024754,293.249870681584,267.160169578219,221.070636657863,157.726810837696
988,988,9870,0,0,0,0,0,0,0,0,0,0,0,0,0,0,0,0,231.354589932547,274.131197412582,188.711293523836,247.62636422085,266.427308756541,163.372654997031,328.40650029496,261.001761480367,218.150242059926,263.183955864975,275.262920481044,201.779399351427,231.029458986105,238.97539757234,199.72791570812,268.552132683613
989,989,9880,0,0,0,0,0,0,0,0,0,0,0,0,0,0,0,0,302.198013778096,234.287915660527,208.006666415461,225.388443211714,234.003330496231,274.132259509397,342.790911356166,136.659146877126,220.052408261581,273.818041679286,179.413521171357,291.274700835599,240.232768805755,230.546675958135,238.868641680299,238.3086393357
990,990,9890,0,0,0,0,0,0,0,0,0,0,0,0,0,0,0,0,215.725298822998,283.119500613989,242.042262830942,268.304360110109,176.270761675048,284.698061348049,351.92064312466,151.550249314623,302.022298094725,255.273191766095,251.933235433895,157.528100835103,223.577612888814,291.735973160544,247.393423344976,234.815509080986
991,991,9900,0,0,0,0,0,0,0,0,0,0,0,0,0,0,0,0,260.355602281668,245.472250666237,257.315054277716,290.67673363431,288.103225493074,266.782859478193,306.102670127475,244.931776599566,237.482431654882,272.020026764852,234.171527219576,260.970178501976,244.014276593299,204.655482643757,308.145556351604,293.852971271255
992,992,9910,0,0,0,0,0,0,0,0,0,0,0,0,0,0,0,0,282.454241744813,269.461825411622,276.562354876005,250.617613979444,257.823362722904,205.71255950122,294.092318788907,260.609160617588,243.767796838239,279.562458777666,317.541319261431,260.163306408108,228.967835777451,238.994867479427,247.961446095048,212.230873701629
993,993,9920,0,0,0,0,0,0,0,0,0,0,0,0,0,0,0,0,233.738915904639,227.943107805014,236.37315621648,186.762187642717,210.880480113557,227.289599849301,299.420509167344,297.21371898881,268.025421744435,298.339866334373,206.608296284354,273.337007196331,264.591125542609,251.826430873545,244.412587114543,325.666726279766
994,994,9930,0,0,0,0,0,0,0,0,0,0,0,0,0,0,0,0,268.580578658639,199.669135407369,294.441358539492,285.803209689129,246.174813471811,237.773506972193,283.403569039343,209.870976498902,244.619030770109,343.272595116771,290.588120054128,261.161622295207,214.082532036393,293.56030271281,241.30854227458,298.785896608242
995,995,9940,0,0,0,0,0,0,0,0,0,0,0,0,0,0,0,0,223.443891055004,209.930523960942,240.41936794383,179.07834776343,239.898260788308,224.240835605833,315.602584995312,205.129372600362,242.047425853609,144.074572964493,278.376514453757,179.566627053119,278.624446957799,282.461483468365,269.153634355314,269.49872830947
996,996,9950,0,0,0,0,0,0,0,0,0,0,0,0,0,0,0,0,276.33202907681,237.669508074796,224.675282873013,253.931774787338,269.56640127062,215.336556916564,286.77183763913,221.997474169521,210.455049892465,264.373584945396,228.601158525673,225.104295041464,258.151082945307,214.442680353871,224.909728386115,248.916772373498
997,997,9960,0,0,0,0,0,0,0,0,0,0,0,0,0,0,0,0,194.448543873831,238.214484196762,228.020922241478,279.402720751381,212.644595551161,307.007941581168,277.389090748837,256.281744230774,300.639387183961,159.69152927207,349.390055304878,270.764076211696,250.91189387519,258.826597787235,256.574319298077,183.402320209206
998,998,9970,0,0,0,0,0,0,0,0,0,0,0,0,0,0,0,0,272.777386815356,220.059112495291,184.358181661948,272.965307450235,300.941646350436,261.295924993709,284.887566685808,245.971466596528,250.623658745175,273.959327590558,276.97301536427,267.793830996242,246.931542545654,275.556231985892,239.924501486249,228.156458176194
999,999,9980,0,0,0,0,0,0,0,0,0,0,0,0,0,0,0,0,222.588741749968,166.428836243497,274.94937997091,176.653971775138,260.2816747883,265.726000396583,282.644413511845,270.378748405012,266.605953965341,192.385341904802,276.642225497008,278.247884914142,216.781584173971,263.177955811534,231.30486231037,250.661523898316
1000,1000,9990,0,0,0,0,0,0,0,0,0,0,0,0,0,0,0,0,263.116135912078,245.371614439174,267.862845417918,236.787316370251,179.75348131582,271.58806807953,272.633285397181,154.185396378449,281.258804053905,292.302241382315,266.882910915425,305.428338306011,272.181241480031,211.309997950561,278.034284083776,315.79547653721
1001,1001,10000,0,0,0,0,0,0,0,0,0,0,0,0,0,0,0,0,276.351082758124,251.341978213893,243.090931497381,274.082969261548,251.640380770454,275.805527152831,280.294611423069,248.846526397515,250.12845985407,244.362472618276,218.60314561822,201.799379196436,230.442114460856,217.78256548064,250.753731923459,265.88652835574
1002,1002,10010,0,0,0,0,0,0,0,0,0,0,0,0,0,0,0,0,288.609474437465,180.071035792901,251.276013115349,261.407425273013,259.670623320011,198.150958930503,283.993213232259,269.434291163423,273.656208667838,228.322301707301,230.459206464011,249.773644336223,249.755155419322,252.674267005838,198.367562647295,255.429525029959
1003,1003,10020,0,0,0,0,0,0,0,0,0,0,0,0,0,0,0,0,156.04406595102,308.055534547635,198.871967318651,192.921534259533,233.113604075753,238.247085269992,254.960055101965,219.149061947334,312.557260628174,246.108211357619,165.081268208209,203.916691674267,215.090977128638,257.243913739162,304.245301541479,314.794067227856
1004,1004,10030,0,0,0,0,0,0,0,0,0,0,0,0,0,0,0,0,258.702796616748,257.624693117496,189.911327377172,280.462659906561,212.772951101997,231.878890367121,262.991824672787,229.81772669769,259.50543785749,252.208936410558,256.121898844528,181.567332346085,248.184904927976,264.818131951898,175.144419595212,249.748459295437
1005,1005,10040,0,0,0,0,0,0,0,0,0,0,0,0,0,0,0,0,274.426268181749,318.233534558222,281.100860978412,285.104131059932,237.39669590547,230.732710500007,277.814719290093,275.486520268584,264.904598657303,271.04587431457,232.652964455476,282.147188354846,285.040507107904,243.611626077507,259.934992873809,227.574262128264
1006,1006,10050,0,0,0,0,0,0,0,0,0,0,0,0,0,0,0,0,273.347924303533,273.738219549632,327.644095820331,276.961504043402,245.079279441603,242.403515492868,270.394017209659,219.274830439116,301.26626119776,321.285564172238,273.990046243223,250.450021604268,252.12135566963,274.783490807885,172.162770259174,309.07175841298
1007,1007,10060,0,0,0,0,0,0,0,0,0,0,0,0,0,0,0,0,235.927746713633,291.902810208309,290.244899986054,186.453642124371,292.510591611422,266.539959545349,270.436677581195,306.787468259798,192.902332256544,250.763994490924,243.874633579933,199.607216487787,270.201592887855,264.540473083771,289.424244065178,265.449898035035
1008,1008,10070,0,0,0,0,0,0,0,0,0,0,0,0,0,0,0,0,167.481654144045,224.36883606869,235.134308595998,268.00648400752,255.08019601973,270.212949889728,257.481271047561,265.706819851446,254.052880494072,233.433362736333,280.910651738413,330.965094476325,250.427964216355,264.812065426883,250.625353029785,254.741540827733
1009,1009,10080,0,0,0,0,0,0,0,0,0,0,0,0,0,0,0,0,281.091220406308,277.811762137523,251.025890120268,280.212351605809,252.9349491309,282.00271680317,282.528899530287,214.650420924053,230.98243128726,217.015132587392,203.499969084901,184.591675774075,257.675311741476,198.170623273417,242.203647908325,247.141118131434
1010,1010,10090,0,0,0,0,0,0,0,0,0,0,0,0,0,0,0,0,287.944868272545,273.727491578758,284.062052346121,264.193405478197,241.673175009073,256.958003364727,273.361210068507,216.5621502324,258.614379516853,239.706209798367,213.732862253877,260.119988519738,234.244761937506,258.583775647074,207.543416147872,304.023084822104
1011,1011,10100,0,0,0,0,0,0,0,0,0,0,0,0,0,0,0,0,225.855486127136,330.557937220603,229.745811505294,266.940929210886,221.64641339836,314.037378991973,258.804037045613,264.131545319932,287.379248338788,316.243397727647,238.163868582834,229.047419030925,286.272395762285,267.287825102699,279.874584033385,295.535324937303
1012,1012,10110,0,0,0,0,0,0,0,0,0,0,0,0,0,0,0,0,278.870451790098,230.659692896448,276.371425452018,326.231016140735,209.846961991284,308.92694147451,254.148140963863,246.932847982327,277.151047692247,251.949215511924,271.539372253559,185.644513178216,217.664632651115,270.950218628923,274.954650032577,251.076079780433
1013,1013,10120,0,0,0,0,0,0,0,0,0,0,0,0,0,0,0,0,162.728158295887,230.690894405429,233.612851813422,266.861160467554,257.02792255083,260.857516660807,262.147379627562,193.69094779495,223.628601939198,186.312539747899,238.764277196805,279.308838600763,230.657532109091,229.611857209148,266.494801480912,286.032021122941
1014,1014,10130,0,0,0,0,0,0,0,0,0,0,0,0,0,0,0,0,229.903325046124,323.150185730269,237.96535247368,237.227822435572,292.161050585046,226.558965642458,248.734230476066,221.347600377407,257.53966267136,191.585627936724,225.372281059239,209.151162024221,233.598174905091,297.855018238692,215.229116128081,287.505184694731
1015,1015,10140,0,0,0,0,0,0,0,0,0,0,0,0,0,0,0,0,205.406653831496,257.174061099595,220.060273191601,214.232187629446,201.481871054964,258.184521133083,250.972403973396,254.519973181992,231.076800886019,242.810260930539,215.657789106128,350.235961087724,255.973847746418,218.824935711732,276.764279052576,203.748864652664
1016,1016,10150,0,0,10,0,0,0,0,0,0,0,0,0,0,0,0,0,273.528010980492,283.195798717044,255.863170949956,269.518174438811,221.952044305254,137.430738171764,255.988499277776,319.712413150019,202.134680403942,270.763642261578,280.905096582934,217.952990540981,193.304075142928,308.384125939964,179.770730548273,263.944667854727
1017,1017,10160,0,0,10,0,0,0,0,0,0,0,0,0,0,0,0,0,324.950118955832,245.488670817396,296.071952546827,231.067273591058,318.379123925018,197.294950917526,240.142837010251,221.424698136307,307.78883069564,249.951809155977,260.069983644635,308.72121927617,274.982739483443,199.584339996057,267.046444451397,232.516155319005
1018,1018,10170,0,0,10,0,0,0,0,0,0,0,0,0,0,0,0,0,274.047096318894,256.854578425867,242.742803916797,231.701386127079,314.321711217254,262.158191651387,256.305159005024,250.512741222262,228.602454155752,283.095272336626,279.117283423756,251.152889503704,213.263909287779,196.019898159798,215.337730011872,243.502277811485
1019,1019,10180,0,0,10,0,0,0,0,0,0,0,0,0,0,0,0,0,269.672832162704,315.805202581033,304.035206784836,173.574393059879,247.151388787183,255.719319210238,264.017403987003,189.156115168015,295.459843832962,262.675884344667,258.018209745967,254.012265489583,296.088758331405,220.267052501263,201.837583058951,310.143498744442
1020,1020,10190,0,0,10,0,0,0,0,0,0,0,0,0,0,0,0,0,225.308879012897,225.317934712052,266.913380826294,262.979961374337,294.303140706433,342.247032954787,289.677431430211,275.332049982088,227.017964846631,266.558342597974,239.512320784881,277.241855574688,273.356686332098,258.139634162968,311.043007537102,250.375656449967
1021,1021,10200,0,0,10,0,0,0,0,0,0,0,0,0,0,0,0,0,226.715969759337,145.777949999203,341.97416515989,244.020565435186,295.295538947691,226.188179588269,307.088400673008,212.935012261139,174.536671353802,236.467263566667,276.179742060752,321.041424213447,252.554771999312,262.16992758054,251.977873130174,273.919332683034
1022,1022,10210,0,0,10,0,0,0,0,0,0,0,0,0,0,0,0,0,269.213565075921,206.178659107731,284.187214264436,216.617495621439,226.061405780026,267.523898805603,296.511137904668,232.262638384964,247.193887767501,269.944433432329,223.82557098834,262.997529392384,230.78995411214,231.088809413347,229.15648346434,305.889405768877
1023,1023,10220,0,0,10,0,0,0,0,0,0,0,0,0,0,0,0,0,286.679626911604,231.4607236632,212.309898766976,239.641746362075,240.678419754136,229.899002411861,313.847656602569,260.876533198219,273.214928109114,273.974839026732,256.08114198501,316.553182826385,265.677111525127,270.793820356004,249.122355528721,259.216320971763
1024,1024,10230,0,0,10,0,0,0,0,0,0,0,0,0,0,0,0,0,199.939123834825,307.832706817279,231.58143531287,278.1357276574,174.620598658087,216.020331907422,321.631008232364,289.033849128178,294.086048031045,199.384838772963,239.782460283805,248.672745721563,188.001305502711,304.896238292928,229.789574186025,223.778237233017
1025,1025,10240,0,0,10,0,0,0,0,0,0,0,0,0,0,0,0,0,225.789228574177,246.293816845505,270.169427604051,219.157162250095,156.795575880239,263.982514166485,338.293308226134,255.132908784861,321.736818692574,257.420854311385,229.245036689881,280.006330960899,180.603903660679,232.16531417364,238.85294312613,224.944977145572
1026,1026,10250,0,0,0,0,0,0,0,0,0,0,0,0,0,0,0,0,210.8292480824,235.933941267956,276.952333711319,257.021666487837,265.373155050426,222.141061075373,333.419026486918,300.502185522501,213.538018725334,239.925218735408,293.986976270364,166.90388579561,280.396851366849,231.09217858938,305.389965714371,255.457138922311
1027,1027,10260,0,0,0,0,0,0,0,0,0,0,0,0,0,0,0,0,237.843184458432,260.662403738996,307.637878442215,202.934950901772,219.685788477882,218.239093841163,354.02549310094,242.059019657486,271.24482580357,243.291219846205,208.065380737018,229.1687395635,235.87164500263,231.915683783309,180.287657690596,227.96152437331
1028,1028,10270,0,0,0,0,0,0,0,0,0,0,0,0,0,0,0,0,240.077844643097,233.883134352843,227.676151510929,205.176281388069,224.258432691298,215.433489526312,336.789125865512,255.954408644941,224.262274914715,280.486810181005,209.185112244857,228.190682416281,262.45246165293,211.403188310255,203.543511758157,277.633318420286
1029,1029,10280,0,0,0,0,0,0,0,0,0,0,0,0,0,0,0,0,264.968788697278,290.066022080617,303.760540551659,199.303821957609,332.330700117877,181.334870814212,347.546361880075,295.402085989355,230.155736847804,273.771836104719,284.05020652562,211.268638263393,271.151637821637,249.773298888135,245.231909359658,291.687307560719
1030,1030,10290,0,0,0,0,0,0,0,0,0,0,0,0,0,0,0,0,347.602092879574,213.410957328402,289.904968684734,266.424516564517,224.235044698979,256.346646405353,328.042875359234,301.771908453389,266.986194055832,193.111097410213,258.871023885631,236.849016933026,276.855161288172,300.93566423459,232.105650493302,256.28830203403
1031,1031,10300,0,0,0,0,0,0,0,0,0,0,0,0,0,0,0,0,262.481516505094,199.120707866663,237.202447347696,238.16873349926,247.984518307861,250.499870576855,336.575039015561,258.5015515139,276.043552017051,289.186610652062,230.614467653776,219.882747530066,237.628694559735,265.036299050513,269.843671049715,325.751514083556
1032,1032,10310,0,0,0,0,0,0,0,0,0,0,0,0,0,0,0,0,230.660568552168,274.772848229777,246.635976556989,203.581290595315,255.906918770812,255.406675054424,317.869140445035,274.19107664139,262.056230765797,263.769226669453,272.023956009963,238.608262999062,218.987176415705,187.423624393136,262.498879230006,300.70672448462
1033,1033,10320,0,0,0,0,0,0,0,0,0,0,0,0,0,0,0,0,216.059725787856,244.293391174189,206.595107123026,258.054196739461,253.948524612605,246.694334372545,323.617955575083,245.463505403972,319.86317890983,242.314522946108,244.439740927165,289.66004538973,232.205524035083,258.956045849605,229.491522980657,209.45019682944
1034,1034,10330,0,0,0,0,0,0,0,0,0,0,0,0,0,0,0,0,258.808466883091,252.097684259011,221.947348083799,280.679082202878,232.344207052014,168.211175245688,326.923157433658,215.352616844902,256.295906658487,153.557885919892,242.961428476507,290.736701847428,289.308383344681,237.140985989761,260.661689722159,225.051531242528
1035,1035,10340,0,0,0,0,0,0,0,0,0,0,0,0,0,0,0,0,201.697130886881,186.20018337721,270.250260990023,235.086574184521,246.369254326412,316.04632510805,294.952389413495,228.031561521523,307.424257069558,211.73471110853,183.28136549488,281.521415424208,268.926858708771,259.620779558804,283.918515540446,264.300570080875
1036,1036,10350,0,0,0,0,0,0,0,0,0,0,0,0,0,0,0,0,230.525214506955,292.163259128676,258.023594463453,261.335302994757,249.717624701698,194.956269488293,297.232903249955,190.652376523645,284.105333350943,277.343434626415,252.727604169929,282.216487270734,311.818547081075,294.368637278639,201.369405177161,189.343021763072
1037,1037,10360,0,0,0,0,0,0,0,0,0,0,0,0,0,0,0,0,280.998922506066,245.784710679593,257.341062174008,208.802475599858,255.079560574615,269.14239718481,304.476343655492,169.546358460423,287.999412668647,318.156457279767,247.123649515339,166.728210781555,270.126228347396,265.473399306812,257.316180209437,233.848193938448
1038,1038,10370,0,0,0,0,0,0,0,0,0,0,0,0,0,0,0,0,293.011419301713,229.500948346892,240.24574622326,279.199829941039,247.40480093698,277.321084673709,293.581645416325,255.561947843573,247.037996488127,271.495425883672,273.564892211639,267.290266373824,275.410352915886,252.074581139324,230.546607623585,270.350586953727
1039,1039,10380,0,0,0,0,0,0,0,0,0,0,0,0,0,0,0,0,244.677329017569,272.0687834841,232.171267968102,226.30742411774,251.143079259739,284.240018646195,290.51307729893,279.496978515341,247.793311057862,269.187132340954,224.534189470398,272.525282988145,266.36602960425,193.007602348914,250.101575602669,204.113726433667
1040,1040,10390,0,0,0,0,0,0,0,0,0,0,0,0,0,0,0,0,262.271498166931,242.662414627742,260.311607871842,281.768285768668,283.459646741269,218.235404311651,277.207780941958,211.208869533334,228.009692549789,274.567514131285,250.802628569262,278.911374661882,222.869582294986,281.281775236369,317.724105560553,210.23776063586
1041,1041,10400,0,0,10,0,0,0,0,0,0,0,0,0,0,0,0,0,317.023311979793,265.357274321539,248.758109986673,312.407182631223,279.939930552654,155.883835515941,267.24830718491,206.219000844462,282.474797897108,259.821753445152,271.272468331337,235.289464949276,239.560623951414,292.639649294802,277.517460998333,252.354197822682
1042,1042,10410,0,0,10,0,0,0,0,0,0,0,0,0,0,0,0,0,272.310377961673,215.716491647981,241.63509958592,284.81352051642,266.473691097855,179.097251507939,276.438953908729,275.372495641063,260.171002773632,239.302268752444,218.55940174185,261.595531885022,297.711078583724,220.366892242309,251.762836213713,251.186980752977
1043,1043,10420,0,0,10,0,0,0,0,0,0,0,0,0,0,0,0,0,285.701660759446,262.743971399521,219.194126433691,250.135670620662,217.994773192746,241.410959929518,279.677979020155,264.390850812844,235.914013072962,239.699414023054,220.044785283311,254.463690635381,292.110059282034,316.594226216808,245.298112625269,257.941430385362
1044,1044,10430,0,0,10,0,0,0,0,0,0,0,0,0,0,0,0,0,267.704301938448,209.401906080455,258.887435693833,290.837150562632,274.461049150651,208.315251674548,279.445468762952,318.504658423367,250.91659822916,200.829848270436,296.035746078598,237.256831242609,326.050578609834,309.244470977042,216.589451354804,306.680595561274
1045,1045,10440,0,0,10,0,0,0,0,0,0,0,0,0,0,0,0,0,236.449825487625,247.924910885595,182.023952819741,186.625570880338,246.276931566721,195.620956169067,290.061271382768,270.527225853602,204.68649922559,283.41877220611,297.548413856822,347.043320290154,277.61924136952,234.552173765373,219.498837691324,226.793760827842
1046,1046,10450,0,0,10,0,0,0,0,0,0,0,0,0,0,0,0,0,272.968191248028,207.903173961038,254.593883528569,224.389699620704,220.734855792011,278.627889700326,295.144090433424,305.753234931486,220.204968661994,284.94129471654,194.047166776671,224.209724464726,197.487268462849,223.656097370228,207.385335355242,251.964225330343
1047,1047,10460,0,0,10,0,0,0,0,0,0,0,0,0,0,0,0,0,213.772045910735,205.126164982241,232.124948106013,248.750132850742,292.99007562082,276.996522660254,299.206134059153,250.216679183611,265.113204822363,290.145311587465,276.359532972841,271.686891881217,322.661386576551,202.36286743492,256.709473478235,311.34167125781
1048,1048,10470,0,0,10,0,0,0,0,0,0,0,0,0,0,0,0,0,326.357819606206,249.752821900031,222.289385895284,222.191791751669,272.641729235553,246.837346946757,318.063142850411,214.086788671964,222.160215955973,253.868517119978,226.873212908084,270.656397575967,212.818249398979,256.053882043698,230.702034861096,304.355677991077
1049,1049,10480,0,0,10,0,0,0,0,0,0,0,0,0,0,0,0,0,240.643573089218,219.826241482519,280.060038347316,255.85653846772,215.430590226939,274.892186627102,350.94606846155,218.88231553553,170.968202000301,258.777022077691,234.471564428721,309.015804606358,262.052039155166,232.713141654794,262.800149458887,285.867727987008
1050,1050,10490,0,0,10,0,0,0,0,0,0,0,0,0,0,0,0,0,276.873481783653,246.840915909101,280.182981434235,243.4684336032,263.307379799269,266.566161754621,327.130100859396,242.686029555863,257.799632290391,263.592481134228,299.313610758025,269.961897738237,206.951205711903,205.488119452769,193.276564883602,202.232708700281
1051,1051,10500,0,0,0,0,0,0,0,0,0,0,0,0,0,0,0,0,201.895025232424,227.866053758944,309.579326076678,231.592818464748,252.857332048869,290.363430621491,347.264632312509,263.81863252887,180.981758819606,268.528413719656,295.096574678253,287.046585805987,218.852142641108,212.677890514652,232.076759878715,201.120397011267
1052,1052,10510,0,0,0,0,0,0,0,0,0,0,0,0,0,0,0,0,238.271758140694,201.766025987297,253.475632204976,253.399660208071,260.1300721832,228.138288774872,340.427032039136,300.90987836401,258.011519399271,277.471312401164,242.453702034449,279.303229114144,197.168537952113,238.261803825417,245.513967301315,234.291306124283
1053,1053,10520,0,0,0,0,0,0,0,0,0,0,0,0,0,0,0,0,250.96948270702,224.682263289804,308.282960675249,264.148149115755,226.401099269297,279.355532324108,349.079737329026,187.999946569609,201.827875904497,261.677248565835,282.295696966143,241.263118199934,280.280658011775,178.614895736535,197.155430989117,269.631751090904
1054,1054,10530,0,0,0,0,0,0,0,0,0,0,0,0,0,0,0,0,258.649726369618,211.965044413143,313.330053252132,228.72049803844,216.517280184416,282.416969248603,334.422004374922,311.103506321518,297.085622248551,228.07830479295,247.730000246113,243.767002504584,290.08309986127,260.640339712617,315.874445002641,248.948917002214
1055,1055,10540,0,0,0,0,0,0,0,0,0,0,0,0,0,0,0,0,233.55632621222,224.504515433929,234.725886474732,247.767863316865,200.614530814158,205.592552135598,327.754744381918,256.740785319774,240.687530694499,256.632038496794,190.992192502969,270.334100134385,235.639957952357,185.371728339124,229.765584890678,281.386194705471
1056,1056,10550,0,0,0,0,0,0,0,0,0,0,0,0,0,0,0,0,231.847678701831,244.380710742597,228.17676664044,246.365159649663,218.855980971272,252.737446669453,312.492734983582,289.768197847343,255.034917519552,243.67689235257,201.607160789742,199.813415260309,188.542821259054,334.535785005594,237.959726771069,266.263248861475
1057,1057,10560,0,0,0,0,0,0,0,0,0,0,0,0,0,0,0,0,177.233315812196,261.971997956438,230.910027248006,321.83393047092,232.985206599994,186.177752301198,349.020196694653,215.834528602725,264.095346804755,219.515603195958,304.095980990377,266.284032514615,257.438853858354,307.359121050088,276.333439616326,281.522634302833
1058,1058,10570,0,0,0,0,0,0,0,0,0,0,0,0,0,0,0,0,274.821284227055,351.578335815177,196.24902869967,222.914273309706,245.818943978986,244.62930102987,335.470507624588,247.481202632574,250.115454601384,211.175014383842,267.531726179877,248.818773564865,242.363067019715,208.238374927669,291.129262180976,241.639312450465
1059,1059,10580,0,0,0,0,0,0,0,0,0,0,0,0,0,0,0,0,233.839537107288,258.541399985152,292.857907484654,265.950751370111,279.012826009377,210.098862595677,333.06543815723,224.198642018943,265.744663142105,195.978906578209,282.707477806552,261.917673949355,222.14667786782,253.120833581383,224.805517436312,351.190292063223
1060,1060,10590,0,0,0,0,0,0,0,0,0,0,0,0,0,0,0,0,238.665795960518,255.09586041322,285.85431163946,219.308162712484,280.896843318918,207.802160570787,318.769512844945,238.185227761602,240.438548903893,287.851109539921,234.935801536815,252.681929936677,158.385006241909,224.003831530478,201.397756873026,307.108022421912
1061,1061,10600,0,0,10,0,0,0,0,0,0,0,0,0,0,0,0,0,252.931542619626,201.519458471246,204.750099869679,230.412309767934,150.011556271533,237.345921707559,297.944170876028,314.092945088839,247.371213622857,146.825349274309,263.468387951934,217.359056455378,254.169545828935,249.779248801941,310.877655119983,321.585264475328
1062,1062,10610,0,0,10,0,0,0,0,0,0,0,0,0,0,0,0,0,213.173474291724,261.86349809729,257.633380253169,262.32632668955,265.390742058333,267.454075262779,305.322395748682,246.762904942621,177.204974240439,272.747543693391,246.968250202216,251.339610485937,309.86131158987,273.486358920658,258.859877082174,210.574223536493
1063,1063,10620,0,0,10,0,0,0,0,0,0,0,0,0,0,0,0,0,294.456632084273,177.956314858795,244.835811080891,208.371848907259,210.652502465019,204.847300051617,305.910911741307,295.239166018579,278.724248841471,238.053339602708,243.905338310083,229.128392524817,226.372741031817,219.453498050569,288.817978986553,256.296363480973
1064,1064,10630,0,0,10,0,0,0,0,0,0,0,0,0,0,0,0,0,242.63244110881,247.169886639139,275.00754789637,252.381896075511,220.913456082517,196.663442033437,301.198270945195,255.394469869811,200.386808266235,213.151904252788,271.254162587968,263.38604553216,277.43067753752,201.712710032484,213.019357577047,256.152785191859
1065,1065,10640,0,0,10,0,0,0,0,0,0,0,0,0,0,0,0,0,240.529335764395,247.936033627692,296.520862414568,192.463032365004,206.649983181176,247.865053469477,311.338415094066,225.359479547156,301.921573737873,248.265784436256,243.418189008215,251.422320655639,205.981819940409,207.181297045226,243.992223065935,266.561860449319
1066,1066,10650,0,0,0,0,0,0,0,0,0,0,0,0,0,0,0,0,190.428275605192,164.619641008487,213.83517168128,249.709945142298,327.761310184399,279.056829710632,326.795915967632,235.935873215647,311.11485608362,260.180651189217,280.940394087255,235.148727080872,263.847950647943,298.750912211832,240.732988394209,285.824024073348
1067,1067,10660,0,0,0,0,0,0,0,0,0,0,0,0,0,0,0,0,248.378109853524,276.131235603266,248.273714861784,216.641622338121,208.871258293865,258.88444726554,309.406092269344,223.882994638407,285.744531534173,243.458667279443,252.713920022738,196.286440854722,227.742757251339,328.91618540431,272.828963536172,272.914735167805
1068,1068,10670,0,0,0,0,0,0,0,0,0,0,0,0,0,0,0,0,249.287002811058,271.634532213482,301.985133952636,271.332122443901,261.053147358844,231.152365102792,315.141161553873,225.615093749104,228.88985646993,289.322356163388,215.848986495042,236.641260519022,264.648145622273,207.22549843104,230.791552074869,276.979033847196
1069,1069,10680,0,0,0,0,0,0,0,0,0,0,0,0,0,0,0,0,296.040617662721,267.763656458073,226.986263178342,302.395932939004,222.89422660762,240.975015213219,314.374761475613,236.198368243212,243.838196187819,234.416930427304,254.702894055589,263.946616185435,249.160593316624,232.538940905382,261.313754462249,205.905853271079
1070,1070,10690,0,0,0,0,0,0,0,0,0,0,0,0,0,0,0,0,275.68149236683,284.633082050687,331.39843869334,333.278459643027,219.730764417453,236.518271371649,338.975173635519,215.253947196413,235.166731178136,185.285719817044,251.517955089545,322.165685113107,220.736842397053,267.301119171574,269.086412132279,262.919518792409
1071,1071,10700,0,0,10,0,0,0,0,0,0,0,0,0,0,0,0,0,279.702750816652,248.214494872446,311.031560032421,280.133403435968,260.810241933335,286.89143446786,322.278778249106,227.235549830244,248.223262339955,223.949944893794,264.335164419761,297.528887847751,266.471206869545,259.365429337356,255.146866415671,306.55375007847
1072,1072,10710,0,0,10,0,0,0,0,0,0,0,0,0,0,0,0,0,200.535622976742,229.023032918893,257.403503114726,272.024758289679,238.831833573262,222.026621075419,309.455365189846,221.903401576927,240.784876504466,203.370231410596,234.058363254694,280.243707595467,236.626135252898,229.751833467569,195.811821067005,230.548108771279
1073,1073,10720,0,0,10,0,0,0,0,0,0,0,0,0,0,0,0,0,195.531840123227,196.806169238123,255.919523702465,289.527668226157,210.158929069104,256.535122798257,311.406664432006,183.43645138198,228.796039518075,284.11733551673,276.994405967804,203.620508387901,223.451672528327,217.478256826397,250.944219019028,259.366293897262
1074,1074,10730,0,0,10,0,0,0,0,0,0,0,0,0,0,0,0,0,186.949787738989,215.539411815372,263.865060664803,237.578383912912,294.35830855368,260.089968980219,307.25544469122,276.49270759674,220.550654147022,262.951812689751,326.502883806668,244.776550782738,234.441244386699,311.258552968459,313.985432545664,226.141222571829
1075,1075,10740,0,0,10,0,0,0,0,0,0,0,0,0,0,0,0,0,290.654780027621,302.818273037696,287.973607251133,283.623738127712,268.922342493514,250.93735057639,316.564840396453,215.018845251862,259.218457600928,239.421052843563,314.26103830356,273.153969946163,292.348303037675,260.755909761477,187.931549881557,304.804136152477
1076,1076,10750,0,0,0,0,0,0,0,0,0,0,0,0,0,0,0,0,178.868528631997,244.44054224335,302.008020940625,262.960205970864,280.23457942474,222.74737277769,303.355890492491,179.60644398787,279.296738024234,306.96244532289,245.809286556371,306.881608735195,251.996589236671,299.258667302578,238.777634152043,349.525641778775
1077,1077,10760,0,0,0,0,0,0,0,0,0,0,0,0,0,0,0,0,247.231697118874,245.439953311612,289.098046032004,289.057342463788,268.764044986366,284.968983834628,338.948404482233,251.063189213656,302.141702757462,235.168001309522,201.891465057337,341.649628470844,240.5899068359,268.462341095764,264.809486233598,286.216348021049
1078,1078,10770,0,0,0,0,0,0,0,0,0,0,0,0,0,0,0,0,305.043661240169,229.081051892252,270.125414720696,303.239379790079,301.163707514151,244.307894078717,329.97717776095,262.209425585062,292.207863708431,243.04428401371,273.299373927615,241.123088413091,250.982623746729,255.88533088362,167.007466759277,313.606419916941
1079,1079,10780,0,0,0,0,0,0,0,0,0,0,0,0,0,0,0,0,220.461549256515,256.632740165982,213.922449981734,274.134235722264,216.097250036236,255.360381467977,342.978039602479,257.222032413518,277.658249207226,322.437644361544,196.054986778852,244.030149399029,226.7924801928,299.471750714223,283.402053764944,175.52684000577
1080,1080,10790,0,0,0,0,0,0,0,0,0,0,0,0,0,0,0,0,254.480786528553,202.430154753044,262.653904238926,230.995385511557,240.916044204352,261.667444851559,342.389436182589,185.616643500561,247.693441590695,255.297864313275,276.821717411573,249.708205918972,257.431211463579,240.893551490324,218.117878346805,212.905982669394
1081,1081,10800,0,0,0,0,0,0,0,0,0,0,0,0,0,0,0,0,172.11001726517,269.599240847244,289.60245330979,195.505345767127,153.281918628533,191.837794975804,346.32750691938,175.906446915958,314.834211945764,245.044542766716,227.952520396711,213.407967733949,242.847566136014,191.770753070468,168.060705521906,309.575028189481
1082,1082,10810,0,0,0,0,0,0,0,0,0,0,0,0,0,0,0,0,267.926179266342,240.510515022799,183.42617245037,241.752337613361,274.852119347932,220.769991051673,340.051338403136,268.957187695336,283.376439026147,256.395739604915,266.960175696136,217.803311452397,198.485479907268,206.044658238976,228.179172810254,277.054030559922
1083,1083,10820,0,0,0,0,0,0,0,0,0,0,0,0,0,0,0,0,251.15913259792,226.728073856679,247.992818020029,241.420914504079,225.790736568454,288.81739120992,310.771848163276,244.35443834815,175.980812268063,180.077727354211,298.662927118966,198.068402988373,255.640799045301,233.677057278302,266.466432122322,232.936530790315
1084,1084,10830,0,0,0,0,0,0,0,0,0,0,0,0,0,0,0,0,279.308592708633,239.377435605698,278.623673921158,309.677147065254,313.894081964053,310.816071182922,325.978764342034,205.419439781994,331.763788326354,271.607161348649,221.896871815778,257.501989323832,239.67651463923,250.462042198985,173.271116919977,295.177531618916
1085,1085,10840,0,0,0,0,0,0,0,0,0,0,0,0,0,0,0,0,296.051461443519,287.260252335507,221.491008506909,261.236353650274,170.176852169476,305.822554557347,286.299674540331,231.173478155307,272.161346509667,291.06040402411,213.447068837146,245.455704647913,324.619773004161,198.440965314263,240.516264754242,254.085158219825
1086,1086,10850,0,0,0,0,0,0,0,0,0,0,0,0,0,0,0,0,257.010844155284,257.132314417783,272.422737579849,232.381240852062,274.999374432881,236.942380911869,280.287513063296,266.023685698155,253.398269839025,294.892120585669,267.447918760487,247.535242769757,301.565288181543,251.177091037711,224.430825664872,369.54857728836
1087,1087,10860,0,0,0,0,0,0,0,0,0,0,0,0,0,0,0,0,212.523716419201,281.454353373613,243.172987161824,172.215453028035,230.773352481648,264.240676910611,289.352955999715,235.167589112743,175.913185199841,235.954697194995,270.563728660109,182.816361175477,308.521952603102,264.349745555633,285.837945973037,240.045621919119
1088,1088,10870,0,0,0,0,0,0,0,0,0,0,0,0,0,0,0,0,205.624239221541,250.31582791837,222.456830204318,264.635989887538,307.466101306204,251.795948843864,300.432357656683,204.443396588753,255.946925686118,223.571257753264,252.613691820221,310.862968201247,228.723438163666,224.473114486474,271.59158992948,181.029342870807
1089,1089,10880,0,0,0,0,0,0,0,0,0,0,0,0,0,0,0,0,266.513698910811,266.196427405091,218.135375010781,283.253723496535,238.294500291705,187.547639343067,286.677067852138,269.521229606425,246.527207252174,196.05233801898,263.131684003502,243.053219644506,218.894125264859,254.952004857278,263.088660632567,291.609672622807
1090,1090,10890,0,0,0,0,0,0,0,0,0,0,0,0,0,0,0,0,253.578857406573,184.495881675736,265.692871389932,234.977112811109,287.015812550197,196.171893163552,284.148470790642,221.016076723793,215.419296901121,227.305586389691,277.049335202705,214.830687771983,305.795400594453,285.305470375716,214.398464147287,236.767231626926
1091,1091,10900,0,0,10,0,0,0,0,0,0,0,0,0,0,0,0,0,254.544533279954,248.802388430087,182.220711699895,159.629796690983,327.754015770842,279.22211683679,273.757032041815,279.786774283931,280.143369022055,254.730383952251,188.924378790197,221.323981736588,227.047425901699,255.086331515676,198.340332674609,231.181832986371
1092,1092,10910,0,0,10,0,0,0,0,0,0,0,0,0,0,0,0,0,217.691216632495,221.134265902944,198.824833021827,200.529397635366,252.494601737665,328.124080286838,287.209206646141,216.920419100425,268.943307029281,195.745198104225,203.817291253539,299.206698124645,294.415458860678,263.394599394199,251.534934178277,316.566780284273
1093,1093,10920,0,0,10,0,0,0,0,0,0,0,0,0,0,0,0,0,246.658141161595,268.891333867899,275.740498550954,257.470505382409,221.597919491495,253.279720047714,260.313500825903,291.952323661132,260.763944270169,270.353371454873,254.937363104043,232.708045134424,243.23412863831,246.315548101853,257.237665850348,295.255601781851
1094,1094,10930,0,0,10,0,0,0,0,0,0,0,0,0,0,0,0,0,216.137214115275,215.936302626598,300.896725163819,267.390362283961,277.181823540586,212.092061770795,274.268246214939,256.71199069485,266.770136570405,274.606901771159,280.354519611513,214.225306899576,236.378420501237,250.021533537712,269.844339609881,179.633867222295
1095,1095,10940,0,0,10,0,0,0,0,0,0,0,0,0,0,0,0,0,214.154881878109,227.541493832084,258.603320072586,259.135548810902,250.000746221527,250.621186482346,299.910053000157,200.122005174688,306.403260119241,221.09782459198,269.930840569885,260.634942707753,205.277497829469,293.711260846269,279.509201397835,260.844118565912
1096,1096,10950,0,0,10,0,0,0,0,0,0,0,0,0,0,0,0,0,223.352855959249,248.432336214878,302.299380933134,241.764743888924,306.933258172193,217.543037266249,312.322788669142,264.319422006097,303.372231532689,241.25479657759,280.057203901473,194.5978958404,232.189142626013,189.728519663117,181.482359481668,274.675984006539
1097,1097,10960,0,0,10,0,0,0,0,0,0,0,0,0,0,0,0,0,258.63459488771,279.931027454663,250.35892457151,238.952945848875,208.343509590357,187.152609277009,286.343381124977,216.978474450581,279.089729772302,288.043273819983,252.892518216488,225.181746717275,304.204484416678,308.455872057383,261.94309512194,255.854014343149
1098,1098,10970,0,0,10,0,0,0,0,0,0,0,0,0,0,0,0,0,247.015705112642,238.726576468517,283.190988137076,263.630901807819,228.228596994187,216.408748046171,308.614049494081,257.274322125603,313.198277100993,243.839344200822,228.850690532093,244.046709855375,299.957671958923,204.668941533511,244.274614108297,298.962981244061
1099,1099,10980,0,0,10,0,0,0,0,0,0,0,0,0,0,0,0,0,233.018333272591,185.239320246491,241.228825670631,227.902252170872,243.617273867721,200.397767888482,345.018740951316,285.010424438283,250.488170914305,289.09831851195,244.587456654451,211.139495405443,229.585040622577,273.892292405321,244.836910037632,262.894882443012
1100,1100,10990,0,0,10,0,0,0,0,0,0,0,0,0,0,0,0,0,291.921214809858,294.900862816243,187.945287216092,264.698740747704,245.144135185505,281.005586961256,349.311391550079,255.98970692859,246.32297437239,289.422426024695,204.406856490335,250.043388437993,235.915212771738,261.540942993386,204.278278290865,289.755194893703
1101,1101,11000,0,0,0,0,0,0,0,0,0,0,0,0,0,0,0,0,256.825233271171,267.857490456855,257.384892959632,248.154145949893,235.287290522023,185.295769640168,311.576487023491,322.729940430479,303.202035461939,273.16360072267,261.531094620507,222.918209810647,299.136046220433,254.586246282618,247.274836227087,217.26872150142
1102,1102,11010,0,0,0,0,0,0,0,0,0,0,0,0,0,0,0,0,232.968358855214,263.644785104905,237.365112381263,219.685134071493,277.335464251196,211.928233007389,365.946505449769,299.732250090665,246.211276615976,255.577946232847,257.034477184444,249.175138741141,239.853422447542,246.725811458584,261.307287342653,267.141125499599
1103,1103,11020,0,0,0,0,0,0,0,0,0,0,0,0,0,0,0,0,236.492298238379,190.698979218505,243.388440697013,250.799076302828,233.183757547993,199.607653825778,344.552477726342,281.456728300418,248.875954739971,289.244648128494,242.696934234049,243.802514458933,247.869639722338,216.362664075713,258.939185491727,293.380254249361
1104,1104,11030,0,0,0,0,0,0,0,0,0,0,0,0,0,0,0,0,247.261107834301,228.015133641911,213.17069344513,292.922714279189,251.291417076799,272.055300931507,366.998153974733,260.268048505528,215.381952537597,279.301839601431,223.661673795657,239.871944251864,255.519191001736,296.440716030539,263.766224325828,291.793415784041
1105,1105,11040,0,0,0,0,0,0,0,0,0,0,0,0,0,0,0,0,231.217252313679,153.404600459465,205.967069276306,221.79820118341,256.872408369749,253.247040956047,326.442539693499,160.803834096286,239.151769840664,236.808988051023,274.521275085954,259.157435556429,260.086667637403,232.833757250675,252.107579734017,243.958222971094
1106,1106,11050,0,0,10,0,0,0,0,0,0,0,0,0,0,0,0,0,219.149867650046,226.04402949547,252.79120794084,252.453806629756,239.906147811674,242.954442182698,336.189859710686,251.852270679938,269.346621284225,228.592489590182,199.244300803261,230.527806967478,299.92251001284,211.355132727714,213.342524340963,243.061692675484
1107,1107,11060,0,0,10,0,0,0,0,0,0,0,0,0,0,0,0,0,228.560956449344,276.246354300696,227.687782748629,292.804330387651,241.252861854231,253.685049311951,327.295072955465,246.082293817853,256.975240859034,251.542493496057,232.416042558834,246.285686809196,342.76391485366,226.79336300735,261.802852519139,237.813339701215
1108,1108,11070,0,0,10,0,0,0,0,0,0,0,0,0,0,0,0,0,239.246176263876,280.485868034723,214.743443248361,205.500391638142,207.6378809968,274.161710053789,321.818056124452,244.269727457137,213.740568609928,212.477539089729,228.978304659644,245.812076108842,246.713643791697,234.784391935219,236.51556831824,227.078160384211
1109,1109,11080,0,0,10,0,0,0,0,0,0,0,0,0,0,0,0,0,273.815771936815,251.550079242878,225.042080083676,242.737941415091,263.495530797498,234.498153359436,342.677362285539,181.933588091044,264.155757058556,239.235635212639,187.093550661684,234.66316741552,242.132459148117,249.44113406264,269.556163701693,252.637521547287
1110,1110,11090,0,0,10,0,0,0,0,0,0,0,0,0,0,0,0,0,279.957432421297,261.444320743258,285.770497648787,291.835116525291,223.280654595078,163.691859278116,329.397866695834,295.759006403084,350.673302656749,267.076570036062,276.995947329059,268.184372359533,354.593574517975,285.338669250049,255.425868693918,255.326257230412
1111,1111,11100,0,0,0,0,0,0,0,0,0,0,0,0,0,0,0,0,218.430091227089,255.70955702433,219.184625887892,263.942929563516,208.34242648767,217.72615799039,341.912460066336,222.354341380771,263.442544559816,255.418806066737,302.718808125339,261.798173528754,276.024148474795,256.303713032174,256.463905801375,231.583158642858
1112,1112,11110,0,0,0,0,0,0,0,0,0,0,0,0,0,0,0,0,223.679461160025,273.95472074742,226.786318624525,233.390900377671,255.46374985254,239.261518408193,355.193171689764,221.412076409584,289.644487486383,259.339659027628,345.310977711742,259.636821235266,264.103211163193,240.982528192813,194.065086974735,220.686863813856
1113,1113,11120,0,0,0,0,0,0,0,0,0,0,0,0,0,0,0,0,178.965502812718,242.862517718957,226.4160898212,282.811395675119,209.227657228237,273.334629349565,339.161996700561,254.13856237514,308.85214528197,279.37767612372,217.753767600593,203.43350802299,240.052957557154,210.90985310334,242.069061729077,310.343315428911
1114,1114,11130,0,0,0,0,0,0,0,0,0,0,0,0,0,0,0,0,270.140699076978,245.700658664883,236.747648247532,225.926093437603,188.280879576393,216.88434381947,334.806775487568,206.651162158899,279.999697832258,268.052582415543,288.395207678276,261.552286614771,272.972359801412,220.254196183828,262.889916590032,305.642208374959
1115,1115,11140,0,0,0,0,0,0,0,0,0,0,0,0,0,0,0,0,236.518088009813,257.298917731524,211.596391920105,158.927416438528,315.180285825749,327.879692406597,329.049346280243,267.39191871232,280.784844183624,250.837186145379,263.544867688419,239.984073433942,214.375250640259,281.654666346751,231.456715957145,266.02978658827
1116,1116,11150,0,0,0,0,0,0,0,0,0,0,0,0,0,0,0,0,235.277326226746,245.302091631368,277.072262187213,227.406077497765,277.39770758517,268.181594688446,343.55076615137,203.562186955066,257.404325379808,270.220895527278,246.270094538669,241.339683437097,226.674423913783,299.596305415359,218.786768109265,197.869063201228
1117,1117,11160,0,0,0,0,0,0,0,0,0,0,0,0,0,0,0,0,232.814873007763,205.31306608529,246.789557362152,280.321305946693,244.106734071666,291.910381055984,340.428284352645,224.475634682847,244.207148295318,250.433145990689,293.631199434584,237.860048660362,221.018420879216,213.390091378436,148.680503286314,306.228647807496
1118,1118,11170,0,0,0,0,0,0,0,0,0,0,0,0,0,0,0,0,273.909509869132,238.213066401283,282.046251450747,271.036109815633,296.000556710363,252.70075485972,324.657749597577,216.476724989774,229.664748426609,228.023353502113,209.68802774005,309.205955311416,263.226534200224,246.440661667587,226.034501638178,274.19169576226
1119,1119,11180,0,0,0,0,0,0,0,0,0,0,0,0,0,0,0,0,214.417136577187,291.869773189195,248.547369101829,320.187408244644,277.747873469866,258.22809059599,308.991149804588,292.617831987658,271.700594849769,237.503725532231,301.184007737912,193.314150675705,300.351255298039,265.605625084178,266.106795511855,272.908017154937
1120,1120,11190,0,0,0,0,0,0,0,0,0,0,0,0,0,0,0,0,272.123619376778,210.972933746879,239.530569594772,283.82013436145,321.693485656858,226.85744028151,306.795909235878,270.047294839432,241.42897872545,223.256852646107,256.260257494768,256.461467781027,306.824198704952,282.344763793989,314.954429193638,328.062669871235
1121,1121,11200,0,0,10,0,0,0,0,0,0,0,0,0,0,0,0,0,235.627796832566,209.125665195128,261.356453841201,239.308071041412,254.815922169837,184.23625282797,304.392730149101,273.274347961601,296.628613790315,241.303808438555,233.409752046691,328.658542172459,267.306438279771,295.105355068159,235.378524476543,211.357355246593
1122,1122,11210,0,0,10,0,0,0,0,0,0,0,0,0,0,0,0,0,239.001377532327,289.292323903378,265.502030249707,280.614142690389,249.935992386103,257.224437131963,296.537745461362,209.727293640212,259.472514088001,353.135181768802,290.207308664065,213.045733007881,241.092065341658,288.905214523984,223.955886580679,300.186175538822
1123,1123,11220,0,0,10,0,0,0,0,0,0,0,0,0,0,0,0,0,266.183828356902,308.906258528047,248.863274396559,231.139513658092,267.007812951291,293.158925210897,292.785118499154,274.714300329611,243.734767027346,262.318372628688,263.879346261076,264.527270926592,277.063760643782,159.585768661417,244.667376385545,159.072318198118
1124,1124,11230,0,0,10,0,0,0,0,0,0,0,0,0,0,0,0,0,250.391891852945,266.284755740769,302.061937921713,298.691652578324,227.229703611103,279.210258258715,306.630487146552,309.00624272271,194.273116295387,254.4060750978,187.862350430961,242.23675363526,238.295715973804,241.255738727302,162.860247240247,286.996873624458
1125,1125,11240,0,0,10,0,0,0,0,0,0,0,0,0,0,0,0,0,254.290828169371,373.69736432094,178.213799681485,234.328172241069,318.478615406062,175.629071431819,300.608047923798,287.900520989532,226.046301046354,275.83029521049,267.596748269283,232.682006902614,258.837352637254,241.366419075481,209.309264190824,253.602785945228
1126,1126,11250,0,0,0,0,0,0,0,0,0,0,0,0,0,0,0,0,272.010811373284,313.187506896045,213.956500955187,235.961528188496,222.151691671744,275.337087134,278.253280150356,214.212355080753,264.817489706302,238.065731814687,243.529948761701,231.260161426994,269.347768908142,248.268160696183,261.689597242784,205.696317279723
1127,1127,11260,0,0,0,0,0,0,0,0,0,0,0,0,0,0,0,0,222.598482058987,234.921746874908,189.371820177577,289.535581401343,195.873674875146,238.399274245699,323.562415405366,241.096427657742,267.926699979438,263.065568347751,220.277874042525,326.96614356077,276.582617395384,277.754322123102,234.115985303522,257.931984776534
1128,1128,11270,0,0,0,0,0,0,0,0,0,0,0,0,0,0,0,0,294.049383232948,282.811247829121,306.797193900673,266.066978232965,310.170648926761,230.175626282793,346.327506970691,272.447843833355,225.020111113055,252.152851154172,287.578165425337,229.015759689889,247.277236487795,292.037388718303,263.246856368574,248.164917714702
1129,1129,11280,0,0,0,0,0,0,0,0,0,0,0,0,0,0,0,0,290.805445305715,210.000799587418,217.273351783908,256.26612926914,262.30299149908,317.482053233411,330.568966015884,193.762309131554,301.344030451518,217.106578569151,231.068325583941,205.55811824515,262.512439390196,275.033777427676,251.3935062785,272.200467545812
1130,1130,11290,0,0,0,0,0,0,0,0,0,0,0,0,0,0,0,0,220.341126507738,279.351600428681,292.844739582866,248.99690731412,180.40041134654,257.680501179203,307.145420855114,226.733028602137,252.432454929571,302.707210416658,310.01617111372,304.008021974321,217.631320656144,192.971210442486,234.60081399417,218.310370347445
1131,1131,11300,0,0,10,0,0,0,0,0,0,0,0,0,0,0,0,0,210.998841723159,244.789712083372,287.465668887269,239.438354558437,263.126920061233,218.881504093161,322.525233681534,254.219214591265,247.4466559175,300.893689975902,294.125670463756,193.092280063294,296.949997430721,286.414910601268,231.237070877076,294.579405106055
1132,1132,11310,0,0,10,0,0,0,0,0,0,0,0,0,0,0,0,0,213.783390765208,206.620651551499,184.041924366027,310.989675522889,323.836979366005,271.261671732706,325.567430344821,272.635693953707,275.257779265146,245.625134811714,155.734627520489,280.833719536215,247.486624085173,283.96699248959,209.429335796811,191.932843048792
1133,1133,11320,0,0,10,0,0,0,0,0,0,0,0,0,0,0,0,0,291.057842441612,193.583906644137,237.715729826515,216.352427659721,212.895505325282,234.716655950205,316.006564089639,253.782625155117,222.385816827328,252.6901226081,254.872203252657,187.364405495088,222.166638016329,303.210540190072,210.517393932383,220.214101227321
1134,1134,11330,0,0,10,0,0,0,0,0,0,0,0,0,0,0,0,0,213.637891023819,252.492838980368,222.670180317381,222.544660564572,246.359602048156,212.593657736765,328.286627299941,280.917876957355,261.234282212693,312.243837787908,219.832484871535,224.276902818751,267.042082275413,188.400010643506,239.091557986389,220.846953692877
1135,1135,11340,0,0,10,0,0,0,0,0,0,0,0,0,0,0,0,0,267.349004018873,270.047274019548,242.774784957564,232.785881731076,200.518802351543,209.015525427387,333.778411489708,277.799719356878,276.192430575895,294.866657038615,229.751322697012,222.976085620433,226.748534052389,231.214098461437,247.462289829975,188.334034456822
1136,1136,11350,0,0,10,0,0,0,0,0,0,0,0,0,0,0,0,0,284.85003093997,231.457321846506,292.548145727064,251.16800999833,251.008107169496,195.309514663377,331.526521666612,167.50700661147,231.5912456962,303.602966768429,243.592198581273,249.400006946105,251.195939689558,248.163680872926,290.952330815873,310.34387764932
1137,1137,11360,0,0,10,0,0,0,0,0,0,0,0,0,0,0,0,0,241.902891382518,243.512090428246,226.988927350978,248.825350584119,256.84010225948,246.464300240001,359.213332546171,176.545386212992,234.934452539905,228.001774140433,300.384122974006,290.940818315935,263.366236016656,264.303454697124,247.690844738889,222.582723227595
1138,1138,11370,0,0,10,0,0,0,0,0,0,0,0,0,0,0,0,0,206.842792341858,172.536159541512,243.760915447566,191.406284137428,263.20953973297,204.119230389237,332.751749473382,292.427721299953,305.556073590231,320.780444727363,221.212209506481,264.827538653081,183.762135170101,260.426082422699,248.116584645963,274.596705850918
1139,1139,11380,0,0,10,0,0,0,0,0,0,0,0,0,0,0,0,0,234.88517810353,200.419356497975,278.189543292424,294.940291887236,216.7130672685,282.323457446827,318.570922941154,275.717431163113,241.019361547894,217.55909921967,295.36423822291,249.560065906111,213.545480191569,210.203560088834,279.350385806272,215.051033421741
1140,1140,11390,0,0,10,0,0,0,0,0,0,0,0,0,0,0,0,0,290.360160704242,241.051049641737,285.756451610389,308.997970545456,219.132241720312,247.250633629253,357.852329254668,256.258051518027,304.66366403838,250.889116384194,294.707344719349,254.425010860952,268.390060984573,222.551449817215,277.749199881424,181.689738705577
1141,1141,11400,0,0,10,0,0,0,0,0,0,0,0,0,0,0,0,0,232.903885773916,289.108247433596,279.790522215276,221.371506344429,192.545231677722,165.466817882794,364.519916721723,202.369608833467,236.598842014098,308.381904534187,249.347186356424,207.716189660192,242.346123359239,293.329846645305,207.436241459366,257.316839393224
1142,1142,11410,0,0,10,0,0,0,0,0,0,0,0,0,0,0,0,0,243.749762729655,308.288224161595,249.317876982078,258.716035764632,272.739629594084,223.354072187758,366.54483891757,272.741084511722,262.576462167358,286.434849577163,275.799518638109,245.76673786741,268.130102839425,273.121795736431,287.4684387686,258.498755385353
1143,1143,11420,0,0,10,0,0,0,0,0,0,0,0,0,0,0,0,0,236.478659844459,256.502163687277,226.210787914885,235.03101920954,295.305014834834,336.482104367926,371.357581752618,288.511261570182,216.369142239741,287.110545893021,281.595558670363,281.48819276539,253.651527475396,243.163765397823,254.142841184454,224.96707452619
1144,1144,11430,0,0,10,0,0,0,0,0,0,0,0,0,0,0,0,0,263.324033500333,234.584227604025,233.163050052313,253.790160908611,260.874796781562,268.054638359003,359.527400353095,262.505596505983,244.602543177794,269.334745909199,245.16213862804,145.240776234975,317.065522271647,260.834416760473,297.103073541143,226.285652602932
1145,1145,11440,0,0,10,0,0,0,0,0,0,0,0,0,0,0,0,0,258.695067448953,205.833218919399,325.966206449359,270.449997656011,244.968598690025,216.121767218642,387.842048998684,164.960945704163,229.953205648058,222.560050278973,192.403437077653,269.769279791292,212.830370685783,294.476924615051,276.641944211259,287.891719939978
1146,1146,11450,0,0,10,0,0,0,0,0,0,0,0,0,0,0,0,0,267.670062869779,263.459232272775,259.580468879412,243.103891779418,193.393826625036,256.522709709596,358.086699339917,310.752686787419,321.702153257969,258.276109031768,155.84023610491,215.905092001764,225.452485743029,249.67603612572,250.097958818441,317.89936788143
1147,1147,11460,0,0,10,0,0,0,0,0,0,0,0,0,0,0,0,0,244.606261150772,263.515357409193,201.637288243316,245.412460687555,312.535117229772,220.958824506207,388.439188067265,281.02659716582,245.44083060014,267.457844829831,244.949896947304,248.171410062525,317.215644352669,266.179130416468,248.619233164499,233.796550075337
1148,1148,11470,0,0,10,0,0,0,0,0,0,0,0,0,0,0,0,0,189.271592647213,244.23105039817,275.361250430059,242.015222159318,268.576871004258,276.784520903875,401.320890443266,206.907314210375,233.065391345174,251.687905430613,254.780335061612,165.050193807939,251.42089131589,193.827073720193,266.511216386718,329.82597720567
1149,1149,11480,0,0,10,0,0,0,0,0,0,0,0,0,0,0,0,0,258.47189586536,302.594472605377,219.666867611651,273.016085391616,285.13615488152,237.123669671682,396.874757866663,231.606844570228,184.829178429424,222.523754585097,254.119117455387,270.973380809897,212.005729935065,257.095282710114,272.06188833107,288.059277847914
1150,1150,11490,0,0,10,0,0,0,0,0,0,0,0,0,0,0,0,0,230.609556566293,261.971439391545,195.341700569217,217.663265862008,196.926159056528,205.099224845484,397.23957725578,263.806898457701,225.430748519898,222.238135333871,274.966365187985,223.191799513773,281.231472678467,216.363816134435,198.65702649866,321.33200794244
1151,1151,11500,0,0,10,0,0,0,0,0,0,0,0,0,0,0,0,0,254.49419975442,260.065296792663,234.926290620664,232.71550737424,187.153323286467,224.105566840121,396.33039806617,231.188314067931,213.877231949237,269.263302727311,214.218204052179,339.088767931516,194.211637513384,257.605270471254,212.611646894479,201.434904545857
1152,1152,11510,0,0,10,0,0,0,0,0,0,0,0,0,0,0,0,0,214.931504795815,235.874013253494,267.031747581748,281.788264771814,248.395793256302,195.067002673673,414.405345571169,257.002462594416,237.95466743736,208.928782515002,285.103733704937,247.010838383924,255.445647630304,192.887448773524,313.94071258475,300.075105263549
1153,1153,11520,0,0,10,0,0,0,0,0,0,0,0,0,0,0,0,0,158.851937656184,192.343453266953,305.516146728219,197.368604413239,250.316337919624,227.683740631899,393.518955798415,182.703003429992,172.52326256271,197.268222654051,270.121091754349,206.234585018182,286.039523741678,307.458797907035,226.301044026149,267.792437036275
1154,1154,11530,0,0,10,0,0,0,0,0,0,0,0,0,0,0,0,0,237.304440498533,305.130754134609,275.407286878917,246.540873550769,272.877060620923,253.665466210777,394.195658700847,234.591011680325,276.360355743218,222.187629273837,223.01418856949,273.734241224426,206.616087863965,280.829074114137,272.322878920016,273.666999962697
1155,1155,11540,0,0,10,0,0,0,0,0,0,0,0,0,0,0,0,0,241.018436547113,289.40480859609,221.11796562901,193.523892912818,239.509999239987,290.949236361133,410.122006497935,309.242797390581,261.576531479189,216.442529873964,233.79035803248,220.458617167303,254.499963984706,206.092702731955,275.515833614501,231.973399368751
1156,1156,11550,0,0,10,0,0,0,0,0,0,0,0,0,0,0,0,0,249.494434170274,218.664619250661,272.333598164311,263.50023379501,300.06655538605,296.584038106535,408.137969131571,310.372127633334,196.229033359779,255.994215712922,217.298740355192,297.436726828502,265.867526707821,306.05174687828,286.346975223506,259.624400596814
1157,1157,11560,0,0,10,0,0,0,0,0,0,0,0,0,0,0,0,0,331.323890361037,220.573428023996,293.367520281901,198.078067804484,190.907241174537,233.722593422673,410.14276155129,231.338016734096,261.027692812466,261.040574510614,290.973000186903,248.238193185748,276.029964791072,157.513952544346,284.327270511674,238.735545212645
1158,1158,11570,0,0,10,0,0,0,0,0,0,0,0,0,0,0,0,0,265.190635174106,242.031144409213,253.75564445687,302.449494373845,248.98746477531,310.956242669916,403.513923164114,288.540912359406,232.298531381593,215.352814096449,260.375199335092,221.940068897731,256.451925036618,264.146735764844,241.618596137138,271.404120855902
1159,1159,11580,0,0,10,0,0,0,0,0,0,0,0,0,0,0,0,0,276.385599525738,259.870894756538,240.916488174736,195.855585432096,188.871287936831,216.806374525197,395.961935297525,260.481419512721,243.147050288456,269.422992609386,210.00552002652,249.60760913983,222.160260570328,243.288833377724,241.203279043135,192.200985116238
1160,1160,11590,0,0,10,0,0,0,0,0,0,0,0,0,0,0,0,0,270.020876063862,289.982441058814,254.113969224746,256.76417528424,215.642854230383,220.035678257478,402.792130158802,174.575175312099,230.108885776789,230.739365441774,194.988814831577,254.38785999566,294.560898413839,214.231649814562,241.832653440897,249.610794042348
1161,1161,11600,0,0,10,0,0,0,0,0,0,0,0,0,0,0,0,0,247.382309905605,255.94068753796,284.216888547594,234.167386881368,268.179463419772,238.586331827142,401.667136285157,282.760103699015,183.006073171163,253.907396531641,302.49294394193,252.797537957299,238.748501250171,224.195784802089,254.198130185465,250.315970623507
1162,1162,11610,0,0,10,0,0,0,0,0,0,0,0,0,0,0,0,0,159.219371760473,236.059246550132,284.590482405443,255.07236069951,246.754155218489,224.308069769481,421.691031942242,233.32624002232,200.823257793849,231.752844924444,244.207216458879,280.652991781743,269.907677952195,263.829329824655,320.086523909836,210.756438436469
1163,1163,11620,0,0,10,0,0,0,0,0,0,0,0,0,0,0,0,0,298.599314108063,290.791311927327,260.807890661529,294.063344321512,170.1851929006,245.540378619587,423.249496852294,306.634358651341,234.697179351846,252.390766123101,232.892981568544,290.989618500347,296.373194671941,288.5592847576,213.410266933677,205.978411257924
1164,1164,11630,0,0,10,0,0,0,0,0,0,0,0,0,0,0,0,0,288.959992712643,249.184536297288,274.093888688636,254.782118386604,292.271860088158,269.177773270768,434.267824940545,315.887194830292,186.98724817404,200.172240335871,251.083022874791,304.124711133671,285.420102332485,203.912854391624,203.315973123195,280.519995144347
1165,1165,11640,0,0,10,0,0,0,0,0,0,0,0,0,0,0,0,0,198.66301977687,249.197216979184,259.574301858752,201.291761127843,226.50635642146,243.237203265739,413.90409613811,290.562611796591,237.648463959626,280.426234953446,195.451671174052,276.628692756568,209.272950998608,254.01275473316,275.270013191171,251.194275356225
1166,1166,11650,0,0,0,0,0,0,0,0,0,0,0,0,0,0,0,0,254.30108517525,281.78633559319,166.885351739559,246.208131814127,305.401745206839,300.498869348705,396.044170207271,206.333785451521,218.488836084535,205.501344950752,292.992645730569,252.267968102979,238.342031267641,223.561285063167,286.39709422485,232.696816334538
1167,1167,11660,0,0,0,0,0,0,0,0,0,0,0,0,0,0,0,0,189.037072454627,307.671177145282,206.932906533312,185.106344418961,212.274378396984,214.254396324434,416.72946609317,203.987289460489,274.721070288394,252.695299801029,171.021655078954,294.668604381594,168.959841433989,256.673067900395,245.539029052779,187.767317367913
1168,1168,11670,0,0,0,0,0,0,0,0,0,0,0,0,0,0,0,0,263.398829308169,217.316499724447,201.680639747325,218.41973244527,216.305505604914,304.94088010952,401.151122032299,293.034312067187,259.261505210671,223.943493929365,259.514353230793,254.826787022899,213.340253455679,255.260089569399,299.952378469139,314.300216564645
1169,1169,11680,0,0,0,0,0,0,0,0,0,0,0,0,0,0,0,0,245.334209482751,176.842584156159,215.532407437553,265.096144263542,271.6707667813,243.239671372386,403.400978089188,246.565388326232,286.853240417047,213.710589468271,263.117938847449,250.999512112683,276.970398368451,267.192803830389,247.30780281945,220.373385643004
1170,1170,11690,0,0,0,0,0,0,0,0,0,0,0,0,0,0,0,0,275.032105052861,208.644376508568,189.331204754997,265.507770095503,251.347772002332,214.647576618915,378.059677113283,296.909522653343,220.830735084061,287.628513043122,283.200852904065,237.821096194073,295.7625879185,308.331301942513,278.954137877838,188.276408149007
1171,1171,11700,0,0,10,0,0,0,0,0,0,0,0,0,0,0,0,0,196.494492879924,339.147209939811,220.284062201735,201.445497716031,227.201205445504,138.278326136509,388.042299345926,301.896604490982,243.992762166125,299.501952642879,184.402044118941,273.367981139973,258.512858835192,303.375449804804,214.188302821164,191.42073466736
1172,1172,11710,0,0,10,0,0,0,0,0,0,0,0,0,0,0,0,0,181.124942520199,233.996963297494,197.291837322639,215.231132995382,304.313805512047,263.294441244735,370.009539061228,242.55434303156,206.632024974162,245.316297321656,273.85195460713,232.674112315327,215.500671917488,210.947327485558,183.204849858347,262.447668382532
1173,1173,11720,0,0,10,0,0,0,0,0,0,0,0,0,0,0,0,0,225.31999792147,308.355827920593,307.454588289081,171.523146959103,263.086527938958,232.541027207628,367.232318063816,240.850693816414,276.249738935367,267.251751002109,276.314148171281,366.569978595051,252.374826284403,250.290976603652,240.430589660611,285.929902398071
1174,1174,11730,0,0,10,0,0,0,0,0,0,0,0,0,0,0,0,0,260.494930938548,289.146731320209,243.776193900871,280.969171392788,266.241910653324,198.162792854974,359.085242424748,238.331846801869,255.463692212901,265.322048270086,181.407258440636,211.719941970373,244.734889124753,222.601048924981,233.255143487402,293.334435031263
1175,1175,11740,0,0,10,0,0,0,0,0,0,0,0,0,0,0,0,0,231.626403644544,232.014912536783,237.677545872942,238.488470168377,243.901503554048,272.810369087632,369.782402292018,224.235961289076,276.259173236317,253.827776272234,148.08313954622,319.166782994155,285.832858126439,285.183831247774,257.965304493382,269.231349885748
1176,1176,11750,0,0,0,0,0,0,0,0,0,0,0,0,0,0,0,0,209.290056985218,287.367356183341,280.107510554806,212.67994087512,225.376173861568,246.798739459643,377.775914493292,277.402077833134,250.24493116813,279.361537390903,273.592555806522,310.77564403204,254.350151958591,270.953441437091,254.058109857129,263.227353920386
1177,1177,11760,0,0,0,0,0,0,0,0,0,0,0,0,0,0,0,0,164.252538954182,228.586759112108,310.199119565743,261.934719684831,292.412350739147,295.943303303997,348.14359062287,283.581028167294,237.489357494788,183.279320100804,302.612527987181,262.316105623104,235.930462850261,288.882304328362,198.008310275503,294.239248569874
1178,1178,11770,0,0,0,0,0,0,0,0,0,0,0,0,0,0,0,0,315.097457296774,207.899482936563,241.397800764938,219.014231529864,286.164690941892,213.824387741823,375.435642378572,252.395225665558,251.255419287105,216.748978831006,253.106345575082,264.983100382839,243.209323475994,284.89201772792,204.553063927083,191.780410807891
1179,1179,11780,0,0,0,0,0,0,0,0,0,0,0,0,0,0,0,0,286.418881941609,220.029885195064,251.151857321737,221.243936660736,217.760527081283,264.946745085135,359.773514583184,241.998792230415,252.272427419222,256.974195651516,305.713874637555,242.045690703226,290.838665215942,264.273857607802,206.040262764896,373.625556367084
1180,1180,11790,0,0,0,0,0,0,0,0,0,0,0,0,0,0,0,0,260.041757060472,216.694533316408,258.715075133539,235.578100231946,269.458856533666,242.981786543963,372.557350174801,246.564093946661,249.556652072729,302.575026671291,265.505066661643,293.558850880973,267.113931539225,222.704706605988,259.591246979194,265.225360238519
1181,1181,11800,0,0,0,0,0,0,0,0,0,0,0,0,0,0,0,0,262.415842484749,219.074689932503,236.386377783724,237.041950904053,266.468076297231,187.670573256991,359.880367544,195.22962430605,314.086991598778,219.432797214736,306.146106477239,223.025840620615,244.527592079414,263.841835601763,261.581613717647,269.508009129841
1182,1182,11810,0,0,0,0,0,0,0,0,0,0,0,0,0,0,0,0,282.036061434832,233.755520208234,256.533021783196,337.417531940496,341.941080117351,244.926332266458,320.915439428382,233.256811424138,182.171037641323,267.444045156812,233.719557189812,211.257556447572,254.489012282274,243.332051047661,256.599131674335,263.340298403657
1183,1183,11820,0,0,0,0,0,0,0,0,0,0,0,0,0,0,0,0,196.720883337267,268.906177882567,285.836381594143,212.410681714515,211.677492148445,230.861824453415,336.87864938044,200.090939714713,289.078974148876,280.058410515974,275.407330720739,223.659471321199,211.602208896594,238.966314210371,196.482371763192,195.094011503458
1184,1184,11830,0,0,0,0,0,0,0,0,0,0,0,0,0,0,0,0,293.588465874508,188.4215710678,216.057098571824,211.507382493166,252.232588394117,280.271893618024,347.608837863749,219.26936428787,188.164842560383,276.078036062768,279.526733371623,220.051322448181,277.496242888508,286.0046716012,254.034056093257,241.445724975566
1185,1185,11840,0,0,0,0,0,0,0,0,0,0,0,0,0,0,0,0,258.300497661145,251.487733111404,258.518259603843,191.360694072037,227.462999235485,193.560728897367,316.653815826076,268.726271357398,210.344289522073,222.195884856865,275.315308492011,254.468584901374,229.434764632588,297.073372562514,228.488040456785,219.2478010913
1186,1186,11850,0,0,0,0,0,0,0,0,0,0,0,0,0,0,0,0,242.682852500224,217.770291122475,281.40678379068,199.645819291709,274.192398331233,293.908429160957,298.113452667628,225.472060512623,250.502678119578,240.185217768558,241.590875533702,251.636942918396,287.985581150676,272.537122606714,229.438474510684,267.029851877741
1187,1187,11860,0,0,0,0,0,0,0,0,0,0,0,0,0,0,0,0,242.435759647228,281.957721181266,278.057414554609,267.980009413202,297.623120721439,236.149643018457,302.888300609414,329.068348364875,232.817872744355,251.160890663163,269.214313470921,261.801123069216,217.101414996326,256.602731468514,295.298376353896,241.602334572677
1188,1188,11870,0,0,0,0,0,0,0,0,0,0,0,0,0,0,0,0,197.707791022304,249.248123286297,242.204698249355,265.167104411508,277.6368783445,301.388070358467,280.440754480124,287.251661752514,242.598771010977,256.958860914446,218.344316899303,264.198977082346,220.409763630074,198.027020133793,213.915494259437,239.535735382211
1189,1189,11880,0,0,0,0,0,0,0,0,0,0,0,0,0,0,0,0,196.857229756125,261.889363519517,221.115589659517,247.305189692006,225.153706055642,188.700764425053,311.617560134683,274.691448426621,218.775706311225,201.649900605286,243.835965691988,216.44810205286,221.695119344831,239.964774291838,306.528959429318,270.199515742993
1190,1190,11890,0,0,0,0,0,0,0,0,0,0,0,0,0,0,0,0,217.844877258846,300.20933615792,254.33307691449,186.084101527944,257.026253855902,203.932431978247,284.210460007127,283.339236463638,267.04024915967,222.068862014514,250.976453875483,231.698324054098,255.830350247488,136.828103640443,235.221570882939,252.453773225523
1191,1191,11900,0,0,10,0,0,0,0,0,0,0,0,0,0,0,0,0,240.972635673499,233.172780490326,257.305956621984,228.417252007094,282.513123978191,278.933031674688,274.905563621998,280.13095672105,247.484046627336,262.102930801748,211.175535227206,274.452232325475,193.380391592312,228.638363431248,212.685402579513,224.302425573645
1192,1192,11910,0,0,10,0,0,0,0,0,0,0,0,0,0,0,0,0,206.907541274941,235.409603947694,291.101440375251,277.775303642995,205.117365597951,229.446502785346,255.690595693751,258.788906752224,259.954361918217,244.186432910004,333.500337547936,190.90074252839,215.740636176261,281.172343940163,239.24974739777,216.616262105409
1193,1193,11920,0,0,10,0,0,0,0,0,0,0,0,0,0,0,0,0,262.649415586674,190.637302673732,203.263145648364,176.582789671464,375.786119511078,264.471646760951,297.663526914731,228.338655516326,247.048315440782,255.244479287186,235.545198165423,224.519387283066,206.635818691185,270.31011229109,235.92287621387,248.164673803672
1194,1194,11930,0,0,10,0,0,0,0,0,0,0,0,0,0,0,0,0,274.602953470449,255.783467386596,252.377997449291,285.451557389033,253.136618939809,203.397652851676,295.826584163124,264.666432478908,183.63216867925,242.901858244078,266.977678666777,193.910887723842,263.172591587922,304.971457566694,296.141752987508,265.48582398802
1195,1195,11940,0,0,10,0,0,0,0,0,0,0,0,0,0,0,0,0,242.547048232099,287.478302641919,212.666854215177,252.527785555009,230.981461319297,257.351653501803,308.310391176733,258.428050326734,252.188449183903,213.133702459685,242.916144075695,267.520224868921,251.501718438511,240.315352079161,273.057645415318,264.465451783561
1196,1196,11950,0,0,0,0,0,0,0,0,0,0,0,0,0,0,0,0,248.79215442758,292.892403187518,253.818217145692,227.639369603461,304.685075679916,227.076655302925,289.544927013058,296.784667803779,249.164765026769,265.872993019423,171.867019937593,236.012949007872,280.71000439478,229.267918830671,223.69830624347,210.969824299301
1197,1197,11960,0,0,0,0,0,0,0,0,0,0,0,0,0,0,0,0,345.854855355719,230.270502054766,244.752587090063,234.243160500021,169.891722124126,235.238382927821,305.013063939287,275.22531289848,244.174358033324,260.212354180701,244.125016874002,292.841615777777,271.580567103978,238.6814060642,229.491382074695,214.782300799597
1198,1198,11970,0,0,0,0,0,0,0,0,0,0,0,0,0,0,0,0,228.742717854778,266.626836813297,211.091185560542,185.033275661055,215.69461131521,258.613542598702,305.106166343115,166.486409868259,241.68679099346,211.191309408819,235.247614287755,199.261526002841,253.938062702924,285.439025140223,277.590017591025,256.599529145175
1199,1199,11980,0,0,0,0,0,0,0,0,0,0,0,0,0,0,0,0,247.504891697599,204.836438680087,278.800869219644,289.411838004846,221.683991648014,264.244604320371,295.410735107153,282.840569093255,201.421987006193,192.034202813798,279.670373392447,220.378605873975,254.280695777849,242.571050125903,203.916694240712,248.464889505163
1200,1200,11990,0,0,0,0,0,0,0,0,0,0,0,0,0,0,0,0,245.069661062651,209.977513928441,210.946444095986,289.046068774326,221.801912877853,229.140055324381,295.272218302554,179.743353456129,211.439824800874,250.760293692713,242.195720752018,225.274303779625,245.476898982109,201.896002388912,226.929225619913,183.999542599171
1201,1201,12000,0,0,10,0,0,0,0,0,0,0,0,0,0,0,0,0,233.772818644091,248.901962537029,253.412700923815,267.084414913211,219.348174832424,274.843306025527,314.57030707403,273.900109430987,286.101250694592,218.604872917312,165.269195916563,259.743646093581,264.336075192699,230.496980810806,261.91046289624,203.322804881384
1202,1202,12010,0,0,10,0,0,0,0,0,0,0,0,0,0,0,0,0,327.894344176709,245.417590359791,337.420871326166,295.612755782812,279.385369193887,246.52231740665,314.323743135218,260.418640564663,250.881588588211,271.100969453,204.183359490166,205.524949138744,184.752119916343,202.558146791953,189.890413396696,267.986453170967
1203,1203,12020,0,0,10,0,0,0,0,0,0,0,0,0,0,0,0,0,172.244321305803,265.352555302641,276.1294432728,265.801285820638,294.755412891469,172.545429705391,302.816475942696,247.059860024132,217.245043603884,287.526878081519,244.729788876053,221.261768893874,201.515887757958,239.441102189093,210.697545424509,190.271170068184
1204,1204,12030,0,0,10,0,0,0,0,0,0,0,0,0,0,0,0,0,223.050517665857,260.426045903032,191.334706963487,203.26010795644,170.95926849199,222.157257359193,321.663112700725,295.012301487478,234.199922049492,273.361071571135,182.634186790424,191.837744792837,221.226809770991,246.817718843934,235.041110364623,229.61761399613
1205,1205,12040,0,0,10,0,0,0,0,0,0,0,0,0,0,0,0,0,282.379291643046,247.350667653835,208.500111181442,236.354976213416,255.61026552068,269.217348568409,325.203180253932,299.934942417461,272.833156505024,198.057047731337,190.893707882687,284.938133609594,281.290479194084,248.311280357989,208.588609489778,201.706863340488
1206,1206,12050,0,0,10,0,0,0,0,0,0,0,0,0,0,0,0,0,312.55576000954,286.413632362266,183.770059884618,268.119976140784,229.602420136954,307.633749353231,324.986468621217,232.602497012384,259.693266974325,190.878596161369,216.568878424251,242.278047776317,257.787880298589,292.202379345385,263.62302227863,260.570739519783
1207,1207,12060,0,0,10,0,0,0,0,0,0,0,0,0,0,0,0,0,243.484345194488,229.758024528259,231.613471944563,239.841212275779,202.260160855902,276.642130489664,323.92420586682,161.476855940021,275.736771186934,186.474917788806,230.444783102959,272.921793935615,226.176140457019,228.94237720614,215.353851904759,192.611078617719
1208,1208,12070,0,0,10,0,0,0,0,0,0,0,0,0,0,0,0,0,310.051664074637,246.248585769135,264.80278804203,294.40153205099,253.775970715661,183.475939003611,325.573759631437,263.231691756615,213.516614454186,208.091453785968,245.498515324936,184.200276654197,232.035635307038,264.811294053971,249.104273831808,232.912117201504
1209,1209,12080,0,0,10,0,0,0,0,0,0,0,0,0,0,0,0,0,290.585403591314,280.12966910114,250.431676485973,271.195814513112,246.101583188735,251.035254434611,345.279928900644,220.851325094848,284.966037403819,219.341265643303,239.775972816045,254.622946049498,207.500387044156,251.414065260169,325.679317101153,292.267622167517
1210,1210,12090,0,0,10,0,0,0,0,0,0,0,0,0,0,0,0,0,243.525552457461,307.693456996105,215.719512436144,301.456536053234,219.630933595883,228.306765153373,356.852858786753,221.471859311464,286.071867295801,274.808065415213,247.321347133235,265.463942021657,221.583785641412,340.148368551442,341.728193469613,219.979518928582
1211,1211,12100,0,0,0,0,0,0,0,0,0,0,0,0,0,0,0,0,290.668940644957,219.172695751104,329.146347349469,261.203247029186,293.833127655997,273.139835525569,342.988847330711,273.251312498943,247.23011428126,249.533511074445,235.647912879235,292.647898969349,265.134148763358,199.301063569703,287.965545520243,292.543799612562
1212,1212,12110,0,0,0,0,0,0,0,0,0,0,0,0,0,0,0,0,234.3658076119,209.415947572245,203.4317703264,200.763754378033,297.832840431988,265.780224593735,364.841327944464,280.912689246884,252.204312487726,303.338625076234,283.28462381731,250.730943067227,184.391399967941,238.072852596448,258.936478959821,241.353639243535
1213,1213,12120,0,0,0,0,0,0,0,0,0,0,0,0,0,0,0,0,239.660900395008,216.804436885361,259.242057505033,289.580166774242,271.386126424707,263.699242761391,388.465135095649,210.71850101398,241.624208624524,251.153080931186,219.511597167042,261.50516704868,245.799341388462,277.090516527357,254.754208963379,249.679918724667
1214,1214,12130,0,0,0,0,0,0,0,0,0,0,0,0,0,0,0,0,255.919803744374,199.771694786481,282.923400979723,234.569289337132,191.078958610628,277.404960347388,358.528245345126,276.496228924033,294.256459458403,214.291757874874,224.825484310097,225.63802768737,261.931743633,338.815867132832,263.605373191209,263.576354196901
1215,1215,12140,0,0,0,0,0,0,0,0,0,0,0,0,0,0,0,0,226.988660020932,240.904225076272,254.102728189091,255.992128170587,287.387542130817,327.133507982605,338.620254474232,186.496379277087,275.57607935915,225.968580772357,215.85170920252,186.921197013503,278.296282819225,222.628699828233,214.086092590713,272.783811306481
1216,1216,12150,0,0,0,0,0,0,0,0,0,0,0,0,0,0,0,0,247.987707684277,254.366498022391,288.450378738825,230.896375486337,247.452707683123,270.587577945379,317.772180699515,263.065903184927,261.850416073852,315.054498871207,268.607829252928,212.253102062241,281.866147222915,244.404037537746,215.753647584513,212.825643405539
1217,1217,12160,0,0,0,0,0,0,0,0,0,0,0,0,0,0,0,0,212.20044448752,276.345716210456,285.792696312765,342.333440783581,219.510271285387,248.189629688854,330.351393472334,219.672255896586,214.181675632232,268.23654037548,256.292315277456,237.470388065678,266.117572183362,274.054173501834,221.765057521663,228.824850627686
1218,1218,12170,0,0,0,0,0,0,0,0,0,0,0,0,0,0,0,0,316.181186855607,215.14767754928,217.622454986618,240.89868275513,192.201079879504,186.792342031424,316.747262694256,210.394467429139,290.336118410043,268.850308759983,205.324514114132,282.823640144696,287.381200636752,229.788662333783,309.920387906959,274.119886070457
1219,1219,12180,0,0,0,0,0,0,0,0,0,0,0,0,0,0,0,0,346.698975522964,267.453096541889,218.199870023021,213.78311345739,282.906881504208,237.986910079239,323.920205555721,243.591437650117,284.456368530714,251.166174815468,204.682012158862,346.00270265165,240.269325295316,274.411142174771,247.493144194945,285.388479877018
1220,1220,12190,0,0,0,0,0,0,0,0,0,0,0,0,0,0,0,0,198.215601539835,275.655765493723,199.075902679606,244.332940591191,219.213973418144,221.823136436174,328.520431667199,321.032687088154,206.149001833786,213.145998904477,288.415632279283,268.12558822191,214.021153369341,295.186882257679,214.623309137996,277.814126330964
1221,1221,12200,0,0,0,0,0,0,0,0,0,0,0,0,0,0,0,0,244.088846775523,191.364174032006,292.049417302874,282.459208053258,280.175723987441,261.980124750344,306.828853002353,286.391936132521,251.470149343141,280.407425986414,254.588428367645,240.031949187211,251.053521531144,265.149873142527,292.093120945941,289.37968516083
1222,1222,12210,0,0,0,0,0,0,0,0,0,0,0,0,0,0,0,0,285.646964609846,277.818083605402,262.923792202551,271.044056545773,256.23526009524,251.711708270439,336.386968467079,241.730630907499,320.728290906446,219.966161696544,275.672625409623,280.689113575661,352.188034098642,253.171333917764,290.872531499918,243.364383141141
1223,1223,12220,0,0,0,0,0,0,0,0,0,0,0,0,0,0,0,0,215.772643343705,307.549785740161,290.006862817331,263.982602717008,214.346866185787,320.414603761787,300.640151834617,281.475216051134,200.881959250941,277.629720549693,239.554616484453,218.725300962498,302.586697999187,267.52567925948,190.165077103561,254.006348080586
1224,1224,12230,0,0,0,0,0,0,0,0,0,0,0,0,0,0,0,0,272.633998600707,267.299741923411,266.073292863857,189.608842074554,320.500011228176,306.017373246558,299.695323239716,246.968805411646,341.287469491512,260.554941865442,271.632526059882,289.813069706925,172.867321678548,255.299968172738,256.037397236974,234.157823140262
1225,1225,12240,0,0,0,0,0,0,0,0,0,0,0,0,0,0,0,0,203.470209314239,329.566750923015,282.518915692896,208.186681115563,267.964300128194,261.045287768233,298.179389485304,281.052912552598,304.114900190392,264.060714289877,254.522764004731,258.012385055192,246.828303057102,194.529983414163,285.714075519163,265.538263829236
1226,1226,12250,0,0,10,0,0,0,0,0,0,0,0,0,0,0,0,0,290.194387797809,302.866682041613,266.445251436019,320.973730672363,261.105776459206,272.503080714687,312.297402543788,284.764174755866,258.962290511398,261.782119602154,174.450685508984,255.83272232109,299.399246842539,280.71852796138,265.145900449479,243.280669616872
1227,1227,12260,0,0,10,0,0,0,0,0,0,0,0,0,0,0,0,0,207.799813839907,268.135301192557,210.038760795089,288.081540106588,231.624928148328,298.505035402436,301.851156429262,255.325332397648,271.315752917888,311.631098782549,270.679428770707,240.123413269993,214.095026176289,278.093552837363,267.462967122925,253.399662628156
1228,1228,12270,0,0,10,0,0,0,0,0,0,0,0,0,0,0,0,0,134.865562206566,181.632274544385,198.45705064501,259.340800942602,263.960281223667,203.221406768757,301.763986987137,222.430709799592,319.298678739912,201.279061281036,312.003084077346,270.223167940393,233.717314017064,276.588864771802,231.548167827968,235.595840621786
1229,1229,12280,0,0,10,0,0,0,0,0,0,0,0,0,0,0,0,0,216.442194970813,266.599170526028,272.868722172762,237.460671303191,180.507053257322,207.73711381168,289.388058429397,232.196139322233,232.538168887964,262.147913591667,222.283802112167,240.78872137515,342.544345346975,237.84149746081,210.598390372224,181.903408943054
1230,1230,12290,0,0,10,0,0,0,0,0,0,0,0,0,0,0,0,0,219.010603579103,235.040656065796,228.011724986218,239.236322666533,211.237459145976,215.633412874906,288.466854680678,228.683514359821,233.945188085803,281.353959871727,228.593769134351,179.405056531972,264.445373775193,300.901975847582,277.844087980975,312.850003057723
1231,1231,12300,0,0,10,0,0,0,0,0,0,0,0,0,0,0,0,0,275.297851437775,282.044004499023,263.9350873055,186.66832332389,193.882521541855,271.630141093096,297.987477609599,272.720251931646,215.822927596925,263.889542521502,217.000094927061,218.573466923201,217.664467499827,214.602692137006,235.33486653482,189.010291445072
1232,1232,12310,0,0,10,0,0,0,0,0,0,0,0,0,0,0,0,0,225.818658762539,223.162661037786,225.512505157596,250.338009454099,253.571838402007,269.474462997403,334.911103601428,234.068577347763,261.463097286863,224.948392811758,231.146174532764,270.122500755549,315.563371885982,263.94294144994,198.463179513001,256.623715416521
1233,1233,12320,0,0,10,0,0,0,0,0,0,0,0,0,0,0,0,0,256.121357027063,271.967822408195,238.383293623081,274.401246340812,308.746820577252,294.402330538523,326.008891762985,326.445135706593,224.536324247253,246.189157091689,275.06633968952,292.523163579676,282.308896955027,280.856394005549,200.983808317718,277.745034629216
1234,1234,12330,0,0,10,0,0,0,0,0,0,0,0,0,0,0,0,0,271.511603056622,248.014893613492,303.972454680495,278.109627913261,303.745214693437,247.857501990993,331.791167265373,281.844621730498,316.601894833774,257.947147426234,234.096675503389,248.900831914616,300.57967337561,282.157921171073,245.061389518843,210.131064570158
1235,1235,12340,0,0,10,0,0,0,0,0,0,0,0,0,0,0,0,0,301.682207571854,226.220047070281,222.355567615281,265.114349154381,269.791699062567,252.818224927639,353.806690260227,242.955327604296,240.241831495748,300.307683352174,255.15272202104,201.261255588281,217.097644673261,227.093377015319,294.520665002894,251.631573478937
1236,1236,12350,0,0,10,0,0,0,0,0,0,0,0,0,0,0,0,0,250.22121966674,289.246382846235,242.155619291534,231.393927732567,212.155894935722,223.314708823357,343.991805419223,258.036902444209,279.528934929415,221.655863728677,304.506716071594,325.061968167274,262.635661608456,299.902801816059,239.997011667433,228.121579460403
1237,1237,12360,0,0,10,0,0,0,0,0,0,0,0,0,0,0,0,0,235.164589082374,258.452779303126,190.865339695214,234.998664132485,282.26067302234,220.384266432208,344.100594497743,198.088051869379,245.896394066081,280.036241520363,204.927859096051,204.911737747073,260.060389208451,229.934630108436,232.949842049956,271.660404495713
1238,1238,12370,0,0,10,0,0,0,0,0,0,0,0,0,0,0,0,0,170.067856986916,269.13476693969,251.27315766795,278.977875934901,237.490481640312,280.060307061676,365.911896755539,277.711237016476,247.064485055364,201.665622717136,291.605183096356,290.596855139141,258.561112053756,265.372809846174,278.367609293188,261.215925109375
1239,1239,12380,0,0,10,0,0,0,0,0,0,0,0,0,0,0,0,0,262.646580425992,223.880542184911,232.941457945126,227.635290498332,233.245068216484,290.715913583418,363.733528828661,331.306960009244,255.292307110223,246.68673600548,199.090858882601,257.698345422641,304.158186035937,310.812882770335,258.431394227838,317.715415466266
1240,1240,12390,0,0,10,0,0,0,0,0,0,0,0,0,0,0,0,0,257.786861492073,268.952787938158,228.390161256753,238.953137311372,257.011764654522,236.35354492004,359.956877418713,245.3945942039,279.788025669922,186.372913879671,256.273301250355,300.647393846588,224.735880597862,280.039826610181,252.593319882754,166.258069668956
1241,1241,12400,0,0,0,0,0,0,0,0,0,0,0,0,0,0,0,0,288.878072297577,295.473966093709,214.332997686934,248.705020049319,219.313104314305,252.979402646477,364.396191783161,263.253495133141,288.700514713446,216.138715151796,333.593337286445,156.932714105739,155.548260427891,166.670008582353,262.113590266799,252.845040861339
1242,1242,12410,0,0,0,0,0,0,0,0,0,0,0,0,0,0,0,0,302.931479602132,258.9990554081,242.644759620426,206.719091856466,295.175402960739,242.547058619523,383.335481631355,287.863397378714,205.624078639248,235.131780437143,249.251126153925,233.807159738644,292.810112876603,269.390452803762,246.315811858972,333.48624232623
1243,1243,12420,0,0,0,0,0,0,0,0,0,0,0,0,0,0,0,0,287.0812625357,293.371552300634,266.532283456342,225.343408216507,265.004635742943,252.768464491544,365.600520961468,315.823603832988,248.205718432744,218.673302078315,254.242244529363,274.933322736812,257.330379606385,194.49609194243,271.132647597916,229.73707241395
1244,1244,12430,0,0,0,0,0,0,0,0,0,0,0,0,0,0,0,0,299.394503105698,235.512187903761,253.03549761741,245.48008077665,237.992761236978,252.948535176401,371.220890765119,224.843658629661,221.744821501103,265.482962123494,226.459392306088,217.670210423932,269.192462574962,295.489423309465,314.410780947491,245.191887922798
1245,1245,12440,0,0,0,0,0,0,0,0,0,0,0,0,0,0,0,0,251.620680145993,268.707696556307,226.124047315851,267.13028082215,268.712523903161,247.482063387151,359.819569405866,228.813527819108,232.725680223039,244.723245993014,250.355697520592,148.808767854385,217.197482113986,248.538980389247,338.57434436775,193.621041025128
1246,1246,12450,0,0,10,0,0,0,0,0,0,0,0,0,0,0,0,0,224.54757684133,207.666234801684,296.096719983962,234.899499015859,281.964586432246,210.599768045072,373.884410213598,288.287867601765,225.979627881796,219.46294673308,245.376818284054,243.092232490418,239.669357614214,289.207594774666,298.880945895539,297.578977669354
1247,1247,12460,0,0,10,0,0,0,0,0,0,0,0,0,0,0,0,0,293.503953978024,233.40115875341,238.435695459243,252.65783646136,211.422919720145,273.310077662113,344.756962708186,305.668936021274,224.732289108891,192.774551403593,288.656317124415,296.676319333139,237.953927097073,203.346379611411,258.774370317236,256.997793528261
1248,1248,12470,0,0,10,0,0,0,0,0,0,0,0,0,0,0,0,0,253.448726855225,293.433129967941,235.911854148949,258.689760107482,244.360094398266,248.355826891226,371.852484630275,236.505165930784,272.435691932799,257.56796325473,269.408856933695,268.145313528923,232.622447649452,229.237120694015,226.205442518008,208.953069873003
1249,1249,12480,0,0,10,0,0,0,0,0,0,0,0,0,0,0,0,0,219.181490517271,306.395813096593,304.997414589632,293.40339827444,171.695026914323,222.328807106384,321.730619520279,263.764484733804,276.188163310884,272.565710533012,296.425364918194,187.94992370542,253.231984105148,262.799573485278,226.501337308678,220.772368188191
1250,1250,12490,0,0,10,0,0,0,0,0,0,0,0,0,0,0,0,0,253.853356394064,214.750822413794,238.004366239833,272.164938825407,251.578921988861,258.085065114153,360.645037232985,206.771112576787,290.978572033764,177.23311810344,276.21076493855,254.616055582709,268.955016870084,218.302504106688,221.333701089825,289.22342146312
1251,1251,12500,0,0,0,0,0,0,0,0,0,0,0,0,0,0,0,0,220.908154537682,166.781973015628,232.797426288145,230.600782001212,204.068283143107,210.564326596857,353.806690669215,236.623783978889,289.799007274437,201.733566159626,175.610567081062,276.283448212947,307.163970217415,232.314613334674,223.49857768775,321.893220791725
1252,1252,12510,0,0,0,0,0,0,0,0,0,0,0,0,0,0,0,0,272.123998542772,294.502753220075,269.200535458228,230.480849916922,226.912329977356,251.789778897317,372.449258845368,206.962126015961,244.779680296108,217.142549272734,189.347643593005,277.828119179551,221.411852279565,197.993096549248,196.675186357577,234.973592330571
1253,1253,12520,0,0,0,0,0,0,0,0,0,0,0,0,0,0,0,0,290.008375030496,242.822584328383,243.794584313662,284.107486097955,282.271209854657,309.949210880737,338.388761736553,190.336053827044,226.041985973287,234.489788161462,210.190344525316,227.784935889723,208.928020044761,252.033073688162,237.512095835387,249.407353412821
1254,1254,12530,0,0,0,0,0,0,0,0,0,0,0,0,0,0,0,0,208.489319826149,275.620084026044,258.874154044285,270.676446186555,221.783214847537,249.674809759151,350.623224818893,256.296510607314,272.450845380748,272.344926381789,261.116976931263,246.0796047411,284.006999010139,256.742693899358,319.78622108821,306.264540069113
1255,1255,12540,0,0,0,0,0,0,0,0,0,0,0,0,0,0,0,0,319.70600639485,220.00476910236,240.974433192468,219.883567071368,238.672058819961,271.480809796255,352.165650404487,232.563868980335,242.849830942409,302.846495517822,259.068039597696,203.115062509094,260.376604442216,211.854762227483,243.726269676716,192.735972183132
1256,1256,12550,0,0,10,0,0,0,0,0,0,0,0,0,0,0,0,0,233.917189170581,267.161149423791,236.67777734555,241.81386650683,287.725515501147,276.524103650451,347.202526152034,269.820390845228,346.119233558836,246.378305576119,265.511947750185,196.169051865666,217.218489689497,275.012692015738,276.513139777843,236.999479481788
1257,1257,12560,0,0,10,0,0,0,0,0,0,0,0,0,0,0,0,0,316.274312509049,284.660001491126,245.374430706924,249.380284266954,253.185191991194,252.261405941738,325.601926340961,284.080113041615,201.881876215494,246.026656090895,217.502229979001,329.631624054052,215.207045414597,232.099958109577,261.053377058057,274.814356563228
1258,1258,12570,0,0,10,0,0,0,0,0,0,0,0,0,0,0,0,0,229.477240613408,238.504813930477,227.186943074869,250.86244240607,236.527640915048,268.228714999644,338.886362289447,284.298883961779,261.852126282991,297.577717432397,235.019124676503,327.995169470097,237.127064326894,263.158756385115,273.343026752964,265.807194916219
1259,1259,12580,0,0,10,0,0,0,0,0,0,0,0,0,0,0,0,0,227.787852804633,233.110481238218,180.497836164538,266.078946888451,285.565883756425,251.28483763102,331.181942258763,216.775082735006,225.02767586901,245.836928092701,159.832270018141,255.605213057505,315.419930599373,218.710667196159,209.05313055262,216.771069620556
1260,1260,12590,0,0,10,0,0,0,0,0,0,0,0,0,0,0,0,0,256.715042903534,217.1783226659,246.718571494378,197.787799318715,240.396661416048,205.360596985217,306.868942553279,274.620741753116,265.344188537219,180.882051500354,242.273282793203,272.627975067111,207.54632193268,215.018724586493,254.231116531839,187.33772479476
1261,1261,12600,0,0,10,0,0,0,0,0,0,0,0,0,0,0,0,0,284.259690367749,244.692154474323,228.055028645519,254.608310158669,232.776301507265,268.931516772617,334.332561663724,287.610162058145,195.262491137605,227.230353769105,258.188588986852,269.5297993726,264.462170113351,275.071017607358,202.269319827866,195.323828640842
1262,1262,12610,0,0,10,0,0,0,0,0,0,0,0,0,0,0,0,0,213.417072269572,339.145281960854,223.796030233138,224.251280946288,208.959178142324,226.904632181925,349.602983325683,271.032150209319,293.884316423646,205.859696372204,343.898894244906,225.006019644383,268.207852114857,256.285741211558,245.086573989164,215.478260364185
1263,1263,12620,0,0,10,0,0,0,0,0,0,0,0,0,0,0,0,0,280.992718632048,245.941200326078,303.754592717055,260.793985206082,176.076783678892,234.948203078631,342.81713004267,203.337499450176,180.614493786408,276.441858559594,239.993766075933,264.512467191558,242.822346766602,208.97507673771,284.44908755347,248.959448656472
1264,1264,12630,0,0,10,0,0,0,0,0,0,0,0,0,0,0,0,0,221.96839715843,279.549216057593,257.587255132563,268.428388484587,327.226242410075,197.559419694556,354.909364887869,247.363088338483,226.353367473098,321.351732576626,254.379590463404,283.260268980937,205.948384370889,325.386893079097,218.154098933071,286.390801686839
1265,1265,12640,0,0,10,0,0,0,0,0,0,0,0,0,0,0,0,0,254.852093229661,286.621552352685,293.207513190835,236.201750460577,238.13236908369,243.813354170243,367.985398530517,283.221211443649,258.120002255804,221.444647827846,264.230519687404,212.890663556424,206.202376267058,307.499572638171,262.576781748413,273.71526367964
1266,1266,12650,0,0,0,0,0,0,0,0,0,0,0,0,0,0,0,0,288.559139226701,206.295461274081,254.31301025065,216.654649492382,203.603599137657,282.778520300534,361.287049746267,259.961032755337,195.267688323707,211.917798079536,210.068470851894,244.70091469791,242.971178157348,296.676800763521,250.010365921174,213.147708838595
1267,1267,12660,0,0,0,0,0,0,0,0,0,0,0,0,0,0,0,0,219.342977364419,292.250137665942,252.234047760881,261.754834007564,335.703297315634,257.907518129762,377.824171779664,241.728637628678,259.432486689395,279.923026825439,291.12514366875,219.938487469433,259.786524258314,287.688270264654,270.278112179059,216.872114366326
1268,1268,12670,0,0,0,0,0,0,0,0,0,0,0,0,0,0,0,0,232.840798210933,280.584047862968,209.047737274565,275.336255929935,248.759307266888,232.769520552458,340.532765150458,300.517049964222,279.249285038387,243.704787737157,284.27427296789,211.41221979634,250.376095825061,266.581878848785,261.285967604301,297.808388874374
1269,1269,12680,0,0,0,0,0,0,0,0,0,0,0,0,0,0,0,0,273.149347519593,244.819431494209,254.061263793446,281.843087458662,267.991732914867,252.122860262321,371.631753859894,248.949499030058,163.757503674374,123.145588498515,234.12360447709,206.867453311777,303.278576912565,217.077864249936,304.628021082489,186.645493516475
1270,1270,12690,0,0,0,0,0,0,0,0,0,0,0,0,0,0,0,0,223.282535537142,254.911782657567,275.933274745599,285.312555984351,289.682629881709,244.276221994785,357.537993127339,232.173737503961,322.831065317209,255.3318350345,190.458092230929,233.948467900654,249.832722638297,299.782678951532,270.503522981508,284.846194696867
1271,1271,12700,0,0,0,0,0,0,0,0,0,0,0,0,0,0,0,0,286.929213598762,271.517346964674,274.649590428113,295.869637020237,210.939577731534,305.912023803867,344.918874986784,247.941780321388,222.784076331852,285.940809320969,229.354266783087,249.635686367324,307.498749182048,217.809893684257,226.590773308566,232.709726330473
1272,1272,12710,0,0,0,0,0,0,0,0,0,0,0,0,0,0,0,0,139.40144290255,260.229364954714,281.941494171875,224.860866063721,217.093992553843,333.521235302443,348.800144122469,190.281511940304,250.37144255051,252.695387962451,213.452597973945,255.862333187869,267.510731515358,227.360040043111,261.358999827542,298.387900436617
1273,1273,12720,0,0,0,0,0,0,0,0,0,0,0,0,0,0,0,0,203.139641823596,296.08604877486,255.346659157628,242.94533314999,215.778002786981,255.654281581146,347.572619485116,201.787552500037,241.121009162767,303.855564638998,264.631202971883,243.695124179155,240.525405530218,303.354675459052,193.850882346203,245.729021221728
1274,1274,12730,0,0,0,0,0,0,0,0,0,0,0,0,0,0,0,0,208.67109871758,270.907948498381,194.966443382806,200.751257507276,236.243222043188,212.866432462542,331.153416292332,232.843804928621,253.855595272075,222.506397413321,209.307975612015,235.715674229898,287.508825393794,185.83396889788,194.232387002766,291.371177747595
1275,1275,12740,0,0,0,0,0,0,0,0,0,0,0,0,0,0,0,0,220.263533568228,303.940424805741,184.79289758501,291.167907930921,232.732427201851,267.888435215001,310.312080432589,213.595553020567,240.134782090748,288.970089909935,211.534304788362,236.647854416661,222.761679170814,248.543116253251,215.065691865712,272.035512382655
1276,1276,12750,0,0,10,0,0,0,0,0,0,0,0,0,0,0,0,0,206.416794984738,260.80841267409,255.368860134526,248.82932956455,240.552191393721,294.842677526555,328.26669140395,195.193084422073,268.127541100353,236.95190353731,264.742581463061,267.178316073091,316.529370148816,297.124099264748,231.10180441777,228.046771221903
1277,1277,12760,0,0,10,0,0,0,0,0,0,0,0,0,0,0,0,0,282.630473233276,247.224884618104,183.778297490381,245.527135805379,240.658894818843,295.944263229166,316.243172974511,221.16923561606,229.992642395806,210.166619023546,244.472985195639,198.046838573151,301.924287184607,220.78700001633,261.318871320885,248.554208777848
1278,1278,12770,0,0,10,0,0,0,0,0,0,0,0,0,0,0,0,0,230.111490019412,197.010875967924,239.175567814397,203.27447326005,245.523891396698,197.553420607177,287.036192256498,308.795075218002,302.543956523712,269.762380517686,262.302408740598,289.74889932361,192.683355676877,259.634089981572,225.203069356622,195.211000785548
1279,1279,12780,0,0,10,0,0,0,0,0,0,0,0,0,0,0,0,0,244.175368922485,318.500320389611,251.83830329901,223.941558237943,275.123795121219,304.90872010635,298.380766461069,254.233982456139,311.744840698577,197.035657030521,248.401225143078,186.896506902677,236.37721168286,236.03208213317,313.231814789448,258.306253855647
1280,1280,12790,0,0,10,0,0,0,0,0,0,0,0,0,0,0,0,0,242.099829517631,256.219331097524,200.193239921375,209.302027509075,271.232527792203,292.848947218802,332.840921649727,293.531708038429,199.787852770582,298.448971451895,234.854191540345,301.339684186126,270.081939010882,293.602139647304,191.644540739309,265.611194845029
1281,1281,12800,0,0,0,0,0,0,0,0,0,0,0,0,0,0,0,0,234.919387749447,289.478700367957,300.346381843649,229.951037975953,262.442301833806,267.648015092486,318.661577079781,223.380070821997,227.634272181158,223.898631616146,292.788754042906,232.995337164391,316.011064692614,248.150224416165,292.480241152602,271.833313775117
1282,1282,12810,0,0,0,0,0,0,0,0,0,0,0,0,0,0,0,0,238.613325612873,235.614177630943,262.985132980943,228.934098572625,189.97623651748,220.234877324361,320.486657803026,206.791329950356,240.843284775148,329.948630511881,257.72533707005,213.315622966544,257.101422161647,214.166822129599,251.040189349452,248.717917184477
1283,1283,12820,0,0,0,0,0,0,0,0,0,0,0,0,0,0,0,0,264.871531192706,271.350219983272,194.891713224992,176.877256898387,236.556004413464,271.710630337187,320.539974421309,295.359421528116,238.68069283797,262.867659752329,222.708856739199,263.270135812148,236.361590224511,251.843448392471,204.61647715424,212.684047340112
1284,1284,12830,0,0,0,0,0,0,0,0,0,0,0,0,0,0,0,0,216.251098714461,181.558535675319,285.967916764607,260.483004598309,243.732493033858,300.002420407362,326.523507296598,286.497089502077,269.087387219426,168.716401411741,264.184050212101,292.345104041694,248.651311582787,185.889194009179,237.602369047773,268.111746826298
1285,1285,12840,0,0,0,0,0,0,0,0,0,0,0,0,0,0,0,0,276.181894847701,167.529217138,222.438880350137,247.335103249115,227.990506084665,221.546404388392,306.870079129307,269.59445115337,262.600772860762,267.074354626937,279.567760843752,255.644190219995,265.878134949973,258.908708164329,279.059833714981,262.135122212242
1286,1286,12850,0,0,10,0,0,0,0,0,0,0,0,0,0,0,0,0,216.170057331224,193.693364814814,355.000895738336,334.905069742533,234.891302032726,292.765512051706,342.738346431803,269.42972517221,295.586478607909,222.262251183634,288.70445054608,228.357349153731,276.099647361167,224.570794597982,159.634964830817,303.394299449897
1287,1287,12860,0,0,10,0,0,0,0,0,0,0,0,0,0,0,0,0,276.783824231546,278.829737643248,229.797460036445,253.74097577842,274.29725042678,274.721598662438,324.4836782938,236.9632245501,229.930918187148,183.493576501031,228.048207694856,206.093663632346,270.080312365233,217.93819546428,324.218473293653,238.742513378324
1288,1288,12870,0,0,10,0,0,0,0,0,0,0,0,0,0,0,0,0,237.517952175703,209.195937612261,251.675325140027,255.795382209666,252.329399158485,184.121455591297,315.188750771747,273.763507802561,235.23526670414,259.042977052907,198.633135228855,251.523288724592,249.110458084967,266.496182283371,277.205461515905,261.968151859449
1289,1289,12880,0,0,10,0,0,0,0,0,0,0,0,0,0,0,0,0,210.019913161793,247.607780833334,297.313382198802,179.355502067838,150.799469477698,220.301598241746,329.588568779389,327.516408532356,291.532437540748,240.228276553374,231.822297576626,208.522152489264,199.214190375543,217.703172695083,295.362622659336,197.942250419714
1290,1290,12890,0,0,10,0,0,0,0,0,0,0,0,0,0,0,0,0,220.867332978634,305.570328779279,268.617766174503,291.007011069343,250.89214185101,263.583582958008,322.385901483089,206.523599040825,214.890193290103,261.503679020754,240.635330489814,262.83435779483,229.964051936396,313.652384965028,280.894198785928,199.934105065866
1291,1291,12900,0,0,10,0,0,0,0,0,0,0,0,0,0,0,0,0,204.332575593484,202.052290300603,224.608106831671,219.771477418685,204.343165819175,299.430975436387,347.867631390993,249.524701442893,305.275500958134,211.26257818724,297.413453272258,237.765258376037,273.556581088531,305.241046071419,358.754493738697,271.204619102542
1292,1292,12910,0,0,10,0,0,0,0,0,0,0,0,0,0,0,0,0,262.887507400547,284.566975402861,205.376698644462,290.955369877754,219.687849019644,210.415093392424,310.011211861852,265.416143832405,206.976437429227,219.141459093257,212.870889603143,187.011840452714,277.098566366799,247.975438692146,229.083787466888,258.719461908285
1293,1293,12920,0,0,10,0,0,0,0,0,0,0,0,0,0,0,0,0,300.592848067236,290.18657907088,209.118872393059,239.33001001389,184.804433228331,222.298377186652,337.807900288852,243.636047421275,279.665761189974,193.255938079725,262.981257415456,161.943799389837,189.282906922317,278.249896866953,249.626653246637,225.847077326461
1294,1294,12930,0,0,10,0,0,0,0,0,0,0,0,0,0,0,0,0,232.808265608647,238.373245281793,212.324570960771,224.70558673421,237.018208248107,269.099158656562,351.123144797089,216.345120087042,263.838229123518,240.563078772644,213.233114146374,208.374872091328,208.191221685797,185.279320156809,247.925354306845,298.05172074571
1295,1295,12940,0,0,10,0,0,0,0,0,0,0,0,0,0,0,0,0,291.910718966574,301.380934319598,252.520975123899,261.070884236754,219.200630592121,322.760752531752,366.046451059319,291.45053339358,259.532432330441,274.372763747317,255.826308885769,228.763231120772,265.029935929594,226.917175123962,187.207294428562,166.85117591002
1296,1296,12950,0,0,0,0,0,0,0,0,0,0,0,0,0,0,0,0,274.253587434582,203.42303056601,270.326817593508,266.692729113573,196.541797820255,237.196460640454,360.759515334734,226.334288828935,307.260487194976,269.455661438133,293.430651053373,169.592980799793,263.537172410185,192.470630166977,250.470614694623,285.712392467567
1297,1297,12960,0,0,0,0,0,0,0,0,0,0,0,0,0,0,0,0,332.419797032083,207.02357249992,246.607969516685,208.534692700001,213.569431796631,198.616071575695,374.147866552843,248.795693399128,296.883720749419,267.850108951672,213.173703611058,276.928799356241,224.969066673287,251.310878229125,195.121706552825,238.056407054161
1298,1298,12970,0,0,0,0,0,0,0,0,0,0,0,0,0,0,0,0,245.953783483684,308.502679893915,267.401085119731,225.365592760982,292.582069671711,224.972087799438,379.438913833172,171.293426995462,264.764787507578,226.729491338551,201.43596645296,222.84268637354,267.826068385143,313.209229785044,243.649231447237,284.76431534153
1299,1299,12980,0,0,0,0,0,0,0,0,0,0,0,0,0,0,0,0,257.283940338164,264.734838833372,272.697282259214,229.186213036295,206.58066637667,260.026447165912,372.998749315258,246.500857110318,234.740992555598,239.739214901642,305.280452153191,183.487734338778,247.73589566499,243.265661254646,268.025667388179,224.664643479194
1300,1300,12990,0,0,0,0,0,0,0,0,0,0,0,0,0,0,0,0,262.616082345475,289.615924025116,291.771201990171,229.476358667732,210.287058781852,219.044145531875,341.528891182175,235.375953241928,236.544266850882,257.87835020071,172.135912563802,229.3432166259,203.751141725503,208.713675479449,239.932559281764,281.074174563099
1301,1301,13000,0,0,0,0,0,0,0,0,0,0,0,0,0,0,0,0,256.83322567973,233.32718035999,185.105389512733,285.615704719561,224.68972744728,297.326495973891,335.30967927493,261.190040232411,256.756454609149,241.074325971653,210.879683969871,273.508321233734,248.63697890324,201.346138937942,275.928796508993,220.508803530215
1302,1302,13010,0,0,0,0,0,0,0,0,0,0,0,0,0,0,0,0,195.779962012235,220.119934461303,261.379884837709,170.203649784599,231.624819314478,174.667351486078,336.56447829489,289.611750306898,225.918649984465,268.066521254678,174.261540637838,255.342307725205,287.501183678979,229.20314402268,261.286418329005,221.698664603397
1303,1303,13020,0,0,0,0,0,0,0,0,0,0,0,0,0,0,0,0,259.229868733132,229.345808239692,264.622961689679,240.105304449676,283.480625949922,268.100789042612,324.039737383558,264.116572460009,238.996145901507,306.600456085728,269.937174304908,259.382205714043,212.268717051493,215.611087430831,225.223818122727,255.487110427908
1304,1304,13030,0,0,0,0,0,0,0,0,0,0,0,0,0,0,0,0,220.014054610091,312.69812200616,238.642211454487,224.554974549397,254.502914838531,275.252370792121,333.082445320638,228.18618014991,205.677892793635,289.720377947581,302.408768801868,252.578227966344,226.702678321915,233.874964886411,220.021773655634,262.029472718149
1305,1305,13040,0,0,0,0,0,0,0,0,0,0,0,0,0,0,0,0,239.568567207032,232.798876271168,333.519561470124,244.710356450985,286.307403146679,252.874399842624,331.201530068145,206.120894320734,262.507922773977,232.975094627906,237.035595878355,296.861324974066,264.802580421157,226.069462126382,273.049119352163,244.773685889223
1306,1306,13050,0,0,10,0,0,0,0,0,0,0,0,0,0,0,0,0,270.973790976954,230.747179785972,246.543874221131,198.695984395836,289.687496830395,216.302851629155,309.062829048458,218.763806913822,295.607261200167,256.014680954826,217.131817989422,258.515449509694,290.876179169834,269.77632555622,236.482235256185,247.303577610226
1307,1307,13060,0,0,10,0,0,0,0,0,0,0,0,0,0,0,0,0,214.2953813027,323.739509381226,211.72630565573,264.484306817155,253.201834284001,165.969124317878,318.361839457622,260.385852354672,218.143488014935,318.700962844888,188.263069296034,214.506017032414,215.342668713154,203.629231293147,266.798331806236,252.808557801516
1308,1308,13070,0,0,10,0,0,0,0,0,0,0,0,0,0,0,0,0,220.368307988295,231.471883119196,272.767005833998,229.027180350209,227.514031205236,273.664002681348,326.812373900937,272.540597532712,291.217191583536,214.84952850817,270.35463051263,296.010288947441,241.67179014333,185.269174987943,179.186576904372,237.596476527384
1309,1309,13080,0,0,10,0,0,0,0,0,0,0,0,0,0,0,0,0,276.101867644201,198.907799767885,187.056557204026,305.499909442427,279.183842757441,202.735926132269,307.772042763752,209.587422997851,274.693418001977,290.078939522475,279.332877244825,210.913831757472,252.245798421314,225.025223887571,245.796076823935,260.378103086613
1310,1310,13090,0,0,10,0,0,0,0,0,0,0,0,0,0,0,0,0,232.435829178239,279.149758455442,237.67839198921,260.956008462677,267.160016346592,305.844273045727,317.376289816648,203.800512514835,206.830360501659,212.288015611028,271.824339385374,296.896279693271,283.620753957108,245.454267557673,236.316489636631,309.225376451396
1311,1311,13100,0,0,10,0,0,0,0,0,0,0,0,0,0,0,0,0,277.226013674417,228.88737590913,202.208119388666,231.405934317075,266.22832944495,230.303172434868,317.196441986259,225.059663819582,263.153361689196,279.605362941556,190.14915781582,289.495268318796,311.214448118926,274.6517047345,255.183769041774,221.826202735751
1312,1312,13110,0,0,10,0,0,0,0,0,0,0,0,0,0,0,0,0,293.36645272619,254.204938201706,304.30692265013,274.968434733791,318.656375274171,249.90251710103,335.848428843524,237.348234944559,288.792245350895,250.191588056331,264.486336459849,243.154809821468,275.930846362269,243.787405036955,282.423178653054,267.662808250685
1313,1313,13120,0,0,10,0,0,0,0,0,0,0,0,0,0,0,0,0,289.889238710112,279.77565243262,330.907133298424,282.527603590884,264.942795811349,269.22664307141,342.278008782655,233.149927714085,207.579706802981,243.824135988689,304.513559497393,272.137769362339,273.997874805296,264.321365775629,202.706371062828,238.024801069054
1314,1314,13130,0,0,10,0,0,0,0,0,0,0,0,0,0,0,0,0,206.731523317886,260.088006224209,279.35070583252,214.158192449099,259.118856220946,273.95105337213,340.087733485906,225.543178445537,243.763457309866,264.249321085689,300.254682471341,248.374235192553,245.782332866392,252.951471209506,184.576492252352,289.065136230597
1315,1315,13140,0,0,10,0,0,0,0,0,0,0,0,0,0,0,0,0,271.847917741319,279.082139214452,258.080900967071,299.551535246126,296.409798231866,218.199223092014,351.58841532305,251.555844978499,222.622796950256,272.640715873366,223.700960149557,165.566309996711,194.41640729117,224.312863926414,203.118601577043,291.673458378432
1316,1316,13150,0,0,10,0,0,0,0,0,0,0,0,0,0,0,0,0,256.549412318466,245.517041627378,220.355170414032,256.556603074974,254.590963928829,241.120832880389,330.534643032878,186.523538181194,229.693941960729,193.745071686777,261.758440358327,275.810959315041,236.870642632781,245.775852354782,246.09509341675,281.858605574856
1317,1317,13160,0,0,10,0,0,0,0,0,0,0,0,0,0,0,0,0,236.066941089464,310.542001968384,236.90527552133,223.6757218291,261.51053940042,195.506447069279,372.812545720108,265.500962435783,212.137588798393,296.157020433139,270.838833612724,305.301732800813,256.858827488307,221.462607094294,267.667709521646,229.720051308143
1318,1318,13170,0,0,10,0,0,0,0,0,0,0,0,0,0,0,0,0,258.032147762284,259.642432129127,201.37957461211,255.667143638471,236.400006815267,323.477498975736,365.601753996159,263.463887930338,264.51800450942,311.059100266127,260.375144101057,271.759404860206,265.707319225699,185.722107524266,208.346840894042,252.506583420439
1319,1319,13180,0,0,10,0,0,0,0,0,0,0,0,0,0,0,0,0,271.137501933715,256.360819779786,239.757234012755,219.4736280267,240.617428787136,215.915747130299,368.605901104196,244.713560457008,262.311681964791,235.189908445763,274.752646992781,242.903265341053,288.316000318269,252.882897835168,250.605089918095,161.019599280998
1320,1320,13190,0,0,10,0,0,0,0,0,0,0,0,0,0,0,0,0,260.985421767664,245.704545554909,290.832555939006,256.947992254144,259.148669130171,219.095815475035,367.184080168919,241.101736887664,202.075845528069,198.185984288238,235.088353495775,235.205879080875,244.835781301297,284.450286106363,169.570040945352,259.970113792859
1321,1321,13200,0,0,10,0,0,0,0,0,0,0,0,0,0,0,0,0,256.808078761815,375.748280075999,220.635710059437,232.212577478294,260.829687379161,305.926634856817,374.684166071815,212.253390241044,321.074916224061,244.409686106956,215.880403088847,253.718349394162,222.086527935191,173.590889596186,228.308913086102,287.040150815788
1322,1322,13210,0,0,10,0,0,0,0,0,0,0,0,0,0,0,0,0,290.669320156774,292.231616423868,186.930094863067,257.625616073335,305.624970418694,151.67881563648,400.306593816487,244.010298895146,254.626061534116,262.253931020831,265.910443693047,217.937540733429,254.417828373056,291.667482502157,282.036679661723,212.455791854317
1323,1323,13220,0,0,10,0,0,0,0,0,0,0,0,0,0,0,0,0,279.810212790533,321.490658437366,182.738472212993,299.222720392587,293.737057988533,229.154286187053,386.863724581248,244.981947359921,232.38652448788,239.06560797141,197.584321718883,321.067106346933,270.357842337985,236.262749388899,276.756782720782,269.908350667206
1324,1324,13230,0,0,10,0,0,0,0,0,0,0,0,0,0,0,0,0,249.801554690766,225.444757671984,213.538484532084,252.825542491847,210.11621219431,270.967595015292,401.904233306015,258.243898009047,201.687606838614,241.605817468625,260.460120811618,358.143338203264,226.795329649767,225.04129310525,311.211695437713,223.903981316268
1325,1325,13240,0,0,10,0,0,0,0,0,0,0,0,0,0,0,0,0,257.278875764894,319.472013306949,300.256955666313,251.437342101435,278.593963277345,283.94571136287,405.062613710887,297.183228534434,263.881410750212,275.417122664887,216.856046910792,143.753470845548,271.501807320437,230.481506957364,223.428279078961,184.455914237114
1326,1326,13250,0,0,0,0,0,0,0,0,0,0,0,0,0,0,0,0,290.304221037314,293.715509950194,246.950815232965,191.862327700968,306.293866026789,309.601956872504,391.790116703264,281.834724040471,192.725412133372,364.832459476973,244.399666689546,319.238932902233,295.125189150975,207.303694983667,248.901032690189,240.874355341644
1327,1327,13260,0,0,0,0,0,0,0,0,0,0,0,0,0,0,0,0,251.703567393964,266.051167200966,168.407259636952,217.137084721679,282.133999975189,229.08519592347,386.408832196923,174.278672003674,219.609686573334,215.759584498295,253.735155648767,288.188426592275,266.625535969929,178.86821677623,317.268310702915,257.705380661458
1328,1328,13270,0,0,0,0,0,0,0,0,0,0,0,0,0,0,0,0,239.201960770529,198.446342744512,291.279438649115,231.2235346629,298.371298938389,249.732455589956,397.788540808951,211.828286274486,206.828319753288,182.086506614643,237.397049227981,236.462116757387,245.814280511251,284.101636558746,310.62914426088,201.170992734153
1329,1329,13280,0,0,0,0,0,0,0,0,0,0,0,0,0,0,0,0,242.732438345886,273.076208006089,232.187003387194,281.514278957933,289.278611421795,255.153131351566,398.18257609626,263.403074000943,287.015860485105,250.733069797252,277.127529540459,199.552075562382,244.449772364589,222.507597012039,259.864983934262,295.298538929319
1330,1330,13290,0,0,0,0,0,0,0,0,0,0,0,0,0,0,0,0,223.707402282775,240.336600553792,250.705649582584,254.495467918443,201.544086708664,235.733511522515,369.343437328573,272.263334708259,229.024881016916,269.63105780777,213.762977987888,220.467622433649,183.24454053543,222.15369755289,250.732556914414,253.933379068024
1331,1331,13300,0,0,0,0,0,0,0,0,0,0,0,0,0,0,0,0,224.440955325584,229.251263812349,257.383917272495,214.293317879108,214.725361656825,272.4947834313,369.795244075281,254.204323731932,255.639035204482,267.58622144484,214.867573391658,265.341137867796,220.032210364922,174.10574211622,257.730041730038,366.65858584231
1332,1332,13310,0,0,0,0,0,0,0,0,0,0,0,0,0,0,0,0,265.624959386206,209.946748360084,274.271170309671,295.531725155932,257.846050456381,265.728624866922,349.42967286554,210.186399469391,300.683030967114,204.717426360618,227.591648056824,237.387234334347,263.042289377687,261.022604022942,231.862211891705,313.934202652366
1333,1333,13320,0,0,0,0,0,0,0,0,0,0,0,0,0,0,0,0,264.799824943402,255.399117150935,282.254236780428,233.840025116257,254.250361457747,267.58696959167,357.125728327618,252.854984091986,273.238248959412,296.085422724228,275.492883845358,221.152793668992,233.328800866484,265.550153532079,239.556112767598,297.022973443165
1334,1334,13330,0,0,0,0,0,0,0,0,0,0,0,0,0,0,0,0,196.256228974433,240.364207247114,244.975429729376,283.920141537165,232.717839295241,284.574434270876,331.874593478763,298.93686727666,215.374991605139,248.105377005924,207.26829414804,266.090253822941,251.450447044212,288.580592560051,260.322988211522,174.988296706808
1335,1335,13340,0,0,0,0,0,0,0,0,0,0,0,0,0,0,0,0,270.12163601232,296.270184383451,232.463202304536,236.674418000538,211.820579665406,224.691515988739,339.677896534523,259.666587894511,251.036637138272,294.735840484824,252.293717820891,323.013970992943,324.662659725371,211.83949400099,229.345492152841,176.818722439074
1336,1336,13350,0,0,0,0,0,0,0,0,0,0,0,0,0,0,0,0,315.620610529979,212.111714709559,304.821549878586,253.750009382487,311.416770946209,245.111103388722,342.027236290992,207.171218447617,234.351219693668,231.72896080144,279.751743691064,268.356840358078,164.598679678367,244.854147010815,234.340404552871,267.690102505203
1337,1337,13360,0,0,0,0,0,0,0,0,0,0,0,0,0,0,0,0,214.567721210842,238.637207907437,261.209681406474,266.664950486183,265.240568960844,245.932333864015,322.535146133306,240.251823194744,246.247401076311,214.727126512298,233.686967422708,245.282166853148,250.230239577527,292.807464508107,243.383804739107,247.552574044642
1338,1338,13370,0,0,0,0,0,0,0,0,0,0,0,0,0,0,0,0,172.838098827223,304.306440636871,295.240635947781,277.576830180392,253.452571518017,244.461886095998,318.117189116618,200.675068861438,266.016344388716,326.119590339224,260.715967203557,258.991638550559,291.089296715669,283.731952383402,236.668716511885,235.641934325407
1339,1339,13380,0,0,0,0,0,0,0,0,0,0,0,0,0,0,0,0,268.987749874064,285.616403630675,236.747696902899,323.27267822938,265.38391672942,215.84717969677,324.572583406303,239.644790128305,169.261682005389,286.125012115002,227.723547547429,208.217779753454,199.070620351221,251.985435762706,274.68509440314,288.280323698471
1340,1340,13390,0,0,0,0,0,0,0,0,0,0,0,0,0,0,0,0,278.722063438721,274.806308093828,187.718449126901,248.520633313825,278.754739558555,233.369419629165,281.782082068239,289.691098161522,261.133834843622,289.638224604077,255.842273485769,212.994324872167,267.732982553083,266.805622211621,241.467957533716,289.572241544659
1341,1341,13400,0,0,10,0,0,0,0,0,0,0,0,0,0,0,0,0,209.787774214884,295.75693346629,243.683605181668,259.739849130326,298.420174946468,263.691521998551,291.139168618775,255.119028041886,254.042153992046,200.173561982282,269.79542612849,262.893412790664,229.279434974241,284.805121199002,322.462223203298,195.792316545156
1342,1342,13410,0,0,10,0,0,0,0,0,0,0,0,0,0,0,0,0,357.697444081886,197.451727122389,233.0009565433,233.147021429185,242.532234346161,272.315567162193,318.216552692359,259.488890126671,186.436847181662,192.044192568088,264.119943294542,234.13651303135,275.187080599788,238.35960458245,199.314050978635,243.5987939895
1343,1343,13420,0,0,10,0,0,0,0,0,0,0,0,0,0,0,0,0,227.079695227025,263.930275688977,268.612063035069,322.789550545325,345.852346527927,263.778182377413,290.050122433341,275.570390276034,239.998552076399,311.393417809834,242.663035111581,290.175914335715,212.663339383894,237.871340854785,240.229753350734,368.847351170315
1344,1344,13430,0,0,10,0,0,0,0,0,0,0,0,0,0,0,0,0,240.544501962609,206.095136113451,209.532189005112,208.376672218788,224.741673295045,319.372269428883,290.221847632353,215.679289475615,226.503065356921,301.59845644987,284.027153788336,236.371098163437,245.511118134203,204.675981018871,247.884128565427,308.894820245368
1345,1345,13440,0,0,10,0,0,0,0,0,0,0,0,0,0,0,0,0,265.629138627808,235.938815766725,192.877775282776,206.161457722899,235.343051532249,262.849644548047,294.63039066548,193.843523159585,274.348544266529,253.356488897346,258.200179242873,231.673138557657,232.218751579071,264.247484031961,235.49536074753,183.039950911554
1346,1346,13450,0,0,10,0,0,0,0,0,0,0,0,0,0,0,0,0,342.119357441244,260.601649350503,330.323250530482,259.371647860233,210.437150276701,299.051648992219,311.988017633705,273.667068489736,236.372816263748,243.197305540983,323.325718508279,252.644927782523,282.708590079954,294.491367208859,281.526137395644,234.125107407126
1347,1347,13460,0,0,10,0,0,0,0,0,0,0,0,0,0,0,0,0,267.000211155224,297.940712381659,241.648723177876,240.881163482097,161.328342433045,291.137348905424,329.133295852177,234.986766623216,267.121874341781,259.789227892275,274.503201437695,252.43730251987,204.457579667009,262.861545338475,194.473484329398,244.648837438588
1348,1348,13470,0,0,10,0,0,0,0,0,0,0,0,0,0,0,0,0,320.960099245866,218.571199305747,266.286771795187,269.238564862749,345.616350779059,302.440892043236,321.701863157226,247.143555324175,265.833617623014,209.327722083768,265.093779773185,241.517395504365,240.609647549668,248.503838930419,258.05761585483,282.211096497257
1349,1349,13480,0,0,10,0,0,0,0,0,0,0,0,0,0,0,0,0,256.107631093873,246.851433969552,289.474501897198,211.907615654102,273.883961220275,296.471076213895,311.474071837336,241.099643050025,257.769637302681,283.535329480779,210.071395575785,242.722371839978,224.525734950222,283.067999746506,267.097626357679,307.121959046947
1350,1350,13490,0,0,10,0,0,0,0,0,0,0,0,0,0,0,0,0,268.323738642612,261.559943746875,266.003282131864,182.789016363591,335.418445638444,234.119974459835,339.814981732244,240.765339304583,230.535411246593,222.959748783565,264.649305818344,232.261591986219,262.03169755728,223.352522546575,195.501373862147,314.164515332309
1351,1351,13500,0,0,10,0,0,0,0,0,0,0,0,0,0,0,0,0,214.539637697119,209.427579993927,247.964944894991,201.837417440036,215.689634531739,254.357328728268,331.876882230849,249.152699923563,274.566909341206,221.932992851933,264.088872308142,220.756312478389,169.511640497587,247.434419706979,193.27269212371,226.518041663281
1352,1352,13510,0,0,10,0,0,0,0,0,0,0,0,0,0,0,0,0,275.936359649449,190.39667384902,230.77467327135,290.171657847881,267.642648163763,256.653315621108,344.450310833602,202.239223573203,247.008531314569,266.069348528818,232.952203033255,251.902359044927,319.761033366797,339.74718375833,310.805803584091,237.101778203641
1353,1353,13520,0,0,10,0,0,0,0,0,0,0,0,0,0,0,0,0,304.68464389458,251.580123488335,306.975463974844,176.059750233219,261.090121066913,266.620860407797,383.853865815731,270.8949917135,270.479283008385,278.210534907405,228.009489487534,254.028433316896,244.498501959979,191.378152907677,225.738334340446,157.817842654727
1354,1354,13530,0,0,10,0,0,0,0,0,0,0,0,0,0,0,0,0,241.467412634378,345.826644091518,240.878810596449,220.529528209434,266.383454780477,282.517626711701,357.888641102256,263.371139061711,293.074565541212,308.771330961527,236.8157655181,190.107883253684,285.724867340333,287.412881115975,308.278166200632,232.297258351659
1355,1355,13540,0,0,10,0,0,0,0,0,0,0,0,0,0,0,0,0,274.580920525956,334.596039913099,217.727175157394,238.948223400468,271.19853038093,273.676156215691,390.653461270034,246.08660115271,252.521018541912,269.507727464414,203.525720187783,271.411220276942,281.039623146086,211.547420669634,209.95946556614,226.474954845507
1356,1356,13550,0,0,10,0,0,0,0,0,0,0,0,0,0,0,0,0,183.017957581296,199.506665106,294.017202564237,270.845791466273,226.043234348475,267.239130910889,356.871682784091,227.49903900197,206.292946058659,307.712397259526,233.721775651303,281.186542353963,252.536436747993,188.801274302665,231.213240945885,252.925091928403
1357,1357,13560,0,0,10,0,0,0,0,0,0,0,0,0,0,0,0,0,280.449857994531,265.852943173837,270.517920905018,205.10568719345,181.379897342797,241.751792126235,377.462854214464,296.770990821147,225.099858793449,247.771997263669,320.38659357928,231.565605082203,207.223327009151,239.12090118973,229.159148540697,228.516513619841
1358,1358,13570,0,0,10,0,0,0,0,0,0,0,0,0,0,0,0,0,279.275912831993,249.684284965455,217.078527902675,307.024885667117,239.390833290657,269.233615871021,368.373555621621,235.958857936204,205.891849538892,241.780411156053,258.478340347909,267.295935729479,227.40406067784,242.966439931124,307.119593609634,250.331931875303
1359,1359,13580,0,0,10,0,0,0,0,0,0,0,0,0,0,0,0,0,298.201131605111,318.031509392269,236.155509872006,242.852784029484,234.22936856022,219.056987738789,401.424040186392,191.424171410346,226.27618772407,301.18345295749,260.940466071125,187.451490228815,265.559609944369,277.191878452935,249.454381762496,249.664853152641
1360,1360,13590,0,0,10,0,0,0,0,0,0,0,0,0,0,0,0,0,296.782439955565,222.897490228885,204.030488921563,240.370387748331,216.5869164025,223.411185321297,366.553245291307,269.338112355755,262.747462416722,244.915663378049,328.504442523359,248.397335815313,260.908336754953,248.75912867717,318.534443836514,277.207975913311
1361,1361,13600,0,0,10,0,0,0,0,0,0,0,0,0,0,0,0,0,228.021349301724,231.697007182373,248.698215342833,236.686691935433,236.744108292738,331.895783070874,384.715830522254,240.667901716777,300.105318280325,273.245621718481,265.205470831306,257.052171277103,279.741886980337,243.375156679399,223.640814191672,234.714009264529
1362,1362,13610,0,0,10,0,0,0,0,0,0,0,0,0,0,0,0,0,160.852304727271,246.339235248395,238.661902479387,277.349174918509,260.088350891313,273.289737928862,375.743955260763,265.386427699179,214.830524988251,297.735533766477,235.07152654367,217.485161465774,267.86730777749,272.312910834381,256.460426142269,252.627685056379
1363,1363,13620,0,0,10,0,0,0,0,0,0,0,0,0,0,0,0,0,215.452855155602,244.68684594121,222.381615410924,346.025476669752,294.591827155482,217.732893746326,388.549772395219,285.781405489011,307.856528869865,235.329035414875,218.124346171402,209.497198500523,294.395097867989,207.920941757594,272.756797659086,195.606077767884
1364,1364,13630,0,0,10,0,0,0,0,0,0,0,0,0,0,0,0,0,310.292937473642,248.347237645715,317.40375693401,142.654039327836,230.072193802042,291.033969429981,378.868122807123,274.955590722528,306.19934604338,199.043683488401,225.445329498549,278.089429564711,244.276849978719,282.751116634044,231.580900834926,225.626737045772
1365,1365,13640,0,0,10,0,0,0,0,0,0,0,0,0,0,0,0,0,232.433728086746,250.957393153632,188.137348171365,232.116278990413,270.042851997113,232.324047381853,419.928899128602,342.420857622437,327.987921235895,262.466414205602,233.58510885986,222.773412717638,282.627827851227,212.210704264319,151.483591124053,202.604484869026
1366,1366,13650,0,0,0,0,0,0,0,0,0,0,0,0,0,0,0,0,226.850882437189,223.138227084244,197.92438246668,255.767010851326,326.764466927607,225.314924128324,418.641737590952,204.332540513182,306.104256138979,225.158913923386,280.284434003783,300.417245809309,216.981413458694,341.059278533113,278.386051293155,188.379699603706
1367,1367,13660,0,0,0,0,0,0,0,0,0,0,0,0,0,0,0,0,243.091980211339,244.899248367155,218.189056126771,341.323640170985,327.379975139432,235.965402483945,375.040238971555,202.56980581316,203.690198225954,282.332558071835,274.136486482146,229.07506195523,338.451771100207,256.193447147451,267.892480784571,248.949115154942
1368,1368,13670,0,0,0,0,0,0,0,0,0,0,0,0,0,0,0,0,270.749870422684,244.894200543825,210.98945656148,281.896072678855,255.790003451165,244.145161620277,404.974918128103,258.536569460659,180.461139272061,217.006135163148,218.526877463983,226.873326897734,273.998416819082,280.839640041187,292.565482930786,296.154211749268
1369,1369,13680,0,0,0,0,0,0,0,0,0,0,0,0,0,0,0,0,225.3340170261,241.361058349617,258.872629074047,223.097565372056,220.297858176697,200.743968831222,391.322995026193,242.189760594151,247.146634226527,293.385626400696,271.746363147207,261.462205062258,252.043458779828,261.497393060281,308.807526063921,240.892819108976
1370,1370,13690,0,0,0,0,0,0,0,0,0,0,0,0,0,0,0,0,271.137318023901,264.367482308095,261.960232166801,278.809938934876,254.400708562698,278.142188465093,425.409810475644,262.016497407808,303.98257977061,268.034930776597,233.334230615933,236.548208615671,212.444868273233,267.304423692658,224.184051575987,215.497648129647
1371,1371,13700,0,0,10,0,0,0,0,0,0,0,0,0,0,0,0,0,196.322705147558,162.56103972916,242.512208897575,175.797951441087,165.338941317385,198.470381205643,376.70107992474,316.792252178514,216.943193920343,266.341220680421,242.690817763645,249.840360914488,285.621049615675,279.51436890374,236.950289513567,293.147590184716
1372,1372,13710,0,0,10,0,0,0,0,0,0,0,0,0,0,0,0,0,276.655319960698,227.656496368742,217.661903370587,214.62281474008,175.066958717057,253.868973515495,354.047781341218,222.381600099643,284.277327708193,219.623611129085,241.283781642062,208.217842201366,288.355533531241,189.122840625165,241.130828003566,230.116016675666
1373,1373,13720,0,0,10,0,0,0,0,0,0,0,0,0,0,0,0,0,241.374837700187,239.489051416447,277.375679611677,245.862289107078,216.953658099792,205.284470326298,350.662825642937,255.712314671535,207.65126330466,279.369205479174,214.188919969209,225.290495334341,226.031886059408,244.349905454199,235.737004159304,250.493064272262
1374,1374,13730,0,0,10,0,0,0,0,0,0,0,0,0,0,0,0,0,216.9051372083,280.329189009811,280.150122438855,336.311213359046,240.839615598018,216.488297057539,342.753388066003,252.416253220405,236.7191370411,292.819758458262,251.961999757957,247.874897275643,280.843685061454,271.151303261894,260.013459522591,230.908755444826
1375,1375,13740,0,0,10,0,0,0,0,0,0,0,0,0,0,0,0,0,275.580184946278,205.787079273273,266.598111202258,237.303508833263,231.566187740078,317.124965837571,378.173248296327,230.060284776366,200.460957875484,287.717217762299,141.317358689335,247.83629649544,237.603628551979,274.015022984144,283.607938484678,236.795579921895
1376,1376,13750,0,0,10,0,0,0,0,0,0,0,0,0,0,0,0,0,309.630107030867,256.360780440874,296.175361223138,237.962989391574,226.552820422333,319.250975992569,349.906391158379,249.037340081817,266.236212266226,200.78269392013,248.531122137034,262.049585917815,220.463827095829,259.721634983878,256.918359867869,196.117469355001
1377,1377,13760,0,0,10,0,0,0,0,0,0,0,0,0,0,0,0,0,253.042436735012,134.528475371546,221.35680347479,243.662652752632,264.817835605271,238.656317690355,364.789123985378,255.658376813969,263.928970644115,228.173086503309,180.37859091284,207.70355579072,222.996976361561,238.824367397062,304.237797198838,232.139382557187
1378,1378,13770,0,0,10,0,0,0,0,0,0,0,0,0,0,0,0,0,172.386371399523,240.887451343476,265.776084071291,207.542783424693,291.806985960717,262.863697097848,366.688477172258,201.22379987106,297.598980251328,286.573108312216,296.845785919554,218.820431572339,233.077900406048,238.782631811084,216.89505850249,253.237268338656
1379,1379,13780,0,0,10,0,0,0,0,0,0,0,0,0,0,0,0,0,179.337994243189,254.553300814357,239.413290473717,129.639263969744,245.68121674331,303.394915337911,371.060334847557,294.839213132224,261.590393714024,204.112517921055,253.322143225665,325.086068556359,246.657058777366,301.539414767319,267.400210110504,270.552658804351
1380,1380,13790,0,0,10,0,0,0,0,0,0,0,0,0,0,0,0,0,240.027563387264,221.705791010829,224.879414275905,298.546014172894,255.238621643127,231.593766790772,364.270877395412,268.515407353294,183.921537123012,250.629582289819,243.606608818211,310.805974616257,209.622382503027,263.408386201913,266.738929776574,225.576454196028
1381,1381,13800,0,0,10,0,0,0,0,0,0,0,0,0,0,0,0,0,219.299586501282,173.101734356888,240.52728847905,265.041591466125,220.611098606108,249.314826594124,371.506269287377,271.800531635924,184.973125190273,222.524365165775,316.193610933838,251.949514873675,263.169186851897,238.600190078415,254.086637407156,262.014857065039
1382,1382,13810,0,0,10,0,0,0,0,0,0,0,0,0,0,0,0,0,251.560263373873,207.291785929695,217.766532695024,308.558162153243,242.220394160523,150.742179724833,370.860840280399,257.614410324513,273.534654661853,236.799626974917,212.405096242979,267.863112002631,297.026666417802,184.491609812081,216.609857328372,227.841757194436
1383,1383,13820,0,0,10,0,0,0,0,0,0,0,0,0,0,0,0,0,261.600432019885,261.661018915909,258.416353218545,283.681796618791,234.122702503285,284.338537083733,404.802526757165,224.005461655097,249.966761454897,253.406682093616,267.394973154511,323.679126676174,210.68385704034,252.281953006641,242.910386391047,241.815263236544
1384,1384,13830,0,0,10,0,0,0,0,0,0,0,0,0,0,0,0,0,221.635530398568,356.528674780713,266.825250434923,236.328114071345,275.428658025362,187.675627360478,390.80188071344,286.332410645275,278.06222766203,212.072183147337,241.964615487942,249.005257180942,247.336933068542,294.54574087117,233.382187182375,250.270760322373
1385,1385,13840,0,0,10,0,0,0,0,0,0,0,0,0,0,0,0,0,222.581638810482,239.675438079143,292.841378743663,250.996937057682,238.322437180584,210.76305966681,379.037272970627,222.234071816028,276.134747718538,294.632080429798,258.600873562352,223.508469272382,251.893920464489,265.167718756329,255.155598053969,256.01080890246
1386,1386,13850,0,0,0,0,0,0,0,0,0,0,0,0,0,0,0,0,259.916447488575,305.99731722713,279.836958871288,248.157469692212,273.154805696233,268.300279119187,393.225444104246,191.835976815928,229.007871364587,286.840549125508,290.099987709332,198.336269327502,191.253515447706,203.34520973422,272.552605036592,217.913492162004
1387,1387,13860,0,0,0,0,0,0,0,0,0,0,0,0,0,0,0,0,274.372173286405,299.582859426856,229.619537451121,262.030681722657,251.671234281702,282.630745996952,396.107298864932,284.14765800359,307.139799610431,219.680786588677,286.44909494564,276.069551869705,237.901990329525,208.166102146715,267.161460021467,237.773632134708
1388,1388,13870,0,0,0,0,0,0,0,0,0,0,0,0,0,0,0,0,205.195015399384,341.976233172996,249.093997355541,185.080354120024,246.200121994807,249.264907397063,398.912374591551,203.341872968121,217.21612798508,263.392009391965,212.293180072895,192.359965645674,232.594722981713,284.137840399947,230.936746958985,288.58823066657
1389,1389,13880,0,0,0,0,0,0,0,0,0,0,0,0,0,0,0,0,155.094899772863,345.175139146146,307.810494786985,206.469654641815,215.947231825198,267.718271821584,385.792780302418,251.600753720762,243.743101022647,172.949107446712,291.239841530813,259.064820032358,262.117567129227,271.541880082096,237.413378370856,256.705326223594
1390,1390,13890,0,0,0,0,0,0,0,0,0,0,0,0,0,0,0,0,281.57424057193,290.374234000876,288.617441669793,220.696550362394,290.766139351462,279.672126760736,376.93997072529,234.597134005369,274.239976736187,242.636649541815,220.611023384949,178.881958543962,246.478022858259,240.42614152209,241.168654440897,315.536381674213
1391,1391,13900,0,0,10,0,0,0,0,0,0,0,0,0,0,0,0,0,204.426299200333,225.868653370436,245.085130021764,244.972296928351,276.304957202169,337.755891304117,380.798957751182,291.037090963195,237.133534710686,224.661157570456,231.493403258084,237.537163886633,292.023303837592,240.625057658297,209.620538729564,246.57826702913
1392,1392,13910,0,0,10,0,0,0,0,0,0,0,0,0,0,0,0,0,287.06821002055,206.170071231766,219.27763035997,287.504845455897,215.563489818343,299.152958024998,374.31070996574,235.472392706613,218.972283299591,304.194013233144,242.377433770257,300.645466197824,268.996412267393,223.18557650938,249.426041300957,226.182630653741
1393,1393,13920,0,0,10,0,0,0,0,0,0,0,0,0,0,0,0,0,278.32076125658,258.870967849845,301.173753652111,252.844774129248,248.425552001257,272.749843696421,366.56861891715,258.464366443005,236.126431094726,199.394135179568,233.953037057354,209.092254926877,293.90257293762,208.536931393199,271.555113818328,247.872937531903
1394,1394,13930,0,0,10,0,0,0,0,0,0,0,0,0,0,0,0,0,199.427639732645,253.095222924003,185.78083787223,263.703080604953,201.807124572014,245.638539973024,333.462538416102,228.004110388565,211.447570932999,248.76956722848,281.85051443779,251.630738166908,195.696769958342,253.656055517188,257.549616155357,250.397943789866
1395,1395,13940,0,0,10,0,0,0,0,0,0,0,0,0,0,0,0,0,265.927051694203,231.665685479564,217.893368468429,330.24311711535,255.97559652609,237.067871708419,351.936306398506,219.685402833044,286.989496905065,282.752598955587,274.572045474575,281.814348825415,275.321855200488,219.093851836714,294.596253716206,233.105898031392
1396,1396,13950,0,0,0,0,0,0,0,0,0,0,0,0,0,0,0,0,239.988327377315,282.72350303724,223.653649893506,247.749731100257,243.455036500718,256.491759088968,359.453129954913,244.604571389363,273.366103355645,253.300279909738,239.847826274261,197.580302248798,248.546645254916,298.50980605268,217.642283909765,282.132738372671
1397,1397,13960,0,0,0,0,0,0,0,0,0,0,0,0,0,0,0,0,247.535504129601,234.004207261451,278.957560735343,252.641020708861,224.70334547437,272.653320050453,354.975064143004,215.97723958126,247.93625355311,361.501332577873,270.159616897135,202.601760347277,217.588924368043,219.167240663095,198.068073038768,238.620637552448
1398,1398,13970,0,0,0,0,0,0,0,0,0,0,0,0,0,0,0,0,300.505909266453,254.743263429021,332.80346015678,227.746643189714,250.986096177193,262.57408349352,320.821486775078,204.524077304518,286.6327980553,260.553689541658,237.755330334869,198.815961576374,263.778718841024,296.54339245344,248.646661343471,264.463783757576
1399,1399,13980,0,0,0,0,0,0,0,0,0,0,0,0,0,0,0,0,300.907953233646,261.688301060607,270.711725276444,267.73732764107,281.880806808651,301.957456079562,354.494782772415,290.583190855819,277.077095903895,309.369827575451,240.107241526997,254.691440222052,300.945367498946,267.019958006173,322.299155519883,241.695334327569
1400,1400,13990,0,0,0,0,0,0,0,0,0,0,0,0,0,0,0,0,293.878886448527,307.125002501768,222.698035396041,209.050994010023,229.246745461301,224.61065891842,349.623832472889,327.421353291674,251.154823043588,230.371194906962,216.013753511942,199.518611206087,249.72036917865,302.272979707506,256.030045505621,208.486798853178
1401,1401,14000,0,0,0,0,0,0,0,0,0,0,0,0,0,0,0,0,283.610186812184,205.612810772008,206.580384687297,290.515952646295,284.11926670929,261.746269712472,350.298285057884,206.573419194817,237.566874431548,262.908961756308,256.573300973202,261.974457251683,171.301446917543,261.533181748615,300.860924781253,277.538714431849
1402,1402,14010,0,0,0,0,0,0,0,0,0,0,0,0,0,0,0,0,309.966220341458,240.609528175932,343.104147167404,279.025922778553,283.047991056035,349.503477147225,331.296655453303,226.949021169137,233.721495865707,193.97877495555,242.594859106198,244.606810521171,260.089130141093,261.361932816716,270.907201774223,175.966738103994
1403,1403,14020,0,0,0,0,0,0,0,0,0,0,0,0,0,0,0,0,287.009970836605,249.17329381165,217.284784399124,249.029505298572,269.441994570968,219.942896632505,338.194658199999,239.366686276894,230.406112977768,250.497078796024,214.734602987347,261.960453756773,222.482375142236,290.165580942546,240.131475048198,250.78737725743
1404,1404,14030,0,0,0,0,0,0,0,0,0,0,0,0,0,0,0,0,220.445259288225,293.333389984171,210.345758115468,218.830106428128,282.758771165663,265.89760514431,331.604242567509,250.981322440518,258.222658330018,276.425930815675,292.46706364785,276.632462617588,233.700324063608,261.750832341993,213.343314213901,248.887549236914
1405,1405,14040,0,0,0,0,0,0,0,0,0,0,0,0,0,0,0,0,278.977386014788,285.372845915695,284.318512675962,294.133393849298,265.79872555871,276.171204797072,318.769948621842,233.663670201028,195.078157004623,327.84447800659,259.351566851754,241.349690172439,285.580656275716,213.379514870148,288.67871655912,213.404336865291
1406,1406,14050,0,0,0,0,0,0,0,0,0,0,0,0,0,0,0,0,174.468937063721,284.553578364257,257.477356981937,289.146905621361,184.042556344493,229.567769075906,302.275355634963,168.206430007029,276.940965624765,175.286559822088,253.806964454454,290.484673569876,236.301966255536,126.375304351707,260.261031983985,214.813449762111
1407,1407,14060,0,0,0,0,0,0,0,0,0,0,0,0,0,0,0,0,245.723837504666,256.599953998357,260.984233450849,236.73029118203,181.070733746674,194.025151318114,307.076356323543,211.877243986027,196.840630003458,313.466723608562,244.043543869873,235.349875149587,244.592590011815,262.929113040735,278.852023701788,261.971398606498
1408,1408,14070,0,0,0,0,0,0,0,0,0,0,0,0,0,0,0,0,298.454596699933,251.274451119409,245.41970441237,187.425243622103,236.417252608263,193.083458742551,296.726600610159,283.085908561256,230.122595320442,205.058182476429,279.18076446372,344.75955716299,204.198081282304,277.834603640659,238.092767503185,281.229715771898
1409,1409,14080,0,0,0,0,0,0,0,0,0,0,0,0,0,0,0,0,242.67272767635,246.014701264547,272.317637266574,229.069651480563,250.504177957206,183.746669544661,301.879096212056,273.374377051391,214.148421759838,304.047494318615,314.0724799546,238.999641266119,260.387723086251,299.381254854394,206.166140831647,208.426524610679
1410,1410,14090,0,0,0,0,0,0,0,0,0,0,0,0,0,0,0,0,266.743967118136,230.328771775866,214.382499494561,239.984108300044,216.896097960858,286.313672967883,282.540405797744,260.84667181629,258.122931740423,199.309723868581,252.692162737276,268.538695273503,312.047745479743,251.473430577663,222.333545512349,254.450295512455
1411,1411,14100,0,0,0,0,0,0,0,0,0,0,0,0,0,0,0,0,223.505413406132,275.463425370453,212.675846019714,263.515183880291,212.208504349319,269.61784763196,289.426480708402,266.894876171124,221.792495309802,281.017047100052,293.335804694766,291.67155844821,294.795697434325,288.074417824682,233.341325084192,223.839557266715
1412,1412,14110,0,0,0,0,0,0,0,0,0,0,0,0,0,0,0,0,219.696885426438,212.017245848562,260.24201539814,262.167338452671,244.81003577403,221.85036789401,259.450735141631,320.434305980054,225.916084428359,244.24612402141,168.101554961951,210.926355644986,303.594784267838,244.791716150433,261.904533363464,218.457905297498
1413,1413,14120,0,0,0,0,0,0,0,0,0,0,0,0,0,0,0,0,234.680956129164,184.238199692151,300.357439814695,286.970922947118,214.145614474702,227.219778658083,294.751596745273,266.424443612371,263.651095588091,225.160763976229,250.109765949721,196.039774228132,241.810767908178,233.671259820736,281.577356922785,236.252508863511
1414,1414,14130,0,0,0,0,0,0,0,0,0,0,0,0,0,0,0,0,349.925401425691,288.266504705469,253.182779105943,292.086036894185,257.306765815491,273.937855667115,278.147523926323,225.954565773024,300.395798356413,238.670969127041,267.923659805615,224.969951779048,277.084560540945,265.127073802279,287.999370867753,239.157591336419
1415,1415,14140,0,0,0,0,0,0,0,0,0,0,0,0,0,0,0,0,344.009254362991,239.274260453537,277.987562957393,267.783549263261,240.156116292467,233.796033585766,278.680862800052,198.256669806384,275.118184980625,251.895240627744,275.395193744659,271.699337472143,241.866162503612,189.349037741287,234.989918294952,266.670433025564
1416,1416,14150,0,0,0,0,0,0,0,0,0,0,0,0,0,0,0,0,321.27614334575,274.209963972293,199.264762726022,176.681842328424,227.085355986402,224.935824888302,277.015136944078,311.032648538736,172.870977708048,271.787566505584,192.675635520956,263.62561089963,272.450015549033,224.039438054855,218.490020229191,276.278346758609
1417,1417,14160,0,0,0,0,0,0,0,0,0,0,0,0,0,0,0,0,237.39372574445,308.437140220664,362.106917352602,285.301704704346,166.073189684224,259.901034107757,283.116697258288,314.867992271737,241.467810734282,248.249915571395,197.655583697392,214.476655126399,252.071265111099,270.050998279413,226.764167539842,275.568645151745
1418,1418,14170,0,0,0,0,0,0,0,0,0,0,0,0,0,0,0,0,279.911700432932,269.699770158975,283.540553315865,192.047920997351,263.445971817244,226.358920745649,250.196191974506,232.133055964238,290.70881289385,225.161773493787,293.438089837504,240.305772231502,252.314746711762,185.175244965092,218.331562764222,247.838814999256
1419,1419,14180,0,0,0,0,0,0,0,0,0,0,0,0,0,0,0,0,245.188687100921,260.33350687377,256.547716661038,236.873825063221,285.66220163841,280.231910218784,275.724747026918,229.456092739466,270.91436276075,287.602018691174,183.852388565906,258.664147907314,258.062418377754,310.721822008117,259.494081658397,226.361324521048
1420,1420,14190,0,0,0,0,0,0,0,0,0,0,0,0,0,0,0,0,297.637762610216,259.841055726041,236.131813706199,179.108191765105,231.507654598001,262.28051024296,270.837393408856,281.879690116557,255.737187352368,400.458092496168,195.150001593574,283.923570280489,312.956425802959,251.819217115292,293.456542662094,273.155760835788
1421,1421,14200,0,0,10,0,0,0,0,0,0,0,0,0,0,0,0,0,211.408631348152,249.051700576248,219.286684391213,278.151469429058,262.808617238314,275.7304203178,243.274762988641,237.145608847454,184.974645039222,326.213550346047,270.388581859022,295.676629421532,270.894711647939,187.633743720204,256.705030674207,287.470046834792
1422,1422,14210,0,0,10,0,0,0,0,0,0,0,0,0,0,0,0,0,223.809292116707,227.190133260139,222.322987426985,202.955683421616,297.06444699932,326.333012396264,246.769346235054,247.183598795923,219.998390635852,278.250039412474,229.769832947635,181.171345837466,253.153389013939,266.631215765484,170.396598587406,297.690792833652
1423,1423,14220,0,0,10,0,0,0,0,0,0,0,0,0,0,0,0,0,212.254201298636,222.354036183409,228.050993335639,214.433547998159,243.605578468482,215.63017960907,285.039966611915,232.729030659817,282.59735925202,256.077233679581,267.656663840517,211.30953722148,286.134656639895,249.45392153744,192.253953155753,331.940827156664
1424,1424,14230,0,0,10,0,0,0,0,0,0,0,0,0,0,0,0,0,236.533472822242,213.493964115362,268.284239173482,190.187157432505,257.439697164871,293.38149047043,266.834621899979,203.263915753381,243.449323791032,373.645161374069,229.008134370793,205.540074970984,220.456584180563,258.844969436071,294.896339625022,210.089366173576
1425,1425,14240,0,0,10,0,0,0,0,0,0,0,0,0,0,0,0,0,235.751993120359,238.583975482823,291.335802821383,152.962388490294,252.52915558439,278.154177254717,261.604065724781,293.371816237179,270.241626808534,239.524064633857,214.079664034712,282.213122414492,270.589916599482,225.303314417979,175.827747859139,279.553330892921
1426,1426,14250,0,0,10,0,0,0,0,0,0,0,0,0,0,0,0,0,239.899201565456,230.111860045733,242.535929599957,260.28414456041,269.597918899967,229.746552469177,299.870131416501,290.494290527163,324.953943621605,274.951625201977,231.358138951531,310.901355719606,267.460750010822,285.901927894218,251.016153010323,262.759918086034
1427,1427,14260,0,0,10,0,0,0,0,0,0,0,0,0,0,0,0,0,236.470560317061,303.593155851194,235.138505884585,194.03325161268,260.029313568576,236.502405746478,306.43365394226,247.772963692261,260.870975373841,243.08441675464,255.846629945365,277.65946914386,330.52639569808,262.604239714872,294.263880552028,252.401932368291
1428,1428,14270,0,0,10,0,0,0,0,0,0,0,0,0,0,0,0,0,284.920469584459,243.310030172955,299.401119179442,193.213761478453,277.951094871683,295.759390655075,284.667548917878,254.985742168722,282.670989263459,277.787330216677,312.037587969652,227.594334597054,228.635808338648,273.080355249065,196.525618878493,248.586539813361
1429,1429,14280,0,0,10,0,0,0,0,0,0,0,0,0,0,0,0,0,213.584042901062,214.345874990776,222.366095421129,256.623170962168,252.27071147015,229.447736576624,323.731383116879,278.799957428447,290.394530989788,231.71537135116,187.952402690073,273.159238619795,237.4363473803,295.54279403214,230.421510313454,242.11615243201
1430,1430,14290,0,0,10,0,0,0,0,0,0,0,0,0,0,0,0,0,211.205735074835,216.68519367661,252.537656486048,238.364511892003,279.90625806571,333.724535374864,310.246816859344,203.538751222557,210.152831126703,259.635560290349,293.539776719756,219.548868079062,278.616407120866,204.340092525882,232.621939364914,232.690682992895
1431,1431,14300,0,0,0,0,0,0,0,0,0,0,0,0,0,0,0,0,263.436782267228,274.810466426021,231.566413139987,276.792632109629,223.417572616487,182.62183860078,327.215323078079,361.033294675349,297.432275896056,249.861881051532,216.72029560036,251.894692860277,235.819384811732,256.162399022333,245.665418753126,247.84128890068
1432,1432,14310,0,0,0,0,0,0,0,0,0,0,0,0,0,0,0,0,239.17798571339,287.589861229329,183.297282958268,261.584764182009,290.212957083262,277.645857226258,365.826102841771,312.497831438519,254.118262323102,262.354432338483,334.248403911961,206.85639545782,289.196520304505,175.167350934579,259.644239463005,220.943505856652
1433,1433,14320,0,0,0,0,0,0,0,0,0,0,0,0,0,0,0,0,242.381787867959,210.325642495379,246.514073014049,332.441070021834,250.798880432942,255.198997346361,357.077389619094,344.766309957404,261.318307267683,269.415657669215,338.13242362674,232.901297277342,272.3467825512,248.033105609272,230.183460268138,192.273877907039
1434,1434,14330,0,0,0,0,0,0,0,0,0,0,0,0,0,0,0,0,248.738667934221,257.237379097542,169.713169977583,238.66550764659,184.894012351811,262.925581251637,339.182415443848,280.144001321864,235.119667664655,251.415446425116,204.993539204112,275.389619689754,319.533855237072,283.592364288506,287.339902437202,270.667676801671
1435,1435,14340,0,0,0,0,0,0,0,0,0,0,0,0,0,0,0,0,231.212395012381,286.163247775603,229.54083522058,184.61556631246,264.756527213392,190.801214128142,335.380329395129,290.530273507301,228.797103456034,281.722189271141,274.050981561287,216.545465673748,292.992025086513,235.636461099741,243.956881720234,197.272225747481
1436,1436,14350,0,0,10,0,0,0,0,0,0,0,0,0,0,0,0,0,223.898440885611,204.168474297175,310.457083372216,225.650764398084,318.403275158049,221.954095478627,329.524333065288,280.474822936325,266.553485210972,245.835416012833,242.602856161836,213.497181848761,212.151429676285,256.197650212657,270.959312391618,243.683966680241
1437,1437,14360,0,0,10,0,0,0,0,0,0,0,0,0,0,0,0,0,223.636978654712,239.148423549019,216.345144158177,158.869014554454,293.685564996596,254.783124217958,331.194977311561,309.406813126443,177.229320482159,307.999971843924,204.027329617701,248.762861004629,335.148850971307,242.239853199525,287.786306338063,263.881006308629
1438,1438,14370,0,0,10,0,0,0,0,0,0,0,0,0,0,0,0,0,227.336862701065,313.093876564929,236.84639336852,249.504408618077,248.956715343863,272.638842805806,326.463302858375,183.567500354221,278.246286014798,252.988735245284,263.751823204978,198.40828854898,223.46615021069,187.851311524278,244.406172420373,269.499595904476
1439,1439,14380,0,0,10,0,0,0,0,0,0,0,0,0,0,0,0,0,239.592533592542,236.534386538111,271.750973082051,301.758846103761,240.089192769111,260.719732868817,341.934430071638,311.368246658744,219.636796857312,217.69258105807,286.340529608225,249.543794825766,240.160641623386,217.711368930118,301.416494847603,233.392211658666
1440,1440,14390,0,0,10,0,0,0,0,0,0,0,0,0,0,0,0,0,192.845225118359,295.434071465529,201.986615396556,223.597799697076,264.998371389773,149.749910298326,342.181912352017,257.819410473951,254.86213280318,251.958613874995,213.959671734525,261.477843431625,199.688314689776,215.730334512035,222.391000348678,234.409899809661
1441,1441,14400,0,0,0,0,0,0,0,0,0,0,0,0,0,0,0,0,245.470409683659,252.480694458956,265.315417735757,268.123626600443,283.226304879961,295.256177903496,329.423906337885,233.741426351161,241.802871318744,251.626173076988,229.601967430253,267.933598553449,226.08636782459,294.054154642864,286.745533063974,263.019072011963
1442,1442,14410,0,0,0,0,0,0,0,0,0,0,0,0,0,0,0,0,255.992832525295,270.522102909886,260.03064757315,309.868167019359,214.035080064042,302.326646251805,364.042056818502,244.841166175294,229.218494906057,246.433278421319,238.526257327357,260.115091056148,229.762099649508,294.952229523176,225.239564965081,210.764550773336
1443,1443,14420,0,0,0,0,0,0,0,0,0,0,0,0,0,0,0,0,240.903636331304,230.866219596633,240.220833183384,248.347877024775,276.600611902671,234.670693391773,338.707242603088,217.062989814945,264.687676815093,219.216808024749,276.356997316981,203.358781805295,258.014784561602,277.27744218558,245.82823386054,244.529233143207
1444,1444,14430,0,0,0,0,0,0,0,0,0,0,0,0,0,0,0,0,257.967928194329,293.098896720983,301.14722992313,226.186256814938,159.617022937252,352.806690812364,340.961042407563,223.099401517759,175.332146691384,255.361909504794,195.670135292011,242.132930688372,231.794671308806,229.975149918002,286.179097019736,187.154777082711
1445,1445,14440,0,0,0,0,0,0,0,0,0,0,0,0,0,0,0,0,320.241277947288,314.180774174287,273.731039031214,214.581967298742,245.262764150886,229.754920543328,329.323374718152,289.391057930736,282.8226326289,222.008493449162,202.187389716144,281.93217844161,218.243838493794,271.782765594506,306.102788315064,191.426427416032
1446,1446,14450,0,0,10,0,0,0,0,0,0,0,0,0,0,0,0,0,227.499558540602,248.118854502114,224.369746610228,232.838649649166,245.215624906202,199.341180149895,338.195154112234,303.668898872557,182.548440342487,236.681116080556,225.127981674182,264.920998834758,210.102851755711,237.6266756771,224.803943998129,278.654029910932
1447,1447,14460,0,0,10,0,0,0,0,0,0,0,0,0,0,0,0,0,305.870302150427,207.453381262984,225.098573272456,258.661972299595,242.220167251874,260.814203298897,311.400659985611,222.494323285922,314.484967269954,264.662249187055,335.162635824081,297.332811329321,254.902930390411,212.099496848709,269.144765130587,263.154010035637
1448,1448,14470,0,0,10,0,0,0,0,0,0,0,0,0,0,0,0,0,291.103186918463,261.088692495816,242.018861781654,243.388163520067,207.073568686397,209.398609514172,349.382878670541,232.146078973937,170.964437770383,216.610970073646,138.223769342759,244.131069070544,278.117750861146,280.025154171454,284.47164823108,234.27477957801
1449,1449,14480,0,0,10,0,0,0,0,0,0,0,0,0,0,0,0,0,248.139010313228,236.993740310961,316.778179788612,238.611185625045,188.700256633513,231.708320013026,314.321854774985,253.45145477027,271.39124223648,245.788916432135,202.992260730905,298.436750452843,272.306882184786,246.111891766645,252.723676643056,244.282095306729
1450,1450,14490,0,0,10,0,0,0,0,0,0,0,0,0,0,0,0,0,283.568884267202,186.610607550159,218.273082551065,238.002835144313,261.984409315874,280.851968538362,336.745369220729,259.709948369224,229.428597501358,286.025161016334,284.75412434036,282.665414595941,291.082073017025,209.387187922505,291.293925355574,249.793311257229
1451,1451,14500,0,0,10,0,0,0,0,0,0,0,0,0,0,0,0,0,312.560788889719,261.692798135246,141.47076795709,279.305512577857,176.867401889961,154.567286535868,320.555712553852,267.158817543994,236.380657018617,310.35968273385,278.193100978597,239.053737234514,262.099681306562,242.957799175568,341.432506626581,228.412019567213
1452,1452,14510,0,0,10,0,0,0,0,0,0,0,0,0,0,0,0,0,351.846120685474,288.062642539647,234.444275933682,236.535788214165,258.578393153944,207.974364073788,336.646148872803,228.782014952538,273.419589264364,250.691716833609,258.521288635229,293.613986359512,273.895378596423,183.434211729901,234.476688251908,172.092330932201
1453,1453,14520,0,0,10,0,0,0,0,0,0,0,0,0,0,0,0,0,315.41235052535,301.17021241382,265.700923569735,281.179816318557,292.694165555989,243.372565023978,309.847808462734,282.909049111997,205.327964881014,296.452036404418,227.24036335318,334.315940416623,256.673129196027,222.852477343318,216.061620819685,234.083137553793
1454,1454,14530,0,0,10,0,0,0,0,0,0,0,0,0,0,0,0,0,175.041537818659,263.530549979153,267.344362845117,244.332034923652,272.908413330632,222.455694269108,344.947223476488,261.204080577098,311.471687455947,206.28172357508,322.908859162313,292.278767360223,219.307550133243,296.297715685797,272.872310619179,288.592310098825
1455,1455,14540,0,0,10,0,0,0,0,0,0,0,0,0,0,0,0,0,246.867226872772,317.310066169423,227.19298453901,269.17969826213,290.348159630804,242.149034700752,361.487396332087,243.245789272864,216.004259374125,233.134285477789,214.28740167915,285.276020569445,264.841512819437,256.336101349657,279.960514125517,222.634076044055
1456,1456,14550,0,0,0,0,0,0,0,0,0,0,0,0,0,0,0,0,263.789092592143,234.328239126864,278.982271947189,234.400312021026,192.950020178496,215.823262771151,360.865144167642,221.218893717474,281.638947137744,305.870502406281,241.535571139596,236.010601392238,288.793011157457,197.826007185203,316.727078038148,164.614333115809
1457,1457,14560,0,0,0,0,0,0,0,0,0,0,0,0,0,0,0,0,282.127679739556,223.793367234633,236.469072179894,257.258321953654,258.628252395996,260.93913892129,383.383841944168,229.885313424105,278.992675830327,300.937164633843,204.564045178318,248.652927118098,187.691690784795,275.228642355312,274.394137686799,255.333643062926
1458,1458,14570,0,0,0,0,0,0,0,0,0,0,0,0,0,0,0,0,261.797220591152,260.198639891883,219.376992957223,272.644097976967,193.632977393283,233.003109580797,352.546785840225,227.985924607187,284.762059971685,209.532624031091,196.471228192197,265.961826585668,343.42756141114,205.959666245291,254.801697119752,269.197236809716
1459,1459,14580,0,0,0,0,0,0,0,0,0,0,0,0,0,0,0,0,230.773047595427,183.996263315859,285.994717691531,305.312202475563,222.294456580609,230.064846156481,351.089247829424,186.818493392716,236.122956920583,264.565542233002,267.84133588439,275.648552760009,266.866753876885,206.576319141061,315.227146786652,232.379709184114
1460,1460,14590,0,0,0,0,0,0,0,0,0,0,0,0,0,0,0,0,303.568023753611,251.574822361715,178.505079495324,196.628371422935,227.608904215078,202.108769724,379.846916970524,185.110332359556,269.793395455266,227.612252724616,247.127638445876,292.204459154539,262.255212256746,229.149642200117,279.427101309377,241.982550005313
1461,1461,14600,0,0,10,0,0,0,0,0,0,0,0,0,0,0,0,0,217.528104475041,228.516257260017,236.982877523238,236.233323357845,261.086342422832,197.847868035709,342.469558138018,297.833714726802,221.88398731699,271.429011243642,272.683727419302,264.315008595074,272.685371169325,301.256465497066,191.445912561671,273.540522954353
1462,1462,14610,0,0,10,0,0,0,0,0,0,0,0,0,0,0,0,0,217.955039986607,304.919686956506,273.932624347492,220.845256385391,244.615659326371,265.163294512105,351.440871720754,288.599546866811,238.757368739715,265.040230775657,284.180691732568,254.539088828327,273.014738014706,271.008921303326,240.76610824828,240.960939859864
1463,1463,14620,0,0,10,0,0,0,0,0,0,0,0,0,0,0,0,0,243.116433112861,278.921816969314,250.294865316505,236.267441047203,249.908436838771,229.683211505543,351.41576909607,229.317873857648,196.48151582811,250.344111795309,236.20182041902,285.373328554703,258.708352228945,234.994048413193,281.248097019174,191.931733842026
1464,1464,14630,0,0,10,0,0,0,0,0,0,0,0,0,0,0,0,0,206.468893658344,235.765271756617,254.799975193483,291.363670936731,234.352889600438,279.075136716291,342.085739155987,247.933724272656,255.379768969611,227.027211177955,265.832551099109,228.646439741906,260.574180083397,282.164881382809,212.642407016902,230.646584261043
1465,1465,14640,0,0,10,0,0,0,0,0,0,0,0,0,0,0,0,0,293.705750936949,229.030737244758,250.433850820967,320.572310253359,257.314516649351,227.277824740117,349.9421624527,266.162807775861,217.754366265474,215.208419522287,270.037538565495,364.505542895166,271.067454899249,249.281275530818,204.306900591027,287.399786775824
1466,1466,14650,0,0,10,0,0,0,0,0,0,0,0,0,0,0,0,0,267.238800066723,276.783587753568,249.628181682982,159.379360875994,230.095611198729,287.890020558012,358.833374113739,214.629482164765,260.620275537442,249.504431270113,208.390828489025,237.658996680102,242.211071562172,249.089756126521,211.900422084156,263.138935599819
1467,1467,14660,0,0,10,0,0,0,0,0,0,0,0,0,0,0,0,0,270.668396407038,196.645093810686,278.322775067124,263.293672781692,314.528419463954,262.497044905448,346.983688948628,310.341909217686,200.482102669872,244.933780918161,197.013241527803,274.418257108305,301.280953136054,159.860610552151,295.874298027506,259.748287933736
1468,1468,14670,0,0,10,0,0,0,0,0,0,0,0,0,0,0,0,0,209.291994754229,226.1214631101,299.030415000917,246.276466168371,203.91131074735,302.196258627132,369.758860661843,206.237740237437,241.57965688429,238.497105319839,257.047868736298,226.850234270323,326.160101500793,283.909308393051,199.305302737217,274.652098027189
1469,1469,14680,0,0,10,0,0,0,0,0,0,0,0,0,0,0,0,0,250.265596368789,221.228439997692,238.12615988194,357.821832000366,247.121825555081,225.35537990553,378.614934135043,279.674027061923,321.135995027508,302.264474831091,221.705697749208,231.101487502794,241.513209429943,238.645564016414,242.749635970069,261.310785399945
1470,1470,14690,0,0,10,0,0,0,0,0,0,0,0,0,0,0,0,0,197.118916910317,254.628015244158,236.562232564886,217.445210757317,228.010547278102,228.599978090426,358.369300106935,269.35085838255,221.498130950709,198.821792442947,231.524448685784,212.387134711324,330.14836449099,156.406676886498,252.460286606459,236.727988417907
1471,1471,14700,0,0,0,0,0,0,0,0,0,0,0,0,0,0,0,0,230.313830919918,287.573483521728,180.689794165454,257.825220026101,224.09905253093,256.102447115382,375.439658255004,216.436730076073,304.522606773125,266.330571428684,290.266973666858,276.799749939463,215.815105432773,270.211557539462,256.548735858735,280.464305748531
1472,1472,14710,0,0,0,0,0,0,0,0,0,0,0,0,0,0,0,0,266.576095679992,185.385121136079,219.413201218401,257.469384976121,305.600795047906,195.74308396873,403.396064460826,310.612130827486,231.245920343243,290.19142382032,151.800502542698,219.659105666553,245.147795678017,210.701577694111,281.31478240797,214.749881424425
1473,1473,14720,0,0,0,0,0,0,0,0,0,0,0,0,0,0,0,0,285.77495333518,214.605152615117,262.08536158798,209.100127676162,190.044809422149,221.376058554356,366.38517382065,245.189110456816,246.544997349308,251.837909432255,255.300317711593,251.160342859114,319.383161139855,295.95655178942,259.707000448497,214.746412631869
1474,1474,14730,0,0,0,0,0,0,0,0,0,0,0,0,0,0,0,0,286.792038743376,184.586998906539,273.375691026993,234.010786823972,184.776467979063,306.212907536956,367.246283394582,251.598910119335,269.150783215457,238.248057138709,268.203975145041,240.931311154474,230.032866620098,197.06478103731,292.72470801274,227.11857330238
1475,1475,14740,0,0,0,0,0,0,0,0,0,0,0,0,0,0,0,0,274.830259133584,300.980319216987,220.458775155035,217.154957431899,273.42801295937,230.762070513698,362.341723841083,278.096710227413,198.839698307974,181.639421392259,249.383232243194,276.899255837264,229.785382333871,209.175779270206,167.864147815524,259.914143854195
1476,1476,14750,0,0,10,0,0,0,0,0,0,0,0,0,0,0,0,0,263.212241889253,259.007906126627,247.651699019852,254.853215900483,260.355649978047,239.694112932792,355.940101842104,210.979145931797,254.227359023692,227.708661312876,221.652513882341,254.67089246269,232.679535131558,274.960997297314,253.042775581143,290.740430689875
1477,1477,14760,0,0,10,0,0,0,0,0,0,0,0,0,0,0,0,0,277.718409661767,210.449107876576,221.829695508583,254.108844611217,318.450569837551,270.212056252053,335.482372644407,273.120710329078,184.929626271299,270.03078181921,255.941567154781,290.240679414736,251.838263222767,277.184171626571,275.861447354293,266.723270882986
1478,1478,14770,0,0,10,0,0,0,0,0,0,0,0,0,0,0,0,0,314.869285577524,249.39930880247,315.613965010194,216.620458303188,231.809697422776,243.750201197691,342.082534193787,200.871129558209,286.929678996296,268.341869668662,334.569628137402,242.291484105085,270.763322241776,251.723341895488,216.565718787612,168.234968035812
1479,1479,14780,0,0,10,0,0,0,0,0,0,0,0,0,0,0,0,0,234.650295985089,246.032414106462,259.021459646242,247.28189599338,257.826964285466,279.244874461896,348.1184921097,250.522174096419,238.497171586372,240.171606742303,163.057265805885,260.258469043448,185.868198740691,247.697996118237,253.836808222478,272.841483111734
1480,1480,14790,0,0,10,0,0,0,0,0,0,0,0,0,0,0,0,0,222.415078574692,275.766286068748,309.406875319104,191.892954840046,325.979905810141,245.60418070736,337.691547101706,243.364667137222,272.266589198785,288.862351797561,284.492567279212,238.005153324455,274.666600730155,226.009747598343,259.485163321589,219.557161319035
1481,1481,14800,0,0,10,0,0,0,0,0,0,0,0,0,0,0,0,0,281.71513815212,260.052118489978,287.02916619291,286.703933629289,292.989498946521,240.585107767874,358.336146032584,251.938627607873,191.510042836173,277.446204552321,256.394845835854,224.888823850154,222.436631046604,208.067406314255,304.547222020496,196.173477276881
1482,1482,14810,0,0,10,0,0,0,0,0,0,0,0,0,0,0,0,0,326.423881290557,278.684098752745,201.278422760282,248.480385838943,197.387924845984,292.673496275614,350.749521474863,267.815349121143,285.040157022676,204.882128882976,292.54098215851,331.375308472627,239.167978047424,273.749894847467,284.719839714581,193.521571922746
1483,1483,14820,0,0,10,0,0,0,0,0,0,0,0,0,0,0,0,0,340.44499754605,244.681034711261,269.330211194865,233.217077941816,270.159881390098,211.048913495228,333.259755274861,292.530071733367,239.761154467765,244.918238775414,212.656796450714,219.496531695554,261.222763745802,315.883592126721,256.778071857151,297.601039036284
1484,1484,14830,0,0,10,0,0,0,0,0,0,0,0,0,0,0,0,0,294.192757387547,288.435052786111,257.447201721544,244.573272678164,278.598429704754,299.258876526778,345.762759156551,246.524286196829,236.306524240048,238.91506625402,283.907631700841,280.286370402788,266.413697558915,282.994725231597,279.821927868331,297.141349234327
1485,1485,14840,0,0,10,0,0,0,0,0,0,0,0,0,0,0,0,0,204.927905613508,227.150056974669,323.71364537162,233.959410329085,254.922956437103,287.289903948897,367.526149549207,230.279354158309,254.300971682306,303.715439043072,235.577596988529,248.421888236418,211.530612708407,227.003351742097,281.740302913589,231.133702670828
1486,1486,14850,0,0,10,0,0,0,0,0,0,0,0,0,0,0,0,0,289.68686987146,267.916682268149,278.088297052706,253.971227364769,213.027272415198,256.837362761458,376.310675972077,244.464879034477,212.652481123045,286.461635766727,256.411785489189,170.376799401002,308.624200010232,206.114030100088,230.586505215782,232.522995079272
1487,1487,14860,0,0,10,0,0,0,0,0,0,0,0,0,0,0,0,0,305.163021561659,328.288764038234,220.062464982733,267.369732790123,254.205569200525,247.315359651307,381.60739865538,288.328880353128,268.590650086791,266.679058329534,244.50475664642,266.622211361879,287.811294096049,206.730584418949,195.736907687061,266.293184347786
1488,1488,14870,0,0,10,0,0,0,0,0,0,0,0,0,0,0,0,0,195.05377258188,213.309230428433,291.148906416847,239.74519911534,281.577148280873,239.422551968245,375.420687424896,230.03071686888,235.554204828347,293.367437459529,244.677279896156,235.463115418661,260.352794501727,236.625951629651,225.171200292775,274.097116638461
1489,1489,14880,0,0,10,0,0,0,0,0,0,0,0,0,0,0,0,0,299.548685512498,183.130387321876,265.226312511581,266.708896697341,227.001280605254,215.422043314359,371.826739618897,308.282889067617,283.902589709649,306.189250478499,226.74075117546,223.88317229414,262.220913694301,249.742552700975,245.53701662018,273.56555901305
1490,1490,14890,0,0,10,0,0,0,0,0,0,0,0,0,0,0,0,0,287.262329315316,176.622480658652,271.117174366879,258.473196934469,263.470256647501,302.792742043292,390.54017424994,274.595049319264,277.913145280938,293.955300574351,211.017527659756,236.090091853098,216.20607542775,284.730454498132,242.999452168764,265.720607365527
1491,1491,14900,0,0,0,0,0,0,0,0,0,0,0,0,0,0,0,0,261.977104781066,268.105251879051,229.753879077357,218.836029592003,260.314600015258,261.073751756199,402.050434829359,250.699323134453,164.691773286727,299.149258212152,312.990422364766,271.391031832359,255.871216683182,272.225095752064,199.287971830232,278.368435370406
1492,1492,14910,0,0,0,0,0,0,0,0,0,0,0,0,0,0,0,0,229.162890738487,224.87966416842,290.303883004458,234.015279914818,306.522065310408,287.528907665242,408.139181277593,262.228627329329,282.618411448832,276.070688405114,283.323670563589,277.819439317517,280.213200014195,229.590881439999,288.602499391496,258.36329269579
1493,1493,14920,0,0,0,0,0,0,0,0,0,0,0,0,0,0,0,0,229.637719296201,291.857663838139,290.686118811918,269.867720417498,220.558642114452,237.245331551795,395.622612741641,234.825179739228,298.606495491344,244.680878962474,218.397400577539,218.765408158145,269.887848209035,269.073453934458,302.980705489422,226.600574185093
1494,1494,14930,0,0,0,0,0,0,0,0,0,0,0,0,0,0,0,0,202.442725818846,306.842627260448,248.661857133947,237.008176403955,260.3684355189,297.48393035455,381.879057751023,238.853780629673,269.336685030637,240.86936339058,226.106411241178,191.434595140758,288.167791186441,243.115187442227,222.970682676244,233.364627568745
1495,1495,14940,0,0,0,0,0,0,0,0,0,0,0,0,0,0,0,0,222.187242536912,268.022018045511,252.648021283701,210.607527750934,274.349293845037,258.030857153753,375.683453652513,257.94442055366,347.944415220887,238.498551211318,301.996095350473,230.934262590385,237.941714938239,239.681736912866,268.512146932736,282.697680552943
1496,1496,14950,0,0,10,0,0,0,0,0,0,0,0,0,0,0,0,0,210.28289159605,162.729462139607,256.153052155393,211.683433982468,287.187702055899,198.601490496353,382.862329012186,273.651243588525,227.518450198845,276.885786096923,319.455218253645,233.671338825718,282.934417826655,232.733738179192,253.264323374563,243.846992004148
1497,1497,14960,0,0,10,0,0,0,0,0,0,0,0,0,0,0,0,0,246.10312493394,259.616792694967,236.962039481822,290.365663307563,325.29851097662,241.10810216809,358.16686390402,222.729135573963,291.187480023629,241.689701200437,228.747870623306,236.731735570858,246.166002999511,316.700783256145,325.439300105053,210.053761036014
1498,1498,14970,0,0,10,0,0,0,0,0,0,0,0,0,0,0,0,0,256.253880469575,242.598044261681,215.665687187707,300.077983183807,248.148591522786,248.994178385168,364.963649647811,313.74304054174,211.755857876758,236.332891363823,223.631230907486,253.404937382889,315.287474485302,281.731835315807,234.03318606661,241.368483909134
1499,1499,14980,0,0,10,0,0,0,0,0,0,0,0,0,0,0,0,0,237.877815235762,281.137919152796,307.28260922129,245.064196515425,240.21604407421,242.846395214732,363.126971063808,288.492554539508,252.866865972436,228.540126724914,231.875800368055,234.054871776338,220.419060181805,268.29920543089,278.255340986411,273.263965182174
1500,1500,14990,0,0,10,0,0,0,0,0,0,0,0,0,0,0,0,0,222.535747384837,234.438727398002,285.502356611281,208.584817962087,312.408190693542,181.226525871969,355.360490219608,214.747061148508,226.540028408486,236.82615775227,259.55368844956,276.016178801586,290.267340843142,232.669498568942,224.053728381416,276.748764681279
1501,1501,15000,0,0,10,0,0,0,0,0,0,0,0,0,0,0,0,0,259.890351357871,254.981419541742,218.976675274291,316.118577251302,158.256412974874,294.810154777264,351.428189803501,288.812111684291,209.064355861331,232.922450662309,265.544125798708,267.254488180292,274.124574790744,187.637344982937,235.346042705786,244.445224254513
1502,1502,15010,0,0,10,0,0,0,0,0,0,0,0,0,0,0,0,0,249.399575551218,271.494685475111,294.584821476437,242.753233070758,226.401109384514,270.469378732362,357.568929622668,300.015908228692,266.300876908706,242.117790795091,273.225400625878,249.902264652472,265.742192613367,242.087607752766,260.380047455912,316.216576607469
1503,1503,15020,0,0,10,0,0,0,0,0,0,0,0,0,0,0,0,0,242.025438752301,255.846156068516,250.754030032933,271.340303957167,185.86720428351,272.557216567834,382.143795649426,314.043019029878,250.255457129942,218.028936881512,202.974643037423,253.461973584206,224.395621935207,264.869801835181,301.283552969768,222.814229193444
1504,1504,15030,0,0,10,0,0,0,0,0,0,0,0,0,0,0,0,0,219.667940479521,219.445154748587,207.199376645548,294.705309646007,183.859194818028,254.533519288846,365.975518785743,281.293268912838,294.170887158395,264.39547346377,236.894375059996,253.703719942624,304.854076887888,191.265154748871,293.635013582519,301.908464475182
1505,1505,15040,0,0,10,0,0,0,0,0,0,0,0,0,0,0,0,0,304.267678398535,327.268079153081,288.88882164749,225.323730029951,200.898966099511,248.720851868819,385.2764431691,247.07017220263,204.302806072398,343.618797497688,221.809824148781,187.779061152141,207.7394033037,274.56291281084,272.037480574872,224.693965002891
1506,1506,15050,0,0,0,0,0,0,0,0,0,0,0,0,0,0,0,0,254.8339766633,263.678785970912,263.368048941375,322.134639423635,315.831313905048,207.588431875098,348.959896961353,216.60374078771,275.141514405698,243.487941118407,205.85846344206,259.262697940791,281.382162744428,184.045461907234,238.538801054155,277.557006731449
1507,1507,15060,0,0,0,0,0,0,0,0,0,0,0,0,0,0,0,0,312.692710273885,261.4152436154,227.079223323256,253.228668722518,201.749248149894,208.083061465227,403.15534256265,262.076313294853,223.128891577762,246.156309785203,250.856586640229,285.084667717072,239.664452092097,273.339580650504,247.290473543504,210.066532063199
1508,1508,15070,0,0,0,0,0,0,0,0,0,0,0,0,0,0,0,0,266.225748848112,217.737841793389,287.200618134937,181.186705891098,283.894527215434,265.380886945646,362.832585110223,287.931086152494,230.233095584715,166.825197604013,199.895559375621,248.081857670447,256.198546743187,249.528168774951,257.218669012046,198.285699485858
1509,1509,15080,0,0,0,0,0,0,0,0,0,0,0,0,0,0,0,0,323.890149122711,248.507171149394,181.089141284536,266.051820878269,163.321356440496,189.149126592298,359.200158570273,248.844354377208,172.466199877117,270.310131805398,222.249630857143,265.016478316608,260.112811566784,221.209079840105,230.136054687688,255.497385166673
1510,1510,15090,0,0,0,0,0,0,0,0,0,0,0,0,0,0,0,0,267.974847340638,233.150879962234,219.078296839168,252.427779201733,265.176678820189,244.252022163773,382.394452795657,285.266160411196,251.29608348285,228.739774994093,303.553488265534,304.892318825918,246.037227355099,264.025336328573,292.737655230004,255.336058513113
1511,1511,15100,0,0,0,0,0,0,0,0,0,0,0,0,0,0,0,0,192.905759674078,250.966001970683,206.241356423891,284.759243717319,263.167377370823,229.090349548069,372.691738448652,284.053452768465,255.017365835529,261.324638619816,233.37173808364,246.025282537586,234.325887083581,247.764582207501,264.646925503567,254.943740443435
1512,1512,15110,0,0,0,0,0,0,0,0,0,0,0,0,0,0,0,0,217.482906641121,230.922834055232,250.651219604843,253.591357273995,249.971885279424,290.601766776975,375.82336123538,278.013032915239,264.992826564987,282.931705631863,341.811144436663,229.510712466082,266.068800057369,200.012004544362,156.582506677275,240.881936774768
1513,1513,15120,0,0,0,0,0,0,0,0,0,0,0,0,0,0,0,0,269.164075269797,200.16047478147,259.959416880702,269.36018301972,252.391060809412,268.772231355335,318.347877050976,251.220906929125,250.934711721306,217.041880764682,245.645647156153,246.211847415686,236.035595632115,199.158674939432,255.66728114049,238.1007836619
1514,1514,15130,0,0,0,0,0,0,0,0,0,0,0,0,0,0,0,0,242.356593087472,272.135184450126,272.762782035282,257.974212687308,263.281007549588,243.515446701037,316.828492360575,197.417115912964,187.634213274894,246.014400887967,193.787742337657,277.103735655009,266.475265719997,287.173402083993,230.363153421713,251.970039048458
1515,1515,15140,0,0,0,0,0,0,0,0,0,0,0,0,0,0,0,0,349.786287274238,290.227444755506,228.630593085402,279.920909010832,237.152224180964,215.589197001515,334.926831008692,260.031049278899,265.83668817779,220.034936832698,227.097737725617,278.244471824667,306.772039902861,199.1190766587,142.046096232118,251.334808754121
1516,1516,15150,0,0,0,0,0,0,0,0,0,0,0,0,0,0,0,0,259.417640369279,252.213050197698,284.590474176657,280.041346742002,237.018003020889,247.905073784115,346.863326891252,269.822049021621,234.776396719422,283.038677268239,257.063036126823,261.873827422957,171.160743011903,273.677492146165,271.509806326325,267.370704803458
1517,1517,15160,0,0,0,0,0,0,0,0,0,0,0,0,0,0,0,0,305.859084538633,310.427237231839,237.256425819597,252.651581173411,214.535018651102,283.494518116865,331.347081428784,297.080046153289,241.121971919438,273.728352220559,267.247519724477,160.09397657529,268.110520724832,269.627598291171,169.89604480593,285.69993894591
1518,1518,15170,0,0,0,0,0,0,0,0,0,0,0,0,0,0,0,0,252.37445169115,214.166555310639,224.560221865286,314.085437662261,247.033351860975,225.743498015483,295.182352566256,289.058629036665,224.540351652188,343.59566377425,272.74329296651,152.765866026521,308.218984465731,258.485857014915,219.981694265691,205.661021053051
1519,1519,15180,0,0,0,0,0,0,0,0,0,0,0,0,0,0,0,0,254.620185205971,242.403554944332,242.785425025079,240.977602241193,223.739672287243,246.600627936588,329.630580508632,244.113487962875,252.195313046158,221.422009405735,264.546799075913,207.759475418171,235.682339948064,303.7904708729,277.857857237049,287.985083142215
1520,1520,15190,0,0,0,0,0,0,0,0,0,0,0,0,0,0,0,0,298.688690539822,309.539452641812,226.813633331179,303.160203517617,241.515490153172,267.755634060624,306.336399073375,288.387284351296,294.811791993462,216.651648214825,231.001043098625,268.097767037435,279.275614233803,261.719289583792,248.00163228669,241.723171988369
1521,1521,15200,0,0,0,0,0,0,0,0,0,0,0,0,0,0,0,0,276.080643694049,238.060444651291,259.15831928113,197.402288267645,239.833373173661,281.199990996801,290.870858203635,299.119951608831,260.96930241497,217.027480207799,269.460855770832,207.120387082383,224.140829892981,270.789353805261,264.494765274195,241.211467955019
1522,1522,15210,0,0,0,0,0,0,0,0,0,0,0,0,0,0,0,0,226.150897379727,181.240591368735,172.070934736197,222.932044758415,269.050430305613,219.128182362823,304.80166308168,265.009466700821,253.096973263765,231.69254321681,309.13989520241,255.942446644177,253.178876234262,285.603624791807,202.500812364507,313.266672021343
1523,1523,15220,0,0,0,0,0,0,0,0,0,0,0,0,0,0,0,0,247.815299943733,235.918773818971,242.019253086675,202.906777785457,201.673177834774,266.472221091427,309.543717748352,293.671953644404,160.532925709343,232.148817284741,220.644783531852,259.668226913874,221.683693851213,266.548686545804,293.371286892797,312.195890576562
1524,1524,15230,0,0,0,0,0,0,0,0,0,0,0,0,0,0,0,0,235.62569496412,214.271806625915,300.140055056796,281.420904917057,229.994034334109,289.292083433919,270.369227110476,196.537567291922,319.481646626949,238.847111819907,239.377822810152,301.029315159051,250.667187040541,294.918581237249,272.780986228278,154.868933188394
1525,1525,15240,0,0,0,0,0,0,0,0,0,0,0,0,0,0,0,0,305.518629241632,216.190517443801,284.650618611664,301.85056316548,282.836371779524,224.304717617181,280.941295889898,318.415660414244,245.028841779342,129.485477052701,216.705111185953,232.510187823012,277.066162268441,198.61424054475,291.178309824642,255.314779373785
1526,1526,15250,0,0,0,0,0,0,0,0,0,0,0,0,0,0,0,0,225.742422040283,252.728238693578,206.31690191747,203.492732756599,254.265395578269,256.16178068078,257.897637232026,248.213184179945,298.082916893162,174.866930868962,242.251234250566,239.114987704358,216.067661271386,294.91188949083,299.079908634434,230.164289260531
1527,1527,15260,0,0,0,0,0,0,0,0,0,0,0,0,0,0,0,0,297.225954820831,211.676946217613,289.582773242206,223.961408400769,227.802950392063,237.214956746261,278.698309270481,255.105825987447,230.911222083695,306.231458563568,256.856351993551,224.657863850755,231.566095824398,246.15398527498,243.262238239019,218.589670330713
1528,1528,15270,0,0,0,0,0,0,0,0,0,0,0,0,0,0,0,0,227.04842466157,220.432212277446,239.110694678472,279.095698443973,183.167168960734,330.749046831,303.20096681815,290.034363085239,248.912773600248,242.613372723928,262.495121223364,205.217396645358,318.565626111431,195.184181948835,331.597842481667,234.501257740472
1529,1529,15280,0,0,0,0,0,0,0,0,0,0,0,0,0,0,0,0,260.795473498592,225.925406403328,281.967935713445,236.806952476929,229.960034301575,268.813539242988,263.566501072769,218.741897876624,315.488490897085,269.820273899736,256.631894874268,232.255795633085,249.165467208494,313.711023134026,233.973217459386,262.391159438792
1530,1530,15290,0,0,0,0,0,0,0,0,0,0,0,0,0,0,0,0,230.818756970944,262.558535061142,272.591725748271,191.284414390892,217.398488819194,228.716149135341,255.803965574607,383.711606295436,183.162731941001,296.49952138542,306.779982379174,274.974992832564,314.702256523246,233.547606469028,227.317077599946,183.095984408535
1531,1531,15300,0,0,10,0,0,0,0,0,0,0,0,0,0,0,0,0,241.261198441556,264.593210863892,274.75199768508,192.975390572002,176.954022607208,266.16018485175,260.447203955764,237.63310324343,288.145574855348,306.194634353212,315.068796315323,245.742053229182,247.760341513128,278.880323348957,313.532852814654,240.210424941807
1532,1532,15310,0,0,10,0,0,0,0,0,0,0,0,0,0,0,0,0,282.468664268833,248.182396008885,262.614692977686,279.53350292315,238.952623787093,252.421198339642,256.43654899032,271.122121931368,195.36528341836,200.793173759548,294.069127805267,242.528060812111,260.147440187259,249.882319639277,264.146397427179,227.750545626734
1533,1533,15320,0,0,10,0,0,0,0,0,0,0,0,0,0,0,0,0,315.042564963827,223.66785603252,275.547405538799,287.791658391966,237.369588256405,279.279062140529,280.997873437875,242.808959616261,294.872498893185,273.203141016618,229.349599160161,260.091878068217,310.703282401019,235.607682327509,284.758924661299,260.334859011372
1534,1534,15330,0,0,10,0,0,0,0,0,0,0,0,0,0,0,0,0,260.584455720374,182.476202360707,264.310191234123,206.85847191377,198.068624499542,255.523115586516,300.860695122271,269.779844339815,216.174775342293,287.784632822924,172.453570818393,210.848360274172,205.241500490704,232.891701545832,173.948345063266,222.414973246591
1535,1535,15340,0,0,10,0,0,0,0,0,0,0,0,0,0,0,0,0,249.191045603288,226.84573360958,216.580663050348,251.101303665109,164.583672116368,216.50016067713,265.556755114425,321.884338516849,260.907757563485,236.174386465757,197.569435727733,210.397756584729,285.194557466016,224.764140901298,261.613340834706,276.36258954494
1536,1536,15350,0,0,0,0,0,0,0,0,0,0,0,0,0,0,0,0,230.100048345027,253.921779378983,238.150772469176,265.192479680723,209.342780242846,255.591990635784,292.406834874123,233.874042211982,283.725191826645,238.459030795168,251.131628284594,227.769554878046,255.165386579389,248.401894080117,256.086316221333,245.528300107517
1537,1537,15360,0,0,0,0,0,0,0,0,0,0,0,0,0,0,0,0,301.966460289359,228.298042437081,211.500597685065,304.101328651766,301.588495238275,263.226677637538,302.066671450352,254.111726675937,248.418422798947,211.263673414953,263.709547906264,206.223634511182,213.49385825,244.701538980234,233.427920952167,190.333337018867
1538,1538,15370,0,0,0,0,0,0,0,0,0,0,0,0,0,0,0,0,196.64678698824,330.022532082411,266.015531404595,193.615233326127,237.200147590751,298.588945963361,299.143076166648,229.735437703373,236.97417638871,245.743228513706,211.538383638128,298.824409016883,245.981499359028,184.683668981953,273.829640716734,229.836989173752
1539,1539,15380,0,0,0,0,0,0,0,0,0,0,0,0,0,0,0,0,173.796764039473,248.129627040473,228.924320637373,291.954148334117,292.361440143593,259.993941443241,298.552681121989,297.84451856596,207.555553103922,198.373102070234,199.064722897788,243.80137980419,250.974628688278,258.016131453999,216.404359861812,237.797712497348
1540,1540,15390,0,0,0,0,0,0,0,0,0,0,0,0,0,0,0,0,337.023764758623,289.491570592037,340.317277391427,262.881798801761,299.0429860096,192.757023520596,333.102362675336,211.468649219753,247.976855963484,285.105441389674,249.525207677103,250.184446360209,295.198862694075,207.927096139629,263.603505099316,168.710412793779
1541,1541,15400,0,0,10,0,0,0,0,0,0,0,0,0,0,0,0,0,230.875821565576,231.360624611514,224.92884274247,217.669695259678,287.742821682017,205.000303689141,297.97311287582,236.139465545185,235.92994500784,242.327528111764,284.172396678142,219.899163981184,246.880972822865,276.618330098043,220.465075650464,235.585773199159
1542,1542,15410,0,0,10,0,0,0,0,0,0,0,0,0,0,0,0,0,237.112973409692,250.129675702079,214.065845328148,214.468689891105,237.104802372446,277.766353846258,306.302646218984,200.090055570008,283.372262653676,278.2858039163,273.634104947598,234.457104715008,271.900207711448,251.857346380892,268.172225805156,239.27848688132
1543,1543,15420,0,0,10,0,0,0,0,0,0,0,0,0,0,0,0,0,195.053578903252,243.186945977536,274.261209095635,275.863309040376,231.469391661635,315.060349700041,311.529518283949,270.146020602248,326.200116064323,209.386286829502,249.745115813071,179.222134698725,323.110686302631,255.227215319671,233.05648558001,239.162488073524
1544,1544,15430,0,0,10,0,0,0,0,0,0,0,0,0,0,0,0,0,321.057439506621,216.965207599109,224.016641436576,271.92656874844,237.074880875317,272.36527042256,292.810555526064,208.524027298019,187.097070164537,283.413683639447,217.223092529655,245.350440349583,313.840336415103,243.376991834464,234.463290470943,229.330379138268
1545,1545,15440,0,0,10,0,0,0,0,0,0,0,0,0,0,0,0,0,272.844912470382,237.213365538734,230.159380652508,264.659817459648,263.688373865814,322.117372411622,323.549231147608,300.69521598935,295.1959902089,293.085699838504,219.659380849366,248.769548048111,217.397374979159,245.198900725463,204.382054361264,212.634901676631
1546,1546,15450,0,0,10,0,0,0,0,0,0,0,0,0,0,0,0,0,248.563724106161,271.844301203437,355.6583029018,109.662916778266,218.657188320978,207.483000701152,332.742615288536,216.540532181786,277.938973869802,239.518783370218,263.643558064373,244.691322604952,287.695458004008,228.026323686457,254.094028176533,257.336495198631
1547,1547,15460,0,0,10,0,0,0,0,0,0,0,0,0,0,0,0,0,232.37754753944,245.050415972498,332.338397296425,307.921273136283,261.118382494559,277.798433750996,326.623657825024,215.555856057311,291.042197667807,289.61440683637,216.556144650289,215.913757855704,214.884637108702,267.866028533666,244.391931890552,234.026821024141
1548,1548,15470,0,0,10,0,0,0,0,0,0,0,0,0,0,0,0,0,275.822831881626,295.773753412071,256.085175059226,270.934768926757,234.875178570705,274.137595552173,348.258313580606,164.711323079278,290.099152929934,245.219886744157,297.675417208343,267.067231847442,281.54284278882,249.577521868784,202.428878718765,291.149250866094
1549,1549,15480,0,0,10,0,0,0,0,0,0,0,0,0,0,0,0,0,268.22372781017,257.191546891693,207.827142062112,260.72575703703,225.478324703836,224.683176884879,328.767765332321,236.646620489095,295.377094874699,245.890789175807,237.017024206797,275.850605039377,231.897580231938,206.656910811007,256.898830054072,233.287092352213
1550,1550,15490,0,0,10,0,0,0,0,0,0,0,0,0,0,0,0,0,269.373242720142,312.677005448244,284.192773539462,233.491384286607,196.320081156985,231.656308863996,347.362408787914,273.324287845757,212.001255549228,234.829707062129,269.565259704549,204.166531487291,279.331948298617,280.972532833367,230.460148266244,254.794002287756
1551,1551,15500,0,0,0,0,0,0,0,0,0,0,0,0,0,0,0,0,270.300484361945,244.876001434976,252.187603800984,309.919953202448,229.443674107803,214.931280248615,332.987019215598,249.499065287518,292.829070829155,239.215357922866,236.133927994841,308.97186635849,244.440341562988,262.218607820199,285.605221241681,197.997025032251
1552,1552,15510,0,0,0,0,0,0,0,0,0,0,0,0,0,0,0,0,273.02615154445,268.993976943345,286.159315350313,174.553399157956,209.540193605325,275.386958860142,355.587145721762,286.514412501846,211.111481142623,208.670693775019,283.069715732972,239.270619131199,211.197774464647,243.408150459262,243.5245371568,285.210677620702
1553,1553,15520,0,0,0,0,0,0,0,0,0,0,0,0,0,0,0,0,224.054815969901,243.927291593247,272.780718129544,198.929426678499,189.288043097657,195.950118813454,371.296606289083,260.760930210406,265.25457741521,225.72551604101,263.652041650385,288.8104180379,159.515015943539,227.065803591565,157.399989543874,309.358056604236
1554,1554,15530,0,0,0,0,0,0,0,0,0,0,0,0,0,0,0,0,206.059149288517,227.231406486045,202.924514423457,282.20486745728,275.169898420876,196.981103525661,357.045029202576,334.959471880715,189.599927159156,249.943387891989,212.516118320197,225.460102666027,289.431280352007,208.628775061975,296.868785511082,196.845153547612
1555,1555,15540,0,0,0,0,0,0,0,0,0,0,0,0,0,0,0,0,248.262685656229,275.271399149326,283.730175671829,312.210289110603,217.361559968899,285.137216199236,355.374099246231,339.899987357724,236.485920897311,220.950626228369,278.235624527866,202.9264669834,251.60334798344,217.254626543953,267.286564742743,219.790679424874
1556,1556,15550,0,0,10,0,0,0,0,0,0,0,0,0,0,0,0,0,215.220060968085,293.520507618054,238.010226940386,297.885033568291,245.843249203138,313.195840522402,345.789179709811,346.319482688362,331.617776049798,256.53408698412,248.546539824491,296.203874809858,249.003189096988,303.697640631911,199.268468603114,310.1003487384
1557,1557,15560,0,0,10,0,0,0,0,0,0,0,0,0,0,0,0,0,217.433478716623,287.340235342799,211.736960658359,191.795480449787,256.114081571228,247.660079455826,324.157491016806,238.17813775364,257.488044017529,201.401617928727,270.043282130664,310.512611132449,247.356517764877,280.758791401236,285.315433231843,239.372370190043
1558,1558,15570,0,0,10,0,0,0,0,0,0,0,0,0,0,0,0,0,256.460447384408,236.658285187865,248.653460159732,241.990311259654,295.965502079112,303.941035033011,325.229351518294,262.60080271394,249.636228458727,189.590982459521,290.202984546159,273.849266494321,241.326038238523,310.311160645827,242.916785744877,289.775245809116
1559,1559,15580,0,0,10,0,0,0,0,0,0,0,0,0,0,0,0,0,221.59662111304,231.895296325086,244.463261579455,271.386923868041,294.589920130108,240.98101288531,336.718856313056,292.460605813932,239.015025635749,276.532144617555,268.960226422129,229.399624342311,226.551210686553,286.336357225849,318.813901110307,217.720830999987
1560,1560,15590,0,0,10,0,0,0,0,0,0,0,0,0,0,0,0,0,295.0030530007,216.566642421189,224.393370731179,248.776737413524,254.258974467356,286.081833512635,338.346977349666,208.759157084017,226.551244978932,288.392763017827,261.014224277401,283.255328665494,239.649740177678,254.86487334547,197.750157253098,243.713278596405
1561,1561,15600,0,0,0,0,0,0,0,0,0,0,0,0,0,0,0,0,226.627031997752,254.885727775444,232.888522953579,232.998789174409,249.281346215933,288.255111702211,332.31001762604,267.490844362356,222.05667866121,285.737537983314,253.140060226158,219.303257637504,295.683446104314,312.331280121386,249.287524105598,294.116632864272
1562,1562,15610,0,0,0,0,0,0,0,0,0,0,0,0,0,0,0,0,271.404742518016,264.253479716992,218.541381304495,294.913276887893,229.848420895785,196.963035462613,357.881228414676,201.328772962888,283.850612023595,199.576525308482,201.173153251533,245.445651353243,233.510912399473,253.848758487395,247.224636786286,234.306094552737
1563,1563,15620,0,0,0,0,0,0,0,0,0,0,0,0,0,0,0,0,338.762953452418,302.825552571087,244.798625974268,235.449351118626,192.945557956938,230.911574292458,346.169645964908,260.369395256138,269.638241426957,250.640941917723,207.375910665851,256.923471372346,233.465666587446,235.995431149788,267.12691726777,230.987892749324
1564,1564,15630,0,0,0,0,0,0,0,0,0,0,0,0,0,0,0,0,252.472696301496,258.679653138235,235.674462457967,177.800600154069,256.886574917808,182.672751744003,387.535300471179,276.518136373431,259.86412535402,245.634069296974,305.667780750595,271.488093270128,247.627157462841,241.069466341338,243.455965241701,231.882963059507
1565,1565,15640,0,0,0,0,0,0,0,0,0,0,0,0,0,0,0,0,243.488359192032,227.722603726248,189.254947862982,246.834037548254,306.394697968955,208.756445381732,337.499249060233,281.512861604845,243.507558988148,272.382403512586,240.050142529499,260.226357655415,274.347374892097,311.821306302599,198.226082095052,280.390804428072
1566,1566,15650,0,0,10,0,0,0,0,0,0,0,0,0,0,0,0,0,264.93484687117,168.2304435973,202.056017008472,253.125856457785,264.534862215278,298.97550073297,329.814805775159,243.951407528518,238.822711150957,208.874720785032,256.818534727469,238.887232253484,290.816407445643,274.596809499161,276.860673481273,240.353472367838
1567,1567,15660,0,0,10,0,0,0,0,0,0,0,0,0,0,0,0,0,242.662829078716,280.419857685005,223.528705890166,207.985797787743,278.566736595897,227.436837264352,297.099192717799,301.720608205071,261.036931556705,282.272447801613,286.548919834833,133.11465193792,245.686031324454,303.55360041271,256.037730907082,293.360699872807
1568,1568,15670,0,0,10,0,0,0,0,0,0,0,0,0,0,0,0,0,237.366218532361,201.46623364938,235.178796685916,231.86912029692,232.975707027135,273.657388708299,333.764197313448,340.13765080778,227.095540459416,235.311997311599,232.496029205921,240.842058250289,259.975661121889,236.212295437155,207.92749525774,288.723653963513
1569,1569,15680,0,0,10,0,0,0,0,0,0,0,0,0,0,0,0,0,311.515999470337,257.469628768748,222.117165922546,229.634751903335,217.743064131879,273.204072095269,318.821777458458,246.691025501383,198.381185947222,276.038520315732,193.975233050713,260.919514737809,261.22913819984,251.349755572781,253.658025305543,178.627187947851
1570,1570,15690,0,0,10,0,0,0,0,0,0,0,0,0,0,0,0,0,229.695930884717,209.468865853268,258.560202088717,241.814305193558,246.591316211102,286.232700293701,311.419634007372,258.318460385518,221.040974986026,253.557709004915,275.65969546667,234.709709604311,284.074158972681,270.714458247114,311.717385915658,173.094748120741
1571,1571,15700,0,0,10,0,0,0,0,0,0,0,0,0,0,0,0,0,278.223929037173,241.607387931855,274.823769120234,250.454201925259,255.030776756463,233.214518951579,329.012825166233,243.344289103299,272.233309647565,294.951643811369,307.411022544599,218.857517536388,246.269460337867,229.627399227262,291.700655159719,253.176885799288
1572,1572,15710,0,0,10,0,0,0,0,0,0,0,0,0,0,0,0,0,265.834982481155,131.906596857042,328.859672419048,237.016662562179,208.552736495954,278.980021002949,342.868916939331,216.564156858347,216.002957345789,252.186560797813,244.909239989667,293.510047484408,245.419332203819,197.931875815653,285.964728255692,329.159504022072
1573,1573,15720,0,0,10,0,0,0,0,0,0,0,0,0,0,0,0,0,219.913226849876,222.810664794029,277.592984118642,216.331503563679,321.548551010168,205.281341838972,347.988267942268,295.968422329653,242.694069661024,234.41696168342,249.471683437684,224.327887567193,293.992532187156,228.33598208722,235.216859037012,295.804076924464
1574,1574,15730,0,0,10,0,0,0,0,0,0,0,0,0,0,0,0,0,245.985719181514,207.110575351816,276.685333889544,312.767759096171,240.348547180035,257.840817613267,358.363634180777,202.867802240942,343.26010328807,279.563215475359,228.177226460987,291.800164055841,279.119328652351,262.432705677274,243.12420463691,218.766409714433
1575,1575,15740,0,0,10,0,0,0,0,0,0,0,0,0,0,0,0,0,291.480645925758,269.980631722431,214.427893650126,182.87966305966,252.819336334074,251.181708752963,362.844649797865,289.698957989991,260.752042490064,265.16543305217,274.520121014872,261.776883919127,298.780991747179,289.555338618096,189.431769965714,267.862826658357
1576,1576,15750,0,0,10,0,0,0,0,0,0,0,0,0,0,0,0,0,290.988070643285,249.701482862454,250.377585610295,250.139031391825,182.729390325687,268.236268265088,357.704817056832,240.308473389357,269.372486491588,196.988070119313,240.185229462858,274.624891530048,247.770784360272,287.096681401425,224.320679014008,222.592030579103
1577,1577,15760,0,0,10,0,0,0,0,0,0,0,0,0,0,0,0,0,286.477893530306,242.35394408776,340.006674667372,223.093078198049,251.098202497046,184.244641258083,361.859643865256,224.269247138905,277.168019495684,190.526082611637,234.977177611625,202.36507837912,241.828853468699,266.312738887696,225.70075262831,165.374358218947
1578,1578,15770,0,0,10,0,0,0,0,0,0,0,0,0,0,0,0,0,239.836532219161,246.020928411306,242.042733090462,264.923905182221,225.059420455843,253.542840064296,367.592373620944,223.556012153071,247.323258389547,210.776604929446,219.34750379114,237.911383550378,213.143214885391,281.488013017385,274.300089053144,231.058733976571
1579,1579,15780,0,0,10,0,0,0,0,0,0,0,0,0,0,0,0,0,250.632623765701,256.650405004992,248.462713081177,293.980796380952,239.735322743701,265.707627002164,375.191543489392,192.7531854996,240.13161188312,222.001481927489,266.236889627562,246.128048569585,265.792387158436,282.220733495323,230.679419955386,214.801466192536
1580,1580,15790,0,0,10,0,0,0,0,0,0,0,0,0,0,0,0,0,168.001680038209,260.62097837692,276.294609408895,268.040002054957,304.085106125452,241.459298828853,383.913634969628,214.099038694665,281.132439640918,213.425942817885,226.05459684519,230.763182252684,278.26739696759,276.103019271876,215.065428665139,262.731123818866
1581,1581,15800,0,0,10,0,0,0,0,0,0,0,0,0,0,0,0,0,272.190498862917,275.077747079018,235.574554696979,265.190852491148,220.818620023295,261.294162675357,362.087158651047,216.072089635978,253.910977538328,223.295989407938,276.550483695558,259.480139463549,273.97565254963,186.508242604533,224.767737731837,284.751324751294
1582,1582,15810,0,0,10,0,0,0,0,0,0,0,0,0,0,0,0,0,225.087134183803,302.900638158154,277.280854348315,281.403823131275,214.288637789596,241.920606732475,380.247916416581,272.603224278396,257.732004693278,222.317348502319,270.205308610597,270.256904036799,245.223264860421,288.168100703607,255.568522299152,209.001157452986
1583,1583,15820,0,0,10,0,0,0,0,0,0,0,0,0,0,0,0,0,232.22599819365,291.735670894764,253.744288803932,285.129114405236,209.859629944123,237.966011535798,390.495537707607,316.994325429545,239.973784647407,296.829014453419,268.76221220121,215.175344255303,281.293725647513,233.385059999944,254.700708826428,245.285966878719
1584,1584,15830,0,0,10,0,0,0,0,0,0,0,0,0,0,0,0,0,197.637452316121,205.132033056501,284.620804761331,221.475961111516,207.747979390128,230.890241680553,408.704641688276,225.241828232304,241.402968093497,284.217036761343,228.36996751769,237.338993190531,214.118438029316,252.428615928182,240.962150791091,267.719686265832
1585,1585,15840,0,0,10,0,0,0,0,0,0,0,0,0,0,0,0,0,198.804062150259,251.326735046717,247.032161633677,294.037545442149,284.569783225469,246.086904159416,398.46201771323,289.136649120035,302.719314319689,259.249089529944,257.603668964245,296.438746574647,213.713965482192,177.627845151383,197.123016070401,231.697520376337
1586,1586,15850,0,0,10,0,0,0,0,0,0,0,0,0,0,0,0,0,286.821118223902,225.791136538968,244.445650209124,203.823312506806,273.517700040539,297.236035661084,411.286902040686,257.884902245666,269.558336357678,304.227684009189,220.734478810809,277.104021113472,233.755500112215,274.292044751816,260.368373638853,279.530935691514
1587,1587,15860,0,0,10,0,0,0,0,0,0,0,0,0,0,0,0,0,217.639611580896,187.054987759539,290.250454798611,200.544610454512,277.59091045148,233.93473610934,395.454972522183,215.234554807436,209.340784148505,234.628236032519,275.823723478706,233.465479242149,240.22035844285,184.521304463646,274.125204552105,324.624311680934
1588,1588,15870,0,0,10,0,0,0,0,0,0,0,0,0,0,0,0,0,244.389187483843,280.606260483053,248.470346652703,251.157543227939,156.565500735366,165.209108840626,392.315863662806,241.209069031833,247.312310925874,243.130093528803,197.697331896848,237.897870170339,265.814102187849,288.173004856525,241.325256704736,260.189697907289
1589,1589,15880,0,0,10,0,0,0,0,0,0,0,0,0,0,0,0,0,271.822709696789,209.791246392207,313.80438369265,290.958607173789,246.179801714828,227.996484143809,397.450273852423,240.362823002334,196.379366024831,274.984513446642,254.821654589803,290.398541841541,292.552261676006,196.929109918041,227.898739561331,259.388735441593
1590,1590,15890,0,0,10,0,0,0,0,0,0,0,0,0,0,0,0,0,178.6109432666,215.248251577243,381.044930720417,268.421652102362,278.964316017992,305.301320848198,411.905051279828,259.8687784959,317.496106578496,240.814845893834,278.918548543206,175.537904367835,215.021524791863,219.536673425431,275.677949127225,316.567060175881
1591,1591,15900,0,0,0,0,0,0,0,0,0,0,0,0,0,0,0,0,216.688312071389,222.658123731142,300.204241690187,183.949096224625,267.598123513995,272.633386085076,401.405910759767,247.690468013954,244.890821921743,281.491472322664,204.980805862409,305.864783356115,336.168450374289,244.19735282507,227.932772196504,188.574199394174
1592,1592,15910,0,0,0,0,0,0,0,0,0,0,0,0,0,0,0,0,238.145384909183,229.725575200775,252.950353099455,269.729678569381,237.467749446317,201.027340018876,396.810819776002,261.367662524634,164.565436110096,243.878993341792,196.813658206195,231.413848035359,295.036385616858,227.037619304427,180.726403666994,280.119962743765
1593,1593,15920,0,0,0,0,0,0,0,0,0,0,0,0,0,0,0,0,256.084707045165,297.265811572778,228.007925311027,218.978071051356,210.885421876489,238.954248702807,396.548629883698,226.155660169499,320.851086407517,227.777035722552,281.300939522186,238.018476506737,273.609756075304,204.998628140662,258.213826850746,303.954955888276
1594,1594,15930,0,0,0,0,0,0,0,0,0,0,0,0,0,0,0,0,248.28439635337,247.594666508078,244.61416904683,267.401689931925,233.820869381253,240.733395486779,405.986430730794,237.989273467411,196.998239494866,241.964512666068,346.935317853822,310.389693234197,315.436348575515,276.175349954804,195.811619580427,214.745088863625
1595,1595,15940,0,0,0,0,0,0,0,0,0,0,0,0,0,0,0,0,203.613196172077,240.953008462137,306.185247231735,265.681811122656,254.277706297655,237.507011999947,368.008517158492,248.80191435488,256.498268811613,280.463377344357,224.597875001239,191.278366002813,260.151431717159,257.947887963488,266.215644456393,227.921160471261
1596,1596,15950,0,0,10,0,0,0,0,0,0,0,0,0,0,0,0,0,313.73674810575,257.829190871049,239.768429057773,340.566926738985,256.156145734087,295.092186453717,378.071740642332,219.537049346053,230.517218698247,234.906512243598,225.888440762754,303.68899542872,268.538743543168,224.886652346687,194.442093768133,203.198521433587
1597,1597,15960,0,0,10,0,0,0,0,0,0,0,0,0,0,0,0,0,276.989780146726,241.601824617486,226.570776229605,259.629793712957,235.749873819,256.179346092922,362.569635373392,178.124774578704,184.263707072543,261.772373404102,240.044759943977,280.225029804767,272.077779731806,273.752011715596,274.425083249832,192.073935985888
1598,1598,15970,0,0,10,0,0,0,0,0,0,0,0,0,0,0,0,0,265.297013857841,251.551874268001,245.033043216016,295.526076772994,204.474853733831,244.048192181219,363.577823900172,300.199421047848,228.008520057306,224.69695898086,290.651030858625,264.468723213076,295.151096040524,249.080502692407,171.980516606426,208.757790068027
1599,1599,15980,0,0,10,0,0,0,0,0,0,0,0,0,0,0,0,0,284.299607279512,217.80838337389,178.927142902486,254.130272257876,280.126929496627,240.195153248084,375.757658408576,314.505118255246,253.484044563882,226.495556963935,223.315759067113,228.022768950139,221.928264699323,207.373314000363,212.915928070944,285.989674509697
1600,1600,15990,0,0,10,0,0,0,0,0,0,0,0,0,0,0,0,0,242.937762342903,255.32403983944,206.778434152058,309.278790422797,259.0294373884,223.38296754159,364.661943869553,243.672529809643,261.169475089255,348.658602329305,222.704327290352,211.661942582448,253.339563704044,245.521142254352,281.633774916106,284.286629952924
1601,1601,16000,0,0,0,0,0,0,0,0,0,0,0,0,0,0,0,0,244.875603655573,243.286970439823,248.276243441011,242.063514943919,224.97047717549,265.485054293308,364.677939882867,235.435060246029,273.855823138692,246.231899982997,306.964116369023,299.41645369871,249.668845275532,226.779643907841,191.071037596332,287.501187259367
1602,1602,16010,0,0,0,0,0,0,0,0,0,0,0,0,0,0,0,0,186.658319867312,264.570266121266,222.840551637027,323.551654818387,218.365475626868,299.100897730691,375.693303034993,249.675348683061,211.089048937493,240.067764094705,217.720551353501,183.249230794968,223.112727804362,272.428936441501,233.614605608039,196.896937615872
1603,1603,16020,0,0,0,0,0,0,0,0,0,0,0,0,0,0,0,0,298.178014036255,209.947307332642,210.716075622439,276.282491187352,288.324567802321,283.119253227468,383.764939148945,195.75969820137,244.099676752874,225.52355937211,302.505593774427,221.471536164905,256.542677240261,231.003610699547,203.718725162216,332.100879777233
1604,1604,16030,0,0,0,0,0,0,0,0,0,0,0,0,0,0,0,0,253.161727324957,210.164161122668,295.130833963688,262.166168852671,207.262534564918,258.604622053364,355.098231411681,271.517775097279,261.295676916668,228.679062651762,236.899838169151,180.963378350819,194.385579354407,259.594193832346,299.528710847289,225.503300742433
1605,1605,16040,0,0,0,0,0,0,0,0,0,0,0,0,0,0,0,0,247.424746822917,233.499618140582,199.133531487206,213.418278344544,290.627629395473,237.14073554214,344.260134978195,232.772012698818,241.570818192688,266.707839138858,224.519981913116,223.335932598353,271.641282926162,181.907924860809,268.631312212306,219.352552841507
1606,1606,16050,0,0,10,0,0,0,0,0,0,0,0,0,0,0,0,0,210.452679425385,191.943868716781,169.217931630319,232.034187833409,260.378481255423,308.013736051891,351.305347790768,234.334177811576,199.758475568232,268.26411152178,252.649058161771,266.769785024099,236.336342179557,240.695689925659,291.487991790241,303.966050948747
1607,1607,16060,0,0,10,0,0,0,0,0,0,0,0,0,0,0,0,0,249.801734216863,248.775447103094,246.952528079075,277.698137161125,234.859952573401,257.061848861262,338.162556922867,235.77652123423,271.28959437582,152.865027229733,319.159479566281,247.318426754051,262.193081001833,244.552532220622,254.057751201236,234.60592946982
1608,1608,16070,0,0,10,0,0,0,0,0,0,0,0,0,0,0,0,0,263.329045640522,211.749731042437,199.12397139289,299.722026717682,203.695026810532,294.803382166885,331.20455419019,211.526451580985,309.655609471064,316.758122381004,204.796254132526,304.866404622469,260.94045284125,242.408146375565,237.950866660287,225.440513395324
1609,1609,16080,0,0,10,0,0,0,0,0,0,0,0,0,0,0,0,0,248.338812686603,170.670116575026,258.29419409622,258.945797439474,285.391520893289,184.289350718348,342.975719663392,276.40946611466,275.419631808287,276.287249758148,234.154881346696,301.284116585421,233.293542008987,242.082759683072,249.437193379677,226.715197698073
1610,1610,16090,0,0,10,0,0,0,0,0,0,0,0,0,0,0,0,0,287.055155995711,284.272261620599,197.500586306942,276.783575654644,218.378310767169,235.737329170535,347.223571314093,197.186272365251,182.643847757668,220.413225092448,296.405299666078,246.703276140894,256.927680820066,273.556319526518,272.739907287473,236.84819241905
1611,1611,16100,0,0,0,0,0,0,0,0,0,0,0,0,0,0,0,0,289.060358167741,240.84719176134,251.972561300445,255.481439043916,198.148650531623,301.737896757732,340.690511198848,215.14990385986,230.252838288933,295.162412398939,232.018110041657,248.764111244239,253.487039019924,241.013254908726,269.718096428943,280.016245281385
1612,1612,16110,0,0,0,0,0,0,0,0,0,0,0,0,0,0,0,0,186.465385382525,218.788214031001,303.290775731352,272.088867967482,262.087908590208,238.702966055156,351.075059779834,261.56685331738,287.812821812059,237.234962703546,193.228521825865,198.517245609562,233.288518664242,260.720396548321,198.098723813369,270.26040080121
1613,1613,16120,0,0,0,0,0,0,0,0,0,0,0,0,0,0,0,0,273.824120499132,265.292492585854,320.570197387247,314.713139543678,278.726306550726,214.868940678168,358.745761698649,287.034341988413,258.845916622724,187.027657347226,273.660139998745,237.960337341522,205.921037086557,232.091274804539,233.346208463422,251.896345380415
1614,1614,16130,0,0,0,0,0,0,0,0,0,0,0,0,0,0,0,0,259.006826403405,267.224401944258,202.424866639534,242.679830119847,193.731158368673,233.95085567636,333.844572079151,232.831803870778,215.556912588554,201.814288807627,194.006307286678,236.110326929635,227.95814135906,256.61227553121,242.191637862052,259.07469095383
1615,1615,16140,0,0,0,0,0,0,0,0,0,0,0,0,0,0,0,0,247.049690791477,251.553562346771,280.802964549727,275.93661652499,244.749209685753,303.639641064667,366.125454628703,245.18796211294,215.066079090108,294.412568036446,194.919223487523,256.449846766752,257.451198029106,254.594926320057,220.594780115443,279.226944806154
1616,1616,16150,0,0,10,0,0,0,0,0,0,0,0,0,0,0,0,0,285.906991499477,263.603108801814,269.816660600838,265.149554889921,290.553813431013,275.498217356268,316.938120606104,338.471313921415,221.012246122208,250.24737852508,251.980275427727,304.987197616385,271.050925722756,209.733320009255,227.309759384426,187.26171731823
1617,1617,16160,0,0,10,0,0,0,0,0,0,0,0,0,0,0,0,0,190.033686117609,231.740942525248,190.922492878935,235.153740499879,236.118288583568,297.130535878249,314.755235597363,227.683099135567,302.601996826175,280.788970032155,263.67020075706,238.418929339984,219.998791201902,213.733145586545,297.152085103288,262.559397676826
1618,1618,16170,0,0,10,0,0,0,0,0,0,0,0,0,0,0,0,0,249.379001131282,288.527741304459,291.775045519628,286.199107154007,272.988785530486,229.788548518141,327.130172014364,233.665752082971,264.700756515244,216.905108445076,336.321946009284,302.507835001147,243.971435269775,201.50899754767,289.709848201033,342.173646899525
1619,1619,16180,0,0,10,0,0,0,0,0,0,0,0,0,0,0,0,0,272.751460001248,273.01818277342,252.462324396907,201.910072805915,212.617780914072,228.800845487627,338.814538624824,230.520545096143,222.637453366955,337.88342896222,274.625333575974,314.318352351042,264.781752010195,273.594199109357,282.992548035167,223.112859873594
1620,1620,16190,0,0,10,0,0,0,0,0,0,0,0,0,0,0,0,0,237.046035313395,239.201484121434,223.741286006612,274.476360299359,230.248714267147,237.079033915713,334.098549362694,256.653102471803,268.662855984821,243.347515272566,216.308382484298,338.415228062382,225.752468803492,249.253178636169,258.833767458659,234.024706408837
1621,1621,16200,0,0,0,0,0,0,0,0,0,0,0,0,0,0,0,0,282.125940580403,233.777837451087,234.853196771033,241.144905716281,259.9149223216,268.500682305284,356.650180419188,197.121865636438,171.708395478772,274.02833236764,241.74453716948,249.084368713455,240.361659436129,237.830360872202,248.447214359287,253.370929676189
1622,1622,16210,0,0,0,0,0,0,0,0,0,0,0,0,0,0,0,0,319.543679987899,245.071720917064,244.323074707383,255.159343702414,275.682950229438,281.856819641917,351.169504682162,311.633452471311,261.190381121905,219.491175804537,264.490371284761,274.588885196165,163.915789478239,271.704116554052,297.886573033036,235.370415983411
1623,1623,16220,0,0,0,0,0,0,0,0,0,0,0,0,0,0,0,0,255.205574006293,256.849826074256,219.235697204592,228.426244401908,278.432879197317,199.705432841562,336.50527822937,231.87077525635,236.927782497272,224.335056513076,236.721581278904,269.372957435917,277.528440482976,251.957172011757,253.261951220394,252.042572079972
1624,1624,16230,0,0,0,0,0,0,0,0,0,0,0,0,0,0,0,0,191.036245908796,248.914817908645,217.748175034276,322.483257140467,234.996201739568,205.95313505536,340.870064522121,265.199771609054,253.064385904506,300.416601198512,261.281459092156,257.584812572046,223.775163636115,283.053666162855,214.815882457457,190.823564929129
1625,1625,16240,0,0,0,0,0,0,0,0,0,0,0,0,0,0,0,0,285.374708630168,257.854519663207,304.246690430532,243.242282061029,222.72011915262,205.205166922761,337.163966585581,151.00317977121,216.920519637669,257.732448392638,169.744239669911,340.747966990383,282.287560475256,216.245697836673,289.902518475707,286.041613913141
1626,1626,16250,0,0,10,0,0,0,0,0,0,0,0,0,0,0,0,0,267.389397767533,214.838518555979,287.861545661595,235.538083579481,281.906944626029,278.213145185265,338.570854632639,248.22578920073,181.45203217431,191.933540411033,316.938560360039,220.18661359858,356.513422055335,221.390205355144,296.919183427961,185.747336436602
1627,1627,16260,0,0,10,0,0,0,0,0,0,0,0,0,0,0,0,0,206.124194908507,230.829004018877,196.980146621422,227.095011141744,264.086329768437,248.126613002611,338.58074345776,314.339393305252,267.6131279068,232.495676069002,270.395409675114,218.655293315917,207.31501178295,300.635889212851,193.243907541949,274.999052122083
1628,1628,16270,0,0,10,0,0,0,0,0,0,0,0,0,0,0,0,0,239.988213291478,221.440185257804,184.794500441792,218.057778328875,244.542346787451,288.060537272688,311.122752013342,219.954400449598,171.097185600702,202.058181349779,306.129150472327,265.355556064317,272.450829821314,331.491555965507,244.149925754896,226.555851101904
1629,1629,16280,0,0,10,0,0,0,0,0,0,0,0,0,0,0,0,0,198.028461707984,256.496247724504,271.773013806389,315.32695022256,213.666588412637,245.41527174824,332.782808518199,244.695306863024,305.146881670646,266.477961415896,272.551460714879,283.732467771722,222.548501127031,337.814162180683,264.971785166426,315.830932123032
1630,1630,16290,0,0,10,0,0,0,0,0,0,0,0,0,0,0,0,0,216.029507905992,219.589325977026,239.338892709031,242.621652504029,230.063502339286,242.133932273238,341.957043118717,255.291606860307,222.540092315776,301.053453546302,243.881532308662,209.665147202336,204.201030721473,289.203939253478,260.647716778389,227.738359240016
1631,1631,16300,0,0,0,0,0,0,0,0,0,0,0,0,0,0,0,0,264.814630066468,274.972416144125,253.194114775644,267.958910894235,305.291177103986,277.405668913268,331.484705514412,261.776816225205,275.854178002366,275.026124132888,253.789400803431,295.941501555679,220.311702255503,190.427216752632,295.369260384531,261.551622914467
1632,1632,16310,0,0,0,0,0,0,0,0,0,0,0,0,0,0,0,0,269.474997008079,325.918290945899,186.973082448614,211.487775530898,368.187162618273,266.950464969555,344.176210385462,250.189243409707,282.441063524803,217.255936713842,300.096289529823,257.540234552782,246.669012228291,309.956616624069,288.577805041633,173.653004739575
1633,1633,16320,0,0,0,0,0,0,0,0,0,0,0,0,0,0,0,0,259.068943367699,185.241230535946,233.880096497967,296.120233470071,247.229159223076,280.933085988329,354.225376554583,244.255422730808,322.841786547031,266.416489317812,244.058859705624,211.120154843768,179.628049627971,303.095429130666,268.735732853132,286.323138212779
1634,1634,16330,0,0,0,0,0,0,0,0,0,0,0,0,0,0,0,0,277.192851350645,213.773725262721,283.279528438639,335.253034600055,253.746108047168,208.20494020172,336.295197033743,267.863242357625,231.052275466004,286.196271038618,288.721970115543,237.985851987703,299.207723506384,254.370485158244,242.101166336695,244.926738441859
1635,1635,16340,0,0,0,0,0,0,0,0,0,0,0,0,0,0,0,0,317.846738449281,253.090560350848,254.981086151089,282.880843237095,278.719644291489,257.032148539209,348.62130146403,285.661055803819,313.538965363586,198.827251942175,338.536218928133,264.687433804052,257.877642609135,223.647061750757,238.656918604327,203.944174055867
1636,1636,16350,0,0,0,0,0,0,0,0,0,0,0,0,0,0,0,0,288.411382229694,285.104442626414,208.098425901954,256.1620825783,248.87253750131,255.534676035235,309.742499035298,227.640035457916,233.475660251812,263.935912280719,179.230713111106,207.024514710722,255.40737578361,243.294999032378,204.929793941664,233.919282061898
1637,1637,16360,0,0,0,0,0,0,0,0,0,0,0,0,0,0,0,0,268.410048035245,240.311092384425,271.349690725185,218.71199410107,231.79576113041,195.194230461663,325.730448747227,293.658064902124,229.3343740792,255.156232145781,252.424443415647,221.098632075816,187.04222370489,202.371246138538,272.107958556522,290.266517010896
1638,1638,16370,0,0,0,0,0,0,0,0,0,0,0,0,0,0,0,0,250.479838346756,267.652596092396,225.530743788928,203.089900830965,242.453990978599,296.102479678434,321.534751534023,184.539744639964,226.506584980008,178.774173589233,255.628614573436,180.049144296316,234.137928480859,257.938933233967,222.286629132493,209.052953262757
1639,1639,16380,0,0,0,0,0,0,0,0,0,0,0,0,0,0,0,0,225.840526073479,246.013596952515,312.328649610761,217.803438071309,232.121071481855,292.697258121833,291.681070904316,228.846469101409,248.72827704868,286.779456931107,283.52100366914,271.69177894027,239.826411200722,191.696791137731,245.131053958963,189.926176622659
1640,1640,16390,0,0,0,0,0,0,0,0,0,0,0,0,0,0,0,0,204.583405126829,278.189354141543,244.56885821049,275.845809874976,304.475064267137,215.859428840592,342.426069705686,203.609162380102,156.237446521797,233.044099743273,244.166853106474,212.255210663087,271.455300471264,200.493803449333,268.8396214912,240.333814577952
1641,1641,16400,0,0,0,0,0,0,0,0,0,0,0,0,0,0,0,0,246.496119132334,283.513140237367,245.09440431246,218.537017880885,179.85897162868,223.085949074677,281.308263714623,235.201600637358,239.33033625244,259.867202029139,269.74521860908,172.856524046351,273.954510166304,304.205986556368,290.45266810952,177.711106266669
1642,1642,16410,0,0,0,0,0,0,0,0,0,0,0,0,0,0,0,0,220.293326076569,264.767226530287,293.781478605326,195.834660944628,283.242593357085,303.845109747997,320.519418384904,194.276581067015,304.714413218467,252.298534348862,255.876138296657,211.389322484409,295.117718328994,284.645915750326,299.366531198886,322.795932960755
1643,1643,16420,0,0,0,0,0,0,0,0,0,0,0,0,0,0,0,0,272.503868583434,210.380646030015,203.90059828319,214.778223607884,289.739229779949,232.345043047831,292.075932883446,253.899545349676,300.76916050055,289.086737503022,203.104914986534,258.124670350041,198.080646116552,278.698203288095,291.486070037272,251.149824064616
1644,1644,16430,0,0,0,0,0,0,0,0,0,0,0,0,0,0,0,0,283.408700503391,257.379278962395,287.019367806357,251.458949921727,299.782791417423,206.794396936205,283.320947666846,290.069494025398,214.537451947305,233.150008009647,232.314759359944,289.326652086088,261.047349748628,263.450116149871,205.701951837311,200.077544142907
1645,1645,16440,0,0,0,0,0,0,0,0,0,0,0,0,0,0,0,0,284.483557979601,255.913895501455,260.596504702242,260.938000228091,223.86439280795,203.642267174709,269.365617781147,273.362859710115,244.828824755151,228.634955893067,285.496093635659,261.755154251394,202.359443183679,267.383897046808,175.372287554407,263.715185332616
1646,1646,16450,0,0,0,0,0,0,0,0,0,0,0,0,0,0,0,0,227.673564627014,247.913907276016,273.339126602325,215.699609010603,191.136839486855,192.820795997022,281.508419278382,284.435674238877,208.644508327332,250.287840231001,298.655637020749,305.469325473295,311.092359828395,234.764981987871,269.036430121896,248.101301203886
1647,1647,16460,0,0,0,0,0,0,0,0,0,0,0,0,0,0,0,0,281.092695394282,241.144749661085,278.041073728825,206.731243289469,299.592391261242,238.181344657824,308.858573462689,291.80987166912,264.71842736401,294.067136431905,224.04926135395,225.133232304971,291.850959687656,239.892174615327,276.744708408313,290.945448883772
1648,1648,16470,0,0,0,0,0,0,0,0,0,0,0,0,0,0,0,0,266.197395407079,305.399928766647,257.571164791776,280.89893384526,218.654712531916,253.61974034046,294.381930676994,282.25302087407,276.910247230812,270.16365456619,189.96891583379,253.358713943651,216.904674526562,213.022758093555,250.019054731098,263.778059203722
1649,1649,16480,0,0,0,0,0,0,0,0,0,0,0,0,0,0,0,0,242.014342555006,280.542302473957,297.953104727257,199.082908495445,210.827682963597,286.882811233582,268.324642258644,266.29982838456,247.796591975579,270.396446848506,318.782301146596,208.975739425024,282.792443539621,250.634564571531,260.976715699604,302.340015723636
1650,1650,16490,0,0,0,0,0,0,0,0,0,0,0,0,0,0,0,0,220.12926527772,255.497841485802,231.165971568171,265.60700580768,276.092338531129,237.075909846609,268.886843054529,228.960460890323,258.237172939483,265.446239756378,278.7079585191,326.56350599989,271.848552101244,314.554745051863,285.289526264092,232.15769275145
1651,1651,16500,0,0,0,0,0,0,0,0,0,0,0,0,0,0,0,0,247.742785766147,247.323097589877,243.120731376701,272.107844195754,309.64609264525,138.18018965692,256.90902406174,257.166816410399,237.668737644407,261.255614301423,192.408301389983,203.85579453559,220.219489515507,211.047369914629,194.994660596992,319.438828008489
1652,1652,16510,0,0,0,0,0,0,0,0,0,0,0,0,0,0,0,0,245.624204372324,217.599549929929,192.70929350072,161.131276182237,229.887744601975,278.647045154522,252.422186572429,229.333618209027,221.950642248491,293.725665236467,262.592399142999,265.981131123817,260.299796454131,267.755339495214,251.624550847967,229.708480041981
1653,1653,16520,0,0,0,0,0,0,0,0,0,0,0,0,0,0,0,0,220.111762222969,261.782942627247,273.827233978762,290.278943040924,169.506186960342,255.451696077934,271.02546141906,253.018279724023,255.846062400203,233.971726572444,272.727650420623,244.898746673519,276.830368911009,263.293004892428,248.584508012715,288.288120724019
1654,1654,16530,0,0,0,0,0,0,0,0,0,0,0,0,0,0,0,0,236.841043845433,261.344567759735,289.004446494604,238.686355211794,292.338216870613,240.409345484946,236.468914518561,223.40668184892,264.389917378875,206.204991279872,283.466741776758,277.868561255527,285.499181929944,185.525511859417,275.945566851116,252.574561224896
1655,1655,16540,0,0,0,0,0,0,0,0,0,0,0,0,0,0,0,0,257.960067259647,165.393545219037,191.517874210447,188.230911719855,249.419448599639,219.120553184921,243.855505741773,269.176211488752,286.926233821794,249.209168805572,289.608778472992,266.194748644106,244.502621883118,255.468233131382,251.819468423759,249.493683248241
1656,1656,16550,0,0,0,0,0,0,0,0,0,0,0,0,0,0,0,0,244.640967728241,272.703117966324,228.963097672521,217.157320174858,243.567680812822,315.791150764629,272.617971381076,327.421259894825,318.166811731779,252.636024084424,328.59562474527,232.871897992978,207.752840717581,227.936596227866,220.509176575728,255.778365756932
1657,1657,16560,0,0,0,0,0,0,0,0,0,0,0,0,0,0,0,0,256.53048931628,230.851286919232,231.341794499471,240.103741728943,214.946936348703,250.41422624782,244.945806313985,212.632471602402,252.098121211029,278.539581488758,232.18559336525,205.623010265264,175.052547614478,196.444528727576,277.727942863709,235.502156154606
1658,1658,16570,0,0,0,0,0,0,0,0,0,0,0,0,0,0,0,0,293.62723321231,293.279589448222,249.556363576657,251.572994794254,250.167896437406,275.625198398887,259.78600539058,329.815290085889,296.516762577754,311.068535710026,259.636555554627,165.322641781307,244.787187099116,273.664540697765,264.005748035512,223.708111189111
1659,1659,16580,0,0,0,0,0,0,0,0,0,0,0,0,0,0,0,0,267.186310740358,228.218686704232,239.738748803289,217.658819287749,259.788605891344,190.775312347094,255.369928039701,276.044475940907,192.438690425172,221.778968827452,267.702332509004,192.986686942699,271.396497882074,247.295247196219,217.673647255926,193.043423586933
1660,1660,16590,0,0,0,0,0,0,0,0,0,0,0,0,0,0,0,0,185.637607891669,227.367771023037,210.24528013616,241.059356567987,207.547451628168,291.542116442499,232.013896990946,183.522221248597,223.647839466993,233.485370534803,227.346805441406,238.918008000965,278.73977275296,218.991735668374,251.459862443343,240.55935141243
1661,1661,16600,0,0,10,0,0,0,0,0,0,0,0,0,0,0,0,0,304.531666788836,224.306779796795,260.993987520716,160.21443928197,252.377273816153,225.256877254328,275.057706361411,200.123781962197,314.266052595648,219.090850362876,313.28660902257,311.628389222914,212.483829935227,207.173619687329,242.435934223818,297.69242900664
1662,1662,16610,0,0,10,0,0,0,0,0,0,0,0,0,0,0,0,0,244.238043441241,209.485327462965,184.899192584953,254.071923865985,231.262867513774,243.122153120756,265.813327842229,242.819540803747,195.477538633945,334.340672853458,248.021531335917,279.322246323873,238.681823905851,257.643127699547,268.480272862851,289.987093965747
1663,1663,16620,0,0,10,0,0,0,0,0,0,0,0,0,0,0,0,0,189.842478738856,262.109217751255,281.658996811044,212.464051900323,265.346344261528,234.917934157491,271.410163967933,284.738467024035,282.163706515491,282.164183674336,325.891021881293,245.621579748283,295.03439164298,231.779267017349,246.218315147655,208.887341371306
1664,1664,16630,0,0,10,0,0,0,0,0,0,0,0,0,0,0,0,0,328.483141420897,180.183470601131,226.413771773805,267.683818617397,281.410775654979,257.468171887002,262.110601655897,252.456321083127,273.93281801399,289.470175700422,225.964775479787,296.036949305412,278.419464172307,255.803985931107,256.274358944226,277.805315727257
1665,1665,16640,0,0,10,0,0,0,0,0,0,0,0,0,0,0,0,0,227.078244547973,274.693607886553,281.707932159846,237.042576730628,280.674348823592,217.468245990775,269.255760542448,276.605684894876,229.354333217596,242.739631484907,251.910549900878,186.475495060394,280.197218730617,222.266265632631,269.978417679138,248.723693283435
1666,1666,16650,0,0,0,0,0,0,0,0,0,0,0,0,0,0,0,0,233.177044727635,316.31668109854,266.825810350733,234.804280903277,167.250251473473,221.219735721118,287.900979062973,284.898568013841,274.755088292207,237.60722839133,240.466042872885,258.127572344877,237.637974498266,255.45341924554,218.574962396686,151.690251187625
1667,1667,16660,0,0,0,0,0,0,0,0,0,0,0,0,0,0,0,0,251.177895974567,319.121917376964,300.489792863742,231.454804455154,236.740447263881,348.427867278422,315.030547611676,261.852707711106,191.471229273838,204.451338660881,256.383184102832,246.972435393226,207.519796898634,215.98817868649,269.28641205617,246.220377837288
1668,1668,16670,0,0,0,0,0,0,0,0,0,0,0,0,0,0,0,0,242.993673441968,300.036302809832,246.858605477695,206.564242657631,276.043427735154,279.785366181833,322.469358604244,246.739586115707,276.689901666328,296.605577177419,217.388397458798,237.673621570854,328.827765240626,241.152199633462,229.460459502217,287.149308400542
1669,1669,16680,0,0,0,0,0,0,0,0,0,0,0,0,0,0,0,0,288.068902948588,187.371079046301,268.938453570247,319.777355732795,247.802850708728,260.078155304557,297.729833817136,252.569147821419,206.109311687752,235.937401363779,248.326240747394,255.096433311202,234.733040607462,296.964312494562,290.141879772507,321.577751656262
1670,1670,16690,0,0,0,0,0,0,0,0,0,0,0,0,0,0,0,0,303.771241850655,239.506831468142,273.317444240922,216.153908635612,222.562180574776,224.993608314478,293.33588667351,348.104841234325,214.487829030948,259.578104371319,276.457048463276,203.142657503043,284.286827250153,306.492128061662,245.369946545346,189.109644384257
1671,1671,16700,0,0,10,0,0,0,0,0,0,0,0,0,0,0,0,0,233.673944985914,199.207290347093,327.562436122448,184.686437589395,247.786142178636,249.810794042911,288.251279548412,241.147515813167,248.218907278021,258.890266234425,290.563745716838,243.774444977967,290.270751201743,253.691471733929,237.68452068736,241.026457027708
1672,1672,16710,0,0,10,0,0,0,0,0,0,0,0,0,0,0,0,0,230.594123818873,171.9257616382,186.304075439365,316.594162814885,247.843554520918,333.258964903118,307.738773000794,243.412335803072,315.823740262904,271.528720357819,251.000249278065,231.786260977678,219.297464823082,269.495978968327,280.57951563585,236.391123480398
1673,1673,16720,0,0,10,0,0,0,0,0,0,0,0,0,0,0,0,0,222.535186842534,286.1640076657,209.552698930283,302.82543904437,252.651111031704,176.202142290229,273.379384554115,215.160285929613,237.264691057775,256.993392945493,221.845131867007,241.07924849813,324.899865422697,176.506967269999,191.881218667191,264.018509222445
1674,1674,16730,0,0,10,0,0,0,0,0,0,0,0,0,0,0,0,0,177.670101111776,222.531532158601,232.483874649177,196.033168702961,322.728983836545,237.304067143732,302.781295389234,315.965555788015,302.665119403544,188.945451450486,284.590383496297,278.08047813263,313.30614418564,277.118640929871,268.210981127932,216.852356733392
1675,1675,16740,0,0,10,0,0,0,0,0,0,0,0,0,0,0,0,0,262.134418297197,237.799254723108,311.741824278677,287.756950979927,239.197207103527,207.906154447624,306.080944510446,248.661469170827,249.465022452481,253.451546961841,253.770932413402,211.64734414083,234.529444176452,284.534693241133,230.979328324271,233.081816599116
1676,1676,16750,0,0,0,0,0,0,0,0,0,0,0,0,0,0,0,0,240.006239386492,335.290142863296,278.078407449375,265.770603821365,256.583803174517,343.506609247793,304.315525254129,244.767138266185,244.47242483515,229.998212193246,253.080910932378,223.390402225929,214.817084460153,250.456064229972,232.795821554245,248.704883123123
1677,1677,16760,0,0,0,0,0,0,0,0,0,0,0,0,0,0,0,0,251.050518029043,286.628949520279,210.679627083779,275.296504995203,324.036783464598,235.817222669597,317.979198185368,248.723479937334,313.134330898118,205.157185579655,212.594661806545,323.581667487638,264.104369450785,262.134557989942,263.148651555419,244.487819973939
1678,1678,16770,0,0,0,0,0,0,0,0,0,0,0,0,0,0,0,0,218.441122795789,236.793364306675,202.040953490711,237.579431982185,287.039423892764,288.029214818853,322.813359550782,219.342427783318,250.412256249058,210.012931213153,266.904662739624,248.513035962987,236.300905062874,255.814270459037,236.687851364622,202.827496688027
1679,1679,16780,0,0,0,0,0,0,0,0,0,0,0,0,0,0,0,0,211.889173523389,216.507186234178,250.269548934255,302.13284764147,248.876022530391,227.324593464136,328.95535445524,236.627216873942,247.334040041671,311.23877020924,269.367087881086,236.113231394125,164.342238325669,222.693075105413,265.827328977051,265.922365154068
1680,1680,16790,0,0,0,0,0,0,0,0,0,0,0,0,0,0,0,0,175.381989255918,230.35538116965,228.266671421611,250.232279884814,228.553742445649,275.872503050052,321.008047207646,266.69411907337,282.001128702225,283.017667289312,329.18951277912,291.130356497675,275.489415838129,153.595099562772,295.207721649209,226.565592379457
1681,1681,16800,0,0,0,0,0,0,0,0,0,0,0,0,0,0,0,0,260.221054977031,255.139930964794,286.367775938822,243.94558419051,246.030227970814,245.847843070088,323.010281381253,262.242057225385,293.26386150106,254.010620015074,277.338698874379,166.464970909788,246.698187758,257.066148896696,215.709594969473,233.935636264662
1682,1682,16810,0,0,0,0,0,0,0,0,0,0,0,0,0,0,0,0,255.500048456201,232.317364631764,207.190940697587,232.122056168063,216.206188000734,251.037923308767,311.728140138317,264.747943403059,243.845131941412,255.962051781088,208.475980780468,280.275031467985,263.227083632033,261.025473441239,192.261519482871,313.0368177702
1683,1683,16820,0,0,0,0,0,0,0,0,0,0,0,0,0,0,0,0,251.877913681788,211.699272817597,227.1246231731,267.966796837964,235.746985242941,270.146251903514,322.488313113638,274.430675552203,345.500712016443,259.82001511334,200.794766603969,255.287713655771,322.527072629432,304.591413273431,243.523404403948,245.955339797276
1684,1684,16830,0,0,0,0,0,0,0,0,0,0,0,0,0,0,0,0,275.993995017296,218.704708235386,272.82733334786,263.326914592536,241.572103071588,279.481845222278,311.078034495984,214.818947917437,189.248937371808,295.743542395079,270.452277286064,267.764140908867,234.604975556554,244.661606019,245.137210658763,255.500268049297
1685,1685,16840,0,0,0,0,0,0,0,0,0,0,0,0,0,0,0,0,257.696380000575,280.408303121076,230.642005173224,256.470316294294,269.997784823005,257.410717128301,290.484668314269,202.751115229617,276.049556332819,283.245029014701,240.928740429861,291.487176883698,274.056798449158,253.727560582123,257.355785724593,172.17927427765
1686,1686,16850,0,0,10,0,0,0,0,0,0,0,0,0,0,0,0,0,217.222950449016,228.286106733736,272.006634182737,264.799516132713,301.419069057863,261.22960033864,307.623101015482,251.395334072017,253.060524657542,249.811234431033,277.504070021537,279.591357587529,199.240898966764,278.346181622897,232.364292057605,290.147575819165
1687,1687,16860,0,0,10,0,0,0,0,0,0,0,0,0,0,0,0,0,261.175815093825,264.765461617277,254.649563811368,274.84566404,193.684625570984,283.40087961782,298.689465302882,263.245866682863,288.521632435645,297.133541964645,252.518298562391,217.30222381633,269.496403106581,298.405963230987,182.530594368587,234.947221621133
1688,1688,16870,0,0,10,0,0,0,0,0,0,0,0,0,0,0,0,0,240.127057361848,241.925669075084,237.425702646806,215.084060753024,275.725495064574,326.871141756713,298.554430123414,250.179278372136,175.364981430481,199.921786895281,227.333857963979,236.900426371864,302.5188586143,295.940253041739,221.993952368583,295.602837799754
1689,1689,16880,0,0,10,0,0,0,0,0,0,0,0,0,0,0,0,0,202.578388716243,327.162545930017,224.169234873525,216.265925433568,256.772532019567,251.982830074234,294.681136495615,227.59168148644,194.578971507179,224.9394500807,290.060914862934,237.864213176752,249.544404098982,284.202290341838,273.207821840958,205.520872299197
1690,1690,16890,0,0,10,0,0,0,0,0,0,0,0,0,0,0,0,0,265.932182660742,187.734681430652,285.378503318138,232.472386428603,187.630469628596,253.969246311146,317.448371454016,266.529998519416,219.114496420814,197.79909872003,278.452467263085,260.252078096179,304.171385061807,291.84664219508,123.836851946444,129.810532870405
1691,1691,16900,0,0,0,0,0,0,0,0,0,0,0,0,0,0,0,0,222.339733811451,233.861807242617,238.586220794672,211.382372290809,208.222837522836,238.882568557438,306.911230982698,293.01836058408,309.957193290455,233.071068964756,185.297913915217,191.323576999998,298.666671756631,180.52940017362,258.687082532052,192.68960521186
1692,1692,16910,0,0,0,0,0,0,0,0,0,0,0,0,0,0,0,0,247.92183229649,173.566471875762,274.510486595399,291.134839100713,232.646448764747,249.262766430053,299.397301958562,212.397822576193,244.264172518492,264.320621778672,337.473549696298,290.08864378655,198.152934907339,134.888447290552,229.986220123695,237.421186836978
1693,1693,16920,0,0,0,0,0,0,0,0,0,0,0,0,0,0,0,0,241.558407350259,227.775173524963,298.391588844199,304.860729392932,208.193723565704,284.374717416389,329.289977122528,159.738320395869,272.666644098032,196.633010561677,285.109340191223,221.399449867138,263.957806198971,275.915348476588,261.314885174719,217.081118414091
1694,1694,16930,0,0,0,0,0,0,0,0,0,0,0,0,0,0,0,0,203.100012082743,192.470472138135,200.430777686494,239.935786140358,278.271908861573,231.615669247821,343.940532207492,217.586164467261,250.79043649039,209.760403910999,312.992235995527,276.764155920585,289.710819519776,262.063318560156,200.283312453219,195.239905931187
1695,1695,16940,0,0,0,0,0,0,0,0,0,0,0,0,0,0,0,0,276.790387864626,246.950120530338,254.389955278176,221.608069807641,302.003304121886,209.866922813282,317.635960089081,257.922092341416,254.024732776444,259.019944120129,303.696570090537,260.453301225087,199.449111679785,237.081682262094,249.809548329146,265.494307932963
1696,1696,16950,0,0,10,0,0,0,0,0,0,0,0,0,0,0,0,0,241.022078790618,221.679795885516,224.90855743837,265.592493668889,229.970109971001,236.839527230029,317.007687951291,202.170467553023,213.509676985489,214.681985497041,251.308342187367,212.3983721704,199.327792200724,201.449830220045,235.470007426546,255.569239141218
1697,1697,16960,0,0,10,0,0,0,0,0,0,0,0,0,0,0,0,0,214.086638579437,232.202409987628,270.552995541013,180.727294614929,243.074318572716,278.598577303415,317.26975139448,216.131918661035,158.80423024072,200.013551693331,226.446148114795,231.425395647244,292.124094780913,192.744680073715,235.573512280797,291.68458453784
1698,1698,16970,0,0,10,0,0,0,0,0,0,0,0,0,0,0,0,0,256.448973507965,242.409913355807,207.903098447524,243.724930109354,242.392672454751,303.522784000331,328.383185939495,275.508268203733,257.851404218845,198.691336752988,127.496914233953,283.771624356005,229.157928482208,245.20586371694,234.195688400871,304.131618276516
1699,1699,16980,0,0,10,0,0,0,0,0,0,0,0,0,0,0,0,0,308.752568944296,249.240053499519,256.308837724659,325.340170096281,251.914326618036,285.34157269239,325.690270381701,207.073808024572,223.813261549404,254.941695613412,221.972373732355,257.266774732405,309.508368123196,231.130954229542,289.486614606861,221.44782576301
1700,1700,16990,0,0,10,0,0,0,0,0,0,0,0,0,0,0,0,0,247.21654927697,235.033974148408,253.23971365598,299.582065730133,227.591591426194,254.002962350972,333.682632287728,272.998796268887,278.264012727448,269.856802240111,241.941340200122,198.361197515557,240.103409785727,251.398776266086,243.701217952929,298.221694642206
1701,1701,17000,0,0,0,0,0,0,0,0,0,0,0,0,0,0,0,0,284.822194632931,351.041647069115,285.335948756571,274.112050793523,251.721402857475,289.961826978477,337.979761613976,253.825435181968,250.08000789854,265.108838144408,226.118765109477,288.174001671818,188.001988471577,232.915703941124,214.571717650166,266.106562448016
1702,1702,17010,0,0,0,0,0,0,0,0,0,0,0,0,0,0,0,0,292.20003345386,265.324834028124,261.007464835594,224.616489021564,255.491285415507,189.498203287755,352.982053461272,289.325360618397,205.376986740458,235.735275641654,247.055456863662,264.511742506277,283.767152204963,249.200150137337,271.226321867369,206.617206209709
1703,1703,17020,0,0,0,0,0,0,0,0,0,0,0,0,0,0,0,0,273.653756586471,283.025492998999,335.564726367439,248.038163781672,281.92882873225,177.038850513495,333.994668857811,195.84266911299,239.797814841243,215.796810800121,278.211167605871,279.792232558671,231.021868613558,201.323311051269,210.313185208046,212.605603108842
1704,1704,17030,0,0,0,0,0,0,0,0,0,0,0,0,0,0,0,0,288.482690071528,258.195596891284,292.298736405516,319.404145757575,182.198835482577,256.651836357503,343.660188336498,221.431744915582,205.164077632913,236.804307778544,299.716050233787,276.586224352937,201.007145917833,237.976346548782,177.407996972137,292.022434516381
1705,1705,17040,0,0,0,0,0,0,0,0,0,0,0,0,0,0,0,0,284.52500149588,244.51657268107,216.135661855619,277.122536977892,252.285993748823,218.980252008259,335.024846645827,244.225563066856,205.734153233238,334.073942448702,235.471822869666,201.486819113406,254.311849990374,255.987688274151,253.003185871479,203.25198500518
1706,1706,17050,0,0,10,0,0,0,0,0,0,0,0,0,0,0,0,0,316.317508111598,271.955976173535,296.543189614641,331.771499168689,204.076389182039,216.139897218034,302.403422518963,282.825803521411,267.943509108029,254.46765089794,295.586427586734,205.059358827505,242.077319983214,302.726537818968,318.695405329178,310.673393503289
1707,1707,17060,0,0,10,0,0,0,0,0,0,0,0,0,0,0,0,0,220.94955446805,205.432693717617,213.988436634432,292.464173682808,260.734758753394,238.245783470847,308.7649311139,222.441311464876,247.917470888796,220.821988240108,190.543627862682,208.420676835426,316.14481738811,257.709697357717,281.958559669748,191.973088331369
1708,1708,17070,0,0,10,0,0,0,0,0,0,0,0,0,0,0,0,0,235.501194287245,248.805998600124,265.61664693284,209.308880427418,249.136549774558,193.911889218854,308.687910742747,249.048287181786,208.975236603095,216.86393742314,302.527125428829,177.981301470415,288.922974669022,236.159791733946,243.67901323475,263.653327758068
1709,1709,17080,0,0,10,0,0,0,0,0,0,0,0,0,0,0,0,0,268.251936174083,284.966129332429,246.759606133617,190.995156708045,277.009412515302,314.42911581614,317.793619686571,268.229149506434,250.830896953827,287.838198733528,269.690421308854,313.337905361169,226.776656270186,272.357452796103,290.370252882936,266.077930393909
1710,1710,17090,0,0,10,0,0,0,0,0,0,0,0,0,0,0,0,0,334.629164802107,248.468927139539,276.058668927194,221.507761844516,264.777321050064,195.683146972922,304.814793507305,257.4408357551,169.09070459107,261.690020649724,270.086706025318,280.596509766504,288.873887200957,260.355082903797,298.111745970239,305.016614544719
1711,1711,17100,0,0,10,0,0,0,0,0,0,0,0,0,0,0,0,0,225.068475622592,250.414229569052,320.116489831793,272.161810141202,248.084439177221,218.213470388446,350.930840684018,196.979571521785,271.056050133359,262.71452370253,259.266720603219,218.654704050581,215.421419083885,251.628890847659,298.390921024227,250.565299518182
1712,1712,17110,0,0,10,0,0,0,0,0,0,0,0,0,0,0,0,0,259.406134436022,267.689831163732,243.603196152774,224.268117731664,308.487100128194,283.596600824968,336.995113887087,250.098219564231,195.370965145868,286.564123184018,233.791069778781,271.404817022349,249.237164041622,252.401082233825,317.555368410472,226.917182855701
1713,1713,17120,0,0,10,0,0,0,0,0,0,0,0,0,0,0,0,0,234.662757205667,216.520539031158,247.339291006853,248.151656738139,250.78760024298,270.448914120024,370.669166789453,262.747807753251,288.061592537353,294.729621684427,266.426619242769,181.965841190462,270.253714937191,222.98146738711,253.984148716014,304.495245435512
1714,1714,17130,0,0,10,0,0,0,0,0,0,0,0,0,0,0,0,0,244.100537215891,237.45354898759,229.499918906475,209.30293271593,232.266893828835,235.540639974232,339.830425046163,302.477974795499,258.814782460897,231.12562462202,255.151593883193,306.577616674412,209.500585422125,218.674287301595,233.561599161927,210.846174324838
1715,1715,17140,0,0,10,0,0,0,0,0,0,0,0,0,0,0,0,0,221.401088950349,195.046086625677,242.058934071888,147.284120501222,219.077272126992,256.260889669827,343.651189043555,297.614612004216,259.255907848441,218.090519632507,198.473779409988,233.581795833126,261.849328302468,300.824341769223,253.724369015379,230.446229090851
1716,1716,17150,0,0,10,0,0,0,0,0,0,0,0,0,0,0,0,0,263.355089366564,197.455210047893,215.325694470369,360.453953494493,283.974471886672,272.300127800614,368.011694754982,191.226487196398,257.544529390215,250.940721272693,182.06132705745,264.044626631546,205.7053461919,268.960702931885,268.622774880891,262.510769124789
1717,1717,17160,0,0,10,0,0,0,0,0,0,0,0,0,0,0,0,0,247.59607585101,270.736972742878,275.147073279061,199.709421965097,302.964565728935,302.762911482391,372.208528683144,245.553073009168,247.899124669525,257.098706447314,199.804333512403,220.022306235295,316.845809097585,278.451417409822,288.162981418353,301.445422389979
1718,1718,17170,0,0,10,0,0,0,0,0,0,0,0,0,0,0,0,0,175.63195169056,264.714307271091,274.280842011275,271.837112305486,243.476760207718,312.897891229742,395.702580622468,176.288581614995,237.248449840977,255.152018130442,228.124844077301,228.949574769958,191.930109235337,294.057663022652,258.278697003673,226.406498866013
1719,1719,17180,0,0,10,0,0,0,0,0,0,0,0,0,0,0,0,0,248.594725835111,251.426060972703,327.52811355081,290.894191181999,247.924773333298,267.855378500676,390.314379472346,217.689308499765,240.938738402586,279.351235019439,222.107301427498,259.556864003137,205.45835242529,218.568112327466,164.286724092305,241.651043861806
1720,1720,17190,0,0,10,0,0,0,0,0,0,0,0,0,0,0,0,0,252.187878807249,245.76824767932,283.857931738053,249.340484125122,199.884374922264,269.487999123744,382.492905132565,267.211208333332,225.087816239961,267.073591526555,154.663166055191,155.93933156452,184.774586977978,257.461310077169,246.414342379921,258.489031699829
1721,1721,17200,0,0,10,0,0,0,0,0,0,0,0,0,0,0,0,0,264.215800082039,273.010366323011,212.286712636198,225.312486896781,244.057000632567,245.940706741954,388.981513641697,216.555556069161,320.967837462746,214.145002090985,230.090177898945,187.159750218851,258.370785548574,220.458754461014,187.769225581646,273.157908124765
1722,1722,17210,0,0,10,0,0,0,0,0,0,0,0,0,0,0,0,0,300.248500274122,297.267958407224,255.985312158523,225.211655953015,268.17002801578,311.62155817215,387.791719072405,298.732664677788,241.444756224638,252.583314717702,288.471994549963,241.548193864328,246.470029899478,307.636913718932,254.448202366454,280.95959954721
1723,1723,17220,0,0,10,0,0,0,0,0,0,0,0,0,0,0,0,0,275.132985519157,296.842103905495,241.221758256265,295.083230056598,248.526267251478,201.965653769953,382.795294220597,195.045127328393,253.839450260462,248.664176226125,299.001995771104,250.262393259255,262.391860975346,223.087408916532,265.431686538641,245.511100210701
1724,1724,17230,0,0,10,0,0,0,0,0,0,0,0,0,0,0,0,0,274.266943399452,214.450296795059,283.4769117943,224.905550012995,277.183941928187,212.048848927134,403.942327269249,295.830374088876,212.140710132892,278.299066835163,265.223193003919,276.714938577463,311.413505139945,254.526340059399,233.613139331562,247.120977426299
1725,1725,17240,0,0,10,0,0,0,0,0,0,0,0,0,0,0,0,0,233.733645312558,244.497638668042,229.012303434398,281.234322779803,188.92796314601,239.175989387749,396.721678165247,272.144012253681,254.642413421532,232.368077693175,261.709254749794,273.528378957184,270.780971781454,250.637790206936,280.313365801472,203.205267431131
1726,1726,17250,0,0,0,0,0,0,0,0,0,0,0,0,0,0,0,0,255.304064791857,217.655235733582,303.745696068091,299.332243219486,297.263894231921,258.038194796248,404.869897239502,271.704616936608,272.752114199164,177.622052405089,212.4430869512,262.522767565569,250.006068272496,266.218418591939,218.011731584819,292.379856490597
1727,1727,17260,0,0,0,0,0,0,0,0,0,0,0,0,0,0,0,0,307.939592297683,190.547127190763,241.190425119156,232.747725923575,231.510925161208,229.65297048604,369.88495176408,276.796172178999,279.630821498578,202.74248480822,254.596706735676,283.094187044075,199.125809179623,269.73353964316,191.558305514209,221.442006642423
1728,1728,17270,0,0,0,0,0,0,0,0,0,0,0,0,0,0,0,0,233.956887865218,242.931672862778,334.330087581026,224.361081601477,262.637969977077,281.537384457782,374.666188263455,256.95609301577,244.805296497803,200.570009041093,271.788784002727,239.526195328686,287.365152382201,203.803229315102,254.88888241382,195.728704793909
1729,1729,17280,0,0,0,0,0,0,0,0,0,0,0,0,0,0,0,0,281.832374690779,252.007976592388,320.094296433898,276.738200958301,250.968495366648,193.994413109945,372.211269459862,165.491084253544,197.407112014389,276.329166281446,235.651351384848,275.261310164576,270.878592686285,274.506769635368,235.350375123757,215.249249267034
1730,1730,17290,0,0,0,0,0,0,0,0,0,0,0,0,0,0,0,0,245.130649058843,186.74950281504,254.225457274528,211.485662912933,180.911407764343,240.187357333865,390.932693221028,230.602892183516,268.515843177048,205.96138417047,303.928436816876,239.226800304703,270.731582438917,239.185266373156,222.987245499638,255.851698809456
1731,1731,17300,0,0,0,0,0,0,0,0,0,0,0,0,0,0,0,0,218.152193911987,307.169344496904,251.975781580428,298.197289456937,235.093977899463,238.334730305179,378.681576662151,246.363733797429,250.269053170605,224.941230076736,244.455499578286,309.785340080585,169.43003034052,266.7870866206,212.39383939338,266.103935231885
1732,1732,17310,0,0,0,0,0,0,0,0,0,0,0,0,0,0,0,0,232.484425384785,241.734537185055,228.27913314402,246.524507601135,215.068235690427,186.324581865218,363.531113261046,314.988738415557,196.098799265517,269.274719708106,204.430264294296,284.961218828304,176.75613441058,189.301816054604,192.950775088393,264.747198414182
1733,1733,17320,0,0,0,0,0,0,0,0,0,0,0,0,0,0,0,0,253.459066024875,248.061678351363,220.575498004394,264.782956694131,245.96971012948,233.144852828744,364.354526483669,248.307402808174,282.145268275014,206.778692358032,282.78627716872,210.293735129031,254.573791852785,237.206050330662,316.363191284983,279.57540328764
1734,1734,17330,0,0,0,0,0,0,0,0,0,0,0,0,0,0,0,0,250.158390911435,253.357353633812,267.352259682314,274.295595604213,205.305624876635,279.045830335088,338.422574690409,202.467797717833,305.230919656733,305.927195606556,308.600520749928,266.423263204051,268.952965804284,160.529595854722,280.447843743451,250.659756999881
1735,1735,17340,0,0,0,0,0,0,0,0,0,0,0,0,0,0,0,0,265.788644542427,224.805298504281,198.264207886952,237.358819945222,208.187346960143,266.94792856398,321.916941146149,259.911673012821,211.21808119191,219.60637166602,231.233796835769,249.99880395597,294.854308316875,257.147609150987,206.761848914416,288.613810058638
1736,1736,17350,0,0,10,0,0,0,0,0,0,0,0,0,0,0,0,0,259.71049370585,291.567416078909,244.227228161783,287.647614054574,328.7693645665,212.260590541229,341.101922833858,268.587417977254,270.727710298855,249.228010195938,196.063545563046,273.014542671504,194.71369088848,252.00566818508,281.606890322086,252.26848141437
1737,1737,17360,0,0,10,0,0,0,0,0,0,0,0,0,0,0,0,0,226.15002665761,235.862439699143,269.404613438687,254.714889037363,247.165394437549,246.233661830957,330.508615346779,264.425066101755,171.120657973854,255.331689766127,177.373464426972,205.878455223288,329.170914644348,295.11278476672,251.545110696876,262.542910196234
1738,1738,17370,0,0,10,0,0,0,0,0,0,0,0,0,0,0,0,0,245.631378665596,250.356269307114,201.061527545486,214.472206203333,254.140286647625,255.127717863817,331.354129379981,213.337316178618,247.282901132365,276.771145509803,283.388893610323,301.868563033664,232.988753432402,238.514242919394,263.938250318413,306.459883729598
1739,1739,17380,0,0,10,0,0,0,0,0,0,0,0,0,0,0,0,0,264.873040875678,248.725515146165,232.833449914418,243.333922695353,282.293001553818,245.434846902302,282.770507577185,273.308320282976,266.499836174182,274.470250456153,226.481343566232,273.763711652152,228.663453916945,230.954523543117,219.263954865127,291.887102915925
1740,1740,17390,0,0,10,0,0,0,0,0,0,0,0,0,0,0,0,0,300.849243768892,246.023417822284,235.452903717705,267.847970812351,350.471354645326,237.303390630106,324.512031501533,307.405536878279,219.245003032713,251.073938726925,322.247013676492,271.849411169164,293.358832267812,226.889230423793,295.185107438419,320.026242318012
1741,1741,17400,0,0,0,0,0,0,0,0,0,0,0,0,0,0,0,0,210.881778147368,312.366415024492,284.520557637696,224.394256243363,278.18419266192,181.630486459909,316.841840142395,205.650260551221,242.018772124335,238.430959217173,264.450560808294,259.988177729087,234.11787931847,270.511004414593,264.653230885902,197.383300334994
1742,1742,17410,0,0,0,0,0,0,0,0,0,0,0,0,0,0,0,0,255.895735050433,269.580220368453,302.0183439771,308.977462374885,238.948951706818,266.659102391996,349.794945178016,288.609309911149,276.83623085088,214.97083418884,201.165529637193,220.348188458151,252.565892726199,215.192701539015,124.994105831421,177.711892603891
1743,1743,17420,0,0,0,0,0,0,0,0,0,0,0,0,0,0,0,0,242.471605718985,281.148484448904,244.493075302841,284.309881166718,223.546342015195,198.79757620229,342.642078007211,217.167128658577,269.755729436115,256.829696989767,281.147884501327,265.60722395335,219.970627405288,291.460760318213,255.734112752483,221.549584054399
1744,1744,17430,0,0,0,0,0,0,0,0,0,0,0,0,0,0,0,0,299.058312192207,224.982816846677,282.752349038403,142.416656271806,215.340363641243,229.127704918055,316.790847408164,228.917749835083,237.175028655972,262.40604365377,255.992552397576,271.583990811478,307.355950534437,267.394376066042,225.34296561398,259.588912702665
1745,1745,17440,0,0,0,0,0,0,0,0,0,0,0,0,0,0,0,0,302.88934684628,290.248495732115,252.71832227151,261.061669171733,206.792968402163,264.372550560235,323.879996094588,228.745669886645,231.975754787253,243.764828882967,215.622257661169,238.295930451629,169.248318905054,222.37598867025,271.094284359994,267.46058264765
1746,1746,17450,0,0,10,0,0,0,0,0,0,0,0,0,0,0,0,0,281.722300196425,255.906675774856,260.133740277239,271.611554112609,288.360530286931,273.934753143483,319.870104432033,274.597539041821,242.153849613488,302.189272836105,245.862897868817,235.094640896456,230.971497358401,240.501613115087,214.14356007323,221.068282534059
1747,1747,17460,0,0,10,0,0,0,0,0,0,0,0,0,0,0,0,0,272.070256842754,275.070476115167,282.365800901598,245.50544662867,278.905260134887,188.072286313408,321.895298903476,260.291802153465,276.744400619991,231.146807756978,262.753475789343,177.085702172099,297.431075888506,285.505693889993,251.98200607911,242.433170637074
1748,1748,17470,0,0,10,0,0,0,0,0,0,0,0,0,0,0,0,0,251.221225875725,246.362323295457,275.275560044044,213.787410159901,237.201509082631,239.867717532831,337.507309364465,280.775073446841,266.076391625842,237.711149924151,275.454348375711,201.217841454201,248.312143823117,254.8821913073,215.186352492773,296.685642849333
1749,1749,17480,0,0,10,0,0,0,0,0,0,0,0,0,0,0,0,0,212.146062121736,263.091383746272,180.669465753619,201.385881423737,253.443989988445,251.012989459682,322.213843703891,215.079364875478,236.514760482895,268.92274932036,243.552937358872,253.379374774934,201.471292694863,211.087405293547,171.590733972449,270.111528673117
1750,1750,17490,0,0,10,0,0,0,0,0,0,0,0,0,0,0,0,0,234.172156043384,241.242710781876,207.552008838346,233.750530973158,236.114642451632,264.766348444581,334.078162866317,208.269617800435,181.213753152097,247.211766420203,283.557872925072,244.887467460038,263.367189558022,263.588830589602,280.29149576991,273.296639999879
1751,1751,17500,0,0,10,0,0,0,0,0,0,0,0,0,0,0,0,0,272.5981308296,315.929582871122,260.048882042253,302.906753273939,249.49476609319,197.058631943971,326.056666045256,229.608773141518,242.704576216519,267.169267499062,251.615790943372,244.763861812595,254.302587564367,208.691641531716,312.753381362394,258.387493993317
1752,1752,17510,0,0,10,0,0,0,0,0,0,0,0,0,0,0,0,0,280.635618195445,226.840204086612,260.834265928086,228.03770045202,272.658071811046,211.61270645465,345.263019299326,276.882437595046,284.385408531785,269.042661151612,309.895862172838,307.211566797981,277.216170277825,274.58358812899,231.685550600434,190.045187239175
1753,1753,17520,0,0,10,0,0,0,0,0,0,0,0,0,0,0,0,0,224.383972361772,240.899656431524,234.942950757117,251.492814908774,228.880985286458,282.63509893066,334.534157738896,238.985556793295,323.335995598695,255.805480695846,237.227697751077,305.018322563842,268.655238192364,263.045667504092,208.157750174484,245.358110663673
1754,1754,17530,0,0,10,0,0,0,0,0,0,0,0,0,0,0,0,0,306.945756427425,236.336997281961,190.414778582744,224.89648550287,213.929907867002,239.717428416837,343.062356427445,280.410883445826,313.386544276845,254.745082680424,314.925492712922,308.156703154284,272.330192065448,294.993642495203,211.001551506013,285.037016956754
1755,1755,17540,0,0,10,0,0,0,0,0,0,0,0,0,0,0,0,0,189.575746766937,222.970717612334,222.182925122548,232.033292563087,311.404714006159,242.711144892007,358.461108392627,253.224876059472,213.124554422545,242.437169457084,254.640020855047,260.147049486201,231.717968412292,294.371985071546,206.358056389442,178.59046425907
1756,1756,17550,0,0,10,0,0,0,0,0,0,0,0,0,0,0,0,0,224.055055155952,267.819469870422,262.299089367206,246.769787881519,277.57970662022,273.943524563785,370.135876806068,255.175861600939,254.521604087107,242.16273909463,248.560897452031,247.464607736873,154.649194750782,191.549622320062,273.495054670209,278.258728598898
1757,1757,17560,0,0,10,0,0,0,0,0,0,0,0,0,0,0,0,0,204.856957506552,222.533780365399,255.52679400895,226.39071240318,242.638949479441,265.020760892136,383.230413873975,246.656373589535,260.12407792965,258.610298168184,217.921782279277,234.478679140043,268.87979524397,292.819713123401,247.304518145791,178.303829898454
1758,1758,17570,0,0,10,0,0,0,0,0,0,0,0,0,0,0,0,0,259.064189257014,228.712609441656,314.461226815027,221.285625108074,229.850746908031,201.70885395546,369.758723203948,252.89756453203,200.557872586088,218.171608805391,231.828194519231,284.861317460955,264.28779425286,201.459940500332,251.776973269746,304.833311240026
1759,1759,17580,0,0,10,0,0,0,0,0,0,0,0,0,0,0,0,0,238.383804612121,155.194084896682,328.589672351311,287.521120411577,258.82374046982,272.175040970108,353.238189847094,209.867996312383,275.764165075616,330.021270706957,202.368475814588,257.534486770037,271.022069977528,216.302568130104,257.497615613597,211.75162531094
1760,1760,17590,0,0,10,0,0,0,0,0,0,0,0,0,0,0,0,0,251.602888835061,231.006651879079,259.870049439905,332.434484216424,212.136411098133,185.250798119107,376.670147545885,169.434323550924,226.514528459215,239.467389934908,326.040600506413,243.720304021614,210.600679578388,222.905210526709,284.976309373024,207.355981753822
1761,1761,17600,0,0,0,0,0,0,0,0,0,0,0,0,0,0,0,0,264.839842332926,272.183207911946,213.421345564904,238.865762801603,252.796114387792,293.163175035882,385.369033081189,259.648885840718,215.203247103169,257.382674703683,197.642098230166,272.917244398824,257.204857950437,275.400707062365,237.346684354545,261.825039173025
1762,1762,17610,0,0,0,0,0,0,0,0,0,0,0,0,0,0,0,0,188.202617593296,267.192150375726,238.311076044613,287.491835460493,146.710895049561,241.707093604837,390.724001053547,217.283812243448,211.583291558188,257.960364669363,208.491531791087,238.502402733901,269.693515003032,285.747679860227,195.047940402948,222.10118240065
1763,1763,17620,0,0,0,0,0,0,0,0,0,0,0,0,0,0,0,0,255.942663279649,275.58557411535,339.664416919314,346.812558035223,242.070042838946,198.198024414335,375.986535093333,255.726811548664,251.140458215526,302.902934091667,184.794579851239,241.126581408853,186.248855880755,256.385629519504,268.716994498128,251.242647346009
1764,1764,17630,0,0,0,0,0,0,0,0,0,0,0,0,0,0,0,0,268.789989423879,244.10370239493,191.628922146236,308.202721836604,216.374580684949,239.93469200876,374.032012729881,244.163286120658,277.509305062694,257.875912363747,250.360454204908,283.713257098559,286.282863034903,266.941142663853,292.078009478022,223.326843746752
1765,1765,17640,0,0,0,0,0,0,0,0,0,0,0,0,0,0,0,0,291.238332771827,262.617723537188,247.30635813909,281.476897921092,274.433883596053,267.745141605566,382.32458853962,161.199964372685,242.255834596679,215.051910060549,269.945968386637,279.39202546572,201.59014243077,253.935623734439,274.033374977656,317.150595245659
1766,1766,17650,0,0,10,0,0,0,0,0,0,0,0,0,0,0,0,0,208.624954179545,200.932533292813,241.829758728621,254.878149298586,259.809754232344,281.016886029391,347.280517995377,240.667313298076,245.532097271789,236.512444301032,215.135405088845,239.592709824922,206.175203037443,262.154638490203,249.134772348783,262.19336801552
1767,1767,17660,0,0,10,0,0,0,0,0,0,0,0,0,0,0,0,0,230.734803439017,221.760609498808,276.408843042285,238.285461814259,203.290191969334,298.718309834661,383.410287782366,265.044156494306,205.112202128034,191.817084394942,264.157081257988,235.41989108881,289.263020368594,260.808596245301,189.45559545829,235.559675794424
1768,1768,17670,0,0,10,0,0,0,0,0,0,0,0,0,0,0,0,0,239.310741429322,238.392827737852,250.204156925744,196.162942399941,227.167160451484,182.737571457664,349.904210809908,231.478604909993,203.578368300165,220.927886693086,289.321346382147,271.624316506638,271.675489167748,255.490351236276,182.114799073204,193.04114862054
1769,1769,17680,0,0,10,0,0,0,0,0,0,0,0,0,0,0,0,0,253.282439202965,231.421499985667,216.563639788114,256.435968012783,256.789291286047,272.072368745568,351.49098444593,178.202864078932,244.980403376516,209.372285879561,270.539226135618,246.078328399718,225.173789618278,202.823890660394,270.33434319386,280.239133396766
1770,1770,17690,0,0,10,0,0,0,0,0,0,0,0,0,0,0,0,0,249.051627384567,197.886660670697,207.551816212306,253.817184823692,274.733657715667,250.01034791136,366.882284372159,252.290116071933,274.387941534658,163.443220409482,243.175562508728,295.635943796527,212.174622470802,279.938417880966,269.094883834256,223.666510885606
1771,1771,17700,0,0,10,0,0,0,0,0,0,0,0,0,0,0,0,0,218.758845895006,303.020109126777,248.606759568707,240.838666722106,276.935285444699,221.10019983057,380.065738327315,220.902782046024,220.908090344215,238.433190965098,304.687104613231,248.594893994147,202.266713996092,243.48998707048,261.449708486337,280.588106517229
1772,1772,17710,0,0,10,0,0,0,0,0,0,0,0,0,0,0,0,0,265.428441948197,203.593029792538,299.248083086348,220.273534201151,257.084182659201,247.00632989704,344.455407954897,250.52064044657,210.384525848088,374.482531127938,205.737640153002,211.930309680243,283.565559884877,235.487014231734,239.045221930804,263.949003468765
1773,1773,17720,0,0,10,0,0,0,0,0,0,0,0,0,0,0,0,0,280.796940787108,208.050288907635,268.850366112497,220.762277233592,305.681775931951,257.4114414964,366.814528069102,256.983390476447,284.558987917776,289.899256736943,270.481207169185,250.443147910134,192.653176447071,301.631158193555,261.853515628867,274.275116934023
1774,1774,17730,0,0,10,0,0,0,0,0,0,0,0,0,0,0,0,0,216.704662101165,265.244145176429,174.238867170666,248.140108194144,266.03415249597,274.585285975471,362.927389053611,246.203757634743,217.250591747129,235.009515505126,281.434269467335,278.520395344565,256.207354602327,176.539608562314,267.167264870113,204.511421915026
1775,1775,17740,0,0,10,0,0,0,0,0,0,0,0,0,0,0,0,0,231.491302116434,210.971714771735,284.540373401438,308.934323488087,275.52001323939,220.059156337117,363.762035863192,191.109723239036,213.540977780542,297.137415145693,252.69919968713,197.032094508011,313.192473244914,282.855373161824,241.31614562135,271.800213698582
1776,1776,17750,0,0,10,0,0,0,0,0,0,0,0,0,0,0,0,0,270.831291336029,280.384640918353,225.299051955243,201.493300053611,225.699598534215,256.53086154466,377.385843667524,217.967421925891,237.769352974864,216.448368957335,291.279668622647,282.675694640193,297.544604965932,256.695396248925,242.315084289572,229.121956838446
1777,1777,17760,0,0,10,0,0,0,0,0,0,0,0,0,0,0,0,0,177.234464289043,225.588598814574,269.570887012932,262.822742078997,187.755011683587,249.126705255122,387.788760452326,211.432257272976,259.52991199736,244.963699132052,229.80868595288,175.023928727452,274.376792508467,187.652229048013,247.944333938045,367.083696303528
1778,1778,17770,0,0,10,0,0,0,0,0,0,0,0,0,0,0,0,0,311.943175239685,315.424614229523,220.11660502347,256.048079825628,250.323172545921,280.410397270443,379.706940418445,174.517371042114,243.877473204227,228.979931789293,264.620395148419,246.74226726523,262.429169595125,236.780064754744,226.708568497961,248.572673921113
1779,1779,17780,0,0,10,0,0,0,0,0,0,0,0,0,0,0,0,0,236.13256301681,193.439350726812,329.522189061427,274.456126116435,282.480664609063,241.90989010911,370.443259725719,285.726002306178,240.569640070841,196.140800403897,262.56768684265,276.425418968244,220.983374827617,248.069442817905,333.079442528423,247.830942237623
1780,1780,17790,0,0,10,0,0,0,0,0,0,0,0,0,0,0,0,0,175.779968308164,297.557798706368,253.338974288064,221.113324705104,349.557378534932,262.069549508382,411.004435092031,252.006138022183,221.495513432416,272.099392032865,279.594180542285,286.501749451237,264.543223193304,244.897249549214,271.106662277827,254.434216366795
1781,1781,17800,0,0,0,0,0,0,0,0,0,0,0,0,0,0,0,0,247.387911227587,235.653932041877,214.009108769505,201.178388160485,256.630568718529,224.173175148496,400.8700964339,204.822481688525,184.090266482607,247.444455070243,254.822493183991,189.151205692818,226.367111690653,233.27547282803,231.040238692979,310.546898893004
1782,1782,17810,0,0,0,0,0,0,0,0,0,0,0,0,0,0,0,0,173.912334894282,263.230659056883,248.330545707413,262.638846651499,250.822687812198,306.368272462159,396.440526480757,297.130206287992,243.377306109791,257.047653454906,181.558683797625,200.072216996129,238.936628254716,223.486105572005,332.577936812293,293.906581986995
1783,1783,17820,0,0,0,0,0,0,0,0,0,0,0,0,0,0,0,0,244.11000439956,293.331551371594,226.385824499595,284.647601932459,215.967394604728,232.385189920962,445.468103817817,252.318960799455,290.07912387677,221.215306277686,239.592554589463,242.138794592606,202.002908571127,261.077059219986,283.808623064668,249.665274025908
1784,1784,17830,0,0,0,0,0,0,0,0,0,0,0,0,0,0,0,0,263.868764134628,282.647221894735,283.615627397809,223.614188851314,272.697682238004,245.032739746648,369.676409725078,276.924645275033,236.606779341183,257.190297894659,182.671217635098,296.439903055903,229.96531217849,255.155056269141,234.932806472815,265.485261030342
1785,1785,17840,0,0,0,0,0,0,0,0,0,0,0,0,0,0,0,0,250.083343856735,269.014998483095,304.712872419971,286.625716754671,218.4735605232,298.165892172068,387.896726068641,314.445964832966,188.611038503244,227.602452026211,203.354601623619,255.865627112626,231.966387720422,197.357073695681,191.482068900084,271.169865421916
1786,1786,17850,0,0,0,0,0,0,0,0,0,0,0,0,0,0,0,0,268.128494398554,233.296259155909,236.845279982052,269.180198220622,272.32431927591,275.913994756164,377.083932701615,255.373174285868,295.454387512384,231.074345031178,237.190590930779,233.443914589358,262.148159012638,220.075978737725,264.068390627741,235.483296692167
1787,1787,17860,0,0,0,0,0,0,0,0,0,0,0,0,0,0,0,0,275.307553705735,287.902304270819,270.696112123977,240.063022031229,246.59479694201,301.183808161144,356.918502771891,289.037877260969,217.447397550511,234.452405469264,267.425493776579,223.231781382834,287.092682605316,243.440757725702,282.159748133495,251.007431307471
1788,1788,17870,0,0,0,0,0,0,0,0,0,0,0,0,0,0,0,0,258.185160673556,196.83876953668,271.067703026765,294.935964570821,256.583202600405,232.614063683759,364.02738873995,227.300388565912,207.96064473825,180.057243914389,188.783148354091,204.904785880851,222.344304362914,264.615538513157,279.275923655882,214.923684883668
1789,1789,17880,0,0,0,0,0,0,0,0,0,0,0,0,0,0,0,0,241.952914115436,185.725059188511,245.326440460025,264.274417844884,292.310829207014,216.63453131025,331.659961864022,213.305681334079,243.704194185602,215.842730783364,229.496315923086,298.864510869987,276.823803869703,276.151441058732,259.240679066542,206.98159673141
1790,1790,17890,0,0,0,0,0,0,0,0,0,0,0,0,0,0,0,0,281.408183597058,195.050891793517,319.346580156919,259.106542096059,265.74882823012,291.461537841896,343.660900285989,294.597450179377,296.327395793323,275.088935671467,265.738898909873,306.373742621965,214.21013940531,244.081418331597,204.615425253851,230.075175970403
1791,1791,17900,0,0,0,0,0,0,0,0,0,0,0,0,0,0,0,0,181.396593633571,197.297033247064,224.228479287081,318.694969987521,261.08239339856,216.465780341709,336.56609720589,285.247322422569,229.851747620047,263.085596342709,295.513095635199,282.842786730256,230.374252221419,267.788118358599,237.525681749933,212.406677732457
1792,1792,17910,0,0,0,0,0,0,0,0,0,0,0,0,0,0,0,0,308.886698683658,257.066875092164,280.054884904334,204.608459739017,283.228826065559,248.684001423328,320.044238886654,238.188532333191,216.110205804497,287.941702186284,269.440398441239,223.472198827968,276.88094097501,271.850249784659,206.984707450477,194.306610828353
1793,1793,17920,0,0,0,0,0,0,0,0,0,0,0,0,0,0,0,0,265.292249532715,287.381975177037,216.815385909768,245.946181952505,264.180993764049,262.954740915582,311.262396207134,267.555658138309,238.809588184255,232.753412287448,241.634256377987,209.456565716152,223.047739734928,264.87622840133,235.19269958496,203.36149168939
1794,1794,17930,0,0,0,0,0,0,0,0,0,0,0,0,0,0,0,0,237.766186957888,251.654629069365,228.885352109957,321.427913096498,259.140386847865,283.459744132704,320.558566325856,206.928124819544,280.522934995066,316.863518522438,223.518058944891,270.013163390631,291.074980792284,232.634773153977,251.9605423225,257.521474352932
1795,1795,17940,0,0,0,0,0,0,0,0,0,0,0,0,0,0,0,0,242.498836670596,260.193300902273,181.789704565522,253.846260047404,281.023606895574,304.10769956662,289.799412325641,257.556575071031,221.736002171799,180.810432908709,270.219589083291,190.964195862726,244.126441697138,228.890321511083,228.51530631398,224.311086224866
1796,1796,17950,0,0,0,0,0,0,0,0,0,0,0,0,0,0,0,0,307.431724996954,280.553631468603,327.872337588334,182.877066997154,254.478197556337,237.639141743135,293.82715011294,240.964038034109,211.770357362155,229.600969601779,207.897263486148,241.816113078228,243.516889710718,261.651310709035,263.74174008925,206.953544080862
1797,1797,17960,0,0,0,0,0,0,0,0,0,0,0,0,0,0,0,0,249.138296039811,260.63225993411,267.53927261225,235.510480731337,296.899189669246,240.001541569214,286.767721046102,280.131402894293,229.031388245009,244.467075261538,283.711874926879,218.538685900307,166.501631503787,267.176725639452,218.616912135193,216.063232226203
1798,1798,17970,0,0,0,0,0,0,0,0,0,0,0,0,0,0,0,0,289.385621064,305.329984614938,292.817112250197,238.713477178763,259.708803462202,236.389963864415,289.961051417023,233.675317085705,256.602632720832,222.024918221589,271.654005320533,188.161924383713,219.215477042685,241.828856744254,231.386042149598,216.598241513933
1799,1799,17980,0,0,0,0,0,0,0,0,0,0,0,0,0,0,0,0,280.363118153713,280.9020944655,256.075613220181,294.074344343327,229.943677265374,278.789556655751,286.436203819714,298.320300142758,251.393733578156,222.742518189215,287.028259845521,212.687820645583,299.99410904207,257.182789003296,213.251693305833,258.34133208433
1800,1800,17990,0,0,0,0,0,0,0,0,0,0,0,0,0,0,0,0,226.944647920054,272.084270238125,284.81577079948,278.018737874058,263.147568093646,276.157095273234,274.577060518896,299.935638401173,279.124541757066,165.173082613526,255.322503351471,205.143198443102,228.191428891646,331.564094096595,255.979137694268,263.829074598107
1801,1801,18000,0,0,0,0,0,0,0,0,0,0,0,0,0,0,0,0,275.206649949493,266.639491294017,222.182924720833,230.095813888278,257.812856798172,272.291871820548,283.239128430656,247.308442984643,229.841339061615,239.311837991871,270.412635679004,260.460303609149,233.876228283446,216.012228891841,262.145186236294,203.918999361634
1802,1802,18010,0,0,0,0,0,0,0,0,0,0,0,0,0,0,0,0,259.708556316119,298.015657544624,305.235115667479,284.706112746209,263.64719752326,323.568956064503,276.342673420353,260.619360062007,258.617178486751,285.21112321166,170.884989648964,289.186444449868,246.360784983873,308.050968353633,261.082168194068,168.906926614922
1803,1803,18020,0,0,0,0,0,0,0,0,0,0,0,0,0,0,0,0,175.53547372922,272.090003925315,263.886106096527,276.372000807361,300.014597555235,285.871158271118,265.80623061791,282.04458902388,306.589087448049,189.870030540922,178.142921480068,260.005522140216,228.190897764857,231.853835155819,264.004520364343,253.315843212539
1804,1804,18030,0,0,0,0,0,0,0,0,0,0,0,0,0,0,0,0,236.660047026844,236.312844590599,193.544150696593,259.108659594593,260.362871374617,216.66799239623,279.347068268607,267.665588050881,273.002998704561,218.872675565077,280.659651159815,197.064297106286,312.634598680867,228.046912484488,221.816009486433,272.074220440293
1805,1805,18040,0,0,0,0,0,0,0,0,0,0,0,0,0,0,0,0,253.982445877534,244.957498287541,263.878466061061,280.137320890978,237.652236844893,272.445063793647,264.518566520032,226.568274186184,238.255002466086,275.763408371183,229.814413499894,231.631612960623,320.009926663115,247.772120219691,274.557037287332,216.67261935327
1806,1806,18050,0,0,0,0,0,0,0,0,0,0,0,0,0,0,0,0,289.181481923709,179.358542263268,234.327281547432,245.228701670267,241.05530339122,267.455514501036,284.124488173971,297.332180688327,259.957130148061,246.755339203185,229.153801429579,220.775198571226,221.309770555153,258.464309640483,268.130642060947,291.953045432526
1807,1807,18060,0,0,0,0,0,0,0,0,0,0,0,0,0,0,0,0,247.652382904799,247.897222209,202.336139269449,246.905963487764,224.616694685529,313.946429402406,267.542803262042,245.36938489711,239.464553617333,241.664532873355,268.73420744043,290.239760304687,240.873479702838,263.981131852365,227.859476451047,237.702388147662
1808,1808,18070,0,0,0,0,0,0,0,0,0,0,0,0,0,0,0,0,228.922677625622,248.910272906942,221.954771842955,211.429838743805,269.238672714453,276.452441708892,261.932058788958,277.465794491331,212.943573672989,265.49414218409,214.394573884777,255.660579301998,242.299312234333,259.638147115484,236.892638980841,287.389858689173
1809,1809,18080,0,0,0,0,0,0,0,0,0,0,0,0,0,0,0,0,257.037899798452,236.803027177616,215.591422392723,197.876331506808,206.694761659048,233.210770224696,253.550872117944,193.130297412692,244.422765634604,279.577645597999,245.792579033338,176.102429458656,214.971482872575,270.692280708044,212.566471576123,255.524251310142
1810,1810,18090,0,0,0,0,0,0,0,0,0,0,0,0,0,0,0,0,218.434218838259,144.203382967573,256.524261253265,242.045264914927,241.607442597712,191.158853918484,282.277757411033,234.390611879322,202.309156703728,240.173344912834,222.454155604063,235.22165989773,184.740425388876,227.650125360974,264.133600886269,231.267633311421
1811,1811,18100,0,0,10,0,0,0,0,0,0,0,0,0,0,0,0,0,199.53469167138,205.993972119021,222.465789776568,309.801173712959,230.922425219164,272.162952246792,261.925895696344,156.808079885461,173.900345576892,232.458108407377,257.085941037838,228.185440909896,229.215512049027,270.993540291591,232.74973782311,248.277790278358
1812,1812,18110,0,0,10,0,0,0,0,0,0,0,0,0,0,0,0,0,282.221532937257,297.132503986403,221.742972260331,279.217450745018,250.651643411361,293.77039297355,259.018325682868,222.534671951151,312.577016413646,268.935385099619,253.414636101587,262.190877485101,251.060707796681,286.16968984512,247.098901727794,276.291865311048
1813,1813,18120,0,0,10,0,0,0,0,0,0,0,0,0,0,0,0,0,263.166664370689,240.739484503744,295.584772507108,213.005416905876,298.463580219772,273.827613838575,259.618106480915,238.171797706577,243.194992573557,285.85612267894,247.434395604103,250.906036405309,219.322210318121,284.262158431325,235.643839855979,246.14765374707
1814,1814,18130,0,0,10,0,0,0,0,0,0,0,0,0,0,0,0,0,220.916614669665,250.064918933406,261.815807615134,262.797895960182,274.046984820059,243.244204650366,273.657374064186,253.117965156607,265.485683119187,204.55953238534,203.251199237183,262.94548442769,268.177187437289,261.551392557669,300.870508216054,195.579665461044
1815,1815,18140,0,0,10,0,0,0,0,0,0,0,0,0,0,0,0,0,181.411244180632,263.036497673378,251.849650719493,326.979735153489,188.026756286281,265.048503479168,278.903860045545,198.919996772949,258.084961390463,170.146950770387,228.412881175566,276.188778412859,236.06373264158,254.093969940525,206.412504481705,288.037009883471
1816,1816,18150,0,0,10,0,0,0,0,0,0,0,0,0,0,0,0,0,295.626736191409,232.432767703824,243.865364438643,262.716123107964,278.549158695102,267.559785364316,287.121714032454,296.518551385369,184.752054774813,205.791683278792,117.027694698171,231.535895942669,269.2027327913,276.69741053099,269.267329786785,183.34249468183
1817,1817,18160,0,0,10,0,0,0,0,0,0,0,0,0,0,0,0,0,278.523860327993,348.86320187172,230.347140413702,235.83757081265,201.411239618296,230.403916482444,296.301578562367,282.604184072293,258.308905872244,315.735709363907,224.9742254019,298.751239661735,216.573351938383,199.152805217752,246.01520763948,242.194609958344
1818,1818,18170,0,0,10,0,0,0,0,0,0,0,0,0,0,0,0,0,271.86175724045,329.727740508871,217.313439164358,229.604683767561,300.606760990589,231.903609712511,305.651983096898,268.831513197398,155.178710527104,289.703150025822,253.77888069952,307.405760206902,242.453020130419,250.293466028286,265.91635205059,315.017508141241
1819,1819,18180,0,0,10,0,0,0,0,0,0,0,0,0,0,0,0,0,233.354162198605,258.662480342978,254.036340441478,228.961830120003,291.396883520689,215.519634698683,325.874047698756,213.835461688724,281.659717840684,223.858642853088,251.790380118183,284.213753459098,221.900771385128,229.250811441369,273.785229482918,320.242819912969
1820,1820,18190,0,0,10,0,0,0,0,0,0,0,0,0,0,0,0,0,293.44361039591,214.35333108837,239.425254177368,273.319202615297,230.692474919698,231.050224924655,325.808017036156,267.917092504876,285.129240338132,227.777105438476,269.400819061547,288.274447191632,244.890808335902,219.686050619561,270.371938192209,234.254228773268
1821,1821,18200,0,0,10,0,0,0,0,0,0,0,0,0,0,0,0,0,279.246039777622,254.089516330548,262.557279960326,328.517485255927,236.496568385041,266.370852363853,326.772545690987,226.852472610371,319.270536219991,223.427649184394,274.891186942426,268.050876654187,249.335244367978,223.45666276941,229.403729314104,220.584392346465
1822,1822,18210,0,0,10,0,0,0,0,0,0,0,0,0,0,0,0,0,241.539227475186,245.427051425865,254.443374272496,264.942457600389,238.856240870867,193.902847428758,354.265404986337,235.499405181395,210.69077354491,335.145334538744,221.990055480236,290.706273856764,320.166038486848,224.089191796489,262.117902357256,235.322838163231
1823,1823,18220,0,0,10,0,0,0,0,0,0,0,0,0,0,0,0,0,280.74548908076,297.081878451941,232.476975602949,296.63149707304,278.562528182213,246.605653073413,344.133957036681,266.171147376028,253.892815767395,203.291197393802,248.49296808264,197.690072824968,301.399175495983,257.508259724839,221.096582930285,314.010242950457
1824,1824,18230,0,0,10,0,0,0,0,0,0,0,0,0,0,0,0,0,217.240299154958,204.161995998614,170.359622606651,271.2075211109,268.138686903967,281.145287253232,366.609002803256,151.891090149873,251.048536878536,285.194578370674,225.141112231693,269.753711182791,296.498167573943,255.69674248891,261.401983847232,308.685650294326
1825,1825,18240,0,0,10,0,0,0,0,0,0,0,0,0,0,0,0,0,296.598616568551,277.355244503645,270.555759649486,277.215149743509,295.60733003462,227.278822500797,362.424887146203,300.898824532152,213.237181917789,250.482617456601,218.765612386074,279.898941307029,258.988789501282,249.686597881505,294.224704323906,295.761086445722
1826,1826,18250,0,0,0,0,0,0,0,0,0,0,0,0,0,0,0,0,230.854534873323,306.551071206995,216.077149250554,256.891950625555,288.210815847583,274.47766182894,376.093231584078,279.605102228616,241.029448125297,219.191345952516,233.486674424754,233.935282522735,235.365274830614,215.450696160575,269.108319424633,219.90551343182
1827,1827,18260,0,0,0,0,0,0,0,0,0,0,0,0,0,0,0,0,301.237186203306,208.652885750718,295.15866492508,144.80057381851,280.201424541502,274.803837977229,369.460248369407,294.082327508492,234.028622109548,240.661205560647,263.874486576275,186.239014439534,296.208812202704,280.886452789012,285.355912651121,245.392777526091
1828,1828,18270,0,0,0,0,0,0,0,0,0,0,0,0,0,0,0,0,289.284701129941,224.521621273309,272.518198514142,229.997856108239,232.829230361827,269.989698363493,383.218604952493,242.877824338909,323.92945155296,166.463593192731,251.871698071098,199.089391956584,266.267679180637,247.739050082182,268.468423867883,233.128292830881
1829,1829,18280,0,0,0,0,0,0,0,0,0,0,0,0,0,0,0,0,224.176595131166,224.548606104641,248.48309839986,234.886774423456,308.650476177008,221.074215147644,360.052890750012,213.354869797307,281.483060337754,287.312881778968,241.503782920031,281.480455744184,315.204031193076,266.649219260983,229.868146839397,263.386846402537
1830,1830,18290,0,0,0,0,0,0,0,0,0,0,0,0,0,0,0,0,287.089445979263,283.388298196499,264.165108188847,263.513074614243,280.864694800608,245.903648563227,362.777661358825,220.990862425836,278.084369566952,235.151323060664,203.7873977027,223.514861511201,295.334681639923,272.310029270473,201.969295537585,168.872220147395
1831,1831,18300,0,0,0,0,0,0,0,0,0,0,0,0,0,0,0,0,294.147368783459,255.741821355778,176.627698131052,303.15473108945,216.776573322403,282.094153348885,359.1286284227,268.576625764274,201.958166391227,269.597445617387,210.366246271786,263.952332784378,243.319526975198,201.809707701179,257.244368039403,266.367814878411
1832,1832,18310,0,0,0,0,0,0,0,0,0,0,0,0,0,0,0,0,217.678959636546,235.24506891658,221.978375777222,213.801748862526,253.688182005659,300.47957405839,326.944528245359,280.452394365439,221.682847271378,313.271722598717,203.039769484688,202.155745105504,225.722957591836,192.009734138889,279.546473019188,263.200733446276
1833,1833,18320,0,0,0,0,0,0,0,0,0,0,0,0,0,0,0,0,224.248255983454,268.763182849788,250.46901675988,318.660061363999,285.633567328969,231.221476700834,341.385626307061,210.611632753359,256.436841434439,231.018437459007,186.753537907202,187.387848578303,240.389693746064,271.550698656841,266.694400356515,199.503053624161
1834,1834,18330,0,0,0,0,0,0,0,0,0,0,0,0,0,0,0,0,311.038684875614,266.988925668287,187.74874420311,216.012969826955,201.599926926585,313.306941804697,347.295291026831,271.48665478764,268.514488725689,213.828495658336,248.674939014624,275.493978872888,210.515026534121,263.428115765774,178.222798729111,241.239940989939
1835,1835,18340,0,0,0,0,0,0,0,0,0,0,0,0,0,0,0,0,257.052098977341,296.37900527123,304.533836205434,258.689246314924,242.015423721864,194.790473585953,327.907724930953,260.873163078189,270.887668707635,276.540877470996,238.760859303659,300.278110586864,291.931710317123,141.728240749758,230.52657054915,228.734474261192
1836,1836,18350,0,0,10,0,0,0,0,0,0,0,0,0,0,0,0,0,221.619241667187,280.065020819613,281.621944722998,242.240442622664,277.815913905103,300.984825130232,332.287461764296,200.53868250256,246.046303552301,215.120647276886,251.547075627779,272.796432599163,262.459425582513,332.476044401933,243.323362480953,232.625300150552
1837,1837,18360,0,0,10,0,0,0,0,0,0,0,0,0,0,0,0,0,243.79582167902,218.547849589802,275.869205514732,270.3908271626,233.934250266534,214.498290616871,309.077445094408,297.405519799265,236.985459230381,151.359457999942,252.881205103427,240.88032420328,200.680964623746,235.240544997308,164.884161893863,275.016585816443
1838,1838,18370,0,0,10,0,0,0,0,0,0,0,0,0,0,0,0,0,291.532599650335,243.08057354803,251.240494643621,283.667459637787,198.05281543053,223.775302927076,300.490376176538,222.229282083381,256.564794012166,244.537505284576,260.678879264527,264.315661524545,156.563553065686,241.124315286922,298.48543328964,282.298309833273
1839,1839,18380,0,0,10,0,0,0,0,0,0,0,0,0,0,0,0,0,284.518295702457,298.181752116797,265.497041051797,312.389659688869,233.250685089848,309.781284339239,299.901436717774,281.220307546692,269.689408263579,206.235522019475,207.281694968019,263.648331436993,288.945825649347,230.213257147853,252.079599407348,251.953525654944
1840,1840,18390,0,0,10,0,0,0,0,0,0,0,0,0,0,0,0,0,241.141992630537,203.24639811724,318.057072586794,256.017153117898,158.094087725049,245.758583269395,317.982912909399,180.842318262679,213.815403471429,231.23952622448,257.635212169762,233.629239622624,259.908152321993,254.213592953173,291.255030907412,206.699649028444
1841,1841,18400,0,0,10,0,0,0,0,0,0,0,0,0,0,0,0,0,231.225826704691,210.657603345492,267.251193943203,273.231378527341,251.150243384592,267.25438149874,326.758381304551,253.995064623888,225.796900761594,303.293593683662,289.807655595251,195.012689553445,226.045189554403,303.257814937351,239.887053923808,229.411220476695
1842,1842,18410,0,0,10,0,0,0,0,0,0,0,0,0,0,0,0,0,185.158562493333,289.377722802426,216.950200713976,268.488386500927,187.893638154577,304.54949065125,340.713636241113,281.053611972874,241.482018739962,222.003233568692,251.22530759872,241.029290756564,242.746881960295,222.41953913461,266.157464783952,288.301123307741
1843,1843,18420,0,0,10,0,0,0,0,0,0,0,0,0,0,0,0,0,268.174562047561,262.620191008351,300.957420190517,266.862222002515,264.705527217116,253.0156329677,320.219171778599,186.501936536309,296.097422949586,230.044594590511,243.059872502998,253.917102415121,259.963602273019,260.631453363251,251.663087250076,246.630578037455
1844,1844,18430,0,0,10,0,0,0,0,0,0,0,0,0,0,0,0,0,226.339945562595,206.42615773052,299.676560636587,202.672249602958,273.707948579046,260.490056042618,328.438095865484,252.514589663788,210.035506607941,245.372749955758,225.51063212432,230.957378597322,288.558019724637,244.832704844705,297.098285895489,257.462395818506
1845,1845,18440,0,0,10,0,0,0,0,0,0,0,0,0,0,0,0,0,178.440823633999,223.944637548575,247.872949237023,196.288511294519,182.769946733402,183.766058785926,362.723975524246,287.172503623015,234.002671732064,221.579380003558,280.288081777474,261.954913668954,232.913554082295,245.663407218652,233.616228235036,196.391414389911
1846,1846,18450,0,0,10,0,0,0,0,0,0,0,0,0,0,0,0,0,170.261221337745,287.757769715165,261.990381419397,227.330322741603,262.894817946664,273.284717695602,354.544451530721,217.081035880352,272.967065824534,268.951393217419,259.965727930539,268.805109078977,262.094440459315,301.017430119832,226.253430443744,286.374091238754
1847,1847,18460,0,0,10,0,0,0,0,0,0,0,0,0,0,0,0,0,261.57394279825,232.354357048521,186.624393551751,296.374307476217,304.220314917617,237.366809994419,341.968973059017,248.416217769626,263.991930668108,237.915772418069,232.943115127598,222.307709881916,227.129821075378,223.408253155937,210.477323866731,193.694721545025
1848,1848,18470,0,0,10,0,0,0,0,0,0,0,0,0,0,0,0,0,318.67489464213,228.58016043062,230.51490426433,248.951361196407,280.741716717627,291.101942061609,369.862098710432,233.899042338963,252.796195866405,234.24772059089,251.459157606639,195.661492100195,195.27820649069,211.71671910885,289.706132002756,241.865417136746
1849,1849,18480,0,0,10,0,0,0,0,0,0,0,0,0,0,0,0,0,258.808090205333,222.633732513748,273.360489488179,288.861232879705,261.36752527332,165.659368107978,364.447965571968,252.965774075263,294.098097647408,227.701855152289,258.332457738322,225.545576954527,259.930431705994,204.844629763552,271.087703966127,291.4283053714
1850,1850,18490,0,0,10,0,0,0,0,0,0,0,0,0,0,0,0,0,253.977083863256,256.23853187392,264.299579023425,276.409104133421,243.61628355005,215.01865310294,379.212626006495,235.803111355913,285.99413177049,287.060569225135,330.7309229239,276.792591120813,302.96464849847,215.418180436007,315.88623088753,257.433255033269
1851,1851,18500,0,0,0,0,0,0,0,0,0,0,0,0,0,0,0,0,194.592749656772,304.327027299332,258.104828470456,347.566439016146,244.024147101549,200.924867845506,382.073664990393,273.173351496898,230.14875015962,268.164592291353,262.836750634216,188.997170377694,285.817353578249,291.591745300519,244.059095233311,205.225091864757
1852,1852,18510,0,0,0,0,0,0,0,0,0,0,0,0,0,0,0,0,265.884803169188,268.248262204106,241.699843338192,211.242228186289,248.730081431191,261.435447042785,399.354471244454,208.525910590753,292.609062442181,220.455101634705,257.983018344381,219.768820668829,251.942499971045,262.51082939202,227.916338586397,293.80200690346
1853,1853,18520,0,0,0,0,0,0,0,0,0,0,0,0,0,0,0,0,247.527097906125,265.558269142386,228.160137564486,217.785299646931,236.241739337588,242.958628840663,372.659851411676,267.776220469879,238.02953096965,346.610788261012,242.414994691052,261.499518639533,203.778151216935,247.949859604283,267.413754708398,244.078838180778
1854,1854,18530,0,0,0,0,0,0,0,0,0,0,0,0,0,0,0,0,252.978100587269,259.558261454309,249.252376479211,222.336490185077,248.661305060195,251.852216979635,362.310579647088,311.853667094327,260.761060052976,198.180101947671,261.551276518868,312.601023735997,266.127759071753,285.051058006812,297.238646986768,256.426009884932
1855,1855,18540,0,0,0,0,0,0,0,0,0,0,0,0,0,0,0,0,273.177006016164,235.560420066342,160.126933068471,228.706823683785,204.317530451614,264.009015946228,369.886571827218,222.337645555029,228.024029011946,255.319037016406,268.617600350118,207.207868177823,209.502921587982,251.006695336924,232.816853033704,262.475736792217
1856,1856,18550,0,0,10,0,0,0,0,0,0,0,0,0,0,0,0,0,255.820092710549,242.801988733167,248.679026556799,217.407841522665,249.770832073124,283.236166062542,368.65292318158,255.08975286907,246.631547984616,253.237875396221,227.399600342601,239.84426828645,254.548644200578,206.252384828958,303.412010032025,261.835769917401
1857,1857,18560,0,0,10,0,0,0,0,0,0,0,0,0,0,0,0,0,246.895288769102,206.248586172137,257.202005406241,283.712647813412,235.570402330256,247.723111014799,345.294813689296,272.61966084136,273.555566717204,193.84010773819,327.294412860128,217.292894709394,295.610748956455,280.109913573585,238.083647393588,227.634677635955
1858,1858,18570,0,0,10,0,0,0,0,0,0,0,0,0,0,0,0,0,241.09036321599,204.167690016134,243.020123650521,231.523493629756,223.247098132158,248.757423053968,347.726712943114,239.39247286764,258.152611201561,227.531773257236,265.870608405962,208.833738577852,307.662194486815,271.289492357559,257.899629855792,305.000832684841
1859,1859,18580,0,0,10,0,0,0,0,0,0,0,0,0,0,0,0,0,255.564704430002,238.32349997906,205.578050197214,225.82078276225,213.642471563499,326.657699550909,358.800558458474,284.843290937822,198.423432382566,300.977232798924,225.110911628769,265.497833747197,273.604972150204,222.359663712903,240.070782880491,237.526911876096
1860,1860,18590,0,0,10,0,0,0,0,0,0,0,0,0,0,0,0,0,295.41264485516,223.070581204894,238.08145584071,269.586657357746,281.427728178588,233.237024483208,356.046630555246,262.024048413704,211.74651360048,226.991017005926,280.928423788581,267.104885081571,278.459446865345,300.364879852829,272.098540131058,259.778551661038
1861,1861,18600,0,0,0,0,0,0,0,0,0,0,0,0,0,0,0,0,224.991910798075,260.133343825042,209.493802239216,248.90040129632,287.282578850581,296.084605364254,354.597632594823,290.964367774227,214.654568677222,258.030459887966,121.385218549384,254.04087709908,184.641278938797,318.123007415019,217.249190764995,280.269263457778
1862,1862,18610,0,0,0,0,0,0,0,0,0,0,0,0,0,0,0,0,242.193768132647,222.644356089361,264.243113618666,206.421584772835,260.371446773894,250.379300144113,341.30830160312,213.524973941184,212.177676267028,208.419005819778,234.547054678669,210.663059495282,152.49124029968,249.392913156232,206.002444744133,250.488449271876
1863,1863,18620,0,0,0,0,0,0,0,0,0,0,0,0,0,0,0,0,186.464712655331,163.74895624018,272.037576687439,271.062284895652,301.593271590055,273.632795687121,360.944338201998,320.814063755333,304.752885659592,196.809755758889,227.874256587745,203.197442334686,305.990084845828,266.794396120357,252.496562875757,228.056513416927
1864,1864,18630,0,0,0,0,0,0,0,0,0,0,0,0,0,0,0,0,241.898705839104,213.659859895355,286.45409775361,221.207392960295,221.736188849603,227.57316045573,364.825399793683,306.513856324345,245.478990752013,167.597447313911,246.423755067661,221.132089118923,201.480938532167,206.120777645386,266.454134297231,237.952766893603
1865,1865,18640,0,0,0,0,0,0,0,0,0,0,0,0,0,0,0,0,219.036706431659,191.756030945746,283.749085261993,308.703927059805,238.996288600336,291.6283248199,358.250384201106,197.256980282528,215.939384517632,213.758476278356,253.94323341752,259.209989448824,295.506717535924,244.016926826535,176.392434459711,183.765143346546
1866,1866,18650,0,0,0,0,0,0,0,0,0,0,0,0,0,0,0,0,311.711671272085,276.498607842805,269.558907547362,291.593183261357,225.627885694846,293.536870999343,344.415807900956,286.175216460024,236.021106723762,305.364445281195,292.603349932463,263.606514739755,259.746637519513,263.411930976185,218.55727910422,276.84089915965
1867,1867,18660,0,0,0,0,0,0,0,0,0,0,0,0,0,0,0,0,212.256280523135,299.930258992877,274.529828784072,303.58610445005,226.079731318026,234.559377835289,343.124281434686,260.955265081186,206.700223776935,189.495716542923,265.599751594759,281.494354322027,223.865620067403,326.667713926469,243.476938803327,268.439154199896
1868,1868,18670,0,0,0,0,0,0,0,0,0,0,0,0,0,0,0,0,227.98531322626,229.517432773508,225.715481135697,229.024806881908,220.542019327257,250.872376386198,332.025970198906,288.669690709093,223.916586228104,261.37149170092,253.665661876511,256.521832808253,250.363351726803,289.006511622446,223.282572840145,272.80812343362
1869,1869,18680,0,0,0,0,0,0,0,0,0,0,0,0,0,0,0,0,293.574861341613,215.186568659312,245.977364006451,256.237829030114,218.506790834554,266.76631939287,304.407822571982,306.520639039533,190.371136797021,266.758325753647,267.580183468707,350.315633511911,221.821082974126,332.468805292666,255.842005524096,318.781109172895
1870,1870,18690,0,0,0,0,0,0,0,0,0,0,0,0,0,0,0,0,259.130090031464,284.025676996314,207.573807485299,254.523214339276,297.979555148277,292.328416281583,313.758868742937,271.619671159286,295.022292647807,230.636779851657,267.20394278432,238.93241170877,263.141577139791,252.887589200676,240.648130666149,257.804168540097
1871,1871,18700,0,0,10,0,0,0,0,0,0,0,0,0,0,0,0,0,301.181446908428,317.118716729385,214.685525247179,256.423164875223,227.320837075811,190.605130652884,307.887076696273,247.310572097172,287.428111455246,186.942913014114,198.48718569449,246.725381757819,262.688133960032,288.57141033713,228.965850786776,300.31578618633
1872,1872,18710,0,0,10,0,0,0,0,0,0,0,0,0,0,0,0,0,284.417836118669,308.706422998247,316.081894221849,253.852029555311,244.681541936066,249.551263109517,312.850703375297,249.681998510707,287.778731437272,254.157756662116,228.024350116065,216.603197189606,235.355071204062,225.017562966919,253.959512757044,272.768287941411
1873,1873,18720,0,0,10,0,0,0,0,0,0,0,0,0,0,0,0,0,243.057997174836,332.972669480411,294.382939202313,261.26654675743,315.499042347116,300.648720019441,304.585709366714,336.426471859814,240.17987300562,266.93038264607,265.228563582388,281.65714287884,180.43530551357,222.666845636226,251.63418706905,232.644575256163
1874,1874,18730,0,0,10,0,0,0,0,0,0,0,0,0,0,0,0,0,194.444976481196,200.48974183806,242.252277799744,186.904881838087,298.819757757637,332.920940207938,289.555331196269,287.025715638452,298.538373869258,281.149237799098,254.475164910616,253.210830327965,282.801820483206,270.238700192064,263.675465204578,305.935013159549
1875,1875,18740,0,0,10,0,0,0,0,0,0,0,0,0,0,0,0,0,255.829746625184,250.532527795324,301.946283927519,220.260278246625,260.041670600348,214.677103431171,302.085367306957,230.660506335272,290.20229251026,245.392230633715,209.524084379058,243.022646813402,234.208500875087,272.583675752621,260.851869554589,188.35360398841
1876,1876,18750,0,0,0,0,0,0,0,0,0,0,0,0,0,0,0,0,275.998606743549,228.7214474438,198.489530368941,292.707626545522,229.061993137823,261.056263208099,312.508356374304,146.467699495358,267.797346080559,215.528714589046,250.976618381787,304.215627458121,249.772182737643,258.090156571121,229.939289910672,160.892177550682
1877,1877,18760,0,0,0,0,0,0,0,0,0,0,0,0,0,0,0,0,188.479461257589,290.142474457239,258.975306554321,174.772255494217,293.793999190729,239.649773562643,310.37593059455,257.578468836774,221.323383147601,251.316727247863,250.052586103582,258.867103180456,294.119274537809,230.988559630556,280.512970685641,255.29721691765
1878,1878,18770,0,0,0,0,0,0,0,0,0,0,0,0,0,0,0,0,229.34311185818,285.490731669652,208.457812296158,311.6020930188,278.367903193565,254.526506454266,340.177878527491,217.60046894735,275.601060403506,307.648170649588,250.035049669323,292.386829530933,219.184188210947,259.305647670414,220.913231533203,247.834211912881
1879,1879,18780,0,0,0,0,0,0,0,0,0,0,0,0,0,0,0,0,295.419142554425,256.813494627624,211.449584711764,195.100812950364,263.621082715017,265.680020790305,336.790314729295,262.854353882752,328.975687738869,278.958692948242,257.984366611366,244.877634445646,239.902999093517,207.807759324105,211.31166616556,293.785468667144
1880,1880,18790,0,0,0,0,0,0,0,0,0,0,0,0,0,0,0,0,259.002831847736,260.819403187953,169.56929606704,225.351341924469,212.051733069661,183.093545953271,344.443324518336,257.749628996038,275.228981332783,268.964671954904,266.202121402708,289.679230924912,256.842194794757,292.359498511444,297.596223809663,258.067886772598
1881,1881,18800,0,0,0,0,0,0,0,0,0,0,0,0,0,0,0,0,271.029300948972,309.886848752169,143.869154491176,294.518436528391,195.039303934495,264.512869271663,327.308528018583,253.467121364088,235.275607739278,255.731199364512,245.563453134965,215.646823637528,210.099298417666,279.39162357598,223.9281930029,254.147471045038
1882,1882,18810,0,0,0,0,0,0,0,0,0,0,0,0,0,0,0,0,278.926650813434,214.376344510944,271.562040665814,249.180776479283,218.491668407583,273.123897706263,317.349493483712,199.941446728775,207.225825897308,243.434231226149,318.995855769176,293.566835586533,198.128257135884,251.708083366616,288.92062971208,231.161159877172
1883,1883,18820,0,0,0,0,0,0,0,0,0,0,0,0,0,0,0,0,221.002043257511,203.434468431554,215.546121437942,284.170044313433,210.632963565741,322.676327042283,305.589560136592,196.557850416367,223.390346611516,177.128919898811,281.863965874548,299.310372548442,209.168322277961,248.706836331821,224.319817122156,263.097668127939
1884,1884,18830,0,0,0,0,0,0,0,0,0,0,0,0,0,0,0,0,262.713591386251,217.220005339323,200.529142019395,292.138835818796,211.638007117795,201.947050232146,293.247579912811,307.581424692228,355.10102317184,266.52496178848,252.53091355531,249.518557326954,218.449453647466,255.793924504706,230.975041743581,292.443574369419
1885,1885,18840,0,0,0,0,0,0,0,0,0,0,0,0,0,0,0,0,311.211406038586,229.687218798948,250.956763204355,251.178051796823,283.944712375345,183.230901657383,296.385859493463,287.58533789843,303.304691415219,232.143221087693,195.28916178552,207.855696157365,250.712392813139,343.512195619538,243.513097841141,245.604620686024
1886,1886,18850,0,0,10,0,0,0,0,0,0,0,0,0,0,0,0,0,279.775672004765,242.562316605078,262.109419358879,231.6719575956,260.034767460975,236.346600841964,302.858487941404,237.287684495389,264.986917371016,289.840400888091,226.509654962003,300.475323356927,273.189211024196,253.423104372621,212.616561475787,207.007119949136
1887,1887,18860,0,0,10,0,0,0,0,0,0,0,0,0,0,0,0,0,260.396240429367,242.81193849923,253.808688463143,230.646971929167,183.582636669394,210.943016221032,304.911332808707,349.210516761558,248.352520670473,213.739369049829,241.74724202004,202.228834946172,332.234445671923,267.052708548779,233.736933393388,266.638120576457
1888,1888,18870,0,0,10,0,0,0,0,0,0,0,0,0,0,0,0,0,313.539949326437,243.914199530586,252.926568139644,249.459740643538,216.269616760845,283.334877751097,312.739999448881,244.191304166921,226.606750861534,248.672097182713,235.428967094384,230.81624088295,301.293683323028,202.703586026237,239.069627054755,303.774828227429
1889,1889,18880,0,0,10,0,0,0,0,0,0,0,0,0,0,0,0,0,224.898874507585,164.57737690041,231.88513503599,222.187836385536,178.195184314068,278.408939939623,308.231913784415,274.668026289468,221.679453006352,239.381464156563,349.020669473391,201.120786515042,259.978182076558,310.917031826246,303.360598683123,219.735179491854
1890,1890,18890,0,0,10,0,0,0,0,0,0,0,0,0,0,0,0,0,273.732017336674,305.270326210533,284.618450042438,239.449985164375,294.406106862844,272.723694822807,325.183209208304,273.026450889053,194.122214358327,162.060529932309,296.235532096392,277.410689398125,227.340212085555,197.847638999982,261.881874330947,268.826712085224
1891,1891,18900,0,0,10,0,0,0,0,0,0,0,0,0,0,0,0,0,217.728711818057,236.882018188625,217.987756592814,329.331314775746,262.472567032814,222.016114946698,313.446826805998,226.726607870569,249.944156129402,277.532681338201,249.961878858958,277.543412681009,239.559761224776,247.978396887701,234.011609481768,259.207529877768
1892,1892,18910,0,0,10,0,0,0,0,0,0,0,0,0,0,0,0,0,325.409055849896,258.981178699649,285.040722042669,234.682947340449,265.273978432901,284.728011380353,322.643945056007,212.535201574283,255.451358713413,220.796030292343,240.174302280658,223.686848572878,277.966734886521,248.845299580966,244.741492541385,281.759578670574
1893,1893,18920,0,0,10,0,0,0,0,0,0,0,0,0,0,0,0,0,285.156457431078,302.957084064805,281.912347372317,265.988581628441,295.368929864361,264.643312407044,311.710559330538,304.970671523042,240.69534457107,197.295914712015,275.254545650337,186.540391365807,211.835594687828,300.628547627524,242.143716252337,250.439606949797
1894,1894,18930,0,0,10,0,0,0,0,0,0,0,0,0,0,0,0,0,234.415858093049,204.803997521958,232.071730272561,260.76441341901,245.246796904277,223.43516202194,328.671318378281,275.973994900834,221.925227316371,232.902352593243,254.81222247702,285.686359478712,194.312886129897,291.087502860971,243.45246352027,264.217720487637
1895,1895,18940,0,0,10,0,0,0,0,0,0,0,0,0,0,0,0,0,250.369480699353,265.550112330978,175.848540754566,272.715923708347,256.962828014589,260.10228841264,319.176430663066,254.390262828029,233.273362184443,213.566937709815,285.329013429391,200.512254026287,309.511377800957,232.51295860465,302.164916976139,195.125477857414
1896,1896,18950,0,0,10,0,0,0,0,0,0,0,0,0,0,0,0,0,219.798124555385,217.749976270171,241.870184910812,256.19796844506,311.601998548814,173.623540803988,360.441556008554,228.62089263916,238.206051275563,266.995565588897,229.539838545793,277.460704013146,243.646926791222,264.396605754173,229.069633974898,274.077124759328
1897,1897,18960,0,0,10,0,0,0,0,0,0,0,0,0,0,0,0,0,238.540819617858,259.575088528978,235.380990300225,272.532818324195,246.518978761611,207.192514216498,367.038705134441,212.480976371894,228.549503882232,239.412496321817,278.62940080088,297.895999438141,220.473932404223,300.961374532389,263.922580410249,270.923201100259
1898,1898,18970,0,0,10,0,0,0,0,0,0,0,0,0,0,0,0,0,235.802391277398,264.950870310731,254.611431724788,202.03878658473,246.356531200778,338.487696724546,359.032603098941,277.110865336292,243.692841574247,170.198105610157,283.495865462735,237.342984118838,245.382373091098,269.616062854544,230.620650202228,170.821954571705
1899,1899,18980,0,0,10,0,0,0,0,0,0,0,0,0,0,0,0,0,231.982149962761,275.589007061687,211.006979471351,237.081214586398,265.856962793454,203.778389222316,350.174131649786,238.185856343125,262.368447457313,264.033634393345,171.146048512744,278.646854719858,192.266056739951,228.160412959254,285.60921962273,259.955529551617
1900,1900,18990,0,0,10,0,0,0,0,0,0,0,0,0,0,0,0,0,233.488076739063,235.535751832462,255.607143815375,235.359403032452,276.064324280921,240.032822212158,365.262374778222,224.440080265516,203.76459223191,289.938853883505,250.352013282389,269.847403304081,243.405153499991,256.343006847721,233.845762354336,267.797492940743
1901,1901,19000,0,0,10,0,0,0,0,0,0,0,0,0,0,0,0,0,304.774056385453,254.755321201542,244.730470273893,282.885935288929,270.526187543338,288.051920684196,384.703079760133,235.961540093233,345.396174563125,275.680202224062,255.979729052473,265.9846926565,342.519352175961,227.972536835046,277.952517702414,266.700346115526
1902,1902,19010,0,0,10,0,0,0,0,0,0,0,0,0,0,0,0,0,272.463679501665,301.497394282317,247.599681890364,172.23687966209,249.674338070292,295.002854319928,367.485937871772,281.910805543949,248.615465032095,231.270710775171,263.010221044947,260.34787444778,231.621861518049,233.530964438067,231.646008640965,248.26238120884
1903,1903,19020,0,0,10,0,0,0,0,0,0,0,0,0,0,0,0,0,217.362749770727,278.538845458813,213.835496252651,203.00934410497,270.680873633575,172.549753854495,355.750845292764,263.200324292036,318.059829513747,348.866081466979,266.86012312769,256.659514055706,244.578414695986,210.367326208716,248.410767595194,271.057117919435
1904,1904,19030,0,0,10,0,0,0,0,0,0,0,0,0,0,0,0,0,200.357582540046,304.946866293069,234.008009357945,234.164801374042,234.632351172601,339.817786192801,378.377932538383,236.922719014475,279.802042079685,259.372386654336,264.458514807574,269.445910965627,241.869708460322,248.810190831605,277.934645220066,246.722029029506
1905,1905,19040,0,0,10,0,0,0,0,0,0,0,0,0,0,0,0,0,249.8440237832,281.313154970022,274.730311979659,229.1856628054,254.98696668648,251.729143238999,379.209441552511,216.600715700418,237.539093209691,244.653947847256,260.563260177238,285.23026398554,262.341180269531,258.558843049129,158.368689481875,270.244447543278
1906,1906,19050,0,0,0,0,0,0,0,0,0,0,0,0,0,0,0,0,232.260919148786,263.42477329282,234.089764878805,211.828891396191,252.02482465837,251.027198809391,373.06089730934,276.603928241341,224.192883666393,292.993190702303,170.8954516096,265.732827744256,258.69829906022,256.654852730516,260.300877640801,266.556359909491
1907,1907,19060,0,0,0,0,0,0,0,0,0,0,0,0,0,0,0,0,277.586493283798,242.293220897069,190.170305238984,231.051812804471,293.516376089437,255.037100820904,392.692368943357,253.047003603322,286.816843860242,239.964544766013,235.749750550482,258.186387912205,192.710049896046,227.866152889399,232.43612380897,222.654659350571
1908,1908,19070,0,0,0,0,0,0,0,0,0,0,0,0,0,0,0,0,238.786690803506,227.907383984997,247.058042615883,246.796230894285,252.34850336405,294.348142770291,368.146554030809,299.455832658778,205.992627832818,294.714528103047,243.264233540102,265.817877770195,267.886774094759,217.279877624182,280.261841824666,268.146146026038
1909,1909,19080,0,0,0,0,0,0,0,0,0,0,0,0,0,0,0,0,267.871847530957,279.174438847692,302.96032369387,269.490146417485,230.952422676247,238.779105520584,403.31749991361,163.95020519538,313.756279019344,256.423948550459,204.27326207324,214.125634276353,270.904653489134,241.63928720413,223.359169600301,279.947719521329
1910,1910,19090,0,0,0,0,0,0,0,0,0,0,0,0,0,0,0,0,252.848516879647,309.847927444857,262.935571998659,270.425544007676,217.826419502501,292.181831516435,337.653992064641,239.049798541821,283.284449366849,203.683016444766,273.428755804463,284.806440438667,269.099896386395,311.60083079402,235.704940311161,280.559474355375
1911,1911,19100,0,0,10,0,0,0,0,0,0,0,0,0,0,0,0,0,264.331583329648,229.500382072287,263.941204872572,246.891879270903,228.527331722888,325.397891617916,353.207410373797,303.376020157924,186.492895593759,286.518677607119,274.84907562764,195.683770727362,238.590543411427,224.730563894684,214.861248022728,247.742016599433
1912,1912,19110,0,0,10,0,0,0,0,0,0,0,0,0,0,0,0,0,242.108558009338,273.870376899948,199.363018775053,274.545624766065,292.492718551798,228.461808793073,383.037357378188,228.200556980666,368.869237334562,206.166161687193,227.190739500726,265.745856006912,263.732606452409,207.360219730006,282.589699495939,234.422130539531
1913,1913,19120,0,0,10,0,0,0,0,0,0,0,0,0,0,0,0,0,248.833482010983,195.116880085624,280.221853846021,268.446107467384,303.780229097221,283.810245909788,352.850088008351,229.248663483441,245.126080146933,215.499398669047,238.030841213126,272.679221167787,240.857585121155,287.112911940263,236.138914741284,202.794483225284
1914,1914,19130,0,0,10,0,0,0,0,0,0,0,0,0,0,0,0,0,294.81761632611,222.4264698327,254.841186340306,291.890453867304,315.439432011812,279.340088965599,373.628767425384,249.667049322251,236.571253383638,244.828275934274,213.920798228973,236.924039041322,252.798121041996,276.690993988396,258.919321688888,153.823980395042
1915,1915,19140,0,0,10,0,0,0,0,0,0,0,0,0,0,0,0,0,167.126015648842,270.478350197764,285.639582924282,288.775872966629,256.382607999454,225.355237116102,358.645239867323,251.341250367509,272.64615947688,219.988287531772,268.654122476178,278.894560666802,201.667729175135,226.478823110839,193.613953939611,280.898343787917
1916,1916,19150,0,0,0,0,0,0,0,0,0,0,0,0,0,0,0,0,276.600637201323,264.142254556487,269.211438108739,266.433630996433,277.441038168099,213.595079435762,361.56572193412,255.098223834902,291.929000698249,212.483602277371,207.741159160924,234.983314786397,257.348596664037,276.143457172396,260.299129101347,288.303197678753
1917,1917,19160,0,0,0,0,0,0,0,0,0,0,0,0,0,0,0,0,311.520128098141,282.576441330606,265.290515791502,258.111694147649,260.747100016325,280.068754213749,366.793423445353,129.475495854419,298.005823194604,341.88930324658,171.994202099538,294.666531209643,213.953769054498,249.105935398443,285.179631928893,225.246529269552
1918,1918,19170,0,0,0,0,0,0,0,0,0,0,0,0,0,0,0,0,264.906424664274,269.941111512374,223.070779764178,175.942496545494,265.830937123366,236.047197453988,362.484435472817,233.766757767235,242.267365212654,297.828432427673,245.139447699832,216.583529718164,293.047946842236,248.919207971923,244.268107750872,273.649954033983
1919,1919,19180,0,0,0,0,0,0,0,0,0,0,0,0,0,0,0,0,186.146016971036,236.027078566932,217.328943083076,259.761739185895,261.140810634729,279.795631643468,346.178045064092,175.882137806798,210.579625762024,274.342677355064,197.291833005673,288.753957411169,259.317170324462,319.528771448984,193.102936956195,199.572488328824
1920,1920,19190,0,0,0,0,0,0,0,0,0,0,0,0,0,0,0,0,242.209331376907,274.234806257204,268.802857180534,209.747215730661,255.595228709385,262.385506663905,359.32920605888,201.450439511137,256.188357924031,223.018226963457,253.178695138146,281.704815006003,215.98910068063,236.853872049259,213.717944437123,210.502972602076
1921,1921,19200,0,0,10,0,0,0,0,0,0,0,0,0,0,0,0,0,259.431364167741,313.649456156451,209.745554319102,248.147347139823,328.545866853709,233.877798238634,334.644117617811,212.042077766766,175.620015170806,247.365607583462,290.61280443382,258.540963440859,263.794317725289,217.279416148841,288.040004047953,243.202869325643
1922,1922,19210,0,0,10,0,0,0,0,0,0,0,0,0,0,0,0,0,197.669932973785,262.969420204226,247.441251376091,217.7394375721,205.399996260778,229.620786610372,346.517196382022,204.493543520654,225.145379444799,214.600937259886,277.192037118854,244.456413709301,274.774312574046,265.250756691302,175.826188782041,213.533722079603
1923,1923,19220,0,0,10,0,0,0,0,0,0,0,0,0,0,0,0,0,270.543635269791,277.261205735673,230.778480639049,218.328883213876,253.323342620755,281.579384820912,353.876036041746,199.014504871102,248.506681308783,376.212964381777,275.79779796672,232.826386562937,174.745791283448,302.663527744234,213.263508087486,257.910411513763
1924,1924,19230,0,0,10,0,0,0,0,0,0,0,0,0,0,0,0,0,311.900078625378,201.532017662481,186.194880897031,276.649621518831,268.09653029924,224.523845219696,334.266287462107,209.457919708351,273.224864726608,256.281790279771,246.65659918608,253.496381920695,229.813011644803,208.817841269317,255.707323870559,245.609202834049
1925,1925,19240,0,0,10,0,0,0,0,0,0,0,0,0,0,0,0,0,283.872416368773,277.872037478833,287.524160506788,312.688313447009,227.69657507943,186.181915680619,345.128923395797,261.522856793596,236.80684494902,272.976232299678,266.280356621781,215.523989540697,159.248269533743,248.843062262623,237.067858785514,223.13177377826
1926,1926,19250,0,0,10,0,0,0,0,0,0,0,0,0,0,0,0,0,242.510545526024,199.429813833248,233.8136071758,275.064740137029,194.905224817272,242.205656183816,345.226011438655,231.220402712916,257.172822204396,243.825660213744,213.227493051373,313.489055213563,236.707777715068,245.049814360517,286.007042217081,192.163971248355
1927,1927,19260,0,0,10,0,0,0,0,0,0,0,0,0,0,0,0,0,259.049228758737,211.260771330896,299.172260788069,213.643831663529,219.065915910359,183.309635245819,371.048844057334,258.522884288858,223.687779488001,265.899598192975,322.512227300341,187.278761844056,250.308800450886,223.558135823922,258.159311655848,222.434933669395
1928,1928,19270,0,0,10,0,0,0,0,0,0,0,0,0,0,0,0,0,231.319557299124,243.078325457241,244.018637540771,214.126278641436,249.204078609564,236.985723993103,360.435558695419,235.307418802521,233.360905643999,212.057972457533,272.361009376905,285.3920252593,254.577193328168,266.266803186646,281.000759802158,257.79157331689
1929,1929,19280,0,0,10,0,0,0,0,0,0,0,0,0,0,0,0,0,272.13390091231,228.573480625379,212.577974898824,156.645555391653,202.186368835248,212.50511194768,362.368332678859,223.502067973301,218.093586819132,303.274858841249,259.197731064429,235.633384523278,252.197822020407,285.166804188225,213.033991036588,225.225781511733
1930,1930,19290,0,0,10,0,0,0,0,0,0,0,0,0,0,0,0,0,275.473567208111,292.521020366173,242.61072721968,213.802748617273,216.862017448067,194.762222960638,366.904028937103,212.523750652308,271.032269444165,248.622407754652,258.226950007783,276.134394150723,249.001633579605,218.350227811429,229.543585729668,296.694822801802
1931,1931,19300,0,0,10,0,0,0,0,0,0,0,0,0,0,0,0,0,220.309499970828,289.129225110542,250.08539747435,177.296814355271,232.14628833634,220.486909587085,372.14481036728,278.570232494515,258.024706196265,269.428143274405,242.062800911681,233.960139559746,302.326809734845,198.713273263888,273.242449544755,269.612894619891
1932,1932,19310,0,0,10,0,0,0,0,0,0,0,0,0,0,0,0,0,224.181094132434,225.912470066497,234.758378339109,286.760058661733,259.388948143594,241.718814565003,359.923167295647,363.339188843964,259.213529750395,191.342999453517,252.438202387339,224.538394250635,264.682795875627,252.887294417542,298.218441071944,320.698589370311
1933,1933,19320,0,0,10,0,0,0,0,0,0,0,0,0,0,0,0,0,284.881310029464,281.371531488626,228.716944209787,216.618598262386,240.300297424348,197.856392369596,393.347687151648,216.419831171448,244.501906645058,262.837165048718,316.815307392955,219.206674091875,274.363184357657,203.689590563214,221.464596241282,204.188150687198
1934,1934,19330,0,0,10,0,0,0,0,0,0,0,0,0,0,0,0,0,253.935237970322,180.176499975679,242.32599497839,279.064241804644,284.685535109098,229.475868384085,372.664655160891,106.825639945228,236.479852330243,230.94746611686,212.953756877985,297.013148837039,201.303198000071,250.559671004181,145.503709940954,315.438612269963
1935,1935,19340,0,0,10,0,0,0,0,0,0,0,0,0,0,0,0,0,218.557246098635,245.170860367026,227.886972060291,243.34709417636,237.261966782878,233.479363252886,388.255567853563,253.955438084492,188.815411265025,228.072577304626,246.839308380179,217.285864839318,294.886753001538,275.272063139188,208.506012777762,270.222120402707
1936,1936,19350,0,0,0,0,0,0,0,0,0,0,0,0,0,0,0,0,243.899497734184,215.984121469864,231.051696039357,175.208750588935,260.973516932428,269.15604996384,383.490055164832,269.178925568387,236.380880439732,208.744071722661,221.30229917765,263.666477928622,231.02493342442,213.865582019667,216.783962575214,229.452271888952
1937,1937,19360,0,0,0,0,0,0,0,0,0,0,0,0,0,0,0,0,295.509732678939,254.201421537342,256.795665936224,221.587121165038,263.551854559233,199.943865690388,371.863893319277,243.196919676441,302.627372585266,259.70608290255,211.17355683467,251.174273105731,179.812813504663,187.302495047237,287.408996067091,307.749079881221
1938,1938,19370,0,0,0,0,0,0,0,0,0,0,0,0,0,0,0,0,194.938053910476,216.194580224347,283.880995882407,263.222424280705,251.064123281041,272.54445039817,393.984589112786,228.197129991276,248.304614911324,233.261677672236,242.460757898103,274.436455605707,241.890774121191,268.062742374255,229.334120082598,251.980111390995
1939,1939,19380,0,0,0,0,0,0,0,0,0,0,0,0,0,0,0,0,287.623882992228,241.422695723307,333.965563458659,215.504794627404,268.725352791155,216.669047277233,385.447148663567,204.691817926732,253.860595349058,260.625398690538,269.307311867315,265.93744047584,251.489641963943,216.147706086305,270.041991325523,252.361379966341
1940,1940,19390,0,0,0,0,0,0,0,0,0,0,0,0,0,0,0,0,281.837043331923,169.387804174996,269.728655479997,208.212570576656,233.633344154491,182.613804324268,398.438001258225,260.454741080772,251.38866453038,230.792249231477,212.537638522916,220.695318099841,258.468130696164,283.488505259078,218.20728857403,267.666240649473
1941,1941,19400,0,0,10,0,0,0,0,0,0,0,0,0,0,0,0,0,203.846348199599,274.680589631188,221.802662722456,263.624985806488,224.366232164975,205.139351122551,345.017721439399,249.566330419403,268.908980539951,287.198167938794,304.613131778139,320.758957708728,281.887899326244,274.789512996611,215.898192860623,226.792309966291
1942,1942,19410,0,0,10,0,0,0,0,0,0,0,0,0,0,0,0,0,268.756149874365,217.759861048994,272.959630796394,237.831695641995,288.549058550837,220.283898742239,383.123196481068,295.415852525327,271.650812751315,259.373771245932,263.098683301698,253.163949163087,313.12893814453,266.243605126685,259.223883048435,259.333088385363
1943,1943,19420,0,0,10,0,0,0,0,0,0,0,0,0,0,0,0,0,229.236085815972,262.3278250375,174.420667670855,238.012094750116,253.138790344169,293.066238133493,385.40409435389,227.608657410352,229.266454289853,244.381196082403,273.309987220574,274.838270972655,293.048410894654,298.112787524192,208.720441030287,243.230021867795
1944,1944,19430,0,0,10,0,0,0,0,0,0,0,0,0,0,0,0,0,287.329193579075,310.179674186093,253.154851185394,200.85573435936,242.415696232582,248.085754641207,362.54621126727,228.056465013159,215.8821767059,274.322910714048,262.177646858001,226.932787022587,284.070236297373,147.346461365482,213.434748630195,252.411292517598
1945,1945,19440,0,0,10,0,0,0,0,0,0,0,0,0,0,0,0,0,211.234106385374,255.148103142358,266.128540744607,289.332218989398,268.59895708967,316.687743638302,357.783995140803,249.362514774369,214.899684288992,261.185498465061,253.691058828919,209.282775368627,245.04755524408,251.698914243318,180.887521964057,205.245795971735
1946,1946,19450,0,0,0,0,0,0,0,0,0,0,0,0,0,0,0,0,265.027906782784,276.096155687176,295.565064965566,191.813205161386,271.59395620342,200.819095134489,350.501086349371,253.414702556222,265.038321540958,290.491696715878,257.26471500535,246.710869968527,284.21253573871,273.782639676312,230.028809964768,290.907669820097
1947,1947,19460,0,0,0,0,0,0,0,0,0,0,0,0,0,0,0,0,207.381761403327,146.358811371014,326.938855584449,218.167303128637,255.357402721866,262.14295641168,360.158064708406,277.845575396343,299.990501180114,223.956703096113,274.434691201948,225.680890772505,210.44991505789,222.193101306839,180.422764936609,271.645824561943
1948,1948,19470,0,0,0,0,0,0,0,0,0,0,0,0,0,0,0,0,256.635590254373,221.797608527396,213.492893675466,298.904783228719,274.999772602679,176.274007046158,373.86320373261,251.617859333454,195.73905110547,273.799210622621,299.975330212132,214.446650790262,263.332355411286,236.14522480422,231.078981659523,248.967519918709
1949,1949,19480,0,0,0,0,0,0,0,0,0,0,0,0,0,0,0,0,245.973943366364,196.256932031326,323.242206803366,296.89920524861,190.732675880826,254.281855585522,367.780925878609,281.504952488228,170.509145757897,249.606863636156,346.807425110978,239.304375254169,293.058405702668,252.818040481649,296.212210867413,203.371012234615
1950,1950,19490,0,0,0,0,0,0,0,0,0,0,0,0,0,0,0,0,288.586068966876,361.883400892984,177.798670440788,249.702481727955,273.30180651953,238.23679396905,352.797522065821,239.196450147481,305.097110561806,247.090281876916,293.622116257267,228.0189967111,250.271500808607,250.871676787725,245.068404181699,309.255106005976
1951,1951,19500,0,0,10,0,0,0,0,0,0,0,0,0,0,0,0,0,252.350510595773,245.321069654258,244.660155651718,277.068437807094,252.947508871026,211.46998031519,358.165934208666,243.782667658271,227.918619608415,208.306842162239,297.270100070203,206.509158591838,214.97126913015,204.007770078058,316.141030036652,251.217817359998
1952,1952,19510,0,0,10,0,0,0,0,0,0,0,0,0,0,0,0,0,263.354357372888,213.916322086188,235.552809635762,201.237989217378,250.152557950865,235.926000049486,354.082691757949,268.034561792281,287.802392766513,237.907981840359,273.801878563174,243.624058971351,245.501330940023,243.213221884866,272.998291678531,230.248295296635
1953,1953,19520,0,0,10,0,0,0,0,0,0,0,0,0,0,0,0,0,190.570146100691,232.165702611936,260.992608858976,280.802980959318,285.582315353168,217.310227578115,321.015259273639,224.15802080385,269.849857504525,222.416359907177,270.998151739628,243.318523042562,284.377371491473,248.850816927327,267.523382956799,269.276567946942
1954,1954,19530,0,0,10,0,0,0,0,0,0,0,0,0,0,0,0,0,239.36777391229,255.563669041135,240.857218832017,278.790557374383,268.196981764653,257.7912804906,337.325653601852,214.423425989394,299.268946706828,229.787494399208,257.196804148928,265.509864066329,247.889852820617,261.13156648576,183.938497072226,296.859858365653
1955,1955,19540,0,0,10,0,0,0,0,0,0,0,0,0,0,0,0,0,317.291705052254,214.041146419925,289.560083712467,244.703129336593,192.443671497517,268.122358265153,339.124890502748,246.293505502244,254.59740118391,272.843872631472,191.953532894876,291.543147506913,201.711477037737,238.198683435121,215.746320257471,241.936809651563
1956,1956,19550,0,0,0,0,0,0,0,0,0,0,0,0,0,0,0,0,268.924508718749,216.248522463828,193.548558472028,310.661431194011,186.887076477542,271.345736042838,352.034544571342,292.802406381173,214.355448121085,202.891335092833,246.369404525228,202.292317323598,253.597223589435,240.441311889214,268.146719006998,235.945207944083
1957,1957,19560,0,0,0,0,0,0,0,0,0,0,0,0,0,0,0,0,272.991914913235,281.552819155063,282.500172039875,244.011878138531,283.180649894275,243.008309377762,352.629522671798,207.140671124641,267.160399520464,255.419125884202,287.099467122865,279.404720736085,286.177735917494,284.354190990914,260.028873902673,237.226973323912
1958,1958,19570,0,0,0,0,0,0,0,0,0,0,0,0,0,0,0,0,244.011870111806,239.340267405195,349.031265925041,214.251660674926,303.579888019087,286.325569612241,330.123224191911,303.5982489061,278.85091019656,270.494651981779,297.134158228851,261.765959363629,187.82745979693,305.355901630451,245.010770016041,236.655429316314
1959,1959,19580,0,0,0,0,0,0,0,0,0,0,0,0,0,0,0,0,269.621416937405,309.79458946941,315.352985544797,266.956172444497,189.602999664804,214.468547444964,340.041616206563,260.207956291718,255.360868138529,255.759262789762,178.665957213501,255.365179719878,289.52408275967,215.020275697644,230.873973675332,261.6807460354
1960,1960,19590,0,0,0,0,0,0,0,0,0,0,0,0,0,0,0,0,200.006641219776,240.286921625958,250.534861133851,258.043390979997,226.037381640143,282.376406532802,350.548612135513,264.64709398733,226.638211680365,299.458955783619,248.498248436922,223.368813668862,262.846113269748,307.767376909873,193.28772370733,243.505368615633
1961,1961,19600,0,0,0,0,0,0,0,0,0,0,0,0,0,0,0,0,215.356018937701,246.1727165976,214.088665589095,238.084553349259,251.143016972686,257.375461091716,347.397595120528,257.465386452313,260.096374267178,265.575915657335,248.106564337161,203.778197900498,284.793502220261,220.618883552206,252.688819844302,204.046210692387
1962,1962,19610,0,0,0,0,0,0,0,0,0,0,0,0,0,0,0,0,288.674618188953,328.468636051513,293.278132738304,306.934696237868,237.393685423356,216.400724416602,313.46551836566,255.153492181504,298.89397871331,200.629558067537,303.619148311688,202.194359211079,177.083157268965,242.63291041039,240.225256912731,258.175572209193
1963,1963,19620,0,0,0,0,0,0,0,0,0,0,0,0,0,0,0,0,266.437364329032,177.599058230757,202.411111344876,226.091815284926,264.175299276526,254.366958155802,311.29522273855,322.543947972681,185.477484092263,237.217881962704,299.633255188767,199.426764392798,246.627793031358,243.982174555694,262.819218581255,307.093130975123
1964,1964,19630,0,0,0,0,0,0,0,0,0,0,0,0,0,0,0,0,272.951327527024,200.830312095109,266.146943977854,228.158672412878,216.281219855724,240.35724552071,273.45790580763,286.400146226351,278.776499006039,293.432168033144,242.457254331868,267.650699207592,204.529051022597,201.193663425341,275.36684924572,228.785436809548
1965,1965,19640,0,0,0,0,0,0,0,0,0,0,0,0,0,0,0,0,246.015875108902,235.053987646521,324.039221009603,228.796714469981,256.198896849114,233.85955463459,304.55310779634,276.529993077111,235.3074127608,280.003946396865,273.353242945901,306.077598529181,251.937653118766,176.182406842073,272.726243527346,234.032791599709
1966,1966,19650,0,0,0,0,0,0,0,0,0,0,0,0,0,0,0,0,326.413820518323,242.48298527444,338.698478514679,174.292339157963,243.530065458718,271.613122368204,314.773120416462,214.216492505035,256.006928535741,319.838228881786,230.963430515713,238.081504666301,209.603496141909,221.898578711712,265.548896145836,193.172491764149
1967,1967,19660,0,0,0,0,0,0,0,0,0,0,0,0,0,0,0,0,268.641303247158,232.027055443532,288.832437398116,274.411412275641,215.321438699792,237.384142266695,298.050039881518,263.712239294766,195.745306714762,223.283202492184,327.122332958412,215.015759952449,314.784627326972,270.118500525581,274.552510179528,248.443415745644
1968,1968,19670,0,0,0,0,0,0,0,0,0,0,0,0,0,0,0,0,273.456421703007,261.194642746046,246.014642050683,255.625890523745,181.054821137292,244.492776513291,292.145473306161,190.14924285557,272.001888183394,284.963803238518,245.163667041814,188.328940122198,186.85698690089,213.673066120314,200.873693345861,253.591137235555
1969,1969,19680,0,0,0,0,0,0,0,0,0,0,0,0,0,0,0,0,195.384936859734,253.573875312416,207.295762328829,163.842122153058,200.074462672121,249.098198720712,315.297503337992,321.825746244266,259.544307532049,231.83103228088,308.500168492061,249.315194779159,274.678882187266,273.957196664509,243.819299753287,270.915161726076
1970,1970,19690,0,0,0,0,0,0,0,0,0,0,0,0,0,0,0,0,262.08908840849,250.337117365002,230.014055489215,246.172877722235,273.36159307924,241.93095551397,258.630218296942,217.62171986906,313.819742146445,279.267432450341,226.783464788316,261.899041451066,251.233760912219,260.925670310474,179.59292715075,357.20131804413
1971,1971,19700,0,0,10,0,0,0,0,0,0,0,0,0,0,0,0,0,285.437240154889,275.756722116633,258.516475828276,289.004521754303,265.9122763637,228.764396667852,300.780823956234,322.699039648626,257.998162875156,259.120716610911,236.425001996614,279.954560403122,217.555908651863,232.312593093768,231.980059006689,265.46448431922
1972,1972,19710,0,0,10,0,0,0,0,0,0,0,0,0,0,0,0,0,295.721189898596,160.472292200043,255.798339624824,263.792379167999,290.483897164126,243.227515316105,278.546131688902,197.393144724576,220.771897192267,174.807460625676,314.806676352269,222.080012358733,221.792248449686,254.298432226533,272.161327307957,234.20794306696
1973,1973,19720,0,0,10,0,0,0,0,0,0,0,0,0,0,0,0,0,225.192472063363,237.288396732922,262.121473542031,271.193145437141,245.658353660595,277.067245206045,269.871765866572,264.280990662363,245.896065516076,241.444483739024,291.177972201596,224.390221996142,269.523049316658,237.22315381093,302.359248475851,241.734996830133
1974,1974,19730,0,0,10,0,0,0,0,0,0,0,0,0,0,0,0,0,296.514066726212,231.642500293314,226.025695081397,289.784500688994,337.151573557647,182.184979311827,293.428294647373,223.28203273507,200.39712485147,311.872694624083,301.049530829365,255.10501168564,265.773839412169,306.661008778692,273.003107539619,215.820716888287
1975,1975,19740,0,0,10,0,0,0,0,0,0,0,0,0,0,0,0,0,293.183923535613,208.368184868425,236.443335329129,271.351971958955,212.132991094783,225.13251768023,294.895819620127,222.137561342135,267.02472661871,191.390157201184,253.559582857052,238.412152211147,312.271373113606,305.854208618065,219.484169245353,274.482960726996
1976,1976,19750,0,0,0,0,0,0,0,0,0,0,0,0,0,0,0,0,265.961732168003,277.285243001163,212.361199490184,259.188613798849,315.456275416593,282.626567730675,297.034168252386,255.923470011568,255.06478691675,241.838964364752,192.462965146243,239.39214470888,251.174342854849,245.772712006219,248.783509444113,266.858467521564
1977,1977,19760,0,0,0,0,0,0,0,0,0,0,0,0,0,0,0,0,174.494545833047,218.677219723097,286.836858929372,257.483670415899,258.948707384199,251.124695454417,313.138555862833,192.158638026422,177.678671927434,227.611067676986,208.715022847932,253.895512635165,227.081456182716,288.878414873284,202.944596047796,201.153006164198
1978,1978,19770,0,0,0,0,0,0,0,0,0,0,0,0,0,0,0,0,252.437548258518,212.067590511934,269.353108800382,238.467647657759,209.362049420707,277.528603386601,323.558026169683,295.209930794156,216.990359558708,273.158303059132,249.313458286648,296.830026829869,273.860130435862,223.833383707401,214.773633943193,256.507337747672
1979,1979,19780,0,0,0,0,0,0,0,0,0,0,0,0,0,0,0,0,251.844027491709,189.225283421744,236.312112385757,217.11063037322,218.5652492621,317.136577171702,308.822324307563,210.762949307237,272.521856197817,261.019229582905,199.314949058282,273.603478117641,213.92059259392,241.139272468513,272.282762727528,243.671550017423
1980,1980,19790,0,0,0,0,0,0,0,0,0,0,0,0,0,0,0,0,221.027582744463,261.20038668651,284.036387945635,285.66136716316,247.891339510397,269.130261464416,293.854322098138,182.179869434352,238.550487572017,261.242817511802,199.06494017668,254.556040463658,262.549217581737,275.535908590233,180.377349794513,161.923887986784
1981,1981,19800,0,0,0,0,0,0,0,0,0,0,0,0,0,0,0,0,251.253619626128,289.838269988627,239.703118995748,220.643013911193,258.094661423839,285.427532012191,342.96674643293,213.626918494498,270.529944213851,277.524842048631,293.589247992045,255.094141134718,253.245468946424,221.902834106181,279.180215060406,212.470209856174
1982,1982,19810,0,0,0,0,0,0,0,0,0,0,0,0,0,0,0,0,217.403996084158,246.530480396132,298.153120023759,270.417196826755,237.907406695549,226.887506213505,305.461732071084,253.568457577331,281.011284796652,283.046125246177,340.563699044041,253.722596905714,303.621815349607,285.262397127123,261.684175789141,252.03506332631
1983,1983,19820,0,0,0,0,0,0,0,0,0,0,0,0,0,0,0,0,209.320744097217,275.355951516255,267.579886586317,239.484035263859,240.533517086414,283.744183289516,299.825523088467,297.847026001689,267.228113193423,354.67464394209,265.788935437018,271.371380334894,222.782928672404,296.750497663793,256.025833867935,232.536725971818
1984,1984,19830,0,0,0,0,0,0,0,0,0,0,0,0,0,0,0,0,253.18720470954,245.267404656677,253.671408174124,260.768445616572,272.990660607182,186.055500853871,312.844857181968,266.39025365651,201.770590246575,266.187882858449,218.452138349952,266.202440470678,330.897019493487,344.307914887982,232.655198079052,260.212855579247
1985,1985,19840,0,0,0,0,0,0,0,0,0,0,0,0,0,0,0,0,262.598510362204,326.418882567477,161.133870921821,277.856163817794,216.011504908061,243.37162548217,280.79612047097,254.959697949836,296.19502697055,205.263978240913,221.345748194009,247.178531410238,261.821812851134,197.271811892566,278.282437424155,236.85825904816
1986,1986,19850,0,0,10,0,0,0,0,0,0,0,0,0,0,0,0,0,216.789573794857,197.463837897862,241.742029697172,225.357740387659,277.685503303344,247.227186851526,297.449045424368,230.151502003909,261.55004700849,204.635561943226,133.720619431509,301.314188983019,214.479109926742,247.652460806228,302.105225159054,251.508207406807
1987,1987,19860,0,0,10,0,0,0,0,0,0,0,0,0,0,0,0,0,177.285075466139,208.350550021242,186.7408898574,245.45055427511,199.788402309674,234.603080538688,293.224769721925,247.338885613028,254.869543045498,189.094971101171,219.585730045323,304.522862398925,267.27348806741,288.10970486722,192.959716219835,274.97260095985
1988,1988,19870,0,0,10,0,0,0,0,0,0,0,0,0,0,0,0,0,243.510388172913,287.298938144345,266.861654054132,235.230215189652,252.06793787669,266.043898624153,282.347042048215,284.449888429278,283.68691415932,199.310026625581,262.958607452209,266.891130579635,223.487023331335,185.470275040583,288.656374185036,289.363763133063
1989,1989,19880,0,0,10,0,0,0,0,0,0,0,0,0,0,0,0,0,283.404845937563,218.508481566443,249.739249313326,272.178482768993,279.596177814747,188.66892572757,299.464118731522,221.773573881914,262.594596672637,222.992808579974,242.91563299611,225.706846020889,247.637329855371,262.355212024097,280.462342364897,227.358880206927
1990,1990,19890,0,0,10,0,0,0,0,0,0,0,0,0,0,0,0,0,199.338214158596,223.830007025006,217.26671902457,250.91938217894,229.042293848173,311.37955465278,295.063280316616,295.503873876187,266.635063781008,236.373294451068,216.032661476298,234.088793035501,300.636193551442,272.808676238808,286.899347698607,330.292051216662
1991,1991,19900,0,0,0,0,0,0,0,0,0,0,0,0,0,0,0,0,223.074700909914,233.465047437957,211.365561846379,248.542427048733,242.802166380562,311.536146249469,296.243286526585,215.864676561844,335.497439568645,251.346036111715,203.820405352989,280.619113861313,239.91051013371,273.454143617197,249.116002659317,249.243948589715
1992,1992,19910,0,0,0,0,0,0,0,0,0,0,0,0,0,0,0,0,230.561672874666,259.665195144658,257.287978421302,251.952113623189,239.888679273923,254.698791738963,330.322166496672,277.572285240446,215.894548559186,210.193165123513,228.190315480248,245.507910902322,242.766625450202,198.549541611638,231.236876441014,225.895381723402
1993,1993,19920,0,0,0,0,0,0,0,0,0,0,0,0,0,0,0,0,268.328883973119,266.86715206092,204.148508429257,244.747592292013,235.32803496442,322.027750662944,311.041838421311,187.732113056208,285.541895301682,139.524533029581,249.563233030744,260.859495893444,172.442828864368,185.926661550011,286.543417877793,245.71164559835
1994,1994,19930,0,0,0,0,0,0,0,0,0,0,0,0,0,0,0,0,212.055747906526,251.627790402752,248.68683145421,195.680642032237,266.464276080549,234.649044333121,301.718723415015,270.748521641512,252.945933409959,261.020682750078,286.037259807813,312.407141390134,273.599013492428,304.205669702285,272.826599539179,206.329073540612
1995,1995,19940,0,0,0,0,0,0,0,0,0,0,0,0,0,0,0,0,220.447861861735,286.308718395374,289.800605872693,245.40311916717,238.529387249993,217.934431448348,301.9728048048,231.095829030899,306.328936690736,208.139775804025,191.843989250026,252.352492334147,307.573490815752,235.758088326432,239.239276552286,336.156683492318
1996,1996,19950,0,0,0,0,0,0,0,0,0,0,0,0,0,0,0,0,219.514156685725,250.041077939527,245.237195208088,209.579129303169,262.668943459311,324.879220644168,323.433191158489,257.170726989543,249.404351323566,281.28024136494,192.719621996388,228.139478247314,229.682994466312,317.48304461276,205.708486486415,271.7845753916
1997,1997,19960,0,0,0,0,0,0,0,0,0,0,0,0,0,0,0,0,200.508178626991,224.04353197777,293.474180752025,335.150697156826,198.280619400953,201.141157344922,319.792637841538,315.847243494164,264.371292446713,204.583260844003,297.645881860374,306.904984209252,255.512895629957,307.78507334724,281.058432032525,213.92717860817
1998,1998,19970,0,0,0,0,0,0,0,0,0,0,0,0,0,0,0,0,236.652435493434,226.603630753483,255.295398842616,270.959847970549,177.593553406455,202.858120880667,282.1102328717,137.836796508854,161.211325876437,234.883210530003,226.857653163649,232.435292532771,267.062601402279,237.648362469756,228.63211367863,245.658683605007
1999,1999,19980,0,0,0,0,0,0,0,0,0,0,0,0,0,0,0,0,263.130834138062,249.72910497517,272.438885914235,251.500256027295,212.623156576547,271.220082090411,304.825494840652,331.188510140075,204.11968624779,281.467187502963,292.251184239034,260.918070663587,184.136414206869,280.313703629778,257.55677491046,231.056212198981
2000,2000,19990,0,0,0,0,0,0,0,0,0,0,0,0,0,0,0,0,260.624114237801,249.297629124476,236.57548917166,290.215491952102,213.526146073967,224.659536310412,287.407403155147,292.925877610155,286.175119340292,269.931241789616,271.95353282414,261.868386888132,280.15220915397,228.59458570514,251.276807135962,283.647624742727
2001,2001,20000,0,0,0,0,0,0,0,0,0,0,0,0,0,0,0,0,211.863910091108,251.563023235944,213.078508341767,258.117556584875,244.217433425979,245.263398995956,266.08017354246,223.099438107799,288.337231042681,259.784945083662,237.078458452661,235.915992471417,268.31733357026,308.138838646439,285.149429638918,241.742680367916
2002,2002,20010,0,0,0,0,0,0,0,0,0,0,0,0,0,0,0,0,252.316935297344,260.263793840495,240.766768239479,240.03342253484,243.374911465493,321.892336246312,288.54557091143,247.166700099269,204.68054707331,209.761003248025,237.623041660308,214.564523196078,288.633675736945,248.273943417866,234.316301034743,229.626794011329
2003,2003,20020,0,0,0,0,0,0,0,0,0,0,0,0,0,0,0,0,237.71451072181,213.538938200021,265.176941360614,276.650427815824,260.968984064373,240.75647311976,306.677098506117,275.585547936859,226.388275528184,234.91416486801,237.280091470315,248.797869105146,280.461132931004,202.895388754325,303.420891188378,319.877925969603
2004,2004,20030,0,0,0,0,0,0,0,0,0,0,0,0,0,0,0,0,214.681368089959,211.29594973628,211.6592626897,303.996149678057,228.146737494985,240.685607496292,297.401302656108,244.490053763154,295.951559931669,288.213426942129,196.098527852662,263.804893925128,314.200534021188,242.787161229042,258.138846372914,215.563739702021
2005,2005,20040,0,0,0,0,0,0,0,0,0,0,0,0,0,0,0,0,285.143115455698,223.471480245605,292.887830700957,279.972776941905,251.713102146113,282.579958016534,285.453165525221,292.888020176935,292.735167118959,255.514572760724,254.000257735972,276.507926177646,187.434898893142,315.670982156142,276.635904634125,180.260173994192
2006,2006,20050,0,0,0,0,0,0,0,0,0,0,0,0,0,0,0,0,246.871778522045,203.276472775764,283.252857155729,245.256473035818,242.646787897105,250.714179521071,265.350836619658,224.495994524979,225.600088290624,229.347737871479,289.826826312841,252.477006260518,296.734810326268,281.586605327757,296.19389703062,296.652259189323
2007,2007,20060,0,0,0,0,0,0,0,0,0,0,0,0,0,0,0,0,225.933288093251,277.647537490386,253.93907233004,248.087432656096,150.425018353253,219.148582992969,250.527288658222,279.116542961303,233.379204663099,267.05430092875,258.230774299353,263.69237356639,252.932354330498,286.471483948453,221.554812139179,281.264917221782
2008,2008,20070,0,0,0,0,0,0,0,0,0,0,0,0,0,0,0,0,185.678420724223,250.553158212074,243.703012545323,264.294336261787,254.939804095648,307.5070017573,264.62630826283,316.646213979848,244.127768966209,336.004090248785,301.726835138579,277.801223953424,213.181603096328,201.482522415991,237.791192046366,254.19839693184
2009,2009,20080,0,0,0,0,0,0,0,0,0,0,0,0,0,0,0,0,245.548947579721,233.548431885601,215.664085987573,255.102232131231,232.163908086821,279.070154526263,264.991253102035,194.258095535175,261.023215897089,198.147627382085,201.460425171118,217.810915081044,223.7722698891,314.092023181813,232.795875110525,310.923014566486
2010,2010,20090,0,0,0,0,0,0,0,0,0,0,0,0,0,0,0,0,250.648071555253,285.242544811754,208.605927296756,237.330734570139,294.847603023467,175.185767647475,275.90243445747,259.5522181504,295.13869305965,314.85156438851,254.475640815191,309.91421683148,220.981674464742,197.209501603988,279.880292380202,231.277144403011
2011,2011,20100,0,0,10,0,0,0,0,0,0,0,0,0,0,0,0,0,247.411544116838,246.880135220894,235.274182751652,260.561310265238,209.536339078536,262.48955358231,272.613582963384,305.775060201109,255.088212772298,353.450898095392,196.391307313382,217.42490951743,226.2302483518,257.444847130059,231.767334991881,299.684114341175
2012,2012,20110,0,0,10,0,0,0,0,0,0,0,0,0,0,0,0,0,207.96978969296,294.732827769548,233.692061286228,251.265377197431,201.729005398654,265.866025751957,245.832149248175,133.502955387345,320.541421171025,273.354670525789,194.06706484805,272.846845815641,225.61996013963,245.759012321165,237.979810336754,288.005854197322
2013,2013,20120,0,0,10,0,0,0,0,0,0,0,0,0,0,0,0,0,258.023401146662,207.937366494891,289.14517409427,268.994408864511,276.441217967184,220.072960102636,285.300970288782,262.908847765351,227.15342604129,244.937269659588,270.335043966325,234.627943199029,190.145629404031,222.053634774676,230.182692203256,292.895343148901
2014,2014,20130,0,0,10,0,0,0,0,0,0,0,0,0,0,0,0,0,267.370972350519,251.338527203868,277.139890077661,233.171368788764,236.895615986233,265.218344141016,271.232014597194,272.714267977609,211.104482343203,254.322162965288,244.457107073617,217.475866780835,228.183903780213,225.815007043182,197.170234526006,231.046600014544
2015,2015,20140,0,0,10,0,0,0,0,0,0,0,0,0,0,0,0,0,197.099264087671,298.949505763688,256.939817082033,225.104600109692,309.598982032421,243.658395271549,276.836652426506,291.825209944186,253.194221014742,251.154672269538,311.581741696492,256.425855788682,317.944428614074,265.304478194015,295.023457650081,253.593995059222
2016,2016,20150,0,0,10,0,0,0,0,0,0,0,0,0,0,0,0,0,313.582886907417,213.512869291842,237.322698543678,221.379049734247,355.411597367267,299.978413498818,293.785368824089,230.481092267572,246.200510640518,187.947577805545,280.351644545127,233.706322980879,214.126574173565,187.845241173806,191.151805846533,302.000084577117
2017,2017,20160,0,0,10,0,0,0,0,0,0,0,0,0,0,0,0,0,312.50071444196,279.120130528204,291.881631624625,260.90094023223,305.793083869433,262.659665698798,326.42523646597,285.774472559098,187.821720906319,168.703128082699,220.735704510187,257.410372422366,230.538656446281,288.403085977512,249.727416664932,278.461146898813
2018,2018,20170,0,0,10,0,0,0,0,0,0,0,0,0,0,0,0,0,183.566654487804,175.8105813679,247.196534445273,229.471642393068,247.931172477948,218.179327383627,314.744617370366,257.114741705704,269.90682577378,158.26570147294,247.043626524422,288.427798793012,227.725210828402,236.832763505633,333.232164969706,228.342580097993
2019,2019,20180,0,0,10,0,0,0,0,0,0,0,0,0,0,0,0,0,264.608264343462,277.962387684404,301.294652043262,236.742184353216,254.47666609684,254.71107697292,305.5526259439,253.545830440301,226.709296639407,244.521302932795,246.902270487042,285.372385298246,271.052052591957,252.519999573517,260.068618901987,230.27112154081
2020,2020,20190,0,0,10,0,0,0,0,0,0,0,0,0,0,0,0,0,221.381573916668,216.942513376021,223.883347384487,256.80949781911,292.012658675321,204.320206547389,334.191635799914,326.461164688157,314.19554382818,271.290221844284,266.829902147868,249.435852525537,269.651122855882,234.807174548805,246.300621523463,272.334503235432
2021,2021,20200,0,0,0,0,0,0,0,0,0,0,0,0,0,0,0,0,202.111375767009,240.179691937187,173.464168914057,245.953193739287,303.538443179183,212.594814323063,339.244726827983,274.090189522344,223.102894606551,239.424284956597,251.739968170107,218.977706604892,238.924985755417,223.848979707739,297.349846483184,206.634563913341
2022,2022,20210,0,0,0,0,0,0,0,0,0,0,0,0,0,0,0,0,236.431661172854,184.868717428616,253.63969376654,292.406036347473,230.049098666637,219.099621138129,344.353822335023,303.81913543293,257.976160061033,221.845782686765,261.701176140595,236.424039016023,296.755929215542,230.15880629974,176.864618894371,243.005552592624
2023,2023,20220,0,0,0,0,0,0,0,0,0,0,0,0,0,0,0,0,204.503629455474,263.803077899307,318.905708864797,242.104970759283,276.508633586965,231.112772799544,325.903500680918,217.913580174428,285.210632557102,265.720065309346,310.594084791565,239.698272931772,198.075914294279,298.684152924904,245.062522563312,207.383655051545
2024,2024,20230,0,0,0,0,0,0,0,0,0,0,0,0,0,0,0,0,227.423545207099,298.655950760872,255.504048016808,210.605538169719,250.216146983527,252.897885108169,351.661087604003,234.704625822699,261.937199225691,319.21107531539,180.958464566923,256.137667365144,219.020990296699,215.473117932138,241.327487294816,213.490067738478
2025,2025,20240,0,0,0,0,0,0,0,0,0,0,0,0,0,0,0,0,266.847318606733,257.877397572845,326.905510222351,263.261942523,258.613528019443,283.626185335557,337.89504652628,243.631677392642,264.409064799684,238.468581456807,233.565414695985,236.648671573023,324.922396837545,269.602675186674,204.974450352415,189.030059770569
2026,2026,20250,0,0,0,0,0,0,0,0,0,0,0,0,0,0,0,0,260.80264075348,178.763094605281,265.677094388642,276.88683421864,185.439214828767,257.929915430487,343.102629210273,273.723942217378,250.336605188428,218.754932727788,203.7964008421,247.42897654187,209.718934953883,185.920446899485,232.850385911535,196.429388469275
2027,2027,20260,0,0,0,0,0,0,0,0,0,0,0,0,0,0,0,0,268.563788808763,226.221505025934,224.269425939736,268.59350054228,187.587389328338,276.288857934767,308.697832332874,228.563231184325,181.906247124766,240.264242881347,238.985357333889,249.986326057524,226.807989072094,212.970583512928,228.703419403519,241.866010469558
2028,2028,20270,0,0,0,0,0,0,0,0,0,0,0,0,0,0,0,0,256.205254037078,193.843173902555,251.227455076868,269.325901882808,256.049089563922,205.498250424956,323.85188904255,271.663685690506,231.9007027116,287.703662307827,240.121336666968,249.533024406231,265.786611492064,215.418496679003,246.423871816578,204.423295847117
2029,2029,20280,0,0,0,0,0,0,0,0,0,0,0,0,0,0,0,0,257.726678748318,209.929796858517,276.151490520364,275.488186959634,264.705059559274,262.201994170375,328.487195195411,260.03213528228,253.0496796547,241.513550461655,202.61088706283,324.176410290652,301.604185620699,271.238690329309,268.67358331179,240.487531843248
2030,2030,20290,0,0,0,0,0,0,0,0,0,0,0,0,0,0,0,0,274.274167896974,279.912942700928,195.148240398759,276.053454875589,263.735758787906,205.068777638058,316.198800745785,274.795656836366,284.813889697598,198.653253964502,227.311905374634,256.37199238414,212.794044291109,250.235026047725,230.216970291294,295.46008460798
2031,2031,20300,0,0,10,0,0,0,0,0,0,0,0,0,0,0,0,0,158.538218691117,261.025841716544,190.978415565149,284.720993620354,274.815554718108,258.146598580986,293.554710767074,233.967547191706,319.906935486564,213.57396821035,269.694236279067,194.411114268357,185.399678800975,303.301785748219,306.93819682307,223.011305162806
2032,2032,20310,0,0,10,0,0,0,0,0,0,0,0,0,0,0,0,0,189.040597748328,242.632519011139,224.276221965322,270.485173191625,210.47039134387,274.921012466256,295.698039244558,273.63945144224,258.200267201539,231.697291304309,219.964679255373,237.044085627615,122.554509500595,226.768266931081,311.508483650995,200.250565620013
2033,2033,20320,0,0,10,0,0,0,0,0,0,0,0,0,0,0,0,0,214.241932789064,271.196046042871,269.19359000949,212.430139506572,293.028520092474,249.189465456223,279.661720231104,170.931886708106,197.935275950124,266.89933096465,252.554030177858,313.534939742504,252.626216518335,220.315868019122,272.541729575331,304.590896277667
2034,2034,20330,0,0,10,0,0,0,0,0,0,0,0,0,0,0,0,0,198.940764921291,242.935143702679,213.85981562651,222.979962187258,256.199701026378,228.987620565508,306.49333816463,239.45339159197,191.662407901466,259.753015214824,212.782306389901,192.229417317926,310.337176151306,264.432292525985,261.631700470703,218.640863241787
2035,2035,20340,0,0,10,0,0,0,0,0,0,0,0,0,0,0,0,0,285.715356042576,298.030255208491,243.918433296658,285.042357222769,264.445761584643,133.193553723612,313.142934567716,173.363554087444,293.131829535254,258.794868693214,326.305556684588,300.94191882978,163.096921811973,249.692290515002,265.332930232466,261.233065724191
2036,2036,20350,0,0,10,0,0,0,0,0,0,0,0,0,0,0,0,0,288.559065451608,290.110521610276,228.065358790696,295.264453626029,284.233910047378,227.379730087833,325.756274793811,252.345938203249,244.326930556345,292.142341343989,280.581224209809,276.404233862796,170.394183212223,208.989249662242,212.211939456754,288.444391733277
2037,2037,20360,0,0,10,0,0,0,0,0,0,0,0,0,0,0,0,0,241.992751731064,325.149684504126,287.34756424148,257.604384490404,251.099138365335,250.981977089259,324.031409128057,295.801728485717,203.368438060719,236.275074782466,222.230989251802,267.944739966854,229.229154052627,296.790617924386,232.889938591608,180.650617684286
2038,2038,20370,0,0,10,0,0,0,0,0,0,0,0,0,0,0,0,0,234.948238021784,260.22988859932,186.677960295533,230.982565658653,302.362229097997,300.213432309385,326.401580997919,254.185465113112,254.983131339379,275.374678129708,338.61521585814,334.658982610543,244.856094845112,290.80608298054,251.829030480525,292.42267521803
2039,2039,20380,0,0,10,0,0,0,0,0,0,0,0,0,0,0,0,0,221.476706874418,246.311857340942,287.734544489356,263.502507650526,245.014683045697,225.9757374788,340.924654516926,226.296250029704,243.904714768094,249.777250037301,260.98930525562,283.216228515436,210.082520418764,279.96491555641,282.051209016182,307.307307077649
2040,2040,20390,0,0,10,0,0,0,0,0,0,0,0,0,0,0,0,0,257.620660592082,255.708221457489,245.938055764286,250.730842671346,169.769950559533,243.675941129855,342.490628306703,246.931854027328,330.071165694668,286.892191048864,185.887712697545,214.022527557404,212.757492638232,236.925061461296,225.848523246067,220.782123781213
2041,2041,20400,0,0,10,0,0,0,0,0,0,0,0,0,0,0,0,0,280.494622238789,190.809386299382,279.247570689882,245.658609924437,204.927873275116,247.962508865681,346.724188876223,238.817039900372,197.736538448445,247.607602105248,277.771964483202,364.259094826858,261.049742008051,294.35366233373,255.181793575492,214.267215159809
2042,2042,20410,0,0,10,0,0,0,0,0,0,0,0,0,0,0,0,0,308.722976548224,216.289476188477,235.388042332246,290.753257813629,235.319561939586,216.270770858203,367.704946703136,280.806968394218,254.243986417193,249.161749682751,318.041752455738,335.272893733002,252.707186407792,206.468077262299,206.024207521064,207.520992259106
2043,2043,20420,0,0,10,0,0,0,0,0,0,0,0,0,0,0,0,0,271.641953582695,235.258763715423,256.96738887937,201.058090987356,258.993770050969,203.876642182486,371.934140073781,240.481674044998,272.750523072397,236.627961649631,246.574574951576,221.725668643365,239.235139559062,234.551077322171,198.387988038733,246.45155009059
2044,2044,20430,0,0,10,0,0,0,0,0,0,0,0,0,0,0,0,0,234.948984732184,284.361289170718,272.591423784174,248.298838998942,271.803983460969,240.994429420369,374.726516823126,265.40645000646,337.923425862811,245.173557397361,264.321572188391,277.180020347693,268.259641464465,267.349564940062,229.811317570107,256.301072168562
2045,2045,20440,0,0,10,0,0,0,0,0,0,0,0,0,0,0,0,0,263.100544997024,238.260285027841,246.48484990011,235.366029114356,219.072964171441,245.021199070977,384.966044534288,211.425332894015,268.957943385554,249.896318054319,265.597707224036,247.688208395498,267.660079042993,237.466896046502,270.785001927272,240.858821528884
2046,2046,20450,0,0,0,0,0,0,0,0,0,0,0,0,0,0,0,0,252.829372262554,244.82018066752,279.45203590403,252.012834286063,263.996127827352,258.51191792546,361.906565756864,177.944227222322,257.624208601617,152.844340604727,339.816953340801,182.50045175072,232.480209545339,177.250343965902,299.720782994076,205.767523762456
2047,2047,20460,0,0,0,0,0,0,0,0,0,0,0,0,0,0,0,0,209.596666745953,200.256680931518,219.719360641065,265.577596385162,257.293889223281,261.837112986928,368.90063037829,245.363007310158,264.761374893256,271.847534826906,199.484608942685,206.612760144546,250.867034501084,224.360129833822,161.598040335897,257.528421365803
2048,2048,20470,0,0,0,0,0,0,0,0,0,0,0,0,0,0,0,0,283.608976570604,279.615642973396,297.457436674609,251.585921825649,208.957450601855,211.461947580822,406.062106429523,261.160622356938,263.720573010136,256.597790010902,242.521978360152,260.147202835994,264.098449347237,188.371042415974,279.496288391929,281.251416131325
2049,2049,20480,0,0,0,0,0,0,0,0,0,0,0,0,0,0,0,0,261.957690635212,275.186603562888,267.270332587887,251.445463988256,225.483473904577,210.367512392923,410.648793719045,193.683730953839,271.17534699242,264.541667507918,222.699327729655,257.231637846274,244.186667389517,237.7907781082,247.758693518078,208.524553569056
2050,2050,20490,0,0,0,0,0,0,0,0,0,0,0,0,0,0,0,0,279.834564832609,233.452702264323,258.863320739415,226.54804123849,238.054415171458,317.791363417835,353.805677885581,227.492884524402,250.528555388735,264.715350803379,183.229954267995,231.27438081723,245.94278333462,288.769834323459,256.525015844821,272.885476620401
2051,2051,20500,0,0,0,0,0,0,0,0,0,0,0,0,0,0,0,0,245.054412605863,258.783537591607,287.719447589463,234.241458206012,262.506032117133,213.858808134235,371.692823321498,269.662641772939,238.203466038872,279.081708304062,225.586308062706,262.428789829212,184.682362392798,300.531060740868,272.583170552893,270.935154957025
2052,2052,20510,0,0,0,0,0,0,0,0,0,0,0,0,0,0,0,0,290.287539400079,247.170885892639,231.766736201166,250.675122110687,283.694143128957,344.040825884348,342.019751543855,239.317769513319,241.491885548449,295.312280780328,292.036754329453,224.515621459511,229.842402380708,230.028271033228,260.962735129717,175.538762778946
2053,2053,20520,0,0,0,0,0,0,0,0,0,0,0,0,0,0,0,0,259.788126117383,294.577140799874,250.611543342804,296.152407536107,255.940019442923,260.246150262481,349.900563533103,238.469993947925,242.030811170019,277.578740231218,228.804326313961,285.579353365094,195.514832905316,278.864485417905,215.248054343337,255.184320025243
2054,2054,20530,0,0,0,0,0,0,0,0,0,0,0,0,0,0,0,0,278.752022220752,235.999654598464,228.860010729981,241.090739222686,241.098738165242,308.162062490709,315.424373205243,255.44819735786,267.910039700457,255.16825365413,269.944326746806,203.62488714274,217.56189095968,262.091606675978,207.23859442741,163.772863404404
2055,2055,20540,0,0,0,0,0,0,0,0,0,0,0,0,0,0,0,0,237.905721730911,265.348085880654,244.140398990374,243.809770275216,277.47002641328,286.733315828289,345.788445119192,214.229877283996,292.961963956137,242.822902217016,315.307270847124,245.307282694035,263.715169177857,224.748826329536,247.516992910594,239.029821831276
2056,2056,20550,0,0,0,0,0,0,0,0,0,0,0,0,0,0,0,0,268.340104261366,306.966623284934,271.604481611919,223.140251172561,215.273940824964,323.575366644771,307.352218538755,322.623345788575,211.970305108156,307.123539250448,285.719062799328,286.30806695858,323.694312282704,295.218019847031,243.873380735541,262.401912175591
2057,2057,20560,0,0,0,0,0,0,0,0,0,0,0,0,0,0,0,0,232.195903957941,241.871508015265,197.714903141227,233.979530566209,262.493589039421,306.724498706289,320.009909361384,272.755697012381,264.622548258918,175.138637782498,279.367109541239,193.798966066895,203.200102323869,281.024240941077,250.115516812228,234.521512384349
2058,2058,20570,0,0,0,0,0,0,0,0,0,0,0,0,0,0,0,0,273.096868676687,272.138869808112,277.969789931474,236.58465252773,304.123291766642,245.669774518955,300.180730547733,209.390786094258,194.578789393744,248.530711227189,248.208838490945,233.714965829509,221.53946364738,296.302758304293,279.922759392508,236.725882320186
2059,2059,20580,0,0,0,0,0,0,0,0,0,0,0,0,0,0,0,0,207.731141965565,224.634213783019,287.45295874608,261.917740966455,241.142036155486,179.029856703955,276.380597111981,221.787958235715,276.618244941299,260.690155799722,225.996635058781,272.866867912462,276.189141646085,279.415571505622,197.591478517777,266.083600007886
2060,2060,20590,0,0,0,0,0,0,0,0,0,0,0,0,0,0,0,0,223.678240808052,226.317394853813,227.731493735618,292.342981403395,255.609423156886,245.321386114727,291.123485908016,292.575431418086,265.252186669479,272.591346326608,277.650092843827,264.512381304368,296.185440240071,249.588635516771,242.152995275704,228.327098749361
2061,2061,20600,0,0,0,0,0,0,0,0,0,0,0,0,0,0,0,0,257.197074039481,285.858084924435,216.738512701183,268.544620852311,231.04827553655,262.956818561405,306.510090805194,308.591783031926,320.641759679203,223.67349415895,300.554688397718,240.024043673431,216.238191783249,264.310145098333,254.015549762844,262.69736572449
2062,2062,20610,0,0,0,0,0,0,0,0,0,0,0,0,0,0,0,0,265.697410229373,194.097102618065,226.334154548247,268.522220911335,224.464462853479,213.491761366708,283.604088094882,265.708932098436,281.180727175,296.784873260919,237.530855867817,251.038946259429,282.450982045807,313.640688114414,344.648686563014,224.164538451637
2063,2063,20620,0,0,0,0,0,0,0,0,0,0,0,0,0,0,0,0,225.576495304632,231.274371949057,228.426081259561,198.673294198874,239.140318378177,213.046735474371,284.9290603608,208.879676372107,228.742877456852,199.886378724292,204.445259057395,252.154384866507,278.494046640439,226.206330050243,215.183278231299,277.674124992158
2064,2064,20630,0,0,0,0,0,0,0,0,0,0,0,0,0,0,0,0,200.752248238051,190.886513826786,213.538675133912,278.494115871175,318.462950510472,232.766251327453,281.4312424653,284.28936012607,286.529099344137,241.501320000733,275.639271982326,234.022742301732,290.373668695308,211.246856431929,194.037917492002,283.163934075284
2065,2065,20640,0,0,0,0,0,0,0,0,0,0,0,0,0,0,0,0,211.028388189161,227.569071985741,273.01603393866,294.201092037657,252.771559828013,253.990452938378,264.175089263171,247.358540260977,266.903069350042,315.428585517478,217.397471547746,253.85483171874,284.100860022928,244.846195930768,207.434119185119,272.951675856942
2066,2066,20650,0,0,10,0,0,0,0,0,0,0,0,0,0,0,0,0,206.712013216122,246.566500639756,263.841007845861,240.340895366046,326.732289649762,247.306038221455,278.404839160966,227.226828795778,244.399948763919,247.239428094571,248.565099920944,229.194554202722,215.410880508008,244.569978457883,293.930443697182,328.953133532038
2067,2067,20660,0,0,10,0,0,0,0,0,0,0,0,0,0,0,0,0,252.347083597718,225.460383808017,284.122621545321,192.580619028973,232.326340916659,287.699161377853,271.098661165064,311.347856022757,250.903803870345,216.686840108312,177.941737138168,233.192288775589,239.757710120207,329.545685704701,232.163717845692,217.530042061239
2068,2068,20670,0,0,10,0,0,0,0,0,0,0,0,0,0,0,0,0,228.827222986332,190.206366075158,280.317953520214,245.66284865104,232.902867706228,261.157784965005,282.438177006691,224.255037385659,268.228874684847,225.498176226419,302.868023517213,263.089844610327,295.309422998034,241.253420347641,243.094494901971,285.818656878137
2069,2069,20680,0,0,10,0,0,0,0,0,0,0,0,0,0,0,0,0,237.488376727534,220.328748675269,292.895654006941,331.341543208067,249.369023265806,199.375135839162,278.897478102051,197.480589813873,283.292183175778,193.884198073468,258.100066487396,252.376926214655,236.119854955969,272.391069451557,226.33609721073,341.796931075215
2070,2070,20690,0,0,10,0,0,0,0,0,0,0,0,0,0,0,0,0,215.117914586903,334.034259855397,258.024954054186,232.129887928581,220.469540441557,241.811096766391,297.275223642847,219.297186646591,247.452865527221,229.386107596095,195.760146305773,256.433912019298,315.606846517272,322.516483677854,189.444440463579,242.526163328313
2071,2071,20700,0,0,0,0,0,0,0,0,0,0,0,0,0,0,0,0,214.751360029333,210.349497090799,285.210192626668,309.773216869798,308.574620767561,252.466627343607,293.978925079753,181.173860908554,260.826670733276,240.796778097286,264.876040799899,268.99765557348,261.655318664739,290.113395465897,274.326342129151,269.613976637134
2072,2072,20710,0,0,0,0,0,0,0,0,0,0,0,0,0,0,0,0,237.630913299473,210.098965910539,274.01170990325,249.578672894943,222.995591021096,255.782613604201,287.149759755054,246.984110568179,212.990715148425,241.254077922541,212.865780560675,208.422899768107,260.086060297139,257.018816007588,205.743605904002,214.71363687372
2073,2073,20720,0,0,0,0,0,0,0,0,0,0,0,0,0,0,0,0,233.428916851059,276.097982262485,281.167709246699,309.789356016228,231.312569012204,255.839350186849,284.022785540421,289.482267484097,202.129661316732,235.360709678333,276.156683151357,255.934457058751,155.962532799134,282.421760956485,251.775128618082,233.849675626648
2074,2074,20730,0,0,0,0,0,0,0,0,0,0,0,0,0,0,0,0,204.794548594416,170.225939812892,318.274562364185,247.512774753185,239.957024011809,321.862666629928,307.528445185338,222.937363434445,241.351059662512,312.493510004468,310.243215577238,252.370629779006,270.699212031704,256.129911157032,294.959940662065,244.983203383113
2075,2075,20740,0,0,0,0,0,0,0,0,0,0,0,0,0,0,0,0,211.072610961182,263.34247787851,244.64984107282,209.303403956454,174.41384407939,239.748268471572,298.843680971452,232.793826407075,260.760578169395,288.36454299062,232.292982179764,227.540608732272,279.373035966737,321.054747785363,280.958809166221,230.546186541006
2076,2076,20750,0,0,10,0,0,0,0,0,0,0,0,0,0,0,0,0,238.147555021376,233.214304927306,252.329127239591,258.132164672739,241.917405573519,224.004319371777,312.134515756918,366.270655092527,264.243548193416,240.071137976275,272.046418573621,219.048124407262,289.778539699966,207.244730959313,242.908300741368,262.40543050747
2077,2077,20760,0,0,10,0,0,0,0,0,0,0,0,0,0,0,0,0,259.823094270671,254.461545411085,221.203832685164,188.545688319578,241.954349016512,289.25929640277,307.561356083223,274.10344575171,206.978425183947,285.16167730392,238.668918686195,269.555687900524,222.266510559877,259.999391518446,262.498067935799,314.429317660201
2078,2078,20770,0,0,10,0,0,0,0,0,0,0,0,0,0,0,0,0,323.130691399896,229.885912512643,273.486070101588,261.213714159226,259.449691093153,309.153739051175,297.176078973431,166.897361778194,244.911533204115,225.181187210137,245.644272161252,240.937884355243,246.13165024107,225.729727795532,256.836345389458,251.125785370131
2079,2079,20780,0,0,10,0,0,0,0,0,0,0,0,0,0,0,0,0,246.700904416943,295.873462919515,307.739054176935,250.561200065493,296.097129825278,220.377484049978,314.870670042041,220.909198809351,261.006522598554,242.910506991185,224.340714911685,287.123232335869,275.075684696903,217.449020871035,215.231837318805,254.525491630466
2080,2080,20790,0,0,10,0,0,0,0,0,0,0,0,0,0,0,0,0,254.027249091136,270.323584201364,210.26047559723,248.86298524362,203.129560445786,290.070282075115,337.961194551936,272.478564859027,253.183568510267,286.806661219766,199.802965041773,251.260012333926,239.394895743542,307.495013083266,211.481238297268,232.151987832889
2081,2081,20800,0,0,10,0,0,0,0,0,0,0,0,0,0,0,0,0,288.124731372348,206.197951513645,322.691055852501,238.354143500479,306.456101510319,204.362898489242,304.750993463078,218.569326045091,214.199218195374,261.502952460156,312.207964760238,243.470241411129,250.866036797911,178.877303111041,231.087716962748,228.68293175103
2082,2082,20810,0,0,10,0,0,0,0,0,0,0,0,0,0,0,0,0,228.90430781687,323.589252261486,216.993359232337,304.314366034362,250.304990712353,267.48671075533,303.650902870356,247.51128678297,290.548963715213,219.557316533327,210.709779472575,200.327510883965,230.228770559878,263.53154484738,238.089208650115,198.00379908573
2083,2083,20820,0,0,10,0,0,0,0,0,0,0,0,0,0,0,0,0,237.685037768747,292.303603043996,272.600860443871,299.043125624424,273.441759209036,291.324280538284,344.574799148611,289.473087006923,282.116037957408,206.770125852056,232.112055486209,188.81079596625,258.971065905798,269.890013868698,240.991157678228,273.050076959248
2084,2084,20830,0,0,10,0,0,0,0,0,0,0,0,0,0,0,0,0,245.449657876488,300.133449548602,260.900807528312,263.369301214246,212.852536209311,280.460804914986,342.322892877779,275.970467169387,332.43409805585,324.312540366614,254.155426163707,205.310517969632,260.91097128788,210.519406044929,155.950575907282,313.220845052558
2085,2085,20840,0,0,10,0,0,0,0,0,0,0,0,0,0,0,0,0,239.308932051023,294.959861866644,281.504515224112,249.575314684663,271.103632635073,279.185826628298,362.425802748706,255.238819968778,329.751374656579,260.91955041349,273.537248689951,321.885344592624,228.756680480922,262.835818148663,285.37098148505,192.553190861731
2086,2086,20850,0,0,10,0,0,0,0,0,0,0,0,0,0,0,0,0,226.219321485185,247.205883626573,237.45080356303,280.405250925435,210.817594505788,256.95027885413,348.474608426451,284.373253410726,248.700151422748,276.651904584114,317.604812081959,288.629262000196,293.232903786187,243.867156674444,257.669413745461,240.517804113668
2087,2087,20860,0,0,10,0,0,0,0,0,0,0,0,0,0,0,0,0,270.843823546595,237.512634272535,250.91807818761,247.383236887189,250.773852887152,253.174544329439,369.228303590656,225.897764724166,280.359512430534,261.968629735236,241.895471475822,284.724221749823,236.001791832238,206.3377582795,286.073287936512,264.636173511856
2088,2088,20870,0,0,10,0,0,0,0,0,0,0,0,0,0,0,0,0,205.563334294736,229.52736098906,287.02293571197,237.714448681501,262.918015668535,246.582457083408,372.025408758944,284.703404921379,244.576845593808,229.762289122646,244.918711143199,229.519423074442,218.230856301943,210.878693803555,259.075899928342,212.93514502123
2089,2089,20880,0,0,10,0,0,0,0,0,0,0,0,0,0,0,0,0,269.966671096438,191.873055084125,232.929935396316,236.618272365665,250.572075447799,252.778916836624,370.049871429105,253.870853318487,310.12388451995,172.560952942764,219.872783307528,262.073927048639,231.978923064156,264.307003862571,279.551965309671,235.384609362832
2090,2090,20890,0,0,10,0,0,0,0,0,0,0,0,0,0,0,0,0,242.54076038962,198.924795598747,188.674560843079,296.482800074253,234.775680037626,217.659790995734,360.894672440499,239.962793728405,293.272267771987,222.350494597649,280.660153476344,256.843335465142,238.626665762091,246.515410506216,219.812507084916,236.051944036128
2091,2091,20900,0,0,10,0,0,0,0,0,0,0,0,0,0,0,0,0,257.199156556131,220.552609416749,199.093278481349,238.861662052802,262.373276279798,277.26063825458,379.161721786565,281.894643210635,233.332240335527,251.264713993119,180.360419784915,284.532570712556,274.107692171641,221.237309621638,262.122664039177,215.241567262413
2092,2092,20910,0,0,10,0,0,0,0,0,0,0,0,0,0,0,0,0,202.290674261616,312.666402337611,293.204285807196,213.021389125707,309.689930695978,259.067549858732,386.346417576704,250.540641293619,249.43881711411,217.714829610506,225.218395639451,320.8826782787,241.869219474032,285.62650354,249.90104260571,270.733306002648
2093,2093,20920,0,0,10,0,0,0,0,0,0,0,0,0,0,0,0,0,304.063252881301,273.065401798122,285.184938630817,260.238951536397,194.593230564751,230.132148354887,378.105825380064,248.47863536851,294.731236675603,173.156943036295,223.461371017597,257.571144461876,197.578924684742,319.412162638068,254.933726560064,200.213382354416
2094,2094,20930,0,0,10,0,0,0,0,0,0,0,0,0,0,0,0,0,274.178812533301,232.960596238783,255.569092486939,197.838258611497,235.462449642463,240.017132943656,396.769623854172,264.122455815519,241.006506695832,280.367682827726,300.923888515516,185.984842952988,202.908058620924,288.468233153281,199.238308322935,223.329797468415
2095,2095,20940,0,0,10,0,0,0,0,0,0,0,0,0,0,0,0,0,177.313042386976,253.179246480068,200.590110296376,315.12632908231,308.096514402071,279.824955691612,370.270226983402,254.862657047442,222.228281599482,352.758268887898,297.166878881414,183.392650974492,133.936644592789,223.575129820687,222.905781354666,267.580595531256
2096,2096,20950,0,0,0,0,0,0,0,0,0,0,0,0,0,0,0,0,196.693741587808,204.303485935152,258.293545897495,323.287015477278,299.450922487082,358.658375437274,395.889070507542,226.497324724407,283.293965111441,226.845264495394,229.112081527056,274.087494799398,263.181199533897,286.633954716302,269.675083698433,249.958332819547
2097,2097,20960,0,0,0,0,0,0,0,0,0,0,0,0,0,0,0,0,276.675964332424,272.632530046297,224.780676143142,260.698003637881,246.828173326421,311.372351863485,390.33056981967,287.793853485334,253.311085072921,274.126474946305,222.097649727553,270.609846870832,224.80374102797,203.572275388264,143.8103133898,254.346065093318
2098,2098,20970,0,0,0,0,0,0,0,0,0,0,0,0,0,0,0,0,291.83163698471,331.224076306168,304.186345099259,212.466820104305,205.312033701324,125.043410733768,392.977012206107,249.366427487563,267.273122419318,231.729679572231,223.26929384999,278.218964448948,234.11479089714,236.810649614777,248.132154517387,309.537611178892
2099,2099,20980,0,0,0,0,0,0,0,0,0,0,0,0,0,0,0,0,281.531587902629,326.524364295192,267.132618725672,272.925033182995,281.977366705333,234.080598809196,402.812685266934,218.425228864209,230.862662405753,199.153920604384,196.682628816172,293.646918097837,209.484668754684,196.11122567781,248.693862715168,257.84316094322
2100,2100,20990,0,0,0,0,0,0,0,0,0,0,0,0,0,0,0,0,263.183081678725,262.003607199259,294.321087149786,196.052745599312,233.28756532384,242.511088244508,356.721374714616,246.336579528245,252.909303613509,242.568026558911,259.124796664395,228.691679606704,281.246793836734,298.485576237312,252.11357690167,235.083560937655
2101,2101,21000,0,0,10,0,0,0,0,0,0,0,0,0,0,0,0,0,239.488426813683,266.331949371431,271.628595115354,273.410407753682,246.546173210944,298.777580450028,348.985993386272,246.247538671756,258.950883325591,224.006592125966,246.15748708004,242.140646912081,195.053107027591,238.623667151311,271.657364680851,210.446227771157
2102,2102,21010,0,0,10,0,0,0,0,0,0,0,0,0,0,0,0,0,234.564416258637,255.839417584262,290.477139005144,252.254903086977,190.866728691788,268.496541469039,393.907531561618,278.68210577129,247.709125988919,318.424781024052,252.175690064182,283.190959347437,164.131338703965,261.642020611584,253.926898046168,175.913005004943
2103,2103,21020,0,0,10,0,0,0,0,0,0,0,0,0,0,0,0,0,278.238326468732,222.787232571842,239.930562832439,259.592913663754,211.983555880394,175.948426786276,354.836853160824,230.29042513821,240.77733369163,190.571286886452,280.092650714288,228.882293303556,181.895501810862,259.582089793388,213.215369703741,278.560316989356
2104,2104,21030,0,0,10,0,0,0,0,0,0,0,0,0,0,0,0,0,182.593078969913,291.750575221293,195.545993804887,228.22923340039,239.607509293798,284.160691289922,351.881116026249,259.049162470519,263.519218373518,251.4794178529,207.978074061777,267.108554561837,275.615883822211,280.394753165504,207.463024506093,278.903555864355
2105,2105,21040,0,0,10,0,0,0,0,0,0,0,0,0,0,0,0,0,230.621518686374,259.378826006513,264.739693509165,285.504678298434,286.063092641833,276.983343566528,344.550462378172,306.754568062904,186.33971914109,184.475945873107,277.317215150366,270.849262139022,299.259293201827,257.282995757343,233.631374361689,262.389508781728
2106,2106,21050,0,0,10,0,0,0,0,0,0,0,0,0,0,0,0,0,274.237164654839,217.071411232578,190.220120497429,205.300630123426,264.642269080133,325.126030499957,378.753123871253,283.561353594591,272.536481584201,255.017715719888,235.448344056085,255.525746550847,257.115005722751,288.02789659315,302.486346346863,165.985746800896
2107,2107,21060,0,0,10,0,0,0,0,0,0,0,0,0,0,0,0,0,208.393365857349,210.323708924325,278.143373403954,233.675239642661,243.381022832313,286.81978338872,352.546310389617,241.259534351776,212.410267076247,293.332155442542,288.195448047839,226.914545599617,181.849091425091,192.363661714382,283.634491688201,254.88715303121
2108,2108,21070,0,0,10,0,0,0,0,0,0,0,0,0,0,0,0,0,294.191583488497,268.496140036472,160.210127528216,322.630373879078,273.428331423069,276.262106303327,371.752187719424,239.152910157707,294.426606083626,279.205845601947,210.525568265934,232.526307794915,255.229081344333,319.389065186037,205.491079773244,234.744046376609
2109,2109,21080,0,0,10,0,0,0,0,0,0,0,0,0,0,0,0,0,188.846981929146,265.011412148626,227.37806714807,279.807042171826,290.342027197708,197.171278406452,358.148170342361,198.055038137999,283.243207413808,278.688937743335,240.145690713414,284.387304925012,252.602795663073,210.570352461418,278.744174543021,264.61487081929
2110,2110,21090,0,0,10,0,0,0,0,0,0,0,0,0,0,0,0,0,240.189427206835,241.414831944471,328.971340223514,283.036180254271,270.704237721544,231.354642380856,375.385935372762,249.505811222306,291.094395323832,270.089830892644,277.849488894136,215.805508695557,286.566239472485,208.142687553724,206.677214117182,169.922566589959
2111,2111,21100,0,0,0,0,0,0,0,0,0,0,0,0,0,0,0,0,236.08866478067,187.100954073595,302.420196326427,214.625352264955,170.580728227593,272.612516753385,388.472499095125,293.401572234456,251.630267529927,177.133627635844,275.567946051756,270.182073035141,224.093507904991,231.221064301611,250.009444858087,246.41676505923
2112,2112,21110,0,0,0,0,0,0,0,0,0,0,0,0,0,0,0,0,282.192783746225,325.354390373277,174.679489084099,264.145005811148,192.244646307035,271.481873699772,372.242246730703,260.998642775179,297.557461610204,296.441747601765,292.495590678083,318.06157395083,325.894797169051,225.471952181489,239.393891945573,203.500258904739
2113,2113,21120,0,0,0,0,0,0,0,0,0,0,0,0,0,0,0,0,287.268877052478,272.710637703389,222.88614214304,269.1214456478,282.749783284093,227.771632535456,389.059121470042,326.869677049738,276.852607349376,247.365278070994,220.16507561479,205.455751694805,290.305190579522,201.308854592291,203.928887812991,244.421096057391
2114,2114,21130,0,0,0,0,0,0,0,0,0,0,0,0,0,0,0,0,178.943415996357,172.075333625368,255.510726936724,203.952037040159,268.357698354505,174.882315815377,381.317749066387,265.021971772735,194.643704134011,214.139840319596,220.669789522961,220.591452959815,247.038480348327,271.171095427766,227.243522962607,205.551535934996
2115,2115,21140,0,0,0,0,0,0,0,0,0,0,0,0,0,0,0,0,193.060157300671,274.533652510823,243.204679211093,277.686079953788,230.215879337155,174.103967582883,371.265328667971,178.978687998051,210.060745866663,228.505104324794,211.608325619121,333.703976694964,187.284814039724,261.035057003979,202.812670677765,311.772786778448
2116,2116,21150,0,0,10,0,0,0,0,0,0,0,0,0,0,0,0,0,276.793288830128,274.769664440662,255.654471254319,264.070750912866,332.644494011533,258.82047226395,354.446975055164,227.626736431573,207.759645709253,296.318447790656,276.286053279431,342.373169976436,226.437181145523,214.959579327252,182.764905678866,223.353361108337
2117,2117,21160,0,0,10,0,0,0,0,0,0,0,0,0,0,0,0,0,185.692778494995,267.035473111851,304.065576215757,235.032288388193,260.698054985583,217.996269261194,370.282668234084,208.258509505517,214.42852156863,217.596069179666,268.837520094682,214.318363597719,266.204561415219,310.630426907436,247.655559225442,202.821201828808
2118,2118,21170,0,0,10,0,0,0,0,0,0,0,0,0,0,0,0,0,269.258769407745,265.05260144593,288.018880382142,288.13951995707,259.151075274721,191.286276913699,363.56401188943,276.093374362934,336.110559281922,214.803613405682,219.059128484787,245.064511521651,245.280794717061,262.464595923077,260.880840455662,282.207126315772
2119,2119,21180,0,0,10,0,0,0,0,0,0,0,0,0,0,0,0,0,318.228340847817,232.211924084292,236.365588903768,297.990691381452,251.042087941699,245.168648293778,337.204990435292,264.446335949478,273.327403447256,204.114124723571,311.337609977911,250.650065552863,301.061615432772,223.558353026766,277.509698987988,210.664475228942
2120,2120,21190,0,0,10,0,0,0,0,0,0,0,0,0,0,0,0,0,230.678835629077,231.268168392789,269.991348758245,289.508614888103,275.850625917061,226.548260153753,352.38629982003,262.3364679514,293.455357561403,230.13071977347,274.107313315475,257.857136679004,232.760621488529,250.953031472607,242.462880588692,251.957408379775
2121,2121,21200,0,0,10,0,0,0,0,0,0,0,0,0,0,0,0,0,256.600827328967,188.726423000438,232.424820269186,331.945342801607,209.510328665903,227.412988789575,368.637327048221,265.236677202524,203.976290956393,230.248935000806,255.878176603786,280.219819076356,242.205267817172,257.567549508128,250.974808109351,245.284971086161
2122,2122,21210,0,0,10,0,0,0,0,0,0,0,0,0,0,0,0,0,227.53162341727,260.674686884343,213.485890123734,268.360040813047,189.014753107636,274.301910120884,346.520689960973,211.399809077728,238.708350706071,230.356548505986,231.642744234457,295.706843518038,161.81638779888,163.906056167401,274.891728082189,244.685977752014
2123,2123,21220,0,0,10,0,0,0,0,0,0,0,0,0,0,0,0,0,211.039517776319,217.213421592469,255.726293708978,257.771825616875,233.349673134065,233.982608021943,371.433541247707,194.657381321125,222.670431646043,236.522439182534,253.646752026381,267.347681835139,255.350451397993,283.511928122242,258.599613003798,247.404945797578
2124,2124,21230,0,0,10,0,0,0,0,0,0,0,0,0,0,0,0,0,270.315676365322,213.71076758988,269.981119900231,276.983019668538,164.615373353429,213.613093864927,369.588620672288,341.401965428534,219.900213587982,211.855275997797,222.3831490933,282.793416742602,222.594047928106,255.522333154054,250.866256029906,306.850281154441
2125,2125,21240,0,0,10,0,0,0,0,0,0,0,0,0,0,0,0,0,278.785366758337,235.929654032438,273.146128476561,319.478333338269,177.563215033798,301.631374282367,377.104197654017,258.794443224364,170.957226470238,250.535511752081,240.708580466684,218.315639233364,232.478526859113,227.140659975597,302.447078681703,293.888382875113
2126,2126,21250,0,0,0,0,0,0,0,0,0,0,0,0,0,0,0,0,291.668545109843,260.055400199619,215.123217122698,250.468364787342,240.390704584305,256.262280057079,375.251934247281,236.157742111564,220.577249582796,226.834652566378,213.361491541956,272.003880145535,253.385672677277,250.801294920988,175.505754976527,287.953168420277
2127,2127,21260,0,0,0,0,0,0,0,0,0,0,0,0,0,0,0,0,259.810285513487,272.82504577472,261.966328761001,269.213322577316,263.715512713482,214.59036796585,378.865196624916,246.814525454644,288.948560286085,285.731787645356,164.773395233687,221.444583094333,191.703732558608,179.646307886544,258.791344358618,354.921772831205
2128,2128,21270,0,0,0,0,0,0,0,0,0,0,0,0,0,0,0,0,348.936072455936,290.659451351504,253.324597356379,263.04674591934,288.67538531524,245.663668192577,394.027805245691,244.449548217151,219.068075919195,231.042072967345,197.632631059802,318.607887007228,278.871856413387,211.09862709291,204.088009383173,259.041923307776
2129,2129,21280,0,0,0,0,0,0,0,0,0,0,0,0,0,0,0,0,259.180281974346,251.596043498999,249.368186348081,240.469830421254,245.290480887239,300.885266812132,359.842175130181,300.821723765426,294.589441473419,207.385796669862,140.834541778568,239.036242123485,245.081854822181,298.49645116763,219.085840511374,293.463308348385
2130,2130,21290,0,0,0,0,0,0,0,0,0,0,0,0,0,0,0,0,250.998990130184,211.548104287429,210.994305171059,282.019693729651,250.126171891796,276.146786772868,348.094065964168,157.887917140061,249.388750705258,225.672076231661,323.236994993009,239.729743069846,227.356017829027,255.91320301407,161.846463126903,229.32546305349
2131,2131,21300,0,0,0,0,0,0,0,0,0,0,0,0,0,0,0,0,257.571561504951,284.628793589037,264.943520104629,242.706228837675,212.693850547013,237.638787746272,347.962788536673,233.077621112277,214.388153417111,307.345793362384,232.358000149586,275.029199204144,340.879596613719,244.811735671741,291.401898425341,236.025080174753
2132,2132,21310,0,0,0,0,0,0,0,0,0,0,0,0,0,0,0,0,244.532285890542,225.725509661257,236.873731481218,155.574943665967,251.986413951236,251.368202071415,345.403274853503,256.110862782907,276.905094240734,230.050588621299,266.251682031582,227.909950650196,223.638578287796,201.38858888828,218.420248600092,263.787826083021
2133,2133,21320,0,0,0,0,0,0,0,0,0,0,0,0,0,0,0,0,228.978852955886,273.987569882831,182.120355365133,255.141111653785,279.888848531825,213.215270189656,337.115793797158,264.237318463456,255.456113471358,267.858118083214,200.00828578009,286.329371742694,194.193846912818,239.664044359904,224.656599749855,240.248174934251
2134,2134,21330,0,0,0,0,0,0,0,0,0,0,0,0,0,0,0,0,267.918840520362,276.023076331896,211.592462266128,243.463800035238,214.903781278951,234.594605931054,339.530113957742,299.447869944734,189.994818918655,239.558427481875,296.791806740671,302.55100415187,225.480594849824,280.055119108498,194.684709777366,191.175287012999
2135,2135,21340,0,0,0,0,0,0,0,0,0,0,0,0,0,0,0,0,204.14598125245,198.400787306704,262.346283202153,217.594814446374,332.669858975723,200.951005479545,324.783066704511,256.259229970998,210.678722321806,307.764746984421,213.891038337831,273.921853382961,256.986274064412,234.764324652716,251.247816096558,275.24139872658
2136,2136,21350,0,0,10,0,0,0,0,0,0,0,0,0,0,0,0,0,218.083064950198,182.655643879149,266.992798013907,202.041837368465,238.151150813463,270.487863296882,325.058216944471,161.878058673366,303.816269348049,275.592253595728,217.641257824967,222.834986620106,236.195759659609,272.112201233458,200.173893378394,252.056851967136
2137,2137,21360,0,0,10,0,0,0,0,0,0,0,0,0,0,0,0,0,253.286339097948,205.544711959929,296.292064554886,223.666899498801,256.136627885738,236.349342067508,317.288618317643,252.804113047541,203.578749831017,273.361057190812,272.153790450844,248.722446357058,268.704708119254,255.007679425948,261.028548501836,221.596626452262
2138,2138,21370,0,0,10,0,0,0,0,0,0,0,0,0,0,0,0,0,207.098002586691,242.500415506057,248.57933810878,271.592811305105,284.009084650952,248.694378403502,308.001234292726,209.197638967292,252.500631365234,195.514517290278,283.221510207845,174.463617902083,194.842734763961,314.040315370334,227.068370257501,247.132138545612
2139,2139,21380,0,0,10,0,0,0,0,0,0,0,0,0,0,0,0,0,204.567326645367,247.765991104662,293.161416394312,271.780740245833,230.599574760307,279.679492684736,316.555008349033,211.776104092872,277.667613700468,222.511732808471,208.365715692556,284.364059601495,280.17178694035,243.416169320785,258.014926937405,233.221569454369
2140,2140,21390,0,0,10,0,0,0,0,0,0,0,0,0,0,0,0,0,225.466382207724,249.542929387334,180.045882210465,314.003596022071,292.629404361865,198.690614466277,321.167349154242,194.245825005212,177.546295282851,251.193758990473,286.037671015175,214.318425567334,268.522307792722,210.862771373385,227.697487758158,298.368151154454
2141,2141,21400,0,0,10,0,0,0,0,0,0,0,0,0,0,0,0,0,255.060362130273,217.269072890341,184.040448926644,225.907990481662,195.457765413893,293.964049844072,323.406702483255,280.281253200644,263.919913730684,229.688722441645,275.917901124707,216.334079999307,237.762858127197,217.963269370075,277.594119920311,222.615090385119
2142,2142,21410,0,0,10,0,0,0,0,0,0,0,0,0,0,0,0,0,246.968134113805,213.971305454958,253.95285803822,285.474062950105,237.19156339163,240.920949980755,336.407976668017,266.855780497948,228.396658767215,218.73579310573,206.71952787116,199.425037433741,319.948899581591,210.76451309764,258.395860969173,257.101405056611
2143,2143,21420,0,0,10,0,0,0,0,0,0,0,0,0,0,0,0,0,216.516321306068,271.730349900748,220.715982167061,217.432943098831,252.801634497034,272.321416891057,347.571412627248,217.744956978374,306.021042807855,223.097195340865,299.624088682965,277.792465368929,282.74898525606,259.591413840175,292.699446183189,279.153036813256
2144,2144,21430,0,0,10,0,0,0,0,0,0,0,0,0,0,0,0,0,271.0782027398,197.577179436954,249.170172765133,231.180336682351,307.169726616249,287.628162482708,347.391011744536,189.901717739039,264.377546186071,273.027983687992,230.598010954091,246.699642907399,219.920157621408,236.663917491412,195.569776837687,267.577216634211
2145,2145,21440,0,0,10,0,0,0,0,0,0,0,0,0,0,0,0,0,300.020301742799,246.259288664835,276.809685687712,243.295028145421,225.854726121918,253.581606099032,331.352711088292,250.451552411798,246.731339522328,239.500717507356,283.418383386207,223.592277310041,218.047820329104,242.048099619138,261.940646496942,242.575907809013
2146,2146,21450,0,0,0,0,0,0,0,0,0,0,0,0,0,0,0,0,254.193448096032,205.784885795754,239.487471498326,238.940634607353,261.644815842462,304.599533120583,361.973170318978,280.66427560469,273.133899583405,268.466244055922,130.118287352157,322.76265839518,279.800008082294,252.940552372203,217.29898092835,307.859517329879
2147,2147,21460,0,0,0,0,0,0,0,0,0,0,0,0,0,0,0,0,196.460416559392,178.329519534673,191.80893824616,292.814421971795,232.507031530188,257.16366091157,357.445316420898,215.943978376304,209.329850555918,231.404967748182,256.783083958129,207.980985545235,276.83885833441,262.317498598397,235.991253227748,220.622796873197
2148,2148,21470,0,0,0,0,0,0,0,0,0,0,0,0,0,0,0,0,271.603894869532,171.428895747481,199.08164707308,226.245725827121,248.585432148445,255.288754560602,380.528033219023,230.243346946942,232.935593100579,210.440441743157,207.477541135731,190.914783351154,325.363986137783,226.089503622709,243.36216732199,208.01873379228
2149,2149,21480,0,0,0,0,0,0,0,0,0,0,0,0,0,0,0,0,281.887187801118,212.272478911552,254.31032433933,213.603843593727,258.499694736788,229.967177730525,361.784149683377,238.068856679532,284.487440683202,242.483767076337,264.389487320892,202.654759805305,214.537129418849,301.067211108714,245.670871995411,251.644732031441
2150,2150,21490,0,0,0,0,0,0,0,0,0,0,0,0,0,0,0,0,245.868148047529,227.514607727014,253.416782411007,255.811185984944,303.751514132553,280.783262194997,371.255660254257,200.791529636991,237.923877620577,254.437306385024,295.820080629403,275.165085465194,267.348494169299,241.49683352872,300.189626166427,238.231982023265
2151,2151,21500,0,0,10,0,0,0,0,0,0,0,0,0,0,0,0,0,291.697661396697,299.364849274052,269.900339883743,186.117380477782,204.039590706897,247.266891598028,364.492800163275,210.77094437256,273.392330745598,258.30416728566,231.22907258913,253.834197774349,244.884862144542,185.277462133365,310.087315207173,261.375942830773
2152,2152,21510,0,0,10,0,0,0,0,0,0,0,0,0,0,0,0,0,243.208722313077,191.177715275545,167.849648750423,229.34658635136,213.36521408465,285.145503927663,330.567882161027,270.367445867298,264.367558905228,243.692598848055,332.360771180052,230.790040847009,233.184366216278,217.108566015503,244.713148631688,191.431365606524
2153,2153,21520,0,0,10,0,0,0,0,0,0,0,0,0,0,0,0,0,205.040169173843,308.066379847408,252.428061090766,199.829204791267,286.629078503023,277.047275797732,329.781484813511,221.284135329079,238.506651082842,271.048887678841,218.19243430843,316.01191340265,238.886837922878,319.46861374117,254.690781246162,217.264467593101
2154,2154,21530,0,0,10,0,0,0,0,0,0,0,0,0,0,0,0,0,269.372110154364,247.693161607196,285.869775384398,267.295925556993,221.072058656154,237.84422274283,333.358299788939,223.160646712425,295.621517109359,295.996631006291,272.703481578882,219.049935378912,264.437394872868,290.139883014381,250.26516115055,245.249137118489
2155,2155,21540,0,0,10,0,0,0,0,0,0,0,0,0,0,0,0,0,276.657336327063,289.650875350891,287.883024051765,250.513883832431,265.796606217912,195.859097675081,324.292048463362,296.54282135341,285.848790170417,251.747737538024,255.372075111027,268.157962160049,301.87798563032,209.663567569683,328.968775104287,279.650130052523
2156,2156,21550,0,0,0,0,0,0,0,0,0,0,0,0,0,0,0,0,344.366260153391,226.015456532171,222.326987002932,267.807603536704,245.372473924321,275.629231569684,339.537922933493,251.891076871304,266.187629283278,222.538345100685,260.111168563899,325.936725708497,296.3724253439,218.524700406658,184.43960547762,253.532571413578
2157,2157,21560,0,0,0,0,0,0,0,0,0,0,0,0,0,0,0,0,232.266972645357,265.725396386969,199.778611169288,224.80000292882,278.805013856127,254.349764867761,359.560391667834,298.518190711154,279.477434472525,256.605693379085,272.847027105247,284.322911610948,264.866034742163,242.40925501706,265.213961712335,175.177492987455
2158,2158,21570,0,0,0,0,0,0,0,0,0,0,0,0,0,0,0,0,239.77216245631,184.217158957059,272.749834550581,291.672051161655,207.692973107637,250.770118040246,358.953003814219,293.660044085299,230.993670007634,249.901864787753,233.422795158503,265.637112146601,227.700376325815,246.168648245603,251.624651940519,256.24550104807
2159,2159,21580,0,0,0,0,0,0,0,0,0,0,0,0,0,0,0,0,224.864119234188,198.127520516016,294.40732610191,232.377446104913,286.783690948561,302.705665982325,324.360972988275,276.585280747377,168.930276822558,224.606062999988,265.377938485045,289.737316335241,270.53520338815,268.114270366175,230.387476421832,280.00231730338
2160,2160,21590,0,0,0,0,0,0,0,0,0,0,0,0,0,0,0,0,260.849255594803,304.820746255528,262.16949997764,239.13291586023,273.664940619851,242.046007225594,346.205335807514,291.469223366778,226.748249424345,230.832294485155,280.112550716824,220.218866905353,277.484463278936,240.892164810581,291.047064932563,248.141647066477
2161,2161,21600,0,0,0,0,0,0,0,0,0,0,0,0,0,0,0,0,301.107290292643,315.142856103286,275.596013877154,227.318289509581,200.751823021941,228.383664348277,336.91104291659,267.379498312057,324.527475677798,241.878962577808,298.578791999974,311.028508991331,245.755992725999,317.013038561683,280.044368302903,209.349164359838
2162,2162,21610,0,0,0,0,0,0,0,0,0,0,0,0,0,0,0,0,283.008639328782,286.508744072885,218.105316855328,245.09967087707,282.315441146527,229.208570513025,345.388708472296,261.464956993533,267.524947748992,192.855122823947,245.163437752859,247.029521294853,275.394477384972,209.570205567081,254.317647113393,249.332311460812
2163,2163,21620,0,0,0,0,0,0,0,0,0,0,0,0,0,0,0,0,280.834262399759,240.727039422233,302.893865936496,260.941779473278,341.724885985826,194.255574298067,336.517713342667,249.150998559467,257.54280564879,266.401804264589,278.12946680187,148.195557482293,276.543591938792,258.925416726763,236.141345484466,219.673446278419
2164,2164,21630,0,0,0,0,0,0,0,0,0,0,0,0,0,0,0,0,290.138037291451,241.198269330767,201.706624049867,193.753905882027,237.558667565816,293.066760439882,326.696253765536,201.313482330934,209.790529133108,213.743768728355,266.152309752806,214.778112954846,258.530416004612,298.570373246604,263.305700394018,248.84687924746
2165,2165,21640,0,0,0,0,0,0,0,0,0,0,0,0,0,0,0,0,264.246517007504,278.371914644268,182.373790828678,232.376098474217,240.774564753545,215.690200669052,310.446101470162,292.564289139096,248.627445932638,201.276476396223,267.542808361278,198.753766190965,241.103538379964,231.404592127982,241.164275259016,288.310734095424
2166,2166,21650,0,0,0,0,0,0,0,0,0,0,0,0,0,0,0,0,304.949948706587,245.123989625323,333.240513879294,251.664367059244,161.635169220049,250.974024705362,302.250771287016,278.385137343393,224.361936077472,223.04248842005,249.419864259911,302.364806489186,172.981259852319,217.402588755347,315.98343438137,210.169282390875
2167,2167,21660,0,0,0,0,0,0,0,0,0,0,0,0,0,0,0,0,216.548205826505,251.487035749853,310.965765896429,304.134564184222,275.302822828258,236.988667101559,303.786854696627,224.155406945638,298.833930456191,258.814675650462,208.122951385234,248.635761279883,292.306363432552,246.585802979023,219.861116218567,271.59816019822
2168,2168,21670,0,0,0,0,0,0,0,0,0,0,0,0,0,0,0,0,259.731445000837,238.103134387762,233.865263218993,212.588543338107,191.40129276013,236.23156973536,278.988232598209,276.829841147858,304.206576085428,289.986449648702,329.975736067866,238.34093911218,304.630757799758,265.42463761732,218.781454631777,281.957310645507
2169,2169,21680,0,0,0,0,0,0,0,0,0,0,0,0,0,0,0,0,252.528308931883,263.898310090015,301.876127860094,280.135072790653,247.014380162178,250.400840542776,301.394022014982,207.388369939372,266.572917125112,271.571552224288,227.129221723702,268.233942075957,177.77566258038,214.031966213805,213.891257822203,230.300538699652
2170,2170,21690,0,0,0,0,0,0,0,0,0,0,0,0,0,0,0,0,218.563703294124,271.970046361448,273.860646392728,248.806637588227,247.647452967034,261.466826968524,272.989214579935,235.098641742716,265.385194612426,300.271330524692,310.310222975349,240.414012023345,233.878552310332,227.778348272365,190.698070052558,303.095645152198
2171,2171,21700,0,0,0,0,0,0,0,0,0,0,0,0,0,0,0,0,242.106452988621,231.74185698988,287.252942617576,243.087457427059,285.69787120635,233.623264304086,267.707065629828,236.615355491564,248.523107881003,186.335202264243,302.4317257296,250.212492188607,244.621483032151,270.18150303643,282.381673882971,232.155678432861
2172,2172,21710,0,0,0,0,0,0,0,0,0,0,0,0,0,0,0,0,197.083389374722,314.378741061064,263.207785899979,219.643617961575,299.507797239388,230.750973485893,286.603753653561,296.44310584639,284.469041296716,260.624387714143,278.530606857668,238.519200784772,248.658184077238,266.61827345951,121.223550110896,266.887222110049
2173,2173,21720,0,0,0,0,0,0,0,0,0,0,0,0,0,0,0,0,250.143343067017,195.47152229113,223.646091866913,232.195158976357,258.259551400076,277.009286738497,254.575296067958,234.824202440934,246.088777253112,255.092297722902,223.495540738904,268.671044046356,207.454834527051,218.448992603434,306.650372636857,332.772957723011
2174,2174,21730,0,0,0,0,0,0,0,0,0,0,0,0,0,0,0,0,250.997393540742,242.585213899543,284.423710251413,209.11080207701,202.814308841458,191.497550736547,264.873738241272,213.090851555626,236.515476795963,243.896690434143,213.797003209616,268.636420919699,264.695396057917,203.211882782194,279.812383245141,282.832727449721
2175,2175,21740,0,0,0,0,0,0,0,0,0,0,0,0,0,0,0,0,194.553317436622,294.669850569065,222.506302153396,228.742939729688,209.950357849253,265.673748965229,268.462926032255,213.316249496254,237.564483807428,304.593400548389,214.776133245912,249.382623306141,231.130150617396,288.709447520131,288.429596633617,276.39582625742
2176,2176,21750,0,0,10,0,0,0,0,0,0,0,0,0,0,0,0,0,285.825628996853,233.646752656409,257.448601885637,252.472285870503,234.23892096505,207.819204301859,264.500256093902,272.972838980176,237.417916829864,230.196835974848,244.861696432726,262.824832026448,227.258848283973,231.119785355241,226.952468252031,251.853957555082
2177,2177,21760,0,0,10,0,0,0,0,0,0,0,0,0,0,0,0,0,199.436951423302,229.740341804043,328.161136131538,265.296810746232,253.456718872811,162.905376489209,256.795040357393,228.118649736877,310.022079927857,297.72389994426,253.009760007192,253.955138883444,229.12916823049,340.357116075207,282.379096860667,245.636081398131
2178,2178,21770,0,0,10,0,0,0,0,0,0,0,0,0,0,0,0,0,249.090029561328,284.937054569411,272.233508821382,230.032947314008,260.594207678486,274.798789697643,263.334630270275,195.781668097202,266.053448225417,270.361459615178,254.388174510269,222.529828415417,245.246321437238,250.476219264449,208.722867486135,254.089825057054
2179,2179,21780,0,0,10,0,0,0,0,0,0,0,0,0,0,0,0,0,230.03440690901,241.703306728489,235.571657753445,284.609135896592,324.595617710838,300.872184814878,286.766429873169,265.115727588707,250.895018101866,235.003970204622,208.213364629945,272.939205684882,266.39996129053,296.522026112707,205.52276700059,271.918184939043
2180,2180,21790,0,0,10,0,0,0,0,0,0,0,0,0,0,0,0,0,272.754817614338,311.123516185525,295.609338283799,278.784088177867,199.304694817993,294.829014856003,305.388779807064,207.490764394239,267.822888487439,281.246696252165,310.517477798658,234.762607424304,239.867898060067,271.011340255709,204.608684570004,273.498488988657
2181,2181,21800,0,0,10,0,0,0,0,0,0,0,0,0,0,0,0,0,255.3433218963,265.674494998461,237.299996055888,283.640293857449,217.522534737664,299.228869977133,299.187305949343,239.765931148475,248.019791286126,254.254711752246,318.498634723262,245.944096338323,265.104116485488,220.400453861292,276.116295225745,227.467155230244
2182,2182,21810,0,0,10,0,0,0,0,0,0,0,0,0,0,0,0,0,211.117696452689,308.415053828603,235.181087999356,321.651329848494,272.722499349994,220.467819849952,278.723800950114,321.985799108864,205.47672043474,294.758112930633,241.266229398354,274.87110605808,270.806230362127,279.259631255838,317.21820443678,195.529576849341
2183,2183,21820,0,0,10,0,0,0,0,0,0,0,0,0,0,0,0,0,283.216763818441,290.195360710292,254.555035683641,253.086096582184,227.629202339458,200.958451094258,306.764962634939,310.084453511489,268.776474665445,258.683547976636,274.313997296146,200.528767431225,266.776309844684,252.404566905133,271.228751308104,275.145068405906
2184,2184,21830,0,0,10,0,0,0,0,0,0,0,0,0,0,0,0,0,314.898383474679,264.085339619976,265.140186804844,292.751344962839,257.651777193243,309.047836126855,304.89383260625,290.943765485437,245.300548213063,245.964650158779,258.902832388621,254.451007664188,214.053294173692,265.945161912336,245.232835502533,299.024035775577
2185,2185,21840,0,0,10,0,0,0,0,0,0,0,0,0,0,0,0,0,219.912982149177,271.938309589613,205.115329994486,233.651610382304,172.630206040834,271.039138174126,322.518962267413,320.346052218589,291.921941340111,264.728830651645,256.542444793044,172.922392751933,237.880921595169,276.926231424395,264.460481273928,313.795432289677
2186,2186,21850,0,0,10,0,0,0,0,0,0,0,0,0,0,0,0,0,256.625240742263,250.666404336464,245.237495184797,244.314854324192,259.91333175129,230.797337187328,341.687802730573,214.913225805535,278.985787101381,214.083957927967,241.556655004736,283.000057341228,307.708866541541,289.62494775727,221.378563177679,230.749567218873
2187,2187,21860,0,0,10,0,0,0,0,0,0,0,0,0,0,0,0,0,303.404269218451,257.714742029317,334.255266420174,262.156492490955,288.543914991299,193.148379154167,340.047691367826,278.803407037599,246.287495287103,275.420417633973,277.120911366772,196.8995729091,292.672953587968,299.58451081255,279.378490115488,235.525340798371
2188,2188,21870,0,0,10,0,0,0,0,0,0,0,0,0,0,0,0,0,218.289505716357,269.504082415248,210.76957042693,215.000718959661,266.813980564053,257.212649333142,367.733041731433,236.322515611948,293.666321135148,248.641415948918,279.925484680661,223.728697437214,215.359884990779,241.721131870019,252.247040789937,231.780956277872
2189,2189,21880,0,0,10,0,0,0,0,0,0,0,0,0,0,0,0,0,199.112760451429,296.129966900386,237.561080204341,272.75083689544,194.207041732468,187.500171222713,368.163446224386,305.570153597161,287.414515027303,217.196241479588,193.578237324106,297.115286468006,317.967196964867,281.862559414937,232.163129841882,241.495072785
2190,2190,21890,0,0,10,0,0,0,0,0,0,0,0,0,0,0,0,0,208.15842773702,229.033143648584,219.460216356627,215.570031886957,158.413008123194,214.527758365791,366.697026827861,223.45488879929,213.435368368803,209.991100642896,263.440599365375,263.899899596528,271.875610024888,199.665083396287,284.641468457456,224.682483228243
2191,2191,21900,0,0,0,0,0,0,0,0,0,0,0,0,0,0,0,0,274.241409659738,283.345985550735,262.404412160822,173.760814788711,256.262079333144,208.33193003438,377.605924667544,296.138698717602,216.233953744642,180.883005891764,315.255698987052,244.469295482361,244.021468107157,294.628848025456,222.49860653717,248.933032580373
2192,2192,21910,0,0,0,0,0,0,0,0,0,0,0,0,0,0,0,0,256.526193251878,245.381874253919,209.080055787084,298.650829859991,261.041901566987,293.838908462214,353.630764576789,199.708773570144,282.345100996843,281.16534886609,208.052380189474,190.695104900478,246.613534012329,306.109164169664,179.907984567829,215.508455824382
2193,2193,21920,0,0,0,0,0,0,0,0,0,0,0,0,0,0,0,0,262.037637849149,214.024423641424,235.418524319346,249.844638112751,249.607758142241,230.709104556704,380.367749789688,230.404690400911,216.090244643028,213.383039057385,252.119797843973,239.1976141462,325.661574969627,284.956154961642,236.262578570526,223.026586714779
2194,2194,21930,0,0,0,0,0,0,0,0,0,0,0,0,0,0,0,0,221.268769331387,288.021065740885,212.079516045543,242.9974615516,248.680114388755,239.931885142172,368.107721333959,224.469814250588,258.556742301833,221.116146019905,282.157809508942,219.904526573185,247.912360608175,216.14353581825,332.521485131134,222.479082977435
2195,2195,21940,0,0,0,0,0,0,0,0,0,0,0,0,0,0,0,0,231.711612218453,252.692529847556,249.700651935487,272.795431653952,289.322339422489,207.515581758499,344.874220159322,256.608328880067,240.862159054513,153.081062526488,195.045287544928,269.962995185457,246.89320089897,271.034495286253,187.596734365122,350.117644930493
2196,2196,21950,0,0,10,0,0,0,0,0,0,0,0,0,0,0,0,0,262.77998214,202.769329042746,280.862777585915,261.825990462401,216.614386629716,250.562378992371,331.111731459812,266.703781154215,241.686169162025,315.655029693514,285.875718069797,324.390574296604,310.55973563989,188.103038694777,253.908672450422,256.080781624856
2197,2197,21960,0,0,10,0,0,0,0,0,0,0,0,0,0,0,0,0,270.919169958457,189.505002246151,262.211556124002,210.718161142277,261.993922518452,287.943285078165,340.005509141483,220.407289509123,232.169517592228,219.848079504744,224.864247746656,233.112096608142,278.951378175697,258.157759375842,301.454858121814,247.154688195092
2198,2198,21970,0,0,10,0,0,0,0,0,0,0,0,0,0,0,0,0,287.019324745059,258.132938381235,215.746599206475,231.673142260708,224.008777338947,215.783119725561,343.134420679072,240.820885602047,189.70113738613,257.446858072064,208.034639135515,295.858234875918,235.794016520294,300.257870682934,254.585933167926,210.534372471569
2199,2199,21980,0,0,10,0,0,0,0,0,0,0,0,0,0,0,0,0,275.106318055633,240.340203846403,260.056269060453,249.974551440304,284.152801670247,249.936584665073,355.256457764196,281.008047367682,252.457521090282,218.702261688263,236.506714233096,307.411252181077,281.622397505841,268.865422140009,281.484531719693,257.351225893327
2200,2200,21990,0,0,10,0,0,0,0,0,0,0,0,0,0,0,0,0,200.468943909943,183.905668142264,227.401576256298,314.895002061651,270.585848280922,284.953207157762,358.428775672327,237.484971123471,289.451950736129,237.469623383204,246.283711724741,234.64596361727,248.016335442301,270.790202331205,317.60891840278,290.694492120593
2201,2201,22000,0,0,10,0,0,0,0,0,0,0,0,0,0,0,0,0,242.73173366962,265.628995871781,297.522736495762,274.959416637243,316.333765250628,322.886559854972,372.797791374523,229.803229483322,234.882010901634,275.951899126292,246.016011910026,193.727972941742,274.758469218561,312.300644709165,291.948914415255,265.343886016438
2202,2202,22010,0,0,10,0,0,0,0,0,0,0,0,0,0,0,0,0,258.023663237783,258.408784518452,295.797925670323,323.690910076118,234.379307551064,291.638677778794,338.019135998639,260.088953883792,280.98766149291,295.623759118426,254.275866541573,256.61489401404,309.319425955106,242.914919517118,217.923169669553,234.51925612554
2203,2203,22020,0,0,10,0,0,0,0,0,0,0,0,0,0,0,0,0,273.573277994148,309.470343779742,208.677211216527,238.927270581637,270.136276248632,225.51659431119,356.272551889078,261.890675498798,285.542593899254,260.187312459063,207.882040551035,283.279545011671,234.888932689926,211.433793339793,254.829606035434,286.09002389656
2204,2204,22030,0,0,10,0,0,0,0,0,0,0,0,0,0,0,0,0,184.720502928741,291.609831994931,293.337890619653,248.199509213126,207.066653046902,302.550256957878,361.833770846894,278.283389845796,315.237479792021,309.055809243199,240.714820612017,222.643425143467,259.92926267927,211.95164857182,328.176269401839,271.647820801752
2205,2205,22040,0,0,10,0,0,0,0,0,0,0,0,0,0,0,0,0,246.356271703172,329.09657730709,192.437117856406,206.434288537216,292.740631263538,280.778052541662,395.807680179951,303.412350249552,244.04736951018,259.867422726942,293.243796213552,295.107214957771,236.525875747729,206.465916506597,227.267511340137,348.97904738646
2206,2206,22050,0,0,10,0,0,0,0,0,0,0,0,0,0,0,0,0,230.003332336482,254.43909796043,291.569760612495,287.258936591567,258.427011314757,259.662761720084,343.387923845371,287.025350788923,224.463957914464,206.432468671857,294.502241313711,269.288627459239,218.922628731132,265.324336525542,269.011233606707,257.839524237074
2207,2207,22060,0,0,10,0,0,0,0,0,0,0,0,0,0,0,0,0,227.362407129477,201.802797835165,309.849367341294,281.361681909954,278.53953553128,250.851520645821,365.6397356189,248.138392686853,217.216130744023,242.22970327333,249.218585848782,282.458826255331,241.294704044012,321.159296950195,242.925152533701,317.554632708193
2208,2208,22070,0,0,10,0,0,0,0,0,0,0,0,0,0,0,0,0,223.559886057708,256.995056958288,242.508504713694,270.531608065547,280.392892565567,228.307897148025,374.708109386184,204.746574996393,233.428317342472,208.135229437432,240.729034968719,233.702318813447,236.433924737363,201.973997719544,290.198321923782,303.303819373558
2209,2209,22080,0,0,10,0,0,0,0,0,0,0,0,0,0,0,0,0,237.778375832574,197.015777366429,255.988194440932,259.934571237991,260.151842320143,201.755439213602,401.4738290819,234.718705266147,277.342822768016,245.282903111334,272.588850325436,291.366551745563,230.487717427492,223.682118782036,241.512362895853,275.297343918406
2210,2210,22090,0,0,10,0,0,0,0,0,0,0,0,0,0,0,0,0,252.068389633379,226.98324589064,283.999558067317,293.18602732443,203.110801254624,203.704908063658,386.262579446594,202.221637772898,321.395412809051,153.556574495865,231.216791688603,255.257064371033,228.863118099897,309.024130557233,276.00838227229,222.145918033443
2211,2211,22100,0,0,10,0,0,0,0,0,0,0,0,0,0,0,0,0,235.759367379247,267.42631499029,291.972232994286,214.596963682836,257.182100581958,250.363586045645,373.262902465221,200.694957536646,201.450652562198,185.530501711631,251.872748626017,204.310075221747,233.85564153343,292.147381606618,264.132394340713,307.225124838141
2212,2212,22110,0,0,10,0,0,0,0,0,0,0,0,0,0,0,0,0,258.950663913545,283.084521507921,216.105844022703,250.942717405122,261.899333683828,290.713223816875,408.474935505024,174.827968225187,288.534837758874,215.671194531153,264.883747351156,267.570811225473,269.109539788227,284.877475593512,247.8110074862,260.246253208754
2213,2213,22120,0,0,10,0,0,0,0,0,0,0,0,0,0,0,0,0,305.69668590421,243.378419505382,264.583037314709,241.728488228241,271.227184621739,264.910803926318,392.83229457585,241.854305277678,272.752865249908,198.161995217782,340.203710637712,298.480553286494,211.220850476864,299.141976634886,223.132424375066,212.007354516466
2214,2214,22130,0,0,10,0,0,0,0,0,0,0,0,0,0,0,0,0,268.046367756946,268.349729857904,218.450767551838,221.263140628451,209.80066684211,295.830066587125,397.33881811567,263.676896877218,290.663642014726,257.18055136991,250.129171435008,247.050946999513,206.815064393089,269.421982443055,289.200870937515,208.23482945956
2215,2215,22140,0,0,10,0,0,0,0,0,0,0,0,0,0,0,0,0,270.45274762059,300.371090323874,275.286256160784,263.985903539104,254.083032170193,228.250413362216,389.845406546253,293.128111935151,245.356107545109,298.029673895679,284.764481476055,287.768724861344,176.428547461679,253.387681281663,280.058653147253,273.233945454477
2216,2216,22150,0,0,0,0,0,0,0,0,0,0,0,0,0,0,0,0,260.733755891783,290.754200466281,271.900558158482,235.195207040739,252.483721671153,199.92150768943,398.458170314343,304.013555286701,189.032007753471,253.40832968239,218.184196242114,245.020053537382,335.925488537054,173.735128347042,142.325730335059,186.491741535094
2217,2217,22160,0,0,0,0,0,0,0,0,0,0,0,0,0,0,0,0,209.545654832254,271.461070885117,269.694551667079,215.803258840818,234.044205791597,192.452266040304,389.970712531093,296.161276116706,251.833067386352,279.712440691465,261.055454097047,218.870725399012,316.04367045409,249.189278069045,209.388043860404,191.591601333621
2218,2218,22170,0,0,0,0,0,0,0,0,0,0,0,0,0,0,0,0,291.202446596043,277.951995126517,240.314654997642,220.756496000306,308.379469732057,167.869693348792,400.688826357659,269.651340704276,240.521891587485,245.423426268456,192.142941183946,238.975307010372,264.12099618522,230.607844945345,270.081661876524,255.650180501253
2219,2219,22180,0,0,0,0,0,0,0,0,0,0,0,0,0,0,0,0,281.848283528843,310.816672991987,221.035046147006,268.328617651385,187.442048908786,221.551446256093,392.867332824928,222.000194850925,234.080492130197,177.408022245033,273.093674244392,231.780790148179,258.954941630018,209.651412018034,269.861231958266,262.415793020275
2220,2220,22190,0,0,0,0,0,0,0,0,0,0,0,0,0,0,0,0,257.868308483747,171.942518981416,299.231319563466,177.518089584165,216.380250669091,219.238453711509,390.216936726381,280.41580551126,270.327373396542,304.013962345435,213.298711315969,250.8444532437,332.484363174432,252.880206366892,247.237228765541,249.892180944119
2221,2221,22200,0,0,0,0,0,0,0,0,0,0,0,0,0,0,0,0,304.141426616338,227.335775730677,208.603447379178,185.546158360595,276.279068669583,277.003492858146,362.174750367837,254.4688763808,236.798522681221,241.470143834658,304.890744781062,231.18804014944,294.811729105022,235.165318923826,216.836980446142,214.979116691356
2222,2222,22210,0,0,0,0,0,0,0,0,0,0,0,0,0,0,0,0,246.311071228728,253.461152430278,250.17622614886,235.991396864408,227.854955235186,206.929743774218,353.986664247486,243.619458754412,245.537717787196,227.12748205493,285.940158392655,246.082101095145,289.669778836535,335.214609837691,226.902066047549,256.165960977533
2223,2223,22220,0,0,0,0,0,0,0,0,0,0,0,0,0,0,0,0,283.341745717441,238.710332382009,252.070551068688,257.075903779188,263.24709630392,276.042518031125,322.960217423338,226.475491158988,209.146434130593,229.217949485814,302.096096029048,280.946567266357,260.667565287962,291.721945362302,313.852118239904,283.78131732685
2224,2224,22230,0,0,0,0,0,0,0,0,0,0,0,0,0,0,0,0,204.842930637815,223.429789428768,271.636628120288,235.658244191187,235.115936641926,184.94304442342,343.50930489097,230.436868150353,226.60465871041,248.388207064669,314.792404117524,272.919535445226,263.024353682741,209.639093303292,282.199956388873,192.772169053768
2225,2225,22240,0,0,0,0,0,0,0,0,0,0,0,0,0,0,0,0,224.138769372927,248.739627103718,172.357256413186,242.347886861435,253.632112867954,221.855324437116,326.440202079758,172.554096530397,238.212532448529,247.680979693307,204.117161981712,191.487929171583,272.652749284972,285.56745791741,239.911892157567,241.844231679851
2226,2226,22250,0,0,0,0,0,0,0,0,0,0,0,0,0,0,0,0,248.570742750178,223.292846190963,264.104283094765,247.570778223046,230.321891853682,266.153139306486,324.585479963237,226.63833643407,202.003637165226,269.457237804186,237.883508089794,270.980468243569,270.141589632021,228.864513557802,320.333095914612,235.37885243285
2227,2227,22260,0,0,0,0,0,0,0,0,0,0,0,0,0,0,0,0,237.866515807296,190.239736176311,216.379345211591,242.337245828816,257.237084772482,187.515927898975,305.240455486528,214.654379160431,235.620058728685,255.2777286804,265.692292595391,244.517821095902,261.591762583907,289.430406831078,310.129756003043,218.745437801378
2228,2228,22270,0,0,0,0,0,0,0,0,0,0,0,0,0,0,0,0,206.34520689862,272.749000832755,283.38299925025,290.812047853341,232.915649751262,231.303453513691,316.798453199694,283.431335734463,298.703726088791,225.730035401637,227.888321134466,278.913816811104,267.595484602634,190.398743196412,295.162377988836,204.861465753244
2229,2229,22280,0,0,0,0,0,0,0,0,0,0,0,0,0,0,0,0,268.175624952303,170.661543748483,228.362451560865,272.005225237999,310.299501902083,209.463713236851,317.732439035906,207.946216000971,244.345940935097,282.58152182149,214.567003223397,283.271955384296,231.122440864825,244.82985015682,246.554617437951,207.940487064176
2230,2230,22290,0,0,0,0,0,0,0,0,0,0,0,0,0,0,0,0,363.361651519713,216.236830425107,255.76290333285,242.96430078533,231.199813373388,311.356051228043,299.1409356153,257.924982229891,232.553664406044,296.845296899785,271.45013885127,280.245797785134,265.156800003421,267.133916755194,244.142977178799,285.161852287889
2231,2231,22300,0,0,0,0,0,0,0,0,0,0,0,0,0,0,0,0,265.091415096744,225.110680422334,255.411218554337,251.121349060904,299.918019768765,227.657504586552,307.256585900558,301.080782720836,183.371716275536,249.57110994961,291.273882134918,175.977479517043,246.962939492409,273.129682988894,278.479742482148,308.720062933204
2232,2232,22310,0,0,0,0,0,0,0,0,0,0,0,0,0,0,0,0,265.327087205937,258.416298530223,262.938680517014,331.108020358662,234.243052321582,212.403509964309,296.705040324085,201.473588199131,264.891377035252,266.789631066596,275.845193032387,208.920798849407,297.749611158993,229.599917599175,293.659496479234,211.739911766234
2233,2233,22320,0,0,0,0,0,0,0,0,0,0,0,0,0,0,0,0,253.684088658283,345.917065517965,267.626465896462,251.760277332585,266.593138298179,262.872366357988,310.442646450992,287.970501794226,285.985765979745,245.044692095339,265.880014609255,317.417836912433,216.810536763886,208.887033911754,273.440313640072,255.862966661378
2234,2234,22330,0,0,0,0,0,0,0,0,0,0,0,0,0,0,0,0,220.045315568641,202.334367288522,230.1963959498,240.818039051325,265.009355944279,217.711226157678,278.592402439823,184.222770624041,241.474753690218,252.257688974556,200.768397540715,305.964665279207,300.368056648679,315.262648822345,312.334086578486,148.413998873681
2235,2235,22340,0,0,0,0,0,0,0,0,0,0,0,0,0,0,0,0,297.543739545898,293.913619931497,264.335898059983,255.018304218013,205.829792962897,269.511278576864,272.62134985171,231.458834754422,248.055633288218,266.317022252906,228.172788011813,286.342213051191,240.741525561186,269.875169793828,219.744100647885,267.440624139122
2236,2236,22350,0,0,10,0,0,0,0,0,0,0,0,0,0,0,0,0,274.031083161322,211.177158905818,292.572415109117,217.769676935319,227.518734589338,249.234047393333,256.203397174327,250.18414413421,167.854316576747,243.361428837303,281.987816138044,240.33291996203,208.208494711325,219.965373215151,275.221360927643,248.925984133609
2237,2237,22360,0,0,10,0,0,0,0,0,0,0,0,0,0,0,0,0,241.609961324219,252.01395697498,291.457386558352,174.28362827505,323.409646083628,299.85999101981,266.248738079548,274.544753568272,295.780938260932,264.566352005745,250.301816885424,252.083348550138,239.12355040058,188.748536642974,183.712226496275,276.685430994312
2238,2238,22370,0,0,10,0,0,0,0,0,0,0,0,0,0,0,0,0,266.721558310392,301.617963055572,227.552142658639,226.238167711614,217.56682434354,291.051512805652,264.03700652935,265.923912259429,277.518572188056,263.916592914618,236.759186284862,191.933871027161,149.180895798924,249.29113446653,252.09001271716,214.168622891112
2239,2239,22380,0,0,10,0,0,0,0,0,0,0,0,0,0,0,0,0,238.313224112402,222.44084237372,245.72823218203,212.016847140528,204.5159154383,237.590924426278,310.903877396342,282.809469121849,223.785536802972,243.617636971312,212.213939722544,282.42549515742,237.656468714474,254.137050142702,243.394334245099,313.889167424351
2240,2240,22390,0,0,10,0,0,0,0,0,0,0,0,0,0,0,0,0,276.291144747688,281.629720175209,227.009802776298,267.605446078966,193.661743186464,217.606965405991,295.934814052048,236.984458529864,223.132752919256,218.185042808844,221.495422136458,270.426395880685,270.308575173358,199.583573582606,222.155447834226,235.34058770868
2241,2241,22400,0,0,10,0,0,0,0,0,0,0,0,0,0,0,0,0,223.246763335894,299.404939455276,271.731474126266,267.014239199458,260.892340843132,256.537786441675,320.068289965117,280.532388297715,339.353966084612,304.714944007777,237.539447745091,226.448276541127,243.197629162123,253.194592375143,252.971532080995,281.987197034815
2242,2242,22410,0,0,10,0,0,0,0,0,0,0,0,0,0,0,0,0,185.864275366797,261.341608264427,247.314967512586,254.309358400375,264.927558060273,257.397297499293,303.328711846962,312.335091917498,243.426845149535,259.294928160457,302.485102488248,249.647824411653,243.026869512631,268.971201350089,231.605582931519,240.011208166539
2243,2243,22420,0,0,10,0,0,0,0,0,0,0,0,0,0,0,0,0,237.223241528965,253.710028460662,297.206439114802,313.447563109558,218.515530073711,302.941717918271,310.454801563679,218.986090259203,194.327131162374,284.67615488408,221.331827547579,234.123032136124,221.742151457585,271.832419115841,256.171450142566,276.136347030516
2244,2244,22430,0,0,10,0,0,0,0,0,0,0,0,0,0,0,0,0,268.289480272121,284.311899128829,312.749319036928,207.491422978811,272.590461908865,201.688469971387,290.192545410457,204.457976690137,222.238089567741,258.407281475057,277.8307159417,168.29984285834,221.53634511888,236.943596825962,286.843134342421,193.074844056245
2245,2245,22440,0,0,10,0,0,0,0,0,0,0,0,0,0,0,0,0,183.378690914023,237.495528475098,272.244528843713,220.110282854165,287.519262051418,220.71805472544,321.1832665277,237.442097319169,244.081912986774,258.585521202491,193.712029916488,205.413243745459,207.842572432806,323.600764088281,233.163919545094,237.028601608316
2246,2246,22450,0,0,10,0,0,0,0,0,0,0,0,0,0,0,0,0,224.1698628105,228.325495760321,230.013028613527,158.244920193631,235.635027681503,257.862622175297,334.226929598871,228.171689213702,260.96698805321,201.169080764494,266.508149382221,290.017131117505,212.543166160899,203.857411650035,252.713708827434,237.095434656857
2247,2247,22460,0,0,10,0,0,0,0,0,0,0,0,0,0,0,0,0,193.630129430089,244.113544816602,192.043516962842,293.002712305751,292.333894054631,220.022617096601,334.250330083435,297.230862941882,228.266048805837,265.280597236823,282.1296595116,274.547190171876,230.510786706235,245.425677539052,242.69611155894,218.515687201958
2248,2248,22470,0,0,10,0,0,0,0,0,0,0,0,0,0,0,0,0,302.210177842818,231.233558320215,244.981585236896,212.100459853131,305.009690110006,249.248298000449,361.306001882567,197.482903228403,273.929861987503,216.520211382153,275.792116169921,225.5022321183,178.054364067993,279.924333516282,249.690052782824,200.938919652743
2249,2249,22480,0,0,10,0,0,0,0,0,0,0,0,0,0,0,0,0,225.630896044488,201.388896174763,187.765552935112,319.293531915729,212.683853482071,195.545737635831,364.125732675841,250.38718225313,261.663839232426,222.048329084597,226.480683143393,282.420597713022,236.852425119297,154.515175442968,224.018643427604,274.65869448476
2250,2250,22490,0,0,10,0,0,0,0,0,0,0,0,0,0,0,0,0,275.045814969662,214.234019163792,234.178084479551,250.163456840418,240.287433836481,246.09658672789,356.401198189057,266.306373511264,229.138034269102,251.771490346784,279.233534777873,306.612795188404,250.321652606281,242.625580668583,262.594892192577,227.198046803672
2251,2251,22500,0,0,10,0,0,0,0,0,0,0,0,0,0,0,0,0,213.004508846932,237.1866995673,208.15452537582,226.465404188027,272.019981555624,336.370941125733,378.950167536873,294.738487827227,267.035544275221,281.003664447904,322.648947015357,247.503725740449,253.979235623125,275.972287583057,251.652875151305,270.272540025902
2252,2252,22510,0,0,10,0,0,0,0,0,0,0,0,0,0,0,0,0,233.109785740844,229.779737809824,252.381236462668,262.981816345363,327.125632901395,217.28289977788,373.037171864434,263.065941633339,267.07802669999,220.673481876737,293.739635445692,199.728949339761,261.656718347253,284.822494128144,295.535370907429,316.351549039698
2253,2253,22520,0,0,10,0,0,0,0,0,0,0,0,0,0,0,0,0,241.385225347469,253.975395389133,281.415066467566,269.739839104259,246.422015197957,264.854568739784,379.40208608559,265.548096378198,207.979787541225,240.290792284417,250.667709983878,296.945293877364,243.674597849236,232.872266738541,276.281831405673,302.339350066103
2254,2254,22530,0,0,10,0,0,0,0,0,0,0,0,0,0,0,0,0,186.295951399331,291.540511060305,266.010921147789,336.384560766727,261.729625856787,244.884204149246,385.282584693151,279.448324715722,313.274353384511,171.789523513413,207.800260157459,248.228010899701,308.691154030883,246.206204097577,214.813743438645,198.001912344336
2255,2255,22540,0,0,10,0,0,0,0,0,0,0,0,0,0,0,0,0,217.848092304973,286.288713263646,285.585976050485,282.81150120748,338.409550443666,216.785520740704,402.662167777084,171.841823894299,251.806921216968,235.986958963518,209.410366868373,220.091374746029,258.600609756687,248.999443890052,288.278743320509,248.606826734822
2256,2256,22550,0,0,10,0,0,0,0,0,0,0,0,0,0,0,0,0,258.764968758213,288.26960878639,267.798518642376,238.80082525849,222.516396353195,242.566030041329,398.264744040929,221.590583205333,293.666522166412,254.256292439355,268.286806546425,371.358249820976,295.050099928066,268.440927567029,263.686290614573,256.909335135307
2257,2257,22560,0,0,10,0,0,0,0,0,0,0,0,0,0,0,0,0,298.748931122182,257.503292388196,203.386763984774,188.054240619971,200.372691088711,249.897498618208,379.603435657766,263.975595399143,295.703774934341,247.491254468155,220.885064991095,300.872108209645,233.88061335825,302.079708960273,268.289585688141,250.727921427972
2258,2258,22570,0,0,10,0,0,0,0,0,0,0,0,0,0,0,0,0,288.29717320234,249.889150312262,203.613635429071,253.730609047626,290.7417323724,288.215419855934,394.586343474293,179.022885056104,199.177285093805,287.623313108112,334.430128627283,352.391241370057,345.13540470123,184.51784605897,170.471531414575,247.51219894399
2259,2259,22580,0,0,10,0,0,0,0,0,0,0,0,0,0,0,0,0,310.876048625817,261.689871730112,263.19771811517,237.124004177303,295.762657896544,237.682011652565,412.695641774215,225.050746799114,234.127660694963,184.721437206084,275.879096744691,257.030293773242,230.90857474759,295.548505002173,255.195846463102,221.809080693199
2260,2260,22590,0,0,10,0,0,0,0,0,0,0,0,0,0,0,0,0,220.382652811139,224.078648572102,265.586661906526,212.860473982347,238.142236053363,252.351419756688,396.66967199767,282.175804958985,283.450575451251,200.161254688369,223.634761071965,286.767425820795,301.148059462775,244.87314758126,217.539346852163,321.858185267112
2261,2261,22600,0,0,10,0,0,0,0,0,0,0,0,0,0,0,0,0,274.960455485263,271.902143272691,268.814483314151,221.319898871372,221.449869272388,213.357872583093,393.454537431246,227.398238043801,239.476620401087,293.253392851347,185.1896323957,248.464052369882,190.606410659606,267.077510314788,240.824220883623,250.037021609861
2262,2262,22610,0,0,10,0,0,0,0,0,0,0,0,0,0,0,0,0,315.308377523602,275.813059734902,190.770946339363,303.371810323826,260.451190411637,258.443888997042,393.84949787065,216.098476365399,220.266471859506,197.931942367882,238.818811991299,217.599451043822,221.701521020983,239.05422628036,260.175694725296,249.011692196582
2263,2263,22620,0,0,10,0,0,0,0,0,0,0,0,0,0,0,0,0,229.618634382157,291.289062977123,255.983664371972,182.956095164678,282.847205611286,282.229315751387,421.066407088972,303.961110294349,242.618286823456,238.697983029343,256.605022587811,187.543403007719,227.733422527916,223.595628884949,244.559778913363,227.378598678933
2264,2264,22630,0,0,10,0,0,0,0,0,0,0,0,0,0,0,0,0,286.005306720278,209.582953891852,271.995974150521,293.745692625124,263.102525059698,270.954906025082,421.396090948891,249.384027939898,291.667060917983,194.757788089888,211.506397869626,185.955492175582,223.715149306482,251.787785829653,256.23566818895,263.014358805451
2265,2265,22640,0,0,10,0,0,0,0,0,0,0,0,0,0,0,0,0,221.303390858593,281.445770205602,260.641000981321,292.493360741009,307.236878167843,201.345078617891,404.735432733776,253.231656554167,299.148500932545,320.526313052866,253.564089522575,232.452240738161,237.661510260519,207.060800626846,283.18779558751,231.188482706077
2266,2266,22650,0,0,10,0,0,0,0,0,0,0,0,0,0,0,0,0,270.482610267531,295.326129267765,275.022676681389,234.646526413898,201.645501172785,279.04787842181,412.225945530075,241.651670604057,214.409545944598,296.396247693813,353.643877426636,246.158705612102,220.042516471229,215.345292488195,274.55685833548,259.585523840554
2267,2267,22660,0,0,10,0,0,0,0,0,0,0,0,0,0,0,0,0,248.052326375275,263.069254238749,230.813421506454,249.350413198831,311.149930483954,328.953780321046,410.273379610566,280.210057970339,251.465722030313,313.880843127873,267.959833657428,215.121695983243,229.44823228728,265.510409931163,312.367294032511,246.097823234181
2268,2268,22670,0,0,10,0,0,0,0,0,0,0,0,0,0,0,0,0,239.188978727848,230.837960741199,268.329170314123,239.822592691213,232.253192298951,231.902820055463,393.422207495368,261.815363874177,228.307568107322,244.630745214461,250.414765163136,220.917435889987,258.193639961271,326.173745216901,283.425351415687,243.991689611377
2269,2269,22680,0,0,10,0,0,0,0,0,0,0,0,0,0,0,0,0,299.759336195151,274.864556578864,278.241579286716,226.56311294596,277.118452759909,232.686567036622,417.24463891459,267.280294199148,239.203243536502,276.138951933437,244.499382497071,238.0326363871,267.747788926573,268.937982083347,243.565099838148,216.008932141255
2270,2270,22690,0,0,10,0,0,0,0,0,0,0,0,0,0,0,0,0,224.512202792565,248.356739016818,322.799425006839,200.78286007281,255.635503251608,262.78004394756,400.67315148119,239.777542605496,323.60318246265,223.431276321496,273.229679413711,201.314230613195,205.180391223502,207.197275933956,250.872526643071,192.013118654082
2271,2271,22700,0,0,10,0,0,0,0,0,0,0,0,0,0,0,0,0,237.4208466474,258.918958012716,178.306829749506,226.932613803732,236.279378000963,279.936379474486,402.258103192982,286.814346295683,223.826532346696,246.151671304853,276.484602008042,279.074808267274,220.467897530345,202.985510503606,240.86684420725,289.381030646187
2272,2272,22710,0,0,10,0,0,0,0,0,0,0,0,0,0,0,0,0,275.018824168419,306.620361717997,266.168949826161,191.411729396804,221.813434746,248.165560912587,414.548252032509,258.874820905964,182.629801628267,210.838951542134,203.607316585063,219.385899333896,279.740544764217,261.240486503876,236.842952492904,236.141017739147
2273,2273,22720,0,0,10,0,0,0,0,0,0,0,0,0,0,0,0,0,252.736072979863,275.628226610863,258.305509072492,248.797927814179,325.930976115534,217.772719748923,401.534954437695,208.226564835565,184.295971375288,237.696785980691,305.946427872287,318.460057766237,259.399823345735,225.773214442034,197.436324281439,293.240472230438
2274,2274,22730,0,0,10,0,0,0,0,0,0,0,0,0,0,0,0,0,274.756347416289,215.692856895299,315.728267795668,244.067156045439,217.031806833132,287.013926766932,418.244782461323,234.368069690186,231.814553278373,209.54609355715,244.186939916923,239.416757097066,226.544898888806,284.492531721801,277.172772647703,240.101283298263
2275,2275,22740,0,0,10,0,0,0,0,0,0,0,0,0,0,0,0,0,239.774095318946,323.371983953953,280.350529041432,267.221902132351,222.983162938843,301.286522756417,422.574216269386,269.039373219069,222.69557894576,260.23850228978,268.015954485476,214.509971616888,255.943074300427,191.850413426395,232.670264027563,270.094423560256
2276,2276,22750,0,0,10,0,0,0,0,0,0,0,0,0,0,0,0,0,291.377097931098,233.530401050462,216.279090662292,243.41615748905,205.220115057994,204.064562837865,419.190864320775,237.645110888332,314.779059341271,296.183379366734,206.479447145778,317.659700009427,242.121116047359,211.177056637049,271.788161922604,233.279056899237
2277,2277,22760,0,0,10,0,0,0,0,0,0,0,0,0,0,0,0,0,282.985997449168,200.055550428364,261.137722565162,264.107710520654,329.910290477325,265.549786881459,400.903185804421,257.866438260431,209.160583432489,277.245850064945,202.432850558288,314.635819671855,235.797246193494,247.139379357188,207.44211905647,246.623121054266
2278,2278,22770,0,0,10,0,0,0,0,0,0,0,0,0,0,0,0,0,264.998429791851,210.716336735599,227.489072595727,274.792967018386,278.207601213812,281.479820400827,409.113964083535,325.865751051623,238.822978473211,281.684646527658,238.988678006771,315.840997171551,220.316603286343,231.190218916838,278.821458512591,227.542096196845
2279,2279,22780,0,0,10,0,0,0,0,0,0,0,0,0,0,0,0,0,238.667314568768,231.33232227174,256.617155858917,303.152189124793,277.352335307158,283.279612644091,411.807982062017,217.866419717271,261.764858204145,289.166301983167,357.845075771699,250.760537588051,329.160605041398,217.371075605286,244.917387790413,218.881311587966
2280,2280,22790,0,0,10,0,0,0,0,0,0,0,0,0,0,0,0,0,189.539080216942,199.619517499555,282.872915618514,273.656069010869,313.111322472939,307.499583509191,403.638603898118,252.630948921903,245.501679235956,270.293349805381,202.197388759807,224.17494600625,281.622803080812,272.549874284028,260.959251368029,203.352052310953
2281,2281,22800,0,0,0,0,0,0,0,0,0,0,0,0,0,0,0,0,216.979557781023,313.777730404483,244.00895572409,275.522196842022,274.318630863824,282.988643342728,410.854565920344,235.374780443155,250.754137646649,264.295036534801,191.081660791509,265.148666552273,245.684068757316,212.065046911841,270.023950030681,279.561850779188
2282,2282,22810,0,0,0,0,0,0,0,0,0,0,0,0,0,0,0,0,217.352131361181,287.874702443022,253.80749932699,183.209886074453,233.636804150073,218.773652718183,408.963148313017,237.41101603427,243.608536843761,256.698253340419,263.146558569892,237.697761729091,295.195965605133,237.206613325699,295.471366113919,256.730789307118
2283,2283,22820,0,0,0,0,0,0,0,0,0,0,0,0,0,0,0,0,215.322850441576,228.355969132493,204.355649618463,235.909488588405,217.294035564063,281.307018305557,408.007091481202,244.328133992154,233.260065799615,272.994478162931,291.743251592692,243.701531765506,224.799320533775,223.301204141021,326.581476933974,251.489071264153
2284,2284,22830,0,0,0,0,0,0,0,0,0,0,0,0,0,0,0,0,226.330873583004,264.766969409572,250.499975414653,254.048794109059,283.733367279545,233.53205882602,397.888827810796,136.0389704455,263.720836459374,221.641902781956,308.62910193264,236.479553346101,251.446567704695,263.947320242491,230.32460377639,237.635833433931
2285,2285,22840,0,0,0,0,0,0,0,0,0,0,0,0,0,0,0,0,263.4114476869,298.306105273301,251.369575781326,208.843661312628,270.833950380958,211.391229764351,396.270331384212,244.671941748584,278.912570853736,182.789666786284,303.355737323099,200.688486947225,194.894306409667,287.341479489584,215.029803272666,241.738632934019
2286,2286,22850,0,0,0,0,0,0,0,0,0,0,0,0,0,0,0,0,243.267696476496,213.23156518517,256.009841254983,224.534051418976,260.997194904722,222.344792982697,358.379421797724,229.718108103133,179.604966796483,226.125997728335,182.254664256286,257.040109497072,274.634144390018,237.863959587222,286.861457527006,283.253678305196
2287,2287,22860,0,0,0,0,0,0,0,0,0,0,0,0,0,0,0,0,247.792319287731,298.893820953453,228.990740805072,243.19731383864,216.684286992278,218.675862025093,356.195634712361,282.827371614663,222.3947337654,226.863986095536,252.554829617762,235.120575324374,250.518205994486,206.207594761159,170.174135789808,173.996008416418
2288,2288,22870,0,0,0,0,0,0,0,0,0,0,0,0,0,0,0,0,301.434983904313,236.603769645289,307.171913953627,298.105465376842,242.321402999885,283.770020663431,383.698760247728,177.00221014434,223.388586547163,298.028680632239,215.572291170458,278.65054089107,201.814227810089,296.282363678542,190.551205037591,245.437780862629
2289,2289,22880,0,0,0,0,0,0,0,0,0,0,0,0,0,0,0,0,274.295004325295,235.298463388261,283.683411189329,271.86348177616,242.040577494978,222.35337054676,362.914287933696,212.373824081269,227.820039066765,267.608975485095,252.218480270802,263.040148590664,339.629773678321,237.43163422613,255.730281659787,280.03050134852
2290,2290,22890,0,0,0,0,0,0,0,0,0,0,0,0,0,0,0,0,202.227811705721,209.755487809575,202.158253759913,203.138911831205,218.653408576807,265.439391017025,343.491675069366,250.563168844195,194.933194587203,206.245253053052,253.01215148242,251.841245864364,249.332147341271,266.684297249043,260.782805736248,304.631557945548
2291,2291,22900,0,0,0,0,0,0,0,0,0,0,0,0,0,0,0,0,258.682762688992,232.364375524615,251.348479212889,187.802857617202,270.262756104235,282.508456971044,349.082560736164,210.86577538813,236.377433392464,206.186306163609,299.492075040141,288.018964750541,201.979130709866,274.503556326575,209.869973085301,249.903928173575
2292,2292,22910,0,0,0,0,0,0,0,0,0,0,0,0,0,0,0,0,226.626277339986,256.346242455719,253.94623430254,220.52630214523,278.442604876196,198.917333291668,322.607173006224,295.992828090668,214.941747231197,236.868185717838,254.711539814478,267.663302273149,174.656237764138,244.332801017277,189.812839288214,217.855211253124
2293,2293,22920,0,0,0,0,0,0,0,0,0,0,0,0,0,0,0,0,288.919103058351,242.814982439189,248.119224781623,254.201546505534,200.224994848807,285.446971397889,326.56605626401,202.498208989404,219.925938065177,263.205186176877,326.418720805272,249.906408561557,235.00161224486,225.305818122496,252.719910237639,209.310044525119
2294,2294,22930,0,0,0,0,0,0,0,0,0,0,0,0,0,0,0,0,283.418524325999,231.70010666543,182.512314176867,252.147779725456,222.741260794015,220.301009395199,327.46573314014,259.15069570947,282.569720979223,233.113054730216,258.664194977364,282.546504554872,248.891025636744,311.095737248638,248.843746320745,200.848504307652
2295,2295,22940,0,0,0,0,0,0,0,0,0,0,0,0,0,0,0,0,202.1389031218,252.539482579417,262.726075030185,249.953987813012,221.848828267833,238.263089789318,304.922851443967,251.844671082635,233.326724763734,278.249698083661,273.447179190788,270.858546622363,200.484626982964,259.484183672585,178.519728897689,268.247550870881
2296,2296,22950,0,0,0,0,0,0,0,0,0,0,0,0,0,0,0,0,181.989529074378,238.280516587057,257.353852075642,319.696623968476,264.740150670883,235.061967584635,305.560351667282,274.75423948397,289.158330312974,236.518008101088,234.347375904428,288.768077879618,197.606716126953,267.890972352862,290.612461611557,253.330664304769
2297,2297,22960,0,0,0,0,0,0,0,0,0,0,0,0,0,0,0,0,203.666912819218,256.643863391279,241.925239221491,190.262288645375,197.715121090208,255.55726400775,280.634800364713,259.348991505823,216.041223359683,240.916483133045,271.034306530539,222.892730587082,246.827003575148,227.673878389424,291.033575982006,201.355662481953
2298,2298,22970,0,0,0,0,0,0,0,0,0,0,0,0,0,0,0,0,249.680470884999,215.706493578019,241.882267054289,258.698710799164,236.3851271502,263.533528665243,285.588621636561,295.64885398302,291.081606112357,320.143098179201,247.426735338273,274.44124009395,265.506562074083,296.502181279298,210.966884824608,239.054756592204
2299,2299,22980,0,0,0,0,0,0,0,0,0,0,0,0,0,0,0,0,171.739913768945,242.099776067168,258.920783196545,326.700862100596,298.607670300855,250.387567099549,267.381047641293,232.631952496855,211.774045203134,288.170504790351,213.926513023816,250.970994467711,291.947011137578,232.390170331363,240.945085970959,245.202826510142
2300,2300,22990,0,0,0,0,0,0,0,0,0,0,0,0,0,0,0,0,206.984028929593,309.538790692767,246.212162740911,300.33551971004,199.599527675108,288.903471349429,257.137324920209,254.092775136104,206.089612536027,227.547191101681,246.34879997307,270.677170880197,316.768602207473,232.035088313088,209.231567872244,227.882952729024
2301,2301,23000,0,0,0,0,0,0,0,0,0,0,0,0,0,0,0,0,253.686591913591,259.260323092555,210.069535430492,255.278353585059,320.484857677308,329.83637708929,289.957344951624,259.23643940783,249.344451479521,235.795803138518,274.547666388609,143.414090519173,273.846101829014,264.793503059154,237.915602531457,340.459709529926
2302,2302,23010,0,0,0,0,0,0,0,0,0,0,0,0,0,0,0,0,262.754564792205,301.357552832533,210.471634834854,207.447701142873,236.979808669435,311.001857102921,250.380908766746,287.109005306779,277.316281007462,237.084745990505,275.361230005358,252.594127879333,300.009489064485,230.274470342592,265.828171776368,191.683689663944
2303,2303,23020,0,0,0,0,0,0,0,0,0,0,0,0,0,0,0,0,282.089613040594,273.975987663558,242.262777265129,238.881886067622,239.463192753802,276.094978635757,264.850813323571,286.321528628244,226.7441297423,279.170974398782,245.994975115998,240.059776108305,228.059556443391,251.514401373835,235.505788423249,315.677746417071
2304,2304,23030,0,0,0,0,0,0,0,0,0,0,0,0,0,0,0,0,155.318851826137,253.426566077985,194.64721671623,304.027923813626,271.613054401451,263.076981215742,258.631082364427,282.112172899672,275.99116876136,301.814696574902,313.405424573615,208.402719232065,251.490569673773,230.945544035859,252.251199428718,256.768085184226
2305,2305,23040,0,0,0,0,0,0,0,0,0,0,0,0,0,0,0,0,280.568903231544,232.205779505425,214.562833473148,234.205032097986,225.730688444497,270.370276012336,253.740653172262,305.39054117538,265.79830968418,229.371087811451,307.782437385146,210.546761701818,245.631593367178,278.244240955341,261.5219323612,191.497220174983
2306,2306,23050,0,0,10,0,0,0,0,0,0,0,0,0,0,0,0,0,237.601283071758,219.653730202907,266.202264441435,308.239285149736,322.157068513871,258.646580823993,280.204877909761,265.345641134475,209.298165534258,204.383385084162,283.086656747114,225.908036349902,250.173999251998,284.532022532906,272.785052077432,243.708278495832
2307,2307,23060,0,0,10,0,0,0,0,0,0,0,0,0,0,0,0,0,212.988105380735,256.347155078446,261.41867152608,305.003397071306,283.830318904802,286.666003729284,251.719686370133,236.961972082765,254.135940820895,321.532979814197,281.811746042652,297.344553908867,279.446609939331,251.885262763555,249.25493517581,170.449594271686
2308,2308,23070,0,0,10,0,0,0,0,0,0,0,0,0,0,0,0,0,209.481287221784,248.085359151611,253.424188235836,243.961124255461,210.869470290856,246.271248591242,284.291023541717,201.42137702711,216.273483223353,255.424537812613,264.618867376186,256.838330895481,254.759362572471,298.7104623647,283.329729285397,240.641243332566
2309,2309,23080,0,0,10,0,0,0,0,0,0,0,0,0,0,0,0,0,261.503005744177,232.004165544144,257.455642962687,223.776644712603,221.359203883201,221.127191229256,263.169787150212,234.127445755651,215.288562191092,233.375342943649,325.685011490221,228.885962400853,235.25305601975,286.689615994566,233.339363291666,242.286323259828
2310,2310,23090,0,0,10,0,0,0,0,0,0,0,0,0,0,0,0,0,265.583555321509,216.960599326263,276.033670398528,253.177810135091,325.881495963003,306.636796555382,295.97180631415,263.556876354176,234.872652444244,173.04615269284,238.825061757207,196.417139025437,251.396777913698,237.778724332922,269.26351596493,270.973296621144
2311,2311,23100,0,0,10,0,0,0,0,0,0,0,0,0,0,0,0,0,315.026792302471,301.716479547111,267.840262236669,263.75284178506,188.912667275411,307.594465609705,282.843889525069,233.61139879351,259.349686957026,263.846529000552,235.664470046523,307.981736235558,223.753024661029,210.830403646747,236.977591185349,222.341452272545
2312,2312,23110,0,0,10,0,0,0,0,0,0,0,0,0,0,0,0,0,249.556235647696,252.54684006804,166.198549861239,278.110370931821,226.514070504313,305.893026007996,309.500856507193,242.723335418945,264.278246597725,245.626362919849,331.457731584976,257.433210368105,247.852057280893,260.160984168677,293.745821518779,268.533343416448
2313,2313,23120,0,0,10,0,0,0,0,0,0,0,0,0,0,0,0,0,200.466800897306,224.793258194122,269.847981143292,259.249526695144,267.640019834829,245.926167640821,307.39618241668,264.301161505718,220.715067502493,304.89476712211,176.428771392223,250.666252134252,256.943435106236,215.822179709465,284.201783556195,252.426303557323
2314,2314,23130,0,0,10,0,0,0,0,0,0,0,0,0,0,0,0,0,230.237982064322,270.497691144028,306.497634076765,246.473348549866,200.886205638905,219.931356674273,304.891202822414,203.227870866246,276.15593451628,229.900389020506,209.200345815227,296.10356738864,210.450402932227,226.456060863962,277.618246153143,288.748530909013
2315,2315,23140,0,0,10,0,0,0,0,0,0,0,0,0,0,0,0,0,213.174221521797,299.114246202668,283.289749379999,214.782610465918,295.663740846997,331.991768028068,337.719595708321,197.151534683319,286.098500239645,277.421439222489,155.327509863461,165.968673479023,299.019428836027,321.357172277531,247.683981053684,191.797207456748
2316,2316,23150,0,0,10,0,0,0,0,0,0,0,0,0,0,0,0,0,222.205587804828,221.074177279417,233.040802652277,252.776784690635,244.18983205856,194.731141334533,332.975145482734,218.976531707544,214.577144327066,275.897280887244,269.072496326462,281.364808674384,182.417779517307,248.818235604338,229.548026403873,275.71577544887
2317,2317,23160,0,0,10,0,0,0,0,0,0,0,0,0,0,0,0,0,203.953767643453,222.304890001806,293.738665377343,251.749269206476,276.306872362371,264.055236729111,346.910604965484,281.136928568271,234.209068702529,256.968639052403,242.39891244779,257.958058945829,297.720432361347,311.182694892675,289.669473775361,242.286849169057
2318,2318,23170,0,0,10,0,0,0,0,0,0,0,0,0,0,0,0,0,241.349478715307,215.437943491234,281.248847355437,161.750443408622,243.075403771675,217.215457775423,338.928637325109,215.915812539635,272.458541155363,222.589600851639,170.930530787707,252.74849288001,181.452270224471,260.127555551704,226.304730653954,239.101864959307
2319,2319,23180,0,0,10,0,0,0,0,0,0,0,0,0,0,0,0,0,254.385060031869,277.618981408755,247.50222594005,259.845077017936,254.93391802987,258.06249732394,359.005052885068,184.212863495259,211.870145471846,270.55981377252,180.738195014152,145.374999727674,231.505424785599,218.672494628171,206.086295241946,285.736547061541
2320,2320,23190,0,0,10,0,0,0,0,0,0,0,0,0,0,0,0,0,213.283418575897,211.903217495628,268.167303712487,246.320759581798,319.020952317869,273.288795673419,345.406238909057,266.712129622519,284.869854149771,252.346513551432,268.832011797875,266.428954810748,280.6904392603,230.458035374672,208.731113018344,248.4631394649
2321,2321,23200,0,0,10,0,0,0,0,0,0,0,0,0,0,0,0,0,260.475371862538,264.669768067765,268.250219642289,300.312318871574,238.311004678572,262.924870820522,378.992380935491,201.878282950944,219.581697048602,221.252070892321,167.378191390475,269.163494431324,236.152065651283,306.89395022082,276.955048780717,234.953872962445
2322,2322,23210,0,0,10,0,0,0,0,0,0,0,0,0,0,0,0,0,238.286109717513,238.313822878843,266.025788033399,237.739758295043,297.853244408001,294.59977309331,378.543338134445,314.76036566314,265.862928037679,238.850124763416,212.912509744251,285.572872737898,241.141694170055,232.206522105825,144.924844374345,317.445666694624
2323,2323,23220,0,0,10,0,0,0,0,0,0,0,0,0,0,0,0,0,292.388912025324,337.759535582824,269.14307680704,287.978792221258,264.978167891587,339.024797264407,380.227967401819,241.476544765696,237.665167531646,257.116655588388,288.586522314182,255.945147544012,299.538826629071,197.864703314878,221.496222345423,265.125045435843
2324,2324,23230,0,0,10,0,0,0,0,0,0,0,0,0,0,0,0,0,161.382881522759,303.553459956721,272.644257946634,191.241650436149,272.396286877633,275.389053701273,390.341923938224,244.909259563209,259.499730335642,307.610543411491,248.026013901756,283.647940194649,244.771712450718,310.412621411201,278.366132345537,271.335300284064
2325,2325,23240,0,0,10,0,0,0,0,0,0,0,0,0,0,0,0,0,203.744900000583,249.711167965933,247.635295332323,230.427341062128,229.989436223437,244.903973306482,379.764630063625,258.838128303832,206.741899080316,224.994894395657,293.23104955737,238.639758489407,294.463189684193,302.189677168489,209.194789456767,228.580258298309
2326,2326,23250,0,0,0,0,0,0,0,0,0,0,0,0,0,0,0,0,220.094298863637,283.529496959738,229.491018990493,222.788745043471,228.398862496935,264.890375537364,389.453183750121,195.943225834719,227.180078220515,220.214479881938,235.055013196595,230.252515086624,264.474638081494,301.860206335931,189.785860261204,305.487182135046
2327,2327,23260,0,0,0,0,0,0,0,0,0,0,0,0,0,0,0,0,225.204526128573,246.892113434979,284.041936835469,272.381099014887,192.35757828337,261.773328768265,387.302048412039,217.498550324549,305.630799610289,227.848393700674,267.919209708471,173.858738224057,215.638124361221,246.926208465686,177.319473492764,270.961097506423
2328,2328,23270,0,0,0,0,0,0,0,0,0,0,0,0,0,0,0,0,240.020356860474,307.729160082217,233.620742470672,271.05946597246,222.314424728792,239.725578320243,381.72034732238,238.58605620027,272.272814792624,185.700533005743,245.728680053399,256.064850512825,235.730438746072,214.987176166617,290.47292282504,227.077122276249
2329,2329,23280,0,0,0,0,0,0,0,0,0,0,0,0,0,0,0,0,246.731028667344,241.959974990431,234.355879719396,231.374695713998,265.845026678379,273.427289514867,387.636670035203,315.4555657784,224.152090642154,281.230466889107,250.355095042771,256.309861902307,200.059704626217,293.340573036088,209.157741684174,199.328014512632
2330,2330,23290,0,0,0,0,0,0,0,0,0,0,0,0,0,0,0,0,223.615217252126,267.609783867832,278.997862281604,259.090440484148,223.129929516034,269.308313141307,372.19633174042,266.36960524425,190.930554490883,210.969577647312,253.004232084109,246.52414881196,211.618716467228,265.576151625004,210.732995309496,270.041365782166
2331,2331,23300,0,0,10,0,0,0,0,0,0,0,0,0,0,0,0,0,222.500910256489,251.741631494861,227.23601543197,223.981065069557,290.730866246675,197.082744002738,389.752479501907,190.25590812031,213.93003224757,243.143585222062,210.5469701126,270.070769691932,284.003480567124,257.649799756661,255.531400100946,213.679425369587
2332,2332,23310,0,0,10,0,0,0,0,0,0,0,0,0,0,0,0,0,254.143869010386,242.958796015544,167.573339871689,206.35105602912,268.446935481673,227.809095193506,356.287848864003,330.45456643626,275.885245307839,241.472447470049,200.887265104056,233.491574681382,200.312948691814,267.692455896261,239.964674417632,201.436732212089
2333,2333,23320,0,0,10,0,0,0,0,0,0,0,0,0,0,0,0,0,221.79523657419,214.361108438076,300.288698668771,324.860316801511,296.179448095835,235.456612347081,365.898801758808,220.361652556131,231.86901965667,231.403087989637,139.01787391806,223.11984823957,233.872788728853,170.434252742094,229.864998592972,218.856966327222
2334,2334,23330,0,0,10,0,0,0,0,0,0,0,0,0,0,0,0,0,202.438007823509,255.611607114681,252.699196814012,268.643489901277,221.118417846074,230.52276626808,348.991901595837,292.265282104009,186.617640962015,181.851120620855,284.284442195104,207.729042765042,237.228592674468,210.984098519509,267.334303813165,189.488371026095
2335,2335,23340,0,0,10,0,0,0,0,0,0,0,0,0,0,0,0,0,245.713093375464,252.74141907652,289.927707477537,292.68207664163,206.237154000539,210.213921363561,368.988595876369,273.322477646434,225.341898620662,298.274887182009,209.498942974145,227.452927706363,238.89786130479,285.866920881841,221.361552731492,296.682181649964
2336,2336,23350,0,0,10,0,0,0,0,0,0,0,0,0,0,0,0,0,260.736821004408,265.030151373182,239.516560633926,285.238243433027,195.022214366345,165.519713275248,355.971707042828,242.714053762013,334.500009722051,234.436743549468,261.05087001166,254.00182322194,208.336014856512,192.155767162538,298.673416266437,312.048238003821
2337,2337,23360,0,0,10,0,0,0,0,0,0,0,0,0,0,0,0,0,189.707287756012,287.467019098395,244.197688364658,264.904744017385,284.960942041373,252.07270768543,342.608367240318,268.482148275288,242.530306921221,239.855760110037,293.833334332331,290.745095551544,240.737321469473,225.86908411709,276.630506416288,200.14465001872
2338,2338,23370,0,0,10,0,0,0,0,0,0,0,0,0,0,0,0,0,260.370846738773,290.988019138078,276.895006968217,270.18674065346,282.37141848236,278.929204592241,360.301743791794,305.193504882015,246.472525286117,250.014431628625,242.635674742635,234.291465010829,244.407120498766,276.184644621273,326.325145904852,240.364198829914
2339,2339,23380,0,0,10,0,0,0,0,0,0,0,0,0,0,0,0,0,191.024793756339,259.948231131727,226.076107399016,290.371171631278,233.971713266268,281.121566266171,353.587875548508,274.343014367348,241.383453377769,276.605251059539,301.113108261477,222.820720733348,154.502170900861,305.011287329763,223.076150289894,323.046894210991
2340,2340,23390,0,0,10,0,0,0,0,0,0,0,0,0,0,0,0,0,209.876476160239,215.180973455529,285.808627991718,160.23674416504,213.542479022462,250.099799419722,364.984521343838,282.799782955061,258.797990130015,220.980255812492,330.716850939854,313.456550776769,222.091349429388,300.917195667079,274.592693457813,256.134686200569
2341,2341,23400,0,0,10,0,0,0,0,0,0,0,0,0,0,0,0,0,247.858572744221,276.411201201137,280.543344595507,203.369168419914,278.130594866835,188.965419233266,371.816726900354,297.472031728174,270.715422968697,237.087717846074,275.33415251471,251.995170687218,269.234758918565,257.295995702264,254.524589924573,252.459873597351
2342,2342,23410,0,0,10,0,0,0,0,0,0,0,0,0,0,0,0,0,201.970712511781,253.847581116139,238.358158040719,245.13918306384,219.44765412414,242.012306559113,373.184884662356,229.308776010902,275.743536141281,268.431391819476,223.521170020372,279.375341216533,293.78985715813,212.328499481846,249.694443524723,208.21299137363
2343,2343,23420,0,0,10,0,0,0,0,0,0,0,0,0,0,0,0,0,265.942617746826,237.993116934101,238.727119424303,261.909638599515,244.725571373245,236.939022355326,381.336849493481,221.414496777908,328.783923035841,255.76186608496,285.497861139659,233.141220870314,287.716814394691,227.276046117924,304.738546643187,235.704941818844
2344,2344,23430,0,0,10,0,0,0,0,0,0,0,0,0,0,0,0,0,265.690074648682,142.338157156361,185.093948888007,216.544180066279,179.545208448085,235.632657803613,373.248899395908,272.510475815992,282.127622771397,244.934653214382,265.214169812515,328.649190538658,223.434452484241,291.352637260971,197.269985896947,280.386506174862
2345,2345,23440,0,0,10,0,0,0,0,0,0,0,0,0,0,0,0,0,259.183862701996,220.729963380706,315.44529775686,265.538248057619,207.092779512901,247.211917524318,393.881876274897,240.083793296453,260.545349471421,217.096799854038,260.001429749149,225.610915118848,237.778110272428,183.991755934499,219.079229691508,225.832579494501
2346,2346,23450,0,0,10,0,0,0,0,0,0,0,0,0,0,0,0,0,271.954930280916,283.051587822465,257.756087326414,250.160813086582,266.30914699707,276.6177067854,387.895139674144,238.057238445327,158.555846263637,232.328968780235,214.751596626352,255.8966656816,282.398867732767,201.054239845698,290.545791193323,308.327359642463
2347,2347,23460,0,0,10,0,0,0,0,0,0,0,0,0,0,0,0,0,208.844444465563,302.023526123591,178.05596384533,263.57099750588,246.094196959087,223.857753159993,393.095832005267,216.905796356185,273.835396921322,275.31820307032,215.19072728327,216.716903428344,254.711569876043,267.438216866953,237.826645986721,184.189852149708
2348,2348,23470,0,0,10,0,0,0,0,0,0,0,0,0,0,0,0,0,226.227546378717,260.177240973606,247.10347897052,196.114105912975,243.771803468127,213.545315125478,408.386712127582,276.030961523509,222.523976616742,222.578945125811,233.399979533867,307.03078705124,256.041508543421,229.723401404188,259.129661462078,281.03909070705
2349,2349,23480,0,0,10,0,0,0,0,0,0,0,0,0,0,0,0,0,187.13953309988,263.616776478258,293.319178155383,286.506184294502,239.356627816867,326.4807995726,406.558839986362,200.31867354225,236.255754091741,267.809176033037,277.022572999746,287.321679714106,231.394400320351,228.857787822337,265.143084284374,291.929105645553
2350,2350,23490,0,0,10,0,0,0,0,0,0,0,0,0,0,0,0,0,237.434207664268,286.927603322825,245.586965343558,275.359906218403,329.885532788648,210.598488949639,403.931801568097,261.422460088248,202.239310899152,243.00319572977,224.995963212527,243.784302711836,279.248219903927,294.378994529187,279.960240796745,266.266538782552
2351,2351,23500,0,0,10,0,0,0,0,0,0,0,0,0,0,0,0,0,235.140602473202,269.156588488747,241.601065095562,263.267097638364,295.316829124588,264.944574659058,397.714673715079,254.73509065736,211.39446569841,232.165062601556,275.349836249206,250.993146382157,252.218307800044,234.429411084678,244.63036142957,234.295744449532
2352,2352,23510,0,0,10,0,0,0,0,0,0,0,0,0,0,0,0,0,275.532393849789,200.269519628641,303.822423758765,241.327381950351,222.404468394473,180.302157231224,392.550949024951,261.846096198284,259.264386201388,303.517002066138,218.216744040238,255.303234889862,244.821344365973,256.069725942311,290.398269810862,260.867359771859
2353,2353,23520,0,0,10,0,0,0,0,0,0,0,0,0,0,0,0,0,201.569925512798,179.854888030035,258.102750504206,239.605605140863,239.670448071674,249.994760393008,412.576591984842,215.626354782757,263.386651041509,242.15338275937,253.002192095781,222.690184396217,291.905580113522,251.52261841515,191.748052995147,239.010794871129
2354,2354,23530,0,0,10,0,0,0,0,0,0,0,0,0,0,0,0,0,268.697912613947,268.688493771135,245.470336741308,283.312640807269,224.85797289586,234.893007214113,391.190979225127,277.936265474108,256.914523469325,193.26785872375,296.721341314753,247.804728884807,306.108770977751,250.201370529592,297.369348959737,279.109183291144
2355,2355,23540,0,0,10,0,0,0,0,0,0,0,0,0,0,0,0,0,273.755462254444,262.631767908202,243.795142541198,258.697181131241,263.61834218435,284.955582421363,413.029406386305,232.401444072134,240.09698997543,191.775729932583,265.332224426149,259.50904841952,287.730074941766,288.311220419522,288.656176193127,277.762404656134
2356,2356,23550,0,0,0,0,0,0,0,0,0,0,0,0,0,0,0,0,240.952533096742,174.125377064208,208.93174338765,290.518276235373,206.166508874835,203.459231650248,402.529314900151,167.015748153199,290.002706225123,230.379092569098,264.356998237259,251.389102890057,233.841693073849,246.684622455926,250.04880624328,217.25150877787
2357,2357,23560,0,0,0,0,0,0,0,0,0,0,0,0,0,0,0,0,243.599652549437,258.705559101388,259.505155801117,228.940563023426,242.358920595656,243.252789425809,400.437411841483,230.760764658294,235.878832604832,220.627420397134,311.209252507875,282.206745030352,220.531819882786,276.820358939318,257.355295919334,275.214356356688
2358,2358,23570,0,0,0,0,0,0,0,0,0,0,0,0,0,0,0,0,274.917726283497,256.517851077846,212.205462472153,288.520416269669,314.813967589215,277.630378177771,398.406344612842,244.640090979986,207.594769353919,195.388141025873,228.276036256939,197.689855181885,230.359423624469,227.813857698506,243.375360954587,255.00584224325
2359,2359,23580,0,0,0,0,0,0,0,0,0,0,0,0,0,0,0,0,181.304611228519,274.278841634,242.220846944068,239.46599411905,251.006395260145,254.321500609293,406.259534546144,224.00255689798,255.511482431823,313.838605378092,281.805997623777,255.24008997754,327.156182869199,313.600743632936,265.580264921482,244.228277892596
2360,2360,23590,0,0,0,0,0,0,0,0,0,0,0,0,0,0,0,0,239.491170142539,225.930068710255,236.443363194684,256.224877225657,191.623314530683,294.676961424612,377.913289307706,241.048595273373,275.223838424441,322.734872221601,266.8876908083,233.498288040826,285.942604048459,248.720993435286,200.01586940424,252.720957676051
2361,2361,23600,0,0,0,0,0,0,0,0,0,0,0,0,0,0,0,0,232.008611598715,256.806347588008,218.922450205373,241.894615917956,208.021586806584,292.088315470305,378.646226158966,219.822298580837,273.070484703475,265.095037222056,226.06044932389,268.350023131447,247.36268437663,208.364526210203,221.326353851791,238.389976781191
2362,2362,23610,0,0,0,0,0,0,0,0,0,0,0,0,0,0,0,0,241.15891626611,284.747540677462,236.262047073022,234.316546692974,246.510423026317,236.490708224514,370.317607440353,273.556459997049,248.990284919113,212.981415455654,203.616439996485,204.094952890193,260.114581340214,250.418884508331,259.602664990951,295.503875593392
2363,2363,23620,0,0,0,0,0,0,0,0,0,0,0,0,0,0,0,0,306.472087968197,322.102114669816,205.522042148461,251.466241846612,287.733883073208,220.937118236505,362.918846952327,188.789804504632,189.960178596519,331.708813295476,325.012501308007,185.472670402239,274.085046830198,319.605129218157,257.240575082977,255.43363233226
2364,2364,23630,0,0,0,0,0,0,0,0,0,0,0,0,0,0,0,0,278.505755167923,249.793265744777,232.700948261122,192.383788987393,202.807555663781,213.254596369162,312.689240336289,246.160805872094,224.956883667758,257.409573923826,243.537384269727,274.633605264512,269.987482624579,257.032610695855,296.897399624333,262.603359281467
2365,2365,23640,0,0,0,0,0,0,0,0,0,0,0,0,0,0,0,0,262.02570001045,217.736483349804,297.049882131525,261.668144845584,284.847705354332,215.531941429164,348.579458879385,259.446365487646,263.589947932197,313.281128731906,224.604279457099,286.542043533462,208.361332181559,257.29987548109,224.334804988828,162.573171603539
2366,2366,23650,0,0,0,0,0,0,0,0,0,0,0,0,0,0,0,0,252.375506150103,225.837345804759,305.253831685724,199.53555364518,284.2987915681,279.231587220054,318.255136768235,241.099204767766,245.349702191538,248.224640326847,141.396449494727,238.227212703909,347.536885410228,240.644902355202,206.164726806407,224.501444411722
2367,2367,23660,0,0,0,0,0,0,0,0,0,0,0,0,0,0,0,0,246.459851718194,213.162027267023,230.00216832729,301.655131969198,296.576505971602,298.617439764759,311.358617546645,233.275091300984,287.389604161594,221.238200912724,243.211902429035,292.462943132992,287.651417918156,187.05588354268,306.481066959028,267.948901819805
2368,2368,23670,0,0,0,0,0,0,0,0,0,0,0,0,0,0,0,0,260.926448328912,211.672892371112,260.938494208416,277.931622210511,270.082488612982,253.862244621781,311.899758536745,252.221383333146,188.139066310464,235.957993767231,182.572470198653,279.373726393513,258.434446942123,287.623293393487,258.523365764484,217.533043056291
2369,2369,23680,0,0,0,0,0,0,0,0,0,0,0,0,0,0,0,0,279.755084255348,228.006207434399,185.717170429789,316.51060907568,211.826161986261,287.7940522002,312.273714782593,237.698786712243,250.214448697388,264.939623423543,241.342907789804,198.718638935509,268.663029109342,215.081506736509,227.541058570136,240.318910043732
2370,2370,23690,0,0,0,0,0,0,0,0,0,0,0,0,0,0,0,0,182.885103416491,285.186019419457,332.102179468083,280.769918973956,224.875773833807,233.896651800782,301.061245378101,253.643768002064,307.913419997921,283.341269864302,234.729083527116,259.104137500403,192.982895348589,192.76155315572,150.482891905607,241.635739142153
2371,2371,23700,0,0,10,0,0,0,0,0,0,0,0,0,0,0,0,0,248.908618274273,214.710519270235,258.969560660067,286.682795397327,316.983924140224,298.645731945328,303.641110348382,250.205773482362,211.335932451522,219.026738132038,257.460554250126,256.230200891611,235.531823199586,226.820058809763,243.184336258724,288.945747456431
2372,2372,23710,0,0,10,0,0,0,0,0,0,0,0,0,0,0,0,0,214.886783960735,273.241515389004,263.629828754074,222.952362173173,241.359089140157,189.395121857467,294.682376907994,205.529600726748,245.960119722096,261.580571717914,204.028571269847,225.885855010103,236.339677789507,255.402531331306,235.565636765994,259.897246084013
2373,2373,23720,0,0,10,0,0,0,0,0,0,0,0,0,0,0,0,0,266.477409333121,331.668304186475,272.337959254667,236.686075860158,278.489792852176,263.484550043673,306.801047124571,314.030320795511,216.618229003048,279.736890292455,232.940365881891,263.412999703194,197.885226137524,260.50333009215,296.534894724644,146.230533451873
2374,2374,23730,0,0,10,0,0,0,0,0,0,0,0,0,0,0,0,0,239.660990872754,280.065825348327,236.576179203001,238.331331246912,251.158833952547,322.227657937353,297.543942134681,272.280939008812,193.127385001557,251.325468117268,248.629697379086,190.200478912145,231.042455168739,269.289434132469,205.045737121779,272.106910516148
2375,2375,23740,0,0,10,0,0,0,0,0,0,0,0,0,0,0,0,0,204.144363020178,215.588746876338,194.438245059211,247.464921208787,218.621916301035,286.498113368744,285.169147807046,251.445827888421,221.73587232314,195.862015223743,275.040067388947,213.203192210226,195.302058447602,266.408697097538,294.598579106698,305.959383965095
2376,2376,23750,0,0,0,0,0,0,0,0,0,0,0,0,0,0,0,0,291.21027461752,203.89377637692,300.04696336873,285.536423610362,241.06165422684,241.736726997461,326.257384384123,278.662060284467,228.171643734533,268.089194011848,225.630178927169,234.669383515268,238.127362326197,280.201301160684,286.63775922908,284.132116700701
2377,2377,23760,0,0,0,0,0,0,0,0,0,0,0,0,0,0,0,0,242.323028911227,263.19414428139,240.207632326758,275.664095660673,297.627169892824,287.843530403321,316.270932396888,225.048740855566,286.915999246328,238.966346149285,196.981174731891,310.331552113676,231.548425012723,292.501762659812,239.268018503684,247.595773429867
2378,2378,23770,0,0,0,0,0,0,0,0,0,0,0,0,0,0,0,0,239.847256834879,277.347999184034,237.891190766334,171.326045859822,291.709941290322,237.133031717611,314.533996619393,222.290176240076,234.914988742631,193.457451925027,258.703839621585,238.779234264727,274.931493598421,212.513179510646,184.655102436842,233.921089285327
2379,2379,23780,0,0,0,0,0,0,0,0,0,0,0,0,0,0,0,0,236.533310432362,290.96466692254,237.721351856821,276.151687462001,215.772360429601,304.519056510574,347.42141159413,276.384279292924,254.086385536328,279.252496322214,264.567878679407,278.860625492395,260.974346001031,279.232366918895,188.883390361358,321.312389108358
2380,2380,23790,0,0,0,0,0,0,0,0,0,0,0,0,0,0,0,0,286.38504019949,269.211562530298,274.603859102625,254.049437479302,225.342085884978,224.675056863262,347.323111259948,295.368891170635,299.948022054269,263.03927247342,250.864088928721,243.602537849069,276.342443494865,257.469998515844,296.259137613351,194.860529944437
2381,2381,23800,0,0,10,0,0,0,0,0,0,0,0,0,0,0,0,0,166.882646253325,228.335692528425,290.844854076997,196.670247292534,264.928459805194,271.433852090308,303.015182382166,280.988377683792,241.666253284398,284.145587343698,279.298578227953,244.496196307037,263.086556094152,205.40635195283,296.154554095767,262.217582216878
2382,2382,23810,0,0,10,0,0,0,0,0,0,0,0,0,0,0,0,0,241.443323534708,285.127599320934,330.116526645744,225.157402247249,221.532477570558,243.873728193641,324.34142821955,271.781349533733,245.947702550577,332.215563947179,290.174693376211,241.849103644869,324.570296906331,231.311176474627,274.434731967761,286.641680314204
2383,2383,23820,0,0,10,0,0,0,0,0,0,0,0,0,0,0,0,0,292.339343050131,250.520506241886,225.005281011689,241.166048923371,275.972947352017,211.378581330535,292.821641487916,218.402672633819,222.914986284269,275.417385745505,260.821466243592,211.443864789952,262.721552280489,242.522813531286,254.722019889203,259.41673782118
2384,2384,23830,0,0,10,0,0,0,0,0,0,0,0,0,0,0,0,0,238.753496783924,178.203639258074,294.698896218656,220.349089259556,210.4834100905,258.224972373499,314.209860386713,323.768092096233,239.679771700536,269.416527413016,213.207235227303,225.514033672384,255.340398005486,320.90635218333,250.100325185764,204.270031674586
2385,2385,23840,0,0,10,0,0,0,0,0,0,0,0,0,0,0,0,0,252.616137935477,214.799480595038,233.449014547476,263.424116461633,240.157299104277,293.793863552321,330.507915534828,214.287117936515,238.507474778392,244.729699908529,250.848067910297,248.409113543211,197.155992247525,269.6036949711,211.836445680565,204.434314587637
2386,2386,23850,0,0,10,0,0,0,0,0,0,0,0,0,0,0,0,0,197.276442994987,245.273084276087,263.66991328574,305.536899328622,248.177246283291,261.677211622735,318.637707673015,256.040155705058,268.825448510026,275.669217930107,260.761526415899,303.525429806429,189.012826336093,184.282463126371,292.047785270946,199.502783069197
2387,2387,23860,0,0,10,0,0,0,0,0,0,0,0,0,0,0,0,0,218.042308407474,312.68450686521,220.53128393698,249.448778127884,256.586318062202,214.903317788728,336.973266248888,241.684445810338,190.015531444437,286.237498993488,260.986581131011,340.595770929647,247.387201666978,222.478827513431,288.760007458779,270.853028627711
2388,2388,23870,0,0,10,0,0,0,0,0,0,0,0,0,0,0,0,0,274.071545446498,237.320572284862,294.262441007673,217.830646914344,249.626790337964,215.294293416303,326.847122394346,278.045803339035,265.171955209074,262.586564985111,185.319890641322,300.146243220877,239.558518669534,351.75117811107,215.829799397753,194.434893450176
2389,2389,23880,0,0,10,0,0,0,0,0,0,0,0,0,0,0,0,0,253.04166383467,245.95052566676,281.983366329506,200.371532160055,259.576802065248,215.654494448964,320.682518804914,237.381071070411,202.339907550188,256.63115551174,248.195254340703,297.939720871184,340.032850377962,249.710474704473,227.88006227339,266.850399405486
2390,2390,23890,0,0,10,0,0,0,0,0,0,0,0,0,0,0,0,0,266.402327533975,223.615536609851,245.23982779848,216.833673185858,262.687724762057,214.343415455322,354.260296803067,282.185890678545,260.505320959399,249.055899402219,222.803420361573,238.533453260027,252.89111948427,283.686513886314,253.944177843686,260.317271272841
2391,2391,23900,0,0,10,0,0,0,0,0,0,0,0,0,0,0,0,0,292.605488184999,227.712677965497,230.469972374615,194.809000878312,236.472170161833,204.901212636675,361.243274912331,208.715700420427,140.36224273496,257.203306743574,285.286249333875,248.936538085318,244.198890245681,262.54610209139,206.897099159653,203.112620339722
2392,2392,23910,0,0,10,0,0,0,0,0,0,0,0,0,0,0,0,0,224.05990584692,259.552656041956,210.400544902055,216.682739540571,229.731898737751,219.359931958661,349.455613562102,245.794026426469,240.833542479679,263.064134157694,214.63625082725,247.140334140512,300.908591594388,275.546320228803,258.620409197305,284.79356034296
2393,2393,23920,0,0,10,0,0,0,0,0,0,0,0,0,0,0,0,0,229.21893359888,195.277396796746,233.654403832692,257.367126297223,274.385320413858,283.159574564127,393.90230011698,270.237554774985,204.87077504685,249.703964056895,213.739522977475,241.416286308037,218.264111664097,257.097672379341,265.076436361997,278.82681513988
2394,2394,23930,0,0,10,0,0,0,0,0,0,0,0,0,0,0,0,0,182.856249747107,231.094834000028,322.212957141275,292.290649995514,251.338076779597,244.636756214049,368.777516123249,301.88806248864,285.788486299856,205.902042261209,304.58803278921,258.466455739524,247.691550503157,274.360116387902,247.8098196668,150.029195034229
2395,2395,23940,0,0,10,0,0,0,0,0,0,0,0,0,0,0,0,0,235.464411864744,225.837680514513,279.476237641578,209.29377297846,262.709828492203,253.878318716278,377.316793161186,210.164120559244,262.567192817389,265.315294627518,247.151542702163,300.521449189153,227.995495436525,264.48714520846,196.043954851326,272.837718059914
2396,2396,23950,0,0,0,0,0,0,0,0,0,0,0,0,0,0,0,0,233.410180020079,266.285021106202,270.209815963114,238.759436754367,288.038210115288,235.1338295704,368.19408246008,202.954249836239,286.24104206603,295.382054690068,300.620215876565,233.123793025128,297.054889285418,185.594158616582,260.894284219911,231.914665606074
2397,2397,23960,0,0,0,0,0,0,0,0,0,0,0,0,0,0,0,0,221.622235452733,218.567156612187,263.716424621167,235.557056309449,271.293197654658,280.839332986463,389.82850102397,295.579906928781,173.543540947551,269.08927143102,213.126749218303,236.26527420751,279.267582083698,250.764594594742,235.884282632822,264.655272943367
2398,2398,23970,0,0,0,0,0,0,0,0,0,0,0,0,0,0,0,0,209.822456410073,183.400963285828,336.538635762896,200.605068746679,228.365899275595,241.512483740827,394.925295418734,269.911044359596,283.496587904872,224.336900031433,248.411778894164,257.638191396929,273.848480159192,229.033518580027,196.264298174868,285.604785394453
2399,2399,23980,0,0,0,0,0,0,0,0,0,0,0,0,0,0,0,0,244.580375717124,251.547924304605,267.348437739027,204.584376071299,265.367851330889,256.094537201305,371.10464150718,291.796891440662,227.637154395415,220.749091048493,274.70514058472,313.11241304146,281.762836027308,244.459291932692,264.567150104562,248.172039441602
2400,2400,23990,0,0,0,0,0,0,0,0,0,0,0,0,0,0,0,0,351.944625331682,227.673138073024,280.69395691699,282.942258077985,279.695791738702,260.137860641251,391.26837739265,233.707414323385,226.938557901468,276.83230591389,279.33141684371,279.281744784869,281.06084335551,205.437301588411,294.481611209373,227.17996607579
2401,2401,24000,0,0,0,0,0,0,0,0,0,0,0,0,0,0,0,0,285.905598225697,291.792076319274,232.311914552079,233.123368427745,281.386319498222,282.625757921554,358.590003218687,221.15516686189,304.977678238001,274.185062055635,200.657305520071,183.655583448072,234.78385167019,180.010498462739,231.492259675215,267.198993129497
2402,2402,24010,0,0,0,0,0,0,0,0,0,0,0,0,0,0,0,0,208.1258673274,233.190841361176,171.931294427169,239.763224446868,218.36330843953,196.618994084977,365.382278435373,254.644329770793,206.067946172763,318.098027508143,194.499853596577,282.591503197724,214.211234820186,266.118269868684,236.563274934179,231.219599057173
2403,2403,24020,0,0,0,0,0,0,0,0,0,0,0,0,0,0,0,0,313.111070212313,253.758805835687,318.231288877519,185.51690362069,258.024441324643,284.465081191122,335.922859495486,215.336603671699,258.011904189152,255.083357248411,235.409655605425,297.804684991803,311.133544557036,257.730880731808,283.795698359004,300.834999418839
2404,2404,24030,0,0,0,0,0,0,0,0,0,0,0,0,0,0,0,0,172.592324438438,319.23583391499,280.227679481123,214.917718862531,324.47726102986,239.106367950034,327.321013804074,231.15688220122,207.066612516731,270.930638305683,279.842316513762,264.571646107858,322.226055138245,264.81531195872,311.265756101086,287.95378707701
2405,2405,24040,0,0,0,0,0,0,0,0,0,0,0,0,0,0,0,0,301.292466753038,252.180202986278,186.276167351756,233.812263558932,242.997617017797,212.24388169615,334.766116056765,272.274567673424,207.02147202632,202.322106616917,285.722454820296,268.325662998851,308.886937992674,292.121976741371,226.080302795842,178.038808049411
2406,2406,24050,0,0,10,0,0,0,0,0,0,0,0,0,0,0,0,0,232.17744877702,229.451520010999,200.844490698136,304.83176944016,286.080228982919,269.639756015013,317.276946105544,252.443619911457,304.847437981514,234.058818462695,316.487075638498,246.143749033302,217.199919210213,238.032139905361,249.860658117204,234.282954214172
2407,2407,24060,0,0,10,0,0,0,0,0,0,0,0,0,0,0,0,0,316.662019125424,282.842640239961,241.974201302502,295.980549059828,272.090265324999,156.637629339856,302.228572199549,285.116618505753,279.125637965047,286.439458412538,225.807441561231,220.842428055917,284.409165350399,168.095138604539,197.690924115965,307.439697001275
2408,2408,24070,0,0,10,0,0,0,0,0,0,0,0,0,0,0,0,0,300.280604975628,270.054387400982,227.655144541075,174.241612890251,264.84713759223,241.466149588371,303.373554138866,295.545782680815,294.693729168792,311.968842656342,261.970966129644,225.058021208767,242.041808762174,235.333641521761,210.395751288664,287.058449547568
2409,2409,24080,0,0,10,0,0,0,0,0,0,0,0,0,0,0,0,0,305.400023567914,281.656967123204,276.936066328725,301.182548930746,218.658507169255,282.393370451102,315.542451447669,209.320774296301,293.653190291016,200.428839342293,260.023180806921,160.081156017361,248.590569743726,239.332115454233,189.62574171101,220.135574971232
2410,2410,24090,0,0,10,0,0,0,0,0,0,0,0,0,0,0,0,0,210.937659517328,274.308635156228,298.508824631794,254.319648059642,246.505040566371,207.014492130538,317.57878893298,191.009513700763,277.220427553319,182.466974754848,212.75388789433,249.023697225933,255.026020248044,305.79183640471,255.96591434967,264.296511461016
2411,2411,24100,0,0,10,0,0,0,0,0,0,0,0,0,0,0,0,0,259.438386574004,302.82311958032,249.524623243477,142.477329342711,365.864171706883,272.309242856676,330.105667856044,193.494467283572,234.981576507267,262.544767360811,247.415280523382,259.772678943913,243.026772162368,241.677674010487,248.858523090999,235.08760801916
2412,2412,24110,0,0,10,0,0,0,0,0,0,0,0,0,0,0,0,0,236.819938511843,237.973579988095,210.453054037569,212.223836076666,255.610704888667,212.52795161878,338.696903599425,233.895123192813,278.151010315078,300.7081475444,187.83233710411,271.774180803528,271.045715366973,282.105223961484,249.121167996622,200.924852406877
2413,2413,24120,0,0,10,0,0,0,0,0,0,0,0,0,0,0,0,0,288.586436408603,241.410534511463,257.881671510289,225.638169044355,228.462206626046,270.876378086083,320.717682373574,290.900866376098,275.145440565994,239.894969320091,233.188479105019,297.653499946671,256.283724057334,296.311875236003,219.312146573874,226.419449599229
2414,2414,24130,0,0,10,0,0,0,0,0,0,0,0,0,0,0,0,0,249.688968193152,234.62362231164,257.057767134522,218.980636548595,231.277843607339,208.742821061862,357.967045142981,325.011620339892,274.102529039503,234.013413404058,229.950965036752,262.696139229476,319.914514284006,234.602500484089,267.142348518681,177.143896018476
2415,2415,24140,0,0,10,0,0,0,0,0,0,0,0,0,0,0,0,0,224.590747956886,205.883975595354,223.828997952822,256.006865478236,230.156685225179,212.313382062423,326.377600978347,269.480473034773,264.822524196408,243.896499522329,289.209370784377,236.84639241103,243.557964979986,232.216215833866,278.362193765022,216.909121681036
2416,2416,24150,0,0,0,0,0,0,0,0,0,0,0,0,0,0,0,0,218.687494789169,197.443877393632,291.700501938163,207.840742862618,216.242075981422,221.372215360487,370.338514095163,248.158716002991,243.025902246331,227.240128521614,203.889451601047,272.863563855206,208.58759685754,323.143617222307,254.711889399909,232.227301096256
2417,2417,24160,0,0,0,0,0,0,0,0,0,0,0,0,0,0,0,0,244.43963867497,263.576127163726,285.575035600114,206.035213929575,271.258871783088,220.308706359054,368.0411518577,234.061060319425,271.156784411916,231.967758167288,255.280337118761,278.638786754671,238.768310044135,250.912643882475,244.665323421749,282.134739172307
2418,2418,24170,0,0,0,0,0,0,0,0,0,0,0,0,0,0,0,0,255.662414851834,265.297434191468,241.560902507743,249.719014064163,276.571019639973,270.054538647548,362.191913198278,284.531471938427,283.923894263539,182.93563607994,267.675334103296,207.678292955806,220.536032982421,296.904312746096,234.409329382699,261.196557596202
2419,2419,24180,0,0,0,0,0,0,0,0,0,0,0,0,0,0,0,0,224.407562086053,258.843000079948,267.818291454679,246.455680829924,232.079804633694,283.978953363101,352.481485836039,215.853947370769,208.482820655771,252.081395406048,231.346191060597,268.067565086299,225.409063718764,219.119926162958,204.027681759579,195.564328377581
2420,2420,24190,0,0,0,0,0,0,0,0,0,0,0,0,0,0,0,0,261.551029933242,327.858350710516,202.107182066435,230.977825865691,306.035916725119,244.145113938649,332.052200787891,178.709419765782,255.714152513644,299.716879753951,238.383413252399,260.55513977281,292.182897020156,287.920155453889,223.514989817739,237.160365121896
2421,2421,24200,0,0,0,0,0,0,0,0,0,0,0,0,0,0,0,0,216.944941846959,247.491963915689,191.551584357252,270.924285395364,266.014329734249,279.372469657588,360.376931313893,278.389217799881,295.983282596036,172.728495764841,286.394401984123,260.808979731172,303.63564603081,257.364273249791,274.977438373618,243.053945486184
2422,2422,24210,0,0,0,0,0,0,0,0,0,0,0,0,0,0,0,0,239.098250622851,220.395461088096,259.69936633329,235.900222347417,263.092364973569,288.368451924869,319.597772270001,250.375263397598,178.825117195509,267.679765935887,232.663257718044,320.64784407521,220.492021202741,324.095803055365,274.929779944882,292.53557253422
2423,2423,24220,0,0,0,0,0,0,0,0,0,0,0,0,0,0,0,0,143.636377001823,211.233737440317,266.720753647748,208.086295469819,239.999314521939,247.577430156701,323.775094940377,182.91832119674,241.22739292821,208.28809630069,203.144649328156,256.716866808749,188.030981014947,259.787903369415,279.421728126655,192.993270441559
2424,2424,24230,0,0,0,0,0,0,0,0,0,0,0,0,0,0,0,0,259.334339464174,188.412705554336,323.620216711423,268.652955510738,281.758417259108,318.59874365824,308.525848690505,244.684474553247,306.49576955254,238.677974249836,249.999432968808,251.348075813864,300.151852424706,240.41016359153,203.227687628981,310.933943269551
2425,2425,24240,0,0,0,0,0,0,0,0,0,0,0,0,0,0,0,0,265.87758031538,238.596766063942,225.799945431831,177.170306450995,225.526043704346,246.440673523923,329.274470879311,247.039688144416,186.141434771668,309.084847469133,256.801283517991,163.617624828695,213.371522428583,200.789967809188,186.148644612541,245.732144893932
2426,2426,24250,0,0,10,0,0,0,0,0,0,0,0,0,0,0,0,0,279.915949825213,218.837999201662,293.74730130662,213.224225576391,250.282088079306,251.121268214139,319.861275688263,220.43878088765,306.20671117415,245.146451036878,169.078532015758,289.130593386535,271.386837175472,255.204738569856,259.143875444922,197.228015510943
2427,2427,24260,0,0,10,0,0,0,0,0,0,0,0,0,0,0,0,0,245.386569182721,280.427248357504,246.430326433065,238.655965904039,334.952000407741,295.73036093173,302.068460622792,217.374280478463,265.554276758963,215.087991937103,275.528527989557,235.982791882781,248.926116101802,232.720226814539,254.731181552476,214.969783723085
2428,2428,24270,0,0,10,0,0,0,0,0,0,0,0,0,0,0,0,0,258.370743440302,282.148846427434,238.564995827327,242.659535110705,251.627939258351,282.614116723772,315.163006373004,213.761705541956,193.060225674901,263.47480028874,193.040957029359,217.424653598448,225.4059187861,250.185954015804,323.742730780358,215.63333610443
2429,2429,24280,0,0,10,0,0,0,0,0,0,0,0,0,0,0,0,0,280.486639169265,247.106424103927,234.381018328263,268.793805197765,229.434070595858,229.453359865156,319.411235218827,239.380642289359,284.169766689398,244.738081291061,195.09715978546,256.809717697097,219.868744598417,197.293377206154,293.134080746615,222.678164647075
2430,2430,24290,0,0,10,0,0,0,0,0,0,0,0,0,0,0,0,0,239.768502604621,292.762688331531,274.310752650638,247.830044375343,221.186010631541,298.886376538057,301.266002257062,257.105740057499,274.632225282271,267.326198711321,252.94169413246,181.883120080366,193.304015837414,199.720895848422,164.742071781668,266.781290835167
2431,2431,24300,0,0,0,0,0,0,0,0,0,0,0,0,0,0,0,0,232.599170988384,257.094517963465,198.86282712947,221.632401661079,260.988224404498,302.093734482312,299.593439984965,178.22435514539,283.749873978799,212.566545508838,253.414057089392,229.919780717663,226.879138817803,118.419885472899,246.043492447716,285.559547461621
2432,2432,24310,0,0,0,0,0,0,0,0,0,0,0,0,0,0,0,0,218.651978153978,304.351390679147,248.551065701578,325.307256933875,246.478500977419,238.22359446372,323.892021467708,207.682486132712,261.250086695984,285.410776241663,222.855456609624,252.816787642734,201.964318021837,272.389192034367,239.030463958996,244.528499340127
2433,2433,24320,0,0,0,0,0,0,0,0,0,0,0,0,0,0,0,0,297.216811105502,251.560491506278,186.255421339935,230.203924888846,178.114187781207,236.533815404247,332.799800340652,235.810885778113,213.194209680429,255.993302094155,226.06927125141,189.787630050495,349.561714332337,268.560290308612,254.822845064909,174.506714033873
2434,2434,24330,0,0,0,0,0,0,0,0,0,0,0,0,0,0,0,0,297.6550467515,235.943827181751,265.115853293885,236.1213608487,282.705343367615,262.823554823313,305.266256185724,204.806402768916,242.152781227851,243.813442031054,229.116447029886,299.815166556082,298.702055066827,224.287131991344,328.947062220597,245.630906886356
2435,2435,24340,0,0,0,0,0,0,0,0,0,0,0,0,0,0,0,0,233.134035800599,238.201509730638,254.492989898393,239.360110398239,305.790079902158,223.736898209797,318.524538322542,203.014135170611,255.085763806369,216.87557946015,213.858359342661,198.792430177686,234.054722147454,271.488034433904,216.360371134711,221.845455732717
2436,2436,24350,0,0,0,0,0,0,0,0,0,0,0,0,0,0,0,0,178.366713922465,294.825869863677,181.892907314307,227.97863729492,276.665398273393,210.308297077798,335.788878296279,227.668078493991,281.953416915694,231.659483388739,308.905243387422,280.976636318659,259.812043360378,232.451487611783,196.65535033414,279.496676651529
2437,2437,24360,0,0,0,0,0,0,0,0,0,0,0,0,0,0,0,0,274.483481529687,281.26708734442,278.628076557562,256.431211607945,262.291890006024,232.298903528022,315.182170146667,248.710492629507,341.368665152231,241.154587882326,207.079684720899,238.214178392261,218.791195835843,225.369041743158,160.262467979282,266.481984400182
2438,2438,24370,0,0,0,0,0,0,0,0,0,0,0,0,0,0,0,0,278.979493827862,246.592414538895,236.297622206852,279.053539436049,190.720004286955,245.29913325341,323.591539891505,330.1564565629,187.552217896602,224.554526447742,177.029983037632,239.748783031191,269.069275919169,209.194096951521,258.268637133729,225.331932268261
2439,2439,24380,0,0,0,0,0,0,0,0,0,0,0,0,0,0,0,0,264.917826264229,251.214261520015,248.186845315029,345.219314741855,254.661353598097,168.147658810933,326.11415870936,213.38675355497,266.228072711749,218.583851865996,249.124242758019,289.588303321761,255.35067302651,272.669762771408,231.278250616368,270.249028354225
2440,2440,24390,0,0,0,0,0,0,0,0,0,0,0,0,0,0,0,0,263.41564649177,304.737065141861,267.275249564365,263.754942921719,210.280265977905,217.732732767466,263.198158666253,253.37871076241,234.965027185342,233.931411768727,256.813507444644,260.762582488832,236.446001384392,249.87613614894,241.139781513389,265.819831353056
2441,2441,24400,0,0,0,0,0,0,0,0,0,0,0,0,0,0,0,0,235.671701136845,251.459675499028,248.956439851596,266.913634733831,291.77198912174,282.838338658595,293.01590772888,244.869916663252,268.09060030083,223.664675792631,238.390421108162,269.054402765966,245.105930768838,249.802347294977,198.556487543021,274.419488905147
2442,2442,24410,0,0,0,0,0,0,0,0,0,0,0,0,0,0,0,0,229.404116600328,234.644092745527,162.537022485434,269.807274804158,293.422606662113,238.904513106697,297.150571003612,244.866241892144,244.435487252324,202.154815652852,305.391568816271,224.184398966695,246.106352355479,261.780302352383,296.419684392009,251.328967590753
2443,2443,24420,0,0,0,0,0,0,0,0,0,0,0,0,0,0,0,0,317.148323355747,291.536737888946,272.727759877363,277.287579741238,261.966846632737,186.307798366599,269.022560258656,254.362062805772,270.234193426587,293.528114129582,187.078324035434,303.386217563383,250.017629034663,297.345778037485,242.323761536258,238.013883401305
2444,2444,24430,0,0,0,0,0,0,0,0,0,0,0,0,0,0,0,0,166.411257846451,305.625245701591,214.282933747349,241.993471975032,239.687823141936,227.93564434267,293.465002964904,319.92919893701,246.460786145467,284.655921661669,258.851888870708,255.687893746678,222.860954653791,232.383611699231,214.951253768178,247.172804861939
2445,2445,24440,0,0,0,0,0,0,0,0,0,0,0,0,0,0,0,0,243.664180135215,285.236537422033,242.871764053624,199.003013004276,170.953101833914,198.079279661776,260.509810913129,228.863310959922,241.932281170395,280.551230550177,212.915533900732,266.674028067324,244.475243625421,203.626882321459,255.637887998893,310.247903157411
2446,2446,24450,0,0,0,0,0,0,0,0,0,0,0,0,0,0,0,0,231.899972483564,262.737959358138,214.950914827243,237.382383870654,261.104009494526,200.927882929733,262.253339547739,218.673205606794,252.992181814222,221.76315801429,244.842596631228,272.540816227999,265.207745816807,261.874378288347,206.02220256609,255.530102774262
2447,2447,24460,0,0,0,0,0,0,0,0,0,0,0,0,0,0,0,0,233.897065412386,234.47464827397,243.020263864554,263.210324449257,215.78824972924,251.960925281368,286.573678096926,229.498269464826,243.287980235849,262.935465773695,207.379893398957,245.819543381482,211.854029042398,287.153778096919,317.140688574742,196.830430844121
2448,2448,24470,0,0,0,0,0,0,0,0,0,0,0,0,0,0,0,0,266.553405496788,202.846473677632,243.090375072534,294.421937863676,318.271986366002,300.370295227725,259.350530496356,245.692100533344,250.087767547679,287.661804080226,245.649682487236,232.930407231474,255.658655512064,214.688219301156,223.326718052091,197.837256996423
2449,2449,24480,0,0,0,0,0,0,0,0,0,0,0,0,0,0,0,0,256.30997294431,189.501260660761,230.52946515727,235.128064296842,251.606031336414,196.101377350608,282.498719868872,221.164452933052,255.983832898641,262.324877867072,327.148395096868,173.985431976079,261.90660060046,207.922015776776,268.775680832296,245.887909019314
2450,2450,24490,0,0,0,0,0,0,0,0,0,0,0,0,0,0,0,0,263.406261146078,317.598735824566,161.864583773355,285.990592551215,260.174027596054,186.118378333897,262.521535546354,275.316850171995,286.160330688519,279.517486788416,221.163842278375,257.179543484295,212.790412894387,218.142511685048,249.326171294018,254.501535449982
2451,2451,24500,0,0,0,0,0,0,0,0,0,0,0,0,0,0,0,0,327.171659415104,248.888895676197,245.918727813913,268.68053203815,256.431175430199,253.343924383864,254.401504431698,259.776629960229,290.878451443031,245.927776444407,228.461345494732,262.509931448324,267.888732355207,210.088761468465,270.981371376882,211.193108041961
2452,2452,24510,0,0,0,0,0,0,0,0,0,0,0,0,0,0,0,0,270.6900846417,227.991287620561,289.548259060333,244.976486664209,221.583309431982,297.265213189756,267.195062360274,257.166084382707,195.372978730758,196.2022035233,218.758887488563,214.086532506065,258.741609081865,209.843428318299,250.457405854496,271.8721513211
2453,2453,24520,0,0,0,0,0,0,0,0,0,0,0,0,0,0,0,0,265.936347676452,234.569983847004,240.042465100377,258.226753068888,260.289931614586,311.411461566752,263.807246757981,217.252004127012,277.903650047132,266.304516265484,200.794732927791,332.103998135088,251.016412159346,277.139865328149,225.652535102502,258.085202608852
2454,2454,24530,0,0,0,0,0,0,0,0,0,0,0,0,0,0,0,0,272.860788649041,257.746670663859,266.671874678014,256.249439240039,292.790684172853,271.19209028314,255.002135214891,215.202164419232,217.676702838847,244.249774161502,273.977620447653,242.612380727469,247.175059745225,254.980910948678,308.682797756189,286.919809745322
2455,2455,24540,0,0,0,0,0,0,0,0,0,0,0,0,0,0,0,0,293.025653001923,252.484060751301,242.821008751255,244.209783240385,270.711837055936,262.960856831781,274.163935241379,268.929613184554,189.209098882061,178.253719246259,283.911952027266,232.978986290876,317.477900632444,285.329917792162,282.789938854037,284.876384782336
2456,2456,24550,0,0,10,0,0,0,0,0,0,0,0,0,0,0,0,0,217.355208372527,269.739994459336,306.164170344231,228.375896166527,284.965636624086,279.074015178207,251.844280906074,220.140696438144,293.297088901604,270.479556670955,235.924065131226,233.379424433858,262.731335017941,289.723581967064,271.628121801023,200.867722462808
2457,2457,24560,0,0,10,0,0,0,0,0,0,0,0,0,0,0,0,0,220.872656853093,227.355906243083,302.31285393338,242.768891145358,199.875560039971,270.31572757618,271.299413936911,293.733503896656,303.911923656916,248.863808555901,227.556977815019,291.681212687455,230.296275642712,244.426166794114,225.802163811345,227.262421245757
2458,2458,24570,0,0,10,0,0,0,0,0,0,0,0,0,0,0,0,0,211.85381762478,321.05520889521,275.99900975638,184.676338594216,330.27468648028,170.619896031596,264.082292962406,242.724183213887,261.890901865687,296.478314590393,216.034772209838,263.880362443922,279.961032724622,274.509157388289,326.050579533167,248.636812803415
2459,2459,24580,0,0,10,0,0,0,0,0,0,0,0,0,0,0,0,0,167.337626094627,329.443534598451,252.389210619939,205.070323616872,284.449913198812,277.60771608865,271.860406565975,299.595490601695,291.188517271616,168.244332163671,221.714904811264,258.825881554225,245.375254495249,295.158836250261,200.927696441868,274.408752079796
2460,2460,24590,0,0,10,0,0,0,0,0,0,0,0,0,0,0,0,0,234.518420081746,245.27827822579,296.952309823114,313.142211242547,250.147304230002,249.316005714252,278.608200792624,312.445667964675,263.610581851708,285.57982809895,261.308576342183,306.727473064336,202.736988711288,280.140390578741,205.455858184256,249.853633379374
2461,2461,24600,0,0,0,0,0,0,0,0,0,0,0,0,0,0,0,0,254.16325878378,248.219201220715,260.891145118293,206.693619317749,239.151531087207,290.525295891952,275.701985034574,251.280228494576,225.890084254926,258.471267203293,276.26980605193,271.108032638923,203.990050096153,270.403474593518,185.689473311461,253.554603226591
2462,2462,24610,0,0,0,0,0,0,0,0,0,0,0,0,0,0,0,0,289.92111159012,255.514770805818,227.198055638322,223.022832721612,228.089166931231,236.83176268315,307.747086214803,229.62969315973,283.905141048254,215.931246529166,217.420445663813,253.304173356321,249.788248201521,330.540905233825,223.102380122779,281.86360177975
2463,2463,24620,0,0,0,0,0,0,0,0,0,0,0,0,0,0,0,0,223.706216283978,300.324980331176,259.500884489049,220.372906880189,304.465014857983,253.258365400813,330.868163881112,274.517168320596,237.686174281828,151.468750911471,204.364006039158,314.53545414349,251.04664059082,276.449049753339,231.585300388774,275.52482439202
2464,2464,24630,0,0,0,0,0,0,0,0,0,0,0,0,0,0,0,0,270.721219883631,234.746009101654,300.953245960169,245.358948497614,274.548623351772,245.385930124631,296.925896862882,238.881548307851,251.54351762976,215.722432378998,243.103524150344,230.739448637803,303.805866310132,228.952087492528,196.531498898341,233.520679092302
2465,2465,24640,0,0,0,0,0,0,0,0,0,0,0,0,0,0,0,0,258.791415657594,260.00282645016,240.636466429674,282.522157268256,242.605103696482,251.174674986437,328.327976380824,242.083929522551,272.677174814058,322.655668533898,260.805608540261,225.214017479154,267.163781230329,236.481027716161,231.400129620501,264.676265232394
2466,2466,24650,0,0,0,0,0,0,0,0,0,0,0,0,0,0,0,0,292.434443520998,281.300798101617,280.336871519786,258.137370605875,172.128907629194,166.917972300479,300.911572577891,286.962830256785,227.035902477287,229.275472406784,222.071555676127,279.240505778846,279.05103626896,256.108931294933,232.589741642576,247.740213851135
2467,2467,24660,0,0,0,0,0,0,0,0,0,0,0,0,0,0,0,0,254.916369470024,302.741553415964,195.226844758788,250.810769341264,170.699615899384,307.733349604306,326.197608164097,282.123319554766,266.485306212461,325.762560786232,213.245937111199,196.836355050117,204.605176179266,279.881210490044,305.820354843309,247.107828165701
2468,2468,24670,0,0,0,0,0,0,0,0,0,0,0,0,0,0,0,0,225.476780909117,219.003597182888,203.912263258871,244.971234336763,192.525376083761,293.511987576382,288.818888501017,182.888332670989,292.080440761317,320.926821335889,325.055957936984,273.521792351226,277.840015842148,199.404888527723,220.881763447992,194.380836212874
2469,2469,24680,0,0,0,0,0,0,0,0,0,0,0,0,0,0,0,0,212.648577875183,280.762744473724,213.593056460762,166.121122751168,244.553071131036,270.803362307479,299.834530767727,220.890140808636,245.313368448999,269.047949137914,234.452291487861,296.128484385928,179.760574177619,249.884823130907,241.900874799372,175.390972374593
2470,2470,24690,0,0,0,0,0,0,0,0,0,0,0,0,0,0,0,0,208.375937247154,247.697165587738,235.70673064044,175.149457321823,248.870401341868,223.063411309668,269.720387215969,202.273044628582,279.296225449477,296.642286496058,233.524831826606,315.099336090053,276.068616052507,254.46491771206,284.303132762128,217.620316086345
2471,2471,24700,0,0,10,0,0,0,0,0,0,0,0,0,0,0,0,0,260.254387435827,291.87066732178,218.45748531535,287.524232204013,208.846457898165,279.101290440811,255.843812104313,266.852317098366,226.917082319493,234.653918772273,263.853507289683,236.651283775187,266.085594785224,233.364223337187,282.418893760717,203.703814508287
2472,2472,24710,0,0,10,0,0,0,0,0,0,0,0,0,0,0,0,0,301.688372354248,196.017974096505,151.876347735092,226.612054958262,117.730121049627,242.286439767949,262.328299295527,179.330701685298,210.021732198331,253.358799963858,228.089742975622,271.307656029621,293.336332533651,235.939345693463,330.306973760302,243.276191052252
2473,2473,24720,0,0,10,0,0,0,0,0,0,0,0,0,0,0,0,0,277.451016569213,276.932603112971,322.506196790383,253.776849928217,278.573933140296,223.159394360832,276.295931909377,218.298019746376,258.745830344436,283.785989409042,196.792413680919,215.626763015245,224.728804108013,300.415478384001,287.819779312293,236.794617756519
2474,2474,24730,0,0,10,0,0,0,0,0,0,0,0,0,0,0,0,0,261.393927126997,231.750203902113,227.853450687544,191.633308598209,236.090284083062,207.028869010879,295.859982354363,312.747712424552,258.37411254959,242.251312770984,240.362642566999,213.435511590654,253.247726198655,312.946870437331,221.990526775328,279.001496859654
2475,2475,24740,0,0,10,0,0,0,0,0,0,0,0,0,0,0,0,0,254.197510643406,248.612639571247,305.940506962037,251.146149669095,211.450568213674,290.058297823572,308.38878989397,299.238716411835,202.378622623933,212.134943812998,250.7427920845,273.621702548901,330.048592741923,287.765050379358,325.971306531106,323.69556763784
2476,2476,24750,0,0,0,0,0,0,0,0,0,0,0,0,0,0,0,0,294.323036850704,262.940241365036,280.294516393775,262.14020092276,178.705345811164,297.59449658693,296.768103132369,273.085349651824,211.851837861124,242.375883767203,241.961890377293,225.388606012764,251.260356341759,246.79109851785,182.634217835616,193.524585523592
2477,2477,24760,0,0,0,0,0,0,0,0,0,0,0,0,0,0,0,0,279.795088790662,227.968177145091,210.570554983134,250.520710478179,240.34159084215,317.79593245513,343.410683967173,257.54027429645,255.028686541904,289.308711968996,177.205956129102,246.317021197138,170.805405541681,269.439439424427,324.774009254039,223.950963678695
2478,2478,24770,0,0,0,0,0,0,0,0,0,0,0,0,0,0,0,0,214.298164633551,271.505835730231,251.883857777928,167.709300839116,209.073334636822,248.448254910465,298.881525802727,269.119177392428,225.383737611518,289.656773080613,274.34094232812,252.138736179486,228.824859457127,227.325902344313,195.448095880905,255.749305989037
2479,2479,24780,0,0,0,0,0,0,0,0,0,0,0,0,0,0,0,0,311.255560864201,269.748598092731,227.236542602206,255.228531704242,248.590880109763,247.863883342245,319.347774239712,205.318246968941,206.841384515943,226.956263383855,259.371837268349,198.062377256651,232.874335139253,281.707335950354,249.305000839184,209.869257743337
2480,2480,24790,0,0,0,0,0,0,0,0,0,0,0,0,0,0,0,0,230.900863815082,230.513615262222,278.889270511427,259.381861808296,295.942485789187,274.603748006258,320.662666069736,228.174896697754,275.46059013968,224.466942358644,301.881365313348,165.964291594918,212.127919752986,228.15891534028,253.952549750757,228.730500005559
2481,2481,24800,0,0,10,0,0,0,0,0,0,0,0,0,0,0,0,0,294.969854894539,214.179743897475,247.583766681045,195.772669239569,324.913968706617,317.753707667369,309.666135596104,244.622034823446,207.978190319229,258.473203264904,228.397043940108,267.996378423934,241.155803294237,290.294108339956,267.34682896189,251.767363075647
2482,2482,24810,0,0,10,0,0,0,0,0,0,0,0,0,0,0,0,0,217.140999168397,212.583570589277,344.780011281974,270.370912605956,245.579201338723,295.811810494434,301.095674991215,206.098671159605,207.059587021468,222.063244916664,301.163146268887,301.891446822448,225.218340539834,274.902104630805,294.335310551263,279.733235632258
2483,2483,24820,0,0,10,0,0,0,0,0,0,0,0,0,0,0,0,0,216.895578621762,195.558886959682,237.931171097436,186.996382527821,218.918377768993,262.009833234927,300.178617159092,272.272544594393,201.109919936566,250.108983538491,282.813928706974,282.995459523831,243.774638696811,228.451350964477,232.638763155687,178.729676067159
2484,2484,24830,0,0,10,0,0,0,0,0,0,0,0,0,0,0,0,0,232.118325767542,253.959894431715,159.993845495141,226.693914320755,327.618971656813,239.418690069349,297.460649175592,247.067802576339,287.525289256956,204.710357878873,218.331852258467,270.2584295171,236.680710745023,258.222643897354,183.844624291357,257.82429128042
2485,2485,24840,0,0,10,0,0,0,0,0,0,0,0,0,0,0,0,0,216.612478507506,267.230202132495,275.442156295702,195.117282326558,275.503650818611,210.631549969649,310.769706679622,279.449037731998,242.189780063912,259.080391409153,151.780410895771,243.644894787409,184.927448260082,266.562882068405,321.041238503099,293.394045829384
2486,2486,24850,0,0,0,0,0,0,0,0,0,0,0,0,0,0,0,0,203.5771401859,300.070006062023,272.749820368209,231.253012056389,233.277247163541,262.240483077728,325.931516156378,206.7698985019,272.82451556774,259.206433949467,293.225443583072,229.14759714018,268.530200127665,268.423425314964,295.861591833231,207.512454825596
2487,2487,24860,0,0,0,0,0,0,0,0,0,0,0,0,0,0,0,0,250.342633128157,276.599081032268,261.658869481402,301.199663877706,258.02867307442,222.560891669695,321.930174542786,209.033585982869,318.532613197415,311.716721875024,326.562082629541,317.997196205986,266.764472172926,212.161022460786,190.95058162574,290.584738696737
2488,2488,24870,0,0,0,0,0,0,0,0,0,0,0,0,0,0,0,0,310.008015710786,302.554224203857,214.393718934592,259.001688953135,235.151978052813,240.163690889117,328.494013396347,248.008132405887,253.754716994262,261.919686785984,182.233813574866,275.623006112129,216.197207097106,202.490775693477,250.084792669417,274.85270476287
2489,2489,24880,0,0,0,0,0,0,0,0,0,0,0,0,0,0,0,0,269.995574614142,268.357759215397,295.552384540854,279.748991355999,258.869705156442,191.904967660899,341.790216285954,296.223436211491,266.534698858424,225.149799094146,234.376455990737,239.319286461926,285.150440629049,253.614255541497,209.31251034612,268.358239138653
2490,2490,24890,0,0,0,0,0,0,0,0,0,0,0,0,0,0,0,0,242.506454846251,274.477523470829,306.733622282126,296.34230258321,203.592970309731,235.987616834235,339.800974985576,266.881713390553,287.618025842831,277.900317381111,235.935607799378,227.028804976601,262.705493115817,251.753133294793,284.459899498092,249.388875289225
2491,2491,24900,0,0,0,0,0,0,0,0,0,0,0,0,0,0,0,0,264.586379967947,264.431685532868,208.972926973825,301.332905008287,213.467957905787,197.124847718019,314.900612221011,265.446150607645,279.407672767268,230.502756782684,158.379300167202,249.022616381391,251.070596925695,249.351914959682,212.209231913075,247.48789151181
2492,2492,24910,0,0,0,0,0,0,0,0,0,0,0,0,0,0,0,0,287.177779829677,216.29380840957,233.161645138946,218.720339014252,236.385144169004,232.557077070043,322.968028952591,237.338802896748,261.182576692901,278.961905256581,256.512169820913,263.104162291681,202.798389185431,143.30373678344,201.186399517573,223.002549889659
2493,2493,24920,0,0,0,0,0,0,0,0,0,0,0,0,0,0,0,0,249.638161788908,209.499251585703,183.616583869306,304.440420793382,318.448301028999,246.340926243437,309.116956614735,306.880712160654,269.738864856671,217.979244572183,303.232984929169,229.874516817771,280.977457156788,214.365839832931,273.684589212622,250.410277850482
2494,2494,24930,0,0,0,0,0,0,0,0,0,0,0,0,0,0,0,0,297.810698653479,257.825572763143,217.678171481539,256.637925062568,238.303491723026,192.398401587032,319.449400296726,235.611650395439,263.724313690004,186.587434845387,257.922620317605,159.179701934612,210.107882324635,312.20636588079,267.035888867048,234.819835724395
2495,2495,24940,0,0,0,0,0,0,0,0,0,0,0,0,0,0,0,0,232.694048101923,261.310877284693,299.335798840949,297.65516396233,335.498301387037,226.192546662124,284.085124466408,316.268507794101,309.214164421761,262.323515482781,201.029183281728,265.318822473635,332.14604045476,196.278336648656,268.727695154655,255.952810425304
2496,2496,24950,0,0,10,0,0,0,0,0,0,0,0,0,0,0,0,0,263.708491803672,271.714772772686,256.765588191525,320.468975388865,226.470610004154,229.936542601073,302.293167171192,272.116411752342,254.092755664544,306.13609368207,277.556661120225,270.894836091832,246.545796640912,288.574745299794,168.638767387832,245.735455492672
2497,2497,24960,0,0,10,0,0,0,0,0,0,0,0,0,0,0,0,0,201.386676107163,229.418410590673,272.152490579998,268.118076348086,156.668009529681,204.451824373806,295.650855319756,241.794921016873,261.786039291439,248.742646414094,282.378521665391,235.229982133439,248.674761970441,221.622563083435,212.269504029686,216.604346650958
2498,2498,24970,0,0,10,0,0,0,0,0,0,0,0,0,0,0,0,0,249.806983808167,245.780596923003,252.020385763432,273.960738067686,210.759275189602,266.369170797584,302.934963564454,264.517195279702,294.95773355392,275.302310103809,209.760529447051,278.284144498834,258.362682909092,238.490683389302,313.873901874409,243.056451470353
2499,2499,24980,0,0,10,0,0,0,0,0,0,0,0,0,0,0,0,0,311.425348209538,223.665495123874,230.237350414912,204.009038156019,223.525478197923,271.161882239492,283.123890926088,293.236038060222,235.490661220215,281.514035912287,306.000076505755,278.333297934053,301.451937078914,283.794900984806,211.911665118792,231.473411545264
2500,2500,24990,0,0,10,0,0,0,0,0,0,0,0,0,0,0,0,0,221.968584765741,190.084657061918,248.257490625032,260.838657884567,221.310493892058,292.252381973997,296.120977644502,291.259298539513,243.283036183881,266.050298965717,241.767014252073,277.187423719444,317.620251958025,250.620727102608,286.536992929785,239.340891353
2501,2501,25000,0,0,10,0,0,0,0,0,0,0,0,0,0,0,0,0,237.111268198965,263.635056496631,215.83188423318,265.955877878682,298.686294392952,226.027804466816,320.971574034895,240.795812969346,201.243900214252,278.438816772728,210.197658132907,272.21305735931,246.251955967959,175.852376229146,288.729299643812,196.839539791882
2502,2502,25010,0,0,10,0,0,0,0,0,0,0,0,0,0,0,0,0,229.905903829222,308.853192678974,256.562841282991,298.553318850576,307.124103943758,154.96312135769,320.051601244953,254.353724045214,217.611452280108,264.115271410453,279.938997902287,257.484074945435,261.2586847691,275.708956617547,278.017438552552,268.406224014389
2503,2503,25020,0,0,10,0,0,0,0,0,0,0,0,0,0,0,0,0,280.962327749349,171.098324443262,279.258619416807,247.004361436418,322.064841821224,254.386071918613,339.958400154134,207.077502914535,305.875271909221,264.026400473344,265.53906824558,292.584086583052,283.847400645247,291.845280621549,260.973102151857,276.051142682929
2504,2504,25030,0,0,10,0,0,0,0,0,0,0,0,0,0,0,0,0,277.726477820564,252.773789023156,295.02042568959,274.072859052052,259.56321482553,249.996947347071,342.140645817346,269.220944942197,283.518945277011,260.706536247886,299.324949649651,298.635717275292,235.837912133341,241.713476920162,267.133407125114,253.36694268493
2505,2505,25040,0,0,10,0,0,0,0,0,0,0,0,0,0,0,0,0,265.594649526999,208.276416014951,263.779885209854,228.831851456302,243.929136583599,328.615069914274,340.699034249934,224.206578300959,242.347547716541,202.029289505639,242.595444258741,278.23798514488,271.703259434311,278.787001419707,227.744627219337,294.070360799125
2506,2506,25050,0,0,10,0,0,0,0,0,0,0,0,0,0,0,0,0,251.57611168489,199.713451390359,231.663421587798,256.323532355749,282.856838018744,279.600059487394,315.322822976518,218.205035842281,275.260733248541,209.879264988506,184.710557747324,253.0809425874,219.673322207268,286.67054284114,252.369625088878,196.642274354862
2507,2507,25060,0,0,10,0,0,0,0,0,0,0,0,0,0,0,0,0,234.393134756797,214.489140035035,227.751362728368,267.364888862683,173.436436589093,239.815812761926,350.13916747262,239.75807009492,300.129099372431,184.507105040389,313.386326524632,282.965749976195,244.608485060559,223.313088913325,253.920785608303,274.365334866333
2508,2508,25070,0,0,10,0,0,0,0,0,0,0,0,0,0,0,0,0,224.232711931827,245.607541209264,232.513521100283,260.982309066645,275.93079909096,213.108173793241,360.061153304335,244.580616100358,258.533233394069,171.864950533024,193.711797362658,249.885990514789,276.508916295278,189.483458770196,272.880916964999,260.461269360911
2509,2509,25080,0,0,10,0,0,0,0,0,0,0,0,0,0,0,0,0,278.164258594265,214.932449870844,245.683254762941,225.491714371641,264.978416379598,343.375201613762,380.567052044757,224.802914896063,318.194180681124,286.846722857508,231.328942347744,222.097154004886,314.021241308211,294.310350369421,207.494377952069,237.159163945534
2510,2510,25090,0,0,10,0,0,0,0,0,0,0,0,0,0,0,0,0,243.73417882037,282.847953467134,253.225556360774,254.589190684223,217.472055690083,227.286882334764,373.035842076722,238.166466305672,242.688312793449,213.555172627572,271.308393394359,236.852510943403,307.720513083151,277.400584952716,220.229188593821,235.11471526011
2511,2511,25100,0,0,0,0,0,0,0,0,0,0,0,0,0,0,0,0,289.484117945052,266.452939265396,295.609871670341,140.297372689667,225.088768209666,231.523162380866,385.887712915672,173.69927473481,243.285298430646,303.323419092082,179.899146152618,158.862218883776,226.708223231213,222.961222735389,218.736471973242,285.591673900014
2512,2512,25110,0,0,0,0,0,0,0,0,0,0,0,0,0,0,0,0,210.32949581689,241.445451006088,176.639465602416,241.785613055421,253.813690886664,276.950219122051,384.934844808713,268.189956421092,268.779652513771,251.874098510006,187.5882973828,263.043017725464,190.347653826078,257.773889318793,326.789860465292,211.803548986043
2513,2513,25120,0,0,0,0,0,0,0,0,0,0,0,0,0,0,0,0,234.53390312894,242.54518661199,274.734954905061,293.989187382993,248.179304339299,171.129307543689,387.557162333074,223.020226859416,294.79116551465,185.317482514589,229.728480155498,234.860380631345,240.164757527964,232.569176654289,243.333338713353,285.650727062234
2514,2514,25130,0,0,0,0,0,0,0,0,0,0,0,0,0,0,0,0,246.62280124901,256.126598960412,239.758150625401,360.741999759369,232.241483843226,290.424575312635,381.907152947034,317.534460815026,272.510938766313,278.300476672831,356.542935356488,254.533900620149,291.986491847322,261.353069687254,262.098609708375,254.397986760672
2515,2515,25140,0,0,0,0,0,0,0,0,0,0,0,0,0,0,0,0,325.368106914171,257.263790925153,230.338504914298,227.092558892297,244.307481148703,184.444116750547,355.822718795017,193.373728663707,240.059833207821,251.158622604478,263.315427874494,222.554114924345,261.189370752138,248.516502182475,317.333477594002,192.682031586252
2516,2516,25150,0,0,10,0,0,0,0,0,0,0,0,0,0,0,0,0,248.354694585216,222.872508526226,218.644400097693,190.05833963761,255.321835178828,350.97205510688,361.642536451655,298.033198093465,207.724377863132,261.002515588622,252.278132136972,214.753044272948,179.517095982691,200.199437921263,245.173550724704,256.41591684496
2517,2517,25160,0,0,10,0,0,0,0,0,0,0,0,0,0,0,0,0,212.105353263095,261.73337211717,211.497008126849,263.688578982095,190.21417221414,228.279864360084,345.192627202068,225.592816444927,245.677263129887,220.84032166378,276.083325225263,247.386317185493,242.747068734551,275.1352493477,203.39017654427,217.181381257342
2518,2518,25170,0,0,10,0,0,0,0,0,0,0,0,0,0,0,0,0,240.773398304164,288.760935634807,255.394402114026,178.350478423411,274.903894138008,214.186073546494,351.351928915276,301.501152048389,295.795940715337,210.424375787118,221.244004459987,197.849394537157,255.610983947601,247.564791929068,202.20835362085,296.200822008842
2519,2519,25180,0,0,10,0,0,0,0,0,0,0,0,0,0,0,0,0,260.621645121797,200.282869123709,232.703567053231,308.502363396011,259.347538167161,275.574166359136,323.8994182493,236.649206385093,262.166511889545,287.400676039596,304.14485575217,199.30712955502,268.645839233918,285.41755357809,205.123495869608,201.918237421507
2520,2520,25190,0,0,10,0,0,0,0,0,0,0,0,0,0,0,0,0,319.145007947655,221.241340123644,296.301307037403,271.826956325179,198.635488032773,250.703748890364,345.012353825874,192.271880349003,283.663690860832,228.551740695727,277.058703688087,253.295562524818,293.137117790078,278.418262205641,219.462105415541,264.503412811387
2521,2521,25200,0,0,10,0,0,0,0,0,0,0,0,0,0,0,0,0,267.668440710544,215.615227212066,237.822214162629,326.537646475394,348.122094196268,212.706789737229,358.106572351078,258.325894217489,304.185974252066,287.128059261469,234.004360674285,291.675135533086,218.624984428812,331.340302372541,186.570180787973,235.550385156806
2522,2522,25210,0,0,10,0,0,0,0,0,0,0,0,0,0,0,0,0,194.539258122179,277.967580238379,219.433448373081,238.578561264076,212.384609186349,163.64813176743,344.958064142081,281.59708177675,208.612012120477,220.756778138187,234.648055729591,324.133233540714,287.656370025801,309.322294673873,239.891387150848,262.66316839712
2523,2523,25220,0,0,10,0,0,0,0,0,0,0,0,0,0,0,0,0,218.18624723178,230.755789836551,236.600579015516,246.371046778834,284.50785966643,179.32465498087,377.962362113074,326.963207055858,243.790161911295,237.850570632927,257.482596705698,202.88102295741,240.62032629748,269.942465044049,292.884789844949,194.785777939313
2524,2524,25230,0,0,10,0,0,0,0,0,0,0,0,0,0,0,0,0,345.044685749513,186.052349596261,268.230712641724,237.594968952222,314.021631348155,223.672988632439,348.229051229027,271.862356642436,207.088388274806,287.563726255665,241.856607832287,245.994968492095,254.531405817159,226.736534429374,191.179429278319,176.46195863374
2525,2525,25240,0,0,10,0,0,0,0,0,0,0,0,0,0,0,0,0,249.763971291648,208.408786244951,248.812654125832,242.039692500094,266.747473363348,277.891389463379,384.893973478178,205.893736787053,243.605758969685,245.326379383214,241.889128817177,209.766519216859,271.110155041649,239.458078744363,261.204174603448,248.686262882449
2526,2526,25250,0,0,0,0,0,0,0,0,0,0,0,0,0,0,0,0,226.554562234014,289.386953530571,208.604259565735,244.61701871773,229.254186517236,239.823146808972,379.181629374971,175.833622104245,260.517423400844,211.108435357102,202.650044320437,255.071532952089,181.890864612216,270.887361290907,338.539375786963,221.458633558064
2527,2527,25260,0,0,0,0,0,0,0,0,0,0,0,0,0,0,0,0,231.667541283552,258.899640942019,230.230911000714,253.5221247232,237.43153693863,270.374894703742,369.897515505305,227.199478342874,238.024436262941,217.632279729937,255.142480880029,273.547527973445,241.364921658277,254.107434167588,212.773160854867,190.830986441127
2528,2528,25270,0,0,0,0,0,0,0,0,0,0,0,0,0,0,0,0,232.524801068284,213.783514956606,230.726206383511,292.346992482592,209.241609448203,239.323350673872,384.489781223192,266.017105587658,291.171697893428,246.425878827914,305.623555109455,220.827945339396,238.629487490228,226.729626022058,223.621865791288,364.342285459579
2529,2529,25280,0,0,0,0,0,0,0,0,0,0,0,0,0,0,0,0,302.677535864026,298.751467220617,297.899281836732,235.922295975501,290.371890564719,306.142405883324,399.86850467235,223.930206959664,292.85432832843,281.983659763844,216.048514744306,253.049758789686,300.673691307208,218.807827080333,288.128201522242,202.667698159799
2530,2530,25290,0,0,0,0,0,0,0,0,0,0,0,0,0,0,0,0,279.615733714478,233.576324119064,265.448650831332,208.417815251909,245.278437338779,245.661119432948,376.79391537962,292.079905173538,240.41798344862,257.898475787345,281.219788684981,207.279463690163,290.364879680982,242.187462027138,274.752998531925,246.082908745224
2531,2531,25300,0,0,10,0,0,0,0,0,0,0,0,0,0,0,0,0,249.617326859398,268.11245478628,290.904531048597,281.429188134025,260.821255918885,152.398547111149,343.898425087021,197.777769828528,277.514172464853,254.345736683949,220.607177384004,352.401775225901,172.338300536284,215.637626358792,249.402464910687,292.853915890167
2532,2532,25310,0,0,10,0,0,0,0,0,0,0,0,0,0,0,0,0,214.299940111497,229.23655423784,277.721782570462,195.022455475417,245.154589885878,262.579294924615,341.055784731611,232.235251074087,277.169371392682,329.756911575558,284.173212719759,224.766363153175,311.29437949001,309.406029344142,226.208991791283,254.146227488634
2533,2533,25320,0,0,10,0,0,0,0,0,0,0,0,0,0,0,0,0,304.305583762314,254.964689003362,289.635985237211,228.660786611659,236.09379165168,279.454193271943,341.28723335346,261.639477036314,268.669102956411,276.179915562808,260.385339684408,235.771946959404,250.322617884647,259.485903163848,261.800461724316,244.827357853838
2534,2534,25330,0,0,10,0,0,0,0,0,0,0,0,0,0,0,0,0,224.579853099886,186.712482058562,277.438512111385,220.464173793684,269.86239187154,261.890780560237,341.646891771032,309.858707260875,297.709916851317,298.978281562609,241.496597567008,200.746003033922,255.215350256655,177.724907168236,271.365482031936,306.984260629314
2535,2535,25340,0,0,10,0,0,0,0,0,0,0,0,0,0,0,0,0,209.668914679504,188.357525494671,205.779371421015,264.804781458256,160.115546907584,257.384120399863,359.479863084009,229.610761767963,265.174590160919,325.659529216222,302.992743835427,298.360535723298,238.230649389335,239.644554434509,221.738441636718,249.628775493726
2536,2536,25350,0,0,0,0,0,0,0,0,0,0,0,0,0,0,0,0,209.814768278954,257.226170624297,242.895304111613,270.229525534133,286.767577430836,268.245720061297,363.309902837424,191.933698423597,217.716297983251,222.191875319875,267.815550667768,229.233242056011,307.442653696818,209.813534275193,276.801793264658,227.269146545987
2537,2537,25360,0,0,0,0,0,0,0,0,0,0,0,0,0,0,0,0,203.4965849189,271.425532070395,270.007628791643,219.822008935962,220.868929371309,244.661947464168,354.352937318493,280.580756821413,268.812479293911,210.057577180478,193.17806109922,228.327270813734,263.524940850945,288.832718307046,247.23378206068,297.436674754804
2538,2538,25370,0,0,0,0,0,0,0,0,0,0,0,0,0,0,0,0,223.752945686736,209.783436331622,264.40956081884,282.145763082315,272.068410007988,171.943451395571,366.05687415071,245.843358652601,280.906912727487,275.858664242925,279.45752460991,251.789849552753,200.581663660526,349.276298373039,261.552131942501,233.345478162468
2539,2539,25380,0,0,0,0,0,0,0,0,0,0,0,0,0,0,0,0,158.496395751969,304.076012939062,268.494875445388,229.513746522922,243.459120927763,204.23018642778,351.481971410214,245.99881205372,177.283917220152,241.837537519625,309.444919672106,323.488751945628,269.709684499433,238.720886330899,251.847752686441,224.232894877068
2540,2540,25390,0,0,0,0,0,0,0,0,0,0,0,0,0,0,0,0,267.352065867141,263.286108439662,242.369080042074,223.975458712976,227.14116175298,252.669031035687,362.645606118558,273.368889828331,205.073503265173,255.489581187449,310.130447833702,277.68225323826,259.902115415623,233.200586351791,245.234504307488,286.071889089597
2541,2541,25400,0,0,0,0,0,0,0,0,0,0,0,0,0,0,0,0,314.153114950161,247.982793400227,289.191762631129,286.515938058472,252.798864124032,248.604191779021,338.82995112579,261.966739481322,303.476946183064,269.598999347711,236.058962429052,296.549470427252,215.728989934663,264.094217872269,150.476325598415,235.774880458136
2542,2542,25410,0,0,0,0,0,0,0,0,0,0,0,0,0,0,0,0,318.051874515061,280.096519034683,294.064232503388,275.007406690525,273.250989803213,199.400294787246,320.177631146521,311.183698734436,248.092233064834,289.701360587081,169.111003962418,222.882999635689,242.771818885295,206.818126674774,228.094935800664,238.573666328006
2543,2543,25420,0,0,0,0,0,0,0,0,0,0,0,0,0,0,0,0,259.918668676858,215.885249595509,282.543554856822,231.81443632984,236.385991170313,287.190554353665,329.738083564853,250.049145583111,217.68823054768,295.482749051326,268.105445266221,241.37031383696,242.697939059235,236.996339713036,272.725297901115,227.545065941713
2544,2544,25430,0,0,0,0,0,0,0,0,0,0,0,0,0,0,0,0,308.449666696625,209.815261648356,283.463663916098,284.253284782248,180.027910341966,235.494130756562,307.204664725006,230.823023655583,281.581802442044,289.744804879977,272.709858183608,263.998765469336,202.105702588324,330.914152792072,277.896328736316,184.841802786105
2545,2545,25440,0,0,0,0,0,0,0,0,0,0,0,0,0,0,0,0,208.959808471774,192.870488359235,236.143123251597,218.945411163094,320.052198332105,196.104526951627,336.192487807767,288.657314945653,324.711717594676,247.028865226769,266.071157544392,271.095411275593,296.736666086847,292.588699015833,158.914480804499,239.787361820632
2546,2546,25450,0,0,0,0,0,0,0,0,0,0,0,0,0,0,0,0,220.804038705916,284.983355038209,258.536557052084,285.323433299269,263.383817356669,257.884085404092,285.347697261352,257.000481525392,252.829928630857,154.011678764428,258.312210456237,240.392277123733,316.131589926776,223.438844007635,279.531611374758,294.59204072899
2547,2547,25460,0,0,0,0,0,0,0,0,0,0,0,0,0,0,0,0,241.628028711217,318.67478474661,277.6768056174,233.751388675681,263.873509807023,262.478161544423,291.077438741272,214.031138494066,241.759168115724,287.492669746502,256.08493465094,211.916079901666,259.316930901106,276.287077299111,291.00302547707,221.934169009005
2548,2548,25470,0,0,0,0,0,0,0,0,0,0,0,0,0,0,0,0,229.014810795543,258.128723655494,235.677125427329,208.588420826042,264.248088122532,278.901832769835,288.730013985536,317.126227673785,238.653768761172,284.87231589689,177.034237911966,275.01511300984,306.438371825914,237.745409096488,321.934789544381,291.885352407073
2549,2549,25480,0,0,0,0,0,0,0,0,0,0,0,0,0,0,0,0,236.424896399186,201.909736217304,246.117082026971,259.62870401318,208.171157535188,203.413515719338,283.890819392161,215.871391974033,270.189177581789,208.516897896766,295.426930697376,243.392046976691,294.184869753231,280.019922392459,252.375335122678,245.118131036243
2550,2550,25490,0,0,0,0,0,0,0,0,0,0,0,0,0,0,0,0,204.355078300373,225.279885111543,298.267449839335,232.13369553861,286.547007654647,214.835145766227,296.071149943286,263.313447293668,269.877467119901,248.339294906353,280.305111579038,256.262833329677,245.396594699568,224.768185473503,197.609595018962,310.33638777822
2551,2551,25500,0,0,10,0,0,0,0,0,0,0,0,0,0,0,0,0,271.115124050275,294.23350672863,253.521015694897,309.698279958563,212.450131085877,218.233759213882,278.808205630887,204.716714595488,208.508243322533,231.551200167943,227.732172074674,274.363176277395,230.785185120518,218.880461692805,218.763751678498,179.074214823027
2552,2552,25510,0,0,10,0,0,0,0,0,0,0,0,0,0,0,0,0,238.733054792732,267.71357097747,244.700611378266,291.809047916978,202.453512003669,263.093320045364,299.823602843925,313.942617322887,250.010181215763,270.038052658611,225.714814741462,190.995176615919,246.744387147067,260.002366358992,230.729581240905,269.986041065242
2553,2553,25520,0,0,10,0,0,0,0,0,0,0,0,0,0,0,0,0,240.351645570715,227.099076095695,330.147231428569,245.324924668135,231.990965622919,195.923079287495,273.813641124642,197.686790512295,233.375047986955,251.416104807129,265.3353451378,225.579984650401,290.5802912229,233.318719741608,266.850109975444,246.011600104528
2554,2554,25530,0,0,10,0,0,0,0,0,0,0,0,0,0,0,0,0,233.815731335331,232.735166619812,248.051524424877,232.698656342447,247.86495468216,251.612638577618,289.531773538939,216.945999701869,237.02952769518,223.311508746569,187.951412418716,234.633378216514,221.022184469406,311.745245871011,237.481447723168,295.240929367679
2555,2555,25540,0,0,10,0,0,0,0,0,0,0,0,0,0,0,0,0,238.061016064837,267.888009510176,221.142525334198,309.110927227468,270.170201780638,267.699895664926,299.995090433627,262.742935982789,200.444114077612,275.73732183482,231.308891832169,201.153408434232,216.325615697935,207.84189929133,238.368780733464,323.69970309203
2556,2556,25550,0,0,10,0,0,0,0,0,0,0,0,0,0,0,0,0,266.554518881466,241.040318343789,243.344179407633,272.80750383125,242.94200273123,217.284556427106,318.121994670696,222.362951769418,255.055539292366,206.731546393429,254.609396405156,200.465200108337,283.929813105713,238.205267754475,261.185691462094,242.851706356402
2557,2557,25560,0,0,10,0,0,0,0,0,0,0,0,0,0,0,0,0,329.980363053411,215.68679775882,218.472632346533,253.068456042393,297.293184823764,212.26753022711,304.881851681446,295.593549054849,210.790899798781,291.628731197474,230.563451306047,268.44909447274,319.832380974569,247.241122729199,258.15553217825,247.830983477617
2558,2558,25570,0,0,10,0,0,0,0,0,0,0,0,0,0,0,0,0,281.053347296362,212.868040517479,197.555265652607,274.539716526965,253.602991927076,269.016816821556,331.579958720949,231.279795796443,274.613995574344,187.762428297949,243.634994670475,275.600740723905,225.966184556171,230.514181552651,286.45101624579,249.437701484893
2559,2559,25580,0,0,10,0,0,0,0,0,0,0,0,0,0,0,0,0,195.216180500134,248.319960727415,234.694397459493,233.218992918895,241.117282842024,271.806137632039,321.534941878285,250.716753385892,229.720262067241,242.695237108853,264.370326076183,251.470146967034,238.149884844412,231.304149821513,218.988543573137,291.268986129428
2560,2560,25590,0,0,10,0,0,0,0,0,0,0,0,0,0,0,0,0,265.45740622753,224.79124740607,208.737790811598,299.538745612962,232.576812687221,220.332405250417,337.44162132939,297.45482249937,192.211718447968,231.603066536062,225.325752885081,201.152552084945,340.856271371986,248.470902996197,217.436653083257,264.961983371104
2561,2561,25600,0,0,10,0,0,0,0,0,0,0,0,0,0,0,0,0,235.118037208494,347.324870357262,202.677092805404,228.783911745821,287.610562205277,224.261207276193,353.027360092862,266.576738041998,276.64174766733,243.913785848011,245.620473960753,250.878877180567,191.151925589558,257.386963794048,273.376787652687,241.239552775343
2562,2562,25610,0,0,10,0,0,0,0,0,0,0,0,0,0,0,0,0,206.339306193438,279.270092009188,252.147953616181,234.894752404647,193.46193281769,273.968611792293,352.265611578329,195.862777556222,192.696920407908,300.922515590775,253.287681140793,277.597260577803,285.311893409071,247.608540035363,277.43396094811,249.559138085051
2563,2563,25620,0,0,10,0,0,0,0,0,0,0,0,0,0,0,0,0,339.403508970329,358.914411554672,229.697017992018,246.329956183403,271.612386535335,221.8179898209,375.55345468064,276.970334023763,194.567526381334,249.559544358508,295.484301470005,181.341467615183,276.786678320313,289.083728147359,165.031167755937,238.639826560038
2564,2564,25630,0,0,10,0,0,0,0,0,0,0,0,0,0,0,0,0,208.744542941172,227.254634164234,257.394623969968,207.161075944222,241.916686039933,215.033117209052,369.964404312813,257.644800484099,260.677638567775,218.890848442808,203.644382728071,275.975136701722,257.154089934484,272.988399278555,291.437984999797,272.909527626172
2565,2565,25640,0,0,10,0,0,0,0,0,0,0,0,0,0,0,0,0,182.805744733201,228.156423515972,247.054635292044,256.495993260946,278.074862901584,224.687077975254,352.63069425005,236.07949530365,199.064681591588,261.64592187007,190.05023951906,190.78863959284,243.076530541566,235.922816937111,235.574880075313,256.204245147499
2566,2566,25650,0,0,10,0,0,0,0,0,0,0,0,0,0,0,0,0,211.366065124722,252.074067558311,274.632436267666,200.011943563474,181.017190546118,219.507722419733,368.257547255849,250.544008712176,345.075654400841,270.664661785849,215.361556722649,224.87114673051,259.805980709296,251.482449353556,231.46211168341,278.448225938089
2567,2567,25660,0,0,10,0,0,0,0,0,0,0,0,0,0,0,0,0,207.560730691257,259.525827984642,222.993598852275,280.535467191043,277.183306078268,205.950243139113,383.674653693124,238.827677461746,212.659335104138,329.271917106504,250.907865526922,234.724845446901,248.939464992124,165.761458019843,271.588699199825,206.480213627548
2568,2568,25670,0,0,10,0,0,0,0,0,0,0,0,0,0,0,0,0,190.507301612388,351.356757627062,250.127331113239,267.29585933909,229.544227810548,210.461913701592,394.960277132244,288.21211275522,248.949056262816,222.102283869889,241.011641678614,225.53217357804,267.421436955782,226.449000377337,256.433434935862,209.0147900931
2569,2569,25680,0,0,10,0,0,0,0,0,0,0,0,0,0,0,0,0,293.116379385994,251.941588240064,253.388605749503,198.472853354574,248.197600302011,215.500747526666,385.670871648957,209.287605358541,271.17104433784,202.267697690483,246.012645179059,234.471257595572,229.285516792525,304.796373663269,259.658277843928,295.874756908382
2570,2570,25690,0,0,10,0,0,0,0,0,0,0,0,0,0,0,0,0,296.122777212989,184.03806167115,232.688368920284,227.305878712426,164.296746046328,241.923006090081,386.973697093178,270.538974142389,275.797431093247,268.722833763962,302.806732789684,289.14396922533,230.205719142867,314.217163886554,233.602476287944,211.468420474829
2571,2571,25700,0,0,0,0,0,0,0,0,0,0,0,0,0,0,0,0,291.914690179819,308.790730827007,273.791286377027,193.384359895817,300.213401455305,239.81831896827,361.382894866017,175.146568491306,215.719466131427,278.562851608422,186.741556139564,172.580823274374,260.434308142618,241.005619068473,296.054375754281,239.936508620893
2572,2572,25710,0,0,0,0,0,0,0,0,0,0,0,0,0,0,0,0,268.714362203503,216.019993914999,279.003351789802,205.094135837355,217.258301073334,266.878916793251,379.157978899654,285.502471040653,301.492669291268,226.06093237319,280.506796615416,244.219477926911,188.76786340566,275.864423125059,257.99775213079,245.049713610137
2573,2573,25720,0,0,0,0,0,0,0,0,0,0,0,0,0,0,0,0,244.218251950876,270.260732569286,289.579531284668,228.663982284082,304.72717477058,326.382073140474,398.105888425334,219.573793726586,197.606756955862,271.053528325467,234.204717455515,200.652715709498,198.314904005837,245.472696633909,337.468608154227,307.068523695042
2574,2574,25730,0,0,0,0,0,0,0,0,0,0,0,0,0,0,0,0,275.33845446291,248.559770599953,309.713493719335,204.218198574584,209.887623810299,220.311163957509,396.665277562234,258.150557744074,258.457182999856,239.43052520279,244.143214469732,194.28097338002,280.374759353987,224.355270270177,239.598943013415,309.230011041386
2575,2575,25740,0,0,0,0,0,0,0,0,0,0,0,0,0,0,0,0,296.08413453759,254.975429895582,229.313117654268,228.477614471158,294.464165513982,247.82173836255,386.453100073275,286.206273400199,299.383261403323,205.48500533892,232.591769787953,263.889752558016,300.743125613736,202.029637730892,260.052969995732,260.625968238124
2576,2576,25750,0,0,0,0,0,0,0,0,0,0,0,0,0,0,0,0,264.997155445095,353.610069292972,244.305571238047,221.491245891328,257.373786970625,273.790550072618,364.240373153739,238.453794068489,231.594676520569,265.302036529518,305.74994800186,234.332089328848,207.088003950624,203.809620133838,223.161900294343,302.86853878793
2577,2577,25760,0,0,0,0,0,0,0,0,0,0,0,0,0,0,0,0,254.376673048623,272.058022223776,242.235231120097,233.866471282943,267.996565202348,205.694228720438,347.997073517045,245.913457601545,233.678743222465,218.473652201854,267.175769901646,203.165701722358,239.995935851034,277.89453475863,212.618503217153,278.213929658611
2578,2578,25770,0,0,0,0,0,0,0,0,0,0,0,0,0,0,0,0,255.059624959453,192.829747001919,309.829952860401,229.937075708414,263.675613872518,170.895483732981,350.700119601344,259.978231847965,202.946563739139,241.866434860829,334.359610729671,253.308096981488,269.276727920547,259.619553186351,278.697343679938,284.891007156243
2579,2579,25780,0,0,0,0,0,0,0,0,0,0,0,0,0,0,0,0,292.594136136698,188.742034850583,304.042896513206,229.047529517187,267.519041746661,241.076723581631,323.532555031736,291.449446865951,237.309270240637,204.281976964246,235.711547553442,163.134183183873,248.09650310478,244.404946064022,334.680398483101,268.313224189168
2580,2580,25790,0,0,0,0,0,0,0,0,0,0,0,0,0,0,0,0,227.823766597041,233.008226541206,207.179278594005,294.392383124517,303.275343004095,351.983740032359,346.532051229755,221.464229554721,194.928214229555,235.923218879537,290.967821209172,289.016213426536,232.638727010029,265.885308617979,299.869013747426,207.549969092465
2581,2581,25800,0,0,10,0,0,0,0,0,0,0,0,0,0,0,0,0,242.354113026646,262.314617516818,299.646250620906,198.664890836356,187.210045349047,276.68134007318,330.056062224236,310.236508289666,267.412095929345,205.63511056466,301.082391764609,290.379558534107,258.362410097196,208.79270637332,150.253307821945,239.30844231658
2582,2582,25810,0,0,10,0,0,0,0,0,0,0,0,0,0,0,0,0,231.795868676577,301.819333811317,248.699445061141,271.994861866749,234.900195728116,289.604096880725,307.396583610294,168.099741572456,252.52394104601,292.343768595286,191.889370607081,340.110756262689,254.73015036498,309.038840998746,294.286286103469,244.508243367188
2583,2583,25820,0,0,10,0,0,0,0,0,0,0,0,0,0,0,0,0,335.26811714088,268.316121695363,259.686193510561,242.630340733177,275.082427821409,253.633099909596,311.712414990734,259.978556400179,246.590025863322,299.255756686633,293.11054003893,261.600913238133,275.954866522665,317.395838077105,246.475367124193,255.758652834132
2584,2584,25830,0,0,10,0,0,0,0,0,0,0,0,0,0,0,0,0,270.846212006366,237.498073578666,361.780614662359,302.760924007552,230.352088541119,276.582119314444,329.747746034214,263.862313148977,230.372343415644,291.246156424616,189.893964812155,251.007407177738,242.585395961838,303.082221211982,277.701160472964,298.39740833192
2585,2585,25840,0,0,10,0,0,0,0,0,0,0,0,0,0,0,0,0,226.165126743201,232.093121280832,254.282975082309,246.484990905971,219.983916857755,192.988021518418,317.756468557736,231.838232192346,276.062268542959,254.55585592846,172.309913373069,230.168282608836,222.16114832859,193.382803261007,199.224478193167,178.784641887449
2586,2586,25850,0,0,10,0,0,0,0,0,0,0,0,0,0,0,0,0,220.178010936607,282.150866966712,315.637605552053,219.061704741609,216.046119593491,265.564633853183,330.03749659184,273.653607359349,203.151439154319,187.461622998505,239.514123798426,253.728907696719,277.375628931072,217.965313659709,287.132268634113,291.762468650116
2587,2587,25860,0,0,10,0,0,0,0,0,0,0,0,0,0,0,0,0,212.666221164985,267.732704637566,272.931096941917,210.989374200657,291.041529587629,280.428525156407,353.821892646314,178.841335455192,210.584350356887,203.918336103825,251.926701034717,226.188583716903,273.531046524387,266.280931984781,253.569987538835,258.806866584188
2588,2588,25870,0,0,10,0,0,0,0,0,0,0,0,0,0,0,0,0,217.933700622102,257.661105080407,228.596936652803,270.434892745745,208.407711186057,261.147785316811,355.639228301032,302.178479957295,217.805550868707,245.239219984382,194.486191324837,265.892434715293,249.967179617358,259.496679611799,278.723171182927,196.706442361806
2589,2589,25880,0,0,10,0,0,0,0,0,0,0,0,0,0,0,0,0,226.713891952962,293.379041224965,226.185556790483,215.093243480169,237.940533623773,216.137108501322,349.436340875265,288.237293587611,198.53124152489,183.264833301273,265.301364319394,256.100398671137,256.191607583874,253.836851746535,240.110279517473,276.682135446834
2590,2590,25890,0,0,10,0,0,0,0,0,0,0,0,0,0,0,0,0,268.593414267179,296.687897591369,265.464839222485,280.690021595586,271.349177941981,273.051024779801,339.270248955765,246.701570950311,221.186768289129,294.252775471139,244.593275520122,274.561143719531,264.217981038809,246.32251262609,239.553211018205,280.059438731509
2591,2591,25900,0,0,10,0,0,0,0,0,0,0,0,0,0,0,0,0,182.748541918228,255.226992428171,153.967312154461,236.718481221878,261.219880130127,322.783511195861,342.924634141054,216.330655362793,287.299282807976,182.969221390778,259.392979327098,252.699107063706,261.046898447999,269.709935064289,270.913624324653,260.426470338906
2592,2592,25910,0,0,10,0,0,0,0,0,0,0,0,0,0,0,0,0,232.739594134064,224.868636474448,309.998033011353,247.048458435273,278.17460378867,232.661877593535,366.980596806501,280.591797927399,214.899254372331,215.459966382332,223.511446451611,261.858138070385,228.348375701657,212.81357409297,205.066545533772,261.791913264069
2593,2593,25920,0,0,10,0,0,0,0,0,0,0,0,0,0,0,0,0,267.899872717831,211.942484600034,223.824359321796,225.681952298333,230.395138704271,194.665371331229,356.08305789388,296.962990783166,318.202574123946,305.587299024897,278.055144716419,294.55104478923,240.337887700787,275.837667448237,252.928486013346,281.375143308428
2594,2594,25930,0,0,10,0,0,0,0,0,0,0,0,0,0,0,0,0,230.066221209911,187.615356772124,259.822927200701,261.706400262775,203.793820955796,229.1971139315,371.222522652291,242.530929586415,214.299091965309,252.075050666824,265.724487060978,220.217995047447,248.374281350545,308.098631370097,174.558833502815,197.67937804714
2595,2595,25940,0,0,10,0,0,0,0,0,0,0,0,0,0,0,0,0,270.570365899831,272.382543802049,247.583016996281,306.3343921914,283.54207810627,270.929669118535,343.495701259766,215.64725665733,237.42970797614,246.11299177936,189.857470166555,230.411954024567,250.578720285882,242.400217743969,301.401238455413,185.797536509592
2596,2596,25950,0,0,10,0,0,0,0,0,0,0,0,0,0,0,0,0,342.919581838899,321.978177604607,241.025847646601,240.594273904075,268.712456110127,222.481332078013,366.226812463397,240.813382702037,276.175199917302,217.527141066954,273.962157509561,225.50228561069,246.78678978534,216.183441153863,262.799417036456,238.141194653266
2597,2597,25960,0,0,10,0,0,0,0,0,0,0,0,0,0,0,0,0,250.12016451677,216.408808205338,234.511204590338,246.675285492328,221.04164482792,262.469934596616,397.468503658782,234.276622988357,177.641511546769,245.828403751201,276.259870112507,217.988881622467,231.585255120454,250.621749056066,237.197139015975,242.43886630016
2598,2598,25970,0,0,10,0,0,0,0,0,0,0,0,0,0,0,0,0,263.70569211037,200.470037050731,277.35678399926,271.290933793995,241.692445196461,183.416455369823,391.48803232419,211.205435858423,233.077832629509,217.276440126585,215.977783507907,249.326777644429,199.739441642329,236.939000237628,291.644911639521,280.609138327515
2599,2599,25980,0,0,10,0,0,0,0,0,0,0,0,0,0,0,0,0,243.604115316816,251.038526382023,195.646804314768,250.886027788934,244.162763271406,309.417786264672,393.900667292787,355.539705753679,252.966050826833,212.896843500055,254.187206286658,205.827277003465,235.955638192601,242.165525862003,301.504314415013,311.447873135111
2600,2600,25990,0,0,10,0,0,0,0,0,0,0,0,0,0,0,0,0,265.827521546408,251.328413291799,203.587090928793,345.254723630483,273.496186837075,276.77031701067,401.936899262082,243.667007730489,293.421198249513,243.650774499196,254.910959228064,213.132473687105,224.201744016891,241.676168969049,311.917356941802,267.171711973486
2601,2601,26000,0,0,10,0,0,0,0,0,0,0,0,0,0,0,0,0,248.955422655561,276.839272045592,233.753820117066,239.296565881568,219.301115846329,222.064869542629,396.875910495705,205.766252837903,267.84778058628,188.422977476361,231.127022637304,244.645850802133,302.042736641759,209.332800442458,253.966961839633,252.480892753224
2602,2602,26010,0,0,10,0,0,0,0,0,0,0,0,0,0,0,0,0,272.754658940838,250.952109333927,252.293851742403,238.446683713811,278.57689881367,290.858326440008,396.793761400219,252.522994839646,222.215720485847,168.776042500839,201.686363829327,315.379029802026,327.39175003129,210.771734018376,242.792911490265,294.558495534534
2603,2603,26020,0,0,10,0,0,0,0,0,0,0,0,0,0,0,0,0,225.108121165016,264.279816533487,252.144207204475,231.095948418538,272.738618716854,260.064884598654,413.985028430336,240.137408340103,231.994879382445,271.583136577107,251.659861225866,236.212196929071,221.97917112323,207.606435036067,155.67440441716,192.138886677396
2604,2604,26030,0,0,10,0,0,0,0,0,0,0,0,0,0,0,0,0,247.668238141881,221.542216362392,309.997069605027,252.402543644573,265.62389606415,293.647406548349,407.00911979432,227.586256542619,247.983998771653,227.204772980547,327.471255374152,262.059689539631,273.96483119587,228.140119442875,218.084849089339,259.513774025369
2605,2605,26040,0,0,10,0,0,0,0,0,0,0,0,0,0,0,0,0,197.297551439029,188.116387746105,256.659503063474,195.871545570359,312.38209443134,184.024905859406,400.189756208981,270.876016054647,242.994609147214,301.253229000692,203.227930740695,244.2433617902,246.934340596564,288.804792901471,217.221414772354,201.798010542429
2606,2606,26050,0,0,0,0,0,0,0,0,0,0,0,0,0,0,0,0,237.215756968778,279.677765003872,227.864978067847,234.647652593904,223.508988284915,254.126480797714,384.418800733831,217.22831112652,295.699679359815,281.476301284961,337.140832187068,302.38739056646,231.363381187294,224.390350621928,243.402405240407,267.670159200841
2607,2607,26060,0,0,0,0,0,0,0,0,0,0,0,0,0,0,0,0,201.076900655572,237.883270330192,315.17348417451,254.33251543088,263.270274843474,271.769747540611,421.089614721706,194.338902938955,301.91419696065,251.520366644168,287.894080177598,188.381960368329,251.997509304524,339.543297367596,220.337086193672,305.92090894328
2608,2608,26070,0,0,0,0,0,0,0,0,0,0,0,0,0,0,0,0,172.530659316853,273.089039563743,231.1391677106,225.145766955229,235.176872229443,235.49822836757,396.219300495551,277.544638565836,304.832616393399,305.087956166216,219.069043475305,236.564272862228,208.983879187513,320.434623279878,249.538038756509,255.042843788123
2609,2609,26080,0,0,0,0,0,0,0,0,0,0,0,0,0,0,0,0,227.303035136096,254.418219321436,235.660145375136,307.011178669637,197.034836083692,233.491675928278,400.481595028916,295.820287881863,238.396215192815,220.111961795688,204.054097985595,241.920847617346,178.820238323198,317.515135339329,255.688671122539,219.052018962907
2610,2610,26090,0,0,0,0,0,0,0,0,0,0,0,0,0,0,0,0,250.11488365365,281.578169508648,231.450594904453,221.369011183342,241.837191141066,204.438866258747,394.917420153718,256.113336491866,174.966658606073,262.411937223086,253.551431874773,269.511528902091,288.858690519685,265.70022363321,269.927226099887,247.350136847354
2611,2611,26100,0,0,0,0,0,0,0,0,0,0,0,0,0,0,0,0,227.892159459239,333.37628551125,318.843615898966,171.486031856343,229.213306711761,319.939348039995,370.987818928761,279.522558702045,237.605905091098,277.406240003895,295.131096847329,281.040803514216,272.503062809959,227.371775224747,226.90661638186,302.685602589368
2612,2612,26110,0,0,0,0,0,0,0,0,0,0,0,0,0,0,0,0,291.963627498526,182.699336954197,212.922507239488,278.852333032561,230.666719279575,225.802977924209,374.828261179708,265.351428165894,260.203461656921,242.095067641303,187.908531746537,196.600753161785,217.758009189866,286.523500550524,266.702513668973,318.169335718153
2613,2613,26120,0,0,0,0,0,0,0,0,0,0,0,0,0,0,0,0,239.957896010879,194.406029935564,204.54874434968,205.769904059453,266.782947620948,240.001087277663,368.043298570231,220.942566325413,195.451692070559,240.495170682512,207.554125430319,256.20867353955,236.425688218383,280.177574466252,255.719893395059,216.486469218588
2614,2614,26130,0,0,0,0,0,0,0,0,0,0,0,0,0,0,0,0,273.053435470376,174.966865488801,327.920934097784,278.935256434672,248.591105466287,265.760855372901,359.461396044367,276.842787924477,245.766658983662,237.463353165138,237.851716699823,205.174177725916,303.670923088021,257.189350807209,236.18735382891,247.12674511204
2615,2615,26140,0,0,0,0,0,0,0,0,0,0,0,0,0,0,0,0,340.283305336193,278.624109821919,225.805562332187,297.478814475262,214.307300592154,208.080269486446,345.881476588823,269.632715376289,296.257484161278,215.712285035697,236.224983844115,268.078040296142,283.589109284487,307.718085731239,187.537110573164,325.393182049486
2616,2616,26150,0,0,10,0,0,0,0,0,0,0,0,0,0,0,0,0,261.620331593037,307.556490915624,234.006727075919,257.990394307822,290.451377289879,244.709077574536,327.437644486608,285.199897802705,239.591024836232,206.600641931552,272.50051460467,230.237949266733,243.114273302557,247.069671631078,203.451523594891,254.238778563393
2617,2617,26160,0,0,10,0,0,0,0,0,0,0,0,0,0,0,0,0,302.439132756343,282.141601840134,225.79985746825,253.963319295017,306.212700498639,266.865306844115,330.971798333086,206.644763255271,246.939602000603,254.829809415158,298.126405075258,244.130141833119,240.954676825726,224.798849919486,206.026833663507,270.686512479957
2618,2618,26170,0,0,10,0,0,0,0,0,0,0,0,0,0,0,0,0,248.232488593239,244.819675623382,266.332288735232,211.605946933494,285.905846085321,320.600935899922,307.135960940196,314.926182795402,297.474541457231,246.292599857644,199.41194632762,154.470682775179,247.594345747207,305.115165379366,241.123279679882,248.288381622876
2619,2619,26180,0,0,10,0,0,0,0,0,0,0,0,0,0,0,0,0,241.551523451978,331.51570376728,252.744574361362,286.64631859568,266.929749070619,291.24183994427,327.959068601663,280.073799776636,354.150833205192,227.700151869,288.833034218146,232.971884179358,315.579486082201,251.103728068488,221.329145220684,244.131839972462
2620,2620,26190,0,0,10,0,0,0,0,0,0,0,0,0,0,0,0,0,271.427070077649,297.657185876716,337.922466170474,253.238509746124,234.177504594165,296.980733886022,319.793574443757,303.291223327417,187.357902912757,296.511590324906,174.272374553614,230.523998706267,263.453411707708,249.753096738622,243.537650261328,223.17592433369
2621,2621,26200,0,0,10,0,0,0,0,0,0,0,0,0,0,0,0,0,249.142263003269,317.898196233532,201.469279135365,241.344780418891,293.195768092285,230.430009019329,338.931419682606,305.722339741241,311.659682505945,275.905857454915,262.473315405828,217.945299819259,248.63936927267,206.038154486736,265.922628661076,239.768974210855
2622,2622,26210,0,0,10,0,0,0,0,0,0,0,0,0,0,0,0,0,206.752294838482,297.503398074945,156.443982829575,267.920491905803,223.73082624099,237.36990969966,338.150303693942,328.152808371301,284.204328152831,267.638155329172,228.611646030104,213.158360444592,268.968659662572,241.671932905791,216.933690428114,262.359651823741
2623,2623,26220,0,0,10,0,0,0,0,0,0,0,0,0,0,0,0,0,293.556733720431,251.674223631023,290.945834923783,235.301484089394,209.496013024224,248.14590678225,347.608013204408,224.270318951178,264.522605260488,153.488895662151,204.6069925597,253.363352720573,219.823023517359,294.132006558817,299.933004457636,283.524929495952
2624,2624,26230,0,0,10,0,0,0,0,0,0,0,0,0,0,0,0,0,255.144568282341,269.424100184699,303.824025235636,273.679919225389,321.393280107199,278.595419779546,348.701095068053,197.732442813172,252.542204398276,264.561266761957,271.330235325277,243.557117828832,179.529411583464,203.314823935884,198.012838330299,187.702674188135
2625,2625,26240,0,0,10,0,0,0,0,0,0,0,0,0,0,0,0,0,300.510470368532,286.773128888327,280.136641362454,235.242270105462,333.579909347624,204.06060094539,351.521583481958,180.84962124193,274.647158537085,248.123539563588,242.705591748504,225.533298467156,270.227169181703,237.044466105039,234.164776979537,217.547071359144
2626,2626,26250,0,0,0,0,0,0,0,0,0,0,0,0,0,0,0,0,266.025932416526,290.266936562631,232.034332014315,252.300899418609,206.785168645843,264.040928794272,357.697725911827,280.271086079208,238.170277880296,290.872946741452,266.683629919117,182.533853819926,272.73124675218,282.021712115556,276.670672860224,204.417451579737
2627,2627,26260,0,0,0,0,0,0,0,0,0,0,0,0,0,0,0,0,238.727307036493,335.674244388361,244.584840414984,197.544482565679,323.440853245931,211.012418937849,373.099674695398,202.333264094601,273.788757013523,316.732942603301,263.537734022543,232.661383242008,228.209102766399,177.600989806062,182.892046017349,270.587543071572
2628,2628,26270,0,0,0,0,0,0,0,0,0,0,0,0,0,0,0,0,297.950756606594,257.713371438037,185.790959852102,257.760157701538,267.39471338765,276.417026009511,371.913439994203,247.484681505946,286.361806453805,267.131174408011,268.839376662788,251.503708705375,235.730131369195,233.000724449974,187.967659334571,262.022984500276
2629,2629,26280,0,0,0,0,0,0,0,0,0,0,0,0,0,0,0,0,245.042996854264,271.837611319896,245.592150371245,315.778516234074,246.957891609102,330.96496879568,360.115004809751,219.075423290844,320.165843644833,308.970157862735,292.353610880669,231.953127022849,290.857966293451,270.065904219983,252.487483077918,279.870231799429
2630,2630,26290,0,0,0,0,0,0,0,0,0,0,0,0,0,0,0,0,211.705787371914,299.282406851106,263.70209123924,242.454843956801,293.252562394836,211.824057175405,351.490795596781,267.00917849654,342.165164897838,318.973136534563,236.168232701513,283.462082197597,226.301653961965,241.962852111299,234.075732195365,182.433463281265
2631,2631,26300,0,0,10,0,0,0,0,0,0,0,0,0,0,0,0,0,239.147583227234,227.694809249867,280.024141206399,304.658222913744,272.985313608418,274.764772482071,372.421230660379,209.400821708347,240.112469047108,191.996474328839,215.673320290869,330.598038048903,291.218594495325,321.893897607583,272.715002622032,183.750360029769
2632,2632,26310,0,0,10,0,0,0,0,0,0,0,0,0,0,0,0,0,287.580596033942,229.37393193225,247.233665613304,232.536098932734,183.962842728926,277.844534093832,323.605146693125,203.094999897037,263.55558663798,205.740850054297,188.583651687496,256.391094297945,199.895000288811,221.885035625967,289.363537811326,256.29962000114
2633,2633,26320,0,0,10,0,0,0,0,0,0,0,0,0,0,0,0,0,255.574743453721,224.121829497393,173.345670062515,297.10373962885,242.244294069301,221.474193315116,353.220692179725,289.343529749199,257.931388750643,236.72081393312,270.408403138196,216.197680267304,298.339068736474,268.790371590851,240.353280197512,243.744652286605
2634,2634,26330,0,0,10,0,0,0,0,0,0,0,0,0,0,0,0,0,203.226930435467,226.941800154352,178.367620260383,271.34499259618,243.247943820507,225.796665725848,339.06267035823,244.575588990983,242.233260599345,273.828946822036,240.226680740663,284.953694911855,223.584483898797,310.202601555231,203.61709036159,313.381678061997
2635,2635,26340,0,0,10,0,0,0,0,0,0,0,0,0,0,0,0,0,255.246459306136,229.674593653617,182.149271204754,271.054238222831,282.09740548357,287.131889439204,354.427336631731,252.578015035206,245.379678725858,229.271629413748,220.765257190284,323.939083374952,252.77088275258,361.933065431081,252.670262174039,268.63446428298
2636,2636,26350,0,0,10,0,0,0,0,0,0,0,0,0,0,0,0,0,191.263383423445,204.88834328248,207.441041968217,256.387253428811,163.133039124026,271.034119428669,331.250900190434,279.638520511101,316.196909681325,251.35126364163,285.260531283624,182.506130390683,242.144577045586,207.534585563368,240.539181578714,231.836222285682
2637,2637,26360,0,0,10,0,0,0,0,0,0,0,0,0,0,0,0,0,222.481765838168,282.907901549567,220.975611168539,232.93547703018,292.899922495339,252.830168980046,340.611726997929,286.406116748263,238.279460481023,184.466199004698,251.252252666006,245.270007597709,258.47728151239,279.596388817462,250.691543358937,261.379796558335
2638,2638,26370,0,0,10,0,0,0,0,0,0,0,0,0,0,0,0,0,273.110369975659,202.117415055996,218.234417226006,260.642855781035,195.050028686011,284.21947654249,359.596371861861,291.583817425638,257.429704095301,316.206467235348,256.278144299441,252.079538452626,254.487957612115,218.282003735324,209.630922868177,234.607114501117
2639,2639,26380,0,0,10,0,0,0,0,0,0,0,0,0,0,0,0,0,281.330174901241,280.579618422232,214.131057447514,262.85255708996,274.170280389351,281.251248499539,341.952797476936,279.765857880101,285.950546379232,255.32353337247,270.072034850085,217.486456877177,189.952842963945,321.700428093882,269.028510654725,236.007862028016
2640,2640,26390,0,0,10,0,0,0,0,0,0,0,0,0,0,0,0,0,258.034607368141,330.288678566476,339.256133634675,237.749372865674,201.205337127477,228.738457331894,357.2322145788,362.924206227649,209.541088956119,267.256284067674,275.573933080071,202.818955673136,291.835370586206,280.605322398722,214.402874243608,262.941562559745
2641,2641,26400,0,0,0,0,0,0,0,0,0,0,0,0,0,0,0,0,334.918660996701,269.038007337102,225.364619949933,197.44786212915,255.237475665254,274.611535701693,392.430696223465,247.818816585813,218.73198305846,213.266562734432,215.150998581156,273.011643866697,296.458140794556,273.695132389024,206.695909026009,251.837821831868
2642,2642,26410,0,0,0,0,0,0,0,0,0,0,0,0,0,0,0,0,237.419575514641,266.143312339722,282.648955602039,265.858115273638,222.479020392824,236.973420094885,388.651579809191,210.057823632838,268.138516779839,291.786458185003,254.200528558732,219.483280462032,236.66399095912,174.517754264419,237.0111337267,273.341289158983
2643,2643,26420,0,0,0,0,0,0,0,0,0,0,0,0,0,0,0,0,270.735266352047,246.55944751053,246.143972142685,232.754846414566,203.129792601877,243.416144070875,387.43427839204,243.805586059243,276.837162168885,229.570698254223,255.921251438737,249.747942646443,304.063619303228,205.320906847353,245.620600927726,271.723146076973
2644,2644,26430,0,0,0,0,0,0,0,0,0,0,0,0,0,0,0,0,268.196528646085,282.298092893476,300.655971989989,183.390712369968,261.935662843817,241.686307432909,347.906956784869,275.76107993022,233.971860261341,232.700513825693,185.56803613549,223.590096068173,253.967086794077,254.608492883998,253.3611244703,207.914182224571
2645,2645,26440,0,0,0,0,0,0,0,0,0,0,0,0,0,0,0,0,317.809636208536,270.92428069072,198.949475894242,267.435470710531,276.519306870702,310.427166540908,359.445695963339,278.876341025541,340.325928482562,205.47521392696,203.861371820171,236.201386350249,269.526563151049,246.765146301436,231.57539269115,268.631970256114
2646,2646,26450,0,0,0,0,0,0,0,0,0,0,0,0,0,0,0,0,276.581272906739,265.955764531127,283.951014253374,273.040895579074,222.554852286432,139.4716296202,375.055494612184,207.718223841374,258.247575317463,199.843675412557,253.165618197554,265.365014806996,277.955074985082,280.157089079968,244.800954816112,245.492054832884
2647,2647,26460,0,0,0,0,0,0,0,0,0,0,0,0,0,0,0,0,240.320586595052,276.145509493696,229.973462749777,258.499128934631,237.212071213687,154.571189871476,349.873673225382,187.441555092326,187.599848592394,279.566976634051,241.611632849783,286.897876622384,217.671122083431,236.192008995585,285.117434053665,263.376528778482
2648,2648,26470,0,0,0,0,0,0,0,0,0,0,0,0,0,0,0,0,277.3251299508,218.688107207432,292.997549723009,219.31899461159,222.680535977667,210.726410991347,321.28366622365,207.401419494017,207.142957356644,246.802591112298,222.113656577265,259.884273625078,259.432269382788,256.501205882812,255.103386427992,282.203506291735
2649,2649,26480,0,0,0,0,0,0,0,0,0,0,0,0,0,0,0,0,244.621978234495,273.346935545522,206.55563181185,206.888720017278,217.049931449067,246.716015182982,313.151775525591,197.613271523725,246.630256142224,206.094480198367,267.461099454097,263.189616003635,263.380157272985,276.756228468299,255.470098185574,246.228955451369
2650,2650,26490,0,0,0,0,0,0,0,0,0,0,0,0,0,0,0,0,245.796214532851,313.114739233173,198.238814792732,283.108621954672,204.638188870569,258.683435238256,292.284094478209,261.597819812562,211.123441704395,237.841116597769,242.908195881366,252.839708785015,233.286466205806,213.668774268692,323.714129641953,257.079999249909
2651,2651,26500,0,0,0,0,0,0,0,0,0,0,0,0,0,0,0,0,268.365684087628,265.748660370977,254.679691940302,198.043739988285,276.066464961681,239.55058350318,298.304644632784,254.014754209173,253.093333954544,209.529237752335,263.364513526826,246.102569999823,229.797937810812,140.012108275377,277.06892279074,253.238158096781
2652,2652,26510,0,0,0,0,0,0,0,0,0,0,0,0,0,0,0,0,252.831314439485,252.83876830346,228.368662009997,234.507597958501,239.464360387327,236.479022547582,318.524869608894,235.240175565901,193.579012379469,296.706040423117,253.25020892308,272.996951449813,263.705139871327,214.372430532913,206.405324388421,242.553903787048
2653,2653,26520,0,0,0,0,0,0,0,0,0,0,0,0,0,0,0,0,216.612584196479,261.150604059632,287.25676904655,192.264855640628,264.353118421244,232.464343268535,305.902644454982,204.390103760416,268.389962993887,303.826094559591,301.970999711169,340.309556125439,312.229880801061,265.08913783794,226.936723103344,228.097879629401
2654,2654,26530,0,0,0,0,0,0,0,0,0,0,0,0,0,0,0,0,256.120965318847,261.924783068259,284.175904519754,204.462134227904,234.98218111365,213.841265295448,291.514892064567,198.775700028778,250.112587140079,253.974747604878,256.218300541391,251.505607628901,287.220216771696,245.492247074058,201.194099659925,207.93523832641
2655,2655,26540,0,0,0,0,0,0,0,0,0,0,0,0,0,0,0,0,255.0271493721,202.960084728147,302.754153611193,250.417150607855,267.212604861878,245.334833194728,305.975875625373,214.563558904566,269.080092584879,228.492001558003,284.077406494406,220.37614594222,260.546444502061,275.182648468538,275.694309791181,241.721894073336
2656,2656,26550,0,0,10,0,0,0,0,0,0,0,0,0,0,0,0,0,223.941312334138,202.833166563611,227.309377045525,224.879059198087,202.7274088641,269.782582110838,277.928730661332,208.619820887053,293.512076353682,282.264244595151,249.315628504556,240.541942643091,238.614586277563,336.863913672513,206.00591925945,251.809379779662
2657,2657,26560,0,0,10,0,0,0,0,0,0,0,0,0,0,0,0,0,229.227774442657,245.753374558493,244.893096723516,193.12158224786,184.596097378303,260.967641197626,295.306271990433,269.822117328911,172.954229725423,162.151270949053,267.844330624246,240.783999653288,252.772652670054,248.128607558063,258.856986108998,225.938508030306
2658,2658,26570,0,0,10,0,0,0,0,0,0,0,0,0,0,0,0,0,305.857380615394,196.765043514514,276.606825682889,263.196413066149,286.672954001225,301.878799567932,300.826994360467,206.837207913824,205.675045441777,263.737864968745,303.475192240148,264.036008752732,240.406832391399,230.448205442863,263.632220117292,225.693209387401
2659,2659,26580,0,0,10,0,0,0,0,0,0,0,0,0,0,0,0,0,216.506134357893,232.603609337547,266.139256857575,218.907125634286,221.265835453877,146.980560360765,298.340184262906,239.927652647114,160.459006692043,316.648882369223,279.097411337943,282.455078862847,309.891828668832,254.981607894065,216.80340050793,268.876780336696
2660,2660,26590,0,0,10,0,0,0,0,0,0,0,0,0,0,0,0,0,203.855208975385,232.723756233672,238.023946800262,273.974570124144,263.815087704221,259.373040319864,299.378785491345,231.081216244106,191.314307731301,309.181576596302,294.181072140395,239.513408422348,314.378367618494,257.408230064241,244.901935857058,307.721424682773
2661,2661,26600,0,0,0,0,0,0,0,0,0,0,0,0,0,0,0,0,271.904291533887,244.865211156868,265.351560370445,256.912581888506,236.630845990502,240.059063089803,309.33451839054,224.170262584532,285.41918195608,246.54280383338,198.310060784689,295.974723816894,221.946414972901,207.247364537264,165.317450601147,275.919514477021
2662,2662,26610,0,0,0,0,0,0,0,0,0,0,0,0,0,0,0,0,247.86906492573,263.612939446939,183.536130477673,227.024616257118,290.243541451701,244.433609603193,318.140604037981,252.453695499588,241.37917682257,252.244964911333,190.108483921295,266.387152929066,236.292625445041,266.366291566022,248.955346428633,288.718420056459
2663,2663,26620,0,0,0,0,0,0,0,0,0,0,0,0,0,0,0,0,231.467977018689,264.426387177947,304.623329795959,286.77305548285,277.385739592757,187.372556674295,313.903824963287,234.417095090939,251.10256747189,261.416931368233,201.627424927916,252.453018178149,269.255154878599,211.85871960467,350.750487217053,263.969998286682
2664,2664,26630,0,0,0,0,0,0,0,0,0,0,0,0,0,0,0,0,242.692982346806,311.100422059221,217.783126887289,292.159073447169,244.757882001319,243.752440872802,318.923432770717,242.738702389182,313.910579516419,250.461608849061,246.708667520027,228.839614084576,147.791213547731,222.486629936689,256.585366414896,260.864163448124
2665,2665,26640,0,0,0,0,0,0,0,0,0,0,0,0,0,0,0,0,247.318240336245,279.098549191842,295.446511962307,254.631256385501,275.017819920749,213.450798949503,321.022075075112,231.39077589088,285.96589026972,226.086591268242,220.408132986149,192.887850764728,281.901841573777,202.475000344166,277.987370325448,269.066842185061
2666,2666,26650,0,0,10,0,0,0,0,0,0,0,0,0,0,0,0,0,203.836073369179,243.042532700249,212.67386879053,247.871290579619,218.761174668483,230.213936207599,295.65148011259,304.929849488121,268.679723536804,248.143057652227,259.056252339316,306.903920547037,211.513260329587,217.287821191902,290.867877680419,235.916566662634
2667,2667,26660,0,0,10,0,0,0,0,0,0,0,0,0,0,0,0,0,278.837673725263,222.137137989186,208.972979977117,241.077678892956,237.179550197803,253.490249347688,312.243466462029,274.824695501297,184.423960869424,295.007333419048,249.954694535968,221.989830400366,250.137242828796,271.395228359405,293.976414528458,188.279180762189
2668,2668,26670,0,0,10,0,0,0,0,0,0,0,0,0,0,0,0,0,216.995566781438,212.680881237459,236.230609146554,228.687012321138,272.336081184303,222.393363343157,309.250382572951,185.021879450263,302.354928272794,259.598121496702,242.131900532794,229.96145512111,235.183496936097,260.096357821988,219.185569702009,244.443843689032
2669,2669,26680,0,0,10,0,0,0,0,0,0,0,0,0,0,0,0,0,241.094017962627,224.207965352299,278.724393847106,255.19373268828,319.680028674623,217.203517208444,303.50670646049,276.666535436662,245.741326758072,222.841858894547,259.629373193624,273.309734171858,199.290620973615,290.300368666497,213.933567333629,144.896450116156
2670,2670,26690,0,0,10,0,0,0,0,0,0,0,0,0,0,0,0,0,237.234794312391,267.800887359887,230.952030421193,184.410383769922,248.086523764611,229.60485250812,308.018792588242,254.09486144803,259.628378945045,218.240802185813,222.049860288986,286.012324903286,211.288669019244,241.631382750205,234.955112341131,285.589311854091
2671,2671,26700,0,0,0,0,0,0,0,0,0,0,0,0,0,0,0,0,202.571615479467,260.435797952747,252.033641813031,310.054229688043,256.497134221751,262.944813267766,332.448803143919,212.13247749144,271.966848054648,277.210568698632,183.828860780318,259.534490409349,236.993556748979,224.084295416605,244.835348815339,235.472638016039
2672,2672,26710,0,0,0,0,0,0,0,0,0,0,0,0,0,0,0,0,219.60251152813,223.596386042159,305.503932618462,279.783357716921,205.976732555475,234.062601659272,337.29298303823,229.629329259953,292.051631866448,288.504577427988,303.274451343003,233.336217605743,188.845259338794,238.997058358838,187.517753995614,238.216050164728
2673,2673,26720,0,0,0,0,0,0,0,0,0,0,0,0,0,0,0,0,290.911125702443,262.768842415888,259.658353606195,266.212856143226,290.813100416673,276.808290712782,320.614316204617,345.320704869345,204.784110266885,282.011349460579,217.512359756337,185.693553768939,280.93572833042,289.729093755587,267.604724537464,214.715718215345
2674,2674,26730,0,0,0,0,0,0,0,0,0,0,0,0,0,0,0,0,249.791128225655,309.42414073507,230.650301727422,269.233854998233,239.447239907295,300.065041359315,325.469782795544,244.32813222557,260.173192878222,286.47922407886,293.194308661823,294.840289670601,224.844984016782,283.832930151173,184.550039006792,273.511349516981
2675,2675,26740,0,0,0,0,0,0,0,0,0,0,0,0,0,0,0,0,280.743909603467,296.300008912974,296.434978468739,254.289916587696,289.514216297055,251.141982408283,334.304002151706,233.835245006552,236.943565121089,270.188091639997,277.368641356276,229.75626786742,219.206712917363,276.369627946958,295.690229391958,286.727776980073
2676,2676,26750,0,0,10,0,0,0,0,0,0,0,0,0,0,0,0,0,219.981698646127,271.372931199594,248.082250015093,268.883471613678,221.244182699497,288.191909279612,309.888692806327,215.34021149104,200.194964965745,354.703472637163,242.230293906643,264.240606053843,249.291386029425,236.134260423054,216.892123137626,205.996788163055
2677,2677,26760,0,0,10,0,0,0,0,0,0,0,0,0,0,0,0,0,299.409272282157,328.667993397943,244.653736754469,281.893423595965,283.212427423606,263.654681190897,317.493040627388,196.613027110126,290.199363522808,277.123693165602,243.572390736088,203.999002050573,282.795626771629,260.210449428473,292.189226209136,274.287839147017
2678,2678,26770,0,0,10,0,0,0,0,0,0,0,0,0,0,0,0,0,296.750570191497,265.585726583718,301.614262599413,307.918295941916,276.971636462641,223.262868240649,329.98276626367,209.478043252876,252.539867173518,298.98178150268,271.401482627109,252.805802331224,268.57083483902,188.922632928171,184.483478938902,243.332870418161
2679,2679,26780,0,0,10,0,0,0,0,0,0,0,0,0,0,0,0,0,346.849704440363,260.689594481775,280.181652403208,265.159691055708,244.613886138926,277.844778105496,321.1094504186,197.090255641994,240.207249290665,265.569590416751,259.130542001922,263.491291093356,231.386316135309,191.242870295734,231.064573245751,260.692746565395
2680,2680,26790,0,0,10,0,0,0,0,0,0,0,0,0,0,0,0,0,270.000572449531,242.09367871339,245.098680549285,319.846067958333,255.722486093222,312.723341916372,318.394850047609,173.133448837248,251.822381268918,259.53392008637,242.549004557191,230.216850894331,285.081261209053,300.925676265665,260.366802202446,243.961142475937
2681,2681,26800,0,0,0,0,0,0,0,0,0,0,0,0,0,0,0,0,233.867352580373,258.766980249233,202.609151483665,274.921666276529,270.998987490757,275.934397925271,341.629236794798,290.082893074951,248.478526049752,232.463255969936,228.077220580353,232.213893704694,256.4782889017,223.430695550363,249.355001967179,248.577223960088
2682,2682,26810,0,0,0,0,0,0,0,0,0,0,0,0,0,0,0,0,249.957442494528,312.427958325539,233.251963553953,238.69017666798,258.995073753217,212.86282992914,334.909372074757,270.023607123344,240.376332906157,325.685001856701,284.338895170303,216.582484820656,180.013500215064,253.024229739042,182.644816822733,248.486482193642
2683,2683,26820,0,0,0,0,0,0,0,0,0,0,0,0,0,0,0,0,250.964167887336,327.994243978002,219.739037892105,237.141044281829,286.935667596388,242.17142883844,321.936259544988,261.671272291502,283.429625117913,297.626639463293,221.904424682488,154.68670505869,272.680325642822,267.929952171122,270.282151167199,194.507129169167
2684,2684,26830,0,0,0,0,0,0,0,0,0,0,0,0,0,0,0,0,357.954363781477,226.551625382798,243.273409856042,312.184614407735,275.670003665472,234.80672484478,320.892545393679,228.21614156939,263.540714875457,238.807151898396,180.674938949614,281.733147337934,270.148760108303,177.843675409204,272.680021702672,239.718656505676
2685,2685,26840,0,0,0,0,0,0,0,0,0,0,0,0,0,0,0,0,168.005165800068,243.624387725872,235.059481677262,223.095457461345,309.921286509309,220.733253862072,327.435283135898,181.630716264867,281.388741356095,289.097272745448,229.434323314769,260.361944910542,297.242152489597,225.955102791565,190.251959585753,240.206494202281
2686,2686,26850,0,0,0,0,0,0,0,0,0,0,0,0,0,0,0,0,246.432393162696,253.404618350798,303.698931174679,269.489782024666,286.834991518574,275.294384983486,329.661214868919,269.841666936699,323.159456784847,268.391777888531,222.110144541497,263.093219424295,239.926539136621,291.735278373255,235.636049917927,177.82172554309
2687,2687,26860,0,0,0,0,0,0,0,0,0,0,0,0,0,0,0,0,257.808055272592,209.529403506918,280.28016079116,249.369865948109,242.686686654699,321.86593390413,321.812252243821,276.65644435105,214.944278629317,262.345074880755,215.884489189561,264.517781151652,241.712101392275,256.039172824182,283.632819727605,251.930203321673
2688,2688,26870,0,0,0,0,0,0,0,0,0,0,0,0,0,0,0,0,222.084178329388,232.216212576152,284.889601753965,245.200955537325,214.463705100021,287.411570287336,313.538372964963,297.455139539457,212.12025255185,228.357162441094,243.930974891609,292.47792623218,166.3523709171,293.445072132283,237.714493057057,247.605985523361
2689,2689,26880,0,0,0,0,0,0,0,0,0,0,0,0,0,0,0,0,246.719745560675,218.003495143826,213.929080878665,254.254966866584,200.411557710611,226.839839500415,307.517393484145,330.767904536339,247.085129230438,259.968162217365,267.98754187065,208.467424122022,211.535774773271,280.294667241616,203.111876821245,236.389965575832
2690,2690,26890,0,0,0,0,0,0,0,0,0,0,0,0,0,0,0,0,219.181444594147,285.150439316776,301.933981967534,260.642393826795,249.855609362749,259.276518269025,305.861552157178,268.565845375359,232.236488077798,272.366293812977,239.065382808392,225.031350835572,244.787050282578,222.707841447565,211.785265368978,271.59835833698
2691,2691,26900,0,0,10,0,0,0,0,0,0,0,0,0,0,0,0,0,296.998122034969,278.356098754269,294.314422658705,209.506371603172,252.42011515805,271.868747222345,317.643200320033,151.100534053828,210.242898808305,214.506236370853,270.048439705498,303.529704399011,238.879529926438,239.177019086196,218.725470587735,227.272162813549
2692,2692,26910,0,0,10,0,0,0,0,0,0,0,0,0,0,0,0,0,272.462752042148,178.738002803652,249.590579109366,258.894505246857,260.212959325649,263.522872182735,281.044646822507,210.500868572952,294.494327823102,222.942173966845,209.299584154257,244.253581166032,279.996456703814,206.628693669304,284.713106535643,227.569028966535
2693,2693,26920,0,0,10,0,0,0,0,0,0,0,0,0,0,0,0,0,215.15534736565,251.759368996988,288.170716170596,314.591402422227,276.017145876105,221.219961856285,267.196412263127,286.260193432316,253.837937143058,186.574034208119,283.722611002634,273.737819575293,285.422300415176,275.97224468865,222.262960745684,245.743453871994
2694,2694,26930,0,0,10,0,0,0,0,0,0,0,0,0,0,0,0,0,244.586536805661,258.609857789886,307.294470939891,242.407463424851,231.467530750475,226.554806885918,301.084552507493,255.041968312325,271.385242199781,199.191258085003,232.770097617236,286.805588547439,307.457377118557,293.104040353975,279.948587299277,304.313704585088
2695,2695,26940,0,0,10,0,0,0,0,0,0,0,0,0,0,0,0,0,186.998233036027,225.622067795738,202.932029597604,274.12885112767,214.856459866963,232.275631164745,298.583460129908,256.323012252391,300.060384198472,271.304115518676,250.201518235941,263.936898345144,280.039893621143,290.659229488431,258.024518600267,245.65974674942
2696,2696,26950,0,0,0,0,0,0,0,0,0,0,0,0,0,0,0,0,266.038485779493,286.251186480877,300.374598935784,269.635254276575,219.289556771048,281.370173569764,296.550647360285,260.575396268639,296.84226609575,259.851841923443,281.53728438943,340.986488177155,248.022226281047,207.548602114056,195.207219627021,151.568775567344
2697,2697,26960,0,0,0,0,0,0,0,0,0,0,0,0,0,0,0,0,227.434363389103,214.296977939001,233.01365471387,248.015137926963,301.000973631377,246.483612628712,317.665748771153,290.340565427139,272.375687744772,251.493079452659,265.176890100282,242.015367599964,239.533952746079,227.143940945146,240.132695364518,291.542674657777
2698,2698,26970,0,0,0,0,0,0,0,0,0,0,0,0,0,0,0,0,291.188673634151,305.541431804047,251.762247961383,306.817204285147,222.039363771787,251.846413090148,310.522921676802,275.283607878895,223.317063548584,275.087261332709,228.770265026094,249.448235993979,226.541583808324,247.307876299187,232.781382767155,249.631007131611
2699,2699,26980,0,0,0,0,0,0,0,0,0,0,0,0,0,0,0,0,269.451286764044,211.508477537936,244.591105625652,231.484362371167,282.317368371409,277.028368646815,316.925393638088,268.11327101787,249.668236353392,277.304430693705,249.484545022619,243.553568097664,247.546597391116,246.282406650568,246.784211256806,232.466608387907
2700,2700,26990,0,0,0,0,0,0,0,0,0,0,0,0,0,0,0,0,296.277876865866,268.464722284628,257.116344328756,269.436821225592,173.282176613272,269.760309123332,312.169813598435,268.940726702225,246.075458796096,211.661101622384,287.822285171157,255.563790072844,271.304204497424,246.340164244424,231.060107244346,313.131623059799
2701,2701,27000,0,0,0,0,0,0,0,0,0,0,0,0,0,0,0,0,245.316172900415,311.622777051943,237.795174425733,223.243036482786,205.833508376241,267.525459463267,314.508980780068,213.382594259419,242.648463856829,255.418725243627,265.764204250302,120.656602899802,279.023834751405,285.949423904409,167.166021200339,271.177807823067
2702,2702,27010,0,0,0,0,0,0,0,0,0,0,0,0,0,0,0,0,257.809418121439,167.314680977568,341.222534674621,271.697428773743,206.27571847151,238.999178631221,326.087335126168,222.77338530902,225.140701719728,242.573015919721,219.686957399111,323.885874824717,248.816958590346,253.284745558593,226.768902439014,256.674409426479
2703,2703,27020,0,0,0,0,0,0,0,0,0,0,0,0,0,0,0,0,286.658329637336,236.640886251853,243.665512290308,243.062867107981,289.388659929988,257.275186546078,312.836087392995,228.370909618744,232.670107571036,288.002172762182,291.576973264354,260.919334123386,240.233808165221,266.573917491788,257.403433045034,282.757361463172
2704,2704,27030,0,0,0,0,0,0,0,0,0,0,0,0,0,0,0,0,189.448971603696,234.63659909575,212.163522535191,286.373518159134,210.928304735577,224.157889055062,294.66550865636,211.41374590367,270.404157651708,291.22725584986,255.866730172425,277.514095339659,238.908382429252,254.456316844916,250.207700521748,272.236915261862
2705,2705,27040,0,0,0,0,0,0,0,0,0,0,0,0,0,0,0,0,264.85241085331,236.993529714107,242.321343268096,279.891371393147,247.720442169014,247.010800401787,289.944886242396,220.848877722047,260.321309089904,232.589799747328,211.680017526892,198.510325652425,229.722166192805,287.966328375586,261.014679775681,164.224765516201
2706,2706,27050,0,0,0,0,0,0,0,0,0,0,0,0,0,0,0,0,179.705095237023,245.188067385063,245.392247885257,260.783374603186,312.195634779703,214.821090385432,305.094693378174,330.633043024064,303.230583488574,268.260263472313,234.923818898598,306.766401093847,229.488187849923,254.31548883174,234.408179062683,188.106115759035
2707,2707,27060,0,0,0,0,0,0,0,0,0,0,0,0,0,0,0,0,216.386425162027,257.725806159325,243.662578357133,168.527677173917,205.260934329005,302.218747294685,285.808907620652,228.868362812168,198.749762125077,296.144815603863,265.93971914234,200.517408059268,216.513645083303,209.904173521511,224.94674564426,194.814541339057
2708,2708,27070,0,0,0,0,0,0,0,0,0,0,0,0,0,0,0,0,258.808756026244,299.835812674418,233.71383516299,313.652113240463,246.068879330092,224.607502735384,320.7515682524,249.657973370811,286.480343710028,196.09617896522,186.137540087611,225.79899580924,225.325963666479,289.458769281388,259.633717933085,237.10109082412
2709,2709,27080,0,0,0,0,0,0,0,0,0,0,0,0,0,0,0,0,227.18643556872,233.65644436032,171.184800871667,242.619231825996,303.188141696854,257.020524282827,273.377226365082,293.922460263794,183.928563575725,270.154263319013,250.849575546791,290.465166900418,296.266132383752,268.793621701764,286.139054979075,191.268320326138
2710,2710,27090,0,0,0,0,0,0,0,0,0,0,0,0,0,0,0,0,306.299715492487,211.835059880555,234.513717607586,250.524113216809,276.39391108567,299.194462105855,280.567801618449,262.853275573113,326.57262989681,319.780093495294,346.825378118875,221.112705010169,229.947452719532,253.591028407879,277.93860066761,217.587405451359
2711,2711,27100,0,0,10,0,0,0,0,0,0,0,0,0,0,0,0,0,293.456479459279,269.117940584291,308.447070022501,198.828778520462,288.995653055123,274.983242556751,270.399707584041,249.596000698136,285.324174613902,232.141940106748,184.77931475126,262.510202545331,214.394133531429,224.050590343918,215.056036077834,168.557905504518
2712,2712,27110,0,0,10,0,0,0,0,0,0,0,0,0,0,0,0,0,176.984141372073,225.262901309046,276.638555942452,177.528092349093,234.563330371085,271.472071117178,259.039416081427,243.296720346709,234.02165044481,242.028593001561,258.513295420394,324.331060537776,305.407306655869,322.48267637165,231.826789614194,240.807847351804
2713,2713,27120,0,0,10,0,0,0,0,0,0,0,0,0,0,0,0,0,238.580623748104,197.381461374421,238.526748230109,243.666258050582,296.701691072468,256.189146549959,284.739147493667,285.04068750501,292.928989583557,284.501537870609,272.628807959656,261.092225185531,237.851880598359,289.388228800714,266.649028252451,263.445186509507
2714,2714,27130,0,0,10,0,0,0,0,0,0,0,0,0,0,0,0,0,236.025889281147,209.329445945202,277.044116082228,273.185481850613,284.432643977009,243.562319014969,292.084502623825,214.115798747499,275.056035421275,222.343918921048,271.125858576933,286.59779805624,298.796297002017,304.322999195631,192.819306545592,216.45008633683
2715,2715,27140,0,0,10,0,0,0,0,0,0,0,0,0,0,0,0,0,295.692809919909,273.920037972419,234.931957497321,231.13137417435,275.645876746649,265.926429058109,296.320960108998,233.624575843288,206.632411221971,279.664808996296,194.02459987596,281.849861046875,226.549855900601,260.105073594936,151.13584059852,230.471482694457
2716,2716,27150,0,0,10,0,0,0,0,0,0,0,0,0,0,0,0,0,253.391354053396,239.501227613631,239.600149953845,275.154815239534,315.061800564628,298.021016461933,281.911789660268,229.675227424068,251.462484300246,288.747982377874,246.364654690954,286.540949089608,188.314812624321,265.077479332484,237.426426557787,216.149919245496
2717,2717,27160,0,0,10,0,0,0,0,0,0,0,0,0,0,0,0,0,361.320101405176,174.072959340683,220.187432197873,274.929838921348,208.840567596732,157.638653190227,333.888369649341,227.64577751136,200.737844687858,245.749852563899,289.499135343253,238.653372392677,204.325866459986,200.798162882277,286.485921902617,206.851945962765
2718,2718,27170,0,0,10,0,0,0,0,0,0,0,0,0,0,0,0,0,258.391357694554,204.83809808332,247.322067501796,221.001670178671,206.795363469735,305.392950299729,300.923127749655,247.571412480049,260.824842822463,193.653939917284,294.891595054899,259.614578093974,317.338499206756,243.056197830587,248.219808485805,166.120291210771
2719,2719,27180,0,0,10,0,0,0,0,0,0,0,0,0,0,0,0,0,258.312787517409,310.893780162773,195.417017549432,291.30975626134,235.108103465518,238.698088286672,326.004019375121,266.260460860163,249.346835145403,223.35457440167,264.559332188611,259.058516216933,234.372055698205,270.777958161333,227.138643088074,264.571547679356
2720,2720,27190,0,0,10,0,0,0,0,0,0,0,0,0,0,0,0,0,226.917186746742,263.025037525847,275.042445752586,261.752342365045,266.49267146062,333.164478454045,348.957621133391,230.767913297832,246.514179047365,274.732331066039,248.077453680741,245.970177731556,251.385361721029,257.69888514566,192.854837650054,285.524929876195
2721,2721,27200,0,0,10,0,0,0,0,0,0,0,0,0,0,0,0,0,277.433046218204,216.576816555108,244.651324096279,191.635530759422,320.619726389153,183.143220579494,339.482634705154,246.626655481155,313.669348590195,240.017299175462,265.552765686165,301.426585768506,181.485100271227,269.364989243938,210.660798538455,240.113980749872
2722,2722,27210,0,0,10,0,0,0,0,0,0,0,0,0,0,0,0,0,277.974834289419,294.365116639197,210.289837702792,255.992389120238,267.413665812375,206.845098917274,320.576757904642,275.353412801287,199.038081778698,289.250223351482,249.587388692724,303.634386550284,298.874381561281,307.101400367313,217.441786224204,235.089826643816
2723,2723,27220,0,0,10,0,0,0,0,0,0,0,0,0,0,0,0,0,203.807690923359,223.126986548742,315.819166110686,230.45992539555,231.988323879324,278.436161079576,352.49427017324,252.264616438574,220.620479300725,294.822745381875,260.630154053622,244.803342535593,202.667618628986,264.858465207642,130.258586841087,257.925730310121
2724,2724,27230,0,0,10,0,0,0,0,0,0,0,0,0,0,0,0,0,217.049973598413,276.564207800078,335.533234918055,277.342133962783,268.314946074248,291.403602205001,335.25750050751,312.591089373214,227.203201649232,252.066900508696,222.672727846605,213.892385154506,272.780048240272,264.841745022098,274.68340509154,260.585049636667
2725,2725,27240,0,0,10,0,0,0,0,0,0,0,0,0,0,0,0,0,278.687930640884,233.252550186021,224.321388340962,244.503017949541,229.138271627365,189.232901476599,338.713442307001,226.731548238778,239.749404130246,174.330954044996,277.962949309077,273.217563198743,225.428851616785,284.692061805237,257.664517212342,184.878377459736
2726,2726,27250,0,0,0,0,0,0,0,0,0,0,0,0,0,0,0,0,200.640331375568,260.079900070399,311.759650944081,190.827198767509,262.314453700336,252.630387821412,378.080102853627,240.47305178253,234.079352391225,210.470656533435,251.045994562543,217.777520597117,224.695971441505,291.581848700681,227.412244256029,193.539831901855
2727,2727,27260,0,0,0,0,0,0,0,0,0,0,0,0,0,0,0,0,292.468073087136,273.832649437046,251.286382204479,217.298091350725,254.590913749656,254.660864895667,399.085694921226,257.472829319951,233.852577871344,243.356832517682,282.095637206016,277.977872403984,239.570684559855,297.213542739045,216.741059696738,199.639413737671
2728,2728,27270,0,0,0,0,0,0,0,0,0,0,0,0,0,0,0,0,189.956302785693,234.325689047301,307.390491858228,256.734512490476,158.449680800429,296.116301179107,354.586798038133,236.842580908363,299.657943753734,246.146781337049,273.040044120418,180.424785608196,267.008314859186,186.271617531517,224.659893688361,269.549861970927
2729,2729,27280,0,0,0,0,0,0,0,0,0,0,0,0,0,0,0,0,311.423330594482,224.585201540292,254.914901262659,291.347514215355,243.81362342118,272.317791762094,357.923654141676,236.371342621175,284.381794413742,247.003004465477,247.543758272065,250.659747928556,284.645683059948,243.793105640041,187.720946476099,280.983538755163
2730,2730,27290,0,0,0,0,0,0,0,0,0,0,0,0,0,0,0,0,301.01244228069,215.511235592888,247.496027343655,233.883280627904,287.19909780201,248.593120738752,387.601537353702,253.752323357043,256.036442155156,217.700477868667,245.492456036994,310.831847075399,246.241846675332,277.416654608935,253.268147568726,291.108596493702
2731,2731,27300,0,0,0,0,0,0,0,0,0,0,0,0,0,0,0,0,288.741018498259,333.833182176675,238.623445754508,278.336765326035,262.214644685421,227.436484778816,353.562244436366,237.61315374215,237.183884130364,289.468895983246,293.228423575368,176.5122301108,252.451700186347,249.645515483998,261.823781994026,240.069733488485
2732,2732,27310,0,0,0,0,0,0,0,0,0,0,0,0,0,0,0,0,256.938467631683,254.027162212171,219.126381084874,245.046185717827,282.733088636185,236.89895719361,340.064675924975,302.964232434593,204.571276728029,216.325587365457,260.381815216822,292.864700028935,298.344404790586,230.853023785724,296.564045828491,286.915500897837
2733,2733,27320,0,0,0,0,0,0,0,0,0,0,0,0,0,0,0,0,199.167099354916,235.695982801231,276.667701084774,221.056693526301,253.577373709767,251.783056492291,344.067360491401,255.260973455487,242.773053998675,282.642642780071,277.144382028807,285.287728670292,244.459062156484,291.007100691006,250.613928660179,240.940596883756
2734,2734,27330,0,0,0,0,0,0,0,0,0,0,0,0,0,0,0,0,295.41202765109,244.331020571216,285.529835053159,318.71775543686,255.948322564598,307.104033362581,316.962146588391,312.376407628008,283.716061167594,269.671248386399,200.758212784016,225.980926046389,252.810077890297,303.137069269648,270.152889326987,207.187500050223
2735,2735,27340,0,0,0,0,0,0,0,0,0,0,0,0,0,0,0,0,197.168776851144,263.635092138259,210.095352711941,213.102416348392,221.553490554458,242.758391683247,307.811513203847,256.060479389511,268.501214423043,236.644546494399,233.426719385982,193.277742423583,245.26343460184,332.03842538036,181.737530682689,171.095458111821
2736,2736,27350,0,0,0,0,0,0,0,0,0,0,0,0,0,0,0,0,223.523622176349,251.502465072724,214.22719565988,288.489626135336,262.711845764324,236.734370288114,312.492704826165,272.40106830079,273.615886072171,277.017278384347,278.880558365596,238.879311641943,218.279167940404,154.59519066949,231.241160483452,259.953687710316
2737,2737,27360,0,0,0,0,0,0,0,0,0,0,0,0,0,0,0,0,189.506500387428,211.869328561517,220.290698642551,240.47860059104,259.013681038796,314.949506912966,310.559738841574,261.075241477116,272.770259616225,250.852198118741,235.806765589693,284.936055543193,231.372922863456,257.124042826666,199.654887988234,291.85383936199
2738,2738,27370,0,0,0,0,0,0,0,0,0,0,0,0,0,0,0,0,246.888164724658,231.573990298243,225.836687775366,211.999595116223,230.564789697963,281.440279687631,287.455474805681,211.077424856712,250.184961180753,306.128491282653,281.98487209092,268.013520569277,244.016675072288,179.768963769851,274.622475346362,229.118009799624
2739,2739,27380,0,0,0,0,0,0,0,0,0,0,0,0,0,0,0,0,253.954932939615,275.676142702143,271.090156752418,239.378484834199,189.572066013062,184.476644964154,314.4813822158,245.271865230285,261.617059744727,258.643278749146,262.701088691635,245.523499512726,271.050640340485,270.565559256408,234.172678203837,256.370742482982
2740,2740,27390,0,0,0,0,0,0,0,0,0,0,0,0,0,0,0,0,243.552216369815,327.965838553513,232.612555498989,230.272198119087,280.585715392971,193.988023202802,316.436046206107,335.184921552874,224.963632281001,256.218549285154,198.420771662733,261.236313474371,211.988914848508,273.955751002265,238.174461735523,252.828192334174
2741,2741,27400,0,0,10,0,0,0,0,0,0,0,0,0,0,0,0,0,281.645270707316,279.6313237171,242.436040411118,305.415584972955,269.951038957191,230.858016046595,287.47429814363,248.384001973394,264.040341599821,240.809265522636,261.913009202639,289.631380753333,247.809787514734,187.894766433829,265.996349172082,246.378287852701
2742,2742,27410,0,0,10,0,0,0,0,0,0,0,0,0,0,0,0,0,245.871412699694,254.695704856267,231.951248101288,336.042163076058,291.244018012296,203.656237619275,278.538705448819,267.487680596735,216.678225523924,229.913171562708,261.144020574541,317.338122702414,274.718958147406,272.891668710189,300.819694095903,284.001826301691
2743,2743,27420,0,0,10,0,0,0,0,0,0,0,0,0,0,0,0,0,262.292995868483,269.511045799187,204.390420692383,249.714073686204,255.191474648582,268.16972476847,301.432100501069,239.395276443612,236.139444623144,219.186910713115,310.996049874287,229.179442982927,238.579669102578,189.561306717758,213.431529201079,215.825705588779
2744,2744,27430,0,0,10,0,0,0,0,0,0,0,0,0,0,0,0,0,237.141024335301,250.29645302264,206.893397063578,284.886328816494,300.51100509682,232.6504851427,299.879591211136,239.903219296748,249.098663549577,245.178722233071,257.227454136846,262.316361154836,265.123021197951,282.04671600692,247.146850531247,269.693484284963
2745,2745,27440,0,0,10,0,0,0,0,0,0,0,0,0,0,0,0,0,279.964967983554,184.791044760079,258.012540402715,276.921412488872,269.629346235423,270.802009513655,273.369047100827,279.983954453403,236.045025535147,266.236016478294,226.951190447623,274.140452507491,202.109119576083,247.808199244127,243.831449883219,244.129660540469
2746,2746,27450,0,0,10,0,0,0,0,0,0,0,0,0,0,0,0,0,176.106166135966,240.064837248984,259.801900476305,205.242955773447,211.229509774109,234.891642204166,306.890427018333,234.371710120923,206.267172527962,271.124252268122,223.089426337646,295.947300335659,261.913680737995,196.072647898908,263.139737879672,297.367840113716
2747,2747,27460,0,0,10,0,0,0,0,0,0,0,0,0,0,0,0,0,211.760325382277,242.320205176671,233.834339554752,212.155770004732,274.897754869907,208.735485897773,318.237071371965,195.820153100415,268.972158317605,231.997544617943,316.746202484617,307.300787395054,257.1456611235,207.807995330708,249.672930183502,250.664766822091
2748,2748,27470,0,0,10,0,0,0,0,0,0,0,0,0,0,0,0,0,258.146823461985,291.16754896312,216.69428919722,277.829396737815,242.512396673214,209.205750731757,325.554459760915,220.047324121394,242.481959108961,213.461647139218,234.199469587345,268.840769531546,278.683161905791,237.528378545245,262.54190908096,157.5257747679
2749,2749,27480,0,0,10,0,0,0,0,0,0,0,0,0,0,0,0,0,187.119707681109,257.134108762324,243.492065222879,309.79770500228,270.658093496151,306.287401921766,337.226339659441,300.43347167746,209.853779743702,298.438843109696,292.569402038042,273.956087513978,236.037973864215,279.844255668643,316.799587003773,276.853718606336
2750,2750,27490,0,0,10,0,0,0,0,0,0,0,0,0,0,0,0,0,213.380453627687,262.478695210367,176.083288375991,261.356555964625,258.349536494517,243.750442620873,351.083235816616,295.752233633297,320.433968825417,250.191122356851,291.696781060903,288.134899606212,213.703819649635,244.18619462158,237.110266568431,233.852633695588
2751,2751,27500,0,0,0,0,0,0,0,0,0,0,0,0,0,0,0,0,196.211280589195,281.52813465574,280.526355357554,268.919125952226,255.60111278175,291.770152412016,366.316637910903,337.067532108629,278.606402170084,280.037243601048,191.140226405235,241.755037456315,340.123483662889,245.163829700747,331.751839048822,218.281498859884
2752,2752,27510,0,0,0,0,0,0,0,0,0,0,0,0,0,0,0,0,252.883553897084,206.24707671236,234.201054796474,242.380380434736,350.632099955105,230.635251967148,350.163225968989,281.256098973904,212.475506878469,208.814239638074,294.783988755635,259.855777601541,311.26946343061,217.303388710316,177.298577139386,165.378791363326
2753,2753,27520,0,0,0,0,0,0,0,0,0,0,0,0,0,0,0,0,297.534020696489,313.74752866891,257.656559681997,240.299752498728,255.582327895121,238.337205971154,362.041043074813,214.748750747986,311.289422530034,285.224696904767,251.050721549357,249.740152982062,271.439639832154,271.875973756994,255.723011947519,322.20576794522
2754,2754,27530,0,0,0,0,0,0,0,0,0,0,0,0,0,0,0,0,253.218409275002,203.158626864962,247.312210405472,300.746182226568,176.695428175888,153.651985428112,364.738473548672,205.803586742111,238.349315308895,264.266115508886,251.566805381689,298.871776272517,265.106966565523,196.07551947502,257.871614096836,232.658283615836
2755,2755,27540,0,0,0,0,0,0,0,0,0,0,0,0,0,0,0,0,219.363084640619,248.411453366073,211.886329435616,222.864454370151,300.002915435948,258.30222826849,351.97225415995,253.573409620133,292.666346744431,258.755772842659,266.038037799029,230.832973259033,231.18334043094,216.765911979689,232.942598684935,191.096765716816
2756,2756,27550,0,0,10,0,0,0,0,0,0,0,0,0,0,0,0,0,287.561867638932,339.357757141575,288.255947115695,237.866324348264,194.726165659067,306.878305205764,320.264316622382,231.835494302007,286.407000819227,256.012441889943,231.56441932713,236.503594788067,262.854103882196,245.84113836866,255.511095339699,212.663651358796
2757,2757,27560,0,0,10,0,0,0,0,0,0,0,0,0,0,0,0,0,293.947677275134,235.54263440552,284.636136302509,249.265541074539,200.130284632806,262.34849380487,349.694484613328,255.379618709398,268.354715004942,192.104730925667,293.94944018704,220.526317854845,217.527164799687,249.537528654999,237.398146455301,274.060044347144
2758,2758,27570,0,0,10,0,0,0,0,0,0,0,0,0,0,0,0,0,243.855170335287,216.285166036831,206.859322376559,250.341278875492,223.272722444499,264.008216143213,325.129977535969,299.404196685701,271.753197021234,223.617589955364,276.970089649466,226.510367490207,238.111618930773,325.766503860174,245.894589265103,288.59723196738
2759,2759,27580,0,0,10,0,0,0,0,0,0,0,0,0,0,0,0,0,250.074282343559,286.314414441949,254.924078586781,255.728064900814,182.81779267367,250.873966958031,342.270602082442,284.697869386109,247.755636406033,230.851672171761,222.414080069673,291.548657665269,169.055208129455,267.179933186402,216.713085847565,262.01649981237
2760,2760,27590,0,0,10,0,0,0,0,0,0,0,0,0,0,0,0,0,221.39141352799,298.543153167896,281.648212358144,292.503108601478,236.550293574403,249.272009807429,331.860385338232,262.288210002724,160.515776804342,248.280550012141,295.699658689428,307.837715209212,254.559296202523,242.084467462805,307.611040968258,282.829218049032
2761,2761,27600,0,0,10,0,0,0,0,0,0,0,0,0,0,0,0,0,278.347672563982,227.1360039541,211.633389555588,226.838580048408,228.079544125674,252.485608994495,342.409809416808,191.825156845304,269.894005197263,295.152515494383,242.899780595495,278.031705040756,176.669448178432,307.040590141022,246.970558753898,206.124927029001
2762,2762,27610,0,0,10,0,0,0,0,0,0,0,0,0,0,0,0,0,253.829433964513,242.604209323992,224.921326413357,311.942659141081,219.456565140345,223.869189440824,343.689736254589,234.8929698415,257.639094605008,241.726140500903,294.306342003694,265.064679386844,266.1311827928,246.998328815674,280.617018085314,213.622121907592
2763,2763,27620,0,0,10,0,0,0,0,0,0,0,0,0,0,0,0,0,263.339283147987,204.173092565359,255.513777916711,287.731978646151,291.453174332251,273.4143419707,346.422244259895,225.04887874718,241.172581065962,261.113402598043,315.279601596419,255.056542131776,286.062117766326,287.27420574372,248.404392597172,222.976630318711
2764,2764,27630,0,0,10,0,0,0,0,0,0,0,0,0,0,0,0,0,220.816132373079,218.023750261385,262.818446070594,237.135846400556,283.113181542928,245.17848595432,372.900101809899,302.971259709408,263.301057136053,235.647919667866,259.295553925502,282.851127836776,263.293408872979,241.954148858861,242.982666996463,289.145477703766
2765,2765,27640,0,0,10,0,0,0,0,0,0,0,0,0,0,0,0,0,231.234540186869,204.886286576265,223.400863642551,203.615610926317,219.022372443898,236.456675549223,367.670436450516,261.327626397762,234.838346692099,291.552477844057,263.405592119058,229.125047708584,221.672582300273,190.532053441321,256.252514868285,197.017451918011
2766,2766,27650,0,0,0,0,0,0,0,0,0,0,0,0,0,0,0,0,256.798628580409,314.049319745322,272.34671254578,254.700299382851,257.433760986705,238.573845643021,369.846733785991,215.566145558789,218.477264569479,248.734045670093,283.380499702095,231.574516087505,278.900957120131,244.85804971907,240.547009804788,306.848610644581
2767,2767,27660,0,0,0,0,0,0,0,0,0,0,0,0,0,0,0,0,274.275004612969,288.748466348104,282.496495180234,274.604170218399,233.549540050865,248.996883340934,363.294575919145,269.823735411134,221.528108600135,277.357607880312,256.979577406317,222.436592945894,268.098550491616,236.167929270059,247.043160240174,267.336088570145
2768,2768,27670,0,0,0,0,0,0,0,0,0,0,0,0,0,0,0,0,230.569395672369,275.093058204138,265.363368791054,264.371871641654,253.274697869381,251.782253827929,393.197585787575,303.947874626977,179.064308803766,270.083903617561,233.993804112431,262.508214658867,217.361504597346,217.553498023145,203.195972040256,222.776851041355
2769,2769,27680,0,0,0,0,0,0,0,0,0,0,0,0,0,0,0,0,282.079347897588,188.456253126109,246.515178567945,251.646969750996,276.237337575063,232.326509833107,365.957089954435,265.302539220676,320.272423997448,218.614385921209,242.693913163431,206.627613805452,249.88657061201,251.559575907452,256.559899104803,252.97438968989
2770,2770,27690,0,0,0,0,0,0,0,0,0,0,0,0,0,0,0,0,247.759189234881,249.75442385294,252.000012975415,191.693108449148,241.998816265268,191.259445981208,368.333121073079,263.111044384285,228.171338153445,234.029262527589,166.933757836933,260.780976645845,164.694563487707,255.711560196411,203.871195081429,190.897085043438
2771,2771,27700,0,0,10,0,0,0,0,0,0,0,0,0,0,0,0,0,244.17245709138,268.455956532866,276.741941572396,234.329549094552,269.662967962125,248.091646772939,351.724501037545,222.596970167707,293.531721517087,216.692099802535,230.188748648677,261.797984616347,228.221393135696,328.292465464977,203.066794298704,298.164726660974
2772,2772,27710,0,0,10,0,0,0,0,0,0,0,0,0,0,0,0,0,278.265283700126,315.451175391446,248.366688886315,285.974569471166,251.931200000238,262.728856568871,361.898489048274,352.708147961139,269.715609750252,254.098193999054,265.300649397754,206.731888408807,287.550439849872,281.677677371744,252.041520848502,282.690601933985
2773,2773,27720,0,0,10,0,0,0,0,0,0,0,0,0,0,0,0,0,299.605823179814,248.126946095725,253.534640849894,261.099198868643,248.335565078522,188.24825499752,349.056777373454,260.737952342932,201.85915750902,268.591921337881,282.624136386073,247.13715811699,225.004322235792,194.764968148113,254.084313805376,255.664063026843
2774,2774,27730,0,0,10,0,0,0,0,0,0,0,0,0,0,0,0,0,326.616980777595,274.568729684786,241.962312786915,286.401121918366,254.539778469456,317.678762776382,347.589341330309,235.776244858443,203.023721828504,187.452695104407,309.734629708056,251.761160206345,218.089922211859,278.601506275859,271.107678900201,285.247096419482
2775,2775,27740,0,0,10,0,0,0,0,0,0,0,0,0,0,0,0,0,230.257174544081,252.254490314807,267.565497898278,271.263226610429,209.877568115101,295.88708635412,360.301455240222,315.521751669337,286.250022603042,307.046556613176,232.528559403836,239.527192937123,243.588768098396,238.409373685843,289.781018980904,247.916936056173
2776,2776,27750,0,0,0,0,0,0,0,0,0,0,0,0,0,0,0,0,228.779137190113,257.898011730133,266.930507471919,165.593202433404,269.500304037608,230.999413835783,319.247311096843,257.775883589447,213.661821359859,218.249608816597,313.595195100246,224.297485989374,168.160600129067,310.109236479667,220.894366804379,237.477512804999
2777,2777,27760,0,0,0,0,0,0,0,0,0,0,0,0,0,0,0,0,245.935717150781,226.380365913884,237.885448999159,282.286195900365,228.850194006576,190.956324547456,338.686732297283,241.910584077383,293.875934240876,256.099060929077,276.495933053118,203.539408350647,275.066872909452,239.877645043916,234.107819982962,211.148375666474
2778,2778,27770,0,0,0,0,0,0,0,0,0,0,0,0,0,0,0,0,284.46368766295,298.157182229201,149.788952039032,330.452741273916,189.319638499554,230.551692330074,341.08818612556,259.728754024624,287.587238876968,274.561662167635,242.029234636643,180.672898618279,234.761484625658,249.09672584189,224.85481909015,221.321466979245
2779,2779,27780,0,0,0,0,0,0,0,0,0,0,0,0,0,0,0,0,268.907442552869,236.823981657881,199.258744853225,285.440540384241,258.814747679739,202.517102822398,361.299497130614,275.166690778354,234.885241592325,245.144358814439,263.86969444565,274.581668239735,223.532724389932,309.509381196898,248.794833805549,200.588196986212
2780,2780,27790,0,0,0,0,0,0,0,0,0,0,0,0,0,0,0,0,242.392895186798,278.457941542143,264.603631970739,281.85027340991,238.846312730044,230.213928707115,346.558475998476,306.416923721063,256.039934357685,188.833554893691,302.489424753147,235.799679132207,243.416900507682,209.535107285825,330.139191579758,298.461237349098
2781,2781,27800,0,0,10,0,0,0,0,0,0,0,0,0,0,0,0,0,357.619395115339,250.192613827084,306.286269838485,231.183185322534,297.357402778993,266.143988222825,350.21885404583,267.016656806135,274.913325004756,200.122715073785,241.157777072067,250.001949795788,175.298433631632,200.621731758249,237.044141314425,231.46071963022
2782,2782,27810,0,0,10,0,0,0,0,0,0,0,0,0,0,0,0,0,231.50206734662,110.134044158491,162.803898681893,244.815236371692,252.35443827547,266.783575763726,327.716589956139,245.871118915118,259.100534194227,212.216013536791,256.496161417388,272.327178996924,260.144995117202,206.642607104409,269.236456232167,326.050353639419
2783,2783,27820,0,0,10,0,0,0,0,0,0,0,0,0,0,0,0,0,255.522994661522,285.580328164797,223.327678513551,209.53243549794,259.308461516788,237.255430700505,330.103484753482,260.695768398572,236.565237779494,261.264104340171,269.514088938889,239.505885919179,205.582122468564,223.787327447035,258.422895612606,219.916085203856
2784,2784,27830,0,0,10,0,0,0,0,0,0,0,0,0,0,0,0,0,297.225176753715,289.747672005549,250.420563494008,239.027869309479,218.686161275601,297.107716617511,345.056910440295,269.023801861363,262.187021628354,271.391724409173,214.662592995932,310.684996153418,243.525611478457,253.019307949648,221.960287905794,260.760973087772
2785,2785,27840,0,0,10,0,0,0,0,0,0,0,0,0,0,0,0,0,272.061421861752,235.551257504373,298.249548921135,279.952148626965,247.26537034028,206.579871072315,356.212546493978,224.060024508383,303.611878899465,253.111576604513,233.268040978827,290.200140395492,209.935368746448,308.066030307557,270.010225680845,229.093186941592
2786,2786,27850,0,0,0,0,0,0,0,0,0,0,0,0,0,0,0,0,267.341871706834,306.266826448567,206.433082639966,298.182958708158,239.38723948329,285.986580211678,361.093702979318,262.506725715451,204.675925355697,260.890477197906,272.472243183185,273.006802040387,224.555951092227,249.023381108626,269.767043118686,273.873670211349
2787,2787,27860,0,0,0,0,0,0,0,0,0,0,0,0,0,0,0,0,238.570639482726,283.982266033263,253.572893707658,239.761720768556,269.034760184161,238.092326515399,344.583520279648,269.497357564195,258.152376498891,268.361412999439,310.383235857415,298.240203365219,357.79100326263,210.762661511589,256.522937015884,250.91639675459
2788,2788,27870,0,0,0,0,0,0,0,0,0,0,0,0,0,0,0,0,194.987585521623,228.660378475761,226.334117447312,221.592195867696,189.122296726179,283.328027446394,340.128676638549,270.910876799653,319.512441526404,234.078231097116,248.10064068001,320.476134621985,226.865127493932,188.485415275947,267.699898608169,271.547294795622
2789,2789,27880,0,0,0,0,0,0,0,0,0,0,0,0,0,0,0,0,245.232229416532,252.60178287898,272.024180994992,225.822630475553,296.374111158224,260.029825714707,323.067291954485,262.602753874645,260.730064813111,252.172654990785,218.606982237258,225.245499757429,249.312803800714,230.528290675283,215.59504291519,211.539928628983
2790,2790,27890,0,0,0,0,0,0,0,0,0,0,0,0,0,0,0,0,206.537909127837,260.863870620169,211.793078690087,225.076428342588,229.68767913282,198.82890062118,336.534987636263,291.057942254701,254.201732392074,176.916453547174,293.265867174587,221.405544954672,308.604986804234,250.070270605171,216.521580750225,201.039063841885
2791,2791,27900,0,0,10,0,0,0,0,0,0,0,0,0,0,0,0,0,261.839182726395,273.645230131981,274.600160151856,293.540243684645,296.211760100362,234.517782516015,334.911197871209,242.876675408875,295.354968838273,311.207138181987,299.624978431399,281.445986517843,239.838689957137,216.713076349519,298.008992097151,249.78874322285
2792,2792,27910,0,0,10,0,0,0,0,0,0,0,0,0,0,0,0,0,190.001061496057,246.434241591662,228.62858704588,219.290943068717,241.98685151641,373.850796164466,341.578625035969,308.493080995387,297.503065461013,217.327844631002,266.402853103758,286.189401538072,227.400803373362,260.967249617028,237.878662316957,252.762081445891
2793,2793,27920,0,0,10,0,0,0,0,0,0,0,0,0,0,0,0,0,266.172350164565,203.377530870822,204.728961149921,242.495007929966,269.510181021855,187.405155659862,337.737998760812,303.118971073228,303.718389406523,294.218250697006,161.189391999435,278.814214444959,237.003472877675,201.762486536332,231.971414101322,255.891070095753
2794,2794,27930,0,0,10,0,0,0,0,0,0,0,0,0,0,0,0,0,194.129043726736,246.220712869627,226.351325180031,261.27595637148,203.972751490345,244.022168386898,354.797542311814,270.308403574449,242.269459615393,275.536175196476,209.588056643152,278.285589982068,238.421991362839,211.675213216639,289.384085641041,223.752484088487
2795,2795,27940,0,0,10,0,0,0,0,0,0,0,0,0,0,0,0,0,213.996182749797,279.50145854575,270.21824989226,209.44673658017,270.070054418764,245.618536605066,336.007024818634,210.224413251507,242.031178276622,267.456879682964,296.005269141468,204.453145544378,232.821788041874,301.013996757017,264.810405512183,272.81466105492
2796,2796,27950,0,0,10,0,0,0,0,0,0,0,0,0,0,0,0,0,242.940443273818,217.590947709453,275.198571879104,166.744587238678,379.597563981714,275.573144958496,323.558236003969,201.36980324489,232.449988201643,290.409596972584,287.99505413194,297.373428538627,382.542347658802,245.609922130263,254.482892938965,231.775387321389
2797,2797,27960,0,0,10,0,0,0,0,0,0,0,0,0,0,0,0,0,303.672320215506,318.485961392107,218.744958580342,216.296304891691,256.136699871826,257.657841841986,360.629273426854,187.559320666163,309.506386296898,232.125073563807,287.529148035834,272.105868651076,244.167501836489,194.094426350621,242.503460835797,234.329695972132
2798,2798,27970,0,0,10,0,0,0,0,0,0,0,0,0,0,0,0,0,282.174746966276,214.802880791751,208.364951959447,246.950851169834,251.735001177626,234.345226555645,347.755179215385,228.094071008143,248.874403596176,249.684838310817,235.952355469126,240.571196590755,226.423515325553,265.806610608181,270.840799981971,216.520465890698
2799,2799,27980,0,0,10,0,0,0,0,0,0,0,0,0,0,0,0,0,269.333503067396,264.528708271414,316.335878043955,233.545803565892,281.037711518845,257.153872815722,357.987865791114,230.138061361194,297.657746496211,280.501586059459,219.158070797935,228.105242961268,276.645961740536,239.322792695788,241.044770751574,222.619655885584
2800,2800,27990,0,0,10,0,0,0,0,0,0,0,0,0,0,0,0,0,230.636596499489,245.691360320843,258.225562252988,256.389042617995,260.078755800233,312.255478902854,363.733742893253,202.566609168305,306.481904134339,254.15302222714,216.543991869478,228.858358549905,285.55628289972,311.078549982396,269.3564904187,196.155070886859
2801,2801,28000,0,0,10,0,0,0,0,0,0,0,0,0,0,0,0,0,258.536078893321,255.086883372235,274.923288106126,267.393044585233,238.629395973558,248.753454145432,377.085337848476,229.122693419208,232.130458645413,221.233619680914,260.038025886362,204.395054594435,303.342422321819,247.506586206838,230.340142312014,261.479030051861
2802,2802,28010,0,0,10,0,0,0,0,0,0,0,0,0,0,0,0,0,255.967331934163,273.102745248909,240.077435713433,312.698193973384,264.197037816386,308.200225012833,377.215917862602,268.896169067723,241.786416432708,264.300525247775,305.11567434644,248.767532497617,258.461751030071,229.34815861096,209.859173099318,291.011381018777
2803,2803,28020,0,0,10,0,0,0,0,0,0,0,0,0,0,0,0,0,248.467739565304,306.07686841043,282.753920187318,255.058813413146,251.522903839641,276.74089569632,385.253896421099,297.785406274287,320.190199735424,247.594610653597,230.448024061738,245.912271341717,273.346079104775,281.659224038717,221.148183091409,247.903920089566
2804,2804,28030,0,0,10,0,0,0,0,0,0,0,0,0,0,0,0,0,200.799078506435,305.513378714833,286.097735381845,332.157142818496,220.3861538099,300.667027780395,382.080094831661,256.352592908019,253.160015594312,279.385245367933,209.1483787241,236.91904133809,293.933495427434,271.625686044429,252.087155221146,214.297983160793
2805,2805,28040,0,0,10,0,0,0,0,0,0,0,0,0,0,0,0,0,262.723739727891,216.18114559074,256.727872243478,258.301963576342,301.381673939134,288.106843785544,385.344911449902,268.950435373171,320.35521130944,328.145634715238,299.247291490864,204.393691455299,272.521000769948,262.086045260718,252.063722144634,318.706150655134
2806,2806,28050,0,0,0,0,0,0,0,0,0,0,0,0,0,0,0,0,245.221614728102,245.838893543566,261.277521910567,292.095427904891,320.588090112022,238.175468096799,395.988240275396,183.523080718159,160.84053477279,243.58738301278,294.612193509919,227.854294389703,242.006209327514,262.847392841638,269.975671380519,282.316251547675
2807,2807,28060,0,0,0,0,0,0,0,0,0,0,0,0,0,0,0,0,269.677312099358,273.045667215642,238.195463756746,261.345557871507,208.196719069836,305.175817789031,380.784226691436,271.967117746843,221.434658993124,256.579980890133,296.455201920004,328.186965223333,248.857881626386,239.529384253606,251.2338278164,270.894628650267
2808,2808,28070,0,0,0,0,0,0,0,0,0,0,0,0,0,0,0,0,261.447490257547,287.552373923011,271.517032441087,237.236589133,288.91892984708,213.555858151449,396.084280603944,286.790943274381,256.060456730028,262.880076800814,242.130052800118,247.275864223309,220.98194803761,308.589490052439,273.901807758889,295.993793576427
2809,2809,28080,0,0,0,0,0,0,0,0,0,0,0,0,0,0,0,0,259.028192090578,261.014892423062,255.063946551414,272.528613818396,244.270765058986,264.067686380546,378.049340007902,282.884106918478,235.293464280043,255.203905458743,320.375057265676,232.563295739033,291.775698852985,253.35458663495,279.587982529481,221.828691464546
2810,2810,28090,0,0,0,0,0,0,0,0,0,0,0,0,0,0,0,0,196.668578141566,233.088294065427,312.434068759558,231.97290163691,252.722156166453,303.89924986905,388.001542206267,266.598700955163,200.63967081528,245.389879612312,252.607090099786,293.849519088922,243.405727334306,229.080787377867,244.485399914594,152.507674832642
2811,2811,28100,0,0,0,0,0,0,0,0,0,0,0,0,0,0,0,0,271.634411303399,247.364344601259,267.362398812871,242.382628298347,230.480938481256,262.630281439566,353.358214759912,243.782381602634,298.315712781961,287.250065026446,189.828333896901,252.918429090634,253.658828442319,291.988526753489,235.743949801765,183.435823796013
2812,2812,28110,0,0,0,0,0,0,0,0,0,0,0,0,0,0,0,0,250.304881005966,268.10744976759,162.455684610292,248.751031881622,229.04540619726,197.871728624669,324.595015791335,262.905265735828,255.039498308554,273.22233893235,224.08689347523,245.56217289822,296.687674823882,288.664521739093,187.06852980199,261.14099533757
2813,2813,28120,0,0,0,0,0,0,0,0,0,0,0,0,0,0,0,0,252.786439193892,260.530391302648,214.765985474859,259.946527318403,268.898403838889,331.211664072426,333.679026161261,284.01189970621,241.25711254335,224.873510942753,272.861123428728,226.170951360764,270.656694864514,190.457284550242,290.615152035571,391.813294309839
2814,2814,28130,0,0,0,0,0,0,0,0,0,0,0,0,0,0,0,0,277.830447561035,203.239800856423,196.69306240243,232.398678679298,239.654950689109,273.697367253188,329.031212707707,197.620452141706,282.406601479783,258.512959719597,252.204238103935,226.919457225365,243.777389776354,241.10264708083,265.718574691386,267.15797160139
2815,2815,28140,0,0,0,0,0,0,0,0,0,0,0,0,0,0,0,0,262.585690065568,257.703878285913,240.093657369353,274.974586707148,255.368130657646,272.076272460372,339.720220817267,243.964247938847,151.727078628864,214.297776548139,250.015254483742,220.183050671016,321.764222472653,233.430289648757,225.128704698691,257.302669672669
2816,2816,28150,0,0,0,0,0,0,0,0,0,0,0,0,0,0,0,0,304.991572681921,222.439995550146,280.058181095963,248.507671268573,200.125405428453,292.518175941663,336.610177631483,183.416281240858,274.034356637138,250.587789324493,242.991587963598,231.52976655406,243.743264016506,291.479626373359,268.78549683056,315.907324650071
2817,2817,28160,0,0,0,0,0,0,0,0,0,0,0,0,0,0,0,0,203.548401816036,233.963250855022,237.009062864651,287.122465423052,259.205545653482,213.933354836478,326.748963812948,209.640684084292,232.054323093998,243.43633246858,254.940800930572,300.144424551409,259.551257198954,294.540411099593,235.978434671438,294.872603194394
2818,2818,28170,0,0,0,0,0,0,0,0,0,0,0,0,0,0,0,0,190.504300779437,253.955984980348,241.509942431781,290.90079520264,217.499117108441,266.056753422496,318.83202159424,273.526471992167,235.236702224546,280.090058272503,189.112613370303,298.77477552495,252.653123436921,218.874317732075,226.562058932119,285.960493508876
2819,2819,28180,0,0,0,0,0,0,0,0,0,0,0,0,0,0,0,0,230.079850351478,308.988275936722,247.962278329278,220.062076799679,269.619390632546,255.564783499761,307.512079514239,254.33840835237,252.629299090267,287.017867000604,230.069108996706,263.717423672758,278.416244591933,219.27046223622,254.83602172162,276.049147387445
2820,2820,28190,0,0,0,0,0,0,0,0,0,0,0,0,0,0,0,0,209.894959916225,234.116402311145,213.795246760401,289.112751294995,295.802046117524,274.194593861173,313.245906644606,299.595036769321,263.942142755767,223.575495756197,217.667126311032,193.544265924336,258.816847976831,297.770832441649,235.143759967205,247.792112237491
2821,2821,28200,0,0,10,0,0,0,0,0,0,0,0,0,0,0,0,0,246.827930479705,268.720902346536,315.556756561523,210.901932897694,293.363470013587,277.650558496588,291.217269432737,195.805096385982,321.899622302038,282.939878678627,283.027340340905,220.241424239006,313.694667887645,282.772422690119,243.839753237854,224.517283629601
2822,2822,28210,0,0,10,0,0,0,0,0,0,0,0,0,0,0,0,0,208.39423487258,255.245598840124,309.834993408485,238.118298129188,263.059046140631,226.825782247126,307.139581908482,289.359129497517,202.403684082492,320.488693507691,185.501792098736,231.619091998779,223.38609230614,288.893496489627,273.678217121395,264.000835801846
2823,2823,28220,0,0,10,0,0,0,0,0,0,0,0,0,0,0,0,0,262.955772168244,252.26668708566,226.209518107017,271.887003781576,215.709210846586,304.748633807986,300.012433072627,218.432700329582,217.377643731398,274.680503018138,259.610505569292,244.337839403757,215.135787792804,193.220104416418,233.783921529541,270.3663763064
2824,2824,28230,0,0,10,0,0,0,0,0,0,0,0,0,0,0,0,0,226.072913379454,170.442800613356,316.580742586077,198.480862563185,280.46840478514,157.542791013665,282.213826474848,226.244528404141,246.408377016982,193.884855666251,273.008477645217,299.786967056401,235.27264684867,254.816467891407,292.753194580364,255.023658152724
2825,2825,28240,0,0,10,0,0,0,0,0,0,0,0,0,0,0,0,0,206.368909668068,262.528922967932,288.386808548921,239.280899828355,245.562525009823,275.900487834649,314.128684242879,238.354892201884,218.027701397161,214.521551544251,286.749646245359,294.832323480542,185.012203944032,243.179155915851,234.110277051829,264.282419323263
2826,2826,28250,0,0,0,0,0,0,0,0,0,0,0,0,0,0,0,0,304.580348351919,253.71847055345,249.513287525468,252.679851099186,217.94926339611,304.064900922002,308.137841796439,205.66551332257,244.122786971169,295.194337789512,237.742279955767,250.356162690326,240.385873948777,266.590303883266,244.657755008834,246.107181037808
2827,2827,28260,0,0,0,0,0,0,0,0,0,0,0,0,0,0,0,0,322.559737925184,242.993857891021,271.989718010749,269.009065141381,230.042950393965,235.078068391148,330.181793121068,177.823886779015,262.782173919779,210.791556256197,242.246527329557,235.708035887851,231.139036275145,278.265202726756,259.213909688959,228.999379542031
2828,2828,28270,0,0,0,0,0,0,0,0,0,0,0,0,0,0,0,0,245.672990673683,231.678287751577,245.672323815684,267.531474817223,259.977005985416,253.296842237397,331.005373628739,291.195104651033,259.550077128948,254.479996607232,212.031493040153,305.686108689612,234.213693381275,306.996957742035,235.870143416054,287.349623941088
2829,2829,28280,0,0,0,0,0,0,0,0,0,0,0,0,0,0,0,0,311.029373326698,236.644461240711,220.202930262308,236.710279346546,246.495793748753,269.094422219438,311.320825284353,331.80959999432,213.80187401722,275.305952299469,267.102442503197,239.509954998639,190.522380191415,243.963822375885,300.181932424718,231.220821531816
2830,2830,28290,0,0,0,0,0,0,0,0,0,0,0,0,0,0,0,0,285.318131703029,267.473204124169,221.572253710822,260.796114797475,304.192737839559,259.364494243818,333.949353098344,231.059394908006,269.601502496583,187.829807641698,202.748814365762,247.713971228736,253.608016795649,177.780070587911,293.825934184616,250.32315427009
2831,2831,28300,0,0,0,0,0,0,0,0,0,0,0,0,0,0,0,0,263.518540686377,211.699442946178,293.973163920604,196.045280476204,304.474984337963,247.127250897359,336.022702191977,251.607834340025,253.943078704907,222.592177438428,263.88820144295,251.578813692849,227.903851730521,288.127351812126,293.687334688133,293.171101640061
2832,2832,28310,0,0,0,0,0,0,0,0,0,0,0,0,0,0,0,0,227.0156839087,255.496377248236,246.531233792646,232.523462761803,197.872248986487,234.433103920032,313.332188944972,266.111063869687,258.306367163634,255.013843847435,240.81643964299,214.44468148009,282.595089829355,224.280551348954,272.126818989225,286.498801948281
2833,2833,28320,0,0,0,0,0,0,0,0,0,0,0,0,0,0,0,0,274.070351151904,226.737769143866,213.818272777139,275.142261466561,252.674292064982,249.911613024712,294.817864382162,221.834037600442,303.337533102395,185.620872239934,284.888578684994,303.810500926446,190.12968947979,263.084520334247,325.293469840585,240.314135481768
2834,2834,28330,0,0,0,0,0,0,0,0,0,0,0,0,0,0,0,0,187.981247180955,259.235723726546,276.342034559679,253.065926838831,256.691728358488,241.957552934147,301.396217449676,238.388012996784,257.765554016603,199.577329708399,311.653754358325,183.486158327362,243.899833403296,278.986128496757,230.209197416859,308.785270728867
2835,2835,28340,0,0,0,0,0,0,0,0,0,0,0,0,0,0,0,0,280.449306220197,235.806130527224,300.106729721357,237.840853560693,250.81998519037,246.347433246339,321.012170777268,279.286406063861,243.548437231116,252.88316890783,204.929997797208,220.512733137216,240.941533149255,240.387625436936,246.074710174349,270.925516676069
2836,2836,28350,0,0,10,0,0,0,0,0,0,0,0,0,0,0,0,0,263.929567439871,227.713540796633,215.319802675448,257.549101218428,255.87346396129,251.509370314388,276.383335777369,227.389365367222,254.751472821347,284.647883638419,266.247078314714,150.514816898481,244.485945758576,273.802866745685,248.790182002236,274.02616399616
2837,2837,28360,0,0,10,0,0,0,0,0,0,0,0,0,0,0,0,0,284.470097470307,236.1085420218,224.28979658475,252.616378677394,211.627690498718,282.666032204475,291.605790907253,212.645859450236,206.542907379104,159.688349646072,212.195202245726,237.55259908899,296.669565526754,292.478260641038,245.598327128309,235.942731001263
2838,2838,28370,0,0,10,0,0,0,0,0,0,0,0,0,0,0,0,0,243.439585728277,262.822200547802,298.636798117965,210.080865817344,311.220560785697,287.121246257683,285.475969974655,303.618270278431,233.628447521236,261.056903783938,301.115246968512,221.303708491365,185.022476402516,228.255733395433,248.253398980315,201.240840050606
2839,2839,28380,0,0,10,0,0,0,0,0,0,0,0,0,0,0,0,0,264.126638872922,281.761464251697,267.461574589518,229.032247505917,249.138238787217,259.102491560344,285.155303323296,245.843092975299,250.660073509324,230.892895908632,259.966544132552,278.073115922121,273.601874649805,230.607696928221,216.250781233521,301.463306857071
2840,2840,28390,0,0,10,0,0,0,0,0,0,0,0,0,0,0,0,0,249.28935254344,243.58048523539,329.615051136583,208.604120260494,217.727789125862,307.755411029434,295.147983608756,247.05245318845,239.888733742975,277.754630791072,258.168864557685,196.373523864767,236.966357831602,252.376603141276,269.298636535279,211.788456605319
2841,2841,28400,0,0,10,0,0,0,0,0,0,0,0,0,0,0,0,0,234.533401829426,370.517889106335,246.579753422144,321.802057219512,248.504355189041,296.994171914096,324.740089016193,271.116693156657,224.678179529063,261.78881054004,211.530770654715,232.536632486445,251.152559421105,194.028273116055,208.439231312805,310.549440038571
2842,2842,28410,0,0,10,0,0,0,0,0,0,0,0,0,0,0,0,0,237.834710377305,229.423798995623,215.319234008202,232.637491873017,279.531483611718,230.526074180316,320.94556973831,296.163857022863,269.277889288264,224.086517108087,301.907405414932,193.697198202765,183.762432884219,240.526376821656,236.164412261186,212.138669568339
2843,2843,28420,0,0,10,0,0,0,0,0,0,0,0,0,0,0,0,0,263.959342698512,294.956744251683,262.327741219271,211.763633198319,360.061871600859,269.527918310033,327.548563015928,203.80046980744,252.181129331507,296.630293241067,320.863677159324,255.600441104937,295.858460763954,209.368253530821,260.800659378382,251.64424091058
2844,2844,28430,0,0,10,0,0,0,0,0,0,0,0,0,0,0,0,0,178.062044532233,286.189456985776,288.963813855396,259.989145317862,266.937359546148,315.301591328732,313.845734004807,207.908222709161,249.415796762836,200.623903127885,281.775581214618,248.298933957663,333.764706125001,203.682721644365,245.35909251987,252.885337482175
2845,2845,28440,0,0,10,0,0,0,0,0,0,0,0,0,0,0,0,0,275.766678237058,221.410053063418,295.05711343816,252.836453094939,230.640714908674,289.877635868433,337.6543345992,360.229562071412,157.232181109433,305.517740388779,270.324983830668,196.572543845228,340.680458958663,330.550994727841,270.177071746668,325.174861889865
2846,2846,28450,0,0,0,0,0,0,0,0,0,0,0,0,0,0,0,0,228.792410383791,151.663670677155,228.753466636504,208.723754355323,228.461151023257,269.917338627103,319.190252232075,314.471964071215,264.464092046307,304.173980609423,226.529405490772,275.085662582329,317.065843713225,278.722150587745,231.253306136744,204.17408419822
2847,2847,28460,0,0,0,0,0,0,0,0,0,0,0,0,0,0,0,0,237.452780364999,230.742068473652,199.780070455049,237.316017566654,250.090140915921,253.572508076441,360.149979249131,257.411151067652,278.541931563694,307.412846894941,158.060091147711,235.331544098621,170.833190128276,324.321158733076,199.770999825914,230.778013435994
2848,2848,28470,0,0,0,0,0,0,0,0,0,0,0,0,0,0,0,0,235.434992410751,168.283308956923,295.387085625195,267.964771984471,175.647680905815,244.305707402673,360.827937808181,296.44951920471,239.80404847952,217.77527335215,257.643939952339,171.416180727923,285.599481287205,285.915355112452,286.227895102565,212.842967469992
2849,2849,28480,0,0,0,0,0,0,0,0,0,0,0,0,0,0,0,0,141.618284719516,298.238650214499,277.359006924669,268.612665024074,245.64220471237,250.576008717418,362.104481567175,258.877734789286,244.819817839448,217.745877686679,223.57583388127,213.482688150274,244.533797408424,246.91703153674,215.330855490456,204.493435650548
2850,2850,28490,0,0,0,0,0,0,0,0,0,0,0,0,0,0,0,0,251.574196376725,219.572311619119,210.05777408845,286.394076139467,309.431000121263,220.100540937786,330.125547239865,195.675418593793,272.353134193714,182.680215490415,196.811930067101,295.181694497563,210.747731549261,196.982446766555,272.837386575754,206.156901845309
2851,2851,28500,0,0,0,0,0,0,0,0,0,0,0,0,0,0,0,0,298.544820598722,333.650310365866,226.857137239504,275.398817560533,194.71030815615,274.969831588705,336.629549249194,282.006236867385,223.565554259389,310.087819009269,276.73438839119,269.675285282676,229.195881435148,214.753099180948,175.400621729411,205.335368055653
2852,2852,28510,0,0,0,0,0,0,0,0,0,0,0,0,0,0,0,0,180.312420974827,275.384001563125,160.515030531613,238.735198626707,234.686373858637,176.389947366375,321.140077694465,271.328387944355,181.216039856961,183.311865878279,251.350150927862,297.176053142398,163.615328484874,266.784989289089,210.828324974359,262.104961484433
2853,2853,28520,0,0,0,0,0,0,0,0,0,0,0,0,0,0,0,0,281.45462629487,269.692270347839,251.421673340649,313.271687958308,221.417432013459,259.850204595712,340.909852330155,283.557200713755,249.706475013203,263.291517314725,198.782015054832,205.553605641038,241.134795770749,268.691576136958,327.64603254035,233.949227917704
2854,2854,28530,0,0,0,0,0,0,0,0,0,0,0,0,0,0,0,0,242.973496693853,255.71076102452,282.918167794758,287.368648174837,180.259278351252,256.838868356021,316.012621081945,174.775410823548,201.20378329159,290.526215163871,300.869740050049,240.280897882436,256.917249796511,221.928033542649,202.462604410473,254.030980150624
2855,2855,28540,0,0,0,0,0,0,0,0,0,0,0,0,0,0,0,0,211.493588723421,280.194936105737,262.143619751049,244.981685705527,252.413663343761,258.826603513844,319.121142254772,292.424771206682,236.306634324554,271.397017852151,238.260178408259,287.836691608633,200.447295645493,291.591691269971,261.244131624093,232.969029730559
2856,2856,28550,0,0,0,0,0,0,0,0,0,0,0,0,0,0,0,0,237.500551820226,233.958703479118,258.570424444218,195.372995378991,222.623678955055,236.114654580743,315.59792250592,208.018031226273,292.822665879166,201.604704257058,213.887877661739,269.594968675783,182.803146244245,255.989162622207,282.67374889334,285.700073235222
2857,2857,28560,0,0,0,0,0,0,0,0,0,0,0,0,0,0,0,0,268.139729963138,290.12270909171,272.434690295831,253.064046101584,258.803431508857,236.642700315606,279.483529764045,245.350106808214,234.855243847048,244.473046945217,298.060151733735,240.395306708094,290.387286311529,259.180268304129,240.247812498532,228.200641156764
2858,2858,28570,0,0,0,0,0,0,0,0,0,0,0,0,0,0,0,0,236.954295792035,253.908015850967,217.732416392338,260.611508029037,271.904805975047,191.829776246529,284.70696561353,236.625724203728,298.344747371525,291.949021235297,248.465058086424,290.717414482741,255.41547865997,245.290625604166,214.296417764512,212.92652965268
2859,2859,28580,0,0,0,0,0,0,0,0,0,0,0,0,0,0,0,0,172.189689309542,196.926188009468,263.744568906509,315.712427158747,323.332283032433,244.101979199151,315.440010228482,212.168655947,220.328483584524,299.496506131711,309.198410497496,293.205111020929,238.019818254394,248.743381517463,250.042546301433,192.843988660384
2860,2860,28590,0,0,0,0,0,0,0,0,0,0,0,0,0,0,0,0,286.079666649253,305.313463853747,253.031361615591,216.029465552903,247.537304228935,239.701475123684,269.436325203612,228.781821126957,252.809924316098,221.593734469362,222.109730962812,217.966353205654,267.907183630712,212.618864825747,198.805564686635,217.278655730473
2861,2861,28600,0,0,10,0,0,0,0,0,0,0,0,0,0,0,0,0,207.429481840577,218.146785719274,278.436704633672,255.709698748896,293.543437939397,228.739801621561,300.188487786865,217.592025680432,261.720325521348,288.856674606928,157.129648947215,225.262863313189,245.487949701658,305.296576316065,276.178279670862,300.837131677428
2862,2862,28610,0,0,10,0,0,0,0,0,0,0,0,0,0,0,0,0,123.968321472432,262.060948075614,257.196296870345,275.161464723111,229.70913341073,282.01128353307,291.637334074684,203.396136808143,251.831122020439,222.46352670686,244.142950534062,186.569217328447,260.632174217923,269.046228560065,299.1007246012,292.383277696774
2863,2863,28620,0,0,10,0,0,0,0,0,0,0,0,0,0,0,0,0,180.625320003115,266.651307111046,223.355161057424,345.749496884774,283.149900156323,283.645092887861,287.342432368464,199.259186833535,225.62962203696,193.744833886275,209.789616825403,178.020505037378,271.269763777125,317.098181885873,235.979115356745,264.024459558379
2864,2864,28630,0,0,10,0,0,0,0,0,0,0,0,0,0,0,0,0,261.6423610136,267.436779605563,281.740466535619,184.688000445262,222.434579035551,319.92817671428,286.418780192854,273.561775190133,201.772028132887,260.342344055403,229.916825472376,228.168280410643,238.430351432606,200.310144202709,309.20071396951,204.841578440148
2865,2865,28640,0,0,10,0,0,0,0,0,0,0,0,0,0,0,0,0,278.963782265784,245.000226533663,271.404596988898,224.831086760338,242.630040778598,279.164182132003,291.592632828692,235.665209904994,237.129570420186,289.790283396553,280.464227089544,271.296715743247,295.567396379555,296.32482508529,276.230765327047,237.26136699677
2866,2866,28650,0,0,0,0,0,0,0,0,0,0,0,0,0,0,0,0,258.501608735141,286.411170979504,167.014332828283,295.001964272656,249.167396667344,207.642027806453,301.481794432703,282.424155414594,197.10283790455,187.887873285955,193.497983829487,204.666687389894,210.456190100971,201.821376828069,273.517286765417,234.709232238238
2867,2867,28660,0,0,0,0,0,0,0,0,0,0,0,0,0,0,0,0,304.209004163273,289.916684715828,240.997580921637,265.553141739637,244.29558302564,323.299709212658,316.4803435505,247.028613067777,221.332658639997,221.884633193314,325.893453447421,283.058872950531,367.186469962655,223.405673957455,277.991055018193,178.609181720799
2868,2868,28670,0,0,0,0,0,0,0,0,0,0,0,0,0,0,0,0,162.914222896029,208.888764963603,196.350132030998,236.547998764133,238.831530313618,254.093822413176,320.547949121354,197.571401726773,249.20525159754,237.28914269497,241.001295664092,223.457989723602,245.605936483353,247.656674314908,242.385711590204,222.699702059745
2869,2869,28680,0,0,0,0,0,0,0,0,0,0,0,0,0,0,0,0,260.178155775497,226.582056897099,211.316083719919,198.872891089271,274.124498641818,235.8472585666,310.883905817702,303.430854129948,207.312981255737,237.374209115714,304.452880639047,258.655182104081,218.091430034238,277.631459899631,282.21262405262,326.043116920916
2870,2870,28690,0,0,0,0,0,0,0,0,0,0,0,0,0,0,0,0,295.801436926517,232.99000952534,293.239687535636,192.904111689486,264.556969088378,237.336599676917,315.383897508749,248.209780370967,228.350230817509,234.003250594593,240.245271494963,259.935132035637,284.890094321594,254.827402623028,291.006445112106,260.175407463471
2871,2871,28700,0,0,0,0,0,0,0,0,0,0,0,0,0,0,0,0,152.781905201421,283.202172815366,250.469067697713,305.721168999068,210.934938199781,315.057285592396,298.951999357748,268.304086163634,338.763172516847,193.780128616932,325.567981498554,256.618754095635,194.224858817053,275.531390740967,191.085517973914,279.319374736639
2872,2872,28710,0,0,0,0,0,0,0,0,0,0,0,0,0,0,0,0,229.659906242331,324.406320091921,226.264050132019,267.052084025176,277.663167425263,206.591306507521,330.569479594137,316.376599358164,269.800056037483,327.787009613621,228.547431367123,294.355657708542,253.295229296039,219.21617410064,199.739546063257,270.01393771461
2873,2873,28720,0,0,0,0,0,0,0,0,0,0,0,0,0,0,0,0,285.903921192372,295.55973777623,260.272659495338,263.829978974593,244.933492922684,213.74333441225,296.262435869281,181.078722552019,199.460022572826,253.460287523301,343.625847891716,256.969852811489,250.056726138065,282.920691978459,190.419956770197,263.79432111141
2874,2874,28730,0,0,0,0,0,0,0,0,0,0,0,0,0,0,0,0,235.996617995974,214.934811488447,259.996821419108,243.489306585893,257.214544302182,326.371876249861,302.829871654856,292.922317031923,235.373243068931,230.115237940475,215.213006711704,232.708421396039,197.237525731836,262.776098574089,318.964971240223,270.450525528257
2875,2875,28740,0,0,0,0,0,0,0,0,0,0,0,0,0,0,0,0,284.826875538634,237.994609902403,267.4810816474,215.264470045779,209.964791937537,212.837230286766,293.855244051365,267.154026120059,244.909117085988,259.843921419385,213.321621998105,276.572994085716,268.681679773994,247.241969484834,200.544530933422,178.340879810422
2876,2876,28750,0,0,0,0,0,0,0,0,0,0,0,0,0,0,0,0,229.929612003841,198.995308442626,327.27215871487,227.652914686775,283.339451948534,253.240242065216,278.587151140395,277.958606236042,228.468087783716,227.635345964442,223.648679111141,238.40428345501,258.099001417588,235.879052618582,269.690551790045,270.171536293633
2877,2877,28760,0,0,0,0,0,0,0,0,0,0,0,0,0,0,0,0,314.808088872733,277.900308292115,213.230286753817,293.821099116552,265.888936096383,296.663931938524,293.014963084789,190.396549056582,245.382906131382,246.209100757568,246.47599901821,263.589635888075,265.481229020608,243.292055972652,267.23323946418,223.606966538783
2878,2878,28770,0,0,0,0,0,0,0,0,0,0,0,0,0,0,0,0,244.221772051068,248.18488884444,173.381608419109,238.500521418632,274.742576207705,180.876582436009,268.077810457295,197.821870965912,215.834401814252,296.391759979863,279.795925810305,302.56720311824,276.027605862987,195.048071856804,258.095259230078,236.799090779697
2879,2879,28780,0,0,0,0,0,0,0,0,0,0,0,0,0,0,0,0,272.451918499957,289.569189667852,266.600159198638,262.837706508172,222.560150163095,328.389397007456,269.047147237567,258.566844052494,246.455130615332,202.224400240916,227.692490490125,284.408545076376,297.583025958722,261.249448118624,285.080892723467,326.222932423581
2880,2880,28790,0,0,0,0,0,0,0,0,0,0,0,0,0,0,0,0,289.154120645311,199.389249053353,285.184582332416,252.836806084008,286.222802945997,238.683426638681,294.676681234901,235.24317595526,259.057601727457,258.459607004831,248.037990934678,281.886487343056,310.929220838349,271.224646845686,243.872288808086,250.656515090109
2881,2881,28800,0,0,10,0,0,0,0,0,0,0,0,0,0,0,0,0,237.607478381605,297.150011639403,256.455122282443,250.448578463724,206.878751482883,200.380452204204,295.96191312883,297.368300647716,250.07996944375,186.202268414557,253.738286665624,175.771375340188,230.130704849106,254.924594558671,241.938479975304,262.646871630691
2882,2882,28810,0,0,10,0,0,0,0,0,0,0,0,0,0,0,0,0,217.152788088147,254.527725537147,299.003500954767,238.451209397299,196.39411184568,275.522523316803,270.992568695002,242.965602116631,220.189100411539,148.600074254745,210.470258771215,201.312111678697,285.713594744201,281.757274549747,266.680934561849,198.688069303089
2883,2883,28820,0,0,10,0,0,0,0,0,0,0,0,0,0,0,0,0,220.989176847965,231.408011958853,279.050764028814,264.54505180604,148.729688809622,184.993177660599,276.494538812783,274.317010102923,293.351364969429,205.973122260393,283.194162320512,265.159753540121,245.005972640578,285.209934613033,228.932711210565,225.208502594108
2884,2884,28830,0,0,10,0,0,0,0,0,0,0,0,0,0,0,0,0,304.131540871211,296.332148092321,297.597871259257,259.135667747531,258.086667393367,228.78605319939,296.956993399282,266.749963869144,235.36105058392,276.612440927306,285.068077147994,271.449413899589,265.952980248957,233.542099550308,249.664737121234,216.848149535085
2885,2885,28840,0,0,10,0,0,0,0,0,0,0,0,0,0,0,0,0,250.553861723579,270.910367575839,256.924588859374,139.742701730644,276.05203153058,267.45550897261,292.823487536011,290.015316894218,223.980967287982,337.409282742711,245.115822583547,225.197160678791,220.234157552403,280.525163112701,306.73590077274,245.672485914995
2886,2886,28850,0,0,0,0,0,0,0,0,0,0,0,0,0,0,0,0,263.465349863147,312.504465218791,250.197603096837,196.222509475102,261.585332758274,279.959283467835,312.838861740343,230.204867395921,233.320857016417,219.265315467042,263.28295230308,255.16015561859,259.656709151669,220.028702580065,264.010224223383,240.121103691374
2887,2887,28860,0,0,0,0,0,0,0,0,0,0,0,0,0,0,0,0,249.209005313126,242.469803643752,305.341614735845,270.475728577861,247.513460038053,245.157398154823,299.261447416117,269.216804173085,216.70556390913,198.786820748961,244.931843566785,204.55781194883,263.105862668277,222.06469376855,290.417889537983,274.853728318138
2888,2888,28870,0,0,0,0,0,0,0,0,0,0,0,0,0,0,0,0,203.655818079485,212.564533767216,267.47214901916,271.053826730124,203.624255809704,251.531764507317,296.228067997683,270.92281775,299.01765662859,283.277433109717,191.598005142736,246.273572915693,242.624394176699,272.319316657335,248.721750387686,225.766978179251
2889,2889,28880,0,0,0,0,0,0,0,0,0,0,0,0,0,0,0,0,257.907017378057,211.253878432573,268.457393600761,252.520589755729,248.079045012732,226.70926003782,319.75523014931,199.094925062245,320.370438585126,245.792459112227,243.529383025886,254.137696109796,253.95226826909,231.595011866425,196.638769027734,271.963548004165
2890,2890,28890,0,0,0,0,0,0,0,0,0,0,0,0,0,0,0,0,128.360412058185,276.66334559861,248.77027092004,273.258208784745,253.953725663891,204.632520053131,287.621268066725,281.718280883109,286.52357822167,263.525010544124,234.55746811428,271.836928456378,317.275997696896,197.499254456398,260.522939656738,306.460306781446
2891,2891,28900,0,0,0,0,0,0,0,0,0,0,0,0,0,0,0,0,259.217343347023,245.260967642668,247.259860887565,253.539215332213,211.145738749202,285.072522546918,305.658028139613,332.351885039464,285.985480410763,276.656863154002,229.51375474078,163.448066479822,179.346193496769,318.538281943328,268.763505199773,308.641656985349
2892,2892,28910,0,0,0,0,0,0,0,0,0,0,0,0,0,0,0,0,217.953377914774,266.220192511184,260.27710988424,219.020800129693,207.416281085642,301.414983731585,293.496101376706,200.002419389384,233.501994372798,177.791421178791,182.332022165862,292.246702452482,218.782137563854,244.455354242342,250.814820068816,137.679205894311
2893,2893,28920,0,0,0,0,0,0,0,0,0,0,0,0,0,0,0,0,295.091762702275,247.634074596952,261.521844700974,261.716333212074,248.75705507341,338.953389188473,286.853276205109,231.786186534455,288.930492296303,249.257210805713,261.203128755471,332.514605180022,252.25282110869,300.632587258777,274.782116809335,223.237038851642
2894,2894,28930,0,0,0,0,0,0,0,0,0,0,0,0,0,0,0,0,296.130099987806,260.374683662246,224.763614919346,219.782050546223,259.481515696099,269.780235395906,280.102548142195,216.912087608948,276.279036314284,245.076813858007,238.225017110042,267.583050187196,252.405399594806,225.890944693795,308.499594710947,223.303698380828
2895,2895,28940,0,0,0,0,0,0,0,0,0,0,0,0,0,0,0,0,233.746353280462,243.192844834804,205.434289827887,221.52280292588,253.880356839886,213.981443162758,275.537233860663,203.648070067478,265.356221931262,303.200953721898,253.568144871818,247.386341430289,270.973976831916,271.199601636588,219.346922341944,165.854679479113
2896,2896,28950,0,0,0,0,0,0,0,0,0,0,0,0,0,0,0,0,217.541191390524,288.589436422792,232.507831087023,269.204916544363,232.410731965794,224.618294247575,288.974342392665,328.288283083657,236.706297374576,246.543799499649,294.944238636831,265.626804562425,243.884239584326,233.293385797053,254.067622162254,233.031844063571
2897,2897,28960,0,0,0,0,0,0,0,0,0,0,0,0,0,0,0,0,244.358062052919,259.052253462567,196.801919584284,209.815647577995,250.397954723747,207.653008830405,281.987894877802,203.644811903362,196.880748790592,208.063656580856,224.066451930931,275.877507218873,255.127992818548,224.531297141081,299.840716159755,231.497065732096
2898,2898,28970,0,0,0,0,0,0,0,0,0,0,0,0,0,0,0,0,226.408257153613,247.639133388023,239.198092654975,277.679534865564,273.990881603111,171.634803430224,280.649204044082,144.83787039487,229.085248939033,245.21631706054,267.320917257035,256.959978340556,258.53411831431,323.875426423487,274.0312416725,190.338032438293
2899,2899,28980,0,0,0,0,0,0,0,0,0,0,0,0,0,0,0,0,287.096770998951,296.326084514113,246.600217217011,231.98549886037,227.638005385576,297.33107749665,280.126942418508,285.697728724118,261.57475148471,258.409177370507,204.000797775732,252.241300747482,296.849508110022,211.580046105195,251.87531749443,240.712877375547
2900,2900,28990,0,0,0,0,0,0,0,0,0,0,0,0,0,0,0,0,286.197435233165,203.705738593658,251.303616845824,304.14181208507,243.601021584523,266.206988810844,281.134483852778,245.800166489397,252.407188587268,205.694183735986,190.989428913708,237.587683148562,186.324113229463,264.488901409407,246.509846690266,215.575145736683
2901,2901,29000,0,0,0,0,0,0,0,0,0,0,0,0,0,0,0,0,218.598727020955,229.409221249601,209.826972879218,325.549906225121,212.421953088816,224.468168263006,278.170508657794,270.806592193337,229.009873455544,265.633173579768,257.683703179194,240.696611412401,227.166317282894,184.073863071983,267.279445717611,233.157862103421
2902,2902,29010,0,0,0,0,0,0,0,0,0,0,0,0,0,0,0,0,189.859925224705,319.200508846457,236.840113227489,253.370683313161,251.493678452779,316.204562749009,264.223098019327,206.219103676943,271.572145735985,220.852950992047,276.241896184491,245.30418556049,289.300442271573,264.728198677157,240.601397715904,302.422782490985
2903,2903,29020,0,0,0,0,0,0,0,0,0,0,0,0,0,0,0,0,205.878988914843,211.172596333391,264.037208887109,225.159394620883,305.690982660836,223.618177836565,275.28909056123,245.654479270904,178.722696884799,255.836869230227,253.558851953355,293.021775362997,269.29105809233,225.434001415666,274.03088475924,178.459847019887
2904,2904,29030,0,0,0,0,0,0,0,0,0,0,0,0,0,0,0,0,237.59659256802,258.97459065465,262.098558002294,238.175099491431,285.333325652022,268.495901315881,261.899486567096,257.373710297454,179.35020026897,288.790736473582,213.256223064551,216.516242958005,239.567073776145,288.883574181545,226.598981416812,279.798839165191
2905,2905,29040,0,0,0,0,0,0,0,0,0,0,0,0,0,0,0,0,225.077265351807,235.507800442827,256.245771557024,292.703920598184,250.211999032068,170.074859600398,279.54584281744,265.713137043254,270.686599571907,257.939943363922,233.438461685883,260.554885144091,219.981007183285,193.47697991608,308.252625443179,215.782625162535
2906,2906,29050,0,0,0,0,0,0,0,0,0,0,0,0,0,0,0,0,266.338119431499,213.119128304636,264.323293615138,321.588665454889,227.174377406924,266.720479898827,264.14141748537,251.750758523911,241.438094384836,219.907802618718,245.39389151662,239.713739262215,319.97314057185,263.326777368854,218.537988714256,229.928409870439
2907,2907,29060,0,0,0,0,0,0,0,0,0,0,0,0,0,0,0,0,245.02697328961,226.305832151094,211.203267448374,234.7692454229,234.699778100044,255.088289117275,251.712316761297,286.242621563003,196.1512064289,212.051401628067,252.648768061586,292.752848603764,186.077721722877,237.976564882507,239.324945901639,226.344897981532
2908,2908,29070,0,0,0,0,0,0,0,0,0,0,0,0,0,0,0,0,293.475605599508,239.947250374202,267.269309844191,214.093242265255,264.006214561163,328.063737735173,257.620229767689,166.310881234698,307.935352161906,256.800043156674,277.974625588332,305.875305375133,273.564712386222,268.439568741346,239.578981857331,293.35726892489
2909,2909,29080,0,0,0,0,0,0,0,0,0,0,0,0,0,0,0,0,276.196027141376,281.867346404124,206.415220214738,289.284428506092,203.815995254731,233.383168992206,275.038919653731,309.064964004922,262.276559999116,262.01600840495,215.364056945812,233.762584165231,319.406176794323,181.519921346985,299.35121929244,270.607167504332
2910,2910,29090,0,0,0,0,0,0,0,0,0,0,0,0,0,0,0,0,237.808011325867,176.821177713091,243.280077224601,250.145436732997,296.154527965361,214.861297191081,264.661073222338,345.147184612066,344.200651079658,274.981593980376,292.865538766246,248.603504231742,272.738888446454,179.154172311747,194.891715342662,339.107089098752
2911,2911,29100,0,0,0,0,0,0,0,0,0,0,0,0,0,0,0,0,246.566122431899,273.502909890582,254.614176950223,276.726218639902,224.586288163731,209.645997551186,261.0013267757,282.310127791693,299.386204000293,337.282677648822,206.028504104176,222.643778737464,287.605092344437,240.702496283701,185.781368852458,247.832753505043
2912,2912,29110,0,0,0,0,0,0,0,0,0,0,0,0,0,0,0,0,274.740878532889,255.613586176892,228.795701021582,295.775014849811,237.341644832783,309.905731332799,257.705357568094,274.199684589791,259.711982539216,232.653395296088,238.646660274012,209.791662036592,286.608403421568,234.448473825323,284.773456187497,258.847309051302
2913,2913,29120,0,0,0,0,0,0,0,0,0,0,0,0,0,0,0,0,251.283883474829,181.784803940564,248.636364200112,233.761251767966,248.422414322231,245.325287105486,252.053242188417,210.96323314344,237.146855627085,235.434829733226,282.86477435185,206.330913482615,253.173072964908,312.578059296771,308.165388302349,185.497286448794
2914,2914,29130,0,0,0,0,0,0,0,0,0,0,0,0,0,0,0,0,271.740881776193,245.153235648632,204.818437479757,181.547140709959,221.356256138082,265.29921482922,264.767320736064,256.998878004119,236.665769250449,259.092412288165,240.241830821785,234.340486824323,256.107502806552,213.60253352814,279.133693348183,268.740458780911
2915,2915,29140,0,0,0,0,0,0,0,0,0,0,0,0,0,0,0,0,260.909826345324,214.675406645599,241.171212728829,276.008053647446,286.131460886608,253.912760486869,260.886980690066,299.82180847794,308.691702399328,244.433088085078,234.764774770384,194.778209109199,323.671541331621,239.724752136318,246.817332398183,252.058582873731
2916,2916,29150,0,0,0,0,0,0,0,0,0,0,0,0,0,0,0,0,223.658619056527,238.0949951853,312.929465874134,272.627967727262,258.938097337947,217.076421584056,275.101980249241,276.787948770865,266.090745298006,252.969703365331,278.101397679136,262.028967815724,272.457551004495,281.044102891773,238.429399941941,246.591576786078
2917,2917,29160,0,0,0,0,0,0,0,0,0,0,0,0,0,0,0,0,259.013902688279,266.174543134371,203.156572666588,242.83297841772,303.696745105599,256.019081568369,262.707663852035,224.837389066556,243.382841274143,262.638856434872,231.378075700195,220.875916174548,233.50541210593,212.705626770277,267.490147999887,229.547175488677
2918,2918,29170,0,0,0,0,0,0,0,0,0,0,0,0,0,0,0,0,330.004211293255,204.488804788459,257.612622283677,303.14868054633,276.375092416479,250.061579594935,263.010525872599,270.583325095777,249.583243203883,260.829232971843,181.946535277406,255.353369936521,292.469141436714,285.249485949578,201.691907586713,252.921634920275
2919,2919,29180,0,0,0,0,0,0,0,0,0,0,0,0,0,0,0,0,241.058255362738,305.768746829052,249.639909635386,247.294027841326,271.017978074754,213.791404720075,249.632960387333,241.564165785598,309.8770863175,268.992873443576,176.911945186424,297.639545534502,280.984592073569,204.072526102223,116.469338489811,200.370217311474
2920,2920,29190,0,0,0,0,0,0,0,0,0,0,0,0,0,0,0,0,285.194604976177,233.029106657646,250.583657258077,287.966527906393,205.940805896773,248.108599543668,246.058414365544,241.55734416801,248.243412126303,235.266864623837,278.02493851486,240.437661438369,259.063774567145,272.236660345951,222.604285873939,274.518823346487
2921,2921,29200,0,0,0,0,0,0,0,0,0,0,0,0,0,0,0,0,196.98360468696,246.636200785477,239.059437002366,250.981654746411,281.925758744241,297.425116529252,251.73128381422,233.866891043619,193.248315864421,241.62464216886,256.266750030305,294.854506958147,263.638038655423,304.96889395473,287.763961337148,249.167918053001
2922,2922,29210,0,0,0,0,0,0,0,0,0,0,0,0,0,0,0,0,184.63228020375,251.837286874126,282.787175437824,270.972413268813,285.566039484029,264.200370569803,256.971759069746,217.777777746524,287.037765575348,257.91112287666,256.457808636688,257.868709528594,178.156658447751,273.213697505395,299.523265480565,243.405901268289
2923,2923,29220,0,0,0,0,0,0,0,0,0,0,0,0,0,0,0,0,235.212968737854,301.829461266743,278.292257357201,209.357166745782,274.931578569307,270.515370335693,239.799205594388,243.048740119969,233.532849656089,218.470765590608,254.771373591131,225.175269868007,256.018560497976,211.444784152515,354.661833338471,242.942842687776
2924,2924,29230,0,0,0,0,0,0,0,0,0,0,0,0,0,0,0,0,235.457589060754,248.442747731173,231.854612397361,259.028323485531,214.329021202402,286.940703471609,229.641496762065,320.090714694255,250.926750301226,298.108213547697,265.427866106426,296.480622366175,219.165444378534,282.734473403741,235.180697903627,238.14321161642
2925,2925,29240,0,0,0,0,0,0,0,0,0,0,0,0,0,0,0,0,250.932632639293,226.101606853228,240.737420571623,287.330781341174,277.154788793783,290.558128060466,264.400154902638,235.308070320778,273.370400000859,177.929443147514,242.402650619635,269.598668270789,295.508762837437,203.610197393964,197.119636660433,255.259865361006
2926,2926,29250,0,0,10,0,0,0,0,0,0,0,0,0,0,0,0,0,240.191611704575,314.91828313544,264.485965741009,239.437613355569,284.696278109818,248.126768257886,261.442408536459,262.772083284891,267.697839250301,226.923340942572,198.013296759384,276.514052880492,267.067062064517,223.142725522356,205.148519480513,296.088449963785
2927,2927,29260,0,0,10,0,0,0,0,0,0,0,0,0,0,0,0,0,261.556959414694,245.797337142881,263.345256756605,211.98485536892,204.751200883216,263.594929088685,245.094874794467,212.226220579924,240.394331534315,248.412212470398,194.544593267263,257.981926004296,228.781315089914,279.654584872938,230.431666011416,308.124287255953
2928,2928,29270,0,0,10,0,0,0,0,0,0,0,0,0,0,0,0,0,153.218839820893,296.230708022613,255.701619223812,296.296253985662,242.522794474975,206.139009462625,237.239884155696,280.259098776282,273.196262542154,237.216887195061,318.901723501623,324.861704529327,249.43568399571,284.458154119626,248.55653177736,224.563407180502
2929,2929,29280,0,0,10,0,0,0,0,0,0,0,0,0,0,0,0,0,268.531900614308,262.986310121393,271.272712132344,230.298978475642,323.407767502758,208.19320449604,271.011153173633,202.010759864664,263.442216835364,322.850028566998,226.232033745811,353.150952558613,244.086280193865,320.335843914649,311.588656962212,192.193929918527
2930,2930,29290,0,0,10,0,0,0,0,0,0,0,0,0,0,0,0,0,263.86344233742,243.028173399422,322.601974153089,193.534458413639,250.038338743198,273.359107547402,256.625923307517,167.902202147502,214.194536971956,195.929470304645,258.259713084128,198.625436815919,237.957461873748,294.288162628007,250.598593873512,284.609117699411
2931,2931,29300,0,0,0,0,0,0,0,0,0,0,0,0,0,0,0,0,290.773113459342,251.474229876677,237.14626492555,256.48911360569,252.991152806986,275.566472314574,289.110061202609,255.667285868727,262.258508509951,255.324931937912,257.872772354573,240.255151798633,253.862519230637,231.496685989639,245.082087494566,211.145360353614
2932,2932,29310,0,0,0,0,0,0,0,0,0,0,0,0,0,0,0,0,249.495993197013,285.373753370943,260.66282752458,181.224167648822,210.915503345033,222.560736524012,306.56074449249,267.174905808592,302.152997374719,273.011177599369,238.145862071616,267.867986240172,256.699731107451,225.52343515868,225.95644789782,225.073226920938
2933,2933,29320,0,0,0,0,0,0,0,0,0,0,0,0,0,0,0,0,400.613804235023,248.806320444657,267.626355216517,181.548390640465,260.68486420194,214.609047241366,307.771397087778,249.418110385148,317.220795826336,260.836027736411,239.379854426337,253.349969005876,283.315205229072,314.814242827544,293.577237455568,183.561718442892
2934,2934,29330,0,0,0,0,0,0,0,0,0,0,0,0,0,0,0,0,240.835589720338,272.27649977394,281.632643356062,242.669300166663,303.261697091119,241.415813486954,323.400501330243,249.274332124598,325.445060426981,244.387424065846,212.869821070306,246.753194556425,266.916427551904,264.550813221402,257.628308445275,210.776926642967
2935,2935,29340,0,0,0,0,0,0,0,0,0,0,0,0,0,0,0,0,264.140304884793,218.757309314977,210.985821208442,343.050159946174,304.3667466039,262.49757215045,303.231424019186,243.319588288697,235.251430069897,220.881352661939,194.558409562781,239.609142355531,177.210329490648,227.124487280152,287.274921379813,232.417597836379
2936,2936,29350,0,0,0,0,0,0,0,0,0,0,0,0,0,0,0,0,183.933813191816,222.67066264058,241.958631257763,263.705585561999,298.14117131642,227.730036905453,310.586019140412,235.744885269335,276.262295661613,274.906493146075,262.76863876628,226.107141396649,222.38658018893,297.003574301628,277.007273788076,326.752582263669
2937,2937,29360,0,0,0,0,0,0,0,0,0,0,0,0,0,0,0,0,252.060666551617,247.053024769305,267.498969673143,240.948076885485,255.287863912458,263.627065362592,296.880707989187,256.362297146911,300.981836942083,261.234057318721,230.623193945863,201.514044120579,272.564228850416,189.587361185476,263.232382064947,255.030808924034
2938,2938,29370,0,0,0,0,0,0,0,0,0,0,0,0,0,0,0,0,369.402301219587,250.536145801892,271.839490873855,301.914872187107,205.617264439372,219.58046849411,291.191998852102,281.629906341148,218.696948710174,234.346318840224,233.014216379897,265.006450858588,219.988088763396,200.024402458868,239.577605220675,255.769900992343
2939,2939,29380,0,0,0,0,0,0,0,0,0,0,0,0,0,0,0,0,209.481633944865,206.820933928768,212.067736175747,273.763215926644,270.630334932387,263.846735870116,310.800704314264,274.393881170079,195.069917733743,271.030583746849,292.196739027492,250.982362966373,190.376624291754,307.46713316996,291.750693625102,208.30696451865
2940,2940,29390,0,0,0,0,0,0,0,0,0,0,0,0,0,0,0,0,270.595523114966,278.200620055721,267.314029863563,229.582321265235,243.89201745816,263.400776871993,286.491553707525,261.833079674375,197.886803582271,311.697867208543,305.926665576579,262.813221357434,230.741592362688,265.020256961483,250.0365542492,202.581026075669
2941,2941,29400,0,0,0,0,0,0,0,0,0,0,0,0,0,0,0,0,202.487580140275,248.029157628266,203.330475720999,244.328478065562,240.070511226102,208.710818432699,290.980310788753,240.034474152339,302.03114808046,296.315735715434,229.157368193994,290.997261823048,261.618541803054,272.411132128056,292.247331684978,254.526982087923
2942,2942,29410,0,0,0,0,0,0,0,0,0,0,0,0,0,0,0,0,243.834052116223,305.011230863121,281.281118064208,301.601707308876,324.099227966622,271.636397613065,275.10360120409,234.922014139712,244.423032585438,205.404644423369,247.198920239544,188.624349934265,226.270464292645,230.170145539712,266.949216994492,197.425451011844
2943,2943,29420,0,0,0,0,0,0,0,0,0,0,0,0,0,0,0,0,160.69751869315,317.496653394425,299.568680789655,243.369696209271,275.176534715354,223.089123327532,274.173683108994,221.701129464867,263.581183554981,199.235651787365,181.535115476004,279.685213019162,225.999409349922,263.193231541638,258.964259690606,263.631884619654
2944,2944,29430,0,0,0,0,0,0,0,0,0,0,0,0,0,0,0,0,227.835409749361,213.479356588587,199.366269961798,323.49636595933,262.679522084779,299.675721283375,278.06409318165,231.408816260406,224.258903223619,186.627786001929,274.136595559655,229.105738675092,230.637442023652,212.707310601428,247.624023187752,332.535687824252
2945,2945,29440,0,0,0,0,0,0,0,0,0,0,0,0,0,0,0,0,263.772461983271,285.135657572434,225.587481053601,264.527809087584,254.008349132974,182.017515058167,270.075207068372,263.25549183101,212.867054328793,225.78584592932,254.38866655191,201.440038240727,237.14133340457,357.251318163885,304.430172900904,192.98753109151
2946,2946,29450,0,0,0,0,0,0,0,0,0,0,0,0,0,0,0,0,301.036039014849,207.731286449927,296.411569104905,243.488310700233,231.302397991404,307.732268878414,264.797396177734,322.462574543861,309.927926962048,245.749734984765,241.376448110852,287.243390776332,251.472322796673,211.23499059395,234.833454351369,269.861255267758
2947,2947,29460,0,0,0,0,0,0,0,0,0,0,0,0,0,0,0,0,251.621372044609,253.014241313124,166.774771208595,226.356006756207,270.376705050101,262.872216037452,282.725186322602,163.684781042348,252.340966853587,291.896074899,233.731907459238,171.861755462133,250.0468371639,245.374888643266,276.905105184006,171.320565042287
2948,2948,29470,0,0,0,0,0,0,0,0,0,0,0,0,0,0,0,0,303.150774357063,217.634703455388,309.69629726963,349.419631421938,236.237009366674,282.414467207882,263.670141167264,213.511275659297,218.084908082369,277.96981225293,177.909368614813,230.287113555217,300.678441549532,206.543189737813,207.029896881303,213.967354620962
2949,2949,29480,0,0,0,0,0,0,0,0,0,0,0,0,0,0,0,0,259.222114241522,245.408657159382,235.46086838916,239.071666078812,264.168248758601,296.683383126769,261.625410349662,252.074368412461,256.049482659147,296.657649172908,157.048652202179,235.286803930208,262.940169745782,251.327205033808,206.757336572891,351.522295361006
2950,2950,29490,0,0,0,0,0,0,0,0,0,0,0,0,0,0,0,0,223.388538020001,256.917737032415,250.403163579069,330.96200801698,271.024699505932,223.517391573909,270.254563753543,255.349477574755,210.188808553023,229.205154373532,159.616005063484,220.854555783609,224.757166336515,275.026463406776,262.575963498831,217.412082028186
2951,2951,29500,0,0,10,0,0,0,0,0,0,0,0,0,0,0,0,0,260.456174519874,275.350865922341,193.558238062577,230.096495702898,198.392284229441,324.983505748295,278.978782179435,247.741486397235,240.281619645983,218.187273627901,301.509907800294,311.647022569313,312.209756264026,256.567780096132,248.451588540907,219.01653263602
2952,2952,29510,0,0,10,0,0,0,0,0,0,0,0,0,0,0,0,0,230.201410914476,231.298372073433,276.496016108702,208.921419653174,262.925695550771,258.773394929032,250.992571547333,286.565791700224,246.706220511911,222.368958117686,294.366716323142,277.971664752933,199.923817085564,227.649421729337,233.293399404201,261.611330348857
2953,2953,29520,0,0,10,0,0,0,0,0,0,0,0,0,0,0,0,0,241.622198222284,323.770728869429,223.978517244978,197.248396023572,227.147904896838,192.637067850685,281.504185794594,279.922893093573,257.426518693036,221.753442277781,371.122473388169,246.155684732955,219.277243554568,277.983737341617,211.198245279515,240.364396713714
2954,2954,29530,0,0,10,0,0,0,0,0,0,0,0,0,0,0,0,0,236.646808351235,237.68656823151,185.80349949005,285.796317166544,209.45651454235,240.438617756698,273.93753907252,239.448306305415,260.925138919207,187.181326843864,195.505433729527,269.140524729298,251.401970141703,278.252898035839,209.138760297371,249.398844587745
2955,2955,29540,0,0,10,0,0,0,0,0,0,0,0,0,0,0,0,0,265.772473387414,232.071299743924,281.808954548906,257.452200322726,218.758253439657,263.326491929232,279.898094027992,240.516696684347,242.966036920679,251.696130699727,353.368400719176,281.275835064009,263.997393422228,229.692177917196,285.313181881701,282.938426276389
2956,2956,29550,0,0,0,0,0,0,0,0,0,0,0,0,0,0,0,0,268.273675580774,162.475909978222,230.855465587754,262.982464744795,230.250902328233,268.576544661275,307.134926124909,268.78695135801,175.410528059975,222.101022753534,245.601191240805,244.27624690793,275.302901527461,228.13604889336,252.065999684662,306.306336698075
2957,2957,29560,0,0,0,0,0,0,0,0,0,0,0,0,0,0,0,0,240.418677543226,247.422180416318,275.493640829333,226.249369300583,288.035242931178,254.635892371737,296.723550322366,259.233446762068,233.61959806174,231.950020115299,192.403878210317,235.310469363192,207.050775221962,251.647671567675,256.522021780635,252.664722032047
2958,2958,29570,0,0,0,0,0,0,0,0,0,0,0,0,0,0,0,0,281.40564220005,239.699451072955,226.187929441718,207.002182942884,205.304089797499,311.379244198822,309.843299634763,278.32336654604,239.856124573373,296.468768296943,263.16593714774,259.599165676259,321.389822745031,289.241953672711,206.533657258426,285.8947432206
2959,2959,29580,0,0,0,0,0,0,0,0,0,0,0,0,0,0,0,0,283.331046495971,221.307765398447,222.103836366217,284.984704206479,206.216599309765,228.215352579339,301.369098754929,272.044223290105,305.106452116112,335.920801683787,264.030917820466,283.794947930455,271.013800566227,209.297897192224,211.637069249523,253.948244600305
2960,2960,29590,0,0,0,0,0,0,0,0,0,0,0,0,0,0,0,0,259.877799266996,253.583206384641,274.309331775033,240.502012553641,255.910340113064,234.374310507088,319.341621987445,225.374786798233,209.14682149513,282.228026199855,217.899507576642,204.396512337433,206.480558317737,214.137249533693,298.925902866544,237.821023476902
2961,2961,29600,0,0,0,0,0,0,0,0,0,0,0,0,0,0,0,0,301.073368577519,299.899446097501,260.392015982741,284.207404906603,177.239993241045,268.566382084967,295.725652540763,284.992933736391,276.915030466179,246.415623739633,297.539942965642,242.529234917496,154.689245208554,267.306445103801,290.097691406431,257.590345501161
2962,2962,29610,0,0,0,0,0,0,0,0,0,0,0,0,0,0,0,0,206.777381733963,253.208405857209,255.308868308011,191.334218248734,268.396310666019,212.689731829764,316.958101538725,241.946170192461,238.579927224572,221.501771677399,201.753280811732,242.592255091664,322.947673345337,221.649676871325,203.127549524917,261.955424532204
2963,2963,29620,0,0,0,0,0,0,0,0,0,0,0,0,0,0,0,0,211.140951067584,239.555696792263,279.799887775253,345.049496516855,289.613682871852,298.436375331203,281.00386252477,194.926637231654,221.680781689777,262.281662925349,223.654492257644,275.144703675179,252.100002914966,214.518832528984,258.647054202911,253.692422148492
2964,2964,29630,0,0,0,0,0,0,0,0,0,0,0,0,0,0,0,0,261.987755572362,254.922379702665,316.687593605002,216.887611350337,278.800908956838,242.834313822252,300.47291451295,214.053837683343,174.321799786327,253.827063504651,272.507441547429,228.826475843361,194.854171413346,235.777774726061,211.709927831276,232.840851456599
2965,2965,29640,0,0,0,0,0,0,0,0,0,0,0,0,0,0,0,0,205.590726877386,154.482023231808,233.883267292371,292.046447769269,184.563325236253,205.840750016226,270.67106268273,311.1790649147,241.104108746007,301.759904571351,203.934760741848,299.940806418722,242.58272888041,204.845230271467,177.972456132901,199.856567750106
2966,2966,29650,0,0,0,0,0,0,0,0,0,0,0,0,0,0,0,0,206.881912318255,258.078928554068,293.613461251809,283.287236753625,278.621789708917,180.76822595522,303.562620108591,198.736926266807,271.625871913539,257.122617471251,244.366217811135,289.773545904538,253.228793175944,223.020466415357,281.923338415516,265.658234849997
2967,2967,29660,0,0,0,0,0,0,0,0,0,0,0,0,0,0,0,0,266.461961599404,305.411590565518,254.447306125933,258.148372675399,224.461200562948,258.430030650192,299.262151993484,183.443587124031,254.705442953634,240.916666281463,219.217909543579,295.858048782701,224.668167041433,262.204989392682,258.441650171137,303.736939984035
2968,2968,29670,0,0,0,0,0,0,0,0,0,0,0,0,0,0,0,0,237.754681946371,254.314289240609,267.735658322582,204.323578109716,267.579893981655,232.111921930475,276.100277097754,272.829919701728,256.864953584621,243.567415373389,293.669440797264,228.10242890903,285.838802391267,191.823314600449,231.285944072135,208.220181336493
2969,2969,29680,0,0,0,0,0,0,0,0,0,0,0,0,0,0,0,0,244.898509256605,230.247074501613,257.743974157187,218.118618096641,276.135558974264,282.464397340194,279.462684753211,239.585654620961,244.585086515789,282.460320683826,268.807139793488,187.404291355355,242.229370015664,288.549025366693,258.609387796389,257.177798533055
2970,2970,29690,0,0,0,0,0,0,0,0,0,0,0,0,0,0,0,0,316.84659382897,267.911005080135,206.393394465746,260.742738972522,236.157842044488,244.113544313503,284.93825352182,239.155415241164,283.673893922284,212.52202162506,245.245251529605,203.01005101525,256.038798396415,367.908216825215,297.45700559285,236.394519817444
2971,2971,29700,0,0,10,0,0,0,0,0,0,0,0,0,0,0,0,0,257.493406337665,301.587569402465,250.720738212065,260.057348275774,291.186247279854,240.510317482361,272.993959745037,149.823113189117,269.020528680444,202.384427376496,287.992249093926,177.859469136261,255.280226150493,219.253612595871,234.557472271841,260.218881435086
2972,2972,29710,0,0,10,0,0,0,0,0,0,0,0,0,0,0,0,0,250.359437541961,245.207165493405,238.767019201693,255.214186313289,214.57116210476,282.796948929703,262.636674602862,284.637087669928,256.671347371249,301.597048503825,203.813274467402,251.095067694951,235.664002059206,288.696281884831,249.513554035908,218.200917783045
2973,2973,29720,0,0,10,0,0,0,0,0,0,0,0,0,0,0,0,0,268.31094744067,298.206897216152,316.994034770899,254.04567194797,285.504598087562,243.402896028983,291.706261471776,266.377513862773,243.820464171023,271.75885675472,170.940815170206,311.759722242507,301.762677941162,220.361288531565,307.238120672704,186.288458509072
2974,2974,29730,0,0,10,0,0,0,0,0,0,0,0,0,0,0,0,0,218.935773850411,243.306153023364,268.330029778534,206.198135079844,241.468797754367,237.807489965429,272.14545336975,302.474200953481,241.783441244758,235.841560314808,209.38057580807,227.862984388106,241.74289060146,225.456126214993,306.18813149756,242.655870091147
2975,2975,29740,0,0,10,0,0,0,0,0,0,0,0,0,0,0,0,0,196.727711198059,276.362733514575,248.645663559861,268.574155824432,210.986437258035,267.248837910756,282.789967837426,230.193077552436,260.271067918683,310.861997213668,339.626885391851,324.820444777929,238.799307474828,273.5603039068,250.200962605939,262.564817238241
2976,2976,29750,0,0,10,0,0,0,0,0,0,0,0,0,0,0,0,0,199.884806591616,301.902859294839,250.099626182052,273.721101563468,170.355664513397,198.59862164513,310.991492772613,232.882253165403,259.083116660182,256.138237172665,248.594261522249,262.062772511364,297.236163263169,221.828255515826,285.820940140731,260.031505839651
2977,2977,29760,0,0,10,0,0,0,0,0,0,0,0,0,0,0,0,0,309.342237614606,176.345421367682,239.1569704555,260.42413803962,196.585870663512,316.549365958753,316.044197980437,240.390457083971,314.538877696534,222.13498807663,307.545704199341,314.755054227516,238.13387676584,271.341724970565,274.270142159136,212.328770859502
2978,2978,29770,0,0,10,0,0,0,0,0,0,0,0,0,0,0,0,0,292.176587565939,233.604495410345,236.922407045728,232.124328396299,287.911495663047,182.943140376013,312.434673840334,313.621558186405,208.156796287457,249.137956178399,300.454125426628,179.593245681199,246.54360690507,267.212877732967,262.131641250398,230.620109617971
2979,2979,29780,0,0,10,0,0,0,0,0,0,0,0,0,0,0,0,0,295.413233025684,206.25180656898,203.239813103555,321.727466911283,214.293970639323,295.534692664387,324.324444441817,221.780633391275,299.124151769993,239.402688736321,289.914348854919,180.120961614154,241.19188812763,189.61657542449,257.25634090626,225.890353282036
2980,2980,29790,0,0,10,0,0,0,0,0,0,0,0,0,0,0,0,0,239.196354341338,318.248947000796,245.29526837014,260.6735660873,286.161243060266,277.979336933053,331.179561053074,252.269207512641,237.26583331431,234.5088141046,211.962880600537,306.291640634958,227.104864252764,258.740126597772,234.731075032561,303.991673611364
2981,2981,29800,0,0,0,0,0,0,0,0,0,0,0,0,0,0,0,0,240.572152528725,250.185317674019,246.799938711176,277.354877508275,262.463554223505,261.386422178732,325.481801796497,298.666152495623,272.95307379372,206.029585236983,250.151128338729,268.000165402516,270.592434019572,281.196398212048,271.249802920518,260.352651913468
2982,2982,29810,0,0,0,0,0,0,0,0,0,0,0,0,0,0,0,0,254.179663283179,248.814905328234,193.661691204814,275.347315153259,227.947902022517,180.65019180785,365.456072895756,191.25645567877,238.844411387379,279.795394737245,252.527782146088,177.051018004813,177.322000255712,318.247206985655,205.267071086028,206.724143399173
2983,2983,29820,0,0,0,0,0,0,0,0,0,0,0,0,0,0,0,0,276.662864888486,224.493518655293,258.410734418191,258.620430687108,179.128809391515,205.652725669651,352.513988859719,248.895709156342,176.426415259853,263.310000099307,293.955072151042,295.994111508178,190.830711105338,210.866032937722,213.214581802087,224.988755241887
2984,2984,29830,0,0,0,0,0,0,0,0,0,0,0,0,0,0,0,0,244.6711464701,282.358934227417,252.738979627892,225.759127849459,236.271833710416,256.461309654549,331.075905635163,248.999732827856,299.884386354048,264.929140448219,263.470554705912,207.849257941822,285.454449883547,290.804093353212,212.402252052094,236.726849508551
2985,2985,29840,0,0,0,0,0,0,0,0,0,0,0,0,0,0,0,0,248.447782785459,281.736113212425,239.178387876749,231.084565551742,226.665571081589,259.113768014369,316.424287467752,223.235232124537,318.21498342501,252.951034622451,268.043210014332,266.529172349968,244.567910407513,223.375859509413,230.69282555291,261.006910419443
2986,2986,29850,0,0,0,0,0,0,0,0,0,0,0,0,0,0,0,0,213.348979700745,264.960679368121,175.832361485115,208.595825531101,280.5416283985,280.126297708923,341.421614738606,291.333026253707,239.309752075957,252.767086503301,245.402205203747,227.228456184881,230.99081563084,238.438078411279,336.034594454885,192.714234097913
2987,2987,29860,0,0,0,0,0,0,0,0,0,0,0,0,0,0,0,0,254.855205714948,155.734944478254,220.525528737077,290.335413068574,229.319309710779,206.291317981323,327.536920813984,254.563486361124,259.481405397332,294.77972366528,210.581615923361,210.252923175037,200.458947632956,297.305803974037,239.842544823821,259.426774792357
2988,2988,29870,0,0,0,0,0,0,0,0,0,0,0,0,0,0,0,0,308.606889889066,203.141665493561,299.300298860444,216.980655232402,206.552319024924,311.795044686275,312.466486755762,239.032502980271,274.908390224922,270.850286043597,263.977786715996,225.970018136776,249.90566157242,304.228378858728,279.936977459264,213.500878723463
2989,2989,29880,0,0,0,0,0,0,0,0,0,0,0,0,0,0,0,0,269.547291554698,199.709821918806,234.877770865064,322.93686590938,223.517782074475,187.786955397067,334.211952413673,274.553443904281,256.900551543962,306.153420467003,202.356471558338,267.01196010033,260.790062505648,283.475637542272,266.012739905241,218.715116553481
2990,2990,29890,0,0,0,0,0,0,0,0,0,0,0,0,0,0,0,0,246.902231388447,220.457527395192,168.873947504668,324.754367801711,254.951706309005,256.811029663216,312.428019084943,306.052439337218,285.07847009837,258.345808428483,247.914236987722,246.013614538901,242.66244474699,236.447903264811,156.753355145241,289.898992328582
2991,2991,29900,0,0,0,0,0,0,0,0,0,0,0,0,0,0,0,0,224.828973767892,254.949929752778,299.078045343882,201.633827370783,228.608759304927,183.205728814432,281.618653413604,245.241781764139,274.535549664349,275.94571104477,325.29653667975,233.561355932084,244.085014437169,215.718399052042,266.811496820006,253.495997905237
2992,2992,29910,0,0,0,0,0,0,0,0,0,0,0,0,0,0,0,0,262.45926269698,256.376911776771,229.887123540277,225.64869358705,221.577454686676,313.467674313066,291.93466037367,267.354341748097,223.280309002153,238.274903254085,226.949690483008,263.732358058518,213.851675229977,216.06239762098,300.057178103949,252.915016344422
2993,2993,29920,0,0,0,0,0,0,0,0,0,0,0,0,0,0,0,0,241.251553006043,299.133368395686,247.962939994252,278.31027191825,199.379259721301,211.097580114143,286.230955740829,277.636835185947,283.62630687678,265.309583832749,231.76276118149,222.699612939788,299.472221733493,239.047627599775,298.825103857939,246.032567862719
2994,2994,29930,0,0,0,0,0,0,0,0,0,0,0,0,0,0,0,0,231.678556155381,277.262936639911,246.223251147485,238.558894716389,289.933853213078,271.866914331553,290.831027668984,203.186451637793,264.560305338025,296.147954797648,244.941817710327,237.199057972255,290.918935608776,243.680256849357,232.895949067749,232.919993118152
2995,2995,29940,0,0,0,0,0,0,0,0,0,0,0,0,0,0,0,0,234.269793815853,244.952111377788,295.652719812715,300.388103463516,235.702859371499,235.843165343232,300.47132597665,287.402133106237,218.628822975975,238.818118962556,214.865068906632,227.531118125497,284.136714165942,301.235985121174,274.152803256253,276.384437725423
2996,2996,29950,0,0,0,0,0,0,0,0,0,0,0,0,0,0,0,0,257.607334527752,215.924206987111,278.617623202915,321.139706256547,289.243995611187,246.692295991873,266.756932738071,249.403695191932,288.693039709296,335.804298666168,230.018369654539,256.011420734691,190.791545410314,226.820410563769,242.834430360533,285.634932090949
2997,2997,29960,0,0,0,0,0,0,0,0,0,0,0,0,0,0,0,0,172.462615653096,258.107047784501,219.462000734889,208.263964069287,226.476625134062,214.589366585626,274.916845510696,365.407574282494,292.279017152929,277.769400932519,236.829053060581,286.432216336131,212.503067259213,266.09137275231,193.320880670989,254.886559185534
2998,2998,29970,0,0,0,0,0,0,0,0,0,0,0,0,0,0,0,0,248.57925576493,257.93192812291,190.95429352603,330.563256492859,282.287034648061,339.126517726504,264.215256266538,244.14399567928,243.668414404127,259.506320731419,207.61634702564,215.72701444835,260.003888164181,249.442614287693,282.743718074087,292.94517265765
2999,2999,29980,0,0,0,0,0,0,0,0,0,0,0,0,0,0,0,0,215.948846649816,255.790562634213,261.842611889176,249.844042926052,251.801212614944,221.941201209516,283.840320670261,281.071191013498,220.991504640872,243.164694741056,286.377370577212,305.31165859851,333.558631633381,273.302116952131,372.664065796634,256.868732726471
3000,3000,29990,0,0,0,0,0,0,0,0,0,0,0,0,0,0,0,0,247.025405753055,254.310992748259,242.819676956394,281.585773175667,260.857692083886,215.32500253044,290.231269299446,227.520684050809,300.141137341369,262.034354900958,257.713271181464,183.154367349647,291.509313467871,214.009078410711,208.269549375409,239.076414479919
