tick,seq,t_ms,u1,u2,u3,u4,u5,u6,u7,u8,u9,u10,u11,u12,u13,u14,u15,u16,y1,y2,y3,y4,y5,y6,y7,y8,y9,y10,y11,y12,y13,y14,y15,y16
1,1,0,0,0,10,0,0,0,0,0,0,0,0,0,0,0,0,0,264.183062578294,258.174172097934,221.772709362632,250.963243036974,298.509185683978,291.982553006987,255.902096222402,241.340652584799,242.48790654613,235.379289119449,313.11195575498,249.282393030534,211.92621782413,259.618309075857,237.510174058525,342.417115237307
2,2,10,0,0,10,0,0,0,0,0,0,0,0,0,0,0,0,0,215.790349349534,265.305839673238,236.992158573759,258.149907517354,260.09323084631,225.252319219477,250.045176583591,256.854132839397,258.597105710088,294.48633158428,280.72517204283,243.963497486079,205.174784253446,241.967005824145,260.93078670635,202.771106279371
3,3,20,0,0,10,0,0,0,0,0,0,0,0,0,0,0,0,0,173.914789770348,278.970485668441,214.101171665446,271.558576540839,208.09922370145,326.780246076913,254.222704765645,209.076126657415,244.783024297229,200.947767453201,281.075073887607,269.040240977467,159.611792901749,255.177752198793,299.435884784404,219.639167895064
4,4,30,0,0,10,0,0,0,0,0,0,0,0,0,0,0,0,0,294.18141516561,275.222758508868,229.440399476457,258.211396956716,219.206022039263,274.868715500794,272.014285500544,213.521955078577,269.769636257532,273.186741761181,200.243079282053,216.971698305961,263.434877570941,266.116397349148,209.199887208218,252.531920419623
5,5,40,0,0,10,0,0,0,0,0,0,0,0,0,0,0,0,0,204.700383554692,321.827382013603,313.481745871133,214.421442706839,270.97992831117,235.50077071654,273.580898219823,210.875522801962,245.921279844184,247.329457056018,309.342600998612,211.136105607131,281.833734689138,338.138379202611,246.961495345354,210.305810393271
6,6,50,0,0,10,0,0,0,0,0,0,0,0,0,0,0,0,0,248.374018582715,254.218309960702,278.14765252908,247.404108143946,201.620025652908,221.93307703858,267.103741145172,240.152339404083,248.608443861928,270.940400930482,290.830513865841,266.324327267326,267.227344453488,246.178194045814,303.836433354999,265.114857392943
7,7,60,0,0,10,0,0,0,0,0,0,0,0,0,0,0,0,0,231.593716599259,308.3442822281,290.517055267034,329.251270632995,168.224481210412,297.894338309289,301.383165588413,238.073412789559,251.529476176775,276.476383422102,226.949078724975,275.0165270123,230.789942936386,318.044216119091,285.434043164098,241.379304197127
8,8,70,0,0,10,0,0,0,0,0,0,0,0,0,0,0,0,0,254.041201073316,258.964598361334,253.97333580951,269.77948789829,197.53603279944,227.460386436214,289.529478606326,193.736352355208,254.790707698589,233.985499546179,264.17707003664,306.530732550221,267.20760664604,186.705253715771,300.258129573246,303.493377739402
9,9,80,0,0,10,0,0,0,0,0,0,0,0,0,0,0,0,0,295.288308747182,217.30037384911,267.602414398244,272.942422421323,209.327444458233,233.096970255646,314.395676620491,265.498855265742,224.120708925422,256.994040522192,330.907841981624,242.041056536051,236.97480155328,236.339369255938,240.437134759257,258.505081510595
10,10,90,0,0,10,0,0,0,0,0,0,0,0,0,0,0,0,0,233.983550776835,260.492475097388,241.15622687375,210.489031261878,235.18723298555,291.98480989176,329.082837625037,218.398166960592,204.019576316843,239.042562750977,211.706443939575,285.152919434714,292.608296830171,253.099648988648,270.398427002113,290.394600899263
11,11,100,0,0,10,0,0,0,0,0,0,0,0,0,0,0,0,0,279.552464176481,323.679494901208,255.914870004458,230.693631739472,300.614872155918,279.965654964919,329.74355972496,246.621247712033,225.677293848411,180.3278835086,256.547773848528,230.438826727516,273.297628111706,255.266849207507,187.405853132439,209.815384948166
12,12,110,0,0,10,0,0,0,0,0,0,0,0,0,0,0,0,0,196.739978703004,272.192369104444,300.958590804205,274.02367989269,288.959373618302,235.801019757522,333.460070143133,221.288041079264,224.00779574624,201.091866513236,227.469345453778,221.113294439948,251.907063753845,246.541034141594,233.329427420162,208.072883513017
13,13,120,0,0,10,0,0,0,0,0,0,0,0,0,0,0,0,0,280.082036494316,227.545027441149,261.623165865593,182.996180997488,251.424723569469,237.655743467428,323.876747150443,269.717146582485,297.515305904634,222.412839893911,181.321613366408,249.418376356973,263.347728176036,172.960180508935,245.36936427429,263.073678050955
14,14,130,0,0,10,0,0,0,0,0,0,0,0,0,0,0,0,0,240.835253847639,261.549481931126,193.432485826473,230.846206276436,232.756217019032,257.392720233609,356.835533316846,194.219748818803,301.84590371972,273.591912593572,215.298530591855,250.851512109368,272.200479259259,297.749950731244,243.290545086562,254.750614558296
15,15,140,0,0,10,0,0,0,0,0,0,0,0,0,0,0,0,0,197.982067947606,251.222099226001,265.411832582398,256.560587921127,212.619546373023,285.746965279738,371.885306035969,253.66839848972,281.734292722896,367.649208606656,285.462243489154,246.2627259634,276.393833413581,202.762477109207,199.607403450339,238.240879800698
16,16,150,0,0,0,0,0,0,0,0,0,0,0,0,0,0,0,0,232.38393090238,205.296881157999,198.777657525889,270.574404148314,145.374143569025,228.55349200573,359.190340655117,207.026473586474,243.098317263515,276.05492880819,252.720471901187,207.354474560546,194.938221437339,267.499552545942,167.88380063947,295.638085717846
17,17,160,0,0,0,0,0,0,0,0,0,0,0,0,0,0,0,0,307.098798171171,163.976418183219,254.98442068857,241.574738341403,315.638854046292,276.427710381306,382.083617695343,189.49572153564,254.984750327859,258.111486312834,282.406498264099,273.053894793447,223.436590737135,273.495067193261,256.750763842884,272.04933935824
18,18,170,0,0,0,0,0,0,0,0,0,0,0,0,0,0,0,0,248.821256682794,241.022395904655,223.945056423703,217.15651878206,248.677747117051,226.732155217365,372.916113696007,331.826352008932,251.363834895661,215.792308716056,331.395525317639,195.270594282419,317.784723802354,224.442487175637,246.479768421114,214.678824706833
19,19,180,0,0,0,0,0,0,0,0,0,0,0,0,0,0,0,0,302.818810281316,297.203806277317,225.827121744571,257.123463873279,299.442842825301,122.547179079726,364.838449323054,224.505368076867,332.860891654845,318.44695303224,270.873690977092,208.774767857485,228.894262218578,225.20226881182,185.297893880721,210.726683241292
20,20,190,0,0,0,0,0,0,0,0,0,0,0,0,0,0,0,0,260.268611977461,260.23456871518,246.52056814518,231.12123387509,261.99128453948,224.105091289718,360.784066089124,246.502705338954,288.879311119189,225.605014078669,229.667106222575,286.747058230942,282.779917083024,237.316436009553,233.236529130126,310.197060308513
21,21,200,0,0,0,0,0,0,0,0,0,0,0,0,0,0,0,0,254.242093232903,199.95774941225,242.575651411155,258.262323570456,240.175715083777,206.113345433624,361.244170147063,300.303154886595,197.11455541495,219.071426263971,254.875908735629,153.397124641395,258.915335450338,286.777943027037,300.928223445831,254.321957489814
22,22,210,0,0,0,0,0,0,0,0,0,0,0,0,0,0,0,0,227.991669129365,273.000497678195,280.002550486658,249.600827588121,280.614597871195,250.939130691682,329.39917893548,221.182151808424,264.192286369072,294.118224716042,297.513344338151,257.240352244142,232.103929232487,312.770234501098,243.211702902493,214.305077121007
23,23,220,0,0,0,0,0,0,0,0,0,0,0,0,0,0,0,0,223.211437665595,294.29647702772,287.376945622352,312.069753094004,247.308126488005,204.572909487424,336.621443574615,242.370890748912,268.783158022466,233.59948145103,302.161250193598,269.789778334666,284.596260331867,261.669879661809,181.306288882341,234.143601537917
24,24,230,0,0,0,0,0,0,0,0,0,0,0,0,0,0,0,0,227.858274056649,260.075703852004,235.266167206562,173.161074578523,180.346731990743,245.470534895568,334.605230207136,271.265542273654,196.263233174183,316.93023563457,237.847165927755,243.413526579893,272.186098578784,262.486715978475,254.312302922726,242.880202332169
25,25,240,0,0,0,0,0,0,0,0,0,0,0,0,0,0,0,0,162.400606506029,261.442378292746,266.300607948381,259.304559662617,169.059763205082,332.487906688668,302.143373335826,225.216069511248,244.788427429028,245.607486068938,186.323477218967,238.902886883443,217.187725724977,212.168939442158,295.3754205068,206.392300436577
26,26,250,0,0,10,0,0,0,0,0,0,0,0,0,0,0,0,0,300.011951805717,198.948187332077,236.499864302662,218.729803545809,222.826904507469,286.481021077519,315.070752865775,346.472656004185,244.908244973186,199.089576221283,274.513898334277,237.256206323397,185.833240675699,239.088771598131,285.868760880488,216.433030223124
27,27,260,0,0,10,0,0,0,0,0,0,0,0,0,0,0,0,0,243.197696416817,183.638084768936,220.905366629764,270.394673443785,225.979582256504,280.083493270483,309.217641441407,265.411099960316,244.873508155607,268.889735825468,283.834544015701,245.011633965413,219.485556142978,197.04856109587,267.103308368824,261.51396709986
28,28,270,0,0,10,0,0,0,0,0,0,0,0,0,0,0,0,0,315.0368323862,325.722176706122,257.883843222722,310.053255388989,198.264786057468,287.469762102183,335.046433328029,276.419686848122,219.336071741097,289.298957897066,258.883113723156,255.248284080012,213.790169638045,254.065962257581,248.126293924643,224.929191216489
29,29,280,0,0,10,0,0,0,0,0,0,0,0,0,0,0,0,0,264.896712461852,208.662969932511,236.225983564754,292.429787955244,215.053013211335,185.193494097452,301.238264547934,252.974325968578,160.771462617344,282.883234335586,233.227772584588,237.864657146604,286.778346685867,234.470332022034,289.921931222967,271.601406102315
30,30,290,0,0,10,0,0,0,0,0,0,0,0,0,0,0,0,0,268.500952565151,249.685029825213,238.822043004015,249.750759914739,304.415743221455,296.887249078366,298.9705704243,282.21102678771,280.67717572632,239.540094259224,200.784938810707,288.431826459453,270.037782439186,282.074358794939,199.384428408829,228.753113516124
31,31,300,0,0,10,0,0,0,0,0,0,0,0,0,0,0,0,0,283.067730881257,232.32764413069,259.145631487205,244.276440355012,299.364234716526,211.656440915815,296.479706070688,256.354598748471,187.907265599672,166.847263689639,226.472649233693,333.550505063163,209.993020329867,259.911797198854,216.99943662013,275.550020033243
32,32,310,0,0,10,0,0,0,0,0,0,0,0,0,0,0,0,0,268.450565642687,239.37662238899,241.407663858346,312.174839425162,214.856785758941,305.701274317821,334.858992322874,225.794022787202,268.948942724118,266.475207435584,291.961998983441,269.806595203659,294.827445065276,290.083803559526,247.294500267418,174.111011477028
33,33,320,0,0,10,0,0,0,0,0,0,0,0,0,0,0,0,0,198.68860887973,288.549537730283,285.559427075817,215.109479139936,210.022630993514,225.423694549135,336.422920161118,317.562016653728,201.855986856156,229.272203433523,280.235743734696,252.175544962027,265.396223376543,323.051308576175,296.886513336558,229.120284351318
34,34,330,0,0,10,0,0,0,0,0,0,0,0,0,0,0,0,0,234.539977349009,229.081252577425,231.761884219932,207.387403570968,210.19873817838,189.237421403396,346.868814021032,183.533900784383,245.071114828576,280.287652058336,287.051230197354,195.964242472138,288.593836293918,256.334558131444,286.764913164434,224.786992070286
35,35,340,0,0,10,0,0,0,0,0,0,0,0,0,0,0,0,0,258.900114076695,322.267696645504,204.168253760134,284.407092086769,293.425421267709,238.608657690897,352.960647430252,215.139934586405,191.648171522781,213.417846673261,207.896780493005,290.297219700171,278.105481419161,293.402335063708,234.663496896,235.95483526314
36,36,350,0,0,10,0,0,0,0,0,0,0,0,0,0,0,0,0,229.594801036393,204.385901565086,155.121488258976,281.045375504213,301.811491335014,255.536410541651,368.256142537366,281.745960526902,313.417104228458,272.827410260414,195.81277856836,271.089327433824,269.638100573211,277.319901127628,226.013497553791,198.661256545864
37,37,360,0,0,10,0,0,0,0,0,0,0,0,0,0,0,0,0,273.833035801466,282.361964263243,249.170596301563,234.521346498811,238.335876330661,198.474396761131,375.15123357848,293.650806223755,247.432119536389,287.528275499818,253.592220557778,314.761973096608,262.668103636422,301.674099662459,166.83565944677,296.625542046847
38,38,370,0,0,10,0,0,0,0,0,0,0,0,0,0,0,0,0,285.946662408867,247.659424774054,239.990873273542,259.375719073986,240.56317146163,221.935504225534,384.854098724507,229.039746300201,280.721716980086,190.485074719543,251.886785130096,224.875003780408,245.799138022427,252.17934674603,235.486195862664,297.407504137621
39,39,380,0,0,10,0,0,0,0,0,0,0,0,0,0,0,0,0,296.309351261668,252.203130139636,266.506609944252,300.453646281821,238.893238789218,216.376903119539,394.374603341824,260.300844673188,244.624841672048,303.246831870457,217.813547917178,230.008477868077,242.341021099837,295.498194764715,270.188697886677,256.74605626008
40,40,390,0,0,10,0,0,0,0,0,0,0,0,0,0,0,0,0,227.582793685877,289.043185056851,263.13967875369,290.544087441029,251.512907366243,258.451409319665,387.641127704139,235.639667684106,279.650516723379,240.968264846519,233.323179688631,235.051674779391,240.969016049731,268.137401882199,220.681040382562,288.576740115348
41,41,400,0,0,10,0,0,0,0,0,0,0,0,0,0,0,0,0,282.208398496246,233.829328833966,253.753449599764,283.151142957407,210.861331862501,218.664437677029,390.064789135005,303.668394079641,233.056026448489,276.146226372225,273.800567147243,266.680327155613,230.868223546369,212.205670810222,233.137388507853,205.523486852636
42,42,410,0,0,10,0,0,0,0,0,0,0,0,0,0,0,0,0,278.541985575895,290.474133249665,191.971149838773,257.371218778243,209.046866297245,261.383385464202,379.4719878064,244.346460355688,289.221528291786,216.308746170562,282.19875861036,190.766766557281,292.786262691906,285.000563605866,222.498675247716,254.422039003434
43,43,420,0,0,10,0,0,0,0,0,0,0,0,0,0,0,0,0,297.706613822561,222.809177661746,259.089600813126,273.545527977642,223.991372984636,289.597110909398,382.951644851194,218.144330000607,212.145768116481,192.795027786447,205.290609873949,163.042730588332,325.458796508901,258.848015562841,279.130696223495,213.659214785404
44,44,430,0,0,10,0,0,0,0,0,0,0,0,0,0,0,0,0,253.257645945062,320.449382140327,191.527912194717,180.303395337053,247.185485676251,270.45519819927,386.836130039423,269.899035515953,305.628486155405,216.718763455992,235.076386645484,256.21857102882,235.862359951704,313.792393926849,209.626843268712,228.489497189475
45,45,440,0,0,10,0,0,0,0,0,0,0,0,0,0,0,0,0,239.01421866006,251.390118959977,243.10713486246,284.578954643075,238.085165294012,229.623060493105,413.042859185836,331.677589522088,231.45132440514,178.157372055103,227.254364360617,278.894468728782,202.427390283313,257.000291027667,152.403148010789,235.409468974104
46,46,450,0,0,10,0,0,0,0,0,0,0,0,0,0,0,0,0,294.973288976448,207.785096024152,236.387596162911,248.467178647928,227.881971625555,255.618207315922,407.664689099934,268.427984582315,249.145119167783,283.303842637131,180.807422024569,223.296963255301,248.178882823716,235.216734157058,204.640763410531,254.610353846638
47,47,460,0,0,10,0,0,0,0,0,0,0,0,0,0,0,0,0,282.519822056843,276.356482152178,216.958268939711,241.95698524701,233.365607395085,292.253684208846,379.100958417913,213.560374016853,256.284874168376,272.434553160687,276.885896445763,205.328131410909,206.843139013783,252.57646327083,234.424859130022,292.727647908392
48,48,470,0,0,10,0,0,0,0,0,0,0,0,0,0,0,0,0,247.087570467922,261.43071470665,202.224043943559,275.087075261698,198.388206762504,265.132622938997,382.518749005325,235.005938843746,248.030992125979,167.006320926014,260.298132330307,245.804099908668,272.856298233075,206.123391570062,182.59760200808,290.508484687418
49,49,480,0,0,10,0,0,0,0,0,0,0,0,0,0,0,0,0,256.046656905521,262.680813855956,256.433753148745,248.091437372183,248.155175190428,195.384651605993,386.046499075721,264.244878508855,251.425185968248,233.521517315281,277.610571622678,244.414514926981,292.145281328248,224.032008223152,291.841547796412,183.300607501274
50,50,490,0,0,10,0,0,0,0,0,0,0,0,0,0,0,0,0,283.942707451199,268.452411928408,288.846981874097,291.214492377819,249.715916760802,253.534330418805,391.811967436482,235.818160867579,309.34512341016,213.4202846218,207.755525528661,290.450650119662,241.604153698404,212.321735743956,313.924850184214,272.273715172994
51,51,500,0,0,0,0,0,0,0,0,0,0,0,0,0,0,0,0,298.00623184107,253.209486497819,178.180094866116,245.731569390483,305.315282970204,270.311365936151,402.65650475612,238.983038505858,231.547879647807,323.564655979585,306.026120554804,274.723226306052,290.167874232683,206.690079244339,220.354635656837,262.317651017489
52,52,510,0,0,0,0,0,0,0,0,0,0,0,0,0,0,0,0,234.803676945666,263.828041790135,269.370565489292,266.257649063537,196.559226151077,263.466157139519,401.746199770597,160.048605136507,288.155995961727,266.601919881912,294.61423433462,280.679412617965,237.557214642751,229.030280295514,214.697698579845,221.250195091121
53,53,520,0,0,0,0,0,0,0,0,0,0,0,0,0,0,0,0,286.465860702736,233.592438884543,298.345721594621,235.567268475926,274.774641555856,233.358304106753,408.271863418388,246.222789378184,265.552518597357,214.291719561682,254.122849674896,246.868795483758,219.070255399828,200.039747073612,237.107391389403,238.281389411957
54,54,530,0,0,0,0,0,0,0,0,0,0,0,0,0,0,0,0,226.467073465032,169.539657810352,295.167784711799,314.318335683433,270.851567885856,226.264626821814,401.891989871287,218.788728148452,268.327598838596,230.423238603246,334.513506682111,173.476421251731,180.085607665544,200.093247989155,274.180416479231,203.261350001745
55,55,540,0,0,0,0,0,0,0,0,0,0,0,0,0,0,0,0,240.09975566902,262.360124703567,248.638397112039,330.277990452098,259.618386875566,198.123533890604,368.926925724301,230.340044823625,241.604218441223,229.968560480017,297.633412252069,198.516963637772,277.835067965018,201.319746100231,255.282745371844,262.333960575354
56,56,550,0,0,0,0,0,0,0,0,0,0,0,0,0,0,0,0,280.547521450519,210.132171745625,255.831538720998,204.723882363552,219.554518134501,234.653181653717,385.395269849947,242.151261102857,228.568357481228,171.191623666447,261.739190215292,247.241544185888,273.725207546482,264.595561156369,239.935311998607,252.295364584013
57,57,560,0,0,0,0,0,0,0,0,0,0,0,0,0,0,0,0,202.771163562615,267.516470365261,233.687691925293,246.754831556747,214.529444015017,261.596219023633,356.608537310162,255.693873145823,265.406293123308,302.988122027302,296.057933043687,287.416719996632,287.290802913994,220.489338649007,239.741575239842,239.043376345875
58,58,570,0,0,0,0,0,0,0,0,0,0,0,0,0,0,0,0,250.63809714547,250.906261258068,214.544840958048,250.220334635558,253.211061889827,289.366301446382,350.066758846027,281.890686794975,283.298743080437,237.984130147614,233.645172932974,221.307596215989,330.840452605226,273.677285790265,232.667827648547,233.538821010286
59,59,580,0,0,0,0,0,0,0,0,0,0,0,0,0,0,0,0,364.782771513281,252.468192570388,216.351074749564,255.249885802154,247.793044705877,279.438568677768,361.780553719874,206.559583700229,291.176254266043,242.742228981433,341.766266687434,193.332465640657,197.360103051173,292.218298668095,234.882520421369,237.255565158129
60,60,590,0,0,0,0,0,0,0,0,0,0,0,0,0,0,0,0,252.113889777567,176.083939458847,220.290134397779,277.806052256738,297.420404944877,295.45024530945,343.986896813264,244.328716735798,227.29817861721,215.672440982259,221.483929969985,300.100489637017,190.680965161674,219.615057041304,233.807550220116,225.1234665937
61,61,600,0,0,10,0,0,0,0,0,0,0,0,0,0,0,0,0,206.338299029582,246.511306377435,257.362266891295,281.528661833675,243.580717239781,247.608039363894,312.913287459396,269.807664908262,175.57567960317,259.476000100386,263.609795486291,253.411837952293,244.786476216678,264.384764134951,235.280958648829,268.822722385228
62,62,610,0,0,10,0,0,0,0,0,0,0,0,0,0,0,0,0,238.565956986034,298.273779589092,202.308299670644,244.614344077172,200.066967666305,231.284790159925,309.298977792281,220.244927139856,235.382674309097,195.681815579452,217.908948588387,268.316559038338,238.489488432397,219.139037731086,270.391407958904,236.391601906913
63,63,620,0,0,10,0,0,0,0,0,0,0,0,0,0,0,0,0,277.677943044958,253.264672851735,285.681286697868,306.310328918877,301.53101598808,234.72967392279,321.689635115931,239.516612019413,271.750607936448,321.1634137357,186.763982849773,275.850956455285,248.302590786486,222.61878097618,270.873750085707,282.632178991839
64,64,630,0,0,10,0,0,0,0,0,0,0,0,0,0,0,0,0,300.112598262182,247.871821085389,260.852868977358,175.920759646778,261.73255964462,265.070362215644,328.87791307542,255.678943319137,208.279862440929,288.780301953382,262.522982946478,260.945648867147,225.819856475962,293.358361122477,280.850688708445,265.266904410566
65,65,640,0,0,10,0,0,0,0,0,0,0,0,0,0,0,0,0,248.33285977378,211.19095148793,232.799616013106,239.84015864604,191.176235698292,242.10208166672,324.613436521527,272.068767511264,269.306476724073,209.300985532903,296.085195288455,280.622188888558,191.364390868156,294.34786616735,214.173364762452,212.99987047309
66,66,650,0,0,10,0,0,0,0,0,0,0,0,0,0,0,0,0,246.259007988723,271.145202506444,198.428369769794,229.166268334317,231.824316532666,185.786351614295,338.871158319886,274.860174352843,290.875365077611,252.220308421335,222.035170631827,235.302816785983,214.036105699372,271.437677028496,230.898989928092,207.049725120803
67,67,660,0,0,10,0,0,0,0,0,0,0,0,0,0,0,0,0,299.538101356584,216.423052930499,291.493959292052,248.560551949259,219.007667451442,284.934752846583,324.857634165311,264.909664936673,249.383727826806,255.059405464243,247.309756453167,277.484054076508,263.140324203681,219.34435302126,260.064016886149,223.069086663789
68,68,670,0,0,10,0,0,0,0,0,0,0,0,0,0,0,0,0,193.11403653415,258.399237858614,285.43895748922,243.122621845166,324.568025403596,220.269292328015,359.855840899845,232.726092463593,200.716372505511,272.588197461052,231.355705745724,215.420204300786,264.101592651705,254.805889748399,232.639925985137,271.601846950842
69,69,680,0,0,10,0,0,0,0,0,0,0,0,0,0,0,0,0,269.531192610746,214.655552971148,240.741124580957,279.876189077366,275.528957237045,284.282670217068,342.35600007635,273.466989237713,264.943222493007,358.326846347133,301.811197527378,237.696953933031,239.851574508267,245.795883918924,234.996831674725,270.013941701084
70,70,690,0,0,10,0,0,0,0,0,0,0,0,0,0,0,0,0,261.726932271264,253.371033595624,301.110782338153,293.879646988145,313.695933908037,266.051830766441,371.339721013699,276.080255867662,241.568371162891,162.803218073303,212.088137761123,209.354955635132,298.60146200014,275.007983140565,257.510246320842,204.022570139643
71,71,700,0,0,0,0,0,0,0,0,0,0,0,0,0,0,0,0,253.60867263439,283.720403553948,206.231004612851,277.246914408941,285.631756817349,160.308888291993,363.880677547204,304.315334519678,277.412173609421,271.770854650175,256.195938033568,326.435397653396,192.991000156115,275.671058121839,195.639738173744,236.757212058759
72,72,710,0,0,0,0,0,0,0,0,0,0,0,0,0,0,0,0,233.50705396123,196.565426948258,272.212639262146,188.963604445082,319.398078684807,238.668757703323,378.413165709524,257.390423489646,262.806740923658,276.099567387733,208.320045006396,286.325077089519,210.712971719253,169.565679804896,309.384078118044,297.360575959293
73,73,720,0,0,0,0,0,0,0,0,0,0,0,0,0,0,0,0,250.182376880095,277.283463335685,296.670939246341,289.580803309651,224.691463523632,167.903376161736,363.711288611596,122.235236732962,286.205128249512,243.566527993261,226.192099859722,252.746960506352,163.530405231605,310.476011113781,231.927900011348,235.226609296579
74,74,730,0,0,0,0,0,0,0,0,0,0,0,0,0,0,0,0,322.355129886808,236.803956749964,251.15827482043,243.164040129117,281.075643820349,259.002255405481,359.096758673438,318.956704067082,258.965430185816,279.565653984224,290.665793431917,252.865573240989,298.076949550364,190.558569200273,292.618017300393,238.489669229626
75,75,740,0,0,0,0,0,0,0,0,0,0,0,0,0,0,0,0,228.935150316202,260.362025643515,257.866457656854,231.112430702802,248.602931766972,257.328634607923,343.130692713547,297.832773567247,196.385864007227,252.338091192756,301.86671782554,304.252586984311,256.428034989734,269.629529723934,252.806572668894,217.552177296709
76,76,750,0,0,10,0,0,0,0,0,0,0,0,0,0,0,0,0,234.632123796137,300.505732683607,234.803676006661,229.657248870262,225.118790860362,239.660496625941,345.817099968535,280.066440835387,223.139941223537,264.71715362936,296.970415147585,212.990836994607,256.874602448481,218.182820832056,237.700489898835,265.101440964124
77,77,760,0,0,10,0,0,0,0,0,0,0,0,0,0,0,0,0,305.883566920249,250.207042775127,258.790080957739,157.792137187717,249.650472079605,251.263647694959,347.364122727876,220.317862343385,236.616968839828,243.642105217648,277.522496600345,235.178797085514,288.830695438876,201.296246538354,178.887186617961,212.601489109465
78,78,770,0,0,10,0,0,0,0,0,0,0,0,0,0,0,0,0,235.124170737538,174.998866360719,263.957051926238,283.984919677634,212.960571770973,283.567829781519,341.661989160111,188.063767807469,247.969769377728,277.546354038853,197.703602463134,227.198925848019,320.294239590141,202.680262025766,195.357023657185,234.027609555019
79,79,780,0,0,10,0,0,0,0,0,0,0,0,0,0,0,0,0,301.983824509473,319.739773656865,269.750643976819,227.467695610637,197.772837213625,304.831473028675,341.607306051512,305.135625691582,303.594174765915,251.055969790206,284.615089269035,248.007808407903,218.734520027951,292.220859950263,212.459887057382,282.27373487721
80,80,790,0,0,10,0,0,0,0,0,0,0,0,0,0,0,0,0,222.570443574095,277.542267998355,238.502197670952,233.612443034934,267.104027986862,288.110140946179,341.100616011685,261.204481787738,260.572168775436,256.18738134354,261.261719506898,259.63223223078,275.452982521721,257.837158506241,266.513490118099,283.826117547111
81,81,800,0,0,10,0,0,0,0,0,0,0,0,0,0,0,0,0,291.312793863272,258.531296842747,266.513021418101,251.451411657021,289.231265363897,252.245701619178,357.844034556882,234.350578975056,273.32614607831,202.405265460713,260.372730881309,254.693396506857,258.330233737333,279.43420279893,255.209612853905,293.819031574795
82,82,810,0,0,10,0,0,0,0,0,0,0,0,0,0,0,0,0,245.759476861774,241.601014173876,252.893378528644,274.888479191045,265.356677021367,284.688890818922,353.146981282483,302.781214622955,294.231301055132,199.375292945774,230.940200317265,278.608669778506,225.562551498728,163.643415415658,209.076747289687,230.318855260318
83,83,820,0,0,10,0,0,0,0,0,0,0,0,0,0,0,0,0,214.748386984587,299.635576953798,293.001984076007,255.051446527307,298.42281857113,261.972529829503,347.725295196491,298.054270191943,236.595509111108,256.191716642507,253.646942304255,227.696379005498,337.108602435741,283.540885374321,201.459843822507,269.009931582531
84,84,830,0,0,10,0,0,0,0,0,0,0,0,0,0,0,0,0,267.249908639369,273.984388566668,238.339522232336,245.267747087049,259.333481566956,316.791947636554,353.726353190553,258.311439022375,276.617135231429,190.333071637798,286.282864691051,237.695646958563,174.285266981543,268.360446405687,254.93150594889,231.942918329688
85,85,840,0,0,10,0,0,0,0,0,0,0,0,0,0,0,0,0,204.170724002375,265.342921669787,227.093272423742,290.003641770082,270.074193560113,236.216615574973,366.663911711338,227.63658130167,250.860005770869,184.274419866506,225.255142335113,215.231979732628,234.763209227886,290.719570226241,250.666282885113,269.004472923372
86,86,850,0,0,0,0,0,0,0,0,0,0,0,0,0,0,0,0,243.976022522564,204.531575876466,212.293907009347,231.907704414006,247.948780168574,232.362983806443,386.808802625514,299.87722736032,270.719721690723,248.922568448659,131.570799951151,227.468571585903,219.58260908783,160.473654830158,330.442008174692,280.558953991289
87,87,860,0,0,0,0,0,0,0,0,0,0,0,0,0,0,0,0,249.861647331067,269.46177389425,200.201241868862,254.769200156653,219.865653780478,272.775040725429,369.775326601753,198.520555867524,263.653585558966,280.059604210178,290.530777436296,302.758130171893,295.599534468371,220.651577390014,260.72877835068,258.493541169767
88,88,870,0,0,0,0,0,0,0,0,0,0,0,0,0,0,0,0,184.044130288368,235.873058907007,248.235838443602,270.080289131257,236.309190003025,307.756383768257,357.479498741241,234.673420339036,298.419883045164,283.576393761004,237.414938701049,258.799212972224,265.789692976665,217.035643614858,325.922320255237,255.605708162026
89,89,880,0,0,0,0,0,0,0,0,0,0,0,0,0,0,0,0,216.719559970322,318.18140062954,208.596236925471,209.073615032129,308.799715638483,204.500816886362,369.723521472315,301.643151349272,271.248124391422,203.966231794371,278.444090805628,237.026961537394,209.034075374594,197.071955877297,236.880826798628,273.75452339973
90,90,890,0,0,0,0,0,0,0,0,0,0,0,0,0,0,0,0,177.692925562498,271.671714130732,184.482474739896,274.247470320455,241.76030605909,188.861627373745,363.480342173334,310.56091813,232.754478132444,220.355766816592,217.515201066416,214.213865519703,238.350896434632,207.187157023218,285.729131888642,202.323048040702
91,91,900,0,0,0,0,0,0,0,0,0,0,0,0,0,0,0,0,227.815834785583,306.350978940885,221.35028923605,247.103159568505,215.066639533733,183.791913819601,355.984629273548,247.806162733546,223.1435977254,330.517723813216,228.84318290084,205.69478934838,233.965825265304,259.196103948242,228.585813944024,248.845323736936
92,92,910,0,0,0,0,0,0,0,0,0,0,0,0,0,0,0,0,252.186855809773,259.676671534327,294.220646032548,198.800214537618,217.445659663375,221.312718346972,365.459174715259,206.769904890338,222.132449289519,250.372066878068,185.953698589191,266.936536801845,285.861072163124,249.63036214491,264.550963593632,212.400000708923
93,93,920,0,0,0,0,0,0,0,0,0,0,0,0,0,0,0,0,221.743193539238,146.545234862738,236.742801331757,181.578590953827,236.539052981145,214.84303436068,346.687631973868,357.502487474532,258.336686610401,179.567994569231,282.962571093838,214.612882677129,279.137316076385,302.51741482396,264.095451657197,361.67186222207
94,94,930,0,0,0,0,0,0,0,0,0,0,0,0,0,0,0,0,202.243018354556,206.441495872356,281.478867676025,316.36081942992,297.34834454548,203.900945534838,330.018326090319,324.06450813817,228.645389462626,169.094265198276,247.364234229339,263.948232525794,246.45381452215,168.732914896461,253.950046562175,201.407401300216
95,95,940,0,0,0,0,0,0,0,0,0,0,0,0,0,0,0,0,245.777664914766,197.881228656808,224.85949137287,240.899865160029,213.279253379911,232.258035100145,318.10337573789,194.805825368032,294.576660703657,242.021136458544,203.847765127459,242.997980529746,251.77373231533,222.625593189038,262.972915318666,242.97561290016
96,96,950,0,0,0,0,0,0,0,0,0,0,0,0,0,0,0,0,211.913231178229,222.982111199317,313.558135815682,273.591621857673,230.404610304354,220.207965214575,340.071618712006,231.620691059257,261.779716277817,242.391327616952,238.294042870649,258.217759674918,286.253427416005,296.114217384348,268.284125518611,196.681447069911
97,97,960,0,0,0,0,0,0,0,0,0,0,0,0,0,0,0,0,224.473369360485,258.747865085347,278.612626160468,255.505892481013,208.411573946642,262.605748095157,326.679302650811,284.466762405262,312.738279365173,266.496370977091,254.119476729401,309.537722927296,229.827959497691,261.710315353886,245.22641578096,242.971327437715
98,98,970,0,0,0,0,0,0,0,0,0,0,0,0,0,0,0,0,265.815177216856,264.717859735242,206.594665642528,242.191104050437,263.617018071668,193.108768892207,295.77851728261,285.874679219843,124.133486491018,276.48439471151,217.318880245312,210.40649886491,168.945638544286,255.907903307753,286.919650882993,234.491251098112
99,99,980,0,0,0,0,0,0,0,0,0,0,0,0,0,0,0,0,303.77677295336,293.997236772074,218.712634539026,224.442497219951,282.036953096072,277.594947114431,285.424855352843,345.800221505135,230.701952230834,244.392493385824,260.238155639187,219.500635429004,259.751278715182,258.464588344383,287.789847188972,245.563521720074
100,100,990,0,0,0,0,0,0,0,0,0,0,0,0,0,0,0,0,221.31990475997,270.128894768805,316.565348705075,256.729357202329,211.677088735533,304.738383763625,286.018667514402,185.837128483611,276.760107603879,251.198565234472,269.430732660372,248.29945286444,224.556474407782,269.321406304221,294.207318308803,271.048298091745
101,101,1000,0,0,10,0,0,0,0,0,0,0,0,0,0,0,0,0,260.29478406319,260.916960735771,258.008321755586,248.977261049741,245.354927824282,292.527898541129,288.993330038572,257.479457758785,268.485931795375,235.267160907875,253.872026557862,260.417016123883,268.602075700694,226.454380912832,210.095720779246,282.481916383134
102,102,1010,0,0,10,0,0,0,0,0,0,0,0,0,0,0,0,0,225.669925167284,290.738824464712,209.788212150114,300.722767762059,317.556468919328,222.546191726031,280.460130849247,193.33762274924,274.113099929882,321.654664384257,261.450425669614,194.883776273144,254.289801113104,276.483666665553,245.223742501961,293.340723302271
103,103,1020,0,0,10,0,0,0,0,0,0,0,0,0,0,0,0,0,286.224275114688,311.58446640927,272.312485333936,294.855199565638,268.661712857922,275.147146509032,284.441354685873,235.183924895432,239.338903848995,190.187263149043,267.118642523809,333.768104678963,282.884604547804,236.783028617767,307.649494165335,265.796919986818
104,104,1030,0,0,10,0,0,0,0,0,0,0,0,0,0,0,0,0,276.606761997403,151.117417483141,237.501088077108,229.552660737466,211.826286764592,133.501753578045,305.593464176651,258.574312285327,288.283814762246,245.836044508099,189.300903027867,265.95157364407,291.686490165188,272.477013044179,255.362598476775,244.542262828455
105,105,1040,0,0,10,0,0,0,0,0,0,0,0,0,0,0,0,0,240.99851533908,266.794030245189,290.629446659012,201.949148646149,272.045720026753,243.516025243333,320.650441778929,268.783248937637,274.446240307126,258.52783310183,256.935814268275,356.542106700496,282.766230684992,271.588967453362,220.809221007363,249.885881300028
106,106,1050,0,0,0,0,0,0,0,0,0,0,0,0,0,0,0,0,304.438000802916,207.441768649414,234.874397422758,268.73934055053,289.936405245855,246.905244616638,291.915759107247,284.353338397152,268.114418264952,277.696962172787,240.991045717946,281.814642872092,269.819926348643,297.022251549447,240.458422600433,194.052925471385
107,107,1060,0,0,0,0,0,0,0,0,0,0,0,0,0,0,0,0,247.541458363646,320.844427334582,281.933940652574,255.66860138119,270.05055274981,215.283955094274,320.495702647935,230.661285432002,289.469884474863,266.07147407418,287.44276911355,242.51334171082,238.064775335617,307.664522410782,232.475469866332,241.771306869374
108,108,1070,0,0,0,0,0,0,0,0,0,0,0,0,0,0,0,0,255.125749895597,266.401894192215,228.801776682061,230.591329600363,223.534660197591,216.302803709915,331.213161411443,232.261584354828,220.749398396991,297.398293618416,208.230104596629,266.830893653078,282.81408003282,249.372093359159,229.818745814981,249.579944277918
109,109,1080,0,0,0,0,0,0,0,0,0,0,0,0,0,0,0,0,267.478220203845,221.506366794824,265.183146875832,221.464892874831,214.845119266731,240.942044467007,315.107374966661,193.931169107463,216.743945386893,261.529319033093,266.591639269546,312.510320646144,243.431535912317,309.232116686426,248.790927049299,211.951702974684
110,110,1090,0,0,0,0,0,0,0,0,0,0,0,0,0,0,0,0,286.76434402017,309.011829531009,236.480089924508,295.715360525782,244.0041804478,254.336673032378,303.537872668007,239.677388179996,280.959958097803,226.139962952968,225.468653286814,213.472657739599,255.787362648287,246.648502157335,273.900822336493,344.535302772344
111,111,1100,0,0,10,0,0,0,0,0,0,0,0,0,0,0,0,0,210.402772357318,219.458482425794,248.705761247364,284.526107939021,218.258085473352,292.784715546378,328.631404547212,186.21830091336,312.151681613276,217.206416472149,309.740101028828,291.592107062252,287.275165365729,227.521647771172,185.819454351654,181.532502411636
112,112,1110,0,0,10,0,0,0,0,0,0,0,0,0,0,0,0,0,235.517691419969,251.821655420831,173.940662091329,254.487914086077,255.219717861545,276.926316267034,316.926815406117,278.722797082195,209.468351532788,252.102525726916,346.053720937295,212.925610692995,174.12121796916,230.02556453119,230.829038424081,247.095976616409
113,113,1120,0,0,10,0,0,0,0,0,0,0,0,0,0,0,0,0,280.395412772499,239.49268841495,182.837115289953,233.212264403384,261.665905490046,232.936125485091,317.277008962923,235.780365191401,225.427725747396,208.13275528703,225.135273599038,268.216072871936,223.257394567157,228.364984313574,180.982752934541,272.257327344739
114,114,1130,0,0,10,0,0,0,0,0,0,0,0,0,0,0,0,0,257.07440641842,255.907694954432,207.527405975099,188.212856248402,269.821807324546,265.816454796841,335.401081967824,262.076287180258,237.809577466053,243.153371464851,246.10829558327,265.508051106381,188.909696806281,258.109286583628,259.208417439034,241.166356908032
115,115,1140,0,0,10,0,0,0,0,0,0,0,0,0,0,0,0,0,239.66539117515,219.41370320606,291.779023059489,242.575577610025,246.635490879326,202.815592692435,314.355726990852,333.041374565106,216.488079854507,233.83342492868,284.017740151654,215.132369609236,298.922416580192,237.974523398356,247.238891995192,232.98876629158
116,116,1150,0,0,0,0,0,0,0,0,0,0,0,0,0,0,0,0,236.321347933125,240.329826494709,191.027113819601,255.340232062116,211.803293659201,212.683118620556,332.925169803462,214.439026266063,275.258341267869,316.603521194231,275.156252697114,253.341114011809,277.576551455623,226.737038218417,233.552470028795,210.225500742808
117,117,1160,0,0,0,0,0,0,0,0,0,0,0,0,0,0,0,0,261.532099673052,206.701726938621,270.063574840097,214.474821613947,218.222489638071,229.904316235966,316.108931149618,256.33486975187,267.682613236947,234.711058128535,248.157590291722,163.96528934299,241.019601377861,251.382213316685,318.083900602174,335.125037000764
118,118,1170,0,0,0,0,0,0,0,0,0,0,0,0,0,0,0,0,273.970447717727,262.296270301972,225.246654492238,202.706424494639,291.770076133446,218.890204944728,330.651556608499,268.708470179682,262.726952226512,264.944222224795,288.384888161061,277.261476146066,229.980444444731,247.628810424751,208.141078671783,220.479831668849
119,119,1180,0,0,0,0,0,0,0,0,0,0,0,0,0,0,0,0,220.331175385586,269.501385536342,224.876162266793,306.207794000029,243.993169709,275.65759418402,330.037232493945,207.361318818689,226.660942809646,274.140392026495,218.489229970769,228.041905668703,280.3715902944,256.349332829,218.795014011056,195.918247145266
120,120,1190,0,0,0,0,0,0,0,0,0,0,0,0,0,0,0,0,269.458486998371,251.499059949179,295.623720329045,274.385591329489,290.244577403131,291.171303826129,324.299879128288,188.468739502527,276.642843937138,232.283302356731,279.321624888646,251.893086678664,217.628662738982,277.283153366311,204.062439353347,361.698754815245
121,121,1200,0,0,10,0,0,0,0,0,0,0,0,0,0,0,0,0,259.769352330072,260.303004152392,237.474812133253,206.826205098242,259.170155163652,195.452417266324,307.467810156113,189.82201919783,311.74913932203,225.363138827777,313.784842360829,251.364752745135,337.948560030283,239.115392595533,261.384542792867,277.138081609298
122,122,1210,0,0,10,0,0,0,0,0,0,0,0,0,0,0,0,0,255.908453689133,222.124645751386,252.224897994262,215.906527590286,275.332632011709,243.810394344765,304.195633932951,227.182146031228,207.2080647385,279.841170147286,238.527997256529,203.678228736456,216.809297038822,318.917809045607,318.272566624121,295.65306447489
123,123,1220,0,0,10,0,0,0,0,0,0,0,0,0,0,0,0,0,261.61390829968,251.36417424895,256.857910418712,242.118516357747,222.632891234775,244.857387130069,314.423736945269,159.337354903859,249.044114876933,291.494623544841,207.50142618611,209.664245101431,251.355086379406,312.259645812917,250.860439707141,279.18748607722
124,124,1230,0,0,10,0,0,0,0,0,0,0,0,0,0,0,0,0,290.042468804065,284.998080492473,236.869658888,235.052259714712,225.708754736967,297.922077639753,322.087981900223,280.822413483615,257.560437237692,322.663823329628,215.71121892248,241.87569490615,184.280682046842,235.466677648608,217.894569459977,254.373014582261
125,125,1240,0,0,10,0,0,0,0,0,0,0,0,0,0,0,0,0,251.387397765757,288.836859070343,330.13555747134,195.813781400537,272.039114254791,236.129969786643,346.048196167657,241.509527025694,263.698936914279,230.131988587857,280.792913051501,198.949648441719,220.661424520225,331.696293181144,251.494922378058,226.800427907084
126,126,1250,0,0,0,0,0,0,0,0,0,0,0,0,0,0,0,0,299.5322776097,265.844148468664,292.113489207447,242.135768720956,226.692128735635,294.374777598118,332.896185073362,282.337686380063,253.360645945121,233.117272987667,278.426164575477,194.39727766645,301.400686011426,187.851822132174,214.232315874538,228.98530003808
127,127,1260,0,0,0,0,0,0,0,0,0,0,0,0,0,0,0,0,242.516063215337,157.797694139205,236.525336139182,259.670849673834,292.75894407751,224.793822913204,354.980066445833,210.331199722421,271.990474010922,248.853485401201,228.53261675833,205.23845411931,303.948131046324,236.729602590476,287.34318543189,285.772484091562
128,128,1270,0,0,0,0,0,0,0,0,0,0,0,0,0,0,0,0,326.555537093451,222.118551252696,251.174922836448,330.380846611704,341.174182541764,250.465450568426,315.741993599147,275.548458024325,208.717211979957,256.267109371455,214.613852848536,310.987063688518,238.184467927467,250.91700777838,290.100640892545,349.432452709806
129,129,1280,0,0,0,0,0,0,0,0,0,0,0,0,0,0,0,0,288.612965816065,251.191648349542,246.834531515053,256.120054206392,234.84233010573,289.976786959976,338.122105717871,223.744325353411,237.368343168878,258.195725827742,237.498782637473,332.051251144838,231.781004401149,206.04242045851,291.643239082406,188.352620436623
130,130,1290,0,0,0,0,0,0,0,0,0,0,0,0,0,0,0,0,231.286579272764,207.06974709018,147.994975991617,236.158886102492,286.631931260111,235.89729694069,331.118598594962,272.501682982676,210.938131941419,203.167740900225,250.017452492613,266.553893512753,316.449936267947,231.313685741211,212.205461655974,302.151029028304
131,131,1300,0,0,0,0,0,0,0,0,0,0,0,0,0,0,0,0,223.358745945286,303.89830074365,264.431036742162,296.657218984102,242.280951821811,192.040355175204,325.084723569903,312.24105739264,236.665619322142,289.29425908881,186.466336219617,161.140203438283,188.027659569324,328.109789633603,253.316192933056,223.353150613972
132,132,1310,0,0,0,0,0,0,0,0,0,0,0,0,0,0,0,0,216.83052680265,208.027995749087,275.331148694527,258.264907683597,245.453520282768,271.213154872571,330.594390629439,195.244572348254,252.95438670373,246.020417442134,208.968783578872,190.158687837326,188.36073208061,224.584039133896,289.975324649668,250.497389858225
133,133,1320,0,0,0,0,0,0,0,0,0,0,0,0,0,0,0,0,223.800549300341,222.72134558817,189.933746396806,311.843943991457,308.780777536105,247.835301405495,310.18748285415,232.313146130216,230.80790308742,240.83331616864,204.443405003515,293.145455112645,302.822543038514,272.993857043137,232.51520012463,208.105624221736
134,134,1330,0,0,0,0,0,0,0,0,0,0,0,0,0,0,0,0,204.736526969897,245.732322895509,177.839138386667,227.866268005708,264.6081380876,284.967071825263,295.201020161213,276.041265942278,183.184809698831,239.321350395343,233.923347677093,220.38454733702,231.190578220531,268.775247830938,250.801942049396,228.807249578109
135,135,1340,0,0,0,0,0,0,0,0,0,0,0,0,0,0,0,0,266.981361805668,232.653663964278,223.834362428241,293.743720839576,191.290489146348,289.430425414371,324.30025506846,267.076649525287,260.270405969952,274.849895049034,221.948567193014,220.530899516427,230.947804586469,249.81159439078,235.147464525274,231.45263179326
136,136,1350,0,0,10,0,0,0,0,0,0,0,0,0,0,0,0,0,226.799223026884,221.075777950161,213.604987948036,235.893397940836,233.662360266427,208.505769056468,322.379790549202,242.936702972021,270.578328102119,241.98565157961,240.740111283145,277.871232839555,272.331642127687,233.995673646383,262.133815316346,258.455668050936
137,137,1360,0,0,10,0,0,0,0,0,0,0,0,0,0,0,0,0,257.351673191367,240.684306391914,228.847945181317,220.033080461813,247.823631727303,294.879627964717,299.927753227704,249.300018909005,300.21997603185,194.246268804896,152.895329110387,219.916054165432,265.730447056117,247.690893536441,172.538656628215,252.205699875236
138,138,1370,0,0,10,0,0,0,0,0,0,0,0,0,0,0,0,0,192.694344109177,209.413609396533,263.526931434687,266.197144348565,263.239920750186,271.748344816823,310.876454474926,278.764825628523,278.681102859698,238.561546080217,205.704917768127,190.863025847665,177.166299169623,245.364465476674,226.29712628274,312.910550833564
139,139,1380,0,0,10,0,0,0,0,0,0,0,0,0,0,0,0,0,219.967074683857,228.265898305624,249.857298594508,202.376657220742,236.702006270989,255.811198006796,297.40947410812,211.125511423639,208.215582825872,281.344643838378,307.372822489949,238.732683800775,219.508259051075,204.277589653568,203.264491614818,255.141280940069
140,140,1390,0,0,10,0,0,0,0,0,0,0,0,0,0,0,0,0,199.469920190314,141.586568414854,254.751059187005,253.214295828149,224.345310984572,219.766680851325,319.873349030368,236.348032556568,182.511598474636,261.343486574057,240.239369950625,191.144398764589,166.053074480426,280.067435483649,173.382064053524,203.514916430006
141,141,1400,0,0,0,0,0,0,0,0,0,0,0,0,0,0,0,0,240.888648939475,247.286936991233,273.777380670534,234.014964035569,296.958819676959,220.362432494614,313.664126502989,254.464936454123,280.643531526227,324.505626327501,301.118306679462,310.030816874028,180.609386372725,202.845291496638,202.315505429749,251.247706257106
142,142,1410,0,0,0,0,0,0,0,0,0,0,0,0,0,0,0,0,245.623181550734,260.43954754833,292.316045761121,290.657784732528,220.777930039464,259.756868965062,315.202833021171,258.267739278946,326.348043184517,213.898529959345,236.921737358475,242.845567470002,229.644036984065,296.883618011318,281.224810360104,231.889425398483
143,143,1420,0,0,0,0,0,0,0,0,0,0,0,0,0,0,0,0,217.00322719038,246.330947307747,252.666992744977,263.600439390186,242.814532700912,265.771762438537,329.808851006302,227.70398466768,238.783131130466,235.728775822892,213.828988312125,216.224066833566,275.039124002191,296.032100048487,280.010864901029,321.921031180494
144,144,1430,0,0,0,0,0,0,0,0,0,0,0,0,0,0,0,0,183.056743271027,242.4340272603,254.154281798943,243.143651961301,276.722386856432,288.467827819365,322.760933269638,216.051455540691,255.08093741402,277.263931785423,279.186651521322,258.17976587285,197.005505765335,282.893996520759,254.295779811982,271.753303887958
145,145,1440,0,0,0,0,0,0,0,0,0,0,0,0,0,0,0,0,240.154567569619,264.891643428845,254.419583264451,280.350925236936,244.436980954498,187.228361596526,322.547116392461,266.284714728434,279.731896057105,264.226289683762,174.949165768223,283.69848706561,216.993720573678,239.084465564277,233.079976400099,235.81080177933
146,146,1450,0,0,0,0,0,0,0,0,0,0,0,0,0,0,0,0,263.739718273193,297.766877455508,213.503219727585,291.045762977264,234.327111776689,216.564898470482,312.053719745221,175.0243827828,175.258905453951,244.606944315974,298.490573428123,268.754929778093,193.625843688658,255.097797394126,304.855007980457,265.79044645014
147,147,1460,0,0,0,0,0,0,0,0,0,0,0,0,0,0,0,0,264.818649806361,230.23488293568,244.862811555755,345.092247740242,161.199274527729,218.262383519533,330.605568407354,257.84496015902,315.648478533011,315.582050609346,180.60896171155,300.22005728589,297.604677716434,266.98196127807,228.619591082178,235.072305000983
148,148,1470,0,0,0,0,0,0,0,0,0,0,0,0,0,0,0,0,199.893006958887,231.917762383638,234.974809958372,182.936311480193,260.072277377675,311.507525353898,302.824680409791,247.277197189891,234.501102387614,266.461487342705,294.310689331206,296.318343750803,278.149396555172,224.162097242084,296.64270193514,182.260871180291
149,149,1480,0,0,0,0,0,0,0,0,0,0,0,0,0,0,0,0,302.617992240841,283.992237049096,220.737069844904,236.246429287847,262.361268936211,253.408296321562,309.443634583924,244.426869624381,210.057281711186,261.100837377382,292.545208987048,202.033173337759,275.6309588967,273.278732366677,253.875914067505,265.16450057523
150,150,1490,0,0,0,0,0,0,0,0,0,0,0,0,0,0,0,0,250.797602540119,282.027036677506,222.168002848999,248.938755307542,260.241319358469,231.690271380306,299.299710164822,237.310559931434,262.160526629684,201.698518089986,255.853330515228,259.406640268583,273.97064201276,285.390973341659,210.608787628248,225.174890427543
151,151,1500,0,0,0,0,0,0,0,0,0,0,0,0,0,0,0,0,236.984688406091,284.024266191363,237.414178292414,249.939841988928,247.443206472293,201.914733928502,305.110238700041,273.655811501439,205.932234335413,223.554506907961,284.546485989339,220.014533468833,235.796682482188,240.347289260588,277.571889400663,253.475931002546
152,152,1510,0,0,0,0,0,0,0,0,0,0,0,0,0,0,0,0,207.983768062708,258.288942716239,238.621029385777,306.0043667913,264.357412931391,225.521096590788,281.060409454766,276.481876394948,288.798559413279,231.793036130448,214.062979341716,212.382808514932,245.880857911401,220.168899062493,173.625561492946,216.687480868253
153,153,1520,0,0,0,0,0,0,0,0,0,0,0,0,0,0,0,0,273.66033615394,248.866856955526,307.640871263937,279.384448341989,323.087753912639,272.162304755341,274.25929792102,248.867127613543,235.250518382939,256.041231440766,296.526389274337,246.460509105609,191.855845183141,216.565452639247,268.850419303118,233.606647062095
154,154,1530,0,0,0,0,0,0,0,0,0,0,0,0,0,0,0,0,310.460446340146,227.030914319266,242.930312456128,227.83750149513,254.100273266669,246.067789016767,277.684441930068,296.453490117153,245.651913579655,321.391264146309,180.377703048482,223.588196994081,219.9461932012,245.795338303402,243.883967094163,216.371493742465
155,155,1540,0,0,0,0,0,0,0,0,0,0,0,0,0,0,0,0,231.870974685862,286.099034713353,316.19225648452,323.203422040533,268.616791615571,228.91968734651,281.88525400298,221.282046087345,263.107900215834,242.914715568401,171.257286397334,250.498734870829,222.851665573682,188.337504069259,277.384543010407,253.535184654303
156,156,1550,0,0,10,0,0,0,0,0,0,0,0,0,0,0,0,0,218.864484845295,186.760164509527,251.18125704047,247.431530005788,314.486748771817,218.160936894344,282.807191673219,259.524912137206,212.296799433251,305.696168287475,229.895762638774,266.790854589678,274.152673399914,200.112731783068,273.267151539373,251.59786793821
157,157,1560,0,0,10,0,0,0,0,0,0,0,0,0,0,0,0,0,320.646248667417,252.282817867918,233.861294505569,209.92974254435,266.626975592553,193.7262210127,274.63934421113,235.890657788658,295.090057625524,275.547866150501,153.880198815957,259.546382925438,250.339404558694,238.365351964859,207.083881999212,266.554820630057
158,158,1570,0,0,10,0,0,0,0,0,0,0,0,0,0,0,0,0,250.098234567479,291.084044110686,209.505073561678,254.839332751562,269.908170394852,261.454585345177,290.0468077688,268.857021248021,155.711148838675,251.993482684576,243.445350856897,224.612559254747,245.12045810637,212.970900683643,273.209434766159,257.455193283562
159,159,1580,0,0,10,0,0,0,0,0,0,0,0,0,0,0,0,0,196.620296900857,231.047818098258,221.72466367758,261.606472141733,301.152195907139,206.877228061558,252.933189231668,247.810360384339,334.779612414513,264.18749053303,276.163906920777,263.623618987293,250.078704637193,253.429533511567,254.244910271054,255.027725491559
160,160,1590,0,0,10,0,0,0,0,0,0,0,0,0,0,0,0,0,244.478624098478,212.225199777816,231.846750314878,273.381076430175,211.026180638233,242.957370812637,292.244026431665,245.483122892039,243.157791660134,224.149783066309,234.476117818913,213.612342208503,232.334030310541,214.306504212644,267.909823097836,223.989264397449
161,161,1600,0,0,10,0,0,0,0,0,0,0,0,0,0,0,0,0,229.52106693049,254.781400985087,264.978337595878,256.783599120788,197.415735714092,214.454117351481,311.913804340289,203.964840385144,181.264850046228,257.574728985673,188.401321548359,226.178899526148,209.626076575825,229.930887223364,250.429986690682,214.173716046319
162,162,1610,0,0,10,0,0,0,0,0,0,0,0,0,0,0,0,0,333.211723450621,231.28486012884,247.103515544158,289.606152048675,270.390162153042,212.171605869903,310.470192646379,255.156692552889,275.539802530525,275.135625674177,254.640050051101,293.896395712894,246.486406757152,298.557272045733,187.793203307302,216.787665898556
163,163,1620,0,0,10,0,0,0,0,0,0,0,0,0,0,0,0,0,229.339919289647,195.962994604083,280.505054667404,205.914630712777,212.535009655798,216.164231525924,331.743868536805,306.895985102199,212.94811544711,222.811503554834,256.420245251685,300.828710471402,269.949545295093,233.451530797626,340.000683865887,236.976882471828
164,164,1630,0,0,10,0,0,0,0,0,0,0,0,0,0,0,0,0,277.803319400427,264.258855093466,261.436654425419,185.705676922803,295.788807778942,176.182372153086,307.529419111491,245.736895049707,259.918349152347,287.659171288202,214.155700636829,300.720397779966,270.181132305922,289.0240379809,278.163615671443,181.128977967233
165,165,1640,0,0,10,0,0,0,0,0,0,0,0,0,0,0,0,0,212.991225572586,231.59478376552,312.229419262616,270.48921880481,275.874967408096,257.027505416933,344.078233135148,265.412030664505,339.356169100757,249.898830368364,295.485116088863,305.375105737006,233.8555978774,220.279651820312,213.226136488994,256.890496408409
166,166,1650,0,0,10,0,0,0,0,0,0,0,0,0,0,0,0,0,259.667719472891,235.400888348789,271.411987310616,239.685052388194,291.863287963233,239.061484323273,314.027869783951,229.024205568753,282.917259509024,251.59746222693,249.516425845469,267.848979734351,282.392477543791,264.460246852294,250.932050145013,220.508740803685
167,167,1660,0,0,10,0,0,0,0,0,0,0,0,0,0,0,0,0,287.494764052222,218.697195852862,251.138446339592,200.2594422939,284.649493879129,181.153619516173,353.545328839805,250.901995754726,282.188833703373,242.581033609335,266.575545267373,225.357623365529,257.589620601653,316.06739815596,270.55501943794,203.471597350368
168,168,1670,0,0,10,0,0,0,0,0,0,0,0,0,0,0,0,0,283.722779815938,213.510972386608,200.995885709053,227.030824253099,240.088227748003,204.47651754209,338.742783831188,238.261615840642,168.711363176335,223.604290938923,245.502412544603,267.412031388901,255.250279824801,280.293752565397,257.091869028155,254.727023334802
169,169,1680,0,0,10,0,0,0,0,0,0,0,0,0,0,0,0,0,327.349821622135,245.92368098406,255.236172857336,318.591932070867,273.881697908674,222.334994602416,363.105189010089,256.724152882562,230.881454947355,230.283890426278,206.964836017903,220.837426407086,231.936284375814,256.481761345443,220.011548661008,317.74179566003
170,170,1690,0,0,10,0,0,0,0,0,0,0,0,0,0,0,0,0,207.574471609989,274.092797183144,228.938059229008,299.620631451913,335.383142716355,264.649108826397,369.86747022945,265.693694832338,202.175686074681,235.435373960293,184.768985338516,216.214843079759,271.148362340455,252.96656581944,285.724257245259,282.043066537132
171,171,1700,0,0,0,0,0,0,0,0,0,0,0,0,0,0,0,0,210.191140907994,226.488296379335,264.465972651025,216.943237808463,253.997014392736,220.391890355991,362.231563574882,245.82988514233,259.808296989591,267.286903411195,227.978482355116,273.442905139703,212.85673462051,254.43472029952,299.95073111038,258.661239692562
172,172,1710,0,0,0,0,0,0,0,0,0,0,0,0,0,0,0,0,237.616304997009,245.459010035917,252.808268374236,228.215284536354,236.565931558076,233.272007331085,369.162197177437,280.270023886418,194.128407935694,293.717469841629,222.565057895365,214.873146276792,246.808090634354,248.710661872493,276.304482447796,217.760254113353
173,173,1720,0,0,0,0,0,0,0,0,0,0,0,0,0,0,0,0,256.731083952288,233.349732338536,308.807221063735,229.093133885408,248.106159877565,316.227911921518,365.316669414268,210.614139580289,296.422815780654,197.507948993995,217.644916117057,291.717022864007,253.248249340941,215.903002585526,273.225970978123,300.586170310999
174,174,1730,0,0,0,0,0,0,0,0,0,0,0,0,0,0,0,0,277.017635200349,215.116108933232,214.460703908811,222.239018662897,164.387493386487,213.869229196283,350.002666374771,279.822468364997,251.989009964197,222.88269271886,287.901858480323,214.320489078577,275.767214025028,269.364290606746,263.160034662564,245.024058013579
175,175,1740,0,0,0,0,0,0,0,0,0,0,0,0,0,0,0,0,203.213829964885,226.335976651472,302.276087661014,237.847543073763,270.137037246776,243.6385014701,365.492595308369,283.435705554987,154.677137888443,293.447352925232,260.857897374814,202.610682077955,253.905357470278,279.240430886744,240.900761204899,304.850683072052
176,176,1750,0,0,0,0,0,0,0,0,0,0,0,0,0,0,0,0,282.790747882271,279.679386104829,194.832572166567,207.017437358926,334.285372755961,301.698590678051,361.858780325311,267.853574736622,240.170137846931,317.73469238099,276.380611407572,215.742530140066,230.557309477015,229.431844221219,242.71671094069,272.889154939257
177,177,1760,0,0,0,0,0,0,0,0,0,0,0,0,0,0,0,0,190.018317319586,273.680195674033,248.083101827424,282.062413853308,238.036816199537,204.559818195007,341.857742540025,195.012698301793,237.178785437159,205.566884131272,327.16180305953,269.158532508987,304.995958029031,230.44432425066,225.459082552574,259.131034853319
178,178,1770,0,0,0,0,0,0,0,0,0,0,0,0,0,0,0,0,239.761044718069,272.612419540908,293.623160724505,217.293675535125,214.379425220941,282.43894885775,343.060006235248,243.199884981648,261.720705980571,284.58968873052,293.768293676722,280.842582085144,211.068046842495,208.713680777065,291.975741698144,253.290759185964
179,179,1780,0,0,0,0,0,0,0,0,0,0,0,0,0,0,0,0,224.731984740994,291.343329390258,277.57554976272,277.756488452007,256.999324210141,236.633393847771,323.265781462749,246.69437276301,265.252178039556,190.274817532495,242.772649857158,248.143178247448,223.413933973837,277.108779698703,230.521440618622,239.99734970408
180,180,1790,0,0,0,0,0,0,0,0,0,0,0,0,0,0,0,0,253.092265366041,243.333347056116,282.911678765388,230.315984332342,258.005586175652,242.895529856637,341.785831072662,246.982700799246,216.91916034462,227.511095674286,291.819969270751,248.386769021,253.516417592286,309.278850283612,198.538764694754,370.08025124402
181,181,1800,0,0,0,0,0,0,0,0,0,0,0,0,0,0,0,0,293.720110323145,235.69371644137,278.479640488965,276.556020005165,271.98937346113,229.584212887914,310.958437731786,285.129493902331,314.906791792351,268.506045864659,299.524076138503,279.740632779179,314.51573267345,324.654832938062,316.073928222588,246.783547501271
182,182,1810,0,0,0,0,0,0,0,0,0,0,0,0,0,0,0,0,294.919175161521,231.622201208856,304.70734598305,231.124894522457,170.030707448786,213.946001429748,313.773688752092,236.55433040524,326.422082478848,247.604847780604,255.210356205051,214.709113355391,228.294722644283,215.33550291952,227.887210903682,211.732965771173
183,183,1820,0,0,0,0,0,0,0,0,0,0,0,0,0,0,0,0,235.955366348625,227.150847807484,291.626876545134,161.237054814865,242.93654796177,236.300173559358,289.190374216823,266.275576902411,225.856657791685,238.066982144382,186.743882797025,190.129991842829,241.532662111098,258.909580299253,318.504554269563,276.760716084984
184,184,1830,0,0,0,0,0,0,0,0,0,0,0,0,0,0,0,0,210.420266156736,277.647818018871,223.31692334136,227.931882704969,249.310146566281,174.796903939726,292.382980105216,230.566235777163,200.525883883761,303.173358050845,234.529268115643,321.934894283703,304.034514493733,260.11329493339,257.508154106033,240.562632710205
185,185,1840,0,0,0,0,0,0,0,0,0,0,0,0,0,0,0,0,279.601600951333,208.860382795978,318.264887107088,260.125076213552,274.14499979335,279.347337882695,280.999161978677,293.032098899411,200.274346832766,258.450224315318,304.964211440361,218.70356483828,232.069792784049,230.507299547397,223.205738908718,232.759007671769
186,186,1850,0,0,10,0,0,0,0,0,0,0,0,0,0,0,0,0,235.252857208331,202.151123103332,324.260345686926,256.933840641457,249.457492251485,210.978706561626,312.817721301008,239.980906101846,180.084066466695,186.726030059155,226.77308574044,304.661998388019,260.266188887465,170.679618280097,187.926472409022,222.828392043802
187,187,1860,0,0,10,0,0,0,0,0,0,0,0,0,0,0,0,0,323.362711908377,214.91681948318,319.548771413555,210.671994079314,238.063797688734,274.613642502679,282.529894667806,274.820370515228,270.302336323957,222.288714720317,220.488809912865,256.995382239309,254.904865583888,268.803209003528,298.138383927229,237.749737690579
188,188,1870,0,0,10,0,0,0,0,0,0,0,0,0,0,0,0,0,264.153411194278,271.462080128721,293.505726432826,241.465318970293,188.22898130699,206.81761560842,296.992455141056,277.120035489331,213.942603123586,253.377654866481,173.044815678814,228.495668322215,283.888616129245,256.847826345242,217.153094030306,238.619086776594
189,189,1880,0,0,10,0,0,0,0,0,0,0,0,0,0,0,0,0,220.083245749043,186.558055849566,221.056638968727,234.031205361858,283.98043389465,245.842171554021,278.974521572126,201.213972498933,270.441059418864,218.074095953087,168.833312737716,295.384027471163,270.902931895597,263.620217985805,259.262455047182,231.322186920783
190,190,1890,0,0,10,0,0,0,0,0,0,0,0,0,0,0,0,0,216.030404971985,235.113214332987,276.568287964788,268.478801648215,246.705679847344,256.866219211096,299.475492292355,223.434756693749,248.583336551633,231.377583015204,224.402452198638,217.975917350037,303.580948204612,272.892221909073,298.297004043442,249.204747751282
191,191,1900,0,0,10,0,0,0,0,0,0,0,0,0,0,0,0,0,245.864351302911,246.580927727738,260.287272514837,184.899180132541,260.512970018079,274.07539491461,304.420784263078,300.991960644013,218.547651725808,232.573446115459,225.997774533794,231.906053067853,252.307600090354,210.449691662641,210.52153225991,263.961269044887
192,192,1910,0,0,10,0,0,0,0,0,0,0,0,0,0,0,0,0,282.021354953879,261.365564889224,322.243833989427,291.952612793791,254.086114829337,245.36272937407,318.010928113799,290.497931902616,255.314713626083,303.249304226593,196.062344246955,242.839560367001,309.851447205966,195.487029592614,280.402751086517,250.166484184893
193,193,1920,0,0,10,0,0,0,0,0,0,0,0,0,0,0,0,0,274.809856087889,170.119343194147,160.14613244369,332.651476777612,239.598605683824,202.783141451674,323.552295332226,178.840272169291,301.742438804516,241.949900043491,270.310121077615,249.322601444134,187.612597142566,239.973509795259,215.125662015828,311.359072808773
194,194,1930,0,0,10,0,0,0,0,0,0,0,0,0,0,0,0,0,188.278128665341,229.851418430686,288.38246496438,283.050804596339,293.389409409602,251.690586112709,337.076635390475,232.007726522109,270.744691309125,251.226533768352,235.623716835472,199.305527595678,208.559051664635,268.121262532165,247.536144179911,199.611359752814
195,195,1940,0,0,10,0,0,0,0,0,0,0,0,0,0,0,0,0,301.174855900615,287.576054371138,251.54313154947,264.043567240998,283.157083984062,279.722525833012,342.148791436516,271.954478203607,210.660833413753,258.138530823149,168.834170255088,301.526340849312,241.34507380296,301.740054657727,203.253875847027,183.653957206437
196,196,1950,0,0,0,0,0,0,0,0,0,0,0,0,0,0,0,0,334.484262054872,193.706991024632,279.696992757613,305.158279702772,201.028186290795,256.48875576039,337.860618737434,270.666526638979,259.375220744133,215.799020272713,185.122974860609,237.892217759835,207.922027859269,330.682596305506,247.262630874241,210.672666510548
197,197,1960,0,0,0,0,0,0,0,0,0,0,0,0,0,0,0,0,249.920527242785,241.947245916486,291.467479918956,235.912456183601,191.677635249297,279.29774007223,365.23510458139,229.588186084432,250.465725735116,288.231653023015,238.080473665597,297.233532142517,223.690276163004,287.628203601059,232.686502940459,214.288960382611
198,198,1970,0,0,0,0,0,0,0,0,0,0,0,0,0,0,0,0,201.436376353782,253.490145671473,254.266070604788,237.325319660318,219.375421230859,264.076745501477,343.396599181499,187.668657541272,212.167272486889,199.744513508019,245.384189079837,313.353370552881,209.337366448002,302.462593519637,282.226131455195,228.692353674357
199,199,1980,0,0,0,0,0,0,0,0,0,0,0,0,0,0,0,0,275.649136140305,316.086485149916,265.834763370021,254.865150446768,268.732233425811,273.240816627035,364.496706894675,302.613809447294,210.666498547884,258.67997430985,198.269554529324,227.517045236448,230.79140103285,206.774361738939,228.890320890038,284.446724949869
200,200,1990,0,0,0,0,0,0,0,0,0,0,0,0,0,0,0,0,317.381248986042,293.086554125632,186.096130525717,182.13275087569,269.4369634526,297.453476307434,344.25386541609,246.356762805826,248.502611375278,249.425217050273,243.546903313565,245.966133826918,270.671774872173,298.923103011457,278.833036780048,220.479318980021
201,201,2000,0,0,10,0,0,0,0,0,0,0,0,0,0,0,0,0,263.105129676742,225.567880616784,209.184166568563,270.712176489205,297.840440429845,229.089853347874,337.34901219676,248.000460064679,317.915964905881,288.970801628129,232.712205902909,292.980719529919,216.597807719466,258.644644341182,245.148623497429,259.945676847892
202,202,2010,0,0,10,0,0,0,0,0,0,0,0,0,0,0,0,0,197.119489961247,198.590860745011,223.628047316948,216.106148944074,229.229583131296,265.488357910643,335.940876123756,177.134795001292,329.842511514898,229.083025494181,243.889576966494,295.785035929487,289.016860184786,286.366286585764,304.623022109392,237.854008745072
203,203,2020,0,0,10,0,0,0,0,0,0,0,0,0,0,0,0,0,261.22165807687,242.816483920837,245.43120614305,250.024805117726,267.328206783536,224.210214903437,315.993503013925,257.045916874738,270.069209219474,306.246023946027,272.979168690559,232.325023355701,220.426360467912,203.75012000314,271.269300453838,274.286871953811
204,204,2030,0,0,10,0,0,0,0,0,0,0,0,0,0,0,0,0,315.849825080738,246.389506226373,248.91799169142,323.837991485063,256.825425349079,197.842264975044,306.5538142063,213.545187430404,256.592296208402,231.401420388894,225.683750487485,181.959708462356,249.708306137782,280.474267878491,294.878384281259,255.938428785617
205,205,2040,0,0,10,0,0,0,0,0,0,0,0,0,0,0,0,0,251.25605245603,255.946237271156,268.341516733957,260.03115919217,209.108331835762,290.418534283476,345.832424541024,233.539710562047,252.977246008657,312.857958827175,216.893445240939,242.335074148174,239.664797598126,262.446518740962,282.079070091289,263.193366632578
206,206,2050,0,0,10,0,0,0,0,0,0,0,0,0,0,0,0,0,184.497130693569,213.961984623266,255.497212951369,226.221771314401,280.540725123727,281.227518267777,341.152354446252,265.666809778481,279.136538180222,343.181110066474,265.42804173634,285.877699031973,243.931802082221,230.598142793808,218.095813504402,272.658151182553
207,207,2060,0,0,10,0,0,0,0,0,0,0,0,0,0,0,0,0,246.249325222242,200.637396948594,286.449429113085,272.841021835607,240.224567739467,255.113130454969,341.564391583338,250.698398990543,199.152772629207,235.769480998739,282.865931856274,250.116428933016,270.96166157014,300.966199770083,271.762132161805,284.42903106542
208,208,2070,0,0,10,0,0,0,0,0,0,0,0,0,0,0,0,0,225.122957402795,246.52583997187,191.620892735453,198.850744566231,222.948417517692,277.329867032079,349.534553148518,220.127154461083,274.248397256687,225.025732953161,234.793629717674,218.373698442346,248.318165585257,172.372451710839,232.677264851828,154.962106793131
209,209,2080,0,0,10,0,0,0,0,0,0,0,0,0,0,0,0,0,297.322198856174,236.686588838123,258.666143612449,273.706452739388,238.956868446042,278.776724516919,349.411517997681,255.684098351138,278.184115352362,325.354707716269,228.870633367125,217.012669152919,227.888747203184,227.480395470112,202.709744532354,188.317549574697
210,210,2090,0,0,10,0,0,0,0,0,0,0,0,0,0,0,0,0,183.750941678491,229.683280175742,218.716827480355,259.074353270119,245.397897130414,254.254888287945,364.222621969027,247.641974478589,268.413438304716,246.055984127194,314.565492395551,222.923150761007,306.598525065364,241.681255392324,235.978487256619,264.800080701725
211,211,2100,0,0,0,0,0,0,0,0,0,0,0,0,0,0,0,0,184.451214230814,300.139919412335,201.008828874753,304.926461891917,302.32788265221,247.713139022104,351.668925952517,200.65219099942,273.239112441696,245.778839593343,289.040012368421,251.435784664024,248.816118993482,329.719056051171,209.845346335738,213.569600470074
212,212,2110,0,0,0,0,0,0,0,0,0,0,0,0,0,0,0,0,193.858836535951,190.186624010641,240.976342386973,234.097400323187,220.175294002841,228.950821550244,380.099232373464,278.271763513531,236.654734748296,205.761701445319,239.450143976634,252.659130302622,289.252724895573,252.897552362016,290.353727334844,165.235574003307
213,213,2120,0,0,0,0,0,0,0,0,0,0,0,0,0,0,0,0,204.950648325747,250.704385056747,269.494689293169,142.315575956188,301.007344142411,277.804302060305,374.716123608821,250.737845123001,285.330860207404,238.249771723284,249.408054420783,209.959857186219,239.03484835202,226.675822446528,256.290065470134,235.20006567714
214,214,2130,0,0,0,0,0,0,0,0,0,0,0,0,0,0,0,0,205.13435213147,190.939340565003,203.044839842328,209.618269887372,250.582803058094,251.202558511755,360.607682944191,258.240987626593,286.475530527998,285.683031190495,243.540438884908,229.887964712103,197.580710566874,245.512333660307,221.223412104297,210.578991066365
215,215,2140,0,0,0,0,0,0,0,0,0,0,0,0,0,0,0,0,286.050998112957,205.716361558071,251.345259996599,270.950631980293,243.312551263748,282.367740958738,355.486453357233,263.118120813533,235.46926307822,249.00867671866,219.451272657634,268.043570561104,255.851792869046,248.005633709715,287.005117684072,202.334721475697
216,216,2150,0,0,10,0,0,0,0,0,0,0,0,0,0,0,0,0,243.648594702992,260.137931809421,187.403942348508,173.767645827439,280.556936359079,237.242984653421,348.224353776564,232.950155980448,279.575784218626,267.000409972594,320.24144218983,266.01851192682,238.611526340979,250.346734942271,290.52820263693,277.938016094857
217,217,2160,0,0,10,0,0,0,0,0,0,0,0,0,0,0,0,0,251.328954971217,193.142115251805,238.480449671022,221.323303029112,181.344149078456,236.777533044825,346.69538207727,287.705901894148,249.700795602324,236.646372914162,285.736449222768,312.730351835642,242.701310172601,288.16028452982,220.682556612781,172.64654318019
218,218,2170,0,0,10,0,0,0,0,0,0,0,0,0,0,0,0,0,268.938954194686,250.128759755455,262.949641874086,197.756142402748,251.9765795382,244.268743820841,334.35107442884,272.9560301246,264.416875972713,250.7621363564,299.953722362729,236.288255400852,205.101362863273,207.317182101336,275.87731823727,192.90197187354
219,219,2180,0,0,10,0,0,0,0,0,0,0,0,0,0,0,0,0,190.390905581613,281.792153648492,216.467331677618,205.119374953155,303.962812568568,256.222966771316,331.649927920332,205.653218296549,244.123844455586,250.07536311042,202.773600539281,215.511140881046,229.266802371126,333.482120656504,251.427019875903,244.95365895639
220,220,2190,0,0,10,0,0,0,0,0,0,0,0,0,0,0,0,0,240.50715924763,223.289342771028,211.311526150138,262.345439477221,214.589430154058,285.979626773829,345.461453821864,286.358770312985,299.856491006513,233.303098498664,303.768237744345,283.794528694434,286.139028615234,246.49064211715,226.049357030142,341.858157216352
221,221,2200,0,0,0,0,0,0,0,0,0,0,0,0,0,0,0,0,257.781252186137,262.209809503778,214.83648523506,207.513843191015,270.262911081179,199.718957350458,325.354113881108,242.909402640375,286.41748184314,220.521877106476,251.618286952862,225.389975781103,291.326572026835,200.188307403198,228.152739820898,207.649505022639
222,222,2210,0,0,0,0,0,0,0,0,0,0,0,0,0,0,0,0,234.407891954401,212.076384705389,210.394189160485,260.400846071662,312.450246493625,244.964418397839,367.17847060595,224.034713885758,274.338324121788,247.064899565257,213.309253743236,305.356273283759,240.09471089288,283.452879520719,227.152468182339,170.909479814482
223,223,2220,0,0,0,0,0,0,0,0,0,0,0,0,0,0,0,0,214.162676375953,266.462868738402,289.052925568768,234.43368176753,274.810277134903,248.188830166373,354.141991760557,238.683711313948,277.462367349119,325.557935968161,212.071450159301,290.419174864917,277.478930856714,270.115165905093,194.791325091006,200.625475612293
224,224,2230,0,0,0,0,0,0,0,0,0,0,0,0,0,0,0,0,231.168437042555,230.495758349169,208.952132890524,272.436827472908,253.397620559476,264.769513344337,356.413513606819,223.715752776214,285.396304923241,286.855830820165,258.327459975517,188.358986326258,228.670213850606,224.584494410528,249.470994636556,269.236504640665
225,225,2240,0,0,0,0,0,0,0,0,0,0,0,0,0,0,0,0,239.651742702063,309.21461616967,213.589203876944,230.767643163869,259.655987639362,251.680838794334,343.029293609235,284.176610820025,265.85881807558,251.758879717289,239.691149358201,292.850187094242,271.642072639259,306.760858635893,238.828098501589,220.823285623605
226,226,2250,0,0,10,0,0,0,0,0,0,0,0,0,0,0,0,0,243.846672906179,276.422678686054,251.26092617399,250.877127540503,264.025166169762,292.60743017017,339.158847952217,237.390519330508,244.092830794802,251.303247345524,248.078262768823,281.949471919295,244.78362038806,260.259982285226,267.785315707514,216.246182615695
227,227,2260,0,0,10,0,0,0,0,0,0,0,0,0,0,0,0,0,264.212333476518,247.40548225374,253.670322693205,247.673463339652,277.434835079022,286.3907164451,326.2253833262,290.357179111782,278.353513465529,208.380086018553,224.137520951854,255.537568356676,304.050438613308,262.263250039862,327.848587507464,296.919391272254
228,228,2270,0,0,10,0,0,0,0,0,0,0,0,0,0,0,0,0,212.395863617422,243.116511046267,253.06077519852,286.506270367992,206.241399561434,188.398566853559,326.64467046858,276.658219549773,262.094471553453,265.786320792258,256.736934422685,252.401245879939,226.839444491099,277.332248273043,201.64099540642,279.29310338738
229,229,2280,0,0,10,0,0,0,0,0,0,0,0,0,0,0,0,0,283.358450502335,255.976419686889,240.423764641636,237.908365380799,233.479238110197,236.503219374185,324.71225813091,211.28736924387,194.909524101581,265.080182573014,232.060344771314,278.682831087229,264.99803057411,326.281262611007,213.969477818981,201.457389105873
230,230,2290,0,0,10,0,0,0,0,0,0,0,0,0,0,0,0,0,240.026772446236,229.697844937215,212.181960264594,263.909609440466,306.708950671502,239.139571197733,329.612487824186,244.855944360015,199.176466383334,211.761264395481,262.462967763372,292.491781572705,211.565930259321,287.460751516426,283.634036137106,287.932663094151
231,231,2300,0,0,0,0,0,0,0,0,0,0,0,0,0,0,0,0,237.666284668114,238.061717654117,234.071650771596,263.99796215901,319.520134777043,220.824131205364,344.28121652271,273.717875911943,291.855963746024,228.026991743187,274.53449040241,274.56967569906,220.812549197305,281.453982683152,226.280566508981,280.605863287087
232,232,2310,0,0,0,0,0,0,0,0,0,0,0,0,0,0,0,0,285.301464478678,298.35220418482,178.119586799822,318.901775167814,284.688825980453,253.887295252514,307.915020186016,271.963324024643,227.188219288753,260.760945388738,257.332000962811,246.542931540243,293.624860483159,282.378245308565,262.683107270228,257.024145752175
233,233,2320,0,0,0,0,0,0,0,0,0,0,0,0,0,0,0,0,227.559466281935,282.797558955559,271.038182404147,229.304933139987,225.977173661505,233.602844128188,353.836275327944,241.105476175535,198.376038131949,333.528031077942,270.982002023722,278.817686152305,193.705177636096,253.172431294957,282.980398910414,203.553760224983
234,234,2330,0,0,0,0,0,0,0,0,0,0,0,0,0,0,0,0,267.233586189263,229.493930573733,233.345504199704,211.477551027196,262.897026698401,242.076054632493,356.748134684547,213.896200918332,186.488928167054,218.48538301972,152.611527643905,186.956867994496,179.815395273593,248.00328657331,263.743508800136,258.341816061528
235,235,2340,0,0,0,0,0,0,0,0,0,0,0,0,0,0,0,0,272.168765454412,273.790561531777,275.398714600681,243.562613339151,240.295636156478,268.063252324562,339.9136984643,287.676720057741,271.63019466,225.593457881985,285.175044809895,271.219233020399,208.332653589348,237.330954742846,275.179798995195,232.990503002365
236,236,2350,0,0,10,0,0,0,0,0,0,0,0,0,0,0,0,0,322.31447204061,239.591928185167,296.689797147228,234.794396538273,318.372766481167,221.778198803097,335.096682756985,267.570420065096,248.006340175184,285.141088092196,242.368755941191,253.879716013004,170.496189099964,238.579036600131,258.158953763979,212.515043614206
237,237,2360,0,0,10,0,0,0,0,0,0,0,0,0,0,0,0,0,196.767946550197,240.416610426328,218.869264730496,276.806168384004,227.392131666312,267.817756959911,344.214054781629,302.357954896832,268.935456963563,278.763556499557,298.443818450729,231.06928666685,234.262986944267,287.616415393715,244.034762326784,258.408979862076
238,238,2370,0,0,10,0,0,0,0,0,0,0,0,0,0,0,0,0,220.981285461132,268.937653441505,261.584500585967,285.868654152642,234.127909793048,209.364475266088,309.693366528323,249.484985182139,209.520137288558,211.707062454043,263.581984671212,251.931892851797,217.293543672434,276.432530135678,304.696866886819,268.208740108081
239,239,2380,0,0,10,0,0,0,0,0,0,0,0,0,0,0,0,0,290.256874628235,295.980459207193,265.523645121351,291.104260407489,206.075224450804,230.149229463893,321.766311478639,278.170352062054,197.105874891328,168.131804825738,211.127561735454,217.736841498474,303.153459395034,191.512247713577,303.260081747218,236.916023821285
240,240,2390,0,0,10,0,0,0,0,0,0,0,0,0,0,0,0,0,245.205042334602,274.267188532143,304.359935185759,283.241363645647,254.97659241165,258.645715563253,342.665176562634,230.163038194641,235.767400430943,280.053622404794,233.232405402925,231.213837603796,234.867026943294,267.22538596529,234.230727075866,253.353652206114
241,241,2400,0,0,10,0,0,0,0,0,0,0,0,0,0,0,0,0,239.998376455528,219.505273925219,256.270269949307,214.834456876871,191.425950098809,145.564381144805,344.145859128387,202.336529893224,269.896761472884,227.354069314723,241.028350833468,230.663087987924,249.979389535805,308.395882532376,270.296822572949,266.006342889758
242,242,2410,0,0,10,0,0,0,0,0,0,0,0,0,0,0,0,0,204.80898870685,258.258735018033,287.228177524308,211.660903245775,281.830810585738,261.779803675592,331.297919270756,258.717369072558,188.561435426162,246.840036111635,226.05062444419,238.067012325294,332.012856107117,235.249385650076,200.130814370634,237.036026399376
243,243,2420,0,0,10,0,0,0,0,0,0,0,0,0,0,0,0,0,252.041057142067,258.789661049422,193.953764654265,286.087456799707,250.048350715101,283.715370124774,357.056972276797,227.929990233153,333.195504312438,242.666375276394,261.937550087094,339.894071908523,274.845162818501,245.655981686124,257.579916302803,298.373810776646
244,244,2430,0,0,10,0,0,0,0,0,0,0,0,0,0,0,0,0,208.686275041362,276.769550882714,257.899844118067,280.986440543536,277.799180246708,244.874877775563,350.787197515475,242.872163014178,250.207123842448,307.088980316533,195.743274961134,197.890911802982,230.52410290321,246.088550425872,269.268185254599,235.69486638826
245,245,2440,0,0,10,0,0,0,0,0,0,0,0,0,0,0,0,0,243.088128477173,314.080167459532,309.438372184341,256.274445841738,289.821245617431,297.959983117117,358.051590532475,252.261783313545,218.874101768746,282.475521717596,223.619636079356,235.639738627563,238.882622913353,301.656052010417,255.546885558217,284.896463220467
246,246,2450,0,0,10,0,0,0,0,0,0,0,0,0,0,0,0,0,216.350874066201,222.91468193059,229.273982137923,200.713013799988,301.479351943781,258.656666508437,365.512904068464,275.035276070598,214.586566270655,224.747829091579,289.678980308155,240.670538206275,322.778628289184,190.295646294341,276.93381991328,245.592423039841
247,247,2460,0,0,10,0,0,0,0,0,0,0,0,0,0,0,0,0,180.472170616798,232.540582295079,210.637405985723,263.074326015622,261.820413566797,222.018345218825,365.658104712426,193.223715149657,258.504673490785,306.65793558966,237.093475073847,229.99004835811,210.99087909613,225.554726848968,189.032195559119,228.576216433287
248,248,2470,0,0,10,0,0,0,0,0,0,0,0,0,0,0,0,0,294.326899267807,230.67419508734,210.733868882908,263.006810554699,342.631701321931,258.753405965541,358.840479595032,227.791382096981,299.135312273343,241.721611288504,338.214471211817,226.359995401305,300.047975608458,188.519716987802,247.757394078364,256.069659499258
249,249,2480,0,0,10,0,0,0,0,0,0,0,0,0,0,0,0,0,256.06757901101,224.882891649623,276.052711077499,234.769794984426,278.807896164033,236.594840401489,387.498374022902,248.026811255854,268.232613099726,231.507128848832,194.582688434448,258.66773196445,256.788132927397,273.471131168775,200.299947981398,210.541561462962
250,250,2490,0,0,10,0,0,0,0,0,0,0,0,0,0,0,0,0,238.188371077616,221.149793135717,210.063948694127,217.704786444039,252.491933215029,182.010087696112,376.81104523758,313.770165689398,257.600927588422,266.497315775144,234.14992041319,190.828216222241,243.053436884006,239.286719671847,260.496390137857,312.408411089963
251,251,2500,0,0,0,0,0,0,0,0,0,0,0,0,0,0,0,0,228.645476851948,238.540387628683,271.385676117432,245.371181820119,194.171145454227,214.727932402514,379.995416741059,235.597620997097,284.041696349967,240.34733896209,255.209422952882,227.751170308456,256.031593297174,275.182653384728,311.46458223841,236.057561158587
252,252,2510,0,0,0,0,0,0,0,0,0,0,0,0,0,0,0,0,342.447604140093,249.608884021242,236.110257923717,254.813970809237,230.388087220844,286.084136567625,394.545805114919,240.694478420507,239.647202235142,249.697734374712,273.646412065519,274.905777533955,284.91169453133,273.714749427942,276.494837405965,289.418871129749
253,253,2520,0,0,0,0,0,0,0,0,0,0,0,0,0,0,0,0,236.413239842923,245.143915988573,245.600774686893,197.463916310262,275.490997255626,278.108640088649,390.365603434905,186.112966436574,238.370964509282,265.6156076523,251.831450235695,218.354626995705,212.964724732062,186.23173592916,269.811712357084,249.181182466103
254,254,2530,0,0,0,0,0,0,0,0,0,0,0,0,0,0,0,0,251.706239536774,198.29550043747,303.179953864564,238.41629030167,205.84486472399,217.720987917633,373.85145747654,263.048088677989,268.282225834062,210.430471187377,250.243673283226,252.320376330433,208.558916151195,177.956913623698,213.329750971076,287.873224326773
255,255,2540,0,0,0,0,0,0,0,0,0,0,0,0,0,0,0,0,279.807774626012,261.902359476327,282.71826851975,263.572116098309,298.023028321204,286.768521053347,362.638253440638,231.501767007543,260.590661722927,296.833609268507,301.545667949274,272.432044816274,190.312313517936,193.987189979754,291.68228914899,257.510158263093
256,256,2550,0,0,0,0,0,0,0,0,0,0,0,0,0,0,0,0,269.493752489153,240.514759979606,209.887943997866,207.651653458135,231.38926734252,290.335953470067,361.098473813024,312.806107887769,249.592804645454,239.739543713226,252.838627397713,287.883670312784,246.26850131178,231.378547948652,253.92412956466,208.659860945921
257,257,2560,0,0,0,0,0,0,0,0,0,0,0,0,0,0,0,0,269.327157364757,180.658901094379,300.500978737553,266.612499195066,285.005630484445,285.006499731234,381.419937499653,236.473941747079,291.651223979926,260.515769172239,230.323676335254,241.552334795971,308.351726520636,251.593029193748,222.480850143138,318.910004188439
258,258,2570,0,0,0,0,0,0,0,0,0,0,0,0,0,0,0,0,197.252431637523,246.460831034569,280.124725756029,265.033515867922,275.068731587681,246.764632395618,354.886068279135,237.541616569838,271.244947499454,251.175506025128,232.271664729868,282.274889396136,242.304732526842,250.034947541449,293.633686555758,251.131421975936
259,259,2580,0,0,0,0,0,0,0,0,0,0,0,0,0,0,0,0,249.420287455128,231.1746029919,141.480672569477,222.818934451539,196.605057289893,207.98072359807,319.026345173712,266.454929195718,239.511528160403,224.264125254089,304.288124425187,283.974952196357,302.806752613133,276.525000408057,248.456610622699,331.468428364713
260,260,2590,0,0,0,0,0,0,0,0,0,0,0,0,0,0,0,0,188.432963172739,229.119719301032,280.393199176592,237.606114122118,237.543442738541,267.217096919845,341.583438826296,293.314941727931,241.799525254112,224.727908370279,242.919815714238,225.525369365328,189.612435167562,255.447657625563,261.851535728865,271.60159898637
261,261,2600,0,0,0,0,0,0,0,0,0,0,0,0,0,0,0,0,283.272529436689,167.623614389183,300.490979527858,228.315155033944,269.844672312603,262.888476597693,318.479984917192,271.758065576086,242.75583893333,195.744534706846,258.598256420415,291.661595568434,195.874484786682,225.452532899857,290.860886426168,314.066769879392
262,262,2610,0,0,0,0,0,0,0,0,0,0,0,0,0,0,0,0,259.298254268383,244.997089764253,321.687197242851,251.284079355874,236.098626539533,269.797421950991,333.529240295768,224.14761069542,277.270876447407,271.190362433953,290.471253963979,285.332840502887,263.221587936693,267.002408100609,247.160424115738,253.86507058592
263,263,2620,0,0,0,0,0,0,0,0,0,0,0,0,0,0,0,0,272.379831600335,221.672567654596,280.070777575866,213.840365933252,313.748519499675,192.609562856734,317.997339678929,225.188409679632,244.386052170936,237.856146250209,298.901992115505,246.408196674611,271.218915913477,257.168228384827,189.210460576637,296.952601634927
264,264,2630,0,0,0,0,0,0,0,0,0,0,0,0,0,0,0,0,214.951613571231,227.786149871468,251.338018979781,253.873853446587,275.484551734994,199.116665862132,310.921362695786,295.95821255013,311.239414671539,256.507366359379,213.16830885364,280.195618927772,284.039408461618,219.098860322863,215.003430682874,224.577926096334
265,265,2640,0,0,0,0,0,0,0,0,0,0,0,0,0,0,0,0,256.139380533521,271.416366674379,282.074737924189,287.721637012402,222.936792418235,281.901778806125,289.069952657989,225.706232788454,239.347977932528,197.127429939854,238.030843208346,253.400280235537,270.293954268979,234.648349767175,195.968461688465,239.848271195011
266,266,2650,0,0,10,0,0,0,0,0,0,0,0,0,0,0,0,0,316.072449324466,213.163637166071,307.45978342898,212.977930312321,205.916834493836,250.354134923633,275.842363128865,291.004457917614,269.480529011906,210.432780879751,205.750483298138,306.979973020223,262.420137438963,233.008236784544,251.10453321007,219.463243824853
267,267,2660,0,0,10,0,0,0,0,0,0,0,0,0,0,0,0,0,285.941351695743,310.301363124379,188.830184414575,181.659466171537,173.552406886249,193.948959291129,313.683026779347,248.74803763676,251.057101557946,308.66528500202,262.305032692473,240.692925581574,287.952819475424,268.401198521891,272.838122562267,283.051927833838
268,268,2670,0,0,10,0,0,0,0,0,0,0,0,0,0,0,0,0,325.110624151741,243.523941273137,265.513795270129,240.628479607742,205.734570941207,280.582906678528,297.128001183008,292.574542237687,220.48635804593,231.629407832225,198.908442820179,215.691114997966,213.293882827,205.852595134598,201.223688997597,264.782825221972
269,269,2680,0,0,10,0,0,0,0,0,0,0,0,0,0,0,0,0,219.209350170348,269.675821039009,275.815644133347,217.53822192607,261.606705315707,267.492270262118,274.927364560004,336.034951340801,270.375272016156,272.138577781692,252.689845960943,203.732143655435,237.686889701946,198.205331227922,179.096404898929,253.867649701658
270,270,2690,0,0,10,0,0,0,0,0,0,0,0,0,0,0,0,0,287.201745628096,226.765467926404,233.505568269823,280.416108365622,299.027791455756,229.357866829649,313.570355207572,334.633049037242,209.948227958663,294.30142777895,254.49295944169,195.968939156377,214.518405042907,300.083449570376,198.005792557308,222.141323941609
271,271,2700,0,0,0,0,0,0,0,0,0,0,0,0,0,0,0,0,313.25568049683,224.017065553632,227.403042950865,290.927685262804,294.854979230527,216.268516535641,312.568272903814,225.73771356325,246.671873942629,262.925448601289,222.132705390467,306.906582414375,293.265963286738,311.905041930201,298.483797360947,269.578046835951
272,272,2710,0,0,0,0,0,0,0,0,0,0,0,0,0,0,0,0,236.244780717847,250.237281758049,213.165941143389,231.589025978771,221.222487052867,223.897315429532,323.772367476044,264.914353258307,210.075849226126,272.266567193912,214.929405723357,251.247880510591,196.219600817236,250.933045705224,263.263811337641,246.847155529225
273,273,2720,0,0,0,0,0,0,0,0,0,0,0,0,0,0,0,0,189.664436286456,209.887818888684,285.719637072371,181.969114265784,170.285563191527,243.268695925576,312.352007779737,248.189414123785,248.708130700185,253.967765232405,231.181307299102,251.128124969626,245.808967321833,335.964204821296,241.666721420752,228.535724272764
274,274,2730,0,0,0,0,0,0,0,0,0,0,0,0,0,0,0,0,214.022792560351,200.011204251037,240.425735075124,247.001064888771,207.849925060333,252.127402490218,325.161878428369,273.338838869755,237.762425534759,218.341185048037,280.64093919616,296.04876521117,259.074924899536,193.410206493641,310.071721825364,271.246733886563
275,275,2740,0,0,0,0,0,0,0,0,0,0,0,0,0,0,0,0,236.960461073962,280.188357257367,278.253736407953,202.257753931998,283.433280242619,300.196767918423,338.298516463071,270.556049048582,217.861740714268,257.742994034172,276.34780088633,298.143759419616,279.186251693109,268.532159946806,244.106788405521,233.440324162706
276,276,2750,0,0,0,0,0,0,0,0,0,0,0,0,0,0,0,0,261.948316949356,285.954139885618,213.585204211649,246.629827942331,296.445614257045,269.640026652608,319.962062428881,260.994606282978,282.717750544028,235.924197410397,261.110098827943,225.065695536995,275.483215540563,235.39815508355,265.842794239514,297.392778824171
277,277,2760,0,0,0,0,0,0,0,0,0,0,0,0,0,0,0,0,247.807512071182,208.970946896491,257.219680094172,242.684637728289,265.395093892211,262.870438429905,275.073663713703,226.471075217194,177.13752216958,211.66413699142,225.363128473757,245.728191121576,233.207721753637,223.215318371273,258.581832391063,273.116481427982
278,278,2770,0,0,0,0,0,0,0,0,0,0,0,0,0,0,0,0,270.171600351384,272.515850534606,270.143389480761,226.263329609295,218.026963095084,299.421086784965,307.897438338323,307.761193816198,208.751350918299,276.889471571124,224.692786703406,253.923183635248,258.591230676325,285.312087652444,266.964307659725,280.333628842464
279,279,2780,0,0,0,0,0,0,0,0,0,0,0,0,0,0,0,0,230.891929432583,246.208899212901,288.23644571609,243.918724830834,241.660747540858,223.973796699017,293.014608539881,295.722504023342,277.486096359906,219.777577749637,216.508448205156,278.592968745314,259.797243488782,185.444729834782,193.051242399299,211.509324028619
280,280,2790,0,0,0,0,0,0,0,0,0,0,0,0,0,0,0,0,220.861481119055,252.650194813717,247.924369587651,258.288676306841,228.631702089155,218.488817838919,308.505135382112,246.26673456964,228.705428623828,268.877014928981,212.417422426177,201.894825822135,209.720526789535,202.137219071875,246.128830879233,251.921916451906
281,281,2800,0,0,10,0,0,0,0,0,0,0,0,0,0,0,0,0,279.961706387771,227.454245599886,159.429927047945,284.124703306138,247.568396163253,223.530316513457,294.460441795227,304.459526105673,250.22823300349,259.762032561546,320.068987007931,241.564349402355,240.544461016798,287.936157971865,236.811880533377,201.230140442956
282,282,2810,0,0,10,0,0,0,0,0,0,0,0,0,0,0,0,0,252.469889038395,213.853368439576,226.52394147259,272.420551179088,296.812801209468,233.888805509727,282.5103832129,205.196039761501,233.230271991338,279.791114398988,261.729307556452,276.344974746156,221.547005119905,260.638068513454,292.242730746975,261.112918794245
283,283,2820,0,0,10,0,0,0,0,0,0,0,0,0,0,0,0,0,259.349038490689,249.519405663876,212.510780221262,250.719352016675,151.334165969825,294.49585543496,327.580643064684,286.047087647112,224.13863953016,264.46823994973,241.900558891019,231.233327818105,311.225351943111,261.243554575702,245.082421832756,199.72611225959
284,284,2830,0,0,10,0,0,0,0,0,0,0,0,0,0,0,0,0,226.832291514061,275.656026940462,274.380001972736,227.474128358203,285.81428189929,243.964351336609,280.49353716353,223.869439289596,231.85006501452,243.359824316164,257.390622105233,234.245811601859,257.899748049251,294.964084141474,197.6339189511,234.875960589564
285,285,2840,0,0,10,0,0,0,0,0,0,0,0,0,0,0,0,0,261.349085690611,261.300200058376,243.91064474721,235.618915635581,252.140923514095,242.048763688037,276.545394211665,202.509414972048,270.422989677566,304.383933924141,275.780622661062,216.864720311123,218.309680391319,265.795684235441,246.181491037339,249.107311645267
286,286,2850,0,0,10,0,0,0,0,0,0,0,0,0,0,0,0,0,316.368381034545,244.400215193561,148.686842007416,185.072238406502,220.721706024734,272.871066600542,310.035355343518,228.122744791755,315.275518060323,275.690173014024,252.962065982436,271.136556207333,235.906398215029,356.074798008944,262.867280937947,222.805484786428
287,287,2860,0,0,10,0,0,0,0,0,0,0,0,0,0,0,0,0,278.17909014806,315.967427961808,242.238184311684,258.337772447879,240.576404161982,190.369198110628,307.241711823023,248.225022030499,271.077618408193,247.274638556579,251.889845845297,291.548533871953,240.603367147142,273.381447538446,259.457666386731,291.107719303842
288,288,2870,0,0,10,0,0,0,0,0,0,0,0,0,0,0,0,0,314.430316063576,260.836667133452,226.837016276798,208.492791468794,254.77763253979,259.218453101741,339.674706232727,243.884915019063,211.078053987607,318.598624501976,197.558679024487,228.638607943119,234.738038922973,222.453580483662,219.903036751318,199.716623394682
289,289,2880,0,0,10,0,0,0,0,0,0,0,0,0,0,0,0,0,186.43139857033,219.306183462072,284.512878610812,188.478824884213,253.263830044562,290.145522901239,336.232219548732,290.495322972411,209.881446881688,276.077412926105,225.82061075806,196.873527914692,263.750577992629,286.653760469904,208.38409342024,255.4001230849
290,290,2890,0,0,10,0,0,0,0,0,0,0,0,0,0,0,0,0,244.535435419745,207.637246152818,201.976146229513,258.330465703426,215.472585115356,213.700347288902,339.829216565666,196.35402194996,223.962568352137,256.439769940456,255.21708846913,308.380791577005,235.573635707642,217.286052183894,186.078989042728,232.789489254792
291,291,2900,0,0,0,0,0,0,0,0,0,0,0,0,0,0,0,0,197.834308600752,243.055972967573,226.657667418495,237.645693722645,250.77467449892,184.036685967033,348.893652759756,188.065965138851,279.574041552091,190.897153923417,259.427933278302,227.993200386766,287.126826645318,219.119954664271,301.378865074486,276.22785786606
292,292,2910,0,0,0,0,0,0,0,0,0,0,0,0,0,0,0,0,275.850556752108,225.374920450908,246.620882449208,155.14647380409,177.984596526099,221.686136639501,353.055312558743,231.723345797551,218.427036432888,302.811018113134,269.671915334759,304.43756649711,262.885803376701,236.427440030018,267.505610747284,179.383866683746
293,293,2920,0,0,0,0,0,0,0,0,0,0,0,0,0,0,0,0,224.744981871242,226.503881805078,206.885699560323,273.06385023203,293.67533314767,283.439453987845,342.628608516911,213.733642431094,227.669158111556,284.802303951819,219.547593226726,174.429541980815,270.688731276648,249.607116759399,297.948712526212,250.079632387591
294,294,2930,0,0,0,0,0,0,0,0,0,0,0,0,0,0,0,0,222.353082431967,274.887442604421,242.804618853247,262.675487600175,237.192273624798,275.710798321703,372.441283386633,219.267034037319,187.953698514564,205.870825968309,211.049057816164,282.892300591001,270.089387096147,219.47814211979,257.804231774758,231.060656737429
295,295,2940,0,0,0,0,0,0,0,0,0,0,0,0,0,0,0,0,265.513375616606,235.718432863241,251.534758363874,237.206375674521,262.099134240806,181.022940807518,338.484862509768,271.35869192062,265.237562534812,264.915800422414,245.451912664255,274.046906052121,272.123247147782,296.478450038485,263.11219851264,237.27050996875
296,296,2950,0,0,0,0,0,0,0,0,0,0,0,0,0,0,0,0,242.322733774671,266.543576851137,231.195402301083,304.39287775262,220.346537464617,271.81878162364,332.273709766113,245.88121076946,208.25367187954,266.536387675476,174.446898032389,257.344901917542,245.097489582529,249.856641758897,315.62851135531,312.378992136647
297,297,2960,0,0,0,0,0,0,0,0,0,0,0,0,0,0,0,0,265.684130589982,296.635579738818,241.250828758905,284.705703809391,239.692604346114,206.370492369255,331.667826538649,262.199231356585,268.072651589278,240.878998176185,218.978785870105,300.469804925215,258.305750186771,253.532716831273,197.197979893046,277.045970019311
298,298,2970,0,0,0,0,0,0,0,0,0,0,0,0,0,0,0,0,307.354818218238,304.148694477607,240.921935767468,184.167673706649,209.821727102185,248.002067468748,336.555960059412,249.173589804221,208.359468716338,193.187177060729,292.28373319515,300.05372342732,201.791394737608,235.485514379939,264.736955731395,237.446905375454
299,299,2980,0,0,0,0,0,0,0,0,0,0,0,0,0,0,0,0,219.709417789018,296.07292928496,272.502717998424,263.106670666776,226.401952764954,247.909508329334,322.959552149122,274.645332426139,229.197670252334,289.950875511091,224.578949702488,207.245372050391,274.693989142081,228.787235407928,221.840224284549,284.104656816504
300,300,2990,0,0,0,0,0,0,0,0,0,0,0,0,0,0,0,0,283.406064897918,228.976676134348,221.242761130372,229.213309711396,359.008222927475,245.420743294432,309.339038968611,248.492586856951,240.592489077932,177.853799151352,194.226153199145,279.015813751644,235.327996029826,228.676214836733,240.983961920839,325.294099148423
301,301,3000,0,0,0,0,0,0,0,0,0,0,0,0,0,0,0,0,218.772618526424,246.684087404333,288.033417864605,226.648133052932,205.701178133709,206.472459341439,323.212611841348,261.329313573568,301.37577006496,251.391419478357,237.774338009487,151.048175877466,248.534224051698,225.602475088316,187.930318742389,239.886284542561
302,302,3010,0,0,0,0,0,0,0,0,0,0,0,0,0,0,0,0,291.248416501141,225.403444329281,289.900655754142,206.844541976864,244.499714167205,256.771418270382,314.717917636005,163.860657374071,268.093501816877,252.912521934078,235.323303379969,265.710749936961,265.507015686271,221.650934390986,251.358003278586,270.396435331238
303,303,3020,0,0,0,0,0,0,0,0,0,0,0,0,0,0,0,0,305.226263677841,204.471340315615,210.549744753783,245.23496019388,222.515867329403,220.595479042684,284.493909385339,287.928991357412,264.690855495787,253.471950851859,312.147717412302,271.801494351775,277.845040266013,286.485021240199,274.098646360699,292.354973342193
304,304,3030,0,0,0,0,0,0,0,0,0,0,0,0,0,0,0,0,283.740669452735,183.548235553875,212.704474809996,179.150406305243,252.278220553042,294.397678663,305.838362461736,267.571773544432,303.630126541564,223.361640746663,298.492088790815,283.914158935288,239.079322877803,276.194711242621,300.286031708743,235.119249766357
305,305,3040,0,0,0,0,0,0,0,0,0,0,0,0,0,0,0,0,224.158261641782,282.05079228445,287.903190765375,208.222162992173,219.462677884645,240.197716350986,296.116077994038,292.889887192355,273.014032039883,314.687652838945,248.772116464015,221.440844509417,259.013640808768,234.719478715677,248.146263145254,227.389297669432
306,306,3050,0,0,10,0,0,0,0,0,0,0,0,0,0,0,0,0,276.493512335722,265.86203676059,247.444554673338,244.328529356068,200.386520712973,209.613107512458,290.691697749632,246.00638799878,249.251533782549,329.580512846157,273.889097803681,247.434904095613,258.838725153436,232.809041107518,218.275940220496,300.321533789801
307,307,3060,0,0,10,0,0,0,0,0,0,0,0,0,0,0,0,0,236.699667558729,259.371492404022,239.409185940606,224.869633305411,243.789797566731,218.764376202586,287.739334756462,267.591186626742,199.908964086826,210.195063147602,246.228854053959,273.155153529813,243.842284547995,262.228006795599,190.698487378715,295.719077489265
308,308,3070,0,0,10,0,0,0,0,0,0,0,0,0,0,0,0,0,238.638811064846,267.048204370964,230.345888659736,257.572423680975,239.623190550382,237.217193488233,286.197873230166,265.218479132017,188.140872970709,269.911607781115,330.337881909335,248.311745592422,292.942040911779,213.174944995773,193.133008673925,241.181064428903
309,309,3080,0,0,10,0,0,0,0,0,0,0,0,0,0,0,0,0,266.396772129696,168.278196971614,287.395643028472,202.028492222687,226.107066074486,180.919293061899,290.164636723117,241.813590280373,288.782848122771,309.295175937524,236.592531569547,236.236854273249,283.938910390961,222.996898636697,264.203416564263,239.233127282392
310,310,3090,0,0,10,0,0,0,0,0,0,0,0,0,0,0,0,0,256.269124825801,238.96121346729,310.70498577579,261.823868549726,237.242066058411,276.827249521505,304.770484600128,155.251104662131,254.989304939769,254.641651887309,272.239547715734,208.286373038503,198.718277901374,256.643952023143,367.246990726614,241.325374405719
311,311,3100,0,0,0,0,0,0,0,0,0,0,0,0,0,0,0,0,264.478958766384,245.934286791383,222.203255245595,268.028527036661,216.645299891173,251.546423104669,333.135785270744,217.33679308072,247.755263538541,256.741198417827,233.545577185917,261.071371520897,245.688365352819,281.217464715603,281.739038047125,307.639012997264
312,312,3110,0,0,0,0,0,0,0,0,0,0,0,0,0,0,0,0,285.443104207421,243.326251362671,216.366727700922,161.420587949025,311.000197542536,284.458056641389,315.968284356102,184.508320690054,313.929875959511,219.532127505185,299.16136491513,218.734790371477,253.054680161081,262.18281296161,274.319684673247,274.493670598457
313,313,3120,0,0,0,0,0,0,0,0,0,0,0,0,0,0,0,0,210.610631437464,282.181717664124,282.40211272926,240.107030886699,244.090397809541,250.440947476676,311.150949727646,231.926920507423,176.413806764768,181.294382113892,233.027172695207,265.652122672004,236.160712389021,238.024972044086,281.433876271608,234.91798020607
314,314,3130,0,0,0,0,0,0,0,0,0,0,0,0,0,0,0,0,258.981446135121,262.438550337215,256.84209696341,248.114222731915,358.703369298591,235.702329422105,318.269710846401,230.430683588157,264.16925632335,233.162687941413,255.78610092809,223.969729660659,234.683775957574,209.999570752969,279.090668405406,187.857996743186
315,315,3140,0,0,0,0,0,0,0,0,0,0,0,0,0,0,0,0,232.507239652002,243.096502323849,238.108167263254,316.87236099148,267.784988145965,256.823113522556,306.743684817502,286.362860055672,275.109041226358,264.547725201572,297.008814292034,266.475539940293,272.243114784294,263.877553213201,247.957383983586,219.838799320065
316,316,3150,0,0,0,0,0,0,0,0,0,0,0,0,0,0,0,0,237.926231775641,211.843238279828,262.451267309362,296.229217130914,250.081707253979,251.425577155386,328.757441192316,241.481551083148,247.077550508031,222.416847446375,316.458363638343,215.622566919332,239.050532371496,197.005669094545,286.014301894682,254.649238459272
317,317,3160,0,0,0,0,0,0,0,0,0,0,0,0,0,0,0,0,274.152671607474,256.52863568242,305.036303480959,210.293442584451,237.534049375882,202.030532463633,329.188641828877,275.712810498742,200.071347160059,344.970946023994,263.121546285226,238.945689543093,232.878765362581,185.646624386115,261.760360691051,259.074952387578
318,318,3170,0,0,0,0,0,0,0,0,0,0,0,0,0,0,0,0,242.388355582819,260.639800006711,248.171972200451,226.697842782189,220.180531478029,264.098758149883,293.801097887372,273.49712571552,304.569604637322,284.99059672783,208.527342513717,230.23738738114,228.01842798595,281.45789916889,332.753458287354,304.608634961717
319,319,3180,0,0,0,0,0,0,0,0,0,0,0,0,0,0,0,0,234.085854810271,264.613196144651,190.233216063686,256.278665752943,328.623622065605,183.914123527746,289.079621209741,213.565348892766,293.388515377592,287.584871265528,240.883242931369,246.115698745744,193.004933108748,272.870685397589,256.922994620514,281.461167021344
320,320,3190,0,0,0,0,0,0,0,0,0,0,0,0,0,0,0,0,216.873705944796,277.545617084434,224.056088384993,236.325130226574,192.120981454455,259.671159017543,296.871279529507,230.838880494721,287.764090091826,264.764072333126,266.168487705393,289.200273506223,313.132889591036,271.348349866105,216.385736706429,262.49060165
321,321,3200,0,0,0,0,0,0,0,0,0,0,0,0,0,0,0,0,306.520475599072,246.367902165676,272.502798353864,181.930203408557,185.749622077685,221.799198517457,288.155823604582,177.213082644201,203.787819753191,235.294519662687,245.26328346361,193.361374103814,273.719178803463,276.492517653186,279.790152066392,219.668459730094
322,322,3210,0,0,0,0,0,0,0,0,0,0,0,0,0,0,0,0,223.94064108383,299.657659830818,279.72118989926,276.730616749286,274.84240766526,282.282731882165,269.52325952719,219.88390469644,270.170304576284,209.261482749996,247.117380361044,264.566137258027,290.476868929637,312.512875482888,229.752769425357,265.226340821009
323,323,3220,0,0,0,0,0,0,0,0,0,0,0,0,0,0,0,0,260.506212250081,250.653942963526,334.640735934862,316.115535437936,230.313504348806,269.838970524278,283.298050223727,293.775118096686,251.69741990354,236.447268090574,262.017118797372,264.357848832213,212.330561157915,258.554480185794,238.046005633426,217.365560160693
324,324,3230,0,0,0,0,0,0,0,0,0,0,0,0,0,0,0,0,227.603193558544,274.506862893086,236.914776406882,321.900408447447,215.706486708391,251.49553140236,280.010902940627,203.130207094854,199.649478276298,243.335164310255,245.550025990687,322.401625758144,267.509619305104,214.393422032926,251.054938267936,245.287656806052
325,325,3240,0,0,0,0,0,0,0,0,0,0,0,0,0,0,0,0,237.593474669281,273.941309666247,274.585084336759,232.68135284818,245.248190950938,341.231969955848,283.525533188466,314.807501392017,265.154281487488,228.557521009644,247.549641539533,169.441305510915,263.582843592803,285.691129152883,247.65877806413,268.734929140819
326,326,3250,0,0,10,0,0,0,0,0,0,0,0,0,0,0,0,0,249.982909420744,238.99430182508,247.146593384014,246.620416656404,261.719239857496,266.320838089586,275.70688273468,230.875147784029,118.298882067242,300.691379670987,260.172785358947,213.426040716011,230.508435210892,245.798308811057,270.438858500117,269.335956627162
327,327,3260,0,0,10,0,0,0,0,0,0,0,0,0,0,0,0,0,293.987559867972,237.901721382408,225.112388945651,232.555137151053,275.649820888161,235.545513330727,264.51367886818,263.594104238394,235.916059298229,315.545242751205,263.568276409605,230.251514572756,302.389606927979,237.87887646018,243.182617214774,176.827364231238
328,328,3270,0,0,10,0,0,0,0,0,0,0,0,0,0,0,0,0,188.949888684034,274.116573792004,236.202095580425,208.551885856286,225.945261231539,261.810795573164,281.71570527392,262.122493403386,198.808097789545,285.689735020364,269.78862894727,229.303978802399,294.86161160586,253.259005690443,235.02299390427,217.199751824954
329,329,3280,0,0,10,0,0,0,0,0,0,0,0,0,0,0,0,0,288.63782623068,237.906230162651,258.899234150372,250.462694579916,227.698279489064,270.281746419764,275.532742930818,244.128055184193,225.883902935056,200.278778674895,302.041208050618,245.937898172839,278.950113852393,239.249481502804,192.444313961518,259.931735104534
330,330,3290,0,0,10,0,0,0,0,0,0,0,0,0,0,0,0,0,265.85977453056,201.308190471279,226.976148203927,255.456524835522,199.96126746861,246.157994481304,276.355861776072,190.461695707523,264.275721689333,264.350985773808,270.809980905206,208.991870575873,194.255905083994,250.681660391568,350.93702031336,265.823885588877
331,331,3300,0,0,0,0,0,0,0,0,0,0,0,0,0,0,0,0,222.120244392872,313.431766719116,236.70660569583,292.282879818376,250.569979464655,280.84978023922,296.73326666435,208.713473973494,290.69461523963,308.659958655942,208.826841988712,230.740401945954,217.013349674664,239.475383553311,249.668059896336,238.64592486341
332,332,3310,0,0,0,0,0,0,0,0,0,0,0,0,0,0,0,0,295.308516909273,258.829836275135,283.705117764045,227.325893741539,125.83642364114,256.913906696108,322.185305800145,262.72711979089,287.686987102582,257.874450730313,206.373220294415,244.252889681553,285.632165197967,267.2728660181,221.888804475105,212.712635536229
333,333,3320,0,0,0,0,0,0,0,0,0,0,0,0,0,0,0,0,240.691468061211,252.479842260866,221.604998478187,267.450516713097,250.184101836528,317.649611155061,306.076178812012,237.519674311367,278.263969010769,258.634243130566,269.127416782753,216.062050466342,235.837902437537,257.210844373055,224.914150629728,214.322977927552
334,334,3330,0,0,0,0,0,0,0,0,0,0,0,0,0,0,0,0,295.343683374693,261.428893864071,224.322013262239,260.029944349875,275.248656326998,139.77135613788,307.850589718222,256.654693312131,283.642813647292,318.076976530325,245.213988075978,301.423160634762,292.796891665859,229.192812388379,248.000406641136,223.173889181944
335,335,3340,0,0,0,0,0,0,0,0,0,0,0,0,0,0,0,0,248.394459559752,224.969701099255,260.173324854355,295.688010737286,279.175178405562,255.903123828923,312.430755167504,214.382035471149,219.191385095876,218.111030805498,244.889732537754,227.485407317414,178.127628938552,254.372978020804,311.581447971521,222.872509212947
336,336,3350,0,0,0,0,0,0,0,0,0,0,0,0,0,0,0,0,309.657353711268,235.30074390054,253.963819308006,254.447245307955,299.455144753498,234.901915421264,321.821075561688,275.580216986076,228.055556516865,190.225365832379,260.115393233986,232.284955249157,282.966614783939,278.199409370832,263.85318804671,209.081666980136
337,337,3360,0,0,0,0,0,0,0,0,0,0,0,0,0,0,0,0,304.32722159552,241.781509651426,231.510422783264,283.530661511975,285.050278871265,190.436069964493,298.139035757489,270.680984144574,224.597097633188,307.533970804541,223.407987583176,229.320992474475,210.409352693125,270.586693462113,267.652143924154,283.914018785824
338,338,3370,0,0,0,0,0,0,0,0,0,0,0,0,0,0,0,0,294.471599579481,264.653968972458,227.287819895188,203.283139349992,274.040176742901,253.884090009104,299.283263264546,289.074137744457,270.350942916554,280.723370783522,326.552123715668,301.195599829973,272.563882399542,334.458154603191,245.812254374417,300.998622853478
339,339,3380,0,0,0,0,0,0,0,0,0,0,0,0,0,0,0,0,238.982257299962,314.097648784261,238.118438921878,218.019850223053,211.804622987298,223.979826633759,311.531441210758,262.66894813102,191.763183315474,342.050265855825,252.445129614945,281.915197735072,175.530621971873,193.819944988252,251.979494113598,173.379634371016
340,340,3390,0,0,0,0,0,0,0,0,0,0,0,0,0,0,0,0,211.501888183535,192.769790447974,168.377086743388,243.594035967622,330.092331279868,237.670107087719,303.880293802635,254.636244758996,266.995576571074,249.835083932397,217.73373288832,282.301877462025,230.204557363498,255.430607465047,307.273272421926,248.221460531441
341,341,3400,0,0,0,0,0,0,0,0,0,0,0,0,0,0,0,0,242.878294449734,217.705347881474,297.131351059915,209.897101600606,284.379080613011,288.782547358346,282.008506187124,281.476092282805,234.078459424563,269.793577369634,225.537961720601,342.662096348531,235.834005220452,244.16764924633,278.89629606862,245.020683264544
342,342,3410,0,0,0,0,0,0,0,0,0,0,0,0,0,0,0,0,216.557321559333,317.063174828703,208.766030635773,196.423318461288,234.370813644023,225.345792130959,279.209751987427,241.36836167257,211.81347900513,278.076943884086,253.618915478799,281.008384587228,270.82084115189,277.68957599805,256.779724454181,220.794416269409
343,343,3420,0,0,0,0,0,0,0,0,0,0,0,0,0,0,0,0,237.350639780331,249.704404846938,288.020199943899,284.359883441297,254.571336741502,268.805830716361,295.972463290814,252.526649145515,258.546134250021,319.665056534028,260.773538982855,287.053514707586,288.367603531262,209.352448857084,250.587260679667,276.120442178204
344,344,3430,0,0,0,0,0,0,0,0,0,0,0,0,0,0,0,0,269.229641552199,196.887885929657,229.094595012771,294.394056045903,216.048942530538,193.484409768817,273.465966617785,240.61292346153,218.700380742405,264.663640112688,186.28162172652,232.427141944591,290.625287484806,293.575567810659,220.594330904925,269.236620639159
345,345,3440,0,0,0,0,0,0,0,0,0,0,0,0,0,0,0,0,264.834252861262,235.325156159959,259.525746284108,263.676562056964,250.302272194566,224.65122126754,289.787417935021,219.809452606741,268.947052713921,170.013849853971,243.055175200564,188.585561169886,302.667168070241,266.664917027543,199.049128608746,227.807906723022
346,346,3450,0,0,0,0,0,0,0,0,0,0,0,0,0,0,0,0,263.00173786491,235.869655435132,193.369453743373,220.146093568521,224.2709294359,224.691856252646,270.801095602469,208.634867399935,292.145624480561,271.204123386053,211.919588074401,256.499621320311,306.244653990669,272.519315673887,263.766494318038,299.625608274196
347,347,3460,0,0,0,0,0,0,0,0,0,0,0,0,0,0,0,0,293.173499464571,279.03598321938,358.61816457321,277.192002993229,221.432060052773,258.907255189396,282.174800048443,238.988228702401,151.845752792672,290.989225539707,244.808935104065,268.614058241024,252.663290434556,210.86028193594,190.400253011943,306.570919811269
348,348,3470,0,0,0,0,0,0,0,0,0,0,0,0,0,0,0,0,266.271052820554,239.593029237944,264.266119426317,297.134872757986,195.901136077884,328.399687729714,258.98775382998,232.092357355577,249.720015983467,215.089733288547,321.399219944167,240.067429516712,228.964053075249,242.536335643642,275.464460822082,262.435730110557
349,349,3480,0,0,0,0,0,0,0,0,0,0,0,0,0,0,0,0,198.66915985219,251.952180704885,191.191161590192,267.010658929038,237.496434796145,202.679166214624,279.467711066559,272.942543388565,299.671106170251,231.559390821022,253.912923214035,314.760486163051,315.698176105226,208.482625893719,262.615668157259,240.721183510736
350,350,3490,0,0,0,0,0,0,0,0,0,0,0,0,0,0,0,0,237.385974514962,262.847906893029,265.598548713978,171.100941022397,272.223395376411,215.716350032082,274.492402650807,231.34959721227,211.668870677209,285.405271836244,284.581935515812,230.378744584036,247.439870927592,320.007479253073,216.973505003411,241.552413481202
351,351,3500,0,0,0,0,0,0,0,0,0,0,0,0,0,0,0,0,225.885078033836,191.530969794242,185.245937568898,237.779427705504,296.474484746009,278.975859783291,261.110635632127,245.136719828795,268.588875230359,271.522281699997,230.805013184432,259.966990677543,196.267755338464,205.751903387907,180.540339111529,190.697643220634
352,352,3510,0,0,0,0,0,0,0,0,0,0,0,0,0,0,0,0,211.785040080953,284.001069673915,317.092079884278,303.080115187173,223.070094065864,219.498465512649,255.111816471106,230.977149992993,243.893130792945,222.545480670351,238.675963361888,233.25354385921,264.85495924262,224.256951413803,263.970969642379,225.954184949881
353,353,3520,0,0,0,0,0,0,0,0,0,0,0,0,0,0,0,0,224.669956888054,249.124676741184,229.20599035663,235.230364641897,196.303192238258,315.854593950629,240.220677123825,273.042785412564,273.173094702364,243.212026973586,282.210105822504,255.663256507693,232.712022581583,240.507885626213,210.729628005949,317.207562297441
354,354,3530,0,0,0,0,0,0,0,0,0,0,0,0,0,0,0,0,329.162826692761,250.640807675877,228.302100699025,189.190550802168,168.393753847811,211.616974424452,251.487217280904,306.019721079329,252.095433023232,338.367178486429,292.667813535124,287.780457634054,185.874676227823,229.476969133209,223.571929896753,254.962864817137
355,355,3540,0,0,0,0,0,0,0,0,0,0,0,0,0,0,0,0,240.787952907183,191.248914367124,213.186152780797,279.261145407563,230.078153482031,253.971577950517,297.472152255539,233.763266440727,211.039765685802,254.047403932568,207.035414139213,260.653895988493,266.523118106472,251.52596363457,221.098822356214,299.263355617343
356,356,3550,0,0,0,0,0,0,0,0,0,0,0,0,0,0,0,0,254.635531972874,234.589785935238,258.498099995363,271.543608013568,217.644474496262,266.341296647741,251.618892574199,214.740900408914,288.675602384423,230.883323433586,241.032720979297,247.581427109316,240.839683144793,227.017349906946,255.373101763387,197.233942250191
357,357,3560,0,0,0,0,0,0,0,0,0,0,0,0,0,0,0,0,284.997675210571,242.686482326145,288.111381986524,258.570428394632,227.888956603203,199.774002149022,262.637829050283,220.319493124228,229.4633886505,270.954389723097,238.332937263858,261.33117985697,255.545906130691,294.819699558424,274.454007796735,238.920333352396
358,358,3570,0,0,0,0,0,0,0,0,0,0,0,0,0,0,0,0,265.052413394655,234.181481548497,272.810527990488,320.35135317386,205.360234761012,220.78777141654,256.046264707229,279.013623013634,278.715194950318,222.801547305372,245.18743921742,244.664144275476,215.303881017757,229.322288951805,236.478862028712,221.230529219662
359,359,3580,0,0,0,0,0,0,0,0,0,0,0,0,0,0,0,0,219.239956940693,245.846025559904,245.82867037857,234.340181345859,266.691826018575,268.165048376919,250.72803137166,278.694873786485,237.912644841566,256.935214725326,224.971790704541,234.72475664216,176.008385777433,263.63320629904,209.097014295844,273.867302699379
360,360,3590,0,0,0,0,0,0,0,0,0,0,0,0,0,0,0,0,234.061261759992,234.149169170557,281.443834396578,325.24165584923,201.057239098156,193.922855767669,260.951680578742,331.520960025564,269.740066087972,195.250104872923,254.503099713322,273.676887981978,256.134178450934,227.963050354614,248.267977164595,278.686531144902
361,361,3600,0,0,0,0,0,0,0,0,0,0,0,0,0,0,0,0,216.206375755357,219.382071321163,177.673658079512,198.245768503429,257.027248858648,225.400072199482,264.712737753611,255.386965393487,268.199115653252,165.307524781636,240.887470191195,218.659454951549,244.232896799163,264.855569787751,273.838280598183,284.337005503112
362,362,3610,0,0,0,0,0,0,0,0,0,0,0,0,0,0,0,0,333.782990658791,253.105282769303,264.056556766863,227.707623263775,263.769757251912,211.590337705401,268.982921033714,250.75496052066,305.522655149407,259.109562777474,205.490778232368,247.690818909084,242.455149679493,287.239828873932,232.917012962845,335.26516655801
363,363,3620,0,0,0,0,0,0,0,0,0,0,0,0,0,0,0,0,241.191857821472,265.610917556517,258.415750952728,243.782086961416,347.702050829337,244.783895622147,258.357003404236,277.596542864505,259.670515562519,266.052115777751,315.329399749014,306.084262299247,281.01385220811,221.572731013388,295.618685491722,258.683211087633
364,364,3630,0,0,0,0,0,0,0,0,0,0,0,0,0,0,0,0,255.996620174964,249.571955238264,235.104742568187,207.188598921302,286.345279893297,215.484275482108,256.380488617383,230.743176066447,257.427980565242,250.645260301487,296.014129110039,290.9989006696,231.081176182386,201.86715014794,256.02849728038,259.548245864209
365,365,3640,0,0,0,0,0,0,0,0,0,0,0,0,0,0,0,0,311.517913726601,289.78483025995,219.817293323418,223.810223504366,262.395604475357,248.491851245432,252.979017749767,210.945575389094,236.467307009438,231.804393433659,208.166576839372,282.596773241046,221.794458410962,255.2896467235,226.882209306513,322.362623449486
366,366,3650,0,0,0,0,0,0,0,0,0,0,0,0,0,0,0,0,261.32981171749,238.205033286136,243.823290135166,258.969711124248,223.321684328783,270.837628053653,272.658897758284,277.102413628772,223.864960648388,275.451540200321,241.167515555688,282.293100947482,268.587709987291,278.511839171051,239.864483253387,222.416117802441
367,367,3660,0,0,0,0,0,0,0,0,0,0,0,0,0,0,0,0,268.95292640585,253.478426566488,266.27769563684,259.33205350545,286.032195555045,240.264072131019,286.261859339182,226.357115566388,193.745681613558,286.614230353517,318.69004022442,273.15786807014,219.743865438913,258.690285074169,225.973990508683,289.255965727852
368,368,3670,0,0,0,0,0,0,0,0,0,0,0,0,0,0,0,0,256.939174167863,267.353421146016,332.146210788656,202.994172240784,297.030951488402,268.881442142949,278.464518745513,243.04161138812,248.521793347924,169.5332941474,256.479079715136,258.878271608889,286.962598102939,321.993748355023,204.368699655608,242.11345560294
369,369,3680,0,0,0,0,0,0,0,0,0,0,0,0,0,0,0,0,211.177478869897,226.359023972674,232.866950298739,298.519230325741,255.498175626136,267.080202249194,237.75987761791,264.936619925202,226.607849198178,262.568183774363,265.561321148668,258.857177426257,177.963383487375,207.398352925894,275.480984871865,281.445537927141
370,370,3690,0,0,0,0,0,0,0,0,0,0,0,0,0,0,0,0,183.710782807129,197.367225057949,252.829800269253,277.663094517327,233.517151308513,263.5842634121,246.956291973949,259.689529388405,274.162444473814,218.167495514986,294.211017225422,273.225016004361,260.977660062637,239.2357309482,238.959176539793,247.108438758416
371,371,3700,0,0,10,0,0,0,0,0,0,0,0,0,0,0,0,0,249.422768463476,245.390414274783,234.136113464969,254.141411804667,257.796479128311,225.823024375309,236.358231159564,252.551732791487,246.435818885822,235.514733288157,250.7124120935,244.829825403403,274.488900032879,300.464657947241,255.696873846722,248.748131556009
372,372,3710,0,0,10,0,0,0,0,0,0,0,0,0,0,0,0,0,264.53920091809,231.566506971974,241.178665898252,222.756522388308,210.116816864059,258.639341258931,251.28799406884,237.300270879439,212.916394435055,221.518743078638,208.002622292118,232.852373493342,341.936643749863,289.907202634381,230.259928262203,259.403262969092
373,373,3720,0,0,10,0,0,0,0,0,0,0,0,0,0,0,0,0,210.998317480285,231.564617260777,194.301434149881,281.589609792734,306.758324163928,272.199927884817,257.193201637797,238.831091683069,304.756890892354,252.097978154518,254.863207333212,291.254550192795,261.130913230264,221.739212563505,249.310808898283,285.152888999968
374,374,3730,0,0,10,0,0,0,0,0,0,0,0,0,0,0,0,0,196.603276858208,281.612794724937,302.720677574502,181.314879661689,221.136905890526,205.979206986591,263.788156220695,249.88617193406,249.139302936923,291.469955322191,258.874157558185,260.279291321508,236.319061950198,245.648739698832,208.266862621377,229.946691290356
375,375,3740,0,0,10,0,0,0,0,0,0,0,0,0,0,0,0,0,254.406947724488,207.757537014616,237.306565748276,355.606509949656,244.708235960721,202.601115376972,280.286822921439,242.862781850423,251.495780911873,320.903224188494,241.267122719398,262.422241317364,250.045625060483,268.267803891141,271.055470083342,221.818264265786
376,376,3750,0,0,0,0,0,0,0,0,0,0,0,0,0,0,0,0,268.949245299597,216.271448835233,265.534617727222,307.783312144031,266.487917069015,194.994548715611,305.206069556993,302.045237801363,277.867681623455,232.523161413233,271.185550376716,302.76149952326,296.267477054851,309.050605130319,252.387558569907,195.506669287569
377,377,3760,0,0,0,0,0,0,0,0,0,0,0,0,0,0,0,0,263.199540201752,254.770396333788,270.625850346469,271.163540628449,206.253784443999,254.917239698417,288.912246595961,301.711806509382,270.157050920799,279.902029399259,251.51616289275,204.395096439399,256.168517680989,337.266445116211,272.213514291594,252.277705307093
378,378,3770,0,0,0,0,0,0,0,0,0,0,0,0,0,0,0,0,276.902762293287,220.827094497565,278.958485280357,349.614261645973,233.768592851947,304.893683663714,310.140297340361,267.636880365467,297.886556090119,349.560948224462,267.154919042008,222.166385888261,258.059220430634,237.524184865647,213.029451561326,246.972280994887
379,379,3780,0,0,0,0,0,0,0,0,0,0,0,0,0,0,0,0,210.625696124378,234.230923858677,202.840297921468,276.7852943234,181.248422455003,246.842511274301,309.864510247357,271.780071025768,205.329362855071,258.241137140127,247.108539655835,203.366873719673,260.776392811471,257.241755593814,205.371266143161,224.60065951384
380,380,3790,0,0,0,0,0,0,0,0,0,0,0,0,0,0,0,0,239.399295585649,304.795689151233,244.132490611964,266.528016416299,296.79814640644,245.090916135486,303.616665901099,292.232850453033,225.097570399074,279.907366868468,258.890634739814,238.097204673131,200.21442723535,320.614322320684,312.578331846371,232.391766950712
381,381,3800,0,0,0,0,0,0,0,0,0,0,0,0,0,0,0,0,356.526002374593,239.649365331356,267.92344897015,260.855941500134,275.100697886874,188.1412173799,274.552899644703,251.59751577415,237.375396030455,235.777764516782,250.665924096082,256.604854922993,296.363806077693,318.72108712942,213.828367817519,184.157838629192
382,382,3810,0,0,0,0,0,0,0,0,0,0,0,0,0,0,0,0,250.700252455867,270.574745620619,241.145780579318,142.667163237391,273.904192191087,264.790048653476,303.093466205574,237.255340440811,223.527958359194,324.285847868852,262.110351725605,241.14252788994,292.00247366635,264.14917924248,224.075445269173,201.179147901124
383,383,3820,0,0,0,0,0,0,0,0,0,0,0,0,0,0,0,0,280.794035649121,190.962984548357,232.876163952413,223.87546573636,197.288754830526,204.269981246501,295.597779980019,316.850955140218,204.954061072137,211.85532151399,259.517098111422,229.171963522147,254.337479496198,318.408769415514,195.085118024891,186.149517139612
384,384,3830,0,0,0,0,0,0,0,0,0,0,0,0,0,0,0,0,257.054525738377,228.195691701934,248.012209666283,239.70222557905,256.31817649648,245.38247377369,297.682416292453,290.656806256609,308.609593628862,292.742420815986,226.601454745925,291.461736571091,198.432041023382,192.505709490859,277.280713963279,296.330817092428
385,385,3840,0,0,0,0,0,0,0,0,0,0,0,0,0,0,0,0,239.415121529092,187.274075422805,279.15151802324,298.153878820222,310.65462856658,164.837682692741,274.812373919331,231.479648932098,285.584315331686,272.722461683397,242.692018213745,260.198517850713,248.043114271488,274.20488439824,211.557390242396,253.680126605038
386,386,3850,0,0,0,0,0,0,0,0,0,0,0,0,0,0,0,0,241.290119075113,271.846478949309,328.488169704838,237.850676252536,250.617209032385,242.919142066049,265.090199795777,314.751474676945,315.521871746656,228.050639969754,226.038651260272,272.951254657865,266.350661448294,258.587806144373,277.916943665163,267.202799663893
387,387,3860,0,0,0,0,0,0,0,0,0,0,0,0,0,0,0,0,268.587017404135,240.648083297387,204.663156232476,288.712977568857,272.264485719333,235.237771501508,288.941939688349,235.941062956214,262.230006812127,303.26696123536,255.700719502901,262.697203431032,228.193762693015,232.473804744019,187.842044522729,234.121799917396
388,388,3870,0,0,0,0,0,0,0,0,0,0,0,0,0,0,0,0,199.83585979984,221.445063543626,253.295186773822,259.057101911231,187.56418374812,231.173176184559,285.714411782257,251.094326298255,208.299434742135,299.902753955647,275.883225297388,204.931995823751,197.991231395637,282.770308284574,220.441606208835,214.146353876313
389,389,3880,0,0,0,0,0,0,0,0,0,0,0,0,0,0,0,0,213.99690616191,227.370261846765,206.450611339841,235.184212642704,275.458651021977,188.521983066272,305.247149671315,252.853874380316,290.735586013055,191.767799512504,251.083205409623,273.704890267776,337.369674531879,269.055044955094,233.361946815536,244.356207457003
390,390,3890,0,0,0,0,0,0,0,0,0,0,0,0,0,0,0,0,233.17853263855,268.656305838256,187.943083920052,280.582253686733,238.839519501345,253.83979395985,278.590389622427,205.318290876098,231.883927269362,308.955237203219,217.629292486553,323.89202174694,285.14372507962,234.416088768449,237.925486174191,262.878405767822
391,391,3900,0,0,0,0,0,0,0,0,0,0,0,0,0,0,0,0,200.533335114249,272.491147731363,297.128621738717,213.817328723353,301.081243773842,233.471409674831,278.209307749357,249.342558654691,277.39493364971,234.40257622543,247.565161279715,275.365678541086,246.792387717971,254.762485315113,194.15140990559,241.669402509866
392,392,3910,0,0,0,0,0,0,0,0,0,0,0,0,0,0,0,0,213.942143935368,221.854105647577,218.133553373152,159.56962194216,236.669800738935,243.861181734548,269.909895884355,295.679107306899,206.050301942822,237.26594393514,268.319697954126,231.517131553081,217.345715193081,251.509693656631,279.117009655926,259.293669758183
393,393,3920,0,0,0,0,0,0,0,0,0,0,0,0,0,0,0,0,214.062347493196,273.778109317957,223.05043257101,235.173282807829,224.346836456198,208.98380379914,279.801753988362,242.128906417021,275.838930363783,236.346159583497,274.454755609139,236.85002799986,316.882279843151,284.246091339506,260.317447173357,222.883072198385
394,394,3930,0,0,0,0,0,0,0,0,0,0,0,0,0,0,0,0,266.059484525175,244.224740775609,288.656058436882,226.080859775269,206.094710450148,269.794880353555,267.132732521248,201.15916664859,219.710789736254,253.826357265821,164.506514714853,211.739776093278,238.13456713912,251.991169786802,214.362312601763,204.710561785422
395,395,3940,0,0,0,0,0,0,0,0,0,0,0,0,0,0,0,0,324.995768614793,212.08873414925,291.314502377881,303.599829948399,242.437785275171,191.04132795797,223.427843714558,234.182561545622,250.995636834208,245.980951560781,280.581816003286,270.570383449847,222.367791232623,291.127527488395,260.954972181752,243.418032870471
396,396,3950,0,0,10,0,0,0,0,0,0,0,0,0,0,0,0,0,263.450133696073,280.669934888233,289.108375543057,212.766996222048,254.211759238145,228.778829483499,263.802497545587,192.392497380889,251.57299285893,260.642282806566,289.066337626789,192.129688975818,247.11587804527,338.897724748499,362.824643456244,265.746461307109
397,397,3960,0,0,10,0,0,0,0,0,0,0,0,0,0,0,0,0,198.263246657557,291.463328911629,245.893588539505,214.590408486455,174.148594179629,190.465803678818,266.659162577302,283.527622071458,325.076185631789,272.796086986099,291.503997873004,224.678028011703,275.168458263328,236.942441830685,291.339400072659,236.244189593216
398,398,3970,0,0,10,0,0,0,0,0,0,0,0,0,0,0,0,0,272.540710365715,292.280351278532,279.350626471945,263.3199515217,311.361894504821,258.493170090877,266.515050834654,242.168586137467,237.069254055785,237.872423863188,206.851140662707,201.845014073573,224.685523469392,230.327129064745,225.032746940182,225.823241489119
399,399,3980,0,0,10,0,0,0,0,0,0,0,0,0,0,0,0,0,195.034122505419,158.759322789537,275.548199340615,219.253395267431,207.950370874634,279.413626619649,288.00036525173,283.186154925348,221.968120097225,255.611897833681,249.551724017586,252.575816586994,236.000934278616,279.087354318084,262.431040367886,307.649342430508
400,400,3990,0,0,10,0,0,0,0,0,0,0,0,0,0,0,0,0,187.745764747059,205.787328296558,268.448651130028,267.827762817837,240.283865712234,327.413459641488,289.875867867554,267.199433399009,300.972881616089,228.106072989079,256.205127470926,240.861917183862,245.051076033311,237.925445722306,268.578992351096,261.205620909939
401,401,4000,0,0,0,0,0,0,0,0,0,0,0,0,0,0,0,0,186.615295463298,246.181876811249,270.756459119469,290.075308838766,298.549404027592,303.286021679545,289.408008985556,251.217711899644,187.62769124038,285.286645424922,310.403167992906,244.584196337786,247.053524288305,274.699978543785,207.557874002317,179.408089087302
402,402,4010,0,0,0,0,0,0,0,0,0,0,0,0,0,0,0,0,224.252173209333,225.71183322326,212.459360556926,331.312068989632,254.069751327166,269.073047058417,307.440772799715,290.369433529775,240.833761286568,227.37057635729,210.873142857715,231.12446789272,357.930138904214,219.385058724973,228.787663647949,217.57527181342
403,403,4020,0,0,0,0,0,0,0,0,0,0,0,0,0,0,0,0,263.374316614238,262.494188169257,250.935451638,274.772228373137,241.907061702823,308.533238676308,292.661321988677,232.889747260527,288.666562939236,326.074631415974,260.984032153548,264.655426902596,228.226542368862,178.878635019984,219.988547773121,312.440835038895
404,404,4030,0,0,0,0,0,0,0,0,0,0,0,0,0,0,0,0,214.411823331801,280.040443623735,177.672927874022,243.308362779527,213.827997436603,266.346866061192,287.517134777248,264.83170597123,228.306162799826,223.367802229202,257.451100502767,176.231099848913,221.19848473347,260.607692946634,359.769454280462,201.05799390862
405,405,4040,0,0,0,0,0,0,0,0,0,0,0,0,0,0,0,0,247.453918636016,214.539185289895,353.024684494661,207.923635513653,253.388887575412,260.212326552093,292.359367459442,255.792974927151,247.174303750614,304.559250682474,274.317816528457,275.663975997234,244.393218298491,288.568630601982,284.850186265964,251.142742610306
406,406,4050,0,0,0,0,0,0,0,0,0,0,0,0,0,0,0,0,253.125515741884,216.333740303461,273.182369852645,236.477731536424,254.948130144459,284.655710527765,302.589580794772,247.967891281015,233.633973528873,296.870726204614,175.989531500089,214.434412442374,276.848627231218,252.167698131375,352.062804650685,252.677398644945
407,407,4060,0,0,0,0,0,0,0,0,0,0,0,0,0,0,0,0,208.382638148798,267.820141161694,233.185657359736,273.41632906752,230.12821639278,302.350617748835,314.888866386625,318.055734721612,261.223762319479,320.442251896093,285.260551361157,220.129133915062,196.836076949277,254.949918796941,245.132862020646,203.866194081663
408,408,4070,0,0,0,0,0,0,0,0,0,0,0,0,0,0,0,0,215.822155994255,226.753983747495,254.803853895133,235.232063615797,198.052192681245,221.522337812726,303.256806219674,205.530082363044,215.231580829552,228.688178636591,277.828958527807,208.004858816927,287.772396198065,224.009577074399,285.88028550006,225.032227787714
409,409,4080,0,0,0,0,0,0,0,0,0,0,0,0,0,0,0,0,252.457327366016,264.573113152104,286.671323850668,265.788666511395,237.608430441021,218.52659843122,291.938412137705,272.679457837403,245.414161861947,249.725039817502,261.476652777468,242.30197763991,270.569971958077,247.812595528645,271.725017003292,226.648485316624
410,410,4090,0,0,0,0,0,0,0,0,0,0,0,0,0,0,0,0,225.888167826389,254.104892885862,229.494277563164,209.394085685198,282.25616759089,264.03812046906,308.026221748238,149.36260221294,249.268978908893,298.839873753897,192.156922023823,200.360994408392,319.923007584922,231.417846934336,254.799187857869,249.857791062356
411,411,4100,0,0,0,0,0,0,0,0,0,0,0,0,0,0,0,0,224.611636195932,312.896830984203,271.407120983623,260.686307835009,305.035464414855,271.793566773669,291.72495890857,195.619159457481,244.150869694805,256.920753326009,240.143374261703,199.045961075711,294.267664410417,257.95096045468,287.49773243324,202.02743955695
412,412,4110,0,0,0,0,0,0,0,0,0,0,0,0,0,0,0,0,273.44087376704,224.758291501413,274.336556817652,240.45875537328,199.177145438713,221.721453257631,297.589319358938,242.054947749736,295.189389223246,248.767146707175,236.751174029923,236.285218962624,265.737977015583,263.117409749933,291.155271312065,268.636303218127
413,413,4120,0,0,0,0,0,0,0,0,0,0,0,0,0,0,0,0,237.360675659895,327.142489167568,247.540240034879,226.486123389263,256.499887852261,174.936092425874,268.997539046005,216.666804348146,240.428720763858,186.606536079496,240.517212823346,270.683139380969,172.465787882112,164.091912917086,225.211980141538,286.953122471022
414,414,4130,0,0,0,0,0,0,0,0,0,0,0,0,0,0,0,0,227.33800676391,213.112529104864,221.35520824772,203.45284649554,274.077631387358,260.405026732774,287.616830708684,171.981079338658,244.378862822225,250.561909340723,263.928770673418,230.14281597459,294.444803003316,273.906932660031,180.823218566665,209.222989306569
415,415,4140,0,0,0,0,0,0,0,0,0,0,0,0,0,0,0,0,310.98176574413,237.124909657022,238.314738352431,196.401225004419,302.073159929287,226.464155345251,284.151557417958,209.949332264098,244.307682876886,260.619710103904,257.470975805,238.843046643078,242.377803796077,182.452993066882,225.740629793225,254.489671449614
416,416,4150,0,0,10,0,0,0,0,0,0,0,0,0,0,0,0,0,231.174789387941,274.448783046028,285.822172023627,238.657367950114,234.985267962576,244.141119731467,303.834773203563,242.168732317779,279.56990124013,275.091220293454,302.322790378712,209.631805573727,243.646069148524,215.282069651073,314.080792927344,302.239508977414
417,417,4160,0,0,10,0,0,0,0,0,0,0,0,0,0,0,0,0,248.319386759057,215.878451357543,292.047503935301,261.560477801573,321.038604389864,272.711913599307,265.188809959807,260.7084791401,232.231675909774,219.730110998478,200.610698095748,271.399743825944,224.80603719952,231.126628019525,300.033355445322,237.233324149201
418,418,4170,0,0,10,0,0,0,0,0,0,0,0,0,0,0,0,0,258.008240142348,267.271237289873,237.248708955914,233.185762243812,235.705887386356,335.093351907395,264.858323017742,296.71069646813,238.044481062597,236.470940120054,273.466898832569,303.79209859334,270.965838177299,212.038477079229,207.522897773108,209.984479811346
419,419,4180,0,0,10,0,0,0,0,0,0,0,0,0,0,0,0,0,203.089169831183,307.143491230273,243.576501768318,226.718557958122,292.879214846582,311.062340790432,282.958178607319,345.492234759912,225.905140831739,273.872088518206,280.377844138788,261.272643430651,221.018819326562,260.016895247595,302.609633132005,245.778676930913
420,420,4190,0,0,10,0,0,0,0,0,0,0,0,0,0,0,0,0,236.753032077312,302.153125374201,258.870288641712,284.289798339579,239.313668834698,230.372016236405,288.585550674423,248.269418829659,261.980002214457,232.659461815399,242.138063524539,264.326313142435,155.350385818732,222.116247137801,254.153165855791,224.377102264097
421,421,4200,0,0,10,0,0,0,0,0,0,0,0,0,0,0,0,0,272.731622108145,235.25199767283,246.327323220634,170.451435241603,326.181188219873,245.516677297296,279.945374279985,241.015984753063,236.124936710102,316.461354229148,255.415011234496,166.639733792719,197.724356287743,261.486822932805,246.05822551361,215.917877910958
422,422,4210,0,0,10,0,0,0,0,0,0,0,0,0,0,0,0,0,254.630380425688,287.496625112375,258.408978712199,274.750540967945,229.00240019567,229.024852448652,307.741486016421,238.623922791902,274.24827549262,230.96766916731,222.699058868581,288.371344587602,267.316752861344,292.970112143394,209.128406792,255.094827872541
423,423,4220,0,0,10,0,0,0,0,0,0,0,0,0,0,0,0,0,267.368160948526,295.481271959033,189.417869996599,224.830685903161,236.158292543408,267.668941730824,338.190899851793,244.634471422872,209.189984231523,234.533690462408,260.783707775757,229.030668869699,299.727889267724,351.050499743804,360.816899712192,271.020410861481
424,424,4230,0,0,10,0,0,0,0,0,0,0,0,0,0,0,0,0,227.11544440504,262.811152293782,303.059764813024,201.981914024662,188.862336958106,246.807001875279,328.744036149942,283.442152786135,312.130237886722,194.791608640786,260.037714603166,262.505197815688,153.495579932104,226.481588232659,212.10921127942,240.10922717343
425,425,4240,0,0,10,0,0,0,0,0,0,0,0,0,0,0,0,0,249.640452584595,234.785265121169,257.093137789889,248.917105143287,287.368603168369,272.345806624832,336.29640304952,312.292870932195,305.600109003044,215.064391784668,206.779963654636,326.13483905076,277.329484788648,268.273678855862,240.756471706019,214.569083375623
426,426,4250,0,0,0,0,0,0,0,0,0,0,0,0,0,0,0,0,244.50070021918,201.566765566196,261.490070226366,223.372881508224,247.976950010761,267.505119766812,341.776180981721,315.075306896334,177.193032125875,255.737233042409,248.146539950873,236.746123641468,186.563668206554,232.772381857224,272.943623570151,236.026416215127
427,427,4260,0,0,0,0,0,0,0,0,0,0,0,0,0,0,0,0,253.968739751218,224.113568661713,285.357607484745,312.069532836871,245.742476588415,220.766536929528,344.274151894572,250.638327048495,210.001630298622,227.397953270817,265.776033314348,230.706309140819,248.284735396689,214.110908869867,272.063141549426,195.428158398639
428,428,4270,0,0,0,0,0,0,0,0,0,0,0,0,0,0,0,0,292.830026207583,215.51291224805,277.295210742527,231.986213790802,258.539200793448,224.941953431071,354.344116585049,222.254042891628,198.222995105181,237.055967982506,215.162323128144,246.63827588209,212.547505805575,263.40022191301,196.281341698908,269.119936285034
429,429,4280,0,0,0,0,0,0,0,0,0,0,0,0,0,0,0,0,300.530535523616,259.461609941886,285.174747162858,256.040672145332,262.709546993145,237.967660376064,368.016632561111,278.855626790071,235.079055579961,270.70364280203,245.030238140033,269.596363980613,251.388400161485,225.047985132502,305.918249183526,215.953208668043
430,430,4290,0,0,0,0,0,0,0,0,0,0,0,0,0,0,0,0,260.631010240982,245.701616341945,287.913838403263,230.100788756528,260.513223205784,246.788350753644,334.9325404652,251.931877605704,215.729144538282,262.940371147931,231.175533093395,288.962489609922,256.567325310869,294.918267190243,261.387813398703,255.995266808335
431,431,4300,0,0,0,0,0,0,0,0,0,0,0,0,0,0,0,0,226.431219762432,264.305801988115,232.753821446036,199.223170891295,256.657029508989,185.208869907676,340.945533937167,254.93124288066,230.474312983154,226.701075744522,217.386004348091,202.899728773666,322.337744682793,348.387291951967,262.824072616769,241.857653479995
432,432,4310,0,0,0,0,0,0,0,0,0,0,0,0,0,0,0,0,231.968145768946,277.170276969041,299.994433997336,362.231652939445,270.805403772499,203.476869788609,345.088682863227,205.320489225584,225.178479278822,277.696093535489,241.876502473981,287.274678958344,229.408136588573,282.597185647872,281.788726456198,182.15427774328
433,433,4320,0,0,0,0,0,0,0,0,0,0,0,0,0,0,0,0,309.220688074025,239.278669917277,188.618221280753,211.367897010891,282.131449671574,214.97043280748,311.987666949533,239.527237316303,290.690234237641,261.394235467652,198.449845718856,232.171036815969,259.867694900672,275.407586695972,275.833803318049,266.825496721809
434,434,4330,0,0,0,0,0,0,0,0,0,0,0,0,0,0,0,0,233.760773529967,221.073187802351,292.14071709276,207.793813580049,263.035602872135,226.060087648284,324.403505279082,250.809947344717,267.330189740989,229.302130904784,198.325017870719,288.591624792144,280.617511125887,285.273989342681,295.315020307893,214.98563907283
435,435,4340,0,0,0,0,0,0,0,0,0,0,0,0,0,0,0,0,297.94625446253,248.681656573274,318.216635259595,219.902489170335,248.650525604395,297.504363292416,301.756365668711,234.582349245773,247.420692243931,274.690803004054,261.323898039051,252.059240807297,309.573662149236,207.460678996086,176.396015811218,271.429267051176
436,436,4350,0,0,0,0,0,0,0,0,0,0,0,0,0,0,0,0,211.244916399248,258.370945263779,260.154495450725,231.32544551502,238.928686259941,277.115335902958,308.778767937297,174.251214347812,222.83791367833,294.23934150765,238.63619958016,350.573552135917,305.417451237935,256.198202691893,282.625680099338,235.800130784847
437,437,4360,0,0,0,0,0,0,0,0,0,0,0,0,0,0,0,0,297.176765437095,310.78078164626,249.796046164946,238.38994381032,215.52993013229,288.995783962027,296.989672613489,280.072833659857,288.50505416957,282.315790073068,261.151552682901,283.346496880201,239.856014435079,208.455169513935,264.493131858813,238.811485866266
438,438,4370,0,0,0,0,0,0,0,0,0,0,0,0,0,0,0,0,216.774896509997,211.545971079469,241.161809520673,248.354015795495,194.888034193192,302.027025244203,302.546487459192,238.028521442258,311.836239228368,293.640265910316,215.367793294812,212.260496122777,296.52071800047,279.576656521201,253.590569847522,269.472562588231
439,439,4380,0,0,0,0,0,0,0,0,0,0,0,0,0,0,0,0,274.372420342258,262.144935218332,298.567707882961,168.420530441176,221.93573522533,265.434067574759,280.891807548664,252.310360879382,258.741306132572,245.244487480809,234.182523583572,203.366572011383,206.465191222416,211.181518082921,280.504085381566,198.693648039504
440,440,4390,0,0,0,0,0,0,0,0,0,0,0,0,0,0,0,0,226.662148167653,273.38866287277,269.630545347715,206.310765280821,278.515850233957,201.622073951847,270.386616509663,281.768862139429,267.615610180362,267.79653979085,287.673773457897,307.067127328508,241.33257839201,334.010027569347,235.704875951281,244.119841406625
441,441,4400,0,0,0,0,0,0,0,0,0,0,0,0,0,0,0,0,241.559826262138,248.945067455773,236.485709225317,275.303604560678,302.801362181443,241.544187427247,261.843302922872,271.918133886234,227.86669722345,234.045282450269,277.790388179808,300.668183880195,221.018397965827,200.841773476926,261.475528689735,255.269589806833
442,442,4410,0,0,0,0,0,0,0,0,0,0,0,0,0,0,0,0,283.965477931178,273.206328204283,298.063281068441,224.299308402228,238.576185789472,255.194121484751,293.883547804508,263.809469369178,281.008067507733,194.776056081531,233.77923461927,267.095477962166,231.323877111795,289.804506022572,264.597862964385,237.49255121047
443,443,4420,0,0,0,0,0,0,0,0,0,0,0,0,0,0,0,0,187.219342623539,266.478152789642,231.509860877222,170.026346815297,193.957841619683,215.930514471003,293.722292925276,231.902544858896,243.663859830573,205.18118525153,294.79331475125,220.764824220045,178.991132100516,278.738416159342,244.822512636537,276.25793616178
444,444,4430,0,0,0,0,0,0,0,0,0,0,0,0,0,0,0,0,217.706856187918,244.335681486866,273.348193307029,242.610303252927,276.455171650596,232.987068104902,276.778439290771,270.527989015621,287.664422400346,208.170181757091,244.122022477442,224.128519418834,192.792670930569,290.483733160183,291.96501922802,231.64417288118
445,445,4440,0,0,0,0,0,0,0,0,0,0,0,0,0,0,0,0,176.514968369515,214.562757234752,201.576114324349,197.830003972322,301.036456119369,210.419040676642,262.25370709245,239.839682308728,254.139267116375,258.235951281565,205.695912121106,320.096617683399,190.587919925771,264.99237633979,240.545545726821,332.908275739477
446,446,4450,0,0,10,0,0,0,0,0,0,0,0,0,0,0,0,0,215.723585667792,217.163538265578,230.729870758768,226.76550401326,288.849620509477,203.403866923554,264.547007703511,283.731666438569,283.092436139626,292.841561315521,269.606882698613,235.3371620467,223.412877152527,195.439777118713,274.915013950855,251.589454114976
447,447,4460,0,0,10,0,0,0,0,0,0,0,0,0,0,0,0,0,293.891279597228,251.249792411338,219.488670931982,277.190968196812,216.065259082013,260.468717983181,266.152008563091,211.998337568754,220.936859387556,206.471611347965,324.595864781934,218.618635459565,262.71539726401,303.75718764066,259.836617240169,232.859373773245
448,448,4470,0,0,10,0,0,0,0,0,0,0,0,0,0,0,0,0,342.471334676788,231.224933572844,280.641672241362,240.979111750886,243.795394078627,270.115170076846,292.377569330292,289.481955538925,273.653599637989,269.027695883454,280.395731827785,235.024715228829,212.166887508101,171.79012816801,264.638980599858,256.660205395708
449,449,4480,0,0,10,0,0,0,0,0,0,0,0,0,0,0,0,0,225.17371743566,255.593235116043,182.642975339326,262.809134522368,255.413160191462,240.146502536901,286.709326787719,216.624015049403,248.407542094739,232.104271410526,206.599449199638,262.392103968602,189.038881657662,254.607148684611,222.195008629043,254.445697807137
450,450,4490,0,0,10,0,0,0,0,0,0,0,0,0,0,0,0,0,260.606149440651,241.642002668895,286.924901503546,284.430774156198,283.860412598998,271.444462838022,265.319478385544,298.249183465858,211.810329987153,242.024530817154,305.777403894524,231.326410655608,258.676332003334,246.887272794325,245.657578041651,213.290776685519
451,451,4500,0,0,0,0,0,0,0,0,0,0,0,0,0,0,0,0,230.651967412133,301.458342231928,219.762224522449,221.021122574422,245.443941380863,267.51627596176,301.434964278782,208.277625305732,283.877135354375,223.633948473192,262.152010744599,296.54489467026,267.466990852892,252.88936620045,318.706693169396,242.646760216337
452,452,4510,0,0,0,0,0,0,0,0,0,0,0,0,0,0,0,0,146.88228994077,300.145450942244,205.695018562493,254.502691019185,253.918520113079,250.057424774299,313.735395407112,255.563404232312,246.980368519928,246.057608603505,267.728965264401,282.731284273047,303.338055402136,333.396424286009,198.683611614295,231.012640899781
453,453,4520,0,0,0,0,0,0,0,0,0,0,0,0,0,0,0,0,197.819698987012,268.703255414387,247.193345700624,229.146261887703,228.098597296149,210.938607303695,315.779494829724,224.190764228363,257.734531226818,284.510234208254,320.14516395623,258.243738794625,261.008883084881,326.503291123792,187.030953084057,256.073502281302
454,454,4530,0,0,0,0,0,0,0,0,0,0,0,0,0,0,0,0,238.097611342398,258.168492052446,236.308092983344,209.653279782292,200.352834705602,305.666423862236,310.839592779109,231.826130438549,259.834906612401,278.693252564531,215.89263857916,272.975783441996,222.783432915031,275.530947686803,258.752635650502,260.399092233134
455,455,4540,0,0,0,0,0,0,0,0,0,0,0,0,0,0,0,0,188.804747419273,317.764923404408,236.802802741287,248.662956359749,256.706650151943,206.183800941372,324.15681453141,271.4872182563,253.164579530279,214.049152024899,303.445826878351,288.43112635444,234.331375955191,189.318556578922,176.146532471711,245.413042011969
456,456,4550,0,0,0,0,0,0,0,0,0,0,0,0,0,0,0,0,280.510613968281,301.319528129755,263.75727183709,272.466607008408,184.372013843451,167.01952956415,294.248463765364,255.820580673836,280.813909747565,282.090447292565,259.476865657015,203.451351040398,272.163068051383,246.659481975423,288.787636055302,306.470259025069
457,457,4560,0,0,0,0,0,0,0,0,0,0,0,0,0,0,0,0,206.496679919949,286.025974899061,281.882246997608,211.587069475052,278.174108146498,176.803657496669,298.641509756507,306.427973197086,246.048896346773,301.285180622554,236.007947143085,213.615496697996,271.018761161342,254.590610900921,242.525002314114,224.107703426367
458,458,4570,0,0,0,0,0,0,0,0,0,0,0,0,0,0,0,0,245.712904601333,278.361852580929,218.578852326947,214.2489628477,252.555562957915,288.875219925739,315.917287380331,249.397897380477,251.323923100929,250.567587330362,250.415322369741,270.391851858426,290.243909923285,262.003552332973,275.337872577755,226.501080023853
459,459,4580,0,0,0,0,0,0,0,0,0,0,0,0,0,0,0,0,220.61293737887,248.297570800221,234.223251223606,158.806283025407,211.748811370829,304.168153227189,300.206034062254,245.069132632414,252.478226976812,234.848534380217,274.250320025065,293.885661523272,320.339124910015,224.068747498764,233.359023537902,221.970708217121
460,460,4590,0,0,0,0,0,0,0,0,0,0,0,0,0,0,0,0,218.671438293308,273.627984252181,250.851669331318,242.154722435707,230.155931159371,239.214886219892,306.213268444454,233.9930541138,263.177628559037,274.458553813855,257.655658804117,196.564797298756,223.445921840499,212.680172886302,175.793666461158,264.590990769335
461,461,4600,0,0,10,0,0,0,0,0,0,0,0,0,0,0,0,0,202.399363110274,291.276675897488,236.602286347566,273.183046302086,264.297504388674,278.192453293018,281.964375186507,209.025536286127,250.197015768114,281.467699899367,243.93123328563,179.54312308959,216.344612317798,290.521335167051,267.491233315652,292.6939493919
462,462,4610,0,0,10,0,0,0,0,0,0,0,0,0,0,0,0,0,240.914845229407,239.411372884903,278.297213641478,271.660815859615,308.771349069371,333.397207912328,290.480997650266,192.703385058484,301.808800891112,247.269995073546,212.390548405861,230.313342709126,304.051359772441,285.104199141353,200.013914373038,272.937009862287
463,463,4620,0,0,10,0,0,0,0,0,0,0,0,0,0,0,0,0,264.557762888973,148.421769182368,259.082852630411,198.44830997092,239.877765839504,264.198315373228,282.954163747641,277.372404381572,222.74955297874,295.089221221308,252.914792619938,261.668799556348,249.521444756085,332.492358960211,205.464169686472,330.809009634565
464,464,4630,0,0,10,0,0,0,0,0,0,0,0,0,0,0,0,0,310.305529355105,313.245006812194,214.769903721224,180.785074737813,234.224988844976,260.740657904084,297.063449957534,295.176146984225,299.472170165135,302.369840917176,274.717238351104,191.168929110609,212.318487468217,262.466050978523,302.54434345671,231.76813151577
465,465,4640,0,0,10,0,0,0,0,0,0,0,0,0,0,0,0,0,234.068098381426,301.398259640022,285.675381515174,265.001224550328,180.257521496631,181.298951214668,307.243058335429,251.950966536158,220.649571714804,266.81218299675,277.768836046922,214.78510932066,324.951860154308,275.786982610231,312.544449952879,305.773025002788
466,466,4650,0,0,10,0,0,0,0,0,0,0,0,0,0,0,0,0,210.044123067457,271.88269732531,276.781016227545,293.633393711951,269.666247102703,218.38854594965,311.02776464073,176.516561659405,202.460380402273,243.654166664601,233.817953550595,244.78575428099,226.464434041314,182.701722859562,149.402898988386,270.815657942866
467,467,4660,0,0,10,0,0,0,0,0,0,0,0,0,0,0,0,0,284.428832264287,247.667224354194,158.28629737988,229.842558687661,200.278657038927,186.767468964965,282.298620557307,247.505707686858,181.702318522535,223.877273451987,307.486026999756,244.250667194102,173.874140205124,281.005002771915,232.769199564052,318.608549655368
468,468,4670,0,0,10,0,0,0,0,0,0,0,0,0,0,0,0,0,268.740657481486,279.908898322319,194.953679228634,228.227873722425,261.689508394137,314.709244745879,348.557590429766,338.607263192837,181.818346568721,192.631030436734,227.53981202671,227.474198060234,223.579951801318,282.780094859119,198.340685589312,273.1426585673
469,469,4680,0,0,10,0,0,0,0,0,0,0,0,0,0,0,0,0,272.857841388885,294.208539913856,289.899392332401,247.499317765136,276.825648882934,200.073497298375,340.880404071553,210.153535412279,284.785697606899,173.415696628956,298.566707596732,225.947274759483,236.202334195559,217.225781467174,214.010785011695,217.362113700881
470,470,4690,0,0,10,0,0,0,0,0,0,0,0,0,0,0,0,0,254.066852292497,172.10286322815,245.668725269245,313.787656464609,241.677558635872,262.72405100137,329.210635756461,233.528720247188,262.574299608207,256.350065103052,259.600845814348,293.103905833983,232.547191429742,263.454002718137,248.490813976154,237.287513826945
471,471,4700,0,0,10,0,0,0,0,0,0,0,0,0,0,0,0,0,230.754763245187,251.88894501764,160.847041725713,227.607468977439,261.235287690739,215.322454794623,343.511019458342,257.733570851903,231.764422815326,302.116583107182,235.822575985003,285.030316497085,241.409968752848,284.303554354034,297.900660343074,252.523170289177
472,472,4710,0,0,10,0,0,0,0,0,0,0,0,0,0,0,0,0,244.137960510758,278.155842959712,268.436918891693,282.618101857197,250.5284149403,218.421494621848,340.523185324663,240.213709000431,239.958978020448,248.906731298058,276.72747557421,242.920935474313,244.11811562834,219.090326453327,190.969401382081,276.824930356778
473,473,4720,0,0,10,0,0,0,0,0,0,0,0,0,0,0,0,0,201.933390874855,306.662692314862,222.177834846697,247.744867583871,240.247130328281,258.161240243903,364.412687204773,253.474835372387,289.211798360055,206.690014936044,234.583675394839,238.44015030762,221.600502557133,288.830891725577,237.876666121177,222.321149604167
474,474,4730,0,0,10,0,0,0,0,0,0,0,0,0,0,0,0,0,318.967001514068,271.394650578676,272.549865196627,288.203882162794,262.864961851999,232.362804702528,340.609546661473,216.287251351584,190.306631175873,291.018281197281,267.554766962721,269.399536353485,237.045610307127,302.826057226001,186.321190287417,250.953295283989
475,475,4740,0,0,10,0,0,0,0,0,0,0,0,0,0,0,0,0,276.42124298816,286.783309507218,281.031522157873,289.952750385522,289.354891298881,303.975919703233,369.974373707493,269.07560145558,205.859000369148,291.860130629047,217.123383484936,251.350091514431,286.688203414435,241.261660353262,229.281225806372,210.493214058431
476,476,4750,0,0,0,0,0,0,0,0,0,0,0,0,0,0,0,0,262.762741205225,279.112240202843,183.164773699302,219.23572037608,256.542984583989,216.383516556439,374.971396087916,295.107517489119,207.119273413295,281.428808558408,224.038832903994,279.835260770404,313.023033040217,291.0117457362,250.797348106155,212.438152133225
477,477,4760,0,0,0,0,0,0,0,0,0,0,0,0,0,0,0,0,259.798994822464,231.961331938719,265.470446954343,278.271228099868,334.56568024381,250.357561503229,368.030223392361,294.910379935463,242.876246019326,210.343793100032,249.179389446812,227.770527374727,285.771496760831,283.507351409446,290.968055871815,289.44446779436
478,478,4770,0,0,0,0,0,0,0,0,0,0,0,0,0,0,0,0,220.449954072355,267.350528878723,231.803590873315,218.357984518574,188.89772973788,277.820701005127,388.014151378742,238.225043195336,255.054850283566,270.485312917381,242.134283025706,207.096008207334,278.175658168982,214.851627270119,233.123282977488,214.733896540553
479,479,4780,0,0,0,0,0,0,0,0,0,0,0,0,0,0,0,0,264.244279904924,279.211086230902,232.451726492619,271.626613314774,304.609303394746,195.280933019005,395.376113010246,283.46668230644,284.265376918386,222.877142892685,275.84769443923,224.141502288767,253.903013209997,248.716417938407,204.07042280602,237.36151450187
480,480,4790,0,0,0,0,0,0,0,0,0,0,0,0,0,0,0,0,234.810329563338,281.500244416796,241.014547866556,249.807313130983,261.710448595085,254.960337778558,354.153241966789,205.153975984813,200.998833179591,175.679766222203,248.205502702362,248.517555137703,191.605812230171,241.143101212526,304.807122913033,232.47364291681
481,481,4800,0,0,0,0,0,0,0,0,0,0,0,0,0,0,0,0,261.595382263003,210.075255037936,184.062955501997,229.45769624316,293.693220790523,262.596590295823,366.835781833001,215.109202911062,313.194632709483,280.116591452655,199.622915068664,293.576693026728,240.813906583713,174.355910151405,254.027528720404,215.782396922881
482,482,4810,0,0,0,0,0,0,0,0,0,0,0,0,0,0,0,0,161.981702639799,287.973750942178,246.204016499603,260.226812209067,247.917674833024,211.447950447368,365.158077690188,181.089325097652,250.802813368827,230.399407070455,230.243758697893,237.287887113327,242.478496068545,278.36519771396,263.799255766499,198.870095479998
483,483,4820,0,0,0,0,0,0,0,0,0,0,0,0,0,0,0,0,237.900050281067,256.690022034936,259.289632605847,296.072648436134,257.410336371349,277.265737209247,323.93352278282,304.692961427919,262.464602526779,228.057780942242,248.033205655094,286.987134804132,290.595227578284,226.343416203707,261.185794824467,209.759621619149
484,484,4830,0,0,0,0,0,0,0,0,0,0,0,0,0,0,0,0,235.203295759712,262.271464420602,205.036797102932,225.621472546856,223.137074909183,294.118944514152,341.63101534941,233.729900782598,280.58669724977,242.891776607399,237.470495556699,287.646014968838,260.48350212304,279.962569547799,207.870398533932,258.344758084434
485,485,4840,0,0,0,0,0,0,0,0,0,0,0,0,0,0,0,0,220.353604628072,241.250100459967,273.53545902055,280.9226220005,210.430149106139,285.270226454493,347.475607445272,256.952129132043,246.098534548021,270.22854395188,204.226464945601,245.206924242824,263.935623959609,267.913521759741,327.28728294066,266.616518311949
486,486,4850,0,0,10,0,0,0,0,0,0,0,0,0,0,0,0,0,262.699404359913,268.681653247214,260.610185283491,247.210490727673,225.266615743322,260.90333609809,316.023237553364,272.693127291078,231.053253108873,256.437436105845,255.631248897389,197.531951460525,313.640026920092,254.267999338259,215.731767056612,257.439546382233
487,487,4860,0,0,10,0,0,0,0,0,0,0,0,0,0,0,0,0,212.586530887249,287.589662997671,238.796520291212,297.356772758894,226.879082076754,234.021005287703,299.310856745531,322.736754506794,254.820120470818,260.260919411581,251.358824666464,197.223973284073,262.391427106552,226.777445818602,231.853848988135,290.385652543333
488,488,4870,0,0,10,0,0,0,0,0,0,0,0,0,0,0,0,0,235.092145137925,300.219440252062,244.078477235237,282.889378331613,341.838004703857,250.93560513134,294.057163016773,293.73027587878,282.73318498155,254.89810768815,209.078954256758,255.692131013596,186.215725889741,228.607748989917,157.162425247995,276.470674916488
489,489,4880,0,0,10,0,0,0,0,0,0,0,0,0,0,0,0,0,229.135508396423,250.862450593467,268.922726752462,230.480916593819,158.056615474147,190.276767461024,309.017988435758,150.562360430185,283.80771123868,298.24410401032,246.32344602893,248.408555287473,248.207197627787,299.702288943493,260.522373509283,230.438467803027
490,490,4890,0,0,10,0,0,0,0,0,0,0,0,0,0,0,0,0,286.926877123397,272.19932285056,218.536133490544,218.768771075781,186.888586520199,242.430383711177,323.650105028481,207.822329920632,220.46493796647,248.95965784339,270.73496191467,242.176565725919,220.23633499003,214.685304294418,269.508415566394,222.968198523753
491,491,4900,0,0,0,0,0,0,0,0,0,0,0,0,0,0,0,0,199.006946386884,264.302928250706,255.22714847718,245.554063284536,291.479102525548,220.703923259695,308.361097069333,302.369983623847,218.90851010426,228.750746121911,285.951353538252,261.304774022137,236.474020123476,251.752306477212,248.204366310024,252.526381779019
492,492,4910,0,0,0,0,0,0,0,0,0,0,0,0,0,0,0,0,299.718765597035,196.850192154237,217.17997312829,267.862142124728,208.834089412832,250.615188240012,311.676805019964,254.108386788805,220.03978162496,246.590189069051,212.636743460699,258.407030285885,237.481792425781,264.055260800817,266.707184987037,271.495264024214
493,493,4920,0,0,0,0,0,0,0,0,0,0,0,0,0,0,0,0,283.865495433701,234.902794129594,233.766397640758,219.345652015613,223.299549064929,231.059298940288,353.039241969579,294.363343371636,265.633646506042,236.053083934887,215.259057714595,205.090255925837,240.93208972582,227.518562843419,314.996795169052,242.001011039057
494,494,4930,0,0,0,0,0,0,0,0,0,0,0,0,0,0,0,0,219.12841330269,219.422042090185,257.195279902617,197.706967304386,212.580367543816,200.842134032345,342.663630481663,227.716696752591,334.236506646225,231.008616509613,243.052378043929,166.100138308897,235.634873481297,225.43119077626,223.565393166617,230.601235053651
495,495,4940,0,0,0,0,0,0,0,0,0,0,0,0,0,0,0,0,198.582358676525,258.898888877151,240.934283742846,229.332549621583,259.969789237728,280.437305899829,333.955429864121,243.82413590918,240.290008552917,208.323573785481,253.017288509319,190.752922642276,279.839174204822,201.663181231518,180.303613599394,251.211566805866
496,496,4950,0,0,10,0,0,0,0,0,0,0,0,0,0,0,0,0,205.777411306146,232.825433517236,183.530107917296,288.078052012049,214.562635103036,238.887365434933,343.791004746432,221.777486251704,173.708938156237,263.806199765815,196.683264040046,238.978819104342,284.447295665848,218.713800243897,214.069640732296,269.84015824967
497,497,4960,0,0,10,0,0,0,0,0,0,0,0,0,0,0,0,0,245.3965957712,257.986192584453,243.491694367033,255.996897223666,279.377565902801,238.143780699527,328.379904256653,211.87069425514,330.393781926517,222.862161169289,241.940104642429,276.559858076081,252.847413497321,283.564954277939,250.464939494119,261.871783604877
498,498,4970,0,0,10,0,0,0,0,0,0,0,0,0,0,0,0,0,250.172327121548,226.954959478235,257.292988069477,344.899764829421,169.048811157411,256.348142189601,322.086058996439,225.697310452437,293.513999871722,229.264699717819,222.566641858482,295.49137098452,177.663874718574,238.519446481114,263.465562478642,282.771245023635
499,499,4980,0,0,10,0,0,0,0,0,0,0,0,0,0,0,0,0,237.028203867776,333.350458326577,206.688121223286,244.071283043213,215.241654956249,160.926043958003,313.014250474186,224.020880070955,261.878683089204,238.128433678718,204.851105929193,279.914211149206,347.544001378685,198.22701486365,260.524056962888,298.295380042372
500,500,4990,0,0,10,0,0,0,0,0,0,0,0,0,0,0,0,0,249.510335102276,277.955594102511,258.601044293749,244.578834849489,229.228500268506,223.117878484454,327.380773629553,321.143030824889,268.905557734627,193.983759784799,256.371519545577,233.31467289057,213.928068092371,250.963080028293,250.593210956619,246.858383478366
501,501,5000,0,0,0,0,0,0,0,0,0,0,0,0,0,0,0,0,214.397107078848,241.718607940745,238.100984796365,186.071415633737,238.342690244026,245.540773516496,327.17761781987,271.828236470084,247.16388607543,200.898049539735,291.023999450334,264.983909793288,283.310950093438,239.778919995616,224.513513686652,241.649506623024
502,502,5010,0,0,0,0,0,0,0,0,0,0,0,0,0,0,0,0,247.656343854616,209.260780416062,177.087338032781,270.397497019606,297.288767919546,188.814430929005,342.313195593734,296.500147499973,280.585945135335,302.210725813939,218.753000495112,192.031749578246,251.811408546131,268.44299262517,215.786012547663,254.62648547385
503,503,5020,0,0,0,0,0,0,0,0,0,0,0,0,0,0,0,0,278.823580254285,256.454552020627,196.631381970489,185.032027759512,251.97648386257,209.566568641341,334.288414527471,276.893747282569,325.058525619245,196.960748751037,288.679476715008,227.313850793121,200.753845767858,221.98373641276,234.578947027175,194.24581796913
504,504,5030,0,0,0,0,0,0,0,0,0,0,0,0,0,0,0,0,311.114056822974,258.788293260778,316.955943119993,292.932498609535,272.628634913499,247.142379663021,340.564973621738,257.411256086808,271.485600119606,308.591304884248,249.690908971834,223.285977562739,283.115585967541,227.503936068889,320.069839002884,226.02792681271
505,505,5040,0,0,0,0,0,0,0,0,0,0,0,0,0,0,0,0,223.749349422626,242.313826143964,226.298172241452,229.705658866795,305.891357604819,250.799196688195,336.455502882582,302.647043878334,273.660450818284,277.298229239862,211.37687296902,218.005368939871,159.472407171876,221.741623288658,246.752290162492,248.421716730532
506,506,5050,0,0,10,0,0,0,0,0,0,0,0,0,0,0,0,0,272.276026531031,219.203119456617,230.029633871652,254.404651532396,188.760052630358,283.350423065618,315.119891654037,256.937557370934,229.015325008512,177.124922924198,268.449648459384,213.863074627712,264.704752982777,222.236714709776,243.614440397888,249.54998571253
507,507,5060,0,0,10,0,0,0,0,0,0,0,0,0,0,0,0,0,218.140686871579,256.714363199895,231.407909853699,245.509172629348,292.485095832852,240.048607955361,339.092882013151,274.830026079891,215.061267843531,235.424445814922,348.266172249653,267.796055244968,274.738038505406,287.362852763604,311.754419269863,273.561103205162
508,508,5070,0,0,10,0,0,0,0,0,0,0,0,0,0,0,0,0,274.162037762077,266.720443833147,281.230081170223,288.952102917383,272.984747446571,258.486029720468,325.028836725214,255.293858134563,208.920753264819,212.328954098021,214.58209113714,234.634838168466,338.001258934458,273.721281752581,250.019474947961,305.651587143236
509,509,5080,0,0,10,0,0,0,0,0,0,0,0,0,0,0,0,0,278.588222978773,207.333086932504,262.360261825925,216.840550181141,254.702673544156,333.858635881044,321.43651031105,245.576764792821,264.201046298189,310.699651507251,260.006513498377,269.010855864393,219.65098079548,263.303786347116,186.658704487537,242.302006855704
510,510,5090,0,0,10,0,0,0,0,0,0,0,0,0,0,0,0,0,302.386279047458,189.240242339059,227.389009240937,290.578967362722,205.257682342433,319.854248298226,317.531751803324,264.651126809418,249.483788022932,233.949767217723,228.492516097077,288.031136251306,250.069982210653,249.301634007997,223.420918493576,265.630875809461
511,511,5100,0,0,0,0,0,0,0,0,0,0,0,0,0,0,0,0,280.399421483544,274.935225032206,324.434403389714,241.752778887635,215.447481123318,242.698271438259,352.667075024807,259.253151562364,250.395560163944,262.536165914107,273.059224873734,238.93932791013,219.693746389632,303.308837517825,247.478842302664,215.902302107186
512,512,5110,0,0,0,0,0,0,0,0,0,0,0,0,0,0,0,0,206.741481585734,238.352624859821,222.048860216937,301.434751311843,233.58757547787,245.196866484631,330.967836105044,220.408966121143,308.20454079457,219.366797966919,290.297476410195,243.490675117227,281.876277027641,202.799793759383,230.023900380046,197.819416632856
513,513,5120,0,0,0,0,0,0,0,0,0,0,0,0,0,0,0,0,215.24057260814,246.527758607712,275.566677580401,268.671325489733,282.184974969585,237.31443388529,342.417658374107,270.517084606327,227.425862053154,235.306762446247,288.72079509975,284.502469135889,278.867013246048,163.473823979605,261.728747409298,278.960931678944
514,514,5130,0,0,0,0,0,0,0,0,0,0,0,0,0,0,0,0,334.967989128316,206.228177058747,312.901405595433,246.025352971802,231.80316866186,253.102846601788,345.805424510534,247.467072109986,316.562086486265,190.962372472187,291.783602231657,277.404162555693,245.371854951722,209.34810789546,240.036358333056,231.819897621174
515,515,5140,0,0,0,0,0,0,0,0,0,0,0,0,0,0,0,0,259.362304345718,260.80634982023,231.266080727876,239.110779688104,311.143284369789,231.699779649603,320.898518023094,225.049660583636,250.73217163632,234.72357239941,233.344098728441,256.93901033976,258.458686427614,105.958282464807,312.899396090785,217.808355252864
516,516,5150,0,0,10,0,0,0,0,0,0,0,0,0,0,0,0,0,276.949222511711,305.704099341155,212.894239878805,289.803293958829,300.716985636907,216.210522686245,323.677694531004,276.95186015482,238.182021454059,235.83242126451,232.722276472435,300.544432527133,274.578315142314,295.020550350653,226.495970819586,250.546696450439
517,517,5160,0,0,10,0,0,0,0,0,0,0,0,0,0,0,0,0,276.289662341012,293.429077154677,238.449187840138,237.337785098963,253.623970330925,215.653455004494,330.450538977501,268.799605064562,257.541450916085,269.569145947854,216.657466976631,317.029007505458,290.249557862848,286.138374610113,290.427130359267,267.33181141891
518,518,5170,0,0,10,0,0,0,0,0,0,0,0,0,0,0,0,0,276.473193099444,226.072534229924,271.192516858161,184.912208326484,246.204915517477,225.641525777791,345.020631242143,233.226583191247,264.074904762373,205.393852903545,290.45025979515,256.359713734729,275.018448113704,269.205926447255,222.473172658451,248.245408631296
519,519,5180,0,0,10,0,0,0,0,0,0,0,0,0,0,0,0,0,282.725481780909,208.982454904015,209.802157937611,297.191638840492,226.956128998083,274.220142334897,324.750659647096,274.2230101021,226.146343677849,182.798840677811,309.275299101316,261.534577805899,241.697009954699,281.895364997212,269.823167343518,295.192341558076
520,520,5190,0,0,10,0,0,0,0,0,0,0,0,0,0,0,0,0,259.128911764872,288.875582287846,257.420963276765,236.047520777308,269.587582743918,236.188536710321,351.029778428971,321.472726983301,249.217099136296,272.625825285128,226.099340123701,205.573523243555,286.61512994947,229.124521112375,245.959458302513,200.177290744139
521,521,5200,0,0,10,0,0,0,0,0,0,0,0,0,0,0,0,0,285.458890319076,232.84222504214,228.541889298242,251.870631858804,225.430792946963,219.850516172429,307.603982072915,273.213499314125,251.80159702121,232.721832205661,227.886182098124,285.602053065417,251.319836497667,226.322052420753,234.55241605898,213.117860526793
522,522,5210,0,0,10,0,0,0,0,0,0,0,0,0,0,0,0,0,271.142111493361,255.583948045145,226.27755755909,282.661834889721,310.54099074521,226.720031273295,339.577699748728,225.819247713892,269.659503259665,241.428307532553,205.208107425574,297.950644307438,318.714446531002,205.295059018441,297.698507391211,195.109940187813
523,523,5220,0,0,10,0,0,0,0,0,0,0,0,0,0,0,0,0,248.977909972421,184.422087842232,223.340962759899,211.17801444143,221.085195361417,220.278871041297,342.39211431537,256.316269321198,235.329449434584,244.336682845462,255.281319728405,282.677599593857,238.15353975842,178.931659594034,219.220334376591,232.11095118781
524,524,5230,0,0,10,0,0,0,0,0,0,0,0,0,0,0,0,0,153.429266300038,195.720903657416,243.156838445846,230.254308438056,195.712260049005,199.345211778758,353.731564701458,246.43275221597,228.602737356612,315.798128099393,265.511517021213,201.371839269842,289.031508560509,302.262518139565,229.177318086847,136.919879035739
525,525,5240,0,0,10,0,0,0,0,0,0,0,0,0,0,0,0,0,193.174093034754,259.276121126049,188.544588656939,260.774022788731,202.805923073124,262.476913431738,339.46470605401,291.416655756082,244.391397146602,239.910841987858,169.448426219886,245.538371347391,264.003867946913,257.557988908977,202.444116701565,323.442012623339
526,526,5250,0,0,0,0,0,0,0,0,0,0,0,0,0,0,0,0,269.415669177027,240.757536622392,269.391417069546,272.175146514378,207.320855837094,265.023772036386,377.639283488921,218.183905027133,263.042687925452,300.396809144618,322.502977564024,235.003220153194,266.486944519547,243.955097727597,287.064017247579,210.420493801436
527,527,5260,0,0,0,0,0,0,0,0,0,0,0,0,0,0,0,0,247.778056802213,228.142178730054,260.072912364991,221.048206635408,326.444383752373,200.375787009623,369.902973660037,257.835335956243,270.506610552492,283.566562000358,160.654795057018,250.798878820622,270.772055520039,245.390629674218,275.292834689106,273.486988541706
528,528,5270,0,0,0,0,0,0,0,0,0,0,0,0,0,0,0,0,226.18391400625,234.984974395889,246.449145221494,180.881813802036,244.979138491148,258.713208346375,368.582166944098,198.892304147599,334.987979494881,187.411183693022,215.572931278081,245.333753263736,258.563533467708,207.448680797128,330.585174922133,184.205093998855
529,529,5280,0,0,0,0,0,0,0,0,0,0,0,0,0,0,0,0,262.948783012157,305.825554599325,228.982179892035,276.297191254988,316.404890389326,241.300513650643,334.807673101754,234.696718000926,287.904641002291,187.667451532679,219.109086123442,249.857017147922,229.362898018757,246.946837775638,271.993645507528,272.257434870197
530,530,5290,0,0,0,0,0,0,0,0,0,0,0,0,0,0,0,0,260.319224426468,310.550098048681,274.817150911887,277.565043638798,267.049646708248,279.976567144093,353.451421799058,274.770399727709,192.856652527214,284.837664326259,281.36678071862,261.952926786924,206.369053249657,198.198074416116,218.281092040642,180.03732635601
531,531,5300,0,0,0,0,0,0,0,0,0,0,0,0,0,0,0,0,223.388599818364,222.333227345282,235.420779693373,257.115587262459,238.31606525978,279.215066862925,356.939741499751,249.912552253564,304.661304308569,279.902479226314,260.275446466497,208.77186786549,246.426299445771,269.045089786561,270.206434082789,214.612646218233
532,532,5310,0,0,0,0,0,0,0,0,0,0,0,0,0,0,0,0,222.59763688305,233.753732703522,255.789475089753,258.514689683774,211.275051348783,192.080771720689,350.348862969227,247.96776902212,280.897763147516,207.630860922673,277.8641350888,320.475877469915,201.588024220181,250.308326185285,190.235215541278,231.60102726058
533,533,5320,0,0,0,0,0,0,0,0,0,0,0,0,0,0,0,0,217.190678482576,279.045344735739,187.160257201391,319.97540599432,306.235012920539,241.352079831681,334.516990648556,231.20527544357,266.168163182682,328.168076541619,202.959317119641,262.306754397287,266.752976475155,273.414420988492,236.519324971793,173.541210201523
534,534,5330,0,0,0,0,0,0,0,0,0,0,0,0,0,0,0,0,214.556791133068,265.261899848192,239.132425366762,205.767527364941,210.40576146096,260.360305123814,344.845602150656,278.13244910104,206.71803778801,273.957899202725,233.829770127916,219.34905306324,219.65441669887,275.157956528329,269.480406109424,178.619692303038
535,535,5340,0,0,0,0,0,0,0,0,0,0,0,0,0,0,0,0,239.960921106718,179.61778949737,246.534967806964,204.11554787804,207.664982139695,248.447179770077,339.387887121395,191.039564029904,247.044789903232,256.33957324304,325.58442222807,234.331145343621,218.511133509189,230.753285550954,248.480256076647,274.00394022325
536,536,5350,0,0,0,0,0,0,0,0,0,0,0,0,0,0,0,0,192.117010468989,283.746969671623,269.074728536398,262.53012078325,174.401795399504,161.426754186552,341.751039402917,282.66511159408,234.548828064569,224.02969642743,259.539226378767,219.170347540562,269.124988594037,218.310842101942,300.396139957328,240.459601009078
537,537,5360,0,0,0,0,0,0,0,0,0,0,0,0,0,0,0,0,269.327988343758,253.440366594573,202.271866303995,247.739816956406,275.752229415723,286.423948968387,320.811083422545,329.398182439491,192.614735357301,236.244462240762,222.400774864098,248.454611946103,268.689140046105,298.034287698649,185.60002645022,321.700457853417
538,538,5370,0,0,0,0,0,0,0,0,0,0,0,0,0,0,0,0,248.966931112733,201.844094927528,253.986280399678,250.104376070131,277.246847014103,239.819461873989,283.335922456622,282.842287710293,233.660607145521,229.508619624436,183.510737164323,185.089360910343,268.282162316137,232.097988125475,234.609562469674,305.636715436789
539,539,5380,0,0,0,0,0,0,0,0,0,0,0,0,0,0,0,0,258.019971692824,190.901374460407,246.205857236431,286.652494174016,309.418960169408,244.095215772335,280.46388761348,285.00187469599,253.074361090845,176.23822900054,274.632625537747,270.697529225999,177.402405507019,186.427965130361,285.575439859056,290.186429583655
540,540,5390,0,0,0,0,0,0,0,0,0,0,0,0,0,0,0,0,228.3915960014,244.340773743296,246.623215463319,233.061203562997,217.245746449187,244.919240820757,286.909417733486,187.907112486159,184.205002831278,242.890263555527,298.475553610402,275.344652684396,253.054110663573,264.880688689312,221.148495932934,271.964072683281
541,541,5400,0,0,0,0,0,0,0,0,0,0,0,0,0,0,0,0,283.237965497003,221.43553912563,246.86355862081,201.220468683038,225.715206413231,237.061604332051,315.267802561734,244.349820721138,220.710463882801,258.565710008564,273.696412040997,223.629259798503,260.649117183022,230.810707282226,284.073502581075,284.498014825962
542,542,5410,0,0,0,0,0,0,0,0,0,0,0,0,0,0,0,0,196.104221055386,232.04268304196,291.392106576585,253.777809381418,279.212182860143,260.832615491313,283.549201744368,252.67524186236,215.075716000411,232.543412798402,281.97451361917,243.333552638233,202.400419836423,219.495631781604,284.24155139281,215.808863525062
543,543,5420,0,0,0,0,0,0,0,0,0,0,0,0,0,0,0,0,219.316221658242,276.170143370499,237.315173989165,192.23422726826,351.219462161164,190.916240414238,284.667485808502,243.379594220829,202.114760197994,273.689868267555,224.138312727587,233.538894903541,231.076446864098,253.688561324513,188.644465323203,276.369096873375
544,544,5430,0,0,0,0,0,0,0,0,0,0,0,0,0,0,0,0,262.70207297653,267.761058127422,249.860978676054,296.73759643043,206.216642756916,261.243881221882,265.798601083044,275.652898217701,211.432222058001,200.399986053488,292.022371945113,262.100653919533,216.693874677733,265.098194358328,277.948023862661,207.244075600549
545,545,5440,0,0,0,0,0,0,0,0,0,0,0,0,0,0,0,0,282.118399103897,189.634236577048,225.199321110605,242.182160615453,167.562107199103,211.509859465439,259.892744839444,263.851677570444,204.322308932915,260.117317845508,194.840103469617,277.878682186911,259.325691768785,254.174892157361,277.436013986407,306.787204000433
546,546,5450,0,0,10,0,0,0,0,0,0,0,0,0,0,0,0,0,252.872817790891,256.207988328816,294.672559238523,291.111511025202,228.498617930404,266.872799401262,269.394278484405,259.436193511864,252.782999336207,234.009303458878,238.315345385955,283.826122444561,239.939572394857,301.046049831305,215.930050554663,306.502159766302
547,547,5460,0,0,10,0,0,0,0,0,0,0,0,0,0,0,0,0,328.398614276907,266.760729435954,246.531044602265,268.309458620053,210.978805926689,206.141542563922,258.40583435651,318.77269753217,277.386738116356,217.826846939459,213.675147005916,277.25577385863,228.437332681775,310.876800438294,166.398827209444,275.638460217466
548,548,5470,0,0,10,0,0,0,0,0,0,0,0,0,0,0,0,0,176.284524589304,235.527324056284,218.706652281973,196.061694980938,286.355326443929,285.851381176892,261.370240670233,230.003799154207,224.687836908739,185.335071116843,233.164066077639,267.793759576753,286.496876446352,259.910131220139,306.013551436982,245.145952177763
549,549,5480,0,0,10,0,0,0,0,0,0,0,0,0,0,0,0,0,262.501712807652,318.439789548433,293.292753888594,211.760193416515,225.197882905243,253.770514435414,297.2708135617,220.889519530137,208.793703094789,348.545768003698,229.703226065447,291.036534632027,231.816079212182,223.074228214377,214.789953903039,268.361958511691
550,550,5490,0,0,10,0,0,0,0,0,0,0,0,0,0,0,0,0,300.30885701167,275.754597077107,232.597181563175,276.233905344331,229.537403873182,237.999873104566,287.703371555724,225.157583240374,247.850660290519,269.896736193976,234.703861570367,281.512497241985,238.780754666962,298.849120392722,219.54700667242,255.058774867712
551,551,5500,0,0,10,0,0,0,0,0,0,0,0,0,0,0,0,0,245.820261545246,282.220494652813,201.558668687422,271.613223954652,280.150329087999,296.707080682056,278.31440294343,215.35578424288,217.184092872336,271.743684222137,238.885317165433,292.513589850198,228.879184909629,302.952577849807,313.053364872597,203.415395075116
552,552,5510,0,0,10,0,0,0,0,0,0,0,0,0,0,0,0,0,238.603821474798,308.497893493207,213.708672228524,283.857165721638,210.951093393034,237.261356723111,325.387523457499,265.74976108805,262.742348593769,272.399275016987,211.985516069348,262.231819869158,234.219303922007,241.848051767866,228.460936243982,252.891546391343
553,553,5520,0,0,10,0,0,0,0,0,0,0,0,0,0,0,0,0,228.802999479214,271.703269239183,278.241142546517,273.848558356956,255.449004429575,282.682264537323,323.425247199493,214.848595600933,280.765563373932,324.656186438269,235.622725817434,243.783508899268,228.778705881764,239.921597520346,253.107346773077,219.26393380462
554,554,5530,0,0,10,0,0,0,0,0,0,0,0,0,0,0,0,0,221.805902751543,282.497860448507,304.952340435872,153.076906151762,306.164648328137,257.399165248958,335.272580187291,174.451044474024,184.185188817016,176.096765538843,252.316809608987,281.09693982678,216.345321703269,290.267543687652,287.766738336484,249.324301288098
555,555,5540,0,0,10,0,0,0,0,0,0,0,0,0,0,0,0,0,245.909837954295,261.169935986246,199.084342390571,154.263704473391,220.348424496922,238.480030970846,329.44560067149,207.11485493833,260.05085193072,238.21758296868,263.264836319741,228.27769335198,234.706026953412,238.860916682679,225.489661072547,255.014042127901
556,556,5550,0,0,0,0,0,0,0,0,0,0,0,0,0,0,0,0,214.900756354376,216.537555978178,294.950473945044,304.848357777951,312.820237401978,199.484971049411,349.122629638183,295.637607314699,238.522829988681,237.043358932419,246.518642462948,262.357788572873,306.637173984984,247.077724418496,257.688268280791,259.791495752067
557,557,5560,0,0,0,0,0,0,0,0,0,0,0,0,0,0,0,0,256.963626725774,182.14700957356,185.059093023149,234.210242527031,285.532023544148,237.820449486251,359.017557737775,228.664493852726,303.402927351023,229.462232847919,225.542283049859,268.941306612844,299.054406691108,310.275414654579,226.543016072372,229.181418536537
558,558,5570,0,0,0,0,0,0,0,0,0,0,0,0,0,0,0,0,228.509154768861,253.444322810469,162.088378306391,263.423705845727,279.158504850138,307.311512821385,353.586425481965,240.887904717354,255.509072871803,285.627248806064,243.148613968666,226.116897712394,202.658371255158,241.200891355927,293.975641786259,230.721915125437
559,559,5580,0,0,0,0,0,0,0,0,0,0,0,0,0,0,0,0,268.50811582758,198.148044828207,268.453208648552,194.548496942058,225.904315877005,207.321062089836,343.545183611523,273.289335406377,301.328731703119,300.057034931576,267.566696158769,237.480107089245,262.928349189684,248.881658412001,191.984131436353,248.572817784487
560,560,5590,0,0,0,0,0,0,0,0,0,0,0,0,0,0,0,0,301.429548392327,211.634763028741,219.574913497801,224.773020044857,277.186531664278,222.800527124374,342.593292163216,262.566907745674,201.327817975039,247.51469783475,259.839398344067,222.986911549893,294.362683738723,257.531446785737,227.892949471548,240.283618038259
561,561,5600,0,0,10,0,0,0,0,0,0,0,0,0,0,0,0,0,234.214959906173,289.566698872303,223.361213800751,249.603631367228,261.168654558344,184.181977240957,328.196040053735,224.385985701517,283.232903036554,272.477582169946,283.824999389976,214.129899758562,232.606724192165,179.522961078995,257.625266125182,298.304448304441
562,562,5610,0,0,10,0,0,0,0,0,0,0,0,0,0,0,0,0,191.845533774606,233.205327503652,309.805310333623,220.081479240705,182.659544535599,266.157355969958,319.077765385258,234.149291737517,256.920781828213,239.951680977019,258.416412112261,223.498300415053,312.716889542997,231.949250500822,241.192236705562,207.220864599172
563,563,5620,0,0,10,0,0,0,0,0,0,0,0,0,0,0,0,0,254.142138505084,218.184811212391,267.741303915968,294.641468386571,223.918793612474,266.174390404123,335.098307654274,250.651450859249,327.015343049874,234.794166733418,337.056837091741,289.158914017439,312.306575301852,294.590250317128,261.885276761479,227.608176317704
564,564,5630,0,0,10,0,0,0,0,0,0,0,0,0,0,0,0,0,270.443227242498,218.220874441681,280.972587621297,236.045479237628,262.806767747206,247.117232796536,338.146699133766,270.370653578352,242.140079883817,224.439249352103,242.306361824805,223.93521122805,198.063018100609,296.423332477456,253.714975204516,251.05764461677
565,565,5640,0,0,10,0,0,0,0,0,0,0,0,0,0,0,0,0,274.812405240163,254.162000794791,299.807410712119,309.324881542305,250.283353210253,216.269658063008,320.510179232625,287.183524364499,268.746114289277,254.238534773181,213.248800699296,290.146537789344,272.223628912092,338.359474300465,318.06229298235,189.607163980831
566,566,5650,0,0,10,0,0,0,0,0,0,0,0,0,0,0,0,0,221.987098887563,243.377229397791,229.848040559939,233.878964050346,215.730505661106,272.675327667437,347.077197917161,288.752291887963,212.752411149041,218.259086809921,266.376008305734,242.338692983502,287.070822376366,204.858755715202,223.053974264149,214.698922896035
567,567,5660,0,0,10,0,0,0,0,0,0,0,0,0,0,0,0,0,204.747322292875,244.862242525634,259.176330429419,325.485564828232,268.840217392588,234.179579539907,348.614461171444,232.294820067376,226.262621689416,234.477083558781,210.996654751446,256.141764689768,339.195040930119,277.395393271458,263.08333666859,266.786367156892
568,568,5670,0,0,10,0,0,0,0,0,0,0,0,0,0,0,0,0,223.623815620731,243.413799537051,194.837276980411,259.746307452195,256.595614254218,221.53187607515,358.410299507988,258.21253302091,254.228645819555,283.584218716519,237.59099957314,270.488416324009,231.159326770904,228.591406618221,244.731467814709,290.404657522031
569,569,5680,0,0,10,0,0,0,0,0,0,0,0,0,0,0,0,0,195.619946546508,254.68022598467,254.524615809305,205.958113626962,224.501110405177,291.045642177409,347.513533864991,272.549805949408,194.110872704218,235.574652967484,273.586701854989,227.089905580702,286.508902786927,287.818509406666,257.505701916538,264.51215122532
570,570,5690,0,0,10,0,0,0,0,0,0,0,0,0,0,0,0,0,301.540427060127,221.235824089462,249.510579011565,213.173592226741,247.967658125163,190.558768430669,353.11318777406,205.219348594782,210.179491779673,254.777087986124,254.191246840233,297.937438566176,257.515932632092,179.881323606644,213.262722184943,231.755720880855
571,571,5700,0,0,10,0,0,0,0,0,0,0,0,0,0,0,0,0,211.59955140942,232.372451535473,283.674972017479,219.79384634424,290.744666372652,294.006086087837,373.301323741103,259.164902646916,252.668208754673,237.35229458814,291.412489078631,297.890256401495,279.635082820554,276.194555604403,254.57841805744,239.524384543551
572,572,5710,0,0,10,0,0,0,0,0,0,0,0,0,0,0,0,0,231.917540916742,185.16325188586,294.239887588311,287.229967506297,300.770321053506,231.596389069728,356.263672192943,249.865057323904,174.52519154723,229.198308195157,208.427015970576,224.362965724784,229.669892569304,229.526940044456,280.623349425507,236.682587188997
573,573,5720,0,0,10,0,0,0,0,0,0,0,0,0,0,0,0,0,249.099847477934,284.188953455524,246.537765011735,312.975613626632,252.543780387398,307.129027454443,366.886628490797,252.874490128643,281.022745167073,244.286135551733,239.519819879907,234.087016990804,264.500043537247,273.243291038122,352.949462468132,251.562064162148
574,574,5730,0,0,10,0,0,0,0,0,0,0,0,0,0,0,0,0,245.578722472385,217.098132583069,214.721254713918,223.133419728727,282.860340184748,203.401724595876,372.125200269015,237.731696209048,323.09855046035,284.329729794852,228.864852210812,188.685776712456,241.122376977938,273.391492069562,237.215547065818,272.627193345958
575,575,5740,0,0,10,0,0,0,0,0,0,0,0,0,0,0,0,0,312.923636407507,242.897478981956,188.92247519125,232.304600849564,226.063180878015,207.188571265373,378.163876201324,262.142287748381,285.17383631571,234.154017267385,328.621173039507,234.055513985242,261.02876881102,277.757343402395,312.668386512229,188.596145263555
576,576,5750,0,0,10,0,0,0,0,0,0,0,0,0,0,0,0,0,201.94276557204,252.316384117775,274.611960317124,264.507809696503,300.802279162333,264.849364729458,401.837548754273,225.874931990012,260.629502377063,212.051549634669,257.618301055624,271.266782931206,256.160213856998,246.865883180949,186.207562478461,269.872210125345
577,577,5760,0,0,10,0,0,0,0,0,0,0,0,0,0,0,0,0,205.764664822657,260.42438023023,285.225804783416,247.05336052005,260.133102952381,286.971720205254,378.34031757282,242.069145884797,277.936028338471,212.004034997981,229.686115070689,231.510386179739,213.557189780695,183.570555480632,211.095769326215,249.523669806762
578,578,5770,0,0,10,0,0,0,0,0,0,0,0,0,0,0,0,0,186.319653488959,217.728764702096,302.780699370392,232.965917320553,271.903287613372,253.457608484305,395.083652676379,256.135187086481,210.487505173303,247.074129670513,292.281166689415,252.619020909963,237.028872647839,306.53657317156,296.371130241812,297.116104351159
579,579,5780,0,0,10,0,0,0,0,0,0,0,0,0,0,0,0,0,259.380776987036,286.434035329323,295.419306198641,216.779374415712,267.186959357477,298.894675795352,397.927407566527,254.655028590613,228.419496885188,277.228743726262,287.060065509025,287.326270991165,216.607776548851,257.315127080672,257.270908125549,226.749549574928
580,580,5790,0,0,10,0,0,0,0,0,0,0,0,0,0,0,0,0,239.125327459923,229.543024390044,295.201616905421,285.519366114717,300.315255546343,270.956767133567,423.002083806109,318.268867765234,276.899941205813,243.832698530564,231.520069188697,210.43379594227,244.946648770434,234.937492260073,293.39094788861,275.651773630678
581,581,5800,0,0,0,0,0,0,0,0,0,0,0,0,0,0,0,0,289.649472246456,255.25575052001,179.668476108574,254.368288696776,247.316121209654,251.600476198573,402.684814625747,244.334381689454,263.390036385068,212.436854525037,164.86516508128,176.811577031036,287.116803474681,267.788204004922,226.276361840207,211.602581840498
582,582,5810,0,0,0,0,0,0,0,0,0,0,0,0,0,0,0,0,207.65169962938,183.332866634756,328.455066733364,260.72370603488,283.217480728208,172.417687410202,383.920273581898,288.349746905063,192.157828601068,305.267638179701,284.999998508976,291.451758903518,280.769915960041,214.095753400509,232.450897074899,248.00158121873
583,583,5820,0,0,0,0,0,0,0,0,0,0,0,0,0,0,0,0,204.224135440723,310.044681078919,283.642923772107,212.9829515979,212.706404648465,223.783162917662,402.496205450132,285.908572248152,230.153238086498,241.05263525867,273.139896142848,224.365959037878,251.629700053557,241.824609059257,233.687215501643,274.283139101763
584,584,5830,0,0,0,0,0,0,0,0,0,0,0,0,0,0,0,0,229.078580741213,267.779344771046,218.949326004808,306.015369896581,243.743033182137,214.73769327854,406.259330893153,243.531625419139,216.768925426208,260.28593108852,270.725674233872,185.039395009948,267.222195519687,268.361208766878,222.937701352039,247.454316402211
585,585,5840,0,0,0,0,0,0,0,0,0,0,0,0,0,0,0,0,209.48379406297,187.523324748075,255.010576648688,288.326885827004,246.402816263937,274.234494136455,386.853275880906,280.854195629468,244.279602885918,257.086916394051,234.887378476286,178.097349767137,304.713901063396,256.766021496399,213.2058486149,282.524501609784
586,586,5850,0,0,10,0,0,0,0,0,0,0,0,0,0,0,0,0,236.641142356899,242.932463870389,252.031751923976,265.508718551703,267.700002212596,244.097079663514,374.795111679073,277.6396030547,256.660227686176,256.187844105363,285.800187297548,221.692682347423,189.409551363923,260.088343016214,258.352319043517,265.895815435651
587,587,5860,0,0,10,0,0,0,0,0,0,0,0,0,0,0,0,0,259.40352032185,202.205225312769,264.405565796916,260.164107948016,227.024923486225,270.985987420669,375.19782959845,243.535052533069,224.684465161622,295.393319246131,263.319624501867,249.729274131238,291.331270660354,277.55234006688,257.980602838112,250.704741914857
588,588,5870,0,0,10,0,0,0,0,0,0,0,0,0,0,0,0,0,206.609927792998,289.336793323021,286.137436771268,216.317822287703,186.86626009003,240.915233072227,349.097242895984,221.577863810576,229.691818378868,201.30607065564,207.605916422157,286.486633433917,163.625812530847,265.184140516506,237.941976698658,217.447486733702
589,589,5880,0,0,10,0,0,0,0,0,0,0,0,0,0,0,0,0,292.925975296471,251.08300063965,263.908901266181,298.07223383171,285.42826306098,207.948031167272,365.394607307033,208.534659116732,262.93451270447,275.185082380586,251.529674174878,231.596753688851,270.377551355525,237.74193410191,210.780357120708,316.878262793276
590,590,5890,0,0,10,0,0,0,0,0,0,0,0,0,0,0,0,0,207.320714484208,328.842043011087,275.462660414168,282.10079665923,237.61414475425,273.565900377619,357.16381382944,257.136661871249,219.47355891309,242.608966904175,291.388893969874,259.587093040452,191.17732076504,303.073692839051,309.525897899318,239.912261920317
591,591,5900,0,0,0,0,0,0,0,0,0,0,0,0,0,0,0,0,270.96514024599,241.90032490102,280.33908770446,198.154524030988,285.057083082241,207.845485036851,365.769843211596,250.274133790716,215.06424028333,168.007039674031,290.74917414387,263.23532384929,209.729274299052,246.693756239117,230.713689909527,251.66489673101
592,592,5910,0,0,0,0,0,0,0,0,0,0,0,0,0,0,0,0,290.5660118651,211.93523814109,243.510358268267,225.431659775372,302.427410819526,248.460615299283,376.84970265609,266.750330224743,287.284240461005,254.954211115086,291.124832350099,228.570224378832,209.174430841604,198.807822029937,266.165936981788,280.47355335607
593,593,5920,0,0,0,0,0,0,0,0,0,0,0,0,0,0,0,0,283.526259774079,234.090144412655,329.166419952342,224.805857579256,264.713901392328,188.576151286004,350.830441685624,286.78530352363,266.169391134196,259.567154832867,261.41893511441,224.733143831972,286.010435273311,247.374647169466,287.013249942835,279.196250850274
594,594,5930,0,0,0,0,0,0,0,0,0,0,0,0,0,0,0,0,282.673591720461,327.820121031091,251.544907679015,272.560140951022,289.903993350109,224.124288573254,354.39522522299,224.675588415194,259.315112466358,257.196964818096,221.526339518005,286.899547861366,198.758863276684,284.403379974775,216.949033446923,222.259626172202
595,595,5940,0,0,0,0,0,0,0,0,0,0,0,0,0,0,0,0,272.402192572955,309.25090492133,264.040550065778,327.062730927774,274.137645595433,220.053885391347,344.826434955348,262.250474096257,318.091091913912,223.730483149312,234.088935680174,259.759458628317,217.46467636104,234.322407325293,260.293840812676,249.960778480552
596,596,5950,0,0,0,0,0,0,0,0,0,0,0,0,0,0,0,0,227.662486291276,239.598006246078,274.992827935228,233.812671510844,278.797645687906,248.972268273084,324.688687730513,230.109746753691,193.318589218727,256.821051953805,270.777270836327,199.556779159056,270.377284940328,283.566908346318,249.084637577402,254.300425633132
597,597,5960,0,0,0,0,0,0,0,0,0,0,0,0,0,0,0,0,270.565651646109,228.079751388105,226.196253059604,211.588014457684,260.662088866638,247.905363280381,336.48700415003,186.286937391994,235.081077018834,212.797772742458,253.812000417262,299.911036147844,214.867012116134,246.630590508489,272.001882337497,279.792834567513
598,598,5970,0,0,0,0,0,0,0,0,0,0,0,0,0,0,0,0,236.113626504629,227.757975838325,262.11889647013,289.37768230464,256.418774372756,255.915076045074,322.611934329307,214.318899581664,200.972075961311,246.452330030994,273.928392675236,316.889321596392,261.322999740568,315.639123406805,310.362098628645,292.099939346669
599,599,5980,0,0,0,0,0,0,0,0,0,0,0,0,0,0,0,0,260.326662905205,245.630859777802,264.870326165328,259.077138150353,268.597175027358,239.783671637922,309.854493787028,224.524276497116,215.130108668132,262.710999915631,252.75980418902,233.237713792545,237.068596359511,292.528893158095,303.702088613735,233.930191928488
600,600,5990,0,0,0,0,0,0,0,0,0,0,0,0,0,0,0,0,267.506322795046,242.128361295328,257.433607574714,283.905631645235,185.729250120286,242.663095270337,325.181062477129,279.705367359712,272.97247278106,226.392868269641,296.491284324527,272.57207107025,275.262875775147,284.749182810049,242.359201857271,278.268860488663
601,601,6000,0,0,10,0,0,0,0,0,0,0,0,0,0,0,0,0,257.328780425503,249.670605442673,236.528807338168,253.485117418052,252.241920353872,266.250318645514,308.980689266941,214.735851551807,246.413009766722,303.139366123408,226.482524790404,231.68291640599,222.025651732993,235.915645611725,244.92491750775,236.932492503557
602,602,6010,0,0,10,0,0,0,0,0,0,0,0,0,0,0,0,0,241.559927113077,222.133932978468,257.245102370372,291.47489423172,265.136118091885,242.311485633638,320.804770296357,253.255704229647,238.575148292343,286.045182939493,224.218531700276,275.513142138173,286.588588105452,156.195308127107,240.360145752478,289.342268652284
603,603,6020,0,0,10,0,0,0,0,0,0,0,0,0,0,0,0,0,313.388749788975,240.506101948465,244.751746595062,238.568381095321,147.067619258468,247.498815469954,297.379013894023,209.985402739759,226.513302165228,190.040312282203,285.297867034921,164.324495480094,321.581099757259,242.517654900298,229.298655399831,228.173774977868
604,604,6030,0,0,10,0,0,0,0,0,0,0,0,0,0,0,0,0,232.8255596115,274.539141780822,224.56718560277,264.208350214524,242.620542270022,268.253604803072,308.979629955424,221.290752911543,220.625098992997,305.5852095479,293.874186808967,303.259169521408,257.982367479386,269.507260189478,265.441763532965,266.127135720768
605,605,6040,0,0,10,0,0,0,0,0,0,0,0,0,0,0,0,0,213.511166019547,206.829961246223,266.709835186198,252.976840188409,256.405993581073,280.924142283177,304.737339196215,195.008258482606,269.728847614252,274.152724099949,202.089251311502,324.871647860414,296.51705628114,244.216599304776,222.369796671671,272.285657497026
606,606,6050,0,0,10,0,0,0,0,0,0,0,0,0,0,0,0,0,268.586061124412,239.425571217157,280.64955584282,312.452563441527,204.051093651964,270.399296825507,294.913659966589,250.701487943788,216.68826537084,264.816415285089,181.173360470599,278.977340906938,310.268664553333,226.102863979291,243.419063582785,252.736091130004
607,607,6060,0,0,10,0,0,0,0,0,0,0,0,0,0,0,0,0,291.173071397674,222.831379696595,197.667970745594,296.875183524014,225.590398826986,215.690088897064,318.585659947598,249.92062307393,240.624309517229,194.459657593273,294.942100972727,270.810852162779,228.36781797736,299.065547812245,299.865613866292,212.626743087035
608,608,6070,0,0,10,0,0,0,0,0,0,0,0,0,0,0,0,0,276.351343834148,197.479264827099,211.595441231106,285.77479655085,282.773029602374,282.292137120135,322.321371738729,237.518849190718,215.426397899495,250.181877862749,281.789248900509,207.560707370256,319.598332657402,218.719092777818,183.318307650334,233.384662998033
609,609,6080,0,0,10,0,0,0,0,0,0,0,0,0,0,0,0,0,292.949005936857,235.228552728316,209.591514705342,262.497136360049,173.595785094813,216.210350108821,351.889207720257,273.034390396809,198.916406433581,238.902332184169,301.819996250298,199.745740901664,280.416393158771,265.1874437502,231.481658973245,311.603640113076
610,610,6090,0,0,10,0,0,0,0,0,0,0,0,0,0,0,0,0,284.714309426892,276.539893664625,306.480897979433,222.920167408856,285.673729361409,338.427289054409,343.515041643504,213.367377204418,191.236514568013,223.066025102585,259.814133121208,151.509532128942,250.357047482184,311.452853155118,217.742223978628,278.87276337539
611,611,6100,0,0,0,0,0,0,0,0,0,0,0,0,0,0,0,0,316.609543105392,282.470487787147,187.903791358679,239.660666400397,251.872815988545,210.671216335482,367.334330273586,212.56002440348,259.984056303841,214.665680975692,169.934604040415,205.438333000392,264.591415402147,214.22991796782,269.865802455666,276.295542991043
612,612,6110,0,0,0,0,0,0,0,0,0,0,0,0,0,0,0,0,230.712021453343,277.099571512608,290.944008520819,285.231695707321,274.055149317446,236.24480215161,365.078734746706,240.921765382502,238.098524299645,277.706461579401,276.608526884707,270.193572862556,235.300885001115,264.813028803636,217.421939892727,308.414085697166
613,613,6120,0,0,0,0,0,0,0,0,0,0,0,0,0,0,0,0,272.966438465239,295.899658414348,289.636758687969,278.474557630749,215.773424775835,200.44077922307,352.795232530312,252.289351600335,277.891468239608,330.165591611247,209.12189809782,243.300533238776,211.944503441526,221.936101674036,276.224606594839,276.631431342216
614,614,6130,0,0,0,0,0,0,0,0,0,0,0,0,0,0,0,0,261.72361589522,216.162169641769,295.486137190109,220.300061063303,242.4523990585,203.501117950133,372.463159886644,264.487535940615,306.430568614743,254.930601322904,266.411805601122,308.774466519125,268.996730435993,246.437542801832,209.901043242504,319.282895531578
615,615,6140,0,0,0,0,0,0,0,0,0,0,0,0,0,0,0,0,270.097281606211,306.439880230814,246.492259521035,267.315389651921,250.300087435048,238.37951997767,348.367485213927,259.337017883366,125.751933141195,176.434410885046,276.732027668649,266.359286525827,250.5030827904,261.447815421676,215.588013507469,308.821822194636
616,616,6150,0,0,10,0,0,0,0,0,0,0,0,0,0,0,0,0,210.254388006596,277.899951514893,235.647764702907,265.425586594453,250.263591392413,209.296280908033,357.42852692792,232.414687332559,242.0168975813,224.120350670045,251.561412042987,292.673542922335,230.703802102816,249.36801523951,246.160790833494,244.603526171443
617,617,6160,0,0,10,0,0,0,0,0,0,0,0,0,0,0,0,0,188.587492125003,256.482744766349,230.702838889014,232.34337120992,235.368168747963,228.881086852895,342.466188941333,271.449798031084,193.469653549714,226.873132049877,273.332534598486,284.692468790511,251.398708582696,200.588244217855,262.932844697634,235.921594103286
618,618,6170,0,0,10,0,0,0,0,0,0,0,0,0,0,0,0,0,251.702133616609,243.640153411459,239.599559903051,270.246749496916,210.369468735293,264.335289269978,322.234658713961,243.612080571003,254.598763473295,255.405271466573,184.147623122945,222.300402781135,180.109736124709,224.195403254277,259.967496948271,243.001409100366
619,619,6180,0,0,10,0,0,0,0,0,0,0,0,0,0,0,0,0,171.18107940551,274.64458939095,244.70513663918,226.225231193971,272.403677742542,252.808266904847,343.782448415432,231.949131065221,221.924556305771,260.976968775976,241.955333434897,275.660919231566,354.572326195703,262.635817859609,214.361831635819,296.188264933335
620,620,6190,0,0,10,0,0,0,0,0,0,0,0,0,0,0,0,0,207.496449262843,222.724611449155,221.207516947947,215.200890405839,263.863363255888,244.071553496569,339.318259754989,321.13157286423,289.200195695691,270.702513886765,251.602889118803,238.905556816035,241.230395318066,236.448157987212,266.542414818202,265.444772882194
621,621,6200,0,0,10,0,0,0,0,0,0,0,0,0,0,0,0,0,220.092699894357,250.34486117789,273.406331088237,205.625845048429,301.893339466608,218.932486223771,335.689833342847,256.156132329534,260.583001679453,281.179087891809,195.100850062316,261.96536607662,281.670438858299,227.984275614509,266.443100851725,257.802326078094
622,622,6210,0,0,10,0,0,0,0,0,0,0,0,0,0,0,0,0,186.061651168631,207.825743250284,299.382148616646,210.212038378462,244.098327863611,209.087083004388,341.82335208212,272.747196529671,267.154203078591,226.856705386514,258.113085989451,216.584896097079,241.890147646021,225.005185233348,254.413512451031,289.89223145699
623,623,6220,0,0,10,0,0,0,0,0,0,0,0,0,0,0,0,0,218.648600680929,231.987756784309,242.328132582519,233.258306916276,233.915667917923,219.40057338794,361.364529410583,217.140860220179,207.091535677174,291.12699700916,331.714050534652,266.680866627223,247.813889260806,246.791969988834,241.010437173488,198.197287324224
624,624,6230,0,0,10,0,0,0,0,0,0,0,0,0,0,0,0,0,275.012085317716,253.638092253796,235.321341628734,310.818669750953,244.592699761352,232.25317046619,362.845247614521,198.094844729417,272.713189942892,204.642422107469,261.0136754402,259.684985504115,219.29879866614,237.187352727578,200.984986312587,229.299142165239
625,625,6240,0,0,10,0,0,0,0,0,0,0,0,0,0,0,0,0,202.625211068278,194.840226357423,282.274591054722,317.005485638052,265.661604170621,247.545874310949,371.020740618799,273.601078166723,250.492958813705,243.020441701012,281.7125897928,201.202909867551,300.404720812927,300.120467722375,237.814537694575,282.018603612181
626,626,6250,0,0,10,0,0,0,0,0,0,0,0,0,0,0,0,0,224.660667122204,260.563555073079,232.181572138806,342.419263095546,200.294312461637,250.312823600321,372.272352905806,261.540639327359,249.538706555691,266.661607869898,273.447400404283,265.49956554778,115.493792939634,224.969383575377,205.934180728486,296.382602361144
627,627,6260,0,0,10,0,0,0,0,0,0,0,0,0,0,0,0,0,204.153753742566,285.49820484363,240.332174538411,250.892988507084,204.779209485052,178.083057464157,368.329788787741,250.341098360017,228.622600409993,236.130778507178,310.673438365603,230.192531376001,281.042244788027,244.121819278182,258.519793932992,231.135324748742
628,628,6270,0,0,10,0,0,0,0,0,0,0,0,0,0,0,0,0,260.999299210688,211.240060515551,252.460741955785,307.761623235082,256.068597823997,223.584765910903,372.360702283853,250.634707111161,244.379387756344,288.93848912745,259.860061173501,253.431240591157,226.462354420354,249.046886425606,221.859898737109,266.697179319306
629,629,6280,0,0,10,0,0,0,0,0,0,0,0,0,0,0,0,0,236.909359234906,273.18017091498,281.157271401335,260.557218772368,209.392354892985,281.897350349379,373.656727793862,322.407483539611,255.336446972568,267.911169241589,258.676407249059,235.189612486843,263.650183537648,187.435258123333,250.083714180884,200.713574526693
630,630,6290,0,0,10,0,0,0,0,0,0,0,0,0,0,0,0,0,232.261329894642,263.364013297423,231.07344641751,251.284445134124,269.058134714387,273.17403767729,363.022100627895,216.394832300554,308.588974533129,210.203637331547,231.725627596338,316.51335229401,263.402440411449,208.210860952612,293.173306868135,324.968753485256
631,631,6300,0,0,0,0,0,0,0,0,0,0,0,0,0,0,0,0,304.274515312662,238.814733791238,171.278480509626,218.152008352206,249.850967732726,312.421648164946,378.414183557022,298.595711665348,272.894278385029,206.394814231599,293.660393213606,256.050538432841,239.495596245464,271.519251705952,281.713418068385,274.622721896795
632,632,6310,0,0,0,0,0,0,0,0,0,0,0,0,0,0,0,0,258.723468577027,247.829287672246,197.243086358555,260.988369744387,309.31891768713,263.801953947028,407.821989709737,206.937321584264,272.235229994024,294.009981936935,233.509811677939,202.500305536888,262.02479545352,268.885119975616,231.173880053291,342.8005265427
633,633,6320,0,0,0,0,0,0,0,0,0,0,0,0,0,0,0,0,274.371816768075,267.121153607963,249.379456342149,241.011400580849,266.433750813415,245.822801290389,389.565937057924,302.591911686113,280.82097580256,232.52390435102,237.708907955592,242.698585058437,209.464719321697,304.41858934914,250.777134156945,268.197797124575
634,634,6330,0,0,0,0,0,0,0,0,0,0,0,0,0,0,0,0,311.991987004427,323.599805861743,264.001096808265,246.500536750929,270.570470270052,266.712680145936,360.975163123506,297.360412903875,256.902738817515,274.860964947764,294.720957390064,230.929754500262,257.624494372228,312.004643308181,181.774590396973,286.741487870328
635,635,6340,0,0,0,0,0,0,0,0,0,0,0,0,0,0,0,0,146.121083388699,191.497695336825,225.757727199485,262.076607510849,302.895166012639,213.121208017593,373.26817186214,215.887071191735,285.128562369836,246.833648261361,296.345039373769,322.194795099261,270.089410304545,243.786548314014,258.116044856927,291.421003100192
636,636,6350,0,0,0,0,0,0,0,0,0,0,0,0,0,0,0,0,272.76354835429,248.533317282218,253.115888386095,275.719566259158,243.736204453561,237.280810078945,360.291195935263,277.43935635923,235.673100261387,229.698391410966,238.817567798204,341.283022079656,272.414304308365,253.501996270171,226.524454393479,231.250481736283
637,637,6360,0,0,0,0,0,0,0,0,0,0,0,0,0,0,0,0,240.627444393366,196.716201073495,219.636908756291,226.486595705938,249.458031935688,208.849402987196,379.875594665544,213.942429716179,283.360832054045,243.36465565292,299.510529130914,223.200861467138,258.686829235134,213.597934281353,248.521808005701,240.131130872534
638,638,6370,0,0,0,0,0,0,0,0,0,0,0,0,0,0,0,0,305.494266248283,320.214061109723,256.566095235074,261.001660701872,211.532511546458,201.010996933775,353.445297965971,227.270785135641,287.168550020351,233.746901472611,286.886012922522,243.681821653603,217.270864600854,249.048341615548,290.382972982511,261.396906001825
639,639,6380,0,0,0,0,0,0,0,0,0,0,0,0,0,0,0,0,218.793301046745,291.369280257297,280.238600416577,246.594416203051,260.10560007293,246.89826860331,349.269427335094,276.556748216119,234.0201795765,230.786608996412,289.030748169331,239.575284513159,247.219524132793,207.712097343106,254.785476825528,288.551656421005
640,640,6390,0,0,0,0,0,0,0,0,0,0,0,0,0,0,0,0,231.2332526875,229.380553634443,242.982031362977,201.69726110914,282.331471664569,198.371841020112,331.566647212409,277.622013911439,206.84516365835,264.313549359564,248.392920035141,253.54358330295,275.701558983791,199.216093370277,239.362623042786,321.767463205255
641,641,6400,0,0,10,0,0,0,0,0,0,0,0,0,0,0,0,0,257.922204687249,268.278400838753,277.600290358183,247.221393529272,234.161625366609,250.831749082716,285.519315317772,240.636082886935,277.116362765163,290.219931973351,229.469014302723,249.373136644264,276.179228383287,187.013297879188,260.533136079853,251.394683410795
642,642,6410,0,0,10,0,0,0,0,0,0,0,0,0,0,0,0,0,231.121157608714,238.157250278784,257.626896061144,212.150410884007,244.912170861892,282.418378352894,309.545528024775,244.269931067207,237.451060499448,159.39264851449,222.758661507292,280.740212655622,223.980910575878,215.700879743471,206.725732250161,295.611142720022
643,643,6420,0,0,10,0,0,0,0,0,0,0,0,0,0,0,0,0,302.75220816758,191.711706299671,294.147528536369,266.703529821181,254.861997703463,250.539095733559,328.451267627215,218.682921336062,246.51685062295,303.507039192196,255.464519632347,290.848059604162,230.439621881625,270.49331240679,245.334132423802,238.674126066905
644,644,6430,0,0,10,0,0,0,0,0,0,0,0,0,0,0,0,0,243.051430219261,215.249359139574,222.899414597032,203.55954661971,246.322610049942,252.660232930607,303.057492550673,269.641587698973,256.831002089449,292.498313811522,241.715058098708,327.281638379101,276.498717554436,196.960995455927,222.190284889926,257.489361978778
645,645,6440,0,0,10,0,0,0,0,0,0,0,0,0,0,0,0,0,223.951389138918,190.448862068903,271.092740153751,276.828035664891,261.42003682996,255.987867213708,305.176208500117,262.71628059613,252.53463766889,229.618371820639,268.738027315328,233.527959438965,238.917189579549,258.706866899561,235.854964713054,255.261368313356
646,646,6450,0,0,0,0,0,0,0,0,0,0,0,0,0,0,0,0,205.92160404569,161.900156026314,271.834879381594,228.082975868081,240.025259327253,249.529106661722,326.505436668301,204.402945450916,238.078508214543,194.444279875188,266.80293606954,236.92753429225,275.033525539398,275.06767115189,163.364413971601,251.97177867299
647,647,6460,0,0,0,0,0,0,0,0,0,0,0,0,0,0,0,0,272.866454580526,294.001116407715,317.361220059039,302.450879682389,248.06428173839,246.662232397808,313.304498289098,186.902043067156,257.208858023279,279.865018819573,235.478095946817,220.037517064182,222.153394285359,247.873292701615,244.676406258722,270.035271334357
648,648,6470,0,0,0,0,0,0,0,0,0,0,0,0,0,0,0,0,290.591340093861,151.032205463835,218.965295450501,251.80603698008,251.360786010719,263.494651298596,327.54459015701,284.629708124278,222.189126110313,296.654915766232,213.127312010741,237.607263619435,187.345386357009,212.213799051806,171.99710721915,221.646009642961
649,649,6480,0,0,0,0,0,0,0,0,0,0,0,0,0,0,0,0,226.53956713922,241.239204233783,241.659394450354,290.719273666553,257.338569568912,262.129189569768,355.416249206157,179.072017001023,276.337941196274,261.558133352892,217.701621844694,318.749070110507,252.722414849069,232.115182643554,313.15119951747,226.70925691777
650,650,6490,0,0,0,0,0,0,0,0,0,0,0,0,0,0,0,0,255.175589836799,304.147779710106,213.052497226794,277.572510906522,219.298627264508,249.94937263771,331.862017255288,248.890207539386,254.096395859084,323.770278127298,256.172091157855,276.556669903886,209.071464431047,206.722315251431,278.519750772832,202.237044311858
651,651,6500,0,0,0,0,0,0,0,0,0,0,0,0,0,0,0,0,302.58146372855,281.813231244702,253.942782750825,270.477623067668,265.211438384179,216.851447547638,330.813042067393,212.085048896896,200.058769897627,201.054114126357,217.077846757673,250.218046756435,269.881860851792,246.828683307381,204.853309493297,257.374485666533
652,652,6510,0,0,0,0,0,0,0,0,0,0,0,0,0,0,0,0,171.384984776925,223.864136708229,245.900510388743,236.727937311067,297.095476797082,195.98231593173,323.155549269903,220.736657131055,134.395975594128,271.476582560838,302.708222351893,288.832894976148,227.790021729847,235.610217795749,215.782479394582,328.556066617577
653,653,6520,0,0,0,0,0,0,0,0,0,0,0,0,0,0,0,0,187.509702696732,232.790459461221,284.912412295476,258.269024776426,215.482595778421,241.093068105327,300.632974929117,309.769859227268,226.220118688329,263.982572540409,263.027328499442,243.597043965514,233.944049847808,231.670460907618,230.498599908988,241.947142929787
654,654,6530,0,0,0,0,0,0,0,0,0,0,0,0,0,0,0,0,192.305965201757,215.127556622366,193.689145420865,246.13317014508,286.242420439469,220.566173152476,313.062922278765,218.774686727855,185.328620793091,233.593724851063,228.645386217555,268.477769155482,282.987458544651,207.080096119037,243.409156299557,256.421864189781
655,655,6540,0,0,0,0,0,0,0,0,0,0,0,0,0,0,0,0,269.645802089461,182.9926209387,219.784110697482,250.299323791374,228.088065378107,271.915125783378,283.625622497191,234.709510039817,285.679494576768,250.061561888645,323.413464455807,237.411347260591,216.528813266201,280.500376962823,272.452899329872,274.831306660776
656,656,6550,0,0,0,0,0,0,0,0,0,0,0,0,0,0,0,0,239.531768019536,299.191178816931,301.480528968328,254.330334200952,209.874521363593,237.813731313902,311.389348078877,205.854838400685,269.498323612412,229.702626241622,213.148101533694,300.081241793908,285.530660625398,305.570989816757,289.960586472463,244.489713060151
657,657,6560,0,0,0,0,0,0,0,0,0,0,0,0,0,0,0,0,207.643790457688,201.120401796467,217.252724247747,284.399025829007,297.140939176003,216.488081965576,301.380810676603,221.218951981335,301.298591006157,199.50822082481,222.269961773433,282.352669886029,238.810496552372,227.115518198392,172.357407189469,226.439929405951
658,658,6570,0,0,0,0,0,0,0,0,0,0,0,0,0,0,0,0,238.376825560893,274.061188468308,159.556472072204,247.538706633569,268.642894039099,204.582007991082,266.76137317585,325.674683423934,229.235539998516,219.176612939485,250.508362226565,205.899885276589,273.875357244053,241.534009733487,296.44864301757,233.40823945169
659,659,6580,0,0,0,0,0,0,0,0,0,0,0,0,0,0,0,0,304.638251149213,226.700761197081,251.539194867468,258.547131836756,222.569725209445,251.583206330556,294.768347790079,297.305214836617,266.923712130384,254.933155911891,268.560184459371,240.570871243532,170.328488295152,241.374726274572,194.940381896534,206.633210448894
660,660,6590,0,0,0,0,0,0,0,0,0,0,0,0,0,0,0,0,290.06448729176,222.112369080791,262.64896478886,231.49508009774,252.667540618112,261.575555745265,289.893511915021,284.170290035222,314.414252096646,187.888856742176,193.783517258435,267.79969611523,224.55434241515,227.683797285425,281.521285398023,192.366229253045
661,661,6600,0,0,10,0,0,0,0,0,0,0,0,0,0,0,0,0,239.098633982922,228.732400727403,277.991890805864,290.287852370365,228.655815552457,222.391498626597,270.021121898423,207.46704841324,248.544695951602,317.075394744857,202.54720837694,233.079720775838,217.629472348314,292.257349280894,231.884528200678,291.991420088054
662,662,6610,0,0,10,0,0,0,0,0,0,0,0,0,0,0,0,0,286.96766962573,264.105372344771,271.34679418372,260.680794481071,245.191204782343,219.858187371017,289.757917216133,174.331710358074,286.209842321208,264.866500093807,281.907626342879,325.462897244578,234.260799426891,295.887681727429,261.563465813755,258.244810165772
663,663,6620,0,0,10,0,0,0,0,0,0,0,0,0,0,0,0,0,237.079171026831,251.93128664572,196.877266592037,224.52535989388,208.805703175483,204.603988431379,275.378468513598,294.003130873068,261.086183046626,220.566181061099,257.113488054383,280.633567516683,240.32253013328,216.348661529144,281.977248488684,292.82597698848
664,664,6630,0,0,10,0,0,0,0,0,0,0,0,0,0,0,0,0,196.516725088276,226.990776586967,293.065655609276,221.858612195527,220.404399077203,276.271881672551,275.51586815189,186.284857721951,300.205693390983,241.754266661039,157.81636033332,205.227978306016,244.726376377146,198.671541088974,243.361424618409,254.427001955082
665,665,6640,0,0,10,0,0,0,0,0,0,0,0,0,0,0,0,0,294.997079842062,263.92707422658,289.805931333671,155.87269002998,277.867471613942,288.14047510508,292.087904478931,269.869072993187,315.528588137735,230.477850743039,271.27841517897,213.151954117765,293.63168429252,275.071847834795,235.146010599641,268.06314134853
666,666,6650,0,0,0,0,0,0,0,0,0,0,0,0,0,0,0,0,281.41279680389,253.613364235136,247.86861472042,204.193508884244,271.149229124786,198.702006986524,311.688986440456,188.242829554542,316.97001573593,281.634606287894,243.666623345504,289.38285344787,266.037535321669,266.227073390942,323.026793249914,224.231145182248
667,667,6660,0,0,0,0,0,0,0,0,0,0,0,0,0,0,0,0,270.83812572644,293.707302103243,288.224513803994,218.890585493419,325.18855283797,235.859401624125,319.860312512722,197.697141204804,197.940458301767,225.545743413261,295.090245309723,277.504155193368,281.754968708225,293.255303646806,292.86046007184,283.984644136156
668,668,6670,0,0,0,0,0,0,0,0,0,0,0,0,0,0,0,0,282.847167351741,222.597429171434,213.790458033631,238.880066553913,210.430291430231,249.210412527978,308.218817924099,290.827286890226,244.029468400629,234.120910634215,277.640658814135,222.601822599937,262.379690463632,276.295203368631,260.131478969918,232.451465867437
669,669,6680,0,0,0,0,0,0,0,0,0,0,0,0,0,0,0,0,171.484460802671,321.7923185396,236.404662080164,225.319232979391,196.28686066998,228.872058228873,318.80893539376,142.624755372061,249.071911326226,255.046299936638,280.934991402221,245.839709823657,291.892071054682,218.093164933541,268.945952441237,222.583991652537
670,670,6690,0,0,0,0,0,0,0,0,0,0,0,0,0,0,0,0,252.573169658043,224.180577347633,288.728422679846,265.583862593773,238.242244873442,169.372798645239,306.073425635943,294.352837179156,311.098185204006,275.765959620288,279.502277067335,229.226881668901,254.684061857271,297.749413192728,282.240947310452,252.128952456584
671,671,6700,0,0,10,0,0,0,0,0,0,0,0,0,0,0,0,0,183.414983698401,251.116105037013,221.86049495722,310.477820102967,285.857519248757,257.982248100549,304.733201585344,217.415291419092,302.261656974893,265.982083217975,243.658824628329,251.973796689386,261.874790722015,221.442612336371,296.872181831853,240.462878492497
672,672,6710,0,0,10,0,0,0,0,0,0,0,0,0,0,0,0,0,273.43711162736,267.266243455372,305.969865428127,237.719844888312,246.027500173796,223.362548834504,288.892979045086,301.333464671078,233.538413789243,214.791389918694,260.396502105307,188.881919579812,229.722792883459,269.51720321572,324.837518747224,211.996637361703
673,673,6720,0,0,10,0,0,0,0,0,0,0,0,0,0,0,0,0,261.717822945616,285.003288144986,209.964647497761,272.389793434352,231.392886844147,318.94567629989,307.138090081101,233.767333428639,316.378342384307,267.48376000989,252.21189208649,253.005573452228,280.143667273513,218.118476033107,259.149578098309,307.855782931684
674,674,6730,0,0,10,0,0,0,0,0,0,0,0,0,0,0,0,0,270.795891076606,219.063708369574,237.090974569326,194.024587705354,198.043968171717,294.681779394697,304.332429135709,211.325526300892,282.145659577563,247.243054728569,221.222229635814,219.356143003122,205.4379094432,196.00588478375,223.837870896347,273.488355951343
675,675,6740,0,0,10,0,0,0,0,0,0,0,0,0,0,0,0,0,282.972450472895,250.526916843335,294.111860519211,251.365844838305,328.391749264759,265.80604149765,307.045483835217,244.517477298505,259.30834333954,239.187764370257,213.681245876225,281.632290838219,272.881552650396,285.470877812855,239.771137930241,243.282531133804
676,676,6750,0,0,0,0,0,0,0,0,0,0,0,0,0,0,0,0,281.776192662728,240.93874803405,298.33562742985,202.973663189431,230.723758710756,244.915189219082,322.68769666819,272.548627405956,230.965200527894,239.394948625342,276.161344203331,217.357853295345,247.973943802849,241.767874593473,198.936673064156,227.078831858634
677,677,6760,0,0,0,0,0,0,0,0,0,0,0,0,0,0,0,0,255.980599121508,285.822839751632,265.473432835511,261.988501497969,299.445805419302,285.142802374512,322.36079222058,256.860525036937,177.387201846809,265.974859245327,249.806881498709,333.620383278174,261.252333220742,323.994831598308,279.915545097019,291.517073327393
678,678,6770,0,0,0,0,0,0,0,0,0,0,0,0,0,0,0,0,250.515107925242,260.28262039502,309.73811625848,209.876734954554,263.357842540877,200.542505638386,331.529023312287,304.226065072903,227.748497341276,268.543008747981,217.25953624331,246.556016759812,230.213002278718,248.462464122134,143.579026877646,277.378269937759
679,679,6780,0,0,0,0,0,0,0,0,0,0,0,0,0,0,0,0,205.846618603019,240.809336482619,245.659372547099,185.835249732473,252.954866747752,256.338814274819,330.67464280444,257.06608784038,273.711067123144,201.572986084364,238.808251946318,217.465360008351,262.654637728314,202.016040040549,221.282248891428,249.534984115364
680,680,6790,0,0,0,0,0,0,0,0,0,0,0,0,0,0,0,0,235.63296168532,215.540114393706,247.783562533354,228.691111425625,263.979724504358,245.01219288915,350.498496833384,202.914768938459,235.415321640571,195.947576811453,256.695402993211,220.043959581527,214.646382875535,251.393271029781,250.648396312612,188.790907697679
681,681,6800,0,0,0,0,0,0,0,0,0,0,0,0,0,0,0,0,195.612538055231,229.209941781904,136.867919515808,261.513927961489,223.984621967006,255.022126987658,321.618739195193,224.207637249445,303.298457397986,307.70573692068,213.130106615863,253.382965959479,294.451122709125,291.321606922596,226.647137826539,193.27429656294
682,682,6810,0,0,0,0,0,0,0,0,0,0,0,0,0,0,0,0,267.851615931859,286.877125795519,309.653305522733,293.98911787749,222.325418184431,209.945336718291,316.977034677862,294.087193113389,196.945076123797,273.508045348794,229.736583859487,235.189618437748,316.819711028283,298.133279435075,283.869907426482,275.152961271549
683,683,6820,0,0,0,0,0,0,0,0,0,0,0,0,0,0,0,0,226.691365587741,203.403492802845,189.519644575647,143.736349207141,272.477876016834,333.128630315493,292.437719150162,261.235273343417,272.045709419906,223.317316969649,235.001614920736,313.116940255193,285.561546913502,259.865327477717,264.271903699999,164.004079710332
684,684,6830,0,0,0,0,0,0,0,0,0,0,0,0,0,0,0,0,221.023795369923,219.558432125383,273.203770784704,247.420392991159,267.477913926938,260.91143559419,316.177492028702,239.670147669417,314.952550091417,221.182626801346,219.286764246072,262.882473688925,258.77516878512,265.732005591769,208.12766983863,223.120327421099
685,685,6840,0,0,0,0,0,0,0,0,0,0,0,0,0,0,0,0,297.282583843697,201.903659586966,333.415662724273,270.921106688816,268.419001160686,258.075083005587,310.656331304281,265.587625128567,257.992094103452,260.048493904394,151.692071624178,126.493995216634,240.289500305958,257.862728261763,169.825536804748,282.1349768271
686,686,6850,0,0,0,0,0,0,0,0,0,0,0,0,0,0,0,0,191.979022523176,235.446839348446,231.559862421726,269.847744172038,219.135889069336,254.660302474349,294.905550053578,228.070491563499,277.227961505093,243.330980115521,240.918847224741,183.575319713962,281.722442914321,285.94883906129,288.396944407369,189.976226559843
687,687,6860,0,0,0,0,0,0,0,0,0,0,0,0,0,0,0,0,217.880123281273,353.575881109378,210.776826052615,287.448741470248,264.563477520698,226.420077393227,300.805082385438,269.753405351023,185.380090904036,259.710238977711,248.402311968568,250.220499143157,215.700222973537,239.225766837273,186.186290894342,286.547447622696
688,688,6870,0,0,0,0,0,0,0,0,0,0,0,0,0,0,0,0,265.421850157171,247.275690694101,245.270531358188,311.343043099526,220.560597065411,352.268533260293,292.249830706046,217.788320670528,339.062720585852,225.845366687755,302.013068452923,240.228356231622,209.539567992113,235.288217802926,240.069710819516,291.791195554461
689,689,6880,0,0,0,0,0,0,0,0,0,0,0,0,0,0,0,0,253.664758751316,175.80070972273,240.153244249072,270.19297619911,235.290950769891,270.503791450049,290.364189921033,236.173868310945,246.888914054678,169.926693201828,242.556086856736,310.491009166583,290.927438027391,192.120999982201,207.580618629739,203.666396844942
690,690,6890,0,0,0,0,0,0,0,0,0,0,0,0,0,0,0,0,214.230938760321,186.091341826549,235.380374043896,252.18689990829,270.198446356671,242.344823994628,277.087052369102,236.497286046993,233.186257252659,300.785310132107,315.640794579816,236.532008584419,249.709668623643,217.560640700844,269.463905172078,258.336728979548
691,691,6900,0,0,0,0,0,0,0,0,0,0,0,0,0,0,0,0,263.587843395774,258.347880933896,222.077530422959,209.093309091773,276.22789761282,299.158639485619,286.233591031836,226.230140758961,287.332219106416,236.6207435154,274.817666956183,320.829802052245,236.996765965249,269.819372686041,250.796816322268,304.144785642326
692,692,6910,0,0,0,0,0,0,0,0,0,0,0,0,0,0,0,0,243.875587749815,214.859368567164,271.526881728506,254.257000409863,208.047931486571,206.365246188207,258.149901770533,287.123003336376,192.57037256164,276.565765504115,225.534259554308,198.150789393433,249.755225313178,214.257209070408,319.268814127607,251.941700923012
693,693,6920,0,0,0,0,0,0,0,0,0,0,0,0,0,0,0,0,279.205672890565,236.305014903899,303.141266837919,240.028619562335,355.238593305048,209.629247570102,283.054366754782,147.355115905188,259.704999365835,312.428643577016,270.067655538912,256.27506787008,198.282695601891,255.89100113357,257.694497316374,238.390473808817
694,694,6930,0,0,0,0,0,0,0,0,0,0,0,0,0,0,0,0,263.289611047065,232.583307914463,250.344672544224,230.975249564881,229.363116790082,183.054234879126,272.009012416219,281.362934674758,246.709542401101,211.439672014407,252.020683456599,191.712767496129,290.312309948082,249.359193971053,290.303341378232,221.950222039593
695,695,6940,0,0,0,0,0,0,0,0,0,0,0,0,0,0,0,0,273.925437841329,341.322464232502,224.590375945786,305.18751991461,208.769000607277,239.762443939589,236.796863753578,282.502224054032,296.983536252605,245.213179811901,222.835120581183,268.518663719666,275.194216509823,229.160105180067,246.593324970205,268.1404167635
696,696,6950,0,0,10,0,0,0,0,0,0,0,0,0,0,0,0,0,263.979842569457,229.50528792682,271.879874501879,230.352789073589,266.405217614448,308.237109558842,264.501257820602,288.589730297384,261.442469535365,238.247766050474,253.341307626491,195.239888475511,233.490353843884,241.644825337722,132.835079372217,243.207179100423
697,697,6960,0,0,10,0,0,0,0,0,0,0,0,0,0,0,0,0,242.070803410546,318.668522256908,274.930694359583,216.743229142098,238.110419089932,272.735533569923,259.559649662774,204.883486528898,312.907064354082,182.204462557843,213.511282615458,282.101202410692,320.704047956379,268.667439739764,273.397434389844,223.815700055049
698,698,6970,0,0,10,0,0,0,0,0,0,0,0,0,0,0,0,0,219.439499046125,258.284683413984,240.241959986154,248.174195533889,320.241252220454,191.10525568338,278.227431009827,306.094798503774,298.358944859625,270.853797944563,206.831707321353,241.554588610808,267.29457775874,250.524931177594,231.582792905648,251.262859353878
699,699,6980,0,0,10,0,0,0,0,0,0,0,0,0,0,0,0,0,313.353345035548,257.086370909452,237.502597568503,245.974512844158,242.530090489822,239.896456342209,268.481799503255,175.658369714973,207.998088669987,229.472095484241,249.68748607647,238.365793661166,228.595252531149,250.704958450389,320.389137049335,288.41615265088
700,700,6990,0,0,10,0,0,0,0,0,0,0,0,0,0,0,0,0,272.456175511353,263.311062187893,280.494420023526,253.994807383263,223.811906674765,238.651619496311,294.595127450998,258.938408110573,259.051585578795,267.19169539664,217.97924929362,229.706194581506,275.578813251711,219.629406457913,220.482527097425,300.284423930215
701,701,7000,0,0,0,0,0,0,0,0,0,0,0,0,0,0,0,0,317.973243040203,207.654606702043,303.881216939981,234.982121754456,244.005382194429,208.908843125469,296.66927671999,243.485836025169,213.355773847971,227.856182869283,192.607406088327,291.739406530986,193.797392471801,242.267199200361,258.352785617251,204.938216481812
702,702,7010,0,0,0,0,0,0,0,0,0,0,0,0,0,0,0,0,294.230371510073,207.81747857019,241.586766436275,289.16830499502,231.710104176242,231.069413531671,286.416069040989,263.653322162021,283.718284942196,260.232909827298,197.354570171513,178.81492095081,258.507773828311,284.199220392294,257.896112521267,297.268559550231
703,703,7020,0,0,0,0,0,0,0,0,0,0,0,0,0,0,0,0,213.45280892429,248.78195935539,345.755561495724,314.096922694391,291.01250423721,272.90372995753,308.007331937061,229.09270330582,233.848890610442,309.192342011773,354.164529700117,218.527286328134,266.27081857183,298.372720476465,300.616393746102,215.213842501628
704,704,7030,0,0,0,0,0,0,0,0,0,0,0,0,0,0,0,0,238.555961690283,218.737256742907,243.789142282452,264.662916144653,266.607064950677,213.168022617777,306.589911504219,239.265635637313,235.819350127502,226.591079472884,157.09542273089,252.53242892842,243.905856046664,260.626146509912,268.52224117656,198.986901158676
705,705,7040,0,0,0,0,0,0,0,0,0,0,0,0,0,0,0,0,219.195177661954,260.574308137221,190.503416596205,262.124786137471,225.639678383989,183.767503815584,329.277453389293,281.436118164191,295.666027391968,186.915412890732,247.209813761825,216.832491701593,231.844659484578,279.229340703763,233.595818219491,244.335768072502
706,706,7050,0,0,10,0,0,0,0,0,0,0,0,0,0,0,0,0,227.011972427947,237.36826069168,234.376913699791,222.050331239462,285.431748369695,317.003455269509,310.877717682489,267.815552412337,310.461759825246,214.460562830439,196.582076245604,230.106498120604,220.936500597953,288.96709719163,254.732193659366,258.849599219557
707,707,7060,0,0,10,0,0,0,0,0,0,0,0,0,0,0,0,0,306.097412886599,258.23804315546,244.462207150966,273.242321569821,265.821024655161,242.468638811222,285.376854723123,268.13532255645,287.927503197858,276.788908648791,256.666843691459,235.985690547431,239.545281216944,262.519688304167,269.312558523174,208.283566212898
708,708,7070,0,0,10,0,0,0,0,0,0,0,0,0,0,0,0,0,237.217619088462,190.651011395917,215.091251224743,255.20106690869,204.548222375438,250.145949395628,311.924833834938,280.349466166234,245.502364347125,289.646710830334,275.586581115313,205.074494639864,233.975226166653,221.867681376398,241.930732195078,274.395791410661
709,709,7080,0,0,10,0,0,0,0,0,0,0,0,0,0,0,0,0,156.369417724032,243.947394841629,275.247794464035,216.990174447496,216.685937610717,228.717148490506,299.180577755056,257.633699497846,275.679995121891,376.315623967147,217.983745947175,225.981255673088,231.904531828745,172.675114197238,255.913815334575,225.890352992601
710,710,7090,0,0,10,0,0,0,0,0,0,0,0,0,0,0,0,0,262.404590353181,194.012822098348,212.892320902374,202.425110816086,293.329695209146,258.521873316352,316.291397495468,244.569204209266,257.863267594919,351.82002929279,235.494912362966,278.323108956072,240.108309469074,247.875905507474,253.748263395959,272.809319099252
711,711,7100,0,0,0,0,0,0,0,0,0,0,0,0,0,0,0,0,286.542693832578,229.24564137271,255.92982560215,290.040677472636,229.58520839761,279.52753073424,325.159382564943,261.342703318394,211.985246716113,266.888460669226,281.594230390086,281.443248055349,263.578966943757,235.835123050949,293.947284871276,230.009668770091
712,712,7110,0,0,0,0,0,0,0,0,0,0,0,0,0,0,0,0,267.564944559561,245.88388498875,232.799970772647,264.303210427461,182.613208493786,254.776369484654,343.978552977165,238.674532758658,249.730414764091,220.472219003703,299.471953937707,300.475230579695,228.201791663377,305.059808976399,263.846370544911,229.355727298362
713,713,7120,0,0,0,0,0,0,0,0,0,0,0,0,0,0,0,0,270.873531231632,176.482233964476,265.706860042689,289.610919410756,321.049861081394,297.40557060009,342.273769949906,212.44734187644,330.390171813909,266.458673805605,262.101170720557,296.343661344588,267.114585491283,194.476240030373,236.279425558696,246.02391243335
714,714,7130,0,0,0,0,0,0,0,0,0,0,0,0,0,0,0,0,232.540053389112,238.087155496428,292.15523469281,234.79798630289,190.503822856146,232.745408819017,330.085139990921,291.134545697272,226.838980028257,273.358821676422,221.490361149499,267.370366157508,262.068487262415,197.304885757523,260.84916507532,259.954574696499
715,715,7140,0,0,0,0,0,0,0,0,0,0,0,0,0,0,0,0,241.637358764909,316.856354479582,259.693330506223,329.269979151901,321.518269861586,283.997418505527,306.112585556075,237.576274442551,232.374284853441,237.095573856518,203.181153485694,202.642422233882,227.545222442593,267.466854549193,293.529237807492,249.354084742958
716,716,7150,0,0,10,0,0,0,0,0,0,0,0,0,0,0,0,0,250.171387045896,264.078250056917,258.738977920184,267.583548817593,266.175850656248,251.0527697919,330.538388294899,274.843918434371,237.135411799576,308.712437390822,222.008906070176,256.554691002634,190.585809022601,254.968374096736,236.50906591682,244.351168745055
717,717,7160,0,0,10,0,0,0,0,0,0,0,0,0,0,0,0,0,291.367359755005,228.40520781101,252.928386919048,256.27564645593,267.738835009258,229.165418903945,309.754428503334,187.430032357118,228.202944248743,196.198813975773,235.982014916237,253.867911030258,241.859618021774,287.977803535924,301.017771585849,285.186282433505
718,718,7170,0,0,10,0,0,0,0,0,0,0,0,0,0,0,0,0,254.000428894947,199.815991930552,240.150990705772,229.44989790262,224.672101574942,293.486924633333,306.815551308843,208.272230253384,233.982510705158,272.033636282924,216.333834838448,206.279283298083,216.98650161307,227.43861025903,236.169033636277,187.49600902195
719,719,7180,0,0,10,0,0,0,0,0,0,0,0,0,0,0,0,0,241.809012065332,276.039137613538,265.29566879577,243.61659426945,253.548206835814,207.544148264483,315.934568417178,317.080326397335,239.176037094094,259.445943996181,264.714797518252,245.931360118184,232.317354263108,337.925491525962,204.643820726244,238.100795083201
720,720,7190,0,0,10,0,0,0,0,0,0,0,0,0,0,0,0,0,236.737186964817,234.262339781703,245.801035373119,265.967778313715,296.516508828938,325.451302996283,324.493966638247,181.935275984692,317.093435409868,260.794845340305,281.057057284182,293.51064083222,267.486439898589,199.402560265671,272.520158024789,225.378360620361
721,721,7200,0,0,10,0,0,0,0,0,0,0,0,0,0,0,0,0,264.364459426188,236.039550392871,230.767455653362,243.357656934204,299.036508852549,236.273519612139,325.306497612655,206.182526792001,267.709342365369,234.558827179087,248.341562672631,217.110524456168,235.659864912722,260.256954413703,213.052932887306,206.034590735415
722,722,7210,0,0,10,0,0,0,0,0,0,0,0,0,0,0,0,0,249.171818314891,266.181207678527,189.466802898959,172.245781169341,275.154922851979,213.040055184988,326.415039749939,248.183451675826,279.468166534708,221.303574214964,239.266066579681,223.833525919025,227.303307547804,270.855030100921,235.685131946258,263.638689920545
723,723,7220,0,0,10,0,0,0,0,0,0,0,0,0,0,0,0,0,195.348897099506,252.982336987239,247.205646043203,227.900958862575,244.28098199408,226.38015352581,337.718960522137,213.490469120632,200.397408274397,299.732634547705,297.243413792128,245.203083675767,300.015662659303,230.915385416637,260.363786289157,185.578341832149
724,724,7230,0,0,10,0,0,0,0,0,0,0,0,0,0,0,0,0,222.475242431186,209.735101158973,242.558326192801,260.892636306549,231.891584522763,229.30727579965,353.12641594164,249.605755706924,244.007382656423,264.776894977044,242.294099374609,232.670188435875,249.680280127479,262.583260069055,264.469765540313,246.230122667019
725,725,7240,0,0,10,0,0,0,0,0,0,0,0,0,0,0,0,0,245.553033308212,157.515086429988,267.103588302541,202.288749407509,240.33355416564,314.182115725994,366.182789334976,306.445229032605,243.47560513635,309.022028021916,271.537968807538,258.999894666887,239.531071617105,253.817196670133,283.683655439036,275.481597327433
726,726,7250,0,0,0,0,0,0,0,0,0,0,0,0,0,0,0,0,251.966003925046,287.892237094703,219.568770033001,228.029584659677,287.93079956705,269.276760211066,355.292018644867,337.284705391733,255.774168389231,229.832616914578,197.669223357255,329.889905168466,227.386804616603,228.715003586828,280.543965463398,260.968398949661
727,727,7260,0,0,0,0,0,0,0,0,0,0,0,0,0,0,0,0,223.426366528576,284.34145723652,313.199380255579,242.966637800864,330.045132895699,231.477221640777,359.644317756898,235.623710847887,157.830528234286,273.030810689862,211.401907562443,270.208082885953,301.108542286012,234.005909291368,288.611098752819,293.788240247278
728,728,7270,0,0,0,0,0,0,0,0,0,0,0,0,0,0,0,0,206.03532173007,200.106300695745,233.387897769134,274.314623598743,330.789065774899,282.166154089097,363.089643116139,264.932614442934,228.74679080285,270.680878628359,220.693528486054,225.940648638348,262.55232040627,216.367407512462,222.784005375884,207.518574883594
729,729,7280,0,0,0,0,0,0,0,0,0,0,0,0,0,0,0,0,247.966905752362,275.626668429363,249.418835722626,251.471785052262,247.319410274857,240.153516417496,374.757963313638,268.124611775446,209.679737659791,251.816584078942,234.737357330059,258.708159511209,228.499396551374,201.759504386994,267.591546526776,216.843977641327
730,730,7290,0,0,0,0,0,0,0,0,0,0,0,0,0,0,0,0,210.387473708426,252.519793615887,257.205441702629,256.353814059229,221.489952592833,208.721514544983,335.175946719036,219.880183571013,205.576042200692,158.07012726443,264.096062794108,235.830914082516,247.830849632428,218.177705112984,196.31351176654,266.510012761484
731,731,7300,0,0,10,0,0,0,0,0,0,0,0,0,0,0,0,0,229.943214264833,237.746312127339,221.740531339605,223.943378041528,211.524495368719,258.871736162368,341.484368905588,184.672031834946,284.125790552341,229.399078233595,195.10361673983,232.873423902397,255.360716658674,274.652336550793,272.910470359736,332.095260667478
732,732,7310,0,0,10,0,0,0,0,0,0,0,0,0,0,0,0,0,232.460644544667,345.956391772803,244.562428529191,267.302830624454,326.428683242936,255.718598257854,340.792678645287,262.071492454094,220.449978613942,234.734547328545,252.694470202345,225.905205207478,306.400014795487,258.387196968449,245.150473275036,239.668310810718
733,733,7320,0,0,10,0,0,0,0,0,0,0,0,0,0,0,0,0,198.496021928331,311.160849584957,239.555058943621,275.200351150383,239.896473186862,282.5813065432,338.903670694246,224.344479798941,253.701539717919,289.090448158876,293.108535813512,190.541439878709,307.152675877686,255.95164643025,255.742999234138,257.696403939732
734,734,7330,0,0,10,0,0,0,0,0,0,0,0,0,0,0,0,0,251.467738689048,340.289975755462,230.520515229779,214.187056169752,280.632123400117,180.39396745239,326.915769264974,273.309207410996,263.507381245584,242.092612965251,249.027988433124,275.331135583707,197.403372796829,224.91361960911,196.356759678685,210.067472025484
735,735,7340,0,0,10,0,0,0,0,0,0,0,0,0,0,0,0,0,257.467766096601,205.722461661642,257.050245226991,293.954916461913,283.629384620575,251.84057331426,349.409932708109,193.463854253388,221.588972711006,209.760399380494,322.42808638257,274.613720633588,236.636590784858,288.505753772017,266.599712429073,248.051236286307
736,736,7350,0,0,0,0,0,0,0,0,0,0,0,0,0,0,0,0,220.752052260346,247.804439409066,186.56437836009,247.044067245018,258.90807654982,223.041286557412,336.606012411584,226.288795660488,159.80884854398,304.874770141539,205.553937198926,264.181409356895,241.393932397983,166.275939196869,234.628664665571,318.678773075217
737,737,7360,0,0,0,0,0,0,0,0,0,0,0,0,0,0,0,0,253.791054435367,305.422590945579,280.073270096258,228.866026464257,233.980426396974,252.096194033989,349.433110396768,290.361057547411,246.09903582267,197.390974512184,268.338318577409,267.631246683266,307.832963271507,245.741931943818,246.608608713635,297.468633566927
738,738,7370,0,0,0,0,0,0,0,0,0,0,0,0,0,0,0,0,257.809699445096,288.865338420503,214.799266957008,276.880980758589,201.627033461405,279.369324836399,353.553920864978,269.771452476937,259.240660591226,297.322287381474,267.392464309818,304.735929057206,305.324909568655,223.587514246267,225.981272323267,235.75378004118
739,739,7380,0,0,0,0,0,0,0,0,0,0,0,0,0,0,0,0,300.561519155259,236.298071992034,245.407903478808,231.928456979307,221.631764419517,325.241260274743,346.878035706146,228.978183740879,250.89009511064,238.737340987752,266.180536631794,260.49416791348,255.115936578827,264.640098002009,296.673446951399,248.575382200377
740,740,7390,0,0,0,0,0,0,0,0,0,0,0,0,0,0,0,0,279.610482128264,238.832328675479,238.257311606069,221.018322883398,244.621998206821,230.308570814898,340.217421429148,190.685247270019,179.59933400928,228.478207903836,274.74023419312,258.302552906856,250.839306065523,301.444859488482,227.963417860599,271.071350762353
741,741,7400,0,0,0,0,0,0,0,0,0,0,0,0,0,0,0,0,242.057356201877,272.158741749354,217.682792583152,287.744866412441,233.134292971599,195.203485867165,344.463240597128,266.527361167013,267.803255565737,248.101324649751,203.261313482384,304.490359613884,281.776723282056,243.426019362616,214.926988393089,316.813895453842
742,742,7410,0,0,0,0,0,0,0,0,0,0,0,0,0,0,0,0,190.385299268702,250.64909920858,323.767397881396,302.729148159944,260.2246439571,326.683525855696,315.633136520159,217.830953637698,257.989766462722,236.211929349337,281.308481760807,284.333123847335,225.553538873235,217.947397087653,234.807686404013,222.71537820792
743,743,7420,0,0,0,0,0,0,0,0,0,0,0,0,0,0,0,0,180.392242974294,255.223581212687,291.786027905408,232.351264210851,194.514693104127,227.329837084812,329.668580493405,279.912653898984,246.399555908239,252.714989080038,257.956227020234,251.416093303596,203.936337676077,185.161148585968,184.401044497118,263.368573905431
744,744,7430,0,0,0,0,0,0,0,0,0,0,0,0,0,0,0,0,212.368395895241,284.297514218949,140.319212487267,227.667248114683,301.00356856851,253.856124082408,330.74414294246,291.313522472609,267.073064988591,238.218948958574,233.387259890272,236.177866305237,237.94689126871,191.486040593999,277.344978128581,249.980732904983
745,745,7440,0,0,0,0,0,0,0,0,0,0,0,0,0,0,0,0,239.972854783906,248.301783470474,264.216811125265,235.559339283478,259.623212249332,230.84763663365,330.532668619783,199.241165217673,260.816921747123,243.390850509371,262.572629517361,267.741211461385,261.954294067595,260.823959651296,229.977306992904,271.636475621701
746,746,7450,0,0,10,0,0,0,0,0,0,0,0,0,0,0,0,0,299.620315065716,245.111162942305,233.273599336752,208.619752748288,227.339733077211,198.313724151184,299.06103859778,281.492025605266,233.359937573428,176.172573716597,315.235548083308,242.936325056683,235.158808915661,234.471298893443,170.535773920961,255.963148537063
747,747,7460,0,0,10,0,0,0,0,0,0,0,0,0,0,0,0,0,195.532966804376,257.387910844429,212.570424096587,248.41464622687,203.016438543852,234.054903698688,325.718034251927,283.586262728908,252.614531883254,260.782284128412,233.65604818378,241.90235227258,244.445395048501,242.240248723746,247.836607546288,218.621815479013
748,748,7470,0,0,10,0,0,0,0,0,0,0,0,0,0,0,0,0,243.556440583022,233.745192244037,319.1242209195,220.855202478753,278.979137345548,301.472358198357,307.274148424005,208.453326630061,282.057256606333,307.447086058366,229.255909306429,262.316189668878,234.540324758556,247.184611155282,285.835070749132,276.182035900778
749,749,7480,0,0,10,0,0,0,0,0,0,0,0,0,0,0,0,0,226.504506291651,228.603368456511,202.146896574987,324.041926719254,298.193631606639,275.95545614397,314.449300236674,230.405587650327,304.397685341302,277.605200670496,243.912117007474,272.242935389032,279.82716283372,257.535100076859,283.891806321252,230.529991309095
750,750,7490,0,0,10,0,0,0,0,0,0,0,0,0,0,0,0,0,323.893751567605,227.698864065712,207.612302231902,206.272417988361,305.804782676125,280.213850723619,305.048351851085,279.005625543556,304.651349413345,260.748906580687,201.428710447332,314.129535024351,304.612558105966,235.327755414705,222.283827184364,217.611870686905
751,751,7500,0,0,10,0,0,0,0,0,0,0,0,0,0,0,0,0,302.791367139168,206.9757607771,300.124660258623,253.470683023601,243.407493479872,237.322842054162,318.621800469083,178.821515531349,275.078488329595,289.760543315966,224.056782881772,252.353379545457,244.956486095374,250.37485738502,310.317383559907,173.101208371959
752,752,7510,0,0,10,0,0,0,0,0,0,0,0,0,0,0,0,0,296.849157211209,249.848598725221,240.267552855461,221.728471411047,204.679492730785,253.618331677138,319.447461642332,271.045983894324,247.974374314152,229.821572404862,242.838523804216,280.881505008983,200.725498550313,247.338761310932,282.941183920948,258.241697519387
753,753,7520,0,0,10,0,0,0,0,0,0,0,0,0,0,0,0,0,264.467409716317,290.174208035067,264.392867929208,292.549281309767,252.974404893326,212.310975961545,332.843915763896,230.52832714883,283.018760518804,216.72385180764,300.002469335148,227.138464333013,235.916209036425,274.821849603989,261.021777595087,234.293235269258
754,754,7530,0,0,10,0,0,0,0,0,0,0,0,0,0,0,0,0,205.042967436634,226.923900592737,264.171010464224,235.229633951929,309.185449932603,291.725043334181,336.267403376738,226.827023951766,279.273688878554,249.426847025189,312.470340232023,183.937922854909,240.052782958261,275.712115204132,219.841164312859,200.20739501256
755,755,7540,0,0,10,0,0,0,0,0,0,0,0,0,0,0,0,0,309.583123065215,261.255732512454,226.941561188065,259.053158369075,200.873215580253,246.345869626581,337.163234696158,200.366929996292,239.163740400201,271.694768458573,227.289925105138,242.831927909416,248.32550555071,228.356108522807,192.402524126265,256.435374527047
756,756,7550,0,0,10,0,0,0,0,0,0,0,0,0,0,0,0,0,248.826872151525,258.649885937766,269.155742513283,270.021877879717,220.119099115427,271.629093224103,328.779763125281,252.199273109531,294.632439866814,231.068359824313,279.760934341749,250.716842136617,229.275955069694,202.612500413116,222.024118886336,294.577312310653
757,757,7560,0,0,10,0,0,0,0,0,0,0,0,0,0,0,0,0,344.203009961655,193.549871197981,222.043800036634,233.882051007512,203.177449194074,237.754747253792,359.265895765823,276.803869351265,247.805588618192,235.549020433508,231.615255467554,215.04728433336,227.90568655672,241.617884345321,214.547040115874,290.112405875118
758,758,7570,0,0,10,0,0,0,0,0,0,0,0,0,0,0,0,0,209.524958592121,208.136686281165,192.657699984162,264.061984654852,352.587409737605,233.429384033763,349.426175331382,255.270988195327,273.90215448764,219.245517521042,249.776045682397,217.047739599828,254.609019127887,279.550102673682,233.163834584647,208.028970976717
759,759,7580,0,0,10,0,0,0,0,0,0,0,0,0,0,0,0,0,242.301422528004,259.086788718903,315.355357241498,229.247300581978,272.168942360285,263.468856433638,362.625529538988,270.977761759431,258.971479642001,179.575606960971,272.334254180602,279.178066983091,248.682525758924,196.669798286795,181.647072242699,241.055862778817
760,760,7590,0,0,10,0,0,0,0,0,0,0,0,0,0,0,0,0,211.14817978865,218.247758523508,265.27666079127,220.044248627289,252.131001994024,240.988308172223,358.938206102393,283.650925498076,215.715401591313,234.636388352251,294.792309000919,177.70829645054,262.29528900092,253.14597614297,238.673107982112,272.501901011177
761,761,7600,0,0,10,0,0,0,0,0,0,0,0,0,0,0,0,0,286.571500050455,268.455372975044,338.401978665209,286.013243768985,271.680677396395,268.166818304707,378.85716557229,275.497457212029,266.223272347296,256.246398722326,258.019022817115,227.381598490441,225.998400294865,323.569788247926,304.790553805529,257.293894063136
762,762,7610,0,0,10,0,0,0,0,0,0,0,0,0,0,0,0,0,233.75839273832,336.343505686866,207.985106003325,219.542467681131,277.019954022243,233.445546118668,376.580085172047,238.933288200639,205.239338468277,220.258856355955,258.311301369062,270.257689728405,281.287323534739,200.330548455602,242.748893065498,203.319076040196
763,763,7620,0,0,10,0,0,0,0,0,0,0,0,0,0,0,0,0,273.762065108115,246.768508611186,211.231101081094,245.240676499582,208.531582594575,245.601321440842,385.263756481556,162.31084283647,305.961356930101,240.235743867559,235.777789646223,224.456731458896,235.897539378494,233.776420236511,229.511368648701,364.015276740307
764,764,7630,0,0,10,0,0,0,0,0,0,0,0,0,0,0,0,0,228.136037518863,230.111638219847,266.112333330987,244.691576647043,260.50751615574,287.444547238498,392.020743346778,262.862037478592,318.708270747606,248.347739125666,289.623179297414,224.835659363618,285.653717014111,233.709004156028,238.773966595988,235.205425422669
765,765,7640,0,0,10,0,0,0,0,0,0,0,0,0,0,0,0,0,259.264100286585,189.772295618831,273.744145900423,227.141821953437,204.894232094548,292.835861879015,397.002139484014,334.308020509023,219.894432377457,218.459516926678,264.51461195492,249.74944871267,252.265546912627,272.505513267761,222.964780853436,289.802834815188
766,766,7650,0,0,10,0,0,0,0,0,0,0,0,0,0,0,0,0,187.283212547605,198.81925926623,270.333626743718,307.979754513839,233.210360912883,182.709270810349,406.877217616937,298.100800925532,245.570942286356,283.372546713931,261.940215077178,299.865840052558,229.773260597974,193.423524988383,246.069469195232,302.916394231062
767,767,7660,0,0,10,0,0,0,0,0,0,0,0,0,0,0,0,0,229.200391219732,289.398204712852,220.718104365797,262.5111960561,264.861194265167,322.663968209602,419.708038746763,214.40864026161,289.465183704027,248.298977532625,199.08376949349,250.851971523623,210.033584430349,234.194961864693,281.873120518469,301.489386061604
768,768,7670,0,0,10,0,0,0,0,0,0,0,0,0,0,0,0,0,250.895119205646,255.904910100984,276.39963776206,276.204449771952,251.294638589605,256.85236519068,398.22061286203,271.594550350565,240.275982392911,295.748141772811,261.794918730362,219.749478706789,256.533959413118,225.607975996743,302.660114012697,279.216168302792
769,769,7680,0,0,10,0,0,0,0,0,0,0,0,0,0,0,0,0,251.186396850318,249.15757993442,238.964680830115,254.968712200667,278.66789946612,219.581191452853,397.458520191303,292.499390097849,210.347653746162,198.981643522517,302.661341638554,228.718981272119,299.533926804377,206.407297621183,227.892551411413,289.511665752547
770,770,7690,0,0,10,0,0,0,0,0,0,0,0,0,0,0,0,0,247.501259204229,296.372233001689,238.441276007372,256.627075635204,233.465342800766,270.837255517991,403.35917991742,256.49685868309,232.313308817666,333.901605326986,174.729011020644,241.029630478122,253.391871133295,221.950286594605,246.517367222969,307.366961016896
771,771,7700,0,0,10,0,0,0,0,0,0,0,0,0,0,0,0,0,242.655385928083,149.368634142097,225.024358858993,313.458469761437,282.906329949765,280.939125949691,418.156175188476,288.165844582589,297.85747403617,176.105281726334,276.172176025112,241.891520382022,288.402428420729,300.964769885818,254.64966769124,283.626270660525
772,772,7710,0,0,10,0,0,0,0,0,0,0,0,0,0,0,0,0,250.651390729288,197.200383068543,237.753629908439,193.006336236315,198.531711847759,205.746842120857,410.465001801905,213.943866793299,309.4683799564,245.498792442495,206.273483880023,228.321732624679,284.743488284783,357.012233983649,247.040860755186,181.14570332769
773,773,7720,0,0,10,0,0,0,0,0,0,0,0,0,0,0,0,0,316.59353106353,230.02393581368,229.289522004253,226.729982691995,230.883294397785,278.187740524835,420.033860402305,222.79151389491,295.606159637853,269.265766199004,257.288965122905,232.023581918441,308.189596914696,249.958907999695,267.119183321683,256.290129586246
774,774,7730,0,0,10,0,0,0,0,0,0,0,0,0,0,0,0,0,225.250246993318,284.219782055667,246.795485839792,261.12935248793,245.88832587748,259.589862926411,392.447610929593,220.362496780552,213.232517343622,147.361047210831,266.300709048521,252.323532301149,274.908509132864,272.117591925356,315.956998961394,231.122258271333
775,775,7740,0,0,10,0,0,0,0,0,0,0,0,0,0,0,0,0,260.738329904404,266.21233067806,236.888816380977,238.79044335778,249.713237448933,249.694734621707,406.632103240331,211.391595667152,233.846325823603,236.840858374453,278.632309489731,270.076818015372,210.933449079692,242.705024555367,272.676421332346,292.841278946939
776,776,7750,0,0,0,0,0,0,0,0,0,0,0,0,0,0,0,0,262.052542106369,269.020486217011,242.967993938733,304.399593765615,211.170188659223,299.732887496386,422.725927950947,201.414086486774,235.125552076684,292.012410452801,269.723388941402,305.701245674732,199.996426068462,253.339790708954,152.485967385988,252.421459302787
777,777,7760,0,0,0,0,0,0,0,0,0,0,0,0,0,0,0,0,203.017481949943,304.446030690359,226.196534121198,277.567689624279,235.187482024154,303.122918893787,420.818177919562,312.31612827585,187.432289941614,215.427264009272,244.415000712625,217.566931851198,221.198652239768,195.364335834394,228.238666014872,309.929523440163
778,778,7770,0,0,0,0,0,0,0,0,0,0,0,0,0,0,0,0,200.751495969604,268.724027918751,242.125323647419,262.317909065257,214.128096162696,287.681837701515,411.711198128315,300.311284245788,237.602436707887,272.100294261425,258.431644233657,242.420262528383,274.116958297313,253.200634707857,299.787497871405,264.816753751671
779,779,7780,0,0,0,0,0,0,0,0,0,0,0,0,0,0,0,0,210.546683320691,243.116061095702,263.606715081232,265.373899961116,253.013892661116,208.340858037728,389.608860553684,303.850190020248,239.054632233884,256.323668548287,282.261248798702,286.749940417892,289.970205297507,232.923984003874,296.918982038546,213.628413408663
780,780,7790,0,0,0,0,0,0,0,0,0,0,0,0,0,0,0,0,265.189034732328,264.891586027817,243.540289192942,233.638193217459,267.616640650518,361.136653751849,367.35360221379,196.495594814847,238.298531998045,223.953746242572,296.096925957994,263.018590962225,320.325600707871,199.433188162893,288.439292368579,223.666561257643
781,781,7800,0,0,10,0,0,0,0,0,0,0,0,0,0,0,0,0,223.241656642993,257.162592180098,245.58876652984,268.471640751386,256.846011071897,228.091060307546,373.68053811187,302.964326169826,218.650622246996,246.856408592857,249.633364578542,318.07543218416,210.90726025103,254.147022867541,238.152730378317,249.181982539476
782,782,7810,0,0,10,0,0,0,0,0,0,0,0,0,0,0,0,0,286.138764916786,238.132855989953,317.246230762,292.097373880575,228.170205215218,237.104880854477,375.175938220039,305.935342081092,227.10722942308,193.028166790521,316.10191468348,285.921057801858,238.955014330697,253.237595270552,288.461175422092,203.824530274261
783,783,7820,0,0,10,0,0,0,0,0,0,0,0,0,0,0,0,0,245.238159130971,216.724012324428,275.406825230032,208.800349748169,255.62101119066,235.424874396759,355.823989601659,229.995491728328,319.418156630846,246.839615003556,203.52324415491,297.574563005763,238.694942951747,208.962211605219,272.125692790272,269.23793097326
784,784,7830,0,0,10,0,0,0,0,0,0,0,0,0,0,0,0,0,214.592905070128,226.366101501929,241.32143874985,180.292680437947,277.594062082828,262.430206371842,355.645392180802,226.951397686287,286.799352436804,247.024145300723,236.39633705825,235.827811869656,278.361399678096,247.075392880337,240.357204568672,262.720275703862
785,785,7840,0,0,10,0,0,0,0,0,0,0,0,0,0,0,0,0,256.072587190578,286.036849137594,271.657010374986,241.598228002308,176.146374611596,254.739114679359,366.961199297995,203.302115468371,214.200816092916,290.66698481103,222.814050617595,266.2423588619,202.540134767583,252.017095130822,246.307551227168,300.199270341723
786,786,7850,0,0,10,0,0,0,0,0,0,0,0,0,0,0,0,0,220.677207927329,269.94264764078,228.968843283409,219.559476018882,273.209710021228,218.472950491759,345.896315986555,189.497344320369,237.909787957127,272.344206052821,154.866573410889,334.663946325919,223.89341451717,263.860048868803,265.663066685491,257.564697151105
787,787,7860,0,0,10,0,0,0,0,0,0,0,0,0,0,0,0,0,256.379530362309,231.099660641479,230.058351635231,284.738610504336,235.675447059148,274.845972422481,396.876461571154,255.936549214456,222.830940912862,322.198090491632,255.290904696484,221.560191144352,250.051051036371,232.092142455988,188.071890759717,278.062577682628
788,788,7870,0,0,10,0,0,0,0,0,0,0,0,0,0,0,0,0,250.901976354884,256.889589616481,254.883621379479,257.108642668216,225.691699288785,237.52087761745,385.538216285892,233.52186068968,218.882204986114,231.524669795536,298.803551764949,299.109791149122,205.13591675205,208.784759879061,265.850086605977,233.721071472434
789,789,7880,0,0,10,0,0,0,0,0,0,0,0,0,0,0,0,0,294.776515911172,257.471130558121,258.548350005588,269.291550462359,252.986921766693,215.285201208026,382.25593575475,273.250495966103,204.160271938023,291.392834012275,265.255910309185,270.297668656441,305.651546649918,284.543158245845,176.984269273803,263.094787961394
790,790,7890,0,0,10,0,0,0,0,0,0,0,0,0,0,0,0,0,248.554221223428,266.147945306667,268.407565303677,248.405822559784,207.263238423651,199.545486535805,380.219619573444,206.370813393374,202.314128472858,323.836756320172,258.048821909067,300.360280012021,210.553680578895,251.416190729817,274.791171882118,221.324006202099
791,791,7900,0,0,0,0,0,0,0,0,0,0,0,0,0,0,0,0,218.250132075328,211.175706450158,240.351000175528,260.640126682352,261.348878978007,231.314375080229,380.655997978147,223.809740308653,239.499490385342,245.543044085391,304.213323143067,201.417876422424,204.249460158383,298.045925391434,217.611657396602,233.019929981459
792,792,7910,0,0,0,0,0,0,0,0,0,0,0,0,0,0,0,0,266.135464650188,246.339618562817,225.921174590634,236.200614453554,224.737623117905,252.301518483714,379.039528074191,256.066463993632,255.92387581601,234.654992323071,213.00577770603,200.360538034432,244.922833786222,255.713618283912,283.248479465821,205.08697226011
793,793,7920,0,0,0,0,0,0,0,0,0,0,0,0,0,0,0,0,192.307215885055,221.893247680072,222.160850044803,262.202091793826,236.561390018224,246.619520710631,379.510932910638,248.026680896588,272.929792280678,151.585283375985,196.521359375109,326.969804757317,280.985061963754,269.783370675417,302.077798957296,323.748737738183
794,794,7930,0,0,0,0,0,0,0,0,0,0,0,0,0,0,0,0,213.8520305332,274.895979117341,256.366132808114,293.936310998867,305.114747123147,265.617576004504,373.818136206097,198.882942807199,196.718046017394,247.09791528,258.149997788359,198.402150544725,274.383130039696,167.817210550443,235.656690258219,255.858909713752
795,795,7940,0,0,0,0,0,0,0,0,0,0,0,0,0,0,0,0,319.463550644523,261.271650167353,191.375312091363,227.832101753522,244.490483621623,248.200008091296,355.543682682242,181.002324841519,288.117195566593,202.02722555246,281.369689861567,223.485280349461,246.562475441695,232.856633653472,261.966213113664,337.917277862197
796,796,7950,0,0,0,0,0,0,0,0,0,0,0,0,0,0,0,0,245.771389326263,296.72535763031,215.579010680023,199.148131467179,262.627881282148,223.955590793762,370.066477157059,235.005603553749,220.371789159604,217.121928779364,272.643579895436,193.86266768316,279.365703255639,224.732948552388,253.379361037276,248.541447166809
797,797,7960,0,0,0,0,0,0,0,0,0,0,0,0,0,0,0,0,273.123746636829,245.669656155821,240.912298878391,304.78877030919,340.70348008143,297.376753075025,374.681617270704,278.907350901221,235.348975406079,269.922386655909,259.545216233066,182.138964346575,242.523797542371,263.924463851341,185.479527744765,262.524808690981
798,798,7970,0,0,0,0,0,0,0,0,0,0,0,0,0,0,0,0,220.119040870864,187.294718834515,227.980904151287,290.899921759916,219.359782575242,269.626679542571,353.598476478501,258.644104158925,197.865819553148,224.91410996433,242.824599419888,342.504831951068,207.98049722102,313.035159498048,177.132168700736,186.200215596961
799,799,7980,0,0,0,0,0,0,0,0,0,0,0,0,0,0,0,0,299.934232317975,226.574511035272,260.461007455681,181.562530999399,218.293813512193,245.059432468036,346.743809380874,212.167492095705,211.803241864825,314.713243743029,316.476456485365,205.439706306579,244.633532689861,269.414383125715,208.699599903299,205.355246574279
800,800,7990,0,0,0,0,0,0,0,0,0,0,0,0,0,0,0,0,217.394428751455,239.247420582306,283.776676736484,227.221686512378,308.548371356354,291.788747923421,318.580916265785,250.043809903061,251.109645610196,205.820767984465,210.170515723403,238.937943677168,160.040895920377,166.793719581601,198.532598911702,288.919295041731
801,801,8000,0,0,10,0,0,0,0,0,0,0,0,0,0,0,0,0,255.219806868649,265.069886350092,176.796471455814,235.679091562247,194.039888933655,259.094314600987,286.448458263484,211.970656901397,236.531794266045,274.551278697411,282.198726700573,303.866868074188,197.96963617529,236.794690661292,205.886137063799,235.731106921069
802,802,8010,0,0,10,0,0,0,0,0,0,0,0,0,0,0,0,0,256.368865450793,268.387906549497,188.735102828657,293.297341659444,313.20729410942,267.361811540175,314.522689309569,229.610547230484,278.834205918943,288.446771715359,283.424050881592,277.660589346318,235.359269172474,266.916719774774,226.165752708045,234.16674887859
803,803,8020,0,0,10,0,0,0,0,0,0,0,0,0,0,0,0,0,236.413923714188,213.856600843803,203.395673859603,234.670175471452,229.185449856863,175.06315069083,319.806160273379,221.090699959342,216.904506689776,234.210824099634,238.561334829173,244.009182012808,249.764953887353,184.37394894402,232.878536885479,273.284684104348
804,804,8030,0,0,10,0,0,0,0,0,0,0,0,0,0,0,0,0,245.992865707183,274.460684971341,265.611349484288,246.804461040074,162.407284926184,211.349498424221,311.894010897785,212.120468894605,295.583833741756,235.596887738684,191.983734737356,227.169841488472,249.4873631135,278.275584099845,235.969105426791,274.051090402394
805,805,8040,0,0,10,0,0,0,0,0,0,0,0,0,0,0,0,0,206.649435759734,255.29715860896,275.203846689662,240.811459038404,202.132057026659,188.506348898341,337.642456575277,296.724322658697,253.387134516827,275.580200851756,189.137903194456,258.306177781917,295.207381204783,281.501397741726,244.224752980048,269.194006347742
806,806,8050,0,0,0,0,0,0,0,0,0,0,0,0,0,0,0,0,158.389694905195,219.635311134305,260.84424077412,221.115563731573,249.942836326778,318.009983547065,339.484233320651,277.198738071441,230.247311564331,182.296498064597,251.076799132012,255.717979061465,269.35223698268,280.846580064568,173.660631968691,232.175354857067
807,807,8060,0,0,0,0,0,0,0,0,0,0,0,0,0,0,0,0,283.598229876219,311.953835567514,274.764261642295,239.488004410275,316.676722998271,258.897426363983,328.699314334521,223.406576744465,246.589149236232,225.006480684177,322.430820175673,241.521263163398,208.947015169933,210.659281946694,279.48954591016,253.608978829663
808,808,8070,0,0,0,0,0,0,0,0,0,0,0,0,0,0,0,0,229.581382775304,260.717751695557,278.939796251275,268.552559343553,298.056430394608,256.983095616512,327.114910683109,265.998925497377,214.286906234445,264.532682036341,290.035803113379,219.19759633699,301.352997208336,249.938558592931,219.112523790328,188.023210173009
809,809,8080,0,0,0,0,0,0,0,0,0,0,0,0,0,0,0,0,235.50692028467,212.589785866236,294.22192320814,240.078759526549,345.544783003316,221.564902658942,328.680284777193,227.21151633478,240.708901515527,271.035081285118,248.947741207438,221.806623087028,248.943158098073,241.136002020798,280.10332603392,230.846676520721
810,810,8090,0,0,0,0,0,0,0,0,0,0,0,0,0,0,0,0,250.105280301635,206.123562038847,154.788685506732,206.6534631958,331.561068907001,239.716556508472,316.842594892038,301.346075235518,277.219532624074,230.850028211212,256.312738994763,235.932664171145,260.389838990173,206.722386587066,255.568387287463,226.311378841822
811,811,8100,0,0,0,0,0,0,0,0,0,0,0,0,0,0,0,0,252.586563526354,213.799402173669,302.339614976843,252.970817814464,282.077806441001,258.817335841716,329.842766385458,208.734129087349,251.889167333933,218.43565128851,262.79113111121,191.015078403959,294.843284348533,239.22005901399,184.421139365824,293.829537593372
812,812,8110,0,0,0,0,0,0,0,0,0,0,0,0,0,0,0,0,172.80972915106,221.210449769661,288.27165417235,227.529920516514,243.91480120918,282.047789324675,324.113896411237,266.302536797176,278.425027671943,195.071696518524,234.100716017063,335.035794284744,284.460478277112,301.028729202424,289.016991574056,184.833947212301
813,813,8120,0,0,0,0,0,0,0,0,0,0,0,0,0,0,0,0,284.233180871793,250.720280045758,288.776932821719,264.736377335197,265.463368509843,205.094470825007,300.372617746842,271.810054622492,265.116133005083,214.124052841771,236.254352177962,244.566022585737,275.116036855026,303.078038793421,165.909621079651,248.854917603371
814,814,8130,0,0,0,0,0,0,0,0,0,0,0,0,0,0,0,0,211.04288872658,250.139713631005,267.790715705598,290.260666505025,220.742793242896,262.537292403113,287.858970716081,204.640353959904,223.216152461896,258.342180907498,273.754129328893,271.870495276408,217.984108923064,313.335918988592,296.727503891654,234.694847403526
815,815,8140,0,0,0,0,0,0,0,0,0,0,0,0,0,0,0,0,225.891891491555,211.247772337732,315.731965237328,244.620648262902,220.713462646958,260.004084711223,302.86881226428,238.122434467641,195.374626067119,280.865057630195,306.840501085751,281.918597397736,267.878839024995,252.76170264577,234.93431792948,223.747724321962
816,816,8150,0,0,10,0,0,0,0,0,0,0,0,0,0,0,0,0,272.10649115456,270.063467989728,273.513890790907,245.260486975909,203.988803381269,144.901589792472,305.099766292204,223.436473117015,189.492896576697,211.258058821958,219.042444443033,302.961540619292,253.058170777379,219.636933139358,255.197170586025,271.744532340645
817,817,8160,0,0,10,0,0,0,0,0,0,0,0,0,0,0,0,0,252.654051756193,222.579917796587,247.431851422406,245.032214019008,288.833852330442,269.96957235317,289.222139073603,257.582813547177,199.221443361457,277.711867005737,259.456778078021,273.03578124764,221.52228622112,238.304246957182,235.32393578362,297.858610393862
818,818,8170,0,0,10,0,0,0,0,0,0,0,0,0,0,0,0,0,205.783821810456,255.983879217338,243.064901694015,236.334394475982,186.882729113885,234.762210733602,272.011438865711,322.917320181836,228.68617697269,257.201121963064,237.476309887099,245.630795828981,280.761652347284,218.687543823584,282.461595577195,284.570018001182
819,819,8180,0,0,10,0,0,0,0,0,0,0,0,0,0,0,0,0,253.183432156289,304.624095850161,289.51553078574,259.588974678559,296.799035314457,211.122298498127,285.438139476546,266.696926372733,241.694433636619,320.772612462206,246.317061491836,204.56104257682,269.263221818835,257.450613855026,275.157564587419,235.884461516256
820,820,8190,0,0,10,0,0,0,0,0,0,0,0,0,0,0,0,0,256.534176137303,213.874947844361,196.656095189766,281.534905029058,250.568233639465,252.01001259711,303.122047211603,239.63645472476,277.486938163325,281.758838991333,293.790546580032,283.620576063353,268.364437563885,216.509837982748,271.615021100149,244.488569103624
821,821,8200,0,0,0,0,0,0,0,0,0,0,0,0,0,0,0,0,213.388673747124,163.604591084224,271.064621559013,259.87494154758,271.950197384937,238.660113555455,299.635625657479,233.715623775196,313.889024102049,193.237971274806,240.711239174726,223.057268894511,237.738486832909,271.975584798204,294.587437083523,181.181089233629
822,822,8210,0,0,0,0,0,0,0,0,0,0,0,0,0,0,0,0,211.918892471735,271.628645906081,182.116819035687,245.548957575146,232.91977321898,257.638086232717,324.152045447426,317.259677127528,249.364878946595,189.202700703852,216.687756005195,216.300162146308,194.328416159555,203.315905817969,274.333681207688,200.984040167711
823,823,8220,0,0,0,0,0,0,0,0,0,0,0,0,0,0,0,0,283.464298987607,191.583307977132,218.235109118415,206.671511875945,253.464054645333,233.409881078609,299.100137690252,292.903372730119,235.658024336665,280.507475859718,279.737499251696,269.195550486959,278.371076066417,213.769725788205,269.975964318638,261.353051101894
824,824,8230,0,0,0,0,0,0,0,0,0,0,0,0,0,0,0,0,194.4287424321,263.484826169562,262.783024237063,228.034302355833,224.15269244674,230.332334222207,333.153247051498,182.828448237839,314.973618731172,256.630839669228,255.005843322411,243.804357476828,240.768800896466,302.670366515876,214.075820583281,288.886084735812
825,825,8240,0,0,0,0,0,0,0,0,0,0,0,0,0,0,0,0,248.50302983519,212.095611185961,226.70664156678,223.586615514132,165.693889707761,224.766570593335,337.768290501971,242.430117247491,210.611385589385,225.284488096482,263.466610270759,204.069325414048,240.602672547644,194.779756385131,289.032240709709,214.680127847791
826,826,8250,0,0,0,0,0,0,0,0,0,0,0,0,0,0,0,0,288.472331059151,299.704788927548,249.648771136086,247.55679242364,247.735914477149,240.499708358023,304.404023230018,292.486218970699,279.313815402546,222.669312966826,174.445217883178,166.48121867203,246.546787264058,269.335320013366,261.234919667321,225.777677023887
827,827,8260,0,0,0,0,0,0,0,0,0,0,0,0,0,0,0,0,251.684530582068,269.822824336945,252.117184686638,271.738201828062,216.517482514314,224.329088029616,302.580962406595,277.056786149825,256.342705132669,232.389960773427,273.879438955782,209.42406857841,266.373157279447,244.748352515893,258.620110740304,211.995038831928
828,828,8270,0,0,0,0,0,0,0,0,0,0,0,0,0,0,0,0,263.117068182782,248.564490202791,211.520537315096,191.868332055557,286.50490672553,285.538404611942,294.858851085699,294.785942794471,287.384678737322,251.672309363312,301.763380950757,245.948299759321,263.379848876365,265.53526352009,266.285517696408,291.724022441593
829,829,8280,0,0,0,0,0,0,0,0,0,0,0,0,0,0,0,0,169.356610181313,314.276246363544,277.448850655167,255.205006785508,212.608418903745,232.912254517951,300.745585618485,262.547958266534,146.72610007962,209.490997909912,266.116130452192,205.988716971803,219.521686586825,220.724094469772,266.137515585691,275.467136052806
830,830,8290,0,0,0,0,0,0,0,0,0,0,0,0,0,0,0,0,273.371784895746,237.62435301555,300.345279750405,240.325154640599,293.234778082408,274.150081346594,317.067711182831,204.669720194631,207.633912190456,256.214174812686,213.267957583631,232.488031538852,266.207219953813,207.924323469388,262.950208375364,273.317481215268
831,831,8300,0,0,10,0,0,0,0,0,0,0,0,0,0,0,0,0,308.157370440776,295.131916308336,261.540204170488,219.619174721432,277.346184966929,307.188453026581,299.19290558379,230.994057287526,284.128041071053,322.590959465743,260.627755236007,226.706039624927,213.345798175211,226.268987162717,250.94360651789,312.744581622634
832,832,8310,0,0,10,0,0,0,0,0,0,0,0,0,0,0,0,0,331.23298571264,344.881190711605,230.460942987741,240.981177157174,269.369009127557,284.31991689442,316.947980492664,267.882179661584,212.766947228246,259.992555507642,200.866550883407,198.262258202204,256.45909029081,248.903288861206,195.86816430682,277.350806511621
833,833,8320,0,0,10,0,0,0,0,0,0,0,0,0,0,0,0,0,191.190827179099,240.818116939281,184.038390225524,288.83292996707,210.520578092644,284.964633028017,303.36729779447,264.734808255945,316.0976750321,237.815123499104,292.292018825191,218.046543153692,218.871975897814,248.092209836171,239.571719183222,183.763470721596
834,834,8330,0,0,10,0,0,0,0,0,0,0,0,0,0,0,0,0,241.427272048861,210.076973756379,261.789912211625,239.602414695063,251.665247045964,223.187451883025,306.703015772575,299.489128278925,285.709321299655,271.60865288935,230.754874875607,218.841971861898,255.200659710927,240.306925186623,255.119726312103,178.287298595711
835,835,8340,0,0,10,0,0,0,0,0,0,0,0,0,0,0,0,0,216.403858575327,286.761706527891,195.451871336919,344.910602302341,303.814235174698,253.736428777644,304.538583899137,176.676820897187,276.395785018723,209.651809150432,255.748064564448,187.888742772633,293.470339411262,290.552381833834,246.470597970374,220.205593257004
836,836,8350,0,0,0,0,0,0,0,0,0,0,0,0,0,0,0,0,215.296851884714,227.99447834301,208.125655406162,298.254670092034,295.600766375119,278.8100325607,311.398120262855,316.774271360598,233.996035230487,236.656977297737,261.657559883624,245.235458286806,186.041517475582,249.876494441162,174.212369642979,220.062337779473
837,837,8360,0,0,0,0,0,0,0,0,0,0,0,0,0,0,0,0,234.481150092207,228.938354505934,245.759532540052,227.927751989982,205.570811051261,322.03871512446,334.693110934327,236.002753033541,217.043654755559,224.443817494052,204.39974470019,196.199409683287,230.186347067228,203.150745502717,278.238671996007,231.792091442287
838,838,8370,0,0,0,0,0,0,0,0,0,0,0,0,0,0,0,0,236.786632608349,312.619433986018,278.584389195319,262.052725336094,262.436829729798,269.375908465816,318.845464294016,244.074068291093,171.108020688156,309.391672136573,222.993748493816,263.718722220081,200.573036758319,244.401815590285,224.486039640548,229.57060831944
839,839,8380,0,0,0,0,0,0,0,0,0,0,0,0,0,0,0,0,268.903836569657,285.964813625926,300.13871141978,162.707717125484,273.221476965534,232.567233081052,306.552545601825,181.856192363019,197.942987682298,286.332178236138,339.881694626201,251.438296280683,236.82423348374,257.890021797945,216.813381746327,303.618659109078
840,840,8390,0,0,0,0,0,0,0,0,0,0,0,0,0,0,0,0,265.736147231824,235.876195780808,229.225614890244,212.698066870961,242.569719779378,255.271049133648,321.269627604219,268.86534965116,299.241696732109,233.208099420936,295.498039807313,255.583713510256,289.838894509862,249.981952891196,278.939623696885,294.390500681294
841,841,8400,0,0,10,0,0,0,0,0,0,0,0,0,0,0,0,0,273.666705599858,226.127088883795,232.867675464725,249.649712492617,320.681864371299,258.402727582801,332.023140373496,250.303707144446,208.507720609719,253.850133940528,238.07384779554,272.255064090927,256.564582780585,249.630116659875,207.71334766951,262.628057853951
842,842,8410,0,0,10,0,0,0,0,0,0,0,0,0,0,0,0,0,230.883983433428,253.038059473553,245.318364195536,297.436881301184,323.611677037002,211.908588829221,326.511841849411,283.917214086691,249.753124100648,230.558345924985,242.63495708825,235.187750015964,201.899459599474,245.532741667066,203.821385240469,260.030028986426
843,843,8420,0,0,10,0,0,0,0,0,0,0,0,0,0,0,0,0,256.912781017406,232.730457070743,242.149895539421,245.462721789942,263.119688014095,277.390771571545,297.807024147848,279.659866618038,199.876732969215,282.425325961849,286.043399427846,237.058091664796,207.003682178515,239.786338517414,216.896360615638,276.040421052705
844,844,8430,0,0,10,0,0,0,0,0,0,0,0,0,0,0,0,0,173.903090591684,258.626724837126,291.262248671876,190.245575792212,264.113072540432,244.550370066403,306.045529555937,257.716794063888,241.507336766246,253.818248985032,267.763969231937,221.577865348513,233.652173118739,271.300886630547,224.080723222904,270.329357497922
845,845,8440,0,0,10,0,0,0,0,0,0,0,0,0,0,0,0,0,196.641097664742,221.523476590029,259.259273216647,220.458455341523,333.125976608636,232.784701250583,316.056763503098,293.606161664462,272.889316166982,290.76843777461,295.936832876928,269.904767163441,272.153357947623,190.991427201184,201.51615733539,264.771776937869
846,846,8450,0,0,10,0,0,0,0,0,0,0,0,0,0,0,0,0,275.136053077267,263.500236431899,284.140025748214,294.708218912973,241.45262855303,307.357881142925,316.306814882079,217.244518727205,221.87299240182,240.750935168688,242.981015479039,260.322735751655,221.822719501711,293.300984608635,282.673585388433,224.386261724635
847,847,8460,0,0,10,0,0,0,0,0,0,0,0,0,0,0,0,0,243.776140130439,262.604586242034,271.763274958912,202.037802826904,315.547738396862,212.851622216469,313.809557622003,225.57518270831,221.948170703126,289.681500293912,266.677789116961,208.628006105226,206.736221098687,226.691302931812,246.710392486078,207.502734113828
848,848,8470,0,0,10,0,0,0,0,0,0,0,0,0,0,0,0,0,280.500782778973,264.700687493024,220.466868571084,291.053735119289,299.232814734686,273.1235683888,345.782647452391,199.274181363023,266.143845035425,254.73873422034,259.354470072903,265.928436199211,272.569726754318,253.425176205552,249.394602806642,212.843117549197
849,849,8480,0,0,10,0,0,0,0,0,0,0,0,0,0,0,0,0,270.989195059278,267.553274802276,243.844126036399,275.551926795157,257.699172047208,230.049980358492,348.256932244079,192.611626338148,296.63650860029,329.804553809325,284.373768503031,224.676195095512,240.331220832244,274.704655703797,217.586628001222,226.484282805275
850,850,8490,0,0,10,0,0,0,0,0,0,0,0,0,0,0,0,0,190.11210573963,272.691887346993,248.385005631512,298.595683421616,303.430612490078,229.048888789993,355.981427135541,225.072423869933,235.115400768255,239.214999870589,229.111545061217,196.649345507629,270.034258337872,227.597251355599,210.393406728352,269.358237591255
851,851,8500,0,0,0,0,0,0,0,0,0,0,0,0,0,0,0,0,287.895927908995,226.976132451772,255.382649133445,227.857225988998,194.646288328725,224.52664608474,340.122723871379,266.619858925755,293.16305339259,278.097273770762,276.136057585983,199.384536160164,244.09197559396,269.372382529858,267.883825285163,159.704376203949
852,852,8510,0,0,0,0,0,0,0,0,0,0,0,0,0,0,0,0,288.938246822075,238.368025484114,266.331947741221,292.251034115675,279.68025491124,229.376696503355,352.147764995101,218.202890112292,230.629314865495,220.459152590287,231.901534782143,259.782760810032,233.346238254008,257.676602797637,276.587514212386,229.921030464158
853,853,8520,0,0,0,0,0,0,0,0,0,0,0,0,0,0,0,0,218.665344732194,262.481138315746,277.462070746767,316.0637819881,210.398486206446,237.063465780517,338.186126799961,289.756228446497,225.607811447883,226.420805119108,309.27754024184,164.972872223849,162.562968841522,250.856589523577,340.205733580396,275.89893381521
854,854,8530,0,0,0,0,0,0,0,0,0,0,0,0,0,0,0,0,233.132084924419,247.745315025639,259.708924811226,223.855267815059,245.184363907278,277.891482948277,356.071689748109,300.627771168856,215.12870217107,240.743360554387,311.951863346601,270.325669250598,280.27794958407,264.573779466389,306.569474045309,283.955202140575
855,855,8540,0,0,0,0,0,0,0,0,0,0,0,0,0,0,0,0,239.607791262217,278.435518986291,247.59080515166,281.766525946744,251.085656852719,284.2124060925,362.723490713846,277.084132572158,264.782538648592,233.718675300547,253.85665088044,253.746322642202,266.662674103348,195.666335592102,249.572646386269,282.503448727274
856,856,8550,0,0,10,0,0,0,0,0,0,0,0,0,0,0,0,0,258.936169903493,247.497077207072,277.440303575814,218.245987841662,179.421309459521,184.092837056766,339.640362665631,254.832388215102,278.406412992977,281.117531716911,257.287044465861,257.983040464712,236.78016720085,323.978114971792,263.301272116802,211.618863915952
857,857,8560,0,0,10,0,0,0,0,0,0,0,0,0,0,0,0,0,298.657770966914,257.507915300521,286.31149723289,236.787430009329,189.941130390806,221.031428717714,351.606921821355,269.557035104103,265.083818615311,342.813200516997,196.039006999088,298.756920614696,250.112535494388,241.307694372441,259.831922410884,329.915472505624
858,858,8570,0,0,10,0,0,0,0,0,0,0,0,0,0,0,0,0,274.309009793934,216.820520602459,203.781114435367,203.739712501234,234.034458228994,295.936124099256,325.255737579409,214.782508847538,255.570629606244,287.176998290197,329.013523549657,216.107648687363,298.810018134306,223.091895951179,241.632678992729,200.885764434626
859,859,8580,0,0,10,0,0,0,0,0,0,0,0,0,0,0,0,0,220.931851882126,191.563177156313,283.327404961934,304.359035490646,238.691055342958,251.183187166303,366.512088328707,262.50404436654,200.124188325173,258.459491833157,277.033445429604,208.250835712687,290.452378873158,257.003399381329,221.458787192522,280.412420244171
860,860,8590,0,0,10,0,0,0,0,0,0,0,0,0,0,0,0,0,323.859626432554,318.233468839568,265.758988160891,213.392557345483,203.940105349981,223.930888975589,320.389073568164,249.120291085507,294.719131055563,251.5580547798,204.258007100247,215.839139809825,285.765740151301,202.561674037962,265.991009938009,230.287366220555
861,861,8600,0,0,10,0,0,0,0,0,0,0,0,0,0,0,0,0,171.457432356125,191.192095005386,298.783721060146,276.860652063275,343.994172233419,204.668340569867,348.416637522736,251.478124181362,254.327323899462,287.115127988557,258.97409115965,271.463102441329,255.795537172679,215.776907657797,347.889979084004,190.494915080113
862,862,8610,0,0,10,0,0,0,0,0,0,0,0,0,0,0,0,0,200.314408455111,198.816052582767,298.089187663481,224.068594183099,250.373832804801,188.456330057327,348.146119411262,253.92167959338,281.518224232227,270.29366436855,211.215096631324,272.54996946346,292.413029046584,229.122648678834,236.315511755179,231.230430574779
863,863,8620,0,0,10,0,0,0,0,0,0,0,0,0,0,0,0,0,230.314657209326,297.786974725937,283.933359366824,263.84708764848,217.725295507507,212.431130560906,338.991327011007,234.806311252843,261.018080279568,254.469557089567,267.480562974184,169.393271671373,277.669854290831,224.411329670675,248.387833403629,287.215904701387
864,864,8630,0,0,10,0,0,0,0,0,0,0,0,0,0,0,0,0,250.41434523509,196.481592558667,258.942928872988,306.624197506115,268.17807605672,235.945561913335,381.280948779451,255.575261395718,316.490083148363,197.658727557659,202.623344102847,230.335692127875,298.286585686346,178.020832198557,250.940359105794,207.633170268959
865,865,8640,0,0,10,0,0,0,0,0,0,0,0,0,0,0,0,0,240.268736116765,234.182835128684,270.523723817286,291.851103944053,309.767470126132,267.186558762556,343.054395419914,235.763941862215,224.907355510556,257.246259275345,236.949891711616,173.497484839432,262.803121446423,201.822222048803,217.312247731268,261.03998352912
866,866,8650,0,0,10,0,0,0,0,0,0,0,0,0,0,0,0,0,267.759081141794,256.281317777693,305.427569906196,282.93754700775,289.899873272458,230.046168814806,394.593929085143,238.906883018012,242.406552014582,294.986991151134,238.243869810792,179.75415968987,281.110160633056,276.179939358582,260.346223022564,239.960452673381
867,867,8660,0,0,10,0,0,0,0,0,0,0,0,0,0,0,0,0,250.593604506551,244.960709130348,240.445362132907,172.083333552916,237.06860604383,234.956824267597,393.54824440145,227.925716088418,285.631495794721,158.464081466681,267.399831322882,261.666471639318,250.740417439023,281.018623610746,259.780284402133,233.099736562814
868,868,8670,0,0,10,0,0,0,0,0,0,0,0,0,0,0,0,0,208.451165502726,248.066762825774,270.034270392417,216.020738853735,258.228576352644,229.687802808137,357.084334312908,295.560964380811,243.387920131885,306.204188904987,265.21324257033,213.363991395851,236.489684589322,303.018250666806,316.720116206385,201.334866863072
869,869,8680,0,0,10,0,0,0,0,0,0,0,0,0,0,0,0,0,248.648739574803,260.585756512675,262.755949012924,258.443601224192,225.900711235437,236.053998250553,359.964384837169,292.044880255839,273.432758705613,255.454370865676,257.596205720561,215.322483722623,252.739236503625,192.63323398555,237.463553000416,235.690005978939
870,870,8690,0,0,10,0,0,0,0,0,0,0,0,0,0,0,0,0,245.243569558458,224.44679058963,194.189030915455,359.1312484062,271.366882423996,230.211802382369,379.586541176675,284.441157360904,286.740687143319,289.094245310837,243.574571523309,293.696429364651,283.296610899118,270.731499000603,215.459740274343,221.260946563171
871,871,8700,0,0,10,0,0,0,0,0,0,0,0,0,0,0,0,0,236.678824007614,241.999416855416,288.661037093371,238.875023246534,211.592008314122,243.197069151722,387.324202208164,290.479566777094,281.997875150939,295.412334425951,201.177970047096,269.357603477618,259.033252110876,267.870435384414,207.942894957306,201.675242172622
872,872,8710,0,0,10,0,0,0,0,0,0,0,0,0,0,0,0,0,266.464005696842,245.0473623357,223.467924962257,194.52689301483,237.835931299463,270.786399109669,384.757784135683,269.15954616002,311.772959964154,271.570482632049,346.460893451055,226.1047508912,239.999659656005,229.182411804457,219.747922630862,322.356215530161
873,873,8720,0,0,10,0,0,0,0,0,0,0,0,0,0,0,0,0,154.856677578106,270.523278343117,273.138253567039,174.375192583969,246.043301239736,196.206533292026,378.515814258411,178.371932312935,299.249763605894,288.201055450092,281.556214106976,238.119369191286,245.014791935967,309.63964891407,253.611300309766,298.691222425332
874,874,8730,0,0,10,0,0,0,0,0,0,0,0,0,0,0,0,0,251.720154803614,245.526385298285,301.246350355686,245.894094813887,307.683373404921,159.578521328225,405.586384599352,244.65200797994,210.535127765672,201.331124716185,321.893600337197,294.153269134,297.828477749544,198.096969616502,251.58039067284,233.049864660122
875,875,8740,0,0,10,0,0,0,0,0,0,0,0,0,0,0,0,0,244.453807049254,180.771116055054,219.93780228253,283.137234533671,302.857369407876,212.9272865209,389.871095091349,222.741486825136,225.480468644815,259.253288791078,213.108516009576,272.048973744036,281.545479183131,244.688695649154,188.096156327543,270.623400786313
876,876,8750,0,0,10,0,0,0,0,0,0,0,0,0,0,0,0,0,192.765059604299,260.341612560357,221.837545502271,250.477948003377,248.60258944447,268.390725684483,392.380916646278,264.908275769344,216.050999281409,224.702840618965,240.486713180325,246.056652160213,272.514965105536,280.368163671823,265.996714934921,196.985683382917
877,877,8760,0,0,10,0,0,0,0,0,0,0,0,0,0,0,0,0,299.244081153229,230.13995289837,222.57985800242,227.4621151545,232.391236652169,296.200643358783,405.55110272489,241.671143036183,241.590190257393,185.990146872483,205.112203487246,315.913601546634,218.868854858703,255.8148121458,258.903189535649,290.253898017241
878,878,8770,0,0,10,0,0,0,0,0,0,0,0,0,0,0,0,0,241.385177466092,242.968254697125,234.268484615971,238.598606594105,178.845769056741,194.767634627734,425.321941808643,189.295808545811,257.582890785702,253.954852257461,298.527696168445,285.108464738096,221.547485279787,297.182935933422,244.373343909572,237.625029758244
879,879,8780,0,0,10,0,0,0,0,0,0,0,0,0,0,0,0,0,345.408765118497,271.259871948661,234.574769669852,228.517395984296,272.630177960525,246.753299351405,403.098721462324,256.042293480889,267.952255661574,344.948714402002,230.148767427101,217.19029268386,288.297681380166,344.027420361022,289.71676288439,306.945489152517
880,880,8790,0,0,10,0,0,0,0,0,0,0,0,0,0,0,0,0,242.51899134163,327.326718268918,293.035744061016,289.618800750065,231.727459490913,288.108468311505,364.920497618609,182.395198821752,276.682438509567,314.973376845618,316.336696966659,241.916536198504,229.706256140053,219.761380331068,276.442929621934,204.45773085703
881,881,8800,0,0,10,0,0,0,0,0,0,0,0,0,0,0,0,0,222.899068483659,232.423546595514,252.363896206777,272.157947477669,302.243454787295,221.025527777579,399.382098627824,202.206055305462,278.599660929436,170.614963242272,189.286252529438,217.113874689277,245.933061227135,260.305605104853,295.518566815824,205.471999127131
882,882,8810,0,0,10,0,0,0,0,0,0,0,0,0,0,0,0,0,195.09533777731,206.948342866788,235.195783145095,258.016583528143,284.301065538154,246.451582228333,401.635853678291,219.632582480699,275.161657807511,235.82253844385,259.820131943384,268.360994036607,232.402944582212,242.495465184508,242.868926854204,251.008419237854
883,883,8820,0,0,10,0,0,0,0,0,0,0,0,0,0,0,0,0,220.89012738708,192.112207830957,203.749031372311,207.777628246079,287.197501537423,233.524336523896,390.23472925607,261.484709509077,221.288225817893,232.789186928054,287.373852957176,209.866795000769,253.201677179006,228.655602324705,281.41692094464,256.047223242186
884,884,8830,0,0,10,0,0,0,0,0,0,0,0,0,0,0,0,0,219.95998298149,241.416577180896,295.32509634666,225.068172442767,251.856262160725,284.006191966415,421.626086010416,203.596968608709,248.775682954019,220.85548265221,193.30173940156,261.004264126775,240.884321104751,233.400776612347,260.938405096256,250.061812134018
885,885,8840,0,0,10,0,0,0,0,0,0,0,0,0,0,0,0,0,176.036212144545,250.645674429426,243.787835706904,295.685563083741,279.932301634639,215.122851034558,424.72696279719,275.114544207012,232.519214015629,239.810070947428,325.473563220357,239.114439955507,211.49431131634,234.942973096288,263.347750849112,307.415911431517
886,886,8850,0,0,0,0,0,0,0,0,0,0,0,0,0,0,0,0,290.931191935305,195.924113442513,343.437354407873,219.021414041532,288.537448578632,341.674659440558,416.339590655305,208.441400406295,155.161169336309,304.079205755272,242.12164499896,211.38452280202,318.506715634291,248.246346672168,242.332759674213,264.452417462244
887,887,8860,0,0,0,0,0,0,0,0,0,0,0,0,0,0,0,0,215.502497409097,235.558667823237,230.148993348257,241.268968022305,181.744597416303,308.761185569992,419.232598056541,268.023283388246,255.025662706341,280.430116502209,227.231082767281,235.264969003276,250.361578797794,215.318911732657,288.148212034983,175.448782522858
888,888,8870,0,0,0,0,0,0,0,0,0,0,0,0,0,0,0,0,247.772145724412,236.979452878864,200.379541573041,258.946271844252,266.024246004985,244.422044140678,415.761354045775,247.306185000857,291.607747053097,321.69331677522,229.054151487362,243.737048055435,265.862643201668,307.228788572607,287.324385144755,228.286426637422
889,889,8880,0,0,0,0,0,0,0,0,0,0,0,0,0,0,0,0,258.013667265844,240.21590961174,229.853298952333,263.883470043229,177.716595462466,225.083342990445,403.698491161079,190.159026093104,214.704569774766,257.35908037478,272.196201967062,288.809946712189,248.253557252851,206.704333890663,278.845597613576,232.284602312183
890,890,8890,0,0,0,0,0,0,0,0,0,0,0,0,0,0,0,0,259.787725722801,314.864774815162,264.945446416456,274.056653115035,180.932775711165,315.829710681858,387.33762201818,191.311364306501,169.127064784001,234.574829310348,318.385353623063,228.958022906184,260.506069334831,316.71111198427,266.065896109216,294.031503973656
891,891,8900,0,0,0,0,0,0,0,0,0,0,0,0,0,0,0,0,167.389430864782,292.626000777497,263.358522985322,195.254544593422,273.16266156919,175.240952323739,392.743354859153,226.382961507356,241.648815713719,269.425915977299,277.754196530708,261.103952510235,225.492985355169,212.610743546922,357.649397011741,181.607946701092
892,892,8910,0,0,0,0,0,0,0,0,0,0,0,0,0,0,0,0,287.997012194415,186.18934642139,249.322975410853,271.585456152743,302.570804059632,222.129448580926,348.651938621566,280.065306039436,222.931053056874,228.031526621828,283.072434631615,178.473609814676,275.022069976252,292.257156079178,183.987358732618,315.937674662371
893,893,8920,0,0,0,0,0,0,0,0,0,0,0,0,0,0,0,0,212.792050508688,250.328242871892,321.835935491167,182.085383349578,236.588929316135,254.806692171673,344.31338865454,260.275061097042,291.061131563078,273.605315799233,297.136600147257,220.538927138369,221.141032068262,243.508165326031,218.996892067702,190.469726641648
894,894,8930,0,0,0,0,0,0,0,0,0,0,0,0,0,0,0,0,182.669202258978,208.554603979884,266.984101669081,222.285640348659,267.173960804624,199.426723345648,352.597227674731,207.961301065005,259.506426768186,245.457103406215,278.435691285893,251.835242797324,198.0763632667,248.877950882775,314.26055121148,236.025089967539
895,895,8940,0,0,0,0,0,0,0,0,0,0,0,0,0,0,0,0,253.551974896486,271.577713052468,285.789415011523,196.516568492039,223.507501027454,187.217628362074,335.861416120652,113.321634079673,282.623975912355,253.466521148486,283.405467708854,289.77757120961,229.630652973772,264.735531547107,295.766713014992,271.341175028879
896,896,8950,0,0,10,0,0,0,0,0,0,0,0,0,0,0,0,0,272.595755465495,280.690965311181,218.504516688138,278.825480487014,275.381294807233,333.176547349245,356.364236571209,298.951740355996,297.46263092219,149.432402616859,234.787094759641,301.619071129487,201.524326179962,220.079498014507,225.186035646516,252.224273977458
897,897,8960,0,0,10,0,0,0,0,0,0,0,0,0,0,0,0,0,308.324998063081,262.721062850987,267.742248117882,219.05662815556,240.615686786868,255.781102672384,339.65719568216,332.483861463417,264.522129486513,202.101432984544,225.091343183491,304.492968375246,160.824168592995,261.583269377431,266.13609600834,265.31821710203
898,898,8970,0,0,10,0,0,0,0,0,0,0,0,0,0,0,0,0,283.096407745203,192.510433112002,275.684120866528,228.352371526327,219.310361610062,274.884356801178,317.474804689569,283.894297785117,263.391592748007,235.694726123778,235.279027872359,284.592566896639,233.3852990655,223.010507439711,202.844045417466,286.931692266493
899,899,8980,0,0,10,0,0,0,0,0,0,0,0,0,0,0,0,0,271.089818299608,275.371832118817,248.842124821997,252.911399861199,345.052871302064,272.209821441045,316.746831026629,307.871990671034,285.126974299742,283.906019008089,253.405477716702,217.568425498068,238.972574837977,272.385014451797,224.823471342366,154.139236872348
900,900,8990,0,0,10,0,0,0,0,0,0,0,0,0,0,0,0,0,243.599724340396,312.733417760621,272.73154629638,223.867912606467,191.778545598112,260.78971544271,322.286072536661,245.394262816828,260.056529894864,235.238907673867,273.002045844713,222.586626882372,278.979221298533,180.864614431537,288.153664913505,279.349543266232
901,901,9000,0,0,0,0,0,0,0,0,0,0,0,0,0,0,0,0,248.730330116731,226.015960525945,217.758148410973,281.340028279313,213.836897005136,240.32649225921,345.238885106272,224.1709326227,183.057565996824,237.707047898364,230.996418065629,212.046185353455,194.706737995166,255.272624113932,228.818301294117,327.213211462209
902,902,9010,0,0,0,0,0,0,0,0,0,0,0,0,0,0,0,0,269.944481308575,222.112969450091,293.21072027214,169.650496545417,237.552790991943,197.665851223276,327.523774858798,279.4438871436,294.660221859003,227.459582840615,299.022154435367,207.746390291409,285.45686243229,258.50083645843,263.153635937029,247.870195303808
903,903,9020,0,0,0,0,0,0,0,0,0,0,0,0,0,0,0,0,300.996121848452,275.126929008466,267.670260683882,249.585756092815,213.944479809469,265.785774174,336.675351144057,273.031292953867,253.490098669176,296.239986022725,293.789897403073,270.796565190855,319.387422134168,260.841645008228,308.242886490749,271.017399395935
904,904,9030,0,0,0,0,0,0,0,0,0,0,0,0,0,0,0,0,283.421580340558,290.897263122046,198.464976489487,273.781018479557,243.176676583691,230.400852866109,327.053949240218,255.899107771461,247.109171991738,279.968996410391,209.525478527494,253.630922439872,283.976641931931,311.069709182141,231.332991547873,251.444654485712
905,905,9040,0,0,0,0,0,0,0,0,0,0,0,0,0,0,0,0,160.112642308695,206.795383358671,339.660383327687,246.873728619901,220.684303537127,192.812514070678,334.34999532022,183.027958958589,185.163094904729,247.83534864816,231.164433842055,212.235117098426,307.116072387819,258.895874681663,276.9375803649,247.176198959034
906,906,9050,0,0,0,0,0,0,0,0,0,0,0,0,0,0,0,0,263.545183666415,245.009374663165,337.281036233035,249.961972512346,288.492920636143,259.446514997044,327.639976679593,257.410657865614,266.606639273499,232.271685009248,243.320337986413,202.712175527341,266.249817300673,306.074488263643,233.59632853768,204.789271610316
907,907,9060,0,0,0,0,0,0,0,0,0,0,0,0,0,0,0,0,250.974548010763,258.386534628212,237.768994060337,234.930619700236,229.282923347179,282.927539879398,325.829537465999,303.083577175581,242.225929834195,266.254775452577,306.675653757547,188.702207856529,306.066998500961,229.463650825762,206.322728468462,255.065132086957
908,908,9070,0,0,0,0,0,0,0,0,0,0,0,0,0,0,0,0,236.792449493031,246.870212453776,253.026489428286,265.71010426612,263.082195244749,208.702535419445,321.88855562025,285.751563467343,214.591561460118,241.503159053357,291.466460845394,284.045176229328,297.126542193028,285.33053426612,251.383607619024,245.107928320742
909,909,9080,0,0,0,0,0,0,0,0,0,0,0,0,0,0,0,0,270.366449640508,228.124278651961,277.030036038091,244.785717983644,249.860077736946,344.897384542308,302.703677624389,165.838282396409,250.52284808605,331.776150395438,262.14683749541,304.821755050141,278.358597268964,315.625068647916,232.175766045228,215.750732426528
910,910,9090,0,0,0,0,0,0,0,0,0,0,0,0,0,0,0,0,316.008432447174,230.985006931508,231.857384698938,249.757406893695,283.715529644091,179.34858104608,320.257933956476,244.782506735136,246.071997949339,198.13302782711,312.444897461163,199.73904921025,292.671930789425,235.209338830228,206.402502080466,271.129148059011
911,911,9100,0,0,10,0,0,0,0,0,0,0,0,0,0,0,0,0,262.546654144232,226.938310995262,195.64767119161,256.710570390121,246.146741609643,301.23250188288,318.288530203502,239.482709908515,262.93989686235,318.778595388882,229.790880251138,246.317621035641,254.700604770044,240.174874987985,231.453449255079,198.950555403811
912,912,9110,0,0,10,0,0,0,0,0,0,0,0,0,0,0,0,0,204.09761051291,253.383396345259,178.46978290213,281.314439142163,313.703888404297,250.50779511937,279.951426369026,245.516987779946,253.967214798544,189.941935403842,244.709254235595,184.862227617578,259.028539962265,257.454332777383,265.160642756242,285.585140815628
913,913,9120,0,0,10,0,0,0,0,0,0,0,0,0,0,0,0,0,286.650921460357,267.752825944069,231.925044589513,233.131179966094,199.823994803871,198.689322324914,302.977413966219,261.51775731665,208.145110452272,329.506627721055,246.239533972245,243.730571488363,232.604344336068,201.722334753841,291.640329177086,249.640293061013
914,914,9130,0,0,10,0,0,0,0,0,0,0,0,0,0,0,0,0,220.11171122174,294.870122960686,172.301575275649,248.949340089668,269.532790778054,296.518679554007,297.852890190305,237.623984912629,256.36010512149,301.786241139937,342.294016001406,223.911081041018,227.019602828719,346.340091269471,238.869186590502,215.528259758069
915,915,9140,0,0,10,0,0,0,0,0,0,0,0,0,0,0,0,0,220.108625289646,202.045396916099,287.48196205166,210.394298847418,304.50291783792,279.684877040108,295.770504735472,227.063709720971,269.880594581523,209.69296614491,292.10552870198,260.863295783375,252.544990894616,237.951369423228,281.202666619561,219.212825021022
916,916,9150,0,0,10,0,0,0,0,0,0,0,0,0,0,0,0,0,288.533513011241,204.278058583825,279.493344990424,223.996767901934,219.123050590687,304.79180253375,322.96842703404,224.792463326162,259.088082853213,323.912109662957,230.836542073498,310.939568152705,313.334108905389,256.810151690557,237.906338827679,234.545911667427
917,917,9160,0,0,10,0,0,0,0,0,0,0,0,0,0,0,0,0,215.742869918044,258.087252881943,265.753162635571,226.848862755479,200.180548428447,213.606821868851,302.343515254066,208.590808668327,216.040575205283,270.458302729413,242.570514253639,297.550836546226,221.493679244009,303.69886027079,213.070203401684,349.79339898757
918,918,9170,0,0,10,0,0,0,0,0,0,0,0,0,0,0,0,0,319.374721053481,303.893050481735,235.865940076824,241.082235082622,311.396976550466,236.085989094266,354.474093150222,240.198644558015,265.622739036827,286.109167059848,193.814881183009,252.844194843429,273.538791615805,309.931660542849,190.838014909651,208.419598350184
919,919,9180,0,0,10,0,0,0,0,0,0,0,0,0,0,0,0,0,260.532281590976,271.755379246197,244.705664512901,310.970555674667,254.061585573976,237.928642140075,346.250772856473,266.694225506994,199.705334337635,231.997481810345,339.109710093252,250.53156104703,237.010230420113,265.949068958187,242.966159991115,248.959892931128
920,920,9190,0,0,10,0,0,0,0,0,0,0,0,0,0,0,0,0,254.091029980832,261.738144313113,230.528699736003,275.069508739238,227.710287405392,248.028310537195,334.177056294465,237.897760276306,288.645329113696,248.301391588008,262.331967366597,214.76229692464,263.752136785567,227.464160336551,261.061158161201,216.151303336293
921,921,9200,0,0,0,0,0,0,0,0,0,0,0,0,0,0,0,0,275.569988957654,240.179518111501,225.672441980802,277.758103220269,238.35392176798,258.99319819121,360.654957981271,198.78602176394,274.752483104392,194.104175244189,240.551526581017,230.262658456906,221.142173010228,270.970229427021,273.692814376162,228.362858516279
922,922,9210,0,0,0,0,0,0,0,0,0,0,0,0,0,0,0,0,280.931918541704,261.335060918707,263.565746523032,282.855858966197,333.882284631653,239.50600740813,392.973509715258,222.117174786311,229.350323636385,249.65874377516,277.49265156593,264.021217659569,274.855882756049,194.195510631128,351.686998554614,297.130323354938
923,923,9220,0,0,0,0,0,0,0,0,0,0,0,0,0,0,0,0,253.129378406961,226.64793858132,249.84100203117,197.461994800297,258.895356605724,270.051504645615,362.452675683199,308.204980523883,264.785662755416,236.868136732232,281.703960781512,268.020835435302,271.865659477565,236.445022503848,222.665690098348,196.511496040822
924,924,9230,0,0,0,0,0,0,0,0,0,0,0,0,0,0,0,0,196.223604987306,215.591447534622,225.407134642876,267.879282906966,235.940487672101,217.63422541132,329.644180564294,257.270275103447,275.087064827919,238.041014339866,247.087635875734,282.219078126025,261.11923305791,274.644875377772,324.880903709853,257.623635248381
925,925,9240,0,0,0,0,0,0,0,0,0,0,0,0,0,0,0,0,238.157389494124,242.502640658922,273.963297870069,269.105268653843,192.973876056207,266.482101396175,358.42325101133,207.181934878455,231.472605010448,186.092753484247,197.968036575111,249.301706160936,240.733362505575,198.12036785716,293.765396829615,217.59839119843
926,926,9250,0,0,10,0,0,0,0,0,0,0,0,0,0,0,0,0,219.24906123822,244.664473758457,222.429800338465,295.675826639384,293.344070790724,320.988047291996,351.607447695795,214.882044430807,244.840692238731,306.719044636217,246.85822491544,264.453781778897,292.306626875835,293.550957728371,214.400570916371,254.822974866548
927,927,9260,0,0,10,0,0,0,0,0,0,0,0,0,0,0,0,0,244.390841194657,243.893761348756,211.372364138136,239.281374462163,204.185176450571,210.399808188321,338.248643001862,277.472541890241,244.144873636637,201.193742325485,158.309434359814,271.569829836125,218.25383231624,265.861416264428,254.956075930702,275.095949722045
928,928,9270,0,0,10,0,0,0,0,0,0,0,0,0,0,0,0,0,231.063510992011,299.419685592632,254.43151924544,297.916578260618,260.325527777556,224.443673744587,330.372909341519,273.93115002424,240.402918769946,237.092644334479,193.700365133183,287.975033884177,271.110466657809,279.376219641067,246.237228849027,191.697095240717
929,929,9280,0,0,10,0,0,0,0,0,0,0,0,0,0,0,0,0,249.094508142077,347.398334191306,212.43497673369,236.186658039418,287.244779461149,276.650303542835,348.144537610945,241.655702711809,248.153262250805,270.113661565586,201.90611764732,199.895647632714,281.026824594849,174.476515468039,301.796572327661,327.662109575169
930,930,9290,0,0,10,0,0,0,0,0,0,0,0,0,0,0,0,0,224.919413562655,256.804017187598,269.141646039937,216.611599341721,232.397425899667,206.586627326233,341.985315627718,282.982113349003,272.997478276589,306.687122036146,252.378883279846,265.521996242637,258.727125198812,258.055262985452,218.490867157123,188.282594180358
931,931,9300,0,0,0,0,0,0,0,0,0,0,0,0,0,0,0,0,221.225457560453,278.998702617093,271.433559059199,181.706117340506,258.781040739535,276.773492154372,353.064231118392,269.528080406958,295.408415724331,242.343705547701,252.755715284763,251.604283808763,277.857854128472,258.619795422371,229.253434296739,238.585659864491
932,932,9310,0,0,0,0,0,0,0,0,0,0,0,0,0,0,0,0,205.041591080328,273.424372646002,308.351676882992,168.970529961373,213.170825807925,263.12190871271,365.236474907002,284.463584679283,231.627499197903,218.436318055656,225.066419446273,240.542195978508,246.986746523803,214.717751894318,177.993890769622,205.482780232587
933,933,9320,0,0,0,0,0,0,0,0,0,0,0,0,0,0,0,0,227.183682268801,287.87622266231,220.402272712454,284.9163109069,185.575773142486,241.500338312499,358.581500478802,255.441240627411,248.434387563429,250.744032420618,250.526126372729,307.179309657325,231.633005179149,230.489480220042,221.35968205538,210.220702600872
934,934,9330,0,0,0,0,0,0,0,0,0,0,0,0,0,0,0,0,190.24329087971,154.670326900988,287.729389762056,208.378752205727,277.42337461353,248.813933823383,355.155629945919,172.702833435559,237.149112807063,218.3827024427,266.811046998379,243.46669446942,290.369638539124,265.464249425984,268.602617300163,296.242565862629
935,935,9340,0,0,0,0,0,0,0,0,0,0,0,0,0,0,0,0,229.232206767264,233.864562423655,285.996086730761,278.100445193332,271.973045550576,281.563262732499,350.735590115404,238.488414437588,236.546224421876,290.128407552186,254.397781885115,283.955091534521,253.647980469475,213.206163602353,253.840473544751,228.226379639772
936,936,9350,0,0,10,0,0,0,0,0,0,0,0,0,0,0,0,0,282.990149581019,254.391329419175,218.132579071669,164.657299652258,202.173816233855,297.089544346424,334.864895941178,239.73439300897,235.857743391928,222.735937058919,252.46118115552,227.638729492886,288.213347672762,235.225437542692,253.502123514793,273.019639718252
937,937,9360,0,0,10,0,0,0,0,0,0,0,0,0,0,0,0,0,285.623198014162,257.388411310781,264.820790515125,272.191210959603,279.879887354005,255.931862956656,324.419848340004,209.696545636835,326.722076346301,221.267586279618,236.216280766329,217.074868884547,227.707700702622,261.054068345314,151.417622548977,324.884117343191
938,938,9370,0,0,10,0,0,0,0,0,0,0,0,0,0,0,0,0,232.655111187892,243.509208546255,213.372508482364,257.230359269955,286.216269164065,297.17205083918,336.437992371437,238.882916519195,314.781385350452,173.371930737932,271.692727442056,227.580242160591,254.964313214824,238.265173505876,202.576648920058,262.345513777253
939,939,9380,0,0,10,0,0,0,0,0,0,0,0,0,0,0,0,0,239.593594666209,303.763160492092,308.971522070665,208.486519311035,227.678253396046,249.065841069708,316.966843235113,185.356389587156,294.711674733325,287.959091725836,212.228880537284,227.542729253482,265.035745549291,269.437683784169,342.869857611089,264.891994081712
940,940,9390,0,0,10,0,0,0,0,0,0,0,0,0,0,0,0,0,280.819448103255,300.771751265988,242.792821575744,288.026198666408,240.455520724365,217.217362464443,325.634681638758,219.891588843647,283.6528446815,190.468077717659,340.972401617534,235.947379247205,267.435361753519,214.022758993981,201.560960626016,233.623274792919
941,941,9400,0,0,0,0,0,0,0,0,0,0,0,0,0,0,0,0,268.166707671509,264.245050981756,242.730217991856,257.784488813483,265.87267764481,250.231919201139,332.536915229884,266.538285111489,187.631511033325,285.071711947942,246.89329718505,223.736096894491,243.786093377342,218.066283875994,244.471402749757,257.115523299765
942,942,9410,0,0,0,0,0,0,0,0,0,0,0,0,0,0,0,0,209.703427282196,274.192337070537,195.536863177708,279.559739372411,302.135897124017,240.386904943244,335.855540745116,269.347813797654,222.190825122808,262.071087951599,199.590117209222,183.03886296233,225.11478110098,161.96285072981,263.770900985394,300.869432285805
943,943,9420,0,0,0,0,0,0,0,0,0,0,0,0,0,0,0,0,263.551565133278,261.237989737822,239.878840222168,283.42711967855,221.061193726234,269.836922965742,355.389103209466,204.292972953139,307.856468131159,255.081991532456,224.063345322356,278.576615329408,229.448740532028,289.392923845635,220.701372122706,255.370662678656
944,944,9430,0,0,0,0,0,0,0,0,0,0,0,0,0,0,0,0,242.529131514098,290.630763923357,257.741980586096,195.182301182767,241.060393326864,259.750929625759,332.233574630202,214.303686137707,277.009911913056,266.984434977864,268.197072815522,288.183009366507,187.979969598435,219.297114535224,270.666407586809,250.345451346173
945,945,9440,0,0,0,0,0,0,0,0,0,0,0,0,0,0,0,0,247.625919819049,222.61977153966,247.31917946466,214.304570133077,237.861776553468,308.311941238788,328.927742565192,239.257464074905,278.031937341049,226.618907474596,269.922390976272,258.051322820133,211.458763751344,213.349294598117,230.747540090528,279.568006766453
946,946,9450,0,0,0,0,0,0,0,0,0,0,0,0,0,0,0,0,294.244713735065,247.191829621694,259.636203936578,182.390927262083,219.234603904915,254.756253957639,337.487987698257,264.419810240013,265.846408438164,242.01351420878,289.678768365441,236.504630154764,267.125967726585,178.973400761182,263.692170266858,210.431426568789
947,947,9460,0,0,0,0,0,0,0,0,0,0,0,0,0,0,0,0,251.607635027321,184.437217340991,278.822432348777,202.973097844924,240.539260757793,304.308743669498,337.217239414491,241.28883476544,218.723714399975,241.13929547217,212.636339227211,216.070318495987,277.148221141828,272.515135738555,240.246565836807,227.269223121616
948,948,9470,0,0,0,0,0,0,0,0,0,0,0,0,0,0,0,0,198.157510759509,288.227873963042,253.26047798006,264.609424287296,231.55479277718,219.290444952859,324.955254224716,184.034496259526,237.669064782874,248.040813682135,216.404582167585,211.41057293744,264.883976170921,274.96892481717,265.317348055234,224.152296248008
949,949,9480,0,0,0,0,0,0,0,0,0,0,0,0,0,0,0,0,243.193279388768,208.065677568848,201.521222884206,262.057567855873,294.903933350913,312.354685126559,300.686967524922,267.779784041991,221.005143757137,249.073677845579,302.122800782086,223.515829887893,251.185306506368,293.555231672931,245.414002299508,307.324278849027
950,950,9490,0,0,0,0,0,0,0,0,0,0,0,0,0,0,0,0,294.186336102724,213.929156447037,238.414386570443,298.073173398192,242.359074011941,252.450533979285,298.162331478951,338.224721215122,267.815848009205,275.042922618556,292.418430068339,242.478289058209,257.516806561973,273.964235506385,233.973566312032,306.385035999346
951,951,9500,0,0,10,0,0,0,0,0,0,0,0,0,0,0,0,0,246.33863464288,174.895168324211,281.361613782523,279.227332309394,269.17610376678,304.760018788068,298.219403133251,295.262679397562,214.340434986541,274.688933484199,281.024475888411,223.530641330274,276.21338645531,229.059650588159,117.065684348586,237.529000135191
952,952,9510,0,0,10,0,0,0,0,0,0,0,0,0,0,0,0,0,208.455555183606,293.175691657118,294.89732597555,301.307668373453,264.512585319705,267.775527258658,307.24217007778,293.50465394034,275.871230665184,173.658093607755,189.753760730504,269.643454439369,314.693597147063,212.001571988851,210.852237406038,343.373858849248
953,953,9520,0,0,10,0,0,0,0,0,0,0,0,0,0,0,0,0,288.305109819802,175.357833090966,161.177934169546,269.490547224378,208.259378427817,211.135402460746,285.856521876004,272.721970770204,222.282906841156,240.373983614976,259.332887581648,206.00047784957,257.11786908057,283.548735915529,216.321726581215,285.968181303526
954,954,9530,0,0,10,0,0,0,0,0,0,0,0,0,0,0,0,0,278.090423433469,198.664646073257,230.67220791513,239.004135438011,342.725974364532,280.486433667081,310.17506995991,276.607309495557,270.238131405648,306.917958980367,254.456361773162,215.129206995085,250.391296564309,319.164489649406,259.065360157881,252.354478897504
955,955,9540,0,0,10,0,0,0,0,0,0,0,0,0,0,0,0,0,181.635545104152,254.131926054349,195.711408308053,303.169719442033,258.609281600887,294.16279450724,295.37775969992,181.033044109482,263.734604593265,234.552978982866,246.196839801795,321.62979989319,218.149095068057,231.886869985452,227.846419809177,237.255558628384
956,956,9550,0,0,10,0,0,0,0,0,0,0,0,0,0,0,0,0,266.298116109482,275.545401926903,264.713878344173,240.008498269671,274.627410852646,234.786227396154,300.005369268732,224.33497806723,254.376744351489,285.63499148833,259.962177298292,270.590509412533,231.399947319209,260.81292417571,249.71845735046,279.733832576663
957,957,9560,0,0,10,0,0,0,0,0,0,0,0,0,0,0,0,0,311.076486077938,226.855505066749,237.261256760807,250.635640375439,236.715649878204,272.022690634593,329.273906725874,196.723609852269,220.575519969312,294.175924118614,245.544466867592,267.285921050922,255.089862659101,271.25311235483,292.785725006921,182.632735308895
958,958,9570,0,0,10,0,0,0,0,0,0,0,0,0,0,0,0,0,298.17099350216,238.851435539169,223.410167745874,245.517858189667,267.20002222152,235.41589241847,334.285280252516,322.559597740803,246.683012675141,259.051192059273,244.172715050697,276.991930478493,212.651894451009,262.643679084442,256.329058394554,284.471818864816
959,959,9580,0,0,10,0,0,0,0,0,0,0,0,0,0,0,0,0,305.803750230191,233.866500783344,249.350448518054,238.218143708483,262.443812866253,246.315538765609,378.176311612774,256.077875733664,279.651668916885,320.920277286462,255.890970269099,211.923065515167,193.939334641709,260.141978968515,197.842387674947,258.867651511065
960,960,9590,0,0,10,0,0,0,0,0,0,0,0,0,0,0,0,0,229.472254814882,267.4554461899,182.734303139071,162.120096912521,338.265518385592,229.061282751059,342.99317256373,293.759968432981,266.754782170586,237.370585862402,238.563268754822,228.083524247458,249.387067314181,280.690361297753,250.86460087876,238.553891301374
961,961,9600,0,0,0,0,0,0,0,0,0,0,0,0,0,0,0,0,265.577505495959,248.744691593209,205.932276275022,231.770963238433,247.664134775415,261.447355909792,341.898066009841,226.966646100325,227.096588336918,286.119047234131,222.577556195286,234.086957067899,246.894568839404,237.170277997367,223.692584632228,273.638224043504
962,962,9610,0,0,0,0,0,0,0,0,0,0,0,0,0,0,0,0,216.256531017551,249.553904182117,266.666727849581,248.782543928566,307.563234214518,191.926559950059,351.908629476069,277.297010276382,202.351620718378,208.222043635311,192.571741839472,268.100861913065,254.710564111677,247.765033566998,271.742810311148,242.566349968675
963,963,9620,0,0,0,0,0,0,0,0,0,0,0,0,0,0,0,0,262.621562276418,275.549832013391,270.602817326053,293.139062162043,245.139777374482,228.019291530064,373.465967688852,247.950956825026,265.118156043077,227.70180008122,280.00912022582,286.75966250294,197.209174638633,281.506546717663,184.029099208264,234.088352688361
964,964,9630,0,0,0,0,0,0,0,0,0,0,0,0,0,0,0,0,247.311088880542,280.35064208828,277.329498035274,241.186922428647,270.389442499956,264.431921324278,369.321043664464,200.348955036454,247.478119491726,280.289902408562,237.658624847399,220.423239391403,232.748753038528,250.158944712315,245.814680392007,270.106462172378
965,965,9640,0,0,0,0,0,0,0,0,0,0,0,0,0,0,0,0,237.12494069391,244.471260453309,275.902073702966,239.513875504714,275.638005428444,271.144237297712,361.056644686829,248.826454546068,267.97731226405,279.16312386574,228.862150656416,278.823189985692,192.930682847815,184.859541098746,244.68963006258,313.334578979773
966,966,9650,0,0,0,0,0,0,0,0,0,0,0,0,0,0,0,0,210.395793968099,251.678845842937,211.79851155963,200.178975068774,184.379583124107,272.708417292662,340.443185050518,216.197618409372,183.602698992176,258.618717726979,232.323599349281,277.793625561091,287.814500234638,260.388592474194,196.294326827222,242.308002398549
967,967,9660,0,0,0,0,0,0,0,0,0,0,0,0,0,0,0,0,308.283046180197,249.403041107859,288.896819313472,242.792422885585,244.120080072605,223.809600678103,335.17452600744,236.941136505861,228.486128712685,229.093434584104,281.638895430998,184.529932298318,304.350896660677,242.241548522792,269.085143352272,282.458892826301
968,968,9670,0,0,0,0,0,0,0,0,0,0,0,0,0,0,0,0,331.073794828395,275.46979690134,223.515955846357,204.810885312798,263.019582084641,205.734150062939,333.460479452874,214.50217731477,274.973334645893,238.984365627153,252.343405758826,244.346412764032,234.323474397675,206.8991099077,320.862782837737,249.594672865711
969,969,9680,0,0,0,0,0,0,0,0,0,0,0,0,0,0,0,0,266.550324076118,320.129352519482,155.582331204867,250.464065068095,208.615942288598,271.005968997096,338.924161093101,217.245462308859,254.546670128782,238.895733399686,226.253756378226,306.870851928366,280.926763741141,143.444649215483,238.607622041066,225.743944355922
970,970,9690,0,0,0,0,0,0,0,0,0,0,0,0,0,0,0,0,250.228289933338,181.76452735461,270.682690085244,257.627715903201,279.323900375651,312.962467348812,308.828111358031,226.888489915916,170.165732977365,237.907363524798,224.108699034016,289.431824759977,303.511810431868,249.650052326812,201.394433435564,266.725638711884
971,971,9700,0,0,10,0,0,0,0,0,0,0,0,0,0,0,0,0,296.110549370923,239.998617371017,291.628928352476,229.503873454866,222.204313318837,225.453527050461,314.905046671561,285.182334996155,219.788913499706,236.933701131622,248.083879729274,227.001617915179,281.406998772807,281.622611609478,254.155198102092,257.612191496573
972,972,9710,0,0,10,0,0,0,0,0,0,0,0,0,0,0,0,0,236.836719819177,291.0984922053,188.522560331842,182.297587635099,269.23607455301,267.994068324717,310.531164334491,279.241303141166,255.53526732124,271.436430143334,254.126927386971,204.823227139897,210.826219243913,208.014298050469,278.066622907378,281.727921125776
973,973,9720,0,0,10,0,0,0,0,0,0,0,0,0,0,0,0,0,222.787482128499,252.354361337529,283.387694914021,302.974280322848,231.315750939256,193.705368695857,320.38111422419,288.64039964895,237.737804267368,265.975052466673,325.999717315084,271.205434196774,266.482689461548,251.80064870505,247.343626964722,210.074508547634
974,974,9730,0,0,10,0,0,0,0,0,0,0,0,0,0,0,0,0,194.584741050334,186.296602569641,223.985905115496,256.040572857447,191.904944500444,253.970781847441,319.180567552019,219.594902777206,214.403302111028,223.375710528979,240.763012988171,229.796482995872,269.91676636227,232.721706272799,186.914396414373,228.121619223319
975,975,9740,0,0,10,0,0,0,0,0,0,0,0,0,0,0,0,0,274.691488019668,261.99417230188,234.369062173069,256.757734330249,285.959743847191,208.909207791987,309.803024843993,247.504792062922,230.776126695489,243.317165270457,296.549536976138,234.333224683118,249.990574138143,253.137756465113,246.968913087782,188.875490683066
976,976,9750,0,0,10,0,0,0,0,0,0,0,0,0,0,0,0,0,219.575034208287,282.337800309619,243.731607480112,281.174603977554,274.234121523805,309.224212418148,304.846706350831,238.851520044282,250.410580512459,198.090838072813,292.689236401673,234.27076203547,248.837898226112,214.313197622308,278.916656681576,242.982922343528
977,977,9760,0,0,10,0,0,0,0,0,0,0,0,0,0,0,0,0,247.020438052074,268.551570119862,179.799862462483,253.781385989395,198.823831214975,252.843367209207,317.048738566032,204.740990694,253.545130960159,268.349342207788,255.850673003544,255.488683836778,303.601046434709,183.678188439041,249.17694820656,224.842186949169
978,978,9770,0,0,10,0,0,0,0,0,0,0,0,0,0,0,0,0,314.80789841561,266.299825604589,249.524417296988,238.868530470861,234.60961333173,243.158029979515,340.386128316707,292.474461140784,260.640612079285,309.233902852098,272.54652057644,280.16884078483,198.206595018076,205.665292571254,280.705830393642,220.829824631355
979,979,9780,0,0,10,0,0,0,0,0,0,0,0,0,0,0,0,0,267.075589010177,216.047586420543,264.796805183145,217.105288161142,256.978153931108,226.812344833207,348.66743610245,216.358643584445,296.852127185327,181.878525008038,221.365398091512,317.561929081281,249.02629120594,232.112069504218,276.584428563707,314.234213542558
980,980,9790,0,0,10,0,0,0,0,0,0,0,0,0,0,0,0,0,257.667269000766,252.658996302439,249.75962804793,276.07558392865,249.819312369569,261.48712739937,343.011885524431,216.779996043254,282.892196210538,246.556656126118,209.786584252392,277.847456282031,222.412336385431,209.793925858073,237.582167512135,283.860928724347
981,981,9800,0,0,0,0,0,0,0,0,0,0,0,0,0,0,0,0,229.396941453808,272.465881403745,284.15299226274,305.293783188059,243.40038999999,253.515919162579,333.764194091502,295.187857295077,268.960550632012,307.045370954864,332.8882038824,224.257859060539,216.152554679448,239.45744970111,292.505357493595,266.123156645706
982,982,9810,0,0,0,0,0,0,0,0,0,0,0,0,0,0,0,0,345.612477924175,274.727024699491,287.216341861913,231.71246113293,202.972405129529,279.072037686565,394.948221295643,299.70668882515,294.638045845374,311.191381022167,256.720742463515,216.222987650354,267.271699341356,201.544535477402,197.831819401536,201.169854144377
983,983,9820,0,0,0,0,0,0,0,0,0,0,0,0,0,0,0,0,271.645798048461,202.662664995959,299.732642348762,229.803106803527,235.933156613857,304.544977778205,375.605438487223,232.906070741983,281.263325842721,276.210976374377,255.690606705366,187.707608885534,315.047394858234,234.748295283833,249.129251752419,278.373580858855
984,984,9830,0,0,0,0,0,0,0,0,0,0,0,0,0,0,0,0,317.510256537157,266.029455081667,281.074076497519,219.09171491015,226.791197495805,246.127694050642,357.247150987452,319.523578743833,270.956062969644,239.540401729896,196.065280398177,269.927870197075,258.856156036013,206.394090923517,278.560606599022,298.674786393528
985,985,9840,0,0,0,0,0,0,0,0,0,0,0,0,0,0,0,0,257.682836209171,218.091443392296,239.670273479937,264.179890522523,247.453614432079,270.94836949896,346.360071756392,289.897317186181,214.322523120872,298.280480474444,265.960243243588,303.208688051895,217.884999177853,210.077671299964,229.405288708213,274.641043052466
986,986,9850,0,0,0,0,0,0,0,0,0,0,0,0,0,0,0,0,346.752218441945,273.552596729164,228.942562062932,247.990395109044,289.242514908405,273.249250387973,334.712503079077,245.39654372093,194.421681939438,175.285363831619,281.253376827307,185.762375421507,241.964925066299,282.416760084618,278.416548748638,206.705459754015
987,987,9860,0,0,0,0,0,0,0,0,0,0,0,0,0,0,0,0,210.429477188959,227.422095761686,240.982522733809,198.63345330285,222.991376493558,211.487915640874,350.169906370357,260.022841143291,221.47133629658,296.355520724991,218.037588129365,245.691363014445,273.366741715635,256.296272613349,259.402895935434,297.015240368888
988,988,9870,0,0,0,0,0,0,0,0,0,0,0,0,0,0,0,0,241.386725469498,256.153259339318,246.790680985003,263.126199400856,197.802520745014,282.739892472723,348.089064597135,243.367942185573,275.939282234477,251.369294309157,273.924764139476,201.207796598429,224.317535476134,279.53642826378,196.363724913466,200.408930113691
989,989,9880,0,0,0,0,0,0,0,0,0,0,0,0,0,0,0,0,248.068043514465,218.873949969732,269.093693626822,235.326549207048,229.761182334955,236.267350189455,315.946202644843,266.36123097299,305.276370475021,204.536051366463,301.527583570183,277.772458627605,258.065724073154,292.173491543216,223.240040029049,281.360593005114
990,990,9890,0,0,0,0,0,0,0,0,0,0,0,0,0,0,0,0,240.972989286198,245.365369576522,281.797444786097,238.894892225328,251.96417857781,203.364838863952,313.225110844692,249.593927381578,240.720780415353,209.19575009135,232.410491150067,241.571130525564,278.963867103163,190.687481230123,254.130937784395,257.136703949734
991,991,9900,0,0,0,0,0,0,0,0,0,0,0,0,0,0,0,0,299.618001976098,252.825492046562,258.456852641711,197.359756085043,275.755921851748,240.971928442452,305.995700545436,304.679467633711,260.266797636596,257.301593450861,224.656882171636,177.22184743524,169.605581670273,299.196300990336,243.601985615071,237.914790087853
992,992,9910,0,0,0,0,0,0,0,0,0,0,0,0,0,0,0,0,187.599056506723,219.862060304503,278.471627321254,333.745809904079,269.059630057189,190.754524853965,282.468966800847,299.964045369199,196.200956511925,156.420426039141,293.481010733602,236.194620769765,206.436691073392,324.902903817659,224.314138501006,236.599693692704
993,993,9920,0,0,0,0,0,0,0,0,0,0,0,0,0,0,0,0,236.73915454612,263.259057871685,241.982192254263,248.84047026545,267.61041896723,250.456492060561,312.074601622386,232.233366722969,301.711896073118,264.690356550488,197.237462706953,287.067037626015,222.093190052587,146.94968045518,145.286485926434,260.91051328597
994,994,9930,0,0,0,0,0,0,0,0,0,0,0,0,0,0,0,0,254.359368003269,245.684205796159,222.08457391755,253.895315223142,268.142832550596,201.209082108318,299.187375681246,276.314476865753,274.704340442166,355.297986715979,275.814996507379,269.547748338552,248.651905440729,273.244942368934,285.839960390709,232.879996506762
995,995,9940,0,0,0,0,0,0,0,0,0,0,0,0,0,0,0,0,311.085525204836,244.787815663813,272.476828285429,231.258672333555,224.395640683923,182.988282308829,299.918344278802,297.24506781871,263.371295796236,192.871783059826,236.311045250925,184.784091926405,219.776179848,244.005916074669,211.322394943554,249.717778092944
996,996,9950,0,0,0,0,0,0,0,0,0,0,0,0,0,0,0,0,217.01872974168,242.613277914584,233.691243622884,206.494612613914,302.559234912678,295.92122207767,300.602465898984,231.354105681666,287.125880569807,176.155420000619,176.304137607539,258.141813672097,232.219592611814,314.294430297718,292.881782503635,272.210093118067
997,997,9960,0,0,0,0,0,0,0,0,0,0,0,0,0,0,0,0,239.159942748399,252.488109702669,251.922899769924,204.767323465146,252.791982557124,253.420079367356,313.080976230063,231.844576692574,249.268737843855,276.595575855024,235.491585147052,203.536245902695,319.762356506191,287.482887916449,240.799715141338,208.821200242358
998,998,9970,0,0,0,0,0,0,0,0,0,0,0,0,0,0,0,0,345.96096593914,256.553244308849,267.593837385353,224.969722644349,236.816101692836,241.924981748186,302.166787746963,236.299398987958,294.447802326717,260.584926329685,282.551792270571,243.030903495874,241.44207260694,254.309951656606,229.974369626078,286.375893251353
999,999,9980,0,0,0,0,0,0,0,0,0,0,0,0,0,0,0,0,170.955506074157,250.315305154251,160.959490200488,248.131538319647,380.415530526969,260.926197656028,275.159702694019,265.74129278291,220.170225942217,219.435924821407,208.508381217749,263.465197407689,247.070248665839,244.78207305998,227.222896119323,201.228542393551
1000,1000,9990,0,0,0,0,0,0,0,0,0,0,0,0,0,0,0,0,247.297002085658,268.715112357365,159.564536676215,254.676675717582,279.944744645979,218.572827049991,279.301459908765,243.136255942321,220.60439132942,272.41602419639,246.11726558427,222.915943794258,234.512972089666,258.751741871265,188.109347218568,223.90134611656
1001,1001,10000,0,0,0,0,0,0,0,0,0,0,0,0,0,0,0,0,226.20165868518,283.490404052041,189.132585125949,180.324696598394,201.138284598894,250.938033006756,271.320744162523,227.840430493331,296.519815349111,188.039600436871,240.439505716086,308.829426920864,317.578104410763,306.560836521355,305.148914898491,281.485433065821
1002,1002,10010,0,0,0,0,0,0,0,0,0,0,0,0,0,0,0,0,249.447115443125,190.665778673636,226.651475778409,225.6554372707,200.161261874542,245.683225485144,276.067435634022,252.083592770495,274.678389906181,250.030927573394,217.75724603731,233.152185234152,208.779597186781,253.899923178812,245.007454999268,229.189119442441
1003,1003,10020,0,0,0,0,0,0,0,0,0,0,0,0,0,0,0,0,269.07610815335,257.911726076396,223.733742570883,252.05622903153,222.380888335656,310.754386312297,264.979832595751,229.158086977032,281.665084552796,238.458017666548,274.757144774865,236.673476991033,225.317364527778,290.969247927997,197.051423360861,170.910512761681
1004,1004,10030,0,0,0,0,0,0,0,0,0,0,0,0,0,0,0,0,249.507278109132,328.775341068456,252.876355865029,246.076071751705,247.064293881371,200.540002928013,246.410843704842,241.739585348922,227.487564672311,233.640917997819,228.671381221833,272.978210376482,229.529284321841,185.15245545949,265.06941171943,273.200323356315
1005,1005,10040,0,0,0,0,0,0,0,0,0,0,0,0,0,0,0,0,249.608558600303,247.491465744407,209.282505780291,274.110693548073,293.431756180614,260.952037371762,274.037900299636,255.585660294366,260.123429786877,239.726811588872,293.029292526438,237.638161402443,229.375829292993,201.541026068311,207.065209237591,260.735047536436
1006,1006,10050,0,0,0,0,0,0,0,0,0,0,0,0,0,0,0,0,312.802075386327,229.660403918405,247.027818650116,255.036533917199,217.846637785007,201.148781180275,259.625168361183,363.444153488076,221.10581107105,257.144196345217,259.950376397739,207.110528013619,235.861968435006,250.24846490938,162.284461520291,227.363740180886
1007,1007,10060,0,0,0,0,0,0,0,0,0,0,0,0,0,0,0,0,223.626261529605,250.571205135704,262.315832462903,325.022090118145,218.717937509042,279.873778023556,273.541455026416,218.786715046634,201.571085507598,289.13413602648,184.533021212086,259.342300646489,298.186806497263,261.239551633788,265.437287618135,262.192089287503
1008,1008,10070,0,0,0,0,0,0,0,0,0,0,0,0,0,0,0,0,251.133256412588,278.453447654025,222.018916251982,183.308751181866,204.49481020936,244.461151366459,263.840946614383,310.208844822632,237.467714408146,297.849752649022,259.254722340303,254.918472504201,281.881468625405,235.477021223708,248.981145191129,217.767985713294
1009,1009,10080,0,0,0,0,0,0,0,0,0,0,0,0,0,0,0,0,204.473882467537,238.755413615354,244.056606444448,306.087363490072,204.832921884448,254.999062145267,273.894560075283,331.815521464866,202.390690605439,273.318731712168,212.695320022031,244.140138257693,271.488581031555,206.611303324665,235.037372340075,227.776764281487
1010,1010,10090,0,0,0,0,0,0,0,0,0,0,0,0,0,0,0,0,265.264624149033,224.069397996551,190.921847127839,254.666793462917,292.775050876187,208.644061431512,264.875943682294,224.902292131438,236.058092628245,246.784644616203,240.126961903488,269.377290091857,251.79816681637,234.018381912203,303.844443720404,174.100070395367
1011,1011,10100,0,0,0,0,0,0,0,0,0,0,0,0,0,0,0,0,212.741742396194,241.06051242955,276.253206134027,174.55593601799,301.502526234868,246.953568808592,254.270928303299,286.950397052049,246.733814535866,242.32344953584,260.682593381604,260.857545583197,285.723990323591,260.517576301958,229.563569206562,240.522710239712
1012,1012,10110,0,0,0,0,0,0,0,0,0,0,0,0,0,0,0,0,195.005882854382,198.244370847892,317.774249349575,262.760577375947,247.134985707235,319.901293360553,262.481171045068,332.987214461918,311.04657539553,270.971225949625,256.043193433037,221.601172803679,239.018666303358,227.259880966467,281.376696665533,289.14431164992
1013,1013,10120,0,0,0,0,0,0,0,0,0,0,0,0,0,0,0,0,245.069369941279,244.515254709955,232.192631000315,243.024772478733,220.007180907975,204.628330076011,259.286888231046,255.628543646829,320.72679291728,197.033269270605,262.59876114647,309.8887231468,268.790675164364,292.960538067722,286.867092856718,272.55381689033
1014,1014,10130,0,0,0,0,0,0,0,0,0,0,0,0,0,0,0,0,275.411162613023,221.293405086947,308.917364085523,288.973455474151,277.028388907936,298.666806981289,264.612177312272,259.344022130615,242.457911345445,248.196480933823,243.135892911648,259.505084956162,188.663368007603,337.662742706936,246.267755215149,299.068037641066
1015,1015,10140,0,0,0,0,0,0,0,0,0,0,0,0,0,0,0,0,241.376494344004,265.836813084865,253.125285853067,245.945604370159,272.311392212391,300.272458788823,221.36621896027,321.084371614785,198.047653748998,209.972206863715,221.274363845008,253.891798497408,292.776480143456,203.683542243883,302.17628258795,209.406094127911
1016,1016,10150,0,0,10,0,0,0,0,0,0,0,0,0,0,0,0,0,201.25256293381,212.602050536612,251.209776040639,296.964766788783,280.981780551091,243.185602378223,248.746549481835,276.739049554452,248.012065737156,264.693782179328,236.964724747023,247.893053362704,213.910714020018,194.922441412638,304.483266039166,308.313019025517
1017,1017,10160,0,0,10,0,0,0,0,0,0,0,0,0,0,0,0,0,282.730170363602,236.165948323574,296.414064768471,281.007694267875,292.94079719477,202.006937717388,247.974035617973,208.158745441958,312.565875844903,233.667089378382,227.204968355346,300.33858040197,245.445717439756,237.72070290094,210.75357748652,274.925439860219
1018,1018,10170,0,0,10,0,0,0,0,0,0,0,0,0,0,0,0,0,238.422002560685,222.415041552822,262.28028801698,245.666309805478,235.179863821941,264.555870995817,277.406917368236,190.929869982164,219.486086985756,294.688863089768,252.549549517186,201.468229695298,345.259617971622,263.380880691376,217.522646968273,177.264421858311
1019,1019,10180,0,0,10,0,0,0,0,0,0,0,0,0,0,0,0,0,264.518560580866,302.241608861228,262.546510469807,275.843243764404,282.44657661083,216.032312333353,266.526680153457,212.023522639584,253.156703886678,191.844672322455,253.713614684629,254.804075854407,284.206243862765,253.053626785511,263.585217668914,175.240682266214
1020,1020,10190,0,0,10,0,0,0,0,0,0,0,0,0,0,0,0,0,274.779267724246,272.43334418111,230.207079149559,295.572177528845,256.211886952857,298.662494478463,289.60921491256,282.911308636875,215.192547292972,255.699316324623,216.610251489457,266.413627443477,260.637805524961,225.004189736806,273.675519180806,218.543933663665
1021,1021,10200,0,0,10,0,0,0,0,0,0,0,0,0,0,0,0,0,268.886695630646,238.15632411331,265.58890182253,184.447727086169,231.454503227865,290.279137974233,295.814452752534,287.173473672674,241.493144484895,292.772243925749,206.406901507381,247.732272131518,224.753714283658,239.540356648366,178.582150918472,175.391269955459
1022,1022,10210,0,0,10,0,0,0,0,0,0,0,0,0,0,0,0,0,271.360750816218,207.111609071118,293.064122265397,276.390975003927,283.596824944415,320.876813193736,293.491369655829,276.310101269115,258.953975543154,322.065984520085,294.265122127999,251.990899749524,240.297418806613,265.2578590915,241.60738671318,282.608438996177
1023,1023,10220,0,0,10,0,0,0,0,0,0,0,0,0,0,0,0,0,228.396476039059,236.113840418141,240.521315784615,213.23646047296,315.563121028728,252.205994258918,311.223432269748,293.767551392166,266.194234100956,239.264333176179,261.504504447545,238.617411754073,305.787198141838,243.691964693025,223.289775357018,243.109911194906
1024,1024,10230,0,0,10,0,0,0,0,0,0,0,0,0,0,0,0,0,215.679672672196,224.971173574859,244.284310824775,219.673376258806,272.60655535958,286.434048599697,316.687967631833,280.077175563226,208.582221879164,283.089135118808,293.062672385153,252.140325845605,325.995677643093,259.764779884417,214.011199035319,255.340892913713
1025,1025,10240,0,0,10,0,0,0,0,0,0,0,0,0,0,0,0,0,221.825138389397,236.265346703888,205.907538292243,274.131408579195,272.056423943427,291.451987207757,323.010722394453,185.558770648938,286.970615686565,327.450219339762,244.049995796219,255.882690672785,242.740068839894,281.071142941158,266.128085517286,189.810625014313
1026,1026,10250,0,0,0,0,0,0,0,0,0,0,0,0,0,0,0,0,192.211988379162,271.129903509221,209.47765413798,312.844633609665,216.817996511804,204.345527170524,343.005532086022,189.761454246336,306.818022314922,278.691196629395,211.445094042059,330.565837237455,292.971887793619,159.720842979965,332.651866770816,195.368755544564
1027,1027,10260,0,0,0,0,0,0,0,0,0,0,0,0,0,0,0,0,284.849333910308,279.443404494235,246.039910375964,186.920529062502,220.678176313494,254.124384213799,339.94058361045,296.197396144551,212.763948485868,251.246664177428,284.074881678833,234.546915123201,262.305774577402,261.288775385908,200.113650777847,241.763950546755
1028,1028,10270,0,0,0,0,0,0,0,0,0,0,0,0,0,0,0,0,244.267179844904,247.681041435409,218.926828269424,262.215469801512,193.628977096101,285.941299171752,352.997347594572,256.800851527304,302.179902354066,287.273695069591,251.660124834442,238.436308353122,200.685088819687,272.13310171197,241.64095724158,232.079753985201
1029,1029,10280,0,0,0,0,0,0,0,0,0,0,0,0,0,0,0,0,213.620607188683,241.710296003726,285.257950856445,272.334315008053,200.51155524952,234.278029747576,339.866599346749,279.49272122395,233.461737216952,276.258211133214,265.487671599197,250.725712593241,309.534508846014,283.326289778835,217.280926967389,250.501413916792
1030,1030,10290,0,0,0,0,0,0,0,0,0,0,0,0,0,0,0,0,282.556281705639,280.630807603318,211.65065109633,214.473083592157,207.454203850162,228.368643086646,332.685241399949,298.689347738521,291.65209848104,314.525186605644,334.649401383684,259.911339877753,164.66272936822,297.554780695851,243.050617201811,244.0831387635
1031,1031,10300,0,0,0,0,0,0,0,0,0,0,0,0,0,0,0,0,247.101149553203,251.15413824196,278.815674735579,240.379467109384,280.397325232567,316.033442878493,339.5457147224,205.547611106059,230.983134243059,224.520133927078,188.095191773617,265.150148092372,181.285570259888,231.332427958822,210.158303957273,244.203023599234
1032,1032,10310,0,0,0,0,0,0,0,0,0,0,0,0,0,0,0,0,193.057655936044,274.830299845521,248.130533887911,273.982020651612,264.446219791132,317.561427116893,339.348616264549,196.097608759364,227.570379429129,278.980510265688,276.647743349576,290.011613280488,200.549549694407,221.254340104343,236.482233942195,211.684690002312
1033,1033,10320,0,0,0,0,0,0,0,0,0,0,0,0,0,0,0,0,175.36640225331,286.141769963075,194.568959308691,154.54549798851,253.601167020654,259.218848363599,315.704811091373,302.567549426364,244.187653833498,285.622627791738,281.396558977582,190.249897955315,217.758941210001,226.673785824127,184.61829700783,197.69894745896
1034,1034,10330,0,0,0,0,0,0,0,0,0,0,0,0,0,0,0,0,206.527960800881,275.577923838987,219.953854926306,231.447490008233,283.627342451856,257.858065106534,321.08450181149,260.43066144876,213.632139609651,221.910438764538,253.449144663993,280.278888894853,162.547019449213,244.857623981871,220.800597044409,204.073846595796
1035,1035,10340,0,0,0,0,0,0,0,0,0,0,0,0,0,0,0,0,263.707604931653,263.192775665323,192.379523426864,316.406988326737,244.66139667614,172.35004500646,322.995896947482,191.905213844236,265.868631373125,206.024296664857,236.653411117419,212.933216210366,263.397240222985,271.075005255267,270.656964466529,216.700516469315
1036,1036,10350,0,0,0,0,0,0,0,0,0,0,0,0,0,0,0,0,279.024557246156,259.853058014586,273.315489058445,294.652248624279,240.409199917622,304.221600388321,305.497900337877,279.138904448778,211.271144210305,192.885239071655,247.998022545221,263.678063559815,232.539036160392,291.574388144168,222.570814516991,252.315233597375
1037,1037,10360,0,0,0,0,0,0,0,0,0,0,0,0,0,0,0,0,231.69699329986,201.706569600737,259.983604920088,232.871045384689,300.251362023763,262.234687398999,310.3548067481,202.405906678117,191.52466490617,214.074000700021,198.313164460214,211.481257762801,216.331990379671,276.146710546935,261.495506725096,241.996594338962
1038,1038,10370,0,0,0,0,0,0,0,0,0,0,0,0,0,0,0,0,297.551274716485,318.624461037124,304.465374179042,281.127907161022,218.65882496849,267.390603628726,262.174218893337,204.630600886237,161.215371721729,216.358809758883,248.443103906732,271.334566989553,239.423392715222,262.041515482807,239.03782907648,242.537603670573
1039,1039,10380,0,0,0,0,0,0,0,0,0,0,0,0,0,0,0,0,241.322552738138,206.862213812887,245.94162265378,221.552516994004,213.364852104994,265.982769983945,295.274076988447,265.680783284416,254.743462765415,258.320221622643,293.730792219524,243.738356276284,256.174814812693,232.332173282508,310.552179137571,196.399990281325
1040,1040,10390,0,0,0,0,0,0,0,0,0,0,0,0,0,0,0,0,219.594997086935,261.130275822674,227.852905805664,254.474097515918,192.64954490851,236.445825663945,291.561287368529,268.428611479364,195.43747089503,249.984181704949,219.020694949378,288.370977847876,183.996379153177,259.532948795914,196.569631849064,327.392048233148
1041,1041,10400,0,0,10,0,0,0,0,0,0,0,0,0,0,0,0,0,249.200269182289,282.1269098981,215.109257457355,256.367937787748,218.950341542253,296.237919240577,270.688868347063,237.864781113434,292.455545940392,249.096443230426,256.685899034247,287.785613933749,246.752832976844,256.012750859637,207.269033241693,281.981290209362
1042,1042,10410,0,0,10,0,0,0,0,0,0,0,0,0,0,0,0,0,236.84612032356,305.774138258611,240.579655597906,239.44710445609,267.364182443047,245.141281749586,293.178045630277,246.394343718323,211.141050577719,303.658089950233,245.799599361123,309.557956254413,239.453926235,255.009478396659,206.448753688782,275.443866329446
1043,1043,10420,0,0,10,0,0,0,0,0,0,0,0,0,0,0,0,0,290.412286454643,264.439999109256,248.186039985943,230.630107350179,265.098589109494,213.032341865079,268.047042743265,274.844663994874,282.644860592364,205.570811614917,245.916169157305,241.583814234238,236.831533870759,214.887779016992,292.475514459921,254.046770075411
1044,1044,10430,0,0,10,0,0,0,0,0,0,0,0,0,0,0,0,0,263.27625181828,264.797223456229,209.890929112349,189.339254560934,271.266401641208,197.524436107136,281.249978329531,242.32313550223,281.238364851973,260.155044327729,226.184923078455,212.95412713953,227.074543986285,311.957813819337,266.874829076177,253.166129183879
1045,1045,10440,0,0,10,0,0,0,0,0,0,0,0,0,0,0,0,0,276.39853210223,320.277136800833,257.950526808021,247.184727600041,195.100837025851,376.589603151241,316.541376029691,216.201469981471,230.42323163395,215.905813294123,221.404971601025,196.10854649083,229.764456627296,239.294355418087,286.406124201364,277.354161237578
1046,1046,10450,0,0,10,0,0,0,0,0,0,0,0,0,0,0,0,0,227.572837323794,218.137137811939,200.273067590697,225.238853095736,263.763561461523,264.940416725294,290.845866271043,249.765479258604,264.065185370182,296.195393457431,263.067487091986,224.673954702038,288.260319220934,247.933798729717,304.89283034405,238.599900382849
1047,1047,10460,0,0,10,0,0,0,0,0,0,0,0,0,0,0,0,0,207.252133406237,242.561305319019,229.190581927653,303.233393046962,263.522943812159,188.563718737091,321.994286595509,275.005496215676,219.85908916347,297.321794135003,291.841965688894,231.94765216313,185.284482426406,272.983366283495,337.280037170631,210.651265723208
1048,1048,10470,0,0,10,0,0,0,0,0,0,0,0,0,0,0,0,0,249.528994273564,302.542891703544,239.874804684024,287.481006691589,232.158932997141,266.885857756623,330.558776169723,258.788441431159,292.533470427416,264.642952930406,277.926484714991,269.086567156573,186.238999659231,258.007068601854,243.510993619526,278.740836203586
1049,1049,10480,0,0,10,0,0,0,0,0,0,0,0,0,0,0,0,0,305.622193441747,237.742292998099,331.390163993568,222.597641930003,293.780246364139,239.730937213359,340.808855491605,223.228773112987,254.148238568312,274.759621156674,309.282138559039,281.116064410208,219.643327426292,228.141803684211,221.050779093923,235.231945478372
1050,1050,10490,0,0,10,0,0,0,0,0,0,0,0,0,0,0,0,0,283.715290071988,219.63153146463,213.051130584076,196.208566149902,314.807702283231,242.665890654963,332.181616125096,267.111453225478,264.533302472366,231.506114476259,267.924158888282,328.653033235312,263.909245888147,247.775633911657,271.882551824821,277.088593892957
1051,1051,10500,0,0,0,0,0,0,0,0,0,0,0,0,0,0,0,0,238.629663314875,223.579538265681,218.524437867178,223.796182970811,304.568702218277,225.990176965151,369.635698630205,259.100730643725,272.15512492731,189.923433661121,289.491288867921,241.465044068498,228.899956010814,222.739930473326,268.428893040228,247.380931269302
1052,1052,10510,0,0,0,0,0,0,0,0,0,0,0,0,0,0,0,0,268.147497353742,252.590602177047,282.896463301067,251.512014192013,264.686077864358,241.988825796377,369.839199563575,310.813345283021,283.331408706244,209.454537538986,235.524534257675,188.922519513062,252.95583874456,280.562302875118,276.564446416517,254.385055876579
1053,1053,10520,0,0,0,0,0,0,0,0,0,0,0,0,0,0,0,0,226.37222174994,257.06101636047,338.929395773853,252.741737131382,242.127321060609,185.078266982029,367.873024932547,312.708093898855,297.763383673772,272.952305600833,198.338999440211,254.933503894454,271.327316071743,266.374701623316,223.069795474942,286.898014275987
1054,1054,10530,0,0,0,0,0,0,0,0,0,0,0,0,0,0,0,0,295.786781208888,211.268021946038,247.057364467693,223.647530772374,221.037069625122,217.455785473858,355.479361217382,224.069169788465,223.309721286592,278.061282487361,270.553523964183,284.475597898771,223.367766678711,276.545433010933,235.170866476583,293.315536493963
1055,1055,10540,0,0,0,0,0,0,0,0,0,0,0,0,0,0,0,0,227.938908903413,288.794811997107,247.810230929825,255.922877196501,288.247636085516,256.423189689637,350.848428487605,178.849166417449,190.35863348562,245.914394015008,234.448249822158,275.682604574724,249.481199035814,290.503163080001,224.547492585328,260.031910091741
1056,1056,10550,0,0,0,0,0,0,0,0,0,0,0,0,0,0,0,0,263.408385567103,283.87141135788,302.433134018027,238.699247522313,241.496518055463,224.588638752877,346.078456738448,267.773249693198,276.170508092288,300.513803685943,271.02568823233,271.685322564028,282.021117510448,254.107209555595,245.816112818523,224.458716475408
1057,1057,10560,0,0,0,0,0,0,0,0,0,0,0,0,0,0,0,0,177.170344715695,296.674596355864,276.785294246243,300.799455317907,242.959391877734,275.580435517184,343.683304237794,219.009570867943,275.952534452419,257.374292748136,311.891667312129,257.940738107646,280.21802237116,279.433029652175,298.802602928867,255.094430858279
1058,1058,10570,0,0,0,0,0,0,0,0,0,0,0,0,0,0,0,0,193.878891774897,203.542111879559,257.195076243324,185.508478239299,258.799509772908,277.179524897735,348.94992031051,172.199428045953,278.213916561847,177.180457726115,274.319443869637,293.516200365233,249.003853032898,199.104593393444,285.173756205473,249.486676585666
1059,1059,10580,0,0,0,0,0,0,0,0,0,0,0,0,0,0,0,0,239.108049705535,313.601547422312,276.901478763664,249.657379620813,248.09909821015,287.256187031691,328.572703860362,283.572414901909,251.97856146728,255.106987612205,296.352777971683,230.703215115897,262.642204783166,282.203000562533,250.363319819052,250.839630874274
1060,1060,10590,0,0,0,0,0,0,0,0,0,0,0,0,0,0,0,0,208.607344033946,260.619768000975,207.250175143761,266.682240460212,169.974240825599,308.102415380212,329.444679620547,233.236233969625,189.213148589777,200.144208425967,168.604918298622,264.816045901901,224.374424370515,219.822751509723,304.344113438569,352.171265896604
1061,1061,10600,0,0,10,0,0,0,0,0,0,0,0,0,0,0,0,0,201.925604146467,227.125635407898,194.264297796678,236.371623972517,151.982024869135,278.018712520689,291.41166742818,260.98903953017,285.194747597713,258.389204243041,231.974546393709,244.622843737024,260.418206213113,177.650594125252,228.08227211832,263.448875181866
1062,1062,10610,0,0,10,0,0,0,0,0,0,0,0,0,0,0,0,0,296.284199199724,260.974233658,228.914673962191,213.971772102239,198.897196642851,222.949358280282,292.349364644552,290.660280947736,320.665660406101,226.161437182036,235.347208082565,199.958916355105,268.6737650068,258.307545815512,269.779286271184,251.163537632005
1063,1063,10620,0,0,10,0,0,0,0,0,0,0,0,0,0,0,0,0,237.086474799566,266.57004412626,267.099537902314,291.707863013765,254.253772476234,233.668735584492,319.965465802494,275.866170813517,249.99521952355,215.61058172493,249.054885511731,302.936673478281,239.530957323691,278.093309561298,200.785697770076,244.107352017267
1064,1064,10630,0,0,10,0,0,0,0,0,0,0,0,0,0,0,0,0,205.580409794997,151.535777048196,204.883854179103,250.881731315378,208.890838078932,301.867414400013,308.83304074498,224.041131751161,217.658194679479,314.152181366518,283.432468254855,226.771684412514,315.174557014169,292.269865819377,239.349320363343,274.771041575332
1065,1065,10640,0,0,10,0,0,0,0,0,0,0,0,0,0,0,0,0,280.289945044025,312.854245710497,183.998394777082,216.072017104979,255.834498980735,261.931345385382,317.026927925176,279.376296086786,211.660071177051,176.510583365775,280.301920642533,274.442975448379,228.425295349726,273.758329812942,274.218713089184,245.387790003555
1066,1066,10650,0,0,0,0,0,0,0,0,0,0,0,0,0,0,0,0,246.383242719197,218.02949057261,281.538064804224,216.732998157061,201.189379813251,199.399094253926,331.278954313109,247.338681095489,232.316651519811,284.191422954897,297.495184726292,277.673449989166,311.781678678552,210.04526094746,269.059762145117,331.338092113361
1067,1067,10660,0,0,0,0,0,0,0,0,0,0,0,0,0,0,0,0,238.548431501023,305.154615492186,207.469159066132,197.233399373697,255.824310790257,257.680616708145,354.939919323753,298.858199147176,237.739047766992,238.545899326551,200.921750402084,216.32753965862,263.434224309665,216.096183414345,231.57591342603,195.70640763395
1068,1068,10670,0,0,0,0,0,0,0,0,0,0,0,0,0,0,0,0,301.290948364793,213.267360487057,308.196627694924,295.874807780553,183.906391678534,258.816730346372,314.052185584279,236.018755561317,235.499998250184,210.49800133383,215.853409006536,273.185619563636,277.837096446882,249.946129732348,256.095544406166,193.131157331821
1069,1069,10680,0,0,0,0,0,0,0,0,0,0,0,0,0,0,0,0,269.000660767326,320.391086619596,214.496283735513,212.94566489004,195.38883788007,216.24677852576,350.953977218766,270.705462314223,197.791279014758,257.208200653123,227.489985240675,292.006888192308,199.40130769935,279.026357811406,201.589950213707,254.699143361583
1070,1070,10690,0,0,0,0,0,0,0,0,0,0,0,0,0,0,0,0,200.045554434495,259.273393056256,353.236836535686,266.393174474625,241.059731405662,187.600413179278,343.473719330146,246.815688817934,219.660294504409,299.219018596923,207.325590176034,226.84810160811,270.906529472083,276.050116174355,257.252053755392,254.336831342666
1071,1071,10700,0,0,10,0,0,0,0,0,0,0,0,0,0,0,0,0,293.208372145243,254.548033875848,226.159714152253,188.165164201009,324.452886200099,182.139441946096,332.351385905088,220.052302284187,299.328239019858,240.476766377033,298.670780564071,270.175780486491,282.312919577685,226.60041631583,248.901710728335,223.97593938023
1072,1072,10710,0,0,10,0,0,0,0,0,0,0,0,0,0,0,0,0,268.677909038683,201.386569727529,269.603661702883,177.841264825333,228.362500045797,228.10526434569,311.013040717243,313.90561493724,249.662038523204,218.931804128195,248.310958824094,256.202273565462,258.464261704356,204.249713516974,268.040953276995,252.619182478271
1073,1073,10720,0,0,10,0,0,0,0,0,0,0,0,0,0,0,0,0,231.758561712978,220.786204532843,288.359280014775,264.746025157644,198.543639689535,320.29934515295,306.748478648574,231.815392975327,224.336108495252,219.539858160896,324.061197748134,261.526024723404,236.167010329797,283.569967869166,251.423289875378,219.228716983037
1074,1074,10730,0,0,10,0,0,0,0,0,0,0,0,0,0,0,0,0,232.177212696919,311.734789414038,273.247172417808,258.32762909297,228.58968641461,170.000960112021,331.867573208444,249.23332062739,211.629374230895,238.280389471716,208.153867230141,227.532604986407,267.788827590625,257.496121108266,237.049635845745,281.694800539634
1075,1075,10740,0,0,10,0,0,0,0,0,0,0,0,0,0,0,0,0,282.27460765563,248.282391965628,202.857388527346,316.36547008188,269.531665657288,259.402107958754,316.340152872431,243.873808681504,198.857909081781,229.838735189174,316.080712638353,248.098370608569,223.869445157657,259.935305034583,232.14193659484,291.676292780597
1076,1076,10750,0,0,0,0,0,0,0,0,0,0,0,0,0,0,0,0,234.606248928954,271.702841143063,294.694858228834,315.189470502429,281.311449629064,221.381383215424,345.245155891224,227.756239272403,314.752938734415,236.093064040174,284.892652704679,253.292728556667,331.274319658419,253.796143658605,171.891466987946,244.484640214703
1077,1077,10760,0,0,0,0,0,0,0,0,0,0,0,0,0,0,0,0,160.644495888269,225.136656690251,265.877080718971,198.20960805452,210.629513537619,279.498759389239,349.49086171303,180.747184538812,300.593684447639,287.672399049756,255.901534605346,249.073674062041,241.404437880095,199.420710912208,276.855340533296,244.171478765008
1078,1078,10770,0,0,0,0,0,0,0,0,0,0,0,0,0,0,0,0,230.852299814002,288.996795041565,292.538582728388,321.392372759705,298.237155162008,285.951543489494,360.081069126778,270.483561906261,160.468545393978,277.943550429383,227.346658895615,204.374750776313,250.522195662245,206.218328325869,275.300562356506,251.426209313868
1079,1079,10780,0,0,0,0,0,0,0,0,0,0,0,0,0,0,0,0,204.088780317745,273.19187040203,265.736812153856,270.871835644605,327.538792836366,261.129193224282,332.379608894411,316.250923689833,246.004249835945,219.016563016194,242.588135274211,253.497937541494,218.14677398812,196.943357785722,237.971464394177,249.363720130016
1080,1080,10790,0,0,0,0,0,0,0,0,0,0,0,0,0,0,0,0,284.271701393658,316.972838426761,261.147785694556,222.275966457023,266.496191409842,212.218322712384,308.792530508482,292.924558838724,225.770864530233,284.380125142435,219.493204849401,237.260132663237,258.519440142564,234.602865425691,259.277774899011,233.650097415157
1081,1081,10800,0,0,0,0,0,0,0,0,0,0,0,0,0,0,0,0,246.945024124954,253.683089054498,259.686653083147,273.518294645152,258.652479218151,242.893666992072,330.821694992932,230.570643806085,204.527895544944,212.448340615304,286.432652231638,183.333375676294,264.35307385391,309.669852124812,262.512747803812,266.650532810528
1082,1082,10810,0,0,0,0,0,0,0,0,0,0,0,0,0,0,0,0,258.53610493185,196.059519051944,313.888245848184,303.930174634692,245.47365298471,249.095423085782,315.240197115671,233.779889332184,223.061197807388,222.357748528302,275.314002124628,253.037406996332,255.668872128313,250.418355211878,216.777354934892,342.134788889039
1083,1083,10820,0,0,0,0,0,0,0,0,0,0,0,0,0,0,0,0,327.102156824441,198.039961662426,200.003365442963,230.969314581194,257.402843622767,183.141745736138,330.404855370567,219.282468977898,239.251963532189,227.967230536181,216.365158440246,241.848480538882,195.869850401231,264.22697400752,299.446153741152,285.477411641886
1084,1084,10830,0,0,0,0,0,0,0,0,0,0,0,0,0,0,0,0,212.759757077349,271.728462749776,172.894386982337,279.486700102701,271.784007886234,328.402460530637,287.747175961516,269.716689327748,223.277130880728,241.27125287774,309.533683737709,193.234455306131,223.621902076082,266.6188624597,241.468490507215,234.889937229903
1085,1085,10840,0,0,0,0,0,0,0,0,0,0,0,0,0,0,0,0,242.674038848472,243.934721986449,295.880579076979,283.431694769293,326.949259873316,241.415397607543,309.87305957227,286.822097143859,266.256622039145,258.059160099313,211.456750205873,316.511872635211,296.722408456965,185.402779861479,230.299724133103,238.411850387155
1086,1086,10850,0,0,0,0,0,0,0,0,0,0,0,0,0,0,0,0,238.672733919439,259.108504823365,318.554193485107,205.304711248962,312.22243376761,195.752780853543,306.666881659015,279.445514864223,277.861601601606,263.754037677108,304.675640402375,213.220176547771,221.162880129937,265.041600282268,288.750371041221,259.78244624498
1087,1087,10860,0,0,0,0,0,0,0,0,0,0,0,0,0,0,0,0,263.463125443681,279.22278459279,235.112657481075,280.724365492757,242.449085087747,253.589938088812,279.314177270141,229.843343985923,252.700927744051,269.270561043837,247.663005940813,247.627877026529,232.083900234289,283.852750425203,242.813907664998,245.210979986741
1088,1088,10870,0,0,0,0,0,0,0,0,0,0,0,0,0,0,0,0,249.132233775704,212.970876593835,247.349778509098,235.904856064124,262.700777058363,299.652229100077,288.612478217574,216.974613592786,191.613964579529,170.013149842171,196.871972856413,281.131066871601,253.101524034866,242.487632013348,308.976657079423,315.090396740048
1089,1089,10880,0,0,0,0,0,0,0,0,0,0,0,0,0,0,0,0,298.070770059866,221.462033212859,226.420700968146,269.915049583505,194.992020969266,239.618322620178,281.934149884468,293.185441759569,249.299472161152,213.970445229715,218.274725290408,245.52905121772,257.683381531123,279.691784131506,265.163110043109,265.70838903624
1090,1090,10890,0,0,0,0,0,0,0,0,0,0,0,0,0,0,0,0,285.696200888329,303.053780694939,249.86276081659,266.205675094587,260.135222262644,245.258710469808,302.305532295752,247.051845360963,249.560787115356,294.908395519362,192.437789414457,245.724810333195,252.607512961352,246.532028449883,271.523443749798,279.582039770682
1091,1091,10900,0,0,10,0,0,0,0,0,0,0,0,0,0,0,0,0,224.791620636866,194.339446952913,264.716643760288,296.416495956783,261.398092509191,249.61121251062,267.071409519013,199.987297885642,307.718207763212,109.125402565596,289.474239652273,223.900272615299,183.671922029551,260.469881689944,282.177692614766,144.989280685602
1092,1092,10910,0,0,10,0,0,0,0,0,0,0,0,0,0,0,0,0,228.449409647364,276.887765637626,178.367914868994,302.053637547868,251.828065521041,276.107651610555,274.833545546773,301.854265414311,280.592674322183,263.865990156089,253.602517330713,300.045502634964,245.129039158757,237.240513557421,278.017214567208,251.066164449474
1093,1093,10920,0,0,10,0,0,0,0,0,0,0,0,0,0,0,0,0,167.77061401562,275.762576340578,243.368592724161,234.336980582605,249.253683989192,256.856833849241,290.308331436411,329.642461312712,162.62211118812,302.280005316696,259.412889568478,262.991460103167,262.039984974625,287.080055524775,310.350891340592,176.609398882584
1094,1094,10930,0,0,10,0,0,0,0,0,0,0,0,0,0,0,0,0,280.10978779207,227.020092916013,246.081848290784,293.12835450185,221.579314257101,248.021611990548,312.323458896273,281.756781670588,233.657611887595,206.780144654588,222.719091969918,270.991337579598,271.04070280821,223.324675360911,279.449358562712,273.556095385561
1095,1095,10940,0,0,10,0,0,0,0,0,0,0,0,0,0,0,0,0,250.81177415911,301.532994056565,229.440961411787,234.745992886283,324.241843588845,261.315703965512,285.536139885036,215.418215894441,240.631495640422,246.881257442048,307.557120541618,263.169107451766,307.116750962005,198.523242359126,191.904730797965,250.007099259453
1096,1096,10950,0,0,10,0,0,0,0,0,0,0,0,0,0,0,0,0,232.206724717355,288.424673022038,299.762774929733,249.473143535304,241.993126856191,300.504058768301,311.02180418189,286.719692617191,218.503404582401,217.172390895683,242.103777052724,288.191028785121,256.013062184902,254.944166954315,231.404515825877,273.503875879256
1097,1097,10960,0,0,10,0,0,0,0,0,0,0,0,0,0,0,0,0,254.06507608791,302.289082669305,271.813850464639,256.739355668845,298.449631007732,282.55149704576,319.858454241698,264.877163755809,222.686389680383,261.12662782599,283.997878095947,275.15365393039,242.113230977714,207.889126978643,247.58857664874,270.795226738319
1098,1098,10970,0,0,10,0,0,0,0,0,0,0,0,0,0,0,0,0,209.732235812332,277.283979981543,195.898638157274,248.191519812748,271.28821513789,245.48680881042,321.736231315797,251.305698218087,202.943591927472,270.319970777181,166.686475078882,166.949344196212,271.917961848383,237.301603618573,222.45703670905,226.873753510084
1099,1099,10980,0,0,10,0,0,0,0,0,0,0,0,0,0,0,0,0,217.229422164829,279.500602536987,258.637253088919,256.120090774988,278.730076989293,226.140217316881,310.666956372837,252.533433825783,154.373151312978,276.690020390741,246.813070740184,248.343121212989,226.458392238532,269.757443963515,281.14160593835,286.779317335803
1100,1100,10990,0,0,10,0,0,0,0,0,0,0,0,0,0,0,0,0,242.14614326369,241.003445583248,221.850227754781,208.107488029802,280.470300975116,248.129653796868,347.514206908948,264.313146794072,274.80163975579,258.261424674569,231.9469828037,238.024444370211,278.434337311951,243.678522125925,238.406746543301,257.898439271055
1101,1101,11000,0,0,0,0,0,0,0,0,0,0,0,0,0,0,0,0,247.407140257714,285.022786964002,264.286505252731,210.069765874408,208.546843210908,248.558678226595,342.296729329194,278.814384860051,270.1515364937,256.046671665233,304.899610398276,283.415871501736,232.664747968111,158.557883004103,313.383535570774,233.629292026077
1102,1102,11010,0,0,0,0,0,0,0,0,0,0,0,0,0,0,0,0,236.330383761215,270.023604392865,240.37244598969,281.777999103896,226.240778533867,251.259818798582,365.909604563612,302.111002180116,228.199577931559,222.829930337496,216.053916399563,284.91390180949,293.033250825598,244.824149308952,240.414253491529,213.836436908012
1103,1103,11020,0,0,0,0,0,0,0,0,0,0,0,0,0,0,0,0,266.140887771874,222.745615608156,198.741447895161,272.391382028536,311.221751848027,249.50685383171,372.778540531245,226.740437602601,238.47356058834,242.857769465034,242.740850031414,234.496846374806,222.526036336559,261.324815737053,289.065191962716,255.004436250783
1104,1104,11030,0,0,0,0,0,0,0,0,0,0,0,0,0,0,0,0,215.023214664554,250.274803687747,286.514622424211,254.589028658314,234.753045669037,249.257090925225,353.890571120357,221.887416764544,217.909832670053,312.912293379117,221.025286619596,258.453019708562,265.443303129011,271.874126876211,278.800231737301,272.354049941927
1105,1105,11040,0,0,0,0,0,0,0,0,0,0,0,0,0,0,0,0,327.748040288629,272.43450271996,246.80563682691,268.94979406409,211.3711935727,275.375159764172,348.189749360408,340.499456312278,229.263789495789,192.244013890662,184.478504785603,293.681398124514,234.945638394751,227.647263363648,282.848790319583,268.425352227678
1106,1106,11050,0,0,10,0,0,0,0,0,0,0,0,0,0,0,0,0,213.429363357825,277.900843117079,329.432411080542,238.488786453124,256.441648733345,295.445182793961,340.23270315274,250.410794233449,301.446147300106,243.445105509391,299.517159448906,324.498764007624,271.356245056872,315.024018252173,214.132693289905,260.933795061541
1107,1107,11060,0,0,10,0,0,0,0,0,0,0,0,0,0,0,0,0,283.449394782065,245.180940648028,289.232817207098,276.614460369738,264.012897923509,334.20273845045,325.99339715369,292.208810134895,210.98119955339,261.62257920035,220.474391852337,211.844275218499,205.956410891456,235.318345812413,248.235045063073,283.489861955853
1108,1108,11070,0,0,10,0,0,0,0,0,0,0,0,0,0,0,0,0,275.251938336659,179.430924855532,250.821285468751,286.25185392611,247.998579943034,235.84910207966,310.073836388506,262.085323236255,235.18821378859,236.804205125011,212.481964159177,228.444222137891,211.585775987326,295.457442519009,223.843660055804,239.886084679768
1109,1109,11080,0,0,10,0,0,0,0,0,0,0,0,0,0,0,0,0,212.109087087085,238.156046553028,292.77352337504,206.395301355622,280.249313187302,251.060695407319,353.742267910939,247.140506732807,248.008801454827,157.860214438847,267.800210690556,224.667538618859,249.093858247319,228.158062305504,249.107057624833,231.893570946191
1110,1110,11090,0,0,10,0,0,0,0,0,0,0,0,0,0,0,0,0,219.469199685807,195.920283249528,170.306857713137,238.47258252692,280.020782903806,322.57092464992,328.611736080622,247.107295599477,219.371851055991,307.269522675866,268.926184301212,265.500724615067,268.476805564618,200.571700783948,286.59107600039,197.86775614531
1111,1111,11100,0,0,0,0,0,0,0,0,0,0,0,0,0,0,0,0,209.02336005897,232.151348301579,248.996246809001,284.035380923209,253.077328913349,234.708273010717,326.375655788375,206.421995370719,248.672685039445,230.723848980199,242.128920407572,220.258394152423,176.447638924431,298.230450622286,290.249999899002,232.291517852869
1112,1112,11110,0,0,0,0,0,0,0,0,0,0,0,0,0,0,0,0,212.238775255821,243.365470891986,241.726813246832,280.712673096465,202.861502366449,233.043996832263,325.223230312467,206.552225831929,217.37631384483,204.724762382596,263.596655834632,198.075658747026,214.311031198833,206.157656600874,281.542285164899,274.472729860942
1113,1113,11120,0,0,0,0,0,0,0,0,0,0,0,0,0,0,0,0,310.937423085192,233.097620879236,226.894051843549,197.308384184406,223.832688645924,280.930872171941,331.132526973838,270.591013551678,210.150235843971,296.124393361057,292.139475826953,207.01820558478,244.440886685134,315.160025919963,256.564345054393,252.074462100824
1114,1114,11130,0,0,0,0,0,0,0,0,0,0,0,0,0,0,0,0,289.675106349283,234.913981375773,246.954864886004,258.054796719672,213.844677259181,287.150490703519,357.88605742927,308.223907311626,260.411667231638,264.646469319735,219.046844492054,271.447764221377,236.220496868754,237.409655179962,277.595120423735,179.6993163519
1115,1115,11140,0,0,0,0,0,0,0,0,0,0,0,0,0,0,0,0,280.76548449428,293.673630986758,294.083970167307,280.83302540492,217.598234721821,275.583575730579,331.264952314401,183.494833260005,311.004420228946,274.684987976452,306.373356055531,238.893356098834,190.17717777928,332.06349047806,248.745043862004,269.047792423506
1116,1116,11150,0,0,0,0,0,0,0,0,0,0,0,0,0,0,0,0,233.546675813535,227.639502927643,263.848697361986,269.39294553961,211.970085098111,264.519585239491,331.007891580769,197.522344728489,210.434722573655,187.31307322462,227.467699872432,223.902900043657,205.570348206051,300.5017179413,244.102546091282,207.885250117111
1117,1117,11160,0,0,0,0,0,0,0,0,0,0,0,0,0,0,0,0,238.060723737729,292.701966660809,243.096639215669,257.817678842965,271.501013622655,265.633866594129,310.442933269788,259.863399118348,217.756066658646,253.492068574639,226.159212916571,253.496713584883,244.551736593192,237.220932812125,238.383896394912,196.728752894693
1118,1118,11170,0,0,0,0,0,0,0,0,0,0,0,0,0,0,0,0,247.019225134702,226.861182085868,154.878306399901,301.204799546956,303.064052398082,264.357239993486,328.097941931597,262.38289538537,206.793370979221,207.84263434667,217.65583059652,245.97938337251,236.710505854633,270.556384240981,291.571084161805,189.161292840923
1119,1119,11180,0,0,0,0,0,0,0,0,0,0,0,0,0,0,0,0,293.465470716675,207.729202833891,276.188441344706,238.087412646694,279.67589052834,182.793575885952,318.761595112693,278.838600877633,226.991197272848,242.859709626815,229.426261044616,303.966287107322,285.673232334342,190.436783579399,209.991981803476,236.153533299505
1120,1120,11190,0,0,0,0,0,0,0,0,0,0,0,0,0,0,0,0,223.040239270751,246.994537314012,234.316319257277,207.21070980275,305.906475058937,223.627344694936,311.85047333237,165.922874841189,231.930564131984,255.401587218675,203.232909109271,309.875659912151,186.477777708742,244.182816891855,215.922170111898,198.18748111318
1121,1121,11200,0,0,10,0,0,0,0,0,0,0,0,0,0,0,0,0,254.367661913705,227.482387658046,273.139588876476,211.138861305752,269.312328261356,298.203251181292,306.392919515144,244.365179645575,208.84159806822,218.992644360283,222.209053692435,246.711833772219,206.036924719956,284.514897278383,245.770094856649,195.01001818561
1122,1122,11210,0,0,10,0,0,0,0,0,0,0,0,0,0,0,0,0,205.94602522408,292.502298075201,263.328894873443,277.218386540188,235.09731706165,246.282733483427,271.27488307723,243.429666386589,261.524443074021,187.340397368489,285.709324012184,231.832235830117,276.754534487819,235.685241078983,328.397186834337,279.703241839523
1123,1123,11220,0,0,10,0,0,0,0,0,0,0,0,0,0,0,0,0,179.571103032873,213.591037584111,269.941606169249,346.197211850408,280.058179690178,211.415952279078,281.445597731977,279.202799767449,278.16840672064,204.491219621892,242.468912091238,334.564117338696,293.796587104914,218.981929851998,255.804490793429,247.613187284035
1124,1124,11230,0,0,10,0,0,0,0,0,0,0,0,0,0,0,0,0,310.034929449244,162.271582283777,260.932864892528,238.824797317406,256.426149104623,211.378852341316,292.472146544936,247.611879244427,311.249584504018,234.006285393078,238.455846187219,229.918140332286,266.696411801628,143.743298541301,230.117425513884,343.861187933181
1125,1125,11240,0,0,10,0,0,0,0,0,0,0,0,0,0,0,0,0,301.402040339572,289.973651114767,248.580817579991,235.634948179706,209.413348908119,286.027760778555,314.971856289874,248.823474350189,237.137854539466,263.700493074869,231.914808978485,254.829341935509,270.373975954639,222.984114939838,251.574283027466,281.676404528486
1126,1126,11250,0,0,0,0,0,0,0,0,0,0,0,0,0,0,0,0,256.698196068197,212.393433778501,185.808425908867,194.038532679113,243.443907575498,327.416254105525,294.701408470553,203.872038612689,286.100544315093,266.654062646142,224.194220235231,216.735930255816,243.28657571772,251.959145922318,279.059459879081,260.296273950852
1127,1127,11260,0,0,0,0,0,0,0,0,0,0,0,0,0,0,0,0,294.077449345392,270.865651315171,237.664416877031,264.033657261404,255.928914803648,269.927999916093,335.68565322446,306.69460826272,242.153857449614,292.915334931486,217.100485571949,260.454398124882,256.188470795551,277.68377322378,232.762334942284,246.142863639061
1128,1128,11270,0,0,0,0,0,0,0,0,0,0,0,0,0,0,0,0,262.694549651768,293.499873948247,257.080804371383,280.323752984655,320.54283465508,272.888083339665,346.635822221126,184.095837752159,200.568276948968,264.81842183041,262.45753417952,254.076646856604,242.685597002605,276.960727300938,220.809768240123,330.023571511846
1129,1129,11280,0,0,0,0,0,0,0,0,0,0,0,0,0,0,0,0,215.513320590945,294.530838495909,199.143721478418,242.166943069438,250.170515360005,296.255481284724,335.988676988066,228.482505090725,269.410852734945,230.615017576006,236.308193860148,234.290918404857,254.138489980178,270.309276470227,154.87657803453,263.18445133435
1130,1130,11290,0,0,0,0,0,0,0,0,0,0,0,0,0,0,0,0,226.802196305132,248.011568421671,266.234223676465,225.203400867111,244.872195711091,216.289719599124,324.617696777727,270.797885212722,248.247130110912,134.882370529821,233.420048331924,208.757710837283,214.422208147358,266.728429273398,228.859739962898,193.656333934322
1131,1131,11300,0,0,10,0,0,0,0,0,0,0,0,0,0,0,0,0,281.38820765481,252.721485468137,269.320186250435,231.320826314699,267.922593523225,285.688954423641,309.650550129627,236.369115453278,226.840668680148,250.710712744275,233.873397082329,223.657800226912,262.492433490682,245.529143279016,309.556248736253,336.856990150124
1132,1132,11310,0,0,10,0,0,0,0,0,0,0,0,0,0,0,0,0,286.704197393826,268.890845232802,296.360237026403,211.435280011026,268.557853331201,201.280653905497,294.278557005145,256.466164306993,271.99288245079,216.059631370687,250.870878691121,248.623571974673,281.226597411842,268.474455241609,232.305697855059,236.537488568968
1133,1133,11320,0,0,10,0,0,0,0,0,0,0,0,0,0,0,0,0,298.2613715877,267.422407605367,275.230671124748,204.254143307421,266.797222540345,314.009818916855,305.998136699122,258.268758800939,245.515949208813,277.121485215054,259.568770001058,212.750742678605,270.666777998697,238.183643100406,225.139930105716,233.145974772152
1134,1134,11330,0,0,10,0,0,0,0,0,0,0,0,0,0,0,0,0,237.542707622073,325.142923232033,230.122762520958,267.174437109762,264.1347876232,231.080616194132,325.770183727593,242.6284389319,241.72214587382,199.622453248197,256.529405561377,232.451688123364,253.736133773956,229.735228405618,248.349216398986,239.557794821641
1135,1135,11340,0,0,10,0,0,0,0,0,0,0,0,0,0,0,0,0,202.112073105534,286.8115877615,289.584045706026,216.444125774609,242.489236751048,248.525164618159,324.681441337128,265.148918915529,275.225087429307,189.437054599819,235.375199391788,206.645766167688,261.654049426279,271.443605594137,269.549529997193,230.164208442281
1136,1136,11350,0,0,10,0,0,0,0,0,0,0,0,0,0,0,0,0,188.411994456039,199.627828139734,269.891255466113,291.46628668889,260.540323959438,188.030545441806,317.940802097023,293.72269943182,227.551040846223,190.543255765781,208.788239980575,210.870248094044,230.278698484063,262.417206484679,191.289210190964,243.936515729174
1137,1137,11360,0,0,10,0,0,0,0,0,0,0,0,0,0,0,0,0,238.454437322002,272.503182124826,221.662175368398,177.074313602662,256.212639661187,280.41395167442,328.141597583362,254.484805330573,211.261771785728,269.683224224188,268.352330947297,286.646861695306,288.924291936516,240.245610469438,297.17592338894,244.963249245713
1138,1138,11370,0,0,10,0,0,0,0,0,0,0,0,0,0,0,0,0,258.276243273678,261.629543958595,235.64841920037,267.131109368848,198.926916273073,186.871956657251,367.994911317722,294.32549092164,238.566418152945,197.789725181214,255.843876130278,238.006276316319,300.776329501075,264.04359843656,208.78676283535,230.973298006151
1139,1139,11380,0,0,10,0,0,0,0,0,0,0,0,0,0,0,0,0,210.455760687446,287.402079517051,290.473899808046,299.511777183022,277.428377835632,229.654875841566,332.416754062723,222.68929704497,257.497075843876,166.630466692443,252.398112886541,314.779286909875,294.342415414166,302.473955351527,271.391511526121,266.853421957099
1140,1140,11390,0,0,10,0,0,0,0,0,0,0,0,0,0,0,0,0,250.304470957159,243.14046155374,268.570574343101,246.219447843934,235.339465410871,258.690269893717,357.109490937134,300.377562023192,287.840313550122,254.220480701256,248.899563488332,198.058219537737,290.432773482618,199.129410681037,255.880605746321,274.513800906265
1141,1141,11400,0,0,10,0,0,0,0,0,0,0,0,0,0,0,0,0,243.647135137112,150.575114592563,271.142527865558,232.627517378614,256.230715662942,205.343884910941,334.818032328124,238.946374857432,201.002595698886,239.096937330592,264.039562662191,168.416675647842,315.707983068286,174.015584983182,281.987208297478,210.159800039385
1142,1142,11410,0,0,10,0,0,0,0,0,0,0,0,0,0,0,0,0,223.579071601542,267.96057611307,224.598396389145,267.176582028474,299.143799253909,211.981194636505,384.374405830225,288.863421057358,283.699812309887,221.947657257741,225.830500106175,200.70048716135,245.240039662627,244.287414824737,190.916491511412,280.339036189517
1143,1143,11420,0,0,10,0,0,0,0,0,0,0,0,0,0,0,0,0,292.233207248627,223.054857175411,333.955015016774,241.906088993319,199.038345271282,283.024625007518,373.62869548438,294.044241553629,248.898561181895,260.289247605631,287.294143856944,289.563863061,228.873628986904,218.504773843454,182.072087869566,232.508504060244
1144,1144,11430,0,0,10,0,0,0,0,0,0,0,0,0,0,0,0,0,335.446750733774,204.449514848962,272.958833556922,243.82105146397,272.371063778308,180.355896090748,362.432075695309,222.788616088421,221.64589269582,202.882523380281,244.976746726357,219.993280967606,253.20884769443,277.068866410217,294.316559919975,261.659076897405
1145,1145,11440,0,0,10,0,0,0,0,0,0,0,0,0,0,0,0,0,276.9514093626,248.649459094264,227.447350674049,270.074760452478,280.082895378765,270.621163111393,379.090836131215,243.498840886245,271.143220184113,266.622591322985,298.876644323664,204.525849325318,318.308188954477,218.999540940086,248.363601083894,258.528916805787
1146,1146,11450,0,0,10,0,0,0,0,0,0,0,0,0,0,0,0,0,308.432698349961,187.68362162237,219.717946585153,214.058168323529,257.387937515645,312.427838734601,395.439701616442,313.161176158532,203.529512397232,264.1757526275,232.995004301185,228.546570504785,247.791145325852,272.347441481583,273.789745155359,211.558716767567
1147,1147,11460,0,0,10,0,0,0,0,0,0,0,0,0,0,0,0,0,237.487187608009,279.347728694806,286.303702244123,290.554292086089,216.076551290246,368.353563387889,397.716055928308,296.048817323351,329.224236648018,223.619280272718,267.62581058945,210.735053352785,208.905008122832,224.045146911621,258.971340302142,249.620424273513
1148,1148,11470,0,0,10,0,0,0,0,0,0,0,0,0,0,0,0,0,262.553090690675,157.188579867023,212.609415985051,246.697024692928,249.56660829697,227.568412110092,393.353944313717,269.03425272843,271.98463282248,291.498455293715,182.782511964587,249.032598613007,200.666746302276,261.398717719536,268.992357084201,277.146629766302
1149,1149,11480,0,0,10,0,0,0,0,0,0,0,0,0,0,0,0,0,225.925479775797,205.765739216455,238.054170225296,248.57775200363,206.544345091285,244.976074951088,369.546730963483,245.530165337274,260.31766590508,264.752767212481,296.516997656002,191.326356342249,234.279037764649,265.601404480958,243.008211990386,224.340128165038
1150,1150,11490,0,0,10,0,0,0,0,0,0,0,0,0,0,0,0,0,214.761705281481,210.263047622897,228.403139946327,188.32833321723,233.968554123419,233.997797198125,393.049806056163,215.611511776966,330.674284094752,277.529387196349,259.848276639535,235.240613870884,208.210512885463,287.738468836809,231.195455066163,277.349140310847
1151,1151,11500,0,0,10,0,0,0,0,0,0,0,0,0,0,0,0,0,224.581116798281,224.658173870775,272.392173444399,199.97599161468,235.119339081678,255.531360160436,387.233742641554,261.144048835814,239.576222945894,287.982170501443,236.009433855532,251.476305788846,276.36857951673,296.585748603199,218.842244140757,244.029160792983
1152,1152,11510,0,0,10,0,0,0,0,0,0,0,0,0,0,0,0,0,234.086210572604,193.527610140907,263.172916286788,282.248248044382,249.863319016001,226.955132094,391.606960884258,266.522826401856,195.540961443786,251.080979771034,255.621033595404,208.950689115347,232.229889298634,220.888006019802,271.439459616406,241.857336320917
1153,1153,11520,0,0,10,0,0,0,0,0,0,0,0,0,0,0,0,0,303.838656027058,251.665524238894,211.146771020126,294.451295163049,310.080422026184,262.397309140767,404.512656079609,240.127372483829,254.696781092053,234.110959429892,201.099016460404,228.507636351979,237.189487014269,204.200662185254,243.854488112107,205.259788096488
1154,1154,11530,0,0,10,0,0,0,0,0,0,0,0,0,0,0,0,0,210.271760984859,268.149241162795,298.277392956008,245.372661376691,259.319082947083,291.456784636246,399.303237673197,306.750949071511,282.345508922748,263.085300750179,256.512164857605,294.228035087216,275.956422009917,271.239229234344,262.071726335093,270.608059965722
1155,1155,11540,0,0,10,0,0,0,0,0,0,0,0,0,0,0,0,0,224.950114297812,242.600642193158,186.020374551039,288.201738486316,236.967678800808,236.895369085709,400.460678600991,219.653310319187,224.582523683433,295.466789414075,273.530762068899,213.850338166864,316.38922357602,298.009248479947,202.580247161951,218.641571910317
1156,1156,11550,0,0,10,0,0,0,0,0,0,0,0,0,0,0,0,0,248.049994924479,240.261023450109,174.624306044457,182.944915652464,169.439603339604,259.809626599667,386.558047731909,256.688230711696,307.085971586873,225.633799357603,255.032268187491,241.411119724532,265.3455026088,262.297238550133,249.281478143345,205.247399046206
1157,1157,11560,0,0,10,0,0,0,0,0,0,0,0,0,0,0,0,0,262.446697359234,245.463144101526,229.403099866738,232.29459175116,240.431108312019,239.239383518582,418.863743917268,223.246405177666,306.630801226018,241.327629067322,282.750277171394,208.794137448819,227.509953043153,281.469324824597,275.202502962917,273.236981543765
1158,1158,11570,0,0,10,0,0,0,0,0,0,0,0,0,0,0,0,0,181.958747752749,215.072688837603,252.408385205364,239.948890824503,237.623949602881,260.226353242668,414.982763832456,248.825632982729,344.916832958976,260.53814273389,309.461405444995,228.860310834791,275.021908055829,240.959831776012,236.051362489183,255.095493818351
1159,1159,11580,0,0,10,0,0,0,0,0,0,0,0,0,0,0,0,0,233.178326239178,309.928431014292,223.934842810986,245.364635491748,243.274635213715,278.050404045053,410.595697318376,235.713453203156,232.555441520106,224.696778924799,216.51075377189,237.190442823672,248.392900965512,279.167424150222,236.686235395608,241.485557152076
1160,1160,11590,0,0,10,0,0,0,0,0,0,0,0,0,0,0,0,0,270.230606808736,210.720775673647,160.660113641693,216.583971819729,197.829747170925,269.288725221745,420.853676153435,187.039666469172,198.401562427627,141.485928085867,235.023306298602,281.051223724376,215.860128332795,270.732019491645,241.961767535677,251.49085653583
1161,1161,11600,0,0,10,0,0,0,0,0,0,0,0,0,0,0,0,0,312.137113588456,245.604634913318,283.771162707417,263.216779058232,260.030313725576,276.694241943017,421.354663064059,222.18566775831,198.676302860997,201.941064822584,198.526923034311,273.112397713934,265.998928966547,264.360076482744,198.785918861983,244.75165254267
1162,1162,11610,0,0,10,0,0,0,0,0,0,0,0,0,0,0,0,0,255.400089306081,283.714821802135,207.870128791474,249.903419370037,310.649182263902,251.391940759865,395.724749387543,277.523819529958,271.19606462048,264.742933391151,251.185081586898,237.030244321922,266.438834899174,281.093934921377,286.988434715407,231.29607650169
1163,1163,11620,0,0,10,0,0,0,0,0,0,0,0,0,0,0,0,0,272.53532090399,243.695000818596,215.827383586365,227.280726336832,223.572747502182,251.371057625686,418.051397770079,264.136148057419,200.646823476066,352.718627606711,295.415346945195,258.972430127458,216.064529098323,192.722496470113,187.775119225367,287.343723479367
1164,1164,11630,0,0,10,0,0,0,0,0,0,0,0,0,0,0,0,0,333.573483125017,289.925288971256,243.111341762523,212.498778676474,266.045794887606,250.772389562429,428.495425450996,275.146764505261,229.805643725451,257.78759503807,213.541011300846,267.930259265828,211.822686904959,264.591628279765,330.1028104306,252.863247086378
1165,1165,11640,0,0,10,0,0,0,0,0,0,0,0,0,0,0,0,0,257.98294096973,290.497151029009,237.104101451238,291.239463410231,255.596302902646,282.105086278486,414.411998851472,285.016819471971,263.228646958632,277.07531918119,293.53587505208,287.20782401461,201.771607508432,206.095498314009,259.395488803395,225.230768280606
1166,1166,11650,0,0,0,0,0,0,0,0,0,0,0,0,0,0,0,0,152.120700504614,233.114486159736,270.178042678764,207.844923334298,277.564088091375,233.867914461683,411.501786150419,259.653981000983,229.406144877404,274.708040955732,184.196773879412,270.613503257209,332.112730161654,228.191490968056,252.984097490318,247.40294320596
1167,1167,11660,0,0,0,0,0,0,0,0,0,0,0,0,0,0,0,0,283.479982722609,186.450206081385,221.740732492924,247.935148880712,283.213058803336,237.711430458838,389.409801702817,284.680560663485,213.470696306347,274.262041868777,210.34742199481,210.086827617495,258.130453299069,208.95295049152,306.972481386725,234.884307738999
1168,1168,11670,0,0,0,0,0,0,0,0,0,0,0,0,0,0,0,0,259.011660367508,223.883354557436,273.289237572453,206.273743543056,276.549562512705,179.699162402815,407.819401011648,278.10306743206,209.889922827074,226.083077532784,207.959593182773,203.370866576881,354.845368017243,252.619939845925,251.861624902918,255.420844038481
1169,1169,11680,0,0,0,0,0,0,0,0,0,0,0,0,0,0,0,0,262.99823968474,216.805893993824,231.871775941602,241.126022946036,204.018496497613,217.732407039417,396.915182841413,308.103746876114,266.336735150692,240.281539079602,255.294989163989,324.584165386036,266.856267300944,205.239548749411,243.014881575823,251.44468232065
1170,1170,11690,0,0,0,0,0,0,0,0,0,0,0,0,0,0,0,0,197.913252135551,242.804382847475,224.471543772663,276.77149010988,227.192522438391,223.470014551734,378.740901810723,259.444458799253,298.926603406497,317.842207888498,294.371377679196,242.740853833155,228.709799527013,291.21733207589,260.180791624704,274.168000006775
1171,1171,11700,0,0,10,0,0,0,0,0,0,0,0,0,0,0,0,0,255.919919798862,265.659997168785,264.236562658977,257.917097984631,252.55279098535,274.64787060259,364.30239851692,181.722882874625,228.061832315996,242.906898052027,267.705088709968,226.596192385247,212.372198080276,234.282664623844,243.540577102099,315.78556158341
1172,1172,11710,0,0,10,0,0,0,0,0,0,0,0,0,0,0,0,0,282.635028938419,240.803779552757,217.072436632272,281.45517895724,211.446446461749,231.69704842361,373.924082288111,298.150896600326,244.873364567964,268.979282307582,268.669310118643,256.629439431548,181.198564102234,194.690347794543,242.116489834301,215.452535976527
1173,1173,11720,0,0,10,0,0,0,0,0,0,0,0,0,0,0,0,0,219.129470230621,271.857032652174,241.150166192847,237.542868777077,257.525143412659,293.202383748357,363.190366381971,210.606970160406,242.629827804445,250.250325402295,211.296195025686,266.082137046779,270.962325391958,179.951313482146,240.039447000422,244.127922201864
1174,1174,11730,0,0,10,0,0,0,0,0,0,0,0,0,0,0,0,0,269.023894578777,262.400686817883,291.155246252383,278.541371708192,225.623103985934,184.302949021384,369.451023372003,284.649496208433,238.170418792071,252.640502658311,183.731746588926,247.463843369612,233.195036369435,218.139106364396,290.246562343675,225.739810271846
1175,1175,11740,0,0,10,0,0,0,0,0,0,0,0,0,0,0,0,0,208.102583592096,263.918254769823,199.194479971722,289.03622822227,286.382550385576,208.152545434483,363.370718215411,242.893050333118,248.409254175834,248.112427069281,247.645307226619,240.92197456155,238.186001921237,268.381270037302,206.371318224019,204.560263347397
1176,1176,11750,0,0,0,0,0,0,0,0,0,0,0,0,0,0,0,0,312.84028048305,243.124404207318,251.231493443752,245.146436528119,259.90914252249,277.345448838954,386.089840199545,310.340325190532,296.756680953986,228.123752224246,261.406204715847,240.705182890401,205.70005587029,260.131753781171,209.836950505844,236.497456211958
1177,1177,11760,0,0,0,0,0,0,0,0,0,0,0,0,0,0,0,0,258.753207093772,283.354350853688,269.927139119396,289.673432637668,271.90389158063,233.737861853967,404.897030296394,280.612717436855,246.547109742873,254.838355740311,211.208638193471,292.246701775104,258.509027395135,267.827267103213,282.833503119346,309.898616694933
1178,1178,11770,0,0,0,0,0,0,0,0,0,0,0,0,0,0,0,0,246.21401395444,248.60299560222,203.208796614261,240.006823496153,276.175827314027,263.852609766176,354.829470634806,220.095926109802,280.434525685904,187.484963899995,228.592687452072,216.279687535242,234.656510829733,255.398296335639,180.785083194474,229.06224004661
1179,1179,11780,0,0,0,0,0,0,0,0,0,0,0,0,0,0,0,0,252.115707056088,232.496916292147,209.82291641317,306.294977119405,273.24219143937,326.192863473028,360.029232854246,283.563897659547,278.789880388428,254.240787483665,182.848338703646,323.202520754518,246.232171407663,205.575168609293,236.187249647594,260.709279373138
1180,1180,11790,0,0,0,0,0,0,0,0,0,0,0,0,0,0,0,0,235.308711596135,312.59256141183,242.092940504498,201.242743635025,251.796115492653,239.464971705099,353.801849825309,315.661532623751,238.071646293774,212.860089393918,279.965927465232,195.00936493703,210.966865821105,239.550582529909,258.941411211716,280.055918058803
1181,1181,11800,0,0,0,0,0,0,0,0,0,0,0,0,0,0,0,0,205.933840481955,256.716156106891,239.501388157712,195.745416414332,247.664012295355,224.035500211174,374.767563369301,172.490710177815,255.320283981414,171.590788985179,275.255704775839,248.656777516389,253.926791817001,176.551839015317,225.092127224457,265.479885064596
1182,1182,11810,0,0,0,0,0,0,0,0,0,0,0,0,0,0,0,0,339.070716779982,246.458394458006,231.424021634844,251.731663888521,278.574596266967,278.927445920981,338.677065899398,185.309782968848,332.19371168033,274.298691246818,329.859370430118,257.787023974546,235.230483511462,245.05176288552,212.168471396622,222.878889322928
1183,1183,11820,0,0,0,0,0,0,0,0,0,0,0,0,0,0,0,0,335.174629519073,193.135353327001,243.716975763049,227.052857289853,269.522475952479,223.523211001898,332.072628953198,239.764977838753,269.404962908343,333.857976635016,181.184089048396,218.748947183668,259.33860898218,304.457700122947,229.829737357071,245.903703094068
1184,1184,11830,0,0,0,0,0,0,0,0,0,0,0,0,0,0,0,0,250.41637179465,189.675977913072,214.935631497302,216.286025296695,257.450976062453,201.391293887981,327.930326897052,226.611744560479,261.327850358772,189.767803720489,256.440092111011,207.530430634741,205.057695280263,269.160076019421,291.580136289995,222.865382695368
1185,1185,11840,0,0,0,0,0,0,0,0,0,0,0,0,0,0,0,0,283.720676921279,260.995568224432,217.813983846762,231.078140371468,237.923218609472,235.701726680624,327.90310260824,240.192758919541,282.968329891989,209.698930196614,255.637748637224,258.714277792289,230.021938334601,237.153930784633,289.499627984759,200.337448310026
1186,1186,11850,0,0,0,0,0,0,0,0,0,0,0,0,0,0,0,0,316.342238741149,205.241521689493,270.305878400655,269.34644261095,206.224561302871,293.204622096415,307.580119276837,302.880573785255,338.761869907668,198.28731116606,288.141774119395,245.484644598212,243.166217064919,252.751710115951,277.182268870858,235.8120330087
1187,1187,11860,0,0,0,0,0,0,0,0,0,0,0,0,0,0,0,0,269.533373633958,332.594222642461,293.546524991352,280.955371152568,207.798448119709,218.699182018324,327.533497196666,316.034392765387,192.803686008633,273.289908174124,258.892833568997,227.775255046689,214.533436367014,200.973025446871,177.973934026275,242.262856362296
1188,1188,11870,0,0,0,0,0,0,0,0,0,0,0,0,0,0,0,0,259.867760824426,235.812645077494,235.351813706262,286.370236238869,170.433515768665,187.57648602029,289.514839166337,274.907799357946,275.329001126979,217.76703230362,230.865567286399,287.319845630292,221.974369210008,260.295960294543,215.856621989467,222.433719561842
1189,1189,11880,0,0,0,0,0,0,0,0,0,0,0,0,0,0,0,0,264.82924081578,260.204338286932,223.319543817827,210.553594649913,246.720874342625,244.444913535552,283.509931946394,195.495543502319,220.239304265628,251.564815952419,257.908174732887,253.547713934041,321.276876205556,279.415021949199,230.716336178056,270.367772727028
1190,1190,11890,0,0,0,0,0,0,0,0,0,0,0,0,0,0,0,0,179.034629273893,287.18345834585,270.872538554978,259.185381786042,346.79052015143,222.424891573425,298.965337617747,200.304611059008,225.408667678574,252.39043501666,232.471778246068,346.788305077668,232.566508540417,299.260761846397,257.983536464142,254.803374271204
1191,1191,11900,0,0,10,0,0,0,0,0,0,0,0,0,0,0,0,0,209.419117646076,233.330198974416,279.120798005613,264.226293947254,359.477112508088,240.310232987551,300.021176971355,259.186503382763,238.721203771124,266.304428095257,220.857554750984,326.792952091649,211.836088835486,278.047666084002,248.548351475511,176.206423994806
1192,1192,11910,0,0,10,0,0,0,0,0,0,0,0,0,0,0,0,0,273.541039478496,258.569268254746,305.253497318623,235.269201548846,284.748798623177,219.763410517672,285.8999400269,288.544254423937,270.224616451207,279.727384529856,214.521546076617,216.207486574726,245.514180793336,215.645710115481,318.261204198017,268.392734982216
1193,1193,11920,0,0,10,0,0,0,0,0,0,0,0,0,0,0,0,0,261.118595274776,238.467577801925,252.860439037148,236.950406589906,208.958433058177,291.487843062994,275.332695700983,263.079710397731,224.112391628212,238.115850039889,256.90961092421,300.723611891231,215.316294839941,248.4441785661,271.718522441553,259.903098555438
1194,1194,11930,0,0,10,0,0,0,0,0,0,0,0,0,0,0,0,0,264.245695434246,233.80306960194,262.675559175341,237.04184767583,257.298227688248,197.718711075805,291.990775978152,261.906340781853,294.058125447844,241.045453509834,321.078471759138,275.734494023465,293.617625356464,186.278532488059,226.025185358043,264.076511035088
1195,1195,11940,0,0,10,0,0,0,0,0,0,0,0,0,0,0,0,0,237.053720732669,294.857755052311,264.918147959165,297.397673735045,235.904724128225,211.633708241117,301.892053364105,260.075289036275,202.02022739083,285.573593607419,245.51389070558,290.915571241749,271.612250194633,300.361425652808,353.653372896709,246.533627647007
1196,1196,11950,0,0,0,0,0,0,0,0,0,0,0,0,0,0,0,0,325.599778035838,261.098507903978,278.732545574737,296.13793848124,281.239108438742,289.864437101868,314.157379230174,218.174997892759,257.690006631536,245.093309785934,205.154641653549,267.164155477531,271.408430966721,283.460346445819,323.76397379022,180.679137123207
1197,1197,11960,0,0,0,0,0,0,0,0,0,0,0,0,0,0,0,0,267.86270072101,269.847148676338,200.265122790486,281.518641593105,242.491938648728,208.416356446263,322.147832900938,157.738005723732,289.113931397828,227.753997311956,233.151149875634,200.567997159335,207.573342347836,275.159718024542,287.838156955019,261.011235616331
1198,1198,11970,0,0,0,0,0,0,0,0,0,0,0,0,0,0,0,0,253.273632755387,241.83108520893,247.248865331679,289.411404183348,199.3700123111,270.556677608428,313.433737703615,190.907195097369,229.044915010707,129.713002039395,218.347813491935,323.775236805348,291.719470349703,163.225782357582,220.925072609443,243.091851670515
1199,1199,11980,0,0,0,0,0,0,0,0,0,0,0,0,0,0,0,0,182.324490304372,249.560406147139,175.264547733722,180.501135851944,310.000261701514,293.770264378193,303.434365455403,259.922768500005,228.528709682514,220.890774943719,270.244093678506,265.986453156971,299.882145638233,229.325721626122,241.033826798344,193.116388658963
1200,1200,11990,0,0,0,0,0,0,0,0,0,0,0,0,0,0,0,0,245.128119911612,285.724033217744,296.513588248882,246.153658118514,247.35219543254,256.284536592478,324.320980367519,263.423189920873,270.679968225931,280.43597247306,222.517520887928,286.463891122079,225.598498016757,252.605217614648,303.105620038392,221.019426030491
1201,1201,12000,0,0,10,0,0,0,0,0,0,0,0,0,0,0,0,0,296.586623112688,274.774169954818,333.920573568596,242.604452852966,345.663410233417,269.914541673738,324.356700141423,244.127898620045,262.095778701797,195.653136441553,218.444947541934,276.288537375457,207.119169823678,255.323912466149,245.330879597568,244.627790345945
1202,1202,12010,0,0,10,0,0,0,0,0,0,0,0,0,0,0,0,0,281.477918806477,268.374807347191,223.538041944774,248.935703477386,217.109933377807,207.79627086889,310.612518940036,196.059181969572,160.905381489922,200.777584041356,281.402340851904,216.560625951758,241.297573955213,282.589109518539,255.936812814708,235.225784311793
1203,1203,12020,0,0,10,0,0,0,0,0,0,0,0,0,0,0,0,0,217.172199458013,231.375626528293,229.114292123568,278.616141320833,274.926152905027,217.075663217935,299.566704179615,212.708855226863,274.6050743751,243.785291319998,147.142255673392,318.193060584683,279.278601770671,210.872649807292,184.222874541626,251.954370235893
1204,1204,12030,0,0,10,0,0,0,0,0,0,0,0,0,0,0,0,0,294.464603248616,242.496213514457,236.420434938156,288.860338432086,281.650898052244,244.043899984212,325.478992735338,196.420354406594,242.062367954936,263.857537356797,277.240718908708,298.473194410139,236.137922786345,224.09919586473,181.258592483295,251.920393388009
1205,1205,12040,0,0,10,0,0,0,0,0,0,0,0,0,0,0,0,0,214.732504787816,246.344365098512,199.361040272889,211.566357768243,168.592091342177,259.821875673508,333.132323335986,276.529907536388,206.468749954304,354.355647921399,263.67062136528,245.834108106669,228.744773428573,187.240407013672,274.537914856258,228.919545607834
1206,1206,12050,0,0,10,0,0,0,0,0,0,0,0,0,0,0,0,0,247.76630653131,261.727125340201,250.124745712234,250.889719367928,237.048928133067,264.591562904198,341.461195044523,254.873935026708,290.135108657662,300.466855204021,256.980533884391,244.138305277405,217.914176168285,214.790182271658,274.786836862668,315.39520386407
1207,1207,12060,0,0,10,0,0,0,0,0,0,0,0,0,0,0,0,0,260.828357683556,237.843451362553,220.186463521312,290.935087311546,269.529190602909,228.736869033652,340.845585879683,287.473835669384,176.717652099341,243.985632771069,310.223724063158,213.216275905685,190.460550676389,222.366611597104,298.423325798404,249.727834651373
1208,1208,12070,0,0,10,0,0,0,0,0,0,0,0,0,0,0,0,0,313.894272551205,235.603254250783,235.948411835402,177.430257837855,265.589478014231,296.490467658548,326.765835206221,310.436658573615,242.292317711495,226.422331278087,295.157431624811,255.780794747156,243.652254336594,166.139945773227,218.088757122506,227.533031314503
1209,1209,12080,0,0,10,0,0,0,0,0,0,0,0,0,0,0,0,0,218.565098098311,259.465050023366,250.183576735421,180.49749703033,251.600243731964,307.298117947164,336.688370067485,249.759832684353,308.088843688345,262.944851055216,273.840621418119,349.007150122139,189.945040988757,198.094830575615,208.582622923399,174.824619378492
1210,1210,12090,0,0,10,0,0,0,0,0,0,0,0,0,0,0,0,0,309.810203969905,200.868937390109,312.251083148811,268.55928892786,243.536294283365,228.613254613471,355.316615140362,262.279239468783,254.487334211227,246.284037684889,204.265937410311,269.916689966583,268.231730576501,252.163947516919,204.085399530709,217.793148746984
1211,1211,12100,0,0,0,0,0,0,0,0,0,0,0,0,0,0,0,0,272.575725978779,282.513927725299,202.75424249853,263.62918603783,214.98766447115,256.94739297051,365.445859208429,145.58272305846,226.009051882878,219.16572972422,240.919960100922,224.026946922324,210.661431183207,144.581382420141,231.328542435892,299.143932805666
1212,1212,12110,0,0,0,0,0,0,0,0,0,0,0,0,0,0,0,0,247.998395728286,299.387846271908,273.338961388045,255.467328814375,340.580930429708,269.605481784078,371.996062034367,218.225527329192,269.69575887954,243.270706689444,228.529525728825,253.369431626609,209.135463192425,283.138694651279,230.152930546046,244.984830956478
1213,1213,12120,0,0,0,0,0,0,0,0,0,0,0,0,0,0,0,0,230.777234864718,255.930259219658,244.13701581552,244.68299723514,220.195909342728,267.34707358702,371.783452466758,251.437174764095,230.032510048663,217.859779212832,252.27825294415,303.610243802914,277.805079636876,247.642223549735,220.269213067073,305.683410404369
1214,1214,12130,0,0,0,0,0,0,0,0,0,0,0,0,0,0,0,0,255.487984465466,284.364260174609,285.984364592235,276.530729281131,215.45222582055,263.639794458381,350.410089859066,260.1800233516,193.600547112382,266.318618639598,293.479991288494,265.056729043602,271.072666557154,189.860985831599,209.173219501498,267.833721182263
1215,1215,12140,0,0,0,0,0,0,0,0,0,0,0,0,0,0,0,0,220.317981355265,261.32458006564,195.877478447781,211.023881920009,213.013884239487,268.292619697013,364.383754436975,226.772611667559,245.623399191361,214.627084126479,333.480345618094,270.881204679717,303.866141185581,277.987150879294,282.901213865996,270.481088578223
1216,1216,12150,0,0,0,0,0,0,0,0,0,0,0,0,0,0,0,0,247.058047176838,332.372609498885,287.498115800261,277.290946004556,312.806730880478,244.451720069373,336.358173790988,249.821611048343,262.654461827588,214.952326134521,220.886361140808,228.089264952043,230.51748476576,231.222122580785,220.83340005075,233.016677857373
1217,1217,12160,0,0,0,0,0,0,0,0,0,0,0,0,0,0,0,0,268.427330383918,196.894226492353,307.890801192032,232.906769339127,283.538952511685,186.082885703804,353.472888215434,261.585552917939,207.517625258117,276.440086229498,298.762901523326,276.70143634894,229.749042460856,302.069589886332,252.592214099765,276.963745512009
1218,1218,12170,0,0,0,0,0,0,0,0,0,0,0,0,0,0,0,0,226.40959837709,284.467212614371,278.963673113272,283.472716843077,258.004417441282,261.224203654622,341.495208711154,222.829452034785,218.144292790956,293.431999240674,277.318607569107,242.07015926913,196.436997905787,240.493634739072,237.684215974589,243.336876925544
1219,1219,12180,0,0,0,0,0,0,0,0,0,0,0,0,0,0,0,0,265.65482065146,235.822003777614,233.363382202438,274.432339679367,235.277136226842,274.998586606887,346.740477443782,282.057019162938,266.145912157982,206.366530668949,247.839353994358,161.021421592181,205.758941069857,292.810895174778,226.051057915354,329.040370245397
1220,1220,12190,0,0,0,0,0,0,0,0,0,0,0,0,0,0,0,0,190.615874327869,210.545689447931,251.743529912059,232.764524011387,231.603205089563,258.987646970259,319.859648242348,277.602237486024,261.402504651077,264.441891520143,198.511832818088,156.503501596893,243.713297186585,215.944261180207,256.900726509863,221.83246312645
1221,1221,12200,0,0,0,0,0,0,0,0,0,0,0,0,0,0,0,0,260.300674765804,271.397352086445,241.744973119196,283.474949234063,335.847427528253,229.670316117335,339.570096766485,257.596933920914,193.603836540806,316.175135051848,193.487989504321,301.988620192701,222.139340359243,222.360418916139,295.566962011352,251.282756304328
1222,1222,12210,0,0,0,0,0,0,0,0,0,0,0,0,0,0,0,0,252.401300757846,265.483735266735,256.358615499719,282.672412639424,274.085317348579,217.496948937557,301.083940289112,283.549933103273,269.770428239462,295.600325132036,225.620167838795,223.809055414213,230.925674715472,270.466749361013,315.372333347013,235.065655151755
1223,1223,12220,0,0,0,0,0,0,0,0,0,0,0,0,0,0,0,0,164.22120552273,239.013931648518,181.35186543758,293.752996434527,233.582705806068,285.738946625856,311.757433008171,151.441550028494,238.957575477758,175.840389946113,259.470371408693,269.97321513069,254.219334192722,206.943089173348,263.292097069749,180.523363195605
1224,1224,12230,0,0,0,0,0,0,0,0,0,0,0,0,0,0,0,0,192.816091566746,262.700838765828,227.831531867137,231.32844865807,228.515207226723,281.911628393926,319.736378614845,246.674763563352,318.032758545199,286.658553963269,166.339116860698,288.351327530254,239.082924279214,255.111554235413,290.723433773984,275.570045915304
1225,1225,12240,0,0,0,0,0,0,0,0,0,0,0,0,0,0,0,0,239.560161412968,244.042025356691,292.89930662944,275.223472768219,241.110219581635,208.368087206333,275.586819632203,279.275260939486,130.315151016577,285.611798840393,239.960879062994,207.574130785339,208.8265385992,229.767822140022,243.587221864468,257.058780669461
1226,1226,12250,0,0,10,0,0,0,0,0,0,0,0,0,0,0,0,0,226.709652808091,237.561571843689,221.405436338869,304.223523065974,249.030929774967,261.411686148866,285.458757086237,296.480639225473,270.271731209338,318.142820732149,219.914836340754,263.438745188991,247.539228529823,291.361456768043,245.998804487927,290.831210166763
1227,1227,12260,0,0,10,0,0,0,0,0,0,0,0,0,0,0,0,0,300.511340176714,220.925314061082,255.804357523184,311.59623898988,239.610257734055,225.967357099691,271.269791464199,232.233507946574,231.560041168488,295.176148735726,237.352543665294,243.385437113399,211.544947691791,262.124944981282,232.904312880616,327.363539675061
1228,1228,12270,0,0,10,0,0,0,0,0,0,0,0,0,0,0,0,0,285.68665669143,244.128635235803,255.843480089337,209.430083147132,242.43041483992,231.837369973154,280.143906034711,196.510973016981,189.915520835042,295.861223949706,216.300974202907,306.595683922452,318.002605465644,245.239886837502,205.455011463196,242.575473351677
1229,1229,12280,0,0,10,0,0,0,0,0,0,0,0,0,0,0,0,0,277.10484072121,221.219135558325,282.421315173844,229.783173370572,196.746111068782,284.907905694702,291.828194818773,267.745043819713,284.020127440247,253.338048964075,269.825497122527,233.329002651616,239.549114489002,228.870623345683,319.321575123263,214.808792699261
1230,1230,12290,0,0,10,0,0,0,0,0,0,0,0,0,0,0,0,0,248.517505130989,251.454171076871,284.718391199012,320.594752687046,255.237544669094,191.305984519882,285.773659392008,225.286682273563,250.719392418125,265.192112496319,212.918300851236,226.975067408663,203.829515527199,325.435768925611,223.517410273411,206.700078927515
1231,1231,12300,0,0,10,0,0,0,0,0,0,0,0,0,0,0,0,0,245.584305584238,217.14681401478,241.402984874139,250.750594148331,234.623762599446,215.228107264724,291.490906138579,237.814643030228,295.536274186177,271.356669711698,221.579287777393,278.780806251159,245.758953807881,250.021478935455,256.174438782411,226.261299525304
1232,1232,12310,0,0,10,0,0,0,0,0,0,0,0,0,0,0,0,0,271.796887184795,276.008569518605,245.754053938519,261.826428009367,249.750211721106,212.603346388571,325.980874146762,325.851536128177,297.250854851023,287.151153269959,247.219502866616,222.568833591764,216.15149802353,358.429428999358,296.259747931836,215.485446039012
1233,1233,12320,0,0,10,0,0,0,0,0,0,0,0,0,0,0,0,0,289.06412843106,216.609393505085,272.343772872954,243.569399676149,217.493418498232,233.533913798148,319.587034986092,225.421238302493,267.648695373861,184.757516530971,256.704853946959,272.455213200546,217.209346600853,258.936065092271,282.727571705389,299.089562241525
1234,1234,12330,0,0,10,0,0,0,0,0,0,0,0,0,0,0,0,0,246.762225072632,304.231890410887,228.586917183468,256.275318212713,232.55518714792,222.60435303238,307.166439528618,239.219023085456,219.224989668018,271.262442333117,257.762564207071,239.741466871575,272.378882669652,276.450954782527,257.541966079613,198.868810568277
1235,1235,12340,0,0,10,0,0,0,0,0,0,0,0,0,0,0,0,0,303.861516682374,242.630575671572,204.704381416038,245.421565460465,238.913904901223,277.878318894121,336.65809003788,233.234078795848,236.654036432442,263.402924165193,228.433690510103,274.715363304921,288.209987364943,217.218016483607,252.07381096517,265.195451036485
1236,1236,12350,0,0,10,0,0,0,0,0,0,0,0,0,0,0,0,0,252.032234090105,256.369693559054,233.590755304702,233.433837753875,262.892988139442,284.535134937685,339.26583033875,223.294703285594,220.894740142897,315.732690533089,296.28093302168,239.942380563972,271.990080956783,266.396363290262,209.125383309374,274.003384675232
1237,1237,12360,0,0,10,0,0,0,0,0,0,0,0,0,0,0,0,0,255.682112128768,247.894948892872,242.058692564417,232.465880731267,200.97202979991,150.388673769236,323.509867394084,249.442382524326,300.794094140745,256.979315823887,254.616538777616,283.888568269305,173.083198184939,232.488800379086,274.195826406497,203.668972159804
1238,1238,12370,0,0,10,0,0,0,0,0,0,0,0,0,0,0,0,0,212.24642906344,164.027156812729,267.261716826216,304.491990714828,119.361244828501,223.299256395946,357.095205367475,241.754654227859,248.477628978349,234.883383788888,264.736950150564,186.096050502245,239.130743775438,293.748262731362,246.555668828906,313.022027048613
1239,1239,12380,0,0,10,0,0,0,0,0,0,0,0,0,0,0,0,0,231.678818983097,250.597160764831,293.859761580232,249.331192317125,261.560726111246,245.499547507014,375.518876674852,297.739159062427,230.960916312565,197.658437942379,294.563048529355,148.675314942884,224.507560180305,244.374263710155,210.21230711326,246.961514698094
1240,1240,12390,0,0,10,0,0,0,0,0,0,0,0,0,0,0,0,0,157.818658134536,242.378693490577,252.36930341916,262.954403112446,270.048726639061,256.557323661581,367.095337216654,278.880073026489,204.471340415727,263.719494980773,266.981062356107,221.281971739187,254.517965058764,267.446291409693,294.97326363896,224.440362762589
1241,1241,12400,0,0,0,0,0,0,0,0,0,0,0,0,0,0,0,0,289.548039729124,235.431996918624,253.819303135993,205.006076875918,315.91377651136,264.143691654247,362.405191391056,212.461287831652,269.505042524685,264.204138213244,181.053053551876,248.249826436324,257.193932901553,256.619332836342,217.096034951081,327.285422979445
1242,1242,12410,0,0,0,0,0,0,0,0,0,0,0,0,0,0,0,0,246.953574866161,308.755789005737,165.981622992944,172.244466064823,269.878616420178,245.430699680445,374.53732271737,208.474695592014,234.927439563419,288.274365228912,291.639023588742,352.46072949598,297.413153570605,231.12665848549,232.539760762202,233.731175763226
1243,1243,12420,0,0,0,0,0,0,0,0,0,0,0,0,0,0,0,0,223.103525184602,194.969554640885,237.822220395758,247.036088460783,226.429667474112,236.50506588708,382.08084079364,294.883508199643,206.084326621087,186.654733724813,284.41324587113,220.853413460329,264.86745686446,243.616611365154,310.523003090602,222.28228093841
1244,1244,12430,0,0,0,0,0,0,0,0,0,0,0,0,0,0,0,0,245.206695661916,262.788570536521,257.659593788212,190.646076547808,191.798970132335,275.459234128964,363.162151698529,221.684860078654,267.661600823295,221.346471587664,282.832922679928,224.480841902066,221.211913614402,195.213403231735,232.900086681136,267.87917220613
1245,1245,12440,0,0,0,0,0,0,0,0,0,0,0,0,0,0,0,0,285.216680870116,201.059065985641,254.43866523841,274.660743338159,262.562915154611,271.861504806894,369.550318777565,241.579601028995,241.009270119989,205.274568632931,238.520256983646,244.634831322933,256.823097100861,313.002269210257,250.571448095827,277.402142216075
1246,1246,12450,0,0,10,0,0,0,0,0,0,0,0,0,0,0,0,0,238.787824733142,308.418772590155,238.737443347499,268.13477324919,241.299052171919,228.237061939862,343.464000378578,257.283639057485,264.487924546488,209.735560413219,270.407832215934,255.710887134487,258.432948075945,255.425597226381,241.362618412177,251.567949658921
1247,1247,12460,0,0,10,0,0,0,0,0,0,0,0,0,0,0,0,0,311.296287991608,233.246996557774,229.399797236144,340.5821685781,253.835413748092,255.971124270025,351.476389975748,265.820331657309,233.983250246669,281.168569778636,257.974116385805,206.113055474175,240.372621157021,276.198897011501,219.675294379537,273.482142936136
1248,1248,12470,0,0,10,0,0,0,0,0,0,0,0,0,0,0,0,0,209.796582617914,247.061583630137,275.04447224915,223.020387680009,248.883751822845,241.507441829734,361.054557499823,250.691425057362,301.772440372987,226.025051638594,283.120663293526,218.357625890164,199.193046276417,300.245334942057,157.843632519877,253.93276536223
1249,1249,12480,0,0,10,0,0,0,0,0,0,0,0,0,0,0,0,0,288.65293534773,286.608512503679,263.949531823459,317.024819905457,287.146203519864,222.469281893848,337.797956700589,277.67181808678,218.906275049012,229.404784999387,259.337546510943,260.886658596798,231.520623859572,211.621236793743,335.779012823885,283.891552409026
1250,1250,12490,0,0,10,0,0,0,0,0,0,0,0,0,0,0,0,0,258.927514678073,275.135516746643,215.592011708765,231.549669601883,277.119440163807,232.608433147748,340.167249045169,282.640723193259,282.829151706613,278.087488262888,238.190476253019,229.599836549785,273.451101130298,291.411269709695,250.579597941506,216.951335504501
1251,1251,12500,0,0,0,0,0,0,0,0,0,0,0,0,0,0,0,0,239.719909632199,259.569240915101,174.339934235736,274.674846631091,249.918353621355,234.115976542112,359.902849816123,273.02802831022,241.664005104956,237.127173344521,190.474293376463,270.435256876344,320.81396365259,267.501961527294,156.006382433226,347.126874722471
1252,1252,12510,0,0,0,0,0,0,0,0,0,0,0,0,0,0,0,0,223.078915653478,309.75958088602,233.232285371464,282.013590724244,251.732800730737,345.562382210124,352.419390754054,224.529910732465,224.54562630562,232.243956770256,276.880441947166,260.788822687416,268.851261014804,205.910406677047,237.582505576422,233.362025798149
1253,1253,12520,0,0,0,0,0,0,0,0,0,0,0,0,0,0,0,0,313.350372311535,291.129652385792,261.109968644346,239.789129593575,257.431830977781,245.379171053137,357.042808781311,305.155998893323,191.716456633933,285.388663009078,254.212512369293,253.094584409597,234.050315724898,293.342479486613,304.178198978922,226.368916790864
1254,1254,12530,0,0,0,0,0,0,0,0,0,0,0,0,0,0,0,0,260.32040651118,283.825271758155,216.116164997956,278.629098392903,284.570561166967,308.293700100048,342.966032702211,275.511653443925,252.736672830568,251.978080307132,296.508866850135,242.447122493314,289.80833410385,236.920171336034,331.40245107159,295.695988877631
1255,1255,12540,0,0,0,0,0,0,0,0,0,0,0,0,0,0,0,0,263.675891324528,245.6893082628,272.60763831714,287.225306792799,245.38798331088,231.458009149391,342.105886745268,269.590894224138,259.206380202479,215.973213727515,270.006856758624,260.132366851343,247.940502248446,268.572837496706,251.276421411519,237.059927835022
1256,1256,12550,0,0,10,0,0,0,0,0,0,0,0,0,0,0,0,0,151.946234135779,328.581242805127,276.29865657325,302.167837256223,291.917744067811,271.814283675004,349.425876518006,272.011901461755,212.872321483654,222.237682026989,180.941513122569,213.26416157682,268.724482016365,310.188192457952,203.92714380372,262.706951835061
1257,1257,12560,0,0,10,0,0,0,0,0,0,0,0,0,0,0,0,0,301.128739301298,223.538960507445,264.243085081757,285.140778584415,250.604060387189,228.112225925426,358.377649282753,171.212406931877,212.771935708031,245.923527024558,262.822296577288,222.586242480542,273.024721634484,247.502761139497,194.593141123324,245.67089853157
1258,1258,12570,0,0,10,0,0,0,0,0,0,0,0,0,0,0,0,0,287.761594931986,179.435573700582,293.886312054341,254.851252683484,254.7122384088,251.418998285622,318.730929501835,233.696019785572,288.634765538702,277.455294423508,329.391583648764,209.058551953124,220.766909840422,255.098231012715,212.030706728697,250.238736214915
1259,1259,12580,0,0,10,0,0,0,0,0,0,0,0,0,0,0,0,0,306.662882859022,214.54422530851,172.221155130139,268.730446649427,207.598647552416,231.598148675146,324.895336459822,250.344666221518,293.20108137692,228.594267798295,255.762074462905,246.551239537063,220.195314698758,203.694426608885,221.59163523359,263.681077828609
1260,1260,12590,0,0,10,0,0,0,0,0,0,0,0,0,0,0,0,0,229.419159583604,239.020080590289,292.126394904672,279.593371556804,228.37698749652,232.603534031566,343.53562315549,225.006359257583,269.183637098981,284.791247731425,202.341289224294,262.554659903551,313.444217322427,263.825341272794,269.234720846493,210.467127335612
1261,1261,12600,0,0,10,0,0,0,0,0,0,0,0,0,0,0,0,0,257.49986403118,249.383837964343,283.124234330343,201.347089782439,262.662691045653,258.444808986581,349.386217482891,250.018159404344,237.79405747966,154.582743549599,251.142472869658,282.573303121231,254.529297503459,256.613796783993,233.96282680773,234.055574973624
1262,1262,12610,0,0,10,0,0,0,0,0,0,0,0,0,0,0,0,0,248.103092783703,304.784651244673,274.475143348555,277.413066144646,318.161048933503,285.671626016561,373.808825406966,276.093005579147,286.577225821027,200.631198760093,202.422338297957,225.78691388254,217.78779392457,273.794338231813,252.730224110461,263.361826088299
1263,1263,12620,0,0,10,0,0,0,0,0,0,0,0,0,0,0,0,0,224.847001737701,289.928210823689,227.383388331998,238.621970639971,261.640248033553,257.903045592445,346.417050383082,207.860685953237,277.304583324459,330.307487716961,318.948634936064,254.935866490965,196.110792871936,242.569957959318,282.329577636425,247.709611553555
1264,1264,12630,0,0,10,0,0,0,0,0,0,0,0,0,0,0,0,0,265.996174291493,307.015507236677,237.605043679981,308.384024069016,231.818130165612,195.120853547647,347.409807057164,238.072566932578,199.18680140481,317.574858922742,254.931542202043,255.084826240383,261.524086377187,210.917296766959,294.24148053953,198.731396957956
1265,1265,12640,0,0,10,0,0,0,0,0,0,0,0,0,0,0,0,0,184.80324610929,280.30195481627,301.381234824471,284.150665119954,268.796731606414,233.108789263234,341.648667195288,283.412613392271,268.847465808301,260.231378115293,296.251988275009,226.686246625481,195.871589865862,189.412361989459,212.483233270038,258.207227168172
1266,1266,12650,0,0,0,0,0,0,0,0,0,0,0,0,0,0,0,0,238.421236547832,273.873493099311,195.180477801035,344.778386361376,192.959142375638,277.809035040549,378.116393813215,295.960118434641,205.499472906035,286.308677401916,270.026139363978,246.743939835539,270.036231515285,259.77945873767,174.950443328759,280.451444679546
1267,1267,12660,0,0,0,0,0,0,0,0,0,0,0,0,0,0,0,0,186.367826773823,222.986103217156,276.120841769817,260.658648302484,280.741987792034,202.188261461456,363.100413092585,220.603152632929,274.991382421951,267.790252436171,254.542800281868,247.980619822423,199.336930483505,233.517922800147,237.845683039099,289.059222389947
1268,1268,12670,0,0,0,0,0,0,0,0,0,0,0,0,0,0,0,0,298.396938500428,252.697740765335,236.564228053887,265.219078068909,225.346122577909,236.507853145014,358.269386163033,206.950079973619,205.9843608555,232.702873996305,278.05991932341,176.046767004095,221.23811589291,321.623143362268,254.708846661323,327.4933923187
1269,1269,12680,0,0,0,0,0,0,0,0,0,0,0,0,0,0,0,0,345.225156778924,280.385116059715,223.868796959306,249.516382360808,265.737423063499,248.304857194564,392.388621499621,215.865905903968,263.936024326564,227.806716251678,232.032228808735,213.8546082245,297.899512434987,289.052670853045,231.378758771405,228.265724479731
1270,1270,12690,0,0,0,0,0,0,0,0,0,0,0,0,0,0,0,0,225.32764804822,248.527074641663,172.687315804601,252.722512624874,270.731514000521,299.340220619168,345.625552940955,196.070246904305,237.018890201571,223.697678800598,305.452545760327,215.942241421969,268.271417043245,159.571688839102,258.682217869607,231.215357786833
1271,1271,12700,0,0,0,0,0,0,0,0,0,0,0,0,0,0,0,0,228.751826440193,286.451083800626,243.510787447521,254.954188044816,270.184021379603,202.257628809823,352.89425673345,286.333531036664,266.572478365967,257.249596791193,233.3676149964,181.737683490611,285.506375253808,268.5748297477,234.178400202329,272.624160569275
1272,1272,12710,0,0,0,0,0,0,0,0,0,0,0,0,0,0,0,0,303.826312345349,276.727508154252,245.484837773991,259.363379060744,268.639884879517,205.965926093374,332.565713988025,269.78869712036,283.94864545864,284.67318728592,254.68035193341,299.195838815515,255.657349730433,285.378147796267,284.30217931413,211.334823888846
1273,1273,12720,0,0,0,0,0,0,0,0,0,0,0,0,0,0,0,0,245.313281021611,220.808141383208,325.206484146334,265.675001139543,276.464092868645,151.616433997907,354.225571843417,250.558589738793,239.445819491693,259.119646968238,229.711767197478,248.732225158663,263.360673437521,243.216821471033,226.735331779682,272.250247299596
1274,1274,12730,0,0,0,0,0,0,0,0,0,0,0,0,0,0,0,0,241.068928097685,272.584909519403,254.785735302349,244.868782290277,239.176155548828,216.301694657027,335.650782489352,281.558149136128,242.710106956153,311.245444671898,214.328673019006,232.910838343841,288.675418401625,249.747626574048,163.062905079289,248.040911865616
1275,1275,12740,0,0,0,0,0,0,0,0,0,0,0,0,0,0,0,0,182.697034124821,294.083155508917,270.112410661393,243.985314513993,305.655412797772,280.681985393713,338.460279219868,241.295275180813,209.989410009958,299.878183228323,215.176092017164,294.744953740513,233.4802412452,256.907809109856,308.934280740653,273.636622105869
1276,1276,12750,0,0,10,0,0,0,0,0,0,0,0,0,0,0,0,0,261.880463109235,246.361834458147,289.900835515893,237.567418257418,246.364861289811,171.594423082911,314.67709775285,272.427831399477,222.724137858041,212.856935125375,277.089236534298,320.5301362599,233.022586281027,271.452921093655,257.942130116735,285.314148991592
1277,1277,12760,0,0,10,0,0,0,0,0,0,0,0,0,0,0,0,0,271.275551115136,172.364152769547,254.950713751246,296.57618242258,186.236458693027,321.815428656312,306.586080972914,244.999347961105,220.147990500999,284.74192374082,259.416253109304,301.843296101348,288.533629872146,225.256391822565,291.771059775949,226.812763757242
1278,1278,12770,0,0,10,0,0,0,0,0,0,0,0,0,0,0,0,0,239.047528972148,245.098955905348,302.884043442983,279.407990497786,234.237259814088,188.555082954698,326.389649340281,231.923035968938,203.695272842672,211.341557029515,209.31658449827,267.82229899329,256.477813581271,268.773371484235,243.080409952536,290.893801725491
1279,1279,12780,0,0,10,0,0,0,0,0,0,0,0,0,0,0,0,0,186.762692441307,218.669748613156,233.4247703769,189.20195651656,233.699974684712,261.68139455421,309.442069924385,320.041609885398,225.190379239605,238.381055842312,238.884717923813,184.974799772137,166.150271361748,296.339240336507,295.831033412237,237.342461485747
1280,1280,12790,0,0,10,0,0,0,0,0,0,0,0,0,0,0,0,0,253.094975543875,340.113337034522,180.009058259165,211.24864596547,272.036409546656,246.498003167399,303.675562039904,184.249787880334,229.160449028326,229.750690871984,261.273326029305,243.498857031629,202.392809777184,270.512285523072,284.371280834397,245.474677285121
1281,1281,12800,0,0,0,0,0,0,0,0,0,0,0,0,0,0,0,0,231.633726851026,224.503244121779,304.766701373706,220.802727548314,174.655956262293,257.622146442164,330.625224686126,297.888725731497,233.19004734474,235.004149948548,251.301346579396,299.203869214556,255.639102554408,245.813630513532,239.226867662475,268.132222850813
1282,1282,12810,0,0,0,0,0,0,0,0,0,0,0,0,0,0,0,0,255.92356139654,312.642673819516,296.610854343291,178.36282279261,304.44264273275,274.798933596756,323.699566143549,241.343143342098,229.766483578833,247.948915110214,217.309490598529,275.089540329262,226.987361213764,232.024978109497,287.71256961739,242.278493444593
1283,1283,12820,0,0,0,0,0,0,0,0,0,0,0,0,0,0,0,0,240.180607650021,213.198771810853,255.681959942881,227.55510370088,279.941617136439,211.923194609908,346.116686384366,179.410789858794,316.414074007625,279.370779020118,287.521203618191,212.152179498022,259.235114235209,264.701355899894,249.693201995714,275.359036171033
1284,1284,12830,0,0,0,0,0,0,0,0,0,0,0,0,0,0,0,0,287.752574960288,289.478846804117,301.501222183313,282.913537259097,255.599304718339,248.000535574815,351.145103281372,249.243265160908,264.4346968005,190.884530213207,297.778692883547,245.03080012002,268.682551521796,291.922456637271,196.840872752708,246.239198419636
1285,1285,12840,0,0,0,0,0,0,0,0,0,0,0,0,0,0,0,0,304.775715836715,161.516723864266,271.222646910701,226.167419557056,233.395322819319,202.853586787804,338.784935001334,231.858935045108,263.895899204739,263.916210807596,224.020165932659,278.742977677014,235.740409474745,224.70385863029,180.8770951194,244.80218082397
1286,1286,12850,0,0,10,0,0,0,0,0,0,0,0,0,0,0,0,0,220.439901013325,323.138052239785,212.499372220242,272.656342668928,245.033004708881,272.013228246924,315.430541225316,247.784019009622,210.301350075578,211.307297145613,274.854693755873,256.62709176201,317.873641540869,242.195370773,246.451649053516,234.055439213149
1287,1287,12860,0,0,10,0,0,0,0,0,0,0,0,0,0,0,0,0,273.730155601915,243.874613681819,238.912873411545,257.889611903416,305.127858477725,241.898462575853,322.525949388569,218.516425694698,291.51508344584,197.567130577558,296.373895097022,231.010506539861,259.606255913375,346.776829726925,254.833151335529,255.472107576449
1288,1288,12870,0,0,10,0,0,0,0,0,0,0,0,0,0,0,0,0,257.198482473968,272.665390759597,215.258077053978,298.58044730775,267.764789600515,271.833894638396,308.192735189677,233.108280531843,281.035764604559,255.210568068994,239.191089335008,276.818099935927,264.172939615455,266.695588427651,291.870950666896,159.060263444279
1289,1289,12880,0,0,10,0,0,0,0,0,0,0,0,0,0,0,0,0,288.736204460364,290.705899732258,270.502069066971,215.240113371522,245.585466509773,307.896186243376,321.136609181212,293.754521142924,218.618705085359,273.293669544136,236.45807476009,315.686044869473,232.767307735094,255.487597302059,181.644499390931,304.452455336181
1290,1290,12890,0,0,10,0,0,0,0,0,0,0,0,0,0,0,0,0,273.865684359504,201.973842542011,216.371281630233,202.047396280929,203.76960383633,217.513896518353,338.902450245236,264.293807918161,235.237841049537,193.798718858513,315.754395132796,288.188981282661,316.122881885984,250.127839379121,253.204702432533,195.784856010955
1291,1291,12900,0,0,10,0,0,0,0,0,0,0,0,0,0,0,0,0,231.343872092051,215.337059296721,252.517400486773,254.943453678432,280.530784924104,293.127682855051,355.331885042319,196.238004034536,275.233545778502,194.29820787819,289.040738876837,291.220564389762,241.283981203727,260.850490408072,200.60632648634,207.05599191986
1292,1292,12910,0,0,10,0,0,0,0,0,0,0,0,0,0,0,0,0,248.535567903567,171.197873190609,206.985156921029,240.551264956569,256.945680441812,345.292027416928,338.590168186928,251.184462416079,241.594684161937,230.886323134828,210.561356118617,197.29876055955,211.199323357449,251.362402703102,276.431876702204,210.038620893301
1293,1293,12920,0,0,10,0,0,0,0,0,0,0,0,0,0,0,0,0,252.439781433756,209.458309604279,306.751441324527,253.005461167051,275.682937806581,254.317181319309,329.809742710427,292.943534202043,218.257198968615,152.716096521431,264.891122515527,273.513173750671,243.593923171049,253.793880216106,304.663811424237,265.413670431976
1294,1294,12930,0,0,10,0,0,0,0,0,0,0,0,0,0,0,0,0,219.858785978094,207.481203725469,255.194106619007,237.417175781329,199.607023487021,210.438193246081,341.210209602392,254.874525738112,341.02589138564,301.179626427214,240.651133440913,275.494847836014,270.488381494338,261.528345555715,228.230725405218,238.209316951509
1295,1295,12940,0,0,10,0,0,0,0,0,0,0,0,0,0,0,0,0,256.417105253465,284.54307278441,238.141836193088,226.364370751608,274.671843120242,299.558032779964,352.488387019465,267.584004710318,255.384608104126,224.639849217264,188.671485606097,252.655024121067,285.101199815357,221.633467310438,267.425114995616,258.541310923934
1296,1296,12950,0,0,0,0,0,0,0,0,0,0,0,0,0,0,0,0,243.996291157338,305.239731101173,204.959555968437,253.509049242518,339.00537074646,265.532035538963,346.267523409938,254.725953688665,219.560556545341,270.915500125304,312.686022865201,335.07021357856,308.62836326061,201.148889230079,317.186957571183,234.727350074395
1297,1297,12960,0,0,0,0,0,0,0,0,0,0,0,0,0,0,0,0,214.393543009617,236.452029580982,213.134546458248,274.973830217501,228.809313165687,295.488228222631,375.530063592269,277.222909870372,252.802609311789,269.503973573606,288.016472867241,265.976535839284,286.441567030199,235.122531569555,278.883905868714,345.184712178167
1298,1298,12970,0,0,0,0,0,0,0,0,0,0,0,0,0,0,0,0,249.506947025038,242.913364055274,252.510859120836,235.614049056259,216.461023603436,223.726747992139,372.866606207038,274.933794710076,246.403802950246,213.141447368558,254.168384674813,257.681277671095,272.599102869982,266.883092080341,246.09367542526,237.006116861358
1299,1299,12980,0,0,0,0,0,0,0,0,0,0,0,0,0,0,0,0,321.542545845361,226.582572271195,211.012551575303,300.733174063289,327.175189693234,312.159167322019,359.049691101056,280.048931781699,240.687121193143,300.879896798513,254.285594169968,193.103389506334,225.942976087046,199.686162521156,237.918353913622,278.4963424464
1300,1300,12990,0,0,0,0,0,0,0,0,0,0,0,0,0,0,0,0,242.892340569315,212.60995860846,235.165173120702,288.994784032529,232.356628463936,231.40277218351,375.44377918427,220.635231735031,158.170376355375,267.434693776251,189.174311004216,210.686310634434,254.759712477987,253.17830014179,275.494751767257,170.931234977833
1301,1301,13000,0,0,0,0,0,0,0,0,0,0,0,0,0,0,0,0,297.897576613537,192.308195299646,329.955493602837,256.595367936182,256.067683337153,273.019578736295,342.298504511885,255.202660197645,228.122836443273,281.607352670059,277.41735846898,310.69423531779,279.786919844992,284.004925858859,290.353109141494,339.588224140013
1302,1302,13010,0,0,0,0,0,0,0,0,0,0,0,0,0,0,0,0,249.210951439204,227.02208944435,189.650339350588,262.373213094528,311.520715942748,289.937549618139,336.397028856515,217.856540994147,218.467559579716,205.302686319561,238.657104148346,223.273523074139,240.837894919124,270.489539865159,317.005042904278,236.065757144527
1303,1303,13020,0,0,0,0,0,0,0,0,0,0,0,0,0,0,0,0,250.718028962252,249.336267988673,218.689064388945,264.310018071529,225.127273577963,210.130317729231,330.513940623804,205.99910592973,293.50030836304,243.898568173112,272.328211892148,252.608564676442,214.03410663845,287.502320432241,303.275258648087,203.802167844483
1304,1304,13030,0,0,0,0,0,0,0,0,0,0,0,0,0,0,0,0,222.347032216273,231.296040320702,252.713395276608,288.171389768473,271.912554994586,300.443101647185,334.990980165802,256.522852160923,214.777077975666,246.680398735288,219.385462443867,212.229098887399,236.021497438997,291.689288435601,233.950441175868,234.23438537597
1305,1305,13040,0,0,0,0,0,0,0,0,0,0,0,0,0,0,0,0,263.735164030233,284.730357060377,251.471690110429,260.278648155378,368.07204552518,237.823888346752,315.773812415626,237.664928605678,318.741712016082,242.650530934206,285.684789337678,205.821105013561,221.179207837352,257.026306568286,264.898665941802,245.027361763057
1306,1306,13050,0,0,10,0,0,0,0,0,0,0,0,0,0,0,0,0,218.161564708232,306.292334601364,191.823062971693,245.468426047965,244.036965619743,282.107036534978,319.248695297772,247.77143403834,278.111691299757,200.351741078517,289.824047411132,214.869042728533,264.817936749265,234.87792207789,257.923283500043,208.42228414892
1307,1307,13060,0,0,10,0,0,0,0,0,0,0,0,0,0,0,0,0,245.646227600762,238.050746512718,272.290020762656,326.744051373571,263.427489415097,233.458686542382,313.743305061147,271.062717619714,188.863606101234,307.969414100014,275.113888868097,186.232945362035,281.424182662596,261.983936210482,292.088347714028,300.04923381044
1308,1308,13070,0,0,10,0,0,0,0,0,0,0,0,0,0,0,0,0,281.578337459635,277.127077528207,200.902743576662,229.261377438739,229.118876295109,286.571918646158,316.293253069383,271.016429333324,230.948748217734,314.812944554432,215.827061564734,239.967947903956,256.860137089899,208.525780765693,301.772576851775,307.725648518948
1309,1309,13080,0,0,10,0,0,0,0,0,0,0,0,0,0,0,0,0,219.045677962699,259.305686822156,254.040434321855,228.212179222767,271.06081123812,260.052417790441,290.079986110423,211.531950703811,249.187272747282,274.285265971386,272.763596033159,175.625404081107,275.858071253892,249.593139903282,236.383981795296,230.901565989038
1310,1310,13090,0,0,10,0,0,0,0,0,0,0,0,0,0,0,0,0,219.174274931845,191.461631066892,299.34982649037,306.571742717423,198.826077514772,234.309675484243,316.310063406968,195.240634422853,205.469271453114,335.827839361238,286.738553491585,241.442861774584,241.230022997824,246.834139332472,314.039378730296,281.577966307334
1311,1311,13100,0,0,10,0,0,0,0,0,0,0,0,0,0,0,0,0,201.491590354409,236.836752746168,298.466420371887,234.758182112187,243.738505245286,239.927325208897,321.523399655569,229.703262257629,288.999686438565,238.310225740123,216.005411772409,258.121184060351,266.677131373413,214.043435773331,284.992003007246,241.592461836454
1312,1312,13110,0,0,10,0,0,0,0,0,0,0,0,0,0,0,0,0,194.411663658945,259.924089479158,260.988204746642,233.467690832561,271.517286226942,298.1671044005,338.874025105622,222.15108223674,251.256047215545,246.515185590042,281.190197724799,243.103922524713,225.343905751694,282.2015151004,216.507038350618,220.65810466659
1313,1313,13120,0,0,10,0,0,0,0,0,0,0,0,0,0,0,0,0,250.909495374771,257.96142732893,250.382873559829,195.199428997227,256.234055944029,238.518385441098,326.735569651804,284.255309827154,254.500807294143,221.642281188262,302.437331967611,309.490978406624,255.768054345216,260.923782082771,213.116975567524,243.345821640839
1314,1314,13130,0,0,10,0,0,0,0,0,0,0,0,0,0,0,0,0,202.605831846693,234.167413111903,309.455177651116,258.131380402031,240.144980511986,186.835804387655,332.757328719317,206.600088361553,263.170974642592,194.180706076868,287.066206463196,190.662712575429,226.171350087624,262.394286389563,273.919341260121,293.608755200227
1315,1315,13140,0,0,10,0,0,0,0,0,0,0,0,0,0,0,0,0,314.261877178202,283.43014978963,274.900551226681,266.379704543058,232.252407829259,262.373859061603,361.380915873067,254.394292676712,249.55855100329,220.837597586173,210.478658392709,222.306282663842,254.449523805688,263.83935596944,314.042836600501,291.329553813645
1316,1316,13150,0,0,10,0,0,0,0,0,0,0,0,0,0,0,0,0,263.43368289198,280.631012109031,229.567844948754,228.563250944892,290.43514667077,302.304472272933,373.387073069966,261.877008597938,209.218676533955,227.694479325578,238.250072134594,222.867613741356,241.526491549507,288.939220726014,253.877334835571,250.326713247874
1317,1317,13160,0,0,10,0,0,0,0,0,0,0,0,0,0,0,0,0,218.060759693918,287.163052775159,279.820776389754,253.539044443772,221.365309117129,200.698319254628,378.865890744201,212.646556570159,227.67357177298,266.81707998056,211.348771986648,224.172851114057,214.215295482189,241.607925817904,312.083072415899,200.573884496468
1318,1318,13170,0,0,10,0,0,0,0,0,0,0,0,0,0,0,0,0,327.760857421934,284.333160093571,194.461775226855,273.981989168684,255.735047141384,214.687934323326,371.729246992195,283.330065982462,324.310696845124,259.192062248043,225.205068588432,291.85037432125,219.555802746648,261.462461910164,201.954609034652,266.953382887167
1319,1319,13180,0,0,10,0,0,0,0,0,0,0,0,0,0,0,0,0,243.158685399382,265.796857833934,228.986527465333,278.514314970908,207.843846838817,246.474006620379,373.175107660305,216.815374619963,242.675552845214,257.440841298226,261.017840927592,296.019892974789,295.113482047142,308.803198889843,277.638507238848,241.725845237548
1320,1320,13190,0,0,10,0,0,0,0,0,0,0,0,0,0,0,0,0,295.662511211171,221.020044017621,245.644905065699,238.566511301119,208.224038859832,301.497452807234,356.560429484024,292.463127248091,262.772589932176,202.292104938267,258.133234911808,285.257016328347,242.776664102261,279.375973437984,289.640051448902,244.678720464548
1321,1321,13200,0,0,10,0,0,0,0,0,0,0,0,0,0,0,0,0,239.689476503468,292.428799014851,296.521652416769,227.584422230992,202.791916600412,229.425650856655,383.045862083278,266.392853271844,309.984343526426,188.966894047251,247.469561269251,238.721815509428,237.728508071869,260.903833229375,223.273639413971,251.226703485837
1322,1322,13210,0,0,10,0,0,0,0,0,0,0,0,0,0,0,0,0,192.44476798899,217.540423554102,233.727570105197,214.595793283408,231.550666601775,294.328630944882,384.758915224034,255.502283814337,187.90388651251,220.289319164147,239.820862182587,265.437045085997,266.822627689794,297.220289560133,281.632420953652,200.426640439407
1323,1323,13220,0,0,10,0,0,0,0,0,0,0,0,0,0,0,0,0,242.25208406821,241.428107025763,180.098796918853,226.627052022941,232.343315904794,230.793654422387,395.352267250999,279.774664645808,311.977332640324,241.706350507557,308.91494505704,214.583810396116,258.507756974392,253.377793741643,226.574670080187,213.077377126585
1324,1324,13230,0,0,10,0,0,0,0,0,0,0,0,0,0,0,0,0,257.666188247729,295.02917023101,295.222305765133,285.759860601323,222.267805667147,312.416680532864,368.868204436562,237.267080894276,333.985564777266,174.599006796941,222.688223955032,230.278500270973,264.689975808066,227.164974730955,232.039225835719,271.699109922893
1325,1325,13240,0,0,10,0,0,0,0,0,0,0,0,0,0,0,0,0,204.83973305767,256.824630329129,244.340162343772,290.029087744166,213.304427460824,254.63991948492,389.986572677317,246.637808705706,261.247173611294,327.125680689813,213.910612167069,298.899804768309,306.412066536498,267.659425849777,216.278325264651,266.472164537875
1326,1326,13250,0,0,0,0,0,0,0,0,0,0,0,0,0,0,0,0,253.173867770407,231.743922106042,191.329280690913,246.225407615776,247.797308235103,215.654124985316,369.22831295185,270.782948724346,258.957313001574,209.849435821368,278.10052069394,276.496808308978,224.1475367318,228.617696299409,271.153262800086,212.077897432203
1327,1327,13260,0,0,0,0,0,0,0,0,0,0,0,0,0,0,0,0,326.21055162674,299.428369037751,287.445278111641,226.555762762388,272.237174669212,311.203076296388,418.879431287893,332.254619807255,246.337162174121,249.534421875723,284.070541691787,243.719665232372,229.235996468858,298.383329244468,158.300188076455,292.516777965123
1328,1328,13270,0,0,0,0,0,0,0,0,0,0,0,0,0,0,0,0,289.693568295136,220.771933378639,228.843748704316,233.545140542998,200.617231490581,253.208356840468,394.927033116728,307.434181204876,247.190459906253,246.580584439255,274.057714548615,273.783233083684,208.585833434785,194.808480906878,256.631870010555,192.354565979466
1329,1329,13280,0,0,0,0,0,0,0,0,0,0,0,0,0,0,0,0,259.770853863991,232.267059941827,268.062360276529,239.855045663044,264.63427075375,227.192317616216,374.189986885134,247.223462846635,218.301689925101,185.080855173455,208.153218724802,266.003033501614,337.02669433141,244.380974134498,236.989489860647,234.090826920482
1330,1330,13290,0,0,0,0,0,0,0,0,0,0,0,0,0,0,0,0,219.235209857279,271.858615830207,213.706447710208,218.303261441466,300.604944722525,239.271934668963,367.650190038142,270.438772492417,262.115413534467,229.953487122809,251.745371390241,275.149855814989,274.534255481494,293.036910984107,251.283993730438,226.093076248436
1331,1331,13300,0,0,0,0,0,0,0,0,0,0,0,0,0,0,0,0,231.994627057414,317.077141344055,215.207155065359,264.891690669592,223.427846751451,216.034564165502,371.561715282107,321.687271586801,228.146548647201,203.858736225505,268.729714225033,208.123735062395,303.709349945672,195.282408555894,234.633547745654,217.735530732396
1332,1332,13310,0,0,0,0,0,0,0,0,0,0,0,0,0,0,0,0,222.126067145144,306.628551146984,295.284589421511,188.299841874324,285.643267444835,220.095351798732,350.430310507162,228.951175692402,235.92955822495,271.164540238823,244.08304147087,226.668707322241,274.268462996517,260.104030245108,315.373433952295,259.78013006523
1333,1333,13320,0,0,0,0,0,0,0,0,0,0,0,0,0,0,0,0,250.264899715415,216.078667983079,310.301619855851,257.112877098113,236.24664599959,283.408302961154,369.93107309693,257.571151231977,250.139651617523,291.115904360216,256.298233433597,176.216519926201,255.248039704772,265.4747659024,249.938021962358,222.366894675485
1334,1334,13330,0,0,0,0,0,0,0,0,0,0,0,0,0,0,0,0,253.86495360432,237.610724975163,304.384017145528,267.821467268056,243.364376258218,225.789192472687,357.15804860224,253.864126511116,248.097390002429,241.461463112522,273.381527533046,260.633720977129,296.133188941978,301.648727625213,244.466034314889,212.309349481212
1335,1335,13340,0,0,0,0,0,0,0,0,0,0,0,0,0,0,0,0,251.970539328713,314.830754588724,288.178322130874,242.445878364754,282.699709401908,260.561201392578,314.210519038249,250.532456572485,226.370692931959,281.588655237547,217.831571233624,266.668095267986,239.331327795179,210.72213307985,264.389914418505,246.960359622077
1336,1336,13350,0,0,0,0,0,0,0,0,0,0,0,0,0,0,0,0,280.79863562842,274.807257015825,214.779822281942,210.094174607869,194.373776313877,318.434772688231,326.084706778646,262.308688422579,241.018943277836,243.300017984636,237.149895800572,161.948822727286,223.354614856271,232.664785045296,210.02240335075,220.615768503893
1337,1337,13360,0,0,0,0,0,0,0,0,0,0,0,0,0,0,0,0,241.064468190408,322.271390516184,262.494446909486,209.114323082012,314.912043095762,241.119414775494,317.854396785435,239.306613186638,199.968790080275,221.911242196707,298.684095596781,307.906080965469,255.281410866318,264.251165755178,260.510901540115,267.414677603171
1338,1338,13370,0,0,0,0,0,0,0,0,0,0,0,0,0,0,0,0,254.328965924772,288.152006928347,198.056049434299,202.921906445483,293.765259201877,254.851079198648,327.147647123006,220.921480060226,236.558594080162,217.798781727965,268.129124808014,255.814868576552,279.696680480076,204.300139310164,270.908789492914,274.066004290671
1339,1339,13380,0,0,0,0,0,0,0,0,0,0,0,0,0,0,0,0,271.261543063076,244.946212827812,284.008653056575,279.992283033593,266.10692014814,252.039167090049,300.066652700956,241.330003760329,268.122011523971,259.238987556427,276.436996885241,218.332237469599,181.53612389396,276.773786689027,215.158967162535,272.744564679386
1340,1340,13390,0,0,0,0,0,0,0,0,0,0,0,0,0,0,0,0,265.126715510617,195.053949469603,259.118418075752,256.508020975947,196.960609261812,247.788574988103,296.713771758484,240.762958914255,248.65389334905,241.665529169213,276.552043336783,267.585174591098,281.993850912507,295.264690002273,224.230225134445,291.837496046324
1341,1341,13400,0,0,10,0,0,0,0,0,0,0,0,0,0,0,0,0,290.047372890503,257.377597715269,283.030816234793,294.93521498275,209.170602314774,265.502495741106,312.065148520661,203.096757017542,256.389006459006,260.084370968098,208.735644642518,243.107038350618,200.917625755107,261.992918061173,263.874132000466,264.660494130559
1342,1342,13410,0,0,10,0,0,0,0,0,0,0,0,0,0,0,0,0,217.895240409857,304.879770399846,263.592458457579,241.785553288116,311.170616597285,295.691249992301,294.003868700635,262.862435553119,251.066903032185,310.761319102921,335.491302506525,253.649204092805,155.326996643829,287.806563596977,282.235467914417,276.958397672401
1343,1343,13420,0,0,10,0,0,0,0,0,0,0,0,0,0,0,0,0,300.059155002255,243.471641878628,241.223449360693,188.694200196245,249.085530355146,275.209570666413,282.682655959037,256.618535819767,240.313944396204,315.711209094545,175.364443312826,231.233583113376,331.291713084496,277.314703478617,230.669196388553,247.195476234152
1344,1344,13430,0,0,10,0,0,0,0,0,0,0,0,0,0,0,0,0,225.77347588057,235.001657158638,271.784285333894,248.629686726139,257.226919405255,274.705553180637,302.872833436194,259.074322177819,284.680664457042,265.785677858117,236.021944239678,272.167174538198,204.54348830746,223.877537647641,213.986805735564,328.956109140321
1345,1345,13440,0,0,10,0,0,0,0,0,0,0,0,0,0,0,0,0,247.003685038991,210.258021874611,278.278678561215,208.792992641539,195.96336713535,233.37937262674,298.472304803928,240.167953195696,231.159405954688,239.006108947602,304.053037698981,253.577788657856,255.347673584581,214.834009302138,235.92987813153,280.533381752667
1346,1346,13450,0,0,10,0,0,0,0,0,0,0,0,0,0,0,0,0,274.401248629815,292.986400015857,217.130246171915,291.784632177166,230.612528482289,278.615838151332,303.19081651347,223.922787503306,242.572912774735,254.781210946695,206.997949288448,294.855096172471,293.241378761854,218.030232559295,254.171253434814,281.715687967349
1347,1347,13460,0,0,10,0,0,0,0,0,0,0,0,0,0,0,0,0,228.148312740352,283.620513429547,209.64508458299,248.079609435961,311.001402248991,203.69763535779,326.852713128875,227.782080740935,262.829314418091,245.674394872965,247.612630869787,277.714147016809,204.260447962711,311.857601592319,202.411780890082,173.905064794759
1348,1348,13470,0,0,10,0,0,0,0,0,0,0,0,0,0,0,0,0,274.828765664506,170.757025361399,259.690530870302,311.380941868591,304.952608842825,221.179756949477,339.649078533689,214.841781469113,279.250763687044,263.879143575675,310.217862912958,232.99086723409,242.829727681702,232.262641674602,239.594069623505,328.351914388534
1349,1349,13480,0,0,10,0,0,0,0,0,0,0,0,0,0,0,0,0,300.096900122707,277.986085328963,260.884024845474,238.268343218562,195.006610461995,230.303525265472,332.01725076216,255.703457043812,252.886471470695,271.364919052931,221.447534359775,234.88212646216,277.571440333369,237.176864976858,139.849936886868,338.393969193079
1350,1350,13490,0,0,10,0,0,0,0,0,0,0,0,0,0,0,0,0,143.867502626227,203.405408753215,315.809326827512,327.967477512455,236.22065603954,320.841584338498,339.127634286488,209.839612974798,170.134905147001,203.659461313117,277.082683427266,304.297609044073,257.198976217955,238.963384243267,275.633481621969,209.761686071484
1351,1351,13500,0,0,10,0,0,0,0,0,0,0,0,0,0,0,0,0,288.365285482721,221.244076194414,318.321000817152,244.884592583968,256.816918183464,259.975744166829,338.219235368221,286.148052208357,219.060842475456,261.49249991775,271.37104971456,274.485030971735,240.356821391883,193.946669667683,207.634040718458,250.557388655301
1352,1352,13510,0,0,10,0,0,0,0,0,0,0,0,0,0,0,0,0,239.692412611222,259.617529508448,233.105021783754,179.808807378931,285.826389493862,203.193371830702,366.85277725423,192.841378277328,274.918641565443,310.204820264802,247.831372082519,275.194173505185,270.890396191227,223.873675247061,227.090720416282,255.772790414072
1353,1353,13520,0,0,10,0,0,0,0,0,0,0,0,0,0,0,0,0,248.107718632129,259.199407926434,210.665809141834,246.346109405127,334.795039404653,282.401406079161,356.652906977482,245.819012760195,269.984331182406,200.439112078517,212.411698722008,236.005626361811,306.784777483735,269.998983569429,249.925788084956,216.797669442015
1354,1354,13530,0,0,10,0,0,0,0,0,0,0,0,0,0,0,0,0,214.702110102685,275.352283104996,207.668967548088,231.468039749624,228.735777374414,187.853221990026,361.719133871946,243.904971636556,223.577849113023,190.570398541955,259.188714426606,298.463685622222,249.646396220325,278.143995388926,257.957623580366,214.860081968861
1355,1355,13540,0,0,10,0,0,0,0,0,0,0,0,0,0,0,0,0,222.701352234913,216.479031730147,264.127373941411,266.041284979612,236.322064353808,235.436176508559,353.615477443148,277.263402553438,338.271976457169,276.373755189358,233.861973643591,293.036281287389,211.254510976097,257.551239776892,257.74873825584,203.991914511493
1356,1356,13550,0,0,10,0,0,0,0,0,0,0,0,0,0,0,0,0,190.776311556278,230.56826057827,219.518345861966,268.452853061718,239.372880005487,244.929605180669,379.242715541633,216.794939650868,301.01154743394,209.569827410166,221.900418064746,278.091242158854,283.033796534368,312.637179941449,244.212861836615,225.080843483518
1357,1357,13560,0,0,10,0,0,0,0,0,0,0,0,0,0,0,0,0,197.665547855475,286.190769838989,185.252700076282,245.303010611335,180.979699534479,221.142317463067,391.492048395719,227.220718450088,251.715466935579,261.063440522588,317.462637409843,235.797095086456,244.835093265309,283.947042538436,287.648797751735,273.028204071847
1358,1358,13570,0,0,10,0,0,0,0,0,0,0,0,0,0,0,0,0,227.524449434984,204.743268475194,215.636645523536,297.377351569704,279.194701717375,208.331800044966,381.195337744522,239.139145242446,333.467460684012,206.153881530852,156.088169635124,280.435273753504,194.994208895616,253.824535061873,280.686190475667,253.893036593289
1359,1359,13580,0,0,10,0,0,0,0,0,0,0,0,0,0,0,0,0,300.219967901034,211.296371041926,248.634173746791,281.488185089602,243.325723676387,265.753045998464,379.053249908784,297.285948166194,244.387271703313,238.89711199446,250.717070452929,219.454264241373,230.22742030958,193.606155313364,219.18943204163,272.827230519184
1360,1360,13590,0,0,10,0,0,0,0,0,0,0,0,0,0,0,0,0,187.821365855819,245.005310852722,245.698767437662,269.427322160672,287.301865992537,234.360904622308,385.597780858846,294.749333635987,240.087944864225,252.353765006854,239.525452275266,283.900738976598,240.308408330689,225.402020537843,219.946525671055,177.229461212902
1361,1361,13600,0,0,10,0,0,0,0,0,0,0,0,0,0,0,0,0,257.102772494062,245.328210220326,281.061463568465,269.803156786277,203.279486441221,268.564340896155,382.742012233012,229.617819870245,220.745249158654,262.51918340634,241.305548919645,232.345543015761,212.079665102793,228.227155950607,231.402195827619,276.182928968487
1362,1362,13610,0,0,10,0,0,0,0,0,0,0,0,0,0,0,0,0,288.100839531441,294.002016466576,214.874403600371,249.653526413413,240.770131246604,227.466622798828,423.2677862075,262.333989152821,286.067157657111,230.555095422071,283.820197208477,244.109517511105,291.710457762125,252.537334686896,300.972598367377,284.412256224561
1363,1363,13620,0,0,10,0,0,0,0,0,0,0,0,0,0,0,0,0,237.270851278986,264.129796303304,237.40405632978,275.89692512821,328.416790407535,307.245710658741,396.712089992619,166.407502189621,244.546041779093,238.138292236169,249.537607782655,278.128708597865,212.092981172962,292.282299172638,191.396714819674,272.429183472041
1364,1364,13630,0,0,10,0,0,0,0,0,0,0,0,0,0,0,0,0,203.206786016631,222.583867652377,287.620250191423,210.103368440277,262.729219369291,328.225687170809,408.924890016868,269.839235012705,197.218064173914,252.766969959257,219.42468117151,246.287927757144,225.584131308975,226.287152412101,287.874707768299,199.56936707178
1365,1365,13640,0,0,10,0,0,0,0,0,0,0,0,0,0,0,0,0,233.09361197095,261.637128917567,256.542435374709,265.166522954911,254.471170583555,220.09745533218,390.097601388009,266.070224269601,250.045563952134,221.60473464648,241.294737603956,240.40880264292,245.449984352654,200.006857989563,243.424535873051,232.893300993669
1366,1366,13650,0,0,0,0,0,0,0,0,0,0,0,0,0,0,0,0,273.977778181941,280.36666312292,243.936296590537,271.625291956993,261.784518829494,307.599516788201,412.840309204366,172.730380343675,281.455473975229,245.740911305751,257.193770494103,308.475368704612,244.672568705805,241.516085781048,252.541058152894,249.351005849503
1367,1367,13660,0,0,0,0,0,0,0,0,0,0,0,0,0,0,0,0,225.360133063165,188.557358877873,188.228025264552,217.840003111252,191.257799057188,181.950406872681,401.009922202841,210.787054287432,201.554996778563,266.754299066778,251.96784327736,225.810254049497,236.095741027304,246.94146273004,291.14251449991,201.810346703998
1368,1368,13670,0,0,0,0,0,0,0,0,0,0,0,0,0,0,0,0,193.906892026067,329.488100063359,271.421453903789,161.583119821252,244.790674098056,268.723893398158,393.970035697192,244.905576762504,254.237982681527,262.275923621095,249.064105955792,232.739728327867,297.142179532113,314.969319951858,289.175839645816,232.665057945203
1369,1369,13680,0,0,0,0,0,0,0,0,0,0,0,0,0,0,0,0,264.45011874424,239.886324764203,230.646586355901,263.309958324292,259.104567679706,247.894573014651,418.906565431868,311.648872364289,299.116878621325,253.019692058798,218.875582108699,247.985867286244,244.470620237415,330.620385113165,238.919912860207,247.161310920396
1370,1370,13690,0,0,0,0,0,0,0,0,0,0,0,0,0,0,0,0,252.792308943873,293.887150242628,277.634573409792,256.09325481064,259.266090446432,210.725501354723,396.153855933408,255.952777749124,237.837073282056,185.785591309185,277.439259617252,315.424116811373,287.01855608686,250.49017766432,209.001075275025,209.521682371088
1371,1371,13700,0,0,10,0,0,0,0,0,0,0,0,0,0,0,0,0,285.751863936872,222.916032740043,205.7312963812,235.249674314482,246.345728611224,247.355495888354,362.430761792544,228.511824130555,287.296130340639,292.130926164384,248.754558316122,215.106840042306,265.834980834287,232.224757310745,184.631922386311,205.138020036195
1372,1372,13710,0,0,10,0,0,0,0,0,0,0,0,0,0,0,0,0,253.127823840732,252.14667304827,257.322183172993,268.497953035811,281.270556789861,275.285177595892,376.240131263225,254.355431863872,227.117121166628,245.472097852111,228.087905433094,185.648516211348,216.259906759071,294.247780711595,255.445120204829,227.229500759738
1373,1373,13720,0,0,10,0,0,0,0,0,0,0,0,0,0,0,0,0,196.02220454959,207.945262151096,255.180684215333,263.414684818376,292.479577084659,282.150094388433,355.456283987265,304.95511401999,193.756301291736,232.020268344028,251.761869639896,242.200425679851,286.876865405392,271.245990626865,199.859062239593,253.014528612812
1374,1374,13730,0,0,10,0,0,0,0,0,0,0,0,0,0,0,0,0,286.634392969294,257.755128254313,232.275577527747,245.486841089604,238.495359132721,188.691280911089,348.698210352739,237.706915553521,180.380048610074,247.505662201387,225.857028122486,279.268386708983,270.020635144044,193.427634811812,199.675476392854,252.052786075599
1375,1375,13740,0,0,10,0,0,0,0,0,0,0,0,0,0,0,0,0,233.098229247805,268.147841669275,260.931721684006,249.894746745625,196.454082310382,277.098173732147,343.787794747292,223.968689377131,261.281301038965,186.980373180696,319.003553566822,273.283563575375,254.850255027783,184.752497869833,261.063998858841,196.196264327212
1376,1376,13750,0,0,10,0,0,0,0,0,0,0,0,0,0,0,0,0,223.457166040898,212.340586034252,304.28833607375,258.78976846965,256.2035478657,206.43389323428,371.751552112241,233.516072353352,221.753188408692,254.048639654046,231.820304446028,226.527451206871,231.060916828971,228.700539880657,269.61809251249,230.029719704685
1377,1377,13760,0,0,10,0,0,0,0,0,0,0,0,0,0,0,0,0,310.871894374653,287.544611836341,270.346367934637,181.82939054343,192.627520560843,288.103690544636,366.513633199656,248.923316411032,244.274928339391,233.08884223426,297.188361448423,335.355998988711,266.654003987226,270.167790445153,218.878788853937,183.000463659631
1378,1378,13770,0,0,10,0,0,0,0,0,0,0,0,0,0,0,0,0,253.825597858068,237.06115800161,222.648892471939,272.164229718245,282.396666779464,273.690825780205,390.671405756267,189.450114444074,242.502734624816,291.97457193021,295.390863530053,249.641075718391,236.496632424685,278.406059017344,252.895485438687,294.397778324285
1379,1379,13780,0,0,10,0,0,0,0,0,0,0,0,0,0,0,0,0,230.404455593108,224.475786890054,312.46506799385,363.081634471626,306.794689780559,281.740022450035,373.13260513382,212.442134234397,224.206064457578,293.593122982096,287.863457715901,225.127047035619,229.383924054406,290.529877869392,231.368832062796,181.973041061706
1380,1380,13790,0,0,10,0,0,0,0,0,0,0,0,0,0,0,0,0,257.211279347072,234.585731295481,283.448223123228,159.788304998615,212.130851248857,238.891749125912,357.852993297418,232.040138329257,253.877846427339,249.691683748348,216.217187843425,246.518659540503,252.670150465363,241.457623053341,266.654162414918,269.634602003671
1381,1381,13800,0,0,10,0,0,0,0,0,0,0,0,0,0,0,0,0,259.904734030896,275.405374299589,312.846139709853,243.660005235059,228.393570679598,259.561949162716,403.876343914027,286.230232334539,265.993116311705,207.092046783166,267.551625514742,309.228007778072,273.136487595872,278.738307920369,236.190824746214,328.465118637582
1382,1382,13810,0,0,10,0,0,0,0,0,0,0,0,0,0,0,0,0,307.41289840681,276.380537136959,308.240750750953,273.658919498138,225.831391709572,251.402946744052,379.004330575611,249.761087989888,260.724795579296,192.467866201045,233.761228584403,217.85638068162,319.854714583521,187.31182529568,191.71711100879,300.628162102071
1383,1383,13820,0,0,10,0,0,0,0,0,0,0,0,0,0,0,0,0,273.809884588065,286.831993824988,254.676594302771,289.537476009657,259.563797368348,243.86789727704,387.064238867487,278.151768372419,268.725934787634,260.927290918253,256.427675932467,268.039778001264,280.237663909209,265.252153018972,242.342878041022,252.290047081433
1384,1384,13830,0,0,10,0,0,0,0,0,0,0,0,0,0,0,0,0,260.647092376649,271.21982321957,221.034214461533,320.913362832218,216.197828754675,259.851979625832,361.355255423951,195.026734764233,272.399751644939,285.876102023774,265.783740438017,243.888070432818,220.362368096594,222.45285863266,287.907152720994,187.202509968753
1385,1385,13840,0,0,10,0,0,0,0,0,0,0,0,0,0,0,0,0,217.223065433642,270.941722114372,205.116792669869,290.105757357975,222.341795184368,251.290438181008,396.322132553941,250.606991128345,245.169941617211,263.836344341512,210.965184944017,217.468599994284,213.493784396788,233.03474341481,233.279040057021,208.234002092686
1386,1386,13850,0,0,0,0,0,0,0,0,0,0,0,0,0,0,0,0,236.453388565629,231.148473885812,228.447201273366,270.960965628612,279.343908156825,202.157406930378,390.387070210897,294.841402087453,281.669204108424,208.486489040433,270.749848288992,204.956587122589,228.095118219276,176.118409116565,274.145038577946,154.51098849822
1387,1387,13860,0,0,0,0,0,0,0,0,0,0,0,0,0,0,0,0,207.807767023719,251.176507285719,215.221709163169,275.351505538612,337.121665138537,258.6663611468,392.470172120706,302.723747214836,272.6305764478,290.752595808219,248.389726995586,228.48486781919,300.287523238622,205.466007942755,281.6462750574,269.024116972667
1388,1388,13870,0,0,0,0,0,0,0,0,0,0,0,0,0,0,0,0,339.970678554362,240.564165113599,290.991852012162,294.88143737666,241.52523835576,237.881974404908,375.470965970765,267.736613820086,225.491055918283,277.349965932863,246.248654969632,202.191021502181,251.885283726479,179.881795962011,225.3434186117,253.117966784353
1389,1389,13880,0,0,0,0,0,0,0,0,0,0,0,0,0,0,0,0,177.094452524256,220.801586421049,283.39340667073,301.326678502393,299.595060488983,224.542204028988,396.084407623401,235.8976092793,218.548996970649,275.681369404501,198.225219193375,257.696457979939,248.174369835328,300.084176946532,307.499489231249,285.823998033722
1390,1390,13890,0,0,0,0,0,0,0,0,0,0,0,0,0,0,0,0,291.01141982325,213.220679713556,217.612387722385,291.134600980242,177.672364524427,280.342115282977,367.738304162368,230.41457509733,224.830640780697,238.551636539465,203.783317525421,166.377969604971,183.12930564188,237.227330229668,282.079266033928,272.141595339262
1391,1391,13900,0,0,10,0,0,0,0,0,0,0,0,0,0,0,0,0,263.828233244439,262.327916928993,233.982983444464,265.361291953752,301.090056903979,295.063910275076,381.217696819993,268.353578246665,230.239076857138,292.867515562044,248.241794601814,244.830311158317,293.702294242091,321.199144881309,254.678115234603,181.41728889302
1392,1392,13910,0,0,10,0,0,0,0,0,0,0,0,0,0,0,0,0,230.036463991366,146.216774211757,171.285795578282,273.546752933325,199.930797553461,287.187155776477,360.162117077433,296.305818350375,251.615467429529,238.040945773622,171.523756604579,216.738830539061,267.912250916556,236.389974233173,280.5267513226,289.822353449542
1393,1393,13920,0,0,10,0,0,0,0,0,0,0,0,0,0,0,0,0,252.876844906804,281.793650022631,275.744157965114,202.595740157448,279.111101360845,275.656446414976,357.128372330243,234.51998404694,231.660123654925,260.194896978845,253.535727115096,224.766253967218,231.184368818489,161.53963004843,264.949582079865,255.239338477512
1394,1394,13930,0,0,10,0,0,0,0,0,0,0,0,0,0,0,0,0,237.1040324397,248.568674447074,264.956999010501,223.52494051697,282.419094476463,270.361430485635,362.838552015384,269.568867266437,303.765316360472,187.01339583309,211.29020520932,309.930494312767,223.542147859693,228.98580931224,257.220111855924,228.95749951958
1395,1395,13940,0,0,10,0,0,0,0,0,0,0,0,0,0,0,0,0,202.793553129691,251.024161512776,192.838428455075,227.980711896105,212.722663665651,212.156327481958,367.694875961702,198.923685062404,271.26883375441,280.816092716502,234.705539528125,287.849499155029,269.900544522373,241.939696444602,202.492029457762,295.343106718139
1396,1396,13950,0,0,0,0,0,0,0,0,0,0,0,0,0,0,0,0,279.68328935503,254.612792730383,253.966041117266,259.51744596014,286.497018403634,237.651122260436,348.230960476307,284.699557327142,255.592147444521,272.610367392386,284.488662645305,250.478177938235,217.64626545766,255.748280199671,211.799625778922,254.838728614455
1397,1397,13960,0,0,0,0,0,0,0,0,0,0,0,0,0,0,0,0,245.331775232778,211.600049077835,266.952304300661,259.66540923598,259.869524589231,269.540621963411,371.01487277379,233.98415289254,311.200162665159,243.978423553552,246.665692681284,243.11837965852,264.964316227882,240.879561691557,299.235169485072,242.622531393666
1398,1398,13970,0,0,0,0,0,0,0,0,0,0,0,0,0,0,0,0,229.746324972281,251.402675056324,266.208697130756,194.755389253628,248.727820794427,306.885023116287,360.632745458456,261.385516093444,249.294879046283,182.871702257311,289.03693071495,231.819262356135,284.260680835982,210.604429672136,300.214300448655,209.745969443251
1399,1399,13980,0,0,0,0,0,0,0,0,0,0,0,0,0,0,0,0,145.857637325734,256.182707200828,255.144603615224,261.498097478811,241.797503061106,269.294121913742,358.575001004292,252.592524386277,157.08944395729,210.398231730972,280.462596433447,247.956149666541,221.175260914541,285.140022366153,224.488608691109,258.575313087399
1400,1400,13990,0,0,0,0,0,0,0,0,0,0,0,0,0,0,0,0,234.703191659984,221.319044153397,308.774670995237,237.131635863954,209.650870082414,259.524400698119,360.540015206615,254.511388269484,248.157549657915,271.200003937136,218.959186364902,290.213641838985,267.764575176262,336.449112648571,195.692224445428,171.249274180522
1401,1401,14000,0,0,0,0,0,0,0,0,0,0,0,0,0,0,0,0,285.81107872343,245.923524818463,241.263156871419,237.425644732553,215.287391283133,275.137466743885,353.496771477137,253.744073424701,233.841694851453,219.02071633604,234.628435306208,248.772973176494,304.141195456848,255.659713357336,293.854940878363,235.216638832096
1402,1402,14010,0,0,0,0,0,0,0,0,0,0,0,0,0,0,0,0,210.829975719796,244.69980251289,233.437273674194,227.99458214502,246.60523999335,226.146888558172,334.165655949075,264.869761561465,290.828749258421,178.448270228574,280.69175872196,225.92391549333,200.370067570576,260.010839986525,216.913068061475,223.018272235945
1403,1403,14020,0,0,0,0,0,0,0,0,0,0,0,0,0,0,0,0,244.615776841431,218.705112226559,225.366035466111,235.753193654389,278.329590384951,215.428029173712,334.338402132596,257.555565574897,255.473250723447,283.304409662747,221.644557573446,225.248851798123,249.172279280775,258.932563029721,245.562417705209,197.774283434764
1404,1404,14030,0,0,0,0,0,0,0,0,0,0,0,0,0,0,0,0,267.605040175238,234.293330922463,274.003525357916,298.68447622627,227.23738126224,267.91268415699,325.632382443161,270.84369819681,243.643353011721,218.970143222688,230.396700559309,235.804430283326,214.07998981496,240.640712879691,278.635238019849,217.738291135791
1405,1405,14040,0,0,0,0,0,0,0,0,0,0,0,0,0,0,0,0,275.991928620429,222.632483793674,258.726388699717,310.400632831021,213.383072017489,223.117595312953,324.920522272011,236.562682691242,242.108274455244,220.27305509173,243.245144044539,285.154932799959,263.034874329081,184.431291998467,252.409891540046,177.544843600211
1406,1406,14050,0,0,0,0,0,0,0,0,0,0,0,0,0,0,0,0,197.078852164206,197.008073797647,222.917323218039,230.876053307513,301.532821986034,281.496371878156,317.518044067332,236.614417787619,212.339968146517,268.365124211406,237.567021153455,217.881143118949,225.178847247287,299.279254524103,303.40830675682,231.216712958612
1407,1407,14060,0,0,0,0,0,0,0,0,0,0,0,0,0,0,0,0,232.932893326331,208.775851196762,258.984590406022,300.473366005003,280.718103246457,248.774370939173,318.837363785471,239.124938940537,300.007638763244,245.041656260304,214.193132755063,306.84758594479,225.642330279191,293.788676182089,283.748518054209,230.517439811922
1408,1408,14070,0,0,0,0,0,0,0,0,0,0,0,0,0,0,0,0,284.56824704809,267.986016742592,230.873638246814,249.211468865649,240.298070305256,165.352017303041,297.001210343515,244.562583322241,258.862403284169,250.355151397801,247.357265925041,220.222176871742,245.680894402114,234.10896947909,290.58542897504,155.380242262047
1409,1409,14080,0,0,0,0,0,0,0,0,0,0,0,0,0,0,0,0,242.463956740906,197.233429022291,272.842340990521,182.933119980336,252.450027682321,228.101359148171,291.989049993193,272.831472928518,267.501439427671,251.05492890605,240.97351871867,270.07663051144,203.818397302921,231.220746418805,218.605383425629,258.032158551775
1410,1410,14090,0,0,0,0,0,0,0,0,0,0,0,0,0,0,0,0,279.085283921993,188.320447995795,229.168763460443,275.903755775626,238.071213268003,277.305942920575,301.601677591207,251.429988193769,262.572244903702,239.276594955033,296.185448617739,282.679743623022,232.206147253571,178.974860331301,258.175842368565,281.349195443017
1411,1411,14100,0,0,0,0,0,0,0,0,0,0,0,0,0,0,0,0,246.177104861405,247.655930799755,225.448913712848,260.11768345883,161.470902387251,235.997869590292,303.454981947436,202.940136880703,185.079664576138,181.254224945527,201.772528567633,227.791711219796,211.379437291603,229.338997227075,231.373153854072,245.243977575815
1412,1412,14110,0,0,0,0,0,0,0,0,0,0,0,0,0,0,0,0,204.624582598102,294.147962142261,334.150481858884,259.792371396825,184.493801538904,282.689577335216,274.152051207702,295.141174273309,260.227868110691,235.721694570467,280.940116326982,192.536196493007,216.338380526356,252.999544122522,190.037741814192,306.698274941079
1413,1413,14120,0,0,0,0,0,0,0,0,0,0,0,0,0,0,0,0,275.215780340676,210.763780282,244.387640976589,242.564069000038,177.107828128664,223.485736703791,273.475072855797,290.341718708177,247.924975258007,177.018719821364,242.203856748171,242.66094203093,223.504644103222,201.641032559269,216.335891916289,265.522699595114
1414,1414,14130,0,0,0,0,0,0,0,0,0,0,0,0,0,0,0,0,258.554536569085,311.821392440248,259.550645518728,208.900830490862,231.396671636659,215.48125544429,290.335787350672,225.985834117382,277.117528818057,227.037287314641,275.682601552463,306.633882971551,235.595088242991,272.150420707711,252.132530914979,218.442969157999
1415,1415,14140,0,0,0,0,0,0,0,0,0,0,0,0,0,0,0,0,299.093387717222,334.121381988549,293.295539502807,249.92371411274,256.18022529136,247.257483311462,301.461076918415,258.205979109524,257.972565989044,264.82141226363,270.779980894963,187.050755761473,272.549231012636,242.969083074437,242.878043643709,194.566708068168
1416,1416,14150,0,0,0,0,0,0,0,0,0,0,0,0,0,0,0,0,263.702198334667,262.820093117127,274.632995983941,212.724338091156,210.501477272362,207.52407515332,274.511013965287,294.954397228087,283.484951187114,251.861361342205,216.693681665563,219.633850028251,282.377445236209,180.406589139246,258.60279978713,226.099139302826
1417,1417,14160,0,0,0,0,0,0,0,0,0,0,0,0,0,0,0,0,301.269673692105,198.943466110301,222.655008505174,242.985437375782,276.158075489856,200.767218399802,296.832888770509,196.092626810046,184.864448833524,194.284887615752,266.517127312998,260.066606045909,236.631757246547,276.29563894835,237.822858312129,211.176541746588
1418,1418,14170,0,0,0,0,0,0,0,0,0,0,0,0,0,0,0,0,309.321410955174,275.326322604529,275.210315351734,216.196499904022,236.614310043891,214.092869728278,261.353536856312,185.248092606962,203.296591755611,254.81100452012,290.296340034288,280.469978317294,224.744357758046,242.321135780033,227.579102883188,273.251843441503
1419,1419,14180,0,0,0,0,0,0,0,0,0,0,0,0,0,0,0,0,291.125662510951,235.644981006524,253.041038148998,266.754031024741,190.597891734016,219.973267006572,273.999288816038,226.787454765566,285.75592627077,299.913395350924,319.288593822688,199.389168948635,316.2305473233,254.04168428485,222.131660123969,256.202032187466
1420,1420,14190,0,0,0,0,0,0,0,0,0,0,0,0,0,0,0,0,261.653215239836,241.566956192975,283.312707519181,209.61232420921,211.349063280878,295.549073573574,267.259961294412,281.594770153174,298.790510014446,251.626140529966,249.349005413018,242.999528586376,285.041963845331,273.431133953207,229.179625240363,229.456590040986
1421,1421,14200,0,0,10,0,0,0,0,0,0,0,0,0,0,0,0,0,216.477250376753,160.853211888093,258.129068718415,230.815754890092,249.396068107963,192.191221738573,243.093323865776,225.684115276425,241.378552278694,256.806847555693,235.107831247828,220.87562309919,238.937916859556,271.902025379655,260.785863444904,269.915855602997
1422,1422,14210,0,0,10,0,0,0,0,0,0,0,0,0,0,0,0,0,255.574794991419,269.600911927272,218.642574379759,250.859131711056,220.292301997016,289.612567336702,265.945983505461,216.670909823396,317.085969957956,267.204481375567,215.688652312279,238.517610530743,293.804837561366,279.55095839146,200.217917574214,211.489826114648
1423,1423,14220,0,0,10,0,0,0,0,0,0,0,0,0,0,0,0,0,242.764887482807,265.990358294706,256.346637495316,237.264892524659,238.557251446345,217.190141931834,295.475387345732,267.35257258676,193.752680480943,231.066599917411,265.222590007559,192.665132645699,218.696199244467,228.975445702226,236.858262569286,218.501582627858
1424,1424,14230,0,0,10,0,0,0,0,0,0,0,0,0,0,0,0,0,245.71627171162,294.854272857309,172.968970909391,284.716945623002,268.604876138699,262.728302162601,272.438997474565,300.542385634321,257.023967830947,198.392488003277,251.26883018528,293.428729906493,299.432954992503,212.948884469842,275.312524951537,267.743315062334
1425,1425,14240,0,0,10,0,0,0,0,0,0,0,0,0,0,0,0,0,286.522222785677,289.969515598943,221.208796082864,279.580282557248,243.810657469095,225.158735940667,289.817773115478,269.874343562713,235.368668966622,281.033055064393,228.73837571666,229.191373800766,227.62513124628,353.700974071403,159.019587654031,226.66775064017
1426,1426,14250,0,0,10,0,0,0,0,0,0,0,0,0,0,0,0,0,252.462647517456,214.509751382364,309.283435643412,215.70435880333,185.559604354908,219.296423902112,289.262988330879,226.016864521347,284.269953620289,208.696511889101,212.327464555089,307.98234314301,238.462702264882,213.986607918124,238.111547688643,223.183526633317
1427,1427,14260,0,0,10,0,0,0,0,0,0,0,0,0,0,0,0,0,260.550177958242,276.121589847837,279.255892826084,253.223792418215,201.027888163464,295.020568585417,296.389647237991,290.266056574793,222.544417949415,211.47408330072,256.870650288309,287.137674031335,314.360467524751,221.252717668871,250.65649960132,246.939989153925
1428,1428,14270,0,0,10,0,0,0,0,0,0,0,0,0,0,0,0,0,306.256630253132,253.185151424117,243.80171725835,231.253769397537,252.885233764196,252.713322781247,323.753101099602,191.301869980393,186.133970160708,197.421558151133,256.240191710364,234.768740667499,275.937800263156,198.134419195469,225.92043203185,273.346866702099
1429,1429,14280,0,0,10,0,0,0,0,0,0,0,0,0,0,0,0,0,233.913299462538,312.680216446862,244.829292018452,223.665496285793,287.928038632825,203.136450013416,314.824615367605,268.154813397557,288.785045654253,237.419798248212,228.553943687026,224.748600378317,252.140082946483,271.515896670764,178.096827128183,194.802865459701
1430,1430,14290,0,0,10,0,0,0,0,0,0,0,0,0,0,0,0,0,207.641329220726,259.068676241018,262.339323916726,311.14333933733,219.144203400981,237.926536839677,325.234240384001,199.052003177089,284.301548935616,274.071376430205,210.575953127945,289.885311351303,245.330514485862,293.601281124228,292.629782909015,225.453373749306
1431,1431,14300,0,0,0,0,0,0,0,0,0,0,0,0,0,0,0,0,263.982242391179,222.480069439597,183.147085118273,201.382345907295,179.19948396986,279.448192655101,320.17899715072,218.394725751342,220.951540895258,198.860708653256,254.059243692219,235.406418146651,285.466154769734,267.630818821115,224.412354431052,233.585348861713
1432,1432,14310,0,0,0,0,0,0,0,0,0,0,0,0,0,0,0,0,204.716155926166,273.392212311694,238.136304730165,280.079173951084,311.973965622146,261.690922609992,325.313883718974,214.77426472543,217.719242083942,337.22322046556,234.743377821605,168.050698899308,250.81085522738,282.475000838404,242.629537781117,264.279722748231
1433,1433,14320,0,0,0,0,0,0,0,0,0,0,0,0,0,0,0,0,218.172745710317,243.656637972011,259.565108363789,254.181041216886,250.563954153548,243.338181753351,337.263634463752,296.746057812207,315.043962036194,289.093982729504,253.478081472807,220.743738966798,234.160487847543,268.425688793352,225.31750966592,244.640218127162
1434,1434,14330,0,0,0,0,0,0,0,0,0,0,0,0,0,0,0,0,264.421112061158,243.417066677266,269.733686595434,247.451367564207,267.609246581441,233.021574121156,346.894475003206,193.793807501364,261.50974967753,295.361185957307,209.92800652742,252.462811401256,254.397877262218,269.638169491409,261.787144722769,219.194995698117
1435,1435,14340,0,0,0,0,0,0,0,0,0,0,0,0,0,0,0,0,282.434300137209,274.958336433937,319.662879959887,232.565465766146,243.484960977507,236.766024251774,332.046267334363,307.589260176797,228.439819935311,200.610811313681,275.609681939182,194.88999970591,246.285921574558,225.034126256021,330.956587975328,194.087779521584
1436,1436,14350,0,0,10,0,0,0,0,0,0,0,0,0,0,0,0,0,231.452067935366,203.357576024361,177.980113331791,228.958179814921,247.31324027086,252.411874150995,334.404488479306,234.617154402408,261.913617939044,291.205234126696,260.90609666699,264.763975980158,296.338874802661,292.756097837705,237.288392868596,266.085981784159
1437,1437,14360,0,0,10,0,0,0,0,0,0,0,0,0,0,0,0,0,233.455608051373,275.044606464632,272.146787233111,191.083264187009,280.775775882898,310.87397496976,324.350803694841,288.37695610863,255.119129367344,244.501171254151,303.885841993627,275.607075796627,273.781301478538,203.86720319431,205.880979468641,230.412755900648
1438,1438,14370,0,0,10,0,0,0,0,0,0,0,0,0,0,0,0,0,325.019908398035,226.682794067024,214.483055389372,161.622492431103,279.848711817628,239.353096365544,336.441403114614,209.269074949522,273.08565413534,302.126546851588,344.637754137626,262.64382140438,205.855610414209,226.563745692906,208.669347950725,204.895202700255
1439,1439,14380,0,0,10,0,0,0,0,0,0,0,0,0,0,0,0,0,296.872620005053,292.072125389511,217.087681928568,263.188338219938,171.217161963925,291.504560144096,347.43039778489,240.282710230159,174.517399221961,299.711758746772,251.944379754802,240.051637209996,242.434161234101,270.707898606039,224.442516123841,242.502914879838
1440,1440,14390,0,0,10,0,0,0,0,0,0,0,0,0,0,0,0,0,240.043574693387,292.924159042571,238.690588677269,312.439433309606,251.210941823144,184.650495469149,320.371332111233,261.096993245062,222.578698778108,271.161586172015,256.12783574664,323.431602240382,247.96973521992,204.02873128608,193.817322571535,208.68014752893
1441,1441,14400,0,0,0,0,0,0,0,0,0,0,0,0,0,0,0,0,248.614623810632,250.090817825649,340.876790792589,227.89636425712,295.168637545872,272.876341491744,322.302929101966,197.49351509878,260.956419090724,221.062366934353,184.436508060917,295.685287856756,269.346173808967,241.880850135588,227.284053397493,256.715351331611
1442,1442,14410,0,0,0,0,0,0,0,0,0,0,0,0,0,0,0,0,223.929726633953,221.680128803776,255.731398357602,212.195484592551,179.520789370582,289.986287757876,351.50921554655,189.796234093245,331.375428188323,231.998893588083,281.237731332454,219.452022922206,197.706218630139,279.866252279034,280.986429195564,277.79844593816
1443,1443,14420,0,0,0,0,0,0,0,0,0,0,0,0,0,0,0,0,285.452539913477,253.33649598418,261.699604373868,312.565084961946,268.68058645454,270.824365938825,322.037336493823,242.062280255215,293.138796711802,268.482522976339,261.379818143759,311.701941074815,255.900852645977,216.959131818917,232.392254461773,186.414415552633
1444,1444,14430,0,0,0,0,0,0,0,0,0,0,0,0,0,0,0,0,318.388714385457,250.933739721806,299.213191017331,243.343665212929,210.518777118961,249.648116115235,353.933699592155,172.953390190818,214.27433840033,248.05951527377,181.00465920735,269.619969740478,301.797589824268,270.222754275979,276.352688249652,249.285865684409
1445,1445,14440,0,0,0,0,0,0,0,0,0,0,0,0,0,0,0,0,265.80140529559,228.346712842476,259.166366913127,256.026831930297,273.851321588324,251.730466487195,340.993759644304,240.211240337667,212.507103586867,320.674929556315,252.006020906328,248.006135696452,235.187878805378,304.466919776224,226.536222355101,207.32658049647
1446,1446,14450,0,0,10,0,0,0,0,0,0,0,0,0,0,0,0,0,175.590943513684,255.491369554588,202.833449662184,197.089586128917,294.116935264282,248.854680986982,379.124515513689,270.78506884176,290.909206235242,272.961374862642,214.938306614764,239.003570101647,216.451175279149,236.273644976132,258.386581284088,225.535132030211
1447,1447,14460,0,0,10,0,0,0,0,0,0,0,0,0,0,0,0,0,285.867170765222,289.323944862307,272.793598919407,208.681568489529,211.276181017498,271.984227135351,340.367523650633,214.405579468121,260.413461555133,279.907355104317,273.355487517631,221.952157088213,231.04120931808,209.13142307521,216.766476357068,256.066337489542
1448,1448,14470,0,0,10,0,0,0,0,0,0,0,0,0,0,0,0,0,215.874222803638,288.771555392228,231.51238541914,273.130751568697,247.96105393995,226.260177144682,328.276195298333,269.210505377234,270.36989979437,267.379789245656,269.280747435165,296.526609192235,201.481288063748,241.08113293588,269.497414532741,246.179476693325
1449,1449,14480,0,0,10,0,0,0,0,0,0,0,0,0,0,0,0,0,287.902705568192,288.778237120493,239.299278476066,262.304793710339,212.089758179579,221.491896690522,346.446120975477,163.023051461501,236.347204840219,202.901662883744,249.124477309427,252.203868625643,270.927243959875,294.439947125777,215.641556734694,215.731131648933
1450,1450,14490,0,0,10,0,0,0,0,0,0,0,0,0,0,0,0,0,237.525600192481,281.624993471147,271.79465713088,301.551299808005,251.797817514754,252.244008445253,343.373432433881,273.069098956306,283.954075650229,226.761506254845,223.954708013747,237.142520037152,259.352574152562,276.654796201512,234.135900155531,231.500634249288
1451,1451,14500,0,0,10,0,0,0,0,0,0,0,0,0,0,0,0,0,195.925564457437,237.05648105576,234.734283439535,215.910220433011,219.500302705924,202.219415166954,337.650815775718,279.191672626698,250.838406176598,279.865563394902,267.774664415003,259.547184020228,220.951698820274,204.661927219486,252.033817272807,232.941179563774
1452,1452,14510,0,0,10,0,0,0,0,0,0,0,0,0,0,0,0,0,207.220000167433,333.724517930151,249.905130641552,240.499451039897,265.430841617551,259.258362812991,335.278011032052,263.062553511191,222.643581744246,199.603435738296,287.423359882854,256.228828735302,295.91644603075,292.324864152748,274.679003838502,281.946309306479
1453,1453,14520,0,0,10,0,0,0,0,0,0,0,0,0,0,0,0,0,259.96030087563,155.798157670011,258.482893845197,240.389732846291,292.415869276994,247.73554249528,352.877926602834,225.326828056765,196.319851410051,312.415005430303,248.889571371014,265.498125049653,288.213704989029,179.210775360103,218.327518508348,290.591707730829
1454,1454,14530,0,0,10,0,0,0,0,0,0,0,0,0,0,0,0,0,311.595227132655,280.251686499412,261.278645693797,280.953591557973,244.401360691332,196.969475620183,336.248756894424,230.941164079728,258.18346726826,262.690899688024,252.297641514236,235.951412312402,285.149763493391,276.769031342613,272.631599829545,207.598424924776
1455,1455,14540,0,0,10,0,0,0,0,0,0,0,0,0,0,0,0,0,180.244118606942,279.476778870374,193.196705384192,268.8781120682,267.04908346078,230.889862979559,340.315498845852,251.571585568566,221.385305820396,267.425254174033,200.334398948201,283.484308733457,260.42226009298,296.265939091453,275.929466537204,191.429582604466
1456,1456,14550,0,0,0,0,0,0,0,0,0,0,0,0,0,0,0,0,212.085504723538,219.287213021613,235.828335279511,224.451118451905,243.869899029992,268.672912870552,373.498486150739,227.355326401368,197.427433110118,224.024117301217,289.939165217491,241.680553728522,278.525258260565,328.832912709753,240.15004541468,205.001307440982
1457,1457,14560,0,0,0,0,0,0,0,0,0,0,0,0,0,0,0,0,251.455313793541,301.001111059279,308.576253273421,262.287059055246,264.174120105288,215.362212556307,343.955188921675,196.069637895424,273.169738968478,275.60754723717,300.552136842799,248.652868649827,287.547842858003,287.577612326016,342.694763235207,313.843682889251
1458,1458,14570,0,0,0,0,0,0,0,0,0,0,0,0,0,0,0,0,279.082640737809,231.445507324156,235.600602552127,223.097693780389,272.661648675511,269.015866113725,369.768918402783,237.713078578485,232.372658352292,294.270219288907,316.466941784125,226.408728581029,230.254298033878,234.571969833855,238.750697385149,346.213935885139
1459,1459,14580,0,0,0,0,0,0,0,0,0,0,0,0,0,0,0,0,255.43699820634,223.497994184335,264.551763391012,257.591814519176,293.822967664203,234.481789115536,383.966999034517,273.31695222607,207.699623504805,248.918945342328,248.639570188553,159.007196681801,240.549523537513,190.89805331688,277.386614608586,306.257394421317
1460,1460,14590,0,0,0,0,0,0,0,0,0,0,0,0,0,0,0,0,290.86723146164,276.822332243471,259.036590674942,274.657928275196,249.961050136863,234.507787892794,355.689153217483,241.898400499661,225.028578454159,288.545997534453,266.744907303369,218.295876977575,250.393946057982,241.498351490404,247.466294804464,273.721687376022
1461,1461,14600,0,0,10,0,0,0,0,0,0,0,0,0,0,0,0,0,201.344757094336,256.609536160054,244.446073980231,252.288211404855,196.208585290414,177.229419537091,355.316207573176,307.354492852371,225.255945474483,241.718128035994,268.917309969345,285.583447290589,301.915223210568,229.541526223466,279.721563187132,153.552080335149
1462,1462,14610,0,0,10,0,0,0,0,0,0,0,0,0,0,0,0,0,213.056374745491,261.816610515912,279.360447258756,189.492150161861,152.302052365994,194.06593048806,350.235903523813,153.086803419444,271.767121490706,259.065545976051,201.403270140894,339.44319514653,281.038285833117,302.663406370148,288.333285198901,222.918112300199
1463,1463,14620,0,0,10,0,0,0,0,0,0,0,0,0,0,0,0,0,243.50298771025,211.034481828493,267.361060547664,247.020113106639,234.576182464366,225.608808484818,346.09953803765,259.89710774926,259.261539456937,260.888858104099,295.625487919907,204.200796059375,276.199507588001,297.249111392051,315.958724952193,328.435461908798
1464,1464,14630,0,0,10,0,0,0,0,0,0,0,0,0,0,0,0,0,237.052864661862,222.482837296746,226.714098350524,237.717073576942,271.221165295415,213.991983201657,334.043669194498,214.285379021282,275.14781465261,216.472154651085,236.786495897495,251.364679659982,264.614869990076,159.768909622573,248.760126910611,270.358199238901
1465,1465,14640,0,0,10,0,0,0,0,0,0,0,0,0,0,0,0,0,219.908590881022,216.641045862556,186.868344282255,305.274957028266,168.113726737664,266.051546378436,344.924643652052,202.091037667522,280.392864099188,263.728016947793,208.210193578685,303.958537843203,233.413977411517,205.596633024388,266.313220068723,250.519131986342
1466,1466,14650,0,0,10,0,0,0,0,0,0,0,0,0,0,0,0,0,225.774504908236,253.297282098266,258.735903708712,292.082013807315,310.920607671818,177.214329457716,348.406395413358,233.69041737032,220.072425418218,282.320755100481,252.375269276875,255.288438078894,222.726094422744,312.420125140268,176.632255934491,143.576087012891
1467,1467,14660,0,0,10,0,0,0,0,0,0,0,0,0,0,0,0,0,355.233863832753,183.996377403244,243.952513168791,265.766509552563,265.334986264346,283.823203762102,364.768269305509,244.702017522031,249.512895776061,276.438091570186,228.663762070519,193.491667175977,288.62907542403,264.082732695319,265.710922652627,294.604958353567
1468,1468,14670,0,0,10,0,0,0,0,0,0,0,0,0,0,0,0,0,259.035477210773,244.375363459846,264.464843696461,281.145682594963,195.207179796606,228.507430934662,348.067189909623,263.055815146181,214.822743731857,250.898564098652,230.990318567166,248.15111782626,333.472359702471,265.241300351598,214.738836038065,198.921815564905
1469,1469,14680,0,0,10,0,0,0,0,0,0,0,0,0,0,0,0,0,337.993911577176,249.624774590511,236.020792885108,300.57707830646,220.007936837706,260.172668094591,347.176969051345,250.774375767831,279.179671637467,261.806362537169,304.074724748434,330.684766108937,255.481891527713,293.108009170335,214.775988103345,270.413514125473
1470,1470,14690,0,0,10,0,0,0,0,0,0,0,0,0,0,0,0,0,252.770383357687,217.10955787353,265.537245527511,212.172099543026,247.425086627171,236.412243791121,377.586099809307,294.839446685888,245.323850014827,228.508743893586,273.35797661225,245.061825548713,272.836769924572,251.086481377585,217.250835401479,248.688453555586
1471,1471,14700,0,0,0,0,0,0,0,0,0,0,0,0,0,0,0,0,299.057447603518,314.806589024199,208.796530800364,202.630527168391,237.752846718973,249.78360935317,371.700628348815,285.095842146574,190.115658273354,269.041188804525,223.563654816621,259.267125345138,242.982748102388,227.271667560719,311.285076610466,233.054503651996
1472,1472,14710,0,0,0,0,0,0,0,0,0,0,0,0,0,0,0,0,308.415243772414,182.817043852877,235.605478981672,256.58847261849,301.247511140384,231.68388341256,362.924923118912,198.977694258593,221.935464306108,237.334207742825,268.023046816311,259.682648850257,242.858264878139,279.345456847098,331.3838331936,234.200028817518
1473,1473,14720,0,0,0,0,0,0,0,0,0,0,0,0,0,0,0,0,271.650650986114,215.783420483563,225.92687345028,280.39834679112,240.879724802863,265.976026692867,371.941861687758,262.937741126814,212.395195563677,225.749746793829,232.250158672194,245.664106701538,233.998956254754,235.660869869807,259.303278658218,278.30865534916
1474,1474,14730,0,0,0,0,0,0,0,0,0,0,0,0,0,0,0,0,271.780953835887,289.256904994002,236.346776063112,288.356669277738,222.350248234893,175.712086761696,349.972969685908,245.237290925607,319.829834702214,298.866050553073,198.577785180471,227.325535037928,274.045616955658,240.424387896385,238.144363384784,232.972265462476
1475,1475,14740,0,0,0,0,0,0,0,0,0,0,0,0,0,0,0,0,271.243278449281,271.965305909412,214.674691827186,247.572717030139,264.305082356697,238.268443332911,355.026781743208,196.731368067004,229.920702206328,233.745887120254,241.19727130441,217.339130226566,300.077126725244,242.350881873648,290.198155268293,189.132331273238
1476,1476,14750,0,0,10,0,0,0,0,0,0,0,0,0,0,0,0,0,252.529288947058,207.928742671519,256.454201190707,306.382466736338,203.772594940771,153.715780035721,343.749767004437,268.000812319424,260.551370229747,263.417402418065,249.909113505802,278.539567942415,210.449397198695,298.742090593625,249.82805930502,206.578831792065
1477,1477,14760,0,0,10,0,0,0,0,0,0,0,0,0,0,0,0,0,256.434365699154,253.321983252574,258.028814943672,160.583780584398,259.53614558314,238.69222944096,337.785259540376,237.653531100556,293.59355025762,203.713808297189,243.721966652538,229.520946480469,258.159591963883,317.414749399146,221.403532679369,235.350249267916
1478,1478,14770,0,0,10,0,0,0,0,0,0,0,0,0,0,0,0,0,214.522445108074,261.019699652888,291.176125834533,225.151437213825,212.265911599437,203.194210167038,337.630819763403,305.834310222923,297.542312363501,285.421965679786,196.030020890203,235.119653011037,283.916128064779,287.145036387405,258.34353320703,302.784209589298
1479,1479,14780,0,0,10,0,0,0,0,0,0,0,0,0,0,0,0,0,240.534016869425,263.317475470658,190.317938573972,330.399796761992,262.381919460634,169.571967324325,347.762420420745,307.203764762112,260.666458016719,240.1242154464,288.424543654942,226.394653553109,269.587898666316,284.712525734777,158.289008189811,260.332136796652
1480,1480,14790,0,0,10,0,0,0,0,0,0,0,0,0,0,0,0,0,287.219234610168,288.07795732711,265.799961994703,213.128379241911,259.483134424976,268.816461411908,340.003769109837,241.990743810859,211.815398485396,267.225434817039,268.621380029878,347.666232571238,169.664527883825,251.776509543349,185.802047477248,195.181392769422
1481,1481,14800,0,0,10,0,0,0,0,0,0,0,0,0,0,0,0,0,245.74096900065,256.650232421249,224.560582913736,256.146868603198,319.113711878923,319.656048911443,324.714549890358,266.47416477336,212.512368270295,248.771923410235,271.793371733922,343.152138751937,276.97206329883,264.689795982226,224.212040286886,261.435373269783
1482,1482,14810,0,0,10,0,0,0,0,0,0,0,0,0,0,0,0,0,216.923068823306,220.941329820507,185.761000077156,230.730212320518,201.598827529795,249.623039019575,357.631286485522,284.19766946145,169.936186830482,291.754431364867,283.187949377249,256.346939361523,256.050557935325,267.107530383048,297.840832177997,215.379687892233
1483,1483,14820,0,0,10,0,0,0,0,0,0,0,0,0,0,0,0,0,256.347894381195,193.24708257681,263.770973126892,305.570234525333,336.721718063348,276.72394327898,359.26831065348,255.973213084195,240.825147024895,324.862041955238,273.978085911622,233.15097012857,219.474969459397,287.636648574772,329.497650712102,233.988102195711
1484,1484,14830,0,0,10,0,0,0,0,0,0,0,0,0,0,0,0,0,268.166500658276,250.027084331581,201.992075814213,266.334785672921,221.253476997934,249.53134742855,360.793218635892,299.852887437177,251.733527719935,203.963488896232,222.736336155377,221.479462670985,245.504992110466,227.34161515504,199.588050992975,259.610939411951
1485,1485,14840,0,0,10,0,0,0,0,0,0,0,0,0,0,0,0,0,191.519991903301,177.671955139543,275.145095288364,253.415255081185,321.103005844442,232.66394251335,373.723098349429,322.130930477523,270.889726609358,201.863924911864,243.123535367145,304.37159990014,288.991400663686,135.735507747088,250.771500062311,254.025701671543
1486,1486,14850,0,0,10,0,0,0,0,0,0,0,0,0,0,0,0,0,240.648112422734,257.715406489726,224.361726523286,223.299107564311,206.165083510333,223.716428721344,373.725356771803,221.166188237716,235.799026289728,234.917327255707,173.25225210006,261.672005180865,235.543499909312,201.650577980885,271.540002346032,292.44578519188
1487,1487,14860,0,0,10,0,0,0,0,0,0,0,0,0,0,0,0,0,276.188207822093,272.815759736648,265.064188317345,282.38851010248,274.414300415476,232.265435831449,364.1489783129,204.751258622119,215.174656367475,221.017038076094,205.611901719459,227.440815178794,248.894361867876,260.780291880362,216.879076887964,248.977489149596
1488,1488,14870,0,0,10,0,0,0,0,0,0,0,0,0,0,0,0,0,291.544256996057,223.792883480233,181.226466419933,246.943952470912,213.388727756286,262.200376154092,382.947773253175,290.086215424171,240.277466335981,254.1786488567,227.645395399531,191.326375971649,205.358404536727,234.307038407098,269.689064530078,204.389439647187
1489,1489,14880,0,0,10,0,0,0,0,0,0,0,0,0,0,0,0,0,273.373819519541,309.685614948447,253.018212452974,317.838649722665,299.822977054392,273.531940834434,384.587363974372,271.218502723819,257.238940124329,210.01971381047,237.704554357027,221.166033149218,300.496237806575,200.349729399387,218.392811508563,278.153870253449
1490,1490,14890,0,0,10,0,0,0,0,0,0,0,0,0,0,0,0,0,276.281121602936,265.77082797787,212.014508273528,242.699591795925,292.09762882436,203.770921142399,404.187935432006,248.606956278721,233.891427190549,241.469844400535,250.364325001966,273.105123372974,262.581942206724,352.283652503742,260.047675827398,184.155064109359
1491,1491,14900,0,0,0,0,0,0,0,0,0,0,0,0,0,0,0,0,285.554238161048,257.365754055621,202.930394689985,243.199742521543,284.443737134474,281.563760646966,383.457102882328,286.370741345717,317.815448364254,277.462890509438,236.414115470349,292.478593696048,267.09102662906,257.473282886675,163.221629476909,206.321355869024
1492,1492,14910,0,0,0,0,0,0,0,0,0,0,0,0,0,0,0,0,269.643411021149,302.788897966077,220.376834659711,200.004286326378,206.924812810787,255.254331892646,397.479417975442,249.317656080245,253.632275429881,185.936487546572,230.864160239732,215.395771271279,203.129380069693,194.603418163323,273.84902280854,220.844249338659
1493,1493,14920,0,0,0,0,0,0,0,0,0,0,0,0,0,0,0,0,267.162391430205,246.809301471918,217.716784435534,304.586547474331,296.401310751634,269.829290892103,402.690810978388,324.171328558076,303.743152711906,301.53545112271,276.030804257943,290.044242484334,290.138116671092,218.261636223003,285.313120660016,268.793848907603
1494,1494,14930,0,0,0,0,0,0,0,0,0,0,0,0,0,0,0,0,277.25433242494,272.180108742623,199.229880315224,268.405738148879,251.38477359471,225.532635425365,375.760533016922,245.878526767936,333.121264106846,205.037326665891,241.082028061214,225.184657823694,255.926390590381,207.515318654098,232.809171063582,306.83501526784
1495,1495,14940,0,0,0,0,0,0,0,0,0,0,0,0,0,0,0,0,238.781808394149,227.449457176171,275.929412168885,254.117594011634,246.623803630586,310.888909160743,353.91719109761,237.335463524559,303.517725435345,221.219970500652,285.103717379461,288.253336183232,290.380969823631,226.576118342357,324.138035092113,233.924624771077
1496,1496,14950,0,0,10,0,0,0,0,0,0,0,0,0,0,0,0,0,235.824461349694,262.299820769957,237.856843537643,267.153838843994,314.416136371221,222.527628774806,365.583882090791,233.764083858762,275.831587333086,279.299105129667,240.637443705258,286.210372092525,297.119522723003,246.408721328592,253.990718794058,221.843199860573
1497,1497,14960,0,0,10,0,0,0,0,0,0,0,0,0,0,0,0,0,303.197223814038,255.224491421882,227.221991967155,232.259121507236,281.378766388492,198.711701610116,364.679758391501,191.1662346433,293.048363902746,284.816358437004,226.695428138318,223.81961840465,262.42623487556,217.292562135651,267.472629813125,254.072298712446
1498,1498,14970,0,0,10,0,0,0,0,0,0,0,0,0,0,0,0,0,266.914791819131,252.044014401492,264.204018316652,225.135420217922,209.987448543948,277.544917692664,343.737090707811,262.646197823424,275.501268535747,295.214375196043,276.238776053077,214.465880874196,259.877410601157,224.848450580412,251.752606665624,207.692886146505
1499,1499,14980,0,0,10,0,0,0,0,0,0,0,0,0,0,0,0,0,251.705771402977,243.0644213615,236.364516870011,259.000512730725,187.427816393022,254.671964866054,359.819901609112,255.925695482588,236.406788939648,291.327653663676,256.594834584801,311.277383619762,223.608353983662,313.649174085452,157.380020232223,271.447674354307
1500,1500,14990,0,0,10,0,0,0,0,0,0,0,0,0,0,0,0,0,302.026532165737,264.607849743502,203.293725516832,311.860320780576,264.612003464231,292.3352372404,353.146035282896,282.632010026104,290.856534149176,263.472035389839,252.419897794225,258.360962035664,285.828696902978,275.569834410233,242.590422194832,275.891481396199
1501,1501,15000,0,0,10,0,0,0,0,0,0,0,0,0,0,0,0,0,289.795929254528,259.503598669247,198.755867832365,225.350740212155,230.163106386907,214.939869714857,355.80445655902,273.769423291585,330.145490824682,278.553674493182,205.401736162697,289.857418898137,302.580005251494,265.260495393621,168.737556656706,210.054857845505
1502,1502,15010,0,0,10,0,0,0,0,0,0,0,0,0,0,0,0,0,281.135578577262,294.330896186445,196.392813735126,255.176690883169,198.089852033241,276.99295685717,356.668058849227,258.062392734159,250.056620948622,241.374356133588,263.508001187499,217.535742950305,235.712602394809,279.87704040422,232.232102221444,278.146157859988
1503,1503,15020,0,0,10,0,0,0,0,0,0,0,0,0,0,0,0,0,250.495049064643,279.181576227835,235.970908538515,210.071728573022,224.404886788287,221.881544906559,370.790790448013,359.979683067842,212.487362727368,276.18711614859,258.756271909728,223.350252277658,241.150954866943,295.123902642336,301.189844880562,282.345757782171
1504,1504,15030,0,0,10,0,0,0,0,0,0,0,0,0,0,0,0,0,230.994033530065,236.952135860405,240.211306783884,285.196627876046,322.429703720738,211.474042718596,371.102853175457,265.733364160735,214.533121589983,228.401525318147,217.739907282369,217.920800686788,209.652297104987,260.317551296971,236.81009026495,314.581486410477
1505,1505,15040,0,0,10,0,0,0,0,0,0,0,0,0,0,0,0,0,247.646024199896,263.85764664393,224.091984758735,260.640032164176,200.99821403369,242.084200759035,354.9704170224,161.746916040267,240.116414823148,239.136523006237,232.336336052038,232.101754403274,210.613046513943,206.382449174637,194.998387074887,245.447841055142
1506,1506,15050,0,0,0,0,0,0,0,0,0,0,0,0,0,0,0,0,239.281949777589,199.907203232106,226.597333661206,286.54726811294,233.763538340107,274.677520139183,386.430300325717,262.937779042011,287.924570708426,259.56597518789,234.152859568842,210.417573132711,230.933495152634,215.00062776468,265.522189375948,242.207882236676
1507,1507,15060,0,0,0,0,0,0,0,0,0,0,0,0,0,0,0,0,267.416009627219,275.434666328079,236.173002599511,237.335166832116,230.493605005164,285.400252260248,377.318793209231,320.89976705502,263.913558961512,232.029003861599,249.615659841116,272.989929593208,229.861145180295,301.053757405973,207.935456770616,297.423835510391
1508,1508,15070,0,0,0,0,0,0,0,0,0,0,0,0,0,0,0,0,182.439107679207,231.097953783783,274.717182819991,193.974171086438,265.700257701158,297.399346494518,360.317791067159,239.23033417655,258.31790670271,202.2134144341,262.033170607975,280.739605597481,278.863772703719,285.183798126869,296.415340245207,252.784791440918
1509,1509,15080,0,0,0,0,0,0,0,0,0,0,0,0,0,0,0,0,209.968999390243,304.269640123402,285.062491365816,278.951135197356,289.836944233381,303.798521993873,381.790361788354,225.052151955382,215.541086366006,177.394262649967,227.364374698503,243.397242954194,273.270961041052,270.498454266898,273.480085859799,257.333362845984
1510,1510,15090,0,0,0,0,0,0,0,0,0,0,0,0,0,0,0,0,280.938533972596,242.775852406982,193.427001135401,255.61867375114,254.315262290652,204.869697026659,384.338865970002,321.639813422974,214.471396483668,271.628075980887,288.357544664941,234.350622477547,296.715978709349,246.707505687784,196.173319216571,286.838517841025
1511,1511,15100,0,0,0,0,0,0,0,0,0,0,0,0,0,0,0,0,248.122311996264,267.408213864312,218.20124936943,275.665910982252,293.99093119481,258.041603289373,342.260084820694,305.720515893495,279.142624231067,266.911490760005,231.762427052342,276.848202886523,234.456863610828,250.931049530863,243.987293049166,250.505051360212
1512,1512,15110,0,0,0,0,0,0,0,0,0,0,0,0,0,0,0,0,345.607978290554,250.89156329626,260.107832675086,224.954144691254,216.305720233966,225.586708508414,370.569061229185,226.989395173005,349.351921774898,224.726662055126,257.812643947498,292.723838282959,259.433140301176,237.85632750731,163.094479428494,270.058046637284
1513,1513,15120,0,0,0,0,0,0,0,0,0,0,0,0,0,0,0,0,229.106889457641,262.38838701825,286.032221603924,244.977926786863,176.753612398857,240.607618162079,319.870679270961,223.964567562953,298.422445863052,310.229884442998,242.611262406473,221.305802934431,295.667384441039,285.294293709509,294.14838048547,214.054979496136
1514,1514,15130,0,0,0,0,0,0,0,0,0,0,0,0,0,0,0,0,300.527008400476,249.095197190885,249.511147672899,244.898166657431,280.992680176091,227.821456779924,341.381066106126,226.5228588318,264.67443269805,263.312636083701,303.559567420113,250.75985723565,266.919358171991,219.600040845748,208.464794603517,221.919610719672
1515,1515,15140,0,0,0,0,0,0,0,0,0,0,0,0,0,0,0,0,284.014569445986,260.943419594346,203.178765868117,258.825828649332,226.199039717826,268.834581989807,315.532845925031,205.45364812979,283.148833990736,240.407677584364,212.0194497994,269.043765603268,248.734541698004,323.671399682707,204.487675081204,207.097164542238
1516,1516,15150,0,0,0,0,0,0,0,0,0,0,0,0,0,0,0,0,279.81322979221,276.242752852673,337.336960236629,312.599932724694,210.195078006865,324.38533380243,306.73329848967,268.858947376855,224.425439423571,203.865737745763,249.262898263263,332.129851615831,266.354761665659,238.965909077968,252.890965928298,194.595810235383
1517,1517,15160,0,0,0,0,0,0,0,0,0,0,0,0,0,0,0,0,234.802768958906,301.382361363213,310.568421413134,313.023087109553,278.849280800186,235.55487944672,313.465675143615,207.425214631701,201.198247325509,232.973467269049,181.695453269659,297.206172039059,303.722960058471,218.087583335823,244.093218922089,255.3124805529
1518,1518,15170,0,0,0,0,0,0,0,0,0,0,0,0,0,0,0,0,290.942880079081,250.146070753989,311.140093879426,231.365449451197,284.823660889151,191.862199531838,313.468970174607,212.180140522173,251.313976658759,197.736418634744,230.127206247385,237.440476734519,234.833487362882,193.200729520755,194.878645395348,244.431905262866
1519,1519,15180,0,0,0,0,0,0,0,0,0,0,0,0,0,0,0,0,266.569471905957,331.871384531585,202.930776376171,303.844821753117,275.730547910293,270.8748267294,300.379924133988,197.375750276894,237.63605048374,276.834463675434,249.890442567659,180.15056003461,323.68896156649,211.586049487891,294.118252578588,221.003720358509
1520,1520,15190,0,0,0,0,0,0,0,0,0,0,0,0,0,0,0,0,227.566614375077,180.484547074285,227.164164589423,359.272831615325,210.594214175763,222.821404650944,309.819950117348,246.073734348959,272.041037537829,276.513112289768,279.878201117643,248.003603909737,271.170474192915,256.82713448535,287.874574218697,254.294156898341
1521,1521,15200,0,0,0,0,0,0,0,0,0,0,0,0,0,0,0,0,271.180107452321,265.630693013591,215.433524681175,227.802060256732,202.561196026991,293.381769133948,280.567597662707,247.281653566949,265.105939918124,199.841851735792,307.328638936394,286.03097098542,266.18769968523,193.598614002632,253.4852133893,230.742962484576
1522,1522,15210,0,0,0,0,0,0,0,0,0,0,0,0,0,0,0,0,212.072245258902,292.774022775396,246.842984740656,254.688959927049,232.486436212444,336.679062948508,253.647821076881,293.227103421978,348.857313208535,263.418510613211,231.177750714129,233.160272628217,267.855980897226,281.292626735339,313.350569010062,204.36549016271
1523,1523,15220,0,0,0,0,0,0,0,0,0,0,0,0,0,0,0,0,253.158371818019,252.794160138796,219.51779026924,300.836322153769,234.384304843887,221.12618078721,299.026782855283,211.225165075733,194.702004910073,282.597932788543,265.145160711842,279.577602395734,221.3267240047,271.977983887666,217.240358008948,266.022253430899
1524,1524,15230,0,0,0,0,0,0,0,0,0,0,0,0,0,0,0,0,184.827074099711,283.965237813552,247.923933054083,216.359557691314,214.458385871015,284.869306314942,279.387723487815,249.166021828165,230.475857617452,259.327732184604,245.575801615116,225.587867402602,240.218185970928,244.573122186389,267.942190267304,296.964153212753
1525,1525,15240,0,0,0,0,0,0,0,0,0,0,0,0,0,0,0,0,254.930563685184,269.300972920934,236.259381203264,251.766420121769,304.248402052351,244.409328435637,270.250447974069,231.618914246648,317.038105502726,189.35615785386,201.102529364311,228.752850831378,264.298829430641,290.669889765649,235.86636835104,311.335920560455
1526,1526,15250,0,0,0,0,0,0,0,0,0,0,0,0,0,0,0,0,278.667766798724,218.832008495274,245.920438760246,291.989397315143,217.606097925133,287.787527657056,268.526821032937,299.704062546481,219.309521849314,306.866267960285,239.54048205737,236.128957621569,210.968845673782,284.499210872551,273.911126499833,280.003671046062
1527,1527,15260,0,0,0,0,0,0,0,0,0,0,0,0,0,0,0,0,282.26025620553,289.021465000294,230.86890987875,265.427960203811,254.921245101214,234.478483689986,257.954284941397,224.995494090933,181.290828551142,289.343471283702,189.83648923135,215.663625267484,238.787967373424,262.312475432592,249.392621970372,275.512814869374
1528,1528,15270,0,0,0,0,0,0,0,0,0,0,0,0,0,0,0,0,193.369397840811,276.556321875571,268.471804117748,203.047898681527,204.951268314381,248.967182995247,277.955857508197,260.521758382008,326.44709213146,242.924527050763,263.693168230928,242.306380807924,260.409242983899,294.647989741287,202.980295978748,259.981833248784
1529,1529,15280,0,0,0,0,0,0,0,0,0,0,0,0,0,0,0,0,225.4300583601,241.020322956524,285.045896094385,321.819846829967,259.025113483261,183.569908972197,233.092896723191,285.030132864741,225.360123524939,260.562245652395,286.601307582962,249.875150847,265.682686657459,260.924661074515,244.881118263984,227.79229356689
1530,1530,15290,0,0,0,0,0,0,0,0,0,0,0,0,0,0,0,0,220.058105238622,287.826627915051,240.914756368196,296.418152275652,164.506614908759,314.999670605599,266.653343412505,253.538372261888,250.79607073276,207.14907957013,237.453839744406,256.671224504756,227.531927657846,298.768755395027,216.980738854893,220.162484244329
1531,1531,15300,0,0,10,0,0,0,0,0,0,0,0,0,0,0,0,0,287.03417779908,270.590836889372,275.320969447819,249.641491541518,239.486673777021,225.7852383778,267.172346618117,210.291197805055,278.307298884576,255.61602926371,248.626891683924,267.966644158319,278.933325373514,310.51139661111,204.574409987303,211.041578318891
1532,1532,15310,0,0,10,0,0,0,0,0,0,0,0,0,0,0,0,0,192.47875058899,242.084787532168,206.955840557236,221.603163249248,263.706789668494,257.588700967885,268.917253220945,276.425291813774,156.631290470553,291.980708851122,218.763582170153,289.854612587713,220.631859009693,287.665956146023,274.924509168075,211.94153809415
1533,1533,15320,0,0,10,0,0,0,0,0,0,0,0,0,0,0,0,0,266.469397715305,254.762559848012,249.712637112016,271.893393052147,214.256320522639,236.013356178589,270.760052825994,221.149412344738,217.856838023545,314.077934879806,280.850651246181,207.229793597229,283.020138845216,218.826418076951,217.276139104015,265.00000250078
1534,1534,15330,0,0,10,0,0,0,0,0,0,0,0,0,0,0,0,0,267.933752564192,274.19351581054,223.920749490975,218.255830631972,159.777193206691,306.863901592168,293.521961497467,230.132107692845,207.12610945084,271.079219957839,290.558201762512,207.664294819777,198.165751642177,242.702347664067,190.661528474002,261.006214714148
1535,1535,15340,0,0,10,0,0,0,0,0,0,0,0,0,0,0,0,0,263.14201819018,167.011504861158,255.296624938691,245.800486092765,181.212531542365,280.035258008806,292.179023635885,229.188631192932,192.984905314378,232.897789495368,262.995170425248,274.247015621286,269.830813435248,298.278375728063,207.0546204194,323.516050356809
1536,1536,15350,0,0,0,0,0,0,0,0,0,0,0,0,0,0,0,0,278.907687220134,262.638638702029,253.55271727265,245.974135260986,195.547329314412,275.817636509238,282.644827479212,256.276376857909,289.195539848471,275.285776175928,228.922080010696,258.715412073065,272.161235295479,274.814860905279,278.349845141373,221.268981390497
1537,1537,15360,0,0,0,0,0,0,0,0,0,0,0,0,0,0,0,0,260.762283405856,277.496553621992,260.729080440264,187.356594943836,297.924375238888,257.453971134657,290.056009984214,263.255237366546,252.584767997803,252.232123444088,225.393896219752,247.929121995034,203.600911410057,211.136755219577,252.375648450164,206.899425213819
1538,1538,15370,0,0,0,0,0,0,0,0,0,0,0,0,0,0,0,0,286.7520023494,281.467472972122,270.934690436507,269.820695066295,288.052160268433,266.972459265268,312.747751975728,194.922837074432,225.41454192622,313.504091800195,234.138267600758,258.120799457372,275.27214340808,239.177138595203,196.025655359443,262.305022197367
1539,1539,15380,0,0,0,0,0,0,0,0,0,0,0,0,0,0,0,0,283.405871331474,291.605944430553,188.47453173143,273.572580501624,220.847691469623,254.662755064018,315.270719819584,253.640452185662,245.94260801614,274.551438040754,190.343475598811,250.07246056009,256.410077002183,240.454889362779,244.606796972188,172.263576624402
1540,1540,15390,0,0,0,0,0,0,0,0,0,0,0,0,0,0,0,0,243.969419692958,301.595328728633,245.665003670927,274.621710260995,287.337283544472,297.497727421489,298.846172927423,327.554052372726,249.079433185631,249.995136409847,239.583220767097,304.366362937677,326.730964361134,238.228667975842,232.069395551142,279.81137724618
1541,1541,15400,0,0,10,0,0,0,0,0,0,0,0,0,0,0,0,0,256.871379759826,304.195488285157,247.05029858163,255.721031383357,192.677134241502,205.024855782272,305.443539744098,197.163146158997,270.160434193114,283.946715794392,204.226057490524,266.886987182181,243.054500376173,266.51673753689,209.845355765979,281.994434827838
1542,1542,15410,0,0,10,0,0,0,0,0,0,0,0,0,0,0,0,0,217.262626128899,315.452014927047,184.079293843933,206.951766930797,269.28136507621,171.693749344986,318.053550011285,210.618110338262,227.046612049276,230.09154114745,230.111452152013,185.175349920068,301.754428923837,288.785813409036,308.934894466503,260.407462778149
1543,1543,15420,0,0,10,0,0,0,0,0,0,0,0,0,0,0,0,0,283.978036908401,225.111698905003,214.204649554899,293.51208121556,196.491747755783,305.990466919858,310.687566612695,301.530582455471,216.706098866526,250.356064004359,131.653582749659,302.384757014911,302.651813423882,254.376085026589,261.926906637541,242.599237518579
1544,1544,15430,0,0,10,0,0,0,0,0,0,0,0,0,0,0,0,0,223.839218978106,260.734475462688,233.483738145254,217.977670161782,304.058745386097,296.488114337427,303.232391580394,253.118774647733,288.58732469677,308.400850137837,273.914443129066,286.161276195852,270.766666809801,322.640077675735,257.705883292413,320.20486350091
1545,1545,15440,0,0,10,0,0,0,0,0,0,0,0,0,0,0,0,0,265.011870260681,242.975242211314,267.557309120566,235.530974644452,217.531248020841,190.881467774224,327.38092356,258.940267131638,291.329033252293,281.355391509052,237.243327904058,288.80485130776,206.035923901827,208.967583593191,268.099792603645,179.1494878195
1546,1546,15450,0,0,10,0,0,0,0,0,0,0,0,0,0,0,0,0,267.035153665191,242.707053204023,202.720045408039,215.761841538682,137.417054523003,231.892683945909,329.856627695632,233.351923441808,250.015408363987,173.952077605499,335.019833283217,316.143934401459,224.669850996705,354.533568729337,188.924244306591,287.954075543001
1547,1547,15460,0,0,10,0,0,0,0,0,0,0,0,0,0,0,0,0,204.406198863752,223.122976582288,304.453953578743,216.556292915727,206.735841081211,167.339617210397,326.203554238456,258.255245682463,257.191330186057,291.655960217536,292.660296322183,227.107089360896,251.647571220647,258.717232443096,218.304975375553,207.872126999096
1548,1548,15470,0,0,10,0,0,0,0,0,0,0,0,0,0,0,0,0,210.091076936974,209.793424572076,212.131349498209,239.116737141702,228.216743720055,281.776784427845,354.806114909034,209.175851333714,194.207121913816,237.538370863062,259.945675740591,157.226848473294,289.379136962306,264.928642609223,256.379800228082,278.218588726041
1549,1549,15480,0,0,10,0,0,0,0,0,0,0,0,0,0,0,0,0,209.415336482632,262.487571090631,276.322201781018,250.784597444814,209.429597001054,264.831405497554,356.28327431383,231.184270013507,286.804676558437,211.476850060182,313.091692690903,244.976283666075,301.894212651384,257.432288214696,220.425951340159,267.09067405096
1550,1550,15490,0,0,10,0,0,0,0,0,0,0,0,0,0,0,0,0,220.669745787967,295.027643719848,299.065196949443,229.752891167292,215.872014190842,263.130400284423,343.967242078193,298.467689129472,216.375051408983,297.278656534545,256.921912293946,307.096509900599,281.262063183678,290.59351658722,263.18651245319,276.031589184542
1551,1551,15500,0,0,0,0,0,0,0,0,0,0,0,0,0,0,0,0,238.763115198205,209.64413997781,262.327771810106,224.102845084592,205.900360778963,272.317010708818,357.003804624118,228.019920471332,261.54784631055,245.05318363529,273.50418031232,245.36012695868,235.437064104926,155.850793949268,255.781688612304,264.9247491963
1552,1552,15510,0,0,0,0,0,0,0,0,0,0,0,0,0,0,0,0,296.752073594867,245.494408760367,283.183638128517,266.906125008944,234.07996244809,242.14493255517,363.421025109558,249.613336582984,202.555688790913,197.185958607262,206.96222511984,196.278582896628,250.131945718843,215.928815632564,236.653319924815,309.389960293076
1553,1553,15520,0,0,0,0,0,0,0,0,0,0,0,0,0,0,0,0,327.579566956176,280.958405508135,261.767101117792,209.458814480642,236.850169300365,249.853683880876,367.244797650607,252.829506259232,229.10602267862,224.633340194436,275.639225138455,277.646560784318,242.07354799344,222.378690329859,252.658167983623,278.482855941705
1554,1554,15530,0,0,0,0,0,0,0,0,0,0,0,0,0,0,0,0,227.698268797291,210.630767449189,293.281162232911,220.03778414537,220.904010234409,223.394371427224,378.400295249754,285.145734389854,277.107472964889,228.166988415282,179.323427043507,245.545057282376,303.573248604353,211.838300617436,282.124099718327,248.840219894526
1555,1555,15540,0,0,0,0,0,0,0,0,0,0,0,0,0,0,0,0,168.519329466423,172.643171849425,289.051318712784,226.366968647217,295.651949134342,210.37142561028,350.378838023655,256.53215468418,194.673050594304,258.501230060941,276.077091472687,257.660755890459,288.569338467768,324.786166934859,274.822183562591,328.459848756486
1556,1556,15550,0,0,10,0,0,0,0,0,0,0,0,0,0,0,0,0,332.190384931239,211.328692859019,286.739434371327,196.775705053628,185.12610185683,209.357124465289,326.561810952243,238.629405918426,261.010986069923,301.394465682109,209.701921941741,184.970773640196,240.735381657267,248.674515515682,257.868397827339,313.519535342818
1557,1557,15560,0,0,10,0,0,0,0,0,0,0,0,0,0,0,0,0,318.754696880068,242.885866107471,257.352488644556,303.172688764739,250.26312417757,198.554236530601,339.410234617023,197.600739073952,323.284400288749,270.281448122687,221.293170711103,183.68988863284,292.649943584131,208.568251602185,260.075179736849,262.715084153189
1558,1558,15570,0,0,10,0,0,0,0,0,0,0,0,0,0,0,0,0,269.501818176562,241.979353843668,235.577465995148,270.960681592415,312.682823112289,240.359189323416,336.099999200293,247.306062803637,206.543288801216,233.353320434459,247.075488950306,268.365873269187,229.732956065168,180.439995090396,317.332358634019,246.869372097417
1559,1559,15580,0,0,10,0,0,0,0,0,0,0,0,0,0,0,0,0,352.310766923924,217.742078847576,290.120928193386,267.970841265414,217.748918062176,287.120668343473,328.938561016513,256.607981321991,289.07077471413,267.757691549036,194.563110614499,256.583574199205,209.282489887049,228.204732257665,200.200805717425,273.60456194477
1560,1560,15590,0,0,10,0,0,0,0,0,0,0,0,0,0,0,0,0,268.843366890945,231.492509227261,265.196685194371,272.878168665992,209.371246810992,275.955067432811,335.4307903323,310.755414865874,223.403226865108,253.101788138357,205.56607533668,278.893385293009,243.770898765932,251.873324195642,206.25638837855,213.554684661991
1561,1561,15600,0,0,0,0,0,0,0,0,0,0,0,0,0,0,0,0,232.659025994214,278.228541307395,286.134044045027,262.323438728144,280.052601664758,276.610091458994,346.344292833678,201.290135575879,246.041864509526,196.945069857429,312.816766777392,192.021711529232,308.344139776263,311.387712420293,216.326954719408,235.857608270696
1562,1562,15610,0,0,0,0,0,0,0,0,0,0,0,0,0,0,0,0,268.780183398758,220.725705282024,212.000054633579,244.376854591429,229.49167948009,222.229384990298,345.266283013585,341.016577716916,283.85169788728,199.881685301249,178.082684952234,210.040388531587,228.555794115875,226.231584138824,217.968355262125,228.215075227331
1563,1563,15620,0,0,0,0,0,0,0,0,0,0,0,0,0,0,0,0,235.986010839469,202.152940664741,211.944629092779,220.94148434119,242.376261963858,253.624046018869,334.049630286055,229.523238377801,276.02041198885,199.041780867941,254.41119633915,228.318817604485,264.888944949029,260.909067056704,208.740822811144,258.380907701951
1564,1564,15630,0,0,0,0,0,0,0,0,0,0,0,0,0,0,0,0,210.626426707429,231.634030538304,281.569011565448,202.961855365732,288.027411368893,298.270548022761,350.120376054207,256.022624597766,192.147786387731,280.454880218526,304.005886611148,288.668317089757,279.434123641485,274.787187150672,250.105349105718,228.346407034593
1565,1565,15640,0,0,0,0,0,0,0,0,0,0,0,0,0,0,0,0,279.090626112975,220.923830124598,210.039320068453,165.016039383092,287.387886443862,288.707222606718,333.002992252813,243.126192287966,267.73870528335,192.347090366803,253.126626940465,253.730201371851,241.438595137153,231.963856565348,314.431236894093,221.875939447061
1566,1566,15650,0,0,10,0,0,0,0,0,0,0,0,0,0,0,0,0,240.478866527788,225.14440146653,201.179752328818,327.732940835788,252.336342418269,277.753830831499,345.586342536546,275.925619729276,248.668838519364,246.572823052499,242.7654632262,276.105797778243,309.0484698317,299.857795855722,264.025975703676,227.269768668245
1567,1567,15660,0,0,10,0,0,0,0,0,0,0,0,0,0,0,0,0,274.20280254912,238.075924586254,344.848588004109,238.353148370344,268.498770924504,254.340375488285,310.400775423156,328.418990369646,218.378787404719,223.579608327496,190.053525794601,302.517563109826,220.199127914042,230.564942544198,194.801754204001,239.482278773131
1568,1568,15670,0,0,10,0,0,0,0,0,0,0,0,0,0,0,0,0,249.414154284959,277.54764021333,211.389253190552,194.860574668039,237.165267564397,247.973323023158,331.756836005971,195.634743940951,237.046940729724,168.051399659969,186.786785697166,261.489371594174,301.178137361963,233.041052690324,276.142779036093,183.775050895257
1569,1569,15680,0,0,10,0,0,0,0,0,0,0,0,0,0,0,0,0,259.429134888303,180.292873966566,229.77720322926,268.955605212214,229.399240750343,232.434304222398,336.386756628785,250.473638988494,238.695023493523,261.341238198457,199.693322452313,211.634814468356,224.896440132858,232.885580168727,194.867642956095,309.438580006139
1570,1570,15690,0,0,10,0,0,0,0,0,0,0,0,0,0,0,0,0,223.447286312543,277.447606575291,261.810659463091,288.529767241488,260.906211350776,229.512172440164,320.591690908208,278.713445294623,297.078339664077,255.247045671719,234.772002425463,167.388703534005,184.063247629238,265.245407147558,250.959002258572,289.16319697321
1571,1571,15700,0,0,10,0,0,0,0,0,0,0,0,0,0,0,0,0,273.827912607986,250.760567358227,235.297476927603,231.862398348162,244.564259606584,274.408552845256,352.550913711891,215.729487150491,237.290299376236,272.841835885562,277.552091471078,254.095079154407,230.909097015227,251.843593883273,269.342347316185,258.636768710065
1572,1572,15710,0,0,10,0,0,0,0,0,0,0,0,0,0,0,0,0,234.871354592737,244.695738664105,256.34735385408,270.537771334698,275.857574864432,341.748585277594,343.515579914869,285.869316131724,250.788443970933,260.526777112164,264.518662663098,209.098774572582,223.467286494261,290.554260737453,185.266672167426,278.963349408376
1573,1573,15720,0,0,10,0,0,0,0,0,0,0,0,0,0,0,0,0,309.665731404211,234.506810348449,240.34792541188,283.677868828575,215.628354169608,256.063447331014,352.923359305076,326.951632474204,265.447494157064,295.562705212826,216.030319428632,196.39672764428,251.852346361958,235.801051882455,251.733854156468,262.408127689822
1574,1574,15730,0,0,10,0,0,0,0,0,0,0,0,0,0,0,0,0,267.246728747233,221.614060964502,254.14681824581,177.488839983591,238.067905137646,266.411763916605,345.787947499047,284.874997661516,259.729883896359,217.609653096678,288.779832354883,281.386290058174,261.510802107197,300.879949499132,221.331502423332,189.952078791933
1575,1575,15740,0,0,10,0,0,0,0,0,0,0,0,0,0,0,0,0,226.325862021492,198.248144516199,234.42874829002,256.161471864529,287.354200615484,251.806588728035,362.543710439398,246.387470270495,271.90948132362,238.659545346592,223.400488697836,183.431814951598,323.232392691358,243.068323977333,237.837852534099,296.210519125941
1576,1576,15750,0,0,10,0,0,0,0,0,0,0,0,0,0,0,0,0,250.503321146478,214.688968870926,238.0734236982,262.539239725565,282.325415624212,221.431749325349,357.06765143999,211.834490235449,252.488351099022,210.825946150015,305.44970170057,258.145140301158,316.141176208952,224.972898359557,302.575741247864,246.185500234523
1577,1577,15760,0,0,10,0,0,0,0,0,0,0,0,0,0,0,0,0,325.831006612415,240.263589618341,307.432753111992,213.973437018739,220.008478810964,183.535940446354,375.650026185165,240.757940102657,243.528320478399,263.79488394966,248.36459493729,278.884084557858,314.567285896989,223.914570717079,272.537346165456,268.078627565745
1578,1578,15770,0,0,10,0,0,0,0,0,0,0,0,0,0,0,0,0,219.169557672447,245.063590618507,233.023068268342,293.12089138544,244.006705032892,197.621741153626,385.542035946417,299.278838047515,246.884536857487,241.175004394882,279.49522380403,215.882594565173,284.322276466653,235.832952988878,240.35873223745,229.573507461766
1579,1579,15780,0,0,10,0,0,0,0,0,0,0,0,0,0,0,0,0,221.131729157167,210.356953571529,193.005159084549,200.060687852607,244.573922475997,301.880464741012,391.874248536067,249.363972874908,211.007937099472,247.460639705286,210.154877001307,192.43348387454,230.140604532667,219.03294168226,228.998724813019,303.697807163723
1580,1580,15790,0,0,10,0,0,0,0,0,0,0,0,0,0,0,0,0,273.80202086373,268.271450427143,229.288197853844,271.446989937212,271.112853589312,270.442460041146,396.983315331096,270.522548786469,247.770712200912,281.431997342765,212.352111784527,238.452155600325,304.031267082395,259.189088425709,237.521400188721,282.590765165899
1581,1581,15800,0,0,10,0,0,0,0,0,0,0,0,0,0,0,0,0,267.567844988236,267.196337623482,221.78946241583,230.744591253866,252.53852506949,281.268212788466,395.310363219068,274.058723714301,237.183580588357,356.758745378071,273.635835750105,296.714340212023,253.177896341737,202.201607175964,266.218541171312,266.98822914936
1582,1582,15810,0,0,10,0,0,0,0,0,0,0,0,0,0,0,0,0,281.855011690536,291.470239718649,271.208841694055,265.720146195804,224.522019357862,230.343361685832,378.341863900901,259.879757216579,225.025777536026,213.511168355496,251.143568473956,229.758710955242,200.664181322653,241.01153256933,276.532074755538,165.128994438381
1583,1583,15820,0,0,10,0,0,0,0,0,0,0,0,0,0,0,0,0,249.454754100834,213.855403688822,208.955965388542,265.679193284113,214.942468730604,226.826992596901,399.458653611419,181.830414601125,239.851061499733,274.816392425271,211.659506627613,244.395545953322,214.047216449818,265.564820400194,300.164069047966,217.896914609563
1584,1584,15830,0,0,10,0,0,0,0,0,0,0,0,0,0,0,0,0,235.009918804601,250.375600212655,285.677831624653,250.237546626141,253.176871963308,283.60678784203,405.315103128324,285.949700322952,237.209100137193,214.174242447669,265.176165815897,219.621680392886,300.503790030826,314.298512936921,254.09153678429,186.62780989339
1585,1585,15840,0,0,10,0,0,0,0,0,0,0,0,0,0,0,0,0,261.634421451238,318.881487197398,258.571717963201,244.928312848761,246.561354999014,249.198135322609,393.806147739373,272.217563698033,203.356606998269,241.043198414857,275.417672354521,299.083057352744,313.469118918282,264.719345319711,262.822262293833,228.902147127174
1586,1586,15850,0,0,10,0,0,0,0,0,0,0,0,0,0,0,0,0,203.074859346858,265.565219574532,272.545609789129,279.53138587527,226.305178434015,206.782177035087,415.393911972171,265.682998796249,219.255006512998,267.328941785543,248.059137196365,208.529023984019,170.614992836357,227.882454675467,213.769413260251,305.696922600332
1587,1587,15860,0,0,10,0,0,0,0,0,0,0,0,0,0,0,0,0,289.956007385685,315.885646218384,277.974870366074,180.865554438709,243.306719882858,176.30545005144,381.250421386514,248.047062892933,179.585113860271,276.226544729525,210.913947681038,284.44494624812,283.673839117069,220.335954456972,305.997065719428,191.476765018321
1588,1588,15870,0,0,10,0,0,0,0,0,0,0,0,0,0,0,0,0,262.386559335788,272.354120406281,224.211996626358,245.771212939171,243.367645171959,247.727711624729,416.722356669792,228.759791242491,296.733483216652,317.485599023073,199.234918352891,174.741679293361,266.923004665242,302.592331936309,273.240253127908,256.210520779716
1589,1589,15880,0,0,10,0,0,0,0,0,0,0,0,0,0,0,0,0,255.743838009477,274.704377048917,256.792744846482,200.708337029029,291.766422567243,174.534506827377,383.436401833074,271.874769783664,207.457631465362,281.308825350654,270.076666000291,285.692301101023,289.769236158614,251.344461406317,231.108230459111,222.92778562366
1590,1590,15890,0,0,10,0,0,0,0,0,0,0,0,0,0,0,0,0,252.841902162525,243.317039747504,295.404664770304,202.723675017844,267.269920918034,250.155567875898,410.512131978444,263.859324014319,287.280476647526,218.192015571992,234.050731255441,330.117611789162,185.926266879513,295.796023143758,209.37451754759,294.480205192522
1591,1591,15900,0,0,0,0,0,0,0,0,0,0,0,0,0,0,0,0,221.204834215591,232.245515405499,257.405490575862,243.022195066418,256.667717020217,213.581518829505,410.833303424347,231.620676176486,248.423083377368,235.200089849308,189.551493008952,229.071571730343,159.503431705761,241.232994402129,242.916754339581,285.067764466533
1592,1592,15910,0,0,0,0,0,0,0,0,0,0,0,0,0,0,0,0,214.019112163576,225.539840135386,290.789915337474,188.750565395499,233.348334533723,294.095361661813,400.388145922853,299.672509289071,209.097364508902,277.117264330474,206.4715535897,343.176568671337,291.840190068351,236.079579462217,256.800944486278,291.883283102305
1593,1593,15920,0,0,0,0,0,0,0,0,0,0,0,0,0,0,0,0,290.840505016181,223.913162462999,224.266324560359,284.404374113058,306.406057097204,224.652063883766,401.768188388709,274.839088168478,230.984289933369,237.149266341582,270.459098150418,249.150519144118,249.509781171037,315.860740324997,154.867632803848,319.798572901588
1594,1594,15930,0,0,0,0,0,0,0,0,0,0,0,0,0,0,0,0,222.287931666854,197.36896393065,287.49861889859,278.097614628793,220.679389484978,194.966828224283,370.631509704691,270.558210245063,318.09926832408,289.184026928202,254.61548125025,240.334368609643,298.575645238068,258.430136062743,247.385578901216,224.121280163673
1595,1595,15940,0,0,0,0,0,0,0,0,0,0,0,0,0,0,0,0,259.327751606247,213.246395452957,171.583057121015,295.422509995708,206.880557663547,287.662735460812,368.392416190368,245.303986010787,255.863837142642,274.185565485609,325.142265962235,231.466993108042,207.387051516708,291.293132731078,294.420662227068,298.497321487969
1596,1596,15950,0,0,10,0,0,0,0,0,0,0,0,0,0,0,0,0,229.83019802339,248.667775225233,225.897958313579,328.742867194409,300.799442803078,253.653821059819,373.915119699108,319.693970393956,254.413585493778,230.737876072637,252.75626584119,215.49053924066,175.691746542561,252.317352845059,205.656621888741,279.47261315809
1597,1597,15960,0,0,10,0,0,0,0,0,0,0,0,0,0,0,0,0,319.828130036908,277.295482579363,253.732337567298,323.415851330697,246.307846953546,240.882477456879,371.908763098153,217.719045489348,199.694202924761,284.713458228837,190.04370809836,180.976151430215,209.534987564539,229.574945384485,274.539057601693,240.10576289101
1598,1598,15970,0,0,10,0,0,0,0,0,0,0,0,0,0,0,0,0,241.611892696559,288.247274947546,311.545784211681,257.326577052776,228.283209137229,166.704485623526,370.079018892999,259.75510682184,276.639183590439,269.883508204433,220.890297271936,318.852297197588,226.403019998719,180.644518289232,178.815442831798,257.686800380893
1599,1599,15980,0,0,10,0,0,0,0,0,0,0,0,0,0,0,0,0,214.607183518406,256.033446070915,266.743278448889,155.70087171472,269.666155102675,223.926881806685,386.104151054081,215.647694404198,213.463804251322,297.617064962343,146.336049294408,274.470949358179,223.985168503884,302.894522279096,272.387813601771,217.644429034632
1600,1600,15990,0,0,10,0,0,0,0,0,0,0,0,0,0,0,0,0,186.062859414695,284.393824659469,365.333584901118,266.824721550852,252.719367166568,241.742696642621,348.20687079468,249.782004043899,299.290290008558,256.119928251044,214.459957141139,309.902516386875,202.987612354824,248.18341581,246.076719783572,203.122626831633
1601,1601,16000,0,0,0,0,0,0,0,0,0,0,0,0,0,0,0,0,255.956318518647,228.589248772257,334.054802247649,200.077241501635,205.452755915883,274.366162311396,387.863078378899,254.923898442062,236.769906795143,298.039425002566,266.50317581281,308.912673727603,268.550009729427,255.472288439086,208.374240521706,185.3151135671
1602,1602,16010,0,0,0,0,0,0,0,0,0,0,0,0,0,0,0,0,287.875186633346,275.483968933151,256.594825323689,289.554843278298,237.727644780531,238.22288058907,369.056096297147,258.014815222241,267.608921151595,197.609308608757,204.82713793357,205.78297405473,256.212389299269,235.024430050767,322.226241682974,237.530992560142
1603,1603,16020,0,0,0,0,0,0,0,0,0,0,0,0,0,0,0,0,198.550410705138,252.785621214833,229.942963918875,293.613398355473,261.667552491903,207.931414250127,339.839980814349,265.145351561738,266.732511339608,273.463628942,278.511210158045,270.510985098479,331.301219747212,275.301843727431,235.107416824847,223.011265574423
1604,1604,16030,0,0,0,0,0,0,0,0,0,0,0,0,0,0,0,0,246.289435593148,220.832026032003,253.607321521641,295.909087705801,235.721752882086,301.316987777494,354.226657048927,297.992093319784,203.662675024177,242.159812745933,307.441746459941,212.664875411726,282.610671691657,187.688179104512,278.40354576361,260.415991563945
1605,1605,16040,0,0,0,0,0,0,0,0,0,0,0,0,0,0,0,0,212.976577467363,282.443431587049,202.440626277877,247.157453464574,248.271850008692,299.279126161204,359.156181452158,231.828762708212,273.705422485781,267.588738879511,260.012614567905,251.153456153853,223.611448946436,307.370793526039,301.645641702205,242.542626139355
1606,1606,16050,0,0,10,0,0,0,0,0,0,0,0,0,0,0,0,0,290.273180448828,301.187108553262,298.060890348991,262.27741741237,257.857372259442,285.810029010489,343.860015692246,249.626685689356,283.877896596271,261.180671335375,224.708531350042,259.45095789327,276.013248107319,207.356867888785,290.31583162343,268.47953777537
1607,1607,16060,0,0,10,0,0,0,0,0,0,0,0,0,0,0,0,0,259.742655545859,239.439974251573,311.952731207594,202.687039685167,239.253060048836,223.743495317085,336.842917522916,234.729875811968,204.076540293285,271.930199366177,233.656644052143,301.868472061926,298.566875729715,309.82500632457,280.399739118304,223.6600540396
1608,1608,16070,0,0,10,0,0,0,0,0,0,0,0,0,0,0,0,0,297.396616496007,189.284003966486,259.677790662103,252.258262185196,243.412042608784,204.470414528272,364.37525575646,253.410627626798,281.91727098107,218.502865397535,259.492825695237,311.497983441548,279.359741296546,282.230834618182,224.638438113948,252.838469960921
1609,1609,16080,0,0,10,0,0,0,0,0,0,0,0,0,0,0,0,0,259.198106615308,200.913929865413,235.39974512872,276.440533786655,238.183272350964,239.844817359386,311.792944475233,237.847752321453,227.812434752322,222.085747187536,272.798345571213,222.332165167864,236.057752079343,266.440319698488,326.486960638155,278.875784450092
1610,1610,16090,0,0,10,0,0,0,0,0,0,0,0,0,0,0,0,0,221.038391048171,312.670051930199,295.580087657702,279.393624376314,206.627670984354,236.484885445513,330.028926079996,186.160994836846,243.0347424514,213.470427195413,229.277258344248,261.193624634895,266.799783961261,312.819460018767,284.420534531803,196.3869989864
1611,1611,16100,0,0,0,0,0,0,0,0,0,0,0,0,0,0,0,0,254.402395696148,248.441629554003,251.383056235247,256.334302416175,275.457237993052,214.480348249605,344.180178836256,266.907845522264,255.632059410466,234.616137354131,229.388855772583,224.439144573925,260.762674409339,309.399897578413,208.516323728127,315.522457721767
1612,1612,16110,0,0,0,0,0,0,0,0,0,0,0,0,0,0,0,0,288.369488314134,284.499956944292,186.750403153449,257.984640962817,190.655362762496,275.4119282489,364.198073824899,253.905920551141,252.363974926255,307.840078874042,194.504546626829,261.925342163503,255.089894274353,329.329832837953,241.929262916167,218.398886277959
1613,1613,16120,0,0,0,0,0,0,0,0,0,0,0,0,0,0,0,0,325.864943463679,291.128947199853,286.328878557089,305.375410351439,253.503898340447,188.354396408146,367.588078859392,303.076532327821,306.465664722361,217.240306604109,243.723218622324,278.318591418579,269.403814129994,299.23445775117,291.070162985676,253.879925315082
1614,1614,16130,0,0,0,0,0,0,0,0,0,0,0,0,0,0,0,0,186.107521185067,246.243712605719,200.805359078698,178.042038513812,274.787941325811,238.839151932239,327.035076221014,182.083259916408,216.111103640444,228.879158897114,219.612570862064,245.687767522772,207.599780011421,245.761688303283,229.280410568149,288.343886743548
1615,1615,16140,0,0,0,0,0,0,0,0,0,0,0,0,0,0,0,0,245.048081142599,215.095966175652,205.547386853849,235.702403128098,235.087273235138,296.629803347631,340.845130353848,308.797803071185,251.390023486177,191.486008810818,274.388204979769,263.755115309546,291.223498591309,281.354354376174,236.561195011584,234.046380266527
1616,1616,16150,0,0,10,0,0,0,0,0,0,0,0,0,0,0,0,0,168.285077138785,232.60492900182,202.536089769854,277.228335876506,240.662752456332,285.845473591671,325.584911121187,240.020782884668,239.144880488827,206.050827129968,257.239132015449,166.116506274652,296.85329457233,236.898539338424,186.117918692655,308.438941272965
1617,1617,16160,0,0,10,0,0,0,0,0,0,0,0,0,0,0,0,0,219.627301061175,295.76911114141,305.124570331984,242.851279054025,301.589295631714,255.522288654522,309.983755110128,229.832606309541,294.869348506001,285.685351174129,267.990227112437,233.022683003442,228.558446352619,254.985281137745,268.663196792842,249.071697833096
1618,1618,16170,0,0,10,0,0,0,0,0,0,0,0,0,0,0,0,0,217.331605860359,295.232770692663,213.575125718229,278.309545102973,246.330828883007,261.061052294518,322.157662552204,298.476042369621,302.992129802884,250.23002690735,201.026513570721,172.970630383483,228.445360698296,205.314677039911,232.086435127552,249.185806901442
1619,1619,16180,0,0,10,0,0,0,0,0,0,0,0,0,0,0,0,0,233.873567722456,269.391788094408,257.704537055749,260.180143997614,257.069465340772,236.975551001839,321.430601672727,296.953878614311,230.494708325421,180.066397539505,254.322002241135,251.62401966251,186.591336941677,242.815103245009,274.167607702446,254.086496629859
1620,1620,16190,0,0,10,0,0,0,0,0,0,0,0,0,0,0,0,0,292.016797823745,169.241474176999,215.7329163031,340.911881262027,245.07497873817,240.424184590841,347.539833376358,254.429318237873,266.883774615148,298.943990832528,241.482066409941,285.618033131113,202.649640951797,194.289651170689,295.645339625166,325.452759597848
1621,1621,16200,0,0,0,0,0,0,0,0,0,0,0,0,0,0,0,0,249.691376121589,267.223339471672,233.026735828312,282.998356538907,222.891577262829,222.36410109427,347.197704588159,271.395744948574,275.344498738386,214.999089562928,194.594970467819,236.189680108023,229.179428702954,278.761486622894,207.856194899348,222.988725512783
1622,1622,16210,0,0,0,0,0,0,0,0,0,0,0,0,0,0,0,0,269.079383673272,256.782148266929,253.161295237726,220.218178517793,319.160258000081,304.419342974384,358.133800109765,149.14429729573,209.184433114289,219.887564835939,242.828185187113,214.650151100546,260.755263493019,237.026383029588,269.182746511004,259.683870449299
1623,1623,16220,0,0,0,0,0,0,0,0,0,0,0,0,0,0,0,0,288.536530395199,215.098369605722,259.726572982017,217.459514497457,241.373471152095,219.747889189327,334.36975376853,211.00756663867,169.995671005774,250.394770582946,262.025964811088,269.326687842752,179.756268585894,203.878353670504,294.439496301974,329.671824750937
1624,1624,16230,0,0,0,0,0,0,0,0,0,0,0,0,0,0,0,0,246.199863975744,161.072305822035,246.330792829299,285.128764504487,318.042966694399,232.156643845072,347.330556113542,270.247122421852,227.794238305771,225.413613120757,276.603358655421,250.9644946653,222.07783979047,235.909216292409,207.594389497962,251.246480969042
1625,1625,16240,0,0,0,0,0,0,0,0,0,0,0,0,0,0,0,0,234.866631870666,237.76264501246,236.408385318367,256.963665081223,268.966600719005,279.038285345392,336.676289487005,286.916918425432,266.372303143719,217.858577369024,240.500564262973,279.184912248668,322.505114972576,305.801053578616,200.079602906961,302.064750331769
1626,1626,16250,0,0,10,0,0,0,0,0,0,0,0,0,0,0,0,0,339.132874663487,290.273197320398,274.514691637623,272.112916213232,264.065909758764,329.897226535114,316.625217589542,202.839661038988,246.24452921737,233.915711082932,189.291925772358,280.072307826802,236.1173482765,235.176362306298,228.445220615918,278.038660617893
1627,1627,16260,0,0,10,0,0,0,0,0,0,0,0,0,0,0,0,0,274.202843523914,298.908581130633,253.38330618245,262.381299895071,255.231576987294,238.552152975402,331.816540350675,249.900313525691,244.336183175518,289.67611221037,292.515701487656,261.256268122506,217.139010522808,166.415693119206,233.913555661483,298.653725236019
1628,1628,16270,0,0,10,0,0,0,0,0,0,0,0,0,0,0,0,0,270.270953071377,289.588934790872,250.733855272982,225.149401619876,194.987742136004,242.785742106347,317.251138320199,256.362639053274,235.477034241254,240.328453753969,241.856232855961,269.506825599335,269.540588679244,204.05303327913,255.594171052709,228.151426044982
1629,1629,16280,0,0,10,0,0,0,0,0,0,0,0,0,0,0,0,0,278.763731025677,237.639665153646,232.184372825589,256.073342146165,287.434034999779,295.624087213096,336.122996515371,255.022861640108,317.05196755929,216.265398290508,281.297135476357,190.12455089652,250.24843493994,242.20124600595,233.869334709151,230.510571919043
1630,1630,16290,0,0,10,0,0,0,0,0,0,0,0,0,0,0,0,0,230.778794132842,287.126141457107,263.034868138097,188.32190494463,263.241790593724,265.173350316308,334.275790039027,269.21820055165,211.745760965139,197.787688117965,228.145906993273,184.754847656471,204.514600589023,215.179130821448,267.144222116833,207.366695408336
1631,1631,16300,0,0,0,0,0,0,0,0,0,0,0,0,0,0,0,0,219.913784248619,278.348910947451,238.361352395021,214.740192193465,224.147866401992,296.595123186281,349.72384506873,225.834030659883,205.463006233911,251.563515587616,299.870548726025,276.112417723325,250.850651543921,244.182870773117,342.616586748602,327.108975901844
1632,1632,16310,0,0,0,0,0,0,0,0,0,0,0,0,0,0,0,0,279.372129740351,236.751169436393,243.443531671783,267.152254169251,297.746380522451,289.379586614856,337.287665587663,252.28096092882,204.083378994632,248.788887870108,247.276836705638,198.128501350701,232.018561607584,290.251928373216,335.668349193771,245.441434003217
1633,1633,16320,0,0,0,0,0,0,0,0,0,0,0,0,0,0,0,0,254.486485675303,251.469278961694,263.136567158605,264.755351864919,231.294627545883,184.546949217286,360.79433892687,258.920397172614,195.799942172673,301.852423346729,232.094603572607,223.141726580565,223.209190722961,284.90795285615,224.952357316267,235.493871593042
1634,1634,16330,0,0,0,0,0,0,0,0,0,0,0,0,0,0,0,0,267.389475900976,233.125697588977,231.389285785781,285.372539142108,243.45045606352,285.286998909338,377.539070623315,245.740089758035,197.478861145159,204.502895695838,208.229534049425,233.753741815075,241.869026704391,245.38890074107,288.711185557376,235.812973702549
1635,1635,16340,0,0,0,0,0,0,0,0,0,0,0,0,0,0,0,0,210.802778087866,232.889921840575,316.572465256412,246.101366936854,297.182296178488,224.741205021421,342.467621815568,171.751542419367,278.070249733281,240.470806890318,210.990895721328,255.768433749884,217.825374627634,201.972764169233,248.482154642414,314.55221761128
1636,1636,16350,0,0,0,0,0,0,0,0,0,0,0,0,0,0,0,0,205.690233650076,187.518963642943,226.168044545706,228.179757837175,240.12690540944,246.987646903301,352.199536053283,202.867007223533,224.078969508007,221.120302994835,247.67996601781,248.967497500695,224.97436565079,234.366180866645,274.847261219311,316.142303965306
1637,1637,16360,0,0,0,0,0,0,0,0,0,0,0,0,0,0,0,0,266.32483164039,285.368723725598,288.403577271969,258.932521483848,320.534108231861,322.281429883805,336.789495545256,276.817918766212,238.368930860318,281.866465518496,234.569485387282,264.974898953545,227.694855365264,231.332379769544,233.600083117187,313.43990304178
1638,1638,16370,0,0,0,0,0,0,0,0,0,0,0,0,0,0,0,0,204.144533007027,241.235949915366,244.388174536034,297.77007016552,204.230919372507,237.756947639122,318.077935864499,241.375975055038,281.866998705128,270.339478434009,272.944537636095,281.89426378887,218.143588757797,210.102886954332,219.281427946159,191.10930082202
1639,1639,16380,0,0,0,0,0,0,0,0,0,0,0,0,0,0,0,0,298.262656010181,227.422317556968,279.13214526671,225.201296652148,292.289194550732,290.434513341228,288.517738334402,303.425627989238,222.572447539671,263.149590221766,193.373873518394,272.694624128981,249.91209643326,238.955254251211,235.60322829794,205.443792680936
1640,1640,16390,0,0,0,0,0,0,0,0,0,0,0,0,0,0,0,0,182.692846609432,262.04990164568,221.408447647434,284.403599351274,224.411733367751,222.498043319546,332.30989442748,214.958713704355,311.274534942008,240.282276298659,225.385709733537,218.069466029213,250.863251931494,261.918023630009,288.700510112335,236.503299106786
1641,1641,16400,0,0,0,0,0,0,0,0,0,0,0,0,0,0,0,0,222.615206731367,241.020447885672,265.707898565398,237.682106647401,229.539953245301,273.976969024384,310.208318282634,240.794331371842,214.891471913203,282.304269580117,221.179097015215,241.882362367747,207.010682266649,240.633129074377,220.739122877646,250.618488366086
1642,1642,16410,0,0,0,0,0,0,0,0,0,0,0,0,0,0,0,0,311.221687364134,267.719533740061,272.633617889874,285.404379678564,321.752008932627,227.184438821189,301.778978850489,276.103784357125,246.717380550157,248.023627106448,212.990624320638,182.703330738053,230.079962754372,263.52449434635,254.685392282974,184.628830059688
1643,1643,16420,0,0,0,0,0,0,0,0,0,0,0,0,0,0,0,0,281.497223213207,237.683435214904,154.475884065094,203.648717351197,262.407703140128,301.678956464673,300.869166646918,270.06792157998,247.361797624299,239.370165099812,288.231548698825,229.538863527017,294.378049222156,251.123993591433,226.54180338661,307.383319415586
1644,1644,16430,0,0,0,0,0,0,0,0,0,0,0,0,0,0,0,0,277.00687113737,285.502664806922,232.110835338817,339.464174045792,250.44772999886,213.980251656165,277.239913645078,319.052093234638,252.350833831421,276.645445098948,224.336497298265,229.104261340165,303.7238542119,235.155970521065,265.060080737187,222.926046437259
1645,1645,16440,0,0,0,0,0,0,0,0,0,0,0,0,0,0,0,0,255.066632344575,244.921193740586,296.162101021977,190.32569068524,219.786251527456,304.306870576712,281.069505092259,231.265014983914,256.102978838703,237.11702769978,276.982987844253,277.698884603656,195.661182865126,250.970525201043,242.216334574533,236.765722085528
1646,1646,16450,0,0,0,0,0,0,0,0,0,0,0,0,0,0,0,0,266.859797467424,266.239031503339,219.274241643616,259.769422977827,275.500960276745,210.467256590031,267.236928298614,239.232143681266,207.137006214533,262.208341456764,240.809004449581,288.923481581357,290.076712854623,222.753603997205,238.039777030141,300.355237581907
1647,1647,16460,0,0,0,0,0,0,0,0,0,0,0,0,0,0,0,0,179.979748053273,287.538713359643,218.135966194054,308.493687678647,260.013573146106,252.308127878989,288.791115011992,259.97081777929,244.592960578489,235.025697325239,238.216368156903,230.463819030786,215.561653079977,278.554965911617,283.602491974681,238.99236404758
1648,1648,16470,0,0,0,0,0,0,0,0,0,0,0,0,0,0,0,0,256.179333306096,280.092635901215,236.689827644942,247.848893349866,314.239593718337,246.121599527063,274.753910395063,274.281042251317,223.970342020229,250.722114477839,266.519179608753,266.586883272103,268.277103311717,260.140019792996,262.327176265038,236.417025133929
1649,1649,16480,0,0,0,0,0,0,0,0,0,0,0,0,0,0,0,0,219.355693377785,255.411975847885,205.298800911113,291.170924920113,256.4721616361,276.236671736059,269.897726641048,278.0882564628,296.127276705631,298.329307425104,283.885303769431,235.956805754432,297.404633821268,188.844979825466,222.699042898614,250.492848214875
1650,1650,16490,0,0,0,0,0,0,0,0,0,0,0,0,0,0,0,0,270.44639095703,251.245844917315,208.960556668399,199.41348495106,275.965403737583,264.783783396542,280.94247310125,228.572318983302,235.881169668647,286.948449215126,262.387470188052,224.806018138041,235.550272412828,280.691160681531,201.260458817173,236.506615196793
1651,1651,16500,0,0,0,0,0,0,0,0,0,0,0,0,0,0,0,0,298.195101521772,287.657331373667,290.575754270922,195.91644198727,227.369257147174,269.586791611267,265.57629847238,240.504838930566,241.625979389927,221.394061032894,229.972786118552,229.536152778109,247.72850510232,198.09321679252,251.090050081359,231.119305655126
1652,1652,16510,0,0,0,0,0,0,0,0,0,0,0,0,0,0,0,0,250.962856400415,191.268887989102,235.370552523996,236.373871001964,230.117541620548,302.247798088667,284.394678499545,253.449514707876,288.161246105453,263.100170825171,261.668065181278,270.454463145201,214.069906707656,242.579176323599,241.584772402862,220.589015220919
1653,1653,16520,0,0,0,0,0,0,0,0,0,0,0,0,0,0,0,0,259.969542788033,242.864402444486,311.011515459343,303.420658800298,245.795451059179,270.733477257804,266.364275099331,302.721001744172,301.023693163289,311.247740067149,282.637008907755,238.816173814672,267.176362268768,226.570491177691,232.527500925561,214.062045509047
1654,1654,16530,0,0,0,0,0,0,0,0,0,0,0,0,0,0,0,0,289.683525062219,203.220376581961,265.385626228529,257.630030219674,264.094117931777,270.399800113212,283.853533906871,249.57633138122,248.192898382679,307.785671453339,225.809658106172,267.26539338329,297.810187328748,265.295446244265,265.8367744887,337.63985596521
1655,1655,16540,0,0,0,0,0,0,0,0,0,0,0,0,0,0,0,0,238.839088794273,239.482487863533,227.779579656004,264.4632144332,214.58224932503,241.115212442341,272.982644834026,295.349129649013,238.276647582407,266.564217348926,221.673726809043,190.491468343889,291.041293612518,250.602810952519,242.822689507276,245.820192675307
1656,1656,16550,0,0,0,0,0,0,0,0,0,0,0,0,0,0,0,0,286.636952801685,206.612666501453,283.034403909143,301.440702128513,245.949824425849,262.813558182792,248.895256422505,302.792623776567,239.194267716265,221.133164891792,341.603565475326,212.795152800987,265.165537802317,144.159114812175,215.650729897988,308.29833563772
1657,1657,16560,0,0,0,0,0,0,0,0,0,0,0,0,0,0,0,0,269.534901611264,219.893712735773,219.143057706782,186.158656362332,233.15840315318,263.409791017766,261.16756235553,204.815844195177,266.919425481303,300.271634538811,218.971968485839,241.55835533249,255.280496119707,221.840092839361,205.218418467974,268.438721647361
1658,1658,16570,0,0,0,0,0,0,0,0,0,0,0,0,0,0,0,0,290.340533439954,256.251924552177,259.77672485489,232.80497184422,280.842330678603,260.297822769855,259.403695625892,279.572667993049,344.735307957513,334.253435653762,246.212972875848,219.335223652983,294.045121604746,241.45151288577,238.078977240199,222.201121075196
1659,1659,16580,0,0,0,0,0,0,0,0,0,0,0,0,0,0,0,0,290.782102230555,211.123936831311,268.663294277473,318.625434191392,221.134289276085,305.263185124893,254.969268479337,242.576655477614,239.625689626657,240.384671344738,278.542524623991,332.02130729724,240.117238982329,235.770070786699,160.551871820649,214.872547806676
1660,1660,16590,0,0,0,0,0,0,0,0,0,0,0,0,0,0,0,0,229.196070358598,211.392254601046,205.192456956877,275.203990402345,181.741424596014,257.152855180276,258.02589575796,194.828320452864,258.028477941318,243.555488190522,261.857553350256,265.316480976346,307.440772888657,192.515431453746,250.61370213805,228.779002063245
1661,1661,16600,0,0,10,0,0,0,0,0,0,0,0,0,0,0,0,0,222.305671570437,275.398363783143,269.989500441607,252.441991170406,252.352794371909,276.655203118337,276.492694915741,276.652287250531,270.753020125584,242.080929079179,221.939902216392,169.804566182876,266.678543733135,168.820851612888,241.872103312443,201.429957971353
1662,1662,16610,0,0,10,0,0,0,0,0,0,0,0,0,0,0,0,0,246.742000872619,220.79101814797,294.766473361759,291.21770640898,295.528609614568,252.510844637879,238.467506785676,245.919825814017,264.590258680128,206.575209228937,245.396663303848,268.785730040999,265.978783575397,245.990989889448,292.290075207151,217.12758836826
1663,1663,16620,0,0,10,0,0,0,0,0,0,0,0,0,0,0,0,0,253.688915455187,213.226547508623,300.525364351825,232.014514438173,233.311133252782,230.546311772521,272.415351540735,212.655704516585,231.053968332424,256.032293498626,222.927949853556,260.424877893987,298.269317758854,276.758122620474,252.152026323072,263.228322538832
1664,1664,16630,0,0,10,0,0,0,0,0,0,0,0,0,0,0,0,0,273.353453804459,224.470864027924,291.681863146242,253.542668066992,215.590069256858,201.273277148973,262.192192233835,187.327971013961,190.357621947346,276.78586343099,303.609790568146,196.204569911792,254.175331995397,231.214181024502,299.48293849965,220.883906212538
1665,1665,16640,0,0,10,0,0,0,0,0,0,0,0,0,0,0,0,0,266.287411291718,211.679260968727,249.160738112519,261.513964617613,263.81870192568,267.343604263178,275.356731959076,209.502510750415,280.379582411131,226.00580334069,230.088612900366,243.729920795879,219.613355275928,246.353887506436,209.647087337665,242.737647463556
1666,1666,16650,0,0,0,0,0,0,0,0,0,0,0,0,0,0,0,0,195.960257664282,229.708140292914,304.14142959172,257.345136390176,258.919103473535,244.823733942857,297.794220625628,327.482500615262,222.923746563968,301.15021232855,153.668840090346,255.239782317843,270.382359744631,210.359559883087,233.206801706245,239.817706903869
1667,1667,16660,0,0,0,0,0,0,0,0,0,0,0,0,0,0,0,0,266.806717193011,278.368279675007,240.760364423557,262.41341548806,180.088343085505,228.500323125505,295.633850236697,258.399888967578,247.922307040076,232.229193779289,298.621989447464,377.606193441768,191.896389725101,218.107664315862,188.029943137639,254.38993912286
1668,1668,16670,0,0,0,0,0,0,0,0,0,0,0,0,0,0,0,0,224.235657088447,248.185338658676,325.397436082341,223.768299682635,225.161289383551,226.04009443178,295.236352742591,280.43545153673,190.479118008043,323.319459672332,226.120616610425,285.949569938414,237.338893501915,217.681778603147,241.151412887235,261.796520014469
1669,1669,16680,0,0,0,0,0,0,0,0,0,0,0,0,0,0,0,0,280.018228028894,231.664978787783,227.141674734803,221.588394631257,250.913019775821,232.935406247545,291.595968752387,289.527780377881,259.581489218245,230.855445737154,260.542748398175,212.991034327507,217.846132996111,265.025646367732,248.237883299796,223.759224274777
1670,1670,16690,0,0,0,0,0,0,0,0,0,0,0,0,0,0,0,0,210.603404452264,219.384019273005,240.034325077559,254.843905391555,241.600330724073,258.565007015459,298.230578611743,271.481107813846,190.148285138897,220.396261452405,286.061253404244,263.689617173933,275.277830372795,217.567319646999,227.441447986825,273.815227862363
1671,1671,16700,0,0,10,0,0,0,0,0,0,0,0,0,0,0,0,0,256.823763218275,224.053442852638,256.55963816487,275.520940980869,253.107118695497,214.747154109631,283.399458609035,206.065644729916,317.588590593779,310.48281246649,284.731107782306,233.610189205422,269.109991180237,324.397465725432,256.841296670743,254.322151070584
1672,1672,16710,0,0,10,0,0,0,0,0,0,0,0,0,0,0,0,0,285.682943729576,245.475297065231,236.169311141594,291.351246756477,234.59579295116,244.081797772127,288.959399908174,253.764706938654,193.402487125254,305.929291709388,246.473927480103,277.146862832391,193.16998908483,257.747557051079,235.228400707789,174.660248085393
1673,1673,16720,0,0,10,0,0,0,0,0,0,0,0,0,0,0,0,0,258.069823019194,246.449870070196,281.963178858897,333.144997551634,328.532479559161,282.812627744572,296.731355204531,254.09202246611,271.882514078227,271.534710923417,237.785735287781,234.486800311671,279.342426876494,271.715834085815,211.459172161701,280.275411805879
1674,1674,16730,0,0,10,0,0,0,0,0,0,0,0,0,0,0,0,0,235.829469955339,307.251206465034,265.683071551957,240.883151937174,250.176486141876,264.053594132905,308.746154772295,212.40015185862,274.678804593856,286.084496769767,201.65348369477,274.093115824477,269.602695881318,243.134479113962,236.732523210248,237.882669507878
1675,1675,16740,0,0,10,0,0,0,0,0,0,0,0,0,0,0,0,0,237.207159197831,234.907574935633,239.837316077904,273.232952247032,316.064115067421,244.152425433509,293.773545058763,245.456602477754,158.159057354019,279.520747341095,241.642450278768,200.43555239983,242.538136936313,297.168966838394,282.526294291417,245.095037368572
1676,1676,16750,0,0,0,0,0,0,0,0,0,0,0,0,0,0,0,0,207.976813936815,222.870352154239,250.976996023211,200.252859144033,268.769117275428,228.954784729738,329.479974553525,316.830775012124,204.483745791932,234.420862197796,200.70462623351,194.302105217513,256.227477468381,333.013755670956,230.147759281509,251.94557692039
1677,1677,16760,0,0,0,0,0,0,0,0,0,0,0,0,0,0,0,0,191.091833851578,285.295872535172,292.75174583421,287.935278102576,203.883865232199,272.512897139469,341.812900667574,248.66349112785,229.817804478526,257.978861646231,237.720272973843,203.2015921062,243.616602575588,198.31456013874,256.516139370479,241.693903256434
1678,1678,16770,0,0,0,0,0,0,0,0,0,0,0,0,0,0,0,0,239.976789795154,259.752410615082,242.902210115776,251.34592435996,291.461582942416,279.234308330225,313.530780856335,263.316260731568,319.579667102307,249.005825423865,244.716665846057,212.744304285612,250.765665823271,242.50572764073,242.581663253634,209.964773773431
1679,1679,16780,0,0,0,0,0,0,0,0,0,0,0,0,0,0,0,0,271.676777736352,266.561946467538,215.177391222319,185.095825702316,307.299475957464,233.571214284484,331.477206841334,186.941471895885,263.691853523831,279.900978137351,240.288187924299,210.483471556615,249.429380385271,184.354221797775,263.422259914223,236.178626635698
1680,1680,16790,0,0,0,0,0,0,0,0,0,0,0,0,0,0,0,0,208.552063329052,232.099822937042,259.618289994748,285.142740651803,285.644540445183,274.980810401596,329.052770685277,269.763931340593,249.816526444869,312.663877483896,289.075945489178,257.610684174944,245.653017430734,239.662237771719,193.739080030174,298.781249552156
1681,1681,16800,0,0,0,0,0,0,0,0,0,0,0,0,0,0,0,0,232.02952919494,251.905162902882,291.226572055427,245.328354574273,245.611162483346,249.298237238394,330.851932393165,243.994377974508,294.437189991163,228.875041568239,250.890989776529,255.737032868115,184.979295427786,315.604059046739,220.057369828493,309.626914774808
1682,1682,16810,0,0,0,0,0,0,0,0,0,0,0,0,0,0,0,0,289.421795064073,200.040107411526,211.800826294768,261.97420803623,218.408754256558,300.884963591164,328.894354689618,199.029533216152,256.137529549454,282.460470476032,226.230220979517,228.802423689987,210.249809752712,175.872479412286,206.816142410442,282.525812140668
1683,1683,16820,0,0,0,0,0,0,0,0,0,0,0,0,0,0,0,0,194.29151052618,257.448442989459,297.209094507878,312.622103919399,268.229071469299,264.032775752291,307.11543374763,257.100171486084,227.863687845369,217.69009866935,288.878988924889,233.102124175345,238.189769801604,268.740654879502,213.532432067504,293.428685734281
1684,1684,16830,0,0,0,0,0,0,0,0,0,0,0,0,0,0,0,0,204.086528354223,245.282829673106,235.11435062879,163.140605510077,260.77808218578,192.174564845539,292.837070281015,296.371029935384,316.220103309373,185.923244441007,272.806115849674,248.608910328386,285.406264623866,247.858879552518,308.468531597764,195.68564610589
1685,1685,16840,0,0,0,0,0,0,0,0,0,0,0,0,0,0,0,0,268.126106219603,241.794024278565,272.542285898385,254.197330082605,253.540709481843,340.176386458776,306.143498581046,253.449666739295,282.353596241908,292.054433282675,289.081825753845,257.55993087057,311.988945565628,232.830609213152,286.206654121029,263.097940696367
1686,1686,16850,0,0,10,0,0,0,0,0,0,0,0,0,0,0,0,0,231.95015500394,344.02253724445,303.41789630098,245.463980315777,243.940889467203,222.86204828609,302.243131405323,244.308719726036,244.00587561769,245.292264168453,257.088042024924,225.723856427011,305.192287948307,235.315707066361,199.292089450919,296.255229090913
1687,1687,16860,0,0,10,0,0,0,0,0,0,0,0,0,0,0,0,0,191.535809374337,260.602649959028,225.474420328771,182.868074457664,250.502620221632,289.929845983004,289.006299092864,312.535029250333,225.37523749432,290.978173815308,310.465953759161,277.785404672815,238.4034332714,269.796163197156,279.335840907768,272.170076269757
1688,1688,16870,0,0,10,0,0,0,0,0,0,0,0,0,0,0,0,0,280.423084159514,229.504786605775,201.373845409313,332.808370517816,261.658014547423,291.079457235449,296.183661366103,177.766671910365,190.691184244983,278.413300424121,283.584276286868,231.232809307594,228.133712662402,250.708375768014,251.091083111863,195.022024214944
1689,1689,16880,0,0,10,0,0,0,0,0,0,0,0,0,0,0,0,0,201.115058493427,251.331803209884,195.23851406975,274.727129542512,248.461370560096,230.856110807936,321.309075968035,194.651629736502,254.03183676249,261.514127343739,241.394902126523,238.590012494944,232.181029440654,273.695904539789,196.097195993415,237.692328956511
1690,1690,16890,0,0,10,0,0,0,0,0,0,0,0,0,0,0,0,0,216.425065969802,262.012564151423,238.624237455826,274.752133611367,253.41004657549,228.463863487762,311.562628873936,250.364689362626,269.295551644633,224.827909357179,224.242423901363,243.749112553169,223.678810547922,345.217355236619,259.742042311754,268.135593144372
1691,1691,16900,0,0,0,0,0,0,0,0,0,0,0,0,0,0,0,0,245.358566813909,265.124691689649,225.297596797515,293.265892260335,276.131674324896,266.863654313438,303.637384131536,261.860254727425,263.043163503674,255.586134355534,253.766525720408,186.090703257923,274.79884860296,264.673800530912,222.431286866028,307.533021046122
1692,1692,16910,0,0,0,0,0,0,0,0,0,0,0,0,0,0,0,0,230.382948425204,223.682914847039,292.547671475459,267.080070829154,193.202650154254,245.671407574108,308.811873546046,320.359515317992,241.252497155746,231.34840927826,205.729119093768,256.812937127951,279.996828109107,296.506310877546,213.133013870335,228.255390239328
1693,1693,16920,0,0,0,0,0,0,0,0,0,0,0,0,0,0,0,0,218.878129017293,239.431445823435,244.030141070289,235.722654064187,218.257516762041,300.982893034921,347.289628684966,243.583280532893,234.451850303383,279.549548240919,232.846208540586,301.037241781508,224.48737821647,317.363856843698,291.565304769044,264.698949156302
1694,1694,16930,0,0,0,0,0,0,0,0,0,0,0,0,0,0,0,0,212.317970910151,259.142088916792,205.963235025141,263.734057004334,212.368585708557,233.870510061772,302.597354909434,233.932643538009,279.202765288701,204.144560001696,222.976635838085,170.425747182779,297.229566994024,301.621883541273,252.097455856447,335.478386061748
1695,1695,16940,0,0,0,0,0,0,0,0,0,0,0,0,0,0,0,0,212.882645304026,293.23334237829,225.798975153079,256.432352273992,285.464024379576,245.745357040531,302.158127637539,215.830963211867,327.133556142103,311.70681754469,223.36757400913,234.167666528294,256.708540507453,266.178146808243,284.410829543526,266.296538566051
1696,1696,16950,0,0,10,0,0,0,0,0,0,0,0,0,0,0,0,0,279.017660602356,241.297248038296,283.413061361503,253.86378598929,261.524195092227,210.861847539615,311.899058595167,226.958135312535,224.281840152516,247.733233197178,253.431775636439,215.530003994971,230.821114021531,282.568278626429,283.266772687251,224.802504283363
1697,1697,16960,0,0,10,0,0,0,0,0,0,0,0,0,0,0,0,0,273.229509059926,179.527198872476,257.532627265846,240.776673345556,270.015164290495,278.884801521965,320.326852730655,273.909233536385,225.779891046596,277.764582564315,298.476993263523,285.938456494438,304.528759259954,227.618432613925,275.186786217993,221.908334951021
1698,1698,16970,0,0,10,0,0,0,0,0,0,0,0,0,0,0,0,0,273.968491406387,287.962635900278,262.89365850202,214.504276862986,282.266351652883,235.634772363857,307.2351072644,226.582746528749,213.469029681792,253.972508901838,228.687618529977,258.029148331874,241.043786414281,270.848861187012,220.310216518788,327.303556205924
1699,1699,16980,0,0,10,0,0,0,0,0,0,0,0,0,0,0,0,0,229.882191692385,216.498646277136,296.766801953845,232.876306861535,216.374348756783,259.655000585658,309.06518001153,227.439033763865,249.62235258379,202.950911463765,184.982021620763,259.772068940051,255.628526930809,268.71840150531,241.810489566637,248.689086459188
1700,1700,16990,0,0,10,0,0,0,0,0,0,0,0,0,0,0,0,0,201.396929927243,214.357337919514,252.284218201722,156.75114948028,296.993837371595,289.268096109126,335.63223585448,223.541895168042,247.128656480653,276.234671170152,236.692905541543,265.667504301723,328.082931518343,216.654855852356,190.848598433234,186.07351587956
1701,1701,17000,0,0,0,0,0,0,0,0,0,0,0,0,0,0,0,0,237.477486492076,289.47466390954,172.318216071049,253.338261498752,320.713997861756,249.044907781005,312.282909598559,236.503980817638,252.638436920031,228.845554609756,246.54971980772,269.945228880567,194.823360684803,301.839146850312,245.747887202758,319.912699384359
1702,1702,17010,0,0,0,0,0,0,0,0,0,0,0,0,0,0,0,0,230.560234206878,255.489195119936,252.861666255962,312.274596645523,301.760913709815,249.601367501285,362.731657344375,316.880351874011,206.075428003702,281.776133357309,246.912131503938,244.864988617963,308.187515446715,250.2881776474,275.114101484853,275.311732174385
1703,1703,17020,0,0,0,0,0,0,0,0,0,0,0,0,0,0,0,0,261.243660046994,321.752216100745,254.165415061967,183.789885123353,290.90883404739,253.53914471049,309.663047191972,243.009600770913,235.329600868062,303.744176909003,199.132843524206,248.817073187779,226.086438370067,321.372588382875,254.26358034389,215.720905358089
1704,1704,17030,0,0,0,0,0,0,0,0,0,0,0,0,0,0,0,0,238.061933689842,245.316300553937,310.098184311847,252.021546968969,188.146197528563,221.198903817242,325.11184277646,288.324090260046,248.027286367883,253.509625389293,282.738994662336,251.965062847458,250.052155639257,252.906944383524,177.245039879464,303.321856728892
1705,1705,17040,0,0,0,0,0,0,0,0,0,0,0,0,0,0,0,0,210.77145552422,230.874522991407,265.576796496466,237.938835208766,265.364809969589,256.712046093835,337.316677107155,275.19273597573,245.642587772609,297.446999371367,260.63504278939,273.412081524809,220.613583819165,231.647552784551,268.638289365975,277.43260001434
1706,1706,17050,0,0,10,0,0,0,0,0,0,0,0,0,0,0,0,0,234.676251806472,246.369930276195,242.169886155117,205.672729869633,240.063600580427,299.540044684081,318.921322634528,273.112546566581,173.238678256431,240.86315376329,261.531402589128,270.742710434096,248.659423198398,308.896173096544,218.482935198053,211.569361896298
1707,1707,17060,0,0,10,0,0,0,0,0,0,0,0,0,0,0,0,0,201.414950559655,234.226235275183,247.893303485504,261.461793816376,261.37555303458,242.142386737438,317.46373740494,249.88827857369,308.807590129717,259.550857402006,298.320773443937,258.67517562628,274.737368782884,249.166958721447,247.46509676571,329.752886773085
1708,1708,17070,0,0,10,0,0,0,0,0,0,0,0,0,0,0,0,0,194.348955200588,280.6652090002,240.346337658277,258.78477146523,301.46727737554,264.323483330187,322.493819802513,292.80404709941,337.195520408537,230.251432086989,178.546500182243,201.890322802638,323.478474212669,275.829417667692,188.674318084147,334.674618408037
1709,1709,17080,0,0,10,0,0,0,0,0,0,0,0,0,0,0,0,0,265.182461806354,231.242159835348,248.704929770794,209.565956112168,230.231318568069,235.487218776098,311.584192759257,309.521855178149,230.970798023818,259.291997877665,247.103799123592,227.028448546593,240.55475326835,259.256614819213,234.657843557071,203.22999121341
1710,1710,17090,0,0,10,0,0,0,0,0,0,0,0,0,0,0,0,0,207.511948158672,245.464904743347,264.17829282199,256.217875066567,237.208604865851,219.931841354164,316.902616532562,294.900595359679,231.90407542836,247.638377769323,217.846823338279,227.981561592703,279.090575364047,181.436788937592,202.126835326777,269.525878401063
1711,1711,17100,0,0,10,0,0,0,0,0,0,0,0,0,0,0,0,0,281.094939734113,260.799290106731,240.345258597716,283.794752921577,280.927846636853,265.911509093594,325.477799316852,263.790158480567,236.408096737498,280.774684662938,307.290991076836,180.499025878928,281.949003913391,262.957241276476,233.861422399345,307.084888712213
1712,1712,17110,0,0,10,0,0,0,0,0,0,0,0,0,0,0,0,0,226.537034712301,259.351552009381,300.588439880059,228.893435544884,254.524190346656,232.515937131365,344.997563487519,201.908212947871,263.607958179414,278.03211604473,244.598792631474,219.094527317164,177.955119213596,232.296259804496,229.913804194627,210.914005833278
1713,1713,17120,0,0,10,0,0,0,0,0,0,0,0,0,0,0,0,0,246.108669638703,251.543785227761,202.095674126799,261.545705585782,209.82705436192,259.558327832714,345.450129566487,242.06475421881,221.404985562897,309.090220927102,228.727942308205,252.306528677469,273.725676797366,219.673248666351,258.622971884092,254.433571957994
1714,1714,17130,0,0,10,0,0,0,0,0,0,0,0,0,0,0,0,0,233.456558204917,270.075021305514,187.3972004949,224.52226754773,224.869425941273,249.569844754273,353.709107275558,231.673999549813,223.804288432526,232.775402578996,300.686555494281,286.723917688005,235.416151623108,295.824823883894,325.078451829361,250.128917613479
1715,1715,17140,0,0,10,0,0,0,0,0,0,0,0,0,0,0,0,0,268.235512545299,260.848321253121,250.00744572088,276.970335077534,267.946411543706,271.683762177726,354.133256736384,249.332338676459,220.408480474181,219.604124061488,262.699591403821,252.394967119796,235.338002946201,245.897362280033,257.202061111296,225.24070254261
1716,1716,17150,0,0,10,0,0,0,0,0,0,0,0,0,0,0,0,0,266.910444754707,331.840900876626,187.985997841659,218.131614252679,246.68333215859,182.066865819125,364.565861794549,328.838117181908,253.905289204963,225.856720737638,222.381968783628,260.722133600308,203.50803093745,265.185423588794,283.307817973117,231.758817555089
1717,1717,17160,0,0,10,0,0,0,0,0,0,0,0,0,0,0,0,0,212.271647308196,264.499525535912,206.65846872148,246.873372713013,213.061013006884,257.719730626414,356.523724912015,237.709979473828,251.701893144403,233.833731623566,275.723721800854,276.047620858999,253.040237048541,257.302674486097,261.310094515524,258.811605578687
1718,1718,17170,0,0,10,0,0,0,0,0,0,0,0,0,0,0,0,0,226.550953885041,180.079606343556,233.659145243381,237.63742442982,212.361644722779,192.840252045304,371.037863760412,200.160856131537,277.330082296118,257.65383970181,228.609949692425,242.028149052763,214.253316687901,232.096897928725,241.255521288154,248.61293783569
1719,1719,17180,0,0,10,0,0,0,0,0,0,0,0,0,0,0,0,0,236.34251321669,303.73044062147,280.072255093398,251.402060425034,250.720289221935,357.808359879344,384.276353356125,244.707652937645,251.932966883835,320.479560010956,240.191788645377,244.470220336345,307.852789291033,255.588271161056,253.961162313259,254.314129882618
1720,1720,17190,0,0,10,0,0,0,0,0,0,0,0,0,0,0,0,0,192.666492154342,241.448395988829,206.85157537511,288.089767817199,175.500536262121,278.252499085121,400.916071059917,203.651792083425,283.78619697209,218.94711718273,245.359604981544,216.557415781117,266.794616358792,265.609428607381,246.675754956048,266.601742926769
1721,1721,17200,0,0,10,0,0,0,0,0,0,0,0,0,0,0,0,0,246.695608061188,226.630160023522,243.943105571305,258.121921451185,266.691451881404,275.309670452788,388.686561938523,259.74725434645,239.782407928537,248.090059571314,187.183619198545,265.339416192127,266.71350435875,280.359368793195,220.839552293108,255.807990884136
1722,1722,17210,0,0,10,0,0,0,0,0,0,0,0,0,0,0,0,0,300.303468737684,267.715093301766,286.619863609047,269.881337742753,233.022118867634,204.841920978154,383.508987729445,228.524989857736,281.48158060636,241.494908658513,222.903709782804,258.976533858176,285.251320177071,266.298002889455,245.166455962585,224.5478031279
1723,1723,17220,0,0,10,0,0,0,0,0,0,0,0,0,0,0,0,0,185.293400337877,273.784834309668,255.453673255298,220.460741324403,242.025737371356,197.05252536983,389.290272229994,263.236144285285,322.146325854323,233.904614406099,273.095526999774,281.521506382917,217.108020518857,249.861638695959,296.766639961678,266.279349332151
1724,1724,17230,0,0,10,0,0,0,0,0,0,0,0,0,0,0,0,0,300.985540112481,241.237953219827,246.216972279739,259.524215677476,228.230776366021,283.256445871639,366.561519731168,277.146834592029,237.687632358022,217.494046898717,278.536269368838,221.042077728536,225.236698006386,163.400865347919,195.796000056799,210.864046053816
1725,1725,17240,0,0,10,0,0,0,0,0,0,0,0,0,0,0,0,0,218.441547454618,226.590613777203,250.19942894581,265.891678180273,282.763387108322,263.602036943273,381.538555559987,282.843109572725,288.721449592653,240.661078674009,300.875943884283,289.074543062514,205.315356377362,316.656114812619,277.352527111027,240.056669808961
1726,1726,17250,0,0,0,0,0,0,0,0,0,0,0,0,0,0,0,0,289.016447174567,245.679254882887,227.477874315592,252.287502699579,239.064606937519,259.212244354702,397.15240973904,237.054119589094,238.840539567966,233.58414444789,274.161376540539,287.540336117857,236.824874452988,234.69840813135,303.585385487704,317.666333029915
1727,1727,17260,0,0,0,0,0,0,0,0,0,0,0,0,0,0,0,0,264.685488236933,181.105311934022,233.010721202992,321.574718533428,267.014098912933,250.281595563538,398.248429261217,238.032528480509,286.223156547394,208.320451264141,280.641828643839,275.67905141788,258.436344396013,196.449867188902,295.452078645241,231.021279832571
1728,1728,17270,0,0,0,0,0,0,0,0,0,0,0,0,0,0,0,0,255.911111449078,250.725104061823,255.473956584431,276.835499367907,269.165145445713,245.726628719557,386.809268537376,189.282147600561,293.752445455089,247.943954300029,297.270244542005,308.086745789928,286.596270963666,287.512030508924,246.661833319368,247.073176922719
1729,1729,17280,0,0,0,0,0,0,0,0,0,0,0,0,0,0,0,0,281.928678274444,281.696575175792,297.215300917057,260.99582156343,267.515239345065,262.212446546926,402.535400789885,202.706823431315,284.932841854412,199.873839561876,344.543197657214,224.115296002028,263.291854632004,294.48687341735,261.577969670405,195.852235909684
1730,1730,17290,0,0,0,0,0,0,0,0,0,0,0,0,0,0,0,0,180.817860685302,262.159476602513,230.787041482106,281.727950088692,280.99850015941,294.609553819774,384.254098761449,238.497056614494,307.62364142865,234.969647636538,311.474064615866,277.382419990715,284.95073138335,297.156675654887,310.81430022404,251.706225372014
1731,1731,17300,0,0,0,0,0,0,0,0,0,0,0,0,0,0,0,0,271.704650109172,268.388904297565,247.587490694576,302.659116824183,313.628007188553,185.389373280047,385.947674071382,264.991629999615,217.399517618273,272.644392234995,275.747164721508,246.116046625601,256.438199508034,197.850355885646,227.132847141121,230.091601747056
1732,1732,17310,0,0,0,0,0,0,0,0,0,0,0,0,0,0,0,0,258.200850959965,267.620982603892,204.806918450429,157.23348065241,247.631106050022,241.133252969742,360.205274083618,310.461351065169,282.857094731218,260.421728721091,228.63997313094,312.454026974307,244.915317325665,281.995460089069,265.384199727348,237.079470706642
1733,1733,17320,0,0,0,0,0,0,0,0,0,0,0,0,0,0,0,0,273.141375021885,214.425470095001,279.160853809998,255.273643885105,355.652528071685,236.53981041138,357.983983605835,231.403817306423,292.794192720276,278.280216218207,246.579905773231,192.805687617178,280.727811654757,156.442454992393,190.164575199313,218.638365547959
1734,1734,17330,0,0,0,0,0,0,0,0,0,0,0,0,0,0,0,0,233.365202592113,263.879399419406,230.998971389168,262.430426128244,255.483201672929,196.081871526131,345.501392503033,241.661176983947,283.105215252895,258.989764913806,245.277529275123,266.730930452786,228.589243242786,199.543899825364,181.612439516266,245.29365261741
1735,1735,17340,0,0,0,0,0,0,0,0,0,0,0,0,0,0,0,0,291.821013993195,255.817979987476,146.28790913904,235.152782858838,290.926103039239,268.315057975632,335.265541434221,306.351053834846,224.611229140645,188.166366816641,183.776048679578,256.069155014142,252.077712431474,249.647337688076,241.376714570752,241.699338288279
1736,1736,17350,0,0,10,0,0,0,0,0,0,0,0,0,0,0,0,0,274.198827881068,208.50651905149,306.359994839927,325.258434875836,263.587612145082,254.592832788947,309.501524648078,247.64425992833,257.614233669685,237.8760685917,225.558967553695,293.105454557566,250.746855200215,285.103733736781,247.262023281745,270.983021838127
1737,1737,17360,0,0,10,0,0,0,0,0,0,0,0,0,0,0,0,0,212.288876577864,263.541038672804,208.072130166875,196.885668426745,277.370999061994,251.581350525575,331.3544366636,264.01446872761,213.684836282735,238.370539151739,256.035655437297,203.863263289001,238.176501806686,270.960974928651,237.259201987637,317.211249505656
1738,1738,17370,0,0,10,0,0,0,0,0,0,0,0,0,0,0,0,0,254.663220459896,281.655303075432,272.944537034572,251.487781253046,232.012529174553,237.608943827234,317.15107204353,274.397274408433,240.610945914456,241.144355898918,270.174438630357,351.394764832146,286.533711185115,232.264179705708,165.5599313106,273.609610563361
1739,1739,17380,0,0,10,0,0,0,0,0,0,0,0,0,0,0,0,0,191.229594028223,266.364254886149,318.160155430129,240.199701199575,280.155280925973,308.687084019069,317.657968249754,260.454069007519,258.402721107856,255.342752798565,195.109282394783,211.464646475113,249.214411110685,268.631116188433,278.524596923722,256.701603066641
1740,1740,17390,0,0,10,0,0,0,0,0,0,0,0,0,0,0,0,0,220.27307257209,255.93858760085,243.076718460142,302.13608270316,296.549264456644,283.224788325555,321.873610614002,277.099823019845,327.295887545229,239.088330371152,292.983370632058,182.56298518879,285.441348485953,274.249934301273,211.963787741407,238.504652598824
1741,1741,17400,0,0,0,0,0,0,0,0,0,0,0,0,0,0,0,0,233.375097130595,266.387940841368,291.451270700079,230.722855438008,194.143236674194,263.219970498371,350.910543895231,278.011573866924,312.622973637945,248.059817207775,245.986326860329,254.197150204837,187.740301766055,160.481331256228,225.612753130436,253.332261307295
1742,1742,17410,0,0,0,0,0,0,0,0,0,0,0,0,0,0,0,0,213.21919170907,301.609581651772,244.913873117271,221.209964508264,258.925838727977,261.920570663897,347.374343500093,246.455367355638,261.316671572211,243.368474235673,243.109605815163,259.061479030343,265.063148087589,250.199786988974,319.391719928725,267.324758782486
1743,1743,17420,0,0,0,0,0,0,0,0,0,0,0,0,0,0,0,0,219.540155440392,253.977299720946,279.499247153923,234.439052855727,225.649015774682,213.092393182163,351.728672789883,205.110781273235,224.572115984867,246.653612071712,226.452885809759,250.609669714501,248.445762806358,263.950108517196,194.362620838766,262.524030570676
1744,1744,17430,0,0,0,0,0,0,0,0,0,0,0,0,0,0,0,0,234.083447079957,256.95384829666,313.065035916901,317.380462141521,278.284382472261,296.608727891381,353.909305834852,278.310516332933,265.039136435498,202.291628027201,241.334444051089,143.342373441574,234.420384738341,282.732002857245,228.301109263913,271.137670054265
1745,1745,17440,0,0,0,0,0,0,0,0,0,0,0,0,0,0,0,0,251.784118676464,300.334962677806,230.927725670489,240.734060140886,213.446115751842,226.019570126236,348.06655129221,286.094385288301,310.920355432406,260.067722299433,308.829327757642,250.824145744563,176.183222939704,302.286038654591,255.106568297481,257.882368868342
1746,1746,17450,0,0,10,0,0,0,0,0,0,0,0,0,0,0,0,0,235.322749424926,206.266762994139,203.621845462746,325.848878718319,285.067570525238,282.43021849634,321.409051123462,202.221751256211,281.701702906945,263.328707488555,217.774618159059,215.928011281947,301.582484136189,243.328674692761,286.138898538357,281.535194048104
1747,1747,17460,0,0,10,0,0,0,0,0,0,0,0,0,0,0,0,0,242.495958156503,288.352748489656,330.403728408495,258.041625225916,246.696141674413,224.464451007049,328.569698059178,259.756032436471,202.074076704515,308.213317430606,179.49356335697,265.924631063887,244.914083165128,332.343782522396,264.901844926124,238.243253528005
1748,1748,17470,0,0,10,0,0,0,0,0,0,0,0,0,0,0,0,0,262.976312583783,253.63558482424,261.582270990055,252.01202439688,261.644459649958,295.258889049449,329.443608079426,281.02429560323,229.400981849368,269.791180066146,241.650196142065,276.790016071163,240.904425367506,247.074995724347,336.266467367693,219.637855230592
1749,1749,17480,0,0,10,0,0,0,0,0,0,0,0,0,0,0,0,0,258.892548306694,225.691247429272,219.52218416475,277.095525327681,279.990799859716,269.464182533725,322.125704166033,282.871782736079,197.399834341093,208.908851997718,214.883041923853,199.774462246542,224.624182259187,340.334792173363,266.604441067074,284.449295415777
1750,1750,17490,0,0,10,0,0,0,0,0,0,0,0,0,0,0,0,0,270.556134693601,273.13390992306,270.353549689966,239.373196749385,305.433800673977,255.685120178568,319.326851607945,223.699413639107,288.258343943065,316.959835607294,247.326908068054,313.095720687601,248.582905550574,250.596852048678,304.321988755969,307.472361549457
1751,1751,17500,0,0,10,0,0,0,0,0,0,0,0,0,0,0,0,0,303.331418751514,284.521996288847,224.836393067544,255.963048428702,232.965915003885,197.62399207895,361.062140223852,253.880640719755,220.0406060423,268.998137874175,283.433202849777,258.246959496977,321.768666794169,248.250144934383,291.184692173728,357.662264993663
1752,1752,17510,0,0,10,0,0,0,0,0,0,0,0,0,0,0,0,0,278.146746067115,299.86789715391,252.456981396513,260.84547682044,303.600534973231,239.84360853378,339.748410199823,242.083838982516,288.110014980348,232.815437401745,205.857120825811,251.554932441346,198.722847817576,253.065839703383,255.063675670535,209.10456402126
1753,1753,17520,0,0,10,0,0,0,0,0,0,0,0,0,0,0,0,0,241.135515506551,266.60061114575,323.232376588835,237.147545339726,295.995132702211,173.402037159671,338.534458882989,226.621138378122,306.797256022551,252.210993448655,243.427221179571,220.067092201441,209.219640776572,178.417564158638,223.975825962511,262.649353177407
1754,1754,17530,0,0,10,0,0,0,0,0,0,0,0,0,0,0,0,0,253.94994103097,306.908641516892,232.880867817564,253.075882702136,324.633024960663,288.839681287072,360.284252315039,239.839613944378,250.179315055009,307.456415672265,302.174697748567,252.630140702576,201.152573392939,279.582806894654,297.322563109353,349.699193096641
1755,1755,17540,0,0,10,0,0,0,0,0,0,0,0,0,0,0,0,0,247.384939572078,269.944554702341,315.440348646012,265.813610511403,314.03810043252,257.780644002678,338.692331912862,253.921875388461,269.755579449229,198.796810189721,253.217527391557,233.24474819399,327.04128479037,236.127660042257,264.190370930626,285.886459610758
1756,1756,17550,0,0,10,0,0,0,0,0,0,0,0,0,0,0,0,0,190.681605247265,233.715094938269,279.765687238046,279.266504001543,283.07781962312,273.748900666814,367.872568041984,215.371668372394,314.099882673611,316.626479485774,260.05621953431,245.242481687456,289.454433255641,222.795851498409,198.450180880313,193.46263772972
1757,1757,17560,0,0,10,0,0,0,0,0,0,0,0,0,0,0,0,0,250.72065471123,334.942277616119,296.409327850365,199.462146022507,229.611322573387,275.084241451531,359.004726190697,245.333870443957,171.419749101966,301.29604938196,316.200813253474,273.215058403443,261.571795890197,271.914924202822,200.747202150706,220.885404978558
1758,1758,17570,0,0,10,0,0,0,0,0,0,0,0,0,0,0,0,0,286.213139883611,218.006451394508,217.376117065003,273.79971782371,194.493466637963,289.839259312984,370.143089997258,239.606570150089,236.160064773597,303.864600855811,276.331270143419,279.453396478524,241.460284181935,306.675181224293,228.367227037905,263.295425437852
1759,1759,17580,0,0,10,0,0,0,0,0,0,0,0,0,0,0,0,0,304.653827605253,174.095638735784,273.029008300304,291.028301696678,227.401319562215,338.074968519581,373.51103756525,249.918298911351,265.375533663836,239.894540975932,303.654280844746,294.094938604104,285.129096510724,265.649317261444,254.544652328886,211.115917009785
1760,1760,17590,0,0,10,0,0,0,0,0,0,0,0,0,0,0,0,0,275.827519163346,278.222743425757,224.564562386749,285.329641996578,317.141898711306,259.91064663787,386.602733895133,220.242792846359,207.197767546169,263.974446608985,204.185287794356,237.88146773605,251.712884599382,240.288185838137,278.693016809264,294.107619396301
1761,1761,17600,0,0,0,0,0,0,0,0,0,0,0,0,0,0,0,0,257.659678010841,238.086552658118,327.46626564511,226.506242109953,213.295436698815,244.493646769699,391.898263145571,240.606937044243,297.72557767317,203.095358852305,219.198320584338,236.498336028296,340.415931537773,267.225335858218,266.378075176364,316.1596583788
1762,1762,17610,0,0,0,0,0,0,0,0,0,0,0,0,0,0,0,0,276.438890765922,177.243290014513,218.674845603069,234.091596598375,227.856443139662,279.888707405858,395.114445052047,238.994968465917,333.931066797534,227.987361687748,265.980988891061,257.648797906781,212.722322288801,202.381628722769,238.863753958563,244.761074702504
1763,1763,17620,0,0,0,0,0,0,0,0,0,0,0,0,0,0,0,0,272.279593855557,220.748104277649,284.270940684075,262.778996774346,248.180033789026,304.177683728929,381.900701754543,268.926897871221,211.256276281423,262.504536103237,283.407118075086,212.216372600387,207.307409128734,270.14491161668,246.908502470871,262.403758305368
1764,1764,17630,0,0,0,0,0,0,0,0,0,0,0,0,0,0,0,0,218.97556556464,253.891135558487,263.974733160717,244.690981763679,175.84361098952,257.390276948207,356.503068024789,269.630151218866,235.463324556981,232.899284411623,260.935200912575,249.658730315991,293.436419879222,268.234896291034,259.805706191827,247.045380574326
1765,1765,17640,0,0,0,0,0,0,0,0,0,0,0,0,0,0,0,0,267.023411891392,229.163190700679,273.594533579937,211.013924212758,235.73512533764,231.186525848897,377.612632309396,266.05762465148,307.37260345387,255.973946875015,260.717558619276,330.946950706733,279.211336397113,251.620527131359,282.669973651384,303.211497601558
1766,1766,17650,0,0,10,0,0,0,0,0,0,0,0,0,0,0,0,0,302.070728460136,249.477162592857,278.291257807772,227.002003607824,302.469410875985,253.118630677002,377.798037640382,253.679385360889,218.438094408613,259.550764633227,137.651896661032,240.578604393622,212.205876453417,263.071667966868,273.372819200045,246.492042105802
1767,1767,17660,0,0,10,0,0,0,0,0,0,0,0,0,0,0,0,0,228.807432130577,285.724428686165,201.55600596444,216.081368748834,252.479173068438,289.159204718521,342.160008205087,280.607971987585,294.583935789046,306.207696420711,244.067687542361,301.173166053707,291.604633122544,248.567799085643,294.762418377729,227.370255659276
1768,1768,17670,0,0,10,0,0,0,0,0,0,0,0,0,0,0,0,0,259.048863187777,275.521701410965,276.765674003698,224.517576989115,212.738641359865,282.664625381622,352.815560073478,287.456268421258,305.771538643449,276.607270855831,262.935252179947,228.640119734094,213.768731552565,228.780639615853,273.190706369559,225.402846658392
1769,1769,17680,0,0,10,0,0,0,0,0,0,0,0,0,0,0,0,0,216.645058642128,204.926142045134,225.576497610625,240.299708152071,279.75105281487,300.620050106273,343.626541838708,239.236888623662,243.720441625489,225.84943903378,284.103991918023,226.762842824568,320.74732078325,237.956199324601,186.905843385622,290.500044054055
1770,1770,17690,0,0,10,0,0,0,0,0,0,0,0,0,0,0,0,0,212.878365390722,327.390541681978,282.18244869261,221.160263294904,241.21394097981,265.972966825055,362.228467829398,205.20533084133,229.436835423687,220.80590809163,286.952298702105,206.883383870678,274.318850478316,264.081561875821,268.512206309293,236.51393622502
1771,1771,17700,0,0,10,0,0,0,0,0,0,0,0,0,0,0,0,0,198.604887347505,202.527441152851,245.699122916289,368.270991014969,169.572978441766,236.702564221936,346.470597982256,252.524040147539,246.586735473347,243.751261538954,271.553230769044,245.635611438785,264.198102740103,283.68643525631,264.149491239568,225.416367826388
1772,1772,17710,0,0,10,0,0,0,0,0,0,0,0,0,0,0,0,0,187.530943674771,206.267081065589,233.736856962636,180.541228279256,274.077423751962,211.848469211056,350.110053406356,178.625119793951,344.536236061589,289.322755888717,225.480968573413,166.789594664459,230.170821853179,263.945856823989,260.105175583643,222.17916710464
1773,1773,17720,0,0,10,0,0,0,0,0,0,0,0,0,0,0,0,0,281.099006047379,241.804379726951,280.550228138288,234.535859699365,287.034696128045,244.450022268231,386.549704971122,232.857484306246,275.532694189356,268.674703097232,273.58855075801,227.00733273259,256.028935003826,270.112906513322,277.457756739099,347.28583381617
1774,1774,17730,0,0,10,0,0,0,0,0,0,0,0,0,0,0,0,0,212.762790574891,248.002377938917,298.543699986065,257.127084875452,195.163759392065,284.35447254504,370.062161767511,292.448195372791,232.068083565994,212.205054922104,256.544990199841,246.831222955466,282.912380928533,187.715247933825,261.574896285176,234.878782580624
1775,1775,17740,0,0,10,0,0,0,0,0,0,0,0,0,0,0,0,0,304.393492836742,249.72253289387,260.810220311437,210.706676571404,222.931065587656,235.480280843114,384.648500360213,233.164196094103,247.810712567134,177.482482047507,220.020819009872,244.917006756261,203.32816263545,260.210487092744,288.245694660972,255.635219923522
1776,1776,17750,0,0,10,0,0,0,0,0,0,0,0,0,0,0,0,0,278.217366530981,271.714102961428,242.840618589077,268.496768067565,294.240352646162,255.745313303837,382.993718612736,282.225566278893,257.483727925132,286.984282235371,234.974713389013,272.114763935249,281.484590713967,249.405373985297,277.590359064686,231.579828864188
1777,1777,17760,0,0,10,0,0,0,0,0,0,0,0,0,0,0,0,0,204.501803228924,212.883268328914,284.835535232402,269.668705036585,303.641918508929,243.857647438037,390.986719326175,216.686067584428,244.465678987199,312.346402640309,327.330948662279,241.057795506887,206.57917698794,262.702425729352,246.335410033466,224.553205358654
1778,1778,17770,0,0,10,0,0,0,0,0,0,0,0,0,0,0,0,0,292.303309506436,288.216688115503,268.391637688352,237.105375172595,224.225739643692,260.493732740647,387.858214125117,279.786924084125,195.600412286049,275.53840723529,278.279267375179,285.126888652448,197.911958783445,216.116460956738,283.846664002388,252.13444216011
1779,1779,17780,0,0,10,0,0,0,0,0,0,0,0,0,0,0,0,0,242.943522571285,318.265802650174,339.763245219218,210.347650330044,268.829342750998,222.355185710004,381.885234999032,256.196556576391,272.162174911383,260.270699724898,255.431070091297,234.19247019231,286.706174540696,249.982298660091,238.866579730913,203.392520670965
1780,1780,17790,0,0,10,0,0,0,0,0,0,0,0,0,0,0,0,0,253.942937325275,217.493678711826,238.627073375666,279.83061192324,288.029217959735,288.566371273543,387.533564830404,332.403261324725,252.239635107639,238.640303006697,276.644732927095,289.420873618154,196.155497739562,256.625123030436,220.345449562408,194.7796504732
1781,1781,17800,0,0,0,0,0,0,0,0,0,0,0,0,0,0,0,0,244.795502429157,252.291159807932,207.637119466759,282.544906232647,229.223923440917,214.470882888679,390.621960199641,269.655390929922,187.382725634378,233.262853973941,290.137576403717,274.408322289862,274.250213164987,270.180782002359,219.710462180602,250.081037103569
1782,1782,17810,0,0,0,0,0,0,0,0,0,0,0,0,0,0,0,0,210.431497626977,249.894858896225,272.006319676624,259.095816001579,292.613672716389,290.978144940884,389.537582335315,202.964272557206,280.106319188964,276.705842898342,220.500856746529,265.000694478256,254.092102595494,263.873374313265,290.75923451004,229.114579569654
1783,1783,17820,0,0,0,0,0,0,0,0,0,0,0,0,0,0,0,0,230.433690713397,215.659026720356,305.275748438543,213.121069220853,215.84685547291,282.342856301247,380.565734024972,260.798809606619,271.347641817106,268.616289617867,267.746504622896,220.147377421951,235.480956327866,225.709798576911,219.935815881474,235.116942832633
1784,1784,17830,0,0,0,0,0,0,0,0,0,0,0,0,0,0,0,0,297.216823198608,221.022054131375,223.630467861668,281.993791619803,269.933932060352,231.492771104324,379.12344212853,243.202112883288,294.431442983622,235.896629607993,219.550591008107,242.826676318631,225.823006218482,284.221463099658,236.540360973083,285.583799325731
1785,1785,17840,0,0,0,0,0,0,0,0,0,0,0,0,0,0,0,0,216.189035654977,245.111518301124,252.364769684658,172.916614391191,237.701870689261,266.189737383928,401.011474405599,179.893500081951,235.903496478771,266.189750842411,264.045749272662,276.607033838189,218.81629120971,237.462304510518,297.650460945179,219.778703034342
1786,1786,17850,0,0,0,0,0,0,0,0,0,0,0,0,0,0,0,0,254.775361090327,268.332297955009,273.35281180749,258.005121177482,152.992464285293,275.380597460938,381.135623132962,216.253747450853,274.932015311809,188.04086995863,293.1805612694,175.677413793697,292.077876998891,222.733088264862,230.314939199966,309.867305767116
1787,1787,17860,0,0,0,0,0,0,0,0,0,0,0,0,0,0,0,0,258.259909561989,225.365239826899,231.975956085005,272.721250015025,193.020681351891,210.109655391606,377.742247048471,263.455661600277,234.741555895093,261.378211069451,212.177420566895,210.758743759895,222.766339301186,275.914198421359,259.247379591906,231.259487232444
1788,1788,17870,0,0,0,0,0,0,0,0,0,0,0,0,0,0,0,0,292.85808860834,221.6542398765,220.58438166397,239.731301394631,348.498608622218,270.946727222238,362.213421817725,273.479713999033,233.370816752175,324.797811975695,265.91637369017,302.249908136862,220.789827667928,286.67630379381,238.085426816129,251.540067934934
1789,1789,17880,0,0,0,0,0,0,0,0,0,0,0,0,0,0,0,0,291.839820153545,235.281411111163,283.608417209587,267.738424082998,266.702964724971,249.62609930759,344.447043535494,238.041375561526,269.788110862678,276.897478352277,199.595975281025,312.476644017635,229.927812973326,222.156379771814,224.965742352557,236.696180433221
1790,1790,17890,0,0,0,0,0,0,0,0,0,0,0,0,0,0,0,0,221.139951957235,206.740920958179,297.573756299119,257.700501929983,237.963095772496,236.763990457594,347.589636263068,204.765565779541,278.657089144271,285.479584271232,258.463925436639,208.72125574576,259.659322027247,237.726122981744,232.224070952431,219.398803358639
1791,1791,17900,0,0,0,0,0,0,0,0,0,0,0,0,0,0,0,0,244.892889108043,245.098056820544,296.012773642029,241.221193908136,325.387942184246,244.838746189587,323.838312822041,283.715404845468,255.157344775041,277.971266607599,205.751655753692,262.886687295319,215.957974839262,254.138437851484,217.96455906663,284.48396428822
1792,1792,17910,0,0,0,0,0,0,0,0,0,0,0,0,0,0,0,0,204.855173216945,261.817086208164,243.436334877673,249.571216753922,284.540061757965,201.491657633174,311.208074940106,273.977114185838,213.375797452737,210.086624371159,274.04073874376,303.206050299221,256.361189749743,214.650271655113,219.990816756327,187.462096593251
1793,1793,17920,0,0,0,0,0,0,0,0,0,0,0,0,0,0,0,0,240.214495637799,215.093523284145,204.424699732339,292.880452838649,273.905455385663,263.950780170416,317.411327120946,300.844782753542,260.559705947657,282.453054080417,313.799804370338,244.48585454962,236.000477000211,251.353843474583,245.041639491823,304.478248606675
1794,1794,17930,0,0,0,0,0,0,0,0,0,0,0,0,0,0,0,0,294.825631169518,258.029261589588,253.708017811742,223.409841309828,304.379904021661,252.387058041924,316.911900801842,253.48334316305,270.71096224035,218.441490208708,218.845567894694,227.326960454413,217.286867663009,240.652654352339,196.954740638695,230.15513161352
1795,1795,17940,0,0,0,0,0,0,0,0,0,0,0,0,0,0,0,0,229.332297323235,305.411269225177,256.604721366057,179.041148140997,162.233869525944,227.055567708525,296.521323631155,266.933543623329,251.170393583957,233.127716104414,268.989608721043,202.807888531742,256.743497612749,260.497413367438,282.628723288634,222.884492114131
1796,1796,17950,0,0,0,0,0,0,0,0,0,0,0,0,0,0,0,0,222.383765205227,243.07283543427,221.032056427046,284.778964678603,283.704078985661,272.628831679207,288.314831581578,240.477557447408,248.238960129974,175.305785510837,190.176125690197,295.381912463898,265.945612842248,238.262946271284,242.826054270044,285.821861642731
1797,1797,17960,0,0,0,0,0,0,0,0,0,0,0,0,0,0,0,0,299.901632932519,278.691688838282,275.647960070987,302.300594028122,294.181295643979,205.423442914058,307.613379446099,209.859216890849,316.978789632987,170.667346654915,291.077996596369,232.058185717359,311.461732328539,240.963456172522,271.09022326503,238.497818666042
1798,1798,17970,0,0,0,0,0,0,0,0,0,0,0,0,0,0,0,0,279.685551521623,240.012575460465,253.197212978828,205.836190914506,316.874798759609,285.092940889785,285.739459898232,295.846906470844,276.274900160018,213.86772077093,300.658689043718,237.58968322071,221.799526721216,207.999634916265,192.466047801037,291.838197296775
1799,1799,17980,0,0,0,0,0,0,0,0,0,0,0,0,0,0,0,0,172.838283803934,205.568804223778,245.047530258717,273.262605680131,240.371919237893,250.477596359116,282.755476696842,286.523807398552,204.277109768153,255.11322482101,236.110657497205,207.920060489156,271.830415085867,216.193830601315,265.259921880613,190.482217331572
1800,1800,17990,0,0,0,0,0,0,0,0,0,0,0,0,0,0,0,0,306.692243368083,241.17954642511,226.733447636279,238.425985781007,244.358161787046,242.386407710961,291.124042156138,232.90551425239,254.363701304525,226.937077641579,234.210983413629,231.378585266843,243.053964951644,217.563884090029,275.406984839435,232.634860203354
1801,1801,18000,0,0,0,0,0,0,0,0,0,0,0,0,0,0,0,0,253.901060620424,276.390172514693,265.991931329012,209.903028443046,226.992499399474,170.851480570509,257.766887158242,228.225907930283,355.358169687755,231.141139388602,279.407816699684,252.730081597801,307.077075992775,282.775019245614,277.25794061048,288.059647389982
1802,1802,18010,0,0,0,0,0,0,0,0,0,0,0,0,0,0,0,0,229.679640775459,259.601223120539,291.348311154538,216.384449548771,200.493448551294,214.977750968482,275.550284396668,258.861658812102,268.02776020629,230.3527283713,290.216162605174,309.892570815759,269.021560117552,268.226174200772,210.657520311326,291.358342593819
1803,1803,18020,0,0,0,0,0,0,0,0,0,0,0,0,0,0,0,0,269.355284856425,255.946912684062,227.246838444259,279.341818956064,238.881259318901,229.425868255559,269.987179192291,181.836565479965,292.113403466342,231.057897765381,219.335960370783,295.05592098663,284.936612910083,273.630360108347,252.331742131723,263.398628043101
1804,1804,18030,0,0,0,0,0,0,0,0,0,0,0,0,0,0,0,0,220.032051402771,221.344031696887,220.955882826954,219.565868413754,192.198296155976,226.610374462936,275.511241603366,257.087077471197,208.395482065917,237.707297601932,240.799411134208,214.62322892985,237.540303381357,253.02839687242,363.633035977373,216.985912545494
1805,1805,18040,0,0,0,0,0,0,0,0,0,0,0,0,0,0,0,0,293.253658030222,248.557050830985,239.667278686108,226.505628954022,262.839771521185,222.596293697085,279.941990709048,240.565697954296,197.395597231939,312.994481696938,267.019837224491,319.218676196359,247.570831810469,235.030106110843,171.365974715185,196.681140847942
1806,1806,18050,0,0,0,0,0,0,0,0,0,0,0,0,0,0,0,0,231.371961795203,316.934947253483,239.664443553014,258.371377417192,231.316760575099,222.724255024628,271.002707244449,274.765695470215,315.315017618937,246.931443924,257.197156136548,208.324790204843,256.386167526419,283.827422923065,281.978594100746,225.408056076992
1807,1807,18060,0,0,0,0,0,0,0,0,0,0,0,0,0,0,0,0,267.91044695763,209.500624768332,183.345376997321,211.627116015029,222.726180034545,237.817863250017,263.980501535667,283.572920630284,248.046843546463,322.803115144772,269.739834540838,220.926200032906,275.882354209175,282.041376882969,231.410915547182,257.163489190557
1808,1808,18070,0,0,0,0,0,0,0,0,0,0,0,0,0,0,0,0,265.438139006461,294.661967259879,287.42898808357,234.047874967941,241.442701643868,296.22423153071,252.482880442315,265.235826255961,249.753384026234,285.746324785075,241.008630672912,262.545461821429,222.817347912496,265.6324007403,249.01964095367,216.776786520431
1809,1809,18080,0,0,0,0,0,0,0,0,0,0,0,0,0,0,0,0,303.500393815078,201.342816407698,183.210681220883,242.424055347395,183.562559543825,238.469274173567,252.692391653007,267.040623409355,246.936926460328,275.396390463476,229.28056522907,346.469187144016,208.351341394827,240.571764012668,283.08602025232,302.460751365724
1810,1810,18090,0,0,0,0,0,0,0,0,0,0,0,0,0,0,0,0,244.061536882225,244.805352188155,272.085686651847,247.708947353164,253.365342909151,254.988142933489,264.491453693116,278.43867710739,165.491152667366,205.614856625811,231.583035688045,197.030042087749,320.733045158636,322.771092039708,214.691133012152,231.279317522608
1811,1811,18100,0,0,10,0,0,0,0,0,0,0,0,0,0,0,0,0,231.1059964844,180.789311835967,202.383020706578,200.244536775431,242.683432825561,281.115830604887,252.983566469193,209.919152885093,252.925522623975,234.616686309448,277.875919456311,285.176514548121,263.758625801322,237.141339903231,274.253219652129,250.74788586665
1812,1812,18110,0,0,10,0,0,0,0,0,0,0,0,0,0,0,0,0,302.288595566572,236.83084351041,223.809042544569,223.127274643729,230.376087540049,246.596612600181,237.588623800351,270.031206621931,244.700906726241,207.875374001683,300.867634824349,260.110614649716,322.107464798827,173.014782574144,202.66874759135,264.909052042078
1813,1813,18120,0,0,10,0,0,0,0,0,0,0,0,0,0,0,0,0,247.883570128888,251.157119221491,258.714542679822,241.999849771628,284.980127014524,208.94813673753,253.065632038053,210.594087170335,222.994971779724,249.732613212902,158.907364931678,219.671616642083,243.719909074495,228.652444503415,247.862072298934,278.637515468559
1814,1814,18130,0,0,10,0,0,0,0,0,0,0,0,0,0,0,0,0,269.150543607793,232.76880698119,194.704932304268,292.06523470919,229.988507373099,276.853893665322,278.883558887255,232.778090480446,286.302881298841,280.298268673701,182.98494769337,197.351754699196,244.269205517331,251.025862631707,207.501515416747,223.086836987449
1815,1815,18140,0,0,10,0,0,0,0,0,0,0,0,0,0,0,0,0,251.813169726984,235.926005571026,336.194968013147,273.268132978918,231.502060505611,303.892999364481,271.878051319875,196.562896873595,247.870842564984,270.339316587215,245.215905224676,232.83990145898,291.688896855657,226.25201741407,270.927191902663,284.448967494228
1816,1816,18150,0,0,10,0,0,0,0,0,0,0,0,0,0,0,0,0,316.319630982166,257.48333862923,286.274641017371,271.564304219087,241.964271230461,207.986991684522,289.959279741025,246.808542312509,271.654821254428,206.842120189914,257.863536603207,266.478592910637,301.038926744995,230.989974472578,270.980287251529,328.409016771541
1817,1817,18160,0,0,10,0,0,0,0,0,0,0,0,0,0,0,0,0,285.561027423583,269.860991239635,257.755758589154,205.958728166912,275.942208267286,248.167129569068,289.175270317308,227.062797628899,255.787490789569,142.878606073924,238.746957714174,230.381374901457,261.018354520567,217.161126124013,278.961402094103,288.949774515256
1818,1818,18170,0,0,10,0,0,0,0,0,0,0,0,0,0,0,0,0,231.167006687196,271.985240681438,275.565057190548,177.703563212523,264.916039477887,251.380664014633,310.107004656761,260.612843182124,212.802505353945,238.246472618175,261.971932804632,245.001595679718,225.580709244754,230.561736554838,235.597042400281,228.205843513615
1819,1819,18180,0,0,10,0,0,0,0,0,0,0,0,0,0,0,0,0,265.850088648437,266.181292395163,250.838969070412,158.402248744908,292.174832643848,280.531844905851,326.249266618594,199.451474559935,271.324670931827,215.801868966632,311.811970097121,219.501865349218,216.076795060154,208.459393073637,230.305595115648,210.650034743473
1820,1820,18190,0,0,10,0,0,0,0,0,0,0,0,0,0,0,0,0,276.288614551457,254.238245064694,201.351585126242,215.204006922751,231.856954418557,271.29576220584,319.21679455895,219.306145479532,255.486442681535,288.020031774822,209.698313892852,257.948799552049,248.720487392452,184.757886528393,248.388105473123,238.583177209496
1821,1821,18200,0,0,10,0,0,0,0,0,0,0,0,0,0,0,0,0,308.801565402135,180.333827695568,256.03426879199,221.573271468009,180.168433914053,205.146121596179,333.043433807986,205.114895751233,213.554266063037,232.651327062772,227.120476088952,283.86699866972,246.456411839344,353.007264387276,325.674931286449,269.396738888654
1822,1822,18210,0,0,10,0,0,0,0,0,0,0,0,0,0,0,0,0,286.811341113511,224.671235169568,263.303098062787,217.612125305891,242.701601000837,266.795428011598,360.772988924192,180.74222274465,294.950689776484,268.163611694085,241.334243933425,277.776449365269,257.815063538844,180.617624453283,222.977297098169,234.397341164997
1823,1823,18220,0,0,10,0,0,0,0,0,0,0,0,0,0,0,0,0,320.204164474725,303.636190474753,190.235473864959,236.425847069056,301.872948807448,217.142833752734,344.363787000955,240.841086797983,289.821764586845,218.929690408099,257.490385208176,327.673506541295,241.828192887744,314.033560278409,213.989547827912,326.351975070263
1824,1824,18230,0,0,10,0,0,0,0,0,0,0,0,0,0,0,0,0,330.078305585213,225.145066441699,271.49231407869,297.369442153573,250.9027148774,271.482627381288,371.198425020938,218.114531790998,214.014137688408,186.67243652835,240.275829379782,189.326770149731,303.4739397377,223.094358743589,250.353941363545,300.044767977179
1825,1825,18240,0,0,10,0,0,0,0,0,0,0,0,0,0,0,0,0,181.781595742947,240.347082915237,287.345462925284,299.760121484342,274.299901145473,263.592048199276,370.414501513996,237.115966664856,278.843558584587,159.333383774168,257.845545097481,244.286847274696,244.179650328479,144.824762283187,233.386538647561,233.299200794671
1826,1826,18250,0,0,0,0,0,0,0,0,0,0,0,0,0,0,0,0,248.077597701148,247.530585263966,263.169701967732,246.018339582397,267.910874559528,186.402841157393,353.924671793012,260.230397530616,282.344524702122,244.815379089899,287.551252517203,227.336083540218,268.660897534863,252.780270668696,187.698770132048,227.849548863613
1827,1827,18260,0,0,0,0,0,0,0,0,0,0,0,0,0,0,0,0,316.561107754902,218.787404695503,123.359114823106,288.73826926042,313.788298710148,266.670595175457,373.997513071527,264.231582389721,200.936359130987,210.287175156256,242.132273180429,231.09664878048,330.726122147414,239.317076246616,243.638630508344,286.290920876596
1828,1828,18270,0,0,0,0,0,0,0,0,0,0,0,0,0,0,0,0,295.85435854848,225.154263830364,247.404568011839,260.958915910809,237.617492511352,255.878077049192,386.569238785015,272.467009612657,233.776126606323,264.965057083268,172.824309714193,244.484554369808,205.78436871719,249.741925611635,280.783794106982,214.955717679467
1829,1829,18280,0,0,0,0,0,0,0,0,0,0,0,0,0,0,0,0,234.744075356655,248.893344366769,241.833309450404,274.330970237773,155.253572435837,218.113279494119,377.536593352606,236.416777819537,289.782525504558,242.483347392307,276.437055739737,230.836700178645,212.120797979201,236.375500924208,258.430243489573,251.043930526694
1830,1830,18290,0,0,0,0,0,0,0,0,0,0,0,0,0,0,0,0,267.621898465439,221.963711804718,268.538122046444,236.86886730429,266.414123696543,236.705673385285,362.715570919569,283.230176756744,237.004553747185,275.181742318215,241.574593372,287.339940609854,238.366759451744,162.249854443004,257.690578771545,238.927443887881
1831,1831,18300,0,0,0,0,0,0,0,0,0,0,0,0,0,0,0,0,244.072699643307,312.194818287038,254.327595276696,211.097758770979,240.505569811567,219.241917755775,355.347866782724,320.40301950517,263.318900624233,256.365429380638,248.104044294856,299.330648339896,305.59905103995,168.610825838471,284.104935729663,225.484136724521
1832,1832,18310,0,0,0,0,0,0,0,0,0,0,0,0,0,0,0,0,247.696768784765,244.321794130449,286.025215079295,251.909450487606,236.714193365329,260.654985921282,331.271059689345,247.541666099342,278.519271490614,262.271491313437,281.200487506412,250.776780863952,240.545137605096,206.570137108472,238.7751811858,249.244378437128
1833,1833,18320,0,0,0,0,0,0,0,0,0,0,0,0,0,0,0,0,196.818424394103,252.065685317296,220.354094877908,290.79086495193,228.491244672752,257.314842616271,331.636507147673,281.964730959471,277.40672913667,208.119292154587,211.290142533101,244.69897737726,219.695760566979,270.33199386361,245.172313322727,154.504307647497
1834,1834,18330,0,0,0,0,0,0,0,0,0,0,0,0,0,0,0,0,211.617881301628,276.731570654755,250.608206305173,199.218011882563,253.980257207807,238.265048415313,322.652971297568,249.852726965047,225.137402591006,219.266191485799,320.505648055626,330.378451583745,252.368450648082,291.17733079325,268.97015635111,260.098501478133
1835,1835,18340,0,0,0,0,0,0,0,0,0,0,0,0,0,0,0,0,276.83859238896,275.395724601702,200.975492243745,288.277255463829,227.766859142151,336.974102755615,340.365893212501,239.253551973926,275.946263131902,247.817498781651,276.709456533314,255.253466146386,297.898095673844,231.044214299595,212.571226767778,231.618266267147
1836,1836,18350,0,0,10,0,0,0,0,0,0,0,0,0,0,0,0,0,237.825293628188,261.690159881384,278.278357260918,265.428316655962,251.991732655201,265.061742883491,330.198663001452,216.006397255139,203.36490518945,276.372282298341,199.461473965125,234.964089460997,241.01272588038,240.553540808445,282.017217357371,255.976870011366
1837,1837,18360,0,0,10,0,0,0,0,0,0,0,0,0,0,0,0,0,309.322781805223,206.248171091032,257.024558857441,239.041393769896,231.249992841954,268.748927195777,279.419164239447,290.319026288081,288.131411524595,266.774148951081,269.47110245132,273.309052041373,267.19052207757,245.014908723437,204.593986995065,293.963920281569
1838,1838,18370,0,0,10,0,0,0,0,0,0,0,0,0,0,0,0,0,252.034241172751,211.951935557106,267.796450859339,214.375250076377,273.589312254704,226.841447912719,309.373187093995,292.553162425056,262.403288539907,257.905794450986,213.57786311962,263.336594028194,263.558506321625,318.561053740041,209.738125785318,256.917570708109
1839,1839,18380,0,0,10,0,0,0,0,0,0,0,0,0,0,0,0,0,188.335621022417,275.394925554929,249.639372345813,249.267596487933,275.55334415253,274.930632225575,319.463097005159,267.993825912182,235.666613618096,242.752990467878,286.749595338875,170.773156702478,241.178539343745,222.629610548493,280.836834569522,233.857099791315
1840,1840,18390,0,0,10,0,0,0,0,0,0,0,0,0,0,0,0,0,216.657431924112,282.9995502488,245.916634347797,247.735680764716,280.168709703412,227.590245952151,313.176055395505,274.550765621377,273.944360858672,220.255204334573,196.371464271316,239.054134872737,178.248372449802,175.677446871306,290.488683217735,198.175244195388
1841,1841,18400,0,0,10,0,0,0,0,0,0,0,0,0,0,0,0,0,261.802685993484,207.309689135905,217.175481589107,227.181336696325,176.31639407601,304.869108878878,325.361479421476,190.478446282818,294.796334615681,259.137343692622,219.620818072157,167.589270012122,221.381263388453,213.351103101407,234.053075216798,258.358599615788
1842,1842,18410,0,0,10,0,0,0,0,0,0,0,0,0,0,0,0,0,239.406405684779,202.424399035408,231.964378093494,224.298343813081,275.352057885539,243.420908798408,344.7194206659,280.013901962916,252.524499661184,161.45501867901,276.774062757623,199.146886383268,232.831435263103,221.535309465931,244.659793392723,229.223575861608
1843,1843,18420,0,0,10,0,0,0,0,0,0,0,0,0,0,0,0,0,170.810636612839,246.316636500274,228.008926309485,198.116247633175,271.4982734212,240.461986459264,337.456386220813,247.376730229487,269.480450911072,213.662768747988,267.493222797914,266.141845007123,258.914766084074,303.05778899263,315.268067158022,228.398692355692
1844,1844,18430,0,0,10,0,0,0,0,0,0,0,0,0,0,0,0,0,235.724152643663,189.479047729763,263.910665232258,266.767655744314,222.454266824713,256.985198070434,341.691935577314,239.074378899343,268.470991888774,211.009455579837,203.946026504656,243.412265814646,266.855998840531,260.518022287368,211.159858440405,217.650515373681
1845,1845,18440,0,0,10,0,0,0,0,0,0,0,0,0,0,0,0,0,208.180128701267,325.285944029501,264.500825942164,260.670262053042,269.555269970227,221.472052032863,347.858868763464,253.106051897096,153.965477372717,207.808444616937,197.683214324521,246.313936391458,218.385135965637,178.077970862446,230.074873353763,217.480604707054
1846,1846,18450,0,0,10,0,0,0,0,0,0,0,0,0,0,0,0,0,232.476064060361,220.807921150277,220.213055046305,216.67842707863,248.47000723177,265.76570512915,342.066832285915,232.426653767006,273.393200776566,282.939847397298,230.923217711632,279.171832247369,322.439669539868,345.612428460453,242.648778970671,247.264996246457
1847,1847,18460,0,0,10,0,0,0,0,0,0,0,0,0,0,0,0,0,219.790395221484,277.4720130662,292.605475265738,211.474014639996,284.826533979799,257.851166989976,359.960666256296,255.996295235947,240.749708117423,270.99441731886,211.300828300931,230.539210370343,315.02032719449,273.79698426105,252.008550191287,271.179574247802
1848,1848,18470,0,0,10,0,0,0,0,0,0,0,0,0,0,0,0,0,244.758200350229,209.610269024924,252.864210224791,229.110626031392,280.248374986788,284.756522850764,379.235016874348,270.562209733388,216.781409542621,243.056281159149,207.250199338533,298.954835825924,189.142500393822,271.238325608012,197.473222582057,257.484243596414
1849,1849,18480,0,0,10,0,0,0,0,0,0,0,0,0,0,0,0,0,263.872591533082,213.944782763987,228.183141917161,217.49809095422,259.090155632724,263.228369312222,373.135261543979,278.14580321176,328.854486113042,285.779796358571,258.599612365407,260.918927176212,264.8496821181,208.455366383608,241.740701355214,198.325578453316
1850,1850,18490,0,0,10,0,0,0,0,0,0,0,0,0,0,0,0,0,266.643452471917,277.887331688752,262.674438790831,271.879068724955,246.433559382629,156.111915291172,376.96719998507,288.217181630607,298.467019631192,285.83962262289,275.775673158864,294.843397062371,264.487997624371,277.811149115077,287.070984530356,309.168641837469
1851,1851,18500,0,0,0,0,0,0,0,0,0,0,0,0,0,0,0,0,229.101017461392,160.862475275801,248.242646310605,179.66300213328,263.504808801653,302.207384621986,384.88500358684,242.730744218212,307.603905364434,233.663599836869,218.976726413929,211.339758163756,272.230684048669,278.980470954834,311.34554214073,259.398502075556
1852,1852,18510,0,0,0,0,0,0,0,0,0,0,0,0,0,0,0,0,287.275155487599,217.687569424844,289.916756799724,282.76661247319,232.259017974868,225.280217958269,381.091322732892,294.821516591853,262.567101588922,215.006460599222,261.4138080378,226.896504971249,248.590937512971,233.123399089547,305.986240409544,281.668342209604
1853,1853,18520,0,0,0,0,0,0,0,0,0,0,0,0,0,0,0,0,271.592977581116,246.013395882427,217.462946973017,186.732980893516,279.742269372687,252.532757420402,388.455651036487,291.519809509257,249.823425080216,214.755897566418,236.117048417614,233.455837798091,187.331806214402,258.623534348532,226.104848832405,224.006079744736
1854,1854,18530,0,0,0,0,0,0,0,0,0,0,0,0,0,0,0,0,250.141374994276,280.474009906975,275.28986656447,386.586494533488,218.394402962765,300.508145495829,393.107364009187,319.918381953664,259.439293073558,273.975650802071,181.364109039785,219.3908381161,221.559311661233,250.52297826531,268.21441676287,206.486663807968
1855,1855,18540,0,0,0,0,0,0,0,0,0,0,0,0,0,0,0,0,205.038480176158,312.698976173258,305.690291048566,304.361097623448,210.53761141821,308.967736466099,352.319744494921,250.290487301129,293.446161932995,158.18696850615,290.006241928593,297.502129131687,230.560929442993,286.417591470693,274.658353040948,271.004194632482
1856,1856,18550,0,0,10,0,0,0,0,0,0,0,0,0,0,0,0,0,258.027585469347,246.019727105765,234.983527754614,206.94303214746,224.407140262723,277.518767355999,366.038443841021,191.521725031267,258.300640379089,237.009105937674,289.143204437059,273.943699980609,222.112513217078,217.451699173932,251.679006660296,240.472194905561
1857,1857,18560,0,0,10,0,0,0,0,0,0,0,0,0,0,0,0,0,232.99261114274,282.917168291462,261.082750955822,236.199083248984,282.215000045369,286.126203590919,344.653520356938,238.107114562601,296.791047177845,283.989616397422,238.783444154368,169.809814298905,220.269676420127,259.679144331328,293.906487375984,229.353404545323
1858,1858,18570,0,0,10,0,0,0,0,0,0,0,0,0,0,0,0,0,207.618363662616,188.511530371387,205.443261861759,303.211299890054,193.582417821955,230.379671038587,340.723547320478,224.006869566655,225.808437800265,211.73402383763,231.468474386062,222.745556527833,205.539382904116,282.887949498042,244.328508607444,313.133394579073
1859,1859,18580,0,0,10,0,0,0,0,0,0,0,0,0,0,0,0,0,278.420528127802,323.607323170319,286.154867206611,203.982337391118,272.302750718319,267.214885776028,339.716236825605,201.130489358445,308.871411383849,323.598962642777,202.197462711373,263.565350240215,226.19202652136,315.185244008295,237.021665822745,201.520775202869
1860,1860,18590,0,0,10,0,0,0,0,0,0,0,0,0,0,0,0,0,237.108952655133,194.334360152834,232.448715176625,252.570479138557,257.210577846065,260.033362978614,332.116694464496,235.169745238874,188.016085991443,263.918434968781,261.754873179209,296.438937263362,238.829209885345,261.850102921834,282.342666783071,246.216425653248
1861,1861,18600,0,0,0,0,0,0,0,0,0,0,0,0,0,0,0,0,281.928484564538,240.466672649219,173.769354920788,245.46404961958,232.803920536304,255.407702199247,347.201227533647,247.791846098199,244.150936093827,277.23200690846,286.92190212572,231.849774401802,244.293554136257,187.764390597668,212.846588668907,260.797779637352
1862,1862,18610,0,0,0,0,0,0,0,0,0,0,0,0,0,0,0,0,202.764824667259,227.300703064568,265.638536449755,201.376002728132,199.642458190539,250.278626149917,352.634759209597,274.074137441793,230.3307454343,286.002425749191,288.594945538161,247.002474829754,282.153190227473,268.514264922073,266.329016881154,238.197841028688
1863,1863,18620,0,0,0,0,0,0,0,0,0,0,0,0,0,0,0,0,268.036084986012,246.052324872066,256.325866308983,263.486061295924,228.752757253031,275.999131312532,357.002744740887,191.423404047916,270.91504583883,256.712482687475,218.223623286522,282.823146710992,242.474544301481,240.826730706104,231.297802746256,180.521508623752
1864,1864,18630,0,0,0,0,0,0,0,0,0,0,0,0,0,0,0,0,253.320989523565,218.061249505975,235.214155520854,239.918436086243,254.323952315256,251.534436182869,358.556095354164,263.837013677117,216.066891333543,218.029541069802,321.732273950748,243.983128849185,229.442634771889,289.465846981085,246.87483619323,262.993513606765
1865,1865,18640,0,0,0,0,0,0,0,0,0,0,0,0,0,0,0,0,221.247336754231,220.375039066982,289.349924132532,283.716488366619,314.008809283729,279.709855073844,351.601548933389,266.050552509731,285.422482756654,206.851081480362,283.043203664244,262.209582643629,227.255312283248,250.658290331953,270.608394895537,255.372330183692
1866,1866,18650,0,0,0,0,0,0,0,0,0,0,0,0,0,0,0,0,270.428400496124,236.700549090162,242.206434918251,237.750919306624,283.065930272227,230.693815996236,336.818641265204,354.753128697304,250.140287065976,216.598719967093,252.867849097423,178.64977649397,211.552326601282,280.242020894401,230.017527006232,292.946885031357
1867,1867,18660,0,0,0,0,0,0,0,0,0,0,0,0,0,0,0,0,254.958355835891,264.889365295858,187.03880908759,216.593260676574,211.925587213904,265.637174395543,353.421522469467,319.368662985859,306.885129603647,228.574779190026,309.234428062781,277.416074803121,198.703053535876,281.926340032603,214.397415947253,338.277223032716
1868,1868,18670,0,0,0,0,0,0,0,0,0,0,0,0,0,0,0,0,202.023153624555,211.414862780013,213.09149139279,263.914344035896,258.142764392385,257.75326899008,314.773757288068,231.819387111796,195.005218688221,300.117857485501,195.233502597604,233.693766871793,271.433335636149,259.251760742596,250.429307268281,237.883653024504
1869,1869,18680,0,0,0,0,0,0,0,0,0,0,0,0,0,0,0,0,270.506031259827,206.329720871117,263.752513825263,225.020524000315,229.558295563178,251.956296132895,307.441608988921,202.958889415364,244.855358304241,161.936583096326,265.832434554316,266.760760264108,259.174828695658,255.353964132982,227.354994076781,254.727080060713
1870,1870,18690,0,0,0,0,0,0,0,0,0,0,0,0,0,0,0,0,248.78514590181,233.326606499915,314.265336381595,287.641399536086,211.748275720188,288.531067700872,304.464046542803,367.89364087493,263.417495029193,234.731964229526,253.531733263852,220.464811832358,261.362913206264,250.862615882561,297.150200695697,246.835667215548
1871,1871,18700,0,0,10,0,0,0,0,0,0,0,0,0,0,0,0,0,240.408658106608,216.334284303377,226.395467834989,253.02444093528,232.618029746613,281.863346328862,308.226705348937,289.152011387433,243.84425248759,168.056645777189,229.429870638553,208.33893238219,244.83214525844,295.116712194704,223.013648453035,303.83218667589
1872,1872,18710,0,0,10,0,0,0,0,0,0,0,0,0,0,0,0,0,227.930313772177,240.430043432112,256.917521783928,284.209331873762,239.313423587788,206.218898768205,294.068015500063,232.937561638186,268.949571430547,270.364705292548,202.636668026331,255.367197125077,228.585255133731,235.938450118509,300.50056084318,234.186166237803
1873,1873,18720,0,0,10,0,0,0,0,0,0,0,0,0,0,0,0,0,210.555999901665,228.112768713219,320.872717680556,184.597634540875,228.513121293273,263.094931136124,311.482253694245,316.902006924992,246.026549926091,260.240552591797,236.461227956744,247.217672493506,220.846271496344,280.287554970255,183.027542679724,277.845547523987
1874,1874,18730,0,0,10,0,0,0,0,0,0,0,0,0,0,0,0,0,288.748125882509,280.708042336462,291.066547908873,257.587941251549,273.644537928133,275.31615000834,298.36543538667,281.585908888559,258.333733020921,287.533138686291,281.251452732056,256.490637859967,276.831742335209,274.381031284423,321.81103717268,286.711612861823
1875,1875,18740,0,0,10,0,0,0,0,0,0,0,0,0,0,0,0,0,221.14413897992,292.157873648854,288.610807739589,235.243644582222,226.431964627368,226.445954381005,314.077452480658,220.208285358827,209.964482466224,256.513040852875,295.787232391677,231.597147002866,224.154072898231,284.173778398612,254.005800533652,258.465986566686
1876,1876,18750,0,0,0,0,0,0,0,0,0,0,0,0,0,0,0,0,239.098263625779,239.102999105142,270.732016823597,250.029253224356,251.126118272397,231.8299631523,300.922485996046,255.148366672746,291.798745859353,255.181078184844,293.026360774105,257.607611876877,306.012142203023,324.435990606506,201.263639890565,241.588514340762
1877,1877,18760,0,0,0,0,0,0,0,0,0,0,0,0,0,0,0,0,209.762234917111,177.599126619924,256.104080399547,267.758961305543,226.397465155896,249.690600763651,329.425339251917,253.694988808552,240.782116923487,277.175362492884,200.622489515468,215.042472607858,167.791210190281,192.890599301177,281.660573116038,203.450146215276
1878,1878,18770,0,0,0,0,0,0,0,0,0,0,0,0,0,0,0,0,247.852745124077,244.395566370679,270.972392999383,294.672821996344,241.370390913413,244.570198794258,343.641682477742,187.079451066726,245.275694492955,230.11801961341,193.543671012664,225.686368407534,233.200505004919,252.382503579722,260.469510628549,221.256664821762
1879,1879,18780,0,0,0,0,0,0,0,0,0,0,0,0,0,0,0,0,267.963945191136,236.310915109492,227.036701542164,256.683052812347,250.721740073168,199.942613140458,329.436356580863,267.365338416305,247.694659490683,267.87540201324,296.763919859428,219.720100661068,219.823754004123,239.467895731896,277.102301466729,232.116600329932
1880,1880,18790,0,0,0,0,0,0,0,0,0,0,0,0,0,0,0,0,234.078861500369,222.141100693578,236.814771667195,189.169298477189,177.238070633773,292.673626241086,330.526063658701,216.972639662636,251.443144539074,260.506281174376,294.988266391438,252.30602001865,225.360424808066,240.929487168375,230.625317010436,274.475510027276
1881,1881,18800,0,0,0,0,0,0,0,0,0,0,0,0,0,0,0,0,154.604455573108,295.927765043532,240.248057149716,274.686323689439,301.952191835851,246.813601646656,328.849326405527,240.619067567796,165.462702296882,267.401330775095,223.532014552296,191.006480044904,210.696470460723,246.38339120255,299.154445432141,309.11428063791
1882,1882,18810,0,0,0,0,0,0,0,0,0,0,0,0,0,0,0,0,260.213334119446,234.734728183638,281.867737399612,229.573554141964,202.252023366379,335.612284684797,321.84255378077,259.78624503434,280.543757001036,255.061999888989,224.994979258299,275.869472532226,275.036997569809,206.34549504909,270.160228471737,268.091731621402
1883,1883,18820,0,0,0,0,0,0,0,0,0,0,0,0,0,0,0,0,231.75360053305,296.2425183025,192.622451377648,262.311201256312,260.708897584884,251.040930406049,308.035084604717,269.81290978721,237.309650707176,284.026010288064,266.369222237306,234.351742045998,262.533744396526,275.62568525431,235.787928465502,211.601964824263
1884,1884,18830,0,0,0,0,0,0,0,0,0,0,0,0,0,0,0,0,192.32312466001,258.300218739707,280.753815240724,276.707609848468,253.674793858437,241.239954258912,304.273648805425,235.766041388734,192.303794846429,250.823693119835,288.001851205919,214.41642462758,216.085299898926,180.068712336813,205.872048656928,232.413518876333
1885,1885,18840,0,0,0,0,0,0,0,0,0,0,0,0,0,0,0,0,245.501710772073,271.59108964951,268.96550830496,257.001557018149,276.896809128273,220.838483102286,290.424632099654,324.724868100406,274.940181254982,206.564720309992,278.306194852157,270.936840003214,339.398654346147,210.883605832995,214.621155723726,309.764085363091
1886,1886,18850,0,0,10,0,0,0,0,0,0,0,0,0,0,0,0,0,218.103648940799,238.036343709007,240.976564598993,266.126066168047,305.006146405603,215.897534740705,292.566742964869,215.400565494261,368.87089828951,279.51887892435,306.275521633984,334.375203390902,268.941649407269,187.397140970686,304.957633333549,251.353881841422
1887,1887,18860,0,0,10,0,0,0,0,0,0,0,0,0,0,0,0,0,236.626661098408,202.924636635901,249.653051992912,241.285444377784,267.627125457995,319.434683212761,294.883652681952,256.236906968503,186.979838697694,286.333716083272,221.561443662981,236.711837982541,261.339417637582,346.762670605345,192.67916819021,285.605135626837
1888,1888,18870,0,0,10,0,0,0,0,0,0,0,0,0,0,0,0,0,309.425757949714,203.20035604719,293.62034268386,279.520682434517,254.468950321672,241.852731463444,288.240557272032,279.720712744826,235.38172872763,316.129678194759,293.275831246161,355.043653651964,215.581517435792,160.87569877768,206.308499089823,230.824116869953
1889,1889,18880,0,0,10,0,0,0,0,0,0,0,0,0,0,0,0,0,159.334044455619,205.989344972825,225.884444805555,250.522779344213,251.91484489357,222.239039863079,325.538215625863,285.737336440795,256.350124716312,258.366516519345,237.127469878539,245.200052604702,224.236364611424,220.98759627244,250.501520316723,322.944449176003
1890,1890,18890,0,0,10,0,0,0,0,0,0,0,0,0,0,0,0,0,284.799261644353,164.158863036446,359.427268700032,265.675217143897,247.893470040161,238.329641796056,287.093051146919,128.375973781633,292.695737703469,219.260687552679,223.835003008519,309.12287259791,216.171501439626,257.438940299398,210.993943791864,160.170797274623
1891,1891,18900,0,0,10,0,0,0,0,0,0,0,0,0,0,0,0,0,210.617236675182,298.790250496708,240.510516672965,250.50107920849,324.999349836535,282.047983695978,297.139033856303,167.953310575866,288.109404420773,272.375604683776,280.742092455017,228.470602121222,261.150933237123,245.119198618148,239.811669487427,243.443339373572
1892,1892,18910,0,0,10,0,0,0,0,0,0,0,0,0,0,0,0,0,240.538692247259,262.018011323548,305.622232069011,266.867715012212,258.673037076046,323.072393257154,296.381045740857,220.786168790792,263.485152440603,198.629616932882,256.548498166908,309.272708196981,235.495287844356,285.492917942046,277.255248215921,184.644386611305
1893,1893,18920,0,0,10,0,0,0,0,0,0,0,0,0,0,0,0,0,208.343147110031,169.741786069212,253.683182684877,222.55521829678,295.161525876213,296.016237124016,346.098567961811,267.550648523637,207.947653032601,225.739750614542,313.224373327544,247.899399306638,175.905519991266,287.754106463004,285.024957363257,221.492345457997
1894,1894,18930,0,0,10,0,0,0,0,0,0,0,0,0,0,0,0,0,328.280408038148,259.192738559332,264.215951868544,295.106664975565,280.710186699448,168.176409182322,315.626775123322,273.306761633807,287.762572193889,318.022741491072,269.240983998835,217.430491935613,263.477623613388,194.245794879368,211.928333471588,229.61159071807
1895,1895,18940,0,0,10,0,0,0,0,0,0,0,0,0,0,0,0,0,235.9693062907,191.150848320725,253.770602447757,259.62137229576,212.153205098081,271.707111926465,330.898386869858,202.888051461541,231.216450384917,230.481959176866,210.293050568391,276.730184333451,243.465530117366,237.358069514247,250.740642389691,209.467774776112
1896,1896,18950,0,0,10,0,0,0,0,0,0,0,0,0,0,0,0,0,264.716365902454,235.178406987606,174.017773059287,211.198136771363,281.707746529756,247.511698969789,340.789027489106,270.696997124921,239.2700134365,272.235202468906,266.078830795864,247.995972227173,278.358664013493,243.268478537848,177.598690041433,219.019938297104
1897,1897,18960,0,0,10,0,0,0,0,0,0,0,0,0,0,0,0,0,263.229573721205,201.989593945254,314.963211039985,298.378069964895,270.309797887788,186.233891770199,345.040002994189,294.489944367451,260.674046720267,295.06057239301,229.309044101969,291.250575658807,270.193249563234,232.111864530286,283.009916093219,229.369261432478
1898,1898,18970,0,0,10,0,0,0,0,0,0,0,0,0,0,0,0,0,331.059969995729,289.838680814242,240.206770125941,189.322036482114,255.211135881914,334.245076804738,338.465834298018,271.83752886434,268.46117120124,294.314968111787,237.031509094415,286.220181336719,277.434439588569,216.394515678652,269.252322859939,255.309030301786
1899,1899,18980,0,0,10,0,0,0,0,0,0,0,0,0,0,0,0,0,110.277210796872,233.748558095849,207.982614946223,257.748122568602,261.003709050424,188.175383181524,353.603083804241,222.966730420355,274.372652845653,326.513720695587,319.709931812091,275.248735275241,290.333734244489,280.748727106681,259.482662155077,199.348156049393
1900,1900,18990,0,0,10,0,0,0,0,0,0,0,0,0,0,0,0,0,322.791545024341,196.695593878267,216.56569160465,242.400227206816,226.256578254447,277.903578786237,362.918579878752,173.967925053544,261.553731831751,245.110795494247,257.71801685228,235.658760422733,230.348344004667,239.86284185791,223.029240589941,254.232002453576
1901,1901,19000,0,0,10,0,0,0,0,0,0,0,0,0,0,0,0,0,230.509635581706,241.844752125408,255.624434749926,213.408273834147,224.50626680675,241.278107965592,376.516512302183,218.977941803784,284.483281586297,273.869168426912,280.502725055598,239.61383600073,224.070374251111,284.757333210362,240.783774071052,207.770457888459
1902,1902,19010,0,0,10,0,0,0,0,0,0,0,0,0,0,0,0,0,291.185061210209,260.08445069799,272.990680327287,213.108471620229,307.232664532171,234.743692231617,377.09090810243,239.854549382315,300.022173188688,330.31601601718,219.069373468222,284.770724155302,230.911757224499,239.336861955726,306.563483433641,232.565477801768
1903,1903,19020,0,0,10,0,0,0,0,0,0,0,0,0,0,0,0,0,257.81214777008,256.911554923743,287.711296915811,248.405554441816,250.231640961346,243.124341426624,365.553729861326,286.869758896921,235.092699367414,305.707726373028,259.78825512711,251.828002322104,176.672691211819,248.988370378656,271.117937795854,266.684788393401
1904,1904,19030,0,0,10,0,0,0,0,0,0,0,0,0,0,0,0,0,336.884350533844,264.569079066816,252.226029527646,165.563499584208,286.666116330179,260.577507147753,374.613723330762,253.510371117857,295.606564671537,207.692426247292,220.196307850454,298.220278554003,203.371842486063,273.55733407706,277.816768684908,280.452594929515
1905,1905,19040,0,0,10,0,0,0,0,0,0,0,0,0,0,0,0,0,267.589538461509,205.999902199632,256.158593684553,321.07702576334,253.669461585535,221.070318354248,381.414818626755,259.840668326679,254.746350485606,234.672119370839,218.863901199428,256.055807940027,257.626908679146,284.50203771574,283.264273486597,273.306943770568
1906,1906,19050,0,0,0,0,0,0,0,0,0,0,0,0,0,0,0,0,312.563144045992,282.655248830353,278.057704146637,270.061624842374,226.544575475673,222.904059385138,389.123382547818,310.787001065684,259.342890759841,272.70960733552,271.986248044073,213.061679218191,202.006213894758,243.994652877077,230.907532895161,212.612045734106
1907,1907,19060,0,0,0,0,0,0,0,0,0,0,0,0,0,0,0,0,223.68054727279,267.20058274758,281.537177182399,276.669313547639,193.27831170393,223.889139119874,392.829935418727,255.217293692666,217.715565448684,300.079195432499,278.320019333649,273.685392207751,269.085513835304,355.180094750423,246.747043142633,290.555564445404
1908,1908,19070,0,0,0,0,0,0,0,0,0,0,0,0,0,0,0,0,237.236028094715,245.974512737312,284.520841000833,304.982347902956,254.132046410643,266.718864935762,401.26489544165,267.048743360125,202.004092469495,296.717491871665,275.046525461716,276.71934635253,227.418453943617,261.622101761248,242.898725526473,279.137834752101
1909,1909,19080,0,0,0,0,0,0,0,0,0,0,0,0,0,0,0,0,243.077613040639,294.364616361676,245.961341113972,213.574500043637,288.865275264386,272.341256560079,373.586835801713,196.499145191961,243.437275622946,284.311193182816,190.033419010458,246.39526628809,275.956251570742,246.094631322573,222.108312661488,291.436958466482
1910,1910,19090,0,0,0,0,0,0,0,0,0,0,0,0,0,0,0,0,297.95278013252,350.284885892954,337.704247232696,240.570152128274,276.403961925958,234.427013064999,377.50320633494,248.710768117545,324.737644154797,296.428215451881,256.386924983511,204.970592070775,241.733180476867,228.184753496574,271.132257158776,297.903540362815
1911,1911,19100,0,0,10,0,0,0,0,0,0,0,0,0,0,0,0,0,308.243781859891,254.955685008994,189.630454784612,268.859179427958,234.497773686906,260.645998946336,374.274407823625,217.962385771989,206.545614258131,262.478646389603,303.918016935717,241.051204445842,220.07030015619,228.584890140007,298.776190730935,205.154610566257
1912,1912,19110,0,0,10,0,0,0,0,0,0,0,0,0,0,0,0,0,234.245790393309,292.702135118197,279.36099622639,191.323330914606,234.124007360833,248.573948630787,347.947952350221,218.975433014724,194.176388979744,269.697406601947,268.779566731397,260.120789366406,234.427887859135,254.948921991281,304.560533474784,233.823183988236
1913,1913,19120,0,0,10,0,0,0,0,0,0,0,0,0,0,0,0,0,176.670737434116,189.771584421686,233.972879289375,233.147259746829,271.803585071838,223.418227294633,364.979788991997,301.229312343561,268.813380198438,227.595358594106,275.87121857306,221.918065455111,224.952807640614,296.929852498088,278.054598872854,309.379887191334
1914,1914,19130,0,0,10,0,0,0,0,0,0,0,0,0,0,0,0,0,228.578992778774,209.284905876928,286.470294361436,254.967551774407,239.599581975744,296.958768786545,360.445687392006,234.776150754946,193.256627292324,307.991254557387,244.500704260601,258.228212014438,250.785392897451,240.905165672324,277.17730190575,287.52212338527
1915,1915,19140,0,0,10,0,0,0,0,0,0,0,0,0,0,0,0,0,254.921867757847,253.859708042371,272.010625711368,269.951493900097,226.956432095324,247.788781528798,337.564176319589,277.391166118214,278.084083981101,291.530552638332,289.339963420941,241.117524732201,230.872090628962,238.548366846143,272.214685043582,217.97211251604
1916,1916,19150,0,0,0,0,0,0,0,0,0,0,0,0,0,0,0,0,266.573844473326,276.076903525652,289.291577246519,277.761318835074,252.966944998813,174.206203214326,391.260045251274,251.257564995926,232.6160108249,218.4764360462,266.109901748694,269.341347835536,261.245754262506,309.18454560154,261.593244957849,242.791109560635
1917,1917,19160,0,0,0,0,0,0,0,0,0,0,0,0,0,0,0,0,312.295973082245,250.150418146208,274.192168839009,297.728677214272,241.61409543834,225.323252437849,348.722445511377,143.942099444379,252.921397220321,197.295364424104,305.306929112775,206.416579120837,212.310204907906,292.424125648703,235.019305183744,297.35562855731
1918,1918,19170,0,0,0,0,0,0,0,0,0,0,0,0,0,0,0,0,314.328179166693,188.221070386454,239.722908440939,299.760882016093,205.657295018944,299.782471602082,341.539535047495,191.411548003321,253.791712941713,273.802656912705,232.720865385606,191.435641897927,233.160847201789,250.022178461482,259.161826021645,193.469279140674
1919,1919,19180,0,0,0,0,0,0,0,0,0,0,0,0,0,0,0,0,167.496404139384,263.767422469333,262.813882319648,204.055620961593,279.037893870383,243.271561084848,351.260343534276,191.542684506471,268.357794286858,254.44264590319,272.610462978423,298.529330098175,218.779725181925,297.155187078322,253.724780688187,252.678562241155
1920,1920,19190,0,0,0,0,0,0,0,0,0,0,0,0,0,0,0,0,220.814232038174,283.49300602555,213.536856272589,234.461657294944,266.35554964173,300.042769907473,356.302386740331,255.127496715496,259.664877360321,269.307529461511,255.296072179649,240.549363306217,286.896801244758,235.443921628454,241.189712473806,280.501527839763
1921,1921,19200,0,0,10,0,0,0,0,0,0,0,0,0,0,0,0,0,236.99064901899,259.197882160979,284.574248177134,264.824839881242,275.75586820084,300.883864352585,349.163571790418,265.290829229089,206.282164846069,264.233685302588,264.520971115423,270.980149589067,300.494543097013,247.316699006123,194.942919929878,251.784369424061
1922,1922,19210,0,0,10,0,0,0,0,0,0,0,0,0,0,0,0,0,243.137254935569,240.852996527232,276.002452922513,200.643724007007,258.965957972064,320.054988676056,320.908145709456,310.535659558674,259.55784367,219.992609266299,248.591425124098,270.052228472204,267.812268503163,261.233094900362,265.461709353063,311.175973223077
1923,1923,19220,0,0,10,0,0,0,0,0,0,0,0,0,0,0,0,0,271.658676193078,295.612140738464,306.550693143362,212.253956047314,300.654075881049,187.701043807117,359.445262799354,262.061612317642,230.893864448438,253.041569431124,261.340826088323,274.595380280268,208.926036283314,182.144998347746,317.482183255854,223.358312603447
1924,1924,19230,0,0,10,0,0,0,0,0,0,0,0,0,0,0,0,0,218.106060209143,309.162960763966,225.843629860914,208.201918702192,266.151844884452,294.82234562836,333.012461497472,296.278036146941,257.189960108391,258.531792726836,281.503843542152,241.908396512225,238.745256398275,204.490898875049,255.6751413808,229.881169842065
1925,1925,19240,0,0,10,0,0,0,0,0,0,0,0,0,0,0,0,0,229.789449831743,213.009247359798,256.789631116251,228.794667608892,178.917162915192,248.176482966874,337.985327045979,264.904169064067,343.390327138661,175.64885041824,260.271029817041,223.597586308521,265.778497965682,215.261578206415,246.894530568715,265.069803409575
1926,1926,19250,0,0,10,0,0,0,0,0,0,0,0,0,0,0,0,0,215.284134120881,277.854211593205,178.488817083816,266.840010347953,258.591027859254,268.235051364969,345.657268655026,223.001872460209,200.651379831598,275.444938041719,265.214111306381,296.123290790097,216.364555077575,255.511917674911,281.649623306308,197.220447345719
1927,1927,19260,0,0,10,0,0,0,0,0,0,0,0,0,0,0,0,0,265.850869982179,262.512768088625,211.740172127295,231.077756507327,207.776509685093,234.662295396005,331.605819723784,230.211881358749,310.832924068543,207.937376463759,252.366332466603,383.857052080949,218.660809047002,239.591456805788,269.513379166616,313.326384545677
1928,1928,19270,0,0,10,0,0,0,0,0,0,0,0,0,0,0,0,0,302.737220053666,220.922619008318,236.125043992353,271.234998962379,176.815292935626,260.52034251529,382.856092509711,276.66503335149,260.947523965821,318.223341703727,173.269210725441,277.582477400413,257.04448575645,270.836702622518,257.372876904713,213.426260216983
1929,1929,19280,0,0,10,0,0,0,0,0,0,0,0,0,0,0,0,0,223.091015779919,218.053250422787,352.45122202514,205.22640417571,296.514223039373,210.240310743089,340.578790111372,275.409763967218,265.507216721043,288.109022346667,238.526609273306,287.112317821074,244.232860531222,255.664865129197,213.433025715676,257.133421979804
1930,1930,19290,0,0,10,0,0,0,0,0,0,0,0,0,0,0,0,0,232.685819905255,267.517487407777,266.483444080311,305.133446907851,208.195829471413,262.733172272657,355.691417471888,290.20435565575,252.005711875807,336.148534266247,304.671263582715,271.051958769355,292.152944373807,326.392957457633,256.499283751409,254.047535971556
1931,1931,19300,0,0,10,0,0,0,0,0,0,0,0,0,0,0,0,0,244.134628879496,215.317836786698,245.911820921592,221.570844753178,284.645882755306,268.350666074874,352.687048902295,255.523462281165,167.635383002278,237.573604593646,230.776309521299,238.691622137752,190.601783555645,293.037825885872,265.458088450597,205.856210381362
1932,1932,19310,0,0,10,0,0,0,0,0,0,0,0,0,0,0,0,0,271.170383451235,195.645396254571,242.670531717494,269.94956675607,247.158048815493,218.14658309023,360.225837690001,334.013619862134,221.291962727649,297.506824309018,255.119126120533,326.361399588694,206.89366893186,260.250779806407,214.531552484148,221.534680611197
1933,1933,19320,0,0,10,0,0,0,0,0,0,0,0,0,0,0,0,0,269.52074355988,200.372677376953,308.930676544609,226.927023969621,211.534729490884,281.137566235706,380.677816746151,292.701787460365,297.402428877345,292.892160565895,207.409652771181,234.175078762536,266.849493109937,266.524993204181,268.384422992912,262.222796364833
1934,1934,19330,0,0,10,0,0,0,0,0,0,0,0,0,0,0,0,0,203.463310029852,258.129418610636,283.068542615759,236.859791551293,216.1483295322,209.209041145198,404.35131665863,265.562922042825,305.830737860963,273.87598823806,295.434179036989,201.814015631758,230.95827819494,266.30884880248,266.692994596949,276.57678251383
1935,1935,19340,0,0,10,0,0,0,0,0,0,0,0,0,0,0,0,0,245.961608637911,230.179675637858,293.822969478695,211.475853980775,264.107573077397,164.82299003156,386.603163731368,241.14203781805,220.76405792108,173.493061249936,252.656076677768,281.601274389884,213.713453795845,257.875914027096,274.129957172424,290.483043020954
1936,1936,19350,0,0,0,0,0,0,0,0,0,0,0,0,0,0,0,0,263.894632312523,255.365555466077,272.732240006921,205.702241632804,282.391725627674,240.747185174998,391.703928552827,285.248337816669,184.648953915726,235.893829159728,222.688904485622,272.408186626697,195.306054791326,323.41958488228,151.409223695551,273.176683671727
1937,1937,19360,0,0,0,0,0,0,0,0,0,0,0,0,0,0,0,0,219.477120510718,243.972501257084,234.669257966296,270.683216112928,199.320038287152,289.126327191972,406.529297442037,232.844882391225,242.313532216456,198.216123523868,291.114677609244,207.281372229372,261.142511085003,276.07081206307,259.691582505225,267.452767011182
1938,1938,19370,0,0,0,0,0,0,0,0,0,0,0,0,0,0,0,0,290.952890112813,246.874804172814,344.207044440562,265.30723002996,255.134191113669,282.466507306577,381.237350972295,228.329854108394,211.921224019742,274.539686964852,231.599828190204,222.583724729572,276.820810716813,238.220679292487,223.781174105552,291.617001726178
1939,1939,19380,0,0,0,0,0,0,0,0,0,0,0,0,0,0,0,0,325.517819771794,196.03611918358,281.046521306063,257.936599366449,190.950478615904,214.903371052836,376.911251911788,218.275642100686,199.685711400037,296.761063912032,265.101306500259,260.188343109757,206.828524095928,259.430769894239,231.314809221542,232.362225234918
1940,1940,19390,0,0,0,0,0,0,0,0,0,0,0,0,0,0,0,0,237.202481961438,238.062679562283,295.107744367294,282.367556080122,274.525906008777,239.21903412899,377.253564168338,222.193508328618,258.958824416551,212.67101583054,274.27772834468,277.883275849835,262.788635259073,315.805459186402,200.279612344822,205.183293820901
1941,1941,19400,0,0,10,0,0,0,0,0,0,0,0,0,0,0,0,0,216.616831757258,258.840544102333,241.150649442349,241.052624545603,239.220119861338,247.674110574414,344.616572891575,246.438345733603,255.575280391602,246.830356258385,310.037633040669,217.411917163358,215.277988047814,263.230918899175,250.325618038125,216.90048872212
1942,1942,19410,0,0,10,0,0,0,0,0,0,0,0,0,0,0,0,0,217.239603688318,256.791389147829,302.879285707786,261.453158319142,217.866725954879,237.192077515667,367.564974833125,254.244664746176,250.456594156036,233.424915735952,258.831591162398,262.906957500556,249.553838374579,224.512040683947,252.580122130082,225.713193076187
1943,1943,19420,0,0,10,0,0,0,0,0,0,0,0,0,0,0,0,0,273.770180846072,226.851747804867,258.00914720821,212.094246322315,256.700679667604,210.355783849298,352.095550619079,216.868689259949,256.527062154264,257.354705236794,297.509401732966,285.049947295256,305.769921165838,162.336969284625,298.864239551577,294.438148636264
1944,1944,19430,0,0,10,0,0,0,0,0,0,0,0,0,0,0,0,0,276.195847100911,221.412010288791,294.468296440278,254.815491064166,262.243514904547,249.160240640782,372.567609418315,218.91271958854,260.251379558624,293.371755524588,178.992715478102,217.864842140772,267.239947698196,289.395278847351,193.494554655238,310.961330250377
1945,1945,19440,0,0,10,0,0,0,0,0,0,0,0,0,0,0,0,0,256.82646269455,279.592772806655,231.510933194935,295.068335824855,205.103475045643,183.927870234982,371.838469154607,244.172520345974,310.013157461941,279.109604511429,263.952639980502,250.006189571148,245.098784417764,266.956745269702,247.665809386004,212.493003920643
1946,1946,19450,0,0,0,0,0,0,0,0,0,0,0,0,0,0,0,0,245.504702300628,234.582054909615,223.515094627921,156.501099496043,252.090874381934,221.705996508491,361.620086099362,240.699469399301,307.716610287125,274.718354811485,168.031183029446,262.857059369779,291.301671512372,216.366583653158,205.735313800827,257.040667543663
1947,1947,19460,0,0,0,0,0,0,0,0,0,0,0,0,0,0,0,0,260.566645788598,174.889352362768,199.123353207391,167.265012457257,217.175566954093,255.098856433314,363.586872598283,266.879259590794,283.964353345848,230.785109917744,221.929399695121,206.765944885337,295.045021649281,313.421751344757,256.126489586356,280.370993982039
1948,1948,19470,0,0,0,0,0,0,0,0,0,0,0,0,0,0,0,0,318.880010359716,300.685798849061,230.858465678435,230.494392582063,272.669278711589,219.248217948207,357.753705522407,257.224655924512,274.2030603095,223.572874593212,243.421049635019,288.706766998614,260.057036756444,244.831050059289,270.305292301474,214.649726637375
1949,1949,19480,0,0,0,0,0,0,0,0,0,0,0,0,0,0,0,0,341.131571120536,240.576757095369,271.034220655648,253.184108358733,204.172517735128,329.540106632354,370.970790321796,180.354438600077,255.487952796965,276.984667469034,278.439934952325,196.067961603499,235.410897347241,193.143443385923,214.080106696164,217.477583091039
1950,1950,19490,0,0,0,0,0,0,0,0,0,0,0,0,0,0,0,0,230.782242932222,273.385917500492,327.992040057999,309.146337157331,205.257746069107,213.927016954796,342.08318451152,232.353575014435,284.688567122015,274.921636522583,219.991415900507,251.345345608393,255.330637786155,259.840783567822,172.914466616656,286.468643317647
1951,1951,19500,0,0,10,0,0,0,0,0,0,0,0,0,0,0,0,0,211.825689564221,333.142992534291,233.282505185818,256.760670515307,208.36691674759,288.188041675236,346.365277473584,224.843162632663,223.42808004704,290.87492009524,293.264243412634,269.752599566258,269.312732709104,160.866787784887,261.12127490522,178.5647515539
1952,1952,19510,0,0,10,0,0,0,0,0,0,0,0,0,0,0,0,0,248.652025714446,211.421849653784,158.342167079344,318.542551183936,250.75533058767,243.257253386883,324.502044128687,286.160987112647,237.040125065807,257.381894848805,297.552063040572,211.887100077785,319.063616284733,245.392659894213,257.94433104217,255.801213903081
1953,1953,19520,0,0,10,0,0,0,0,0,0,0,0,0,0,0,0,0,211.06505522115,231.094421817084,250.37420598562,242.655677317272,248.378766938582,221.563406692458,345.209017871028,237.899815764991,313.552679172831,267.553232334942,216.801414908207,287.50377430472,286.184671388039,272.149553748044,211.819517281104,184.99335731166
1954,1954,19530,0,0,10,0,0,0,0,0,0,0,0,0,0,0,0,0,304.765097115271,207.769428214899,231.859771069219,228.386506233995,197.234931776925,217.269686869019,323.403640363905,236.570605696247,251.63485729886,218.158847123131,257.740246120201,275.8848414042,249.118177657595,211.501298399157,297.823940513776,255.984687603176
1955,1955,19540,0,0,10,0,0,0,0,0,0,0,0,0,0,0,0,0,227.849813717811,193.986815171212,211.111100879636,300.706004959662,299.540704782158,239.862029303807,369.115150906418,265.804904992574,263.910752894249,198.421734549679,262.332253990556,290.976286508554,265.128922729928,280.298007746065,275.841801403344,289.416982513728
1956,1956,19550,0,0,0,0,0,0,0,0,0,0,0,0,0,0,0,0,239.886400529533,203.886931800394,334.108413928351,268.056608449034,272.657253110747,279.973994980209,342.854575958702,262.570612047037,210.640757192972,274.185330428469,269.103747127242,255.339073602454,243.081832981887,233.43333863004,247.662606232672,226.651469486237
1957,1957,19560,0,0,0,0,0,0,0,0,0,0,0,0,0,0,0,0,228.991167852866,287.261571620013,279.858321925746,260.239148430103,234.366031374367,237.652758519776,353.565998655105,242.552542906428,333.187520685822,207.975556613763,175.497254720424,270.241025828412,180.570709623483,162.778619707518,151.83528373875,274.843343925703
1958,1958,19570,0,0,0,0,0,0,0,0,0,0,0,0,0,0,0,0,269.02356975202,254.425974634768,213.885596878227,232.011436305765,242.018338115635,303.746840049385,358.729663532049,300.427965443346,332.790633026629,244.480452373962,195.505323097109,289.418235811353,194.726130690173,281.868643701555,273.870668882543,202.325690442283
1959,1959,19580,0,0,0,0,0,0,0,0,0,0,0,0,0,0,0,0,144.327284231528,278.235770115064,238.31425406051,168.124354794346,258.020415782076,229.560613378056,360.481680028228,293.637178483342,185.314119772122,228.487176553387,330.940266121764,343.924392430726,190.479956559641,263.456680693969,317.856092570393,182.242639631609
1960,1960,19590,0,0,0,0,0,0,0,0,0,0,0,0,0,0,0,0,283.973822512292,222.305223365733,277.848386748367,196.366192402298,225.877853738055,194.72941831354,356.861191189142,287.93613592504,283.927406514423,276.811441879996,216.241982754248,249.091670918257,239.076466762386,249.735349759286,275.56087576939,265.155851040884
1961,1961,19600,0,0,0,0,0,0,0,0,0,0,0,0,0,0,0,0,243.564089912497,202.040836407719,280.966215260349,286.25955764595,215.869219188885,243.19171219694,336.911561450549,298.625102984954,240.66634592543,269.876182055089,205.039610267865,237.437055490937,189.52019840469,253.315872275984,232.524638668644,177.558566658882
1962,1962,19610,0,0,0,0,0,0,0,0,0,0,0,0,0,0,0,0,239.685590672014,233.871360134811,256.916964341522,274.670434078123,211.873263005562,228.895426364241,329.320387438485,295.759568500454,289.930815137292,248.916677447506,355.412303617065,245.851374703937,255.701028161398,254.375377588936,235.286901216712,227.257347453861
1963,1963,19620,0,0,0,0,0,0,0,0,0,0,0,0,0,0,0,0,327.822137364056,275.916610670852,245.925712337264,169.42684863024,272.867905866241,235.56452181132,308.457649797524,272.965132491666,326.801265514527,203.791451038242,207.855623241088,236.015629763407,222.72603687015,307.361825507962,267.117696391392,257.183518719449
1964,1964,19630,0,0,0,0,0,0,0,0,0,0,0,0,0,0,0,0,301.71572678542,218.678187208603,201.855081644928,266.608772204511,305.445627591857,223.166359341757,314.460816981612,280.017189784886,382.628698168145,256.366423731937,264.52343687035,218.879084735982,264.256064895596,301.095418121759,272.186707404146,228.915337916276
1965,1965,19640,0,0,0,0,0,0,0,0,0,0,0,0,0,0,0,0,251.346022342584,234.903360305398,244.074233661737,246.96411760419,330.03858261914,277.19577414189,302.883433996856,244.564564048852,236.515519260205,204.075784017296,207.3689178337,257.161528543903,262.816808075723,294.562883082611,292.099619640884,313.578994074295
1966,1966,19650,0,0,0,0,0,0,0,0,0,0,0,0,0,0,0,0,285.772061191003,242.63464762664,206.764750383846,274.531701183738,308.125735350725,230.775168724907,311.857808624499,241.334917047848,241.9760107575,260.039631131649,246.336721005793,286.647955794969,301.522581279704,263.437293713783,287.457671535198,288.230578256714
1967,1967,19660,0,0,0,0,0,0,0,0,0,0,0,0,0,0,0,0,281.805393817362,289.753763944707,294.560117570067,262.059307652438,187.819399483022,259.488239060729,288.516435629158,275.54605174473,207.357380315561,237.400304315466,249.366173659061,253.551528297384,230.354710675395,230.314254304333,336.804969993188,208.70149395659
1968,1968,19670,0,0,0,0,0,0,0,0,0,0,0,0,0,0,0,0,287.274768382679,292.252678732058,215.110030259975,294.043629737463,287.594388640799,187.539691620883,301.990778262208,211.396862692042,279.960378684034,312.765294501895,246.636718225367,247.883278317214,271.316117731023,260.18049441301,221.432054222565,234.193907932169
1969,1969,19680,0,0,0,0,0,0,0,0,0,0,0,0,0,0,0,0,190.020374812932,255.81575783973,264.510006659891,225.346806792524,207.094483967591,183.096259071248,281.823403706705,276.199312198348,302.687896702049,256.55012304542,268.557163958261,204.006337637873,226.290106940443,204.609072262518,234.666099529941,216.361848648675
1970,1970,19690,0,0,0,0,0,0,0,0,0,0,0,0,0,0,0,0,285.835308694588,328.619562984906,283.671148850019,286.55974132331,252.926459408711,217.364003302633,291.378563993473,241.515710086404,304.952908107593,253.124240015596,283.641466867254,231.279718192584,324.236298258835,211.284768294864,301.423909912606,240.167397113166
1971,1971,19700,0,0,10,0,0,0,0,0,0,0,0,0,0,0,0,0,167.512774153738,189.059243868954,248.510027568636,248.981623429565,258.950451138751,286.94983413366,288.077014094814,274.535816638058,269.32720172687,167.739637004284,285.671142557782,245.54513153572,282.591729259225,296.25021974662,217.320836950464,203.84188846185
1972,1972,19710,0,0,10,0,0,0,0,0,0,0,0,0,0,0,0,0,351.843176710453,225.990639904483,226.909486145915,210.643034511953,203.395368792501,274.989932632463,282.756661301604,171.253676157943,239.190003665532,236.506390578812,216.340379367965,254.494273916187,201.801183111959,318.459798593649,287.832457617419,227.090093830347
1973,1973,19720,0,0,10,0,0,0,0,0,0,0,0,0,0,0,0,0,210.251536386205,272.627885390907,245.557128520483,199.745809969239,189.988273957229,206.278366995525,293.584499767812,320.310105232737,236.77205834891,277.681714702082,220.224865824644,236.557170778478,231.940907368173,246.831476948078,251.040265962173,156.149276821936
1974,1974,19730,0,0,10,0,0,0,0,0,0,0,0,0,0,0,0,0,196.882617394643,289.583348591928,217.562348467663,250.65575674073,283.962994063609,234.183179134127,296.95989377643,225.184768638779,268.441380274366,296.378222971241,220.442612726365,247.501077345179,289.871548890238,213.848703322223,289.273328543049,246.185975127321
1975,1975,19740,0,0,10,0,0,0,0,0,0,0,0,0,0,0,0,0,221.123542132306,325.076237778189,275.144219016978,226.902910845967,240.000049326818,205.94046825802,286.472139327037,251.232299339725,230.268226464167,227.345335078187,148.269277988417,239.738073752601,276.204179296689,260.843536684569,257.308484255783,248.998310150314
1976,1976,19750,0,0,0,0,0,0,0,0,0,0,0,0,0,0,0,0,269.664469018978,244.847650084871,196.314596667906,238.548969120053,184.475220610516,249.209659788682,294.959303867604,218.952482983615,271.330991011462,216.754459460656,213.06455766557,300.603911223269,163.052249063488,185.065665939419,322.307896868076,207.245536651578
1977,1977,19760,0,0,0,0,0,0,0,0,0,0,0,0,0,0,0,0,212.235929528383,239.72726768705,275.366988543124,161.122834229766,295.247615999122,305.498119160922,321.582274311715,268.636271300875,241.952136310028,253.332905695405,221.648416976683,313.617478038828,313.106010906938,283.693891519002,217.853445943239,210.203587782344
1978,1978,19770,0,0,0,0,0,0,0,0,0,0,0,0,0,0,0,0,271.88948195356,246.76701706026,223.046878342728,207.113009780253,253.296723939331,210.538545871985,314.566750588194,292.382905154797,254.970274974411,265.19962857417,273.733065005725,269.71227839657,223.974910219287,266.714694788469,270.198804704139,172.364063391678
1979,1979,19780,0,0,0,0,0,0,0,0,0,0,0,0,0,0,0,0,288.479447890267,289.428260786134,163.010557069127,237.053195927924,260.268190302227,217.283095793592,317.586523598258,231.07649518289,215.502286391012,259.943358418286,204.761037721094,234.649945633485,301.998847457097,243.286749913259,248.620738408967,156.756135707036
1980,1980,19790,0,0,0,0,0,0,0,0,0,0,0,0,0,0,0,0,239.946604348476,168.235146183067,249.521074746047,188.984460966164,276.054259460872,243.736500079409,314.501792401663,242.203278388376,228.978628661773,231.918631117952,307.653487018366,222.476168153261,213.815074894246,279.429015699631,229.84029395857,230.589460758795
1981,1981,19800,0,0,0,0,0,0,0,0,0,0,0,0,0,0,0,0,252.464834459628,307.555206412861,241.311018537616,248.68085147349,281.857735541238,322.932123503941,299.712642409499,269.001172141905,255.736054630409,200.811992349154,293.351156498388,311.100786527967,197.402893143037,286.156268405514,199.625177308337,232.920668636951
1982,1982,19810,0,0,0,0,0,0,0,0,0,0,0,0,0,0,0,0,320.530324884853,218.37704998928,239.94039041495,191.739646162577,235.061593666332,258.987464816413,322.019919106855,217.069643506767,251.770914284619,194.248578436386,251.123896139044,258.648866684277,189.24713578456,232.334355847859,274.153852222662,225.645890542906
1983,1983,19820,0,0,0,0,0,0,0,0,0,0,0,0,0,0,0,0,240.021141285574,209.029830124377,258.353457896372,240.063275513752,174.153439722279,231.866016505818,331.950301392752,328.591850203793,252.515438577013,233.493211017392,261.161786631892,263.730087083831,258.127687949109,193.098400956647,274.827234352477,284.579497080761
1984,1984,19830,0,0,0,0,0,0,0,0,0,0,0,0,0,0,0,0,262.960122395069,259.771037023398,270.726087250797,214.040307822799,303.638911069437,276.406020903328,299.208625631918,261.973089745195,215.78151939117,231.835040072373,273.339301608451,242.600576190762,241.301580870961,226.060432547521,291.495905577893,336.744848743116
1985,1985,19840,0,0,0,0,0,0,0,0,0,0,0,0,0,0,0,0,324.834135569388,287.783520498546,300.447386953927,315.287035468609,218.070039614883,194.534158517475,291.866165724371,249.984075586943,288.989252507647,226.221102068432,237.828973117088,224.856067551792,237.73416428401,147.861217691631,262.073686382727,282.54706706362
1986,1986,19850,0,0,10,0,0,0,0,0,0,0,0,0,0,0,0,0,232.04313028371,299.640539892046,94.2162572366757,339.049395242329,230.96600866442,339.089736990539,295.825483760622,221.208279917094,267.250829458688,191.785972266574,267.880898663075,263.903478745255,220.582377295483,292.639184769199,244.199848323309,268.014066595385
1987,1987,19860,0,0,10,0,0,0,0,0,0,0,0,0,0,0,0,0,290.756777016381,278.300686111605,215.709886091397,252.743924223475,306.707062280633,237.693245925192,295.542404799621,198.596470709125,240.081339613187,259.852509141568,299.012501468985,235.198877913323,318.890665760895,283.501113883075,338.546418654388,266.358865142727
1988,1988,19870,0,0,10,0,0,0,0,0,0,0,0,0,0,0,0,0,335.057141490525,264.740175688098,231.791406308434,249.558283246057,220.034034513171,186.930328863378,264.721632247715,205.038011484958,227.770623514193,241.913132407357,254.113751778339,255.127755092276,201.292701264392,200.083770313232,198.246538980204,241.332481753506
1989,1989,19880,0,0,10,0,0,0,0,0,0,0,0,0,0,0,0,0,237.165764064511,191.633004309428,252.55971588756,225.437908351929,248.476205335939,266.801125631527,311.474248014413,323.871909077315,297.64242896249,180.119360953646,254.746850825796,254.264631515709,247.960968402002,231.350623592722,248.970370462734,218.707470136525
1990,1990,19890,0,0,10,0,0,0,0,0,0,0,0,0,0,0,0,0,243.919152894092,248.21989652627,161.605513221055,278.648186245079,223.715086783652,274.253035397274,311.411625366047,189.867095686087,247.264763737918,228.433774883526,189.37580997329,252.102388003933,218.4681231825,192.546369172318,226.57159089365,163.961548766578
1991,1991,19900,0,0,0,0,0,0,0,0,0,0,0,0,0,0,0,0,194.986275568051,233.278748514395,254.870900635859,234.340488166083,235.668099659325,186.345655906523,305.429875800656,236.955763788642,246.672710934836,253.5987728947,237.58868859618,226.936792215645,136.087683756761,259.455996399044,209.361455910708,242.319688725996
1992,1992,19910,0,0,0,0,0,0,0,0,0,0,0,0,0,0,0,0,277.191420268433,191.54204788031,274.049705819669,251.724084927187,251.354296706772,223.146602543381,319.796617009711,212.297136005864,207.954207472368,250.120852266174,275.142238713513,300.5047489196,244.551031713793,263.566929279897,255.212098044051,277.364470156988
1993,1993,19920,0,0,0,0,0,0,0,0,0,0,0,0,0,0,0,0,244.155965977135,210.973398265986,271.90035282593,251.256860353142,315.911176903155,221.786861724988,320.965095248775,233.964242845434,236.619618644066,236.220804132455,207.704313515992,190.341604848916,205.300372990976,213.755133978155,269.23972304198,294.917573772045
1994,1994,19930,0,0,0,0,0,0,0,0,0,0,0,0,0,0,0,0,310.227634985111,231.108511954479,257.655896202519,239.400231529241,248.394771291769,265.77177734808,318.649325437105,200.724093403656,288.453186856995,251.576995270864,260.602556439645,254.839917136084,301.641163053383,211.844714440122,325.487815239625,340.960889927632
1995,1995,19940,0,0,0,0,0,0,0,0,0,0,0,0,0,0,0,0,258.382745165954,240.408034913389,269.262218136566,179.006180730755,227.215800231041,233.763066498554,307.338156982858,296.918826383653,286.122005469046,275.670988279686,199.272244033613,211.779113265069,299.606745821395,276.797820060598,255.801580927115,347.976826177328
1996,1996,19950,0,0,0,0,0,0,0,0,0,0,0,0,0,0,0,0,268.854384007657,225.053229837914,215.177251140472,199.395157721343,221.90780890833,222.63936544656,337.721333165096,250.002244663161,287.637781031809,218.162600517435,232.765065193694,242.163596530088,130.028396587274,215.036093743156,194.027287586869,253.528924072368
1997,1997,19960,0,0,0,0,0,0,0,0,0,0,0,0,0,0,0,0,225.648671910099,269.080733788972,238.154302429804,327.910988478698,201.299459339238,239.967786810545,289.269957196171,336.816802218651,249.265749182252,250.024098334511,233.284580103529,266.745569728081,263.707786429099,245.924423405148,187.475889870547,254.9001737539
1998,1998,19970,0,0,0,0,0,0,0,0,0,0,0,0,0,0,0,0,286.584792182091,299.378573711416,215.213990146306,252.700528939307,169.51718531381,348.770098320595,301.534875680103,210.617528430384,265.860286031281,244.176222636884,252.062173325659,281.956854789402,311.550214779417,177.860194642986,217.372769509683,258.938941135828
1999,1999,19980,0,0,0,0,0,0,0,0,0,0,0,0,0,0,0,0,218.750662002693,210.576832899541,236.390158634963,266.422583443278,226.160034710676,239.132081526137,318.591000353728,270.700700288564,317.218804849048,285.359446247916,267.73228709431,181.318991944433,201.367445690747,198.241182038373,288.690964633441,273.160568955885
2000,2000,19990,0,0,0,0,0,0,0,0,0,0,0,0,0,0,0,0,235.552736744809,388.264513273152,267.946214218988,278.324486699889,288.131923409459,238.374812592423,315.874213127975,243.806394487846,270.484860932235,204.329483209645,300.680500882682,248.919347399447,192.424109417394,301.030510279899,259.521443109135,197.390560179906
2001,2001,20000,0,0,0,0,0,0,0,0,0,0,0,0,0,0,0,0,254.678973610692,215.143056974424,149.794556290964,267.645025907172,324.24587670126,202.157494606444,299.639188955078,253.046486501318,238.060702982111,190.539345571419,309.853169967627,327.440985979213,272.840612315068,305.423704969634,279.534462500689,265.80030821355
2002,2002,20010,0,0,0,0,0,0,0,0,0,0,0,0,0,0,0,0,245.488012593075,251.138643738832,178.081142344233,240.120650431635,267.51050621143,362.885701947101,304.412791187091,236.568240021488,281.384328250393,218.042176865092,299.08621462746,248.995332091872,225.11047395332,260.060858183478,252.708399516743,251.178944861289
2003,2003,20020,0,0,0,0,0,0,0,0,0,0,0,0,0,0,0,0,240.576720005078,246.084771090708,257.974852495327,319.661384922781,218.627827314727,211.087688782966,283.277640634837,222.406846825635,266.892457474776,214.372300303235,223.837498532733,291.319023874182,238.205698742794,300.949316690179,192.4588014303,214.295489342253
2004,2004,20030,0,0,0,0,0,0,0,0,0,0,0,0,0,0,0,0,314.94058491547,260.295346909584,254.934977172909,273.465096973997,276.595137935948,246.67560550266,283.824210354646,228.152624276508,181.952243165695,255.102945575841,214.010566825476,186.369177073406,235.303210187236,236.111810276982,210.232879648951,306.820300916023
2005,2005,20040,0,0,0,0,0,0,0,0,0,0,0,0,0,0,0,0,216.813895509981,251.087141558584,270.924218276349,312.460570930065,258.827246865859,234.085444808508,265.484106156786,261.467900403557,232.995244400046,252.191126672342,295.522258175465,227.238849175403,306.274835935646,269.666453709632,207.853435585469,227.754517230589
2006,2006,20050,0,0,0,0,0,0,0,0,0,0,0,0,0,0,0,0,306.535711185738,229.918845666365,202.310350941688,277.068919426013,221.713830255087,231.833214443432,253.608791885742,236.570877345504,236.89838090326,208.41400553575,235.065096613106,258.021661222923,189.936135985004,201.670816648026,215.125504260697,211.545094706111
2007,2007,20060,0,0,0,0,0,0,0,0,0,0,0,0,0,0,0,0,249.365751719127,310.778570870695,229.361805146585,193.203366661715,153.864418271453,179.54361701237,284.717604470213,254.173104903495,259.082341053013,245.563742069059,258.611732376195,296.510353885729,250.328286240851,220.429233045858,230.72715833866,286.435724766873
2008,2008,20070,0,0,0,0,0,0,0,0,0,0,0,0,0,0,0,0,283.252643469568,277.458621336857,237.836785251342,224.167611220043,183.723322438991,150.944982059211,266.708026297314,236.001066859914,225.594540926226,201.838216102028,314.056100618099,214.05900039803,258.429588748698,226.060284127065,243.943469146541,187.988694690462
2009,2009,20080,0,0,0,0,0,0,0,0,0,0,0,0,0,0,0,0,139.870931556258,321.315850879381,271.917664859025,202.916279549962,315.756281768171,300.419209759103,296.880866908835,247.422669897282,290.461335617008,254.688584052784,185.772383194742,225.507664113308,266.258955320876,261.512687555598,252.374780664636,232.372970655492
2010,2010,20090,0,0,0,0,0,0,0,0,0,0,0,0,0,0,0,0,188.067582204539,114.142400495705,236.954530746953,304.466734262111,261.799274645723,262.562913164815,272.712749946364,202.343034636569,306.374803105246,251.58945879128,305.788843631079,204.755885737196,291.438278958859,226.501706460556,210.433183503042,255.859797092426
2011,2011,20100,0,0,10,0,0,0,0,0,0,0,0,0,0,0,0,0,280.063897429281,256.613128380774,266.435251772495,251.729676870825,238.168708476218,245.176786939235,280.062273721542,240.601302535533,272.491703496265,243.290692540453,255.073092606555,269.469593744039,258.773292394056,205.487598207019,227.500340468441,220.951810540626
2012,2012,20110,0,0,10,0,0,0,0,0,0,0,0,0,0,0,0,0,285.433070290997,326.940652221797,222.663002450526,216.838494334103,294.275311218271,307.486312555239,231.396479940117,208.046460247334,304.596627039461,227.521436742797,220.323346842479,243.263396615991,265.604785039399,243.303614364581,289.42604914489,233.527912295569
2013,2013,20120,0,0,10,0,0,0,0,0,0,0,0,0,0,0,0,0,256.869026867729,236.110985024243,263.508733064948,210.641200559576,324.950693325263,259.482272914112,255.580562333372,251.398835966844,244.038037607744,225.348348823724,272.281497812715,243.585848399735,181.257678407315,243.033511371223,283.648349101115,238.201728233078
2014,2014,20130,0,0,10,0,0,0,0,0,0,0,0,0,0,0,0,0,296.633300379568,250.847967381098,253.024857092062,305.060994062468,211.489256537227,270.854995392507,275.200288334754,256.96070369713,272.167773248616,291.229475483703,253.171483839012,255.838818880745,274.593239848595,249.319778435147,280.672091370836,318.739831687989
2015,2015,20140,0,0,10,0,0,0,0,0,0,0,0,0,0,0,0,0,295.354763866978,203.950073387409,257.985031870528,207.604161873864,233.127790495248,201.466263755029,282.980549274137,211.792631386876,231.058937821821,244.558950367257,309.142166523387,203.568808789988,268.898811339237,232.914770847966,235.866419110623,275.934814075504
2016,2016,20150,0,0,10,0,0,0,0,0,0,0,0,0,0,0,0,0,213.793886777925,258.906527022784,219.287133050988,222.494543206969,257.277530993879,207.621507532857,301.509393681424,279.866958208012,293.012669091976,268.982515048711,246.026987398419,227.099343262476,232.942640058506,280.959380702771,290.043634004785,253.50059651726
2017,2017,20160,0,0,10,0,0,0,0,0,0,0,0,0,0,0,0,0,299.339345665095,271.845987362614,283.999006868487,253.608448161172,255.839812606095,176.321424305648,282.300860258618,213.986279702862,182.600153722198,238.775644992154,211.163872131779,265.131361054267,206.998961138006,272.128837313046,171.666593579504,250.448319389302
2018,2018,20170,0,0,10,0,0,0,0,0,0,0,0,0,0,0,0,0,237.285495956812,214.720969695143,335.032190417581,249.625083695065,290.403863481183,247.681083773908,309.168859482032,282.552987393976,257.807490927921,186.626209737359,210.617313380634,204.547296973755,256.250193820418,203.804109704674,279.169624372781,263.144596937338
2019,2019,20180,0,0,10,0,0,0,0,0,0,0,0,0,0,0,0,0,202.755964668001,266.408191787399,324.438141311547,211.440958431486,280.485869953708,280.202751663083,314.14459455075,239.793069135353,190.940416019207,301.816142469349,252.429933176851,347.308945223986,298.307248649197,242.630686121752,266.264501888624,280.289224938831
2020,2020,20190,0,0,10,0,0,0,0,0,0,0,0,0,0,0,0,0,238.036897329002,258.173315910782,205.531579462698,236.047237530574,219.627429414862,244.317323018526,335.346048224157,190.108579758005,235.853565749317,264.208222736088,269.491846466363,267.183251717321,296.468573029084,195.420796902428,241.65105305455,221.480581627982
2021,2021,20200,0,0,0,0,0,0,0,0,0,0,0,0,0,0,0,0,302.365861152803,153.382654164406,242.686825468708,255.900828686219,200.420196181508,259.878236456676,353.106912787195,181.588848558815,224.578130709597,285.309502742359,351.920802365122,218.103517629327,196.995040578826,226.458907205304,262.413734751297,234.877367483262
2022,2022,20210,0,0,0,0,0,0,0,0,0,0,0,0,0,0,0,0,235.456586102897,270.082734428634,265.096284125246,230.470181480657,238.019563662186,300.437650322173,350.705515709414,267.877220488673,258.129122575722,257.346003365997,288.105111946607,243.366921978801,215.142239708474,266.108348024624,265.354362433352,294.010603023726
2023,2023,20220,0,0,0,0,0,0,0,0,0,0,0,0,0,0,0,0,281.130175582252,343.317153822666,252.472920941004,270.253440994632,321.645608558744,273.411312409072,335.711933135431,289.837535665226,226.148572522878,213.964730991193,271.207534937626,204.833489378398,292.620438463322,254.487074202915,249.732657202098,154.1985446364
2024,2024,20230,0,0,0,0,0,0,0,0,0,0,0,0,0,0,0,0,316.780520767393,221.206371810223,227.006683280795,221.026113868068,237.325163442587,287.649662760486,338.370071065896,240.094145019026,281.716601415614,255.295500516444,276.151802221912,277.788407550013,250.073594495791,278.061137467446,239.621847602825,231.907632678171
2025,2025,20240,0,0,0,0,0,0,0,0,0,0,0,0,0,0,0,0,212.743827110082,300.435670909558,232.106579655793,287.70766395182,246.040710872747,231.687069364918,331.854255334241,255.696614332433,243.886041572499,258.578336894176,264.26324911914,237.391301961202,235.838736456527,223.774759200271,222.342216423002,252.39835619983
2026,2026,20250,0,0,0,0,0,0,0,0,0,0,0,0,0,0,0,0,196.316321832278,240.02914123679,193.951661198575,271.939881878683,349.219285748508,245.234609093327,331.494835346195,267.712018171393,282.581308290493,231.928501896774,293.553787682503,226.222305024891,284.501915116445,274.753403596427,176.46691275248,249.363234316469
2027,2027,20260,0,0,0,0,0,0,0,0,0,0,0,0,0,0,0,0,140.74507413896,225.716416967597,193.226232362395,238.560934896435,307.089056137901,228.666321379513,335.402384929781,227.307224276616,266.813226166381,248.341533632709,217.278052188017,236.987685998934,349.842827272461,232.752986419832,205.348065544813,220.88719657049
2028,2028,20270,0,0,0,0,0,0,0,0,0,0,0,0,0,0,0,0,293.610697964164,283.217963420222,223.522745969957,247.938354297426,290.778195373113,277.486235848544,316.62360354175,215.932408934798,280.678327887814,228.221462095995,255.309654762225,223.153950012815,280.001144624347,263.09808363535,195.850538710691,239.751712117889
2029,2029,20280,0,0,0,0,0,0,0,0,0,0,0,0,0,0,0,0,211.296588739893,297.258579200587,307.741246386634,288.234810343046,214.406470585815,239.542688371091,313.397346500756,228.962778438203,329.812952480292,285.091949606233,286.382387629739,225.782914940154,276.87954409689,246.091908768167,250.779857713512,224.449861295585
2030,2030,20290,0,0,0,0,0,0,0,0,0,0,0,0,0,0,0,0,279.609614286664,193.118741304418,288.900332552369,243.180989997592,196.85384126223,306.118324622899,298.439174014421,289.682407516111,196.71389258584,214.218505259482,294.386452170619,235.592058165575,196.831795754786,264.081439313422,206.88863529664,215.480595416619
2031,2031,20300,0,0,10,0,0,0,0,0,0,0,0,0,0,0,0,0,326.037247920269,256.954234607319,212.200524733355,284.688647729322,277.155934406502,264.05134297143,332.122133920316,246.195010911662,200.276743347181,204.618392538039,270.646543574286,371.806824624393,204.598991415224,272.877089527962,182.12031209719,215.458448681026
2032,2032,20310,0,0,10,0,0,0,0,0,0,0,0,0,0,0,0,0,272.14431207519,270.879962092635,210.853476384888,205.545843036576,231.18513833216,180.878585017465,302.331634752086,257.041105266495,288.805225723695,239.425069479658,205.576246089634,223.37996789556,274.894835595486,282.150715250449,262.56363281449,256.93933512366
2033,2033,20320,0,0,10,0,0,0,0,0,0,0,0,0,0,0,0,0,324.421869745227,232.015711664387,191.867169361096,255.9935319953,357.542711752181,282.32259709721,299.617771997374,263.487702212598,242.406401400752,247.562557139809,243.664434261478,281.446207972983,234.252457191191,209.475572772006,189.973778911341,256.848627948182
2034,2034,20330,0,0,10,0,0,0,0,0,0,0,0,0,0,0,0,0,249.741646964662,254.370027496837,318.887389349706,293.441896720647,260.285340339528,249.72273467791,309.472941047113,234.342805374187,240.542043936738,310.140485347608,241.426303920802,261.502915791585,152.975746019993,236.00392425905,215.160886253876,252.379697878263
2035,2035,20340,0,0,10,0,0,0,0,0,0,0,0,0,0,0,0,0,229.258885652423,194.176908170362,277.057030523399,243.801471052949,179.750620158471,190.719953613223,305.689353075608,297.054873154209,360.127067321853,236.328407808141,216.060517421174,198.462169969007,328.926148378282,304.55899380285,304.734199998197,291.313784486664
2036,2036,20350,0,0,10,0,0,0,0,0,0,0,0,0,0,0,0,0,242.898791710644,187.85172108179,246.537765681303,233.969119769934,293.528880391098,195.392190726961,289.883891187442,291.376595210485,220.463012644197,228.819420416437,263.504704264382,235.434260939567,264.372674458395,262.299706164819,233.783818292373,206.508987427612
2037,2037,20360,0,0,10,0,0,0,0,0,0,0,0,0,0,0,0,0,192.416652113882,241.635800941679,290.483110340317,280.872976280823,210.712435591139,301.006144814544,314.874833500618,225.485608061197,259.634307894594,251.485201231768,263.371372547087,256.479047595247,261.027067574087,233.324208753498,202.303852659706,213.900766812691
2038,2038,20370,0,0,10,0,0,0,0,0,0,0,0,0,0,0,0,0,282.311363022098,226.872916868061,209.148878672968,266.992010506367,204.041830530579,184.129257530058,341.163708989701,175.031008386229,303.52546324754,286.867953569757,295.303653575784,261.547008642884,209.659237781811,254.006453400945,231.666360112307,239.304598990941
2039,2039,20380,0,0,10,0,0,0,0,0,0,0,0,0,0,0,0,0,252.283652645073,208.472193582186,226.52182276606,229.610871222127,243.753759583553,209.088166918241,349.278475191066,208.203746049929,231.889888002405,269.025081334266,251.387426859308,216.669664145533,271.432189240948,230.431540239075,232.317139320499,298.110791196363
2040,2040,20390,0,0,10,0,0,0,0,0,0,0,0,0,0,0,0,0,231.898454049524,251.072495832953,245.34953068082,181.806648504739,194.571269218129,269.183426959433,358.661748520368,165.52052858805,287.710676471461,231.600909032,217.298290347204,195.76140051981,201.384818824699,292.825170100834,201.431940360451,145.620454526973
2041,2041,20400,0,0,10,0,0,0,0,0,0,0,0,0,0,0,0,0,246.950656862082,293.749493056856,208.19052402358,221.273807967559,201.45593810666,282.308409774789,350.118850910293,281.137916740689,283.303580997461,143.041220851231,273.950548547432,291.383304629935,164.139998122665,222.685107305034,229.2885993078,208.451571758874
2042,2042,20410,0,0,10,0,0,0,0,0,0,0,0,0,0,0,0,0,196.250309644598,194.010908760312,350.440762235921,278.75017920408,293.145063619155,296.707437168633,371.527282830732,251.972977450233,199.679069177867,245.596155915237,267.133398773124,175.18878924854,252.205669113777,274.936475405544,242.198271871124,242.697857122531
2043,2043,20420,0,0,10,0,0,0,0,0,0,0,0,0,0,0,0,0,311.916132273814,214.885885968217,230.23925868927,292.009762554005,304.836608731265,238.233854080088,365.705005206464,323.257911308506,215.091616634801,175.052072354619,239.256192199906,238.363104972899,206.546649952508,249.608143700639,281.10703414872,243.385928140671
2044,2044,20430,0,0,10,0,0,0,0,0,0,0,0,0,0,0,0,0,259.128047778272,199.899422076117,221.685812993852,238.446439793816,303.427332077826,253.540379050703,360.526732962642,216.124154588113,267.733191933292,298.268508985117,272.42936061084,303.652245491249,271.094065136004,277.321430663457,229.445305109477,193.854932047194
2045,2045,20440,0,0,10,0,0,0,0,0,0,0,0,0,0,0,0,0,309.496901388956,244.820487028268,215.632681373967,189.770515713489,256.345287677347,270.511004834432,388.654844534578,205.882314161077,226.768980615157,256.895636286586,286.459122540641,233.801280479922,293.772085001636,251.952737032295,253.604491470028,186.769016402481
2046,2046,20450,0,0,0,0,0,0,0,0,0,0,0,0,0,0,0,0,295.682131566238,160.422544039796,261.004693875555,307.741357016942,335.247194501586,249.766930441045,382.440911772376,318.261009504774,220.526102963263,192.94133005054,241.814895279582,310.245943201128,252.647800582838,303.163740073319,255.670538104515,203.659013152982
2047,2047,20460,0,0,0,0,0,0,0,0,0,0,0,0,0,0,0,0,277.779520932811,279.30971850543,228.509812614262,308.648718995137,207.173611230541,279.705346771291,378.346283611977,304.063752010959,198.125343390441,238.446130355491,248.553315129854,280.933725672035,262.256375617484,182.814147584256,234.02874823187,321.560288769015
2048,2048,20470,0,0,0,0,0,0,0,0,0,0,0,0,0,0,0,0,308.095240679278,299.229479610359,206.380151481218,257.75304330588,194.631543609661,208.64352407805,365.718137515649,274.736038454493,273.945530091694,209.559862444316,271.805321141254,228.425258760349,283.524602959085,317.501803448425,251.611121388063,232.226671618223
2049,2049,20480,0,0,0,0,0,0,0,0,0,0,0,0,0,0,0,0,291.58216460203,215.076956056761,266.870083262771,251.483182765052,248.412628481742,236.31155003742,382.917672985305,279.550792965369,267.662498411178,223.615253145498,212.149161586452,218.009187389399,277.479229119613,223.827699235012,244.139194933043,280.253328524441
2050,2050,20490,0,0,0,0,0,0,0,0,0,0,0,0,0,0,0,0,237.447872850136,316.824501086748,177.700674691602,241.276150847002,298.216013941181,216.65337822404,377.917178903839,211.11767923862,242.860694159432,254.807304877706,270.339199097561,224.405609623449,227.994523792482,233.549656609721,184.586760000737,223.832610504344
2051,2051,20500,0,0,0,0,0,0,0,0,0,0,0,0,0,0,0,0,245.893271910411,306.413160190826,282.221724988657,257.720556875241,238.639423445064,287.794245127972,376.637225706212,242.494557697252,219.904503382507,224.574008414824,224.569724946935,244.975302069087,328.235544531764,250.56423141519,282.977409179816,251.759064517567
2052,2052,20510,0,0,0,0,0,0,0,0,0,0,0,0,0,0,0,0,255.776399028108,236.580289933841,283.554952622885,245.07978793206,243.716062791148,266.01270325714,340.784129156862,261.79196754013,252.034114837638,252.555144605409,273.561591662581,309.435456933261,238.549059571253,270.932632465025,238.878021324723,279.887058366999
2053,2053,20520,0,0,0,0,0,0,0,0,0,0,0,0,0,0,0,0,250.117028868717,226.177463878301,283.980477527658,276.117485519042,168.839614923941,236.494819314816,335.229783895808,213.191437327449,215.073392513217,297.011131163865,240.992826521307,285.415247900849,247.929761784919,266.435420149092,225.69662061565,224.047765778311
2054,2054,20530,0,0,0,0,0,0,0,0,0,0,0,0,0,0,0,0,280.192136557092,265.659489185549,292.487698336394,207.95138323181,278.330537553385,226.29423775671,333.329069382004,197.111451971596,259.661984463785,227.027747102861,257.996204992484,242.279903253144,227.065053510785,262.312695325781,243.149788746451,237.864665452243
2055,2055,20540,0,0,0,0,0,0,0,0,0,0,0,0,0,0,0,0,260.272482143515,222.76691889881,264.887118576482,216.339366744715,171.777428249265,255.444418766922,329.852040271916,280.428654242936,270.438043410681,276.393327082539,261.717653800268,266.295516924964,236.120496223886,207.516496624718,162.917195384966,232.412903378046
2056,2056,20550,0,0,0,0,0,0,0,0,0,0,0,0,0,0,0,0,270.380429743893,256.157954709781,270.952416586409,256.773452205488,321.305145669513,203.066148451138,343.90830177059,230.736007535456,244.124902374324,200.615625165129,230.043241702838,156.033842111895,261.894084305799,223.496890552176,283.568505394905,256.055082731675
2057,2057,20560,0,0,0,0,0,0,0,0,0,0,0,0,0,0,0,0,202.448828053397,199.729784033489,238.491241583075,293.313231692858,189.177378473899,244.242258997266,329.856451369909,281.232192563293,290.997946682241,197.023792399388,280.035683081785,266.709878673699,195.983252958733,239.295348135822,238.798328285241,284.052726706286
2058,2058,20570,0,0,0,0,0,0,0,0,0,0,0,0,0,0,0,0,277.173798903744,228.05588569231,201.595802138468,250.141923329342,292.954628221044,264.264652706989,308.10276170736,269.697724057397,286.167260730006,267.432879852952,285.435831197176,292.598920257152,245.954329106919,233.076397593094,217.335194070683,311.971506713598
2059,2059,20580,0,0,0,0,0,0,0,0,0,0,0,0,0,0,0,0,282.568503686769,218.590852305815,206.329420764214,232.227947159988,271.538785766937,240.443271298275,309.300384008148,276.793599719399,213.40787953701,249.93541014191,260.845473311995,256.038778311168,298.451078124361,281.180629684315,287.511151262309,222.798660960763
2060,2060,20590,0,0,0,0,0,0,0,0,0,0,0,0,0,0,0,0,197.563479033187,292.612551067351,304.171788498077,260.065646326682,226.176463849248,245.345907287493,281.366634394406,234.354346033667,298.249340235363,279.732160381816,232.981058197423,214.803065227084,240.651254386785,239.832776520067,224.809832796095,326.490051202242
2061,2061,20600,0,0,0,0,0,0,0,0,0,0,0,0,0,0,0,0,301.242428319429,273.326170989271,209.808877102095,272.588268043695,222.394706168355,253.334306790108,290.866126390514,231.744507969682,259.48814384397,221.080273933671,236.974479134936,260.411061103453,313.526425148749,244.001974244879,220.365853417724,287.773693700086
2062,2062,20610,0,0,0,0,0,0,0,0,0,0,0,0,0,0,0,0,275.908920582062,252.277484828349,292.278422279118,317.268249819353,222.932582970077,201.023203671053,281.778971447315,244.034158852508,239.289309553903,175.326752441971,334.806146306655,277.104561961719,258.520005397389,216.887965515326,335.194569142272,228.66002113403
2063,2063,20620,0,0,0,0,0,0,0,0,0,0,0,0,0,0,0,0,236.450332564521,243.636830801606,203.613979209594,263.148564471131,295.903741448978,264.649214113201,274.288708895231,262.622976680098,294.254424238043,267.013334100025,301.888079628856,254.486119247917,192.281539042857,257.505450759749,228.523181417954,263.026968905023
2064,2064,20630,0,0,0,0,0,0,0,0,0,0,0,0,0,0,0,0,289.948682933222,325.405835498027,238.980542642303,209.985414899641,299.169264501304,279.636597838667,282.228161321482,278.269573546091,246.659411663241,188.864457144709,300.871919773947,276.13210364577,267.689983193898,232.122460573269,282.087455630049,237.562630134589
2065,2065,20640,0,0,0,0,0,0,0,0,0,0,0,0,0,0,0,0,315.919934069584,195.44319946096,256.36802091963,199.987124466272,280.209060229976,207.616771040487,277.528301131049,272.744140855601,236.339950782654,285.031034485891,245.191472033591,209.169890081608,220.730047719993,237.656242721049,288.525471746859,194.404788593438
2066,2066,20650,0,0,10,0,0,0,0,0,0,0,0,0,0,0,0,0,227.716760022555,254.009586140503,236.125821559285,254.737708896875,208.891292173737,256.933036786201,309.402436660821,304.07263487955,285.542800258778,321.745099910285,299.589005912421,270.379168798639,272.523943850506,256.412920564764,228.623082279807,215.695701205732
2067,2067,20660,0,0,10,0,0,0,0,0,0,0,0,0,0,0,0,0,332.440132868857,237.886773299427,270.370622541514,279.290546645011,241.269544225823,299.209763788983,267.821815188231,266.502977663625,259.242363233003,256.10242346222,275.800564084791,244.687373185735,270.86821250297,299.264224966642,247.084022861359,243.989287131785
2068,2068,20670,0,0,10,0,0,0,0,0,0,0,0,0,0,0,0,0,322.410915079623,215.636250633018,178.509349257328,204.428583729754,263.83719868196,253.852249099725,290.912573411637,289.299515438592,278.669842993762,269.733477916902,246.048076794225,278.821330980909,269.962483553175,263.081322382731,272.876261482766,231.610112379962
2069,2069,20680,0,0,10,0,0,0,0,0,0,0,0,0,0,0,0,0,279.198385315108,221.178451657839,313.575036700489,275.762603739622,257.996501737658,200.465701661837,260.751081198542,369.470296074907,239.315262736962,223.417068762892,287.112459968696,252.300614166201,229.577269021652,232.367700401526,308.576238474092,271.078357277365
2070,2070,20690,0,0,10,0,0,0,0,0,0,0,0,0,0,0,0,0,234.19010982407,231.445760449212,241.789004720537,234.058876584792,283.531890980672,169.539804173799,301.36770880406,196.577022575649,228.583356033958,278.298270892863,229.408004454645,284.218700744128,222.052266936674,255.93988344099,255.535853107846,289.548990750736
2071,2071,20700,0,0,0,0,0,0,0,0,0,0,0,0,0,0,0,0,230.888411760474,249.697200907002,238.618576812207,237.941437382272,270.8409455699,247.960720370241,275.478397780882,204.170072194031,261.671821465449,285.820404572908,206.30034628389,190.906315447276,270.947492427844,252.69477140417,287.425150249068,253.932049924204
2072,2072,20710,0,0,0,0,0,0,0,0,0,0,0,0,0,0,0,0,228.840032041042,241.092278527939,270.869008045999,279.723579295167,234.653269775652,257.575422394815,303.923584205053,234.332116303939,195.878657690547,277.182290952888,247.943454870488,233.521350775484,193.676686115847,248.844444902031,213.857092433735,229.516660914951
2073,2073,20720,0,0,0,0,0,0,0,0,0,0,0,0,0,0,0,0,266.933260629768,222.055249026422,245.883594826583,221.866123016188,235.112333278536,243.488611795346,311.097479338702,211.459854814228,228.012877033348,335.493389086467,211.627565960116,260.309233749005,219.911579310406,221.4725318373,234.684054582654,227.292846127192
2074,2074,20730,0,0,0,0,0,0,0,0,0,0,0,0,0,0,0,0,281.290885827557,226.610590420549,281.54994401424,278.960543889397,244.144312531148,215.556211389937,327.916284493731,318.33135798061,278.409723815235,256.789468871856,268.025135166822,193.431324443732,302.138372030865,339.801526820706,305.294200007007,305.20663737829
2075,2075,20740,0,0,0,0,0,0,0,0,0,0,0,0,0,0,0,0,240.180775354019,263.952017668285,265.722485235955,285.032494124067,251.153460260044,259.059352555426,317.248898736518,220.150126587629,243.404770671129,229.10270799394,273.262793638914,275.598127068901,256.248741861273,213.534661965103,248.995980256518,246.14761008932
2076,2076,20750,0,0,10,0,0,0,0,0,0,0,0,0,0,0,0,0,230.383534648702,222.388884333182,280.303123057266,194.596920704003,229.706897722431,291.012852459526,326.166563643982,246.146014248572,296.847623769591,257.602210224607,269.538658338047,277.920838023186,251.588655870798,226.732483185731,240.84966568613,225.756945766773
2077,2077,20760,0,0,10,0,0,0,0,0,0,0,0,0,0,0,0,0,203.889474296259,284.5264300692,221.74327410314,249.230475938818,264.752830896337,264.80056058561,299.834210799829,292.790825216717,266.095942640167,242.03594358137,265.799935963471,233.24984209344,247.63497714549,217.432702731569,280.016373253421,235.203209724776
2078,2078,20770,0,0,10,0,0,0,0,0,0,0,0,0,0,0,0,0,292.137388868374,154.704507035091,213.584277331727,315.980058463506,197.084609281652,231.063929304974,312.353080584426,289.940570312914,230.890159889397,345.339351774833,253.481073827246,191.290043889901,222.918549851025,264.946269060109,240.059697881244,282.111780243072
2079,2079,20780,0,0,10,0,0,0,0,0,0,0,0,0,0,0,0,0,288.562810817101,274.591125079857,253.024376850422,271.249583981483,331.768384403413,335.292563698501,302.324476556409,262.512694663871,282.52180826454,272.398681207535,183.362576635282,189.018053179597,234.944434906253,292.587640257764,278.925914211414,274.897029139319
2080,2080,20790,0,0,10,0,0,0,0,0,0,0,0,0,0,0,0,0,192.888583619639,317.741224970099,277.487120806406,228.667858497293,235.337304107465,245.957746326477,318.161048226396,255.39810658873,296.225811685814,214.870736613351,278.640671008817,188.286371874575,307.989466226699,257.338988983856,271.346535549003,277.408854242489
2081,2081,20800,0,0,10,0,0,0,0,0,0,0,0,0,0,0,0,0,246.884461652991,256.115841635781,271.942493743477,250.387726882783,305.925499988444,305.894365845956,324.305636277864,252.556482485908,243.326025879646,191.299341910529,265.206533000101,255.720274162579,156.637232464532,295.103804217219,247.294119818789,240.225684716576
2082,2082,20810,0,0,10,0,0,0,0,0,0,0,0,0,0,0,0,0,254.61340232982,244.619302442585,229.219808041,260.642163945383,245.771343026985,256.063125898948,325.047592221773,240.639074644836,249.128580955445,266.28476447737,233.2248029261,225.609724869253,286.216770932426,213.548124040479,228.805041284695,230.320901083683
2083,2083,20820,0,0,10,0,0,0,0,0,0,0,0,0,0,0,0,0,289.264427130503,300.827193837796,264.341711603452,223.486087085781,183.708760842248,314.006444129443,338.387972888654,263.637054288553,211.357440157784,239.825231707885,254.83594128861,222.755671397576,182.176807529947,298.532820063775,192.873196879002,285.5196769514
2084,2084,20830,0,0,10,0,0,0,0,0,0,0,0,0,0,0,0,0,312.45720555387,213.148440543721,271.943590379391,248.306175886605,285.079776896594,190.493777559632,339.733062466148,318.885596682415,216.004050067859,243.571104709275,244.093880449143,256.014370158548,229.189847857252,234.303256244379,240.259030277097,319.306509713548
2085,2085,20840,0,0,10,0,0,0,0,0,0,0,0,0,0,0,0,0,261.999975629654,252.109078444649,226.34103293036,224.714289556556,238.693982818862,257.881940978565,351.196934146922,309.092473542814,242.870226675264,217.596373739333,255.777081293943,286.37536638455,231.735689791449,308.86784918821,298.36710502242,279.638691094486
2086,2086,20850,0,0,10,0,0,0,0,0,0,0,0,0,0,0,0,0,320.697279852365,285.433088403025,227.74926943335,212.15594119688,213.096577254282,208.586471363518,339.400710493704,287.964487269925,204.604669177295,327.740596156955,196.676886133289,250.367020269795,332.461767781706,282.884229882721,280.885960600746,247.791575219036
2087,2087,20860,0,0,10,0,0,0,0,0,0,0,0,0,0,0,0,0,267.04088389878,260.760907244385,230.427738114275,290.785647271375,249.231065085964,222.619629141753,371.880720259903,219.04014961775,250.134389765653,188.127965373834,192.374614188238,264.87182007835,293.084847341196,217.344347839358,270.337793146957,311.535442330092
2088,2088,20870,0,0,10,0,0,0,0,0,0,0,0,0,0,0,0,0,306.561638778541,287.220529918853,270.237964207955,278.608465601593,339.915927229279,262.164025457026,367.630318340515,237.996654006609,257.487097694317,265.880388369401,226.430676613221,260.039278755858,213.77995564538,301.004808164613,210.652616433264,243.636346278237
2089,2089,20880,0,0,10,0,0,0,0,0,0,0,0,0,0,0,0,0,185.703956096931,244.740322724052,297.939238546074,258.584720688004,266.457216692452,279.058186104627,364.942970981417,217.699585141331,230.563570616832,294.118482215452,202.083115948221,175.098283304776,250.94775467516,303.49685380385,199.216070230721,237.362763946486
2090,2090,20890,0,0,10,0,0,0,0,0,0,0,0,0,0,0,0,0,190.805605454224,257.037251119035,318.2647819691,271.869633767399,286.183532012957,190.924686566538,379.624824385059,179.07371470678,264.95122578572,283.069334095167,312.175906772966,263.379498129676,222.857616839283,247.010661675135,266.25657514799,206.474578274502
2091,2091,20900,0,0,10,0,0,0,0,0,0,0,0,0,0,0,0,0,241.312355907936,269.837016333708,254.549146720431,199.362306301354,235.705067637516,255.751840715981,378.878223691186,206.557204620617,287.811005006303,302.91776711116,220.070126204047,197.390006543592,229.578812196446,205.32093052258,254.304681999833,231.811894070982
2092,2092,20910,0,0,10,0,0,0,0,0,0,0,0,0,0,0,0,0,169.171515885442,283.154671972274,291.674490093582,241.446196178014,193.254141613497,235.986724624387,392.678399837318,200.768267718052,205.906042011593,280.940841662924,239.801436012987,278.090624501816,242.543934926909,249.789632496859,187.428809060682,303.588124424337
2093,2093,20920,0,0,10,0,0,0,0,0,0,0,0,0,0,0,0,0,249.64316237715,195.973789933384,318.168670253371,286.499800762292,208.261273670133,217.886192511561,383.650452959084,203.368899119074,315.818119506109,207.550083362468,257.629920675494,225.79243772575,219.317867042672,210.002040834566,235.243388323159,300.48300166445
2094,2094,20930,0,0,10,0,0,0,0,0,0,0,0,0,0,0,0,0,219.937340135565,244.676721620995,267.612238565624,283.957946320418,206.245572113904,294.837424872235,381.116326980552,208.338925595981,291.442065928891,233.107849207914,249.73154693228,208.987763118407,286.367857759497,213.405566346801,248.970739112882,290.369038746861
2095,2095,20940,0,0,10,0,0,0,0,0,0,0,0,0,0,0,0,0,255.348680653658,282.464121597937,224.891774849118,296.016828644598,208.915693210361,252.979438670401,389.604524746252,244.563745649498,303.15144112799,243.501908571707,275.15225301071,166.136776466843,233.443529574302,271.513864318955,266.292454940797,228.89637966426
2096,2096,20950,0,0,0,0,0,0,0,0,0,0,0,0,0,0,0,0,250.149214917251,230.450983603338,243.611510129641,332.527674859538,288.4555501923,238.54458987696,376.413853032091,194.093040989652,200.144526731,244.453930206761,194.754522609071,289.51757568893,259.517533313376,170.276281729282,301.479112941213,285.979282068609
2097,2097,20960,0,0,0,0,0,0,0,0,0,0,0,0,0,0,0,0,247.802009198597,283.838406799714,253.12867402267,234.767402259152,257.001898553415,247.895106187464,391.927694605472,244.87650538565,193.316575645505,211.754018714241,239.572745460272,227.329043681056,233.215470941014,235.259710761327,243.251115605062,272.008341421184
2098,2098,20970,0,0,0,0,0,0,0,0,0,0,0,0,0,0,0,0,247.901420372827,301.552285467882,298.30894569073,249.114115723207,300.998396197805,245.63283888714,400.616872950953,181.439131985264,246.695867646558,278.27215493356,294.432214460475,299.396517476156,246.004517092494,241.505689533614,261.192678428681,234.227936049919
2099,2099,20980,0,0,0,0,0,0,0,0,0,0,0,0,0,0,0,0,219.437855237484,227.918739690221,191.328838645511,287.27594594877,254.136150326688,277.669446752352,377.064436500981,274.309044939299,327.491520373401,239.052157636689,282.023831374875,210.787468437183,244.609364863327,261.150617461664,242.406753647425,237.991500574251
2100,2100,20990,0,0,0,0,0,0,0,0,0,0,0,0,0,0,0,0,233.198470962467,270.456886383738,254.845773355759,264.975476727173,228.9994028124,255.963325100795,399.405296608842,262.699781216031,232.202677476387,251.783552430906,330.787142853246,193.603951981322,208.629120063852,200.969472214415,194.557909129554,281.901320053249
2101,2101,21000,0,0,10,0,0,0,0,0,0,0,0,0,0,0,0,0,256.813889471343,246.713602103967,258.129963360204,252.334462873033,268.727557512012,241.826744178551,390.471133731304,227.940923790848,249.613271293475,282.242242039893,267.565589715221,207.873509097501,271.511154487927,151.862760200768,198.655846127088,295.495478356899
2102,2102,21010,0,0,10,0,0,0,0,0,0,0,0,0,0,0,0,0,324.868388690049,290.134881173152,335.151403152725,274.770577696441,240.519337880233,233.823006344809,371.723150369734,221.453671127002,274.723627651069,307.163568114761,276.445701549787,207.629929415224,292.856815560463,261.657124828688,323.814356451909,201.451441579773
2103,2103,21020,0,0,10,0,0,0,0,0,0,0,0,0,0,0,0,0,161.903163311452,261.262319951966,304.951296619582,257.365272236466,193.993524473369,265.728730086709,351.427329996535,254.311696409157,193.549676055737,295.373610335432,214.922032337229,270.04346370713,233.594139245495,238.570542493806,262.944862227646,261.026738659478
2104,2104,21030,0,0,10,0,0,0,0,0,0,0,0,0,0,0,0,0,278.680625891975,281.456733992524,263.437907215019,306.426700430986,263.465807480425,227.899768356679,346.380612852677,214.742401560531,277.313570190177,263.12368545714,253.072649689887,300.647090070018,232.732112104302,241.307077244467,299.344056403207,317.325734992035
2105,2105,21040,0,0,10,0,0,0,0,0,0,0,0,0,0,0,0,0,249.147427397113,226.965869773691,272.282713021002,220.808790605098,290.357929390269,283.310420402065,357.667363184094,256.807824556704,280.634972122449,258.943265575459,283.000966882788,267.744386741185,232.816768827229,249.329939374867,198.557136422529,230.844063302999
2106,2106,21050,0,0,10,0,0,0,0,0,0,0,0,0,0,0,0,0,251.783672600449,254.724747947031,248.774480640915,301.055845603794,193.071444080974,260.000504005908,363.033877796033,258.834942197782,257.785381420267,243.193850449322,249.981524364312,224.079912305212,235.293549133986,293.289184128542,258.563848432292,268.154537040045
2107,2107,21060,0,0,10,0,0,0,0,0,0,0,0,0,0,0,0,0,278.306200113756,178.593034816708,279.503789251411,212.694716317495,209.103713491873,257.577837417103,356.673464455978,255.689145053029,309.365189532941,308.878899676962,275.349053522371,256.385119754422,248.811258111876,267.59895199887,309.430452220478,209.91950257851
2108,2108,21070,0,0,10,0,0,0,0,0,0,0,0,0,0,0,0,0,240.623846565704,207.034901241797,327.915576973519,167.248547131228,194.976318163904,306.996694910415,340.975609812225,286.882274196522,278.138643375541,197.068503641791,178.886335245022,339.679506628979,289.842318486371,248.30391073512,261.661406116323,224.619387676719
2109,2109,21080,0,0,10,0,0,0,0,0,0,0,0,0,0,0,0,0,303.111564825086,235.854374338746,225.112895114747,226.068229912843,321.738194174084,263.53909656485,363.182854806881,229.781095733312,243.334809373903,291.027276004577,280.856457940065,235.632794100044,219.666132014379,283.217559049238,218.703474797048,295.297225343443
2110,2110,21090,0,0,10,0,0,0,0,0,0,0,0,0,0,0,0,0,294.314956185667,238.322634205804,263.243303851555,198.544539293101,210.340628793991,292.746860127451,364.02283037088,280.009504444329,250.085912729127,283.993557071917,205.839375459281,243.497939849045,282.213338932799,232.46086384046,214.840295345265,270.557994311796
2111,2111,21100,0,0,0,0,0,0,0,0,0,0,0,0,0,0,0,0,241.538903724708,173.081965767008,230.728640773703,230.9964838313,252.028076935022,307.59494680181,361.705865018542,275.395119569979,207.009808483819,341.894966361687,223.132356598663,282.588558069157,256.898976444737,311.646381473886,283.361967395585,251.011844551535
2112,2112,21110,0,0,0,0,0,0,0,0,0,0,0,0,0,0,0,0,233.110461508671,248.060941046687,236.845061957415,218.07955166565,222.788006270374,323.689637331369,374.180178375105,280.68128732958,184.255423137118,256.897742162493,250.425004575459,273.595111064503,239.04898474096,238.945686080362,307.897535727145,256.788842017452
2113,2113,21120,0,0,0,0,0,0,0,0,0,0,0,0,0,0,0,0,245.879624147908,275.293144640666,228.980986323279,228.194883987676,223.097615033189,274.746493463324,364.037522440556,300.46134211903,275.081350464061,243.981290735807,264.378986584583,215.363352065537,218.07905066803,265.249836254192,277.901219337616,233.999247966748
2114,2114,21130,0,0,0,0,0,0,0,0,0,0,0,0,0,0,0,0,197.789373095484,249.575703201928,157.892662040869,232.083544747078,219.025428828376,293.528968186869,376.798115175905,242.80981429267,200.02337554484,297.828463206126,265.654341705846,239.080686076078,199.609740468239,279.08372532711,290.298037367861,225.712835816059
2115,2115,21140,0,0,0,0,0,0,0,0,0,0,0,0,0,0,0,0,314.677581576056,197.560789635187,236.564921166597,261.874996656158,226.96304929296,208.248789799734,370.006681400956,288.726663558207,235.075075770043,272.590511533082,267.254742404054,243.397972080927,270.694991567113,224.785756892116,260.496220218888,255.604754470648
2116,2116,21150,0,0,10,0,0,0,0,0,0,0,0,0,0,0,0,0,287.412791716587,250.791791717114,320.658444592076,257.784462935137,242.796776831718,192.735550053314,370.917666724144,281.567010614236,287.683775469414,200.232409611581,261.214905640162,229.820051423921,194.650886093069,249.678298246369,277.775711597351,271.261594861445
2117,2117,21160,0,0,10,0,0,0,0,0,0,0,0,0,0,0,0,0,208.105039903168,182.560993339688,230.789875324711,207.346765651838,208.869700753723,247.53452873267,349.868999188645,257.671203884692,224.597151953086,288.917815683349,252.275611902328,246.428892547775,287.249278112848,177.512018537417,232.533868581569,342.648096369114
2118,2118,21170,0,0,10,0,0,0,0,0,0,0,0,0,0,0,0,0,196.546828282794,304.208997380569,243.606458535985,221.513226233305,270.549729998801,264.308728120759,368.345404997206,230.877194762519,278.587947876187,257.12593095435,298.168489974769,207.122156180483,265.708817602044,205.066860220512,253.781479783987,250.002805782588
2119,2119,21180,0,0,10,0,0,0,0,0,0,0,0,0,0,0,0,0,300.595554655981,316.604415542904,224.330895083801,198.459060041724,294.171938469534,175.047269555558,361.586169730842,253.230762150226,244.988992377436,263.815698892926,209.971919380301,207.753019275387,293.636851946437,333.244175242217,254.326260772811,231.94394204249
2120,2120,21190,0,0,10,0,0,0,0,0,0,0,0,0,0,0,0,0,247.586229841731,255.161734632338,268.121646362818,252.890215403351,241.511482980755,197.515155826064,353.41438887793,290.232109815716,247.432212488488,230.804051281084,210.463305679726,253.936809474389,301.834638231249,261.593439723799,233.109564656072,212.075501469479
2121,2121,21200,0,0,10,0,0,0,0,0,0,0,0,0,0,0,0,0,253.823694365477,263.119552639077,244.31245375645,215.442196137371,249.046346314421,239.326874993792,347.342420735575,285.998513186555,254.900174769111,211.882217637853,292.267507367623,271.459250983163,237.856776306352,297.367040147451,231.857487154971,199.206347501091
2122,2122,21210,0,0,10,0,0,0,0,0,0,0,0,0,0,0,0,0,240.29343059546,236.062301556083,241.95393339976,188.538222449423,332.422526030737,243.715913956246,357.480107798388,273.207831576087,285.769672807394,256.739331894331,243.9320503358,241.687647320948,243.770563695992,246.727102075621,216.593104828471,167.251343790478
2123,2123,21220,0,0,10,0,0,0,0,0,0,0,0,0,0,0,0,0,270.34044479564,224.685373651878,185.315643007861,284.754223552242,259.139511168553,323.377498694802,348.454615093512,250.764054857668,248.698173346728,261.240322740639,271.378397064414,214.950428686884,216.804003955004,275.497247064817,268.094720061867,222.197635745437
2124,2124,21230,0,0,10,0,0,0,0,0,0,0,0,0,0,0,0,0,272.417953479704,252.02914656461,286.242670016371,178.881535445545,268.247994096152,311.715997918714,378.124450783957,209.281103678092,254.124893133197,275.888116808192,270.972001339592,277.864775260234,182.400250296064,252.154676976955,231.634827162477,216.124149580914
2125,2125,21240,0,0,10,0,0,0,0,0,0,0,0,0,0,0,0,0,245.285891436621,183.593153612947,265.912233217385,233.206665175572,268.028103076224,300.284766792519,382.89886321543,249.668462430683,261.691953684069,201.587308499511,280.882007032707,223.654923386191,248.627257124537,271.620693241277,282.517631250509,280.847607268417
2126,2126,21250,0,0,0,0,0,0,0,0,0,0,0,0,0,0,0,0,204.523312663773,228.62173475917,229.712481498504,247.306388405534,248.49932980041,261.224988149485,373.674773890308,243.241916769146,220.714569123377,265.730723395462,236.545583828777,246.403736111941,200.618251738331,233.360129575942,195.093204257062,284.493237768797
2127,2127,21260,0,0,0,0,0,0,0,0,0,0,0,0,0,0,0,0,270.498057307635,294.942162017945,243.325959708459,269.550452837183,227.015192170151,257.191789764228,374.892735989802,223.250377795012,187.941685308736,216.247661321016,216.509863009823,258.674228383917,236.778414213809,199.788503424053,250.037822770164,244.669482771235
2128,2128,21270,0,0,0,0,0,0,0,0,0,0,0,0,0,0,0,0,203.326162190825,276.401161746632,323.628223652488,233.340957388023,215.740161475321,272.853476548142,381.88137847608,266.492093726933,292.781128151586,281.510510273702,224.871239398971,263.260303110827,266.049325655619,244.63112672045,270.108992816157,310.993438702929
2129,2129,21280,0,0,0,0,0,0,0,0,0,0,0,0,0,0,0,0,228.75408577127,226.814091056068,226.949637256514,204.765217699328,240.898926697035,301.132005997716,357.509401240436,283.681088333174,258.210794456395,303.604643005522,307.604317242979,250.321432371687,227.481073554537,315.119670133674,222.331762566378,191.041379914797
2130,2130,21290,0,0,0,0,0,0,0,0,0,0,0,0,0,0,0,0,266.802147390022,182.163836652664,265.667309188777,214.706915361627,261.561892494463,276.296113472825,358.791381309891,322.357753943219,285.74153728178,177.918979881985,213.44073867602,264.476820635103,291.763605590727,198.081691854901,210.565208907564,138.841946268775
2131,2131,21300,0,0,0,0,0,0,0,0,0,0,0,0,0,0,0,0,272.654772525537,231.309179079241,232.59369765093,263.454167644439,265.870870460143,214.629828227778,350.956261896794,316.866831742873,265.870965570319,221.191647089111,226.993754723357,245.583982452667,304.919706246152,239.801658231258,299.464123949625,283.162082425555
2132,2132,21310,0,0,0,0,0,0,0,0,0,0,0,0,0,0,0,0,276.730035706181,225.356139764558,287.250467507622,282.242450288654,260.532721831817,273.322988952628,338.380408226859,274.936792954284,208.956918302753,210.418250878996,330.714206661227,282.930184454761,252.18295346917,294.019585055127,204.119525675574,274.871068697014
2133,2133,21320,0,0,0,0,0,0,0,0,0,0,0,0,0,0,0,0,243.958937446384,270.242339689103,214.882281343165,204.692248552665,250.152412701383,334.068746894639,345.868324628908,291.800514210403,249.028722253831,260.292866133916,215.960514703699,243.946602410545,173.213898658996,280.342904023192,241.87497199947,306.960545302323
2134,2134,21330,0,0,0,0,0,0,0,0,0,0,0,0,0,0,0,0,250.096262520446,253.297342109148,260.855068689334,215.578607356498,276.956357973228,249.893528867339,343.475788292697,231.156291831136,247.906339587388,278.157191224089,265.482991382739,221.989315364158,249.71504692266,257.75919613818,300.432463075311,201.25009851159
2135,2135,21340,0,0,0,0,0,0,0,0,0,0,0,0,0,0,0,0,262.59823814588,224.034478219547,272.791332247298,210.83396042789,216.201751875902,310.731455748723,337.585047360591,286.575355335127,177.159986889733,182.098163105383,284.068405224191,273.840158660434,217.476444620464,228.894895949058,286.739760976427,256.634717178002
2136,2136,21350,0,0,10,0,0,0,0,0,0,0,0,0,0,0,0,0,242.477310147507,297.765897859153,265.212552446926,276.242388296783,286.026311524529,191.607435664299,313.306474866875,222.675950795822,285.036553525068,172.205839081435,252.086424510826,312.290891689355,250.886038632176,258.931559562278,261.052098475515,182.056416533774
2137,2137,21360,0,0,10,0,0,0,0,0,0,0,0,0,0,0,0,0,231.602539896075,201.467368229809,208.094533475336,231.735472766823,250.845081857263,238.542320865594,311.024398436212,247.369203850461,216.736067195595,220.604409448934,252.630783304272,249.49496813421,280.013209786781,201.212549463626,293.869504441728,276.641779263896
2138,2138,21370,0,0,10,0,0,0,0,0,0,0,0,0,0,0,0,0,246.693162410212,321.62908732429,237.123904764256,145.012471806612,298.560676905016,229.715300738265,318.085888159329,239.59579901094,254.032342951776,237.21840527419,249.747584732885,284.456056474018,325.360386023758,281.082913479038,310.263021735939,212.157941194943
2139,2139,21380,0,0,10,0,0,0,0,0,0,0,0,0,0,0,0,0,235.696585905537,275.712161288226,273.660276152223,292.70369601044,243.868382876449,177.344873518658,327.128950680299,292.346687540998,304.941834945844,227.600572205806,267.851865168723,284.791232495303,224.648282817314,255.714197640451,240.002086321681,294.991414912847
2140,2140,21390,0,0,10,0,0,0,0,0,0,0,0,0,0,0,0,0,246.553001095935,170.192141249482,311.659356325745,211.747505164937,260.539746659936,303.737702358597,310.158636312139,243.354011631815,277.268896905357,236.073919883931,246.447061754656,217.717701909162,268.818011201835,231.503977365367,251.901404779769,252.160739258559
2141,2141,21400,0,0,10,0,0,0,0,0,0,0,0,0,0,0,0,0,317.008223612802,208.756156019994,304.010581164271,243.992313070873,237.000998407038,226.1470339074,341.222167869035,230.802122874982,304.653086943288,219.703072246091,291.939400015256,299.257247280576,188.75194015857,238.956502141019,224.284712758803,198.450099840882
2142,2142,21410,0,0,10,0,0,0,0,0,0,0,0,0,0,0,0,0,225.250038738329,270.19373904455,224.819965665133,243.076883439016,273.444061282186,236.513792379727,338.563544280406,206.661304370807,257.015884135632,201.034780398038,221.523847093624,270.372565238005,306.192849649849,225.138978159443,325.300668147648,300.371684907843
2143,2143,21420,0,0,10,0,0,0,0,0,0,0,0,0,0,0,0,0,312.950841233533,216.008655352615,215.671439353114,182.262162293106,280.226715364658,240.495433446838,345.503190792436,292.099158287092,296.011714599733,217.529230835462,216.027162849997,201.071636672553,311.42840740918,258.936192583472,213.135023188695,295.521314053964
2144,2144,21430,0,0,10,0,0,0,0,0,0,0,0,0,0,0,0,0,254.377428194575,245.902480094043,279.911823863041,258.929917829948,276.071214670298,247.898630811055,328.485040143632,230.421790415531,191.972382333912,248.203572548719,228.511899472823,306.530093761549,240.477027653448,275.350165291162,263.158799723041,191.239217134235
2145,2145,21440,0,0,10,0,0,0,0,0,0,0,0,0,0,0,0,0,322.374611518713,290.46291561838,263.308139247096,196.973932041183,267.320603823764,167.136990243306,348.159506509592,271.197362269417,264.304899731866,300.615732786016,236.624850712972,251.860773976654,197.723420686185,225.098546540408,236.284055841579,244.613421249245
2146,2146,21450,0,0,0,0,0,0,0,0,0,0,0,0,0,0,0,0,190.824742301461,257.345707807933,254.152190721769,237.49774982614,219.505330623286,248.542521533367,371.281375029981,266.868378258559,325.373107011527,276.978845015447,196.90417132691,252.065039418111,306.611872477633,273.458308698722,236.518887538744,202.971843755025
2147,2147,21460,0,0,0,0,0,0,0,0,0,0,0,0,0,0,0,0,212.011631696903,226.839245168951,316.366438537589,325.468678370565,248.681964044939,233.169602373912,353.447884682846,291.070484668063,284.235801588207,234.703594033519,237.017438137108,225.868635152149,241.991357508464,234.065323911903,257.455514073454,248.497882651612
2148,2148,21470,0,0,0,0,0,0,0,0,0,0,0,0,0,0,0,0,229.647734026192,261.50876396642,249.374465996312,293.733910869955,246.83175158978,188.893795317531,361.572521067314,297.728670315566,157.047025474471,242.616747125177,236.275693440002,238.54381797753,342.981750671391,279.54763921877,206.043299929898,256.139138852622
2149,2149,21480,0,0,0,0,0,0,0,0,0,0,0,0,0,0,0,0,243.612669203818,237.770892116604,259.767342302645,231.612252176868,204.821655839501,307.91530528657,359.77165547826,271.99072113405,249.874358217548,199.884045513264,294.571968269725,267.978525817976,314.372943356029,178.447725917112,226.111016790297,249.661372373875
2150,2150,21490,0,0,0,0,0,0,0,0,0,0,0,0,0,0,0,0,232.028654957586,249.924528270766,233.127635552339,236.023293729199,234.769328999768,226.907436666418,340.552646626774,248.439354202298,310.061185815745,265.367517585077,253.850779261515,266.575847058389,300.277450450915,209.995257903635,307.51111537785,233.43505071983
2151,2151,21500,0,0,10,0,0,0,0,0,0,0,0,0,0,0,0,0,226.389346285621,226.760163180929,245.227021922474,210.468136208073,225.66238899,230.268271404114,337.952403202641,259.682914898167,282.443889267332,243.512944664801,251.682155032827,313.26114373468,271.835873965854,196.059558522323,260.316755168848,290.24865037228
2152,2152,21510,0,0,10,0,0,0,0,0,0,0,0,0,0,0,0,0,230.357537598542,274.064717885903,251.365790374969,304.222003278748,301.595320454502,264.352590172977,337.070192475793,221.055438860353,218.572317641714,196.269536612658,278.338504381393,235.166335313145,287.989919410083,253.42348730199,301.332532334503,260.331123158271
2153,2153,21520,0,0,10,0,0,0,0,0,0,0,0,0,0,0,0,0,253.514884909498,270.372932528757,295.60826578166,253.85398987206,265.081317524611,343.282629973151,308.306560033427,228.300098837032,261.830180818065,274.360295319261,187.28142291337,221.403970618114,279.046212362481,253.042607206281,280.278261185742,305.800559506411
2154,2154,21530,0,0,10,0,0,0,0,0,0,0,0,0,0,0,0,0,241.093411028642,240.446916019519,254.897932782222,277.998394589474,267.12369017198,195.488855579932,329.225761134178,296.266542005256,327.875951824175,252.145235675094,223.482958459757,292.382678211966,205.65872426924,260.436984234443,187.936463760948,208.317612037376
2155,2155,21540,0,0,10,0,0,0,0,0,0,0,0,0,0,0,0,0,242.138743329343,277.601123124539,328.179990891722,189.245336369437,287.655619368044,318.492475590072,325.683073095687,219.615920230864,168.806148776201,243.38264443892,214.690713536607,291.808531732612,230.731129128177,199.337906612502,227.965870891359,265.460408634717
2156,2156,21550,0,0,0,0,0,0,0,0,0,0,0,0,0,0,0,0,284.69879310851,263.425156118144,263.387436384257,227.623042667928,282.010454729496,257.028702514228,349.476405231884,240.886740525925,265.685365216842,243.457506648124,251.065316606217,209.877330486087,257.910693090266,258.717274628222,220.382606678315,308.738090416781
2157,2157,21560,0,0,0,0,0,0,0,0,0,0,0,0,0,0,0,0,224.975140752608,237.488016343634,213.474383048811,183.353851176367,290.823992958197,257.035862153248,366.858503979648,231.266987484123,278.917343012655,278.277164248279,225.698053347745,325.763921898979,263.191949531014,251.333328435404,194.128923332612,236.488785130481
2158,2158,21570,0,0,0,0,0,0,0,0,0,0,0,0,0,0,0,0,316.927587139924,257.094664409342,255.03487745292,237.382512429547,284.874720315591,214.555294859924,347.241070894619,246.045292063861,243.394514433845,237.629634343557,238.549572217639,214.417621447317,242.417507878128,235.646911978171,219.678603994369,296.344525360124
2159,2159,21580,0,0,0,0,0,0,0,0,0,0,0,0,0,0,0,0,230.074049809358,326.326268134767,266.97861647092,200.497874441155,216.016923684018,257.326379469148,348.551188805111,283.809764729255,296.265949819865,290.738699491999,172.541975271141,246.975978668011,180.483857305397,233.348278092213,236.774039353386,256.74339691295
2160,2160,21590,0,0,0,0,0,0,0,0,0,0,0,0,0,0,0,0,263.711832968,252.160484994679,277.73212717093,237.102879315747,283.044757308868,256.050275627239,341.020386757116,189.473468703088,291.546653645277,315.82119610519,338.515101226569,307.468079283055,271.283718273613,196.541739171228,174.653661685848,266.322500923976
2161,2161,21600,0,0,0,0,0,0,0,0,0,0,0,0,0,0,0,0,277.068670408766,196.417768031854,276.458022400646,251.302538737943,225.332363416964,207.998282689091,327.699789234367,219.772800581079,198.45576940722,268.071677925478,315.762096154229,266.072486916894,280.967448833779,292.386622784781,312.626908498513,261.556563913059
2162,2162,21610,0,0,0,0,0,0,0,0,0,0,0,0,0,0,0,0,274.815532041714,191.323922350912,280.932959504035,247.98437407586,233.674411766731,291.702233780832,325.395664351452,265.758590624464,305.584332489505,243.960054232569,190.328454800303,236.59539152939,323.091515563917,269.040511563875,293.613447870223,170.905066275467
2163,2163,21620,0,0,0,0,0,0,0,0,0,0,0,0,0,0,0,0,285.975020181268,281.964331668639,240.734608911075,223.512162058997,246.897482309439,224.550419820169,325.536940715105,205.143413606586,197.345427253146,236.683629721406,211.533603159792,279.712390753165,221.396516428634,232.386561765809,229.616411766919,159.224372071905
2164,2164,21630,0,0,0,0,0,0,0,0,0,0,0,0,0,0,0,0,232.797939979021,213.465976051451,197.59215759737,208.149458713565,259.254607974605,252.521276077077,337.41082110173,236.478030923102,144.885321516981,230.280626128369,226.848111672761,301.934384131921,225.954569151451,177.627477248762,258.414306641413,221.128193959398
2165,2165,21640,0,0,0,0,0,0,0,0,0,0,0,0,0,0,0,0,239.452271530098,233.612013739158,218.669551332493,214.101185270172,271.091646433284,261.586808722695,304.271380035944,306.210585966645,269.244209193255,320.419355321914,260.020549186939,315.104896438455,364.60504142414,235.72355800963,330.623788651079,180.247897354338
2166,2166,21650,0,0,0,0,0,0,0,0,0,0,0,0,0,0,0,0,307.098982877888,271.706371083544,219.946680030745,259.213278121844,228.654899526997,318.154735564138,294.823587982078,292.337483323375,239.521585409391,236.110445167987,205.64793640978,192.180565977182,241.326685873225,274.148220282754,283.419064987146,207.873913835216
2167,2167,21660,0,0,0,0,0,0,0,0,0,0,0,0,0,0,0,0,230.170974511277,237.305088148163,198.366207844917,278.55621168243,238.677564664513,240.340363275131,306.984453484418,238.452423637802,307.558378163671,281.672819141916,242.901398667702,189.466351857003,283.158721427071,271.40915432379,270.747507099393,261.238409475672
2168,2168,21670,0,0,0,0,0,0,0,0,0,0,0,0,0,0,0,0,264.235781755636,224.101097842837,257.427527183964,217.907743170394,236.828233899565,266.218439457277,281.40623096198,195.266100968213,225.758497247836,263.898784652897,243.621886721963,213.784417732953,253.657230279918,235.616261460168,267.901844002336,244.626455597547
2169,2169,21680,0,0,0,0,0,0,0,0,0,0,0,0,0,0,0,0,261.67906190458,245.900978530414,233.210194359906,194.948125739438,233.44754054774,272.53573295083,283.463745652215,195.505181135475,246.25406461377,253.278000547586,244.320232942019,233.484660797466,235.732987545013,303.856513626264,316.060892738525,216.54034920775
2170,2170,21690,0,0,0,0,0,0,0,0,0,0,0,0,0,0,0,0,180.622878854437,255.533927853913,241.94513187959,216.554107849085,257.318241928651,302.226139051779,288.770948199731,233.295771060567,245.15237442261,240.509861130692,204.097757312298,187.427564138183,289.798469777676,250.596173280796,213.948265588632,253.476218996077
2171,2171,21700,0,0,0,0,0,0,0,0,0,0,0,0,0,0,0,0,291.727526047187,284.639472179959,327.749397697794,262.223275865194,250.99298622983,194.625475600669,293.670769212077,229.112469278691,305.681525917002,297.67380008681,353.101370924076,252.21230182476,276.760962017109,206.873274436692,292.74450164546,215.4253732645
2172,2172,21710,0,0,0,0,0,0,0,0,0,0,0,0,0,0,0,0,225.03474688778,217.121950680116,305.89466245547,257.549522832499,267.206164764846,247.579380791834,286.59955339756,302.108065427305,234.237281606972,285.649345997649,242.800507203298,309.355268125056,241.297004806677,255.479858618159,177.218926155646,241.543009348844
2173,2173,21720,0,0,0,0,0,0,0,0,0,0,0,0,0,0,0,0,251.417902029145,272.251898352831,220.818482895783,159.842924526307,230.83237512534,271.327994371591,283.206236458047,236.605085007458,284.643302742201,294.701305961459,285.569206054349,270.701394454291,300.897906217557,273.768403705474,220.174536888834,240.601739683592
2174,2174,21730,0,0,0,0,0,0,0,0,0,0,0,0,0,0,0,0,214.786352793263,270.26063866997,269.938962945221,309.343386225825,189.795677653283,230.562444076741,260.721355512559,198.134077738043,311.299702716238,212.184041452116,214.956607771603,250.69920941588,206.170834535866,282.945224140749,347.360444835032,282.420669227216
2175,2175,21740,0,0,0,0,0,0,0,0,0,0,0,0,0,0,0,0,223.872113229695,307.414933711579,241.465003765652,177.396938028117,252.687888113853,215.413645867618,289.529494094758,255.328767037078,259.126688876044,282.312887995163,274.035768173255,263.154336735209,322.059510010321,321.167166908014,224.826943274132,168.650867847543
2176,2176,21750,0,0,10,0,0,0,0,0,0,0,0,0,0,0,0,0,264.262668088545,238.3018956485,350.924688538497,204.681297307471,244.912130453561,289.743978360414,262.44070111837,242.318679289607,264.21052121396,217.26944029927,315.665611207257,244.298319482523,245.925721460848,298.502665390295,222.391261920127,265.201972457433
2177,2177,21760,0,0,10,0,0,0,0,0,0,0,0,0,0,0,0,0,292.732181095161,228.503527142756,272.37119717664,306.052578290141,198.607527450828,259.262269715788,260.592494121695,225.146950092824,283.910279236865,234.732438902676,280.441414532244,229.395881469668,231.413835045185,218.099350299006,256.573170557972,179.176165886519
2178,2178,21770,0,0,10,0,0,0,0,0,0,0,0,0,0,0,0,0,316.607416728229,209.263834276258,261.373071750213,295.642927905928,241.846184714695,205.796051654137,264.281363430241,297.301820022995,279.333521921492,290.653189392294,258.451288256127,222.039812595796,198.934253997487,252.526662066676,229.715456943059,222.154729086133
2179,2179,21780,0,0,10,0,0,0,0,0,0,0,0,0,0,0,0,0,257.391545940607,235.521373747614,252.954545099232,212.814882134564,230.203319589817,254.824750540173,301.673903712838,265.607190222775,239.496533005929,286.017859327013,223.999919380273,178.865507543767,277.940385094497,216.81556019116,248.231628211118,294.629727225892
2180,2180,21790,0,0,10,0,0,0,0,0,0,0,0,0,0,0,0,0,250.319462805411,275.701722774971,234.974413454323,270.068783486054,178.673925039085,214.948217581897,283.382137677447,210.948479494726,221.775656683848,242.666164751296,269.397589516169,264.069665771166,257.190204953773,271.367984386954,245.666620084426,263.065434458669
2181,2181,21800,0,0,10,0,0,0,0,0,0,0,0,0,0,0,0,0,283.159595342862,218.798327152753,223.888497138444,249.836695722689,242.865969664664,201.739945886562,296.086336006707,272.282556924645,233.837940556614,270.363315741928,282.384167656178,276.512925477162,291.199047008645,241.402757726692,210.12472893545,227.578256504299
2182,2182,21810,0,0,10,0,0,0,0,0,0,0,0,0,0,0,0,0,219.317233276916,256.100386155957,237.01692400639,267.015492023896,230.950472918987,258.471587072722,312.837231532096,250.045022868386,186.624215604549,271.606627170218,203.123100305944,247.646789219312,240.670532027714,215.607731513357,269.78600383543,243.389256194824
2183,2183,21820,0,0,10,0,0,0,0,0,0,0,0,0,0,0,0,0,242.529092952077,289.481144817702,254.463737309935,241.420263588058,235.599220881242,219.546560597898,319.490876124835,247.173141412126,270.605238357538,306.467730828276,308.307758327886,259.240940863186,238.477950595068,226.525663267475,264.633016943879,300.843891327943
2184,2184,21830,0,0,10,0,0,0,0,0,0,0,0,0,0,0,0,0,261.701197349459,238.486205914449,292.974059856025,281.309017175318,287.515567779489,299.84069656814,309.889164034637,263.76402764297,192.270535954418,251.796959214176,282.535345922166,244.830663174507,195.403807519754,186.291917215761,292.54699364721,245.807891093463
2185,2185,21840,0,0,10,0,0,0,0,0,0,0,0,0,0,0,0,0,242.818358223081,265.040473317204,217.488574024647,221.278132014156,251.205594359301,265.796196526836,340.736545943817,245.496061708966,269.72557425876,230.419770135826,272.522542081242,330.417660506099,285.350167345197,199.139419550328,250.445895949228,269.823780567742
2186,2186,21850,0,0,10,0,0,0,0,0,0,0,0,0,0,0,0,0,238.656230497198,208.78065134188,307.964451033537,290.889154695893,254.292275275901,245.920853477856,371.191968426942,255.992556713025,263.91211823472,239.277296231287,257.847836127212,265.371764464644,255.21757097479,215.108895243674,269.822358146058,299.809443135833
2187,2187,21860,0,0,10,0,0,0,0,0,0,0,0,0,0,0,0,0,187.827839360322,238.4209083073,240.224465817268,247.055772069226,341.402955392747,273.438206239881,339.664948920483,207.439952300891,257.996240905751,244.731325544873,328.104133524292,243.887728490607,304.821128768623,319.195963843792,225.726351576333,216.949346278845
2188,2188,21870,0,0,10,0,0,0,0,0,0,0,0,0,0,0,0,0,276.698755523664,213.1059951502,169.636947915012,309.465634191457,291.775440164611,311.41657616317,382.327145699891,229.288588464931,260.593125316308,256.453060093496,255.919701348222,232.03947176118,274.09086245822,211.186914842199,260.508866616644,274.508142665289
2189,2189,21880,0,0,10,0,0,0,0,0,0,0,0,0,0,0,0,0,217.008255822498,265.138311727571,226.634857991922,237.456416280165,275.52908782476,211.64380791196,339.243021846383,215.286262350784,315.556468751691,253.209825582467,174.497291485688,293.145544472073,249.751855846094,257.06478039469,219.288613936001,275.260260381609
2190,2190,21890,0,0,10,0,0,0,0,0,0,0,0,0,0,0,0,0,170.802892110596,329.681334242049,230.984387987707,298.422838754583,292.25872947347,246.655571833145,365.865905675278,276.230550163154,273.718620428362,208.894001150448,254.373719359231,293.041120134926,193.313701177283,238.569378505865,242.903752348761,289.456539277655
2191,2191,21900,0,0,0,0,0,0,0,0,0,0,0,0,0,0,0,0,238.528012478827,200.972597092427,278.583140595756,272.158959337294,200.0298188333,212.091738813983,359.341588738033,242.318446475116,263.863762666055,228.505496245581,288.280334629604,258.699427117605,229.555766346095,199.437808641214,312.922152990808,268.720735245201
2192,2192,21910,0,0,0,0,0,0,0,0,0,0,0,0,0,0,0,0,239.42891004201,249.036073626695,181.258787714458,288.436305888261,259.229084262317,243.55282651298,377.17231451103,242.908181971421,296.290336907573,250.173652566684,264.68253284669,264.443060133644,239.610377202252,188.257316882746,224.342524784367,227.455967964696
2193,2193,21920,0,0,0,0,0,0,0,0,0,0,0,0,0,0,0,0,208.539546561156,176.154649207192,281.638454656697,294.716943925473,227.920300440994,286.347098483857,381.362975839719,233.396662933762,236.756634988987,221.448202849801,261.731901650387,248.230838261697,246.074620665909,249.90299684293,229.351669843055,264.594369920042
2194,2194,21930,0,0,0,0,0,0,0,0,0,0,0,0,0,0,0,0,201.96482497425,201.849404232003,301.951279433877,248.14533898834,255.35521918531,263.810547513249,357.20671819728,240.16494209245,265.697568331137,281.517063076851,194.132882917606,235.08034913204,216.425099119626,278.278031122175,246.301740078206,259.379418199952
2195,2195,21940,0,0,0,0,0,0,0,0,0,0,0,0,0,0,0,0,253.674655662752,263.890836899983,223.387119603552,203.850496923621,219.915400268803,268.638744681834,365.695218637352,237.478206888169,201.235910342285,324.827589596445,259.294347821657,207.119415607822,270.774755252425,235.202469455887,211.797887958948,285.907626829864
2196,2196,21950,0,0,10,0,0,0,0,0,0,0,0,0,0,0,0,0,312.033407894643,268.151323182096,252.61103583862,211.255431231098,254.582179469159,341.738040442828,381.342478397069,242.15692662718,251.127028084836,249.167840452464,191.169540222065,256.698254770719,276.937095469652,179.233701600975,300.379074853473,241.821694847877
2197,2197,21960,0,0,10,0,0,0,0,0,0,0,0,0,0,0,0,0,216.063237611427,223.39652812973,263.659123906836,279.617986195889,249.614857751258,238.379491353006,340.835316349571,287.382399291196,298.947505676679,303.813794455174,275.614569769659,240.314519127694,265.915704747575,254.967224290808,261.615155333399,312.095858149498
2198,2198,21970,0,0,10,0,0,0,0,0,0,0,0,0,0,0,0,0,248.290917290621,221.268963144281,274.375478689972,247.830298233527,222.176366855561,199.184543722661,356.753403539559,221.57061355845,331.528821580856,210.249518417381,231.988718977859,248.323427916672,285.480092703191,258.247633403651,264.731866665855,271.48217263595
2199,2199,21980,0,0,10,0,0,0,0,0,0,0,0,0,0,0,0,0,268.606206262759,219.387089461903,292.825090123832,267.565551686233,248.091835946986,291.536586980472,357.812284113461,159.814245856606,194.325533716034,223.873579805295,211.356315901453,243.030831737262,272.870958253771,221.24297410963,235.3704155496,244.460031108742
2200,2200,21990,0,0,10,0,0,0,0,0,0,0,0,0,0,0,0,0,278.812582784861,242.991378181607,146.505329656525,228.969202413568,195.617823214579,235.053490771028,345.201461819419,246.83088955342,238.935975536762,276.812689816434,250.825925077572,238.010575073932,191.620378967165,232.648035564263,223.444646986903,255.591286917571
2201,2201,22000,0,0,10,0,0,0,0,0,0,0,0,0,0,0,0,0,194.768045091112,278.150734078217,194.197390449513,265.496072587621,273.954127795923,256.906779314175,350.630895576835,299.20294589746,278.662333954182,264.190657758591,232.869545413105,265.343415234128,250.07662473606,282.380378162784,297.834105274077,247.938307614559
2202,2202,22010,0,0,10,0,0,0,0,0,0,0,0,0,0,0,0,0,292.645811418638,181.581817776578,218.469269160935,204.205498477569,317.683957273391,278.430904156438,351.04783661325,295.597940592764,141.260632429591,184.354455159627,225.752462824146,276.063933308613,244.568955522999,235.225275822283,261.736070631838,285.072858622378
2203,2203,22020,0,0,10,0,0,0,0,0,0,0,0,0,0,0,0,0,263.828680845791,267.622810606594,342.806794693333,323.446498903146,265.398651225843,218.616282877537,374.947539520178,277.674299479003,220.784921747895,269.157299228475,217.13449542839,239.643200442735,248.306970726272,213.463356041688,381.820705946172,276.779864490007
2204,2204,22030,0,0,10,0,0,0,0,0,0,0,0,0,0,0,0,0,246.550529815387,256.314280041163,256.388806641541,279.36699901089,299.520452852345,226.759655074205,351.681803128809,246.43626846733,175.65967777585,261.098312331028,266.52237385178,270.357466037673,270.319887703227,293.304717063554,323.627766781384,232.904393007369
2205,2205,22040,0,0,10,0,0,0,0,0,0,0,0,0,0,0,0,0,237.337184713913,270.694898649916,184.160238891221,225.960518520325,235.429408584497,191.365071608246,365.888062697351,254.854189405518,270.062685122455,261.041630011356,246.430531056345,198.891841708611,208.461048732287,256.413330551462,188.831180041565,218.142170851017
2206,2206,22050,0,0,10,0,0,0,0,0,0,0,0,0,0,0,0,0,255.354667643637,259.056648158666,277.950651491674,294.91273667445,270.499791734468,228.039308777336,368.470530916762,278.763070138479,297.163757273716,206.390813222594,235.286242847985,237.54971576066,277.539757017536,244.058873266979,263.709033001126,226.689447703667
2207,2207,22060,0,0,10,0,0,0,0,0,0,0,0,0,0,0,0,0,217.935188095852,248.294310405713,218.529885253073,248.918690064194,203.272268039153,236.25706318687,385.291213473894,180.122511965512,245.444333730118,222.880421819938,236.165255857107,155.321107095042,288.491108912511,272.845970201535,213.887855977105,259.60789660568
2208,2208,22070,0,0,10,0,0,0,0,0,0,0,0,0,0,0,0,0,281.697711417272,235.780690800122,239.0522800074,245.99210745801,276.712596276104,275.302434695517,399.922848915726,229.087559352808,288.482162407217,219.25010609906,247.696012313968,283.821543544987,244.552005513661,204.428065131779,222.741533776452,214.303793462468
2209,2209,22080,0,0,10,0,0,0,0,0,0,0,0,0,0,0,0,0,201.662051892563,203.346664789741,284.675938798378,251.276589614275,241.300552888581,259.069700281772,401.342598139285,291.921021058159,195.304580880376,246.312014653022,240.923199753231,199.468133415841,246.218195010619,208.94576056225,301.012431184695,206.176428400489
2210,2210,22090,0,0,10,0,0,0,0,0,0,0,0,0,0,0,0,0,207.659445500595,248.56226883997,322.939189748394,202.986539601456,229.432175775774,293.236809676221,395.605041362833,226.925636199368,192.418829138572,217.152475011606,259.553867215002,312.227700879376,245.768251970353,209.711361864052,271.71838168301,319.543455747529
2211,2211,22100,0,0,10,0,0,0,0,0,0,0,0,0,0,0,0,0,202.690916828928,264.2894342519,261.811373097789,218.509201373633,244.666899235783,176.859684881371,403.769303760397,278.209853963873,248.69040363179,205.779927956964,314.828746510969,181.524366780165,190.595213552541,228.500561366803,267.888968392332,272.391129995526
2212,2212,22110,0,0,10,0,0,0,0,0,0,0,0,0,0,0,0,0,212.29364037359,279.637604118514,241.343897727541,226.515563015121,245.193646798639,309.145032651,387.645424286548,194.452395083077,268.105240468111,209.898939298782,236.318988595434,260.436725795546,228.362543873049,307.426386039176,223.68469139324,252.118889646307
2213,2213,22120,0,0,10,0,0,0,0,0,0,0,0,0,0,0,0,0,260.083035821636,303.807225216755,250.381318478252,227.445047207179,271.676648759046,230.494682722537,398.452863370769,255.017874563464,260.705796685149,198.787038435815,255.265122321391,272.680930103968,216.959136720043,292.917692062856,233.176354822283,285.498628068834
2214,2214,22130,0,0,10,0,0,0,0,0,0,0,0,0,0,0,0,0,258.457135675558,283.936796273022,262.193765121436,165.352869328108,282.443435267098,265.253564634896,396.271962655448,293.308031795414,234.909769310115,292.641207315548,288.227220705613,235.985445638881,299.978491890061,258.435880595771,217.392335753436,236.12045551425
2215,2215,22140,0,0,10,0,0,0,0,0,0,0,0,0,0,0,0,0,313.83511481815,294.639840141324,285.602276664012,315.869794444751,260.089242171195,224.910039252013,392.006627291933,267.987564303491,238.638603781576,257.775664621319,249.090251113544,270.400060330913,300.533245904099,220.463727510773,283.007930720903,234.410461252636
2216,2216,22150,0,0,0,0,0,0,0,0,0,0,0,0,0,0,0,0,260.266931549156,240.126625011729,232.201078460897,282.770331088402,185.568185192822,318.774819020268,415.040745735755,257.099350278998,286.240052930892,193.596285582267,158.319388168433,292.54584423698,232.633031839504,219.728586572579,198.374908569809,236.573090042395
2217,2217,22160,0,0,0,0,0,0,0,0,0,0,0,0,0,0,0,0,254.366121140654,326.21310554571,299.321802184461,286.559306340134,296.912641094264,270.037582749483,389.665841892515,265.419692361482,277.234379240575,227.318096064821,235.815096234614,309.876406156517,226.617742337001,225.59269850363,236.242916898914,212.315295412082
2218,2218,22170,0,0,0,0,0,0,0,0,0,0,0,0,0,0,0,0,188.782512465993,203.686357353433,310.402963594598,272.993468165417,183.685855713605,238.544829496101,405.416848685323,248.860272823567,283.535127493118,189.53024992621,254.393951032372,245.428630230851,263.739860126729,278.973788043015,253.753354507872,246.558060550394
2219,2219,22180,0,0,0,0,0,0,0,0,0,0,0,0,0,0,0,0,269.989929043404,259.655059325107,236.166745130573,262.255703555087,284.452148640955,298.365987008651,375.873507773518,245.725804501454,248.411582698033,219.017300868846,268.149641969961,203.656579751352,275.593948744062,300.596954200557,273.185687339361,249.304515077174
2220,2220,22190,0,0,0,0,0,0,0,0,0,0,0,0,0,0,0,0,246.658913317495,221.370528999023,306.695295864629,279.872078362256,245.596873637234,233.468568222992,370.874883970918,255.668555456361,231.257587168462,309.729635977924,251.944038690076,237.157999550308,261.587886100462,265.013057318991,258.895166563779,253.295128227444
2221,2221,22200,0,0,0,0,0,0,0,0,0,0,0,0,0,0,0,0,197.23078916832,237.655201531101,262.274800897866,251.068954912302,242.759804429143,239.084867165107,380.769629652648,279.067554895652,211.936988796628,274.304416069611,232.512759289191,292.851450949042,261.486165500483,290.554689457103,236.974275594425,252.622246533663
2222,2222,22210,0,0,0,0,0,0,0,0,0,0,0,0,0,0,0,0,239.28810968349,249.619564446767,233.126935297165,226.109938030455,283.02780733375,312.80611541294,360.441282957522,305.148903665973,263.967259346982,197.852346464979,253.731161214344,207.645867254665,167.770688192397,260.010887562924,268.696688684483,233.60130451963
2223,2223,22220,0,0,0,0,0,0,0,0,0,0,0,0,0,0,0,0,234.538585814915,258.246780829159,271.687657161704,185.776120381562,335.11305655817,217.825129576805,346.161292140888,277.27790687008,228.774724679131,250.799508658184,348.978953431636,260.919314876836,235.367776192441,280.955208441124,244.245248694263,238.225743787664
2224,2224,22230,0,0,0,0,0,0,0,0,0,0,0,0,0,0,0,0,198.012992668671,295.095312990924,218.265967549788,308.571842524762,281.768734246356,205.965196808839,333.79700388006,219.028557716388,278.756205330554,238.964552374193,228.613676602889,306.74657150259,305.946281166904,267.20803425895,233.896549343338,223.493488723104
2225,2225,22240,0,0,0,0,0,0,0,0,0,0,0,0,0,0,0,0,238.708627336685,242.657987257903,186.680648964312,282.337504991787,179.616704956581,250.491162508788,343.419490538349,228.439454422404,173.024672421741,273.099890774489,293.659587876807,216.910801732231,254.373978155744,243.299174533244,225.044956813633,233.912774587982
2226,2226,22250,0,0,0,0,0,0,0,0,0,0,0,0,0,0,0,0,224.876903355203,298.409177203678,243.153390995619,258.015920805705,222.129541971235,291.115729427436,339.214158047677,250.957777772657,278.753138052005,242.835576488824,258.789842494252,236.238785269442,263.048834095441,262.254318408185,257.50276662738,274.04436164349
2227,2227,22260,0,0,0,0,0,0,0,0,0,0,0,0,0,0,0,0,222.40530488643,241.500242419988,271.771551268448,232.782661483078,202.797728858007,215.367187052042,321.823848090492,217.593530633184,244.534832740775,253.432784458215,241.829311200485,305.36912199216,319.392481282749,257.761469663315,202.043395111874,267.516105189521
2228,2228,22270,0,0,0,0,0,0,0,0,0,0,0,0,0,0,0,0,280.741918312286,259.276486550001,208.990505032985,206.210793190831,247.755636864766,220.627588500829,324.889433857229,311.00438078644,223.040254007758,216.352566923618,267.757758300058,228.106807908098,266.794842387318,177.513660904423,231.070398552685,261.690866485162
2229,2229,22280,0,0,0,0,0,0,0,0,0,0,0,0,0,0,0,0,228.357299826487,219.909322450556,320.959380123345,218.522555373791,190.468953460285,201.344856280872,316.724465052247,219.586618101649,222.942436440967,210.420712621927,191.031513299406,253.765690151833,159.254639067153,207.973498022868,266.814344012082,238.585182919888
2230,2230,22290,0,0,0,0,0,0,0,0,0,0,0,0,0,0,0,0,290.998633545502,205.086856294274,285.687708405913,241.318183877659,257.581193566207,301.262881404728,300.700658800743,231.108134516963,231.038222929623,283.225835787118,238.186239300611,235.201134742969,191.892323986731,200.705055581793,280.468309387884,221.479862938952
2231,2231,22300,0,0,0,0,0,0,0,0,0,0,0,0,0,0,0,0,267.534482110516,202.10904253528,251.294147943514,220.900680722707,274.60500288966,240.745289461565,271.373887451514,250.878244868773,275.102062315548,221.791728414603,236.683178494853,255.939011380716,251.574218004708,279.839582456841,267.686601349957,273.018150448342
2232,2232,22310,0,0,0,0,0,0,0,0,0,0,0,0,0,0,0,0,267.155945977507,150.921151025583,235.950806947003,304.20289371933,230.351361775768,283.297240636798,296.926274825573,278.775727399305,308.782529516929,233.310524620515,249.270686059458,234.646941864318,279.619324985419,294.951419654923,342.140129262116,253.049781262189
2233,2233,22320,0,0,0,0,0,0,0,0,0,0,0,0,0,0,0,0,273.990552701946,185.458674296838,282.02786232423,179.23433417341,213.603717769397,283.486532560538,295.743449809108,272.178083327507,235.238042633941,183.504878025157,247.537221263695,199.628942495962,316.336386018498,192.488588260195,240.597675413249,220.282111965304
2234,2234,22330,0,0,0,0,0,0,0,0,0,0,0,0,0,0,0,0,193.155928549898,235.565156422802,234.1534202535,151.217784691802,180.125362046603,217.786061132146,301.588773515756,238.268002957258,293.947388741172,239.080179586858,232.95113511428,280.510354726144,247.168695947477,202.612678429251,259.163550130154,215.004293313735
2235,2235,22340,0,0,0,0,0,0,0,0,0,0,0,0,0,0,0,0,277.738154518622,254.757755998401,245.056466779839,239.512708028097,243.281585055624,221.332636786112,251.977658606485,244.85650007631,187.464393254724,243.367175626728,233.014604506537,293.140917687315,260.213454700395,258.915157928353,208.016701437056,254.94493038799
2236,2236,22350,0,0,10,0,0,0,0,0,0,0,0,0,0,0,0,0,303.859240246409,200.652033769682,258.686805763708,243.785658704953,147.664536376864,233.708772305564,283.198268843981,227.763849598718,276.525632002199,242.48334791836,234.726676166521,243.594917008882,228.895867894886,292.998273661476,274.661134075829,303.940914558499
2237,2237,22360,0,0,10,0,0,0,0,0,0,0,0,0,0,0,0,0,221.997389030952,222.652046527985,202.083305877372,156.519914821329,260.940735599378,144.315232555959,265.193103386349,240.841213597909,284.72075793117,212.984414032195,257.487554142227,302.167118369436,247.598019426568,238.346557252501,185.538066460047,251.318018714878
2238,2238,22370,0,0,10,0,0,0,0,0,0,0,0,0,0,0,0,0,225.487670323343,247.38124863512,203.661791046324,206.406819203262,226.897244787367,326.711363579653,269.375751896047,246.592159747958,298.398644570914,234.22403953961,231.09284328233,270.088901445268,275.346301362432,209.401808670349,213.811440072118,221.076492746742
2239,2239,22380,0,0,10,0,0,0,0,0,0,0,0,0,0,0,0,0,308.618593084906,269.741143717494,238.461553349797,231.566868373719,256.632293616548,244.911010095912,294.40775698767,213.199675734855,213.464748021243,221.428416283215,230.819079149556,255.74642572018,243.152978403932,197.240138427542,299.126697825465,302.846267196364
2240,2240,22390,0,0,10,0,0,0,0,0,0,0,0,0,0,0,0,0,219.601704623434,232.658114954881,272.201302001922,202.27769745106,341.683410251368,215.58784147259,284.450795102728,273.557841162592,273.732851514442,220.613554133335,257.783347504994,236.38025769117,249.756591212934,214.455548997084,277.154869214101,217.375721466197
2241,2241,22400,0,0,10,0,0,0,0,0,0,0,0,0,0,0,0,0,190.859505463238,212.705957525107,290.542541885453,202.578215234683,262.687032636117,320.75735720608,297.560374587038,349.969103818878,232.440773244294,243.532877102945,269.122815992754,267.968482276339,267.333224829341,227.617435355675,205.964710081353,290.898238515132
2242,2242,22410,0,0,10,0,0,0,0,0,0,0,0,0,0,0,0,0,300.681658559524,270.854226325989,246.760679064105,291.050385625257,313.890628505391,222.960977208966,289.692815660972,215.995612572439,242.370874893048,238.472608823451,281.54294368416,256.450976985888,245.267580019626,263.769019119607,278.586326628417,219.444629271973
2243,2243,22420,0,0,10,0,0,0,0,0,0,0,0,0,0,0,0,0,292.386558030536,281.378792004465,184.161883533679,201.410807658492,340.592822716069,255.153312982438,303.371892656866,303.657830650149,301.935754703801,289.154341168041,288.42911329704,234.957713007643,169.07970576268,263.719620577152,230.86789084725,312.287215717617
2244,2244,22430,0,0,10,0,0,0,0,0,0,0,0,0,0,0,0,0,267.641923686717,217.277783873738,256.113638032256,256.425780435794,278.14127352715,291.988202901298,328.162081492531,249.572774720069,211.305710542777,246.77715960728,254.086401232553,218.412925864883,297.836190836128,246.668657730011,233.729795296797,245.621616377513
2245,2245,22440,0,0,10,0,0,0,0,0,0,0,0,0,0,0,0,0,307.18462245368,272.656295698704,218.40611391192,152.59808270636,263.615499337139,235.256181782907,345.023463379687,338.388694208459,202.341287835931,210.579813770931,245.18161301351,232.982859445812,286.274830495806,321.541081588921,221.853407820081,313.437811931165
2246,2246,22450,0,0,10,0,0,0,0,0,0,0,0,0,0,0,0,0,308.027861111139,247.848829887217,212.382364414008,257.227699100146,164.495541075774,287.788864018133,336.737335488918,224.589362223178,223.740149842704,218.643059001608,217.536242314971,237.685601638123,237.020137780782,228.459321034751,294.018320529082,219.558835953272
2247,2247,22460,0,0,10,0,0,0,0,0,0,0,0,0,0,0,0,0,308.708248735893,276.776282136903,271.874683564987,257.832264382681,226.551679283956,260.078026002405,335.397069945353,324.744582221645,257.239917312837,245.835583839347,257.557609676204,279.629145844121,231.958790646406,193.213712280804,266.745478310481,287.807011357686
2248,2248,22470,0,0,10,0,0,0,0,0,0,0,0,0,0,0,0,0,309.564392539897,242.21752753999,266.016388980691,226.410594317664,243.932027035019,204.178720576622,349.286453071347,312.608950703168,297.711785904737,253.474375976754,315.083963227536,257.415068849527,312.799659464627,296.221810988921,240.655350645332,251.665925526927
2249,2249,22480,0,0,10,0,0,0,0,0,0,0,0,0,0,0,0,0,251.959595371018,168.8560456395,293.480457339612,226.583956646698,246.76160390275,233.788210938003,401.523110661013,198.335428251173,241.429332168985,252.942625193538,281.340071123045,277.498450852821,203.813437349148,258.82207953573,277.909987617114,271.017721941063
2250,2250,22490,0,0,10,0,0,0,0,0,0,0,0,0,0,0,0,0,197.612017857606,261.678139441467,191.731742623543,180.627113443669,262.827203302785,240.812144970443,369.283492491424,218.530238139732,266.088155471783,248.853105165487,230.936379797054,256.109681179052,291.987622113163,201.703777746159,283.503444395291,219.402582392352
2251,2251,22500,0,0,10,0,0,0,0,0,0,0,0,0,0,0,0,0,196.753256753694,222.832930365141,317.301583721508,221.5548152453,238.350756452555,276.090644425934,375.434491707387,246.585948585602,267.226526596189,217.065547470339,191.947705214321,303.64883656109,268.418541188677,254.691270846611,265.895005895477,264.405599072298
2252,2252,22510,0,0,10,0,0,0,0,0,0,0,0,0,0,0,0,0,301.225424684982,294.546862585226,298.853514862672,246.129626269354,185.423021466231,210.439372062931,388.018412202336,281.228844287373,296.77203252619,249.208609917772,238.201819106412,232.216191260856,258.649922468976,231.364315485605,321.800899687089,329.500289310797
2253,2253,22520,0,0,10,0,0,0,0,0,0,0,0,0,0,0,0,0,256.23454943746,276.234863563201,182.56647364858,225.327228102972,214.397747415461,237.816482895812,383.094760294711,202.578932106693,228.681834443541,196.815589781548,245.754433865449,220.197638683435,298.625014393019,220.459529675704,200.909981279927,231.446954560674
2254,2254,22530,0,0,10,0,0,0,0,0,0,0,0,0,0,0,0,0,280.161977618353,248.512951263159,214.842154914976,220.338100089251,248.962357854841,307.803512032228,369.095916631845,271.13127318407,296.055595542958,323.651409677965,290.066911293289,267.010563614943,283.53901564396,236.847660636699,279.434175529874,268.559099844415
2255,2255,22540,0,0,10,0,0,0,0,0,0,0,0,0,0,0,0,0,285.177645510942,312.762470406847,245.620607787534,311.314147439217,219.819296505457,264.155945450055,379.175425059976,261.351451662594,224.120541473265,217.76128927221,283.739194800331,246.036696514665,242.957222660349,244.111221503415,239.131809013247,240.872415274292
2256,2256,22550,0,0,10,0,0,0,0,0,0,0,0,0,0,0,0,0,245.90732326483,237.383787748379,236.383083411433,321.37856443631,204.567889224726,194.996474311059,373.340532633828,237.802528478316,269.513841175965,250.169194254269,249.15299379869,222.859687370635,264.452335107568,263.841963945169,256.780666543681,194.382908503395
2257,2257,22560,0,0,10,0,0,0,0,0,0,0,0,0,0,0,0,0,283.066018084031,265.626194882768,300.696023698213,239.361452880949,275.732490550021,244.98284534119,401.749167853964,330.938155261029,259.988384310141,279.967671015857,266.603383412773,144.836226307219,299.226737710931,264.798371672857,311.547186277778,201.027727875042
2258,2258,22570,0,0,10,0,0,0,0,0,0,0,0,0,0,0,0,0,209.263655741596,272.697270925705,207.454616564339,244.268211384824,237.534606396885,252.508499587172,379.488153589696,220.939720565367,256.130205934269,192.94241146426,180.060306578104,268.089709581154,235.554542713281,216.615685476284,241.017974908564,232.154823360088
2259,2259,22580,0,0,10,0,0,0,0,0,0,0,0,0,0,0,0,0,251.030651893863,283.485741859612,252.751789130902,287.876144356309,265.25431947067,314.786521085506,415.888140063078,304.837993675144,273.563188835844,275.219376164312,288.013262835272,260.908054408383,223.089345337141,247.095226719952,278.345646232938,268.145606243954
2260,2260,22590,0,0,10,0,0,0,0,0,0,0,0,0,0,0,0,0,182.50125529263,222.80246531931,237.067019632683,285.404894101276,287.935583225385,260.090731845683,407.168152478274,225.536791847039,167.321320435499,273.787705419396,299.143565266086,230.525789578455,215.626008571651,221.073928855,205.175541603417,197.068276994442
2261,2261,22600,0,0,10,0,0,0,0,0,0,0,0,0,0,0,0,0,236.012313049793,282.025211575919,288.020619561555,304.62079721893,195.962094646657,240.403527828583,415.0392582559,272.574949335542,290.512190729787,242.057842800264,231.39683205845,240.697160756888,323.763789385088,279.858160657091,251.516461889801,261.704783456015
2262,2262,22610,0,0,10,0,0,0,0,0,0,0,0,0,0,0,0,0,279.752990425409,223.298928141318,260.287155923317,302.525281204638,239.643792485262,255.624481130998,392.586879236021,214.920185508247,288.668944076747,276.758968451021,228.514616918717,193.655845028299,247.975109036582,223.517762239534,249.200842799825,224.507068800657
2263,2263,22620,0,0,10,0,0,0,0,0,0,0,0,0,0,0,0,0,293.927677778398,287.120157334106,221.874567860884,249.095896401481,280.504278522114,308.729596708368,397.119012305222,258.710306477741,172.981640653198,239.475287528353,275.743943357155,216.547644401,273.080493833306,260.842193868587,277.12038871791,143.531629606472
2264,2264,22630,0,0,10,0,0,0,0,0,0,0,0,0,0,0,0,0,208.296593099901,290.079946995525,180.334631511903,252.806109319352,239.176515231439,279.799441043277,410.801740789843,158.190494893517,242.001278202108,272.141209012593,155.829626632177,255.631966947043,188.277449530175,238.479346201301,222.601891031234,321.549489064914
2265,2265,22640,0,0,10,0,0,0,0,0,0,0,0,0,0,0,0,0,306.668818857402,286.420864797762,222.592510295336,295.615292347307,207.968570556127,236.453326475382,398.619411732852,258.370035837276,249.978016951558,349.727032090918,265.974839982925,271.634353603115,255.672333780385,242.017766329342,284.276333197959,321.35863509021
2266,2266,22650,0,0,10,0,0,0,0,0,0,0,0,0,0,0,0,0,292.78403993906,259.652519992446,235.955958952659,257.715518558041,257.472866215407,272.931516072667,404.193200504203,245.463352474532,289.704220725862,253.006529107061,193.390303086083,282.497626621086,228.481357423984,261.696407063188,251.484994202191,305.421872345341
2267,2267,22660,0,0,10,0,0,0,0,0,0,0,0,0,0,0,0,0,219.354841562094,179.539518809767,223.868974248905,315.444231608413,227.055853842104,247.915851711022,411.749713832719,316.436131648955,265.685897279223,202.779811999669,272.245605462114,214.147324749028,271.536846699273,280.660976861367,265.222595169918,274.546497790992
2268,2268,22670,0,0,10,0,0,0,0,0,0,0,0,0,0,0,0,0,231.406121269774,243.636888591627,261.9558325672,197.464834272622,266.09800622128,219.694262633628,409.971146581443,357.426443846696,222.625097139559,219.621611333503,238.569380725725,197.774069512211,248.958923028131,211.011816379919,270.13934904324,228.130459488418
2269,2269,22680,0,0,10,0,0,0,0,0,0,0,0,0,0,0,0,0,185.923189667994,201.474317687932,255.331828670257,234.485700652824,271.454488788119,235.983947050961,429.204635863201,261.381204308676,253.027731433665,328.086732265386,298.774894922361,279.005384345593,194.954193897449,263.038451539842,267.882328862154,257.071845702227
2270,2270,22690,0,0,10,0,0,0,0,0,0,0,0,0,0,0,0,0,198.806637417373,292.506705388057,247.129885851554,202.861431804514,191.492150589274,262.625237475289,418.618441000865,263.070209203596,243.162539282699,286.75637477165,194.495518981743,245.960026517511,263.486337432024,230.400705272877,296.042818864963,277.42063296407
2271,2271,22700,0,0,10,0,0,0,0,0,0,0,0,0,0,0,0,0,234.667322160988,168.194248419032,215.379381565132,242.888973681488,246.333069333373,192.759151841518,421.875870134229,140.801291889554,208.463147640813,250.03532332859,242.184485728646,233.839669370157,183.768981368176,216.753559671323,242.207041367479,225.297939857012
2272,2272,22710,0,0,10,0,0,0,0,0,0,0,0,0,0,0,0,0,284.930799284684,250.001922749603,272.695218179098,262.262997130188,293.682851543854,314.258043815753,422.644564777996,213.545278838993,300.725847903893,244.109340731385,306.631591271084,279.120983875398,263.971813812177,244.458098854952,195.837410936158,238.356385747487
2273,2273,22720,0,0,10,0,0,0,0,0,0,0,0,0,0,0,0,0,235.60535997111,289.300474394753,276.178472026348,208.608005422854,174.264466830969,220.864741093789,412.120878022851,261.889044065163,200.461191158922,273.190259771098,298.452186112357,257.18260031067,231.012837783522,244.143317796957,249.991051311584,238.900838581039
2274,2274,22730,0,0,10,0,0,0,0,0,0,0,0,0,0,0,0,0,164.699894788483,301.849444122783,241.574719735284,199.060858652153,240.184450244297,224.887979595745,421.096629557843,253.045024974401,235.468534497191,202.230557850246,292.658793809052,249.076598039849,289.352111340931,195.101237922147,290.567960438307,348.908750390599
2275,2275,22740,0,0,10,0,0,0,0,0,0,0,0,0,0,0,0,0,251.441814819907,258.448350187468,235.901583120468,207.836973164623,239.196787397425,202.034634227054,422.84751231976,241.73121898167,218.818985816983,250.381771113433,265.070432198981,233.235639322511,254.822425499782,201.102391022856,201.269592045393,235.278049882955
2276,2276,22750,0,0,10,0,0,0,0,0,0,0,0,0,0,0,0,0,221.355229136388,258.70447103155,321.67440597488,302.79011721384,272.102739230404,220.570403341395,428.068514531246,224.632663828864,293.841679582708,247.169238188793,264.067975878111,272.091577111417,278.858367436367,239.783630213242,313.164612948259,275.386467643593
2277,2277,22760,0,0,10,0,0,0,0,0,0,0,0,0,0,0,0,0,322.542463406058,223.100116036098,212.617647805177,251.868966681816,297.625706512112,147.216421069015,403.817177112324,227.504394340963,257.301466157135,274.378763291607,227.167321496568,262.491895615595,248.98720829384,284.717240935422,322.043739882683,315.626577256801
2278,2278,22770,0,0,10,0,0,0,0,0,0,0,0,0,0,0,0,0,234.997047120206,239.952999993901,213.589686215389,259.009989067065,198.841560331166,293.182619735515,419.649558573543,323.056123666499,290.621404286533,246.673619172824,272.719128943154,222.72558417405,254.813302533925,230.11492790629,240.967815282569,221.533502613001
2279,2279,22780,0,0,10,0,0,0,0,0,0,0,0,0,0,0,0,0,231.447878869291,186.98292535282,283.555684272891,347.18334007632,257.78010524421,211.314390222572,422.852318162031,222.695754462694,222.45034272053,285.062606770047,240.064310277698,249.647273809105,267.495353338934,244.239395603338,271.986435578035,251.299612647299
2280,2280,22790,0,0,10,0,0,0,0,0,0,0,0,0,0,0,0,0,198.436248535844,224.87214775497,201.11588376499,243.065766099435,221.52585961958,264.417473023485,429.006707756528,255.631441318743,183.854759933705,271.08247210742,290.371142705888,267.476588936554,308.651316765745,258.681928576968,252.778003459026,217.915114422118
2281,2281,22800,0,0,0,0,0,0,0,0,0,0,0,0,0,0,0,0,299.336673751051,242.469710623194,219.055144588662,240.239615744205,288.351814171763,373.388693412581,416.875556570856,302.758626664616,253.223119170164,290.596914416985,270.32069596779,307.247090557309,260.250666087969,210.85229064406,220.541846323666,291.458823073222
2282,2282,22810,0,0,0,0,0,0,0,0,0,0,0,0,0,0,0,0,321.18765821346,201.124014212631,231.119098370549,182.531952504838,303.28432050396,237.610353288315,416.833143281963,273.077368069389,202.695810374603,265.643764655014,310.940461642413,272.52043444174,326.954541021663,338.340030918346,312.143190714345,219.365720344376
2283,2283,22820,0,0,0,0,0,0,0,0,0,0,0,0,0,0,0,0,292.754498866312,230.410653237325,202.952754873565,253.768569200779,220.167021297416,263.79547269556,399.933505059122,317.812503529302,160.665014246792,203.276995083222,183.13583944278,283.611456393132,262.339589143632,216.292784738033,241.247746352222,293.779704767648
2284,2284,22830,0,0,0,0,0,0,0,0,0,0,0,0,0,0,0,0,246.020447705838,211.266590100479,293.885861767122,268.571967801705,274.127135616607,206.488731844204,406.906456230401,229.152884519215,258.819541695625,254.594154388725,230.907322036402,273.936255762329,266.58402341528,246.184227806526,281.19335347528,289.811725819608
2285,2285,22840,0,0,0,0,0,0,0,0,0,0,0,0,0,0,0,0,216.703836992527,308.629490965837,203.266038060456,210.965156604147,222.853688016292,183.373025993071,409.035102412042,268.457128524001,222.03370416723,296.155497304867,249.02563807632,228.027561379342,228.643593340542,231.234648065669,229.877412595348,214.985342667081
2286,2286,22850,0,0,0,0,0,0,0,0,0,0,0,0,0,0,0,0,294.192222664129,217.463659742137,229.266320759562,327.53714068999,296.71503995876,269.802194618786,385.694622952742,202.913125605505,308.840825166684,266.796973368957,199.445994293445,263.239596055623,310.869434217421,284.531289217668,290.550796009085,249.546592548389
2287,2287,22860,0,0,0,0,0,0,0,0,0,0,0,0,0,0,0,0,211.624647282288,288.211824260096,220.879920375655,239.791442371834,250.098718559852,241.301715666409,394.119969453193,272.012212709192,232.455369606919,240.170655996728,232.556042483234,231.296792830877,269.787666251555,261.773962776395,282.435033722274,210.304253971591
2288,2288,22870,0,0,0,0,0,0,0,0,0,0,0,0,0,0,0,0,217.178940660896,276.058903624204,207.035186502024,232.853619429197,237.952708160335,217.183825024831,351.816511128888,234.927112180505,276.084376459616,192.077088303349,252.273665353482,240.042457181223,331.2106586422,194.295951434336,257.429883718316,229.258561956947
2289,2289,22880,0,0,0,0,0,0,0,0,0,0,0,0,0,0,0,0,203.891999988406,288.475040476367,282.013535130584,260.41880432442,250.324951204305,286.105413780414,348.849196553942,250.12219579161,241.079684490618,162.843731835668,228.13135283358,305.681319709148,263.254787203518,242.446789879857,271.000317636969,276.671929803277
2290,2290,22890,0,0,0,0,0,0,0,0,0,0,0,0,0,0,0,0,252.22548304832,284.417719091391,247.048805172813,208.55945452334,229.989722686466,220.376939225777,314.835665252035,286.173897767062,316.704329196952,259.782140956585,209.597487583912,253.803241501155,281.758203661176,287.615572699646,205.342572754956,301.494667258639
2291,2291,22900,0,0,0,0,0,0,0,0,0,0,0,0,0,0,0,0,278.538264103021,323.031869529487,295.292620019855,245.19853686622,254.583837546866,266.634864889844,311.526002419546,263.058487727606,229.584968181111,299.784465322738,226.914435625451,222.167207725459,253.475258935056,240.809993142138,157.298677761446,305.970325083465
2292,2292,22910,0,0,0,0,0,0,0,0,0,0,0,0,0,0,0,0,198.665846451512,261.348814839322,308.629465855211,167.113429781827,223.150256260768,241.650680963892,342.623157283906,208.302163347266,318.350216803713,267.641596303439,285.016359156607,257.129846818443,240.685730317981,238.00093174578,260.713127060448,274.562043737597
2293,2293,22920,0,0,0,0,0,0,0,0,0,0,0,0,0,0,0,0,180.69094686017,252.440210078119,276.908123596791,275.723054240673,224.861503269567,255.568352543052,312.20139889856,231.269594158314,199.704781994152,304.282239740758,174.021352889132,276.925474958224,258.153098355722,275.816132374765,212.388637195953,231.193139955293
2294,2294,22930,0,0,0,0,0,0,0,0,0,0,0,0,0,0,0,0,289.937982752397,232.905385258654,254.438935153353,251.832923738811,258.577334105686,230.43387525053,289.703485013317,272.744456007516,233.561090306784,254.928638156254,242.18567764658,257.147873504101,256.972383677723,259.683712283829,265.784300572513,216.601987758904
2295,2295,22940,0,0,0,0,0,0,0,0,0,0,0,0,0,0,0,0,277.497074780492,249.669192460414,239.045132509959,255.303482109369,252.491201277156,265.421814510662,314.667479820396,226.721919934014,248.200190027662,239.292031560478,258.218662129064,253.557353168534,225.284988107494,284.983072179996,220.100027311144,288.836077451126
2296,2296,22950,0,0,0,0,0,0,0,0,0,0,0,0,0,0,0,0,260.151514211155,247.741300257665,203.052803183778,239.539699472844,301.294701304215,293.406774457435,292.985393241257,310.677618152805,239.212980150528,245.013656798714,265.406230806393,283.701667215799,262.203128686602,251.544232606465,286.079407662739,254.436541471361
2297,2297,22960,0,0,0,0,0,0,0,0,0,0,0,0,0,0,0,0,230.451611852499,205.215582953933,245.995547350284,252.702062282269,278.572127844376,235.26865789626,289.411194583765,257.638278093189,259.782114188845,224.20826844621,279.148024810107,210.684369672799,252.634151377682,283.27182831859,282.57888882355,192.867738948776
2298,2298,22970,0,0,0,0,0,0,0,0,0,0,0,0,0,0,0,0,250.47333035314,267.731493266422,279.391363215216,265.502537177312,324.688630707486,219.004894392849,290.520783880779,261.259642890658,235.733129208836,305.001194765273,200.800627590259,164.438481911751,339.177801797095,261.756550603989,307.465356944062,252.994975296558
2299,2299,22980,0,0,0,0,0,0,0,0,0,0,0,0,0,0,0,0,318.377980755549,299.760704858442,285.245727605323,180.998025116351,260.73541894868,283.662987223021,295.58898361022,226.908338517586,225.25118087541,223.288422678657,294.75223403052,253.805940286152,247.41389763503,271.051767515653,271.381360543625,222.497255939178
2300,2300,22990,0,0,0,0,0,0,0,0,0,0,0,0,0,0,0,0,277.468687179163,194.577580606341,222.661646850148,232.679735639397,222.36796595053,312.770207345318,258.834765087035,315.140725808061,180.300651429118,309.149989575054,241.29442368295,242.196679334749,258.00210071963,247.98665832281,280.617771877708,253.734144212876
2301,2301,23000,0,0,0,0,0,0,0,0,0,0,0,0,0,0,0,0,266.617066627485,286.195845847492,291.519972609941,258.68997462318,225.09770846013,223.604404488482,285.116708538966,263.557383998593,261.261793210978,211.273881587558,226.708135239463,254.625484867175,287.987921351165,273.387513318866,275.117290205498,293.184025586063
2302,2302,23010,0,0,0,0,0,0,0,0,0,0,0,0,0,0,0,0,264.23146512171,259.064092865346,217.18982983413,292.675563051313,223.535113160192,291.333581361564,271.048186937212,240.813283066101,216.3922119994,262.523348110182,279.564974606099,300.803730331471,284.396444885603,225.388070698796,206.984399252426,258.364360811609
2303,2303,23020,0,0,0,0,0,0,0,0,0,0,0,0,0,0,0,0,282.210256224251,236.972118471428,222.595408698332,304.278361921517,227.283175114961,227.41429718466,266.753604814564,288.563120578098,201.959413613691,274.314178165242,333.774132138715,197.581947904197,255.302670627616,257.690844848542,240.288529008968,255.862344911593
2304,2304,23030,0,0,0,0,0,0,0,0,0,0,0,0,0,0,0,0,284.273333469064,255.939777740439,237.026331905946,261.201029303295,250.420042242008,219.171466532078,296.710997061003,227.847515401411,265.4393740233,271.367845882748,263.521617322748,264.174346607895,288.59797289055,146.294266327425,236.351761209608,278.282064503749
2305,2305,23040,0,0,0,0,0,0,0,0,0,0,0,0,0,0,0,0,274.851270505322,249.809828679176,291.303286387578,280.944782699729,251.74433234074,222.127561153933,265.974655235888,186.732089980821,228.23568994488,239.979982496697,311.64404825703,288.222215950269,280.192262832815,258.828565583093,244.1398344123,287.399430069643
2306,2306,23050,0,0,10,0,0,0,0,0,0,0,0,0,0,0,0,0,202.273795601352,304.173525721909,226.037048462814,278.009751508154,287.933114187651,252.782668029029,275.266981028862,198.093585918817,252.636403725581,294.192072383987,269.28143339039,365.063905842874,166.877842204609,275.59726364713,296.386407134345,284.521776073907
2307,2307,23060,0,0,10,0,0,0,0,0,0,0,0,0,0,0,0,0,310.372406082367,248.270399982272,256.077262359163,218.498627165875,233.44603967542,218.16263903239,246.420429707134,301.447008709472,245.570018741965,265.000669049904,224.363526878989,287.410676942651,260.411617739734,215.105009589542,250.2445240256,266.322238701602
2308,2308,23070,0,0,10,0,0,0,0,0,0,0,0,0,0,0,0,0,247.559259190635,214.249359246704,218.39118536719,235.68352919173,303.224023570711,313.892050012723,279.203324250467,266.261482295858,254.637579030189,289.699455656126,212.626038907674,267.657877416982,253.442513835979,263.197746938864,299.556883914689,285.88371275648
2309,2309,23080,0,0,10,0,0,0,0,0,0,0,0,0,0,0,0,0,212.198001813835,237.903912323489,252.502200390874,292.279665598045,266.298545959238,241.636304176626,259.269132069493,233.326799252443,208.760642144428,230.284805682338,274.167946734611,246.2925733818,279.69878981168,245.330914827754,281.423806160821,232.659101726696
2310,2310,23090,0,0,10,0,0,0,0,0,0,0,0,0,0,0,0,0,239.932382460078,210.467499492389,256.022716966168,281.071916390811,272.720592736341,231.45811390637,267.690416188665,202.8824145597,210.499458999932,285.21704283965,269.26250457318,312.076495280391,284.587522687249,247.704802196183,299.080082859371,237.466601933062
2311,2311,23100,0,0,10,0,0,0,0,0,0,0,0,0,0,0,0,0,197.568164841445,280.326532593261,237.798361228359,281.696549382451,269.140435321209,285.254437034797,292.511852740299,260.077663929823,259.405344299821,272.46721882943,242.993613545749,267.39127508776,226.490738066586,219.449848107225,296.947379265893,227.891987008478
2312,2312,23110,0,0,10,0,0,0,0,0,0,0,0,0,0,0,0,0,276.057274667574,177.174778025704,270.774039459707,279.045973946848,294.283523839605,240.070869222299,310.490163982081,290.030262069844,235.615330682464,305.717326891923,208.01906689625,296.013302221984,206.729220046826,215.341547820398,228.383565859312,212.309740575774
2313,2313,23120,0,0,10,0,0,0,0,0,0,0,0,0,0,0,0,0,265.178541068229,347.095121435755,229.424316990794,306.216747911927,257.026860230639,265.905744414476,312.266418710262,211.470577063883,259.960595623898,212.242716579726,244.54916974379,242.644492159771,326.153448357982,257.866289294405,275.389126795372,325.435805105464
2314,2314,23130,0,0,10,0,0,0,0,0,0,0,0,0,0,0,0,0,204.430304730296,216.044532215728,301.80820786555,253.582807481501,257.423961548178,216.793848752559,302.160231576538,261.45608247779,237.635591955758,256.977208380926,258.359426735957,213.004704964068,324.587958923648,266.674959646741,278.534572463676,280.766829064658
2315,2315,23140,0,0,10,0,0,0,0,0,0,0,0,0,0,0,0,0,262.225493537212,231.13138568807,226.771103119459,215.61588337972,261.246232938613,253.381662559342,336.992491147659,232.875665483467,250.361536438299,263.08439758514,302.564124721841,244.883572050487,189.342984357769,231.690742888735,245.843814615622,227.757634412915
2316,2316,23150,0,0,10,0,0,0,0,0,0,0,0,0,0,0,0,0,203.986959026987,286.736523905183,220.13450758334,324.688250205481,293.765572204317,253.243170884595,331.233441118726,218.912182103531,213.361435924604,262.186660490712,245.965348576075,221.056760303394,299.436545612079,250.87883842018,246.330607318419,269.972080777104
2317,2317,23160,0,0,10,0,0,0,0,0,0,0,0,0,0,0,0,0,296.477469294926,238.204252682083,267.387759816888,294.958818680854,323.967176156225,277.684404250017,324.002036403064,268.555669319774,266.934028353629,313.677036946695,251.829122125742,183.124903777087,327.129060723924,224.603078574737,238.798045653252,285.004838808927
2318,2318,23170,0,0,10,0,0,0,0,0,0,0,0,0,0,0,0,0,219.565612482109,227.668355597661,207.413830629785,254.322569115129,281.306313771637,222.136698663329,355.513304228873,255.358718159925,226.831535898986,301.089041624909,261.580968591978,254.164047969922,313.779690135498,301.755035062688,238.957885176847,236.417633966932
2319,2319,23180,0,0,10,0,0,0,0,0,0,0,0,0,0,0,0,0,247.446510130836,215.6983375106,267.882081542652,252.952430845539,257.231796320791,218.594888514865,345.236033305479,196.085696183129,203.933159794441,204.340966459437,289.77621249302,247.690369354885,278.679464102422,284.440433892239,270.545783786655,235.570214402974
2320,2320,23190,0,0,10,0,0,0,0,0,0,0,0,0,0,0,0,0,175.515837334088,281.380586116722,227.537774878926,162.608959238954,246.477406519512,247.648094201206,362.372504263742,268.224203626131,261.295057315019,248.482287387236,261.058149345561,289.397831944783,238.96498167332,179.365555519289,221.320940901154,254.943474374745
2321,2321,23200,0,0,10,0,0,0,0,0,0,0,0,0,0,0,0,0,256.921163607591,309.078957723955,285.197829394615,221.85960144978,225.518404155543,358.033832557837,352.517530563662,200.82865893685,211.134774464937,276.266740253141,265.286542000635,265.350603705045,275.088657619189,192.653457478691,269.038704484937,215.807268993186
2322,2322,23210,0,0,10,0,0,0,0,0,0,0,0,0,0,0,0,0,222.083009238886,246.955173847817,243.002195454796,265.643340651318,255.673036746418,245.268065455533,367.108977087969,239.899829424172,276.682027232269,259.503331439967,223.860179314825,262.838135823378,314.12000305069,289.906016493668,286.851164669905,200.131633825253
2323,2323,23220,0,0,10,0,0,0,0,0,0,0,0,0,0,0,0,0,173.79799543442,197.223893282644,235.277951754927,219.328581234325,283.544858366935,205.238182873073,364.380525877502,272.092806046539,234.830852475892,256.487483932955,260.001314010379,220.774420538192,226.521024847939,252.402142647565,269.371277246054,265.705198286966
2324,2324,23230,0,0,10,0,0,0,0,0,0,0,0,0,0,0,0,0,232.087669944482,280.510660041351,260.993237321457,242.116868773326,269.110552697549,305.866833534762,379.143174300924,288.563560219371,271.371200461207,257.217650449829,253.580898570853,333.562586895628,257.346052110426,196.146369059803,282.800219992365,306.907351579524
2325,2325,23240,0,0,10,0,0,0,0,0,0,0,0,0,0,0,0,0,218.808479839103,245.449716601435,235.943460572073,272.582231982584,249.197869992149,324.178077318205,409.80609861128,225.904738119015,256.042385261739,234.656333071278,338.976451524952,250.150330457438,328.209822898085,223.818410875977,202.464629018519,202.888695684638
2326,2326,23250,0,0,0,0,0,0,0,0,0,0,0,0,0,0,0,0,337.251563092256,246.304132176921,210.072472833593,231.811669418261,261.254508980825,199.807902803326,413.020313748808,241.316756902225,310.145698346259,279.690245455805,209.912969948388,260.810354729996,223.498050423677,296.46321537826,226.358570296351,277.579610350853
2327,2327,23260,0,0,0,0,0,0,0,0,0,0,0,0,0,0,0,0,284.985329400329,276.130718279284,309.031188671846,238.613679257548,340.050175668013,294.993348522977,400.377038338389,230.543336780645,256.211798512077,231.999102740525,165.612763556733,267.452151963095,270.571517600179,287.506604462453,208.921801615645,272.744127300897
2328,2328,23270,0,0,0,0,0,0,0,0,0,0,0,0,0,0,0,0,295.283366107793,289.29275760663,235.267073397158,278.030662272659,290.662571377814,309.307496019402,394.249484873652,187.340158051241,283.148189620073,255.794649344106,257.602452027223,251.994141205132,164.464711005647,226.200099796086,264.854962932465,168.9297164197
2329,2329,23280,0,0,0,0,0,0,0,0,0,0,0,0,0,0,0,0,236.932658170126,209.087307845929,263.061752705704,195.366326419232,247.829561223344,212.284550152508,384.482151101402,220.754719421774,212.856949309301,241.305454044216,298.330070507452,205.883361595356,288.865745867068,286.383536378888,229.529191860487,248.514496948695
2330,2330,23290,0,0,0,0,0,0,0,0,0,0,0,0,0,0,0,0,183.163353802702,201.360954802222,213.665777537318,269.303543495388,246.632006573997,210.354031735491,368.471713247712,242.856016250365,253.13540011489,213.863723624779,284.531939219518,214.370092336568,322.220357016659,235.579970404757,303.500680691379,232.795351682803
2331,2331,23300,0,0,10,0,0,0,0,0,0,0,0,0,0,0,0,0,166.875427235168,232.903323600113,185.432539091165,220.028680761681,236.400845584931,191.965786194641,365.509607360852,231.509008806387,260.258221235368,267.13632676418,198.249892082,246.187152256674,215.25924935611,296.355254722445,247.446258245086,182.696963998604
2332,2332,23310,0,0,10,0,0,0,0,0,0,0,0,0,0,0,0,0,244.015089372759,192.410713455071,227.928401443904,244.120790531983,301.954715721388,194.486941568108,350.202746177922,252.629483318255,240.301352441129,271.446338326463,278.082175178013,291.779845623574,266.989267167298,236.255422622203,236.849857259503,210.39832840122
2333,2333,23320,0,0,10,0,0,0,0,0,0,0,0,0,0,0,0,0,267.92826546496,230.05992645653,275.537927993107,300.016300591209,302.135930017349,226.590613005878,356.952977436828,274.716838091016,244.052012849886,302.568295654401,241.444880188616,288.737521221456,216.088965803113,259.58492818414,222.269027083472,255.034991586488
2334,2334,23330,0,0,10,0,0,0,0,0,0,0,0,0,0,0,0,0,275.199210957521,259.290525534003,211.461813685296,221.345035699354,240.717504015501,281.184441933834,362.505015825515,242.015574293325,262.620193631661,221.109097161657,237.606563338966,242.999290050065,231.72434182978,220.083321917351,291.005127296503,239.402398108487
2335,2335,23340,0,0,10,0,0,0,0,0,0,0,0,0,0,0,0,0,241.985969162514,188.105994072089,294.384492041619,199.917694973609,264.575962752197,233.101739551167,366.892944640624,217.384179900864,277.646087683997,262.834776986099,277.234879079116,237.302443861917,276.224004614367,345.81787105622,278.254604560571,241.384527346786
2336,2336,23350,0,0,10,0,0,0,0,0,0,0,0,0,0,0,0,0,242.39746086376,276.80523704994,247.348473021734,173.941627733319,244.680972115394,229.590360071478,354.148785713889,248.945905239569,265.633494837034,261.812836038605,263.811863015139,288.571790155659,226.85808772756,322.628610266697,238.686959819334,263.234131390429
2337,2337,23360,0,0,10,0,0,0,0,0,0,0,0,0,0,0,0,0,213.987946190874,291.769178216786,226.93874505126,269.418349767126,297.758661192244,243.913206314885,372.84900783972,330.496941414047,190.933731707297,313.834581965938,251.069086203354,228.218897740448,291.938719743913,209.257446463195,237.100389216065,281.489891560799
2338,2338,23370,0,0,10,0,0,0,0,0,0,0,0,0,0,0,0,0,243.711264626538,229.401014277626,229.991084752234,316.449330263061,223.760171723206,290.803023282818,376.287249947397,206.002077792906,297.82194628671,221.802206892807,288.549145252964,297.88913921438,263.641237596039,252.58612010732,295.856699054595,318.38161448048
2339,2339,23380,0,0,10,0,0,0,0,0,0,0,0,0,0,0,0,0,198.582764263307,259.257207299118,269.805714447747,232.385319641508,245.240543112433,274.801959442434,364.681847788094,240.569371633881,272.35808679957,248.332701366261,235.802086221026,208.695823786415,244.548290102749,156.438857540838,228.458757205415,239.928730508741
2340,2340,23390,0,0,10,0,0,0,0,0,0,0,0,0,0,0,0,0,277.523947387308,250.248398785422,319.968415484727,279.500820693303,264.992949203272,174.846390366652,341.755134483614,237.987055314583,345.920359484147,197.125640626113,236.974778998916,272.795179481506,238.619177312212,207.217187644586,323.858748588399,205.874116369891
2341,2341,23400,0,0,10,0,0,0,0,0,0,0,0,0,0,0,0,0,214.983736743203,296.035375501191,231.331083110156,304.440378748413,239.312130526167,195.565394954668,382.145287425735,282.983453992692,242.069621262809,249.3542726825,240.846341661538,239.646858560745,256.129898263744,268.961348205724,283.453886283727,241.493967457605
2342,2342,23410,0,0,10,0,0,0,0,0,0,0,0,0,0,0,0,0,222.400548231369,171.655565964905,206.094514390179,241.75333245832,246.988079485592,244.918335165852,365.40540829641,227.337571890374,257.313641516473,312.331222948244,239.502262195716,222.84253131032,224.579528572764,242.863226869996,210.658895311204,263.262359626761
2343,2343,23420,0,0,10,0,0,0,0,0,0,0,0,0,0,0,0,0,287.853389605345,227.541328668184,236.661530429706,253.284081523875,225.843770774599,241.950981925879,391.563479112997,226.207607018034,231.350305934091,256.235641235186,280.080982056091,251.895447992511,191.726839850184,251.633380449754,259.179751308184,201.744533518488
2344,2344,23430,0,0,10,0,0,0,0,0,0,0,0,0,0,0,0,0,264.436886067187,325.383659321351,205.417582978952,210.353281334963,237.310748168189,241.478859210261,400.807094449887,285.044365952274,264.096646911296,221.350129970687,304.804182345464,217.48807523795,303.337724020808,303.0380013437,306.522267498199,205.637158529978
2345,2345,23440,0,0,10,0,0,0,0,0,0,0,0,0,0,0,0,0,256.62965163376,210.048761684782,286.692860706034,261.912030832628,248.084153431295,296.706514977959,393.246778434079,304.335484120654,279.237877500527,271.46517954438,235.722879786202,282.439327023248,240.932351972373,236.844420452999,200.36306487097,336.164362628073
2346,2346,23450,0,0,10,0,0,0,0,0,0,0,0,0,0,0,0,0,200.145587867388,273.337079951331,219.121833142646,233.503530676674,291.384190558214,243.888711596808,395.998736372464,281.603054300665,242.781262333601,250.034360641515,211.753121168432,229.491197444201,298.222567003356,317.075237713036,237.633961145848,283.247777987232
2347,2347,23460,0,0,10,0,0,0,0,0,0,0,0,0,0,0,0,0,225.872494037783,250.478227346994,246.161343548467,306.130168420288,207.310708816596,307.002919918039,390.068658611396,338.949969724447,241.13305443143,256.73835568865,280.21959156461,222.447403781828,248.374293767966,266.764737899992,202.509046408842,305.186450389607
2348,2348,23470,0,0,10,0,0,0,0,0,0,0,0,0,0,0,0,0,257.416166193174,271.745921470831,285.343553418583,294.827335154308,257.365829256839,269.473549005467,394.122672557563,334.616505374942,196.037941979478,210.657844657419,235.515164522667,299.684664731743,270.347090485808,204.978787710626,234.630258960428,251.156240768372
2349,2349,23480,0,0,10,0,0,0,0,0,0,0,0,0,0,0,0,0,151.803851051587,265.99084120174,336.668558411262,262.821101860205,268.992884351993,263.297352745133,417.488697627041,239.650643736243,273.153955652321,201.903792656572,209.591661623271,262.71558079344,316.224904277967,288.762588847164,299.34126335906,252.806641297853
2350,2350,23490,0,0,10,0,0,0,0,0,0,0,0,0,0,0,0,0,209.906512103942,246.058756471363,247.369378316806,227.598308267534,261.67252247453,351.045474126783,412.408507764952,261.851354471094,233.38149277707,230.277440366875,295.061631441616,240.206626054868,272.408500079585,236.753869019549,253.713086325744,249.467761830228
2351,2351,23500,0,0,10,0,0,0,0,0,0,0,0,0,0,0,0,0,261.354149155253,313.188589246928,248.415383405279,232.126489234543,227.899371051775,226.655978647793,387.872903840924,253.756951251521,237.543588587106,260.519215794952,249.872822097361,245.207614992694,259.807535301136,193.119721665076,284.342119729403,190.98759780054
2352,2352,23510,0,0,10,0,0,0,0,0,0,0,0,0,0,0,0,0,228.102500778934,216.781937860239,265.277008329078,243.062611809034,194.565425166417,264.843281904594,417.679630871236,249.309415546191,308.085744130442,266.681048392003,268.671301640648,278.183273953415,263.974351730642,270.39988450468,211.125460821014,207.216585000902
2353,2353,23520,0,0,10,0,0,0,0,0,0,0,0,0,0,0,0,0,298.421182992287,226.026380489535,283.298273116402,280.982681263187,283.448848887088,252.481449794288,412.155450635109,296.355609737333,256.14237408322,183.550011722946,296.436062250845,264.682034163888,265.428747018621,262.303371946611,248.643649621457,230.469997170855
2354,2354,23530,0,0,10,0,0,0,0,0,0,0,0,0,0,0,0,0,277.889153922228,225.627318239477,196.911729137017,246.934122975625,149.224088463678,224.639678940483,389.911773538657,266.002308889456,251.599839175672,249.817892321883,291.983206653755,251.314907185878,214.033978416203,223.094333740717,236.951455287085,237.297208678797
2355,2355,23540,0,0,10,0,0,0,0,0,0,0,0,0,0,0,0,0,249.707750381299,227.272482494391,245.553675108604,279.941829499037,251.586760268544,265.771135059823,405.49748747349,278.250787816395,237.123480121498,254.500588628198,233.077098269712,286.851991908803,255.911558428469,270.161598380762,269.134821079833,278.840321314883
2356,2356,23550,0,0,0,0,0,0,0,0,0,0,0,0,0,0,0,0,260.745822737198,260.658110815336,216.588262677988,231.37953152378,214.69635711558,262.995955484587,399.378113235156,198.191258115118,213.196924403041,255.265321823818,209.992517975319,308.989826631839,298.679644982276,227.683501213876,275.427178468119,225.997659696676
2357,2357,23560,0,0,0,0,0,0,0,0,0,0,0,0,0,0,0,0,235.057408475722,188.665603540931,231.890293891801,219.353911154953,291.377557486901,260.733432969138,400.36072035333,260.069752772809,300.46129556302,241.193875779782,267.97281414664,151.546334441159,250.879249387711,229.075479103535,233.98562407105,262.826468410937
2358,2358,23570,0,0,0,0,0,0,0,0,0,0,0,0,0,0,0,0,270.400495514487,280.184360706126,273.525664208943,248.099532590561,159.908198494238,195.538725637948,399.632756591243,251.595793295103,270.149343570014,240.264095860262,247.86008126841,338.779407659053,262.013850636249,193.812005604877,262.892065183475,200.152658563137
2359,2359,23580,0,0,0,0,0,0,0,0,0,0,0,0,0,0,0,0,188.610976976901,257.206703061614,260.910310290371,292.340121914395,148.580127039288,215.159884198404,366.853251247709,321.673197623049,254.905193033724,252.414253427955,274.180910992277,220.956980700995,246.366739311375,239.249505705231,228.658464100069,250.130570565803
2360,2360,23590,0,0,0,0,0,0,0,0,0,0,0,0,0,0,0,0,260.942642777864,207.19015981041,255.552791425615,223.905756244173,301.881302990356,265.739891523066,408.107151276153,262.461680138787,232.06324853351,285.634068750428,275.361046937858,247.839206690713,150.254048191041,220.820762170119,249.505505266123,278.393796401694
2361,2361,23600,0,0,0,0,0,0,0,0,0,0,0,0,0,0,0,0,290.54032951558,224.866975038381,244.418958370473,254.022872808762,189.02556671767,243.902297393384,392.447904369404,281.599072823586,263.240376567815,210.763652874888,200.043052457774,267.026524889046,169.880961191694,183.976305588829,265.144531790269,251.997823878881
2362,2362,23610,0,0,0,0,0,0,0,0,0,0,0,0,0,0,0,0,224.830957519251,208.262333912303,295.476864908079,240.589586053895,253.12080525184,225.539153392593,377.123260446269,238.550218546558,287.792173834686,253.100529014366,283.195932321526,276.10089384623,285.406590558166,198.587077037817,232.326537662397,163.831094006369
2363,2363,23620,0,0,0,0,0,0,0,0,0,0,0,0,0,0,0,0,293.038210979197,292.540736068383,308.10192262232,178.027188648174,247.827278791926,219.923174084762,346.043987832609,320.064543847585,270.999350628414,238.55877325781,234.037481945465,252.870704461096,257.698377885574,281.796199543546,299.902807045697,307.9181662072
2364,2364,23630,0,0,0,0,0,0,0,0,0,0,0,0,0,0,0,0,241.701361564093,236.840199722196,224.973088397686,277.25041839039,331.456618649223,268.320743869153,350.696918976278,336.660820529679,236.539981609085,261.516516824435,267.074139883889,267.921967227957,282.55895816855,320.122241758429,261.358275209048,223.517079220999
2365,2365,23640,0,0,0,0,0,0,0,0,0,0,0,0,0,0,0,0,267.621247865847,262.632792595298,269.321774902686,275.112117676093,249.656727099462,311.088784864525,360.8837483235,201.759579759808,281.138324157719,235.970619986685,273.797938148525,288.385392429725,235.437058305702,218.882867115829,256.008186547629,232.130850140677
2366,2366,23650,0,0,0,0,0,0,0,0,0,0,0,0,0,0,0,0,245.412723558785,219.929652721613,198.747993804351,173.070963743999,258.513930345566,244.24132931877,319.533087106301,257.955538062565,179.535239358048,234.879529323747,225.57670440378,182.402658667984,268.870305972001,246.019470188903,213.319126486002,224.2772190169
2367,2367,23660,0,0,0,0,0,0,0,0,0,0,0,0,0,0,0,0,243.821102146584,238.351566486134,217.081618959574,355.871631484722,210.709081122099,287.959352055525,330.473005494519,235.513257875538,263.627356068432,271.422779741065,279.425029810752,166.900319866534,285.692272125,320.526383189557,328.668034861576,294.006830282776
2368,2368,23670,0,0,0,0,0,0,0,0,0,0,0,0,0,0,0,0,264.949654799877,249.892974266701,233.296254194907,288.722900842246,268.655908645379,242.829349544179,324.036412290399,246.989751688715,301.900950205553,259.885035219557,236.183309856013,245.440629053715,227.261110644432,208.344626183332,234.332435646618,293.23493351925
2369,2369,23680,0,0,0,0,0,0,0,0,0,0,0,0,0,0,0,0,278.066825871305,223.538938561463,303.147969920607,215.614137969735,309.211299351602,269.413203857332,295.557781126096,223.370943490094,248.171145449874,204.608208640106,266.039053525184,252.400700337435,268.188168167862,306.360601903998,245.010365251473,197.298633677791
2370,2370,23690,0,0,0,0,0,0,0,0,0,0,0,0,0,0,0,0,243.766324522036,222.890776519475,281.518674548184,294.207237016893,264.677862931431,177.547411676192,320.413417894774,267.02131024726,274.397651125125,201.980145640563,183.121588328098,269.272982149091,247.117116673087,240.694220420785,292.495987061851,174.235667311752
2371,2371,23700,0,0,10,0,0,0,0,0,0,0,0,0,0,0,0,0,239.665066002172,337.330900899379,222.873084997904,218.835429215923,276.308237157198,259.691837780681,301.958712905061,188.651145957258,321.976884612534,279.921238886213,270.598172933971,222.594646179932,238.707300291759,232.036742296134,313.846036421009,214.204218051101
2372,2372,23710,0,0,10,0,0,0,0,0,0,0,0,0,0,0,0,0,301.43875811975,216.561834842395,218.632254913202,314.054688471961,206.511155681353,251.089260173063,306.587579011115,244.861744456356,249.44472348973,267.807174379787,233.448421570324,311.358568864736,279.296118516177,228.990161864524,223.955010763054,239.972176068797
2373,2373,23720,0,0,10,0,0,0,0,0,0,0,0,0,0,0,0,0,220.819735909701,259.815582856912,251.305187267903,180.729593021078,230.905063485832,289.225597555124,300.339426774759,295.824640639297,275.842768738655,265.5086512168,274.977049056492,264.344164997713,334.563495621965,231.292591448663,222.703835592936,259.274034494755
2374,2374,23730,0,0,10,0,0,0,0,0,0,0,0,0,0,0,0,0,283.286359617079,262.841418510329,235.204740537766,259.308983718568,278.704209519404,208.621682448667,329.321399866642,308.580869931431,257.573035422812,237.558123813239,260.791185797729,229.775689902038,193.367215718556,212.522776848529,244.363784489781,284.510216017439
2375,2375,23740,0,0,10,0,0,0,0,0,0,0,0,0,0,0,0,0,212.986830146585,307.891502325344,238.849310803854,309.599022499449,316.221753359751,212.005653021792,297.41222224656,332.112396221062,247.277621994631,268.423291022979,263.645294946027,211.316899788267,221.707625423385,251.45990281374,267.573665330219,209.936883572308
2376,2376,23750,0,0,0,0,0,0,0,0,0,0,0,0,0,0,0,0,256.697701302006,289.745590553992,270.232931781763,276.620757218197,280.441338267613,249.036700550518,313.479345973515,252.202882687759,243.668991460138,201.923256837491,280.642359091901,272.981704527838,265.565927322848,240.777403939316,233.405449754324,281.813771908486
2377,2377,23760,0,0,0,0,0,0,0,0,0,0,0,0,0,0,0,0,195.419721150526,240.838838120055,265.895830107131,241.119210228414,225.824054753503,242.884666670139,306.970960168371,281.227499613061,181.452562481091,242.35860267936,194.997722789922,224.38532318266,199.087898882595,178.867116676588,213.573559853067,225.069542155531
2378,2378,23770,0,0,0,0,0,0,0,0,0,0,0,0,0,0,0,0,232.117114059443,223.853251077186,207.96523273279,232.433192199349,265.927033818177,256.605509494004,323.734192476726,209.130893958107,282.319064512036,204.776242208173,261.430432363446,252.779803182234,235.049038734517,258.573464859011,319.904847087231,274.197615801409
2379,2379,23780,0,0,0,0,0,0,0,0,0,0,0,0,0,0,0,0,251.266592166596,261.351181401369,299.739636465269,278.048148806441,230.743523773488,286.553653321753,321.849858987525,248.430727618038,189.083985258406,194.752990720791,268.057186167416,267.104318306336,217.996562281944,342.239334159393,291.570858873944,276.543258143096
2380,2380,23790,0,0,0,0,0,0,0,0,0,0,0,0,0,0,0,0,232.071553847483,276.755275471455,246.281746986622,317.080555564144,241.503180713979,228.007817066637,303.130572853697,183.066981382797,193.733068639746,299.571120154687,193.309112033962,305.422014587966,200.502709569779,245.228263613865,236.380293627014,198.302312737363
2381,2381,23800,0,0,10,0,0,0,0,0,0,0,0,0,0,0,0,0,338.342861731455,296.99106331939,233.853687527698,246.705117529817,293.087413068149,256.832794878337,323.486412168298,320.785744748285,274.029671737837,302.623216272721,202.881320250381,305.758547582207,264.212819679741,307.002716354352,287.222092410209,238.761176912744
2382,2382,23810,0,0,10,0,0,0,0,0,0,0,0,0,0,0,0,0,244.655372963371,267.133119307802,252.687248167904,206.208003568127,257.767148938594,281.167140160618,307.545370259058,226.516736251371,299.188784825006,235.360948242947,300.632590404772,255.917221843105,283.130647551288,238.625609583045,277.515518606047,281.352761198396
2383,2383,23820,0,0,10,0,0,0,0,0,0,0,0,0,0,0,0,0,275.876641537629,256.385973985344,287.369976174798,285.642918597341,279.267086447932,302.878626150883,300.478375600917,253.590430175775,228.688053856021,227.512650384125,267.793412098466,261.171342424565,355.16185445943,295.800571563156,162.685189933814,298.600488761404
2384,2384,23830,0,0,10,0,0,0,0,0,0,0,0,0,0,0,0,0,259.362785655805,244.381616749073,266.831059236783,188.353453805174,312.633541896972,259.376273844422,304.976361689942,211.415582431928,286.488996945028,207.059433802327,288.058857477739,288.833031151856,114.347591792355,220.067356533075,220.550417182018,291.933616928109
2385,2385,23840,0,0,10,0,0,0,0,0,0,0,0,0,0,0,0,0,238.309889377878,230.814012390456,219.638720750789,271.323876982038,282.364125846074,199.350771106379,323.090413213304,197.311949635215,279.849190647666,272.703889349437,263.281695979341,265.380924213598,229.926651889442,237.38510268352,190.397078130256,327.736410417857
2386,2386,23850,0,0,10,0,0,0,0,0,0,0,0,0,0,0,0,0,301.093973237125,248.553797108841,293.858231992753,201.688384798814,266.104459908949,226.51651833032,340.319616848815,258.155497136167,229.097817433918,277.767442089141,197.944478149989,215.843314612916,257.279356553064,226.715943002588,227.458315111143,183.983302491158
2387,2387,23860,0,0,10,0,0,0,0,0,0,0,0,0,0,0,0,0,214.845758941817,241.912747295191,234.9881249,191.342916638334,324.297011197248,299.706130764013,335.316644164005,285.25347051584,226.867081428486,280.448023407386,228.496104958242,270.469465741058,227.27442889158,231.503814576081,249.166522086074,242.292033349477
2388,2388,23870,0,0,10,0,0,0,0,0,0,0,0,0,0,0,0,0,246.31548214834,274.280832637786,272.3943743916,289.143523973324,215.550046281885,296.331349559085,320.365664987399,262.007951165555,207.832602620027,218.838556556714,248.206238096182,201.744753211814,285.308968009082,150.349181517691,319.219995962965,263.800186957631
2389,2389,23880,0,0,10,0,0,0,0,0,0,0,0,0,0,0,0,0,279.256416540426,268.030097954033,303.575197090414,200.036379681702,285.320771733926,176.507578454897,347.038369994127,281.345147094028,269.687151654687,293.877703843187,211.762998934264,350.904168328529,248.055431950258,268.449039300819,291.453942129326,289.946417837193
2390,2390,23890,0,0,10,0,0,0,0,0,0,0,0,0,0,0,0,0,196.800473783488,220.764245246104,253.905187069835,240.431615834118,285.371363227374,271.227818377751,349.653994911275,232.701647778394,257.336133712604,280.991734526281,241.806256671945,252.068246901677,296.508892311266,231.621980033145,253.414617111115,280.680337017265
2391,2391,23900,0,0,10,0,0,0,0,0,0,0,0,0,0,0,0,0,231.488694068672,245.319893913631,224.810069014312,234.086381171779,230.289347547444,242.432807714461,376.704601918201,190.012824342385,282.037411522991,282.155573928577,296.926591042498,235.174833378178,247.473148936551,234.401009535683,286.886510250702,221.473665532201
2392,2392,23910,0,0,10,0,0,0,0,0,0,0,0,0,0,0,0,0,294.444245622298,249.418863025502,201.473544813637,210.800698966187,254.484341145958,278.380130335571,366.381432055327,298.383644578052,270.920926346816,271.637927198976,251.984316078639,255.595629734256,287.265970726529,271.117084379219,250.775549828741,288.504585142066
2393,2393,23920,0,0,10,0,0,0,0,0,0,0,0,0,0,0,0,0,274.70126057559,266.101879017165,255.832159841878,239.095653353578,208.416480843465,314.295858918313,378.899520281125,273.348667117346,261.30132765764,230.231363140824,295.456081893852,238.425818668312,186.983578791781,288.342454049878,294.303911472365,228.501223041099
2394,2394,23930,0,0,10,0,0,0,0,0,0,0,0,0,0,0,0,0,236.587462426188,217.540456682607,265.576459217239,218.106668309615,250.365845616297,273.194644092452,364.648398640261,300.419437068783,221.14318098228,275.7073884517,227.754459330724,247.671777440602,212.709472825438,272.785995892519,254.051963178343,333.978908607946
2395,2395,23940,0,0,10,0,0,0,0,0,0,0,0,0,0,0,0,0,174.975258057507,241.926284146539,283.837357034736,254.282554806789,245.625731790787,263.105924769231,397.335023444037,225.973150725067,227.581953389995,292.026055495905,250.333375086361,259.442744910959,234.658254822848,261.037910312434,242.118147827583,205.260559471747
2396,2396,23950,0,0,0,0,0,0,0,0,0,0,0,0,0,0,0,0,223.878335292968,262.696850096874,262.213906667095,238.176323420361,240.069829495738,317.259864944964,400.499659166728,314.127198679132,166.491469450315,231.437218804751,220.865321284983,227.577501708807,255.457028569298,206.43615609228,275.395635405908,296.627762699349
2397,2397,23960,0,0,0,0,0,0,0,0,0,0,0,0,0,0,0,0,305.326176290783,243.55636117845,239.167736982406,258.837750001779,237.737214395794,242.759803907778,376.691852460315,291.084615145022,192.790939691626,196.453410505673,204.429264423739,219.327494381526,215.463835578102,246.917108579644,252.21447714045,223.890180193259
2398,2398,23970,0,0,0,0,0,0,0,0,0,0,0,0,0,0,0,0,236.994410194337,214.803417263655,262.040344784705,270.800790654145,258.650012166847,284.805638141261,398.589835389452,177.466705375095,258.933958901163,161.7093569499,288.878195665582,318.886970009875,280.8756918216,259.98048774959,284.783994119695,214.247955839668
2399,2399,23980,0,0,0,0,0,0,0,0,0,0,0,0,0,0,0,0,319.418673464844,263.845139213502,257.108900886791,270.179542394356,269.560934286921,243.976649418324,363.603031389361,203.948948037031,266.004896012944,303.836401823125,221.437051432794,245.505987840384,276.963612422638,275.396063303106,257.101156990264,249.566448001543
2400,2400,23990,0,0,0,0,0,0,0,0,0,0,0,0,0,0,0,0,232.645390768976,292.897194470224,278.962216214574,275.669729729897,248.666315864325,187.830571079955,367.794490328176,308.242378686958,208.856448403157,248.579276547919,252.568063034263,186.962536169959,224.508553103714,262.040024603609,186.163013220632,257.402244911119
2401,2401,24000,0,0,0,0,0,0,0,0,0,0,0,0,0,0,0,0,260.462031620481,252.161844923445,244.090430152572,257.314383022243,211.938813833418,279.396367079877,363.568754227163,332.62308882077,288.101086473445,280.338234323413,274.455760555233,232.755995229469,206.629499088892,234.083158729316,224.51651610776,291.268036645265
2402,2402,24010,0,0,0,0,0,0,0,0,0,0,0,0,0,0,0,0,272.918613674176,272.486055019251,336.861989397188,355.780448085557,286.478619968324,262.007583763132,358.608103933507,306.770922187767,251.599047927283,232.662478427893,210.138088092944,232.338047204971,259.762081039671,314.986591286421,207.887500967854,251.348441741219
2403,2403,24020,0,0,0,0,0,0,0,0,0,0,0,0,0,0,0,0,233.567332839873,176.61649152053,215.54682394,259.463146336669,218.019327266827,231.655100979041,345.962671739043,249.491951093476,326.307784174655,305.02056951587,190.44973152755,268.453685546231,204.471184888763,271.743684272712,287.19202962391,207.694223825557
2404,2404,24030,0,0,0,0,0,0,0,0,0,0,0,0,0,0,0,0,249.643601612125,220.622669224206,253.644697351142,319.846132703158,296.280617257241,323.930382329674,327.715147142782,277.368660023959,228.555904469051,261.580682721218,320.539617162633,257.960979743251,238.378957852941,311.693558817762,242.308673023195,251.475863529733
2405,2405,24040,0,0,0,0,0,0,0,0,0,0,0,0,0,0,0,0,216.825913806724,252.63229927705,244.735445551543,238.692445327726,227.920796653519,163.533516004258,327.19116641207,285.919843374626,226.315040476103,289.933760841268,232.040848498592,242.470082996762,273.520550812138,218.328232696552,259.240174581087,279.120629784767
2406,2406,24050,0,0,10,0,0,0,0,0,0,0,0,0,0,0,0,0,251.738328258083,290.073711810696,224.084601476331,247.922802112013,279.118695244826,241.169400827644,312.228408407345,318.705434788713,186.753082900211,248.373565613172,243.402838304573,356.56325178264,279.536777810494,242.399901707467,283.62240646906,168.571341411034
2407,2407,24060,0,0,10,0,0,0,0,0,0,0,0,0,0,0,0,0,279.043505231677,244.670687677987,295.813213327657,272.662920375899,252.013410758797,284.030697863084,336.044527811681,263.637300347864,214.276077377184,264.478929092001,249.384395651337,195.158980142316,286.923017094186,236.485678877244,211.501006244335,241.728315233815
2408,2408,24070,0,0,10,0,0,0,0,0,0,0,0,0,0,0,0,0,275.358290588902,270.2807987752,259.662096290524,252.309703215725,267.874519480243,272.739209489485,314.850796189725,215.552535413794,279.155641205536,289.480277919017,235.625592230347,266.34834729768,332.055555369166,259.753445042182,248.513250002467,252.518246374665
2409,2409,24080,0,0,10,0,0,0,0,0,0,0,0,0,0,0,0,0,221.714634356379,154.434366087505,279.957664875831,257.646823144418,198.018750385657,230.521851985347,329.799486542838,224.117073823864,253.600413044839,313.990797531938,290.144547032317,242.875275050685,246.164489123952,330.91421260793,264.411303529347,225.541038398855
2410,2410,24090,0,0,10,0,0,0,0,0,0,0,0,0,0,0,0,0,208.522913498917,274.940160515702,214.081080236904,241.615840885862,337.217297453516,269.908677942612,308.028074984997,257.588440632822,184.871443733509,262.366988997995,350.219837636846,307.258635592498,209.464085838027,183.306317010561,209.421855524368,219.862716537892
2411,2411,24100,0,0,10,0,0,0,0,0,0,0,0,0,0,0,0,0,223.71377013359,256.041242007007,281.622310772865,247.102773523149,273.861348641313,263.072622307846,332.989668485409,253.230354079499,256.040062637599,233.2175116891,217.106888563404,244.782488438508,254.73214671918,218.745119583161,223.482870299984,241.355784827373
2412,2412,24110,0,0,10,0,0,0,0,0,0,0,0,0,0,0,0,0,184.025307353139,276.180640533604,245.895656708557,257.065275077397,203.110398828155,228.701626942926,350.181097439256,201.559778151741,274.319529844505,262.483978584044,182.47787582211,263.520796007209,228.713448908811,297.389462756966,269.822886686056,260.248137578305
2413,2413,24120,0,0,10,0,0,0,0,0,0,0,0,0,0,0,0,0,254.218677451276,308.332385060215,222.070107593472,244.697399188446,301.970230666585,294.623028023316,328.505827196004,186.592681045433,235.875318941924,271.231458645431,309.288525163523,237.746408616741,241.742129127012,175.175022065415,246.528210928147,198.213526033292
2414,2414,24130,0,0,10,0,0,0,0,0,0,0,0,0,0,0,0,0,201.22939436828,321.670908772047,281.598113508892,273.999611580716,267.260248025323,264.459739476215,343.28341585029,240.958981927739,298.696417405917,199.91676755186,274.079297742336,285.953883900908,329.349228243631,230.053304481484,264.295837246271,216.985093668292
2415,2415,24140,0,0,10,0,0,0,0,0,0,0,0,0,0,0,0,0,238.929251940235,294.898718330432,218.567213132085,271.865243949909,258.985593123812,267.852237405559,337.821478578588,299.262002501254,277.239976859515,237.350640652741,244.176221032618,279.6063771656,251.849688054333,256.514976155918,228.77637893783,255.382785095145
2416,2416,24150,0,0,0,0,0,0,0,0,0,0,0,0,0,0,0,0,281.163693482806,247.806308822002,219.614629277347,261.797521464907,231.51076173401,243.823054131794,367.388126204086,207.939858287567,186.20202347022,251.633224454466,285.41736686966,208.624222531647,279.581955277471,277.956894999402,251.383738936391,269.028831713519
2417,2417,24160,0,0,0,0,0,0,0,0,0,0,0,0,0,0,0,0,237.059002359546,231.967784680166,242.487326955421,209.223680229975,254.360987993704,269.402282995619,351.402465687252,239.17191365151,235.491280349958,271.938175898317,282.766545419447,315.366446204707,244.900525839009,266.143284595801,268.594630071021,267.694032331428
2418,2418,24170,0,0,0,0,0,0,0,0,0,0,0,0,0,0,0,0,228.617197901871,253.4682601115,259.476011899126,221.466170345638,214.116378693141,291.258475810617,364.778527809486,312.107619845357,207.040286989135,261.315075168296,236.817524303255,237.797976767034,202.511525393162,338.267403591299,220.053881499281,213.224505138045
2419,2419,24180,0,0,0,0,0,0,0,0,0,0,0,0,0,0,0,0,300.776732997889,308.980731767072,293.732450116178,270.111438425288,251.42861947931,213.467678774435,367.938645960316,224.904445541631,193.876339599976,219.876252451014,204.327591909223,258.804135926124,259.17873200956,230.389903422861,276.880813569749,193.059739679322
2420,2420,24190,0,0,0,0,0,0,0,0,0,0,0,0,0,0,0,0,288.571384176052,251.709450506448,299.074005400484,245.489239508438,298.462128092425,238.62128253792,344.5400282929,256.156066056764,328.430637658963,259.974868517168,260.124629166292,250.648844192655,239.594099774748,316.552443485701,299.388727202673,244.969183694914
2421,2421,24200,0,0,0,0,0,0,0,0,0,0,0,0,0,0,0,0,240.589895567451,286.220721776923,244.678699034341,205.660475039785,262.432770101231,271.155982233756,356.634972960923,213.751088906813,244.750678960545,160.467044380338,252.356318597987,267.54380829335,270.817867537598,280.268415823958,220.711823133,241.828097664282
2422,2422,24210,0,0,0,0,0,0,0,0,0,0,0,0,0,0,0,0,262.713259618941,305.181420034889,219.393713934681,258.055733282379,235.712171331903,212.296490231492,329.412125483491,278.602280547549,268.762740916547,231.170323850368,215.374717855488,260.03604416123,239.50625608809,303.555759555235,249.869893503574,239.076685444321
2423,2423,24220,0,0,0,0,0,0,0,0,0,0,0,0,0,0,0,0,232.609021422785,190.827523096299,228.91729066627,250.715964220316,301.071811307809,210.57169374222,309.774235339475,245.931250814549,298.844364351061,271.721331378604,273.104674631382,256.693236586127,277.645337344792,240.995708568112,243.491165621007,273.140335944546
2424,2424,24230,0,0,0,0,0,0,0,0,0,0,0,0,0,0,0,0,298.291065632636,245.999109263315,253.550045886967,306.735623629911,212.609525790031,189.044055968181,324.359786576772,227.741248263625,245.30542412112,281.513464289273,213.811156894222,267.844370421662,265.614355297809,275.864749281154,209.633923281389,246.616322464572
2425,2425,24240,0,0,0,0,0,0,0,0,0,0,0,0,0,0,0,0,265.967395568243,205.202328436969,304.237871568601,219.458075529564,239.286989660841,200.649711634323,318.775872106545,291.640351478724,211.673246882423,259.795728719165,237.114435983795,273.718972803891,184.284361139194,205.678421872789,284.191739596742,278.537279293563
2426,2426,24250,0,0,10,0,0,0,0,0,0,0,0,0,0,0,0,0,234.434084120161,336.945036003044,302.180740641475,263.294749586099,202.015272251172,284.913931372894,342.803474321481,234.906058500014,223.351585673364,276.320893673814,301.358737170529,269.490712518987,240.48042188327,238.686900424517,294.592240935354,305.476294939822
2427,2427,24260,0,0,10,0,0,0,0,0,0,0,0,0,0,0,0,0,302.164168698044,250.364992480242,208.272537057339,229.649907597133,282.248827266276,292.908360202584,284.405654882635,256.11598646727,259.010303673724,297.778600329575,222.881404233301,197.093870544016,261.070013693402,268.834983986898,242.265306134664,298.21889210485
2428,2428,24270,0,0,10,0,0,0,0,0,0,0,0,0,0,0,0,0,198.970565070464,252.375992459063,224.342486797096,251.373361633309,235.43441850686,254.074428528079,290.444961324154,193.199293009396,269.685025971217,183.887992805748,271.716515432488,251.793396515047,199.575067799655,188.32416401837,227.935832436884,240.961774793902
2429,2429,24280,0,0,10,0,0,0,0,0,0,0,0,0,0,0,0,0,237.793275839145,181.94862832643,243.990313797226,217.58584878906,295.374796111147,265.345188529105,311.147858116483,301.683597917055,237.46176944519,267.13486102626,175.151658102466,237.429555958199,293.476650981802,275.825130198844,268.833520483199,311.417340641773
2430,2430,24290,0,0,10,0,0,0,0,0,0,0,0,0,0,0,0,0,215.150499715047,209.471224119259,186.648591412405,198.211814444303,247.061941992245,188.643298904637,316.146872305637,277.666447712981,270.333973230087,291.315432810981,180.513362378563,284.724047502863,276.475525664801,204.147450848589,282.277978744115,254.379170793635
2431,2431,24300,0,0,0,0,0,0,0,0,0,0,0,0,0,0,0,0,299.302857392693,231.527301095769,198.860224661892,273.836212675892,185.560006802478,258.174705755928,288.446957699825,217.112211178632,292.121022813891,246.083442658703,258.762055711023,253.949277647763,218.384195341142,210.887005043746,213.732209193218,269.789859561055
2432,2432,24310,0,0,0,0,0,0,0,0,0,0,0,0,0,0,0,0,291.562276296762,274.626573163729,318.205989686138,240.217801960227,238.199232857518,250.352423760452,294.166758540171,236.586241319547,225.040118493259,252.627931338956,306.630633694557,245.621010753653,271.984112375512,225.588600043616,268.277503583701,200.430955716401
2433,2433,24320,0,0,0,0,0,0,0,0,0,0,0,0,0,0,0,0,253.579709073263,247.834728690052,271.287833787143,201.620513983651,250.436915695254,213.750875735175,345.201260753427,200.750800049845,234.304826251532,133.908906886844,274.213191897041,281.963217588875,247.880870937625,286.406573138685,275.509109492659,257.910425723401
2434,2434,24330,0,0,0,0,0,0,0,0,0,0,0,0,0,0,0,0,240.554616887091,194.742299475743,224.691000917393,251.118136596541,253.449225134625,244.536672206222,307.693981314551,281.875608270577,232.310262511225,285.829171851637,340.896304782203,239.307211503984,268.232626642951,192.62953024425,254.582366404877,228.623902328441
2435,2435,24340,0,0,0,0,0,0,0,0,0,0,0,0,0,0,0,0,287.039023543061,258.998050805736,291.051076314057,205.373399248402,269.682838576196,279.94031455688,324.633645515921,233.924567867448,283.211561661527,218.703753326992,286.546324092366,286.077134947708,282.607956228605,240.770941876802,233.738219336473,322.020506255605
2436,2436,24350,0,0,0,0,0,0,0,0,0,0,0,0,0,0,0,0,205.390348598247,259.118661036489,247.110657513017,193.980126601373,243.58587232708,223.431458044776,312.363364221353,224.604532459539,264.550927607634,288.824196136111,228.089427411532,259.161840926443,259.419225152403,223.708517483638,217.857004319425,201.562570441104
2437,2437,24360,0,0,0,0,0,0,0,0,0,0,0,0,0,0,0,0,241.4327674351,284.010615649798,281.617292499984,293.128559180644,257.490093957489,247.455834004139,318.075544166734,195.799546451391,278.497004969497,227.124425178055,218.305676293217,223.343977367027,246.448700455807,274.546776088387,260.262672677031,218.072677356877
2438,2438,24370,0,0,0,0,0,0,0,0,0,0,0,0,0,0,0,0,215.342307441626,163.956743006502,254.897502926491,168.030417996292,319.242586688808,273.624950199043,299.442644211351,217.991688744889,264.250653576626,257.045398797072,267.138542887079,232.480711657073,254.899052142108,266.143151464442,239.127332227236,265.504934259228
2439,2439,24380,0,0,0,0,0,0,0,0,0,0,0,0,0,0,0,0,217.662778638674,218.030364737509,272.75428625359,242.012265135083,255.516414998869,278.067113102072,302.843584926978,252.865683105356,234.166902684584,326.963584789354,262.40754650527,229.424113811798,284.875157771349,276.16530999076,266.480845627267,248.195156461925
2440,2440,24390,0,0,0,0,0,0,0,0,0,0,0,0,0,0,0,0,247.084679283916,275.377999194631,236.089493315615,239.280149491967,271.705779803514,219.845445896143,289.777411690454,255.333716948832,262.493974242476,318.456308069263,211.339904268728,189.149770609623,250.193446818387,284.333466049127,230.869372429697,275.637100009846
2441,2441,24400,0,0,0,0,0,0,0,0,0,0,0,0,0,0,0,0,326.181122890257,225.720900337271,215.739871413465,252.518678231541,272.691940088114,257.441966714191,298.33783418566,254.152705796766,230.982596562057,229.920948527542,270.142382743691,182.77856922534,203.738590486747,134.045345038046,228.562778626555,300.57106078697
2442,2442,24410,0,0,0,0,0,0,0,0,0,0,0,0,0,0,0,0,305.521093834215,266.880443601224,229.432480500742,263.525441968727,177.610766688468,256.387343768598,286.957454302816,211.281191815198,241.462071020204,230.068163495965,202.891340677672,230.279773036767,233.397097865253,300.038862633946,259.124559194592,239.577458783212
2443,2443,24420,0,0,0,0,0,0,0,0,0,0,0,0,0,0,0,0,228.515049155744,173.157807342315,237.204878190066,265.832540116507,244.844740357248,169.644318894793,309.991397090184,270.326743398181,235.309971925432,235.793350326444,214.389058631702,237.0013515995,225.171449305779,265.102768123309,212.68406308234,222.605724227959
2444,2444,24430,0,0,0,0,0,0,0,0,0,0,0,0,0,0,0,0,239.352358419216,239.805280685889,234.525105341661,224.039847977484,198.104969232354,278.057542108603,281.430199119977,211.348636288833,307.585863488682,272.798495179091,227.857766597059,304.949517809036,244.998984950263,218.151629948765,247.769070437751,243.653755256709
2445,2445,24440,0,0,0,0,0,0,0,0,0,0,0,0,0,0,0,0,290.641359617008,258.240715303868,198.885824004782,363.893508476749,186.945273450776,229.978788042889,282.083491427767,289.47504359334,242.627962371606,241.166700351488,198.707748623213,264.052109710539,226.389498021759,205.485821516953,280.723862089337,210.093523188184
2446,2446,24450,0,0,0,0,0,0,0,0,0,0,0,0,0,0,0,0,374.902736445633,249.713844348363,276.259595318047,195.098913386799,235.767924365446,347.421445111497,282.167899665136,249.496395245592,168.109112913643,292.093141703986,215.259777999455,237.749612083446,256.723285165679,255.941063077841,273.365719219619,283.656684741977
2447,2447,24460,0,0,0,0,0,0,0,0,0,0,0,0,0,0,0,0,291.013802926185,269.090042555814,275.751054484999,250.85655714271,215.588237627983,285.482088131492,281.892111614704,193.301907481118,202.315995052431,321.470327697856,243.383465085097,209.02744474908,294.107153582459,255.22474681229,265.096207592471,248.122778338711
2448,2448,24470,0,0,0,0,0,0,0,0,0,0,0,0,0,0,0,0,242.314156785832,239.003075268427,217.736288607321,266.738606768375,290.614126396888,172.180503677878,264.131266653205,157.473937618924,298.440443616027,245.052341577559,264.172949267549,334.825226570356,332.848322069133,302.476102993559,305.222057130087,207.316703327611
2449,2449,24480,0,0,0,0,0,0,0,0,0,0,0,0,0,0,0,0,279.77093090213,246.673808796131,304.351893326334,280.270149134413,226.513553600929,191.661886937892,257.453336841647,183.548792704051,218.422891658349,247.625077889568,253.099755080734,263.202613556234,227.796539036026,219.537383495672,302.376028606316,257.865092739553
2450,2450,24490,0,0,0,0,0,0,0,0,0,0,0,0,0,0,0,0,222.692024611084,255.83513848772,220.443355119481,292.650553469361,280.460399139312,315.210784943481,280.043421948719,273.919714023767,246.566995764485,214.54406904069,156.568008709278,221.289853340562,230.770968761003,270.866233919505,256.060901328653,226.252784982954
2451,2451,24500,0,0,0,0,0,0,0,0,0,0,0,0,0,0,0,0,293.400450115372,231.320948317904,250.912702142398,245.660113412757,258.240700359148,251.403761559851,251.967184393675,309.689302231072,275.67387174943,252.785543345545,337.47170459625,210.556933633382,385.099671343742,221.431462836218,279.311822282218,258.372660525474
2452,2452,24510,0,0,0,0,0,0,0,0,0,0,0,0,0,0,0,0,154.760016054762,227.809648290367,213.177867792884,313.032106112194,298.56048037885,249.027306660869,285.723952068097,285.234242466759,212.681488423062,319.890603605747,197.914439082053,235.867996891587,246.569651140834,275.924423471122,271.610122161876,235.317761445561
2453,2453,24520,0,0,0,0,0,0,0,0,0,0,0,0,0,0,0,0,262.635792269954,253.625804920368,210.416354030586,214.495910258421,224.510278206964,339.493867650398,282.797155680562,260.639328664309,267.901767153464,265.109409224611,213.460187671284,203.304561189169,301.299301130872,240.733268835953,274.244518146978,246.612969513277
2454,2454,24530,0,0,0,0,0,0,0,0,0,0,0,0,0,0,0,0,214.28232349408,242.534067033293,198.32506142509,297.690348917211,244.505476770763,327.414961816027,247.012589619455,254.06517975066,272.721428426706,259.88057371445,221.093245251759,294.497845245542,240.200835990975,247.851896241686,258.10715726222,291.892651745324
2455,2455,24540,0,0,0,0,0,0,0,0,0,0,0,0,0,0,0,0,251.200697386166,275.797240844629,296.717044402459,187.770603108866,288.607408009349,208.520348640533,257.607378203907,265.377705066677,287.416387324244,300.193668237494,258.134798141592,248.391958218252,231.790489499985,243.642081141406,239.511184717426,276.139258901774
2456,2456,24550,0,0,10,0,0,0,0,0,0,0,0,0,0,0,0,0,297.931782035315,231.390032701751,208.136303479067,256.912723052354,253.750581917102,228.064241584827,265.054237793721,202.443350479779,216.374394796814,250.382851140613,191.676556994008,198.824855080748,274.780430616116,303.58212738106,261.858036232363,276.264327225749
2457,2457,24560,0,0,10,0,0,0,0,0,0,0,0,0,0,0,0,0,277.808916154644,237.646753060118,292.043516834993,280.776450912748,232.098107841568,198.995071589207,273.237804059812,236.840047061502,213.332932770363,283.754738762503,268.139840523638,235.817670551787,237.705505572876,275.40288596929,185.269004036627,251.806458459841
2458,2458,24570,0,0,10,0,0,0,0,0,0,0,0,0,0,0,0,0,288.339059724209,254.371640365084,247.228293782245,155.838231220088,258.689565631372,274.406671749082,260.597565478696,288.130944832585,281.29413246633,309.631014721844,236.731077704091,149.816813764626,250.499330896842,242.369563510231,293.20481248565,292.36782170444
2459,2459,24580,0,0,10,0,0,0,0,0,0,0,0,0,0,0,0,0,316.525573610686,244.400542630185,258.712490677588,249.787158482134,215.887532221607,331.204514611791,294.335822714789,234.609604945151,221.282434692542,255.722277158279,201.82462125242,262.303101048022,244.870131686753,277.798174246363,263.737610450783,140.334941392726
2460,2460,24590,0,0,10,0,0,0,0,0,0,0,0,0,0,0,0,0,223.647337370442,243.002594819089,190.715965284233,254.308550442852,267.643210876156,237.188031578347,288.356447675198,301.976071767375,198.946805569601,245.006853506874,256.071117079691,225.381944843777,242.801599114762,280.430522724306,239.221961002766,230.774765263412
2461,2461,24600,0,0,0,0,0,0,0,0,0,0,0,0,0,0,0,0,207.85763047103,267.647688060406,316.03259066176,261.198397954491,225.932677061316,234.18728670971,289.867090586007,305.311839663759,251.386736572009,229.873588540788,306.03227613256,245.576372896417,244.5985640845,264.16529327532,279.787664708839,219.178929076613
2462,2462,24610,0,0,0,0,0,0,0,0,0,0,0,0,0,0,0,0,197.995504636859,281.378347985483,225.91309806271,210.235589665083,260.0516713564,274.773918988547,312.246230245624,241.087240805494,217.77320209684,227.445154446122,240.924878956983,250.04123896683,289.30063500803,306.743318461916,252.743742483712,247.918013162693
2463,2463,24620,0,0,0,0,0,0,0,0,0,0,0,0,0,0,0,0,275.084810724934,273.660973328265,201.203208552213,257.515664923917,198.474545094351,267.240258335926,295.430298091588,311.294111325905,286.697908064232,277.166076640114,224.573403833873,297.136611026815,234.532386477093,219.738029380731,282.345435673545,262.287493916015
2464,2464,24630,0,0,0,0,0,0,0,0,0,0,0,0,0,0,0,0,287.469034656061,228.780228801697,218.667997205709,302.631671305262,258.172698824226,211.702568358657,309.364293560087,253.437208600088,219.180441610341,272.94514755393,234.236775671117,245.156023326603,185.977545585298,290.46053426113,268.381258663041,286.587837600131
2465,2465,24640,0,0,0,0,0,0,0,0,0,0,0,0,0,0,0,0,196.935175606083,254.426342897602,207.175449498707,200.644340725251,214.831883465958,241.494106779694,309.712866818858,280.673795452072,242.363290576333,235.341857352868,211.387990663513,288.990846225743,304.895608711207,267.115798014596,276.986486886784,306.902814072748
2466,2466,24650,0,0,0,0,0,0,0,0,0,0,0,0,0,0,0,0,267.603730741623,295.401860743984,276.560473189633,265.17510348867,198.718952856843,217.882359961738,284.076212853411,230.111724119233,208.130135859198,254.797201246878,192.508534411757,226.168744851445,242.923755101561,246.896110639938,241.851983502528,239.828735394812
2467,2467,24660,0,0,0,0,0,0,0,0,0,0,0,0,0,0,0,0,210.174915003141,280.983407822543,327.542280022374,225.26961953534,191.978497655466,211.944018048908,298.042852070851,207.729593244086,257.537872353161,262.518931985924,208.049202890915,278.883557169133,248.931830742227,216.100092332124,244.638053026668,259.744267154848
2468,2468,24670,0,0,0,0,0,0,0,0,0,0,0,0,0,0,0,0,232.433947894322,168.807744804994,258.687472046073,259.201631620802,240.212630297408,221.179272881977,303.006679638245,244.16715844066,280.533128724493,203.252463935666,257.893803403079,225.348917179671,217.101081726987,291.619126027664,181.912843025797,243.457748626432
2469,2469,24680,0,0,0,0,0,0,0,0,0,0,0,0,0,0,0,0,259.003157306894,264.676352429841,278.206622900685,220.838515442199,264.227230123666,280.017494203267,288.077483507428,242.138984686875,248.038379649642,275.559995817619,214.976890270309,238.533221209451,175.37550668984,224.561019995169,243.15008265086,293.496097498929
2470,2470,24690,0,0,0,0,0,0,0,0,0,0,0,0,0,0,0,0,294.008473725172,197.800428517881,217.798037356363,282.527383397297,237.098926116055,289.810304664935,268.183691270859,236.911851559027,242.427867895392,231.281544803975,264.869757289727,263.936853227883,296.214481326499,289.594759999002,260.152815871346,213.478531432219
2471,2471,24700,0,0,10,0,0,0,0,0,0,0,0,0,0,0,0,0,190.931796613706,260.630994617322,273.02040369958,307.434576405147,289.093782893382,218.134807483666,272.355178410965,260.539443025308,273.102430114694,265.671375493683,249.311270662647,299.975413898078,260.925750096167,252.461555626878,240.973791595436,327.15737987081
2472,2472,24710,0,0,10,0,0,0,0,0,0,0,0,0,0,0,0,0,218.908401293126,292.173845920038,290.981539631172,274.292696690481,236.346956948824,264.956325042347,280.072422385014,188.336891230873,233.639184935997,245.375002249592,261.70394735617,228.0243508066,230.536684832967,232.901124394166,183.731500088177,277.126990051563
2473,2473,24720,0,0,10,0,0,0,0,0,0,0,0,0,0,0,0,0,193.555562416275,254.776436864277,227.787987311379,248.650976273487,237.293097490885,276.490161570624,270.316431559586,169.059372181003,260.565634091376,270.002587895615,333.317253984754,250.510292149263,272.704058585268,218.323048389278,262.252271125616,232.77403537587
2474,2474,24730,0,0,10,0,0,0,0,0,0,0,0,0,0,0,0,0,219.443623830971,267.320166471065,235.020978355516,287.198471943793,265.364040752941,197.13712428297,286.070963621096,234.373144368728,272.835342879481,188.816160241931,284.617622780966,199.057222389597,305.118719931458,280.398463243308,267.092067059865,237.806489693878
2475,2475,24740,0,0,10,0,0,0,0,0,0,0,0,0,0,0,0,0,227.850523205761,217.405529765537,289.042234917704,266.509754231651,180.029487314078,259.691298221976,303.733957481461,238.603056265408,242.463667641042,237.980695795689,182.575801329111,282.988061100254,294.167572298271,233.918203800708,247.843774453603,279.167633065663
2476,2476,24750,0,0,0,0,0,0,0,0,0,0,0,0,0,0,0,0,250.538006189284,305.182299527674,271.198415444773,302.725726624775,323.042166018619,317.769284750206,306.592479747102,249.207602471723,295.379712964937,232.208335849787,300.150183379328,215.336520069347,226.593012776724,223.524000792918,194.235983803728,241.500958815301
2477,2477,24760,0,0,0,0,0,0,0,0,0,0,0,0,0,0,0,0,286.513827268649,157.977522419041,258.273392599563,261.643550242834,290.561585630821,255.309264208675,309.546676090961,222.658398933846,237.772449609251,250.317015849013,206.333003848603,250.732178919135,257.518186271715,244.8421237724,223.384124133247,286.222618694411
2478,2478,24770,0,0,0,0,0,0,0,0,0,0,0,0,0,0,0,0,229.635625043695,299.472208968302,231.148858106893,247.573353899884,240.956897114353,236.523452970932,288.685267921025,207.138374527789,254.530902008564,219.98299953952,207.459741067966,210.528607622686,236.696643417243,258.773634096551,227.256407123794,248.493679931853
2479,2479,24780,0,0,0,0,0,0,0,0,0,0,0,0,0,0,0,0,240.247659204117,258.179247684246,268.31095666577,230.563055746093,252.650013519052,206.393656363663,300.164473658666,224.844227055804,233.056191115981,220.148087204449,275.976131653791,262.567482675902,245.351162425088,266.255504110853,249.580916205166,313.627526567571
2480,2480,24790,0,0,0,0,0,0,0,0,0,0,0,0,0,0,0,0,288.089817284344,248.185600335109,249.111354755138,260.536429407077,212.555273644479,236.377668089866,314.874698507849,264.684182876505,293.739014666695,207.121334903948,308.43966540123,234.155958481821,228.079283358398,272.948677873787,265.065994231934,246.208726355653
2481,2481,24800,0,0,10,0,0,0,0,0,0,0,0,0,0,0,0,0,260.555765543851,305.571488329684,200.019222700953,296.646984878365,237.862600045737,273.143429473128,302.851348943314,242.547169662933,236.691548110608,278.288977333857,250.848971456013,293.750527880773,286.892678989877,235.314898286721,251.476426804925,277.437718276645
2482,2482,24810,0,0,10,0,0,0,0,0,0,0,0,0,0,0,0,0,234.193445699415,298.788110227348,273.361725938113,241.25401721766,260.67849799876,243.483242308964,304.80657532482,148.406691855456,219.707040242558,290.520454880948,219.296283892523,208.015774026627,217.639130809378,184.377038699394,294.752474028006,282.485284571392
2483,2483,24820,0,0,10,0,0,0,0,0,0,0,0,0,0,0,0,0,231.63111623843,286.450830792457,266.439641071021,264.261691123843,236.71601604576,277.732354920688,314.399205194516,289.293786170664,236.041070494781,235.673530456556,244.695195610624,274.511776071451,236.71201886393,255.982876116678,289.11270763174,248.750175790437
2484,2484,24830,0,0,10,0,0,0,0,0,0,0,0,0,0,0,0,0,237.778436898201,304.804668126536,234.799069460466,269.560072184823,275.90642840926,229.639473840451,285.020081498952,232.179867410229,215.173076159716,194.661004187243,197.348506603404,299.93191758369,327.503727576327,243.789529060367,225.307463624339,284.389457686209
2485,2485,24840,0,0,10,0,0,0,0,0,0,0,0,0,0,0,0,0,224.056638207487,235.045476119075,280.875411191044,212.754665767377,289.721111174096,238.203791015467,315.962868880732,251.23608680491,227.614186891737,278.652629047318,293.682910242531,245.836118385925,269.318389748883,213.654119068447,242.394475590067,249.842936524014
2486,2486,24850,0,0,0,0,0,0,0,0,0,0,0,0,0,0,0,0,276.427734333024,234.426507425122,265.068069157089,305.698316661663,264.540276854403,258.167000296974,320.743722558211,281.565473567005,244.933963247963,256.72719139339,226.356134886489,294.37416373428,302.886070503747,251.138011853313,229.981625590768,220.44131493513
2487,2487,24860,0,0,0,0,0,0,0,0,0,0,0,0,0,0,0,0,270.841964907967,218.756274276859,240.432049426281,232.617106869335,256.399784081515,251.22562065613,329.25563900025,243.14499449054,245.287472458029,355.153555658709,246.662615472491,198.471179273164,289.342156127574,238.441766811638,253.940070653212,210.397468602053
2488,2488,24870,0,0,0,0,0,0,0,0,0,0,0,0,0,0,0,0,227.491014735835,321.070087017873,230.960763392134,300.102844532344,279.084117599594,244.833735881492,345.627781757562,266.095627895678,236.425854305514,243.42690250738,220.29946484392,220.626468671028,202.546198061113,201.541813761764,273.217076577995,239.142873006755
2489,2489,24880,0,0,0,0,0,0,0,0,0,0,0,0,0,0,0,0,236.017158074449,241.720148077786,250.44674872794,245.951244028123,299.048821831838,281.220781093602,329.695903148973,204.850269951846,208.843900787756,248.450144245753,255.003551316556,216.66111010386,281.122303466664,235.484247024831,261.901316162056,271.928936242701
2490,2490,24890,0,0,0,0,0,0,0,0,0,0,0,0,0,0,0,0,215.667728109873,228.365612504205,207.979026990433,253.159371524069,201.465552505453,267.129919627803,322.565936114261,288.445155174607,240.338817959247,238.434779282322,256.148342790073,265.09866435566,315.585971704234,189.255907518485,252.461951265219,272.216230843882
2491,2491,24900,0,0,0,0,0,0,0,0,0,0,0,0,0,0,0,0,261.934437283455,270.310827779923,232.859424154885,249.956292078956,267.177745710325,249.875425295042,307.641460703816,173.162677539471,225.151960885013,284.176586725954,261.115426046449,286.532192725175,192.423895627293,262.000700239744,309.454126583052,251.665705452798
2492,2492,24910,0,0,0,0,0,0,0,0,0,0,0,0,0,0,0,0,278.180278099543,264.8994735412,295.799889780384,301.434396556583,232.185656334391,252.207000376386,309.162453215172,291.607268991116,269.227977997612,246.529071998824,228.426730739776,271.511886884407,242.787034719705,252.230861640483,210.768856904329,261.377917164329
2493,2493,24920,0,0,0,0,0,0,0,0,0,0,0,0,0,0,0,0,226.531520357878,220.670238033978,253.223661006233,225.377127705505,230.616717590645,255.451250581039,292.18498102819,252.282949763631,278.103127351733,302.895518094957,286.40092784286,215.761040054893,290.465677018219,221.558900983934,240.315497414182,263.099858326105
2494,2494,24930,0,0,0,0,0,0,0,0,0,0,0,0,0,0,0,0,315.785941921116,221.768877303242,277.941580175557,304.637693111316,226.730946941376,233.928823866689,332.513380254874,322.166272707207,306.522896056585,230.772433384778,259.218934540086,251.132452704848,329.15812669453,255.369389528049,273.205865311045,282.916814505114
2495,2495,24940,0,0,0,0,0,0,0,0,0,0,0,0,0,0,0,0,243.910006055002,236.129691930413,250.557345097446,271.487346614779,275.873925656825,231.270690770066,286.892843789348,278.115207507577,242.388589905907,236.515963789105,242.879479057413,315.260316182127,230.203081659227,322.373470884066,287.583777521607,243.278468779939
2496,2496,24950,0,0,10,0,0,0,0,0,0,0,0,0,0,0,0,0,184.003988586991,259.819147474979,258.608326826934,311.41947779504,220.695663097746,210.158999949578,314.760425930777,283.167851561859,171.825215739594,277.872569641785,291.518099141566,274.643333811217,224.268879374426,297.179010173027,294.448169724882,292.905238819044
2497,2497,24960,0,0,10,0,0,0,0,0,0,0,0,0,0,0,0,0,295.691317846518,263.249769460411,229.375550962729,235.61081412835,223.986684852599,272.346615451804,295.244363083804,253.935599051706,261.561655215117,165.607876633681,356.177003422679,229.203423165779,240.879009086916,251.16183961998,274.728234703769,291.259628608519
2498,2498,24970,0,0,10,0,0,0,0,0,0,0,0,0,0,0,0,0,244.415058900166,289.203816206476,281.091319095529,298.212017965264,261.979176375695,274.144833921547,270.823322997263,221.952346423461,258.320173500018,245.222182071258,284.412893702804,243.158670859235,279.093621616723,293.036103381168,281.87180419528,286.567278979066
2499,2499,24980,0,0,10,0,0,0,0,0,0,0,0,0,0,0,0,0,209.221179008876,267.64608081325,268.953880905724,216.505565765587,293.982758621228,220.491070227454,305.774656280809,175.720229007167,255.978607486963,217.157003931797,320.055047726295,276.247029282004,213.440362376997,286.617436314574,209.656710094173,263.824900162344
2500,2500,24990,0,0,10,0,0,0,0,0,0,0,0,0,0,0,0,0,249.810017224896,280.32733922315,191.959837340736,276.355509548269,198.885372415304,205.550671145729,308.601431285944,286.849606926573,278.226134818927,264.693726524763,264.394834579212,282.559093742752,341.58541739302,286.322908118444,215.152144135588,309.259596801946
2501,2501,25000,0,0,10,0,0,0,0,0,0,0,0,0,0,0,0,0,327.966088136978,294.052463866379,264.692524213933,354.459539034965,272.330404568345,224.811787783107,325.484756057883,272.07363188684,234.173578971465,270.005890637279,269.754206656474,211.540410465718,241.822731132731,293.212010653083,253.419421099411,231.334329793154
2502,2502,25010,0,0,10,0,0,0,0,0,0,0,0,0,0,0,0,0,280.639756494584,256.448030388997,255.428727866032,238.700959575201,279.907723086945,271.243649127929,321.331902416621,221.353876888427,273.642860897808,270.97063123235,261.179514550364,255.506158704336,164.419784975761,300.682117359009,289.968642538792,272.490041218547
2503,2503,25020,0,0,10,0,0,0,0,0,0,0,0,0,0,0,0,0,311.777466707904,228.64766824402,251.850118677255,233.848912542759,251.830755092969,284.470924747995,323.802898238332,246.913186442858,215.42956245877,232.912282598229,222.041428258756,288.814357629188,215.809909235546,305.462869453384,296.532806202164,260.574058480408
2504,2504,25030,0,0,10,0,0,0,0,0,0,0,0,0,0,0,0,0,225.005978212636,245.545753790596,264.353775660574,223.661065017223,260.096883862407,190.591052576065,328.970809053236,266.435531863959,247.552408424054,293.325025781815,246.497423378882,286.874753504683,276.603984792678,270.245572144437,237.339618837654,243.938389321089
2505,2505,25040,0,0,10,0,0,0,0,0,0,0,0,0,0,0,0,0,206.99354720475,247.653585239931,261.365839401018,306.696479530314,199.034052314284,255.770381384676,341.328172932588,268.583983038067,262.690034998652,241.676798601614,252.703261264829,215.18808102611,277.013624071813,294.069964107204,207.535611262346,214.34790342181
2506,2506,25050,0,0,10,0,0,0,0,0,0,0,0,0,0,0,0,0,260.952387546122,218.800349733643,236.214859431699,270.568837721761,227.764925506619,239.341022718555,346.245874562607,212.218849591176,259.129897217126,134.690427656275,243.077704386238,241.756950838092,301.363722395166,262.866666739909,248.81890496873,273.418883815663
2507,2507,25060,0,0,10,0,0,0,0,0,0,0,0,0,0,0,0,0,273.359932176767,233.445094522477,260.218013741778,260.787849410177,271.551269600288,186.992035020878,369.757694004209,249.277150273615,242.014067785857,292.974426103218,244.219815050078,244.70388596165,233.037225461646,238.808933858867,289.871496051941,226.194996546848
2508,2508,25070,0,0,10,0,0,0,0,0,0,0,0,0,0,0,0,0,219.458903323976,238.498660047228,198.621552653068,301.981055036246,254.998967698921,281.230113505314,346.285173626377,318.315423639163,224.678423739474,261.74260499161,232.921751442385,243.950811055748,226.89973668026,246.16113802353,228.936916843536,278.0998509516
2509,2509,25080,0,0,10,0,0,0,0,0,0,0,0,0,0,0,0,0,216.838937024515,254.639165168938,185.619287804848,261.506405856889,220.374720337263,236.739427645638,348.586970141062,262.9890423244,259.554016783548,271.267805347283,289.941563279406,302.844508345092,243.888596656325,306.601209484781,205.564708887538,309.304495111483
2510,2510,25090,0,0,10,0,0,0,0,0,0,0,0,0,0,0,0,0,275.40654100589,286.951589374461,274.080602705573,263.380370541838,257.275237295162,194.971730139972,372.936604448662,309.784574621496,280.720635627897,217.087366530474,328.55644870675,209.715823173389,190.324444185404,309.254354521565,172.300653840169,260.034976175004
2511,2511,25100,0,0,0,0,0,0,0,0,0,0,0,0,0,0,0,0,215.073209370631,210.379143862359,227.332583462804,245.346914546675,198.111196719276,273.505655027527,374.196149464167,258.716920527668,255.488367390365,317.380074560932,296.808054601499,266.676163523954,228.541054420657,242.378165474259,198.44439224595,285.176134311745
2512,2512,25110,0,0,0,0,0,0,0,0,0,0,0,0,0,0,0,0,237.549362729534,197.423580542924,242.121097470298,189.659102983743,275.17379867459,247.470682531459,390.242702517695,333.808572965468,303.068125566766,244.252272987281,211.578582540099,188.747551335719,290.953466938048,343.627584739737,251.959013875972,291.617410533307
2513,2513,25120,0,0,0,0,0,0,0,0,0,0,0,0,0,0,0,0,213.42507757396,282.830433889027,259.409677711346,328.011509612008,234.725846622849,198.620971938945,383.444076147142,279.637789320514,330.977762544067,250.513686202326,267.068525990813,228.403356896268,326.186005615508,198.566043919288,237.197367403414,237.562932575067
2514,2514,25130,0,0,0,0,0,0,0,0,0,0,0,0,0,0,0,0,225.664522014671,231.921778819337,230.746799588347,255.508610425528,248.730592373172,309.519142354109,372.633787403382,255.899032599804,256.984313775106,266.210107834755,177.146627340272,261.526043246141,302.936016642356,175.950729750331,280.29549908297,260.505714155011
2515,2515,25140,0,0,0,0,0,0,0,0,0,0,0,0,0,0,0,0,260.251947936316,219.881292667087,249.387466544321,238.068193652392,220.172772298692,307.882964932852,354.087013943349,248.155412766292,212.896831640583,159.850404349552,228.162705681693,270.235091454012,259.996768752769,230.395808160781,262.152520742088,239.4140648956
2516,2516,25150,0,0,10,0,0,0,0,0,0,0,0,0,0,0,0,0,264.841131719038,283.564896417675,239.926830409338,267.922538441281,248.823863944491,244.111197365922,356.133078805987,247.113374480847,228.20718263811,245.087304254115,274.937806097969,193.905091470421,282.944936303874,240.913448589373,214.108521278584,205.780066141329
2517,2517,25160,0,0,10,0,0,0,0,0,0,0,0,0,0,0,0,0,263.937508118276,236.097772247279,267.054268631702,230.9295767173,269.453426917707,188.776437269298,369.168149531573,193.533982721598,244.16154245474,231.521975113861,196.003338770458,264.191988141805,225.537474529477,264.943925830623,186.983799357806,226.959706996789
2518,2518,25170,0,0,10,0,0,0,0,0,0,0,0,0,0,0,0,0,223.424774503118,302.488504703364,245.870528006812,202.379562729312,297.641708980528,261.875127662246,357.632324537464,262.40075250599,258.838565466277,272.800788815314,202.28805678002,258.932592764584,199.61248776338,251.100073346854,299.605986279465,256.702399128862
2519,2519,25180,0,0,10,0,0,0,0,0,0,0,0,0,0,0,0,0,245.35813665253,233.703537257425,198.626518370811,238.955884228572,293.251137357106,251.461682775665,327.356826618788,275.133634418634,246.178407440365,268.430810438862,236.586768969458,280.182250511193,200.91562677853,232.284541176007,283.447535813424,236.364355367133
2520,2520,25190,0,0,10,0,0,0,0,0,0,0,0,0,0,0,0,0,240.372627202568,252.813573365896,247.497076388929,249.671360660941,225.024239193818,205.04908058848,353.077841869271,246.801295007781,197.491119913369,253.397253535352,211.018668357103,236.717495578759,256.734265655625,268.56212413014,266.530790449461,242.150724742344
2521,2521,25200,0,0,10,0,0,0,0,0,0,0,0,0,0,0,0,0,238.3706140694,203.658761877705,174.236887381056,268.659903177297,214.241328614912,246.064771155396,353.99387082856,285.815822840116,274.895213520397,247.515166914269,284.421715902518,285.256671930035,253.211828127688,214.098920026192,246.696764976864,241.25846047846
2522,2522,25210,0,0,10,0,0,0,0,0,0,0,0,0,0,0,0,0,295.9264260541,219.992454316234,280.418460171958,236.400889308722,213.898947882783,181.260725228444,343.53208748784,212.353661107711,229.93085960237,270.815443579127,191.923468893908,266.029712751484,239.987286249102,246.395894284094,297.027816957422,190.111956928483
2523,2523,25220,0,0,10,0,0,0,0,0,0,0,0,0,0,0,0,0,272.617445633177,200.081541961224,254.696362005079,203.76992389706,261.442316661626,251.027723282188,354.669952595989,260.824863482408,223.231020168835,244.270626790637,233.771529060003,258.409191870305,294.606819236402,235.78166357406,211.891790972718,277.520347253615
2524,2524,25230,0,0,10,0,0,0,0,0,0,0,0,0,0,0,0,0,254.087939571194,244.691561943295,225.414844146777,154.066330334889,249.713046569954,222.99614436632,373.562738647927,294.630642106928,307.850479398628,300.544124547149,249.761813263404,206.27099078692,253.831138206954,222.68995051004,265.153244244089,254.572400172552
2525,2525,25240,0,0,10,0,0,0,0,0,0,0,0,0,0,0,0,0,243.157985969636,325.095536187697,224.51471015241,226.044906502696,244.299650280812,238.15149225859,378.90892418822,177.213453026822,355.482787540438,247.149392379146,238.373250857539,245.915438623313,207.304168852029,218.447302970525,255.879933065142,219.741181902092
2526,2526,25250,0,0,0,0,0,0,0,0,0,0,0,0,0,0,0,0,237.774136791497,256.971279280805,281.149330721968,257.261541166354,302.378835566272,321.866055140504,357.275454373204,262.541423951022,288.48970996349,252.380535104267,251.766860832451,304.567815855874,154.717026425967,282.401447039381,231.255320700976,258.749142063194
2527,2527,25260,0,0,0,0,0,0,0,0,0,0,0,0,0,0,0,0,253.018031967438,271.061011568148,315.068178226447,228.792634452484,315.247840426778,252.144026716086,378.425749550096,244.321005456543,250.13346336449,213.629075068553,300.100823513483,254.483538773743,262.76464617144,232.505507621071,306.973394712459,257.364466180124
2528,2528,25270,0,0,0,0,0,0,0,0,0,0,0,0,0,0,0,0,230.328404929324,272.760769718435,261.860308644012,271.432251569161,325.077071199095,232.020807452211,375.534667555792,253.095172419166,192.644378701942,246.135601827278,247.324095978515,241.045712298127,255.180729539892,214.610891325316,306.823373230849,252.971323408694
2529,2529,25280,0,0,0,0,0,0,0,0,0,0,0,0,0,0,0,0,264.693623637807,284.101945084219,177.858046065993,280.469102815994,326.628486415412,248.080996937353,377.612613668616,276.189542904607,332.736762571084,277.210689749089,185.253458510511,260.849567225331,243.518141100742,185.473872285351,258.725447093503,240.114961129426
2530,2530,25290,0,0,0,0,0,0,0,0,0,0,0,0,0,0,0,0,253.367405335308,243.879889404026,224.543103431399,280.544853508656,226.890077361521,247.313529024708,356.464683559424,257.178028202528,314.011082080044,272.402163236053,291.371281110161,205.105196114363,283.773630727536,270.509551097549,275.082507053887,175.3632964391
2531,2531,25300,0,0,10,0,0,0,0,0,0,0,0,0,0,0,0,0,207.678457184271,282.29472503941,240.060092779905,271.791426971269,254.654982609726,187.373829987182,331.653738770729,177.957236057812,326.394572634652,213.62676051829,318.34169305324,253.405541964179,316.567259442604,241.374486738132,154.714271936536,192.376610910282
2532,2532,25310,0,0,10,0,0,0,0,0,0,0,0,0,0,0,0,0,285.330819767414,241.014551529735,256.359798537702,255.355155596126,229.588611115286,290.246487345529,342.864551332231,329.324715805978,241.379232837181,216.091034221275,220.163334414369,282.55172152499,315.522649221928,216.28699453351,246.743972474661,304.039056650507
2533,2533,25320,0,0,10,0,0,0,0,0,0,0,0,0,0,0,0,0,255.0795153959,283.425324351881,298.722585939975,265.03474330487,344.480778063711,228.654431201635,358.053344398668,229.172404047337,245.459372358877,254.260885645922,210.060342936236,290.730078318636,279.683296896816,198.430167154285,267.408683153076,264.081423631125
2534,2534,25330,0,0,10,0,0,0,0,0,0,0,0,0,0,0,0,0,203.853642274967,218.597722584934,211.620006616528,278.969606527955,226.905986172665,258.419625919681,347.830625952649,280.637612605721,222.780330663317,223.684983211503,256.498988168523,279.918342451556,256.876381306368,327.827977044039,228.687195623667,259.113709017236
2535,2535,25340,0,0,10,0,0,0,0,0,0,0,0,0,0,0,0,0,322.485787264837,262.556814614217,281.496374232804,262.748558232783,259.669693221794,250.832818061198,366.591605589236,306.147565077645,228.151405064902,222.034678753721,229.611782903916,263.034274486303,226.171082261773,234.276401505651,290.036441197429,299.679095371275
2536,2536,25350,0,0,0,0,0,0,0,0,0,0,0,0,0,0,0,0,331.116594334628,230.300832137978,224.618078047612,254.10957842285,207.52639543341,205.136686629513,351.245788191072,235.871223302533,289.084735094692,213.885503605867,250.043340946425,245.731995109387,233.825673766572,235.511996346832,256.685800790038,233.069085266851
2537,2537,25360,0,0,0,0,0,0,0,0,0,0,0,0,0,0,0,0,219.060132260545,285.792925969724,155.545069035435,220.689040718811,217.014995027467,299.167372765776,350.685566898499,240.442375894871,223.259562792294,320.339060257246,198.497468614846,221.246924216108,271.349635844079,253.175234208743,269.601272611726,242.040074536382
2538,2538,25370,0,0,0,0,0,0,0,0,0,0,0,0,0,0,0,0,277.516137453431,277.262421814899,283.926855017201,261.776754383453,274.971808367722,266.146306445099,369.673439421318,255.508308545385,272.132664446367,324.335522410597,259.43566774523,192.845687962296,234.854294352226,246.348288701423,176.570077498049,251.741107735856
2539,2539,25380,0,0,0,0,0,0,0,0,0,0,0,0,0,0,0,0,243.324300987113,258.194458984789,328.859066955648,274.83591497395,285.765239667199,244.221105141162,356.583862751098,256.409629166018,269.47165455297,213.059623682989,235.873719828905,234.670886981816,216.890598698501,255.440677588575,229.93859275668,212.859595083535
2540,2540,25390,0,0,0,0,0,0,0,0,0,0,0,0,0,0,0,0,257.399541209787,213.685115365458,295.778280434801,267.244344736882,250.441547584118,163.38806436872,334.913913855315,310.916069294881,161.421069180583,229.140152925085,232.502230218447,268.14474062338,186.546906418168,293.835820754782,287.116905871405,245.050082935203
2541,2541,25400,0,0,0,0,0,0,0,0,0,0,0,0,0,0,0,0,257.931487305533,214.663415904366,200.387576382799,299.146565257048,250.651089674961,187.252555743855,316.736433601775,261.523853702711,204.019374490704,295.038922963289,200.117021024037,168.911574298211,239.407501302571,304.815503520579,304.73988667217,200.204847465828
2542,2542,25410,0,0,0,0,0,0,0,0,0,0,0,0,0,0,0,0,192.987062920986,217.631907358747,255.530190942756,234.030508038302,276.996937801493,278.424828258567,325.254078341976,230.807992373884,226.004515845405,242.319304228897,281.492836582882,252.055039804626,287.535423545854,193.711400444815,198.591340177993,191.707463453091
2543,2543,25420,0,0,0,0,0,0,0,0,0,0,0,0,0,0,0,0,249.569214638198,362.216207505896,307.426887525448,220.827155641709,270.986839163493,248.928541482562,323.32943260907,257.624246803381,247.692616025043,210.115941145598,202.918424687356,273.15088289205,319.861249253771,263.826150981432,220.455576198517,279.183616828178
2544,2544,25430,0,0,0,0,0,0,0,0,0,0,0,0,0,0,0,0,212.596194916454,247.998753731566,213.441928490909,301.21598137726,226.798056228013,289.724103864103,314.603972557247,209.88518398534,215.817460792619,285.488060120108,212.551674939591,230.640822767871,242.365033939396,224.524165475224,289.518681723643,305.674227947787
2545,2545,25440,0,0,0,0,0,0,0,0,0,0,0,0,0,0,0,0,305.427022237913,238.594974919356,276.496415362467,224.325614298874,325.128697566326,305.22750826181,314.090577709839,253.579855053611,288.624726058848,190.323580859722,260.931627013108,275.289059500836,200.60551263505,268.831668587362,196.695870126395,260.909356101883
2546,2546,25450,0,0,0,0,0,0,0,0,0,0,0,0,0,0,0,0,219.566325657469,224.701575006483,229.267288249167,263.994878304049,289.950646213298,317.974542434779,302.651757141938,262.660859027852,171.351805101111,231.009073739871,241.827269470465,270.061401565618,217.447068061944,240.084488811355,215.829683217067,251.192339109969
2547,2547,25460,0,0,0,0,0,0,0,0,0,0,0,0,0,0,0,0,263.957673453622,207.445660121023,259.80009062913,260.419855228905,257.158734479544,235.552395790962,325.128841185228,296.520845003322,268.540266381944,244.796050218834,300.204776279516,310.852934283114,241.84956940172,223.775807933243,242.427387328588,293.680726729316
2548,2548,25470,0,0,0,0,0,0,0,0,0,0,0,0,0,0,0,0,300.672341712112,283.871685968515,265.765385216488,253.32785791479,232.312172444801,250.030135460014,296.677382941424,280.303707959861,212.143335426584,233.815225557926,299.153609567151,278.109149509756,210.877318609094,270.008480486901,243.402146755445,254.910130152836
2549,2549,25480,0,0,0,0,0,0,0,0,0,0,0,0,0,0,0,0,268.638102279407,208.822521679836,240.447362931526,221.233280182235,257.97792390998,221.915262174813,292.900873414532,273.500391063578,268.898166369892,260.395418337255,261.962327674318,213.383052694853,251.030878940712,278.653185689077,149.852207492764,212.602653141297
2550,2550,25490,0,0,0,0,0,0,0,0,0,0,0,0,0,0,0,0,217.805513637579,289.750001594506,247.920349303614,240.973811626002,229.278476919113,264.87873280304,271.934078755859,230.306727013924,223.26048479863,284.553008831921,209.460745123893,284.19499911959,253.092630573089,230.612624818804,260.597580576239,221.630208720719
2551,2551,25500,0,0,10,0,0,0,0,0,0,0,0,0,0,0,0,0,272.48621367795,155.706367915338,244.657462361899,182.824840671333,214.165767024914,248.414391157257,298.48015154738,257.805854879262,250.319893975198,228.919366599289,351.3244562548,238.863050346103,282.089079713493,284.512060503531,246.689346238192,188.246725437824
2552,2552,25510,0,0,10,0,0,0,0,0,0,0,0,0,0,0,0,0,197.343108606845,219.753064962289,297.448124863781,234.861455029606,267.04095686814,311.814247843564,281.313453138404,225.245559937943,243.676960818546,245.485271734618,250.149822275012,243.408230788288,313.279317042851,330.796493088885,226.376020080125,244.602932553566
2553,2553,25520,0,0,10,0,0,0,0,0,0,0,0,0,0,0,0,0,298.225097280883,257.384542072796,229.148444552709,254.289172165294,236.651384814021,272.852578221107,294.883683241791,318.066919278453,253.925834298727,199.031134263352,249.78301285746,287.195349696326,258.240505984928,270.11208000951,238.539350666092,205.778231030151
2554,2554,25530,0,0,10,0,0,0,0,0,0,0,0,0,0,0,0,0,259.782128622265,310.157665784198,280.332470382909,228.187111486051,323.002346515758,207.930057980852,286.326575385145,209.22025121624,258.982505728263,278.062244421183,240.847498202847,230.595722121589,196.715922339729,188.945277153922,297.506359314879,219.463825385004
2555,2555,25540,0,0,10,0,0,0,0,0,0,0,0,0,0,0,0,0,253.726512599647,152.697416457238,249.283126999874,190.908118207157,308.825489615901,303.598635867169,307.830204015277,225.616199638137,233.17794162391,203.170087447683,274.871797001864,256.170745811326,253.789629708388,274.710218053459,187.241760334234,229.488464761173
2556,2556,25550,0,0,10,0,0,0,0,0,0,0,0,0,0,0,0,0,233.773768809964,268.334573737782,242.791193586639,261.725730066879,274.432805835627,270.386894491242,304.832136498129,251.178443441916,216.7622566849,255.245120779918,245.438046699508,226.130173530894,282.703138721453,228.42950685883,214.295071512491,275.600341125931
2557,2557,25560,0,0,10,0,0,0,0,0,0,0,0,0,0,0,0,0,245.516040974471,210.485480543198,275.511834396953,265.144082348581,211.716402435803,277.555949282182,307.4599328866,236.769078102543,213.911275462299,236.928097323381,207.745151588175,271.291962198608,247.650635348219,344.401808220499,192.156010791908,251.129716904149
2558,2558,25570,0,0,10,0,0,0,0,0,0,0,0,0,0,0,0,0,286.382271159868,233.128744602644,232.819581008777,246.380008838873,216.381949132307,309.301124345888,328.019552158184,298.989327693178,236.58626620948,237.730371832326,250.58580907536,256.108556589013,248.383928623957,216.845719322375,255.730394286742,284.00456051893
2559,2559,25580,0,0,10,0,0,0,0,0,0,0,0,0,0,0,0,0,173.944385327373,245.328827648554,192.240569379671,348.664483279919,277.496068659808,200.785546837293,315.258540063629,185.593938760704,253.597307436356,181.94266271738,232.892915320949,211.543434665218,214.430091153554,301.440452041641,254.360827390354,272.334478580281
2560,2560,25590,0,0,10,0,0,0,0,0,0,0,0,0,0,0,0,0,305.727988493566,267.905022740821,285.018202984614,189.726302568549,224.862692958911,249.379172291058,332.360868454006,246.619419529288,256.868854112441,294.835461769119,242.72498644632,276.035225562462,218.773346534447,248.909952354526,314.233758453432,268.565692516156
2561,2561,25600,0,0,10,0,0,0,0,0,0,0,0,0,0,0,0,0,252.727658614448,221.930815159071,280.928193323686,305.713069350581,260.469088346589,243.963147940252,337.81994924186,223.726859045403,276.267811677973,251.562974041608,330.671520279802,268.610244561722,264.242600988264,218.071561763839,259.932073887368,275.694024622226
2562,2562,25610,0,0,10,0,0,0,0,0,0,0,0,0,0,0,0,0,194.718493552506,281.703157671329,294.664661566364,206.681728262034,245.90924940605,310.333475831456,331.532140072623,253.013951531765,260.516958435597,195.905048996834,223.452927786539,267.033479250431,252.847683674513,287.546495956444,221.88063749885,215.100326743577
2563,2563,25620,0,0,10,0,0,0,0,0,0,0,0,0,0,0,0,0,263.616020636358,272.990085999793,282.497300564992,277.500595420528,217.259250366754,234.784183244382,359.960250233302,292.563279456794,256.129160184682,241.589677838187,211.868867348519,274.801102659548,269.427064579954,248.76467054275,225.267258979929,172.74026855509
2564,2564,25630,0,0,10,0,0,0,0,0,0,0,0,0,0,0,0,0,251.751070963965,263.53243233901,264.26417564556,288.415043120281,238.492306463627,247.850423676027,359.09553481986,278.139267616895,275.340060490457,246.775315977874,250.852258689187,160.543221390933,265.439457397076,198.041587901197,241.368951705365,233.312050312219
2565,2565,25640,0,0,10,0,0,0,0,0,0,0,0,0,0,0,0,0,207.171740405948,293.442419371651,236.707495782078,198.873039971004,225.152557280264,260.013177012379,390.536958035501,278.075602995864,189.747714896689,240.218203039483,250.16947543494,236.239124437743,203.77513891108,229.629725105703,302.162125549098,191.921115935415
2566,2566,25650,0,0,10,0,0,0,0,0,0,0,0,0,0,0,0,0,328.575059290244,287.721203594964,311.314536296792,221.263796234237,263.830829133162,200.568353595095,368.436502856231,237.707740887375,234.55936937905,319.665072734397,197.478174558608,197.58825461836,249.025047298442,296.987199954861,153.79890052512,269.840645296436
2567,2567,25660,0,0,10,0,0,0,0,0,0,0,0,0,0,0,0,0,232.281931331623,289.625581981055,314.445401105596,240.58447541395,301.400253777195,249.220659464515,388.707574663575,253.127083098125,320.055934627732,246.239623055712,218.160033769448,322.172922566166,316.563577010774,252.241229015673,240.157609845307,237.197168682198
2568,2568,25670,0,0,10,0,0,0,0,0,0,0,0,0,0,0,0,0,261.437135388185,262.637216005154,194.985249492887,246.786922060299,245.318538630558,270.524418002553,381.943102682641,238.200631040947,268.162433268313,199.109129224521,329.53825878667,234.824943395811,217.685058319949,236.873559651273,261.274563204855,319.80967950052
2569,2569,25680,0,0,10,0,0,0,0,0,0,0,0,0,0,0,0,0,301.406500437487,232.266499005984,201.316490069958,252.962490561159,222.760624929229,282.415370272303,367.776672315643,310.168908495365,224.366075479379,257.119138568143,247.980421249614,224.034992137029,228.100686066686,218.209419874531,166.434757759069,286.481275306231
2570,2570,25690,0,0,10,0,0,0,0,0,0,0,0,0,0,0,0,0,270.540262602551,290.244868057719,256.484786906405,294.358811657539,247.363571116993,282.877555926323,387.06843343334,246.388325025757,298.671456875756,214.947639239239,238.982204632025,246.401852214227,225.114476864481,216.184262208014,194.535866193253,211.319347166436
2571,2571,25700,0,0,0,0,0,0,0,0,0,0,0,0,0,0,0,0,254.164074524808,313.911355606145,196.619615389423,288.487834424944,257.94108510567,274.442549328706,391.610431551881,287.072611684952,261.973363118491,260.847874724689,223.155969246259,199.028431990905,253.532117639235,227.982870957184,248.16780676044,243.375932878399
2572,2572,25710,0,0,0,0,0,0,0,0,0,0,0,0,0,0,0,0,276.532341682281,280.748831643808,265.267680956579,301.128485653981,253.468533910587,264.252429739194,388.094994216825,252.392166906612,265.207202727811,245.486925444841,281.165019559196,240.706956767438,287.148089828295,254.518718700097,207.611102007419,271.531854010338
2573,2573,25720,0,0,0,0,0,0,0,0,0,0,0,0,0,0,0,0,220.808750648069,257.040722269928,214.521162049604,275.306884486648,267.544613587065,276.594463479361,394.89025857898,209.256530730291,307.459473189154,221.638616536174,278.065235203453,263.624280804535,276.391580103238,241.348834215482,223.012975744859,244.171622978733
2574,2574,25730,0,0,0,0,0,0,0,0,0,0,0,0,0,0,0,0,301.605653599411,255.562959414123,201.661517736527,194.440385246599,251.536704717613,278.156440095071,392.949783117339,181.64282679552,209.842986881168,222.239665984607,320.312396798864,313.827474507223,182.413404187397,256.214206748137,221.248417351686,243.427379653737
2575,2575,25740,0,0,0,0,0,0,0,0,0,0,0,0,0,0,0,0,274.297862197531,228.968808820717,354.256273193405,292.349646011187,193.142613573337,238.268347436378,363.393606900143,277.524242330026,256.550087698273,255.308672267802,243.870720382612,234.220583010559,308.631826495711,268.518450524843,242.632409515,235.395073415002
2576,2576,25750,0,0,0,0,0,0,0,0,0,0,0,0,0,0,0,0,203.401773200565,269.523968986178,245.143991032196,210.323223111278,182.395434199944,250.008266132126,376.568685612342,233.95847964074,290.107502792257,259.464181186777,224.05412166275,219.62404345883,276.449606061061,284.517821835874,247.014757569128,231.900138143425
2577,2577,25760,0,0,0,0,0,0,0,0,0,0,0,0,0,0,0,0,238.394070533088,269.74989640778,278.796100890268,258.78395721505,300.288975221934,258.9388916974,357.800053666848,266.524095910083,270.869085399924,255.419318285932,258.122463281841,299.853382971427,270.180051584642,190.606277608042,245.0441137917,291.043078673814
2578,2578,25770,0,0,0,0,0,0,0,0,0,0,0,0,0,0,0,0,251.522092055101,248.293128018918,178.571679899325,278.6400594964,173.709454638181,291.241199403918,363.941832960165,216.282833488386,250.824412551724,240.298786065958,297.954661124606,233.225713733778,291.781215963083,272.097841855977,227.326931172557,254.026911246021
2579,2579,25780,0,0,0,0,0,0,0,0,0,0,0,0,0,0,0,0,242.52779404657,268.878453375287,198.820265245824,286.920498156412,301.817865917559,286.372206247219,342.317358766216,280.529321886323,263.328830070377,206.720684883999,261.338204097734,303.900931154188,257.244587621235,230.602766235828,305.219282321741,261.967277152378
2580,2580,25790,0,0,0,0,0,0,0,0,0,0,0,0,0,0,0,0,258.81758224598,229.069420641091,247.74191059983,193.222517216953,299.989375719685,211.182662686025,326.946775292399,224.311799764624,239.973647649096,334.165939586239,263.055485465142,200.069341666686,205.781641156869,241.565777613222,240.208876689244,226.802610387015
2581,2581,25800,0,0,10,0,0,0,0,0,0,0,0,0,0,0,0,0,251.48817754248,290.351602332109,236.476960372545,222.45581336102,329.696440928917,252.537859993288,327.670413035744,250.745419473207,289.803604952743,205.294789347854,274.799964844841,257.639840264368,192.011700005168,264.574613280791,229.615230089073,247.544733779343
2582,2582,25810,0,0,10,0,0,0,0,0,0,0,0,0,0,0,0,0,290.495214737903,274.029167343366,271.320473020624,219.197566386762,237.884809945102,238.740895406439,330.575637715345,259.512734021058,244.242537159537,231.136803080178,262.09617084448,278.338133727247,170.633627436712,137.226661902599,216.473531176791,257.428136710814
2583,2583,25820,0,0,10,0,0,0,0,0,0,0,0,0,0,0,0,0,325.668652403482,245.001679580996,247.320728112809,248.493166422368,216.069281558308,273.772472512969,315.767072806926,272.63545938819,184.461345727208,175.390836473606,219.588453085556,224.743831515991,232.568894581822,274.958401687396,169.732853512395,215.087411862462
2584,2584,25830,0,0,10,0,0,0,0,0,0,0,0,0,0,0,0,0,232.69008249042,317.774166033889,233.279481968198,249.994163559312,266.572129868865,230.621834281645,320.985765634007,255.22248385896,219.02745865887,266.019513011382,220.756945576859,240.119403099639,303.429540952114,220.845184961092,239.571248147157,224.480860000574
2585,2585,25840,0,0,10,0,0,0,0,0,0,0,0,0,0,0,0,0,213.870906624378,324.675517455321,269.845094535359,241.381994538084,279.355015654907,258.358831417998,334.127649585248,278.212423050039,235.627624250386,282.228159277695,258.662669621813,249.943857072346,258.42553031307,217.474460614472,231.811698227751,280.151102794042
2586,2586,25850,0,0,10,0,0,0,0,0,0,0,0,0,0,0,0,0,237.235225933341,218.219965914865,297.200565897707,276.490628156834,329.636182053021,294.940424217762,344.240407020394,232.18224839629,259.080421211155,291.110616255006,191.347520262334,268.706299864727,254.986198844182,229.380085489032,313.391415666437,156.29254251519
2587,2587,25860,0,0,10,0,0,0,0,0,0,0,0,0,0,0,0,0,211.68977957214,220.479454357371,183.465746978121,283.097215095758,239.879874978361,288.423332376679,328.097710177255,263.506842312342,249.927270288881,223.608119317688,256.919927695525,194.93391032619,211.913182083655,196.047517956724,251.16600910328,283.657695145031
2588,2588,25870,0,0,10,0,0,0,0,0,0,0,0,0,0,0,0,0,269.105079943396,226.713460260787,260.643461556017,272.166993513071,193.028273528891,168.271377071618,331.905042664162,202.071512647131,188.347722276048,226.467112934107,276.360092507311,241.459077188385,262.903146586356,293.944359326219,198.664881926184,230.595547222074
2589,2589,25880,0,0,10,0,0,0,0,0,0,0,0,0,0,0,0,0,285.108973233829,242.265357013252,231.215006001846,230.652842554315,226.252604489869,231.727007395934,336.857510824962,299.827287194061,290.001310246619,243.782869911444,309.49640890473,213.005652639158,218.654031786523,262.47410003331,307.774829898424,252.181791492125
2590,2590,25890,0,0,10,0,0,0,0,0,0,0,0,0,0,0,0,0,240.9607223345,266.173180049934,235.415584763159,239.455667257211,266.564594885156,212.013324817833,349.134069137194,218.153850317694,281.270427369968,243.437928500111,234.832705323643,323.095825261224,277.583281573804,257.209865500905,275.539257989335,280.446036198529
2591,2591,25900,0,0,10,0,0,0,0,0,0,0,0,0,0,0,0,0,262.101438489597,222.329652064995,293.952624480268,281.313946895836,229.926879321827,198.674050538194,344.401375747408,264.321723034468,215.1109136608,218.143620742821,163.820932411364,267.496118018645,293.542835642217,267.090047238223,278.530882399123,182.920826168812
2592,2592,25910,0,0,10,0,0,0,0,0,0,0,0,0,0,0,0,0,276.78412816049,217.926124372522,273.042615813895,299.40126671308,225.047599967819,228.952496106035,371.997295424512,353.332244599631,260.089714615828,272.408777351268,238.305118717334,233.645687969887,238.898332841392,271.176887490513,181.163389127997,308.59754922019
2593,2593,25920,0,0,10,0,0,0,0,0,0,0,0,0,0,0,0,0,235.666005341709,203.657215232748,316.998270721698,266.762226597525,203.608499653667,269.624844366522,366.204358921408,262.144977141705,259.980648802195,241.336067904899,287.753513678087,247.727531890141,229.331691228045,280.706407869722,252.784570453604,239.221478731809
2594,2594,25930,0,0,10,0,0,0,0,0,0,0,0,0,0,0,0,0,264.085110785458,247.977874316894,247.759957498882,170.513253442552,271.452155905048,276.17766321822,365.781629473513,232.55723831431,192.33028621886,231.812348641833,226.941632627739,307.504032275793,248.428274396866,245.76942981988,236.783142401331,220.037053222947
2595,2595,25940,0,0,10,0,0,0,0,0,0,0,0,0,0,0,0,0,178.568957165665,250.487234760516,223.637445009915,231.767208877626,267.603603535022,252.405768062323,365.654306612864,234.42887968369,229.236924294818,275.304413265137,200.323980898036,303.726529034765,207.028185046481,285.650810100433,309.887830283227,262.744532985299
2596,2596,25950,0,0,10,0,0,0,0,0,0,0,0,0,0,0,0,0,247.854497835546,266.245758507126,229.026402763346,262.243458878719,274.408942563891,258.595844368111,357.47834602693,235.631897299397,267.511597138126,223.983441289061,188.128668104519,241.817589650778,238.841435777257,251.447485666934,181.471518905122,170.493020952884
2597,2597,25960,0,0,10,0,0,0,0,0,0,0,0,0,0,0,0,0,225.003228395722,246.568619069065,212.756336262889,194.484405188617,264.488924727754,232.834002305331,387.475001591613,269.156992171336,248.925301658848,281.923425802659,213.035306472389,207.624939655383,237.457607314819,258.909790260943,243.596840373826,232.769928680989
2598,2598,25970,0,0,10,0,0,0,0,0,0,0,0,0,0,0,0,0,248.713979328229,316.335063837694,222.330529174776,145.374301938076,262.742575789868,279.095161364483,380.132239702078,211.752296875325,280.336997992171,259.062854812108,267.741973727386,207.34311774265,224.261125013605,242.642667170587,271.137167491463,282.856329288102
2599,2599,25980,0,0,10,0,0,0,0,0,0,0,0,0,0,0,0,0,256.790915185538,282.145553955299,217.969004889169,268.946786895383,277.07868354186,293.818918287921,391.608201028672,232.266153230343,226.800072717579,190.300272556292,316.19038653466,266.349588891218,225.396136644908,302.074211435365,314.355971171592,233.625752468597
2600,2600,25990,0,0,10,0,0,0,0,0,0,0,0,0,0,0,0,0,264.324217392332,187.641681601268,202.784700272487,256.17211965805,287.056891778484,231.641454372594,380.699114423404,214.910438911801,236.21652940551,289.5218484116,276.946228046,265.467977906117,218.998087461866,206.924469494308,258.710394872841,224.457534181432
2601,2601,26000,0,0,10,0,0,0,0,0,0,0,0,0,0,0,0,0,286.29175390856,288.843306384926,223.538240700911,204.186004436912,287.059062410229,186.915029093766,389.093357498566,237.874886796483,220.659508559779,311.406160518578,274.606886292164,322.974439100738,199.261127955225,221.632174515872,245.312457905488,266.715475851716
2602,2602,26010,0,0,10,0,0,0,0,0,0,0,0,0,0,0,0,0,233.365249552176,279.079164370434,215.351239533391,223.46567007332,221.757306252214,215.146009442094,408.710606928549,272.401568477216,249.915438339819,217.79227651495,231.812067364351,322.861132641174,198.481136067057,255.051909662085,217.609628251701,260.039858140169
2603,2603,26020,0,0,10,0,0,0,0,0,0,0,0,0,0,0,0,0,281.101241415783,255.872207321055,278.75014628525,303.91590831709,293.386419126998,241.64270763981,398.079963217494,222.773523737222,244.914578344137,258.422360679603,283.211775466908,321.470433783465,224.848899247331,321.404307250772,253.028617890011,220.135033777342
2604,2604,26030,0,0,10,0,0,0,0,0,0,0,0,0,0,0,0,0,223.847465026675,257.866996535809,296.854967267904,230.624609284033,335.024097311776,237.11950596806,397.430793333191,260.190587433297,289.570615886348,242.31194022988,258.285310172314,239.380425832824,232.477439685289,244.5493939581,231.209541860576,234.982288038401
2605,2605,26040,0,0,10,0,0,0,0,0,0,0,0,0,0,0,0,0,258.648897208301,275.002813727798,309.919040975786,258.892077653764,179.142557986715,275.601521442829,389.184966291953,294.077683917056,241.381862439128,259.648692395827,294.046393778202,239.267721813448,242.134920944608,270.607639867079,272.648030765447,224.450134268988
2606,2606,26050,0,0,0,0,0,0,0,0,0,0,0,0,0,0,0,0,200.208497868356,197.585446940776,231.085878355794,314.375243532975,236.383806427481,217.060795096438,404.837758328725,285.398200017699,248.025079516155,224.158247322482,229.993378450377,192.414685880341,236.099571629047,291.508910262208,251.317199380035,215.723675407275
2607,2607,26060,0,0,0,0,0,0,0,0,0,0,0,0,0,0,0,0,235.65860608442,245.505811976239,277.256497683254,309.502505940214,252.849200161368,224.522220780631,403.719924117452,250.636999714099,239.602020163114,233.187926870186,206.988599650542,258.13815554786,205.060027257851,255.57991131458,222.61485147384,253.859772575262
2608,2608,26070,0,0,0,0,0,0,0,0,0,0,0,0,0,0,0,0,212.658941180003,246.188940476355,195.063190011436,286.85948293646,214.900477847165,338.865507060034,419.482789627928,243.977622293023,286.268680314333,281.126613244772,233.120601975416,272.793727034284,232.333776370908,222.158935005879,229.955568370844,261.986132964632
2609,2609,26080,0,0,0,0,0,0,0,0,0,0,0,0,0,0,0,0,262.314872400977,263.792645556896,256.306405148674,269.70186259449,277.891788772657,298.600463140985,396.867357976743,261.122058055824,200.499060009069,152.101155607667,235.404780430802,244.49659700379,278.842699697451,314.478558077589,227.775266383743,223.727496772612
2610,2610,26090,0,0,0,0,0,0,0,0,0,0,0,0,0,0,0,0,290.374705304858,277.101602393196,288.061797886014,260.386746562049,226.83377686858,320.599494984484,387.47302980655,164.10103501436,258.129565494175,275.173219395183,241.051252423781,184.962895761622,285.124141196784,250.770108745196,279.920950739288,262.448527381399
2611,2611,26100,0,0,0,0,0,0,0,0,0,0,0,0,0,0,0,0,213.840754780634,209.014662827413,251.722385657413,274.284745842234,222.141728155695,301.609521730692,375.907256308992,256.3874604931,234.624185712611,260.137033760383,258.341437266886,325.169913634973,244.37948441103,216.054522961507,283.615687945168,287.097681084733
2612,2612,26110,0,0,0,0,0,0,0,0,0,0,0,0,0,0,0,0,239.375764042836,280.495279202044,279.075956030478,273.119013142109,252.61388085801,193.251861557363,345.788445105759,219.375204929285,239.67063564789,318.375885979748,209.601765367668,244.248071266128,233.537310292536,193.740361371715,196.126537183235,313.454765058333
2613,2613,26120,0,0,0,0,0,0,0,0,0,0,0,0,0,0,0,0,194.974389571337,230.022143760847,293.015751788645,256.669100646642,244.12789685592,220.409185862821,360.779422756711,259.718312636919,217.517095078644,185.565222124802,267.950311841035,215.418449607544,316.726475227113,223.087709793712,291.971212756125,293.787980188608
2614,2614,26130,0,0,0,0,0,0,0,0,0,0,0,0,0,0,0,0,282.35572561438,277.588444904626,281.484651683574,200.690664363688,224.413049473221,273.148730528733,312.68332008372,247.178315841666,198.260890388141,208.609180113859,262.389406449427,199.292782970669,312.713217883935,281.201421787025,294.708954651038,280.664186171173
2615,2615,26140,0,0,0,0,0,0,0,0,0,0,0,0,0,0,0,0,250.628751010794,206.082916341049,301.546631353337,222.883988527259,245.330515660582,170.385239320398,332.419953408166,310.697852064866,288.37879341474,299.063791772959,249.019974450102,295.8663411191,267.882638196385,239.18403090202,207.381252036052,296.535780327397
2616,2616,26150,0,0,10,0,0,0,0,0,0,0,0,0,0,0,0,0,233.945747712747,249.461099777872,303.757408989063,262.385109782793,248.55682498147,252.154166177893,330.274627456886,191.52628829017,257.152605882459,218.23569798153,287.928784463574,237.171009909932,249.998885752652,255.987923805944,261.784284037489,220.837330373237
2617,2617,26160,0,0,10,0,0,0,0,0,0,0,0,0,0,0,0,0,294.633086647697,277.09296607712,245.553776907541,307.155302588266,231.85235654313,256.683378359511,280.897104972201,265.627404173489,243.85754039521,293.334112664421,222.43134102414,215.341029725971,264.450663106833,250.789493296211,211.755407886523,203.38299416882
2618,2618,26170,0,0,10,0,0,0,0,0,0,0,0,0,0,0,0,0,222.589028186752,202.619211853339,206.803625643448,303.524338480444,195.325389160158,199.388732430025,325.740111515547,267.6803913192,306.900352072263,196.471093052554,199.433823964159,293.608783775918,215.497531781872,247.291068207562,224.676351749058,263.635879849039
2619,2619,26180,0,0,10,0,0,0,0,0,0,0,0,0,0,0,0,0,256.252819926439,314.81735810485,212.773623804194,283.178194478233,259.106509743271,265.066642260639,317.509301852665,276.052310322792,279.592213964092,278.226779037909,201.750905262802,300.614960516555,243.501778869684,276.366200104623,231.748410527006,271.415029366863
2620,2620,26190,0,0,10,0,0,0,0,0,0,0,0,0,0,0,0,0,209.494043825786,259.672810611176,216.001065373733,302.433496387612,254.660825613931,277.855332723483,346.055985601467,220.653956284378,210.349331667541,289.02185197941,261.603434594083,224.049646778976,260.340451557813,246.220373996809,279.354148137704,257.452370203205
2621,2621,26200,0,0,10,0,0,0,0,0,0,0,0,0,0,0,0,0,252.322678967731,256.978042104559,259.502108362609,221.812134256754,241.315545708083,233.48950849607,325.553484362345,253.542711029331,223.037396153483,280.183073522439,248.071645146413,256.755308671418,265.785977886854,252.638836778739,230.573542301472,249.24348211468
2622,2622,26210,0,0,10,0,0,0,0,0,0,0,0,0,0,0,0,0,256.30683265803,225.89218375906,245.761830515546,246.808721236716,274.651814780879,249.77605781833,323.42225040918,230.596822193571,270.932903537353,205.860440393036,275.942335018034,249.014251309796,214.987710638973,248.077706957722,198.106478995184,238.959581073145
2623,2623,26220,0,0,10,0,0,0,0,0,0,0,0,0,0,0,0,0,226.068049463202,310.949412080058,235.384100441464,194.752382737487,248.796775759017,234.829436406036,328.295066313766,223.024100558141,212.024367303269,326.057174486837,263.860738360649,327.330616437403,260.653514814638,214.238072025168,259.566630041774,238.767106323056
2624,2624,26230,0,0,10,0,0,0,0,0,0,0,0,0,0,0,0,0,293.379468224525,349.931391283455,280.395927731327,189.224821435649,213.166299886237,213.813634330082,343.666537812958,262.514421577947,212.256610597867,146.680504386498,226.589130600961,208.90896659397,280.257973791263,232.917893243643,268.878788649909,230.243407992302
2625,2625,26240,0,0,10,0,0,0,0,0,0,0,0,0,0,0,0,0,299.978306241854,205.881491148468,275.109943493304,300.918780759216,243.873134800557,247.407475538983,349.004404551659,255.020159662871,297.762960282675,248.396066508922,263.338837373281,232.875036847251,233.864735285153,182.831229959873,292.753237804677,258.107629996258
2626,2626,26250,0,0,0,0,0,0,0,0,0,0,0,0,0,0,0,0,223.528893476294,246.065330904064,230.019126811662,276.85102505,243.212542116991,282.232313912423,353.585405628956,270.366609410926,358.195260095534,225.882719992931,256.63676364576,225.218097479224,227.666450947059,234.195050628508,284.3056918714,209.145997930764
2627,2627,26260,0,0,0,0,0,0,0,0,0,0,0,0,0,0,0,0,198.114196805009,256.280107442964,215.432078256778,192.539845872804,226.185637504636,227.020985307872,380.385129506858,219.669850598486,275.989067597913,269.657177998892,211.040791816461,273.783410275766,229.079069140205,242.82208692802,256.875742239904,214.802105985392
2628,2628,26270,0,0,0,0,0,0,0,0,0,0,0,0,0,0,0,0,259.040495895189,248.977370342298,228.900319760639,246.696590216153,257.335111035261,348.234786733467,367.649141634817,320.363534119871,240.586300618574,300.53736785362,208.179144412141,253.274468857924,271.890386995633,230.959126646774,258.380764684676,220.505537899286
2629,2629,26280,0,0,0,0,0,0,0,0,0,0,0,0,0,0,0,0,184.755122310344,235.078762301041,306.287784803042,244.915263036016,232.48258369364,246.356803404074,371.850457190728,219.713636852587,302.966816567883,247.297346936946,240.84187544806,261.262192124158,286.566432016788,268.219391414154,227.261281278313,214.3871054223
2630,2630,26290,0,0,0,0,0,0,0,0,0,0,0,0,0,0,0,0,262.126614193469,168.611608167051,227.71782413024,249.387801478626,246.480238704452,245.684769177909,365.181694329985,271.099893241621,220.636492342575,235.280050973487,242.612190031702,249.48839912276,147.913088921371,228.535353723132,291.948344221895,209.655276558787
2631,2631,26300,0,0,10,0,0,0,0,0,0,0,0,0,0,0,0,0,261.342809570212,199.265045306847,258.894419598936,207.292857305669,155.292978112721,244.868277891871,369.372325502244,203.583098162868,313.83944750192,258.056451264015,236.760044229712,276.102431208116,205.75651608218,258.550080959451,224.077439304327,205.926855108914
2632,2632,26310,0,0,10,0,0,0,0,0,0,0,0,0,0,0,0,0,208.211131632364,179.181414684931,247.587487770419,245.332251646181,219.600621189106,193.824237511726,325.16310809662,222.569723826679,302.317814289191,252.418704350207,238.745745897374,339.789274074045,326.044118166712,227.534461041709,258.926730478962,328.619914634474
2633,2633,26320,0,0,10,0,0,0,0,0,0,0,0,0,0,0,0,0,324.180229070464,288.806916667713,230.371203346539,219.735992285739,254.81597543135,230.658569629588,343.538851305415,270.791379903419,328.108432776287,264.78971971606,223.560982766028,261.162817017557,262.303042411758,237.35528312742,283.264695950858,307.795667518243
2634,2634,26330,0,0,10,0,0,0,0,0,0,0,0,0,0,0,0,0,277.252415698668,191.432708864584,234.316195875735,247.461131931873,156.669778608982,238.362338427178,339.323030187829,246.320220461317,197.670997345587,293.801086607551,233.483473878321,242.923082473562,256.101805869203,242.510454696245,302.634232964845,217.270931386902
2635,2635,26340,0,0,10,0,0,0,0,0,0,0,0,0,0,0,0,0,168.624597171019,257.530554122792,255.08267074736,295.939426982903,229.638001127697,253.759747123357,336.11796534014,279.39798606602,238.305295161348,251.905647216308,286.665271968518,263.514301985166,241.809430982333,220.654728049733,204.632654078073,272.350154687718
2636,2636,26350,0,0,10,0,0,0,0,0,0,0,0,0,0,0,0,0,240.86500978397,258.309701556374,226.049180282416,311.709861766905,224.624347640278,259.810782558083,333.271784746332,236.017748780853,233.921636385493,239.086446412596,265.521509413037,294.451337681946,191.489880986073,224.997373430698,249.785470515361,286.361164066759
2637,2637,26360,0,0,10,0,0,0,0,0,0,0,0,0,0,0,0,0,237.426798339527,212.698820449362,326.498089211195,241.576328115899,249.076698603388,161.539789652782,358.381394876366,157.776764566844,202.194135785884,261.714860015031,285.416956976604,208.783324647266,275.382918801459,304.34104332479,258.605435327099,243.149083293358
2638,2638,26370,0,0,10,0,0,0,0,0,0,0,0,0,0,0,0,0,276.248272043231,232.853318777045,289.36652018698,258.080169134075,248.936449060844,286.874730985484,338.387245066454,205.142689328535,254.924527357364,232.451758818485,245.304917784275,346.599526564971,214.754321357133,276.39375126968,225.815989922715,257.164605966631
2639,2639,26380,0,0,10,0,0,0,0,0,0,0,0,0,0,0,0,0,236.033115686788,221.376316433467,235.012290405,245.601261221099,219.613265465671,240.996357336099,356.687676257656,285.271410732561,226.315596306144,263.470606672501,294.682875465952,256.415246120662,272.470501928432,255.532313523119,294.833709328288,309.326337636254
2640,2640,26390,0,0,10,0,0,0,0,0,0,0,0,0,0,0,0,0,234.537376922232,265.808823163162,238.788234473374,306.122250955682,176.27570527617,298.059202909873,359.017662854638,254.207179319878,213.453559335985,290.591479638641,336.552384580832,233.798964493139,268.925468841626,289.777116809036,245.999316462847,284.071828688543
2641,2641,26400,0,0,0,0,0,0,0,0,0,0,0,0,0,0,0,0,263.96979783418,303.396352542256,283.23236990492,247.635062188743,286.837939794578,270.15782218845,384.777797351939,347.686157277807,288.188233839954,298.512087577419,244.856029765155,236.827774643227,293.226211829493,226.669799655139,285.496967024474,204.70942982978
2642,2642,26410,0,0,0,0,0,0,0,0,0,0,0,0,0,0,0,0,247.561843245947,302.066550799685,288.675178589627,264.113617544206,254.729441726158,254.003953318384,385.620785800453,361.539301982088,274.55059355986,249.539211068854,90.8240704433651,186.320279725085,266.984671397807,214.945354009662,222.334585063937,296.134477675396
2643,2643,26420,0,0,0,0,0,0,0,0,0,0,0,0,0,0,0,0,269.586163844435,262.945985991301,224.743106074829,189.835445035226,254.029101766805,248.367512738855,369.137208350155,243.921794175985,217.641930548096,292.43168949889,210.548051894648,276.436625207975,291.654475945255,260.489292014646,243.241849419872,202.223640457864
2644,2644,26430,0,0,0,0,0,0,0,0,0,0,0,0,0,0,0,0,220.567154546275,161.336134357089,295.955304718037,228.436149871825,296.679703640153,259.737339034256,363.646325799835,286.724530347609,261.990732318948,252.128641766633,208.914595687097,300.147641899914,251.803446895144,279.212170240762,218.822384449943,264.360844497072
2645,2645,26440,0,0,0,0,0,0,0,0,0,0,0,0,0,0,0,0,293.373656587493,210.053722437345,281.061663975545,322.046015923482,294.663973864533,271.945919043508,363.273613866536,245.734886212135,231.096032824147,274.736737142366,241.372744134467,235.526856103079,293.267661674528,315.787634364399,253.158720894715,227.284751834327
2646,2646,26450,0,0,0,0,0,0,0,0,0,0,0,0,0,0,0,0,253.956653025162,215.572686200572,239.275975095942,225.703396460147,251.916230371443,191.41156099275,339.670041029231,210.844292133208,207.568332902563,291.493733180836,251.855519912891,223.470642039483,277.198121361305,280.278456525728,256.198534555794,195.603918967789
2647,2647,26460,0,0,0,0,0,0,0,0,0,0,0,0,0,0,0,0,293.588485208501,211.08648599824,244.635189924576,198.445090147247,254.865978738326,191.339876030539,357.053071895702,189.211693563763,305.020221793262,185.491568080246,304.555485004213,248.199845632949,188.179789629934,258.112502516084,280.601787915795,297.771516413008
2648,2648,26470,0,0,0,0,0,0,0,0,0,0,0,0,0,0,0,0,198.570213524886,273.306729673459,346.326818689446,248.732178874361,162.813805826673,296.66680347925,360.917194762101,217.455882594714,217.143880660112,261.990647704813,240.658715765831,228.533570658215,252.606632473103,233.056621232416,256.276341925047,256.407180888187
2649,2649,26480,0,0,0,0,0,0,0,0,0,0,0,0,0,0,0,0,341.357228709137,241.879278153369,273.82938392538,264.840816515421,321.813917743481,317.276665664722,342.465430835622,237.010157162619,227.786885318229,307.287744893996,266.05629441787,265.541867540733,294.497107986441,340.878185796347,237.058243501633,266.771877571342
2650,2650,26490,0,0,0,0,0,0,0,0,0,0,0,0,0,0,0,0,250.552941511913,231.684483179217,256.341781426614,265.681070662831,236.830835097176,202.285670154486,329.793420073426,230.892340061225,170.492094072429,296.947684688125,280.221790478929,264.893649675425,245.337532883355,163.087336743893,187.84080785222,292.704717836771
2651,2651,26500,0,0,0,0,0,0,0,0,0,0,0,0,0,0,0,0,273.382803140644,250.761518118686,278.053515341803,262.284470491031,187.884315049777,276.471630977407,328.228994363027,197.707730467445,225.9626641266,229.57609839271,324.060584471439,245.08177627368,230.66397986048,301.980175948476,258.759009622569,239.150450575492
2652,2652,26510,0,0,0,0,0,0,0,0,0,0,0,0,0,0,0,0,209.915940496787,222.832857585263,298.988445431075,269.792897566265,252.096035611091,173.693512499039,315.300183645725,255.499592205448,217.531578401431,208.984688863189,219.400301460627,258.510608377276,245.506008338818,296.588850915011,257.425739761733,311.165750175376
2653,2653,26520,0,0,0,0,0,0,0,0,0,0,0,0,0,0,0,0,197.856700784415,180.896656921249,283.586535484399,214.43577716505,272.310540204443,221.492444169037,319.523826497836,259.702467477556,297.891460743313,245.229840525342,307.925154610718,328.81686732663,236.030985900682,260.987862802224,170.830384580632,299.822443202567
2654,2654,26530,0,0,0,0,0,0,0,0,0,0,0,0,0,0,0,0,287.755532457643,235.347753132194,333.529748845281,302.323757201174,235.758768711514,342.828269901255,302.219206630069,259.208181489697,222.962698728527,223.685579256075,257.40438032367,287.218149506593,258.767882048788,276.720093806588,272.379842144656,192.230544428319
2655,2655,26540,0,0,0,0,0,0,0,0,0,0,0,0,0,0,0,0,210.372039097526,275.505336643684,248.46912976607,223.851815672416,262.751007803985,291.714204326113,275.228773231655,222.687833438127,304.76727645613,243.014272012531,262.666014583885,238.052447360671,226.485869954768,204.855246970035,251.434267370525,314.479129773335
2656,2656,26550,0,0,10,0,0,0,0,0,0,0,0,0,0,0,0,0,269.669941557943,217.98795259343,267.788405901194,240.775262828908,197.74916001914,232.577738962205,291.305970884703,219.184152145821,249.029157416191,203.80703539488,296.348019865212,211.59517718805,245.097775046642,292.518928254115,229.082920965301,293.271645774556
2657,2657,26560,0,0,10,0,0,0,0,0,0,0,0,0,0,0,0,0,298.089806209807,224.673822432941,244.445849739962,245.24554797063,178.40003596153,302.584265363062,279.099329902539,257.220859752474,169.276019232403,313.504479566989,257.027180739322,264.442488014584,247.09936024179,208.116304117965,225.775139338531,274.08474774292
2658,2658,26570,0,0,10,0,0,0,0,0,0,0,0,0,0,0,0,0,231.546477467775,275.974137487541,226.545202308149,258.666845549981,224.017357283892,223.867479935848,279.007954351498,229.269960196481,265.172617542136,294.822976074587,167.056569602973,278.591234662795,203.438529932987,202.693829702366,232.478204806387,261.921508068034
2659,2659,26580,0,0,10,0,0,0,0,0,0,0,0,0,0,0,0,0,315.255021679108,249.794853918955,241.644995233378,238.617045762289,323.3808736948,231.943810141784,291.448006669628,233.867859061482,253.260073735672,247.453369882217,260.266829229385,199.801429994458,246.998170488589,278.476764366125,296.293425109034,191.582003032408
2660,2660,26590,0,0,10,0,0,0,0,0,0,0,0,0,0,0,0,0,288.926994894826,299.24858356758,289.500526914269,271.805268576144,222.046817874405,275.922066422481,307.327367735129,247.440676559085,268.225341365536,203.710615125586,240.701464959497,247.632001043854,220.315839056816,260.923394574449,250.082117371144,250.586793945574
2661,2661,26600,0,0,0,0,0,0,0,0,0,0,0,0,0,0,0,0,237.209213682081,250.277171986397,240.508946009985,179.582137203742,262.301406567336,179.497197519208,289.537278999517,240.61730003757,208.487136001923,272.195697420177,294.353964847652,276.12161113797,241.327808952971,261.491384446683,251.082093968985,230.600248871665
2662,2662,26610,0,0,0,0,0,0,0,0,0,0,0,0,0,0,0,0,199.437884540231,203.456446978301,277.43282807663,271.631456024412,251.857118723502,256.65467462089,299.191129390431,287.269128481821,245.747813102837,243.025749386423,274.841959281917,309.33612588053,263.665824525394,339.082813411955,240.819801077838,202.962824988244
2663,2663,26620,0,0,0,0,0,0,0,0,0,0,0,0,0,0,0,0,258.835875057379,248.182827791097,179.034123434149,230.320820121464,274.461129813538,343.908107223365,322.157803100472,320.834815215301,217.039351275005,258.54997666637,269.145739111632,211.617473002992,240.376380699662,251.061028851555,211.510289637142,268.171790753252
2664,2664,26630,0,0,0,0,0,0,0,0,0,0,0,0,0,0,0,0,246.960971189537,210.597324381556,281.877827613404,262.820153618888,248.368558470736,223.634382604409,294.423118201309,215.980340355938,279.977155556564,285.267122268171,274.512558546421,270.973417796468,188.71168996612,281.079989350331,198.892411116382,267.418805793716
2665,2665,26640,0,0,0,0,0,0,0,0,0,0,0,0,0,0,0,0,283.037669223362,278.551612415526,289.123435592887,263.355051932053,226.165851327201,193.613643372334,293.927043525976,234.803098700559,251.115993354119,259.107695857781,274.921386530682,225.169935762647,237.830764250617,197.748906528883,247.491888520272,207.379731824958
2666,2666,26650,0,0,10,0,0,0,0,0,0,0,0,0,0,0,0,0,219.085179160851,330.178440050662,157.175166407309,175.865981940286,193.947476773382,275.511104994652,307.011798247534,266.752932600935,228.398021708676,222.762330879185,314.839593740269,215.889748189006,250.891974130557,261.469935212903,237.733949172927,168.040461918314
2667,2667,26660,0,0,10,0,0,0,0,0,0,0,0,0,0,0,0,0,249.885155584289,295.366114026262,277.314806301106,200.292346154381,226.208828230846,188.683251080529,319.618646074849,203.800273642234,241.725547560269,251.913053578477,182.846601052532,244.551593274503,236.849579681949,201.72040636265,330.149812087776,272.00693429174
2668,2668,26670,0,0,10,0,0,0,0,0,0,0,0,0,0,0,0,0,315.640313571748,262.08227101483,252.820041914167,253.384029898246,218.377566630207,266.237896185469,295.572935936268,225.500373202871,243.426847110688,158.546701343066,317.387361022331,274.245014716946,261.048362387137,317.689370259516,276.494106228781,239.092157859144
2669,2669,26680,0,0,10,0,0,0,0,0,0,0,0,0,0,0,0,0,233.927542332082,217.570880585393,220.538177048335,252.900534588681,268.235808642953,193.596918339687,294.722956223327,222.374107068646,256.778192434566,257.182752538669,218.301478937573,234.487822651194,320.894720565449,166.431709506049,259.107585102264,299.604384484444
2670,2670,26690,0,0,10,0,0,0,0,0,0,0,0,0,0,0,0,0,236.426380377464,262.922311954593,234.375650882931,278.329295252021,158.271579116045,320.9544022896,313.693295328215,238.561418956169,271.80883729637,269.851371494677,243.15850102323,318.475214593051,296.992232620296,226.233026737759,199.882708075537,223.251056536818
2671,2671,26700,0,0,0,0,0,0,0,0,0,0,0,0,0,0,0,0,229.464848016875,234.982088920187,316.448028007961,256.161441248018,353.276828693686,272.927353153901,334.780184813719,250.727740047845,246.953892341037,215.39065343673,272.444129607442,232.81563065408,253.16860613936,227.314798747796,280.601815284055,246.736927327354
2672,2672,26710,0,0,0,0,0,0,0,0,0,0,0,0,0,0,0,0,227.445271407816,266.604732855813,303.043993442367,275.583920639687,243.895721590763,239.810814101193,332.545686186208,222.342488009536,279.733859557131,208.544300712728,180.69689993479,223.859079234998,286.943046331543,309.985194803832,269.295655629127,223.588502433134
2673,2673,26720,0,0,0,0,0,0,0,0,0,0,0,0,0,0,0,0,253.915925936835,149.159168700728,263.875978903168,265.977093632985,175.412528134804,272.541371849667,338.712412656174,272.017853208015,221.708031418811,292.138321935397,227.322424027971,239.313953747379,269.136404822395,225.817816145014,255.534459515569,291.598557551021
2674,2674,26730,0,0,0,0,0,0,0,0,0,0,0,0,0,0,0,0,236.476495485956,193.743396337044,313.289218712849,260.107531724853,235.966758266262,235.228340736937,319.613659778129,248.170872837093,276.878725341732,269.652158274574,293.183828173543,212.554659785426,263.368053579551,252.403060639063,266.316149840927,288.158250114059
2675,2675,26740,0,0,0,0,0,0,0,0,0,0,0,0,0,0,0,0,163.219435130363,256.746295487142,244.106223832526,269.480463484859,258.304916420463,259.193349358907,321.575684416403,284.561742393005,241.284342425682,253.422737395369,235.472237585435,251.209982192456,287.072120580031,300.552215690378,268.950695621245,265.067179271495
2676,2676,26750,0,0,10,0,0,0,0,0,0,0,0,0,0,0,0,0,213.088269647158,255.710884446858,230.102783501896,220.342513328471,202.858461266759,287.480537569399,330.713634665548,263.720204973039,276.497056634052,303.678730147606,260.409721887176,191.953293585039,256.262595009618,211.349618299972,249.49182392671,218.306980255887
2677,2677,26760,0,0,10,0,0,0,0,0,0,0,0,0,0,0,0,0,279.799831439681,212.08959957101,245.621374176432,227.13613460645,210.603874532798,235.618016593728,308.651902584252,243.056458641599,272.797021131492,278.561556737522,304.355599256009,343.812514190967,266.546935795292,331.232318864885,191.048204168818,187.867125146175
2678,2678,26770,0,0,10,0,0,0,0,0,0,0,0,0,0,0,0,0,221.238715215642,222.110664901661,285.874492935141,258.558540727021,303.570159678888,168.054425195784,296.38763329246,254.345100643754,288.361021070738,276.220388433468,269.552539233023,296.092408581384,257.705398723651,293.300222794858,200.482114970884,324.104274156981
2679,2679,26780,0,0,10,0,0,0,0,0,0,0,0,0,0,0,0,0,286.851237820087,194.088034585675,244.91867431003,268.483766649802,237.681883315839,278.647483426582,308.22676178086,227.421020340492,191.113751561261,272.579441361689,209.692032661018,279.880158232038,298.470102617844,198.527811056902,236.988013580549,301.594775095243
2680,2680,26790,0,0,10,0,0,0,0,0,0,0,0,0,0,0,0,0,241.382922174268,249.618813409008,198.622504234372,276.552446579612,347.08835581103,190.592119608085,316.69469461314,230.216402573752,228.444172738486,218.903092313223,270.646271703242,263.226319851079,198.760388558456,247.316553359759,217.646682691597,188.091160105883
2681,2681,26800,0,0,0,0,0,0,0,0,0,0,0,0,0,0,0,0,350.630198842752,248.111931658538,258.881635561507,214.064544082551,289.907731451205,317.304283863663,339.482840692394,200.894175778577,217.436056744496,243.047711400984,268.933090661798,209.004177171399,297.999965002839,246.812738648595,228.871133179202,266.091552295554
2682,2682,26810,0,0,0,0,0,0,0,0,0,0,0,0,0,0,0,0,214.170829957217,302.491473252224,286.602747300399,221.862308355597,236.032316965318,268.052590898635,336.903563625892,211.702091402708,204.044896425473,285.418963298989,263.017777951302,283.458382988087,271.926158720431,225.073604940523,179.565604488416,250.169975789336
2683,2683,26820,0,0,0,0,0,0,0,0,0,0,0,0,0,0,0,0,198.833406733807,254.451322009657,213.886280091324,221.342557877622,201.812839784058,239.277229535254,342.476003966678,211.260277851132,238.61802779513,238.105027931208,246.769787948722,254.061255527566,389.612198985167,263.781843030041,235.432978253088,261.908420646115
2684,2684,26830,0,0,0,0,0,0,0,0,0,0,0,0,0,0,0,0,323.776800963184,279.485728216234,257.192297350055,214.503242640209,201.199477736404,297.627366661077,341.800979203752,217.03763557734,214.482529444299,229.751399984473,217.926448047148,255.661209120972,254.858894462603,251.545978744143,262.506643440997,221.85493863208
2685,2685,26840,0,0,0,0,0,0,0,0,0,0,0,0,0,0,0,0,206.998735429761,306.160745172982,247.264969838116,274.418675943551,284.650801537263,232.28238698564,341.485461774785,280.691692199927,255.083924219065,265.456383760385,261.79001974611,232.713750665097,218.057160283094,266.93723595492,277.388186468662,274.331604924828
2686,2686,26850,0,0,0,0,0,0,0,0,0,0,0,0,0,0,0,0,275.357190893095,201.827345257395,213.418967749288,201.783898503017,253.027537817307,245.454711446776,335.974354720851,263.290566012322,255.17412351036,168.699281926517,316.417470866724,221.029704098881,291.024656434412,318.626492928185,217.246523201481,319.526947060631
2687,2687,26860,0,0,0,0,0,0,0,0,0,0,0,0,0,0,0,0,235.235893694071,180.090729357885,322.941866565178,276.037743997095,273.886288390476,330.540551237119,346.214400878861,240.613656884318,271.850160412075,194.504798832825,239.679732192019,285.176755928025,252.85161873031,260.960042817573,223.163651109568,253.624706244739
2688,2688,26870,0,0,0,0,0,0,0,0,0,0,0,0,0,0,0,0,266.115636602926,286.892273493081,239.326675259636,197.540241308911,184.573427950911,254.33163743154,302.558128918536,205.867141327553,303.572970797725,210.606062949247,295.381948863569,214.504535369369,231.725975966392,239.980590161942,213.135530834018,246.063855662221
2689,2689,26880,0,0,0,0,0,0,0,0,0,0,0,0,0,0,0,0,291.794038025569,240.848012633752,238.901617735527,316.418334115678,217.497156411515,319.240697373824,305.258341640876,299.857779035638,211.373904146701,276.609468031199,274.592912966465,301.195170950672,167.266255273117,215.563329814889,295.121372249368,253.789476137783
2690,2690,26890,0,0,0,0,0,0,0,0,0,0,0,0,0,0,0,0,276.758412111025,172.622018989073,268.883945759894,223.096746386942,212.368784493696,161.523864641655,319.852637149219,280.530053708131,231.128080981447,278.5716952829,279.104549256647,203.108874024962,171.004211854052,218.897236708863,296.969595054734,281.289018317838
2691,2691,26900,0,0,10,0,0,0,0,0,0,0,0,0,0,0,0,0,218.553087954294,316.140087923606,224.00597059833,211.30376427054,219.21747902699,238.781900141404,301.647062736443,248.934484353266,210.227861379214,281.158373009882,289.75852093618,241.635304851416,181.13728931416,221.795233949187,264.165802775676,274.917931024233
2692,2692,26910,0,0,10,0,0,0,0,0,0,0,0,0,0,0,0,0,322.305521329522,209.955453489323,213.784123866848,240.233213308497,180.580692693458,238.023530372372,312.29549518227,194.932489123745,308.414876218783,308.721286559628,241.756483233832,240.686050469153,215.07988504891,268.229863887616,227.398847151175,244.49504938741
2693,2693,26920,0,0,10,0,0,0,0,0,0,0,0,0,0,0,0,0,227.527195075467,255.999708839311,222.231885438484,304.153374313917,296.649159591443,290.217281077515,293.745988820639,279.247972537601,256.102984490274,223.212914232183,214.502626928026,240.245982114097,241.518489427592,297.458621178372,277.840011582369,266.165609265245
2694,2694,26930,0,0,10,0,0,0,0,0,0,0,0,0,0,0,0,0,238.237409917739,247.07729030336,300.373654795273,228.274379265629,310.56306066374,313.249675284214,291.814325351601,243.329238269122,255.471269500272,227.064490629479,280.804325895034,213.705185686653,206.500352147415,224.190792069976,250.670719385574,249.202339724572
2695,2695,26940,0,0,10,0,0,0,0,0,0,0,0,0,0,0,0,0,248.821415279178,290.577772854475,271.803124936146,226.959910397764,224.176078764632,227.875780340177,314.394951611518,240.843524364914,280.226151107744,316.519472601607,279.010217014977,238.945130588228,239.19635944211,262.780793647835,244.69719362142,176.015131422802
2696,2696,26950,0,0,0,0,0,0,0,0,0,0,0,0,0,0,0,0,287.578526680339,206.025388783321,209.856093743268,240.627975167648,229.013848426649,270.410779437905,325.122839820831,362.240853013407,269.283925713633,166.07233515934,148.37234753268,210.6755433606,277.824530000858,246.628517787112,162.165597003864,254.406696624201
2697,2697,26960,0,0,0,0,0,0,0,0,0,0,0,0,0,0,0,0,261.94867058816,239.338403865079,300.120636242715,304.100938006818,272.929964978931,197.333873548197,319.281523510528,254.86028809558,253.137839244957,219.867740536584,260.995256147621,172.632129584117,239.135338917915,203.487533519159,261.098540629648,286.983259298484
2698,2698,26970,0,0,0,0,0,0,0,0,0,0,0,0,0,0,0,0,253.785895506606,188.392938749174,223.678918490959,221.553292822336,248.182958135445,230.189432377931,327.142423113805,296.324326158604,196.630175970068,224.375872165977,293.470215710004,270.922231759152,238.717244641099,291.166121595306,263.388902114892,199.783387813494
2699,2699,26980,0,0,0,0,0,0,0,0,0,0,0,0,0,0,0,0,293.357965473813,209.909818264232,231.633903112675,242.655616980931,226.946209150506,283.394237109125,330.574345917016,240.396949272046,258.309151206989,266.32436659252,269.408608841958,197.852333164485,267.329721206867,240.881699405849,217.290454309859,271.948898839175
2700,2700,26990,0,0,0,0,0,0,0,0,0,0,0,0,0,0,0,0,226.367466872044,272.738160389972,260.416626621759,259.519612841642,310.209791966639,274.902302058233,326.532662225681,242.914281142262,310.973038661112,303.520476140784,273.114610355997,284.3751965747,221.161700646864,193.15355091465,254.552032153027,295.510515743978
2701,2701,27000,0,0,0,0,0,0,0,0,0,0,0,0,0,0,0,0,267.660591463561,236.499703796667,208.139010738549,224.759977273491,204.590037489171,250.236629833718,310.955988329051,235.175739927191,267.29288793262,262.803445415612,225.39328661415,302.448738973458,205.102053083899,247.357914642615,297.223321793829,220.127518462955
2702,2702,27010,0,0,0,0,0,0,0,0,0,0,0,0,0,0,0,0,273.793132889388,261.95296945526,205.971939987682,255.451912649196,261.9102737966,256.046859682563,318.34592321869,264.138999753433,263.338143020338,273.464880205588,258.756069610749,277.595229779169,275.6409712439,211.147929742803,207.445316534534,254.52359639174
2703,2703,27020,0,0,0,0,0,0,0,0,0,0,0,0,0,0,0,0,275.905065680126,253.096219105746,260.175491173968,252.159817188458,304.949311222756,283.555868975359,322.152852090354,234.564417730119,210.737359175283,258.72508012767,228.694420647758,280.563367087264,215.4865908708,243.122345782594,189.11736694421,261.725730498021
2704,2704,27030,0,0,0,0,0,0,0,0,0,0,0,0,0,0,0,0,226.502223868298,254.266005681911,266.026049410334,242.256898858834,287.948351219207,230.042951148893,299.735264788502,271.023699603403,258.312908541317,275.206007222772,212.460424865589,226.109676403028,292.472190216062,290.172520381536,188.34240202773,172.227030095845
2705,2705,27040,0,0,0,0,0,0,0,0,0,0,0,0,0,0,0,0,245.337698618096,183.837662068848,220.484981041,245.318432324404,288.357130180826,249.468018286872,285.774271732682,264.17360279932,222.013576914574,216.869268770487,307.845433997855,246.989970095311,179.352103126547,288.844368609077,239.557546377196,266.514247726481
2706,2706,27050,0,0,0,0,0,0,0,0,0,0,0,0,0,0,0,0,264.814597183114,233.196604849941,243.555821223765,217.096517531336,248.318206116723,256.525754652331,285.330366520316,300.2895324121,286.50518941867,273.439424223421,233.508047823953,214.195614027271,259.337001704756,209.092943390629,231.338464429114,291.422338288724
2707,2707,27060,0,0,0,0,0,0,0,0,0,0,0,0,0,0,0,0,225.861682611204,236.015598509821,295.072087398245,194.566922421089,293.153247770126,246.605244532841,317.134698858171,251.336811879188,293.95824387221,244.129473085247,206.351086407942,287.005960064304,285.282319997291,318.947158501805,198.636486703145,317.550590918033
2708,2708,27070,0,0,0,0,0,0,0,0,0,0,0,0,0,0,0,0,190.613600250777,309.204429681528,220.290894725887,228.683912558667,275.447751083838,259.273590192329,284.415571572863,220.575262497985,183.211106554322,203.16746347648,234.031125418216,277.888239425322,303.67720854409,272.468764870267,290.101756554379,189.995072061824
2709,2709,27080,0,0,0,0,0,0,0,0,0,0,0,0,0,0,0,0,247.333247270762,260.952865210118,287.510756489798,225.374049770516,215.743425774201,278.810149628735,276.91048993717,229.53664820835,222.578092768311,212.978252242865,222.609145116465,239.491437802399,327.746375365281,240.190711775954,255.438607179525,219.830253673804
2710,2710,27090,0,0,0,0,0,0,0,0,0,0,0,0,0,0,0,0,239.024473469173,196.424555644735,261.916004010085,314.40727651925,249.542022598634,224.493265061334,286.216169479904,243.458523539163,242.266766829264,237.609845346081,226.446262605481,198.266876803278,280.403877388907,231.273360356207,216.653213943808,314.898390573868
2711,2711,27100,0,0,10,0,0,0,0,0,0,0,0,0,0,0,0,0,226.722199870212,221.657108372613,293.759394689645,234.046281159295,206.126516194645,220.199137724106,287.499797597285,210.432765124683,301.531165980879,293.98230916703,226.105309207735,254.406367215314,287.719900907662,251.807579611864,230.83934062819,295.671609826225
2712,2712,27110,0,0,10,0,0,0,0,0,0,0,0,0,0,0,0,0,273.656944520673,237.413009382229,248.155147426979,247.217810834394,242.882109718216,253.40217889984,268.143527220487,218.517414368033,279.734764570627,252.769660649651,224.349564026502,237.365748870105,288.794938097029,307.380334716053,197.627455140341,242.455004576968
2713,2713,27120,0,0,10,0,0,0,0,0,0,0,0,0,0,0,0,0,240.28688919741,201.202200668735,231.398564420388,218.417390228145,298.909394528253,230.44382735983,286.728999048929,333.496795237645,258.02843657945,223.67345984361,227.065784660348,257.809809225473,288.53169495311,253.057707767269,297.16116816706,226.806198645645
2714,2714,27130,0,0,10,0,0,0,0,0,0,0,0,0,0,0,0,0,233.515678299523,216.928282422787,254.879804609363,264.363366503521,233.440569127184,271.368174568349,281.418582087949,278.545770061517,191.088624392236,218.822954153415,229.417900854136,340.509382195608,219.131596582175,220.924901064293,254.537643246021,247.919689477765
2715,2715,27140,0,0,10,0,0,0,0,0,0,0,0,0,0,0,0,0,282.207135004683,274.464376181353,303.973091941643,277.223263855748,215.810076135721,159.903427074716,289.160687887913,259.172756764771,269.32802840913,352.69195698845,280.473908940336,222.495894719279,219.898986015733,224.497817817203,293.286010530775,237.41255751391
2716,2716,27150,0,0,10,0,0,0,0,0,0,0,0,0,0,0,0,0,270.77057261751,222.327881150144,249.988494812005,278.730640407342,324.430574506902,197.815989678918,307.355334946685,211.873560108609,242.519015722443,277.773175118491,277.076444578553,236.039163474159,315.672138307764,316.858874128754,240.315464146392,216.011251535904
2717,2717,27160,0,0,10,0,0,0,0,0,0,0,0,0,0,0,0,0,318.544265854892,255.703114209913,194.902691790279,264.710415002715,252.451334826372,273.352230131478,311.565856657923,219.386708231402,230.570504750419,197.238324863009,277.417844545433,231.878832262441,212.215120052165,209.841842045973,258.366640889202,268.331623427975
2718,2718,27170,0,0,10,0,0,0,0,0,0,0,0,0,0,0,0,0,209.78563914137,275.923812089981,214.71983959879,304.588086525018,232.61531475967,222.202510259961,301.996923881218,182.23357910886,241.236587642527,257.741957292614,265.128757995022,273.038133676097,241.942515094658,228.886603070893,242.567447042641,245.943242310481
2719,2719,27180,0,0,10,0,0,0,0,0,0,0,0,0,0,0,0,0,268.606393094653,224.779986287835,263.494353012561,286.908709802776,279.559616036961,221.680504021901,336.643836113754,321.985104884836,350.011614742693,277.126805420644,252.046593651236,247.47325690904,268.727602014312,266.818305612688,263.733364918483,245.786202624106
2720,2720,27190,0,0,10,0,0,0,0,0,0,0,0,0,0,0,0,0,238.588983139109,222.810698924788,198.039769992981,288.808879697566,243.721580063456,231.342744847877,323.468970566973,360.674153076208,277.25187429894,271.458498254547,267.334081530213,272.041543486427,192.742210015332,270.165663076991,166.224527933649,220.481209199664
2721,2721,27200,0,0,10,0,0,0,0,0,0,0,0,0,0,0,0,0,198.115426941929,203.706500624247,239.638521645025,257.32879618173,318.613119713106,215.315153791113,337.90272131704,283.809939082476,297.161464526341,300.043175823345,259.960147625638,283.272004452376,242.972360054486,214.143041225035,224.611461360575,219.838326547377
2722,2722,27210,0,0,10,0,0,0,0,0,0,0,0,0,0,0,0,0,288.243542794438,250.242523693066,258.96089772097,246.145309921785,249.441587729944,262.723304332057,348.158925952625,275.489134928346,240.06809481256,276.50771384772,238.125798871426,264.443669978886,227.839893682328,318.512564672911,214.253826818602,262.318238036575
2723,2723,27220,0,0,10,0,0,0,0,0,0,0,0,0,0,0,0,0,214.809868633469,325.264256316307,268.64989308418,218.898359254228,242.574018322551,237.786549441243,358.987841566312,296.861880689872,189.91486672074,214.752129804183,255.938149218458,268.52558357679,313.51848340708,274.030381074829,206.867643578549,241.435163436034
2724,2724,27230,0,0,10,0,0,0,0,0,0,0,0,0,0,0,0,0,225.837148302799,266.061215847445,261.634057906158,300.306472681375,287.469199900599,297.028714224262,370.877062556616,226.552997169232,244.777319234335,199.759749707377,253.305275706899,327.819144649199,262.937804056913,262.127674783685,247.97188746675,329.70423899982
2725,2725,27240,0,0,10,0,0,0,0,0,0,0,0,0,0,0,0,0,207.842994454991,202.855741579735,247.095425288783,201.747329301036,236.830417051892,217.816040465546,366.261416967289,243.7857392392,245.128145396285,245.144454263041,221.237212031422,245.367046261084,215.819740417166,252.229595446027,287.670222325302,281.969862523903
2726,2726,27250,0,0,0,0,0,0,0,0,0,0,0,0,0,0,0,0,278.779346784332,244.285790432361,240.211726934322,239.545388293586,241.456816190366,300.293150984643,354.520752993954,292.434433050495,198.106234922238,182.126141517809,236.092202224738,206.699475503297,296.080077279193,237.730018495092,213.743458845585,259.202193559072
2727,2727,27260,0,0,0,0,0,0,0,0,0,0,0,0,0,0,0,0,231.255713869284,301.579388537485,311.160676402455,252.971235136407,283.927982755842,275.234984299408,382.620839389713,245.455401442048,231.103231706157,207.182451897742,316.916387552002,229.510114891819,175.592803126817,290.688442061008,260.591645992463,267.136289842722
2728,2728,27270,0,0,0,0,0,0,0,0,0,0,0,0,0,0,0,0,242.547029945718,244.299875902947,231.123395885549,196.076814443818,276.498054864523,286.467680509103,376.095352205007,270.914826848998,309.312384460609,238.185161544682,274.009877119772,242.730369543596,195.968951437373,286.612777152715,267.934789449374,286.07991731185
2729,2729,27280,0,0,0,0,0,0,0,0,0,0,0,0,0,0,0,0,256.19369717788,267.905512232432,240.896231030121,211.903677701635,288.340469899064,230.215880963996,349.941103040227,242.337350589243,197.114656791469,234.651138676632,249.733573858392,277.130089214353,260.237511850557,199.887080844605,227.171620663021,292.843674039832
2730,2730,27290,0,0,0,0,0,0,0,0,0,0,0,0,0,0,0,0,168.482328462764,230.725788381824,186.306762734924,298.014745141892,231.851924077808,272.154545234823,352.613543635616,275.952704941828,260.396174881358,280.208899130044,249.772214550397,294.295502933488,253.058606408417,225.858625383616,206.885675580806,264.789605403243
2731,2731,27300,0,0,0,0,0,0,0,0,0,0,0,0,0,0,0,0,278.732612356529,267.270588551324,238.76278293965,277.319976056269,246.487330840509,281.632342848831,366.114853231252,274.541484715423,244.243746995372,243.939234295534,253.138821780676,191.668228666127,232.039515309373,242.69236080266,249.381543732125,242.51589363678
2732,2732,27310,0,0,0,0,0,0,0,0,0,0,0,0,0,0,0,0,193.218672563853,183.454706690832,255.742610985365,290.094540557877,298.026515178939,245.744918554566,362.971204115736,255.574302232888,276.81183030583,276.24146590516,248.49872207741,261.873459774957,188.070071618995,209.36054080965,163.655949788052,231.595625548989
2733,2733,27320,0,0,0,0,0,0,0,0,0,0,0,0,0,0,0,0,367.139762085693,215.102682193594,249.807390557568,248.847756504186,272.680018949447,270.613323381937,313.691240555705,258.643410726973,235.230514409796,253.054595032304,249.398582076845,242.299801426963,236.73378141975,231.075944970025,302.691206412734,226.128066484167
2734,2734,27330,0,0,0,0,0,0,0,0,0,0,0,0,0,0,0,0,231.187470841441,255.482259151625,286.237825447791,295.21486164559,310.849549413515,221.654580996312,343.738382014598,245.089610559126,246.764636022054,268.237493703098,277.492970406134,279.92340871305,176.505862909968,269.522048195796,215.770634729925,267.707155549849
2735,2735,27340,0,0,0,0,0,0,0,0,0,0,0,0,0,0,0,0,234.700414493141,256.716966536213,327.028664118199,259.449436479294,220.398476609256,191.508783931763,335.83339973101,295.751047025635,232.40028839162,303.672433104053,213.852633858405,290.563454867056,227.001768165986,237.251164559237,185.071068210899,231.586076476169
2736,2736,27350,0,0,0,0,0,0,0,0,0,0,0,0,0,0,0,0,279.939280411283,244.191388071711,233.173651030648,204.415641597603,278.205173699819,302.289288014789,322.080072190675,274.557642006206,245.941789350451,191.565391722612,166.828296686875,204.749564125108,257.71227984906,250.752122898884,250.591978665671,175.657842023789
2737,2737,27360,0,0,0,0,0,0,0,0,0,0,0,0,0,0,0,0,281.534882785433,229.890644721791,283.950170464727,246.664512237326,248.485806024037,225.156874113106,325.706305263297,219.670354341203,279.106469193025,239.082157591004,226.70918469973,214.936616779269,234.370339071879,225.32438682756,319.680362385723,204.889063241133
2738,2738,27370,0,0,0,0,0,0,0,0,0,0,0,0,0,0,0,0,252.320881330391,192.698513307154,235.215635433014,254.982070444217,244.005714561352,265.13624669617,300.658795048732,276.99953931186,237.796229490102,261.548366326372,302.053564915645,265.390354849174,256.485495581309,225.650143078608,295.633977971335,290.851594549421
2739,2739,27380,0,0,0,0,0,0,0,0,0,0,0,0,0,0,0,0,218.904063430706,258.886592299104,207.798837562754,292.703925962784,282.997707816244,242.07826136354,302.315935870533,307.170972191748,256.697448680397,286.039580391753,258.482177695045,269.93704645027,261.358795451834,251.573293627463,241.357132281609,168.563999676807
2740,2740,27390,0,0,0,0,0,0,0,0,0,0,0,0,0,0,0,0,215.517647040473,259.733972651085,320.049156658345,281.943534396696,228.175627138455,305.168783408163,279.976402860271,290.713713964071,226.27197665169,191.92559300236,284.307943586602,248.423353652218,302.500045711939,234.96129877212,270.827808027564,256.923177493786
2741,2741,27400,0,0,10,0,0,0,0,0,0,0,0,0,0,0,0,0,276.579476786844,231.1682886438,246.741252952759,268.507920555783,246.452916399928,219.094153348486,293.76642631699,296.739262419925,287.422294074977,219.616171758902,305.274057013253,270.132855113779,266.316413464984,292.323628582433,295.675372041239,236.212322576865
2742,2742,27410,0,0,10,0,0,0,0,0,0,0,0,0,0,0,0,0,322.30089161422,185.632319383794,251.447991409652,306.705466034447,269.223208981618,229.889281196406,299.034695302475,256.356660862199,267.36284548404,270.141178424508,252.961039405454,262.726281639562,228.656565266727,226.277301893468,261.430569419663,268.235182296179
2743,2743,27420,0,0,10,0,0,0,0,0,0,0,0,0,0,0,0,0,296.997667943627,289.793781373527,313.196700617831,264.84369474768,244.024687983215,255.70249461911,284.703008444961,276.010150268712,239.597060857204,244.100179048566,298.189964330945,241.123062735188,284.069557600953,274.528970946316,227.845888060926,268.827178277616
2744,2744,27430,0,0,10,0,0,0,0,0,0,0,0,0,0,0,0,0,277.489481967857,219.216962684091,214.962346001099,220.316929791597,206.304371025117,243.556256898567,281.833794485709,266.367816009257,286.463384507316,265.601918242314,253.326427993834,255.12866769129,283.127736769458,259.436080467476,287.121826764351,272.639250052022
2745,2745,27440,0,0,10,0,0,0,0,0,0,0,0,0,0,0,0,0,233.834464803849,274.08166465961,215.747370167072,223.992624692849,254.693506575586,205.669435510385,303.182938709047,318.014501858396,284.567873981611,212.171643818585,248.805717832614,177.391853610892,227.476948251263,183.458441194267,241.672132818971,285.931938294802
2746,2746,27450,0,0,10,0,0,0,0,0,0,0,0,0,0,0,0,0,295.213399356949,234.360583761334,295.383330483542,289.449405463123,258.337213611368,245.227621537912,307.788167770852,203.099975793951,195.886856044463,255.695555800905,277.509339595398,251.031716812312,282.944524750447,172.850840930952,293.452143518699,255.878100713932
2747,2747,27460,0,0,10,0,0,0,0,0,0,0,0,0,0,0,0,0,292.931071599113,272.160327472244,250.547234621101,297.742930912181,259.422215558447,187.253512240348,300.368919772097,241.642698885674,275.769135591655,239.95518621967,264.862480780174,256.312195267004,273.389605228145,288.73534907496,201.568499560315,278.802753244378
2748,2748,27470,0,0,10,0,0,0,0,0,0,0,0,0,0,0,0,0,229.823387154772,258.323243665247,244.252494540473,253.144249507852,254.537140192274,231.886555070645,330.51476758858,302.118742982277,194.526099508854,243.318390801847,246.064227593458,265.956459138483,216.519790845287,292.172497460791,234.212072047115,214.83577862951
2749,2749,27480,0,0,10,0,0,0,0,0,0,0,0,0,0,0,0,0,237.980020958181,253.613511443127,230.17281853645,240.446630583184,213.420151691454,315.049063603821,326.540327151788,252.759649113454,252.459336907464,280.938750319519,226.268547006559,209.765159957102,264.350124010368,208.048472973675,244.314994377426,278.921189161925
2750,2750,27490,0,0,10,0,0,0,0,0,0,0,0,0,0,0,0,0,246.020227559448,261.281755823157,254.941170267949,268.879592488367,228.897159105967,241.061185367883,341.374159322223,219.906566616202,273.300643764926,247.487661665023,247.801487843793,244.641614022706,199.349231337426,291.127152991653,240.498662585613,235.552776126439
2751,2751,27500,0,0,0,0,0,0,0,0,0,0,0,0,0,0,0,0,270.033312848397,286.569725799418,309.012448170187,267.115851998356,202.298545615388,248.014948158489,345.598664342119,226.279340835069,273.16477770267,274.756085220644,272.049657947119,221.466793018699,258.440282100647,317.050034888799,230.450553450129,257.227209286228
2752,2752,27510,0,0,0,0,0,0,0,0,0,0,0,0,0,0,0,0,307.388260234934,213.531595083786,206.719753344588,267.222154378959,226.243496820464,219.543786817035,360.423506137604,227.210591550445,237.996626514229,254.343058458077,290.284893079891,254.74748835914,210.504164729737,237.024540555688,171.656473510658,307.033173986865
2753,2753,27520,0,0,0,0,0,0,0,0,0,0,0,0,0,0,0,0,248.197251038976,168.494218755805,266.673998177237,199.699845513119,223.400318412215,280.204409073028,348.163965849603,264.320605049915,265.476291038219,213.681121779104,247.703045178407,271.920870415166,231.763576469617,312.493787919379,284.762248217048,290.476113059916
2754,2754,27530,0,0,0,0,0,0,0,0,0,0,0,0,0,0,0,0,268.713072935912,289.472672879547,238.568664005466,251.779157548124,290.587520762475,281.434529443514,316.694212591817,298.079797684972,206.832094272072,248.10028065638,263.264343508925,247.439592270844,200.272128641248,267.880803540207,223.847343454148,205.582001951485
2755,2755,27540,0,0,0,0,0,0,0,0,0,0,0,0,0,0,0,0,162.320939396252,293.798401021846,232.601931092137,200.00727332263,272.684416098081,201.271122075453,334.801894844749,300.902898279562,277.398520273897,215.790220273261,240.930657615502,265.510686465864,241.688415764727,270.033588265702,279.924350657846,228.874886001061
2756,2756,27550,0,0,10,0,0,0,0,0,0,0,0,0,0,0,0,0,299.976642673936,242.790544527054,239.662044880685,240.926713248913,222.411632271874,244.648734289673,368.312841920977,328.746560778783,225.437120417069,345.338622518097,233.108028475034,274.826884370422,291.110819927654,251.966141363078,225.421949551635,228.856534043182
2757,2757,27560,0,0,10,0,0,0,0,0,0,0,0,0,0,0,0,0,255.662833069574,270.021213522596,281.319378805788,244.199934562994,303.878741597475,250.469352269662,342.159578689198,245.680167028439,251.751399891962,152.151982241516,176.070060764325,276.709444181551,248.756490404246,223.652437937767,279.600592480203,328.629903180494
2758,2758,27570,0,0,10,0,0,0,0,0,0,0,0,0,0,0,0,0,284.358828187196,303.21772042524,215.541190660815,212.298092210826,236.828822031537,294.608895302982,334.793036487796,248.916595080661,206.279084614041,242.254469785302,265.747377184675,253.072862280977,250.431574138068,246.082279526126,239.80985392614,241.910298686338
2759,2759,27580,0,0,10,0,0,0,0,0,0,0,0,0,0,0,0,0,212.891711636882,278.651372235708,307.525223024935,246.964960019623,285.238760983161,211.249863884142,328.757424748598,258.220445288952,257.643708798135,169.380007544486,273.028504437587,269.185714563106,202.908348421032,288.867867099127,279.372750491798,257.798676411903
2760,2760,27590,0,0,10,0,0,0,0,0,0,0,0,0,0,0,0,0,234.44113643922,299.423808655827,231.43986812892,259.994084409339,276.880049459077,237.555840579703,336.104697237369,257.502019477235,238.775893776537,247.854549623947,217.9856684093,295.377095103317,189.395874248617,281.055904092407,286.460241039519,175.433566120559
2761,2761,27600,0,0,10,0,0,0,0,0,0,0,0,0,0,0,0,0,293.740219740944,212.567784151195,220.92719848737,266.86979028249,264.154674946965,254.395400126026,308.353870296964,250.487372161475,204.408217610383,251.776607239164,210.960061815431,279.53156820303,246.970622118872,271.944651366385,214.993710972933,136.23936971322
2762,2762,27610,0,0,10,0,0,0,0,0,0,0,0,0,0,0,0,0,226.123136834417,213.714163060669,291.612020445604,252.079626113307,228.394534777118,239.544749903974,351.140242220078,292.517384725463,225.065134618791,294.939880092959,245.845130165992,316.981535097747,227.189531043107,265.525437996787,289.340985959968,260.718372781323
2763,2763,27620,0,0,10,0,0,0,0,0,0,0,0,0,0,0,0,0,229.102462970422,257.275888994086,283.284650967465,277.678139747369,218.233961165241,252.510040503747,375.718062584027,217.342241762976,262.571933494248,186.251842794644,221.631602533382,312.580259088033,202.145105504888,252.633164456707,274.955689998539,228.642006878889
2764,2764,27630,0,0,10,0,0,0,0,0,0,0,0,0,0,0,0,0,202.350482738685,275.899423675945,240.313884186492,280.802164634415,264.713584491465,248.597369215967,352.05583549134,290.739720668274,266.475409941785,289.636995757927,269.724007876276,297.894628289248,217.791129975486,233.161464707473,260.027948195839,242.689293677303
2765,2765,27640,0,0,10,0,0,0,0,0,0,0,0,0,0,0,0,0,307.856367511043,250.575990206125,303.035552964267,271.401123218517,233.718318987772,243.592996991225,333.630313139933,281.697986017299,232.97090601329,249.854129786173,260.562422818231,201.451347341244,268.73140314296,215.839520458923,202.668025119591,212.504471944962
2766,2766,27650,0,0,0,0,0,0,0,0,0,0,0,0,0,0,0,0,309.187939342759,244.23975488227,270.372592339809,255.487542787632,258.455080884947,257.424213415489,373.656587755174,218.524750344939,263.90738090804,249.215323498205,224.273135948806,294.860719908763,220.43891283724,275.53532673161,253.182357739065,195.353170503919
2767,2767,27660,0,0,0,0,0,0,0,0,0,0,0,0,0,0,0,0,226.900732051738,199.611609595488,258.252227004977,202.596250301435,258.859791168125,311.716453166709,379.582411033646,269.824243555302,287.03986950422,235.160199882042,249.367298110316,257.556958571038,216.823532400236,210.472687687246,205.064335539582,278.540772736309
2768,2768,27670,0,0,0,0,0,0,0,0,0,0,0,0,0,0,0,0,250.155136665608,237.047661884803,240.385239177501,259.083933579442,310.390353110343,204.26093930138,353.959551233586,240.530504512749,223.226500255946,282.767851299872,223.882262884848,311.571293995332,260.65082414511,219.153646700136,198.299630286774,279.694204426368
2769,2769,27680,0,0,0,0,0,0,0,0,0,0,0,0,0,0,0,0,271.217834133553,224.342634904148,236.127987495566,256.709784703194,287.93025812162,243.334563892819,362.876588416907,179.827902636333,206.655021165913,255.65975252891,283.72945892995,229.721123691907,207.980706566033,225.188589676241,222.587753335217,297.17934495393
2770,2770,27690,0,0,0,0,0,0,0,0,0,0,0,0,0,0,0,0,248.966538741395,307.893069768757,189.176718400467,285.273385272675,272.755616239773,238.504294531346,361.921953711961,214.366279701009,241.584255850335,238.634341925737,312.985502802797,211.94113885863,244.829892514696,191.242224761994,230.124739729087,261.173525217538
2771,2771,27700,0,0,10,0,0,0,0,0,0,0,0,0,0,0,0,0,324.130072129739,236.980898072483,242.05966798848,224.610834038018,242.048131643854,239.282078826627,356.843354715443,236.13984487441,204.681828727459,275.222818333439,289.500872457973,258.654730810235,190.707736310226,277.794586667763,257.959810704817,247.591000853738
2772,2772,27710,0,0,10,0,0,0,0,0,0,0,0,0,0,0,0,0,234.748110288613,248.368043333899,277.048078120542,193.975162475157,196.672836717551,231.612114112227,337.954311503242,246.361282161862,209.975980245375,247.23792162752,277.000444145712,280.448542919801,203.228543772694,222.514457479829,245.060235263707,255.368361400699
2773,2773,27720,0,0,10,0,0,0,0,0,0,0,0,0,0,0,0,0,238.968318813265,254.456315492191,195.701375769867,232.11363889729,265.780890371017,255.289569440791,341.175969799307,257.521618994608,244.376993903536,203.252896912927,197.371013306203,248.359267160049,287.423718730925,202.109090609105,272.71627130186,298.114516464533
2774,2774,27730,0,0,10,0,0,0,0,0,0,0,0,0,0,0,0,0,242.236971875553,227.582184110431,279.978657405677,362.793258295292,298.752392036416,229.665051699812,340.13818055304,171.725122235722,190.288706363965,260.775198568441,264.365764036473,233.785345208526,241.488860229379,255.822822555082,258.995390586156,253.006610905349
2775,2775,27740,0,0,10,0,0,0,0,0,0,0,0,0,0,0,0,0,290.750850712217,273.684222582734,204.46730163995,235.80889666533,319.559790528228,250.799348418298,339.285359949562,214.211111361634,208.059279774265,250.913682757643,208.271968892688,207.642337425559,254.589311404379,312.975762222178,255.186044406894,229.073009841345
2776,2776,27750,0,0,0,0,0,0,0,0,0,0,0,0,0,0,0,0,279.39723263533,307.046479342683,262.247241136427,261.724590957976,192.910812973662,274.832966454215,369.599893091458,228.750987547788,281.776633901984,234.77142978998,288.787367730261,339.979693113609,225.469215823039,237.561588835328,264.92519612459,201.57938027516
2777,2777,27760,0,0,0,0,0,0,0,0,0,0,0,0,0,0,0,0,254.717504473672,257.799107062999,139.998328862739,236.318469298242,300.026292234692,244.020299056639,358.271740724232,187.114227766924,334.815668157912,209.461063018551,207.965728061355,242.184714630634,271.113926602155,252.315183657525,300.518136345036,227.415244976048
2778,2778,27770,0,0,0,0,0,0,0,0,0,0,0,0,0,0,0,0,208.967679904937,243.219201174051,275.389877490691,345.436727747652,220.262517278882,246.743656417834,336.740614219303,202.893136088987,224.822390518914,241.920340823434,248.182112236888,271.649237585794,236.662278322559,265.994481652067,248.014902739581,283.938170277495
2779,2779,27780,0,0,0,0,0,0,0,0,0,0,0,0,0,0,0,0,225.845744321533,257.961389851704,256.273233240777,276.708695685039,278.889115414021,195.818458320237,345.26087902063,203.236095413848,199.60720136032,221.281488899413,266.297722462405,268.774625196195,258.250427781128,317.446364790942,272.653977200461,208.952237862314
2780,2780,27790,0,0,0,0,0,0,0,0,0,0,0,0,0,0,0,0,248.926491032335,218.570769668516,240.651413586015,295.444954065053,246.294977987567,237.694323126847,337.382228970971,271.535945292869,229.651969541395,287.143356699439,274.980059059976,252.886983403071,266.753319047734,293.648792329786,301.560961205278,243.32885750159
2781,2781,27800,0,0,10,0,0,0,0,0,0,0,0,0,0,0,0,0,227.950452895148,208.441517112906,203.003024669603,218.461264277895,241.48422669337,260.895328341257,341.432042078812,217.537927464203,236.318248849945,256.434613832255,208.413740840679,230.621161177278,237.956798958576,239.587277129723,238.638291315002,244.89495675804
2782,2782,27810,0,0,10,0,0,0,0,0,0,0,0,0,0,0,0,0,248.402074414312,224.985499997822,227.424104099662,263.511653938476,257.297347559913,251.066299368108,322.913312321984,246.706041214962,253.08270932404,266.169532341002,225.831281027596,220.565923789387,242.206599884527,263.632617400909,281.112478632316,178.942669168929
2783,2783,27820,0,0,10,0,0,0,0,0,0,0,0,0,0,0,0,0,292.597662121532,206.986287557595,243.749910436346,232.766976112974,212.359555767558,243.513860495098,328.301721097553,308.207748126871,250.28202048425,217.206246813849,256.586657927514,282.038700763855,258.411895870699,282.042071544893,236.30788099558,240.892793110448
2784,2784,27830,0,0,10,0,0,0,0,0,0,0,0,0,0,0,0,0,287.971068423776,212.043990772002,213.255205914626,331.83474926191,227.467069288243,247.342654646066,327.999943793933,267.185195319297,203.617872796065,229.381731181291,232.614326558868,208.401955330951,269.518708609355,264.685320386255,283.955887009509,205.030588427794
2785,2785,27840,0,0,10,0,0,0,0,0,0,0,0,0,0,0,0,0,224.773358977425,245.857822180604,278.831195086383,229.109702682641,216.861399747751,297.369747992569,348.025629782925,219.128382138342,287.246501749792,336.263763419799,182.413254760297,182.350631500963,229.400237981984,228.961365845249,267.173913007742,304.551493375527
2786,2786,27850,0,0,0,0,0,0,0,0,0,0,0,0,0,0,0,0,219.968709871192,209.770016087984,353.354969359726,200.536673370785,287.439073175787,254.147269615821,345.986729324493,286.490148759316,265.887661273493,248.961162983044,244.048135025263,220.704052329601,276.124322480072,245.408258711834,313.462179388348,178.854686892084
2787,2787,27860,0,0,0,0,0,0,0,0,0,0,0,0,0,0,0,0,335.552654817481,226.667290319605,206.031268636392,259.589134816723,345.445687269341,271.469882518503,338.054024859393,305.169606513694,281.505825314199,258.256829936648,222.921790702579,299.239806129881,219.014249460987,268.265229205525,279.229439454919,230.364251810305
2788,2788,27870,0,0,0,0,0,0,0,0,0,0,0,0,0,0,0,0,271.332632015422,242.904057943465,305.301750724313,177.932901667161,260.647250633512,290.895949851618,346.443519165208,216.884573451529,222.024386644959,302.020777035356,221.684181172579,183.218049956304,319.284335367369,216.005008329393,227.584548867863,264.972513100109
2789,2789,27880,0,0,0,0,0,0,0,0,0,0,0,0,0,0,0,0,221.913790561568,266.7820438033,291.026307831384,196.940252178357,334.973110724036,210.630538043164,346.772749912008,215.810386666067,302.688971295859,194.257353585655,276.870417971753,237.428479223642,293.233856912877,183.359558193318,256.678465413632,253.230934483547
2790,2790,27890,0,0,0,0,0,0,0,0,0,0,0,0,0,0,0,0,237.082777128002,241.817335630563,220.437965716397,281.418648006346,194.876400498694,256.235904425066,340.314553694502,223.603842126802,247.687008436369,231.911950594416,232.293792557501,260.184128399387,322.95380723252,298.750650595824,269.92518810167,279.859951902437
2791,2791,27900,0,0,10,0,0,0,0,0,0,0,0,0,0,0,0,0,277.671925812878,268.012589786952,279.129843767869,291.466298212046,246.474386739487,268.434647947086,335.9040332814,294.08310368791,262.406785594981,235.476202660528,282.430852166216,197.083607012458,241.693043635872,306.459676385412,231.42734852209,255.37812919208
2792,2792,27910,0,0,10,0,0,0,0,0,0,0,0,0,0,0,0,0,278.259220211625,232.986439963849,300.452281412212,251.445561414906,166.004950134608,255.540803615387,331.378278476088,232.113781548282,273.950391821042,238.864474009393,231.028928171995,233.715459290968,216.861578987763,270.591901096855,337.025592751638,284.067549481131
2793,2793,27920,0,0,10,0,0,0,0,0,0,0,0,0,0,0,0,0,275.044612846628,251.291522818691,215.286981465798,242.270236078981,262.987735573592,278.539775773785,340.012287651323,284.274707114425,267.502709245372,324.051325479445,282.500120234853,284.498849826886,189.901895909189,259.222467425349,181.693372534534,288.962881141678
2794,2794,27930,0,0,10,0,0,0,0,0,0,0,0,0,0,0,0,0,245.155018067673,270.052045949907,237.250625524757,260.784418371746,282.318304797685,220.647078435111,321.130182909201,247.286026950042,270.667906488568,233.323879065907,260.255839911204,256.160867166991,206.956852886618,255.966736774779,246.701940996304,223.502667931274
2795,2795,27940,0,0,10,0,0,0,0,0,0,0,0,0,0,0,0,0,184.237509595756,230.605779766724,188.787214014848,233.609923127392,245.601593441072,231.54402713624,330.370993949526,234.440837450589,257.665972910546,310.790567588126,211.198866434066,223.849200341357,255.068559853428,276.812502468185,286.042205015718,273.445903894701
2796,2796,27950,0,0,10,0,0,0,0,0,0,0,0,0,0,0,0,0,233.95762442506,330.03389193029,180.986669867125,265.172402045927,247.273505121431,255.716337946776,336.412815137654,298.474400303082,202.890999230241,264.27921360869,220.696212915533,273.365464555655,246.571752437469,202.385052891023,242.250763841493,306.507043377347
2797,2797,27960,0,0,10,0,0,0,0,0,0,0,0,0,0,0,0,0,191.29521691444,188.678465766235,243.364970498955,200.585768282115,202.954344541017,240.856811716005,338.399369590825,255.206745283553,273.956468416655,216.659712396653,268.958628366519,171.630267482595,303.38631756881,271.423171175707,241.937069133143,173.312331358078
2798,2798,27970,0,0,10,0,0,0,0,0,0,0,0,0,0,0,0,0,238.732448389035,257.456272314886,275.586083458285,195.553675306462,303.929238655103,226.881516921598,362.57789807318,239.031432157967,247.458636609791,209.009175987466,288.927976870301,248.685902361386,231.439758969464,193.562706057796,234.001529427476,224.025358386188
2799,2799,27980,0,0,10,0,0,0,0,0,0,0,0,0,0,0,0,0,245.10436725594,265.959610595126,318.328925056237,252.38425836412,189.549733310228,235.251667349475,322.243198454122,243.66978167725,249.363248547832,297.532845681422,277.742966682303,180.790853473076,240.255143864314,234.940713245808,254.2594018479,272.906077298242
2800,2800,27990,0,0,10,0,0,0,0,0,0,0,0,0,0,0,0,0,220.018978173624,251.769885796739,243.305930869454,263.456363010316,328.1953256223,250.717665053181,339.908814343363,250.641920823528,243.577692961668,229.329137193158,331.418808630748,252.511642009779,273.437365091456,270.622568914951,325.465352974025,159.754792754959
2801,2801,28000,0,0,10,0,0,0,0,0,0,0,0,0,0,0,0,0,248.16765169137,259.850585577243,266.316709348171,288.45573031533,239.158353401649,240.25691044434,370.830833154327,239.832345977962,254.123564216262,253.148891557088,269.042218433395,206.385807047686,307.957441626713,231.584686438856,276.559026568586,293.137250710648
2802,2802,28010,0,0,10,0,0,0,0,0,0,0,0,0,0,0,0,0,213.566125113276,222.003642663155,216.980065442534,266.370550239576,336.175393946418,247.750390295246,368.039828397611,260.355168441282,219.425452347773,277.039474698415,282.558968500227,236.344118180315,240.09177594637,238.012303214375,266.110264702424,280.291051725645
2803,2803,28020,0,0,10,0,0,0,0,0,0,0,0,0,0,0,0,0,275.186087430273,237.472937470208,301.610568767525,214.483443626602,295.029084680005,239.535016635363,356.46299683937,194.002757175625,233.126955720964,217.098904769459,242.386832790432,284.981315241756,224.023607625003,263.742391291188,304.074977940151,275.144043679691
2804,2804,28030,0,0,10,0,0,0,0,0,0,0,0,0,0,0,0,0,262.491491965177,237.562637385564,281.971094628632,280.231431118432,276.531157979529,226.842103593284,375.593943487048,201.098274271754,322.88904485572,226.182527738246,253.918406964482,154.193722096937,192.309334362804,253.939121844355,277.390857854237,285.103545872015
2805,2805,28040,0,0,10,0,0,0,0,0,0,0,0,0,0,0,0,0,207.777015267137,303.472695799748,206.29725458716,232.986355935279,267.600752826359,260.120669037889,391.332343704489,220.35904125002,345.176884462651,284.264266613576,283.658225131617,252.406239706199,352.398552835523,322.249444815345,236.681894562712,253.69751775344
2806,2806,28050,0,0,0,0,0,0,0,0,0,0,0,0,0,0,0,0,215.071651537383,163.089901479873,288.361285573307,268.127995214,327.256762209702,257.470424022861,386.444938056956,268.673275286205,207.434259599925,246.846838005139,253.103732522495,237.082054092232,257.271079379342,249.795897720391,227.69598565908,278.606660679301
2807,2807,28060,0,0,0,0,0,0,0,0,0,0,0,0,0,0,0,0,269.043066926132,300.283970546712,266.777847967402,151.880235753044,279.764495118423,275.771461684862,390.644388405837,312.812025400033,292.669131757146,201.707747851205,262.409341744245,218.57009181118,205.03980685961,242.102580247987,239.603554310894,194.455093496017
2808,2808,28070,0,0,0,0,0,0,0,0,0,0,0,0,0,0,0,0,325.04186664613,227.31281934144,322.206139144508,280.575123536712,253.722673643624,271.233726580647,388.183756828386,285.10630507775,230.083131616722,218.808551348334,244.63563121265,245.312899336647,192.181985889004,283.106405304034,233.634851906251,259.142002233614
2809,2809,28080,0,0,0,0,0,0,0,0,0,0,0,0,0,0,0,0,288.745631020863,208.152031606467,247.807875800516,266.509876731625,220.757416217774,266.778523271237,396.114101987843,349.170241844704,309.287503715326,250.563839375134,222.891588593056,267.948697407566,285.138430803418,194.32567587926,265.557887641921,199.20490745733
2810,2810,28090,0,0,0,0,0,0,0,0,0,0,0,0,0,0,0,0,295.107633683475,269.180179597014,219.842843401066,159.588542368455,226.686658962782,247.794919484162,373.860796362942,312.767966451486,316.205348304461,269.054610553947,268.393279446287,277.774958813849,350.19177315376,266.575199089991,212.909235613192,282.593674386199
2811,2811,28100,0,0,0,0,0,0,0,0,0,0,0,0,0,0,0,0,212.290164940469,266.6356784409,207.739720669827,249.032814885532,313.876509972909,254.789946241451,367.88782594733,240.17776743006,264.785253095264,252.818778736156,247.493881550975,246.837080793883,264.374618572983,234.945538682982,169.149168750655,214.616113122452
2812,2812,28110,0,0,0,0,0,0,0,0,0,0,0,0,0,0,0,0,308.519881680837,258.243589498084,266.106420641721,246.825271702002,318.773798152726,228.376614905139,358.045849753582,255.331986745042,247.542081259792,271.301797453128,246.133157089434,281.99436804374,391.000995512494,252.329894123643,237.165342915722,256.805763951667
2813,2813,28120,0,0,0,0,0,0,0,0,0,0,0,0,0,0,0,0,311.687642536883,301.040114400656,182.125620253568,226.189885230792,233.445268653639,228.628834636104,346.184586445311,208.710712816294,237.216761959148,205.68240670495,244.165124167765,182.43115218098,210.626849963523,293.246289899549,234.549795089307,319.033397568467
2814,2814,28130,0,0,0,0,0,0,0,0,0,0,0,0,0,0,0,0,294.865785980794,214.712847200649,272.174011297283,217.406730485945,272.97954650724,217.360765609657,338.976416716482,232.247061447541,253.154164210013,282.628271112821,222.215437265658,220.640632018825,252.233545059647,213.51640822839,238.358194630579,208.704894919176
2815,2815,28140,0,0,0,0,0,0,0,0,0,0,0,0,0,0,0,0,248.114132167176,276.980226851814,209.499369719741,202.738798904002,278.421534093915,201.253067961019,350.216316283273,238.618133594119,202.589734949327,241.952738743054,264.382773346892,294.9515818011,240.12191795321,194.613262743479,249.779333369682,189.295018353945
2816,2816,28150,0,0,0,0,0,0,0,0,0,0,0,0,0,0,0,0,269.298141649055,274.700276425371,214.820502091453,169.472227013734,176.231726129746,179.481276020696,319.903374773821,261.970806321303,244.988572113765,251.796319748789,241.666841281508,195.222310125311,256.837290013881,212.540879573947,259.20677305471,179.668746837422
2817,2817,28160,0,0,0,0,0,0,0,0,0,0,0,0,0,0,0,0,234.740751116702,335.071256986554,236.13402485431,232.629488851981,253.633857304223,248.810826702903,316.152023831773,200.726090251412,244.316480882407,302.637702635057,220.227490451877,222.547371682743,240.273912965035,292.242521712661,179.764184660421,243.232464472303
2818,2818,28170,0,0,0,0,0,0,0,0,0,0,0,0,0,0,0,0,204.233171604193,283.255159709125,226.689851231726,224.415881345326,228.719379527021,242.332406879077,280.091107825085,215.310822290695,199.363443862951,219.688770401412,281.662580933389,247.099636129256,294.145263588277,277.248352697866,248.814274344023,245.234756155605
2819,2819,28180,0,0,0,0,0,0,0,0,0,0,0,0,0,0,0,0,274.961131375062,250.800140112907,256.231112902415,241.67249652672,186.214968619098,251.953950851394,311.770585749759,180.750463439574,288.504409319256,257.991428330373,330.707853028346,210.203390016628,259.118622747,212.193076731271,264.670700554574,239.666448557709
2820,2820,28190,0,0,0,0,0,0,0,0,0,0,0,0,0,0,0,0,233.175816484387,311.03952638524,259.14098447312,286.971175005938,220.166647418677,271.889410717965,302.031470660729,294.633847584036,264.656541534259,240.841312362725,209.559357079405,311.674354545027,286.537200840366,327.403983328774,282.13391490289,302.727827044967
2821,2821,28200,0,0,10,0,0,0,0,0,0,0,0,0,0,0,0,0,206.693197844084,293.194362733116,240.875324138986,240.344387917946,244.269802101355,225.592037546121,287.061542178896,319.513266298012,187.951037369375,218.162989833838,259.563578484666,275.865447779046,292.285784778658,257.95128687327,243.246555006188,199.27246983488
2822,2822,28210,0,0,10,0,0,0,0,0,0,0,0,0,0,0,0,0,212.851776010223,235.228530204813,253.347843779996,270.150879622927,270.60727102708,135.001538305788,319.982631737473,196.068975459593,334.050213788175,228.137341524254,219.090699671656,272.698888963584,237.395141111706,263.521966120213,319.145104781535,282.762006578065
2823,2823,28220,0,0,10,0,0,0,0,0,0,0,0,0,0,0,0,0,214.506026216508,246.344275195816,278.314572571653,287.259685159272,206.642190021556,268.575373860383,294.908462143267,274.107431825133,226.627899681318,249.419188093284,247.071427325767,268.302799610817,261.539436122619,280.266464490535,285.88798747605,222.037652913429
2824,2824,28230,0,0,10,0,0,0,0,0,0,0,0,0,0,0,0,0,277.255594840492,216.483374542674,333.1328117948,265.627132530741,367.74965733669,281.084615977103,302.664923756663,251.18447240629,262.26420563101,245.713456542177,227.970101096114,259.857762942714,274.020959366321,257.944004884862,251.903588855896,207.760352553331
2825,2825,28240,0,0,10,0,0,0,0,0,0,0,0,0,0,0,0,0,203.438947766666,267.096825926804,260.707690272292,209.79721561009,276.856426798272,331.818978138463,280.19101116436,315.967845693846,208.657007829613,297.558478574225,223.636904786803,250.801926659523,244.885542859098,197.682756806043,199.338058903532,255.835772187758
2826,2826,28250,0,0,0,0,0,0,0,0,0,0,0,0,0,0,0,0,301.903440004987,252.631937457045,242.707999419253,248.334526995298,296.455786122106,286.297584623647,311.198759098022,292.581862734757,256.580396644125,298.035565152457,196.653384769387,169.369089197527,227.577741984756,213.240231241685,223.331715930824,298.137613286047
2827,2827,28260,0,0,0,0,0,0,0,0,0,0,0,0,0,0,0,0,259.864168024593,188.64196575241,311.465163675465,220.270332381678,244.246630519351,248.459158632368,336.461136181371,262.990472970707,202.03164765215,228.563974514543,295.264484266684,190.627274061271,283.212877722433,265.726091417485,207.741650309513,242.864278511579
2828,2828,28270,0,0,0,0,0,0,0,0,0,0,0,0,0,0,0,0,308.941884172121,291.251738603566,246.270480358405,239.137364094666,218.309680326491,286.474619241137,322.001634054704,229.71029056962,284.387550734755,248.735095160837,333.122850852924,248.015807937634,244.678129362416,294.668981021501,218.753183870406,309.107631094633
2829,2829,28280,0,0,0,0,0,0,0,0,0,0,0,0,0,0,0,0,240.878725966593,153.046910605832,267.754648693914,188.104983459883,273.563416715448,246.021795484711,324.999184856692,310.562057443854,256.703986589075,182.460951655566,301.508277214451,271.805153691945,226.085966445043,226.850953366281,206.519672466271,312.677587872071
2830,2830,28290,0,0,0,0,0,0,0,0,0,0,0,0,0,0,0,0,247.946533657925,249.126211969734,215.676095914394,249.119901807547,213.395317711206,300.940262157651,328.086183914126,282.393525110099,264.670984050855,183.71441083581,237.420973156375,305.604045695716,269.72058955207,230.680688863806,248.327755984042,199.51445575197
2831,2831,28300,0,0,0,0,0,0,0,0,0,0,0,0,0,0,0,0,274.094792283969,241.312543490196,219.558241308317,269.297400822874,274.190589497636,300.322126543507,303.105747461299,230.94363731996,197.704103843113,248.208418759993,315.989734236879,227.868838798711,295.596387308642,202.783841054726,229.870550931977,267.897139594313
2832,2832,28310,0,0,0,0,0,0,0,0,0,0,0,0,0,0,0,0,225.213448357508,288.14086275951,277.155335383824,278.041884645889,212.481116262504,299.185781586982,317.24363083892,263.025364238272,290.813729511533,166.673297808774,311.731498023052,241.775645690174,277.787901460758,240.906596879126,217.828535345849,176.671096378978
2833,2833,28320,0,0,0,0,0,0,0,0,0,0,0,0,0,0,0,0,256.089517790049,306.060031992265,227.112550598868,276.621903408094,175.949444908513,180.333646153827,303.160156613534,177.362177304825,264.320046561431,244.014387132552,243.585631234583,286.938477559074,290.088839447094,212.194657099122,316.140617231415,316.664116008857
2834,2834,28330,0,0,0,0,0,0,0,0,0,0,0,0,0,0,0,0,276.838193348052,215.512613619458,260.209649807273,290.799993016381,279.17438975848,232.453318939779,303.603844315009,251.768327927046,250.018200811836,266.635003868297,247.126570081154,239.213035312738,225.6002311506,267.69024695122,235.539531709963,238.641201859161
2835,2835,28340,0,0,0,0,0,0,0,0,0,0,0,0,0,0,0,0,226.089879408076,199.384214461406,242.642855406896,221.672164836275,247.040535545319,240.543707638333,301.298729761202,230.958933499772,199.776916132885,248.976400939254,267.017714906278,270.228319474558,254.85542670866,217.359366069335,284.545815712497,232.197246060828
2836,2836,28350,0,0,10,0,0,0,0,0,0,0,0,0,0,0,0,0,281.881139964718,301.561920885332,309.152132610789,278.673638696835,295.633252525062,279.133976864867,307.785358331482,260.687382327457,259.780535803363,268.066800255569,235.808628583099,287.219155161293,268.396511691004,230.965699262643,262.174832645331,218.817931755929
2837,2837,28360,0,0,10,0,0,0,0,0,0,0,0,0,0,0,0,0,286.439963175706,224.625171638826,238.220440396648,211.297861575871,336.021904231337,294.033500664956,300.56216007724,300.549429099869,278.805606393687,241.899634192135,278.145968967093,170.625023495434,276.812859217987,272.157598801473,198.564274976299,297.963138380527
2838,2838,28370,0,0,10,0,0,0,0,0,0,0,0,0,0,0,0,0,217.909686602217,260.294161245151,266.230647729943,302.98316302954,212.975841361798,263.444344119326,292.025503707859,261.066745831507,313.004525242017,287.556244319688,272.479438477185,189.175473684845,242.15566833957,233.031010449145,271.788197821617,230.885960447727
2839,2839,28380,0,0,10,0,0,0,0,0,0,0,0,0,0,0,0,0,287.588569006342,295.602914926474,254.9338555161,212.884870029408,242.009341954936,251.040163980458,288.071745236532,195.71248088996,235.255362673864,221.11589279572,262.340573147096,256.98876506099,288.606554992251,265.061567328406,281.414136561481,304.175428645498
2840,2840,28390,0,0,10,0,0,0,0,0,0,0,0,0,0,0,0,0,225.03635438458,283.565128095651,256.838139018609,284.100063068133,264.03071127294,254.673242480793,304.408008520043,246.759837197609,257.28713450794,268.698386168523,260.816674075348,268.918805311592,275.095282474964,323.843155765084,266.22914652356,237.564822250145
2841,2841,28400,0,0,10,0,0,0,0,0,0,0,0,0,0,0,0,0,194.76163293033,219.793680148742,209.438752387522,206.644142004964,291.262002143729,222.683130202506,317.761142045028,195.790613994464,226.144373608751,255.989715722221,290.639776966894,221.485539467806,191.907609461893,242.314634427253,196.601743343567,223.190074790082
2842,2842,28410,0,0,10,0,0,0,0,0,0,0,0,0,0,0,0,0,260.92356635042,223.96968465991,348.058950357298,285.89660825733,286.001140530061,259.684412250676,308.443738220687,318.848331049156,172.524094326934,280.151779592009,274.038024251682,261.320517051261,229.632949907972,292.400241996193,299.227823093815,230.579386425503
2843,2843,28420,0,0,10,0,0,0,0,0,0,0,0,0,0,0,0,0,288.885151833408,205.665042372257,254.212903119317,208.010436990168,312.195659374977,208.804864912341,312.627981242559,240.444431597182,239.568527221746,242.728168691184,240.557726039931,282.115113222551,297.276639101551,245.916733936599,280.281345074524,208.73103793202
2844,2844,28430,0,0,10,0,0,0,0,0,0,0,0,0,0,0,0,0,282.640804988487,180.479791830663,238.978425408099,264.43434674677,334.72107591288,233.132681095037,320.457218232958,266.886676182681,297.747088288534,230.975618583865,313.791327211895,251.640157350213,251.093473660222,260.304404514607,312.527232839266,346.802044302181
2845,2845,28440,0,0,10,0,0,0,0,0,0,0,0,0,0,0,0,0,264.491933724637,253.571305852891,202.961234896836,221.932545734705,220.903748951501,254.943661624231,346.060313323923,248.877244966793,221.775469655322,272.191962643933,275.084546535099,212.451125915754,214.833875369316,233.68192985126,272.471471959301,320.252997134814
2846,2846,28450,0,0,0,0,0,0,0,0,0,0,0,0,0,0,0,0,235.705219085137,228.100388377752,271.647606339403,203.945117347983,186.829449781173,268.584622074454,330.542169620667,218.387657361717,305.243028734188,260.595027912081,256.686094019498,302.391233455449,205.255237897669,302.104699754934,234.049632331048,178.700534042716
2847,2847,28460,0,0,0,0,0,0,0,0,0,0,0,0,0,0,0,0,249.553769114911,207.229455450396,210.928479119215,297.257703443627,333.001120074644,234.053248637272,365.631508616785,227.899993359729,275.564704778256,248.597212860376,277.880020916623,256.293077242038,244.503030670747,222.439144654388,258.323330827323,205.608145297946
2848,2848,28470,0,0,0,0,0,0,0,0,0,0,0,0,0,0,0,0,212.185044287782,227.581081171835,264.090361699445,229.160716892755,252.518553932709,253.929536542669,357.070155846934,265.263393036973,247.245797531824,274.83249734551,304.42479318232,158.41295161546,252.829128099309,231.586644862563,231.561463731716,230.718613008269
2849,2849,28480,0,0,0,0,0,0,0,0,0,0,0,0,0,0,0,0,194.658504873627,233.990324460151,233.571783482653,253.506874610255,237.897065221833,277.813929135352,361.462357716044,231.412454583824,277.067553283744,168.955335538662,255.443367046351,299.193146629874,295.769750719931,249.529821630141,281.990727122249,225.199746706438
2850,2850,28490,0,0,0,0,0,0,0,0,0,0,0,0,0,0,0,0,277.496491613871,173.287660317432,209.816122874061,332.516764643898,265.024660713345,335.51771127746,351.374638568119,269.21261543934,274.658742763212,236.897294972856,223.295052534767,222.079782339804,261.050436887605,249.955482200887,236.078410113082,270.250960189173
2851,2851,28500,0,0,0,0,0,0,0,0,0,0,0,0,0,0,0,0,253.221251237608,203.398518928989,238.840429532326,265.289012815916,255.288950742341,182.853354679151,346.685840449781,199.980707648292,267.833469961012,246.831637688463,217.400423661784,287.835802018836,235.685908867215,242.174872641881,225.962381634939,232.022194139932
2852,2852,28510,0,0,0,0,0,0,0,0,0,0,0,0,0,0,0,0,212.778945354922,285.681119698547,288.707098984694,305.874063831827,243.793968771384,265.349613875853,336.733462256594,307.005850951075,324.903526493933,227.09062770711,253.717914974818,237.269212205918,250.902089482168,273.360122880971,252.012603365021,241.00093282817
2853,2853,28520,0,0,0,0,0,0,0,0,0,0,0,0,0,0,0,0,298.380192967858,264.681114359599,294.771009099384,151.964990239857,235.844271694807,250.735354667757,302.863454217355,261.064814288907,278.030301564332,239.050487873445,308.681349994657,284.515378863955,297.749156906501,267.378266679469,211.307970149353,261.051844501483
2854,2854,28530,0,0,0,0,0,0,0,0,0,0,0,0,0,0,0,0,235.745542610544,228.524829024855,240.562511646315,294.407315814684,261.088324372691,257.938641209165,302.470151204496,316.88869000793,231.773426214628,256.226280239463,248.528738062194,226.631842323264,302.715659895302,185.286254234415,248.697218882578,200.877076192223
2855,2855,28540,0,0,0,0,0,0,0,0,0,0,0,0,0,0,0,0,262.565452971293,299.064539074173,227.107846281674,160.37600336474,304.938720815683,221.215364605307,304.263580372364,219.437022576982,326.723181287087,275.381503182437,222.147372180366,286.275407008934,223.949326610946,267.587267146599,242.797811288668,240.775733037794
2856,2856,28550,0,0,0,0,0,0,0,0,0,0,0,0,0,0,0,0,226.250873887153,295.257212452986,225.960986674883,253.61400452473,203.905211283624,237.189056005412,303.893012851242,246.008252804563,287.274292788734,190.314451366866,259.100507921547,229.134999455369,178.379523861349,206.046268764665,242.041771038102,233.582590972177
2857,2857,28560,0,0,0,0,0,0,0,0,0,0,0,0,0,0,0,0,215.068669051519,261.258280428834,246.830656187984,216.794468729602,188.549450584448,209.977522511175,295.248712997377,230.255268869069,212.943006190903,269.837421558203,277.833675195949,191.548108487127,317.190249864037,262.578434816645,274.225923261094,240.980846713676
2858,2858,28570,0,0,0,0,0,0,0,0,0,0,0,0,0,0,0,0,202.166438054484,277.636205297933,212.343181352924,226.452905332854,238.105083856521,288.044737422678,284.734458959766,256.149851953451,273.235022424589,251.593115924823,236.171776906528,280.691211008586,297.77472502327,262.515625023513,305.40808746438,291.563823542845
2859,2859,28580,0,0,0,0,0,0,0,0,0,0,0,0,0,0,0,0,195.689138340264,226.273386615699,282.313701014422,275.937421911387,167.672385843514,300.45597301588,282.261502802189,206.938523785932,283.34984395614,291.660735808455,252.032451369198,280.853839783172,248.742004086744,291.259737845824,245.481582938772,301.830080226544
2860,2860,28590,0,0,0,0,0,0,0,0,0,0,0,0,0,0,0,0,248.439278335936,321.811266006206,284.391874321101,194.803892654377,299.684401286337,177.553218999885,295.894005650723,273.528061511963,207.871794724899,257.890908461662,206.904802122109,203.13773123258,311.676350178727,220.794494555956,257.525344677439,255.16725846373
2861,2861,28600,0,0,10,0,0,0,0,0,0,0,0,0,0,0,0,0,234.805238574799,257.188042945055,213.311825570567,179.016866605053,219.686922541258,338.196070884674,295.907859512073,249.897438620834,264.149334914245,227.902866538091,212.587816834029,247.499313598372,163.429213932511,267.421029312346,305.175813236313,167.096323107189
2862,2862,28610,0,0,10,0,0,0,0,0,0,0,0,0,0,0,0,0,227.050015464188,264.354435650002,243.391541821624,318.700763150017,197.676027986547,212.159574346125,268.399395301406,276.114744207605,183.184193382501,231.431265583731,241.245328519884,293.529611924711,228.919794817161,250.619780341076,211.510760222034,206.16441320122
2863,2863,28620,0,0,10,0,0,0,0,0,0,0,0,0,0,0,0,0,244.965722208136,273.893169292564,208.440899940901,247.764766895779,233.694925679508,251.698744848517,273.893934776464,227.320373808941,212.612549069706,328.187527037186,245.903166142661,250.262691719166,196.591500900695,215.555904005719,255.505369465843,260.371172974612
2864,2864,28630,0,0,10,0,0,0,0,0,0,0,0,0,0,0,0,0,244.096915494869,250.006791448246,271.905051408218,206.654390621456,247.0587168687,275.775873114121,310.739889578901,222.584648944425,285.641062307485,214.151939749285,253.800108436,246.628801499381,202.101814099466,292.427999271611,293.946791109724,267.248970063213
2865,2865,28640,0,0,10,0,0,0,0,0,0,0,0,0,0,0,0,0,224.075501283445,291.617462865889,236.782485471409,213.378099915562,209.178106912359,300.310078008326,291.504154364373,271.780508037684,256.202138583402,193.798215895965,244.371310735631,224.428818497392,200.789370436288,290.980889900684,242.734055025169,242.699147237014
2866,2866,28650,0,0,0,0,0,0,0,0,0,0,0,0,0,0,0,0,230.370290345855,229.450514407148,261.970995465266,306.676257946365,184.385213702345,199.617883743863,285.164139518612,238.177523958448,269.168754549993,308.139996845706,279.249016299133,260.038772787893,262.345284072585,268.726606258903,318.822825785027,282.431102047792
2867,2867,28660,0,0,0,0,0,0,0,0,0,0,0,0,0,0,0,0,270.396558531345,270.457442048685,182.42162615299,261.068304695198,278.731065766041,263.375263801288,321.870665302145,258.694245210498,277.449402064215,253.809467691983,209.345842806557,151.689271409499,261.911023241858,283.813422358178,252.95217616409,261.128541576437
2868,2868,28670,0,0,0,0,0,0,0,0,0,0,0,0,0,0,0,0,228.796141041313,249.218912409691,203.160943467551,253.454787513213,291.074565909483,318.13971304396,317.071090013594,188.200928596402,201.662475131373,243.690249453223,248.239760959716,264.704715895381,184.3005157195,149.529909861391,216.403403744088,245.688148745397
2869,2869,28680,0,0,0,0,0,0,0,0,0,0,0,0,0,0,0,0,296.653470883528,308.605605836267,260.611725435755,228.064718731342,246.709858323001,273.829756778054,310.573736001236,225.979604429203,231.501447708045,283.448478783541,218.040918321483,258.398626210026,339.483465208466,310.476198873844,177.513455801,246.375190472521
2870,2870,28690,0,0,0,0,0,0,0,0,0,0,0,0,0,0,0,0,254.89734568271,258.510168203985,237.300881556983,248.25603036447,279.026995635662,222.760371332351,277.355493424516,213.969443170088,244.890498613494,256.238047303954,203.239577081041,249.395819763002,251.885785805619,289.800158331359,246.626482606603,257.251818121229
2871,2871,28700,0,0,0,0,0,0,0,0,0,0,0,0,0,0,0,0,282.134565056898,226.184616186058,283.026443645821,269.215836342665,287.28808998829,192.511875088663,308.089587209786,192.141640245333,218.477156385074,245.589751232747,310.923096407672,246.254988022855,288.259838884376,286.733108507081,308.885474426008,270.467095102752
2872,2872,28710,0,0,0,0,0,0,0,0,0,0,0,0,0,0,0,0,197.52002411889,273.330745044319,256.152535710308,263.158674088696,263.339711971869,261.114945780957,316.52966386685,255.754656531579,195.896870587129,298.035701333653,245.206633001679,157.64809725145,257.791084102176,287.859175931655,263.287305194728,232.207806512655
2873,2873,28720,0,0,0,0,0,0,0,0,0,0,0,0,0,0,0,0,246.819644929477,257.830283890053,273.250315149698,288.972239914833,275.531112260969,222.54050577336,313.974890013458,251.751203214164,153.317671125787,218.827730629794,273.948479440394,288.535763050008,251.419724435486,241.385143764287,238.714782989688,269.541864778747
2874,2874,28730,0,0,0,0,0,0,0,0,0,0,0,0,0,0,0,0,255.796779336072,212.900460114873,238.036637247339,225.638959202964,258.902817330319,244.202664863669,322.934563294885,305.250226191201,243.643267929168,255.677192537601,184.772434514393,206.56902170963,236.876894536161,281.14486081165,254.871688529088,247.8574483585
2875,2875,28740,0,0,0,0,0,0,0,0,0,0,0,0,0,0,0,0,203.197826823606,231.046592952625,288.784858521555,218.534921517038,281.953140704724,220.41171879481,308.984065732752,233.402684226663,206.632064581155,296.485060612762,226.234610835994,259.763732067842,239.294484479119,221.570141945914,266.154554352461,229.054213286075
2876,2876,28750,0,0,0,0,0,0,0,0,0,0,0,0,0,0,0,0,255.912595338775,266.70452612679,171.141665316481,275.232844775934,236.02971086337,210.951889025765,278.341163365132,247.494022507708,201.868144755833,316.362773114989,162.107217667701,238.03317767498,220.427695684149,257.326738499372,315.54935088826,231.035658928773
2877,2877,28760,0,0,0,0,0,0,0,0,0,0,0,0,0,0,0,0,297.261634332171,223.187411481253,239.349765667684,216.084701883092,221.425218345496,242.746821029638,280.013617795733,210.942831465866,200.959566372346,301.087984158759,227.790177063957,260.177285299683,313.359669311443,246.926258040276,267.296010998462,233.432540005844
2878,2878,28770,0,0,0,0,0,0,0,0,0,0,0,0,0,0,0,0,267.143925962381,277.405822460961,235.299397042764,236.980554533974,254.509166453549,310.408598785598,279.552486847497,297.619113679199,292.339832280932,225.590762902406,185.472393500716,296.938257290067,239.715672949966,263.760327475657,234.357688562628,257.331749635715
2879,2879,28780,0,0,0,0,0,0,0,0,0,0,0,0,0,0,0,0,234.862608322428,270.428110940756,264.196065762848,277.376560303283,212.734289340435,217.340296876759,297.263529737658,264.036688930885,247.65456186131,329.67674966281,185.081678976689,293.945147755555,263.598619149889,246.78892680445,226.445026634395,188.129991367662
2880,2880,28790,0,0,0,0,0,0,0,0,0,0,0,0,0,0,0,0,290.867391370849,184.586505823521,274.556934145463,280.644713339588,195.90102607114,259.751505119451,276.256290317475,242.754773757659,225.467598762506,279.359450911162,195.951376842447,230.246335250234,188.856449293767,207.770466587054,289.86905235417,288.136980755631
2881,2881,28800,0,0,10,0,0,0,0,0,0,0,0,0,0,0,0,0,199.308051305821,157.577806678666,196.034537381063,241.686718020194,259.816180346494,234.634535497029,267.432723786922,224.693394307857,263.784390432654,215.508730717974,209.502176210626,237.643512966382,258.960011912962,250.361403057858,236.079896284974,255.964102464098
2882,2882,28810,0,0,10,0,0,0,0,0,0,0,0,0,0,0,0,0,229.464238780652,292.566572189076,310.919604652434,261.81976085278,222.228711721711,278.076138288478,278.51767650701,316.095837644214,284.694430674304,315.200836165516,242.526906889936,225.139883608127,208.676638402974,293.527324508173,237.424415874463,247.020608820478
2883,2883,28820,0,0,10,0,0,0,0,0,0,0,0,0,0,0,0,0,287.315380776748,253.086475010572,253.734959323017,246.351892743035,240.838467161024,288.426557922004,262.204082477613,315.201753951682,229.500875508698,258.870008673124,251.309818592329,239.653517157935,279.383964515258,202.328488054879,269.105056588758,217.313027713728
2884,2884,28830,0,0,10,0,0,0,0,0,0,0,0,0,0,0,0,0,209.492979104535,265.928669669268,283.128425449239,220.552370422256,212.037954551299,284.349837754333,283.136118608687,217.289824761022,242.693346850582,254.810550575933,238.778023506298,191.988736597997,257.467688756227,275.590838229886,203.940853044192,204.793926425164
2885,2885,28840,0,0,10,0,0,0,0,0,0,0,0,0,0,0,0,0,325.390069325173,205.037798287524,240.989032184954,261.401647301713,351.510725754281,207.520641141531,287.252991115763,260.559409875486,283.937070786126,278.711102192451,243.269817760107,238.227864818057,327.879635644828,244.111332812028,116.354021119894,209.026526999991
2886,2886,28850,0,0,0,0,0,0,0,0,0,0,0,0,0,0,0,0,309.948611139876,200.268049309333,295.450094587128,278.729950944641,296.117978132531,224.782685482709,292.967324007714,267.584197538927,218.816482082668,226.480746879488,253.559385889378,270.753136084662,260.33204093803,231.493226167373,256.200413939308,229.939099812207
2887,2887,28860,0,0,0,0,0,0,0,0,0,0,0,0,0,0,0,0,246.817577613368,275.183908537091,260.504921038627,281.849059895113,285.070509567049,332.37627378216,317.080084570973,184.87800955301,247.92845851174,329.536621660944,210.537466936427,275.047045981287,244.952767159411,247.041164009825,272.959906560584,290.309863315505
2888,2888,28870,0,0,0,0,0,0,0,0,0,0,0,0,0,0,0,0,251.016568828396,269.714578418483,231.356126272174,257.132889045994,240.496200743155,281.259230327425,294.526217090023,232.792298588402,293.185137881186,270.257880357814,275.120247556841,175.991428422441,252.543077084782,261.833147253421,264.014450975208,278.38263656682
2889,2889,28880,0,0,0,0,0,0,0,0,0,0,0,0,0,0,0,0,204.385375789842,257.951569321128,301.384865957608,280.757320819543,253.524360681861,246.887813851234,320.233216292442,249.164282826058,243.010090244663,176.405649452858,250.373815557585,214.431101687271,292.763779414256,268.018517235365,190.670269572495,286.330080827158
2890,2890,28890,0,0,0,0,0,0,0,0,0,0,0,0,0,0,0,0,218.09816343199,244.55583300538,245.283051126014,222.923512312207,248.302984868747,246.147324445291,308.119764641169,247.050732849125,201.037399227277,167.886916525332,235.139940283412,258.016728210648,184.873623965328,317.617742125475,261.997828308473,282.890725044363
2891,2891,28900,0,0,0,0,0,0,0,0,0,0,0,0,0,0,0,0,316.658943388585,258.966879890245,267.243239792305,309.248964593727,228.550611266199,210.984446675362,302.552984805683,192.342563317817,244.123268336421,174.188906007578,241.101572116723,256.840037583869,249.382916218097,232.64270128526,234.140326395774,237.119309917074
2892,2892,28910,0,0,0,0,0,0,0,0,0,0,0,0,0,0,0,0,280.356455242386,252.513326494925,172.414381747144,184.830208256607,217.674765282027,233.55794185285,313.655493355322,305.157098765354,295.649881083394,236.211187613012,257.500429579976,267.702818433222,281.344905403713,309.69445541292,268.541706928266,272.910388715374
2893,2893,28920,0,0,0,0,0,0,0,0,0,0,0,0,0,0,0,0,250.885940239201,243.62192261961,232.214961779808,276.153520581493,301.967339377372,251.8641893139,314.437097836977,235.968562481473,286.277117530688,245.277281844613,265.447739957432,107.114160269602,229.066379590955,231.042770076687,274.942543214675,243.308049910142
2894,2894,28930,0,0,0,0,0,0,0,0,0,0,0,0,0,0,0,0,187.327747047837,194.741371290705,314.872623970386,288.672546955069,263.507303116595,218.730589871855,315.47808419561,223.289113302973,247.31174072441,238.902243915901,224.975794234694,246.994751591557,188.86690555788,213.896574041547,245.014029385715,226.407468601471
2895,2895,28940,0,0,0,0,0,0,0,0,0,0,0,0,0,0,0,0,229.090524299176,259.708924121648,188.0687798616,239.497033168632,272.668669272808,266.173679243645,295.66517164465,298.837401307845,224.352428682315,214.87239297096,206.326053252503,311.454183995033,257.401875526683,276.152721501387,276.73395065318,232.953283589838
2896,2896,28950,0,0,0,0,0,0,0,0,0,0,0,0,0,0,0,0,267.865884167376,262.148172532191,214.161424480605,219.607058161033,234.070299357799,232.859130498564,289.41422658296,233.870097808411,250.843109486991,273.12976668724,242.134398454801,254.586423066543,267.064545712483,228.08594850586,291.664453885413,315.202957706462
2897,2897,28960,0,0,0,0,0,0,0,0,0,0,0,0,0,0,0,0,184.630843648133,242.572506451184,222.001552577765,274.408995399263,285.240614503572,216.250497002111,305.910886303496,167.39941870754,270.957850222215,266.307033019249,274.314628689734,180.551375893873,207.118844360665,275.286834328681,276.348350644257,300.589494442178
2898,2898,28970,0,0,0,0,0,0,0,0,0,0,0,0,0,0,0,0,279.017021243613,304.908019007896,233.584407496265,264.703867618558,192.666604125281,198.071456974964,299.074591002664,267.868314535549,305.999257940959,245.901942595074,238.610012465022,197.475999926783,260.280835952764,198.308448803218,276.717804260387,207.668731291091
2899,2899,28980,0,0,0,0,0,0,0,0,0,0,0,0,0,0,0,0,308.577951980606,287.814396620737,232.099236359816,241.184115584432,200.0599959886,160.317830778551,278.460651583613,212.450240496427,229.698654511738,181.304406127866,261.284535202143,301.858876655076,290.082887099568,292.538307002312,196.916303504025,254.263724627857
2900,2900,28990,0,0,0,0,0,0,0,0,0,0,0,0,0,0,0,0,235.339494038933,222.574521074088,258.161344702866,274.553456352633,205.560480118066,202.126339480843,292.895659200487,272.693205558921,275.796345221616,188.001066302013,241.727323119543,280.73006733236,275.040408679856,254.129278626504,229.573514901564,319.02984364902
2901,2901,29000,0,0,0,0,0,0,0,0,0,0,0,0,0,0,0,0,244.524550083531,212.420463622242,216.114872710131,241.870221648474,250.672312017688,295.535941465241,281.715639240347,258.462664420666,223.198844249554,260.929516335581,241.740518413489,236.084679046226,340.410239021795,210.661910422725,291.402916792324,188.648306128097
2902,2902,29010,0,0,0,0,0,0,0,0,0,0,0,0,0,0,0,0,254.752538064189,255.788621418295,238.896595208375,248.127695289906,264.175475499386,281.792938704162,284.299194904306,217.186818692679,231.870613108464,267.388859756846,177.744992224012,246.111266676799,268.996465526944,254.487840820186,314.696811746351,208.023370311504
2903,2903,29020,0,0,0,0,0,0,0,0,0,0,0,0,0,0,0,0,311.194633100457,219.109510280029,209.270500050174,200.209497035547,231.355570092956,266.251838552209,255.714572186714,339.812993622804,204.865636441279,249.07532926256,262.143737359608,184.58333063034,256.564798606313,284.61072277943,280.884743709265,277.351279178425
2904,2904,29030,0,0,0,0,0,0,0,0,0,0,0,0,0,0,0,0,292.770407732328,249.134891566297,278.570669428783,235.811324297538,238.303983116738,267.318706428426,255.988493797398,192.245133489924,264.734447006158,243.099551047574,242.188839122196,308.51179530308,274.245830640257,288.708886846408,266.596033871969,252.96911915402
2905,2905,29040,0,0,0,0,0,0,0,0,0,0,0,0,0,0,0,0,279.668988211137,278.626029922689,298.316473362997,268.903080118893,171.244686616674,283.479538397939,271.843849916008,265.526903781368,256.328356850829,279.825139172084,249.378060906992,260.285209316302,276.171847357859,313.434653477716,272.621277335009,254.844457441847
2906,2906,29050,0,0,0,0,0,0,0,0,0,0,0,0,0,0,0,0,229.759065936818,261.761730590015,328.724358605335,254.725517229017,246.574236460522,270.877504410764,259.227166463687,256.447967455182,222.672523805724,268.764207439098,311.403700957109,197.117876614279,217.866961911142,177.069054181149,260.487874401796,292.657549903676
2907,2907,29060,0,0,0,0,0,0,0,0,0,0,0,0,0,0,0,0,224.707749009009,257.233240606627,219.049541679703,279.483192292106,231.102639811835,231.051282134266,252.156848305218,239.517234949904,228.411349986851,218.460003591991,198.999220342745,296.797094624013,286.986405159534,264.086144472864,268.186750624915,278.702651531898
2908,2908,29070,0,0,0,0,0,0,0,0,0,0,0,0,0,0,0,0,275.811322615991,315.801550961757,197.09688852482,195.369483776093,259.165497521424,204.186208917276,263.21218894352,271.393834106237,252.192617076091,256.9725344367,231.665325322608,308.15396004348,258.179645115854,238.286703151972,230.365500296427,214.697115518637
2909,2909,29080,0,0,0,0,0,0,0,0,0,0,0,0,0,0,0,0,222.101765422853,245.79052872515,256.871145697927,245.806392096405,248.553116514771,236.130336029337,259.1484799785,278.220841894976,234.417010929984,293.096962979649,316.505197552316,272.825544174847,221.469723617919,255.570318794083,255.400879383686,230.987451826331
2910,2910,29090,0,0,0,0,0,0,0,0,0,0,0,0,0,0,0,0,272.29768296827,292.122700689302,309.383109526044,223.784236922673,230.583809921803,246.172487905274,255.540143826866,253.325639556239,268.391570412241,210.854049689245,226.374893136773,272.91182313005,229.050779797511,242.839725727786,235.525403636047,219.332912483664
2911,2911,29100,0,0,0,0,0,0,0,0,0,0,0,0,0,0,0,0,271.146317479642,267.659767018807,231.232077214598,215.200311838716,237.747959096204,186.856365038672,290.808967421229,284.545428964597,320.265123556971,280.155148535871,209.720853108785,303.058558670964,238.677383267828,262.857139869788,223.978963172803,263.304247839554
2912,2912,29110,0,0,0,0,0,0,0,0,0,0,0,0,0,0,0,0,308.588725836023,251.194427457294,202.062002605335,267.878240879401,269.234780837571,249.13000385418,268.68697232433,299.552118192277,172.297695833754,255.469617383914,275.360211454086,305.252065369927,267.221148200312,232.505294224708,267.447412502536,207.430416010679
2913,2913,29120,0,0,0,0,0,0,0,0,0,0,0,0,0,0,0,0,250.164601229559,187.313529168757,266.63659093595,333.034128984529,284.524526077995,275.329183634289,246.094276401313,224.692980214002,271.409886085211,286.739270429175,272.248718801044,215.558746341779,194.088361243844,215.374772676908,239.32003501719,270.475827733097
2914,2914,29130,0,0,0,0,0,0,0,0,0,0,0,0,0,0,0,0,264.896271767522,252.960444733003,284.568433517326,228.478528679937,272.864109508982,203.697030962901,244.533319874793,227.153790394557,311.469602549766,186.59545498323,248.680140735756,186.489073916212,257.533631174096,272.956013297674,257.986011439084,284.278449094448
2915,2915,29140,0,0,0,0,0,0,0,0,0,0,0,0,0,0,0,0,261.038796641203,199.262985248167,286.253238346297,281.40715335635,226.239523448985,303.298492806233,251.360169734075,258.004995092655,257.589075570595,196.581890524093,247.460033756401,285.422679804918,304.624539665325,281.378274450067,295.460417368711,257.306064222176
2916,2916,29150,0,0,0,0,0,0,0,0,0,0,0,0,0,0,0,0,265.201469934907,231.148185282515,265.533509996269,285.799563822478,209.239521999035,271.284942300744,246.746675863349,243.804376724478,273.530391432571,253.408990893859,146.864950190293,228.85692644752,266.011283880031,236.950691177606,248.277303200856,205.600431586766
2917,2917,29160,0,0,0,0,0,0,0,0,0,0,0,0,0,0,0,0,223.041845530788,264.744949529308,263.252351534877,243.761800520264,214.124405384899,264.109177439958,257.808307422544,220.335213423256,231.274785817665,213.086432420955,268.107668662181,246.193573965531,265.431762794537,223.746985760505,230.668141741865,206.593044330421
2918,2918,29170,0,0,0,0,0,0,0,0,0,0,0,0,0,0,0,0,239.626781231062,317.438648539117,305.384654707395,243.6154014529,206.392433079152,229.026648584639,247.864338301173,353.323854436636,327.344875924574,239.106892670827,280.577789640835,263.58412357157,249.126901189841,285.12444609261,285.565256243397,216.127526240189
2919,2919,29180,0,0,0,0,0,0,0,0,0,0,0,0,0,0,0,0,270.71713589382,258.640308351898,177.889449747079,274.975799036151,295.442825304031,260.757946220777,237.451668273792,233.902471366912,212.577999553625,241.978806949862,214.45707315798,213.206875810115,263.750423518218,248.076454996619,263.288023951355,218.997295952682
2920,2920,29190,0,0,0,0,0,0,0,0,0,0,0,0,0,0,0,0,245.085249262804,211.161459042634,241.075319429492,355.033968787755,175.21249808742,321.885102310827,257.982496482163,194.662642405758,242.123096188594,214.205858014283,287.331039436351,321.242370214598,288.032696885907,223.623018249927,248.677383038425,249.376429177043
2921,2921,29200,0,0,0,0,0,0,0,0,0,0,0,0,0,0,0,0,229.788648639521,230.355843616453,190.174955011197,229.319559239876,203.453336780738,181.501345046347,254.298636845188,308.252531439907,258.453333400523,253.09359992542,229.077895121373,286.721501815631,235.367546219209,202.025792882282,275.893796030142,210.139980302857
2922,2922,29210,0,0,0,0,0,0,0,0,0,0,0,0,0,0,0,0,312.900032075043,225.708996622967,244.907512357531,198.035055061138,201.959182721098,256.802848841061,249.401087079403,243.243190084632,286.710036052534,232.276574783046,271.187142367962,280.711637282623,278.954078327091,234.445188826207,230.159258102141,301.522081181624
2923,2923,29220,0,0,0,0,0,0,0,0,0,0,0,0,0,0,0,0,279.90885391349,247.158653801507,295.565451686208,263.855353694517,251.337765439767,266.101002224468,244.553409095731,244.718689485172,191.347335401726,214.47037271059,238.480340765157,290.402653360031,274.920480200454,214.423106742391,302.820267320976,307.582568734741
2924,2924,29230,0,0,0,0,0,0,0,0,0,0,0,0,0,0,0,0,269.723575209202,257.081276144472,311.170757747452,283.695571041392,280.362548101283,288.858552506687,257.052680072132,258.977594842345,227.208873382643,227.157827058253,221.072163722536,289.128456733427,260.94083903098,218.865724680321,244.383712649984,250.699142197613
2925,2925,29240,0,0,0,0,0,0,0,0,0,0,0,0,0,0,0,0,280.029115948216,212.067844470176,319.244551077516,251.434797037876,225.555740284012,194.235630001656,238.021351677874,250.197823253127,212.773484926078,294.037969207795,271.879556400498,236.101586134821,223.832475304568,232.081621711913,249.957812232241,261.331262577004
2926,2926,29250,0,0,10,0,0,0,0,0,0,0,0,0,0,0,0,0,268.729454479543,251.740608979224,225.493467178856,231.724791496355,215.519071439307,280.923002922533,255.897049920303,254.563723339437,233.624202912988,237.041750255732,253.970302906745,310.36298007932,250.740144829261,247.452486493766,252.215859431191,256.776315528634
2927,2927,29260,0,0,10,0,0,0,0,0,0,0,0,0,0,0,0,0,206.59742812313,241.016741533762,249.519688067589,210.653905620431,159.468516288894,258.275814511839,249.844254444223,259.339513036807,237.656282684201,245.910547303555,240.029289769341,275.366227339341,285.764820101011,249.424337831444,228.622467321476,248.018676120789
2928,2928,29270,0,0,10,0,0,0,0,0,0,0,0,0,0,0,0,0,252.693466486567,251.561001867612,196.483834333081,238.78633373952,225.250058465448,231.536178719275,274.115742047965,202.027202796231,260.690431588709,289.667148286799,234.069850081359,279.281981131371,279.920457180183,265.440144636724,262.834178103209,210.08453646534
2929,2929,29280,0,0,10,0,0,0,0,0,0,0,0,0,0,0,0,0,240.584916767221,185.829930462754,263.836615754281,228.138415814022,256.675933971143,235.902168828142,263.769062361073,195.214547371533,244.503737923662,268.502194392122,244.751754772303,266.637446136723,251.45159237836,289.331464012518,255.875905164662,265.901948460748
2930,2930,29290,0,0,10,0,0,0,0,0,0,0,0,0,0,0,0,0,261.304284572462,219.087760270425,245.322925954136,271.475858155831,306.415638116482,242.32413380783,284.623335951395,338.06983729787,204.849435432126,259.124776472154,240.382141911623,247.567069923938,245.585453684919,243.568519642357,278.173625916682,149.977410992481
2931,2931,29300,0,0,0,0,0,0,0,0,0,0,0,0,0,0,0,0,251.38897474702,210.678573833587,228.680462190136,211.287684277612,291.120114560405,205.318256608314,308.758014627134,209.554343721514,241.972572250599,262.557007586499,296.311618254482,241.383486469027,256.4100742532,260.444485184301,254.433678929764,258.065224423341
2932,2932,29310,0,0,0,0,0,0,0,0,0,0,0,0,0,0,0,0,308.237170969797,208.747799824328,275.188897171424,196.304354866474,263.266975524353,299.538994413844,291.145949424421,236.307509170368,205.303840071754,269.920968910259,226.43787508489,304.61198976898,155.471040444568,337.468056982054,240.302195477901,235.614934078348
2933,2933,29320,0,0,0,0,0,0,0,0,0,0,0,0,0,0,0,0,273.860332671214,219.524866704881,240.646742563384,263.288916477706,169.659599401709,269.803922044827,300.528335250399,244.354944643613,225.330169298012,220.61574587072,266.437266039638,263.056529459906,230.915233619183,265.360793459279,197.991971142337,271.104107642282
2934,2934,29330,0,0,0,0,0,0,0,0,0,0,0,0,0,0,0,0,228.755877989452,294.797580932481,225.076830125605,225.379645835105,311.678422290969,293.486631528265,281.194716694941,281.876989775332,262.834838870663,264.905400665424,202.987458908887,162.547791327394,265.368673310687,199.497684874572,286.704228732871,218.784568446809
2935,2935,29340,0,0,0,0,0,0,0,0,0,0,0,0,0,0,0,0,219.70161826638,305.185172206654,290.688630716414,277.170211125079,238.047215573488,216.39900442334,329.367516196651,261.740440606162,224.416600642033,324.196000056149,167.548347880988,255.201371547044,234.917131014855,269.074427662444,236.935071622506,277.104336108263
2936,2936,29350,0,0,0,0,0,0,0,0,0,0,0,0,0,0,0,0,241.12264951991,290.479737459753,255.264644913178,277.740773751975,267.029267796638,216.466766596844,302.139376000734,248.140069161182,246.158386774872,251.713052111171,285.689184228102,305.973346928147,229.373703588296,213.752102232035,274.43448996605,270.97417870801
2937,2937,29360,0,0,0,0,0,0,0,0,0,0,0,0,0,0,0,0,236.395594124344,187.776414624628,231.339967652479,235.719439378677,316.959007270884,200.216330046704,306.947263092455,278.457885307668,252.212764646578,267.196011780328,212.441209752863,210.193741010598,275.113315143523,266.075800658102,214.204867019125,226.771015387963
2938,2938,29370,0,0,0,0,0,0,0,0,0,0,0,0,0,0,0,0,227.873639519395,247.904709978617,206.077043371991,260.154881847211,205.143544013287,283.513017428734,278.459257331553,237.032493577745,264.658394076186,163.269205971519,247.442780777457,228.915464893735,300.806283503368,243.069943636008,270.363924508599,230.111897972061
2939,2939,29380,0,0,0,0,0,0,0,0,0,0,0,0,0,0,0,0,250.90248112275,232.590324057555,253.515991840852,296.05402333644,272.886112971329,248.991787075446,284.362526577049,181.926719335629,174.50180487605,320.818157709792,300.60620704276,244.962263710732,306.053014775484,213.061463796326,235.741357611744,248.860122082795
2940,2940,29390,0,0,0,0,0,0,0,0,0,0,0,0,0,0,0,0,225.073881281899,241.217981677232,283.534057327986,345.742553746793,291.885475479492,187.333531492229,281.977218255103,183.477400701457,246.496428474809,287.463391416653,197.400061572226,246.500673757624,270.761980134574,223.937193308129,274.88692879096,303.657458984437
2941,2941,29400,0,0,0,0,0,0,0,0,0,0,0,0,0,0,0,0,214.854218529725,241.509531343651,231.810037443369,247.947354198413,303.92664236016,188.127567760064,298.97310799154,180.785453426109,279.735938065304,320.244954158125,226.152126053062,261.568844624551,276.794553779446,295.051844544074,256.138469423612,264.812096853307
2942,2942,29410,0,0,0,0,0,0,0,0,0,0,0,0,0,0,0,0,167.500184706972,267.719755488891,254.968448851466,286.857593252247,306.361816425543,213.380115686637,291.559923144042,247.049048191476,255.099898941568,264.711601259491,267.34601594759,255.626124570194,223.530501021331,266.122245934788,264.7262710751,233.684418591057
2943,2943,29420,0,0,0,0,0,0,0,0,0,0,0,0,0,0,0,0,194.096256193714,214.59144074929,304.836812819715,223.433784786544,236.138340281549,215.110568748968,269.377441206672,215.364890108878,283.407200336018,220.910533149022,153.438978963814,243.170249909548,215.090499150195,246.907078032452,285.469334620852,264.066912732925
2944,2944,29430,0,0,0,0,0,0,0,0,0,0,0,0,0,0,0,0,221.688247208569,268.657839676054,274.033157643161,244.592529772353,273.361620354358,208.846416817892,300.096808160986,216.644914504718,268.877210661457,279.802574114319,292.257475849661,276.706452332975,288.043157362689,251.079148603585,207.550123963822,178.415299775553
2945,2945,29440,0,0,0,0,0,0,0,0,0,0,0,0,0,0,0,0,228.692849591497,276.634012266317,238.04104832706,236.318644932998,221.419880546387,225.691853286197,267.012611133573,260.15504498644,204.54576051189,290.517388403181,254.659164100748,268.988932616969,252.716035953186,244.749778455347,256.694357764574,270.796116960911
2946,2946,29450,0,0,0,0,0,0,0,0,0,0,0,0,0,0,0,0,234.507596720972,276.984836642357,225.485328265525,248.053265101741,215.047675714993,244.978332309673,275.507422686866,260.806519497232,220.743274422006,211.840700401146,314.842916816138,207.640692533431,216.052406552121,248.091930817795,238.614608089644,200.380235740556
2947,2947,29460,0,0,0,0,0,0,0,0,0,0,0,0,0,0,0,0,227.796717370026,228.960700793042,238.451430460284,304.940666602254,251.006032588878,264.060190640346,265.94146718003,229.277729769458,216.503160501504,206.874743903724,224.540857292033,235.657235483076,264.19845582577,332.494799767526,259.607808409313,191.518145346695
2948,2948,29470,0,0,0,0,0,0,0,0,0,0,0,0,0,0,0,0,271.811662966343,248.374999826908,269.11740793026,234.878220930702,217.086364720381,270.684373115935,270.835903841399,165.178176441661,304.432019284788,222.616429002077,263.376377683325,207.601090639231,239.836649777357,233.858490865398,304.361530406708,294.796651190586
2949,2949,29480,0,0,0,0,0,0,0,0,0,0,0,0,0,0,0,0,237.172935206414,195.167291004127,292.195643576338,250.085814177027,299.482322681171,223.204655054933,273.909429060219,186.342632084651,205.314907822816,287.853187608999,302.296207039282,240.722737505022,201.219178379538,168.087657983966,216.276929197289,249.314591591471
2950,2950,29490,0,0,0,0,0,0,0,0,0,0,0,0,0,0,0,0,218.645170559526,235.616445080875,266.236378078658,216.99339396453,248.138007510915,263.090531435082,271.156385076995,229.259811382559,268.161641558357,224.070875371751,274.784391365256,298.426947161591,206.669358922002,248.816481043806,308.985651988567,226.059384920279
2951,2951,29500,0,0,10,0,0,0,0,0,0,0,0,0,0,0,0,0,231.011697695206,229.231880688148,218.306321318749,242.629684310656,261.722807470569,306.209087241133,272.319554873928,239.464716938465,284.21217627035,242.803309757841,287.472527904903,300.059656957283,226.623649685393,260.382561960831,219.402157712187,322.318693071618
2952,2952,29510,0,0,10,0,0,0,0,0,0,0,0,0,0,0,0,0,295.662439804935,287.393860911394,186.316446482004,308.283952575536,190.649639074606,301.745112070154,251.766262313011,230.835217400844,273.638851032461,231.728332246154,288.577211264071,264.42909248253,249.318161985801,210.91898397812,275.724962913734,283.937656886197
2953,2953,29520,0,0,10,0,0,0,0,0,0,0,0,0,0,0,0,0,244.04728930904,279.232322746394,328.545056275968,211.216349426602,211.073383819616,274.354783863692,249.734595542401,260.050881468558,181.598009849466,263.542179203356,335.398898943175,236.672642485939,244.592352696881,221.200185764841,298.06113541383,222.649942997682
2954,2954,29530,0,0,10,0,0,0,0,0,0,0,0,0,0,0,0,0,269.022166655028,189.52052378028,249.817766987012,302.026596156636,300.76558340993,248.828925562541,252.978634341046,247.852695458046,239.456618124597,246.798003616113,235.461051295486,252.341030452088,235.938792857237,245.884442654526,279.674702897286,311.731113873429
2955,2955,29540,0,0,10,0,0,0,0,0,0,0,0,0,0,0,0,0,240.904186299918,246.677448008573,274.541380487885,276.804963991521,237.699315990055,294.673675504928,272.142251703317,247.305239173836,294.805856355891,274.577800272921,274.544750292567,255.211506670654,275.88966040575,256.117712527634,327.254551371498,257.52158213527
2956,2956,29550,0,0,0,0,0,0,0,0,0,0,0,0,0,0,0,0,290.317047576191,299.874339656824,193.593681197831,269.017134505811,217.210871407052,241.027762512103,290.851979748608,263.471873643652,215.089944094203,246.033853807121,264.785855948435,220.368575748155,334.53593485697,291.69950115814,148.697388402384,206.89012629976
2957,2957,29560,0,0,0,0,0,0,0,0,0,0,0,0,0,0,0,0,253.911131075209,275.769591122928,244.9705719078,298.211898344542,261.425823423527,279.128198453729,308.376238022427,238.186318786926,235.849352734045,229.765912448007,240.196806381911,274.256146965901,227.065588514605,239.487968805096,266.884932181479,237.721359227399
2958,2958,29570,0,0,0,0,0,0,0,0,0,0,0,0,0,0,0,0,322.860582651516,255.439577052283,202.21075568796,305.126150292689,252.791447883034,176.864917876936,305.535689943778,202.573131062103,189.216721511232,290.225245286881,252.509544360721,264.169845681816,286.99494945774,181.193859827845,264.159391453358,277.42974503121
2959,2959,29580,0,0,0,0,0,0,0,0,0,0,0,0,0,0,0,0,278.728476881166,209.644354606155,258.734678649395,230.459195328606,221.634437912697,229.250891356127,292.68801821414,225.260553591788,270.714048735903,274.627670695745,245.543958223472,304.12838745215,221.596195922666,310.960694053207,272.084989273278,271.421272431966
2960,2960,29590,0,0,0,0,0,0,0,0,0,0,0,0,0,0,0,0,234.323647997859,283.275806379083,262.458541720909,242.036046048599,272.426325128834,270.193236377703,298.852584924189,189.601673783806,165.056845274051,258.498840163107,215.455154431311,277.758513608891,233.745596191695,200.946554228796,303.129245459731,329.440188804822
2961,2961,29600,0,0,0,0,0,0,0,0,0,0,0,0,0,0,0,0,235.125182798193,244.835462986847,322.550107778095,240.50347301603,274.19252602902,276.294654134063,297.601800305574,258.070689271692,274.436844032409,247.704185777938,261.691610814077,227.843091943436,318.178640951442,264.486178527409,265.996432715455,287.617206628963
2962,2962,29610,0,0,0,0,0,0,0,0,0,0,0,0,0,0,0,0,294.792367907865,273.564529600716,221.539889472944,232.190911423187,224.892440071585,241.76080808925,319.046183268764,223.329100714777,281.736089248329,270.683516310347,235.36574685619,175.408241390809,236.810749629915,285.106088688307,246.25451973628,268.661722715339
2963,2963,29620,0,0,0,0,0,0,0,0,0,0,0,0,0,0,0,0,242.46138929708,209.595555571415,287.511268295274,330.595177821708,221.635327920699,273.998511464034,295.832098779441,312.982880657891,208.014566095853,276.652131546066,218.508088225104,301.732931801919,193.783621217029,226.700394404484,285.683014316345,329.915043230213
2964,2964,29630,0,0,0,0,0,0,0,0,0,0,0,0,0,0,0,0,231.559058010041,273.489155612797,211.904514682905,273.828245271096,314.111362751861,193.218297852682,282.879972248538,301.814812746661,264.812206825585,242.341372516239,306.555320512662,260.837777260816,200.734709287549,217.007675621806,210.746360527956,235.347287630426
2965,2965,29640,0,0,0,0,0,0,0,0,0,0,0,0,0,0,0,0,236.70020472047,235.687257081413,215.383286036589,262.135714586609,276.197630093647,267.564268792143,293.303295231953,261.868164158121,357.188816023525,236.855954884745,176.075198785348,280.261645277675,187.271914280482,238.469773255024,255.490658223412,199.698085960705
2966,2966,29650,0,0,0,0,0,0,0,0,0,0,0,0,0,0,0,0,253.481059716649,182.567008789542,208.98939861015,238.420755731629,233.637634167438,237.151526613236,268.372642243602,265.342784575932,297.168998719353,220.26701559305,211.330952345763,170.468307041745,253.958109314787,249.072551630148,243.420064955646,284.040444131117
2967,2967,29660,0,0,0,0,0,0,0,0,0,0,0,0,0,0,0,0,170.606737614205,277.79852098033,256.441745847076,297.799393488169,278.955228437619,241.20557270766,281.274617270474,236.458933522308,236.677985165437,251.825154138745,272.46702797909,250.040906713372,210.580031860876,285.103182578666,256.300159969546,193.669515731528
2968,2968,29670,0,0,0,0,0,0,0,0,0,0,0,0,0,0,0,0,217.652918179999,289.502237395656,176.699849258973,246.161912546252,199.1980306712,222.904434307759,296.191190937809,223.352862476041,186.609891706281,251.892522502007,252.942960602871,269.198197481719,210.660351866772,263.003876672712,210.347594136489,184.703464754309
2969,2969,29680,0,0,0,0,0,0,0,0,0,0,0,0,0,0,0,0,297.061885360487,223.713195204467,297.404705048627,228.583053849892,272.108118186059,277.517499355197,306.458567515711,237.497391452375,192.22178171147,207.315506873677,273.484364883974,241.763950062545,220.181882235604,295.57799126201,226.903513053914,246.036306976882
2970,2970,29690,0,0,0,0,0,0,0,0,0,0,0,0,0,0,0,0,203.865083446103,256.893222234064,301.300952156571,245.598803717951,280.91030255538,250.848332798803,287.054541003163,227.437429418626,284.736392503234,234.392561856772,176.181435570508,212.979554815938,299.667681211372,244.983805038552,278.363947414715,236.894183662874
2971,2971,29700,0,0,10,0,0,0,0,0,0,0,0,0,0,0,0,0,210.139345744989,254.767702258359,243.618274979635,254.029007230574,211.536683700261,251.031709510992,254.502710033677,292.227546194112,201.177807140504,203.932374575645,260.144725914947,153.147751221293,263.083347703386,216.917287995596,219.960618997973,276.289693571277
2972,2972,29710,0,0,10,0,0,0,0,0,0,0,0,0,0,0,0,0,210.724164763966,235.930501968505,244.202666964739,232.489626844709,225.836974705565,220.785939602874,277.275962892069,302.510246734612,252.392253860489,222.853681856059,251.405643742452,163.156279075134,234.045039676982,314.907777117651,260.090865321941,212.190127348139
2973,2973,29720,0,0,10,0,0,0,0,0,0,0,0,0,0,0,0,0,249.498305017686,300.189530070853,248.909289343694,270.010999540456,189.617001887283,241.325066489584,281.709106117191,201.462035423188,199.971070313806,274.104995763955,243.0496139789,243.841919901795,272.654641248144,265.124624855153,270.354878695765,248.302267554076
2974,2974,29730,0,0,10,0,0,0,0,0,0,0,0,0,0,0,0,0,194.207893910561,261.836518114259,249.966954254872,309.513503943317,199.495424909223,257.800249632117,263.880985947379,244.467927432268,217.223789335708,223.412128434358,201.058501416701,244.997577947454,206.878449066089,284.438713726883,178.689993032869,273.476192427615
2975,2975,29740,0,0,10,0,0,0,0,0,0,0,0,0,0,0,0,0,187.603443902625,224.9904120768,225.727343503002,276.011894476331,206.154975731002,275.448507230969,295.238102602221,256.218956154872,245.560494795033,180.947838191467,297.218630807841,336.081266985291,278.441309873204,249.66703266281,228.353849435845,221.77608498025
2976,2976,29750,0,0,10,0,0,0,0,0,0,0,0,0,0,0,0,0,258.860636929669,266.711697328768,216.145567375251,252.724920887846,179.956381682506,239.513307825026,285.61482651872,235.683229789229,323.443930612452,198.96149166492,317.600655982232,240.321575758673,278.772694269538,240.742325966995,266.353226198575,260.653442138674
2977,2977,29760,0,0,10,0,0,0,0,0,0,0,0,0,0,0,0,0,218.70587518724,238.392636223999,263.05734170407,227.027545348485,208.399636150814,246.006845309067,306.974403474145,191.985006063751,267.416168636404,247.211306631485,217.787722377287,256.448595579383,361.081595474272,159.042002238405,184.112821220237,283.059395019645
2978,2978,29770,0,0,10,0,0,0,0,0,0,0,0,0,0,0,0,0,209.867934466307,289.563999797519,214.504833097,243.011965006918,263.906644076677,271.144940171033,326.894792532883,221.550595594564,326.630459035113,240.390176544696,185.68715555602,273.392698722723,249.125625643951,272.868104769736,193.260071059722,273.410271657415
2979,2979,29780,0,0,10,0,0,0,0,0,0,0,0,0,0,0,0,0,264.724915135639,212.569100204534,244.935919693329,276.342576340489,252.042762391644,208.022780938312,317.187884054411,247.625233877554,239.439944198164,229.177037503085,191.477953116012,197.536439114219,266.527585419597,237.631809623545,269.564027193158,286.424575929197
2980,2980,29790,0,0,10,0,0,0,0,0,0,0,0,0,0,0,0,0,280.343234281239,282.346655197339,246.703280804056,188.278167084873,288.213329503012,269.198406929221,328.406965405518,296.001685811682,250.791910457358,232.109553663133,249.455724993622,213.09187000682,192.3130922608,230.574573630912,296.149968352114,220.118303831178
2981,2981,29800,0,0,0,0,0,0,0,0,0,0,0,0,0,0,0,0,227.080032051829,288.487059029373,258.290130419388,250.831566109952,214.34597461709,269.103624866218,347.365924190338,249.442134527118,287.843432938485,347.5168368866,284.158273327447,262.700911276789,248.292818420427,183.481541657398,212.639368683738,293.65051057063
2982,2982,29810,0,0,0,0,0,0,0,0,0,0,0,0,0,0,0,0,205.336214419124,235.768447818177,271.239432159401,222.965781855923,213.233953754119,257.40447988253,355.824343436783,285.729907904086,227.463077733891,273.408934674241,247.318186637284,262.52308212294,278.508670938044,216.63591736426,255.404786547807,250.709443764026
2983,2983,29820,0,0,0,0,0,0,0,0,0,0,0,0,0,0,0,0,300.635759645737,212.113511546675,182.579825853863,238.345960386126,222.192205636001,290.856913835554,354.928108425679,265.477039691637,253.26220251379,297.920327105135,223.819984645096,288.899869579098,266.486410495952,217.927540817965,270.595230459784,272.011730140858
2984,2984,29830,0,0,0,0,0,0,0,0,0,0,0,0,0,0,0,0,170.922645045989,238.17439265747,277.730156662353,268.089954500429,258.404387435243,246.113316413747,361.649466167282,186.070565200416,297.280031455341,242.168855719293,235.39189290415,241.446135997113,279.03562254303,219.790107809147,266.41302798449,230.227044365888
2985,2985,29840,0,0,0,0,0,0,0,0,0,0,0,0,0,0,0,0,280.021280892397,296.397468306687,283.579646466591,285.47104408194,190.87651738228,257.302568269384,357.910483524446,330.58232152165,276.086473949655,265.542786092736,219.073836448106,236.190675037423,257.141346540917,257.867555870034,313.116884745477,294.765012785191
2986,2986,29850,0,0,0,0,0,0,0,0,0,0,0,0,0,0,0,0,233.286049907673,226.016885023704,235.282538834911,310.99004659657,293.095007392777,246.99400090824,349.16278824392,231.838441140736,290.623826669395,306.08035978853,213.964251983218,225.493981490139,229.039638807389,239.976239942517,275.409805601865,183.237241413112
2987,2987,29860,0,0,0,0,0,0,0,0,0,0,0,0,0,0,0,0,219.744349219923,318.044143063868,264.88261465162,234.603022893202,282.708144378943,166.024663206508,326.214075630529,217.893993848373,238.72288545369,310.52378166698,259.005976439242,269.582092675809,243.235305316335,249.786606751396,355.021620473798,257.253819797344
2988,2988,29870,0,0,0,0,0,0,0,0,0,0,0,0,0,0,0,0,235.184853026753,235.911651265801,306.414657308834,243.649838854988,280.935427350299,256.628457281221,322.015247972918,193.681432092447,251.457201225656,179.992615886584,223.821188471488,236.373594909795,235.240359154284,222.405688400015,219.753011328193,246.354803102374
2989,2989,29880,0,0,0,0,0,0,0,0,0,0,0,0,0,0,0,0,248.896577488473,265.490057131596,255.101055778945,261.126384202611,211.462797652028,233.459749834168,315.313909035483,200.987640265899,237.358562727138,236.986537733812,290.131497606494,296.923676498378,236.891799512131,248.988521611131,320.422927461733,270.74617188659
2990,2990,29890,0,0,0,0,0,0,0,0,0,0,0,0,0,0,0,0,292.558984472839,243.628833474031,254.092501319878,239.650168018927,226.683487603552,297.795219857983,314.557492898815,265.308925472769,236.456155842297,267.033112427419,280.866561694237,249.100839442108,279.894629741596,316.084280101742,194.37729748144,268.301989896891
2991,2991,29900,0,0,0,0,0,0,0,0,0,0,0,0,0,0,0,0,233.201062081068,294.158780868576,267.158261526928,217.337515538874,229.372875359616,223.196856668132,340.749898920309,200.529882698587,308.543409393359,254.613336833857,255.263952737263,305.216338455145,235.269845709787,291.673230964386,299.505888118203,254.231307002845
2992,2992,29910,0,0,0,0,0,0,0,0,0,0,0,0,0,0,0,0,216.453420365358,243.414581477188,261.912992559901,185.673002980495,245.707964266076,232.550354340428,296.267494500631,237.54969751726,217.855416702381,272.713921989581,249.040385251385,271.070676896487,236.095920838164,232.801691744675,197.087867938879,217.795073206494
2993,2993,29920,0,0,0,0,0,0,0,0,0,0,0,0,0,0,0,0,268.409151612358,270.134759515335,351.032741998761,266.328200852629,287.12022584631,240.554012576668,288.083375000496,234.603888975925,200.080649734579,225.773840414225,224.574335248186,193.335487144677,242.879340664594,272.338592744715,207.230570996898,215.203479737166
2994,2994,29930,0,0,0,0,0,0,0,0,0,0,0,0,0,0,0,0,202.112872780963,251.902607025286,271.554757998533,222.494569088894,219.306942863973,191.386405303158,287.735030592812,240.882724299289,254.200696446725,252.907541215904,259.497904752223,325.243580048401,249.398602224246,219.228903921413,234.936361229464,295.62531387274
2995,2995,29940,0,0,0,0,0,0,0,0,0,0,0,0,0,0,0,0,289.844430373666,249.026767805816,304.649666674592,262.102010583656,269.165494664942,216.381830319193,300.355293926648,277.44217936328,236.483539366895,262.874576745162,262.107290306878,268.77702460121,293.287734674563,321.365783980338,266.61847111486,285.379071980802
2996,2996,29950,0,0,0,0,0,0,0,0,0,0,0,0,0,0,0,0,180.328172301215,266.002159594695,212.312591484199,262.496313878146,286.343456174961,313.611447633072,299.188622843207,231.331696375351,207.457407867253,255.026992741808,252.000049333115,241.002159084817,250.025250085464,271.072023230929,265.910124682321,275.724574756307
2997,2997,29960,0,0,0,0,0,0,0,0,0,0,0,0,0,0,0,0,241.690328716673,200.554555861168,267.615443339208,250.311749188939,269.658307384262,276.804071479876,297.392132631786,261.279538228,288.122237993128,203.543736999503,246.628933977743,286.057389664706,238.703885323819,276.075543127456,279.596732476619,247.111594182917
2998,2998,29970,0,0,0,0,0,0,0,0,0,0,0,0,0,0,0,0,257.398026330282,267.921479527912,168.01124973107,252.177517477047,277.299567695805,257.252597258823,264.757198500756,278.483604923579,283.087414090587,251.696197586025,293.447191533862,222.006953320199,193.471159515275,260.441005481428,267.329963004974,240.310798928946
2999,2999,29980,0,0,0,0,0,0,0,0,0,0,0,0,0,0,0,0,248.706448474405,202.895407666459,229.591832303494,248.958735351136,223.496960505579,282.335694626781,263.467058662876,304.683273174746,319.660743574718,218.771799298466,276.580059789894,263.037822504261,228.031332329045,286.91050840781,235.125065745969,239.606219079795
3000,3000,29990,0,0,0,0,0,0,0,0,0,0,0,0,0,0,0,0,240.489083855284,250.816224160795,208.959860360679,327.10610269191,246.234916129944,206.882711423446,270.428678696443,225.491625296659,228.152088649176,251.283035283999,237.699578274649,209.211950829761,213.354627157777,229.232451747623,211.672249075851,278.976630018953
