tick,r1
1,3.63e-05
2,3.63e-05
3,3.63e-05
4,3.63e-05
5,3.63e-05
6,3.63e-05
7,3.63e-05
8,3.63e-05
9,3.63e-05
10,3.63e-05
11,3.63e-05
12,3.63e-05
13,3.63e-05
14,3.63e-05
15,3.63e-05
16,3.63e-05
17,3.63e-05
18,3.63e-05
19,3.63e-05
20,3.63e-05
21,3.63e-05
22,3.63e-05
23,3.63e-05
24,3.63e-05
25,3.63e-05
26,3.63e-05
27,3.63e-05
28,3.63e-05
29,3.63e-05
30,3.63e-05
31,3.63e-05
32,3.63e-05
33,3.63e-05
34,3.63e-05
35,3.63e-05
36,3.63e-05
37,3.63e-05
38,3.63e-05
39,3.63e-05
40,3.63e-05
41,3.63e-05
42,3.63e-05
43,3.63e-05
44,3.63e-05
45,3.63e-05
46,3.63e-05
47,3.63e-05
48,3.63e-05
49,3.63e-05
50,3.63e-05
51,3.63e-05
52,3.63e-05
53,3.63e-05
54,3.63e-05
55,3.63e-05
56,3.63e-05
57,3.63e-05
58,3.63e-05
59,3.63e-05
60,3.63e-05
61,3.63e-05
62,3.63e-05
63,3.63e-05
64,3.63e-05
65,3.63e-05
66,3.63e-05
67,3.63e-05
68,3.63e-05
69,3.63e-05
70,3.63e-05
71,3.63e-05
72,3.63e-05
73,3.63e-05
74,3.63e-05
75,3.63e-05
76,3.63e-05
77,3.63e-05
78,3.63e-05
79,3.63e-05
80,3.63e-05
81,3.63e-05
82,3.63e-05
83,3.63e-05
84,3.63e-05
85,3.63e-05
86,3.63e-05
87,3.63e-05
88,3.63e-05
89,3.63e-05
90,3.63e-05
91,3.63e-05
92,3.63e-05
93,3.63e-05
94,3.63e-05
95,3.63e-05
96,3.63e-05
97,3.63e-05
98,3.63e-05
99,3.63e-05
100,3.63e-05
101,3.63e-05
102,3.63e-05
103,3.63e-05
104,3.63e-05
105,3.63e-05
106,3.63e-05
107,3.63e-05
108,3.63e-05
109,3.63e-05
110,3.63e-05
111,3.63e-05
112,3.63e-05
113,3.63e-05
114,3.63e-05
115,3.63e-05
116,3.63e-05
117,3.63e-05
118,3.63e-05
119,3.63e-05
120,3.63e-05
121,3.63e-05
122,3.63e-05
123,3.63e-05
124,3.63e-05
125,3.63e-05
126,3.63e-05
127,3.63e-05
128,3.63e-05
129,3.63e-05
130,3.63e-05
131,3.63e-05
132,3.63e-05
133,3.63e-05
134,3.63e-05
135,3.63e-05
136,3.63e-05
137,3.63e-05
138,3.63e-05
139,3.63e-05
140,3.63e-05
141,3.63e-05
142,3.63e-05
143,3.63e-05
144,3.63e-05
145,3.63e-05
146,3.63e-05
147,3.63e-05
148,3.63e-05
149,3.63e-05
150,3.63e-05
151,3.63e-05
152,3.63e-05
153,3.63e-05
154,3.63e-05
155,3.63e-05
156,3.63e-05
157,3.63e-05
158,3.63e-05
159,3.63e-05
160,3.63e-05
161,3.63e-05
162,3.63e-05
163,3.63e-05
164,3.63e-05
165,3.63e-05
166,3.63e-05
167,3.63e-05
168,3.63e-05
169,3.63e-05
170,3.63e-05
171,3.63e-05
172,3.63e-05
173,3.63e-05
174,3.63e-05
175,3.63e-05
176,3.63e-05
177,3.63e-05
178,3.63e-05
179,3.63e-05
180,3.63e-05
181,3.63e-05
182,3.63e-05
183,3.63e-05
184,3.63e-05
185,3.63e-05
186,3.63e-05
187,3.63e-05
188,3.63e-05
189,3.63e-05
190,3.63e-05
191,3.63e-05
192,3.63e-05
193,3.63e-05
194,3.63e-05
195,3.63e-05
196,3.63e-05
197,3.63e-05
198,3.63e-05
199,3.63e-05
200,3.63e-05
201,3.63e-05
202,3.63e-05
203,3.77047222e-05
204,4.06572222e-05
205,0.000175248056
206,0.000217016944
207,0.000130848056
208,8.46402778e-05
209,5.44613889e-05
210,3.94094444e-05
211,4.34019444e-05
212,4.13797222e-05
213,4.20197222e-05
214,3.77391667e-05
215,3.90119444e-05
216,4.24297222e-05
217,5.43786111e-05
218,5.89975e-05
219,5.80563889e-05
220,5.99841667e-05
221,6.03930556e-05
222,5.85675e-05
223,3.63e-05
224,3.63e-05
225,3.63e-05
226,3.63e-05
227,3.63e-05
228,3.63e-05
229,3.63e-05
230,3.63e-05
231,3.63e-05
232,3.63e-05
233,3.63e-05
234,3.63e-05
235,3.63e-05
236,3.63e-05
237,3.63e-05
238,3.63e-05
239,3.63e-05
240,3.63e-05
241,3.63e-05
242,3.63e-05
243,3.63e-05
244,3.63e-05
245,3.63e-05
246,3.63e-05
247,3.63e-05
248,3.63e-05
249,3.63e-05
250,3.63e-05
251,3.63e-05
252,3.63e-05
253,3.63e-05
254,3.63e-05
255,3.63e-05
256,3.63e-05
257,3.63e-05
258,3.63e-05
259,3.63e-05
260,3.63e-05
261,3.63e-05
262,3.63e-05
263,3.63e-05
264,3.63e-05
265,3.63e-05
266,3.63e-05
267,3.63e-05
268,3.63e-05
269,3.63e-05
270,3.63e-05
271,3.63e-05
272,3.63e-05
273,3.63e-05
274,3.63e-05
275,3.63e-05
276,3.63e-05
277,3.63e-05
278,3.63e-05
279,3.63e-05
280,3.63e-05
281,3.63e-05
282,3.63e-05
283,3.63e-05
284,3.63e-05
285,3.63e-05
286,3.63e-05
287,3.63e-05
288,3.63e-05
289,3.63e-05
290,3.63e-05
291,3.63e-05
292,3.63e-05
293,3.63e-05
294,3.63e-05
295,3.63e-05
296,3.63e-05
297,3.63e-05
298,3.63e-05
299,3.63e-05
300,3.63e-05
301,3.63e-05
302,3.63e-05
303,3.63e-05
304,3.63e-05
305,3.63e-05
306,3.63e-05
307,3.63e-05
308,3.63e-05
309,3.63e-05
310,3.63e-05
311,3.63e-05
312,3.63e-05
313,3.63e-05
314,3.63e-05
315,3.63e-05
316,3.63e-05
317,3.63e-05
318,3.63e-05
319,3.63e-05
320,3.63e-05
321,3.63e-05
322,3.63e-05
323,3.63e-05
324,3.63e-05
325,3.63e-05
326,3.63e-05
327,3.63e-05
328,3.63e-05
329,3.63e-05
330,3.63e-05
331,3.63e-05
332,3.63e-05
333,3.63e-05
334,3.63e-05
335,3.63e-05
336,3.63e-05
337,3.63e-05
338,3.63e-05
339,3.63e-05
340,3.63e-05
341,3.63e-05
342,3.63e-05
343,3.63e-05
344,3.63e-05
345,3.63e-05
346,3.63e-05
347,3.63e-05
348,3.63e-05
349,3.63e-05
350,3.63e-05
351,3.63e-05
352,3.63e-05
353,3.63e-05
354,3.63e-05
355,3.63e-05
356,3.63e-05
357,3.63e-05
358,3.63e-05
359,3.63e-05
360,3.63e-05
361,3.63e-05
362,3.63e-05
363,3.63e-05
364,3.63e-05
365,3.63e-05
366,3.63e-05
367,3.63e-05
368,3.63e-05
369,3.63e-05
370,3.63e-05
371,3.63e-05
372,3.63e-05
373,3.63e-05
374,3.63e-05
375,3.63e-05
376,3.63e-05
377,3.63e-05
378,3.63e-05
379,3.63e-05
380,3.63e-05
381,3.63e-05
382,3.63e-05
383,3.63e-05
384,3.63e-05
385,3.63e-05
386,3.63e-05
387,3.63e-05
388,3.63e-05
389,3.63e-05
390,3.63e-05
391,3.63e-05
392,3.63e-05
393,3.63e-05
394,3.63e-05
395,3.63e-05
396,3.63e-05
397,3.63e-05
398,3.63e-05
399,3.63e-05
400,3.63e-05
401,3.63e-05
402,3.63e-05
403,3.63e-05
404,3.63e-05
405,3.63e-05
406,3.63e-05
407,3.63e-05
408,3.63e-05
409,3.63e-05
410,3.63e-05
411,3.63e-05
412,3.63e-05
413,3.63e-05
414,3.63e-05
415,3.63e-05
416,3.63e-05
417,3.63e-05
418,3.63e-05
419,3.63e-05
420,3.63e-05
421,3.63e-05
422,3.63e-05
423,3.77e-05
424,3.81572222e-05
425,3.82077778e-05
426,3.68922222e-05
427,3.84416667e-05
428,3.75477778e-05
429,3.88016667e-05
430,3.93794444e-05
431,4.09238889e-05
432,4.33594444e-05
433,3.9975e-05
434,3.87005556e-05
435,3.9615e-05
436,3.73527778e-05
437,3.76938889e-05
438,3.80016667e-05
439,3.7435e-05
440,3.79988889e-05
441,4.04194444e-05
442,3.86461111e-05
443,3.63e-05
444,3.63e-05
445,3.63e-05
446,3.63e-05
447,3.63e-05
448,3.63e-05
449,3.63e-05
450,3.63e-05
451,3.63e-05
452,3.63e-05
453,3.63e-05
454,3.63e-05
455,3.63e-05
456,3.63e-05
457,3.63e-05
458,3.63e-05
459,3.63e-05
460,3.63e-05
461,3.63e-05
462,3.63e-05
463,3.63e-05
464,3.63e-05
465,3.63e-05
466,3.63e-05
467,3.63e-05
468,3.63e-05
469,3.63e-05
470,3.63e-05
471,3.63e-05
472,3.63e-05
473,3.63e-05
474,3.63e-05
475,3.63e-05
476,3.63e-05
477,3.63e-05
478,3.63e-05
479,3.63e-05
480,3.63e-05
481,3.63e-05
482,3.63e-05
483,3.63e-05
484,3.63e-05
485,3.63e-05
486,3.63e-05
487,3.63e-05
488,3.63e-05
489,3.63e-05
490,3.63e-05
491,3.63e-05
492,3.63e-05
493,3.63e-05
494,3.63e-05
495,3.63e-05
496,3.63e-05
497,3.63e-05
498,3.63e-05
499,3.63e-05
500,3.63e-05
501,3.63e-05
502,3.63e-05
503,3.63e-05
504,3.63e-05
505,3.63e-05
506,3.63e-05
507,3.63e-05
508,3.63e-05
509,3.63e-05
510,3.63e-05
511,3.63e-05
512,3.63e-05
513,3.63e-05
514,3.63e-05
515,3.63e-05
516,3.63e-05
517,3.63e-05
518,3.63e-05
519,3.63e-05
520,3.63e-05
521,3.63e-05
522,3.63e-05
523,3.63e-05
524,3.63e-05
525,3.63e-05
526,3.63e-05
527,3.63e-05
528,3.63e-05
529,3.63e-05
530,3.63e-05
531,3.63e-05
532,3.63e-05
533,3.63e-05
534,3.63e-05
535,3.63e-05
536,3.63e-05
537,3.63e-05
538,3.63e-05
539,3.63e-05
540,3.63e-05
541,3.63e-05
542,3.63e-05
543,3.63e-05
544,3.63e-05
545,3.63e-05
546,3.63e-05
547,3.63e-05
548,3.63e-05
549,3.63e-05
550,3.63e-05
551,3.63e-05
552,3.63e-05
553,3.63e-05
554,3.63e-05
555,3.63e-05
556,3.63e-05
557,3.63e-05
558,3.63e-05
559,3.63e-05
560,3.63e-05
561,3.63e-05
562,3.63e-05
563,3.63e-05
564,3.63e-05
565,3.63e-05
566,3.63e-05
567,3.63e-05
568,3.63e-05
569,3.63e-05
570,3.63e-05
571,3.63e-05
572,3.63e-05
573,3.63e-05
574,3.63e-05
575,3.63e-05
576,3.63e-05
577,3.63e-05
578,3.63e-05
579,3.63e-05
580,3.63e-05
581,3.63e-05
582,3.63e-05
583,3.63e-05
584,3.63e-05
585,3.63e-05
586,3.63e-05
587,3.63e-05
588,3.63e-05
589,3.63e-05
590,3.63e-05
591,3.63e-05
592,3.63e-05
593,3.63e-05
594,3.63e-05
595,3.63e-05
596,3.63e-05
597,3.63e-05
598,3.63e-05
599,3.63e-05
600,3.63e-05
601,3.63e-05
602,3.63e-05
603,3.63e-05
604,3.63e-05
605,3.63e-05
606,3.63e-05
607,3.63e-05
608,3.63e-05
609,3.63e-05
610,3.63e-05
611,3.63e-05
612,3.63e-05
613,3.63e-05
614,3.63e-05
615,3.63e-05
616,3.63e-05
617,3.63e-05
618,3.63e-05
619,3.63e-05
620,3.63e-05
621,3.63e-05
622,3.63e-05
623,3.63e-05
624,3.63e-05
625,3.63e-05
626,3.63e-05
627,3.63e-05
628,3.63e-05
629,3.63e-05
630,3.63e-05
631,3.63e-05
632,3.63e-05
633,3.63e-05
634,3.63e-05
635,3.63e-05
636,3.63e-05
637,3.63e-05
638,3.63e-05
639,3.63e-05
640,3.63e-05
641,3.63e-05
642,3.63e-05
643,4.09102778e-05
644,5.59409259e-05
645,0.000235546389
646,0.000131803056
647,5.89941667e-05
648,4.43553704e-05
649,5.43202778e-05
650,5.54691667e-05
651,5.70936111e-05
652,5.82780556e-05
653,5.73002778e-05
654,5.73625e-05
655,5.61102778e-05
656,5.19047222e-05
657,4.70080556e-05
658,4.06469444e-05
659,3.69947222e-05
660,3.73790741e-05
661,3.82497222e-05
662,3.78063889e-05
663,3.63e-05
664,3.63e-05
665,3.63e-05
666,3.63e-05
667,3.63e-05
668,3.63e-05
669,3.63e-05
670,3.63e-05
671,3.63e-05
672,3.63e-05
673,3.63e-05
674,3.63e-05
675,3.63e-05
676,3.63e-05
677,3.63e-05
678,3.63e-05
679,3.63e-05
680,3.63e-05
681,3.63e-05
682,3.63e-05
683,3.63e-05
684,3.63e-05
685,3.63e-05
686,3.63e-05
687,3.63e-05
688,3.63e-05
689,3.63e-05
690,3.63e-05
691,3.63e-05
692,3.63e-05
693,3.63e-05
694,3.63e-05
695,3.63e-05
696,3.63e-05
697,3.63e-05
698,3.63e-05
699,3.63e-05
700,3.63e-05
701,3.63e-05
702,3.63e-05
703,3.63e-05
704,3.63e-05
705,3.63e-05
706,3.63e-05
707,3.63e-05
708,3.63e-05
709,3.63e-05
710,3.63e-05
711,3.63e-05
712,3.63e-05
713,3.63e-05
714,3.63e-05
715,3.63e-05
716,3.63e-05
717,3.63e-05
718,3.63e-05
719,3.63e-05
720,3.63e-05
721,3.63e-05
722,3.63e-05
723,3.63e-05
724,3.63e-05
725,3.63e-05
726,3.63e-05
727,3.63e-05
728,3.63e-05
729,3.63e-05
730,3.63e-05
731,3.63e-05
732,3.63e-05
733,3.63e-05
734,3.63e-05
735,3.63e-05
736,3.63e-05
737,3.63e-05
738,3.63e-05
739,3.63e-05
740,3.63e-05
741,3.63e-05
742,3.63e-05
743,3.63e-05
744,3.63e-05
745,3.63e-05
746,3.63e-05
747,3.63e-05
748,3.63e-05
749,3.63e-05
750,3.63e-05
751,3.63e-05
752,3.63e-05
753,3.63e-05
754,3.63e-05
755,3.63e-05
756,3.63e-05
757,3.63e-05
758,3.63e-05
759,3.63e-05
760,3.63e-05
761,3.63e-05
762,3.63e-05
763,3.63e-05
764,3.63e-05
765,3.63e-05
766,3.63e-05
767,3.63e-05
768,3.63e-05
769,3.63e-05
770,3.63e-05
771,3.63e-05
772,3.63e-05
773,3.63e-05
774,3.63e-05
775,3.63e-05
776,3.63e-05
777,3.63e-05
778,3.63e-05
779,3.63e-05
780,3.63e-05
781,3.63e-05
782,3.63e-05
783,3.63e-05
784,3.63e-05
785,3.63e-05
786,3.63e-05
787,3.63e-05
788,3.63e-05
789,3.63e-05
790,3.63e-05
791,3.63e-05
792,3.63e-05
793,3.63e-05
794,3.63e-05
795,3.63e-05
796,3.63e-05
797,3.63e-05
798,3.63e-05
799,3.63e-05
800,3.63e-05
801,3.63e-05
802,3.63e-05
803,3.63e-05
804,3.63e-05
805,3.63e-05
806,3.63e-05
807,3.63e-05
808,3.63e-05
809,3.63e-05
810,3.63e-05
811,3.63e-05
812,3.63e-05
813,3.63e-05
814,3.63e-05
815,3.63e-05
816,3.63e-05
817,3.63e-05
818,3.63e-05
819,3.63e-05
820,3.63e-05
821,3.63e-05
822,3.63e-05
823,3.63e-05
824,3.63e-05
825,3.63e-05
826,3.63e-05
827,3.63e-05
828,3.63e-05
829,3.63e-05
830,3.63e-05
831,3.63e-05
832,3.63e-05
833,3.63e-05
834,3.63e-05
835,3.63e-05
836,3.63e-05
837,3.63e-05
838,3.63e-05
839,3.63e-05
840,3.63e-05
841,3.63e-05
842,3.63e-05
843,3.63e-05
844,3.63e-05
845,3.63e-05
846,3.63e-05
847,3.63e-05
848,3.63e-05
849,3.63e-05
850,3.63e-05
851,3.63e-05
852,3.63e-05
853,3.63e-05
854,3.63e-05
855,3.63e-05
856,3.63e-05
857,3.63e-05
858,3.63e-05
859,3.63e-05
860,3.63e-05
861,3.63e-05
862,3.63e-05
863,4.26341667e-05
864,4.54409259e-05
865,0.000233181944
866,0.000247165278
867,0.000171588611
868,0.000110999722
869,7.23297222e-05
870,5.06463889e-05
871,4.81641667e-05
872,5.02119444e-05
873,5.70575e-05
874,6.44941667e-05
875,6.52030556e-05
876,5.00086111e-05
877,3.87034259e-05
878,4.32369444e-05
879,5.10413889e-05
880,5.83425e-05
881,6.28602778e-05
882,6.89636111e-05
883,3.63e-05
884,3.63e-05
885,3.63e-05
886,3.63e-05
887,3.63e-05
888,3.63e-05
889,3.63e-05
890,3.63e-05
891,3.63e-05
892,3.63e-05
893,3.63e-05
894,3.63e-05
895,3.63e-05
896,3.63e-05
897,3.63e-05
898,3.63e-05
899,3.63e-05
900,3.63e-05
901,3.63e-05
902,3.63e-05
903,3.63e-05
904,3.63e-05
905,3.63e-05
906,3.63e-05
907,3.63e-05
908,3.63e-05
909,3.63e-05
910,3.63e-05
911,3.63e-05
912,3.63e-05
913,3.63e-05
914,3.63e-05
915,3.63e-05
916,3.63e-05
917,3.63e-05
918,3.63e-05
919,3.63e-05
920,3.63e-05
921,3.63e-05
922,3.63e-05
923,3.63e-05
924,3.63e-05
925,3.63e-05
926,3.63e-05
927,3.63e-05
928,3.63e-05
929,3.63e-05
930,3.63e-05
931,3.63e-05
932,3.63e-05
933,3.63e-05
934,3.63e-05
935,3.63e-05
936,3.63e-05
937,3.63e-05
938,3.63e-05
939,3.63e-05
940,3.63e-05
941,3.63e-05
942,3.63e-05
943,3.63e-05
944,3.63e-05
945,3.63e-05
946,3.63e-05
947,3.63e-05
948,3.63e-05
949,3.63e-05
950,3.63e-05
951,3.63e-05
952,3.63e-05
953,3.63e-05
954,3.63e-05
955,3.63e-05
956,3.63e-05
957,3.63e-05
958,3.63e-05
959,3.63e-05
960,3.63e-05
961,3.63e-05
962,3.63e-05
963,3.63e-05
964,3.63e-05
965,3.63e-05
966,3.63e-05
967,3.63e-05
968,3.63e-05
969,3.63e-05
970,3.63e-05
971,3.63e-05
972,3.63e-05
973,3.63e-05
974,3.63e-05
975,3.63e-05
976,3.63e-05
977,3.63e-05
978,3.63e-05
979,3.63e-05
980,3.63e-05
981,3.63e-05
982,3.63e-05
983,3.63e-05
984,3.63e-05
985,3.63e-05
986,3.63e-05
987,3.63e-05
988,3.63e-05
989,3.63e-05
990,3.63e-05
991,3.63e-05
992,3.63e-05
993,3.63e-05
994,3.63e-05
995,3.63e-05
996,3.63e-05
997,3.63e-05
998,3.63e-05
999,3.63e-05
1000,3.63e-05
1001,3.63e-05
1002,3.63e-05
1003,3.63e-05
1004,3.63e-05
1005,3.63e-05
1006,3.63e-05
1007,3.63e-05
1008,3.63e-05
1009,3.63e-05
1010,3.63e-05
1011,3.63e-05
1012,3.63e-05
1013,3.63e-05
1014,3.63e-05
1015,3.63e-05
1016,3.63e-05
1017,3.63e-05
1018,3.63e-05
1019,3.63e-05
1020,3.63e-05
1021,3.63e-05
1022,3.63e-05
1023,3.63e-05
1024,3.63e-05
1025,3.63e-05
1026,3.63e-05
1027,3.63e-05
1028,3.63e-05
1029,3.63e-05
1030,3.63e-05
1031,3.63e-05
1032,3.63e-05
1033,3.63e-05
1034,3.63e-05
1035,3.63e-05
1036,3.63e-05
1037,3.63e-05
1038,3.63e-05
1039,3.63e-05
1040,3.63e-05
1041,3.63e-05
1042,3.63e-05
1043,3.63e-05
1044,3.63e-05
1045,3.63e-05
1046,3.63e-05
1047,3.63e-05
1048,3.63e-05
1049,3.63e-05
1050,3.63e-05
1051,3.63e-05
1052,3.63e-05
1053,3.63e-05
1054,3.63e-05
1055,3.63e-05
1056,3.63e-05
1057,3.63e-05
1058,3.63e-05
1059,3.63e-05
1060,3.63e-05
1061,3.63e-05
1062,3.63e-05
1063,3.63e-05
1064,3.63e-05
1065,3.63e-05
1066,3.63e-05
1067,3.63e-05
1068,3.63e-05
1069,3.63e-05
1070,3.63e-05
1071,3.63e-05
1072,3.63e-05
1073,3.63e-05
1074,3.63e-05
1075,3.63e-05
1076,3.63e-05
1077,3.63e-05
1078,3.63e-05
1079,3.63e-05
1080,3.63e-05
1081,3.63e-05
1082,3.63e-05
1083,3.69669444e-05
1084,5.10158333e-05
1085,0.000268876389
1086,0.000258630833
1087,0.0001824375
1088,0.000111803056
1089,5.83363889e-05
1090,4.14072222e-05
1091,4.65547222e-05
1092,3.98775e-05
1093,4.55508333e-05
1094,5.32941667e-05
1095,5.18319444e-05
1096,4.42430556e-05
1097,3.73230556e-05
1098,3.78022222e-05
1099,4.03969444e-05
1100,4.38936111e-05
1101,4.54480556e-05
1102,4.54980556e-05
1103,3.63e-05
1104,3.63e-05
1105,3.63e-05
1106,3.63e-05
1107,3.63e-05
1108,3.63e-05
1109,3.63e-05
1110,3.63e-05
1111,3.63e-05
1112,3.63e-05
1113,3.63e-05
1114,3.63e-05
1115,3.63e-05
1116,3.63e-05
1117,3.63e-05
1118,3.63e-05
1119,3.63e-05
1120,3.63e-05
1121,3.63e-05
1122,3.63e-05
1123,3.63e-05
1124,3.63e-05
1125,3.63e-05
1126,3.63e-05
1127,3.63e-05
1128,3.63e-05
1129,3.63e-05
1130,3.63e-05
1131,3.63e-05
1132,3.63e-05
1133,3.63e-05
1134,3.63e-05
1135,3.63e-05
1136,3.63e-05
1137,3.63e-05
1138,3.63e-05
1139,3.63e-05
1140,3.63e-05
1141,3.63e-05
1142,3.63e-05
1143,3.63e-05
1144,3.63e-05
1145,3.63e-05
1146,3.63e-05
1147,3.63e-05
1148,3.63e-05
1149,3.63e-05
1150,3.63e-05
1151,3.63e-05
1152,3.63e-05
1153,3.63e-05
1154,3.63e-05
1155,3.63e-05
1156,3.63e-05
1157,3.63e-05
1158,3.63e-05
1159,3.63e-05
1160,3.63e-05
1161,3.63e-05
1162,3.63e-05
1163,3.63e-05
1164,3.63e-05
1165,3.63e-05
1166,3.63e-05
1167,3.63e-05
1168,3.63e-05
1169,3.63e-05
1170,3.63e-05
1171,3.63e-05
1172,3.63e-05
1173,3.63e-05
1174,3.63e-05
1175,3.63e-05
1176,3.63e-05
1177,3.63e-05
1178,3.63e-05
1179,3.63e-05
1180,3.63e-05
1181,3.63e-05
1182,3.63e-05
1183,3.63e-05
1184,3.63e-05
1185,3.63e-05
1186,3.63e-05
1187,3.63e-05
1188,3.63e-05
1189,3.63e-05
1190,3.63e-05
1191,3.63e-05
1192,3.63e-05
1193,3.63e-05
1194,3.63e-05
1195,3.63e-05
1196,3.63e-05
1197,3.63e-05
1198,3.63e-05
1199,3.63e-05
1200,3.63e-05
1201,3.63e-05
1202,3.63e-05
1203,3.63e-05
1204,3.63e-05
1205,3.63e-05
1206,3.63e-05
1207,3.63e-05
1208,3.63e-05
1209,3.63e-05
1210,3.63e-05
1211,3.63e-05
1212,3.63e-05
1213,3.63e-05
1214,3.63e-05
1215,3.63e-05
1216,3.63e-05
1217,3.63e-05
1218,3.63e-05
1219,3.63e-05
1220,3.63e-05
1221,3.63e-05
1222,3.63e-05
1223,3.63e-05
1224,3.63e-05
1225,3.63e-05
1226,3.63e-05
1227,3.63e-05
1228,3.63e-05
1229,3.63e-05
1230,3.63e-05
1231,3.63e-05
1232,3.63e-05
1233,3.63e-05
1234,3.63e-05
1235,3.63e-05
1236,3.63e-05
1237,3.63e-05
1238,3.63e-05
1239,3.63e-05
1240,3.63e-05
1241,3.63e-05
1242,3.63e-05
1243,3.63e-05
1244,3.63e-05
1245,3.63e-05
1246,3.63e-05
1247,3.63e-05
1248,3.63e-05
1249,3.63e-05
1250,3.63e-05
1251,3.63e-05
1252,3.63e-05
1253,3.63e-05
1254,3.63e-05
1255,3.63e-05
1256,3.63e-05
1257,3.63e-05
1258,3.63e-05
1259,3.63e-05
1260,3.63e-05
1261,3.63e-05
1262,3.63e-05
1263,3.63e-05
1264,3.63e-05
1265,3.63e-05
1266,3.63e-05
1267,3.63e-05
1268,3.63e-05
1269,3.63e-05
1270,3.63e-05
1271,3.63e-05
1272,3.63e-05
1273,3.63e-05
1274,3.63e-05
1275,3.63e-05
1276,3.63e-05
1277,3.63e-05
1278,3.63e-05
1279,3.63e-05
1280,3.63e-05
1281,3.63e-05
1282,3.63e-05
1283,3.63e-05
1284,3.63e-05
1285,3.63e-05
1286,3.63e-05
1287,3.63e-05
1288,3.63e-05
1289,3.63e-05
1290,3.63e-05
1291,3.63e-05
1292,3.63e-05
1293,3.63e-05
1294,3.63e-05
1295,3.63e-05
1296,3.63e-05
1297,3.63e-05
1298,3.63e-05
1299,3.63e-05
1300,3.63e-05
1301,3.63e-05
1302,3.63e-05
1303,4.09102778e-05
1304,5.59409259e-05
1305,0.000235546389
1306,0.000131803056
1307,5.89941667e-05
1308,4.43553704e-05
1309,5.43202778e-05
1310,5.54691667e-05
1311,5.70936111e-05
1312,5.82780556e-05
1313,5.73002778e-05
1314,5.73625e-05
1315,5.61102778e-05
1316,5.19047222e-05
1317,4.70080556e-05
1318,4.06469444e-05
1319,3.69947222e-05
1320,3.73790741e-05
1321,3.82497222e-05
1322,3.78063889e-05
1323,3.63e-05
1324,3.63e-05
1325,3.63e-05
1326,3.63e-05
1327,3.63e-05
1328,3.63e-05
1329,3.63e-05
1330,3.63e-05
1331,3.63e-05
1332,3.63e-05
1333,3.63e-05
1334,3.63e-05
1335,3.63e-05
1336,3.63e-05
1337,3.63e-05
1338,3.63e-05
1339,3.63e-05
1340,3.63e-05
1341,3.63e-05
1342,3.63e-05
1343,3.63e-05
1344,3.63e-05
1345,3.63e-05
1346,3.63e-05
1347,3.63e-05
1348,3.63e-05
1349,3.63e-05
1350,3.63e-05
1351,3.63e-05
1352,3.63e-05
1353,3.63e-05
1354,3.63e-05
1355,3.63e-05
1356,3.63e-05
1357,3.63e-05
1358,3.63e-05
1359,3.63e-05
1360,3.63e-05
1361,3.63e-05
1362,3.63e-05
1363,3.63e-05
1364,3.63e-05
1365,3.63e-05
1366,3.63e-05
1367,3.63e-05
1368,3.63e-05
1369,3.63e-05
1370,3.63e-05
1371,3.63e-05
1372,3.63e-05
1373,3.63e-05
1374,3.63e-05
1375,3.63e-05
1376,3.63e-05
1377,3.63e-05
1378,3.63e-05
1379,3.63e-05
1380,3.63e-05
1381,3.63e-05
1382,3.63e-05
1383,3.63e-05
1384,3.63e-05
1385,3.63e-05
1386,3.63e-05
1387,3.63e-05
1388,3.63e-05
1389,3.63e-05
1390,3.63e-05
1391,3.63e-05
1392,3.63e-05
1393,3.63e-05
1394,3.63e-05
1395,3.63e-05
1396,3.63e-05
1397,3.63e-05
1398,3.63e-05
1399,3.63e-05
1400,3.63e-05
1401,3.63e-05
1402,3.63e-05
1403,3.63e-05
1404,3.63e-05
1405,3.63e-05
1406,3.63e-05
1407,3.63e-05
1408,3.63e-05
1409,3.63e-05
1410,3.63e-05
1411,3.63e-05
1412,3.63e-05
1413,3.63e-05
1414,3.63e-05
1415,3.63e-05
1416,3.63e-05
1417,3.63e-05
1418,3.63e-05
1419,3.63e-05
1420,3.63e-05
1421,3.63e-05
1422,3.63e-05
1423,3.63e-05
1424,3.63e-05
1425,3.63e-05
1426,3.63e-05
1427,3.63e-05
1428,3.63e-05
1429,3.63e-05
1430,3.63e-05
1431,3.63e-05
1432,3.63e-05
1433,3.63e-05
1434,3.63e-05
1435,3.63e-05
1436,3.63e-05
1437,3.63e-05
1438,3.63e-05
1439,3.63e-05
1440,3.63e-05
1441,3.63e-05
1442,3.63e-05
1443,3.63e-05
1444,3.63e-05
1445,3.63e-05
1446,3.63e-05
1447,3.63e-05
1448,3.63e-05
1449,3.63e-05
1450,3.63e-05
1451,3.63e-05
1452,3.63e-05
1453,3.63e-05
1454,3.63e-05
1455,3.63e-05
1456,3.63e-05
1457,3.63e-05
1458,3.63e-05
1459,3.63e-05
1460,3.63e-05
1461,3.63e-05
1462,3.63e-05
1463,3.63e-05
1464,3.63e-05
1465,3.63e-05
1466,3.63e-05
1467,3.63e-05
1468,3.63e-05
1469,3.63e-05
1470,3.63e-05
1471,3.63e-05
1472,3.63e-05
1473,3.63e-05
1474,3.63e-05
1475,3.63e-05
1476,3.63e-05
1477,3.63e-05
1478,3.63e-05
1479,3.63e-05
1480,3.63e-05
1481,3.63e-05
1482,3.63e-05
1483,3.63e-05
1484,3.63e-05
1485,3.63e-05
1486,3.63e-05
1487,3.63e-05
1488,3.63e-05
1489,3.63e-05
1490,3.63e-05
1491,3.63e-05
1492,3.63e-05
1493,3.63e-05
1494,3.63e-05
1495,3.63e-05
1496,3.63e-05
1497,3.63e-05
1498,3.63e-05
1499,3.63e-05
1500,3.63e-05
1501,3.63e-05
1502,3.63e-05
1503,3.63e-05
1504,3.63e-05
1505,3.63e-05
1506,3.63e-05
1507,3.63e-05
1508,3.63e-05
1509,3.63e-05
1510,3.63e-05
1511,3.63e-05
1512,3.63e-05
1513,3.63e-05
1514,3.63e-05
1515,3.63e-05
1516,3.63e-05
1517,3.63e-05
1518,3.63e-05
1519,3.63e-05
1520,3.63e-05
1521,3.63e-05
1522,3.63e-05
1523,4.26341667e-05
1524,4.54409259e-05
1525,0.000233181944
1526,0.000247165278
1527,0.000171588611
1528,0.000110999722
1529,7.23297222e-05
1530,5.06463889e-05
1531,4.81641667e-05
1532,5.02119444e-05
1533,5.70575e-05
1534,6.44941667e-05
1535,6.52030556e-05
1536,5.00086111e-05
1537,3.87034259e-05
1538,4.32369444e-05
1539,5.10413889e-05
1540,5.83425e-05
1541,6.28602778e-05
1542,6.89636111e-05
1543,3.63e-05
1544,3.63e-05
1545,3.63e-05
1546,3.63e-05
1547,3.63e-05
1548,3.63e-05
1549,3.63e-05
1550,3.63e-05
1551,3.63e-05
1552,3.63e-05
1553,3.63e-05
1554,3.63e-05
1555,3.63e-05
1556,3.63e-05
1557,3.63e-05
1558,3.63e-05
1559,3.63e-05
1560,3.63e-05
1561,3.63e-05
1562,3.63e-05
1563,3.63e-05
1564,3.63e-05
1565,3.63e-05
1566,3.63e-05
1567,3.63e-05
1568,3.63e-05
1569,3.63e-05
1570,3.63e-05
1571,3.63e-05
1572,3.63e-05
1573,3.63e-05
1574,3.63e-05
1575,3.63e-05
1576,3.63e-05
1577,3.63e-05
1578,3.63e-05
1579,3.63e-05
1580,3.63e-05
1581,3.63e-05
1582,3.63e-05
1583,3.63e-05
1584,3.63e-05
1585,3.63e-05
1586,3.63e-05
1587,3.63e-05
1588,3.63e-05
1589,3.63e-05
1590,3.63e-05
1591,3.63e-05
1592,3.63e-05
1593,3.63e-05
1594,3.63e-05
1595,3.63e-05
1596,3.63e-05
1597,3.63e-05
1598,3.63e-05
1599,3.63e-05
1600,3.63e-05
1601,3.63e-05
1602,3.63e-05
1603,3.63e-05
1604,3.63e-05
1605,3.63e-05
1606,3.63e-05
1607,3.63e-05
1608,3.63e-05
1609,3.63e-05
1610,3.63e-05
1611,3.63e-05
1612,3.63e-05
1613,3.63e-05
1614,3.63e-05
1615,3.63e-05
1616,3.63e-05
1617,3.63e-05
1618,3.63e-05
1619,3.63e-05
1620,3.63e-05
1621,3.63e-05
1622,3.63e-05
1623,3.63e-05
1624,3.63e-05
1625,3.63e-05
1626,3.63e-05
1627,3.63e-05
1628,3.63e-05
1629,3.63e-05
1630,3.63e-05
1631,3.63e-05
1632,3.63e-05
1633,3.63e-05
1634,3.63e-05
1635,3.63e-05
1636,3.63e-05
1637,3.63e-05
1638,3.63e-05
1639,3.63e-05
1640,3.63e-05
1641,3.63e-05
1642,3.63e-05
1643,3.63e-05
1644,3.63e-05
1645,3.63e-05
1646,3.63e-05
1647,3.63e-05
1648,3.63e-05
1649,3.63e-05
1650,3.63e-05
1651,3.63e-05
1652,3.63e-05
1653,3.63e-05
1654,3.63e-05
1655,3.63e-05
1656,3.63e-05
1657,3.63e-05
1658,3.63e-05
1659,3.63e-05
1660,3.63e-05
1661,3.63e-05
1662,3.63e-05
1663,3.63e-05
1664,3.63e-05
1665,3.63e-05
1666,3.63e-05
1667,3.63e-05
1668,3.63e-05
1669,3.63e-05
1670,3.63e-05
1671,3.63e-05
1672,3.63e-05
1673,3.63e-05
1674,3.63e-05
1675,3.63e-05
1676,3.63e-05
1677,3.63e-05
1678,3.63e-05
1679,3.63e-05
1680,3.63e-05
1681,3.63e-05
1682,3.63e-05
1683,3.63e-05
1684,3.63e-05
1685,3.63e-05
1686,3.63e-05
1687,3.63e-05
1688,3.63e-05
1689,3.63e-05
1690,3.63e-05
1691,3.63e-05
1692,3.63e-05
1693,3.63e-05
1694,3.63e-05
1695,3.63e-05
1696,3.63e-05
1697,3.63e-05
1698,3.63e-05
1699,3.63e-05
1700,3.63e-05
1701,3.63e-05
1702,3.63e-05
1703,3.63e-05
1704,3.63e-05
1705,3.63e-05
1706,3.63e-05
1707,3.63e-05
1708,3.63e-05
1709,3.63e-05
1710,3.63e-05
1711,3.63e-05
1712,3.63e-05
1713,3.63e-05
1714,3.63e-05
1715,3.63e-05
1716,3.63e-05
1717,3.63e-05
1718,3.63e-05
1719,3.63e-05
1720,3.63e-05
1721,3.63e-05
1722,3.63e-05
1723,3.63e-05
1724,3.63e-05
1725,3.63e-05
1726,3.63e-05
1727,3.63e-05
1728,3.63e-05
1729,3.63e-05
1730,3.63e-05
1731,3.63e-05
1732,3.63e-05
1733,3.63e-05
1734,3.63e-05
1735,3.63e-05
1736,3.63e-05
1737,3.63e-05
1738,3.63e-05
1739,3.63e-05
1740,3.63e-05
1741,3.63e-05
1742,3.63e-05
1743,3.69669444e-05
1744,5.10158333e-05
1745,0.000268876389
1746,0.000258630833
1747,0.0001824375
1748,0.000111803056
1749,5.83363889e-05
1750,4.14072222e-05
1751,4.65547222e-05
1752,3.98775e-05
1753,4.55508333e-05
1754,5.32941667e-05
1755,5.18319444e-05
1756,4.42430556e-05
1757,3.73230556e-05
1758,3.78022222e-05
1759,4.03969444e-05
1760,4.38936111e-05
1761,4.54480556e-05
1762,4.54980556e-05
1763,3.63e-05
1764,3.63e-05
1765,3.63e-05
1766,3.63e-05
1767,3.63e-05
1768,3.63e-05
1769,3.63e-05
1770,3.63e-05
1771,3.63e-05
1772,3.63e-05
1773,3.63e-05
1774,3.63e-05
1775,3.63e-05
1776,3.63e-05
1777,3.63e-05
1778,3.63e-05
1779,3.63e-05
1780,3.63e-05
1781,3.63e-05
1782,3.63e-05
1783,3.63e-05
1784,3.63e-05
1785,3.63e-05
1786,3.63e-05
1787,3.63e-05
1788,3.63e-05
1789,3.63e-05
1790,3.63e-05
1791,3.63e-05
1792,3.63e-05
1793,3.63e-05
1794,3.63e-05
1795,3.63e-05
1796,3.63e-05
1797,3.63e-05
1798,3.63e-05
1799,3.63e-05
1800,3.63e-05
1801,3.63e-05
1802,3.63e-05
1803,3.63e-05
1804,3.63e-05
1805,3.63e-05
1806,3.63e-05
1807,3.63e-05
1808,3.63e-05
1809,3.63e-05
1810,3.63e-05
1811,3.63e-05
1812,3.63e-05
1813,3.63e-05
1814,3.63e-05
1815,3.63e-05
1816,3.63e-05
1817,3.63e-05
1818,3.63e-05
1819,3.63e-05
1820,3.63e-05
1821,3.63e-05
1822,3.63e-05
1823,3.63e-05
1824,3.63e-05
1825,3.63e-05
1826,3.63e-05
1827,3.63e-05
1828,3.63e-05
1829,3.63e-05
1830,3.63e-05
1831,3.63e-05
1832,3.63e-05
1833,3.63e-05
1834,3.63e-05
1835,3.63e-05
1836,3.63e-05
1837,3.63e-05
1838,3.63e-05
1839,3.63e-05
1840,3.63e-05
1841,3.63e-05
1842,3.63e-05
1843,3.63e-05
1844,3.63e-05
1845,3.63e-05
1846,3.63e-05
1847,3.63e-05
1848,3.63e-05
1849,3.63e-05
1850,3.63e-05
1851,3.63e-05
1852,3.63e-05
1853,3.63e-05
1854,3.63e-05
1855,3.63e-05
1856,3.63e-05
1857,3.63e-05
1858,3.63e-05
1859,3.63e-05
1860,3.63e-05
1861,3.63e-05
1862,3.63e-05
1863,3.63e-05
1864,3.63e-05
1865,3.63e-05
1866,3.63e-05
1867,3.63e-05
1868,3.63e-05
1869,3.63e-05
1870,3.63e-05
1871,3.63e-05
1872,3.63e-05
1873,3.63e-05
1874,3.63e-05
1875,3.63e-05
1876,3.63e-05
1877,3.63e-05
1878,3.63e-05
1879,3.63e-05
1880,3.63e-05
1881,3.63e-05
1882,3.63e-05
1883,3.63e-05
1884,3.63e-05
1885,3.63e-05
1886,3.63e-05
1887,3.63e-05
1888,3.63e-05
1889,3.63e-05
1890,3.63e-05
1891,3.63e-05
1892,3.63e-05
1893,3.63e-05
1894,3.63e-05
1895,3.63e-05
1896,3.63e-05
1897,3.63e-05
1898,3.63e-05
1899,3.63e-05
1900,3.63e-05
1901,3.63e-05
1902,3.63e-05
1903,3.63e-05
1904,3.63e-05
1905,3.63e-05
1906,3.63e-05
1907,3.63e-05
1908,3.63e-05
1909,3.63e-05
1910,3.63e-05
1911,3.63e-05
1912,3.63e-05
1913,3.63e-05
1914,3.63e-05
1915,3.63e-05
1916,3.63e-05
1917,3.63e-05
1918,3.63e-05
1919,3.63e-05
1920,3.63e-05
1921,3.63e-05
1922,3.63e-05
1923,3.63e-05
1924,3.63e-05
1925,3.63e-05
1926,3.63e-05
1927,3.63e-05
1928,3.63e-05
1929,3.63e-05
1930,3.63e-05
1931,3.63e-05
1932,3.63e-05
1933,3.63e-05
1934,3.63e-05
1935,3.63e-05
1936,3.63e-05
1937,3.63e-05
1938,3.63e-05
1939,3.63e-05
1940,3.63e-05
1941,3.63e-05
1942,3.63e-05
1943,3.63e-05
1944,3.63e-05
1945,3.63e-05
1946,3.63e-05
1947,3.63e-05
1948,3.63e-05
1949,3.63e-05
1950,3.63e-05
1951,3.63e-05
1952,3.63e-05
1953,3.63e-05
1954,3.63e-05
1955,3.63e-05
1956,3.63e-05
1957,3.63e-05
1958,3.63e-05
1959,3.63e-05
1960,3.63e-05
1961,3.63e-05
1962,3.63e-05
1963,3.77047222e-05
1964,4.06572222e-05
1965,0.000175248056
1966,0.000217016944
1967,0.000130848056
1968,8.46402778e-05
1969,5.44613889e-05
1970,3.94094444e-05
1971,4.34019444e-05
1972,4.13797222e-05
1973,4.20197222e-05
1974,3.77391667e-05
1975,3.90119444e-05
1976,4.24297222e-05
1977,5.43786111e-05
1978,5.89975e-05
1979,5.80563889e-05
1980,5.99841667e-05
1981,6.03930556e-05
1982,5.85675e-05
1983,3.63e-05
1984,3.63e-05
1985,3.63e-05
1986,3.63e-05
1987,3.63e-05
1988,3.63e-05
1989,3.63e-05
1990,3.63e-05
1991,3.63e-05
1992,3.63e-05
1993,3.63e-05
1994,3.63e-05
1995,3.63e-05
1996,3.63e-05
1997,3.63e-05
1998,3.63e-05
1999,3.63e-05
2000,3.63e-05
2001,3.63e-05
2002,3.63e-05
2003,3.63e-05
2004,3.63e-05
2005,3.63e-05
2006,3.63e-05
2007,3.63e-05
2008,3.63e-05
2009,3.63e-05
2010,3.63e-05
2011,3.63e-05
2012,3.63e-05
2013,3.63e-05
2014,3.63e-05
2015,3.63e-05
2016,3.63e-05
2017,3.63e-05
2018,3.63e-05
2019,3.63e-05
2020,3.63e-05
2021,3.63e-05
2022,3.63e-05
2023,3.63e-05
2024,3.63e-05
2025,3.63e-05
2026,3.63e-05
2027,3.63e-05
2028,3.63e-05
2029,3.63e-05
2030,3.63e-05
2031,3.63e-05
2032,3.63e-05
2033,3.63e-05
2034,3.63e-05
2035,3.63e-05
2036,3.63e-05
2037,3.63e-05
2038,3.63e-05
2039,3.63e-05
2040,3.63e-05
2041,3.63e-05
2042,3.63e-05
2043,3.63e-05
2044,3.63e-05
2045,3.63e-05
2046,3.63e-05
2047,3.63e-05
2048,3.63e-05
2049,3.63e-05
2050,3.63e-05
2051,3.63e-05
2052,3.63e-05
2053,3.63e-05
2054,3.63e-05
2055,3.63e-05
2056,3.63e-05
2057,3.63e-05
2058,3.63e-05
2059,3.63e-05
2060,3.63e-05
2061,3.63e-05
2062,3.63e-05
2063,3.63e-05
2064,3.63e-05
2065,3.63e-05
2066,3.63e-05
2067,3.63e-05
2068,3.63e-05
2069,3.63e-05
2070,3.63e-05
2071,3.63e-05
2072,3.63e-05
2073,3.63e-05
2074,3.63e-05
2075,3.63e-05
2076,3.63e-05
2077,3.63e-05
2078,3.63e-05
2079,3.63e-05
2080,3.63e-05
2081,3.63e-05
2082,3.63e-05
2083,3.63e-05
2084,3.63e-05
2085,3.63e-05
2086,3.63e-05
2087,3.63e-05
2088,3.63e-05
2089,3.63e-05
2090,3.63e-05
2091,3.63e-05
2092,3.63e-05
2093,3.63e-05
2094,3.63e-05
2095,3.63e-05
2096,3.63e-05
2097,3.63e-05
2098,3.63e-05
2099,3.63e-05
2100,3.63e-05
2101,3.63e-05
2102,3.63e-05
2103,3.63e-05
2104,3.63e-05
2105,3.63e-05
2106,3.63e-05
2107,3.63e-05
2108,3.63e-05
2109,3.63e-05
2110,3.63e-05
2111,3.63e-05
2112,3.63e-05
2113,3.63e-05
2114,3.63e-05
2115,3.63e-05
2116,3.63e-05
2117,3.63e-05
2118,3.63e-05
2119,3.63e-05
2120,3.63e-05
2121,3.63e-05
2122,3.63e-05
2123,3.63e-05
2124,3.63e-05
2125,3.63e-05
2126,3.63e-05
2127,3.63e-05
2128,3.63e-05
2129,3.63e-05
2130,3.63e-05
2131,3.63e-05
2132,3.63e-05
2133,3.63e-05
2134,3.63e-05
2135,3.63e-05
2136,3.63e-05
2137,3.63e-05
2138,3.63e-05
2139,3.63e-05
2140,3.63e-05
2141,3.63e-05
2142,3.63e-05
2143,3.63e-05
2144,3.63e-05
2145,3.63e-05
2146,3.63e-05
2147,3.63e-05
2148,3.63e-05
2149,3.63e-05
2150,3.63e-05
2151,3.63e-05
2152,3.63e-05
2153,3.63e-05
2154,3.63e-05
2155,3.63e-05
2156,3.63e-05
2157,3.63e-05
2158,3.63e-05
2159,3.63e-05
2160,3.63e-05
2161,3.63e-05
2162,3.63e-05
2163,3.63e-05
2164,3.63e-05
2165,3.63e-05
2166,3.63e-05
2167,3.63e-05
2168,3.63e-05
2169,3.63e-05
2170,3.63e-05
2171,3.63e-05
2172,3.63e-05
2173,3.63e-05
2174,3.63e-05
2175,3.63e-05
2176,3.63e-05
2177,3.63e-05
2178,3.63e-05
2179,3.63e-05
2180,3.63e-05
2181,3.63e-05
2182,3.63e-05
2183,3.77e-05
2184,3.81572222e-05
2185,3.82077778e-05
2186,3.68922222e-05
2187,3.84416667e-05
2188,3.75477778e-05
2189,3.88016667e-05
2190,3.93794444e-05
2191,4.09238889e-05
2192,4.33594444e-05
2193,3.9975e-05
2194,3.87005556e-05
2195,3.9615e-05
2196,3.73527778e-05
2197,3.76938889e-05
2198,3.80016667e-05
2199,3.7435e-05
2200,3.79988889e-05
2201,4.04194444e-05
2202,3.86461111e-05
2203,3.63e-05
2204,3.63e-05
2205,3.63e-05
2206,3.63e-05
2207,3.63e-05
2208,3.63e-05
2209,3.63e-05
2210,3.63e-05
2211,3.63e-05
2212,3.63e-05
2213,3.63e-05
2214,3.63e-05
2215,3.63e-05
2216,3.63e-05
2217,3.63e-05
2218,3.63e-05
2219,3.63e-05
2220,3.63e-05
2221,3.63e-05
2222,3.63e-05
2223,3.63e-05
2224,3.63e-05
2225,3.63e-05
2226,3.63e-05
2227,3.63e-05
2228,3.63e-05
2229,3.63e-05
2230,3.63e-05
2231,3.63e-05
2232,3.63e-05
2233,3.63e-05
2234,3.63e-05
2235,3.63e-05
2236,3.63e-05
2237,3.63e-05
2238,3.63e-05
2239,3.63e-05
2240,3.63e-05
2241,3.63e-05
2242,3.63e-05
2243,3.63e-05
2244,3.63e-05
2245,3.63e-05
2246,3.63e-05
2247,3.63e-05
2248,3.63e-05
2249,3.63e-05
2250,3.63e-05
2251,3.63e-05
2252,3.63e-05
2253,3.63e-05
2254,3.63e-05
2255,3.63e-05
2256,3.63e-05
2257,3.63e-05
2258,3.63e-05
2259,3.63e-05
2260,3.63e-05
2261,3.63e-05
2262,3.63e-05
2263,3.63e-05
2264,3.63e-05
2265,3.63e-05
2266,3.63e-05
2267,3.63e-05
2268,3.63e-05
2269,3.63e-05
2270,3.63e-05
2271,3.63e-05
2272,3.63e-05
2273,3.63e-05
2274,3.63e-05
2275,3.63e-05
2276,3.63e-05
2277,3.63e-05
2278,3.63e-05
2279,3.63e-05
2280,3.63e-05
2281,3.63e-05
2282,3.63e-05
2283,3.63e-05
2284,3.63e-05
2285,3.63e-05
2286,3.63e-05
2287,3.63e-05
2288,3.63e-05
2289,3.63e-05
2290,3.63e-05
2291,3.63e-05
2292,3.63e-05
2293,3.63e-05
2294,3.63e-05
2295,3.63e-05
2296,3.63e-05
2297,3.63e-05
2298,3.63e-05
2299,3.63e-05
2300,3.63e-05
2301,3.63e-05
2302,3.63e-05
2303,3.63e-05
2304,3.63e-05
2305,3.63e-05
2306,3.63e-05
2307,3.63e-05
2308,3.63e-05
2309,3.63e-05
2310,3.63e-05
2311,3.63e-05
2312,3.63e-05
2313,3.63e-05
2314,3.63e-05
2315,3.63e-05
2316,3.63e-05
2317,3.63e-05
2318,3.63e-05
2319,3.63e-05
2320,3.63e-05
2321,3.63e-05
2322,3.63e-05
2323,3.63e-05
2324,3.63e-05
2325,3.63e-05
2326,3.63e-05
2327,3.63e-05
2328,3.63e-05
2329,3.63e-05
2330,3.63e-05
2331,3.63e-05
2332,3.63e-05
2333,3.63e-05
2334,3.63e-05
2335,3.63e-05
2336,3.63e-05
2337,3.63e-05
2338,3.63e-05
2339,3.63e-05
2340,3.63e-05
2341,3.63e-05
2342,3.63e-05
2343,3.63e-05
2344,3.63e-05
2345,3.63e-05
2346,3.63e-05
2347,3.63e-05
2348,3.63e-05
2349,3.63e-05
2350,3.63e-05
2351,3.63e-05
2352,3.63e-05
2353,3.63e-05
2354,3.63e-05
2355,3.63e-05
2356,3.63e-05
2357,3.63e-05
2358,3.63e-05
2359,3.63e-05
2360,3.63e-05
2361,3.63e-05
2362,3.63e-05
2363,3.63e-05
2364,3.63e-05
2365,3.63e-05
2366,3.63e-05
2367,3.63e-05
2368,3.63e-05
2369,3.63e-05
2370,3.63e-05
2371,3.63e-05
2372,3.63e-05
2373,3.63e-05
2374,3.63e-05
2375,3.63e-05
2376,3.63e-05
2377,3.63e-05
2378,3.63e-05
2379,3.63e-05
2380,3.63e-05
2381,3.63e-05
2382,3.63e-05
2383,3.63e-05
2384,3.63e-05
2385,3.63e-05
2386,3.63e-05
2387,3.63e-05
2388,3.63e-05
2389,3.63e-05
2390,3.63e-05
2391,3.63e-05
2392,3.63e-05
2393,3.63e-05
2394,3.63e-05
2395,3.63e-05
2396,3.63e-05
2397,3.63e-05
2398,3.63e-05
2399,3.63e-05
2400,3.63e-05
2401,3.63e-05
2402,3.63e-05
2403,3.77047222e-05
2404,4.06572222e-05
2405,0.000175248056
2406,0.000217016944
2407,0.000130848056
2408,8.46402778e-05
2409,5.44613889e-05
2410,3.94094444e-05
2411,4.34019444e-05
2412,4.13797222e-05
2413,4.20197222e-05
2414,3.77391667e-05
2415,3.90119444e-05
2416,4.24297222e-05
2417,5.43786111e-05
2418,5.89975e-05
2419,5.80563889e-05
2420,5.99841667e-05
2421,6.03930556e-05
2422,5.85675e-05
2423,3.63e-05
2424,3.63e-05
2425,3.63e-05
2426,3.63e-05
2427,3.63e-05
2428,3.63e-05
2429,3.63e-05
2430,3.63e-05
2431,3.63e-05
2432,3.63e-05
2433,3.63e-05
2434,3.63e-05
2435,3.63e-05
2436,3.63e-05
2437,3.63e-05
2438,3.63e-05
2439,3.63e-05
2440,3.63e-05
2441,3.63e-05
2442,3.63e-05
2443,3.63e-05
2444,3.63e-05
2445,3.63e-05
2446,3.63e-05
2447,3.63e-05
2448,3.63e-05
2449,3.63e-05
2450,3.63e-05
2451,3.63e-05
2452,3.63e-05
2453,3.63e-05
2454,3.63e-05
2455,3.63e-05
2456,3.63e-05
2457,3.63e-05
2458,3.63e-05
2459,3.63e-05
2460,3.63e-05
2461,3.63e-05
2462,3.63e-05
2463,3.63e-05
2464,3.63e-05
2465,3.63e-05
2466,3.63e-05
2467,3.63e-05
2468,3.63e-05
2469,3.63e-05
2470,3.63e-05
2471,3.63e-05
2472,3.63e-05
2473,3.63e-05
2474,3.63e-05
2475,3.63e-05
2476,3.63e-05
2477,3.63e-05
2478,3.63e-05
2479,3.63e-05
2480,3.63e-05
2481,3.63e-05
2482,3.63e-05
2483,3.63e-05
2484,3.63e-05
2485,3.63e-05
2486,3.63e-05
2487,3.63e-05
2488,3.63e-05
2489,3.63e-05
2490,3.63e-05
2491,3.63e-05
2492,3.63e-05
2493,3.63e-05
2494,3.63e-05
2495,3.63e-05
2496,3.63e-05
2497,3.63e-05
2498,3.63e-05
2499,3.63e-05
2500,3.63e-05
2501,3.63e-05
2502,3.63e-05
2503,3.63e-05
2504,3.63e-05
2505,3.63e-05
2506,3.63e-05
2507,3.63e-05
2508,3.63e-05
2509,3.63e-05
2510,3.63e-05
2511,3.63e-05
2512,3.63e-05
2513,3.63e-05
2514,3.63e-05
2515,3.63e-05
2516,3.63e-05
2517,3.63e-05
2518,3.63e-05
2519,3.63e-05
2520,3.63e-05
2521,3.63e-05
2522,3.63e-05
2523,3.63e-05
2524,3.63e-05
2525,3.63e-05
2526,3.63e-05
2527,3.63e-05
2528,3.63e-05
2529,3.63e-05
2530,3.63e-05
2531,3.63e-05
2532,3.63e-05
2533,3.63e-05
2534,3.63e-05
2535,3.63e-05
2536,3.63e-05
2537,3.63e-05
2538,3.63e-05
2539,3.63e-05
2540,3.63e-05
2541,3.63e-05
2542,3.63e-05
2543,3.63e-05
2544,3.63e-05
2545,3.63e-05
2546,3.63e-05
2547,3.63e-05
2548,3.63e-05
2549,3.63e-05
2550,3.63e-05
2551,3.63e-05
2552,3.63e-05
2553,3.63e-05
2554,3.63e-05
2555,3.63e-05
2556,3.63e-05
2557,3.63e-05
2558,3.63e-05
2559,3.63e-05
2560,3.63e-05
2561,3.63e-05
2562,3.63e-05
2563,3.63e-05
2564,3.63e-05
2565,3.63e-05
2566,3.63e-05
2567,3.63e-05
2568,3.63e-05
2569,3.63e-05
2570,3.63e-05
2571,3.63e-05
2572,3.63e-05
2573,3.63e-05
2574,3.63e-05
2575,3.63e-05
2576,3.63e-05
2577,3.63e-05
2578,3.63e-05
2579,3.63e-05
2580,3.63e-05
2581,3.63e-05
2582,3.63e-05
2583,3.63e-05
2584,3.63e-05
2585,3.63e-05
2586,3.63e-05
2587,3.63e-05
2588,3.63e-05
2589,3.63e-05
2590,3.63e-05
2591,3.63e-05
2592,3.63e-05
2593,3.63e-05
2594,3.63e-05
2595,3.63e-05
2596,3.63e-05
2597,3.63e-05
2598,3.63e-05
2599,3.63e-05
2600,3.63e-05
2601,3.63e-05
2602,3.63e-05
2603,3.63e-05
2604,3.63e-05
2605,3.63e-05
2606,3.63e-05
2607,3.63e-05
2608,3.63e-05
2609,3.63e-05
2610,3.63e-05
2611,3.63e-05
2612,3.63e-05
2613,3.63e-05
2614,3.63e-05
2615,3.63e-05
2616,3.63e-05
2617,3.63e-05
2618,3.63e-05
2619,3.63e-05
2620,3.63e-05
2621,3.63e-05
2622,3.63e-05
2623,4.26341667e-05
2624,4.54409259e-05
2625,0.000233181944
2626,0.000247165278
2627,0.000171588611
2628,0.000110999722
2629,7.23297222e-05
2630,5.06463889e-05
2631,4.81641667e-05
2632,5.02119444e-05
2633,5.70575e-05
2634,6.44941667e-05
2635,6.52030556e-05
2636,5.00086111e-05
2637,3.87034259e-05
2638,4.32369444e-05
2639,5.10413889e-05
2640,5.83425e-05
2641,6.28602778e-05
2642,6.89636111e-05
2643,3.63e-05
2644,3.63e-05
2645,3.63e-05
2646,3.63e-05
2647,3.63e-05
2648,3.63e-05
2649,3.63e-05
2650,3.63e-05
2651,3.63e-05
2652,3.63e-05
2653,3.63e-05
2654,3.63e-05
2655,3.63e-05
2656,3.63e-05
2657,3.63e-05
2658,3.63e-05
2659,3.63e-05
2660,3.63e-05
2661,3.63e-05
2662,3.63e-05
2663,3.63e-05
2664,3.63e-05
2665,3.63e-05
2666,3.63e-05
2667,3.63e-05
2668,3.63e-05
2669,3.63e-05
2670,3.63e-05
2671,3.63e-05
2672,3.63e-05
2673,3.63e-05
2674,3.63e-05
2675,3.63e-05
2676,3.63e-05
2677,3.63e-05
2678,3.63e-05
2679,3.63e-05
2680,3.63e-05
2681,3.63e-05
2682,3.63e-05
2683,3.63e-05
2684,3.63e-05
2685,3.63e-05
2686,3.63e-05
2687,3.63e-05
2688,3.63e-05
2689,3.63e-05
2690,3.63e-05
2691,3.63e-05
2692,3.63e-05
2693,3.63e-05
2694,3.63e-05
2695,3.63e-05
2696,3.63e-05
2697,3.63e-05
2698,3.63e-05
2699,3.63e-05
2700,3.63e-05
2701,3.63e-05
2702,3.63e-05
2703,3.63e-05
2704,3.63e-05
2705,3.63e-05
2706,3.63e-05
2707,3.63e-05
2708,3.63e-05
2709,3.63e-05
2710,3.63e-05
2711,3.63e-05
2712,3.63e-05
2713,3.63e-05
2714,3.63e-05
2715,3.63e-05
2716,3.63e-05
2717,3.63e-05
2718,3.63e-05
2719,3.63e-05
2720,3.63e-05
2721,3.63e-05
2722,3.63e-05
2723,3.63e-05
2724,3.63e-05
2725,3.63e-05
2726,3.63e-05
2727,3.63e-05
2728,3.63e-05
2729,3.63e-05
2730,3.63e-05
2731,3.63e-05
2732,3.63e-05
2733,3.63e-05
2734,3.63e-05
2735,3.63e-05
2736,3.63e-05
2737,3.63e-05
2738,3.63e-05
2739,3.63e-05
2740,3.63e-05
2741,3.63e-05
2742,3.63e-05
2743,3.63e-05
2744,3.63e-05
2745,3.63e-05
2746,3.63e-05
2747,3.63e-05
2748,3.63e-05
2749,3.63e-05
2750,3.63e-05
2751,3.63e-05
2752,3.63e-05
2753,3.63e-05
2754,3.63e-05
2755,3.63e-05
2756,3.63e-05
2757,3.63e-05
2758,3.63e-05
2759,3.63e-05
2760,3.63e-05
2761,3.63e-05
2762,3.63e-05
2763,3.63e-05
2764,3.63e-05
2765,3.63e-05
2766,3.63e-05
2767,3.63e-05
2768,3.63e-05
2769,3.63e-05
2770,3.63e-05
2771,3.63e-05
2772,3.63e-05
2773,3.63e-05
2774,3.63e-05
2775,3.63e-05
2776,3.63e-05
2777,3.63e-05
2778,3.63e-05
2779,3.63e-05
2780,3.63e-05
2781,3.63e-05
2782,3.63e-05
2783,3.63e-05
2784,3.63e-05
2785,3.63e-05
2786,3.63e-05
2787,3.63e-05
2788,3.63e-05
2789,3.63e-05
2790,3.63e-05
2791,3.63e-05
2792,3.63e-05
2793,3.63e-05
2794,3.63e-05
2795,3.63e-05
2796,3.63e-05
2797,3.63e-05
2798,3.63e-05
2799,3.63e-05
2800,3.63e-05
2801,3.63e-05
2802,3.63e-05
2803,3.63e-05
2804,3.63e-05
2805,3.63e-05
2806,3.63e-05
2807,3.63e-05
2808,3.63e-05
2809,3.63e-05
2810,3.63e-05
2811,3.63e-05
2812,3.63e-05
2813,3.63e-05
2814,3.63e-05
2815,3.63e-05
2816,3.63e-05
2817,3.63e-05
2818,3.63e-05
2819,3.63e-05
2820,3.63e-05
2821,3.63e-05
2822,3.63e-05
2823,3.63e-05
2824,3.63e-05
2825,3.63e-05
2826,3.63e-05
2827,3.63e-05
2828,3.63e-05
2829,3.63e-05
2830,3.63e-05
2831,3.63e-05
2832,3.63e-05
2833,3.63e-05
2834,3.63e-05
2835,3.63e-05
2836,3.63e-05
2837,3.63e-05
2838,3.63e-05
2839,3.63e-05
2840,3.63e-05
2841,3.63e-05
2842,3.63e-05
2843,3.69669444e-05
2844,5.10158333e-05
2845,0.000268876389
2846,0.000258630833
2847,0.0001824375
2848,0.000111803056
2849,5.83363889e-05
2850,4.14072222e-05
2851,4.65547222e-05
2852,3.98775e-05
2853,4.55508333e-05
2854,5.32941667e-05
2855,5.18319444e-05
2856,4.42430556e-05
2857,3.73230556e-05
2858,3.78022222e-05
2859,4.03969444e-05
2860,4.38936111e-05
2861,4.54480556e-05
2862,4.54980556e-05
2863,3.63e-05
2864,3.63e-05
2865,3.63e-05
2866,3.63e-05
2867,3.63e-05
2868,3.63e-05
2869,3.63e-05
2870,3.63e-05
2871,3.63e-05
2872,3.63e-05
2873,3.63e-05
2874,3.63e-05
2875,3.63e-05
2876,3.63e-05
2877,3.63e-05
2878,3.63e-05
2879,3.63e-05
2880,3.63e-05
2881,3.63e-05
2882,3.63e-05
2883,3.63e-05
2884,3.63e-05
2885,3.63e-05
2886,3.63e-05
2887,3.63e-05
2888,3.63e-05
2889,3.63e-05
2890,3.63e-05
2891,3.63e-05
2892,3.63e-05
2893,3.63e-05
2894,3.63e-05
2895,3.63e-05
2896,3.63e-05
2897,3.63e-05
2898,3.63e-05
2899,3.63e-05
2900,3.63e-05
2901,3.63e-05
2902,3.63e-05
2903,3.63e-05
2904,3.63e-05
2905,3.63e-05
2906,3.63e-05
2907,3.63e-05
2908,3.63e-05
2909,3.63e-05
2910,3.63e-05
2911,3.63e-05
2912,3.63e-05
2913,3.63e-05
2914,3.63e-05
2915,3.63e-05
2916,3.63e-05
2917,3.63e-05
2918,3.63e-05
2919,3.63e-05
2920,3.63e-05
2921,3.63e-05
2922,3.63e-05
2923,3.63e-05
2924,3.63e-05
2925,3.63e-05
2926,3.63e-05
2927,3.63e-05
2928,3.63e-05
2929,3.63e-05
2930,3.63e-05
2931,3.63e-05
2932,3.63e-05
2933,3.63e-05
2934,3.63e-05
2935,3.63e-05
2936,3.63e-05
2937,3.63e-05
2938,3.63e-05
2939,3.63e-05
2940,3.63e-05
2941,3.63e-05
2942,3.63e-05
2943,3.63e-05
2944,3.63e-05
2945,3.63e-05
2946,3.63e-05
2947,3.63e-05
2948,3.63e-05
2949,3.63e-05
2950,3.63e-05
2951,3.63e-05
2952,3.63e-05
2953,3.63e-05
2954,3.63e-05
2955,3.63e-05
2956,3.63e-05
2957,3.63e-05
2958,3.63e-05
2959,3.63e-05
2960,3.63e-05
2961,3.63e-05
2962,3.63e-05
2963,3.63e-05
2964,3.63e-05
2965,3.63e-05
2966,3.63e-05
2967,3.63e-05
2968,3.63e-05
2969,3.63e-05
2970,3.63e-05
2971,3.63e-05
2972,3.63e-05
2973,3.63e-05
2974,3.63e-05
2975,3.63e-05
2976,3.63e-05
2977,3.63e-05
2978,3.63e-05
2979,3.63e-05
2980,3.63e-05
2981,3.63e-05
2982,3.63e-05
2983,3.63e-05
2984,3.63e-05
2985,3.63e-05
2986,3.63e-05
2987,3.63e-05
2988,3.63e-05
2989,3.63e-05
2990,3.63e-05
2991,3.63e-05
2992,3.63e-05
2993,3.63e-05
2994,3.63e-05
2995,3.63e-05
2996,3.63e-05
2997,3.63e-05
2998,3.63e-05
2999,3.63e-05
3000,3.63e-05
3001,3.63e-05
3002,3.63e-05
3003,3.63e-05
3004,3.63e-05
3005,3.63e-05
3006,3.63e-05
3007,3.63e-05
3008,3.63e-05
3009,3.63e-05
3010,3.63e-05
3011,3.63e-05
3012,3.63e-05
3013,3.63e-05
3014,3.63e-05
3015,3.63e-05
3016,3.63e-05
3017,3.63e-05
3018,3.63e-05
3019,3.63e-05
3020,3.63e-05
3021,3.63e-05
3022,3.63e-05
3023,3.63e-05
3024,3.63e-05
3025,3.63e-05
3026,3.63e-05
3027,3.63e-05
3028,3.63e-05
3029,3.63e-05
3030,3.63e-05
3031,3.63e-05
3032,3.63e-05
3033,3.63e-05
3034,3.63e-05
3035,3.63e-05
3036,3.63e-05
3037,3.63e-05
3038,3.63e-05
3039,3.63e-05
3040,3.63e-05
3041,3.63e-05
3042,3.63e-05
3043,3.63e-05
3044,3.63e-05
3045,3.63e-05
3046,3.63e-05
3047,3.63e-05
3048,3.63e-05
3049,3.63e-05
3050,3.63e-05
3051,3.63e-05
3052,3.63e-05
3053,3.63e-05
3054,3.63e-05
3055,3.63e-05
3056,3.63e-05
3057,3.63e-05
3058,3.63e-05
3059,3.63e-05
3060,3.63e-05
3061,3.63e-05
3062,3.63e-05
3063,3.77e-05
3064,3.81572222e-05
3065,3.82077778e-05
3066,3.68922222e-05
3067,3.84416667e-05
3068,3.75477778e-05
3069,3.88016667e-05
3070,3.93794444e-05
3071,4.09238889e-05
3072,4.33594444e-05
3073,3.9975e-05
3074,3.87005556e-05
3075,3.9615e-05
3076,3.73527778e-05
3077,3.76938889e-05
3078,3.80016667e-05
3079,3.7435e-05
3080,3.79988889e-05
3081,4.04194444e-05
3082,3.86461111e-05
3083,3.63e-05
3084,3.63e-05
3085,3.63e-05
3086,3.63e-05
3087,3.63e-05
3088,3.63e-05
3089,3.63e-05
3090,3.63e-05
3091,3.63e-05
3092,3.63e-05
3093,3.63e-05
3094,3.63e-05
3095,3.63e-05
3096,3.63e-05
3097,3.63e-05
3098,3.63e-05
3099,3.63e-05
3100,3.63e-05
3101,3.63e-05
3102,3.63e-05
3103,3.63e-05
3104,3.63e-05
3105,3.63e-05
3106,3.63e-05
3107,3.63e-05
3108,3.63e-05
3109,3.63e-05
3110,3.63e-05
3111,3.63e-05
3112,3.63e-05
3113,3.63e-05
3114,3.63e-05
3115,3.63e-05
3116,3.63e-05
3117,3.63e-05
3118,3.63e-05
3119,3.63e-05
3120,3.63e-05
3121,3.63e-05
3122,3.63e-05
3123,3.63e-05
3124,3.63e-05
3125,3.63e-05
3126,3.63e-05
3127,3.63e-05
3128,3.63e-05
3129,3.63e-05
3130,3.63e-05
3131,3.63e-05
3132,3.63e-05
3133,3.63e-05
3134,3.63e-05
3135,3.63e-05
3136,3.63e-05
3137,3.63e-05
3138,3.63e-05
3139,3.63e-05
3140,3.63e-05
3141,3.63e-05
3142,3.63e-05
3143,3.63e-05
3144,3.63e-05
3145,3.63e-05
3146,3.63e-05
3147,3.63e-05
3148,3.63e-05
3149,3.63e-05
3150,3.63e-05
3151,3.63e-05
3152,3.63e-05
3153,3.63e-05
3154,3.63e-05
3155,3.63e-05
3156,3.63e-05
3157,3.63e-05
3158,3.63e-05
3159,3.63e-05
3160,3.63e-05
3161,3.63e-05
3162,3.63e-05
3163,3.63e-05
3164,3.63e-05
3165,3.63e-05
3166,3.63e-05
3167,3.63e-05
3168,3.63e-05
3169,3.63e-05
3170,3.63e-05
3171,3.63e-05
3172,3.63e-05
3173,3.63e-05
3174,3.63e-05
3175,3.63e-05
3176,3.63e-05
3177,3.63e-05
3178,3.63e-05
3179,3.63e-05
3180,3.63e-05
3181,3.63e-05
3182,3.63e-05
3183,3.63e-05
3184,3.63e-05
3185,3.63e-05
3186,3.63e-05
3187,3.63e-05
3188,3.63e-05
3189,3.63e-05
3190,3.63e-05
3191,3.63e-05
3192,3.63e-05
3193,3.63e-05
3194,3.63e-05
3195,3.63e-05
3196,3.63e-05
3197,3.63e-05
3198,3.63e-05
3199,3.63e-05
3200,3.63e-05
3201,3.63e-05
3202,3.63e-05
3203,3.63e-05
3204,3.63e-05
3205,3.63e-05
3206,3.63e-05
3207,3.63e-05
3208,3.63e-05
3209,3.63e-05
3210,3.63e-05
3211,3.63e-05
3212,3.63e-05
3213,3.63e-05
3214,3.63e-05
3215,3.63e-05
3216,3.63e-05
3217,3.63e-05
3218,3.63e-05
3219,3.63e-05
3220,3.63e-05
3221,3.63e-05
3222,3.63e-05
3223,3.63e-05
3224,3.63e-05
3225,3.63e-05
3226,3.63e-05
3227,3.63e-05
3228,3.63e-05
3229,3.63e-05
3230,3.63e-05
3231,3.63e-05
3232,3.63e-05
3233,3.63e-05
3234,3.63e-05
3235,3.63e-05
3236,3.63e-05
3237,3.63e-05
3238,3.63e-05
3239,3.63e-05
3240,3.63e-05
3241,3.63e-05
3242,3.63e-05
3243,3.63e-05
3244,3.63e-05
3245,3.63e-05
3246,3.63e-05
3247,3.63e-05
3248,3.63e-05
3249,3.63e-05
3250,3.63e-05
3251,3.63e-05
3252,3.63e-05
3253,3.63e-05
3254,3.63e-05
3255,3.63e-05
3256,3.63e-05
3257,3.63e-05
3258,3.63e-05
3259,3.63e-05
3260,3.63e-05
3261,3.63e-05
3262,3.63e-05
3263,3.63e-05
3264,3.63e-05
3265,3.63e-05
3266,3.63e-05
3267,3.63e-05
3268,3.63e-05
3269,3.63e-05
3270,3.63e-05
3271,3.63e-05
3272,3.63e-05
3273,3.63e-05
3274,3.63e-05
3275,3.63e-05
3276,3.63e-05
3277,3.63e-05
3278,3.63e-05
3279,3.63e-05
3280,3.63e-05
3281,3.63e-05
3282,3.63e-05
3283,4.09102778e-05
3284,5.59409259e-05
3285,0.000235546389
3286,0.000131803056
3287,5.89941667e-05
3288,4.43553704e-05
3289,5.43202778e-05
3290,5.54691667e-05
3291,5.70936111e-05
3292,5.82780556e-05
3293,5.73002778e-05
3294,5.73625e-05
3295,5.61102778e-05
3296,5.19047222e-05
3297,4.70080556e-05
3298,4.06469444e-05
3299,3.69947222e-05
3300,3.73790741e-05
3301,3.82497222e-05
3302,3.78063889e-05
3303,3.63e-05
3304,3.63e-05
3305,3.63e-05
3306,3.63e-05
3307,3.63e-05
3308,3.63e-05
3309,3.63e-05
3310,3.63e-05
3311,3.63e-05
3312,3.63e-05
3313,3.63e-05
3314,3.63e-05
3315,3.63e-05
3316,3.63e-05
3317,3.63e-05
3318,3.63e-05
3319,3.63e-05
3320,3.63e-05
3321,3.63e-05
3322,3.63e-05
3323,3.63e-05
3324,3.63e-05
3325,3.63e-05
3326,3.63e-05
3327,3.63e-05
3328,3.63e-05
3329,3.63e-05
3330,3.63e-05
3331,3.63e-05
3332,3.63e-05
3333,3.63e-05
3334,3.63e-05
3335,3.63e-05
3336,3.63e-05
3337,3.63e-05
3338,3.63e-05
3339,3.63e-05
3340,3.63e-05
3341,3.63e-05
3342,3.63e-05
3343,3.63e-05
3344,3.63e-05
3345,3.63e-05
3346,3.63e-05
3347,3.63e-05
3348,3.63e-05
3349,3.63e-05
3350,3.63e-05
3351,3.63e-05
3352,3.63e-05
3353,3.63e-05
3354,3.63e-05
3355,3.63e-05
3356,3.63e-05
3357,3.63e-05
3358,3.63e-05
3359,3.63e-05
3360,3.63e-05
3361,3.63e-05
3362,3.63e-05
3363,3.63e-05
3364,3.63e-05
3365,3.63e-05
3366,3.63e-05
3367,3.63e-05
3368,3.63e-05
3369,3.63e-05
3370,3.63e-05
3371,3.63e-05
3372,3.63e-05
3373,3.63e-05
3374,3.63e-05
3375,3.63e-05
3376,3.63e-05
3377,3.63e-05
3378,3.63e-05
3379,3.63e-05
3380,3.63e-05
3381,3.63e-05
3382,3.63e-05
3383,3.63e-05
3384,3.63e-05
3385,3.63e-05
3386,3.63e-05
3387,3.63e-05
3388,3.63e-05
3389,3.63e-05
3390,3.63e-05
3391,3.63e-05
3392,3.63e-05
3393,3.63e-05
3394,3.63e-05
3395,3.63e-05
3396,3.63e-05
3397,3.63e-05
3398,3.63e-05
3399,3.63e-05
3400,3.63e-05
3401,3.63e-05
3402,3.63e-05
3403,3.63e-05
3404,3.63e-05
3405,3.63e-05
3406,3.63e-05
3407,3.63e-05
3408,3.63e-05
3409,3.63e-05
3410,3.63e-05
3411,3.63e-05
3412,3.63e-05
3413,3.63e-05
3414,3.63e-05
3415,3.63e-05
3416,3.63e-05
3417,3.63e-05
3418,3.63e-05
3419,3.63e-05
3420,3.63e-05
3421,3.63e-05
3422,3.63e-05
3423,3.63e-05
3424,3.63e-05
3425,3.63e-05
3426,3.63e-05
3427,3.63e-05
3428,3.63e-05
3429,3.63e-05
3430,3.63e-05
3431,3.63e-05
3432,3.63e-05
3433,3.63e-05
3434,3.63e-05
3435,3.63e-05
3436,3.63e-05
3437,3.63e-05
3438,3.63e-05
3439,3.63e-05
3440,3.63e-05
3441,3.63e-05
3442,3.63e-05
3443,3.63e-05
3444,3.63e-05
3445,3.63e-05
3446,3.63e-05
3447,3.63e-05
3448,3.63e-05
3449,3.63e-05
3450,3.63e-05
3451,3.63e-05
3452,3.63e-05
3453,3.63e-05
3454,3.63e-05
3455,3.63e-05
3456,3.63e-05
3457,3.63e-05
3458,3.63e-05
3459,3.63e-05
3460,3.63e-05
3461,3.63e-05
3462,3.63e-05
3463,3.63e-05
3464,3.63e-05
3465,3.63e-05
3466,3.63e-05
3467,3.63e-05
3468,3.63e-05
3469,3.63e-05
3470,3.63e-05
3471,3.63e-05
3472,3.63e-05
3473,3.63e-05
3474,3.63e-05
3475,3.63e-05
3476,3.63e-05
3477,3.63e-05
3478,3.63e-05
3479,3.63e-05
3480,3.63e-05
3481,3.63e-05
3482,3.63e-05
3483,3.63e-05
3484,3.63e-05
3485,3.63e-05
3486,3.63e-05
3487,3.63e-05
3488,3.63e-05
3489,3.63e-05
3490,3.63e-05
3491,3.63e-05
3492,3.63e-05
3493,3.63e-05
3494,3.63e-05
3495,3.63e-05
3496,3.63e-05
3497,3.63e-05
3498,3.63e-05
3499,3.63e-05
3500,3.63e-05
3501,3.63e-05
3502,3.63e-05
3503,3.69669444e-05
3504,5.10158333e-05
3505,0.000268876389
3506,0.000258630833
3507,0.0001824375
3508,0.000111803056
3509,5.83363889e-05
3510,4.14072222e-05
3511,4.65547222e-05
3512,3.98775e-05
3513,4.55508333e-05
3514,5.32941667e-05
3515,5.18319444e-05
3516,4.42430556e-05
3517,3.73230556e-05
3518,3.78022222e-05
3519,4.03969444e-05
3520,4.38936111e-05
3521,4.54480556e-05
3522,4.54980556e-05
3523,3.63e-05
3524,3.63e-05
3525,3.63e-05
3526,3.63e-05
3527,3.63e-05
3528,3.63e-05
3529,3.63e-05
3530,3.63e-05
3531,3.63e-05
3532,3.63e-05
3533,3.63e-05
3534,3.63e-05
3535,3.63e-05
3536,3.63e-05
3537,3.63e-05
3538,3.63e-05
3539,3.63e-05
3540,3.63e-05
3541,3.63e-05
3542,3.63e-05
3543,3.63e-05
3544,3.63e-05
3545,3.63e-05
3546,3.63e-05
3547,3.63e-05
3548,3.63e-05
3549,3.63e-05
3550,3.63e-05
3551,3.63e-05
3552,3.63e-05
3553,3.63e-05
3554,3.63e-05
3555,3.63e-05
3556,3.63e-05
3557,3.63e-05
3558,3.63e-05
3559,3.63e-05
3560,3.63e-05
3561,3.63e-05
3562,3.63e-05
3563,3.63e-05
3564,3.63e-05
3565,3.63e-05
3566,3.63e-05
3567,3.63e-05
3568,3.63e-05
3569,3.63e-05
3570,3.63e-05
3571,3.63e-05
3572,3.63e-05
3573,3.63e-05
3574,3.63e-05
3575,3.63e-05
3576,3.63e-05
3577,3.63e-05
3578,3.63e-05
3579,3.63e-05
3580,3.63e-05
3581,3.63e-05
3582,3.63e-05
3583,3.63e-05
3584,3.63e-05
3585,3.63e-05
3586,3.63e-05
3587,3.63e-05
3588,3.63e-05
3589,3.63e-05
3590,3.63e-05
3591,3.63e-05
3592,3.63e-05
3593,3.63e-05
3594,3.63e-05
3595,3.63e-05
3596,3.63e-05
3597,3.63e-05
3598,3.63e-05
3599,3.63e-05
3600,3.63e-05
3601,3.63e-05
3602,3.63e-05
3603,3.63e-05
3604,3.63e-05
3605,3.63e-05
3606,3.63e-05
3607,3.63e-05
3608,3.63e-05
3609,3.63e-05
3610,3.63e-05
3611,3.63e-05
3612,3.63e-05
3613,3.63e-05
3614,3.63e-05
3615,3.63e-05
3616,3.63e-05
3617,3.63e-05
3618,3.63e-05
3619,3.63e-05
3620,3.63e-05
3621,3.63e-05
3622,3.63e-05
3623,3.63e-05
3624,3.63e-05
3625,3.63e-05
3626,3.63e-05
3627,3.63e-05
3628,3.63e-05
3629,3.63e-05
3630,3.63e-05
3631,3.63e-05
3632,3.63e-05
3633,3.63e-05
3634,3.63e-05
3635,3.63e-05
3636,3.63e-05
3637,3.63e-05
3638,3.63e-05
3639,3.63e-05
3640,3.63e-05
3641,3.63e-05
3642,3.63e-05
3643,3.63e-05
3644,3.63e-05
3645,3.63e-05
3646,3.63e-05
3647,3.63e-05
3648,3.63e-05
3649,3.63e-05
3650,3.63e-05
3651,3.63e-05
3652,3.63e-05
3653,3.63e-05
3654,3.63e-05
3655,3.63e-05
3656,3.63e-05
3657,3.63e-05
3658,3.63e-05
3659,3.63e-05
3660,3.63e-05
3661,3.63e-05
3662,3.63e-05
3663,3.63e-05
3664,3.63e-05
3665,3.63e-05
3666,3.63e-05
3667,3.63e-05
3668,3.63e-05
3669,3.63e-05
3670,3.63e-05
3671,3.63e-05
3672,3.63e-05
3673,3.63e-05
3674,3.63e-05
3675,3.63e-05
3676,3.63e-05
3677,3.63e-05
3678,3.63e-05
3679,3.63e-05
3680,3.63e-05
3681,3.63e-05
3682,3.63e-05
3683,3.63e-05
3684,3.63e-05
3685,3.63e-05
3686,3.63e-05
3687,3.63e-05
3688,3.63e-05
3689,3.63e-05
3690,3.63e-05
3691,3.63e-05
3692,3.63e-05
3693,3.63e-05
3694,3.63e-05
3695,3.63e-05
3696,3.63e-05
3697,3.63e-05
3698,3.63e-05
3699,3.63e-05
3700,3.63e-05
3701,3.63e-05
3702,3.63e-05
3703,3.63e-05
3704,3.63e-05
3705,3.63e-05
3706,3.63e-05
3707,3.63e-05
3708,3.63e-05
3709,3.63e-05
3710,3.63e-05
3711,3.63e-05
3712,3.63e-05
3713,3.63e-05
3714,3.63e-05
3715,3.63e-05
3716,3.63e-05
3717,3.63e-05
3718,3.63e-05
3719,3.63e-05
3720,3.63e-05
3721,3.63e-05
3722,3.63e-05
3723,3.77e-05
3724,3.81572222e-05
3725,3.82077778e-05
3726,3.68922222e-05
3727,3.84416667e-05
3728,3.75477778e-05
3729,3.88016667e-05
3730,3.93794444e-05
3731,4.09238889e-05
3732,4.33594444e-05
3733,3.9975e-05
3734,3.87005556e-05
3735,3.9615e-05
3736,3.73527778e-05
3737,3.76938889e-05
3738,3.80016667e-05
3739,3.7435e-05
3740,3.79988889e-05
3741,4.04194444e-05
3742,3.86461111e-05
3743,3.63e-05
3744,3.63e-05
3745,3.63e-05
3746,3.63e-05
3747,3.63e-05
3748,3.63e-05
3749,3.63e-05
3750,3.63e-05
3751,3.63e-05
3752,3.63e-05
3753,3.63e-05
3754,3.63e-05
3755,3.63e-05
3756,3.63e-05
3757,3.63e-05
3758,3.63e-05
3759,3.63e-05
3760,3.63e-05
3761,3.63e-05
3762,3.63e-05
3763,3.63e-05
3764,3.63e-05
3765,3.63e-05
3766,3.63e-05
3767,3.63e-05
3768,3.63e-05
3769,3.63e-05
3770,3.63e-05
3771,3.63e-05
3772,3.63e-05
3773,3.63e-05
3774,3.63e-05
3775,3.63e-05
3776,3.63e-05
3777,3.63e-05
3778,3.63e-05
3779,3.63e-05
3780,3.63e-05
3781,3.63e-05
3782,3.63e-05
3783,3.63e-05
3784,3.63e-05
3785,3.63e-05
3786,3.63e-05
3787,3.63e-05
3788,3.63e-05
3789,3.63e-05
3790,3.63e-05
3791,3.63e-05
3792,3.63e-05
3793,3.63e-05
3794,3.63e-05
3795,3.63e-05
3796,3.63e-05
3797,3.63e-05
3798,3.63e-05
3799,3.63e-05
3800,3.63e-05
3801,3.63e-05
3802,3.63e-05
3803,3.63e-05
3804,3.63e-05
3805,3.63e-05
3806,3.63e-05
3807,3.63e-05
3808,3.63e-05
3809,3.63e-05
3810,3.63e-05
3811,3.63e-05
3812,3.63e-05
3813,3.63e-05
3814,3.63e-05
3815,3.63e-05
3816,3.63e-05
3817,3.63e-05
3818,3.63e-05
3819,3.63e-05
3820,3.63e-05
3821,3.63e-05
3822,3.63e-05
3823,3.63e-05
3824,3.63e-05
3825,3.63e-05
3826,3.63e-05
3827,3.63e-05
3828,3.63e-05
3829,3.63e-05
3830,3.63e-05
3831,3.63e-05
3832,3.63e-05
3833,3.63e-05
3834,3.63e-05
3835,3.63e-05
3836,3.63e-05
3837,3.63e-05
3838,3.63e-05
3839,3.63e-05
3840,3.63e-05
3841,3.63e-05
3842,3.63e-05
3843,3.63e-05
3844,3.63e-05
3845,3.63e-05
3846,3.63e-05
3847,3.63e-05
3848,3.63e-05
3849,3.63e-05
3850,3.63e-05
3851,3.63e-05
3852,3.63e-05
3853,3.63e-05
3854,3.63e-05
3855,3.63e-05
3856,3.63e-05
3857,3.63e-05
3858,3.63e-05
3859,3.63e-05
3860,3.63e-05
3861,3.63e-05
3862,3.63e-05
3863,3.63e-05
3864,3.63e-05
3865,3.63e-05
3866,3.63e-05
3867,3.63e-05
3868,3.63e-05
3869,3.63e-05
3870,3.63e-05
3871,3.63e-05
3872,3.63e-05
3873,3.63e-05
3874,3.63e-05
3875,3.63e-05
3876,3.63e-05
3877,3.63e-05
3878,3.63e-05
3879,3.63e-05
3880,3.63e-05
3881,3.63e-05
3882,3.63e-05
3883,3.63e-05
3884,3.63e-05
3885,3.63e-05
3886,3.63e-05
3887,3.63e-05
3888,3.63e-05
3889,3.63e-05
3890,3.63e-05
3891,3.63e-05
3892,3.63e-05
3893,3.63e-05
3894,3.63e-05
3895,3.63e-05
3896,3.63e-05
3897,3.63e-05
3898,3.63e-05
3899,3.63e-05
3900,3.63e-05
3901,3.63e-05
3902,3.63e-05
3903,3.63e-05
3904,3.63e-05
3905,3.63e-05
3906,3.63e-05
3907,3.63e-05
3908,3.63e-05
3909,3.63e-05
3910,3.63e-05
3911,3.63e-05
3912,3.63e-05
3913,3.63e-05
3914,3.63e-05
3915,3.63e-05
3916,3.63e-05
3917,3.63e-05
3918,3.63e-05
3919,3.63e-05
3920,3.63e-05
3921,3.63e-05
3922,3.63e-05
3923,3.63e-05
3924,3.63e-05
3925,3.63e-05
3926,3.63e-05
3927,3.63e-05
3928,3.63e-05
3929,3.63e-05
3930,3.63e-05
3931,3.63e-05
3932,3.63e-05
3933,3.63e-05
3934,3.63e-05
3935,3.63e-05
3936,3.63e-05
3937,3.63e-05
3938,3.63e-05
3939,3.63e-05
3940,3.63e-05
3941,3.63e-05
3942,3.63e-05
3943,4.26341667e-05
3944,4.54409259e-05
3945,0.000233181944
3946,0.000247165278
3947,0.000171588611
3948,0.000110999722
3949,7.23297222e-05
3950,5.06463889e-05
3951,4.81641667e-05
3952,5.02119444e-05
3953,5.70575e-05
3954,6.44941667e-05
3955,6.52030556e-05
3956,5.00086111e-05
3957,3.87034259e-05
3958,4.32369444e-05
3959,5.10413889e-05
3960,5.83425e-05
3961,6.28602778e-05
3962,6.89636111e-05
3963,3.63e-05
3964,3.63e-05
3965,3.63e-05
3966,3.63e-05
3967,3.63e-05
3968,3.63e-05
3969,3.63e-05
3970,3.63e-05
3971,3.63e-05
3972,3.63e-05
3973,3.63e-05
3974,3.63e-05
3975,3.63e-05
3976,3.63e-05
3977,3.63e-05
3978,3.63e-05
3979,3.63e-05
3980,3.63e-05
3981,3.63e-05
3982,3.63e-05
3983,3.63e-05
3984,3.63e-05
3985,3.63e-05
3986,3.63e-05
3987,3.63e-05
3988,3.63e-05
3989,3.63e-05
3990,3.63e-05
3991,3.63e-05
3992,3.63e-05
3993,3.63e-05
3994,3.63e-05
3995,3.63e-05
3996,3.63e-05
3997,3.63e-05
3998,3.63e-05
3999,3.63e-05
4000,3.63e-05
4001,3.63e-05
4002,3.63e-05
4003,3.63e-05
4004,3.63e-05
4005,3.63e-05
4006,3.63e-05
4007,3.63e-05
4008,3.63e-05
4009,3.63e-05
4010,3.63e-05
4011,3.63e-05
4012,3.63e-05
4013,3.63e-05
4014,3.63e-05
4015,3.63e-05
4016,3.63e-05
4017,3.63e-05
4018,3.63e-05
4019,3.63e-05
4020,3.63e-05
4021,3.63e-05
4022,3.63e-05
4023,3.63e-05
4024,3.63e-05
4025,3.63e-05
4026,3.63e-05
4027,3.63e-05
4028,3.63e-05
4029,3.63e-05
4030,3.63e-05
4031,3.63e-05
4032,3.63e-05
4033,3.63e-05
4034,3.63e-05
4035,3.63e-05
4036,3.63e-05
4037,3.63e-05
4038,3.63e-05
4039,3.63e-05
4040,3.63e-05
4041,3.63e-05
4042,3.63e-05
4043,3.63e-05
4044,3.63e-05
4045,3.63e-05
4046,3.63e-05
4047,3.63e-05
4048,3.63e-05
4049,3.63e-05
4050,3.63e-05
4051,3.63e-05
4052,3.63e-05
4053,3.63e-05
4054,3.63e-05
4055,3.63e-05
4056,3.63e-05
4057,3.63e-05
4058,3.63e-05
4059,3.63e-05
4060,3.63e-05
4061,3.63e-05
4062,3.63e-05
4063,3.63e-05
4064,3.63e-05
4065,3.63e-05
4066,3.63e-05
4067,3.63e-05
4068,3.63e-05
4069,3.63e-05
4070,3.63e-05
4071,3.63e-05
4072,3.63e-05
4073,3.63e-05
4074,3.63e-05
4075,3.63e-05
4076,3.63e-05
4077,3.63e-05
4078,3.63e-05
4079,3.63e-05
4080,3.63e-05
4081,3.63e-05
4082,3.63e-05
4083,3.63e-05
4084,3.63e-05
4085,3.63e-05
4086,3.63e-05
4087,3.63e-05
4088,3.63e-05
4089,3.63e-05
4090,3.63e-05
4091,3.63e-05
4092,3.63e-05
4093,3.63e-05
4094,3.63e-05
4095,3.63e-05
4096,3.63e-05
4097,3.63e-05
4098,3.63e-05
4099,3.63e-05
4100,3.63e-05
4101,3.63e-05
4102,3.63e-05
4103,3.63e-05
4104,3.63e-05
4105,3.63e-05
4106,3.63e-05
4107,3.63e-05
4108,3.63e-05
4109,3.63e-05
4110,3.63e-05
4111,3.63e-05
4112,3.63e-05
4113,3.63e-05
4114,3.63e-05
4115,3.63e-05
4116,3.63e-05
4117,3.63e-05
4118,3.63e-05
4119,3.63e-05
4120,3.63e-05
4121,3.63e-05
4122,3.63e-05
4123,3.63e-05
4124,3.63e-05
4125,3.63e-05
4126,3.63e-05
4127,3.63e-05
4128,3.63e-05
4129,3.63e-05
4130,3.63e-05
4131,3.63e-05
4132,3.63e-05
4133,3.63e-05
4134,3.63e-05
4135,3.63e-05
4136,3.63e-05
4137,3.63e-05
4138,3.63e-05
4139,3.63e-05
4140,3.63e-05
4141,3.63e-05
4142,3.63e-05
4143,3.63e-05
4144,3.63e-05
4145,3.63e-05
4146,3.63e-05
4147,3.63e-05
4148,3.63e-05
4149,3.63e-05
4150,3.63e-05
4151,3.63e-05
4152,3.63e-05
4153,3.63e-05
4154,3.63e-05
4155,3.63e-05
4156,3.63e-05
4157,3.63e-05
4158,3.63e-05
4159,3.63e-05
4160,3.63e-05
4161,3.63e-05
4162,3.63e-05
4163,3.77047222e-05
4164,4.06572222e-05
4165,0.000175248056
4166,0.000217016944
4167,0.000130848056
4168,8.46402778e-05
4169,5.44613889e-05
4170,3.94094444e-05
4171,4.34019444e-05
4172,4.13797222e-05
4173,4.20197222e-05
4174,3.77391667e-05
4175,3.90119444e-05
4176,4.24297222e-05
4177,5.43786111e-05
4178,5.89975e-05
4179,5.80563889e-05
4180,5.99841667e-05
4181,6.03930556e-05
4182,5.85675e-05
4183,3.63e-05
4184,3.63e-05
4185,3.63e-05
4186,3.63e-05
4187,3.63e-05
4188,3.63e-05
4189,3.63e-05
4190,3.63e-05
4191,3.63e-05
4192,3.63e-05
4193,3.63e-05
4194,3.63e-05
4195,3.63e-05
4196,3.63e-05
4197,3.63e-05
4198,3.63e-05
4199,3.63e-05
4200,3.63e-05
4201,3.63e-05
4202,3.63e-05
4203,3.63e-05
4204,3.63e-05
4205,3.63e-05
4206,3.63e-05
4207,3.63e-05
4208,3.63e-05
4209,3.63e-05
4210,3.63e-05
4211,3.63e-05
4212,3.63e-05
4213,3.63e-05
4214,3.63e-05
4215,3.63e-05
4216,3.63e-05
4217,3.63e-05
4218,3.63e-05
4219,3.63e-05
4220,3.63e-05
4221,3.63e-05
4222,3.63e-05
4223,3.63e-05
4224,3.63e-05
4225,3.63e-05
4226,3.63e-05
4227,3.63e-05
4228,3.63e-05
4229,3.63e-05
4230,3.63e-05
4231,3.63e-05
4232,3.63e-05
4233,3.63e-05
4234,3.63e-05
4235,3.63e-05
4236,3.63e-05
4237,3.63e-05
4238,3.63e-05
4239,3.63e-05
4240,3.63e-05
4241,3.63e-05
4242,3.63e-05
4243,3.63e-05
4244,3.63e-05
4245,3.63e-05
4246,3.63e-05
4247,3.63e-05
4248,3.63e-05
4249,3.63e-05
4250,3.63e-05
4251,3.63e-05
4252,3.63e-05
4253,3.63e-05
4254,3.63e-05
4255,3.63e-05
4256,3.63e-05
4257,3.63e-05
4258,3.63e-05
4259,3.63e-05
4260,3.63e-05
4261,3.63e-05
4262,3.63e-05
4263,3.63e-05
4264,3.63e-05
4265,3.63e-05
4266,3.63e-05
4267,3.63e-05
4268,3.63e-05
4269,3.63e-05
4270,3.63e-05
4271,3.63e-05
4272,3.63e-05
4273,3.63e-05
4274,3.63e-05
4275,3.63e-05
4276,3.63e-05
4277,3.63e-05
4278,3.63e-05
4279,3.63e-05
4280,3.63e-05
4281,3.63e-05
4282,3.63e-05
4283,3.63e-05
4284,3.63e-05
4285,3.63e-05
4286,3.63e-05
4287,3.63e-05
4288,3.63e-05
4289,3.63e-05
4290,3.63e-05
4291,3.63e-05
4292,3.63e-05
4293,3.63e-05
4294,3.63e-05
4295,3.63e-05
4296,3.63e-05
4297,3.63e-05
4298,3.63e-05
4299,3.63e-05
4300,3.63e-05
4301,3.63e-05
4302,3.63e-05
4303,3.63e-05
4304,3.63e-05
4305,3.63e-05
4306,3.63e-05
4307,3.63e-05
4308,3.63e-05
4309,3.63e-05
4310,3.63e-05
4311,3.63e-05
4312,3.63e-05
4313,3.63e-05
4314,3.63e-05
4315,3.63e-05
4316,3.63e-05
4317,3.63e-05
4318,3.63e-05
4319,3.63e-05
4320,3.63e-05
4321,3.63e-05
4322,3.63e-05
4323,3.63e-05
4324,3.63e-05
4325,3.63e-05
4326,3.63e-05
4327,3.63e-05
4328,3.63e-05
4329,3.63e-05
4330,3.63e-05
4331,3.63e-05
4332,3.63e-05
4333,3.63e-05
4334,3.63e-05
4335,3.63e-05
4336,3.63e-05
4337,3.63e-05
4338,3.63e-05
4339,3.63e-05
4340,3.63e-05
4341,3.63e-05
4342,3.63e-05
4343,3.63e-05
4344,3.63e-05
4345,3.63e-05
4346,3.63e-05
4347,3.63e-05
4348,3.63e-05
4349,3.63e-05
4350,3.63e-05
4351,3.63e-05
4352,3.63e-05
4353,3.63e-05
4354,3.63e-05
4355,3.63e-05
4356,3.63e-05
4357,3.63e-05
4358,3.63e-05
4359,3.63e-05
4360,3.63e-05
4361,3.63e-05
4362,3.63e-05
4363,3.63e-05
4364,3.63e-05
4365,3.63e-05
4366,3.63e-05
4367,3.63e-05
4368,3.63e-05
4369,3.63e-05
4370,3.63e-05
4371,3.63e-05
4372,3.63e-05
4373,3.63e-05
4374,3.63e-05
4375,3.63e-05
4376,3.63e-05
4377,3.63e-05
4378,3.63e-05
4379,3.63e-05
4380,3.63e-05
4381,3.63e-05
4382,3.63e-05
4383,4.09102778e-05
4384,5.59409259e-05
4385,0.000235546389
4386,0.000131803056
4387,5.89941667e-05
4388,4.43553704e-05
4389,5.43202778e-05
4390,5.54691667e-05
4391,5.70936111e-05
4392,5.82780556e-05
4393,5.73002778e-05
4394,5.73625e-05
4395,5.61102778e-05
4396,5.19047222e-05
4397,4.70080556e-05
4398,4.06469444e-05
4399,3.69947222e-05
4400,3.73790741e-05
4401,3.82497222e-05
4402,3.78063889e-05
4403,3.63e-05
4404,3.63e-05
4405,3.63e-05
4406,3.63e-05
4407,3.63e-05
4408,3.63e-05
4409,3.63e-05
4410,3.63e-05
4411,3.63e-05
4412,3.63e-05
4413,3.63e-05
4414,3.63e-05
4415,3.63e-05
4416,3.63e-05
4417,3.63e-05
4418,3.63e-05
4419,3.63e-05
4420,3.63e-05
4421,3.63e-05
4422,3.63e-05
4423,3.63e-05
4424,3.63e-05
4425,3.63e-05
4426,3.63e-05
4427,3.63e-05
4428,3.63e-05
4429,3.63e-05
4430,3.63e-05
4431,3.63e-05
4432,3.63e-05
4433,3.63e-05
4434,3.63e-05
4435,3.63e-05
4436,3.63e-05
4437,3.63e-05
4438,3.63e-05
4439,3.63e-05
4440,3.63e-05
4441,3.63e-05
4442,3.63e-05
4443,3.63e-05
4444,3.63e-05
4445,3.63e-05
4446,3.63e-05
4447,3.63e-05
4448,3.63e-05
4449,3.63e-05
4450,3.63e-05
4451,3.63e-05
4452,3.63e-05
4453,3.63e-05
4454,3.63e-05
4455,3.63e-05
4456,3.63e-05
4457,3.63e-05
4458,3.63e-05
4459,3.63e-05
4460,3.63e-05
4461,3.63e-05
4462,3.63e-05
4463,3.63e-05
4464,3.63e-05
4465,3.63e-05
4466,3.63e-05
4467,3.63e-05
4468,3.63e-05
4469,3.63e-05
4470,3.63e-05
4471,3.63e-05
4472,3.63e-05
4473,3.63e-05
4474,3.63e-05
4475,3.63e-05
4476,3.63e-05
4477,3.63e-05
4478,3.63e-05
4479,3.63e-05
4480,3.63e-05
4481,3.63e-05
4482,3.63e-05
4483,3.63e-05
4484,3.63e-05
4485,3.63e-05
4486,3.63e-05
4487,3.63e-05
4488,3.63e-05
4489,3.63e-05
4490,3.63e-05
4491,3.63e-05
4492,3.63e-05
4493,3.63e-05
4494,3.63e-05
4495,3.63e-05
4496,3.63e-05
4497,3.63e-05
4498,3.63e-05
4499,3.63e-05
4500,3.63e-05
4501,3.63e-05
4502,3.63e-05
4503,3.63e-05
4504,3.63e-05
4505,3.63e-05
4506,3.63e-05
4507,3.63e-05
4508,3.63e-05
4509,3.63e-05
4510,3.63e-05
4511,3.63e-05
4512,3.63e-05
4513,3.63e-05
4514,3.63e-05
4515,3.63e-05
4516,3.63e-05
4517,3.63e-05
4518,3.63e-05
4519,3.63e-05
4520,3.63e-05
4521,3.63e-05
4522,3.63e-05
4523,3.63e-05
4524,3.63e-05
4525,3.63e-05
4526,3.63e-05
4527,3.63e-05
4528,3.63e-05
4529,3.63e-05
4530,3.63e-05
4531,3.63e-05
4532,3.63e-05
4533,3.63e-05
4534,3.63e-05
4535,3.63e-05
4536,3.63e-05
4537,3.63e-05
4538,3.63e-05
4539,3.63e-05
4540,3.63e-05
4541,3.63e-05
4542,3.63e-05
4543,3.63e-05
4544,3.63e-05
4545,3.63e-05
4546,3.63e-05
4547,3.63e-05
4548,3.63e-05
4549,3.63e-05
4550,3.63e-05
4551,3.63e-05
4552,3.63e-05
4553,3.63e-05
4554,3.63e-05
4555,3.63e-05
4556,3.63e-05
4557,3.63e-05
4558,3.63e-05
4559,3.63e-05
4560,3.63e-05
4561,3.63e-05
4562,3.63e-05
4563,3.63e-05
4564,3.63e-05
4565,3.63e-05
4566,3.63e-05
4567,3.63e-05
4568,3.63e-05
4569,3.63e-05
4570,3.63e-05
4571,3.63e-05
4572,3.63e-05
4573,3.63e-05
4574,3.63e-05
4575,3.63e-05
4576,3.63e-05
4577,3.63e-05
4578,3.63e-05
4579,3.63e-05
4580,3.63e-05
4581,3.63e-05
4582,3.63e-05
4583,3.63e-05
4584,3.63e-05
4585,3.63e-05
4586,3.63e-05
4587,3.63e-05
4588,3.63e-05
4589,3.63e-05
4590,3.63e-05
4591,3.63e-05
4592,3.63e-05
4593,3.63e-05
4594,3.63e-05
4595,3.63e-05
4596,3.63e-05
4597,3.63e-05
4598,3.63e-05
4599,3.63e-05
4600,3.63e-05
4601,3.63e-05
4602,3.63e-05
4603,3.77e-05
4604,3.81572222e-05
4605,3.82077778e-05
4606,3.68922222e-05
4607,3.84416667e-05
4608,3.75477778e-05
4609,3.88016667e-05
4610,3.93794444e-05
4611,4.09238889e-05
4612,4.33594444e-05
4613,3.9975e-05
4614,3.87005556e-05
4615,3.9615e-05
4616,3.73527778e-05
4617,3.76938889e-05
4618,3.80016667e-05
4619,3.7435e-05
4620,3.79988889e-05
4621,4.04194444e-05
4622,3.86461111e-05
4623,3.63e-05
4624,3.63e-05
4625,3.63e-05
4626,3.63e-05
4627,3.63e-05
4628,3.63e-05
4629,3.63e-05
4630,3.63e-05
4631,3.63e-05
4632,3.63e-05
4633,3.63e-05
4634,3.63e-05
4635,3.63e-05
4636,3.63e-05
4637,3.63e-05
4638,3.63e-05
4639,3.63e-05
4640,3.63e-05
4641,3.63e-05
4642,3.63e-05
4643,3.63e-05
4644,3.63e-05
4645,3.63e-05
4646,3.63e-05
4647,3.63e-05
4648,3.63e-05
4649,3.63e-05
4650,3.63e-05
4651,3.63e-05
4652,3.63e-05
4653,3.63e-05
4654,3.63e-05
4655,3.63e-05
4656,3.63e-05
4657,3.63e-05
4658,3.63e-05
4659,3.63e-05
4660,3.63e-05
4661,3.63e-05
4662,3.63e-05
4663,3.63e-05
4664,3.63e-05
4665,3.63e-05
4666,3.63e-05
4667,3.63e-05
4668,3.63e-05
4669,3.63e-05
4670,3.63e-05
4671,3.63e-05
4672,3.63e-05
4673,3.63e-05
4674,3.63e-05
4675,3.63e-05
4676,3.63e-05
4677,3.63e-05
4678,3.63e-05
4679,3.63e-05
4680,3.63e-05
4681,3.63e-05
4682,3.63e-05
4683,3.63e-05
4684,3.63e-05
4685,3.63e-05
4686,3.63e-05
4687,3.63e-05
4688,3.63e-05
4689,3.63e-05
4690,3.63e-05
4691,3.63e-05
4692,3.63e-05
4693,3.63e-05
4694,3.63e-05
4695,3.63e-05
4696,3.63e-05
4697,3.63e-05
4698,3.63e-05
4699,3.63e-05
4700,3.63e-05
4701,3.63e-05
4702,3.63e-05
4703,3.63e-05
4704,3.63e-05
4705,3.63e-05
4706,3.63e-05
4707,3.63e-05
4708,3.63e-05
4709,3.63e-05
4710,3.63e-05
4711,3.63e-05
4712,3.63e-05
4713,3.63e-05
4714,3.63e-05
4715,3.63e-05
4716,3.63e-05
4717,3.63e-05
4718,3.63e-05
4719,3.63e-05
4720,3.63e-05
4721,3.63e-05
4722,3.63e-05
4723,3.63e-05
4724,3.63e-05
4725,3.63e-05
4726,3.63e-05
4727,3.63e-05
4728,3.63e-05
4729,3.63e-05
4730,3.63e-05
4731,3.63e-05
4732,3.63e-05
4733,3.63e-05
4734,3.63e-05
4735,3.63e-05
4736,3.63e-05
4737,3.63e-05
4738,3.63e-05
4739,3.63e-05
4740,3.63e-05
4741,3.63e-05
4742,3.63e-05
4743,3.63e-05
4744,3.63e-05
4745,3.63e-05
4746,3.63e-05
4747,3.63e-05
4748,3.63e-05
4749,3.63e-05
4750,3.63e-05
4751,3.63e-05
4752,3.63e-05
4753,3.63e-05
4754,3.63e-05
4755,3.63e-05
4756,3.63e-05
4757,3.63e-05
4758,3.63e-05
4759,3.63e-05
4760,3.63e-05
4761,3.63e-05
4762,3.63e-05
4763,3.63e-05
4764,3.63e-05
4765,3.63e-05
4766,3.63e-05
4767,3.63e-05
4768,3.63e-05
4769,3.63e-05
4770,3.63e-05
4771,3.63e-05
4772,3.63e-05
4773,3.63e-05
4774,3.63e-05
4775,3.63e-05
4776,3.63e-05
4777,3.63e-05
4778,3.63e-05
4779,3.63e-05
4780,3.63e-05
4781,3.63e-05
4782,3.63e-05
4783,3.63e-05
4784,3.63e-05
4785,3.63e-05
4786,3.63e-05
4787,3.63e-05
4788,3.63e-05
4789,3.63e-05
4790,3.63e-05
4791,3.63e-05
4792,3.63e-05
4793,3.63e-05
4794,3.63e-05
4795,3.63e-05
4796,3.63e-05
4797,3.63e-05
4798,3.63e-05
4799,3.63e-05
4800,3.63e-05
4801,3.63e-05
4802,3.63e-05
4803,3.63e-05
4804,3.63e-05
4805,3.63e-05
4806,3.63e-05
4807,3.63e-05
4808,3.63e-05
4809,3.63e-05
4810,3.63e-05
4811,3.63e-05
4812,3.63e-05
4813,3.63e-05
4814,3.63e-05
4815,3.63e-05
4816,3.63e-05
4817,3.63e-05
4818,3.63e-05
4819,3.63e-05
4820,3.63e-05
4821,3.63e-05
4822,3.63e-05
4823,4.09102778e-05
4824,5.59409259e-05
4825,0.000235546389
4826,0.000131803056
4827,5.89941667e-05
4828,4.43553704e-05
4829,5.43202778e-05
4830,5.54691667e-05
4831,5.70936111e-05
4832,5.82780556e-05
4833,5.73002778e-05
4834,5.73625e-05
4835,5.61102778e-05
4836,5.19047222e-05
4837,4.70080556e-05
4838,4.06469444e-05
4839,3.69947222e-05
4840,3.73790741e-05
4841,3.82497222e-05
4842,3.78063889e-05
4843,3.63e-05
4844,3.63e-05
4845,3.63e-05
4846,3.63e-05
4847,3.63e-05
4848,3.63e-05
4849,3.63e-05
4850,3.63e-05
4851,3.63e-05
4852,3.63e-05
4853,3.63e-05
4854,3.63e-05
4855,3.63e-05
4856,3.63e-05
4857,3.63e-05
4858,3.63e-05
4859,3.63e-05
4860,3.63e-05
4861,3.63e-05
4862,3.63e-05
4863,3.63e-05
4864,3.63e-05
4865,3.63e-05
4866,3.63e-05
4867,3.63e-05
4868,3.63e-05
4869,3.63e-05
4870,3.63e-05
4871,3.63e-05
4872,3.63e-05
4873,3.63e-05
4874,3.63e-05
4875,3.63e-05
4876,3.63e-05
4877,3.63e-05
4878,3.63e-05
4879,3.63e-05
4880,3.63e-05
4881,3.63e-05
4882,3.63e-05
4883,3.63e-05
4884,3.63e-05
4885,3.63e-05
4886,3.63e-05
4887,3.63e-05
4888,3.63e-05
4889,3.63e-05
4890,3.63e-05
4891,3.63e-05
4892,3.63e-05
4893,3.63e-05
4894,3.63e-05
4895,3.63e-05
4896,3.63e-05
4897,3.63e-05
4898,3.63e-05
4899,3.63e-05
4900,3.63e-05
4901,3.63e-05
4902,3.63e-05
4903,3.63e-05
4904,3.63e-05
4905,3.63e-05
4906,3.63e-05
4907,3.63e-05
4908,3.63e-05
4909,3.63e-05
4910,3.63e-05
4911,3.63e-05
4912,3.63e-05
4913,3.63e-05
4914,3.63e-05
4915,3.63e-05
4916,3.63e-05
4917,3.63e-05
4918,3.63e-05
4919,3.63e-05
4920,3.63e-05
4921,3.63e-05
4922,3.63e-05
4923,3.63e-05
4924,3.63e-05
4925,3.63e-05
4926,3.63e-05
4927,3.63e-05
4928,3.63e-05
4929,3.63e-05
4930,3.63e-05
4931,3.63e-05
4932,3.63e-05
4933,3.63e-05
4934,3.63e-05
4935,3.63e-05
4936,3.63e-05
4937,3.63e-05
4938,3.63e-05
4939,3.63e-05
4940,3.63e-05
4941,3.63e-05
4942,3.63e-05
4943,3.63e-05
4944,3.63e-05
4945,3.63e-05
4946,3.63e-05
4947,3.63e-05
4948,3.63e-05
4949,3.63e-05
4950,3.63e-05
4951,3.63e-05
4952,3.63e-05
4953,3.63e-05
4954,3.63e-05
4955,3.63e-05
4956,3.63e-05
4957,3.63e-05
4958,3.63e-05
4959,3.63e-05
4960,3.63e-05
4961,3.63e-05
4962,3.63e-05
4963,3.63e-05
4964,3.63e-05
4965,3.63e-05
4966,3.63e-05
4967,3.63e-05
4968,3.63e-05
4969,3.63e-05
4970,3.63e-05
4971,3.63e-05
4972,3.63e-05
4973,3.63e-05
4974,3.63e-05
4975,3.63e-05
4976,3.63e-05
4977,3.63e-05
4978,3.63e-05
4979,3.63e-05
4980,3.63e-05
4981,3.63e-05
4982,3.63e-05
4983,3.63e-05
4984,3.63e-05
4985,3.63e-05
4986,3.63e-05
4987,3.63e-05
4988,3.63e-05
4989,3.63e-05
4990,3.63e-05
4991,3.63e-05
4992,3.63e-05
4993,3.63e-05
4994,3.63e-05
4995,3.63e-05
4996,3.63e-05
4997,3.63e-05
4998,3.63e-05
4999,3.63e-05
5000,3.63e-05
5001,3.63e-05
5002,3.63e-05
5003,3.63e-05
5004,3.63e-05
5005,3.63e-05
5006,3.63e-05
5007,3.63e-05
5008,3.63e-05
5009,3.63e-05
5010,3.63e-05
5011,3.63e-05
5012,3.63e-05
5013,3.63e-05
5014,3.63e-05
5015,3.63e-05
5016,3.63e-05
5017,3.63e-05
5018,3.63e-05
5019,3.63e-05
5020,3.63e-05
5021,3.63e-05
5022,3.63e-05
5023,3.63e-05
5024,3.63e-05
5025,3.63e-05
5026,3.63e-05
5027,3.63e-05
5028,3.63e-05
5029,3.63e-05
5030,3.63e-05
5031,3.63e-05
5032,3.63e-05
5033,3.63e-05
5034,3.63e-05
5035,3.63e-05
5036,3.63e-05
5037,3.63e-05
5038,3.63e-05
5039,3.63e-05
5040,3.63e-05
5041,3.63e-05
5042,3.63e-05
5043,3.69669444e-05
5044,5.10158333e-05
5045,0.000268876389
5046,0.000258630833
5047,0.0001824375
5048,0.000111803056
5049,5.83363889e-05
5050,4.14072222e-05
5051,4.65547222e-05
5052,3.98775e-05
5053,4.55508333e-05
5054,5.32941667e-05
5055,5.18319444e-05
5056,4.42430556e-05
5057,3.73230556e-05
5058,3.78022222e-05
5059,4.03969444e-05
5060,4.38936111e-05
5061,4.54480556e-05
5062,4.54980556e-05
5063,3.63e-05
5064,3.63e-05
5065,3.63e-05
5066,3.63e-05
5067,3.63e-05
5068,3.63e-05
5069,3.63e-05
5070,3.63e-05
5071,3.63e-05
5072,3.63e-05
5073,3.63e-05
5074,3.63e-05
5075,3.63e-05
5076,3.63e-05
5077,3.63e-05
5078,3.63e-05
5079,3.63e-05
5080,3.63e-05
5081,3.63e-05
5082,3.63e-05
5083,3.63e-05
5084,3.63e-05
5085,3.63e-05
5086,3.63e-05
5087,3.63e-05
5088,3.63e-05
5089,3.63e-05
5090,3.63e-05
5091,3.63e-05
5092,3.63e-05
5093,3.63e-05
5094,3.63e-05
5095,3.63e-05
5096,3.63e-05
5097,3.63e-05
5098,3.63e-05
5099,3.63e-05
5100,3.63e-05
5101,3.63e-05
5102,3.63e-05
5103,3.63e-05
5104,3.63e-05
5105,3.63e-05
5106,3.63e-05
5107,3.63e-05
5108,3.63e-05
5109,3.63e-05
5110,3.63e-05
5111,3.63e-05
5112,3.63e-05
5113,3.63e-05
5114,3.63e-05
5115,3.63e-05
5116,3.63e-05
5117,3.63e-05
5118,3.63e-05
5119,3.63e-05
5120,3.63e-05
5121,3.63e-05
5122,3.63e-05
5123,3.63e-05
5124,3.63e-05
5125,3.63e-05
5126,3.63e-05
5127,3.63e-05
5128,3.63e-05
5129,3.63e-05
5130,3.63e-05
5131,3.63e-05
5132,3.63e-05
5133,3.63e-05
5134,3.63e-05
5135,3.63e-05
5136,3.63e-05
5137,3.63e-05
5138,3.63e-05
5139,3.63e-05
5140,3.63e-05
5141,3.63e-05
5142,3.63e-05
5143,3.63e-05
5144,3.63e-05
5145,3.63e-05
5146,3.63e-05
5147,3.63e-05
5148,3.63e-05
5149,3.63e-05
5150,3.63e-05
5151,3.63e-05
5152,3.63e-05
5153,3.63e-05
5154,3.63e-05
5155,3.63e-05
5156,3.63e-05
5157,3.63e-05
5158,3.63e-05
5159,3.63e-05
5160,3.63e-05
5161,3.63e-05
5162,3.63e-05
5163,3.63e-05
5164,3.63e-05
5165,3.63e-05
5166,3.63e-05
5167,3.63e-05
5168,3.63e-05
5169,3.63e-05
5170,3.63e-05
5171,3.63e-05
5172,3.63e-05
5173,3.63e-05
5174,3.63e-05
5175,3.63e-05
5176,3.63e-05
5177,3.63e-05
5178,3.63e-05
5179,3.63e-05
5180,3.63e-05
5181,3.63e-05
5182,3.63e-05
5183,3.63e-05
5184,3.63e-05
5185,3.63e-05
5186,3.63e-05
5187,3.63e-05
5188,3.63e-05
5189,3.63e-05
5190,3.63e-05
5191,3.63e-05
5192,3.63e-05
5193,3.63e-05
5194,3.63e-05
5195,3.63e-05
5196,3.63e-05
5197,3.63e-05
5198,3.63e-05
5199,3.63e-05
5200,3.63e-05
5201,3.63e-05
5202,3.63e-05
5203,3.63e-05
5204,3.63e-05
5205,3.63e-05
5206,3.63e-05
5207,3.63e-05
5208,3.63e-05
5209,3.63e-05
5210,3.63e-05
5211,3.63e-05
5212,3.63e-05
5213,3.63e-05
5214,3.63e-05
5215,3.63e-05
5216,3.63e-05
5217,3.63e-05
5218,3.63e-05
5219,3.63e-05
5220,3.63e-05
5221,3.63e-05
5222,3.63e-05
5223,3.63e-05
5224,3.63e-05
5225,3.63e-05
5226,3.63e-05
5227,3.63e-05
5228,3.63e-05
5229,3.63e-05
5230,3.63e-05
5231,3.63e-05
5232,3.63e-05
5233,3.63e-05
5234,3.63e-05
5235,3.63e-05
5236,3.63e-05
5237,3.63e-05
5238,3.63e-05
5239,3.63e-05
5240,3.63e-05
5241,3.63e-05
5242,3.63e-05
5243,3.63e-05
5244,3.63e-05
5245,3.63e-05
5246,3.63e-05
5247,3.63e-05
5248,3.63e-05
5249,3.63e-05
5250,3.63e-05
5251,3.63e-05
5252,3.63e-05
5253,3.63e-05
5254,3.63e-05
5255,3.63e-05
5256,3.63e-05
5257,3.63e-05
5258,3.63e-05
5259,3.63e-05
5260,3.63e-05
5261,3.63e-05
5262,3.63e-05
5263,4.26341667e-05
5264,4.54409259e-05
5265,0.000233181944
5266,0.000247165278
5267,0.000171588611
5268,0.000110999722
5269,7.23297222e-05
5270,5.06463889e-05
5271,4.81641667e-05
5272,5.02119444e-05
5273,5.70575e-05
5274,6.44941667e-05
5275,6.52030556e-05
5276,5.00086111e-05
5277,3.87034259e-05
5278,4.32369444e-05
5279,5.10413889e-05
5280,5.83425e-05
5281,6.28602778e-05
5282,6.89636111e-05
5283,3.63e-05
5284,3.63e-05
5285,3.63e-05
5286,3.63e-05
5287,3.63e-05
5288,3.63e-05
5289,3.63e-05
5290,3.63e-05
5291,3.63e-05
5292,3.63e-05
5293,3.63e-05
5294,3.63e-05
5295,3.63e-05
5296,3.63e-05
5297,3.63e-05
5298,3.63e-05
5299,3.63e-05
5300,3.63e-05
5301,3.63e-05
5302,3.63e-05
5303,3.63e-05
5304,3.63e-05
5305,3.63e-05
5306,3.63e-05
5307,3.63e-05
5308,3.63e-05
5309,3.63e-05
5310,3.63e-05
5311,3.63e-05
5312,3.63e-05
5313,3.63e-05
5314,3.63e-05
5315,3.63e-05
5316,3.63e-05
5317,3.63e-05
5318,3.63e-05
5319,3.63e-05
5320,3.63e-05
5321,3.63e-05
5322,3.63e-05
5323,3.63e-05
5324,3.63e-05
5325,3.63e-05
5326,3.63e-05
5327,3.63e-05
5328,3.63e-05
5329,3.63e-05
5330,3.63e-05
5331,3.63e-05
5332,3.63e-05
5333,3.63e-05
5334,3.63e-05
5335,3.63e-05
5336,3.63e-05
5337,3.63e-05
5338,3.63e-05
5339,3.63e-05
5340,3.63e-05
5341,3.63e-05
5342,3.63e-05
5343,3.63e-05
5344,3.63e-05
5345,3.63e-05
5346,3.63e-05
5347,3.63e-05
5348,3.63e-05
5349,3.63e-05
5350,3.63e-05
5351,3.63e-05
5352,3.63e-05
5353,3.63e-05
5354,3.63e-05
5355,3.63e-05
5356,3.63e-05
5357,3.63e-05
5358,3.63e-05
5359,3.63e-05
5360,3.63e-05
5361,3.63e-05
5362,3.63e-05
5363,3.63e-05
5364,3.63e-05
5365,3.63e-05
5366,3.63e-05
5367,3.63e-05
5368,3.63e-05
5369,3.63e-05
5370,3.63e-05
5371,3.63e-05
5372,3.63e-05
5373,3.63e-05
5374,3.63e-05
5375,3.63e-05
5376,3.63e-05
5377,3.63e-05
5378,3.63e-05
5379,3.63e-05
5380,3.63e-05
5381,3.63e-05
5382,3.63e-05
5383,3.63e-05
5384,3.63e-05
5385,3.63e-05
5386,3.63e-05
5387,3.63e-05
5388,3.63e-05
5389,3.63e-05
5390,3.63e-05
5391,3.63e-05
5392,3.63e-05
5393,3.63e-05
5394,3.63e-05
5395,3.63e-05
5396,3.63e-05
5397,3.63e-05
5398,3.63e-05
5399,3.63e-05
5400,3.63e-05
5401,3.63e-05
5402,3.63e-05
5403,3.63e-05
5404,3.63e-05
5405,3.63e-05
5406,3.63e-05
5407,3.63e-05
5408,3.63e-05
5409,3.63e-05
5410,3.63e-05
5411,3.63e-05
5412,3.63e-05
5413,3.63e-05
5414,3.63e-05
5415,3.63e-05
5416,3.63e-05
5417,3.63e-05
5418,3.63e-05
5419,3.63e-05
5420,3.63e-05
5421,3.63e-05
5422,3.63e-05
5423,3.63e-05
5424,3.63e-05
5425,3.63e-05
5426,3.63e-05
5427,3.63e-05
5428,3.63e-05
5429,3.63e-05
5430,3.63e-05
5431,3.63e-05
5432,3.63e-05
5433,3.63e-05
5434,3.63e-05
5435,3.63e-05
5436,3.63e-05
5437,3.63e-05
5438,3.63e-05
5439,3.63e-05
5440,3.63e-05
5441,3.63e-05
5442,3.63e-05
5443,3.63e-05
5444,3.63e-05
5445,3.63e-05
5446,3.63e-05
5447,3.63e-05
5448,3.63e-05
5449,3.63e-05
5450,3.63e-05
5451,3.63e-05
5452,3.63e-05
5453,3.63e-05
5454,3.63e-05
5455,3.63e-05
5456,3.63e-05
5457,3.63e-05
5458,3.63e-05
5459,3.63e-05
5460,3.63e-05
5461,3.63e-05
5462,3.63e-05
5463,3.63e-05
5464,3.63e-05
5465,3.63e-05
5466,3.63e-05
5467,3.63e-05
5468,3.63e-05
5469,3.63e-05
5470,3.63e-05
5471,3.63e-05
5472,3.63e-05
5473,3.63e-05
5474,3.63e-05
5475,3.63e-05
5476,3.63e-05
5477,3.63e-05
5478,3.63e-05
5479,3.63e-05
5480,3.63e-05
5481,3.63e-05
5482,3.63e-05
5483,3.77047222e-05
5484,4.06572222e-05
5485,0.000175248056
5486,0.000217016944
5487,0.000130848056
5488,8.46402778e-05
5489,5.44613889e-05
5490,3.94094444e-05
5491,4.34019444e-05
5492,4.13797222e-05
5493,4.20197222e-05
5494,3.77391667e-05
5495,3.90119444e-05
5496,4.24297222e-05
5497,5.43786111e-05
5498,5.89975e-05
5499,5.80563889e-05
5500,5.99841667e-05
5501,6.03930556e-05
5502,5.85675e-05
5503,3.63e-05
5504,3.63e-05
5505,3.63e-05
5506,3.63e-05
5507,3.63e-05
5508,3.63e-05
5509,3.63e-05
5510,3.63e-05
5511,3.63e-05
5512,3.63e-05
5513,3.63e-05
5514,3.63e-05
5515,3.63e-05
5516,3.63e-05
5517,3.63e-05
5518,3.63e-05
5519,3.63e-05
5520,3.63e-05
5521,3.63e-05
5522,3.63e-05
5523,3.63e-05
5524,3.63e-05
5525,3.63e-05
5526,3.63e-05
5527,3.63e-05
5528,3.63e-05
5529,3.63e-05
5530,3.63e-05
5531,3.63e-05
5532,3.63e-05
5533,3.63e-05
5534,3.63e-05
5535,3.63e-05
5536,3.63e-05
5537,3.63e-05
5538,3.63e-05
5539,3.63e-05
5540,3.63e-05
5541,3.63e-05
5542,3.63e-05
5543,3.63e-05
5544,3.63e-05
5545,3.63e-05
5546,3.63e-05
5547,3.63e-05
5548,3.63e-05
5549,3.63e-05
5550,3.63e-05
5551,3.63e-05
5552,3.63e-05
5553,3.63e-05
5554,3.63e-05
5555,3.63e-05
5556,3.63e-05
5557,3.63e-05
5558,3.63e-05
5559,3.63e-05
5560,3.63e-05
5561,3.63e-05
5562,3.63e-05
5563,3.63e-05
5564,3.63e-05
5565,3.63e-05
5566,3.63e-05
5567,3.63e-05
5568,3.63e-05
5569,3.63e-05
5570,3.63e-05
5571,3.63e-05
5572,3.63e-05
5573,3.63e-05
5574,3.63e-05
5575,3.63e-05
5576,3.63e-05
5577,3.63e-05
5578,3.63e-05
5579,3.63e-05
5580,3.63e-05
5581,3.63e-05
5582,3.63e-05
5583,3.63e-05
5584,3.63e-05
5585,3.63e-05
5586,3.63e-05
5587,3.63e-05
5588,3.63e-05
5589,3.63e-05
5590,3.63e-05
5591,3.63e-05
5592,3.63e-05
5593,3.63e-05
5594,3.63e-05
5595,3.63e-05
5596,3.63e-05
5597,3.63e-05
5598,3.63e-05
5599,3.63e-05
5600,3.63e-05
5601,3.63e-05
5602,3.63e-05
5603,3.63e-05
5604,3.63e-05
5605,3.63e-05
5606,3.63e-05
5607,3.63e-05
5608,3.63e-05
5609,3.63e-05
5610,3.63e-05
5611,3.63e-05
5612,3.63e-05
5613,3.63e-05
5614,3.63e-05
5615,3.63e-05
5616,3.63e-05
5617,3.63e-05
5618,3.63e-05
5619,3.63e-05
5620,3.63e-05
5621,3.63e-05
5622,3.63e-05
5623,3.63e-05
5624,3.63e-05
5625,3.63e-05
5626,3.63e-05
5627,3.63e-05
5628,3.63e-05
5629,3.63e-05
5630,3.63e-05
5631,3.63e-05
5632,3.63e-05
5633,3.63e-05
5634,3.63e-05
5635,3.63e-05
5636,3.63e-05
5637,3.63e-05
5638,3.63e-05
5639,3.63e-05
5640,3.63e-05
5641,3.63e-05
5642,3.63e-05
5643,3.63e-05
5644,3.63e-05
5645,3.63e-05
5646,3.63e-05
5647,3.63e-05
5648,3.63e-05
5649,3.63e-05
5650,3.63e-05
5651,3.63e-05
5652,3.63e-05
5653,3.63e-05
5654,3.63e-05
5655,3.63e-05
5656,3.63e-05
5657,3.63e-05
5658,3.63e-05
5659,3.63e-05
5660,3.63e-05
5661,3.63e-05
5662,3.63e-05
5663,3.63e-05
5664,3.63e-05
5665,3.63e-05
5666,3.63e-05
5667,3.63e-05
5668,3.63e-05
5669,3.63e-05
5670,3.63e-05
5671,3.63e-05
5672,3.63e-05
5673,3.63e-05
5674,3.63e-05
5675,3.63e-05
5676,3.63e-05
5677,3.63e-05
5678,3.63e-05
5679,3.63e-05
5680,3.63e-05
5681,3.63e-05
5682,3.63e-05
5683,3.63e-05
5684,3.63e-05
5685,3.63e-05
5686,3.63e-05
5687,3.63e-05
5688,3.63e-05
5689,3.63e-05
5690,3.63e-05
5691,3.63e-05
5692,3.63e-05
5693,3.63e-05
5694,3.63e-05
5695,3.63e-05
5696,3.63e-05
5697,3.63e-05
5698,3.63e-05
5699,3.63e-05
5700,3.63e-05
5701,3.63e-05
5702,3.63e-05
5703,3.77e-05
5704,3.81572222e-05
5705,3.82077778e-05
5706,3.68922222e-05
5707,3.84416667e-05
5708,3.75477778e-05
5709,3.88016667e-05
5710,3.93794444e-05
5711,4.09238889e-05
5712,4.33594444e-05
5713,3.9975e-05
5714,3.87005556e-05
5715,3.9615e-05
5716,3.73527778e-05
5717,3.76938889e-05
5718,3.80016667e-05
5719,3.7435e-05
5720,3.79988889e-05
5721,4.04194444e-05
5722,3.86461111e-05
5723,3.63e-05
5724,3.63e-05
5725,3.63e-05
5726,3.63e-05
5727,3.63e-05
5728,3.63e-05
5729,3.63e-05
5730,3.63e-05
5731,3.63e-05
5732,3.63e-05
5733,3.63e-05
5734,3.63e-05
5735,3.63e-05
5736,3.63e-05
5737,3.63e-05
5738,3.63e-05
5739,3.63e-05
5740,3.63e-05
5741,3.63e-05
5742,3.63e-05
5743,3.63e-05
5744,3.63e-05
5745,3.63e-05
5746,3.63e-05
5747,3.63e-05
5748,3.63e-05
5749,3.63e-05
5750,3.63e-05
5751,3.63e-05
5752,3.63e-05
5753,3.63e-05
5754,3.63e-05
5755,3.63e-05
5756,3.63e-05
5757,3.63e-05
5758,3.63e-05
5759,3.63e-05
5760,3.63e-05
5761,3.63e-05
5762,3.63e-05
5763,3.63e-05
5764,3.63e-05
5765,3.63e-05
5766,3.63e-05
5767,3.63e-05
5768,3.63e-05
5769,3.63e-05
5770,3.63e-05
5771,3.63e-05
5772,3.63e-05
5773,3.63e-05
5774,3.63e-05
5775,3.63e-05
5776,3.63e-05
5777,3.63e-05
5778,3.63e-05
5779,3.63e-05
5780,3.63e-05
5781,3.63e-05
5782,3.63e-05
5783,3.63e-05
5784,3.63e-05
5785,3.63e-05
5786,3.63e-05
5787,3.63e-05
5788,3.63e-05
5789,3.63e-05
5790,3.63e-05
5791,3.63e-05
5792,3.63e-05
5793,3.63e-05
5794,3.63e-05
5795,3.63e-05
5796,3.63e-05
5797,3.63e-05
5798,3.63e-05
5799,3.63e-05
5800,3.63e-05
5801,3.63e-05
5802,3.63e-05
5803,3.63e-05
5804,3.63e-05
5805,3.63e-05
5806,3.63e-05
5807,3.63e-05
5808,3.63e-05
5809,3.63e-05
5810,3.63e-05
5811,3.63e-05
5812,3.63e-05
5813,3.63e-05
5814,3.63e-05
5815,3.63e-05
5816,3.63e-05
5817,3.63e-05
5818,3.63e-05
5819,3.63e-05
5820,3.63e-05
5821,3.63e-05
5822,3.63e-05
5823,3.63e-05
5824,3.63e-05
5825,3.63e-05
5826,3.63e-05
5827,3.63e-05
5828,3.63e-05
5829,3.63e-05
5830,3.63e-05
5831,3.63e-05
5832,3.63e-05
5833,3.63e-05
5834,3.63e-05
5835,3.63e-05
5836,3.63e-05
5837,3.63e-05
5838,3.63e-05
5839,3.63e-05
5840,3.63e-05
5841,3.63e-05
5842,3.63e-05
5843,3.63e-05
5844,3.63e-05
5845,3.63e-05
5846,3.63e-05
5847,3.63e-05
5848,3.63e-05
5849,3.63e-05
5850,3.63e-05
5851,3.63e-05
5852,3.63e-05
5853,3.63e-05
5854,3.63e-05
5855,3.63e-05
5856,3.63e-05
5857,3.63e-05
5858,3.63e-05
5859,3.63e-05
5860,3.63e-05
5861,3.63e-05
5862,3.63e-05
5863,3.63e-05
5864,3.63e-05
5865,3.63e-05
5866,3.63e-05
5867,3.63e-05
5868,3.63e-05
5869,3.63e-05
5870,3.63e-05
5871,3.63e-05
5872,3.63e-05
5873,3.63e-05
5874,3.63e-05
5875,3.63e-05
5876,3.63e-05
5877,3.63e-05
5878,3.63e-05
5879,3.63e-05
5880,3.63e-05
5881,3.63e-05
5882,3.63e-05
5883,3.63e-05
5884,3.63e-05
5885,3.63e-05
5886,3.63e-05
5887,3.63e-05
5888,3.63e-05
5889,3.63e-05
5890,3.63e-05
5891,3.63e-05
5892,3.63e-05
5893,3.63e-05
5894,3.63e-05
5895,3.63e-05
5896,3.63e-05
5897,3.63e-05
5898,3.63e-05
5899,3.63e-05
5900,3.63e-05
5901,3.63e-05
5902,3.63e-05
5903,3.63e-05
5904,3.63e-05
5905,3.63e-05
5906,3.63e-05
5907,3.63e-05
5908,3.63e-05
5909,3.63e-05
5910,3.63e-05
5911,3.63e-05
5912,3.63e-05
5913,3.63e-05
5914,3.63e-05
5915,3.63e-05
5916,3.63e-05
5917,3.63e-05
5918,3.63e-05
5919,3.63e-05
5920,3.63e-05
5921,3.63e-05
5922,3.63e-05
5923,4.09102778e-05
5924,5.59409259e-05
5925,0.000235546389
5926,0.000131803056
5927,5.89941667e-05
5928,4.43553704e-05
5929,5.43202778e-05
5930,5.54691667e-05
5931,5.70936111e-05
5932,5.82780556e-05
5933,5.73002778e-05
5934,5.73625e-05
5935,5.61102778e-05
5936,5.19047222e-05
5937,4.70080556e-05
5938,4.06469444e-05
5939,3.69947222e-05
5940,3.73790741e-05
5941,3.82497222e-05
5942,3.78063889e-05
5943,3.63e-05
5944,3.63e-05
5945,3.63e-05
5946,3.63e-05
5947,3.63e-05
5948,3.63e-05
5949,3.63e-05
5950,3.63e-05
5951,3.63e-05
5952,3.63e-05
5953,3.63e-05
5954,3.63e-05
5955,3.63e-05
5956,3.63e-05
5957,3.63e-05
5958,3.63e-05
5959,3.63e-05
5960,3.63e-05
5961,3.63e-05
5962,3.63e-05
5963,3.63e-05
5964,3.63e-05
5965,3.63e-05
5966,3.63e-05
5967,3.63e-05
5968,3.63e-05
5969,3.63e-05
5970,3.63e-05
5971,3.63e-05
5972,3.63e-05
5973,3.63e-05
5974,3.63e-05
5975,3.63e-05
5976,3.63e-05
5977,3.63e-05
5978,3.63e-05
5979,3.63e-05
5980,3.63e-05
5981,3.63e-05
5982,3.63e-05
5983,3.63e-05
5984,3.63e-05
5985,3.63e-05
5986,3.63e-05
5987,3.63e-05
5988,3.63e-05
5989,3.63e-05
5990,3.63e-05
5991,3.63e-05
5992,3.63e-05
5993,3.63e-05
5994,3.63e-05
5995,3.63e-05
5996,3.63e-05
5997,3.63e-05
5998,3.63e-05
5999,3.63e-05
6000,3.63e-05
6001,3.63e-05
6002,3.63e-05
6003,3.63e-05
6004,3.63e-05
6005,3.63e-05
6006,3.63e-05
6007,3.63e-05
6008,3.63e-05
6009,3.63e-05
6010,3.63e-05
6011,3.63e-05
6012,3.63e-05
6013,3.63e-05
6014,3.63e-05
6015,3.63e-05
6016,3.63e-05
6017,3.63e-05
6018,3.63e-05
6019,3.63e-05
6020,3.63e-05
6021,3.63e-05
6022,3.63e-05
6023,3.63e-05
6024,3.63e-05
6025,3.63e-05
6026,3.63e-05
6027,3.63e-05
6028,3.63e-05
6029,3.63e-05
6030,3.63e-05
6031,3.63e-05
6032,3.63e-05
6033,3.63e-05
6034,3.63e-05
6035,3.63e-05
6036,3.63e-05
6037,3.63e-05
6038,3.63e-05
6039,3.63e-05
6040,3.63e-05
6041,3.63e-05
6042,3.63e-05
6043,3.63e-05
6044,3.63e-05
6045,3.63e-05
6046,3.63e-05
6047,3.63e-05
6048,3.63e-05
6049,3.63e-05
6050,3.63e-05
6051,3.63e-05
6052,3.63e-05
6053,3.63e-05
6054,3.63e-05
6055,3.63e-05
6056,3.63e-05
6057,3.63e-05
6058,3.63e-05
6059,3.63e-05
6060,3.63e-05
6061,3.63e-05
6062,3.63e-05
6063,3.63e-05
6064,3.63e-05
6065,3.63e-05
6066,3.63e-05
6067,3.63e-05
6068,3.63e-05
6069,3.63e-05
6070,3.63e-05
6071,3.63e-05
6072,3.63e-05
6073,3.63e-05
6074,3.63e-05
6075,3.63e-05
6076,3.63e-05
6077,3.63e-05
6078,3.63e-05
6079,3.63e-05
6080,3.63e-05
6081,3.63e-05
6082,3.63e-05
6083,3.63e-05
6084,3.63e-05
6085,3.63e-05
6086,3.63e-05
6087,3.63e-05
6088,3.63e-05
6089,3.63e-05
6090,3.63e-05
6091,3.63e-05
6092,3.63e-05
6093,3.63e-05
6094,3.63e-05
6095,3.63e-05
6096,3.63e-05
6097,3.63e-05
6098,3.63e-05
6099,3.63e-05
6100,3.63e-05
6101,3.63e-05
6102,3.63e-05
6103,3.63e-05
6104,3.63e-05
6105,3.63e-05
6106,3.63e-05
6107,3.63e-05
6108,3.63e-05
6109,3.63e-05
6110,3.63e-05
6111,3.63e-05
6112,3.63e-05
6113,3.63e-05
6114,3.63e-05
6115,3.63e-05
6116,3.63e-05
6117,3.63e-05
6118,3.63e-05
6119,3.63e-05
6120,3.63e-05
6121,3.63e-05
6122,3.63e-05
6123,3.63e-05
6124,3.63e-05
6125,3.63e-05
6126,3.63e-05
6127,3.63e-05
6128,3.63e-05
6129,3.63e-05
6130,3.63e-05
6131,3.63e-05
6132,3.63e-05
6133,3.63e-05
6134,3.63e-05
6135,3.63e-05
6136,3.63e-05
6137,3.63e-05
6138,3.63e-05
6139,3.63e-05
6140,3.63e-05
6141,3.63e-05
6142,3.63e-05
6143,4.26341667e-05
6144,4.54409259e-05
6145,0.000233181944
6146,0.000247165278
6147,0.000171588611
6148,0.000110999722
6149,7.23297222e-05
6150,5.06463889e-05
6151,4.81641667e-05
6152,5.02119444e-05
6153,5.70575e-05
6154,6.44941667e-05
6155,6.52030556e-05
6156,5.00086111e-05
6157,3.87034259e-05
6158,4.32369444e-05
6159,5.10413889e-05
6160,5.83425e-05
6161,6.28602778e-05
6162,6.89636111e-05
6163,3.63e-05
6164,3.63e-05
6165,3.63e-05
6166,3.63e-05
6167,3.63e-05
6168,3.63e-05
6169,3.63e-05
6170,3.63e-05
6171,3.63e-05
6172,3.63e-05
6173,3.63e-05
6174,3.63e-05
6175,3.63e-05
6176,3.63e-05
6177,3.63e-05
6178,3.63e-05
6179,3.63e-05
6180,3.63e-05
6181,3.63e-05
6182,3.63e-05
6183,3.63e-05
6184,3.63e-05
6185,3.63e-05
6186,3.63e-05
6187,3.63e-05
6188,3.63e-05
6189,3.63e-05
6190,3.63e-05
6191,3.63e-05
6192,3.63e-05
6193,3.63e-05
6194,3.63e-05
6195,3.63e-05
6196,3.63e-05
6197,3.63e-05
6198,3.63e-05
6199,3.63e-05
6200,3.63e-05
6201,3.63e-05
6202,3.63e-05
6203,3.63e-05
6204,3.63e-05
6205,3.63e-05
6206,3.63e-05
6207,3.63e-05
6208,3.63e-05
6209,3.63e-05
6210,3.63e-05
6211,3.63e-05
6212,3.63e-05
6213,3.63e-05
6214,3.63e-05
6215,3.63e-05
6216,3.63e-05
6217,3.63e-05
6218,3.63e-05
6219,3.63e-05
6220,3.63e-05
6221,3.63e-05
6222,3.63e-05
6223,3.63e-05
6224,3.63e-05
6225,3.63e-05
6226,3.63e-05
6227,3.63e-05
6228,3.63e-05
6229,3.63e-05
6230,3.63e-05
6231,3.63e-05
6232,3.63e-05
6233,3.63e-05
6234,3.63e-05
6235,3.63e-05
6236,3.63e-05
6237,3.63e-05
6238,3.63e-05
6239,3.63e-05
6240,3.63e-05
6241,3.63e-05
6242,3.63e-05
6243,3.63e-05
6244,3.63e-05
6245,3.63e-05
6246,3.63e-05
6247,3.63e-05
6248,3.63e-05
6249,3.63e-05
6250,3.63e-05
6251,3.63e-05
6252,3.63e-05
6253,3.63e-05
6254,3.63e-05
6255,3.63e-05
6256,3.63e-05
6257,3.63e-05
6258,3.63e-05
6259,3.63e-05
6260,3.63e-05
6261,3.63e-05
6262,3.63e-05
6263,3.63e-05
6264,3.63e-05
6265,3.63e-05
6266,3.63e-05
6267,3.63e-05
6268,3.63e-05
6269,3.63e-05
6270,3.63e-05
6271,3.63e-05
6272,3.63e-05
6273,3.63e-05
6274,3.63e-05
6275,3.63e-05
6276,3.63e-05
6277,3.63e-05
6278,3.63e-05
6279,3.63e-05
6280,3.63e-05
6281,3.63e-05
6282,3.63e-05
6283,3.63e-05
6284,3.63e-05
6285,3.63e-05
6286,3.63e-05
6287,3.63e-05
6288,3.63e-05
6289,3.63e-05
6290,3.63e-05
6291,3.63e-05
6292,3.63e-05
6293,3.63e-05
6294,3.63e-05
6295,3.63e-05
6296,3.63e-05
6297,3.63e-05
6298,3.63e-05
6299,3.63e-05
6300,3.63e-05
6301,3.63e-05
6302,3.63e-05
6303,3.63e-05
6304,3.63e-05
6305,3.63e-05
6306,3.63e-05
6307,3.63e-05
6308,3.63e-05
6309,3.63e-05
6310,3.63e-05
6311,3.63e-05
6312,3.63e-05
6313,3.63e-05
6314,3.63e-05
6315,3.63e-05
6316,3.63e-05
6317,3.63e-05
6318,3.63e-05
6319,3.63e-05
6320,3.63e-05
6321,3.63e-05
6322,3.63e-05
6323,3.63e-05
6324,3.63e-05
6325,3.63e-05
6326,3.63e-05
6327,3.63e-05
6328,3.63e-05
6329,3.63e-05
6330,3.63e-05
6331,3.63e-05
6332,3.63e-05
6333,3.63e-05
6334,3.63e-05
6335,3.63e-05
6336,3.63e-05
6337,3.63e-05
6338,3.63e-05
6339,3.63e-05
6340,3.63e-05
6341,3.63e-05
6342,3.63e-05
6343,3.63e-05
6344,3.63e-05
6345,3.63e-05
6346,3.63e-05
6347,3.63e-05
6348,3.63e-05
6349,3.63e-05
6350,3.63e-05
6351,3.63e-05
6352,3.63e-05
6353,3.63e-05
6354,3.63e-05
6355,3.63e-05
6356,3.63e-05
6357,3.63e-05
6358,3.63e-05
6359,3.63e-05
6360,3.63e-05
6361,3.63e-05
6362,3.63e-05
6363,3.77047222e-05
6364,4.06572222e-05
6365,0.000175248056
6366,0.000217016944
6367,0.000130848056
6368,8.46402778e-05
6369,5.44613889e-05
6370,3.94094444e-05
6371,4.34019444e-05
6372,4.13797222e-05
6373,4.20197222e-05
6374,3.77391667e-05
6375,3.90119444e-05
6376,4.24297222e-05
6377,5.43786111e-05
6378,5.89975e-05
6379,5.80563889e-05
6380,5.99841667e-05
6381,6.03930556e-05
6382,5.85675e-05
6383,3.63e-05
6384,3.63e-05
6385,3.63e-05
6386,3.63e-05
6387,3.63e-05
6388,3.63e-05
6389,3.63e-05
6390,3.63e-05
6391,3.63e-05
6392,3.63e-05
6393,3.63e-05
6394,3.63e-05
6395,3.63e-05
6396,3.63e-05
6397,3.63e-05
6398,3.63e-05
6399,3.63e-05
6400,3.63e-05
6401,3.63e-05
6402,3.63e-05
6403,3.63e-05
6404,3.63e-05
6405,3.63e-05
6406,3.63e-05
6407,3.63e-05
6408,3.63e-05
6409,3.63e-05
6410,3.63e-05
6411,3.63e-05
6412,3.63e-05
6413,3.63e-05
6414,3.63e-05
6415,3.63e-05
6416,3.63e-05
6417,3.63e-05
6418,3.63e-05
6419,3.63e-05
6420,3.63e-05
6421,3.63e-05
6422,3.63e-05
6423,3.63e-05
6424,3.63e-05
6425,3.63e-05
6426,3.63e-05
6427,3.63e-05
6428,3.63e-05
6429,3.63e-05
6430,3.63e-05
6431,3.63e-05
6432,3.63e-05
6433,3.63e-05
6434,3.63e-05
6435,3.63e-05
6436,3.63e-05
6437,3.63e-05
6438,3.63e-05
6439,3.63e-05
6440,3.63e-05
6441,3.63e-05
6442,3.63e-05
6443,3.63e-05
6444,3.63e-05
6445,3.63e-05
6446,3.63e-05
6447,3.63e-05
6448,3.63e-05
6449,3.63e-05
6450,3.63e-05
6451,3.63e-05
6452,3.63e-05
6453,3.63e-05
6454,3.63e-05
6455,3.63e-05
6456,3.63e-05
6457,3.63e-05
6458,3.63e-05
6459,3.63e-05
6460,3.63e-05
6461,3.63e-05
6462,3.63e-05
6463,3.63e-05
6464,3.63e-05
6465,3.63e-05
6466,3.63e-05
6467,3.63e-05
6468,3.63e-05
6469,3.63e-05
6470,3.63e-05
6471,3.63e-05
6472,3.63e-05
6473,3.63e-05
6474,3.63e-05
6475,3.63e-05
6476,3.63e-05
6477,3.63e-05
6478,3.63e-05
6479,3.63e-05
6480,3.63e-05
6481,3.63e-05
6482,3.63e-05
6483,3.63e-05
6484,3.63e-05
6485,3.63e-05
6486,3.63e-05
6487,3.63e-05
6488,3.63e-05
6489,3.63e-05
6490,3.63e-05
6491,3.63e-05
6492,3.63e-05
6493,3.63e-05
6494,3.63e-05
6495,3.63e-05
6496,3.63e-05
6497,3.63e-05
6498,3.63e-05
6499,3.63e-05
6500,3.63e-05
6501,3.63e-05
6502,3.63e-05
6503,3.63e-05
6504,3.63e-05
6505,3.63e-05
6506,3.63e-05
6507,3.63e-05
6508,3.63e-05
6509,3.63e-05
6510,3.63e-05
6511,3.63e-05
6512,3.63e-05
6513,3.63e-05
6514,3.63e-05
6515,3.63e-05
6516,3.63e-05
6517,3.63e-05
6518,3.63e-05
6519,3.63e-05
6520,3.63e-05
6521,3.63e-05
6522,3.63e-05
6523,3.63e-05
6524,3.63e-05
6525,3.63e-05
6526,3.63e-05
6527,3.63e-05
6528,3.63e-05
6529,3.63e-05
6530,3.63e-05
6531,3.63e-05
6532,3.63e-05
6533,3.63e-05
6534,3.63e-05
6535,3.63e-05
6536,3.63e-05
6537,3.63e-05
6538,3.63e-05
6539,3.63e-05
6540,3.63e-05
6541,3.63e-05
6542,3.63e-05
6543,3.63e-05
6544,3.63e-05
6545,3.63e-05
6546,3.63e-05
6547,3.63e-05
6548,3.63e-05
6549,3.63e-05
6550,3.63e-05
6551,3.63e-05
6552,3.63e-05
6553,3.63e-05
6554,3.63e-05
6555,3.63e-05
6556,3.63e-05
6557,3.63e-05
6558,3.63e-05
6559,3.63e-05
6560,3.63e-05
6561,3.63e-05
6562,3.63e-05
6563,3.63e-05
6564,3.63e-05
6565,3.63e-05
6566,3.63e-05
6567,3.63e-05
6568,3.63e-05
6569,3.63e-05
6570,3.63e-05
6571,3.63e-05
6572,3.63e-05
6573,3.63e-05
6574,3.63e-05
6575,3.63e-05
6576,3.63e-05
6577,3.63e-05
6578,3.63e-05
6579,3.63e-05
6580,3.63e-05
6581,3.63e-05
6582,3.63e-05
6583,3.69669444e-05
6584,5.10158333e-05
6585,0.000268876389
6586,0.000258630833
6587,0.0001824375
6588,0.000111803056
6589,5.83363889e-05
6590,4.14072222e-05
6591,4.65547222e-05
6592,3.98775e-05
6593,4.55508333e-05
6594,5.32941667e-05
6595,5.18319444e-05
6596,4.42430556e-05
6597,3.73230556e-05
6598,3.78022222e-05
6599,4.03969444e-05
6600,4.38936111e-05
6601,4.54480556e-05
6602,4.54980556e-05
6603,3.63e-05
6604,3.63e-05
6605,3.63e-05
6606,3.63e-05
6607,3.63e-05
6608,3.63e-05
6609,3.63e-05
6610,3.63e-05
6611,3.63e-05
6612,3.63e-05
6613,3.63e-05
6614,3.63e-05
6615,3.63e-05
6616,3.63e-05
6617,3.63e-05
6618,3.63e-05
6619,3.63e-05
6620,3.63e-05
6621,3.63e-05
6622,3.63e-05
6623,3.63e-05
6624,3.63e-05
6625,3.63e-05
6626,3.63e-05
6627,3.63e-05
6628,3.63e-05
6629,3.63e-05
6630,3.63e-05
6631,3.63e-05
6632,3.63e-05
6633,3.63e-05
6634,3.63e-05
6635,3.63e-05
6636,3.63e-05
6637,3.63e-05
6638,3.63e-05
6639,3.63e-05
6640,3.63e-05
6641,3.63e-05
6642,3.63e-05
6643,3.63e-05
6644,3.63e-05
6645,3.63e-05
6646,3.63e-05
6647,3.63e-05
6648,3.63e-05
6649,3.63e-05
6650,3.63e-05
6651,3.63e-05
6652,3.63e-05
6653,3.63e-05
6654,3.63e-05
6655,3.63e-05
6656,3.63e-05
6657,3.63e-05
6658,3.63e-05
6659,3.63e-05
6660,3.63e-05
6661,3.63e-05
6662,3.63e-05
6663,3.63e-05
6664,3.63e-05
6665,3.63e-05
6666,3.63e-05
6667,3.63e-05
6668,3.63e-05
6669,3.63e-05
6670,3.63e-05
6671,3.63e-05
6672,3.63e-05
6673,3.63e-05
6674,3.63e-05
6675,3.63e-05
6676,3.63e-05
6677,3.63e-05
6678,3.63e-05
6679,3.63e-05
6680,3.63e-05
6681,3.63e-05
6682,3.63e-05
6683,3.63e-05
6684,3.63e-05
6685,3.63e-05
6686,3.63e-05
6687,3.63e-05
6688,3.63e-05
6689,3.63e-05
6690,3.63e-05
6691,3.63e-05
6692,3.63e-05
6693,3.63e-05
6694,3.63e-05
6695,3.63e-05
6696,3.63e-05
6697,3.63e-05
6698,3.63e-05
6699,3.63e-05
6700,3.63e-05
6701,3.63e-05
6702,3.63e-05
6703,3.63e-05
6704,3.63e-05
6705,3.63e-05
6706,3.63e-05
6707,3.63e-05
6708,3.63e-05
6709,3.63e-05
6710,3.63e-05
6711,3.63e-05
6712,3.63e-05
6713,3.63e-05
6714,3.63e-05
6715,3.63e-05
6716,3.63e-05
6717,3.63e-05
6718,3.63e-05
6719,3.63e-05
6720,3.63e-05
6721,3.63e-05
6722,3.63e-05
6723,3.63e-05
6724,3.63e-05
6725,3.63e-05
6726,3.63e-05
6727,3.63e-05
6728,3.63e-05
6729,3.63e-05
6730,3.63e-05
6731,3.63e-05
6732,3.63e-05
6733,3.63e-05
6734,3.63e-05
6735,3.63e-05
6736,3.63e-05
6737,3.63e-05
6738,3.63e-05
6739,3.63e-05
6740,3.63e-05
6741,3.63e-05
6742,3.63e-05
6743,3.63e-05
6744,3.63e-05
6745,3.63e-05
6746,3.63e-05
6747,3.63e-05
6748,3.63e-05
6749,3.63e-05
6750,3.63e-05
6751,3.63e-05
6752,3.63e-05
6753,3.63e-05
6754,3.63e-05
6755,3.63e-05
6756,3.63e-05
6757,3.63e-05
6758,3.63e-05
6759,3.63e-05
6760,3.63e-05
6761,3.63e-05
6762,3.63e-05
6763,3.63e-05
6764,3.63e-05
6765,3.63e-05
6766,3.63e-05
6767,3.63e-05
6768,3.63e-05
6769,3.63e-05
6770,3.63e-05
6771,3.63e-05
6772,3.63e-05
6773,3.63e-05
6774,3.63e-05
6775,3.63e-05
6776,3.63e-05
6777,3.63e-05
6778,3.63e-05
6779,3.63e-05
6780,3.63e-05
6781,3.63e-05
6782,3.63e-05
6783,3.63e-05
6784,3.63e-05
6785,3.63e-05
6786,3.63e-05
6787,3.63e-05
6788,3.63e-05
6789,3.63e-05
6790,3.63e-05
6791,3.63e-05
6792,3.63e-05
6793,3.63e-05
6794,3.63e-05
6795,3.63e-05
6796,3.63e-05
6797,3.63e-05
6798,3.63e-05
6799,3.63e-05
6800,3.63e-05
6801,3.63e-05
6802,3.63e-05
6803,3.77047222e-05
6804,4.06572222e-05
6805,0.000175248056
6806,0.000217016944
6807,0.000130848056
6808,8.46402778e-05
6809,5.44613889e-05
6810,3.94094444e-05
6811,4.34019444e-05
6812,4.13797222e-05
6813,4.20197222e-05
6814,3.77391667e-05
6815,3.90119444e-05
6816,4.24297222e-05
6817,5.43786111e-05
6818,5.89975e-05
6819,5.80563889e-05
6820,5.99841667e-05
6821,6.03930556e-05
6822,5.85675e-05
6823,3.63e-05
6824,3.63e-05
6825,3.63e-05
6826,3.63e-05
6827,3.63e-05
6828,3.63e-05
6829,3.63e-05
6830,3.63e-05
6831,3.63e-05
6832,3.63e-05
6833,3.63e-05
6834,3.63e-05
6835,3.63e-05
6836,3.63e-05
6837,3.63e-05
6838,3.63e-05
6839,3.63e-05
6840,3.63e-05
6841,3.63e-05
6842,3.63e-05
6843,3.63e-05
6844,3.63e-05
6845,3.63e-05
6846,3.63e-05
6847,3.63e-05
6848,3.63e-05
6849,3.63e-05
6850,3.63e-05
6851,3.63e-05
6852,3.63e-05
6853,3.63e-05
6854,3.63e-05
6855,3.63e-05
6856,3.63e-05
6857,3.63e-05
6858,3.63e-05
6859,3.63e-05
6860,3.63e-05
6861,3.63e-05
6862,3.63e-05
6863,3.63e-05
6864,3.63e-05
6865,3.63e-05
6866,3.63e-05
6867,3.63e-05
6868,3.63e-05
6869,3.63e-05
6870,3.63e-05
6871,3.63e-05
6872,3.63e-05
6873,3.63e-05
6874,3.63e-05
6875,3.63e-05
6876,3.63e-05
6877,3.63e-05
6878,3.63e-05
6879,3.63e-05
6880,3.63e-05
6881,3.63e-05
6882,3.63e-05
6883,3.63e-05
6884,3.63e-05
6885,3.63e-05
6886,3.63e-05
6887,3.63e-05
6888,3.63e-05
6889,3.63e-05
6890,3.63e-05
6891,3.63e-05
6892,3.63e-05
6893,3.63e-05
6894,3.63e-05
6895,3.63e-05
6896,3.63e-05
6897,3.63e-05
6898,3.63e-05
6899,3.63e-05
6900,3.63e-05
6901,3.63e-05
6902,3.63e-05
6903,3.63e-05
6904,3.63e-05
6905,3.63e-05
6906,3.63e-05
6907,3.63e-05
6908,3.63e-05
6909,3.63e-05
6910,3.63e-05
6911,3.63e-05
6912,3.63e-05
6913,3.63e-05
6914,3.63e-05
6915,3.63e-05
6916,3.63e-05
6917,3.63e-05
6918,3.63e-05
6919,3.63e-05
6920,3.63e-05
6921,3.63e-05
6922,3.63e-05
6923,3.63e-05
6924,3.63e-05
6925,3.63e-05
6926,3.63e-05
6927,3.63e-05
6928,3.63e-05
6929,3.63e-05
6930,3.63e-05
6931,3.63e-05
6932,3.63e-05
6933,3.63e-05
6934,3.63e-05
6935,3.63e-05
6936,3.63e-05
6937,3.63e-05
6938,3.63e-05
6939,3.63e-05
6940,3.63e-05
6941,3.63e-05
6942,3.63e-05
6943,3.63e-05
6944,3.63e-05
6945,3.63e-05
6946,3.63e-05
6947,3.63e-05
6948,3.63e-05
6949,3.63e-05
6950,3.63e-05
6951,3.63e-05
6952,3.63e-05
6953,3.63e-05
6954,3.63e-05
6955,3.63e-05
6956,3.63e-05
6957,3.63e-05
6958,3.63e-05
6959,3.63e-05
6960,3.63e-05
6961,3.63e-05
6962,3.63e-05
6963,3.63e-05
6964,3.63e-05
6965,3.63e-05
6966,3.63e-05
6967,3.63e-05
6968,3.63e-05
6969,3.63e-05
6970,3.63e-05
6971,3.63e-05
6972,3.63e-05
6973,3.63e-05
6974,3.63e-05
6975,3.63e-05
6976,3.63e-05
6977,3.63e-05
6978,3.63e-05
6979,3.63e-05
6980,3.63e-05
6981,3.63e-05
6982,3.63e-05
6983,3.63e-05
6984,3.63e-05
6985,3.63e-05
6986,3.63e-05
6987,3.63e-05
6988,3.63e-05
6989,3.63e-05
6990,3.63e-05
6991,3.63e-05
6992,3.63e-05
6993,3.63e-05
6994,3.63e-05
6995,3.63e-05
6996,3.63e-05
6997,3.63e-05
6998,3.63e-05
6999,3.63e-05
7000,3.63e-05
7001,3.63e-05
7002,3.63e-05
7003,3.63e-05
7004,3.63e-05
7005,3.63e-05
7006,3.63e-05
7007,3.63e-05
7008,3.63e-05
7009,3.63e-05
7010,3.63e-05
7011,3.63e-05
7012,3.63e-05
7013,3.63e-05
7014,3.63e-05
7015,3.63e-05
7016,3.63e-05
7017,3.63e-05
7018,3.63e-05
7019,3.63e-05
7020,3.63e-05
7021,3.63e-05
7022,3.63e-05
7023,3.77e-05
7024,3.81572222e-05
7025,3.82077778e-05
7026,3.68922222e-05
7027,3.84416667e-05
7028,3.75477778e-05
7029,3.88016667e-05
7030,3.93794444e-05
7031,4.09238889e-05
7032,4.33594444e-05
7033,3.9975e-05
7034,3.87005556e-05
7035,3.9615e-05
7036,3.73527778e-05
7037,3.76938889e-05
7038,3.80016667e-05
7039,3.7435e-05
7040,3.79988889e-05
7041,4.04194444e-05
7042,3.86461111e-05
7043,3.63e-05
7044,3.63e-05
7045,3.63e-05
7046,3.63e-05
7047,3.63e-05
7048,3.63e-05
7049,3.63e-05
7050,3.63e-05
7051,3.63e-05
7052,3.63e-05
7053,3.63e-05
7054,3.63e-05
7055,3.63e-05
7056,3.63e-05
7057,3.63e-05
7058,3.63e-05
7059,3.63e-05
7060,3.63e-05
7061,3.63e-05
7062,3.63e-05
7063,3.63e-05
7064,3.63e-05
7065,3.63e-05
7066,3.63e-05
7067,3.63e-05
7068,3.63e-05
7069,3.63e-05
7070,3.63e-05
7071,3.63e-05
7072,3.63e-05
7073,3.63e-05
7074,3.63e-05
7075,3.63e-05
7076,3.63e-05
7077,3.63e-05
7078,3.63e-05
7079,3.63e-05
7080,3.63e-05
7081,3.63e-05
7082,3.63e-05
7083,3.63e-05
7084,3.63e-05
7085,3.63e-05
7086,3.63e-05
7087,3.63e-05
7088,3.63e-05
7089,3.63e-05
7090,3.63e-05
7091,3.63e-05
7092,3.63e-05
7093,3.63e-05
7094,3.63e-05
7095,3.63e-05
7096,3.63e-05
7097,3.63e-05
7098,3.63e-05
7099,3.63e-05
7100,3.63e-05
7101,3.63e-05
7102,3.63e-05
7103,3.63e-05
7104,3.63e-05
7105,3.63e-05
7106,3.63e-05
7107,3.63e-05
7108,3.63e-05
7109,3.63e-05
7110,3.63e-05
7111,3.63e-05
7112,3.63e-05
7113,3.63e-05
7114,3.63e-05
7115,3.63e-05
7116,3.63e-05
7117,3.63e-05
7118,3.63e-05
7119,3.63e-05
7120,3.63e-05
7121,3.63e-05
7122,3.63e-05
7123,3.63e-05
7124,3.63e-05
7125,3.63e-05
7126,3.63e-05
7127,3.63e-05
7128,3.63e-05
7129,3.63e-05
7130,3.63e-05
7131,3.63e-05
7132,3.63e-05
7133,3.63e-05
7134,3.63e-05
7135,3.63e-05
7136,3.63e-05
7137,3.63e-05
7138,3.63e-05
7139,3.63e-05
7140,3.63e-05
7141,3.63e-05
7142,3.63e-05
7143,3.63e-05
7144,3.63e-05
7145,3.63e-05
7146,3.63e-05
7147,3.63e-05
7148,3.63e-05
7149,3.63e-05
7150,3.63e-05
7151,3.63e-05
7152,3.63e-05
7153,3.63e-05
7154,3.63e-05
7155,3.63e-05
7156,3.63e-05
7157,3.63e-05
7158,3.63e-05
7159,3.63e-05
7160,3.63e-05
7161,3.63e-05
7162,3.63e-05
7163,3.63e-05
7164,3.63e-05
7165,3.63e-05
7166,3.63e-05
7167,3.63e-05
7168,3.63e-05
7169,3.63e-05
7170,3.63e-05
7171,3.63e-05
7172,3.63e-05
7173,3.63e-05
7174,3.63e-05
7175,3.63e-05
7176,3.63e-05
7177,3.63e-05
7178,3.63e-05
7179,3.63e-05
7180,3.63e-05
7181,3.63e-05
7182,3.63e-05
7183,3.63e-05
7184,3.63e-05
7185,3.63e-05
7186,3.63e-05
7187,3.63e-05
7188,3.63e-05
7189,3.63e-05
7190,3.63e-05
7191,3.63e-05
7192,3.63e-05
7193,3.63e-05
7194,3.63e-05
7195,3.63e-05
7196,3.63e-05
7197,3.63e-05
7198,3.63e-05
7199,3.63e-05
7200,3.63e-05
7201,3.63e-05
7202,3.63e-05
7203,3.63e-05
7204,3.63e-05
7205,3.63e-05
7206,3.63e-05
7207,3.63e-05
7208,3.63e-05
7209,3.63e-05
7210,3.63e-05
7211,3.63e-05
7212,3.63e-05
7213,3.63e-05
7214,3.63e-05
7215,3.63e-05
7216,3.63e-05
7217,3.63e-05
7218,3.63e-05
7219,3.63e-05
7220,3.63e-05
7221,3.63e-05
7222,3.63e-05
7223,3.63e-05
7224,3.63e-05
7225,3.63e-05
7226,3.63e-05
7227,3.63e-05
7228,3.63e-05
7229,3.63e-05
7230,3.63e-05
7231,3.63e-05
7232,3.63e-05
7233,3.63e-05
7234,3.63e-05
7235,3.63e-05
7236,3.63e-05
7237,3.63e-05
7238,3.63e-05
7239,3.63e-05
7240,3.63e-05
7241,3.63e-05
7242,3.63e-05
7243,3.69669444e-05
7244,5.10158333e-05
7245,0.000268876389
7246,0.000258630833
7247,0.0001824375
7248,0.000111803056
7249,5.83363889e-05
7250,4.14072222e-05
7251,4.65547222e-05
7252,3.98775e-05
7253,4.55508333e-05
7254,5.32941667e-05
7255,5.18319444e-05
7256,4.42430556e-05
7257,3.73230556e-05
7258,3.78022222e-05
7259,4.03969444e-05
7260,4.38936111e-05
7261,4.54480556e-05
7262,4.54980556e-05
7263,3.63e-05
7264,3.63e-05
7265,3.63e-05
7266,3.63e-05
7267,3.63e-05
7268,3.63e-05
7269,3.63e-05
7270,3.63e-05
7271,3.63e-05
7272,3.63e-05
7273,3.63e-05
7274,3.63e-05
7275,3.63e-05
7276,3.63e-05
7277,3.63e-05
7278,3.63e-05
7279,3.63e-05
7280,3.63e-05
7281,3.63e-05
7282,3.63e-05
7283,3.63e-05
7284,3.63e-05
7285,3.63e-05
7286,3.63e-05
7287,3.63e-05
7288,3.63e-05
7289,3.63e-05
7290,3.63e-05
7291,3.63e-05
7292,3.63e-05
7293,3.63e-05
7294,3.63e-05
7295,3.63e-05
7296,3.63e-05
7297,3.63e-05
7298,3.63e-05
7299,3.63e-05
7300,3.63e-05
7301,3.63e-05
7302,3.63e-05
7303,3.63e-05
7304,3.63e-05
7305,3.63e-05
7306,3.63e-05
7307,3.63e-05
7308,3.63e-05
7309,3.63e-05
7310,3.63e-05
7311,3.63e-05
7312,3.63e-05
7313,3.63e-05
7314,3.63e-05
7315,3.63e-05
7316,3.63e-05
7317,3.63e-05
7318,3.63e-05
7319,3.63e-05
7320,3.63e-05
7321,3.63e-05
7322,3.63e-05
7323,3.63e-05
7324,3.63e-05
7325,3.63e-05
7326,3.63e-05
7327,3.63e-05
7328,3.63e-05
7329,3.63e-05
7330,3.63e-05
7331,3.63e-05
7332,3.63e-05
7333,3.63e-05
7334,3.63e-05
7335,3.63e-05
7336,3.63e-05
7337,3.63e-05
7338,3.63e-05
7339,3.63e-05
7340,3.63e-05
7341,3.63e-05
7342,3.63e-05
7343,3.63e-05
7344,3.63e-05
7345,3.63e-05
7346,3.63e-05
7347,3.63e-05
7348,3.63e-05
7349,3.63e-05
7350,3.63e-05
7351,3.63e-05
7352,3.63e-05
7353,3.63e-05
7354,3.63e-05
7355,3.63e-05
7356,3.63e-05
7357,3.63e-05
7358,3.63e-05
7359,3.63e-05
7360,3.63e-05
7361,3.63e-05
7362,3.63e-05
7363,3.63e-05
7364,3.63e-05
7365,3.63e-05
7366,3.63e-05
7367,3.63e-05
7368,3.63e-05
7369,3.63e-05
7370,3.63e-05
7371,3.63e-05
7372,3.63e-05
7373,3.63e-05
7374,3.63e-05
7375,3.63e-05
7376,3.63e-05
7377,3.63e-05
7378,3.63e-05
7379,3.63e-05
7380,3.63e-05
7381,3.63e-05
7382,3.63e-05
7383,3.63e-05
7384,3.63e-05
7385,3.63e-05
7386,3.63e-05
7387,3.63e-05
7388,3.63e-05
7389,3.63e-05
7390,3.63e-05
7391,3.63e-05
7392,3.63e-05
7393,3.63e-05
7394,3.63e-05
7395,3.63e-05
7396,3.63e-05
7397,3.63e-05
7398,3.63e-05
7399,3.63e-05
7400,3.63e-05
7401,3.63e-05
7402,3.63e-05
7403,3.63e-05
7404,3.63e-05
7405,3.63e-05
7406,3.63e-05
7407,3.63e-05
7408,3.63e-05
7409,3.63e-05
7410,3.63e-05
7411,3.63e-05
7412,3.63e-05
7413,3.63e-05
7414,3.63e-05
7415,3.63e-05
7416,3.63e-05
7417,3.63e-05
7418,3.63e-05
7419,3.63e-05
7420,3.63e-05
7421,3.63e-05
7422,3.63e-05
7423,3.63e-05
7424,3.63e-05
7425,3.63e-05
7426,3.63e-05
7427,3.63e-05
7428,3.63e-05
7429,3.63e-05
7430,3.63e-05
7431,3.63e-05
7432,3.63e-05
7433,3.63e-05
7434,3.63e-05
7435,3.63e-05
7436,3.63e-05
7437,3.63e-05
7438,3.63e-05
7439,3.63e-05
7440,3.63e-05
7441,3.63e-05
7442,3.63e-05
7443,3.63e-05
7444,3.63e-05
7445,3.63e-05
7446,3.63e-05
7447,3.63e-05
7448,3.63e-05
7449,3.63e-05
7450,3.63e-05
7451,3.63e-05
7452,3.63e-05
7453,3.63e-05
7454,3.63e-05
7455,3.63e-05
7456,3.63e-05
7457,3.63e-05
7458,3.63e-05
7459,3.63e-05
7460,3.63e-05
7461,3.63e-05
7462,3.63e-05
7463,4.09102778e-05
7464,5.59409259e-05
7465,0.000235546389
7466,0.000131803056
7467,5.89941667e-05
7468,4.43553704e-05
7469,5.43202778e-05
7470,5.54691667e-05
7471,5.70936111e-05
7472,5.82780556e-05
7473,5.73002778e-05
7474,5.73625e-05
7475,5.61102778e-05
7476,5.19047222e-05
7477,4.70080556e-05
7478,4.06469444e-05
7479,3.69947222e-05
7480,3.73790741e-05
7481,3.82497222e-05
7482,3.78063889e-05
7483,3.63e-05
7484,3.63e-05
7485,3.63e-05
7486,3.63e-05
7487,3.63e-05
7488,3.63e-05
7489,3.63e-05
7490,3.63e-05
7491,3.63e-05
7492,3.63e-05
7493,3.63e-05
7494,3.63e-05
7495,3.63e-05
7496,3.63e-05
7497,3.63e-05
7498,3.63e-05
7499,3.63e-05
7500,3.63e-05
7501,3.63e-05
7502,3.63e-05
7503,3.63e-05
7504,3.63e-05
7505,3.63e-05
7506,3.63e-05
7507,3.63e-05
7508,3.63e-05
7509,3.63e-05
7510,3.63e-05
7511,3.63e-05
7512,3.63e-05
7513,3.63e-05
7514,3.63e-05
7515,3.63e-05
7516,3.63e-05
7517,3.63e-05
7518,3.63e-05
7519,3.63e-05
7520,3.63e-05
7521,3.63e-05
7522,3.63e-05
7523,3.63e-05
7524,3.63e-05
7525,3.63e-05
7526,3.63e-05
7527,3.63e-05
7528,3.63e-05
7529,3.63e-05
7530,3.63e-05
7531,3.63e-05
7532,3.63e-05
7533,3.63e-05
7534,3.63e-05
7535,3.63e-05
7536,3.63e-05
7537,3.63e-05
7538,3.63e-05
7539,3.63e-05
7540,3.63e-05
7541,3.63e-05
7542,3.63e-05
7543,3.63e-05
7544,3.63e-05
7545,3.63e-05
7546,3.63e-05
7547,3.63e-05
7548,3.63e-05
7549,3.63e-05
7550,3.63e-05
7551,3.63e-05
7552,3.63e-05
7553,3.63e-05
7554,3.63e-05
7555,3.63e-05
7556,3.63e-05
7557,3.63e-05
7558,3.63e-05
7559,3.63e-05
7560,3.63e-05
7561,3.63e-05
7562,3.63e-05
7563,3.63e-05
7564,3.63e-05
7565,3.63e-05
7566,3.63e-05
7567,3.63e-05
7568,3.63e-05
7569,3.63e-05
7570,3.63e-05
7571,3.63e-05
7572,3.63e-05
7573,3.63e-05
7574,3.63e-05
7575,3.63e-05
7576,3.63e-05
7577,3.63e-05
7578,3.63e-05
7579,3.63e-05
7580,3.63e-05
7581,3.63e-05
7582,3.63e-05
7583,3.63e-05
7584,3.63e-05
7585,3.63e-05
7586,3.63e-05
7587,3.63e-05
7588,3.63e-05
7589,3.63e-05
7590,3.63e-05
7591,3.63e-05
7592,3.63e-05
7593,3.63e-05
7594,3.63e-05
7595,3.63e-05
7596,3.63e-05
7597,3.63e-05
7598,3.63e-05
7599,3.63e-05
7600,3.63e-05
7601,3.63e-05
7602,3.63e-05
7603,3.63e-05
7604,3.63e-05
7605,3.63e-05
7606,3.63e-05
7607,3.63e-05
7608,3.63e-05
7609,3.63e-05
7610,3.63e-05
7611,3.63e-05
7612,3.63e-05
7613,3.63e-05
7614,3.63e-05
7615,3.63e-05
7616,3.63e-05
7617,3.63e-05
7618,3.63e-05
7619,3.63e-05
7620,3.63e-05
7621,3.63e-05
7622,3.63e-05
7623,3.63e-05
7624,3.63e-05
7625,3.63e-05
7626,3.63e-05
7627,3.63e-05
7628,3.63e-05
7629,3.63e-05
7630,3.63e-05
7631,3.63e-05
7632,3.63e-05
7633,3.63e-05
7634,3.63e-05
7635,3.63e-05
7636,3.63e-05
7637,3.63e-05
7638,3.63e-05
7639,3.63e-05
7640,3.63e-05
7641,3.63e-05
7642,3.63e-05
7643,3.63e-05
7644,3.63e-05
7645,3.63e-05
7646,3.63e-05
7647,3.63e-05
7648,3.63e-05
7649,3.63e-05
7650,3.63e-05
7651,3.63e-05
7652,3.63e-05
7653,3.63e-05
7654,3.63e-05
7655,3.63e-05
7656,3.63e-05
7657,3.63e-05
7658,3.63e-05
7659,3.63e-05
7660,3.63e-05
7661,3.63e-05
7662,3.63e-05
7663,3.63e-05
7664,3.63e-05
7665,3.63e-05
7666,3.63e-05
7667,3.63e-05
7668,3.63e-05
7669,3.63e-05
7670,3.63e-05
7671,3.63e-05
7672,3.63e-05
7673,3.63e-05
7674,3.63e-05
7675,3.63e-05
7676,3.63e-05
7677,3.63e-05
7678,3.63e-05
7679,3.63e-05
7680,3.63e-05
7681,3.63e-05
7682,3.63e-05
7683,4.26341667e-05
7684,4.54409259e-05
7685,0.000233181944
7686,0.000247165278
7687,0.000171588611
7688,0.000110999722
7689,7.23297222e-05
7690,5.06463889e-05
7691,4.81641667e-05
7692,5.02119444e-05
7693,5.70575e-05
7694,6.44941667e-05
7695,6.52030556e-05
7696,5.00086111e-05
7697,3.87034259e-05
7698,4.32369444e-05
7699,5.10413889e-05
7700,5.83425e-05
7701,6.28602778e-05
7702,6.89636111e-05
7703,3.63e-05
7704,3.63e-05
7705,3.63e-05
7706,3.63e-05
7707,3.63e-05
7708,3.63e-05
7709,3.63e-05
7710,3.63e-05
7711,3.63e-05
7712,3.63e-05
7713,3.63e-05
7714,3.63e-05
7715,3.63e-05
7716,3.63e-05
7717,3.63e-05
7718,3.63e-05
7719,3.63e-05
7720,3.63e-05
7721,3.63e-05
7722,3.63e-05
7723,3.63e-05
7724,3.63e-05
7725,3.63e-05
7726,3.63e-05
7727,3.63e-05
7728,3.63e-05
7729,3.63e-05
7730,3.63e-05
7731,3.63e-05
7732,3.63e-05
7733,3.63e-05
7734,3.63e-05
7735,3.63e-05
7736,3.63e-05
7737,3.63e-05
7738,3.63e-05
7739,3.63e-05
7740,3.63e-05
7741,3.63e-05
7742,3.63e-05
7743,3.63e-05
7744,3.63e-05
7745,3.63e-05
7746,3.63e-05
7747,3.63e-05
7748,3.63e-05
7749,3.63e-05
7750,3.63e-05
7751,3.63e-05
7752,3.63e-05
7753,3.63e-05
7754,3.63e-05
7755,3.63e-05
7756,3.63e-05
7757,3.63e-05
7758,3.63e-05
7759,3.63e-05
7760,3.63e-05
7761,3.63e-05
7762,3.63e-05
7763,3.63e-05
7764,3.63e-05
7765,3.63e-05
7766,3.63e-05
7767,3.63e-05
7768,3.63e-05
7769,3.63e-05
7770,3.63e-05
7771,3.63e-05
7772,3.63e-05
7773,3.63e-05
7774,3.63e-05
7775,3.63e-05
7776,3.63e-05
7777,3.63e-05
7778,3.63e-05
7779,3.63e-05
7780,3.63e-05
7781,3.63e-05
7782,3.63e-05
7783,3.63e-05
7784,3.63e-05
7785,3.63e-05
7786,3.63e-05
7787,3.63e-05
7788,3.63e-05
7789,3.63e-05
7790,3.63e-05
7791,3.63e-05
7792,3.63e-05
7793,3.63e-05
7794,3.63e-05
7795,3.63e-05
7796,3.63e-05
7797,3.63e-05
7798,3.63e-05
7799,3.63e-05
7800,3.63e-05
7801,3.63e-05
7802,3.63e-05
7803,3.63e-05
7804,3.63e-05
7805,3.63e-05
7806,3.63e-05
7807,3.63e-05
7808,3.63e-05
7809,3.63e-05
7810,3.63e-05
7811,3.63e-05
7812,3.63e-05
7813,3.63e-05
7814,3.63e-05
7815,3.63e-05
7816,3.63e-05
7817,3.63e-05
7818,3.63e-05
7819,3.63e-05
7820,3.63e-05
7821,3.63e-05
7822,3.63e-05
7823,3.63e-05
7824,3.63e-05
7825,3.63e-05
7826,3.63e-05
7827,3.63e-05
7828,3.63e-05
7829,3.63e-05
7830,3.63e-05
7831,3.63e-05
7832,3.63e-05
7833,3.63e-05
7834,3.63e-05
7835,3.63e-05
7836,3.63e-05
7837,3.63e-05
7838,3.63e-05
7839,3.63e-05
7840,3.63e-05
7841,3.63e-05
7842,3.63e-05
7843,3.63e-05
7844,3.63e-05
7845,3.63e-05
7846,3.63e-05
7847,3.63e-05
7848,3.63e-05
7849,3.63e-05
7850,3.63e-05
7851,3.63e-05
7852,3.63e-05
7853,3.63e-05
7854,3.63e-05
7855,3.63e-05
7856,3.63e-05
7857,3.63e-05
7858,3.63e-05
7859,3.63e-05
7860,3.63e-05
7861,3.63e-05
7862,3.63e-05
7863,3.63e-05
7864,3.63e-05
7865,3.63e-05
7866,3.63e-05
7867,3.63e-05
7868,3.63e-05
7869,3.63e-05
7870,3.63e-05
7871,3.63e-05
7872,3.63e-05
7873,3.63e-05
7874,3.63e-05
7875,3.63e-05
7876,3.63e-05
7877,3.63e-05
7878,3.63e-05
7879,3.63e-05
7880,3.63e-05
7881,3.63e-05
7882,3.63e-05
7883,3.63e-05
7884,3.63e-05
7885,3.63e-05
7886,3.63e-05
7887,3.63e-05
7888,3.63e-05
7889,3.63e-05
7890,3.63e-05
7891,3.63e-05
7892,3.63e-05
7893,3.63e-05
7894,3.63e-05
7895,3.63e-05
7896,3.63e-05
7897,3.63e-05
7898,3.63e-05
7899,3.63e-05
7900,3.63e-05
7901,3.63e-05
7902,3.63e-05
7903,3.77047222e-05
7904,4.06572222e-05
7905,0.000175248056
7906,0.000217016944
7907,0.000130848056
7908,8.46402778e-05
7909,5.44613889e-05
7910,3.94094444e-05
7911,4.34019444e-05
7912,4.13797222e-05
7913,4.20197222e-05
7914,3.77391667e-05
7915,3.90119444e-05
7916,4.24297222e-05
7917,5.43786111e-05
7918,5.89975e-05
7919,5.80563889e-05
7920,5.99841667e-05
7921,6.03930556e-05
7922,5.85675e-05
7923,3.63e-05
7924,3.63e-05
7925,3.63e-05
7926,3.63e-05
7927,3.63e-05
7928,3.63e-05
7929,3.63e-05
7930,3.63e-05
7931,3.63e-05
7932,3.63e-05
7933,3.63e-05
7934,3.63e-05
7935,3.63e-05
7936,3.63e-05
7937,3.63e-05
7938,3.63e-05
7939,3.63e-05
7940,3.63e-05
7941,3.63e-05
7942,3.63e-05
7943,3.63e-05
7944,3.63e-05
7945,3.63e-05
7946,3.63e-05
7947,3.63e-05
7948,3.63e-05
7949,3.63e-05
7950,3.63e-05
7951,3.63e-05
7952,3.63e-05
7953,3.63e-05
7954,3.63e-05
7955,3.63e-05
7956,3.63e-05
7957,3.63e-05
7958,3.63e-05
7959,3.63e-05
7960,3.63e-05
7961,3.63e-05
7962,3.63e-05
7963,3.63e-05
7964,3.63e-05
7965,3.63e-05
7966,3.63e-05
7967,3.63e-05
7968,3.63e-05
7969,3.63e-05
7970,3.63e-05
7971,3.63e-05
7972,3.63e-05
7973,3.63e-05
7974,3.63e-05
7975,3.63e-05
7976,3.63e-05
7977,3.63e-05
7978,3.63e-05
7979,3.63e-05
7980,3.63e-05
7981,3.63e-05
7982,3.63e-05
7983,3.63e-05
7984,3.63e-05
7985,3.63e-05
7986,3.63e-05
7987,3.63e-05
7988,3.63e-05
7989,3.63e-05
7990,3.63e-05
7991,3.63e-05
7992,3.63e-05
7993,3.63e-05
7994,3.63e-05
7995,3.63e-05
7996,3.63e-05
7997,3.63e-05
7998,3.63e-05
7999,3.63e-05
8000,3.63e-05
8001,3.63e-05
8002,3.63e-05
8003,3.63e-05
8004,3.63e-05
8005,3.63e-05
8006,3.63e-05
8007,3.63e-05
8008,3.63e-05
8009,3.63e-05
8010,3.63e-05
8011,3.63e-05
8012,3.63e-05
8013,3.63e-05
8014,3.63e-05
8015,3.63e-05
8016,3.63e-05
8017,3.63e-05
8018,3.63e-05
8019,3.63e-05
8020,3.63e-05
8021,3.63e-05
8022,3.63e-05
8023,3.63e-05
8024,3.63e-05
8025,3.63e-05
8026,3.63e-05
8027,3.63e-05
8028,3.63e-05
8029,3.63e-05
8030,3.63e-05
8031,3.63e-05
8032,3.63e-05
8033,3.63e-05
8034,3.63e-05
8035,3.63e-05
8036,3.63e-05
8037,3.63e-05
8038,3.63e-05
8039,3.63e-05
8040,3.63e-05
8041,3.63e-05
8042,3.63e-05
8043,3.63e-05
8044,3.63e-05
8045,3.63e-05
8046,3.63e-05
8047,3.63e-05
8048,3.63e-05
8049,3.63e-05
8050,3.63e-05
8051,3.63e-05
8052,3.63e-05
8053,3.63e-05
8054,3.63e-05
8055,3.63e-05
8056,3.63e-05
8057,3.63e-05
8058,3.63e-05
8059,3.63e-05
8060,3.63e-05
8061,3.63e-05
8062,3.63e-05
8063,3.63e-05
8064,3.63e-05
8065,3.63e-05
8066,3.63e-05
8067,3.63e-05
8068,3.63e-05
8069,3.63e-05
8070,3.63e-05
8071,3.63e-05
8072,3.63e-05
8073,3.63e-05
8074,3.63e-05
8075,3.63e-05
8076,3.63e-05
8077,3.63e-05
8078,3.63e-05
8079,3.63e-05
8080,3.63e-05
8081,3.63e-05
8082,3.63e-05
8083,3.63e-05
8084,3.63e-05
8085,3.63e-05
8086,3.63e-05
8087,3.63e-05
8088,3.63e-05
8089,3.63e-05
8090,3.63e-05
8091,3.63e-05
8092,3.63e-05
8093,3.63e-05
8094,3.63e-05
8095,3.63e-05
8096,3.63e-05
8097,3.63e-05
8098,3.63e-05
8099,3.63e-05
8100,3.63e-05
8101,3.63e-05
8102,3.63e-05
8103,3.63e-05
8104,3.63e-05
8105,3.63e-05
8106,3.63e-05
8107,3.63e-05
8108,3.63e-05
8109,3.63e-05
8110,3.63e-05
8111,3.63e-05
8112,3.63e-05
8113,3.63e-05
8114,3.63e-05
8115,3.63e-05
8116,3.63e-05
8117,3.63e-05
8118,3.63e-05
8119,3.63e-05
8120,3.63e-05
8121,3.63e-05
8122,3.63e-05
8123,3.69669444e-05
8124,5.10158333e-05
8125,0.000268876389
8126,0.000258630833
8127,0.0001824375
8128,0.000111803056
8129,5.83363889e-05
8130,4.14072222e-05
8131,4.65547222e-05
8132,3.98775e-05
8133,4.55508333e-05
8134,5.32941667e-05
8135,5.18319444e-05
8136,4.42430556e-05
8137,3.73230556e-05
8138,3.78022222e-05
8139,4.03969444e-05
8140,4.38936111e-05
8141,4.54480556e-05
8142,4.54980556e-05
8143,3.63e-05
8144,3.63e-05
8145,3.63e-05
8146,3.63e-05
8147,3.63e-05
8148,3.63e-05
8149,3.63e-05
8150,3.63e-05
8151,3.63e-05
8152,3.63e-05
8153,3.63e-05
8154,3.63e-05
8155,3.63e-05
8156,3.63e-05
8157,3.63e-05
8158,3.63e-05
8159,3.63e-05
8160,3.63e-05
8161,3.63e-05
8162,3.63e-05
8163,3.63e-05
8164,3.63e-05
8165,3.63e-05
8166,3.63e-05
8167,3.63e-05
8168,3.63e-05
8169,3.63e-05
8170,3.63e-05
8171,3.63e-05
8172,3.63e-05
8173,3.63e-05
8174,3.63e-05
8175,3.63e-05
8176,3.63e-05
8177,3.63e-05
8178,3.63e-05
8179,3.63e-05
8180,3.63e-05
8181,3.63e-05
8182,3.63e-05
8183,3.63e-05
8184,3.63e-05
8185,3.63e-05
8186,3.63e-05
8187,3.63e-05
8188,3.63e-05
8189,3.63e-05
8190,3.63e-05
8191,3.63e-05
8192,3.63e-05
8193,3.63e-05
8194,3.63e-05
8195,3.63e-05
8196,3.63e-05
8197,3.63e-05
8198,3.63e-05
8199,3.63e-05
8200,3.63e-05
8201,3.63e-05
8202,3.63e-05
8203,3.63e-05
8204,3.63e-05
8205,3.63e-05
8206,3.63e-05
8207,3.63e-05
8208,3.63e-05
8209,3.63e-05
8210,3.63e-05
8211,3.63e-05
8212,3.63e-05
8213,3.63e-05
8214,3.63e-05
8215,3.63e-05
8216,3.63e-05
8217,3.63e-05
8218,3.63e-05
8219,3.63e-05
8220,3.63e-05
8221,3.63e-05
8222,3.63e-05
8223,3.63e-05
8224,3.63e-05
8225,3.63e-05
8226,3.63e-05
8227,3.63e-05
8228,3.63e-05
8229,3.63e-05
8230,3.63e-05
8231,3.63e-05
8232,3.63e-05
8233,3.63e-05
8234,3.63e-05
8235,3.63e-05
8236,3.63e-05
8237,3.63e-05
8238,3.63e-05
8239,3.63e-05
8240,3.63e-05
8241,3.63e-05
8242,3.63e-05
8243,3.63e-05
8244,3.63e-05
8245,3.63e-05
8246,3.63e-05
8247,3.63e-05
8248,3.63e-05
8249,3.63e-05
8250,3.63e-05
8251,3.63e-05
8252,3.63e-05
8253,3.63e-05
8254,3.63e-05
8255,3.63e-05
8256,3.63e-05
8257,3.63e-05
8258,3.63e-05
8259,3.63e-05
8260,3.63e-05
8261,3.63e-05
8262,3.63e-05
8263,3.63e-05
8264,3.63e-05
8265,3.63e-05
8266,3.63e-05
8267,3.63e-05
8268,3.63e-05
8269,3.63e-05
8270,3.63e-05
8271,3.63e-05
8272,3.63e-05
8273,3.63e-05
8274,3.63e-05
8275,3.63e-05
8276,3.63e-05
8277,3.63e-05
8278,3.63e-05
8279,3.63e-05
8280,3.63e-05
8281,3.63e-05
8282,3.63e-05
8283,3.63e-05
8284,3.63e-05
8285,3.63e-05
8286,3.63e-05
8287,3.63e-05
8288,3.63e-05
8289,3.63e-05
8290,3.63e-05
8291,3.63e-05
8292,3.63e-05
8293,3.63e-05
8294,3.63e-05
8295,3.63e-05
8296,3.63e-05
8297,3.63e-05
8298,3.63e-05
8299,3.63e-05
8300,3.63e-05
8301,3.63e-05
8302,3.63e-05
8303,3.63e-05
8304,3.63e-05
8305,3.63e-05
8306,3.63e-05
8307,3.63e-05
8308,3.63e-05
8309,3.63e-05
8310,3.63e-05
8311,3.63e-05
8312,3.63e-05
8313,3.63e-05
8314,3.63e-05
8315,3.63e-05
8316,3.63e-05
8317,3.63e-05
8318,3.63e-05
8319,3.63e-05
8320,3.63e-05
8321,3.63e-05
8322,3.63e-05
8323,3.63e-05
8324,3.63e-05
8325,3.63e-05
8326,3.63e-05
8327,3.63e-05
8328,3.63e-05
8329,3.63e-05
8330,3.63e-05
8331,3.63e-05
8332,3.63e-05
8333,3.63e-05
8334,3.63e-05
8335,3.63e-05
8336,3.63e-05
8337,3.63e-05
8338,3.63e-05
8339,3.63e-05
8340,3.63e-05
8341,3.63e-05
8342,3.63e-05
8343,4.09102778e-05
8344,5.59409259e-05
8345,0.000235546389
8346,0.000131803056
8347,5.89941667e-05
8348,4.43553704e-05
8349,5.43202778e-05
8350,5.54691667e-05
8351,5.70936111e-05
8352,5.82780556e-05
8353,5.73002778e-05
8354,5.73625e-05
8355,5.61102778e-05
8356,5.19047222e-05
8357,4.70080556e-05
8358,4.06469444e-05
8359,3.69947222e-05
8360,3.73790741e-05
8361,3.82497222e-05
8362,3.78063889e-05
8363,3.63e-05
8364,3.63e-05
8365,3.63e-05
8366,3.63e-05
8367,3.63e-05
8368,3.63e-05
8369,3.63e-05
8370,3.63e-05
8371,3.63e-05
8372,3.63e-05
8373,3.63e-05
8374,3.63e-05
8375,3.63e-05
8376,3.63e-05
8377,3.63e-05
8378,3.63e-05
8379,3.63e-05
8380,3.63e-05
8381,3.63e-05
8382,3.63e-05
8383,3.63e-05
8384,3.63e-05
8385,3.63e-05
8386,3.63e-05
8387,3.63e-05
8388,3.63e-05
8389,3.63e-05
8390,3.63e-05
8391,3.63e-05
8392,3.63e-05
8393,3.63e-05
8394,3.63e-05
8395,3.63e-05
8396,3.63e-05
8397,3.63e-05
8398,3.63e-05
8399,3.63e-05
8400,3.63e-05
8401,3.63e-05
8402,3.63e-05
8403,3.63e-05
8404,3.63e-05
8405,3.63e-05
8406,3.63e-05
8407,3.63e-05
8408,3.63e-05
8409,3.63e-05
8410,3.63e-05
8411,3.63e-05
8412,3.63e-05
8413,3.63e-05
8414,3.63e-05
8415,3.63e-05
8416,3.63e-05
8417,3.63e-05
8418,3.63e-05
8419,3.63e-05
8420,3.63e-05
8421,3.63e-05
8422,3.63e-05
8423,3.63e-05
8424,3.63e-05
8425,3.63e-05
8426,3.63e-05
8427,3.63e-05
8428,3.63e-05
8429,3.63e-05
8430,3.63e-05
8431,3.63e-05
8432,3.63e-05
8433,3.63e-05
8434,3.63e-05
8435,3.63e-05
8436,3.63e-05
8437,3.63e-05
8438,3.63e-05
8439,3.63e-05
8440,3.63e-05
8441,3.63e-05
8442,3.63e-05
8443,3.63e-05
8444,3.63e-05
8445,3.63e-05
8446,3.63e-05
8447,3.63e-05
8448,3.63e-05
8449,3.63e-05
8450,3.63e-05
8451,3.63e-05
8452,3.63e-05
8453,3.63e-05
8454,3.63e-05
8455,3.63e-05
8456,3.63e-05
8457,3.63e-05
8458,3.63e-05
8459,3.63e-05
8460,3.63e-05
8461,3.63e-05
8462,3.63e-05
8463,3.63e-05
8464,3.63e-05
8465,3.63e-05
8466,3.63e-05
8467,3.63e-05
8468,3.63e-05
8469,3.63e-05
8470,3.63e-05
8471,3.63e-05
8472,3.63e-05
8473,3.63e-05
8474,3.63e-05
8475,3.63e-05
8476,3.63e-05
8477,3.63e-05
8478,3.63e-05
8479,3.63e-05
8480,3.63e-05
8481,3.63e-05
8482,3.63e-05
8483,3.63e-05
8484,3.63e-05
8485,3.63e-05
8486,3.63e-05
8487,3.63e-05
8488,3.63e-05
8489,3.63e-05
8490,3.63e-05
8491,3.63e-05
8492,3.63e-05
8493,3.63e-05
8494,3.63e-05
8495,3.63e-05
8496,3.63e-05
8497,3.63e-05
8498,3.63e-05
8499,3.63e-05
8500,3.63e-05
8501,3.63e-05
8502,3.63e-05
8503,3.63e-05
8504,3.63e-05
8505,3.63e-05
8506,3.63e-05
8507,3.63e-05
8508,3.63e-05
8509,3.63e-05
8510,3.63e-05
8511,3.63e-05
8512,3.63e-05
8513,3.63e-05
8514,3.63e-05
8515,3.63e-05
8516,3.63e-05
8517,3.63e-05
8518,3.63e-05
8519,3.63e-05
8520,3.63e-05
8521,3.63e-05
8522,3.63e-05
8523,3.63e-05
8524,3.63e-05
8525,3.63e-05
8526,3.63e-05
8527,3.63e-05
8528,3.63e-05
8529,3.63e-05
8530,3.63e-05
8531,3.63e-05
8532,3.63e-05
8533,3.63e-05
8534,3.63e-05
8535,3.63e-05
8536,3.63e-05
8537,3.63e-05
8538,3.63e-05
8539,3.63e-05
8540,3.63e-05
8541,3.63e-05
8542,3.63e-05
8543,3.63e-05
8544,3.63e-05
8545,3.63e-05
8546,3.63e-05
8547,3.63e-05
8548,3.63e-05
8549,3.63e-05
8550,3.63e-05
8551,3.63e-05
8552,3.63e-05
8553,3.63e-05
8554,3.63e-05
8555,3.63e-05
8556,3.63e-05
8557,3.63e-05
8558,3.63e-05
8559,3.63e-05
8560,3.63e-05
8561,3.63e-05
8562,3.63e-05
8563,4.26341667e-05
8564,4.54409259e-05
8565,0.000233181944
8566,0.000247165278
8567,0.000171588611
8568,0.000110999722
8569,7.23297222e-05
8570,5.06463889e-05
8571,4.81641667e-05
8572,5.02119444e-05
8573,5.70575e-05
8574,6.44941667e-05
8575,6.52030556e-05
8576,5.00086111e-05
8577,3.87034259e-05
8578,4.32369444e-05
8579,5.10413889e-05
8580,5.83425e-05
8581,6.28602778e-05
8582,6.89636111e-05
8583,3.63e-05
8584,3.63e-05
8585,3.63e-05
8586,3.63e-05
8587,3.63e-05
8588,3.63e-05
8589,3.63e-05
8590,3.63e-05
8591,3.63e-05
8592,3.63e-05
8593,3.63e-05
8594,3.63e-05
8595,3.63e-05
8596,3.63e-05
8597,3.63e-05
8598,3.63e-05
8599,3.63e-05
8600,3.63e-05
8601,3.63e-05
8602,3.63e-05
8603,3.63e-05
8604,3.63e-05
8605,3.63e-05
8606,3.63e-05
8607,3.63e-05
8608,3.63e-05
8609,3.63e-05
8610,3.63e-05
8611,3.63e-05
8612,3.63e-05
8613,3.63e-05
8614,3.63e-05
8615,3.63e-05
8616,3.63e-05
8617,3.63e-05
8618,3.63e-05
8619,3.63e-05
8620,3.63e-05
8621,3.63e-05
8622,3.63e-05
8623,3.63e-05
8624,3.63e-05
8625,3.63e-05
8626,3.63e-05
8627,3.63e-05
8628,3.63e-05
8629,3.63e-05
8630,3.63e-05
8631,3.63e-05
8632,3.63e-05
8633,3.63e-05
8634,3.63e-05
8635,3.63e-05
8636,3.63e-05
8637,3.63e-05
8638,3.63e-05
8639,3.63e-05
8640,3.63e-05
8641,3.63e-05
8642,3.63e-05
8643,3.63e-05
8644,3.63e-05
8645,3.63e-05
8646,3.63e-05
8647,3.63e-05
8648,3.63e-05
8649,3.63e-05
8650,3.63e-05
8651,3.63e-05
8652,3.63e-05
8653,3.63e-05
8654,3.63e-05
8655,3.63e-05
8656,3.63e-05
8657,3.63e-05
8658,3.63e-05
8659,3.63e-05
8660,3.63e-05
8661,3.63e-05
8662,3.63e-05
8663,3.63e-05
8664,3.63e-05
8665,3.63e-05
8666,3.63e-05
8667,3.63e-05
8668,3.63e-05
8669,3.63e-05
8670,3.63e-05
8671,3.63e-05
8672,3.63e-05
8673,3.63e-05
8674,3.63e-05
8675,3.63e-05
8676,3.63e-05
8677,3.63e-05
8678,3.63e-05
8679,3.63e-05
8680,3.63e-05
8681,3.63e-05
8682,3.63e-05
8683,3.63e-05
8684,3.63e-05
8685,3.63e-05
8686,3.63e-05
8687,3.63e-05
8688,3.63e-05
8689,3.63e-05
8690,3.63e-05
8691,3.63e-05
8692,3.63e-05
8693,3.63e-05
8694,3.63e-05
8695,3.63e-05
8696,3.63e-05
8697,3.63e-05
8698,3.63e-05
8699,3.63e-05
8700,3.63e-05
8701,3.63e-05
8702,3.63e-05
8703,3.63e-05
8704,3.63e-05
8705,3.63e-05
8706,3.63e-05
8707,3.63e-05
8708,3.63e-05
8709,3.63e-05
8710,3.63e-05
8711,3.63e-05
8712,3.63e-05
8713,3.63e-05
8714,3.63e-05
8715,3.63e-05
8716,3.63e-05
8717,3.63e-05
8718,3.63e-05
8719,3.63e-05
8720,3.63e-05
8721,3.63e-05
8722,3.63e-05
8723,3.63e-05
8724,3.63e-05
8725,3.63e-05
8726,3.63e-05
8727,3.63e-05
8728,3.63e-05
8729,3.63e-05
8730,3.63e-05
8731,3.63e-05
8732,3.63e-05
8733,3.63e-05
8734,3.63e-05
8735,3.63e-05
8736,3.63e-05
8737,3.63e-05
8738,3.63e-05
8739,3.63e-05
8740,3.63e-05
8741,3.63e-05
8742,3.63e-05
8743,3.63e-05
8744,3.63e-05
8745,3.63e-05
8746,3.63e-05
8747,3.63e-05
8748,3.63e-05
8749,3.63e-05
8750,3.63e-05
8751,3.63e-05
8752,3.63e-05
8753,3.63e-05
8754,3.63e-05
8755,3.63e-05
8756,3.63e-05
8757,3.63e-05
8758,3.63e-05
8759,3.63e-05
8760,3.63e-05
8761,3.63e-05
8762,3.63e-05
8763,3.63e-05
8764,3.63e-05
8765,3.63e-05
8766,3.63e-05
8767,3.63e-05
8768,3.63e-05
8769,3.63e-05
8770,3.63e-05
8771,3.63e-05
8772,3.63e-05
8773,3.63e-05
8774,3.63e-05
8775,3.63e-05
8776,3.63e-05
8777,3.63e-05
8778,3.63e-05
8779,3.63e-05
8780,3.63e-05
8781,3.63e-05
8782,3.63e-05
8783,3.77e-05
8784,3.81572222e-05
8785,3.82077778e-05
8786,3.68922222e-05
8787,3.84416667e-05
8788,3.75477778e-05
8789,3.88016667e-05
8790,3.93794444e-05
8791,4.09238889e-05
8792,4.33594444e-05
8793,3.9975e-05
8794,3.87005556e-05
8795,3.9615e-05
8796,3.73527778e-05
8797,3.76938889e-05
8798,3.80016667e-05
8799,3.7435e-05
8800,3.79988889e-05
8801,4.04194444e-05
8802,3.86461111e-05
8803,3.63e-05
8804,3.63e-05
8805,3.63e-05
8806,3.63e-05
8807,3.63e-05
8808,3.63e-05
8809,3.63e-05
8810,3.63e-05
8811,3.63e-05
8812,3.63e-05
8813,3.63e-05
8814,3.63e-05
8815,3.63e-05
8816,3.63e-05
8817,3.63e-05
8818,3.63e-05
8819,3.63e-05
8820,3.63e-05
8821,3.63e-05
8822,3.63e-05
8823,3.63e-05
8824,3.63e-05
8825,3.63e-05
8826,3.63e-05
8827,3.63e-05
8828,3.63e-05
8829,3.63e-05
8830,3.63e-05
8831,3.63e-05
8832,3.63e-05
8833,3.63e-05
8834,3.63e-05
8835,3.63e-05
8836,3.63e-05
8837,3.63e-05
8838,3.63e-05
8839,3.63e-05
8840,3.63e-05
8841,3.63e-05
8842,3.63e-05
8843,3.63e-05
8844,3.63e-05
8845,3.63e-05
8846,3.63e-05
8847,3.63e-05
8848,3.63e-05
8849,3.63e-05
8850,3.63e-05
8851,3.63e-05
8852,3.63e-05
8853,3.63e-05
8854,3.63e-05
8855,3.63e-05
8856,3.63e-05
8857,3.63e-05
8858,3.63e-05
8859,3.63e-05
8860,3.63e-05
8861,3.63e-05
8862,3.63e-05
8863,3.63e-05
8864,3.63e-05
8865,3.63e-05
8866,3.63e-05
8867,3.63e-05
8868,3.63e-05
8869,3.63e-05
8870,3.63e-05
8871,3.63e-05
8872,3.63e-05
8873,3.63e-05
8874,3.63e-05
8875,3.63e-05
8876,3.63e-05
8877,3.63e-05
8878,3.63e-05
8879,3.63e-05
8880,3.63e-05
8881,3.63e-05
8882,3.63e-05
8883,3.63e-05
8884,3.63e-05
8885,3.63e-05
8886,3.63e-05
8887,3.63e-05
8888,3.63e-05
8889,3.63e-05
8890,3.63e-05
8891,3.63e-05
8892,3.63e-05
8893,3.63e-05
8894,3.63e-05
8895,3.63e-05
8896,3.63e-05
8897,3.63e-05
8898,3.63e-05
8899,3.63e-05
8900,3.63e-05
8901,3.63e-05
8902,3.63e-05
8903,3.63e-05
8904,3.63e-05
8905,3.63e-05
8906,3.63e-05
8907,3.63e-05
8908,3.63e-05
8909,3.63e-05
8910,3.63e-05
8911,3.63e-05
8912,3.63e-05
8913,3.63e-05
8914,3.63e-05
8915,3.63e-05
8916,3.63e-05
8917,3.63e-05
8918,3.63e-05
8919,3.63e-05
8920,3.63e-05
8921,3.63e-05
8922,3.63e-05
8923,3.63e-05
8924,3.63e-05
8925,3.63e-05
8926,3.63e-05
8927,3.63e-05
8928,3.63e-05
8929,3.63e-05
8930,3.63e-05
8931,3.63e-05
8932,3.63e-05
8933,3.63e-05
8934,3.63e-05
8935,3.63e-05
8936,3.63e-05
8937,3.63e-05
8938,3.63e-05
8939,3.63e-05
8940,3.63e-05
8941,3.63e-05
8942,3.63e-05
8943,3.63e-05
8944,3.63e-05
8945,3.63e-05
8946,3.63e-05
8947,3.63e-05
8948,3.63e-05
8949,3.63e-05
8950,3.63e-05
8951,3.63e-05
8952,3.63e-05
8953,3.63e-05
8954,3.63e-05
8955,3.63e-05
8956,3.63e-05
8957,3.63e-05
8958,3.63e-05
8959,3.63e-05
8960,3.63e-05
8961,3.63e-05
8962,3.63e-05
8963,3.63e-05
8964,3.63e-05
8965,3.63e-05
8966,3.63e-05
8967,3.63e-05
8968,3.63e-05
8969,3.63e-05
8970,3.63e-05
8971,3.63e-05
8972,3.63e-05
8973,3.63e-05
8974,3.63e-05
8975,3.63e-05
8976,3.63e-05
8977,3.63e-05
8978,3.63e-05
8979,3.63e-05
8980,3.63e-05
8981,3.63e-05
8982,3.63e-05
8983,3.63e-05
8984,3.63e-05
8985,3.63e-05
8986,3.63e-05
8987,3.63e-05
8988,3.63e-05
8989,3.63e-05
8990,3.63e-05
8991,3.63e-05
8992,3.63e-05
8993,3.63e-05
8994,3.63e-05
8995,3.63e-05
8996,3.63e-05
8997,3.63e-05
8998,3.63e-05
8999,3.63e-05
9000,3.63e-05
9001,3.63e-05
9002,3.63e-05
9003,4.09102778e-05
9004,5.59409259e-05
9005,0.000235546389
9006,0.000131803056
9007,5.89941667e-05
9008,4.43553704e-05
9009,5.43202778e-05
9010,5.54691667e-05
9011,5.70936111e-05
9012,5.82780556e-05
9013,5.73002778e-05
9014,5.73625e-05
9015,5.61102778e-05
9016,5.19047222e-05
9017,4.70080556e-05
9018,4.06469444e-05
9019,3.69947222e-05
9020,3.73790741e-05
9021,3.82497222e-05
9022,3.78063889e-05
9023,3.63e-05
9024,3.63e-05
9025,3.63e-05
9026,3.63e-05
9027,3.63e-05
9028,3.63e-05
9029,3.63e-05
9030,3.63e-05
9031,3.63e-05
9032,3.63e-05
9033,3.63e-05
9034,3.63e-05
9035,3.63e-05
9036,3.63e-05
9037,3.63e-05
9038,3.63e-05
9039,3.63e-05
9040,3.63e-05
9041,3.63e-05
9042,3.63e-05
9043,3.63e-05
9044,3.63e-05
9045,3.63e-05
9046,3.63e-05
9047,3.63e-05
9048,3.63e-05
9049,3.63e-05
9050,3.63e-05
9051,3.63e-05
9052,3.63e-05
9053,3.63e-05
9054,3.63e-05
9055,3.63e-05
9056,3.63e-05
9057,3.63e-05
9058,3.63e-05
9059,3.63e-05
9060,3.63e-05
9061,3.63e-05
9062,3.63e-05
9063,3.63e-05
9064,3.63e-05
9065,3.63e-05
9066,3.63e-05
9067,3.63e-05
9068,3.63e-05
9069,3.63e-05
9070,3.63e-05
9071,3.63e-05
9072,3.63e-05
9073,3.63e-05
9074,3.63e-05
9075,3.63e-05
9076,3.63e-05
9077,3.63e-05
9078,3.63e-05
9079,3.63e-05
9080,3.63e-05
9081,3.63e-05
9082,3.63e-05
9083,3.63e-05
9084,3.63e-05
9085,3.63e-05
9086,3.63e-05
9087,3.63e-05
9088,3.63e-05
9089,3.63e-05
9090,3.63e-05
9091,3.63e-05
9092,3.63e-05
9093,3.63e-05
9094,3.63e-05
9095,3.63e-05
9096,3.63e-05
9097,3.63e-05
9098,3.63e-05
9099,3.63e-05
9100,3.63e-05
9101,3.63e-05
9102,3.63e-05
9103,3.63e-05
9104,3.63e-05
9105,3.63e-05
9106,3.63e-05
9107,3.63e-05
9108,3.63e-05
9109,3.63e-05
9110,3.63e-05
9111,3.63e-05
9112,3.63e-05
9113,3.63e-05
9114,3.63e-05
9115,3.63e-05
9116,3.63e-05
9117,3.63e-05
9118,3.63e-05
9119,3.63e-05
9120,3.63e-05
9121,3.63e-05
9122,3.63e-05
9123,3.63e-05
9124,3.63e-05
9125,3.63e-05
9126,3.63e-05
9127,3.63e-05
9128,3.63e-05
9129,3.63e-05
9130,3.63e-05
9131,3.63e-05
9132,3.63e-05
9133,3.63e-05
9134,3.63e-05
9135,3.63e-05
9136,3.63e-05
9137,3.63e-05
9138,3.63e-05
9139,3.63e-05
9140,3.63e-05
9141,3.63e-05
9142,3.63e-05
9143,3.63e-05
9144,3.63e-05
9145,3.63e-05
9146,3.63e-05
9147,3.63e-05
9148,3.63e-05
9149,3.63e-05
9150,3.63e-05
9151,3.63e-05
9152,3.63e-05
9153,3.63e-05
9154,3.63e-05
9155,3.63e-05
9156,3.63e-05
9157,3.63e-05
9158,3.63e-05
9159,3.63e-05
9160,3.63e-05
9161,3.63e-05
9162,3.63e-05
9163,3.63e-05
9164,3.63e-05
9165,3.63e-05
9166,3.63e-05
9167,3.63e-05
9168,3.63e-05
9169,3.63e-05
9170,3.63e-05
9171,3.63e-05
9172,3.63e-05
9173,3.63e-05
9174,3.63e-05
9175,3.63e-05
9176,3.63e-05
9177,3.63e-05
9178,3.63e-05
9179,3.63e-05
9180,3.63e-05
9181,3.63e-05
9182,3.63e-05
9183,3.63e-05
9184,3.63e-05
9185,3.63e-05
9186,3.63e-05
9187,3.63e-05
9188,3.63e-05
9189,3.63e-05
9190,3.63e-05
9191,3.63e-05
9192,3.63e-05
9193,3.63e-05
9194,3.63e-05
9195,3.63e-05
9196,3.63e-05
9197,3.63e-05
9198,3.63e-05
9199,3.63e-05
9200,3.63e-05
9201,3.63e-05
9202,3.63e-05
9203,3.63e-05
9204,3.63e-05
9205,3.63e-05
9206,3.63e-05
9207,3.63e-05
9208,3.63e-05
9209,3.63e-05
9210,3.63e-05
9211,3.63e-05
9212,3.63e-05
9213,3.63e-05
9214,3.63e-05
9215,3.63e-05
9216,3.63e-05
9217,3.63e-05
9218,3.63e-05
9219,3.63e-05
9220,3.63e-05
9221,3.63e-05
9222,3.63e-05
9223,3.77047222e-05
9224,4.06572222e-05
9225,0.000175248056
9226,0.000217016944
9227,0.000130848056
9228,8.46402778e-05
9229,5.44613889e-05
9230,3.94094444e-05
9231,4.34019444e-05
9232,4.13797222e-05
9233,4.20197222e-05
9234,3.77391667e-05
9235,3.90119444e-05
9236,4.24297222e-05
9237,5.43786111e-05
9238,5.89975e-05
9239,5.80563889e-05
9240,5.99841667e-05
9241,6.03930556e-05
9242,5.85675e-05
9243,3.63e-05
9244,3.63e-05
9245,3.63e-05
9246,3.63e-05
9247,3.63e-05
9248,3.63e-05
9249,3.63e-05
9250,3.63e-05
9251,3.63e-05
9252,3.63e-05
9253,3.63e-05
9254,3.63e-05
9255,3.63e-05
9256,3.63e-05
9257,3.63e-05
9258,3.63e-05
9259,3.63e-05
9260,3.63e-05
9261,3.63e-05
9262,3.63e-05
9263,3.63e-05
9264,3.63e-05
9265,3.63e-05
9266,3.63e-05
9267,3.63e-05
9268,3.63e-05
9269,3.63e-05
9270,3.63e-05
9271,3.63e-05
9272,3.63e-05
9273,3.63e-05
9274,3.63e-05
9275,3.63e-05
9276,3.63e-05
9277,3.63e-05
9278,3.63e-05
9279,3.63e-05
9280,3.63e-05
9281,3.63e-05
9282,3.63e-05
9283,3.63e-05
9284,3.63e-05
9285,3.63e-05
9286,3.63e-05
9287,3.63e-05
9288,3.63e-05
9289,3.63e-05
9290,3.63e-05
9291,3.63e-05
9292,3.63e-05
9293,3.63e-05
9294,3.63e-05
9295,3.63e-05
9296,3.63e-05
9297,3.63e-05
9298,3.63e-05
9299,3.63e-05
9300,3.63e-05
9301,3.63e-05
9302,3.63e-05
9303,3.63e-05
9304,3.63e-05
9305,3.63e-05
9306,3.63e-05
9307,3.63e-05
9308,3.63e-05
9309,3.63e-05
9310,3.63e-05
9311,3.63e-05
9312,3.63e-05
9313,3.63e-05
9314,3.63e-05
9315,3.63e-05
9316,3.63e-05
9317,3.63e-05
9318,3.63e-05
9319,3.63e-05
9320,3.63e-05
9321,3.63e-05
9322,3.63e-05
9323,3.63e-05
9324,3.63e-05
9325,3.63e-05
9326,3.63e-05
9327,3.63e-05
9328,3.63e-05
9329,3.63e-05
9330,3.63e-05
9331,3.63e-05
9332,3.63e-05
9333,3.63e-05
9334,3.63e-05
9335,3.63e-05
9336,3.63e-05
9337,3.63e-05
9338,3.63e-05
9339,3.63e-05
9340,3.63e-05
9341,3.63e-05
9342,3.63e-05
9343,3.63e-05
9344,3.63e-05
9345,3.63e-05
9346,3.63e-05
9347,3.63e-05
9348,3.63e-05
9349,3.63e-05
9350,3.63e-05
9351,3.63e-05
9352,3.63e-05
9353,3.63e-05
9354,3.63e-05
9355,3.63e-05
9356,3.63e-05
9357,3.63e-05
9358,3.63e-05
9359,3.63e-05
9360,3.63e-05
9361,3.63e-05
9362,3.63e-05
9363,3.63e-05
9364,3.63e-05
9365,3.63e-05
9366,3.63e-05
9367,3.63e-05
9368,3.63e-05
9369,3.63e-05
9370,3.63e-05
9371,3.63e-05
9372,3.63e-05
9373,3.63e-05
9374,3.63e-05
9375,3.63e-05
9376,3.63e-05
9377,3.63e-05
9378,3.63e-05
9379,3.63e-05
9380,3.63e-05
9381,3.63e-05
9382,3.63e-05
9383,3.63e-05
9384,3.63e-05
9385,3.63e-05
9386,3.63e-05
9387,3.63e-05
9388,3.63e-05
9389,3.63e-05
9390,3.63e-05
9391,3.63e-05
9392,3.63e-05
9393,3.63e-05
9394,3.63e-05
9395,3.63e-05
9396,3.63e-05
9397,3.63e-05
9398,3.63e-05
9399,3.63e-05
9400,3.63e-05
9401,3.63e-05
9402,3.63e-05
9403,3.63e-05
9404,3.63e-05
9405,3.63e-05
9406,3.63e-05
9407,3.63e-05
9408,3.63e-05
9409,3.63e-05
9410,3.63e-05
9411,3.63e-05
9412,3.63e-05
9413,3.63e-05
9414,3.63e-05
9415,3.63e-05
9416,3.63e-05
9417,3.63e-05
9418,3.63e-05
9419,3.63e-05
9420,3.63e-05
9421,3.63e-05
9422,3.63e-05
9423,3.63e-05
9424,3.63e-05
9425,3.63e-05
9426,3.63e-05
9427,3.63e-05
9428,3.63e-05
9429,3.63e-05
9430,3.63e-05
9431,3.63e-05
9432,3.63e-05
9433,3.63e-05
9434,3.63e-05
9435,3.63e-05
9436,3.63e-05
9437,3.63e-05
9438,3.63e-05
9439,3.63e-05
9440,3.63e-05
9441,3.63e-05
9442,3.63e-05
9443,3.77e-05
9444,3.81572222e-05
9445,3.82077778e-05
9446,3.68922222e-05
9447,3.84416667e-05
9448,3.75477778e-05
9449,3.88016667e-05
9450,3.93794444e-05
9451,4.09238889e-05
9452,4.33594444e-05
9453,3.9975e-05
9454,3.87005556e-05
9455,3.9615e-05
9456,3.73527778e-05
9457,3.76938889e-05
9458,3.80016667e-05
9459,3.7435e-05
9460,3.79988889e-05
9461,4.04194444e-05
9462,3.86461111e-05
9463,3.63e-05
9464,3.63e-05
9465,3.63e-05
9466,3.63e-05
9467,3.63e-05
9468,3.63e-05
9469,3.63e-05
9470,3.63e-05
9471,3.63e-05
9472,3.63e-05
9473,3.63e-05
9474,3.63e-05
9475,3.63e-05
9476,3.63e-05
9477,3.63e-05
9478,3.63e-05
9479,3.63e-05
9480,3.63e-05
9481,3.63e-05
9482,3.63e-05
9483,3.63e-05
9484,3.63e-05
9485,3.63e-05
9486,3.63e-05
9487,3.63e-05
9488,3.63e-05
9489,3.63e-05
9490,3.63e-05
9491,3.63e-05
9492,3.63e-05
9493,3.63e-05
9494,3.63e-05
9495,3.63e-05
9496,3.63e-05
9497,3.63e-05
9498,3.63e-05
9499,3.63e-05
9500,3.63e-05
9501,3.63e-05
9502,3.63e-05
9503,3.63e-05
9504,3.63e-05
9505,3.63e-05
9506,3.63e-05
9507,3.63e-05
9508,3.63e-05
9509,3.63e-05
9510,3.63e-05
9511,3.63e-05
9512,3.63e-05
9513,3.63e-05
9514,3.63e-05
9515,3.63e-05
9516,3.63e-05
9517,3.63e-05
9518,3.63e-05
9519,3.63e-05
9520,3.63e-05
9521,3.63e-05
9522,3.63e-05
9523,3.63e-05
9524,3.63e-05
9525,3.63e-05
9526,3.63e-05
9527,3.63e-05
9528,3.63e-05
9529,3.63e-05
9530,3.63e-05
9531,3.63e-05
9532,3.63e-05
9533,3.63e-05
9534,3.63e-05
9535,3.63e-05
9536,3.63e-05
9537,3.63e-05
9538,3.63e-05
9539,3.63e-05
9540,3.63e-05
9541,3.63e-05
9542,3.63e-05
9543,3.63e-05
9544,3.63e-05
9545,3.63e-05
9546,3.63e-05
9547,3.63e-05
9548,3.63e-05
9549,3.63e-05
9550,3.63e-05
9551,3.63e-05
9552,3.63e-05
9553,3.63e-05
9554,3.63e-05
9555,3.63e-05
9556,3.63e-05
9557,3.63e-05
9558,3.63e-05
9559,3.63e-05
9560,3.63e-05
9561,3.63e-05
9562,3.63e-05
9563,3.63e-05
9564,3.63e-05
9565,3.63e-05
9566,3.63e-05
9567,3.63e-05
9568,3.63e-05
9569,3.63e-05
9570,3.63e-05
9571,3.63e-05
9572,3.63e-05
9573,3.63e-05
9574,3.63e-05
9575,3.63e-05
9576,3.63e-05
9577,3.63e-05
9578,3.63e-05
9579,3.63e-05
9580,3.63e-05
9581,3.63e-05
9582,3.63e-05
9583,3.63e-05
9584,3.63e-05
9585,3.63e-05
9586,3.63e-05
9587,3.63e-05
9588,3.63e-05
9589,3.63e-05
9590,3.63e-05
9591,3.63e-05
9592,3.63e-05
9593,3.63e-05
9594,3.63e-05
9595,3.63e-05
9596,3.63e-05
9597,3.63e-05
9598,3.63e-05
9599,3.63e-05
9600,3.63e-05
9601,3.63e-05
9602,3.63e-05
9603,3.63e-05
9604,3.63e-05
9605,3.63e-05
9606,3.63e-05
9607,3.63e-05
9608,3.63e-05
9609,3.63e-05
9610,3.63e-05
9611,3.63e-05
9612,3.63e-05
9613,3.63e-05
9614,3.63e-05
9615,3.63e-05
9616,3.63e-05
9617,3.63e-05
9618,3.63e-05
9619,3.63e-05
9620,3.63e-05
9621,3.63e-05
9622,3.63e-05
9623,3.63e-05
9624,3.63e-05
9625,3.63e-05
9626,3.63e-05
9627,3.63e-05
9628,3.63e-05
9629,3.63e-05
9630,3.63e-05
9631,3.63e-05
9632,3.63e-05
9633,3.63e-05
9634,3.63e-05
9635,3.63e-05
9636,3.63e-05
9637,3.63e-05
9638,3.63e-05
9639,3.63e-05
9640,3.63e-05
9641,3.63e-05
9642,3.63e-05
9643,3.63e-05
9644,3.63e-05
9645,3.63e-05
9646,3.63e-05
9647,3.63e-05
9648,3.63e-05
9649,3.63e-05
9650,3.63e-05
9651,3.63e-05
9652,3.63e-05
9653,3.63e-05
9654,3.63e-05
9655,3.63e-05
9656,3.63e-05
9657,3.63e-05
9658,3.63e-05
9659,3.63e-05
9660,3.63e-05
9661,3.63e-05
9662,3.63e-05
9663,4.26341667e-05
9664,4.54409259e-05
9665,0.000233181944
9666,0.000247165278
9667,0.000171588611
9668,0.000110999722
9669,7.23297222e-05
9670,5.06463889e-05
9671,4.81641667e-05
9672,5.02119444e-05
9673,5.70575e-05
9674,6.44941667e-05
9675,6.52030556e-05
9676,5.00086111e-05
9677,3.87034259e-05
9678,4.32369444e-05
9679,5.10413889e-05
9680,5.83425e-05
9681,6.28602778e-05
9682,6.89636111e-05
9683,3.63e-05
9684,3.63e-05
9685,3.63e-05
9686,3.63e-05
9687,3.63e-05
9688,3.63e-05
9689,3.63e-05
9690,3.63e-05
9691,3.63e-05
9692,3.63e-05
9693,3.63e-05
9694,3.63e-05
9695,3.63e-05
9696,3.63e-05
9697,3.63e-05
9698,3.63e-05
9699,3.63e-05
9700,3.63e-05
9701,3.63e-05
9702,3.63e-05
9703,3.63e-05
9704,3.63e-05
9705,3.63e-05
9706,3.63e-05
9707,3.63e-05
9708,3.63e-05
9709,3.63e-05
9710,3.63e-05
9711,3.63e-05
9712,3.63e-05
9713,3.63e-05
9714,3.63e-05
9715,3.63e-05
9716,3.63e-05
9717,3.63e-05
9718,3.63e-05
9719,3.63e-05
9720,3.63e-05
9721,3.63e-05
9722,3.63e-05
9723,3.63e-05
9724,3.63e-05
9725,3.63e-05
9726,3.63e-05
9727,3.63e-05
9728,3.63e-05
9729,3.63e-05
9730,3.63e-05
9731,3.63e-05
9732,3.63e-05
9733,3.63e-05
9734,3.63e-05
9735,3.63e-05
9736,3.63e-05
9737,3.63e-05
9738,3.63e-05
9739,3.63e-05
9740,3.63e-05
9741,3.63e-05
9742,3.63e-05
9743,3.63e-05
9744,3.63e-05
9745,3.63e-05
9746,3.63e-05
9747,3.63e-05
9748,3.63e-05
9749,3.63e-05
9750,3.63e-05
9751,3.63e-05
9752,3.63e-05
9753,3.63e-05
9754,3.63e-05
9755,3.63e-05
9756,3.63e-05
9757,3.63e-05
9758,3.63e-05
9759,3.63e-05
9760,3.63e-05
9761,3.63e-05
9762,3.63e-05
9763,3.63e-05
9764,3.63e-05
9765,3.63e-05
9766,3.63e-05
9767,3.63e-05
9768,3.63e-05
9769,3.63e-05
9770,3.63e-05
9771,3.63e-05
9772,3.63e-05
9773,3.63e-05
9774,3.63e-05
9775,3.63e-05
9776,3.63e-05
9777,3.63e-05
9778,3.63e-05
9779,3.63e-05
9780,3.63e-05
9781,3.63e-05
9782,3.63e-05
9783,3.63e-05
9784,3.63e-05
9785,3.63e-05
9786,3.63e-05
9787,3.63e-05
9788,3.63e-05
9789,3.63e-05
9790,3.63e-05
9791,3.63e-05
9792,3.63e-05
9793,3.63e-05
9794,3.63e-05
9795,3.63e-05
9796,3.63e-05
9797,3.63e-05
9798,3.63e-05
9799,3.63e-05
9800,3.63e-05
9801,3.63e-05
9802,3.63e-05
9803,3.63e-05
9804,3.63e-05
9805,3.63e-05
9806,3.63e-05
9807,3.63e-05
9808,3.63e-05
9809,3.63e-05
9810,3.63e-05
9811,3.63e-05
9812,3.63e-05
9813,3.63e-05
9814,3.63e-05
9815,3.63e-05
9816,3.63e-05
9817,3.63e-05
9818,3.63e-05
9819,3.63e-05
9820,3.63e-05
9821,3.63e-05
9822,3.63e-05
9823,3.63e-05
9824,3.63e-05
9825,3.63e-05
9826,3.63e-05
9827,3.63e-05
9828,3.63e-05
9829,3.63e-05
9830,3.63e-05
9831,3.63e-05
9832,3.63e-05
9833,3.63e-05
9834,3.63e-05
9835,3.63e-05
9836,3.63e-05
9837,3.63e-05
9838,3.63e-05
9839,3.63e-05
9840,3.63e-05
9841,3.63e-05
9842,3.63e-05
9843,3.63e-05
9844,3.63e-05
9845,3.63e-05
9846,3.63e-05
9847,3.63e-05
9848,3.63e-05
9849,3.63e-05
9850,3.63e-05
9851,3.63e-05
9852,3.63e-05
9853,3.63e-05
9854,3.63e-05
9855,3.63e-05
9856,3.63e-05
9857,3.63e-05
9858,3.63e-05
9859,3.63e-05
9860,3.63e-05
9861,3.63e-05
9862,3.63e-05
9863,3.63e-05
9864,3.63e-05
9865,3.63e-05
9866,3.63e-05
9867,3.63e-05
9868,3.63e-05
9869,3.63e-05
9870,3.63e-05
9871,3.63e-05
9872,3.63e-05
9873,3.63e-05
9874,3.63e-05
9875,3.63e-05
9876,3.63e-05
9877,3.63e-05
9878,3.63e-05
9879,3.63e-05
9880,3.63e-05
9881,3.63e-05
9882,3.63e-05
9883,3.69669444e-05
9884,5.10158333e-05
9885,0.000268876389
9886,0.000258630833
9887,0.0001824375
9888,0.000111803056
9889,5.83363889e-05
9890,4.14072222e-05
9891,4.65547222e-05
9892,3.98775e-05
9893,4.55508333e-05
9894,5.32941667e-05
9895,5.18319444e-05
9896,4.42430556e-05
9897,3.73230556e-05
9898,3.78022222e-05
9899,4.03969444e-05
9900,4.38936111e-05
9901,4.54480556e-05
9902,4.54980556e-05
9903,3.63e-05
9904,3.63e-05
9905,3.63e-05
9906,3.63e-05
9907,3.63e-05
9908,3.63e-05
9909,3.63e-05
9910,3.63e-05
9911,3.63e-05
9912,3.63e-05
9913,3.63e-05
9914,3.63e-05
9915,3.63e-05
9916,3.63e-05
9917,3.63e-05
9918,3.63e-05
9919,3.63e-05
9920,3.63e-05
9921,3.63e-05
9922,3.63e-05
9923,3.63e-05
9924,3.63e-05
9925,3.63e-05
9926,3.63e-05
9927,3.63e-05
9928,3.63e-05
9929,3.63e-05
9930,3.63e-05
9931,3.63e-05
9932,3.63e-05
9933,3.63e-05
9934,3.63e-05
9935,3.63e-05
9936,3.63e-05
9937,3.63e-05
9938,3.63e-05
9939,3.63e-05
9940,3.63e-05
9941,3.63e-05
9942,3.63e-05
9943,3.63e-05
9944,3.63e-05
9945,3.63e-05
9946,3.63e-05
9947,3.63e-05
9948,3.63e-05
9949,3.63e-05
9950,3.63e-05
9951,3.63e-05
9952,3.63e-05
9953,3.63e-05
9954,3.63e-05
9955,3.63e-05
9956,3.63e-05
9957,3.63e-05
9958,3.63e-05
9959,3.63e-05
9960,3.63e-05
9961,3.63e-05
9962,3.63e-05
9963,3.63e-05
9964,3.63e-05
9965,3.63e-05
9966,3.63e-05
9967,3.63e-05
9968,3.63e-05
9969,3.63e-05
9970,3.63e-05
9971,3.63e-05
9972,3.63e-05
9973,3.63e-05
9974,3.63e-05
9975,3.63e-05
9976,3.63e-05
9977,3.63e-05
9978,3.63e-05
9979,3.63e-05
9980,3.63e-05
9981,3.63e-05
9982,3.63e-05
9983,3.63e-05
9984,3.63e-05
9985,3.63e-05
9986,3.63e-05
9987,3.63e-05
9988,3.63e-05
9989,3.63e-05
9990,3.63e-05
9991,3.63e-05
9992,3.63e-05
9993,3.63e-05
9994,3.63e-05
9995,3.63e-05
9996,3.63e-05
9997,3.63e-05
9998,3.63e-05
9999,3.63e-05
10000,3.63e-05
10001,3.63e-05
10002,3.63e-05
10003,3.63e-05
10004,3.63e-05
10005,3.63e-05
10006,3.63e-05
10007,3.63e-05
10008,3.63e-05
10009,3.63e-05
10010,3.63e-05
10011,3.63e-05
10012,3.63e-05
10013,3.63e-05
10014,3.63e-05
10015,3.63e-05
10016,3.63e-05
10017,3.63e-05
10018,3.63e-05
10019,3.63e-05
10020,3.63e-05
10021,3.63e-05
10022,3.63e-05
10023,3.63e-05
10024,3.63e-05
10025,3.63e-05
10026,3.63e-05
10027,3.63e-05
10028,3.63e-05
10029,3.63e-05
10030,3.63e-05
10031,3.63e-05
10032,3.63e-05
10033,3.63e-05
10034,3.63e-05
10035,3.63e-05
10036,3.63e-05
10037,3.63e-05
10038,3.63e-05
10039,3.63e-05
10040,3.63e-05
10041,3.63e-05
10042,3.63e-05
10043,3.63e-05
10044,3.63e-05
10045,3.63e-05
10046,3.63e-05
10047,3.63e-05
10048,3.63e-05
10049,3.63e-05
10050,3.63e-05
10051,3.63e-05
10052,3.63e-05
10053,3.63e-05
10054,3.63e-05
10055,3.63e-05
10056,3.63e-05
10057,3.63e-05
10058,3.63e-05
10059,3.63e-05
10060,3.63e-05
10061,3.63e-05
10062,3.63e-05
10063,3.63e-05
10064,3.63e-05
10065,3.63e-05
10066,3.63e-05
10067,3.63e-05
10068,3.63e-05
10069,3.63e-05
10070,3.63e-05
10071,3.63e-05
10072,3.63e-05
10073,3.63e-05
10074,3.63e-05
10075,3.63e-05
10076,3.63e-05
10077,3.63e-05
10078,3.63e-05
10079,3.63e-05
10080,3.63e-05
10081,3.63e-05
10082,3.63e-05
10083,3.63e-05
10084,3.63e-05
10085,3.63e-05
10086,3.63e-05
10087,3.63e-05
10088,3.63e-05
10089,3.63e-05
10090,3.63e-05
10091,3.63e-05
10092,3.63e-05
10093,3.63e-05
10094,3.63e-05
10095,3.63e-05
10096,3.63e-05
10097,3.63e-05
10098,3.63e-05
10099,3.63e-05
10100,3.63e-05
10101,3.63e-05
10102,3.63e-05
10103,3.77e-05
10104,3.81572222e-05
10105,3.82077778e-05
10106,3.68922222e-05
10107,3.84416667e-05
10108,3.75477778e-05
10109,3.88016667e-05
10110,3.93794444e-05
10111,4.09238889e-05
10112,4.33594444e-05
10113,3.9975e-05
10114,3.87005556e-05
10115,3.9615e-05
10116,3.73527778e-05
10117,3.76938889e-05
10118,3.80016667e-05
10119,3.7435e-05
10120,3.79988889e-05
10121,4.04194444e-05
10122,3.86461111e-05
10123,3.63e-05
10124,3.63e-05
10125,3.63e-05
10126,3.63e-05
10127,3.63e-05
10128,3.63e-05
10129,3.63e-05
10130,3.63e-05
10131,3.63e-05
10132,3.63e-05
10133,3.63e-05
10134,3.63e-05
10135,3.63e-05
10136,3.63e-05
10137,3.63e-05
10138,3.63e-05
10139,3.63e-05
10140,3.63e-05
10141,3.63e-05
10142,3.63e-05
10143,3.63e-05
10144,3.63e-05
10145,3.63e-05
10146,3.63e-05
10147,3.63e-05
10148,3.63e-05
10149,3.63e-05
10150,3.63e-05
10151,3.63e-05
10152,3.63e-05
10153,3.63e-05
10154,3.63e-05
10155,3.63e-05
10156,3.63e-05
10157,3.63e-05
10158,3.63e-05
10159,3.63e-05
10160,3.63e-05
10161,3.63e-05
10162,3.63e-05
10163,3.63e-05
10164,3.63e-05
10165,3.63e-05
10166,3.63e-05
10167,3.63e-05
10168,3.63e-05
10169,3.63e-05
10170,3.63e-05
10171,3.63e-05
10172,3.63e-05
10173,3.63e-05
10174,3.63e-05
10175,3.63e-05
10176,3.63e-05
10177,3.63e-05
10178,3.63e-05
10179,3.63e-05
10180,3.63e-05
10181,3.63e-05
10182,3.63e-05
10183,3.63e-05
10184,3.63e-05
10185,3.63e-05
10186,3.63e-05
10187,3.63e-05
10188,3.63e-05
10189,3.63e-05
10190,3.63e-05
10191,3.63e-05
10192,3.63e-05
10193,3.63e-05
10194,3.63e-05
10195,3.63e-05
10196,3.63e-05
10197,3.63e-05
10198,3.63e-05
10199,3.63e-05
10200,3.63e-05
10201,3.63e-05
10202,3.63e-05
10203,3.63e-05
10204,3.63e-05
10205,3.63e-05
10206,3.63e-05
10207,3.63e-05
10208,3.63e-05
10209,3.63e-05
10210,3.63e-05
10211,3.63e-05
10212,3.63e-05
10213,3.63e-05
10214,3.63e-05
10215,3.63e-05
10216,3.63e-05
10217,3.63e-05
10218,3.63e-05
10219,3.63e-05
10220,3.63e-05
10221,3.63e-05
10222,3.63e-05
10223,3.63e-05
10224,3.63e-05
10225,3.63e-05
10226,3.63e-05
10227,3.63e-05
10228,3.63e-05
10229,3.63e-05
10230,3.63e-05
10231,3.63e-05
10232,3.63e-05
10233,3.63e-05
10234,3.63e-05
10235,3.63e-05
10236,3.63e-05
10237,3.63e-05
10238,3.63e-05
10239,3.63e-05
10240,3.63e-05
10241,3.63e-05
10242,3.63e-05
10243,3.63e-05
10244,3.63e-05
10245,3.63e-05
10246,3.63e-05
10247,3.63e-05
10248,3.63e-05
10249,3.63e-05
10250,3.63e-05
10251,3.63e-05
10252,3.63e-05
10253,3.63e-05
10254,3.63e-05
10255,3.63e-05
10256,3.63e-05
10257,3.63e-05
10258,3.63e-05
10259,3.63e-05
10260,3.63e-05
10261,3.63e-05
10262,3.63e-05
10263,3.63e-05
10264,3.63e-05
10265,3.63e-05
10266,3.63e-05
10267,3.63e-05
10268,3.63e-05
10269,3.63e-05
10270,3.63e-05
10271,3.63e-05
10272,3.63e-05
10273,3.63e-05
10274,3.63e-05
10275,3.63e-05
10276,3.63e-05
10277,3.63e-05
10278,3.63e-05
10279,3.63e-05
10280,3.63e-05
10281,3.63e-05
10282,3.63e-05
10283,3.63e-05
10284,3.63e-05
10285,3.63e-05
10286,3.63e-05
10287,3.63e-05
10288,3.63e-05
10289,3.63e-05
10290,3.63e-05
10291,3.63e-05
10292,3.63e-05
10293,3.63e-05
10294,3.63e-05
10295,3.63e-05
10296,3.63e-05
10297,3.63e-05
10298,3.63e-05
10299,3.63e-05
10300,3.63e-05
10301,3.63e-05
10302,3.63e-05
10303,3.63e-05
10304,3.63e-05
10305,3.63e-05
10306,3.63e-05
10307,3.63e-05
10308,3.63e-05
10309,3.63e-05
10310,3.63e-05
10311,3.63e-05
10312,3.63e-05
10313,3.63e-05
10314,3.63e-05
10315,3.63e-05
10316,3.63e-05
10317,3.63e-05
10318,3.63e-05
10319,3.63e-05
10320,3.63e-05
10321,3.63e-05
10322,3.63e-05
10323,4.26341667e-05
10324,4.54409259e-05
10325,0.000233181944
10326,0.000247165278
10327,0.000171588611
10328,0.000110999722
10329,7.23297222e-05
10330,5.06463889e-05
10331,4.81641667e-05
10332,5.02119444e-05
10333,5.70575e-05
10334,6.44941667e-05
10335,6.52030556e-05
10336,5.00086111e-05
10337,3.87034259e-05
10338,4.32369444e-05
10339,5.10413889e-05
10340,5.83425e-05
10341,6.28602778e-05
10342,6.89636111e-05
10343,3.63e-05
10344,3.63e-05
10345,3.63e-05
10346,3.63e-05
10347,3.63e-05
10348,3.63e-05
10349,3.63e-05
10350,3.63e-05
10351,3.63e-05
10352,3.63e-05
10353,3.63e-05
10354,3.63e-05
10355,3.63e-05
10356,3.63e-05
10357,3.63e-05
10358,3.63e-05
10359,3.63e-05
10360,3.63e-05
10361,3.63e-05
10362,3.63e-05
10363,3.63e-05
10364,3.63e-05
10365,3.63e-05
10366,3.63e-05
10367,3.63e-05
10368,3.63e-05
10369,3.63e-05
10370,3.63e-05
10371,3.63e-05
10372,3.63e-05
10373,3.63e-05
10374,3.63e-05
10375,3.63e-05
10376,3.63e-05
10377,3.63e-05
10378,3.63e-05
10379,3.63e-05
10380,3.63e-05
10381,3.63e-05
10382,3.63e-05
10383,3.63e-05
10384,3.63e-05
10385,3.63e-05
10386,3.63e-05
10387,3.63e-05
10388,3.63e-05
10389,3.63e-05
10390,3.63e-05
10391,3.63e-05
10392,3.63e-05
10393,3.63e-05
10394,3.63e-05
10395,3.63e-05
10396,3.63e-05
10397,3.63e-05
10398,3.63e-05
10399,3.63e-05
10400,3.63e-05
10401,3.63e-05
10402,3.63e-05
10403,3.63e-05
10404,3.63e-05
10405,3.63e-05
10406,3.63e-05
10407,3.63e-05
10408,3.63e-05
10409,3.63e-05
10410,3.63e-05
10411,3.63e-05
10412,3.63e-05
10413,3.63e-05
10414,3.63e-05
10415,3.63e-05
10416,3.63e-05
10417,3.63e-05
10418,3.63e-05
10419,3.63e-05
10420,3.63e-05
10421,3.63e-05
10422,3.63e-05
10423,3.63e-05
10424,3.63e-05
10425,3.63e-05
10426,3.63e-05
10427,3.63e-05
10428,3.63e-05
10429,3.63e-05
10430,3.63e-05
10431,3.63e-05
10432,3.63e-05
10433,3.63e-05
10434,3.63e-05
10435,3.63e-05
10436,3.63e-05
10437,3.63e-05
10438,3.63e-05
10439,3.63e-05
10440,3.63e-05
10441,3.63e-05
10442,3.63e-05
10443,3.63e-05
10444,3.63e-05
10445,3.63e-05
10446,3.63e-05
10447,3.63e-05
10448,3.63e-05
10449,3.63e-05
10450,3.63e-05
10451,3.63e-05
10452,3.63e-05
10453,3.63e-05
10454,3.63e-05
10455,3.63e-05
10456,3.63e-05
10457,3.63e-05
10458,3.63e-05
10459,3.63e-05
10460,3.63e-05
10461,3.63e-05
10462,3.63e-05
10463,3.63e-05
10464,3.63e-05
10465,3.63e-05
10466,3.63e-05
10467,3.63e-05
10468,3.63e-05
10469,3.63e-05
10470,3.63e-05
10471,3.63e-05
10472,3.63e-05
10473,3.63e-05
10474,3.63e-05
10475,3.63e-05
10476,3.63e-05
10477,3.63e-05
10478,3.63e-05
10479,3.63e-05
10480,3.63e-05
10481,3.63e-05
10482,3.63e-05
10483,3.63e-05
10484,3.63e-05
10485,3.63e-05
10486,3.63e-05
10487,3.63e-05
10488,3.63e-05
10489,3.63e-05
10490,3.63e-05
10491,3.63e-05
10492,3.63e-05
10493,3.63e-05
10494,3.63e-05
10495,3.63e-05
10496,3.63e-05
10497,3.63e-05
10498,3.63e-05
10499,3.63e-05
10500,3.63e-05
10501,3.63e-05
10502,3.63e-05
10503,3.63e-05
10504,3.63e-05
10505,3.63e-05
10506,3.63e-05
10507,3.63e-05
10508,3.63e-05
10509,3.63e-05
10510,3.63e-05
10511,3.63e-05
10512,3.63e-05
10513,3.63e-05
10514,3.63e-05
10515,3.63e-05
10516,3.63e-05
10517,3.63e-05
10518,3.63e-05
10519,3.63e-05
10520,3.63e-05
10521,3.63e-05
10522,3.63e-05
10523,3.63e-05
10524,3.63e-05
10525,3.63e-05
10526,3.63e-05
10527,3.63e-05
10528,3.63e-05
10529,3.63e-05
10530,3.63e-05
10531,3.63e-05
10532,3.63e-05
10533,3.63e-05
10534,3.63e-05
10535,3.63e-05
10536,3.63e-05
10537,3.63e-05
10538,3.63e-05
10539,3.63e-05
10540,3.63e-05
10541,3.63e-05
10542,3.63e-05
10543,4.09102778e-05
10544,5.59409259e-05
10545,0.000235546389
10546,0.000131803056
10547,5.89941667e-05
10548,4.43553704e-05
10549,5.43202778e-05
10550,5.54691667e-05
10551,5.70936111e-05
10552,5.82780556e-05
10553,5.73002778e-05
10554,5.73625e-05
10555,5.61102778e-05
10556,5.19047222e-05
10557,4.70080556e-05
10558,4.06469444e-05
10559,3.69947222e-05
10560,3.73790741e-05
10561,3.82497222e-05
10562,3.78063889e-05
10563,3.63e-05
10564,3.63e-05
10565,3.63e-05
10566,3.63e-05
10567,3.63e-05
10568,3.63e-05
10569,3.63e-05
10570,3.63e-05
10571,3.63e-05
10572,3.63e-05
10573,3.63e-05
10574,3.63e-05
10575,3.63e-05
10576,3.63e-05
10577,3.63e-05
10578,3.63e-05
10579,3.63e-05
10580,3.63e-05
10581,3.63e-05
10582,3.63e-05
10583,3.63e-05
10584,3.63e-05
10585,3.63e-05
10586,3.63e-05
10587,3.63e-05
10588,3.63e-05
10589,3.63e-05
10590,3.63e-05
10591,3.63e-05
10592,3.63e-05
10593,3.63e-05
10594,3.63e-05
10595,3.63e-05
10596,3.63e-05
10597,3.63e-05
10598,3.63e-05
10599,3.63e-05
10600,3.63e-05
10601,3.63e-05
10602,3.63e-05
10603,3.63e-05
10604,3.63e-05
10605,3.63e-05
10606,3.63e-05
10607,3.63e-05
10608,3.63e-05
10609,3.63e-05
10610,3.63e-05
10611,3.63e-05
10612,3.63e-05
10613,3.63e-05
10614,3.63e-05
10615,3.63e-05
10616,3.63e-05
10617,3.63e-05
10618,3.63e-05
10619,3.63e-05
10620,3.63e-05
10621,3.63e-05
10622,3.63e-05
10623,3.63e-05
10624,3.63e-05
10625,3.63e-05
10626,3.63e-05
10627,3.63e-05
10628,3.63e-05
10629,3.63e-05
10630,3.63e-05
10631,3.63e-05
10632,3.63e-05
10633,3.63e-05
10634,3.63e-05
10635,3.63e-05
10636,3.63e-05
10637,3.63e-05
10638,3.63e-05
10639,3.63e-05
10640,3.63e-05
10641,3.63e-05
10642,3.63e-05
10643,3.63e-05
10644,3.63e-05
10645,3.63e-05
10646,3.63e-05
10647,3.63e-05
10648,3.63e-05
10649,3.63e-05
10650,3.63e-05
10651,3.63e-05
10652,3.63e-05
10653,3.63e-05
10654,3.63e-05
10655,3.63e-05
10656,3.63e-05
10657,3.63e-05
10658,3.63e-05
10659,3.63e-05
10660,3.63e-05
10661,3.63e-05
10662,3.63e-05
10663,3.63e-05
10664,3.63e-05
10665,3.63e-05
10666,3.63e-05
10667,3.63e-05
10668,3.63e-05
10669,3.63e-05
10670,3.63e-05
10671,3.63e-05
10672,3.63e-05
10673,3.63e-05
10674,3.63e-05
10675,3.63e-05
10676,3.63e-05
10677,3.63e-05
10678,3.63e-05
10679,3.63e-05
10680,3.63e-05
10681,3.63e-05
10682,3.63e-05
10683,3.63e-05
10684,3.63e-05
10685,3.63e-05
10686,3.63e-05
10687,3.63e-05
10688,3.63e-05
10689,3.63e-05
10690,3.63e-05
10691,3.63e-05
10692,3.63e-05
10693,3.63e-05
10694,3.63e-05
10695,3.63e-05
10696,3.63e-05
10697,3.63e-05
10698,3.63e-05
10699,3.63e-05
10700,3.63e-05
10701,3.63e-05
10702,3.63e-05
10703,3.63e-05
10704,3.63e-05
10705,3.63e-05
10706,3.63e-05
10707,3.63e-05
10708,3.63e-05
10709,3.63e-05
10710,3.63e-05
10711,3.63e-05
10712,3.63e-05
10713,3.63e-05
10714,3.63e-05
10715,3.63e-05
10716,3.63e-05
10717,3.63e-05
10718,3.63e-05
10719,3.63e-05
10720,3.63e-05
10721,3.63e-05
10722,3.63e-05
10723,3.63e-05
10724,3.63e-05
10725,3.63e-05
10726,3.63e-05
10727,3.63e-05
10728,3.63e-05
10729,3.63e-05
10730,3.63e-05
10731,3.63e-05
10732,3.63e-05
10733,3.63e-05
10734,3.63e-05
10735,3.63e-05
10736,3.63e-05
10737,3.63e-05
10738,3.63e-05
10739,3.63e-05
10740,3.63e-05
10741,3.63e-05
10742,3.63e-05
10743,3.63e-05
10744,3.63e-05
10745,3.63e-05
10746,3.63e-05
10747,3.63e-05
10748,3.63e-05
10749,3.63e-05
10750,3.63e-05
10751,3.63e-05
10752,3.63e-05
10753,3.63e-05
10754,3.63e-05
10755,3.63e-05
10756,3.63e-05
10757,3.63e-05
10758,3.63e-05
10759,3.63e-05
10760,3.63e-05
10761,3.63e-05
10762,3.63e-05
10763,3.77047222e-05
10764,4.06572222e-05
10765,0.000175248056
10766,0.000217016944
10767,0.000130848056
10768,8.46402778e-05
10769,5.44613889e-05
10770,3.94094444e-05
10771,4.34019444e-05
10772,4.13797222e-05
10773,4.20197222e-05
10774,3.77391667e-05
10775,3.90119444e-05
10776,4.24297222e-05
10777,5.43786111e-05
10778,5.89975e-05
10779,5.80563889e-05
10780,5.99841667e-05
10781,6.03930556e-05
10782,5.85675e-05
10783,3.63e-05
10784,3.63e-05
10785,3.63e-05
10786,3.63e-05
10787,3.63e-05
10788,3.63e-05
10789,3.63e-05
10790,3.63e-05
10791,3.63e-05
10792,3.63e-05
10793,3.63e-05
10794,3.63e-05
10795,3.63e-05
10796,3.63e-05
10797,3.63e-05
10798,3.63e-05
10799,3.63e-05
10800,3.63e-05
10801,3.63e-05
10802,3.63e-05
10803,3.63e-05
10804,3.63e-05
10805,3.63e-05
10806,3.63e-05
10807,3.63e-05
10808,3.63e-05
10809,3.63e-05
10810,3.63e-05
10811,3.63e-05
10812,3.63e-05
10813,3.63e-05
10814,3.63e-05
10815,3.63e-05
10816,3.63e-05
10817,3.63e-05
10818,3.63e-05
10819,3.63e-05
10820,3.63e-05
10821,3.63e-05
10822,3.63e-05
10823,3.63e-05
10824,3.63e-05
10825,3.63e-05
10826,3.63e-05
10827,3.63e-05
10828,3.63e-05
10829,3.63e-05
10830,3.63e-05
10831,3.63e-05
10832,3.63e-05
10833,3.63e-05
10834,3.63e-05
10835,3.63e-05
10836,3.63e-05
10837,3.63e-05
10838,3.63e-05
10839,3.63e-05
10840,3.63e-05
10841,3.63e-05
10842,3.63e-05
10843,3.63e-05
10844,3.63e-05
10845,3.63e-05
10846,3.63e-05
10847,3.63e-05
10848,3.63e-05
10849,3.63e-05
10850,3.63e-05
10851,3.63e-05
10852,3.63e-05
10853,3.63e-05
10854,3.63e-05
10855,3.63e-05
10856,3.63e-05
10857,3.63e-05
10858,3.63e-05
10859,3.63e-05
10860,3.63e-05
10861,3.63e-05
10862,3.63e-05
10863,3.63e-05
10864,3.63e-05
10865,3.63e-05
10866,3.63e-05
10867,3.63e-05
10868,3.63e-05
10869,3.63e-05
10870,3.63e-05
10871,3.63e-05
10872,3.63e-05
10873,3.63e-05
10874,3.63e-05
10875,3.63e-05
10876,3.63e-05
10877,3.63e-05
10878,3.63e-05
10879,3.63e-05
10880,3.63e-05
10881,3.63e-05
10882,3.63e-05
10883,3.63e-05
10884,3.63e-05
10885,3.63e-05
10886,3.63e-05
10887,3.63e-05
10888,3.63e-05
10889,3.63e-05
10890,3.63e-05
10891,3.63e-05
10892,3.63e-05
10893,3.63e-05
10894,3.63e-05
10895,3.63e-05
10896,3.63e-05
10897,3.63e-05
10898,3.63e-05
10899,3.63e-05
10900,3.63e-05
10901,3.63e-05
10902,3.63e-05
10903,3.63e-05
10904,3.63e-05
10905,3.63e-05
10906,3.63e-05
10907,3.63e-05
10908,3.63e-05
10909,3.63e-05
10910,3.63e-05
10911,3.63e-05
10912,3.63e-05
10913,3.63e-05
10914,3.63e-05
10915,3.63e-05
10916,3.63e-05
10917,3.63e-05
10918,3.63e-05
10919,3.63e-05
10920,3.63e-05
10921,3.63e-05
10922,3.63e-05
10923,3.63e-05
10924,3.63e-05
10925,3.63e-05
10926,3.63e-05
10927,3.63e-05
10928,3.63e-05
10929,3.63e-05
10930,3.63e-05
10931,3.63e-05
10932,3.63e-05
10933,3.63e-05
10934,3.63e-05
10935,3.63e-05
10936,3.63e-05
10937,3.63e-05
10938,3.63e-05
10939,3.63e-05
10940,3.63e-05
10941,3.63e-05
10942,3.63e-05
10943,3.63e-05
10944,3.63e-05
10945,3.63e-05
10946,3.63e-05
10947,3.63e-05
10948,3.63e-05
10949,3.63e-05
10950,3.63e-05
10951,3.63e-05
10952,3.63e-05
10953,3.63e-05
10954,3.63e-05
10955,3.63e-05
10956,3.63e-05
10957,3.63e-05
10958,3.63e-05
10959,3.63e-05
10960,3.63e-05
10961,3.63e-05
10962,3.63e-05
10963,3.63e-05
10964,3.63e-05
10965,3.63e-05
10966,3.63e-05
10967,3.63e-05
10968,3.63e-05
10969,3.63e-05
10970,3.63e-05
10971,3.63e-05
10972,3.63e-05
10973,3.63e-05
10974,3.63e-05
10975,3.63e-05
10976,3.63e-05
10977,3.63e-05
10978,3.63e-05
10979,3.63e-05
10980,3.63e-05
10981,3.63e-05
10982,3.63e-05
10983,3.69669444e-05
10984,5.10158333e-05
10985,0.000268876389
10986,0.000258630833
10987,0.0001824375
10988,0.000111803056
10989,5.83363889e-05
10990,4.14072222e-05
10991,4.65547222e-05
10992,3.98775e-05
10993,4.55508333e-05
10994,5.32941667e-05
10995,5.18319444e-05
10996,4.42430556e-05
10997,3.73230556e-05
10998,3.78022222e-05
10999,4.03969444e-05
11000,4.38936111e-05
11001,4.54480556e-05
11002,4.54980556e-05
11003,3.63e-05
11004,3.63e-05
11005,3.63e-05
11006,3.63e-05
11007,3.63e-05
11008,3.63e-05
11009,3.63e-05
11010,3.63e-05
11011,3.63e-05
11012,3.63e-05
11013,3.63e-05
11014,3.63e-05
11015,3.63e-05
11016,3.63e-05
11017,3.63e-05
11018,3.63e-05
11019,3.63e-05
11020,3.63e-05
11021,3.63e-05
11022,3.63e-05
11023,3.63e-05
11024,3.63e-05
11025,3.63e-05
11026,3.63e-05
11027,3.63e-05
11028,3.63e-05
11029,3.63e-05
11030,3.63e-05
11031,3.63e-05
11032,3.63e-05
11033,3.63e-05
11034,3.63e-05
11035,3.63e-05
11036,3.63e-05
11037,3.63e-05
11038,3.63e-05
11039,3.63e-05
11040,3.63e-05
11041,3.63e-05
11042,3.63e-05
11043,3.63e-05
11044,3.63e-05
11045,3.63e-05
11046,3.63e-05
11047,3.63e-05
11048,3.63e-05
11049,3.63e-05
11050,3.63e-05
11051,3.63e-05
11052,3.63e-05
11053,3.63e-05
11054,3.63e-05
11055,3.63e-05
11056,3.63e-05
11057,3.63e-05
11058,3.63e-05
11059,3.63e-05
11060,3.63e-05
11061,3.63e-05
11062,3.63e-05
11063,3.63e-05
11064,3.63e-05
11065,3.63e-05
11066,3.63e-05
11067,3.63e-05
11068,3.63e-05
11069,3.63e-05
11070,3.63e-05
11071,3.63e-05
11072,3.63e-05
11073,3.63e-05
11074,3.63e-05
11075,3.63e-05
11076,3.63e-05
11077,3.63e-05
11078,3.63e-05
11079,3.63e-05
11080,3.63e-05
11081,3.63e-05
11082,3.63e-05
11083,3.63e-05
11084,3.63e-05
11085,3.63e-05
11086,3.63e-05
11087,3.63e-05
11088,3.63e-05
11089,3.63e-05
11090,3.63e-05
11091,3.63e-05
11092,3.63e-05
11093,3.63e-05
11094,3.63e-05
11095,3.63e-05
11096,3.63e-05
11097,3.63e-05
11098,3.63e-05
11099,3.63e-05
11100,3.63e-05
11101,3.63e-05
11102,3.63e-05
11103,3.63e-05
11104,3.63e-05
11105,3.63e-05
11106,3.63e-05
11107,3.63e-05
11108,3.63e-05
11109,3.63e-05
11110,3.63e-05
11111,3.63e-05
11112,3.63e-05
11113,3.63e-05
11114,3.63e-05
11115,3.63e-05
11116,3.63e-05
11117,3.63e-05
11118,3.63e-05
11119,3.63e-05
11120,3.63e-05
11121,3.63e-05
11122,3.63e-05
11123,3.63e-05
11124,3.63e-05
11125,3.63e-05
11126,3.63e-05
11127,3.63e-05
11128,3.63e-05
11129,3.63e-05
11130,3.63e-05
11131,3.63e-05
11132,3.63e-05
11133,3.63e-05
11134,3.63e-05
11135,3.63e-05
11136,3.63e-05
11137,3.63e-05
11138,3.63e-05
11139,3.63e-05
11140,3.63e-05
11141,3.63e-05
11142,3.63e-05
11143,3.63e-05
11144,3.63e-05
11145,3.63e-05
11146,3.63e-05
11147,3.63e-05
11148,3.63e-05
11149,3.63e-05
11150,3.63e-05
11151,3.63e-05
11152,3.63e-05
11153,3.63e-05
11154,3.63e-05
11155,3.63e-05
11156,3.63e-05
11157,3.63e-05
11158,3.63e-05
11159,3.63e-05
11160,3.63e-05
11161,3.63e-05
11162,3.63e-05
11163,3.63e-05
11164,3.63e-05
11165,3.63e-05
11166,3.63e-05
11167,3.63e-05
11168,3.63e-05
11169,3.63e-05
11170,3.63e-05
11171,3.63e-05
11172,3.63e-05
11173,3.63e-05
11174,3.63e-05
11175,3.63e-05
11176,3.63e-05
11177,3.63e-05
11178,3.63e-05
11179,3.63e-05
11180,3.63e-05
11181,3.63e-05
11182,3.63e-05
11183,3.63e-05
11184,3.63e-05
11185,3.63e-05
11186,3.63e-05
11187,3.63e-05
11188,3.63e-05
11189,3.63e-05
11190,3.63e-05
11191,3.63e-05
11192,3.63e-05
11193,3.63e-05
11194,3.63e-05
11195,3.63e-05
11196,3.63e-05
11197,3.63e-05
11198,3.63e-05
11199,3.63e-05
11200,3.63e-05
11201,3.63e-05
11202,3.63e-05
11203,4.26341667e-05
11204,4.54409259e-05
11205,0.000233181944
11206,0.000247165278
11207,0.000171588611
11208,0.000110999722
11209,7.23297222e-05
11210,5.06463889e-05
11211,4.81641667e-05
11212,5.02119444e-05
11213,5.70575e-05
11214,6.44941667e-05
11215,6.52030556e-05
11216,5.00086111e-05
11217,3.87034259e-05
11218,4.32369444e-05
11219,5.10413889e-05
11220,5.83425e-05
11221,6.28602778e-05
11222,6.89636111e-05
11223,3.63e-05
11224,3.63e-05
11225,3.63e-05
11226,3.63e-05
11227,3.63e-05
11228,3.63e-05
11229,3.63e-05
11230,3.63e-05
11231,3.63e-05
11232,3.63e-05
11233,3.63e-05
11234,3.63e-05
11235,3.63e-05
11236,3.63e-05
11237,3.63e-05
11238,3.63e-05
11239,3.63e-05
11240,3.63e-05
11241,3.63e-05
11242,3.63e-05
11243,3.63e-05
11244,3.63e-05
11245,3.63e-05
11246,3.63e-05
11247,3.63e-05
11248,3.63e-05
11249,3.63e-05
11250,3.63e-05
11251,3.63e-05
11252,3.63e-05
11253,3.63e-05
11254,3.63e-05
11255,3.63e-05
11256,3.63e-05
11257,3.63e-05
11258,3.63e-05
11259,3.63e-05
11260,3.63e-05
11261,3.63e-05
11262,3.63e-05
11263,3.63e-05
11264,3.63e-05
11265,3.63e-05
11266,3.63e-05
11267,3.63e-05
11268,3.63e-05
11269,3.63e-05
11270,3.63e-05
11271,3.63e-05
11272,3.63e-05
11273,3.63e-05
11274,3.63e-05
11275,3.63e-05
11276,3.63e-05
11277,3.63e-05
11278,3.63e-05
11279,3.63e-05
11280,3.63e-05
11281,3.63e-05
11282,3.63e-05
11283,3.63e-05
11284,3.63e-05
11285,3.63e-05
11286,3.63e-05
11287,3.63e-05
11288,3.63e-05
11289,3.63e-05
11290,3.63e-05
11291,3.63e-05
11292,3.63e-05
11293,3.63e-05
11294,3.63e-05
11295,3.63e-05
11296,3.63e-05
11297,3.63e-05
11298,3.63e-05
11299,3.63e-05
11300,3.63e-05
11301,3.63e-05
11302,3.63e-05
11303,3.63e-05
11304,3.63e-05
11305,3.63e-05
11306,3.63e-05
11307,3.63e-05
11308,3.63e-05
11309,3.63e-05
11310,3.63e-05
11311,3.63e-05
11312,3.63e-05
11313,3.63e-05
11314,3.63e-05
11315,3.63e-05
11316,3.63e-05
11317,3.63e-05
11318,3.63e-05
11319,3.63e-05
11320,3.63e-05
11321,3.63e-05
11322,3.63e-05
11323,3.63e-05
11324,3.63e-05
11325,3.63e-05
11326,3.63e-05
11327,3.63e-05
11328,3.63e-05
11329,3.63e-05
11330,3.63e-05
11331,3.63e-05
11332,3.63e-05
11333,3.63e-05
11334,3.63e-05
11335,3.63e-05
11336,3.63e-05
11337,3.63e-05
11338,3.63e-05
11339,3.63e-05
11340,3.63e-05
11341,3.63e-05
11342,3.63e-05
11343,3.63e-05
11344,3.63e-05
11345,3.63e-05
11346,3.63e-05
11347,3.63e-05
11348,3.63e-05
11349,3.63e-05
11350,3.63e-05
11351,3.63e-05
11352,3.63e-05
11353,3.63e-05
11354,3.63e-05
11355,3.63e-05
11356,3.63e-05
11357,3.63e-05
11358,3.63e-05
11359,3.63e-05
11360,3.63e-05
11361,3.63e-05
11362,3.63e-05
11363,3.63e-05
11364,3.63e-05
11365,3.63e-05
11366,3.63e-05
11367,3.63e-05
11368,3.63e-05
11369,3.63e-05
11370,3.63e-05
11371,3.63e-05
11372,3.63e-05
11373,3.63e-05
11374,3.63e-05
11375,3.63e-05
11376,3.63e-05
11377,3.63e-05
11378,3.63e-05
11379,3.63e-05
11380,3.63e-05
11381,3.63e-05
11382,3.63e-05
11383,3.63e-05
11384,3.63e-05
11385,3.63e-05
11386,3.63e-05
11387,3.63e-05
11388,3.63e-05
11389,3.63e-05
11390,3.63e-05
11391,3.63e-05
11392,3.63e-05
11393,3.63e-05
11394,3.63e-05
11395,3.63e-05
11396,3.63e-05
11397,3.63e-05
11398,3.63e-05
11399,3.63e-05
11400,3.63e-05
11401,3.63e-05
11402,3.63e-05
11403,3.63e-05
11404,3.63e-05
11405,3.63e-05
11406,3.63e-05
11407,3.63e-05
11408,3.63e-05
11409,3.63e-05
11410,3.63e-05
11411,3.63e-05
11412,3.63e-05
11413,3.63e-05
11414,3.63e-05
11415,3.63e-05
11416,3.63e-05
11417,3.63e-05
11418,3.63e-05
11419,3.63e-05
11420,3.63e-05
11421,3.63e-05
11422,3.63e-05
11423,3.77e-05
11424,3.81572222e-05
11425,3.82077778e-05
11426,3.68922222e-05
11427,3.84416667e-05
11428,3.75477778e-05
11429,3.88016667e-05
11430,3.93794444e-05
11431,4.09238889e-05
11432,4.33594444e-05
11433,3.9975e-05
11434,3.87005556e-05
11435,3.9615e-05
11436,3.73527778e-05
11437,3.76938889e-05
11438,3.80016667e-05
11439,3.7435e-05
11440,3.79988889e-05
11441,4.04194444e-05
11442,3.86461111e-05
11443,3.63e-05
11444,3.63e-05
11445,3.63e-05
11446,3.63e-05
11447,3.63e-05
11448,3.63e-05
11449,3.63e-05
11450,3.63e-05
11451,3.63e-05
11452,3.63e-05
11453,3.63e-05
11454,3.63e-05
11455,3.63e-05
11456,3.63e-05
11457,3.63e-05
11458,3.63e-05
11459,3.63e-05
11460,3.63e-05
11461,3.63e-05
11462,3.63e-05
11463,3.63e-05
11464,3.63e-05
11465,3.63e-05
11466,3.63e-05
11467,3.63e-05
11468,3.63e-05
11469,3.63e-05
11470,3.63e-05
11471,3.63e-05
11472,3.63e-05
11473,3.63e-05
11474,3.63e-05
11475,3.63e-05
11476,3.63e-05
11477,3.63e-05
11478,3.63e-05
11479,3.63e-05
11480,3.63e-05
11481,3.63e-05
11482,3.63e-05
11483,3.63e-05
11484,3.63e-05
11485,3.63e-05
11486,3.63e-05
11487,3.63e-05
11488,3.63e-05
11489,3.63e-05
11490,3.63e-05
11491,3.63e-05
11492,3.63e-05
11493,3.63e-05
11494,3.63e-05
11495,3.63e-05
11496,3.63e-05
11497,3.63e-05
11498,3.63e-05
11499,3.63e-05
11500,3.63e-05
11501,3.63e-05
11502,3.63e-05
11503,3.63e-05
11504,3.63e-05
11505,3.63e-05
11506,3.63e-05
11507,3.63e-05
11508,3.63e-05
11509,3.63e-05
11510,3.63e-05
11511,3.63e-05
11512,3.63e-05
11513,3.63e-05
11514,3.63e-05
11515,3.63e-05
11516,3.63e-05
11517,3.63e-05
11518,3.63e-05
11519,3.63e-05
11520,3.63e-05
11521,3.63e-05
11522,3.63e-05
11523,3.63e-05
11524,3.63e-05
11525,3.63e-05
11526,3.63e-05
11527,3.63e-05
11528,3.63e-05
11529,3.63e-05
11530,3.63e-05
11531,3.63e-05
11532,3.63e-05
11533,3.63e-05
11534,3.63e-05
11535,3.63e-05
11536,3.63e-05
11537,3.63e-05
11538,3.63e-05
11539,3.63e-05
11540,3.63e-05
11541,3.63e-05
11542,3.63e-05
11543,3.63e-05
11544,3.63e-05
11545,3.63e-05
11546,3.63e-05
11547,3.63e-05
11548,3.63e-05
11549,3.63e-05
11550,3.63e-05
11551,3.63e-05
11552,3.63e-05
11553,3.63e-05
11554,3.63e-05
11555,3.63e-05
11556,3.63e-05
11557,3.63e-05
11558,3.63e-05
11559,3.63e-05
11560,3.63e-05
11561,3.63e-05
11562,3.63e-05
11563,3.63e-05
11564,3.63e-05
11565,3.63e-05
11566,3.63e-05
11567,3.63e-05
11568,3.63e-05
11569,3.63e-05
11570,3.63e-05
11571,3.63e-05
11572,3.63e-05
11573,3.63e-05
11574,3.63e-05
11575,3.63e-05
11576,3.63e-05
11577,3.63e-05
11578,3.63e-05
11579,3.63e-05
11580,3.63e-05
11581,3.63e-05
11582,3.63e-05
11583,3.63e-05
11584,3.63e-05
11585,3.63e-05
11586,3.63e-05
11587,3.63e-05
11588,3.63e-05
11589,3.63e-05
11590,3.63e-05
11591,3.63e-05
11592,3.63e-05
11593,3.63e-05
11594,3.63e-05
11595,3.63e-05
11596,3.63e-05
11597,3.63e-05
11598,3.63e-05
11599,3.63e-05
11600,3.63e-05
11601,3.63e-05
11602,3.63e-05
11603,3.63e-05
11604,3.63e-05
11605,3.63e-05
11606,3.63e-05
11607,3.63e-05
11608,3.63e-05
11609,3.63e-05
11610,3.63e-05
11611,3.63e-05
11612,3.63e-05
11613,3.63e-05
11614,3.63e-05
11615,3.63e-05
11616,3.63e-05
11617,3.63e-05
11618,3.63e-05
11619,3.63e-05
11620,3.63e-05
11621,3.63e-05
11622,3.63e-05
11623,3.63e-05
11624,3.63e-05
11625,3.63e-05
11626,3.63e-05
11627,3.63e-05
11628,3.63e-05
11629,3.63e-05
11630,3.63e-05
11631,3.63e-05
11632,3.63e-05
11633,3.63e-05
11634,3.63e-05
11635,3.63e-05
11636,3.63e-05
11637,3.63e-05
11638,3.63e-05
11639,3.63e-05
11640,3.63e-05
11641,3.63e-05
11642,3.63e-05
11643,4.09102778e-05
11644,5.59409259e-05
11645,0.000235546389
11646,0.000131803056
11647,5.89941667e-05
11648,4.43553704e-05
11649,5.43202778e-05
11650,5.54691667e-05
11651,5.70936111e-05
11652,5.82780556e-05
11653,5.73002778e-05
11654,5.73625e-05
11655,5.61102778e-05
11656,5.19047222e-05
11657,4.70080556e-05
11658,4.06469444e-05
11659,3.69947222e-05
11660,3.73790741e-05
11661,3.82497222e-05
11662,3.78063889e-05
11663,3.63e-05
11664,3.63e-05
11665,3.63e-05
11666,3.63e-05
11667,3.63e-05
11668,3.63e-05
11669,3.63e-05
11670,3.63e-05
11671,3.63e-05
11672,3.63e-05
11673,3.63e-05
11674,3.63e-05
11675,3.63e-05
11676,3.63e-05
11677,3.63e-05
11678,3.63e-05
11679,3.63e-05
11680,3.63e-05
11681,3.63e-05
11682,3.63e-05
11683,3.63e-05
11684,3.63e-05
11685,3.63e-05
11686,3.63e-05
11687,3.63e-05
11688,3.63e-05
11689,3.63e-05
11690,3.63e-05
11691,3.63e-05
11692,3.63e-05
11693,3.63e-05
11694,3.63e-05
11695,3.63e-05
11696,3.63e-05
11697,3.63e-05
11698,3.63e-05
11699,3.63e-05
11700,3.63e-05
11701,3.63e-05
11702,3.63e-05
11703,3.63e-05
11704,3.63e-05
11705,3.63e-05
11706,3.63e-05
11707,3.63e-05
11708,3.63e-05
11709,3.63e-05
11710,3.63e-05
11711,3.63e-05
11712,3.63e-05
11713,3.63e-05
11714,3.63e-05
11715,3.63e-05
11716,3.63e-05
11717,3.63e-05
11718,3.63e-05
11719,3.63e-05
11720,3.63e-05
11721,3.63e-05
11722,3.63e-05
11723,3.63e-05
11724,3.63e-05
11725,3.63e-05
11726,3.63e-05
11727,3.63e-05
11728,3.63e-05
11729,3.63e-05
11730,3.63e-05
11731,3.63e-05
11732,3.63e-05
11733,3.63e-05
11734,3.63e-05
11735,3.63e-05
11736,3.63e-05
11737,3.63e-05
11738,3.63e-05
11739,3.63e-05
11740,3.63e-05
11741,3.63e-05
11742,3.63e-05
11743,3.63e-05
11744,3.63e-05
11745,3.63e-05
11746,3.63e-05
11747,3.63e-05
11748,3.63e-05
11749,3.63e-05
11750,3.63e-05
11751,3.63e-05
11752,3.63e-05
11753,3.63e-05
11754,3.63e-05
11755,3.63e-05
11756,3.63e-05
11757,3.63e-05
11758,3.63e-05
11759,3.63e-05
11760,3.63e-05
11761,3.63e-05
11762,3.63e-05
11763,3.63e-05
11764,3.63e-05
11765,3.63e-05
11766,3.63e-05
11767,3.63e-05
11768,3.63e-05
11769,3.63e-05
11770,3.63e-05
11771,3.63e-05
11772,3.63e-05
11773,3.63e-05
11774,3.63e-05
11775,3.63e-05
11776,3.63e-05
11777,3.63e-05
11778,3.63e-05
11779,3.63e-05
11780,3.63e-05
11781,3.63e-05
11782,3.63e-05
11783,3.63e-05
11784,3.63e-05
11785,3.63e-05
11786,3.63e-05
11787,3.63e-05
11788,3.63e-05
11789,3.63e-05
11790,3.63e-05
11791,3.63e-05
11792,3.63e-05
11793,3.63e-05
11794,3.63e-05
11795,3.63e-05
11796,3.63e-05
11797,3.63e-05
11798,3.63e-05
11799,3.63e-05
11800,3.63e-05
11801,3.63e-05
11802,3.63e-05
11803,3.63e-05
11804,3.63e-05
11805,3.63e-05
11806,3.63e-05
11807,3.63e-05
11808,3.63e-05
11809,3.63e-05
11810,3.63e-05
11811,3.63e-05
11812,3.63e-05
11813,3.63e-05
11814,3.63e-05
11815,3.63e-05
11816,3.63e-05
11817,3.63e-05
11818,3.63e-05
11819,3.63e-05
11820,3.63e-05
11821,3.63e-05
11822,3.63e-05
11823,3.63e-05
11824,3.63e-05
11825,3.63e-05
11826,3.63e-05
11827,3.63e-05
11828,3.63e-05
11829,3.63e-05
11830,3.63e-05
11831,3.63e-05
11832,3.63e-05
11833,3.63e-05
11834,3.63e-05
11835,3.63e-05
11836,3.63e-05
11837,3.63e-05
11838,3.63e-05
11839,3.63e-05
11840,3.63e-05
11841,3.63e-05
11842,3.63e-05
11843,3.63e-05
11844,3.63e-05
11845,3.63e-05
11846,3.63e-05
11847,3.63e-05
11848,3.63e-05
11849,3.63e-05
11850,3.63e-05
11851,3.63e-05
11852,3.63e-05
11853,3.63e-05
11854,3.63e-05
11855,3.63e-05
11856,3.63e-05
11857,3.63e-05
11858,3.63e-05
11859,3.63e-05
11860,3.63e-05
11861,3.63e-05
11862,3.63e-05
11863,3.77047222e-05
11864,4.06572222e-05
11865,0.000175248056
11866,0.000217016944
11867,0.000130848056
11868,8.46402778e-05
11869,5.44613889e-05
11870,3.94094444e-05
11871,4.34019444e-05
11872,4.13797222e-05
11873,4.20197222e-05
11874,3.77391667e-05
11875,3.90119444e-05
11876,4.24297222e-05
11877,5.43786111e-05
11878,5.89975e-05
11879,5.80563889e-05
11880,5.99841667e-05
11881,6.03930556e-05
11882,5.85675e-05
11883,3.63e-05
11884,3.63e-05
11885,3.63e-05
11886,3.63e-05
11887,3.63e-05
11888,3.63e-05
11889,3.63e-05
11890,3.63e-05
11891,3.63e-05
11892,3.63e-05
11893,3.63e-05
11894,3.63e-05
11895,3.63e-05
11896,3.63e-05
11897,3.63e-05
11898,3.63e-05
11899,3.63e-05
11900,3.63e-05
11901,3.63e-05
11902,3.63e-05
11903,3.63e-05
11904,3.63e-05
11905,3.63e-05
11906,3.63e-05
11907,3.63e-05
11908,3.63e-05
11909,3.63e-05
11910,3.63e-05
11911,3.63e-05
11912,3.63e-05
11913,3.63e-05
11914,3.63e-05
11915,3.63e-05
11916,3.63e-05
11917,3.63e-05
11918,3.63e-05
11919,3.63e-05
11920,3.63e-05
11921,3.63e-05
11922,3.63e-05
11923,3.63e-05
11924,3.63e-05
11925,3.63e-05
11926,3.63e-05
11927,3.63e-05
11928,3.63e-05
11929,3.63e-05
11930,3.63e-05
11931,3.63e-05
11932,3.63e-05
11933,3.63e-05
11934,3.63e-05
11935,3.63e-05
11936,3.63e-05
11937,3.63e-05
11938,3.63e-05
11939,3.63e-05
11940,3.63e-05
11941,3.63e-05
11942,3.63e-05
11943,3.63e-05
11944,3.63e-05
11945,3.63e-05
11946,3.63e-05
11947,3.63e-05
11948,3.63e-05
11949,3.63e-05
11950,3.63e-05
11951,3.63e-05
11952,3.63e-05
11953,3.63e-05
11954,3.63e-05
11955,3.63e-05
11956,3.63e-05
11957,3.63e-05
11958,3.63e-05
11959,3.63e-05
11960,3.63e-05
11961,3.63e-05
11962,3.63e-05
11963,3.63e-05
11964,3.63e-05
11965,3.63e-05
11966,3.63e-05
11967,3.63e-05
11968,3.63e-05
11969,3.63e-05
11970,3.63e-05
11971,3.63e-05
11972,3.63e-05
11973,3.63e-05
11974,3.63e-05
11975,3.63e-05
11976,3.63e-05
11977,3.63e-05
11978,3.63e-05
11979,3.63e-05
11980,3.63e-05
11981,3.63e-05
11982,3.63e-05
11983,3.63e-05
11984,3.63e-05
11985,3.63e-05
11986,3.63e-05
11987,3.63e-05
11988,3.63e-05
11989,3.63e-05
11990,3.63e-05
11991,3.63e-05
11992,3.63e-05
11993,3.63e-05
11994,3.63e-05
11995,3.63e-05
11996,3.63e-05
11997,3.63e-05
11998,3.63e-05
11999,3.63e-05
12000,3.63e-05
12001,3.63e-05
12002,3.63e-05
12003,3.63e-05
12004,3.63e-05
12005,3.63e-05
12006,3.63e-05
12007,3.63e-05
12008,3.63e-05
12009,3.63e-05
12010,3.63e-05
12011,3.63e-05
12012,3.63e-05
12013,3.63e-05
12014,3.63e-05
12015,3.63e-05
12016,3.63e-05
12017,3.63e-05
12018,3.63e-05
12019,3.63e-05
12020,3.63e-05
12021,3.63e-05
12022,3.63e-05
12023,3.63e-05
12024,3.63e-05
12025,3.63e-05
12026,3.63e-05
12027,3.63e-05
12028,3.63e-05
12029,3.63e-05
12030,3.63e-05
12031,3.63e-05
12032,3.63e-05
12033,3.63e-05
12034,3.63e-05
12035,3.63e-05
12036,3.63e-05
12037,3.63e-05
12038,3.63e-05
12039,3.63e-05
12040,3.63e-05
12041,3.63e-05
12042,3.63e-05
12043,3.63e-05
12044,3.63e-05
12045,3.63e-05
12046,3.63e-05
12047,3.63e-05
12048,3.63e-05
12049,3.63e-05
12050,3.63e-05
12051,3.63e-05
12052,3.63e-05
12053,3.63e-05
12054,3.63e-05
12055,3.63e-05
12056,3.63e-05
12057,3.63e-05
12058,3.63e-05
12059,3.63e-05
12060,3.63e-05
12061,3.63e-05
12062,3.63e-05
12063,3.63e-05
12064,3.63e-05
12065,3.63e-05
12066,3.63e-05
12067,3.63e-05
12068,3.63e-05
12069,3.63e-05
12070,3.63e-05
12071,3.63e-05
12072,3.63e-05
12073,3.63e-05
12074,3.63e-05
12075,3.63e-05
12076,3.63e-05
12077,3.63e-05
12078,3.63e-05
12079,3.63e-05
12080,3.63e-05
12081,3.63e-05
12082,3.63e-05
12083,3.69669444e-05
12084,5.10158333e-05
12085,0.000268876389
12086,0.000258630833
12087,0.0001824375
12088,0.000111803056
12089,5.83363889e-05
12090,4.14072222e-05
12091,4.65547222e-05
12092,3.98775e-05
12093,4.55508333e-05
12094,5.32941667e-05
12095,5.18319444e-05
12096,4.42430556e-05
12097,3.73230556e-05
12098,3.78022222e-05
12099,4.03969444e-05
12100,4.38936111e-05
12101,4.54480556e-05
12102,4.54980556e-05
12103,3.63e-05
12104,3.63e-05
12105,3.63e-05
12106,3.63e-05
12107,3.63e-05
12108,3.63e-05
12109,3.63e-05
12110,3.63e-05
12111,3.63e-05
12112,3.63e-05
12113,3.63e-05
12114,3.63e-05
12115,3.63e-05
12116,3.63e-05
12117,3.63e-05
12118,3.63e-05
12119,3.63e-05
12120,3.63e-05
12121,3.63e-05
12122,3.63e-05
12123,3.63e-05
12124,3.63e-05
12125,3.63e-05
12126,3.63e-05
12127,3.63e-05
12128,3.63e-05
12129,3.63e-05
12130,3.63e-05
12131,3.63e-05
12132,3.63e-05
12133,3.63e-05
12134,3.63e-05
12135,3.63e-05
12136,3.63e-05
12137,3.63e-05
12138,3.63e-05
12139,3.63e-05
12140,3.63e-05
12141,3.63e-05
12142,3.63e-05
12143,3.63e-05
12144,3.63e-05
12145,3.63e-05
12146,3.63e-05
12147,3.63e-05
12148,3.63e-05
12149,3.63e-05
12150,3.63e-05
12151,3.63e-05
12152,3.63e-05
12153,3.63e-05
12154,3.63e-05
12155,3.63e-05
12156,3.63e-05
12157,3.63e-05
12158,3.63e-05
12159,3.63e-05
12160,3.63e-05
12161,3.63e-05
12162,3.63e-05
12163,3.63e-05
12164,3.63e-05
12165,3.63e-05
12166,3.63e-05
12167,3.63e-05
12168,3.63e-05
12169,3.63e-05
12170,3.63e-05
12171,3.63e-05
12172,3.63e-05
12173,3.63e-05
12174,3.63e-05
12175,3.63e-05
12176,3.63e-05
12177,3.63e-05
12178,3.63e-05
12179,3.63e-05
12180,3.63e-05
12181,3.63e-05
12182,3.63e-05
12183,3.63e-05
12184,3.63e-05
12185,3.63e-05
12186,3.63e-05
12187,3.63e-05
12188,3.63e-05
12189,3.63e-05
12190,3.63e-05
12191,3.63e-05
12192,3.63e-05
12193,3.63e-05
12194,3.63e-05
12195,3.63e-05
12196,3.63e-05
12197,3.63e-05
12198,3.63e-05
12199,3.63e-05
12200,3.63e-05
12201,3.63e-05
12202,3.63e-05
12203,3.63e-05
12204,3.63e-05
12205,3.63e-05
12206,3.63e-05
12207,3.63e-05
12208,3.63e-05
12209,3.63e-05
12210,3.63e-05
12211,3.63e-05
12212,3.63e-05
12213,3.63e-05
12214,3.63e-05
12215,3.63e-05
12216,3.63e-05
12217,3.63e-05
12218,3.63e-05
12219,3.63e-05
12220,3.63e-05
12221,3.63e-05
12222,3.63e-05
12223,3.63e-05
12224,3.63e-05
12225,3.63e-05
12226,3.63e-05
12227,3.63e-05
12228,3.63e-05
12229,3.63e-05
12230,3.63e-05
12231,3.63e-05
12232,3.63e-05
12233,3.63e-05
12234,3.63e-05
12235,3.63e-05
12236,3.63e-05
12237,3.63e-05
12238,3.63e-05
12239,3.63e-05
12240,3.63e-05
12241,3.63e-05
12242,3.63e-05
12243,3.63e-05
12244,3.63e-05
12245,3.63e-05
12246,3.63e-05
12247,3.63e-05
12248,3.63e-05
12249,3.63e-05
12250,3.63e-05
12251,3.63e-05
12252,3.63e-05
12253,3.63e-05
12254,3.63e-05
12255,3.63e-05
12256,3.63e-05
12257,3.63e-05
12258,3.63e-05
12259,3.63e-05
12260,3.63e-05
12261,3.63e-05
12262,3.63e-05
12263,3.63e-05
12264,3.63e-05
12265,3.63e-05
12266,3.63e-05
12267,3.63e-05
12268,3.63e-05
12269,3.63e-05
12270,3.63e-05
12271,3.63e-05
12272,3.63e-05
12273,3.63e-05
12274,3.63e-05
12275,3.63e-05
12276,3.63e-05
12277,3.63e-05
12278,3.63e-05
12279,3.63e-05
12280,3.63e-05
12281,3.63e-05
12282,3.63e-05
12283,3.63e-05
12284,3.63e-05
12285,3.63e-05
12286,3.63e-05
12287,3.63e-05
12288,3.63e-05
12289,3.63e-05
12290,3.63e-05
12291,3.63e-05
12292,3.63e-05
12293,3.63e-05
12294,3.63e-05
12295,3.63e-05
12296,3.63e-05
12297,3.63e-05
12298,3.63e-05
12299,3.63e-05
12300,3.63e-05
12301,3.63e-05
12302,3.63e-05
12303,3.77e-05
12304,3.81572222e-05
12305,3.82077778e-05
12306,3.68922222e-05
12307,3.84416667e-05
12308,3.75477778e-05
12309,3.88016667e-05
12310,3.93794444e-05
12311,4.09238889e-05
12312,4.33594444e-05
12313,3.9975e-05
12314,3.87005556e-05
12315,3.9615e-05
12316,3.73527778e-05
12317,3.76938889e-05
12318,3.80016667e-05
12319,3.7435e-05
12320,3.79988889e-05
12321,4.04194444e-05
12322,3.86461111e-05
12323,3.63e-05
12324,3.63e-05
12325,3.63e-05
12326,3.63e-05
12327,3.63e-05
12328,3.63e-05
12329,3.63e-05
12330,3.63e-05
12331,3.63e-05
12332,3.63e-05
12333,3.63e-05
12334,3.63e-05
12335,3.63e-05
12336,3.63e-05
12337,3.63e-05
12338,3.63e-05
12339,3.63e-05
12340,3.63e-05
12341,3.63e-05
12342,3.63e-05
12343,3.63e-05
12344,3.63e-05
12345,3.63e-05
12346,3.63e-05
12347,3.63e-05
12348,3.63e-05
12349,3.63e-05
12350,3.63e-05
12351,3.63e-05
12352,3.63e-05
12353,3.63e-05
12354,3.63e-05
12355,3.63e-05
12356,3.63e-05
12357,3.63e-05
12358,3.63e-05
12359,3.63e-05
12360,3.63e-05
12361,3.63e-05
12362,3.63e-05
12363,3.63e-05
12364,3.63e-05
12365,3.63e-05
12366,3.63e-05
12367,3.63e-05
12368,3.63e-05
12369,3.63e-05
12370,3.63e-05
12371,3.63e-05
12372,3.63e-05
12373,3.63e-05
12374,3.63e-05
12375,3.63e-05
12376,3.63e-05
12377,3.63e-05
12378,3.63e-05
12379,3.63e-05
12380,3.63e-05
12381,3.63e-05
12382,3.63e-05
12383,3.63e-05
12384,3.63e-05
12385,3.63e-05
12386,3.63e-05
12387,3.63e-05
12388,3.63e-05
12389,3.63e-05
12390,3.63e-05
12391,3.63e-05
12392,3.63e-05
12393,3.63e-05
12394,3.63e-05
12395,3.63e-05
12396,3.63e-05
12397,3.63e-05
12398,3.63e-05
12399,3.63e-05
12400,3.63e-05
12401,3.63e-05
12402,3.63e-05
12403,3.63e-05
12404,3.63e-05
12405,3.63e-05
12406,3.63e-05
12407,3.63e-05
12408,3.63e-05
12409,3.63e-05
12410,3.63e-05
12411,3.63e-05
12412,3.63e-05
12413,3.63e-05
12414,3.63e-05
12415,3.63e-05
12416,3.63e-05
12417,3.63e-05
12418,3.63e-05
12419,3.63e-05
12420,3.63e-05
12421,3.63e-05
12422,3.63e-05
12423,3.63e-05
12424,3.63e-05
12425,3.63e-05
12426,3.63e-05
12427,3.63e-05
12428,3.63e-05
12429,3.63e-05
12430,3.63e-05
12431,3.63e-05
12432,3.63e-05
12433,3.63e-05
12434,3.63e-05
12435,3.63e-05
12436,3.63e-05
12437,3.63e-05
12438,3.63e-05
12439,3.63e-05
12440,3.63e-05
12441,3.63e-05
12442,3.63e-05
12443,3.63e-05
12444,3.63e-05
12445,3.63e-05
12446,3.63e-05
12447,3.63e-05
12448,3.63e-05
12449,3.63e-05
12450,3.63e-05
12451,3.63e-05
12452,3.63e-05
12453,3.63e-05
12454,3.63e-05
12455,3.63e-05
12456,3.63e-05
12457,3.63e-05
12458,3.63e-05
12459,3.63e-05
12460,3.63e-05
12461,3.63e-05
12462,3.63e-05
12463,3.63e-05
12464,3.63e-05
12465,3.63e-05
12466,3.63e-05
12467,3.63e-05
12468,3.63e-05
12469,3.63e-05
12470,3.63e-05
12471,3.63e-05
12472,3.63e-05
12473,3.63e-05
12474,3.63e-05
12475,3.63e-05
12476,3.63e-05
12477,3.63e-05
12478,3.63e-05
12479,3.63e-05
12480,3.63e-05
12481,3.63e-05
12482,3.63e-05
12483,3.63e-05
12484,3.63e-05
12485,3.63e-05
12486,3.63e-05
12487,3.63e-05
12488,3.63e-05
12489,3.63e-05
12490,3.63e-05
12491,3.63e-05
12492,3.63e-05
12493,3.63e-05
12494,3.63e-05
12495,3.63e-05
12496,3.63e-05
12497,3.63e-05
12498,3.63e-05
12499,3.63e-05
12500,3.63e-05
12501,3.63e-05
12502,3.63e-05
12503,3.63e-05
12504,3.63e-05
12505,3.63e-05
12506,3.63e-05
12507,3.63e-05
12508,3.63e-05
12509,3.63e-05
12510,3.63e-05
12511,3.63e-05
12512,3.63e-05
12513,3.63e-05
12514,3.63e-05
12515,3.63e-05
12516,3.63e-05
12517,3.63e-05
12518,3.63e-05
12519,3.63e-05
12520,3.63e-05
12521,3.63e-05
12522,3.63e-05
12523,3.69669444e-05
12524,5.10158333e-05
12525,0.000268876389
12526,0.000258630833
12527,0.0001824375
12528,0.000111803056
12529,5.83363889e-05
12530,4.14072222e-05
12531,4.65547222e-05
12532,3.98775e-05
12533,4.55508333e-05
12534,5.32941667e-05
12535,5.18319444e-05
12536,4.42430556e-05
12537,3.73230556e-05
12538,3.78022222e-05
12539,4.03969444e-05
12540,4.38936111e-05
12541,4.54480556e-05
12542,4.54980556e-05
12543,3.63e-05
12544,3.63e-05
12545,3.63e-05
12546,3.63e-05
12547,3.63e-05
12548,3.63e-05
12549,3.63e-05
12550,3.63e-05
12551,3.63e-05
12552,3.63e-05
12553,3.63e-05
12554,3.63e-05
12555,3.63e-05
12556,3.63e-05
12557,3.63e-05
12558,3.63e-05
12559,3.63e-05
12560,3.63e-05
12561,3.63e-05
12562,3.63e-05
12563,3.63e-05
12564,3.63e-05
12565,3.63e-05
12566,3.63e-05
12567,3.63e-05
12568,3.63e-05
12569,3.63e-05
12570,3.63e-05
12571,3.63e-05
12572,3.63e-05
12573,3.63e-05
12574,3.63e-05
12575,3.63e-05
12576,3.63e-05
12577,3.63e-05
12578,3.63e-05
12579,3.63e-05
12580,3.63e-05
12581,3.63e-05
12582,3.63e-05
12583,3.63e-05
12584,3.63e-05
12585,3.63e-05
12586,3.63e-05
12587,3.63e-05
12588,3.63e-05
12589,3.63e-05
12590,3.63e-05
12591,3.63e-05
12592,3.63e-05
12593,3.63e-05
12594,3.63e-05
12595,3.63e-05
12596,3.63e-05
12597,3.63e-05
12598,3.63e-05
12599,3.63e-05
12600,3.63e-05
12601,3.63e-05
12602,3.63e-05
12603,3.63e-05
12604,3.63e-05
12605,3.63e-05
12606,3.63e-05
12607,3.63e-05
12608,3.63e-05
12609,3.63e-05
12610,3.63e-05
12611,3.63e-05
12612,3.63e-05
12613,3.63e-05
12614,3.63e-05
12615,3.63e-05
12616,3.63e-05
12617,3.63e-05
12618,3.63e-05
12619,3.63e-05
12620,3.63e-05
12621,3.63e-05
12622,3.63e-05
12623,3.63e-05
12624,3.63e-05
12625,3.63e-05
12626,3.63e-05
12627,3.63e-05
12628,3.63e-05
12629,3.63e-05
12630,3.63e-05
12631,3.63e-05
12632,3.63e-05
12633,3.63e-05
12634,3.63e-05
12635,3.63e-05
12636,3.63e-05
12637,3.63e-05
12638,3.63e-05
12639,3.63e-05
12640,3.63e-05
12641,3.63e-05
12642,3.63e-05
12643,3.63e-05
12644,3.63e-05
12645,3.63e-05
12646,3.63e-05
12647,3.63e-05
12648,3.63e-05
12649,3.63e-05
12650,3.63e-05
12651,3.63e-05
12652,3.63e-05
12653,3.63e-05
12654,3.63e-05
12655,3.63e-05
12656,3.63e-05
12657,3.63e-05
12658,3.63e-05
12659,3.63e-05
12660,3.63e-05
12661,3.63e-05
12662,3.63e-05
12663,3.63e-05
12664,3.63e-05
12665,3.63e-05
12666,3.63e-05
12667,3.63e-05
12668,3.63e-05
12669,3.63e-05
12670,3.63e-05
12671,3.63e-05
12672,3.63e-05
12673,3.63e-05
12674,3.63e-05
12675,3.63e-05
12676,3.63e-05
12677,3.63e-05
12678,3.63e-05
12679,3.63e-05
12680,3.63e-05
12681,3.63e-05
12682,3.63e-05
12683,3.63e-05
12684,3.63e-05
12685,3.63e-05
12686,3.63e-05
12687,3.63e-05
12688,3.63e-05
12689,3.63e-05
12690,3.63e-05
12691,3.63e-05
12692,3.63e-05
12693,3.63e-05
12694,3.63e-05
12695,3.63e-05
12696,3.63e-05
12697,3.63e-05
12698,3.63e-05
12699,3.63e-05
12700,3.63e-05
12701,3.63e-05
12702,3.63e-05
12703,3.63e-05
12704,3.63e-05
12705,3.63e-05
12706,3.63e-05
12707,3.63e-05
12708,3.63e-05
12709,3.63e-05
12710,3.63e-05
12711,3.63e-05
12712,3.63e-05
12713,3.63e-05
12714,3.63e-05
12715,3.63e-05
12716,3.63e-05
12717,3.63e-05
12718,3.63e-05
12719,3.63e-05
12720,3.63e-05
12721,3.63e-05
12722,3.63e-05
12723,3.63e-05
12724,3.63e-05
12725,3.63e-05
12726,3.63e-05
12727,3.63e-05
12728,3.63e-05
12729,3.63e-05
12730,3.63e-05
12731,3.63e-05
12732,3.63e-05
12733,3.63e-05
12734,3.63e-05
12735,3.63e-05
12736,3.63e-05
12737,3.63e-05
12738,3.63e-05
12739,3.63e-05
12740,3.63e-05
12741,3.63e-05
12742,3.63e-05
12743,3.77047222e-05
12744,4.06572222e-05
12745,0.000175248056
12746,0.000217016944
12747,0.000130848056
12748,8.46402778e-05
12749,5.44613889e-05
12750,3.94094444e-05
12751,4.34019444e-05
12752,4.13797222e-05
12753,4.20197222e-05
12754,3.77391667e-05
12755,3.90119444e-05
12756,4.24297222e-05
12757,5.43786111e-05
12758,5.89975e-05
12759,5.80563889e-05
12760,5.99841667e-05
12761,6.03930556e-05
12762,5.85675e-05
12763,3.63e-05
12764,3.63e-05
12765,3.63e-05
12766,3.63e-05
12767,3.63e-05
12768,3.63e-05
12769,3.63e-05
12770,3.63e-05
12771,3.63e-05
12772,3.63e-05
12773,3.63e-05
12774,3.63e-05
12775,3.63e-05
12776,3.63e-05
12777,3.63e-05
12778,3.63e-05
12779,3.63e-05
12780,3.63e-05
12781,3.63e-05
12782,3.63e-05
12783,3.63e-05
12784,3.63e-05
12785,3.63e-05
12786,3.63e-05
12787,3.63e-05
12788,3.63e-05
12789,3.63e-05
12790,3.63e-05
12791,3.63e-05
12792,3.63e-05
12793,3.63e-05
12794,3.63e-05
12795,3.63e-05
12796,3.63e-05
12797,3.63e-05
12798,3.63e-05
12799,3.63e-05
12800,3.63e-05
12801,3.63e-05
12802,3.63e-05
12803,3.63e-05
12804,3.63e-05
12805,3.63e-05
12806,3.63e-05
12807,3.63e-05
12808,3.63e-05
12809,3.63e-05
12810,3.63e-05
12811,3.63e-05
12812,3.63e-05
12813,3.63e-05
12814,3.63e-05
12815,3.63e-05
12816,3.63e-05
12817,3.63e-05
12818,3.63e-05
12819,3.63e-05
12820,3.63e-05
12821,3.63e-05
12822,3.63e-05
12823,3.63e-05
12824,3.63e-05
12825,3.63e-05
12826,3.63e-05
12827,3.63e-05
12828,3.63e-05
12829,3.63e-05
12830,3.63e-05
12831,3.63e-05
12832,3.63e-05
12833,3.63e-05
12834,3.63e-05
12835,3.63e-05
12836,3.63e-05
12837,3.63e-05
12838,3.63e-05
12839,3.63e-05
12840,3.63e-05
12841,3.63e-05
12842,3.63e-05
12843,3.63e-05
12844,3.63e-05
12845,3.63e-05
12846,3.63e-05
12847,3.63e-05
12848,3.63e-05
12849,3.63e-05
12850,3.63e-05
12851,3.63e-05
12852,3.63e-05
12853,3.63e-05
12854,3.63e-05
12855,3.63e-05
12856,3.63e-05
12857,3.63e-05
12858,3.63e-05
12859,3.63e-05
12860,3.63e-05
12861,3.63e-05
12862,3.63e-05
12863,3.63e-05
12864,3.63e-05
12865,3.63e-05
12866,3.63e-05
12867,3.63e-05
12868,3.63e-05
12869,3.63e-05
12870,3.63e-05
12871,3.63e-05
12872,3.63e-05
12873,3.63e-05
12874,3.63e-05
12875,3.63e-05
12876,3.63e-05
12877,3.63e-05
12878,3.63e-05
12879,3.63e-05
12880,3.63e-05
12881,3.63e-05
12882,3.63e-05
12883,3.63e-05
12884,3.63e-05
12885,3.63e-05
12886,3.63e-05
12887,3.63e-05
12888,3.63e-05
12889,3.63e-05
12890,3.63e-05
12891,3.63e-05
12892,3.63e-05
12893,3.63e-05
12894,3.63e-05
12895,3.63e-05
12896,3.63e-05
12897,3.63e-05
12898,3.63e-05
12899,3.63e-05
12900,3.63e-05
12901,3.63e-05
12902,3.63e-05
12903,3.63e-05
12904,3.63e-05
12905,3.63e-05
12906,3.63e-05
12907,3.63e-05
12908,3.63e-05
12909,3.63e-05
12910,3.63e-05
12911,3.63e-05
12912,3.63e-05
12913,3.63e-05
12914,3.63e-05
12915,3.63e-05
12916,3.63e-05
12917,3.63e-05
12918,3.63e-05
12919,3.63e-05
12920,3.63e-05
12921,3.63e-05
12922,3.63e-05
12923,3.63e-05
12924,3.63e-05
12925,3.63e-05
12926,3.63e-05
12927,3.63e-05
12928,3.63e-05
12929,3.63e-05
12930,3.63e-05
12931,3.63e-05
12932,3.63e-05
12933,3.63e-05
12934,3.63e-05
12935,3.63e-05
12936,3.63e-05
12937,3.63e-05
12938,3.63e-05
12939,3.63e-05
12940,3.63e-05
12941,3.63e-05
12942,3.63e-05
12943,3.63e-05
12944,3.63e-05
12945,3.63e-05
12946,3.63e-05
12947,3.63e-05
12948,3.63e-05
12949,3.63e-05
12950,3.63e-05
12951,3.63e-05
12952,3.63e-05
12953,3.63e-05
12954,3.63e-05
12955,3.63e-05
12956,3.63e-05
12957,3.63e-05
12958,3.63e-05
12959,3.63e-05
12960,3.63e-05
12961,3.63e-05
12962,3.63e-05
12963,4.09102778e-05
12964,5.59409259e-05
12965,0.000235546389
12966,0.000131803056
12967,5.89941667e-05
12968,4.43553704e-05
12969,5.43202778e-05
12970,5.54691667e-05
12971,5.70936111e-05
12972,5.82780556e-05
12973,5.73002778e-05
12974,5.73625e-05
12975,5.61102778e-05
12976,5.19047222e-05
12977,4.70080556e-05
12978,4.06469444e-05
12979,3.69947222e-05
12980,3.73790741e-05
12981,3.82497222e-05
12982,3.78063889e-05
12983,3.63e-05
12984,3.63e-05
12985,3.63e-05
12986,3.63e-05
12987,3.63e-05
12988,3.63e-05
12989,3.63e-05
12990,3.63e-05
12991,3.63e-05
12992,3.63e-05
12993,3.63e-05
12994,3.63e-05
12995,3.63e-05
12996,3.63e-05
12997,3.63e-05
12998,3.63e-05
12999,3.63e-05
13000,3.63e-05
13001,3.63e-05
13002,3.63e-05
13003,3.63e-05
13004,3.63e-05
13005,3.63e-05
13006,3.63e-05
13007,3.63e-05
13008,3.63e-05
13009,3.63e-05
13010,3.63e-05
13011,3.63e-05
13012,3.63e-05
13013,3.63e-05
13014,3.63e-05
13015,3.63e-05
13016,3.63e-05
13017,3.63e-05
13018,3.63e-05
13019,3.63e-05
13020,3.63e-05
13021,3.63e-05
13022,3.63e-05
13023,3.63e-05
13024,3.63e-05
13025,3.63e-05
13026,3.63e-05
13027,3.63e-05
13028,3.63e-05
13029,3.63e-05
13030,3.63e-05
13031,3.63e-05
13032,3.63e-05
13033,3.63e-05
13034,3.63e-05
13035,3.63e-05
13036,3.63e-05
13037,3.63e-05
13038,3.63e-05
13039,3.63e-05
13040,3.63e-05
13041,3.63e-05
13042,3.63e-05
13043,3.63e-05
13044,3.63e-05
13045,3.63e-05
13046,3.63e-05
13047,3.63e-05
13048,3.63e-05
13049,3.63e-05
13050,3.63e-05
13051,3.63e-05
13052,3.63e-05
13053,3.63e-05
13054,3.63e-05
13055,3.63e-05
13056,3.63e-05
13057,3.63e-05
13058,3.63e-05
13059,3.63e-05
13060,3.63e-05
13061,3.63e-05
13062,3.63e-05
13063,3.63e-05
13064,3.63e-05
13065,3.63e-05
13066,3.63e-05
13067,3.63e-05
13068,3.63e-05
13069,3.63e-05
13070,3.63e-05
13071,3.63e-05
13072,3.63e-05
13073,3.63e-05
13074,3.63e-05
13075,3.63e-05
13076,3.63e-05
13077,3.63e-05
13078,3.63e-05
13079,3.63e-05
13080,3.63e-05
13081,3.63e-05
13082,3.63e-05
13083,3.63e-05
13084,3.63e-05
13085,3.63e-05
13086,3.63e-05
13087,3.63e-05
13088,3.63e-05
13089,3.63e-05
13090,3.63e-05
13091,3.63e-05
13092,3.63e-05
13093,3.63e-05
13094,3.63e-05
13095,3.63e-05
13096,3.63e-05
13097,3.63e-05
13098,3.63e-05
13099,3.63e-05
13100,3.63e-05
13101,3.63e-05
13102,3.63e-05
13103,3.63e-05
13104,3.63e-05
13105,3.63e-05
13106,3.63e-05
13107,3.63e-05
13108,3.63e-05
13109,3.63e-05
13110,3.63e-05
13111,3.63e-05
13112,3.63e-05
13113,3.63e-05
13114,3.63e-05
13115,3.63e-05
13116,3.63e-05
13117,3.63e-05
13118,3.63e-05
13119,3.63e-05
13120,3.63e-05
13121,3.63e-05
13122,3.63e-05
13123,3.63e-05
13124,3.63e-05
13125,3.63e-05
13126,3.63e-05
13127,3.63e-05
13128,3.63e-05
13129,3.63e-05
13130,3.63e-05
13131,3.63e-05
13132,3.63e-05
13133,3.63e-05
13134,3.63e-05
13135,3.63e-05
13136,3.63e-05
13137,3.63e-05
13138,3.63e-05
13139,3.63e-05
13140,3.63e-05
13141,3.63e-05
13142,3.63e-05
13143,3.63e-05
13144,3.63e-05
13145,3.63e-05
13146,3.63e-05
13147,3.63e-05
13148,3.63e-05
13149,3.63e-05
13150,3.63e-05
13151,3.63e-05
13152,3.63e-05
13153,3.63e-05
13154,3.63e-05
13155,3.63e-05
13156,3.63e-05
13157,3.63e-05
13158,3.63e-05
13159,3.63e-05
13160,3.63e-05
13161,3.63e-05
13162,3.63e-05
13163,3.63e-05
13164,3.63e-05
13165,3.63e-05
13166,3.63e-05
13167,3.63e-05
13168,3.63e-05
13169,3.63e-05
13170,3.63e-05
13171,3.63e-05
13172,3.63e-05
13173,3.63e-05
13174,3.63e-05
13175,3.63e-05
13176,3.63e-05
13177,3.63e-05
13178,3.63e-05
13179,3.63e-05
13180,3.63e-05
13181,3.63e-05
13182,3.63e-05
13183,4.26341667e-05
13184,4.54409259e-05
13185,0.000233181944
13186,0.000247165278
13187,0.000171588611
13188,0.000110999722
13189,7.23297222e-05
13190,5.06463889e-05
13191,4.81641667e-05
13192,5.02119444e-05
13193,5.70575e-05
13194,6.44941667e-05
13195,6.52030556e-05
13196,5.00086111e-05
13197,3.87034259e-05
13198,4.32369444e-05
13199,5.10413889e-05
13200,5.83425e-05
13201,6.28602778e-05
13202,6.89636111e-05
13203,3.63e-05
13204,3.63e-05
13205,3.63e-05
13206,3.63e-05
13207,3.63e-05
13208,3.63e-05
13209,3.63e-05
13210,3.63e-05
13211,3.63e-05
13212,3.63e-05
13213,3.63e-05
13214,3.63e-05
13215,3.63e-05
13216,3.63e-05
13217,3.63e-05
13218,3.63e-05
13219,3.63e-05
13220,3.63e-05
13221,3.63e-05
13222,3.63e-05
13223,3.63e-05
13224,3.63e-05
13225,3.63e-05
13226,3.63e-05
13227,3.63e-05
13228,3.63e-05
13229,3.63e-05
13230,3.63e-05
13231,3.63e-05
13232,3.63e-05
13233,3.63e-05
13234,3.63e-05
13235,3.63e-05
13236,3.63e-05
13237,3.63e-05
13238,3.63e-05
13239,3.63e-05
13240,3.63e-05
13241,3.63e-05
13242,3.63e-05
13243,3.63e-05
13244,3.63e-05
13245,3.63e-05
13246,3.63e-05
13247,3.63e-05
13248,3.63e-05
13249,3.63e-05
13250,3.63e-05
13251,3.63e-05
13252,3.63e-05
13253,3.63e-05
13254,3.63e-05
13255,3.63e-05
13256,3.63e-05
13257,3.63e-05
13258,3.63e-05
13259,3.63e-05
13260,3.63e-05
13261,3.63e-05
13262,3.63e-05
13263,3.63e-05
13264,3.63e-05
13265,3.63e-05
13266,3.63e-05
13267,3.63e-05
13268,3.63e-05
13269,3.63e-05
13270,3.63e-05
13271,3.63e-05
13272,3.63e-05
13273,3.63e-05
13274,3.63e-05
13275,3.63e-05
13276,3.63e-05
13277,3.63e-05
13278,3.63e-05
13279,3.63e-05
13280,3.63e-05
13281,3.63e-05
13282,3.63e-05
13283,3.63e-05
13284,3.63e-05
13285,3.63e-05
13286,3.63e-05
13287,3.63e-05
13288,3.63e-05
13289,3.63e-05
13290,3.63e-05
13291,3.63e-05
13292,3.63e-05
13293,3.63e-05
13294,3.63e-05
13295,3.63e-05
13296,3.63e-05
13297,3.63e-05
13298,3.63e-05
13299,3.63e-05
13300,3.63e-05
13301,3.63e-05
13302,3.63e-05
13303,3.63e-05
13304,3.63e-05
13305,3.63e-05
13306,3.63e-05
13307,3.63e-05
13308,3.63e-05
13309,3.63e-05
13310,3.63e-05
13311,3.63e-05
13312,3.63e-05
13313,3.63e-05
13314,3.63e-05
13315,3.63e-05
13316,3.63e-05
13317,3.63e-05
13318,3.63e-05
13319,3.63e-05
13320,3.63e-05
13321,3.63e-05
13322,3.63e-05
13323,3.63e-05
13324,3.63e-05
13325,3.63e-05
13326,3.63e-05
13327,3.63e-05
13328,3.63e-05
13329,3.63e-05
13330,3.63e-05
13331,3.63e-05
13332,3.63e-05
13333,3.63e-05
13334,3.63e-05
13335,3.63e-05
13336,3.63e-05
13337,3.63e-05
13338,3.63e-05
13339,3.63e-05
13340,3.63e-05
13341,3.63e-05
13342,3.63e-05
13343,3.63e-05
13344,3.63e-05
13345,3.63e-05
13346,3.63e-05
13347,3.63e-05
13348,3.63e-05
13349,3.63e-05
13350,3.63e-05
13351,3.63e-05
13352,3.63e-05
13353,3.63e-05
13354,3.63e-05
13355,3.63e-05
13356,3.63e-05
13357,3.63e-05
13358,3.63e-05
13359,3.63e-05
13360,3.63e-05
13361,3.63e-05
13362,3.63e-05
13363,3.63e-05
13364,3.63e-05
13365,3.63e-05
13366,3.63e-05
13367,3.63e-05
13368,3.63e-05
13369,3.63e-05
13370,3.63e-05
13371,3.63e-05
13372,3.63e-05
13373,3.63e-05
13374,3.63e-05
13375,3.63e-05
13376,3.63e-05
13377,3.63e-05
13378,3.63e-05
13379,3.63e-05
13380,3.63e-05
13381,3.63e-05
13382,3.63e-05
13383,3.63e-05
13384,3.63e-05
13385,3.63e-05
13386,3.63e-05
13387,3.63e-05
13388,3.63e-05
13389,3.63e-05
13390,3.63e-05
13391,3.63e-05
13392,3.63e-05
13393,3.63e-05
13394,3.63e-05
13395,3.63e-05
13396,3.63e-05
13397,3.63e-05
13398,3.63e-05
13399,3.63e-05
13400,3.63e-05
13401,3.63e-05
13402,3.63e-05
13403,4.26341667e-05
13404,4.54409259e-05
13405,0.000233181944
13406,0.000247165278
13407,0.000171588611
13408,0.000110999722
13409,7.23297222e-05
13410,5.06463889e-05
13411,4.81641667e-05
13412,5.02119444e-05
13413,5.70575e-05
13414,6.44941667e-05
13415,6.52030556e-05
13416,5.00086111e-05
13417,3.87034259e-05
13418,4.32369444e-05
13419,5.10413889e-05
13420,5.83425e-05
13421,6.28602778e-05
13422,6.89636111e-05
13423,3.63e-05
13424,3.63e-05
13425,3.63e-05
13426,3.63e-05
13427,3.63e-05
13428,3.63e-05
13429,3.63e-05
13430,3.63e-05
13431,3.63e-05
13432,3.63e-05
13433,3.63e-05
13434,3.63e-05
13435,3.63e-05
13436,3.63e-05
13437,3.63e-05
13438,3.63e-05
13439,3.63e-05
13440,3.63e-05
13441,3.63e-05
13442,3.63e-05
13443,3.63e-05
13444,3.63e-05
13445,3.63e-05
13446,3.63e-05
13447,3.63e-05
13448,3.63e-05
13449,3.63e-05
13450,3.63e-05
13451,3.63e-05
13452,3.63e-05
13453,3.63e-05
13454,3.63e-05
13455,3.63e-05
13456,3.63e-05
13457,3.63e-05
13458,3.63e-05
13459,3.63e-05
13460,3.63e-05
13461,3.63e-05
13462,3.63e-05
13463,3.63e-05
13464,3.63e-05
13465,3.63e-05
13466,3.63e-05
13467,3.63e-05
13468,3.63e-05
13469,3.63e-05
13470,3.63e-05
13471,3.63e-05
13472,3.63e-05
13473,3.63e-05
13474,3.63e-05
13475,3.63e-05
13476,3.63e-05
13477,3.63e-05
13478,3.63e-05
13479,3.63e-05
13480,3.63e-05
13481,3.63e-05
13482,3.63e-05
13483,3.63e-05
13484,3.63e-05
13485,3.63e-05
13486,3.63e-05
13487,3.63e-05
13488,3.63e-05
13489,3.63e-05
13490,3.63e-05
13491,3.63e-05
13492,3.63e-05
13493,3.63e-05
13494,3.63e-05
13495,3.63e-05
13496,3.63e-05
13497,3.63e-05
13498,3.63e-05
13499,3.63e-05
13500,3.63e-05
13501,3.63e-05
13502,3.63e-05
13503,3.63e-05
13504,3.63e-05
13505,3.63e-05
13506,3.63e-05
13507,3.63e-05
13508,3.63e-05
13509,3.63e-05
13510,3.63e-05
13511,3.63e-05
13512,3.63e-05
13513,3.63e-05
13514,3.63e-05
13515,3.63e-05
13516,3.63e-05
13517,3.63e-05
13518,3.63e-05
13519,3.63e-05
13520,3.63e-05
13521,3.63e-05
13522,3.63e-05
13523,3.63e-05
13524,3.63e-05
13525,3.63e-05
13526,3.63e-05
13527,3.63e-05
13528,3.63e-05
13529,3.63e-05
13530,3.63e-05
13531,3.63e-05
13532,3.63e-05
13533,3.63e-05
13534,3.63e-05
13535,3.63e-05
13536,3.63e-05
13537,3.63e-05
13538,3.63e-05
13539,3.63e-05
13540,3.63e-05
13541,3.63e-05
13542,3.63e-05
13543,3.63e-05
13544,3.63e-05
13545,3.63e-05
13546,3.63e-05
13547,3.63e-05
13548,3.63e-05
13549,3.63e-05
13550,3.63e-05
13551,3.63e-05
13552,3.63e-05
13553,3.63e-05
13554,3.63e-05
13555,3.63e-05
13556,3.63e-05
13557,3.63e-05
13558,3.63e-05
13559,3.63e-05
13560,3.63e-05
13561,3.63e-05
13562,3.63e-05
13563,3.63e-05
13564,3.63e-05
13565,3.63e-05
13566,3.63e-05
13567,3.63e-05
13568,3.63e-05
13569,3.63e-05
13570,3.63e-05
13571,3.63e-05
13572,3.63e-05
13573,3.63e-05
13574,3.63e-05
13575,3.63e-05
13576,3.63e-05
13577,3.63e-05
13578,3.63e-05
13579,3.63e-05
13580,3.63e-05
13581,3.63e-05
13582,3.63e-05
13583,3.63e-05
13584,3.63e-05
13585,3.63e-05
13586,3.63e-05
13587,3.63e-05
13588,3.63e-05
13589,3.63e-05
13590,3.63e-05
13591,3.63e-05
13592,3.63e-05
13593,3.63e-05
13594,3.63e-05
13595,3.63e-05
13596,3.63e-05
13597,3.63e-05
13598,3.63e-05
13599,3.63e-05
13600,3.63e-05
13601,3.63e-05
13602,3.63e-05
13603,3.63e-05
13604,3.63e-05
13605,3.63e-05
13606,3.63e-05
13607,3.63e-05
13608,3.63e-05
13609,3.63e-05
13610,3.63e-05
13611,3.63e-05
13612,3.63e-05
13613,3.63e-05
13614,3.63e-05
13615,3.63e-05
13616,3.63e-05
13617,3.63e-05
13618,3.63e-05
13619,3.63e-05
13620,3.63e-05
13621,3.63e-05
13622,3.63e-05
13623,3.77047222e-05
13624,4.06572222e-05
13625,0.000175248056
13626,0.000217016944
13627,0.000130848056
13628,8.46402778e-05
13629,5.44613889e-05
13630,3.94094444e-05
13631,4.34019444e-05
13632,4.13797222e-05
13633,4.20197222e-05
13634,3.77391667e-05
13635,3.90119444e-05
13636,4.24297222e-05
13637,5.43786111e-05
13638,5.89975e-05
13639,5.80563889e-05
13640,5.99841667e-05
13641,6.03930556e-05
13642,5.85675e-05
13643,3.63e-05
13644,3.63e-05
13645,3.63e-05
13646,3.63e-05
13647,3.63e-05
13648,3.63e-05
13649,3.63e-05
13650,3.63e-05
13651,3.63e-05
13652,3.63e-05
13653,3.63e-05
13654,3.63e-05
13655,3.63e-05
13656,3.63e-05
13657,3.63e-05
13658,3.63e-05
13659,3.63e-05
13660,3.63e-05
13661,3.63e-05
13662,3.63e-05
13663,3.63e-05
13664,3.63e-05
13665,3.63e-05
13666,3.63e-05
13667,3.63e-05
13668,3.63e-05
13669,3.63e-05
13670,3.63e-05
13671,3.63e-05
13672,3.63e-05
13673,3.63e-05
13674,3.63e-05
13675,3.63e-05
13676,3.63e-05
13677,3.63e-05
13678,3.63e-05
13679,3.63e-05
13680,3.63e-05
13681,3.63e-05
13682,3.63e-05
13683,3.63e-05
13684,3.63e-05
13685,3.63e-05
13686,3.63e-05
13687,3.63e-05
13688,3.63e-05
13689,3.63e-05
13690,3.63e-05
13691,3.63e-05
13692,3.63e-05
13693,3.63e-05
13694,3.63e-05
13695,3.63e-05
13696,3.63e-05
13697,3.63e-05
13698,3.63e-05
13699,3.63e-05
13700,3.63e-05
13701,3.63e-05
13702,3.63e-05
13703,3.63e-05
13704,3.63e-05
13705,3.63e-05
13706,3.63e-05
13707,3.63e-05
13708,3.63e-05
13709,3.63e-05
13710,3.63e-05
13711,3.63e-05
13712,3.63e-05
13713,3.63e-05
13714,3.63e-05
13715,3.63e-05
13716,3.63e-05
13717,3.63e-05
13718,3.63e-05
13719,3.63e-05
13720,3.63e-05
13721,3.63e-05
13722,3.63e-05
13723,3.63e-05
13724,3.63e-05
13725,3.63e-05
13726,3.63e-05
13727,3.63e-05
13728,3.63e-05
13729,3.63e-05
13730,3.63e-05
13731,3.63e-05
13732,3.63e-05
13733,3.63e-05
13734,3.63e-05
13735,3.63e-05
13736,3.63e-05
13737,3.63e-05
13738,3.63e-05
13739,3.63e-05
13740,3.63e-05
13741,3.63e-05
13742,3.63e-05
13743,3.63e-05
13744,3.63e-05
13745,3.63e-05
13746,3.63e-05
13747,3.63e-05
13748,3.63e-05
13749,3.63e-05
13750,3.63e-05
13751,3.63e-05
13752,3.63e-05
13753,3.63e-05
13754,3.63e-05
13755,3.63e-05
13756,3.63e-05
13757,3.63e-05
13758,3.63e-05
13759,3.63e-05
13760,3.63e-05
13761,3.63e-05
13762,3.63e-05
13763,3.63e-05
13764,3.63e-05
13765,3.63e-05
13766,3.63e-05
13767,3.63e-05
13768,3.63e-05
13769,3.63e-05
13770,3.63e-05
13771,3.63e-05
13772,3.63e-05
13773,3.63e-05
13774,3.63e-05
13775,3.63e-05
13776,3.63e-05
13777,3.63e-05
13778,3.63e-05
13779,3.63e-05
13780,3.63e-05
13781,3.63e-05
13782,3.63e-05
13783,3.63e-05
13784,3.63e-05
13785,3.63e-05
13786,3.63e-05
13787,3.63e-05
13788,3.63e-05
13789,3.63e-05
13790,3.63e-05
13791,3.63e-05
13792,3.63e-05
13793,3.63e-05
13794,3.63e-05
13795,3.63e-05
13796,3.63e-05
13797,3.63e-05
13798,3.63e-05
13799,3.63e-05
13800,3.63e-05
13801,3.63e-05
13802,3.63e-05
13803,3.63e-05
13804,3.63e-05
13805,3.63e-05
13806,3.63e-05
13807,3.63e-05
13808,3.63e-05
13809,3.63e-05
13810,3.63e-05
13811,3.63e-05
13812,3.63e-05
13813,3.63e-05
13814,3.63e-05
13815,3.63e-05
13816,3.63e-05
13817,3.63e-05
13818,3.63e-05
13819,3.63e-05
13820,3.63e-05
13821,3.63e-05
13822,3.63e-05
13823,3.63e-05
13824,3.63e-05
13825,3.63e-05
13826,3.63e-05
13827,3.63e-05
13828,3.63e-05
13829,3.63e-05
13830,3.63e-05
13831,3.63e-05
13832,3.63e-05
13833,3.63e-05
13834,3.63e-05
13835,3.63e-05
13836,3.63e-05
13837,3.63e-05
13838,3.63e-05
13839,3.63e-05
13840,3.63e-05
13841,3.63e-05
13842,3.63e-05
13843,4.09102778e-05
13844,5.59409259e-05
13845,0.000235546389
13846,0.000131803056
13847,5.89941667e-05
13848,4.43553704e-05
13849,5.43202778e-05
13850,5.54691667e-05
13851,5.70936111e-05
13852,5.82780556e-05
13853,5.73002778e-05
13854,5.73625e-05
13855,5.61102778e-05
13856,5.19047222e-05
13857,4.70080556e-05
13858,4.06469444e-05
13859,3.69947222e-05
13860,3.73790741e-05
13861,3.82497222e-05
13862,3.78063889e-05
13863,3.63e-05
13864,3.63e-05
13865,3.63e-05
13866,3.63e-05
13867,3.63e-05
13868,3.63e-05
13869,3.63e-05
13870,3.63e-05
13871,3.63e-05
13872,3.63e-05
13873,3.63e-05
13874,3.63e-05
13875,3.63e-05
13876,3.63e-05
13877,3.63e-05
13878,3.63e-05
13879,3.63e-05
13880,3.63e-05
13881,3.63e-05
13882,3.63e-05
13883,3.63e-05
13884,3.63e-05
13885,3.63e-05
13886,3.63e-05
13887,3.63e-05
13888,3.63e-05
13889,3.63e-05
13890,3.63e-05
13891,3.63e-05
13892,3.63e-05
13893,3.63e-05
13894,3.63e-05
13895,3.63e-05
13896,3.63e-05
13897,3.63e-05
13898,3.63e-05
13899,3.63e-05
13900,3.63e-05
13901,3.63e-05
13902,3.63e-05
13903,3.63e-05
13904,3.63e-05
13905,3.63e-05
13906,3.63e-05
13907,3.63e-05
13908,3.63e-05
13909,3.63e-05
13910,3.63e-05
13911,3.63e-05
13912,3.63e-05
13913,3.63e-05
13914,3.63e-05
13915,3.63e-05
13916,3.63e-05
13917,3.63e-05
13918,3.63e-05
13919,3.63e-05
13920,3.63e-05
13921,3.63e-05
13922,3.63e-05
13923,3.63e-05
13924,3.63e-05
13925,3.63e-05
13926,3.63e-05
13927,3.63e-05
13928,3.63e-05
13929,3.63e-05
13930,3.63e-05
13931,3.63e-05
13932,3.63e-05
13933,3.63e-05
13934,3.63e-05
13935,3.63e-05
13936,3.63e-05
13937,3.63e-05
13938,3.63e-05
13939,3.63e-05
13940,3.63e-05
13941,3.63e-05
13942,3.63e-05
13943,3.63e-05
13944,3.63e-05
13945,3.63e-05
13946,3.63e-05
13947,3.63e-05
13948,3.63e-05
13949,3.63e-05
13950,3.63e-05
13951,3.63e-05
13952,3.63e-05
13953,3.63e-05
13954,3.63e-05
13955,3.63e-05
13956,3.63e-05
13957,3.63e-05
13958,3.63e-05
13959,3.63e-05
13960,3.63e-05
13961,3.63e-05
13962,3.63e-05
13963,3.63e-05
13964,3.63e-05
13965,3.63e-05
13966,3.63e-05
13967,3.63e-05
13968,3.63e-05
13969,3.63e-05
13970,3.63e-05
13971,3.63e-05
13972,3.63e-05
13973,3.63e-05
13974,3.63e-05
13975,3.63e-05
13976,3.63e-05
13977,3.63e-05
13978,3.63e-05
13979,3.63e-05
13980,3.63e-05
13981,3.63e-05
13982,3.63e-05
13983,3.63e-05
13984,3.63e-05
13985,3.63e-05
13986,3.63e-05
13987,3.63e-05
13988,3.63e-05
13989,3.63e-05
13990,3.63e-05
13991,3.63e-05
13992,3.63e-05
13993,3.63e-05
13994,3.63e-05
13995,3.63e-05
13996,3.63e-05
13997,3.63e-05
13998,3.63e-05
13999,3.63e-05
14000,3.63e-05
14001,3.63e-05
14002,3.63e-05
14003,3.63e-05
14004,3.63e-05
14005,3.63e-05
14006,3.63e-05
14007,3.63e-05
14008,3.63e-05
14009,3.63e-05
14010,3.63e-05
14011,3.63e-05
14012,3.63e-05
14013,3.63e-05
14014,3.63e-05
14015,3.63e-05
14016,3.63e-05
14017,3.63e-05
14018,3.63e-05
14019,3.63e-05
14020,3.63e-05
14021,3.63e-05
14022,3.63e-05
14023,3.63e-05
14024,3.63e-05
14025,3.63e-05
14026,3.63e-05
14027,3.63e-05
14028,3.63e-05
14029,3.63e-05
14030,3.63e-05
14031,3.63e-05
14032,3.63e-05
14033,3.63e-05
14034,3.63e-05
14035,3.63e-05
14036,3.63e-05
14037,3.63e-05
14038,3.63e-05
14039,3.63e-05
14040,3.63e-05
14041,3.63e-05
14042,3.63e-05
14043,3.63e-05
14044,3.63e-05
14045,3.63e-05
14046,3.63e-05
14047,3.63e-05
14048,3.63e-05
14049,3.63e-05
14050,3.63e-05
14051,3.63e-05
14052,3.63e-05
14053,3.63e-05
14054,3.63e-05
14055,3.63e-05
14056,3.63e-05
14057,3.63e-05
14058,3.63e-05
14059,3.63e-05
14060,3.63e-05
14061,3.63e-05
14062,3.63e-05
14063,3.69669444e-05
14064,5.10158333e-05
14065,0.000268876389
14066,0.000258630833
14067,0.0001824375
14068,0.000111803056
14069,5.83363889e-05
14070,4.14072222e-05
14071,4.65547222e-05
14072,3.98775e-05
14073,4.55508333e-05
14074,5.32941667e-05
14075,5.18319444e-05
14076,4.42430556e-05
14077,3.73230556e-05
14078,3.78022222e-05
14079,4.03969444e-05
14080,4.38936111e-05
14081,4.54480556e-05
14082,4.54980556e-05
14083,3.63e-05
14084,3.63e-05
14085,3.63e-05
14086,3.63e-05
14087,3.63e-05
14088,3.63e-05
14089,3.63e-05
14090,3.63e-05
14091,3.63e-05
14092,3.63e-05
14093,3.63e-05
14094,3.63e-05
14095,3.63e-05
14096,3.63e-05
14097,3.63e-05
14098,3.63e-05
14099,3.63e-05
14100,3.63e-05
14101,3.63e-05
14102,3.63e-05
14103,3.63e-05
14104,3.63e-05
14105,3.63e-05
14106,3.63e-05
14107,3.63e-05
14108,3.63e-05
14109,3.63e-05
14110,3.63e-05
14111,3.63e-05
14112,3.63e-05
14113,3.63e-05
14114,3.63e-05
14115,3.63e-05
14116,3.63e-05
14117,3.63e-05
14118,3.63e-05
14119,3.63e-05
14120,3.63e-05
14121,3.63e-05
14122,3.63e-05
14123,3.63e-05
14124,3.63e-05
14125,3.63e-05
14126,3.63e-05
14127,3.63e-05
14128,3.63e-05
14129,3.63e-05
14130,3.63e-05
14131,3.63e-05
14132,3.63e-05
14133,3.63e-05
14134,3.63e-05
14135,3.63e-05
14136,3.63e-05
14137,3.63e-05
14138,3.63e-05
14139,3.63e-05
14140,3.63e-05
14141,3.63e-05
14142,3.63e-05
14143,3.63e-05
14144,3.63e-05
14145,3.63e-05
14146,3.63e-05
14147,3.63e-05
14148,3.63e-05
14149,3.63e-05
14150,3.63e-05
14151,3.63e-05
14152,3.63e-05
14153,3.63e-05
14154,3.63e-05
14155,3.63e-05
14156,3.63e-05
14157,3.63e-05
14158,3.63e-05
14159,3.63e-05
14160,3.63e-05
14161,3.63e-05
14162,3.63e-05
14163,3.63e-05
14164,3.63e-05
14165,3.63e-05
14166,3.63e-05
14167,3.63e-05
14168,3.63e-05
14169,3.63e-05
14170,3.63e-05
14171,3.63e-05
14172,3.63e-05
14173,3.63e-05
14174,3.63e-05
14175,3.63e-05
14176,3.63e-05
14177,3.63e-05
14178,3.63e-05
14179,3.63e-05
14180,3.63e-05
14181,3.63e-05
14182,3.63e-05
14183,3.63e-05
14184,3.63e-05
14185,3.63e-05
14186,3.63e-05
14187,3.63e-05
14188,3.63e-05
14189,3.63e-05
14190,3.63e-05
14191,3.63e-05
14192,3.63e-05
14193,3.63e-05
14194,3.63e-05
14195,3.63e-05
14196,3.63e-05
14197,3.63e-05
14198,3.63e-05
14199,3.63e-05
14200,3.63e-05
14201,3.63e-05
14202,3.63e-05
14203,3.63e-05
14204,3.63e-05
14205,3.63e-05
14206,3.63e-05
14207,3.63e-05
14208,3.63e-05
14209,3.63e-05
14210,3.63e-05
14211,3.63e-05
14212,3.63e-05
14213,3.63e-05
14214,3.63e-05
14215,3.63e-05
14216,3.63e-05
14217,3.63e-05
14218,3.63e-05
14219,3.63e-05
14220,3.63e-05
14221,3.63e-05
14222,3.63e-05
14223,3.63e-05
14224,3.63e-05
14225,3.63e-05
14226,3.63e-05
14227,3.63e-05
14228,3.63e-05
14229,3.63e-05
14230,3.63e-05
14231,3.63e-05
14232,3.63e-05
14233,3.63e-05
14234,3.63e-05
14235,3.63e-05
14236,3.63e-05
14237,3.63e-05
14238,3.63e-05
14239,3.63e-05
14240,3.63e-05
14241,3.63e-05
14242,3.63e-05
14243,3.63e-05
14244,3.63e-05
14245,3.63e-05
14246,3.63e-05
14247,3.63e-05
14248,3.63e-05
14249,3.63e-05
14250,3.63e-05
14251,3.63e-05
14252,3.63e-05
14253,3.63e-05
14254,3.63e-05
14255,3.63e-05
14256,3.63e-05
14257,3.63e-05
14258,3.63e-05
14259,3.63e-05
14260,3.63e-05
14261,3.63e-05
14262,3.63e-05
14263,3.63e-05
14264,3.63e-05
14265,3.63e-05
14266,3.63e-05
14267,3.63e-05
14268,3.63e-05
14269,3.63e-05
14270,3.63e-05
14271,3.63e-05
14272,3.63e-05
14273,3.63e-05
14274,3.63e-05
14275,3.63e-05
14276,3.63e-05
14277,3.63e-05
14278,3.63e-05
14279,3.63e-05
14280,3.63e-05
14281,3.63e-05
14282,3.63e-05
14283,3.77e-05
14284,3.81572222e-05
14285,3.82077778e-05
14286,3.68922222e-05
14287,3.84416667e-05
14288,3.75477778e-05
14289,3.88016667e-05
14290,3.93794444e-05
14291,4.09238889e-05
14292,4.33594444e-05
14293,3.9975e-05
14294,3.87005556e-05
14295,3.9615e-05
14296,3.73527778e-05
14297,3.76938889e-05
14298,3.80016667e-05
14299,3.7435e-05
14300,3.79988889e-05
14301,4.04194444e-05
14302,3.86461111e-05
14303,3.63e-05
14304,3.63e-05
14305,3.63e-05
14306,3.63e-05
14307,3.63e-05
14308,3.63e-05
14309,3.63e-05
14310,3.63e-05
14311,3.63e-05
14312,3.63e-05
14313,3.63e-05
14314,3.63e-05
14315,3.63e-05
14316,3.63e-05
14317,3.63e-05
14318,3.63e-05
14319,3.63e-05
14320,3.63e-05
14321,3.63e-05
14322,3.63e-05
14323,3.63e-05
14324,3.63e-05
14325,3.63e-05
14326,3.63e-05
14327,3.63e-05
14328,3.63e-05
14329,3.63e-05
14330,3.63e-05
14331,3.63e-05
14332,3.63e-05
14333,3.63e-05
14334,3.63e-05
14335,3.63e-05
14336,3.63e-05
14337,3.63e-05
14338,3.63e-05
14339,3.63e-05
14340,3.63e-05
14341,3.63e-05
14342,3.63e-05
14343,3.63e-05
14344,3.63e-05
14345,3.63e-05
14346,3.63e-05
14347,3.63e-05
14348,3.63e-05
14349,3.63e-05
14350,3.63e-05
14351,3.63e-05
14352,3.63e-05
14353,3.63e-05
14354,3.63e-05
14355,3.63e-05
14356,3.63e-05
14357,3.63e-05
14358,3.63e-05
14359,3.63e-05
14360,3.63e-05
14361,3.63e-05
14362,3.63e-05
14363,3.63e-05
14364,3.63e-05
14365,3.63e-05
14366,3.63e-05
14367,3.63e-05
14368,3.63e-05
14369,3.63e-05
14370,3.63e-05
14371,3.63e-05
14372,3.63e-05
14373,3.63e-05
14374,3.63e-05
14375,3.63e-05
14376,3.63e-05
14377,3.63e-05
14378,3.63e-05
14379,3.63e-05
14380,3.63e-05
14381,3.63e-05
14382,3.63e-05
14383,3.63e-05
14384,3.63e-05
14385,3.63e-05
14386,3.63e-05
14387,3.63e-05
14388,3.63e-05
14389,3.63e-05
14390,3.63e-05
14391,3.63e-05
14392,3.63e-05
14393,3.63e-05
14394,3.63e-05
14395,3.63e-05
14396,3.63e-05
14397,3.63e-05
14398,3.63e-05
14399,3.63e-05
14400,3.63e-05
14401,3.63e-05
14402,3.63e-05
14403,3.63e-05
14404,3.63e-05
14405,3.63e-05
14406,3.63e-05
14407,3.63e-05
14408,3.63e-05
14409,3.63e-05
14410,3.63e-05
14411,3.63e-05
14412,3.63e-05
14413,3.63e-05
14414,3.63e-05
14415,3.63e-05
14416,3.63e-05
14417,3.63e-05
14418,3.63e-05
14419,3.63e-05
14420,3.63e-05
14421,3.63e-05
14422,3.63e-05
14423,3.63e-05
14424,3.63e-05
14425,3.63e-05
14426,3.63e-05
14427,3.63e-05
14428,3.63e-05
14429,3.63e-05
14430,3.63e-05
14431,3.63e-05
14432,3.63e-05
14433,3.63e-05
14434,3.63e-05
14435,3.63e-05
14436,3.63e-05
14437,3.63e-05
14438,3.63e-05
14439,3.63e-05
14440,3.63e-05
14441,3.63e-05
14442,3.63e-05
14443,3.63e-05
14444,3.63e-05
14445,3.63e-05
14446,3.63e-05
14447,3.63e-05
14448,3.63e-05
14449,3.63e-05
14450,3.63e-05
14451,3.63e-05
14452,3.63e-05
14453,3.63e-05
14454,3.63e-05
14455,3.63e-05
14456,3.63e-05
14457,3.63e-05
14458,3.63e-05
14459,3.63e-05
14460,3.63e-05
14461,3.63e-05
14462,3.63e-05
14463,3.63e-05
14464,3.63e-05
14465,3.63e-05
14466,3.63e-05
14467,3.63e-05
14468,3.63e-05
14469,3.63e-05
14470,3.63e-05
14471,3.63e-05
14472,3.63e-05
14473,3.63e-05
14474,3.63e-05
14475,3.63e-05
14476,3.63e-05
14477,3.63e-05
14478,3.63e-05
14479,3.63e-05
14480,3.63e-05
14481,3.63e-05
14482,3.63e-05
14483,3.63e-05
14484,3.63e-05
14485,3.63e-05
14486,3.63e-05
14487,3.63e-05
14488,3.63e-05
14489,3.63e-05
14490,3.63e-05
14491,3.63e-05
14492,3.63e-05
14493,3.63e-05
14494,3.63e-05
14495,3.63e-05
14496,3.63e-05
14497,3.63e-05
14498,3.63e-05
14499,3.63e-05
14500,3.63e-05
14501,3.63e-05
14502,3.63e-05
14503,4.26341667e-05
14504,4.54409259e-05
14505,0.000233181944
14506,0.000247165278
14507,0.000171588611
14508,0.000110999722
14509,7.23297222e-05
14510,5.06463889e-05
14511,4.81641667e-05
14512,5.02119444e-05
14513,5.70575e-05
14514,6.44941667e-05
14515,6.52030556e-05
14516,5.00086111e-05
14517,3.87034259e-05
14518,4.32369444e-05
14519,5.10413889e-05
14520,5.83425e-05
14521,6.28602778e-05
14522,6.89636111e-05
14523,3.63e-05
14524,3.63e-05
14525,3.63e-05
14526,3.63e-05
14527,3.63e-05
14528,3.63e-05
14529,3.63e-05
14530,3.63e-05
14531,3.63e-05
14532,3.63e-05
14533,3.63e-05
14534,3.63e-05
14535,3.63e-05
14536,3.63e-05
14537,3.63e-05
14538,3.63e-05
14539,3.63e-05
14540,3.63e-05
14541,3.63e-05
14542,3.63e-05
14543,3.63e-05
14544,3.63e-05
14545,3.63e-05
14546,3.63e-05
14547,3.63e-05
14548,3.63e-05
14549,3.63e-05
14550,3.63e-05
14551,3.63e-05
14552,3.63e-05
14553,3.63e-05
14554,3.63e-05
14555,3.63e-05
14556,3.63e-05
14557,3.63e-05
14558,3.63e-05
14559,3.63e-05
14560,3.63e-05
14561,3.63e-05
14562,3.63e-05
14563,3.63e-05
14564,3.63e-05
14565,3.63e-05
14566,3.63e-05
14567,3.63e-05
14568,3.63e-05
14569,3.63e-05
14570,3.63e-05
14571,3.63e-05
14572,3.63e-05
14573,3.63e-05
14574,3.63e-05
14575,3.63e-05
14576,3.63e-05
14577,3.63e-05
14578,3.63e-05
14579,3.63e-05
14580,3.63e-05
14581,3.63e-05
14582,3.63e-05
14583,3.63e-05
14584,3.63e-05
14585,3.63e-05
14586,3.63e-05
14587,3.63e-05
14588,3.63e-05
14589,3.63e-05
14590,3.63e-05
14591,3.63e-05
14592,3.63e-05
14593,3.63e-05
14594,3.63e-05
14595,3.63e-05
14596,3.63e-05
14597,3.63e-05
14598,3.63e-05
14599,3.63e-05
14600,3.63e-05
14601,3.63e-05
14602,3.63e-05
14603,3.63e-05
14604,3.63e-05
14605,3.63e-05
14606,3.63e-05
14607,3.63e-05
14608,3.63e-05
14609,3.63e-05
14610,3.63e-05
14611,3.63e-05
14612,3.63e-05
14613,3.63e-05
14614,3.63e-05
14615,3.63e-05
14616,3.63e-05
14617,3.63e-05
14618,3.63e-05
14619,3.63e-05
14620,3.63e-05
14621,3.63e-05
14622,3.63e-05
14623,3.63e-05
14624,3.63e-05
14625,3.63e-05
14626,3.63e-05
14627,3.63e-05
14628,3.63e-05
14629,3.63e-05
14630,3.63e-05
14631,3.63e-05
14632,3.63e-05
14633,3.63e-05
14634,3.63e-05
14635,3.63e-05
14636,3.63e-05
14637,3.63e-05
14638,3.63e-05
14639,3.63e-05
14640,3.63e-05
14641,3.63e-05
14642,3.63e-05
14643,3.63e-05
14644,3.63e-05
14645,3.63e-05
14646,3.63e-05
14647,3.63e-05
14648,3.63e-05
14649,3.63e-05
14650,3.63e-05
14651,3.63e-05
14652,3.63e-05
14653,3.63e-05
14654,3.63e-05
14655,3.63e-05
14656,3.63e-05
14657,3.63e-05
14658,3.63e-05
14659,3.63e-05
14660,3.63e-05
14661,3.63e-05
14662,3.63e-05
14663,3.63e-05
14664,3.63e-05
14665,3.63e-05
14666,3.63e-05
14667,3.63e-05
14668,3.63e-05
14669,3.63e-05
14670,3.63e-05
14671,3.63e-05
14672,3.63e-05
14673,3.63e-05
14674,3.63e-05
14675,3.63e-05
14676,3.63e-05
14677,3.63e-05
14678,3.63e-05
14679,3.63e-05
14680,3.63e-05
14681,3.63e-05
14682,3.63e-05
14683,3.63e-05
14684,3.63e-05
14685,3.63e-05
14686,3.63e-05
14687,3.63e-05
14688,3.63e-05
14689,3.63e-05
14690,3.63e-05
14691,3.63e-05
14692,3.63e-05
14693,3.63e-05
14694,3.63e-05
14695,3.63e-05
14696,3.63e-05
14697,3.63e-05
14698,3.63e-05
14699,3.63e-05
14700,3.63e-05
14701,3.63e-05
14702,3.63e-05
14703,3.63e-05
14704,3.63e-05
14705,3.63e-05
14706,3.63e-05
14707,3.63e-05
14708,3.63e-05
14709,3.63e-05
14710,3.63e-05
14711,3.63e-05
14712,3.63e-05
14713,3.63e-05
14714,3.63e-05
14715,3.63e-05
14716,3.63e-05
14717,3.63e-05
14718,3.63e-05
14719,3.63e-05
14720,3.63e-05
14721,3.63e-05
14722,3.63e-05
14723,3.69669444e-05
14724,5.10158333e-05
14725,0.000268876389
14726,0.000258630833
14727,0.0001824375
14728,0.000111803056
14729,5.83363889e-05
14730,4.14072222e-05
14731,4.65547222e-05
14732,3.98775e-05
14733,4.55508333e-05
14734,5.32941667e-05
14735,5.18319444e-05
14736,4.42430556e-05
14737,3.73230556e-05
14738,3.78022222e-05
14739,4.03969444e-05
14740,4.38936111e-05
14741,4.54480556e-05
14742,4.54980556e-05
14743,3.63e-05
14744,3.63e-05
14745,3.63e-05
14746,3.63e-05
14747,3.63e-05
14748,3.63e-05
14749,3.63e-05
14750,3.63e-05
14751,3.63e-05
14752,3.63e-05
14753,3.63e-05
14754,3.63e-05
14755,3.63e-05
14756,3.63e-05
14757,3.63e-05
14758,3.63e-05
14759,3.63e-05
14760,3.63e-05
14761,3.63e-05
14762,3.63e-05
14763,3.63e-05
14764,3.63e-05
14765,3.63e-05
14766,3.63e-05
14767,3.63e-05
14768,3.63e-05
14769,3.63e-05
14770,3.63e-05
14771,3.63e-05
14772,3.63e-05
14773,3.63e-05
14774,3.63e-05
14775,3.63e-05
14776,3.63e-05
14777,3.63e-05
14778,3.63e-05
14779,3.63e-05
14780,3.63e-05
14781,3.63e-05
14782,3.63e-05
14783,3.63e-05
14784,3.63e-05
14785,3.63e-05
14786,3.63e-05
14787,3.63e-05
14788,3.63e-05
14789,3.63e-05
14790,3.63e-05
14791,3.63e-05
14792,3.63e-05
14793,3.63e-05
14794,3.63e-05
14795,3.63e-05
14796,3.63e-05
14797,3.63e-05
14798,3.63e-05
14799,3.63e-05
14800,3.63e-05
14801,3.63e-05
14802,3.63e-05
14803,3.63e-05
14804,3.63e-05
14805,3.63e-05
14806,3.63e-05
14807,3.63e-05
14808,3.63e-05
14809,3.63e-05
14810,3.63e-05
14811,3.63e-05
14812,3.63e-05
14813,3.63e-05
14814,3.63e-05
14815,3.63e-05
14816,3.63e-05
14817,3.63e-05
14818,3.63e-05
14819,3.63e-05
14820,3.63e-05
14821,3.63e-05
14822,3.63e-05
14823,3.63e-05
14824,3.63e-05
14825,3.63e-05
14826,3.63e-05
14827,3.63e-05
14828,3.63e-05
14829,3.63e-05
14830,3.63e-05
14831,3.63e-05
14832,3.63e-05
14833,3.63e-05
14834,3.63e-05
14835,3.63e-05
14836,3.63e-05
14837,3.63e-05
14838,3.63e-05
14839,3.63e-05
14840,3.63e-05
14841,3.63e-05
14842,3.63e-05
14843,3.63e-05
14844,3.63e-05
14845,3.63e-05
14846,3.63e-05
14847,3.63e-05
14848,3.63e-05
14849,3.63e-05
14850,3.63e-05
14851,3.63e-05
14852,3.63e-05
14853,3.63e-05
14854,3.63e-05
14855,3.63e-05
14856,3.63e-05
14857,3.63e-05
14858,3.63e-05
14859,3.63e-05
14860,3.63e-05
14861,3.63e-05
14862,3.63e-05
14863,3.63e-05
14864,3.63e-05
14865,3.63e-05
14866,3.63e-05
14867,3.63e-05
14868,3.63e-05
14869,3.63e-05
14870,3.63e-05
14871,3.63e-05
14872,3.63e-05
14873,3.63e-05
14874,3.63e-05
14875,3.63e-05
14876,3.63e-05
14877,3.63e-05
14878,3.63e-05
14879,3.63e-05
14880,3.63e-05
14881,3.63e-05
14882,3.63e-05
14883,3.63e-05
14884,3.63e-05
14885,3.63e-05
14886,3.63e-05
14887,3.63e-05
14888,3.63e-05
14889,3.63e-05
14890,3.63e-05
14891,3.63e-05
14892,3.63e-05
14893,3.63e-05
14894,3.63e-05
14895,3.63e-05
14896,3.63e-05
14897,3.63e-05
14898,3.63e-05
14899,3.63e-05
14900,3.63e-05
14901,3.63e-05
14902,3.63e-05
14903,3.63e-05
14904,3.63e-05
14905,3.63e-05
14906,3.63e-05
14907,3.63e-05
14908,3.63e-05
14909,3.63e-05
14910,3.63e-05
14911,3.63e-05
14912,3.63e-05
14913,3.63e-05
14914,3.63e-05
14915,3.63e-05
14916,3.63e-05
14917,3.63e-05
14918,3.63e-05
14919,3.63e-05
14920,3.63e-05
14921,3.63e-05
14922,3.63e-05
14923,3.63e-05
14924,3.63e-05
14925,3.63e-05
14926,3.63e-05
14927,3.63e-05
14928,3.63e-05
14929,3.63e-05
14930,3.63e-05
14931,3.63e-05
14932,3.63e-05
14933,3.63e-05
14934,3.63e-05
14935,3.63e-05
14936,3.63e-05
14937,3.63e-05
14938,3.63e-05
14939,3.63e-05
14940,3.63e-05
14941,3.63e-05
14942,3.63e-05
14943,3.77047222e-05
14944,4.06572222e-05
14945,0.000175248056
14946,0.000217016944
14947,0.000130848056
14948,8.46402778e-05
14949,5.44613889e-05
14950,3.94094444e-05
14951,4.34019444e-05
14952,4.13797222e-05
14953,4.20197222e-05
14954,3.77391667e-05
14955,3.90119444e-05
14956,4.24297222e-05
14957,5.43786111e-05
14958,5.89975e-05
14959,5.80563889e-05
14960,5.99841667e-05
14961,6.03930556e-05
14962,5.85675e-05
14963,3.63e-05
14964,3.63e-05
14965,3.63e-05
14966,3.63e-05
14967,3.63e-05
14968,3.63e-05
14969,3.63e-05
14970,3.63e-05
14971,3.63e-05
14972,3.63e-05
14973,3.63e-05
14974,3.63e-05
14975,3.63e-05
14976,3.63e-05
14977,3.63e-05
14978,3.63e-05
14979,3.63e-05
14980,3.63e-05
14981,3.63e-05
14982,3.63e-05
14983,3.63e-05
14984,3.63e-05
14985,3.63e-05
14986,3.63e-05
14987,3.63e-05
14988,3.63e-05
14989,3.63e-05
14990,3.63e-05
14991,3.63e-05
14992,3.63e-05
14993,3.63e-05
14994,3.63e-05
14995,3.63e-05
14996,3.63e-05
14997,3.63e-05
14998,3.63e-05
14999,3.63e-05
15000,3.63e-05
15001,3.63e-05
15002,3.63e-05
15003,3.63e-05
15004,3.63e-05
15005,3.63e-05
15006,3.63e-05
15007,3.63e-05
15008,3.63e-05
15009,3.63e-05
15010,3.63e-05
15011,3.63e-05
15012,3.63e-05
15013,3.63e-05
15014,3.63e-05
15015,3.63e-05
15016,3.63e-05
15017,3.63e-05
15018,3.63e-05
15019,3.63e-05
15020,3.63e-05
15021,3.63e-05
15022,3.63e-05
15023,3.63e-05
15024,3.63e-05
15025,3.63e-05
15026,3.63e-05
15027,3.63e-05
15028,3.63e-05
15029,3.63e-05
15030,3.63e-05
15031,3.63e-05
15032,3.63e-05
15033,3.63e-05
15034,3.63e-05
15035,3.63e-05
15036,3.63e-05
15037,3.63e-05
15038,3.63e-05
15039,3.63e-05
15040,3.63e-05
15041,3.63e-05
15042,3.63e-05
15043,3.63e-05
15044,3.63e-05
15045,3.63e-05
15046,3.63e-05
15047,3.63e-05
15048,3.63e-05
15049,3.63e-05
15050,3.63e-05
15051,3.63e-05
15052,3.63e-05
15053,3.63e-05
15054,3.63e-05
15055,3.63e-05
15056,3.63e-05
15057,3.63e-05
15058,3.63e-05
15059,3.63e-05
15060,3.63e-05
15061,3.63e-05
15062,3.63e-05
15063,3.63e-05
15064,3.63e-05
15065,3.63e-05
15066,3.63e-05
15067,3.63e-05
15068,3.63e-05
15069,3.63e-05
15070,3.63e-05
15071,3.63e-05
15072,3.63e-05
15073,3.63e-05
15074,3.63e-05
15075,3.63e-05
15076,3.63e-05
15077,3.63e-05
15078,3.63e-05
15079,3.63e-05
15080,3.63e-05
15081,3.63e-05
15082,3.63e-05
15083,3.63e-05
15084,3.63e-05
15085,3.63e-05
15086,3.63e-05
15087,3.63e-05
15088,3.63e-05
15089,3.63e-05
15090,3.63e-05
15091,3.63e-05
15092,3.63e-05
15093,3.63e-05
15094,3.63e-05
15095,3.63e-05
15096,3.63e-05
15097,3.63e-05
15098,3.63e-05
15099,3.63e-05
15100,3.63e-05
15101,3.63e-05
15102,3.63e-05
15103,3.63e-05
15104,3.63e-05
15105,3.63e-05
15106,3.63e-05
15107,3.63e-05
15108,3.63e-05
15109,3.63e-05
15110,3.63e-05
15111,3.63e-05
15112,3.63e-05
15113,3.63e-05
15114,3.63e-05
15115,3.63e-05
15116,3.63e-05
15117,3.63e-05
15118,3.63e-05
15119,3.63e-05
15120,3.63e-05
15121,3.63e-05
15122,3.63e-05
15123,3.63e-05
15124,3.63e-05
15125,3.63e-05
15126,3.63e-05
15127,3.63e-05
15128,3.63e-05
15129,3.63e-05
15130,3.63e-05
15131,3.63e-05
15132,3.63e-05
15133,3.63e-05
15134,3.63e-05
15135,3.63e-05
15136,3.63e-05
15137,3.63e-05
15138,3.63e-05
15139,3.63e-05
15140,3.63e-05
15141,3.63e-05
15142,3.63e-05
15143,3.63e-05
15144,3.63e-05
15145,3.63e-05
15146,3.63e-05
15147,3.63e-05
15148,3.63e-05
15149,3.63e-05
15150,3.63e-05
15151,3.63e-05
15152,3.63e-05
15153,3.63e-05
15154,3.63e-05
15155,3.63e-05
15156,3.63e-05
15157,3.63e-05
15158,3.63e-05
15159,3.63e-05
15160,3.63e-05
15161,3.63e-05
15162,3.63e-05
15163,4.09102778e-05
15164,5.59409259e-05
15165,0.000235546389
15166,0.000131803056
15167,5.89941667e-05
15168,4.43553704e-05
15169,5.43202778e-05
15170,5.54691667e-05
15171,5.70936111e-05
15172,5.82780556e-05
15173,5.73002778e-05
15174,5.73625e-05
15175,5.61102778e-05
15176,5.19047222e-05
15177,4.70080556e-05
15178,4.06469444e-05
15179,3.69947222e-05
15180,3.73790741e-05
15181,3.82497222e-05
15182,3.78063889e-05
15183,3.63e-05
15184,3.63e-05
15185,3.63e-05
15186,3.63e-05
15187,3.63e-05
15188,3.63e-05
15189,3.63e-05
15190,3.63e-05
15191,3.63e-05
15192,3.63e-05
15193,3.63e-05
15194,3.63e-05
15195,3.63e-05
15196,3.63e-05
15197,3.63e-05
15198,3.63e-05
15199,3.63e-05
15200,3.63e-05
15201,3.63e-05
15202,3.63e-05
15203,3.63e-05
15204,3.63e-05
15205,3.63e-05
15206,3.63e-05
15207,3.63e-05
15208,3.63e-05
15209,3.63e-05
15210,3.63e-05
15211,3.63e-05
15212,3.63e-05
15213,3.63e-05
15214,3.63e-05
15215,3.63e-05
15216,3.63e-05
15217,3.63e-05
15218,3.63e-05
15219,3.63e-05
15220,3.63e-05
15221,3.63e-05
15222,3.63e-05
15223,3.63e-05
15224,3.63e-05
15225,3.63e-05
15226,3.63e-05
15227,3.63e-05
15228,3.63e-05
15229,3.63e-05
15230,3.63e-05
15231,3.63e-05
15232,3.63e-05
15233,3.63e-05
15234,3.63e-05
15235,3.63e-05
15236,3.63e-05
15237,3.63e-05
15238,3.63e-05
15239,3.63e-05
15240,3.63e-05
15241,3.63e-05
15242,3.63e-05
15243,3.63e-05
15244,3.63e-05
15245,3.63e-05
15246,3.63e-05
15247,3.63e-05
15248,3.63e-05
15249,3.63e-05
15250,3.63e-05
15251,3.63e-05
15252,3.63e-05
15253,3.63e-05
15254,3.63e-05
15255,3.63e-05
15256,3.63e-05
15257,3.63e-05
15258,3.63e-05
15259,3.63e-05
15260,3.63e-05
15261,3.63e-05
15262,3.63e-05
15263,3.63e-05
15264,3.63e-05
15265,3.63e-05
15266,3.63e-05
15267,3.63e-05
15268,3.63e-05
15269,3.63e-05
15270,3.63e-05
15271,3.63e-05
15272,3.63e-05
15273,3.63e-05
15274,3.63e-05
15275,3.63e-05
15276,3.63e-05
15277,3.63e-05
15278,3.63e-05
15279,3.63e-05
15280,3.63e-05
15281,3.63e-05
15282,3.63e-05
15283,3.63e-05
15284,3.63e-05
15285,3.63e-05
15286,3.63e-05
15287,3.63e-05
15288,3.63e-05
15289,3.63e-05
15290,3.63e-05
15291,3.63e-05
15292,3.63e-05
15293,3.63e-05
15294,3.63e-05
15295,3.63e-05
15296,3.63e-05
15297,3.63e-05
15298,3.63e-05
15299,3.63e-05
15300,3.63e-05
15301,3.63e-05
15302,3.63e-05
15303,3.63e-05
15304,3.63e-05
15305,3.63e-05
15306,3.63e-05
15307,3.63e-05
15308,3.63e-05
15309,3.63e-05
15310,3.63e-05
15311,3.63e-05
15312,3.63e-05
15313,3.63e-05
15314,3.63e-05
15315,3.63e-05
15316,3.63e-05
15317,3.63e-05
15318,3.63e-05
15319,3.63e-05
15320,3.63e-05
15321,3.63e-05
15322,3.63e-05
15323,3.63e-05
15324,3.63e-05
15325,3.63e-05
15326,3.63e-05
15327,3.63e-05
15328,3.63e-05
15329,3.63e-05
15330,3.63e-05
15331,3.63e-05
15332,3.63e-05
15333,3.63e-05
15334,3.63e-05
15335,3.63e-05
15336,3.63e-05
15337,3.63e-05
15338,3.63e-05
15339,3.63e-05
15340,3.63e-05
15341,3.63e-05
15342,3.63e-05
15343,3.63e-05
15344,3.63e-05
15345,3.63e-05
15346,3.63e-05
15347,3.63e-05
15348,3.63e-05
15349,3.63e-05
15350,3.63e-05
15351,3.63e-05
15352,3.63e-05
15353,3.63e-05
15354,3.63e-05
15355,3.63e-05
15356,3.63e-05
15357,3.63e-05
15358,3.63e-05
15359,3.63e-05
15360,3.63e-05
15361,3.63e-05
15362,3.63e-05
15363,3.63e-05
15364,3.63e-05
15365,3.63e-05
15366,3.63e-05
15367,3.63e-05
15368,3.63e-05
15369,3.63e-05
15370,3.63e-05
15371,3.63e-05
15372,3.63e-05
15373,3.63e-05
15374,3.63e-05
15375,3.63e-05
15376,3.63e-05
15377,3.63e-05
15378,3.63e-05
15379,3.63e-05
15380,3.63e-05
15381,3.63e-05
15382,3.63e-05
15383,3.77e-05
15384,3.81572222e-05
15385,3.82077778e-05
15386,3.68922222e-05
15387,3.84416667e-05
15388,3.75477778e-05
15389,3.88016667e-05
15390,3.93794444e-05
15391,4.09238889e-05
15392,4.33594444e-05
15393,3.9975e-05
15394,3.87005556e-05
15395,3.9615e-05
15396,3.73527778e-05
15397,3.76938889e-05
15398,3.80016667e-05
15399,3.7435e-05
15400,3.79988889e-05
15401,4.04194444e-05
15402,3.86461111e-05
15403,3.63e-05
15404,3.63e-05
15405,3.63e-05
15406,3.63e-05
15407,3.63e-05
15408,3.63e-05
15409,3.63e-05
15410,3.63e-05
15411,3.63e-05
15412,3.63e-05
15413,3.63e-05
15414,3.63e-05
15415,3.63e-05
15416,3.63e-05
15417,3.63e-05
15418,3.63e-05
15419,3.63e-05
15420,3.63e-05
15421,3.63e-05
15422,3.63e-05
15423,3.63e-05
15424,3.63e-05
15425,3.63e-05
15426,3.63e-05
15427,3.63e-05
15428,3.63e-05
15429,3.63e-05
15430,3.63e-05
15431,3.63e-05
15432,3.63e-05
15433,3.63e-05
15434,3.63e-05
15435,3.63e-05
15436,3.63e-05
15437,3.63e-05
15438,3.63e-05
15439,3.63e-05
15440,3.63e-05
15441,3.63e-05
15442,3.63e-05
15443,3.63e-05
15444,3.63e-05
15445,3.63e-05
15446,3.63e-05
15447,3.63e-05
15448,3.63e-05
15449,3.63e-05
15450,3.63e-05
15451,3.63e-05
15452,3.63e-05
15453,3.63e-05
15454,3.63e-05
15455,3.63e-05
15456,3.63e-05
15457,3.63e-05
15458,3.63e-05
15459,3.63e-05
15460,3.63e-05
15461,3.63e-05
15462,3.63e-05
15463,3.63e-05
15464,3.63e-05
15465,3.63e-05
15466,3.63e-05
15467,3.63e-05
15468,3.63e-05
15469,3.63e-05
15470,3.63e-05
15471,3.63e-05
15472,3.63e-05
15473,3.63e-05
15474,3.63e-05
15475,3.63e-05
15476,3.63e-05
15477,3.63e-05
15478,3.63e-05
15479,3.63e-05
15480,3.63e-05
15481,3.63e-05
15482,3.63e-05
15483,3.63e-05
15484,3.63e-05
15485,3.63e-05
15486,3.63e-05
15487,3.63e-05
15488,3.63e-05
15489,3.63e-05
15490,3.63e-05
15491,3.63e-05
15492,3.63e-05
15493,3.63e-05
15494,3.63e-05
15495,3.63e-05
15496,3.63e-05
15497,3.63e-05
15498,3.63e-05
15499,3.63e-05
15500,3.63e-05
15501,3.63e-05
15502,3.63e-05
15503,3.63e-05
15504,3.63e-05
15505,3.63e-05
15506,3.63e-05
15507,3.63e-05
15508,3.63e-05
15509,3.63e-05
15510,3.63e-05
15511,3.63e-05
15512,3.63e-05
15513,3.63e-05
15514,3.63e-05
15515,3.63e-05
15516,3.63e-05
15517,3.63e-05
15518,3.63e-05
15519,3.63e-05
15520,3.63e-05
15521,3.63e-05
15522,3.63e-05
15523,3.63e-05
15524,3.63e-05
15525,3.63e-05
15526,3.63e-05
15527,3.63e-05
15528,3.63e-05
15529,3.63e-05
15530,3.63e-05
15531,3.63e-05
15532,3.63e-05
15533,3.63e-05
15534,3.63e-05
15535,3.63e-05
15536,3.63e-05
15537,3.63e-05
15538,3.63e-05
15539,3.63e-05
15540,3.63e-05
15541,3.63e-05
15542,3.63e-05
15543,3.63e-05
15544,3.63e-05
15545,3.63e-05
15546,3.63e-05
15547,3.63e-05
15548,3.63e-05
15549,3.63e-05
15550,3.63e-05
15551,3.63e-05
15552,3.63e-05
15553,3.63e-05
15554,3.63e-05
15555,3.63e-05
15556,3.63e-05
15557,3.63e-05
15558,3.63e-05
15559,3.63e-05
15560,3.63e-05
15561,3.63e-05
15562,3.63e-05
15563,3.63e-05
15564,3.63e-05
15565,3.63e-05
15566,3.63e-05
15567,3.63e-05
15568,3.63e-05
15569,3.63e-05
15570,3.63e-05
15571,3.63e-05
15572,3.63e-05
15573,3.63e-05
15574,3.63e-05
15575,3.63e-05
15576,3.63e-05
15577,3.63e-05
15578,3.63e-05
15579,3.63e-05
15580,3.63e-05
15581,3.63e-05
15582,3.63e-05
15583,3.63e-05
15584,3.63e-05
15585,3.63e-05
15586,3.63e-05
15587,3.63e-05
15588,3.63e-05
15589,3.63e-05
15590,3.63e-05
15591,3.63e-05
15592,3.63e-05
15593,3.63e-05
15594,3.63e-05
15595,3.63e-05
15596,3.63e-05
15597,3.63e-05
15598,3.63e-05
15599,3.63e-05
15600,3.63e-05
15601,3.63e-05
15602,3.63e-05
15603,3.77e-05
15604,3.81572222e-05
15605,3.82077778e-05
15606,3.68922222e-05
15607,3.84416667e-05
15608,3.75477778e-05
15609,3.88016667e-05
15610,3.93794444e-05
15611,4.09238889e-05
15612,4.33594444e-05
15613,3.9975e-05
15614,3.87005556e-05
15615,3.9615e-05
15616,3.73527778e-05
15617,3.76938889e-05
15618,3.80016667e-05
15619,3.7435e-05
15620,3.79988889e-05
15621,4.04194444e-05
15622,3.86461111e-05
15623,3.63e-05
15624,3.63e-05
15625,3.63e-05
15626,3.63e-05
15627,3.63e-05
15628,3.63e-05
15629,3.63e-05
15630,3.63e-05
15631,3.63e-05
15632,3.63e-05
15633,3.63e-05
15634,3.63e-05
15635,3.63e-05
15636,3.63e-05
15637,3.63e-05
15638,3.63e-05
15639,3.63e-05
15640,3.63e-05
15641,3.63e-05
15642,3.63e-05
15643,3.63e-05
15644,3.63e-05
15645,3.63e-05
15646,3.63e-05
15647,3.63e-05
15648,3.63e-05
15649,3.63e-05
15650,3.63e-05
15651,3.63e-05
15652,3.63e-05
15653,3.63e-05
15654,3.63e-05
15655,3.63e-05
15656,3.63e-05
15657,3.63e-05
15658,3.63e-05
15659,3.63e-05
15660,3.63e-05
15661,3.63e-05
15662,3.63e-05
15663,3.63e-05
15664,3.63e-05
15665,3.63e-05
15666,3.63e-05
15667,3.63e-05
15668,3.63e-05
15669,3.63e-05
15670,3.63e-05
15671,3.63e-05
15672,3.63e-05
15673,3.63e-05
15674,3.63e-05
15675,3.63e-05
15676,3.63e-05
15677,3.63e-05
15678,3.63e-05
15679,3.63e-05
15680,3.63e-05
15681,3.63e-05
15682,3.63e-05
15683,3.63e-05
15684,3.63e-05
15685,3.63e-05
15686,3.63e-05
15687,3.63e-05
15688,3.63e-05
15689,3.63e-05
15690,3.63e-05
15691,3.63e-05
15692,3.63e-05
15693,3.63e-05
15694,3.63e-05
15695,3.63e-05
15696,3.63e-05
15697,3.63e-05
15698,3.63e-05
15699,3.63e-05
15700,3.63e-05
15701,3.63e-05
15702,3.63e-05
15703,3.63e-05
15704,3.63e-05
15705,3.63e-05
15706,3.63e-05
15707,3.63e-05
15708,3.63e-05
15709,3.63e-05
15710,3.63e-05
15711,3.63e-05
15712,3.63e-05
15713,3.63e-05
15714,3.63e-05
15715,3.63e-05
15716,3.63e-05
15717,3.63e-05
15718,3.63e-05
15719,3.63e-05
15720,3.63e-05
15721,3.63e-05
15722,3.63e-05
15723,3.63e-05
15724,3.63e-05
15725,3.63e-05
15726,3.63e-05
15727,3.63e-05
15728,3.63e-05
15729,3.63e-05
15730,3.63e-05
15731,3.63e-05
15732,3.63e-05
15733,3.63e-05
15734,3.63e-05
15735,3.63e-05
15736,3.63e-05
15737,3.63e-05
15738,3.63e-05
15739,3.63e-05
15740,3.63e-05
15741,3.63e-05
15742,3.63e-05
15743,3.63e-05
15744,3.63e-05
15745,3.63e-05
15746,3.63e-05
15747,3.63e-05
15748,3.63e-05
15749,3.63e-05
15750,3.63e-05
15751,3.63e-05
15752,3.63e-05
15753,3.63e-05
15754,3.63e-05
15755,3.63e-05
15756,3.63e-05
15757,3.63e-05
15758,3.63e-05
15759,3.63e-05
15760,3.63e-05
15761,3.63e-05
15762,3.63e-05
15763,3.63e-05
15764,3.63e-05
15765,3.63e-05
15766,3.63e-05
15767,3.63e-05
15768,3.63e-05
15769,3.63e-05
15770,3.63e-05
15771,3.63e-05
15772,3.63e-05
15773,3.63e-05
15774,3.63e-05
15775,3.63e-05
15776,3.63e-05
15777,3.63e-05
15778,3.63e-05
15779,3.63e-05
15780,3.63e-05
15781,3.63e-05
15782,3.63e-05
15783,3.63e-05
15784,3.63e-05
15785,3.63e-05
15786,3.63e-05
15787,3.63e-05
15788,3.63e-05
15789,3.63e-05
15790,3.63e-05
15791,3.63e-05
15792,3.63e-05
15793,3.63e-05
15794,3.63e-05
15795,3.63e-05
15796,3.63e-05
15797,3.63e-05
15798,3.63e-05
15799,3.63e-05
15800,3.63e-05
15801,3.63e-05
15802,3.63e-05
15803,3.63e-05
15804,3.63e-05
15805,3.63e-05
15806,3.63e-05
15807,3.63e-05
15808,3.63e-05
15809,3.63e-05
15810,3.63e-05
15811,3.63e-05
15812,3.63e-05
15813,3.63e-05
15814,3.63e-05
15815,3.63e-05
15816,3.63e-05
15817,3.63e-05
15818,3.63e-05
15819,3.63e-05
15820,3.63e-05
15821,3.63e-05
15822,3.63e-05
15823,3.69669444e-05
15824,5.10158333e-05
15825,0.000268876389
15826,0.000258630833
15827,0.0001824375
15828,0.000111803056
15829,5.83363889e-05
15830,4.14072222e-05
15831,4.65547222e-05
15832,3.98775e-05
15833,4.55508333e-05
15834,5.32941667e-05
15835,5.18319444e-05
15836,4.42430556e-05
15837,3.73230556e-05
15838,3.78022222e-05
15839,4.03969444e-05
15840,4.38936111e-05
15841,4.54480556e-05
15842,4.54980556e-05
15843,3.63e-05
15844,3.63e-05
15845,3.63e-05
15846,3.63e-05
15847,3.63e-05
15848,3.63e-05
15849,3.63e-05
15850,3.63e-05
15851,3.63e-05
15852,3.63e-05
15853,3.63e-05
15854,3.63e-05
15855,3.63e-05
15856,3.63e-05
15857,3.63e-05
15858,3.63e-05
15859,3.63e-05
15860,3.63e-05
15861,3.63e-05
15862,3.63e-05
15863,3.63e-05
15864,3.63e-05
15865,3.63e-05
15866,3.63e-05
15867,3.63e-05
15868,3.63e-05
15869,3.63e-05
15870,3.63e-05
15871,3.63e-05
15872,3.63e-05
15873,3.63e-05
15874,3.63e-05
15875,3.63e-05
15876,3.63e-05
15877,3.63e-05
15878,3.63e-05
15879,3.63e-05
15880,3.63e-05
15881,3.63e-05
15882,3.63e-05
15883,3.63e-05
15884,3.63e-05
15885,3.63e-05
15886,3.63e-05
15887,3.63e-05
15888,3.63e-05
15889,3.63e-05
15890,3.63e-05
15891,3.63e-05
15892,3.63e-05
15893,3.63e-05
15894,3.63e-05
15895,3.63e-05
15896,3.63e-05
15897,3.63e-05
15898,3.63e-05
15899,3.63e-05
15900,3.63e-05
15901,3.63e-05
15902,3.63e-05
15903,3.63e-05
15904,3.63e-05
15905,3.63e-05
15906,3.63e-05
15907,3.63e-05
15908,3.63e-05
15909,3.63e-05
15910,3.63e-05
15911,3.63e-05
15912,3.63e-05
15913,3.63e-05
15914,3.63e-05
15915,3.63e-05
15916,3.63e-05
15917,3.63e-05
15918,3.63e-05
15919,3.63e-05
15920,3.63e-05
15921,3.63e-05
15922,3.63e-05
15923,3.63e-05
15924,3.63e-05
15925,3.63e-05
15926,3.63e-05
15927,3.63e-05
15928,3.63e-05
15929,3.63e-05
15930,3.63e-05
15931,3.63e-05
15932,3.63e-05
15933,3.63e-05
15934,3.63e-05
15935,3.63e-05
15936,3.63e-05
15937,3.63e-05
15938,3.63e-05
15939,3.63e-05
15940,3.63e-05
15941,3.63e-05
15942,3.63e-05
15943,3.63e-05
15944,3.63e-05
15945,3.63e-05
15946,3.63e-05
15947,3.63e-05
15948,3.63e-05
15949,3.63e-05
15950,3.63e-05
15951,3.63e-05
15952,3.63e-05
15953,3.63e-05
15954,3.63e-05
15955,3.63e-05
15956,3.63e-05
15957,3.63e-05
15958,3.63e-05
15959,3.63e-05
15960,3.63e-05
15961,3.63e-05
15962,3.63e-05
15963,3.63e-05
15964,3.63e-05
15965,3.63e-05
15966,3.63e-05
15967,3.63e-05
15968,3.63e-05
15969,3.63e-05
15970,3.63e-05
15971,3.63e-05
15972,3.63e-05
15973,3.63e-05
15974,3.63e-05
15975,3.63e-05
15976,3.63e-05
15977,3.63e-05
15978,3.63e-05
15979,3.63e-05
15980,3.63e-05
15981,3.63e-05
15982,3.63e-05
15983,3.63e-05
15984,3.63e-05
15985,3.63e-05
15986,3.63e-05
15987,3.63e-05
15988,3.63e-05
15989,3.63e-05
15990,3.63e-05
15991,3.63e-05
15992,3.63e-05
15993,3.63e-05
15994,3.63e-05
15995,3.63e-05
15996,3.63e-05
15997,3.63e-05
15998,3.63e-05
15999,3.63e-05
16000,3.63e-05
16001,3.63e-05
16002,3.63e-05
16003,3.63e-05
16004,3.63e-05
16005,3.63e-05
16006,3.63e-05
16007,3.63e-05
16008,3.63e-05
16009,3.63e-05
16010,3.63e-05
16011,3.63e-05
16012,3.63e-05
16013,3.63e-05
16014,3.63e-05
16015,3.63e-05
16016,3.63e-05
16017,3.63e-05
16018,3.63e-05
16019,3.63e-05
16020,3.63e-05
16021,3.63e-05
16022,3.63e-05
16023,3.63e-05
16024,3.63e-05
16025,3.63e-05
16026,3.63e-05
16027,3.63e-05
16028,3.63e-05
16029,3.63e-05
16030,3.63e-05
16031,3.63e-05
16032,3.63e-05
16033,3.63e-05
16034,3.63e-05
16035,3.63e-05
16036,3.63e-05
16037,3.63e-05
16038,3.63e-05
16039,3.63e-05
16040,3.63e-05
16041,3.63e-05
16042,3.63e-05
16043,4.26341667e-05
16044,4.54409259e-05
16045,0.000233181944
16046,0.000247165278
16047,0.000171588611
16048,0.000110999722
16049,7.23297222e-05
16050,5.06463889e-05
16051,4.81641667e-05
16052,5.02119444e-05
16053,5.70575e-05
16054,6.44941667e-05
16055,6.52030556e-05
16056,5.00086111e-05
16057,3.87034259e-05
16058,4.32369444e-05
16059,5.10413889e-05
16060,5.83425e-05
16061,6.28602778e-05
16062,6.89636111e-05
16063,3.63e-05
16064,3.63e-05
16065,3.63e-05
16066,3.63e-05
16067,3.63e-05
16068,3.63e-05
16069,3.63e-05
16070,3.63e-05
16071,3.63e-05
16072,3.63e-05
16073,3.63e-05
16074,3.63e-05
16075,3.63e-05
16076,3.63e-05
16077,3.63e-05
16078,3.63e-05
16079,3.63e-05
16080,3.63e-05
16081,3.63e-05
16082,3.63e-05
16083,3.63e-05
16084,3.63e-05
16085,3.63e-05
16086,3.63e-05
16087,3.63e-05
16088,3.63e-05
16089,3.63e-05
16090,3.63e-05
16091,3.63e-05
16092,3.63e-05
16093,3.63e-05
16094,3.63e-05
16095,3.63e-05
16096,3.63e-05
16097,3.63e-05
16098,3.63e-05
16099,3.63e-05
16100,3.63e-05
16101,3.63e-05
16102,3.63e-05
16103,3.63e-05
16104,3.63e-05
16105,3.63e-05
16106,3.63e-05
16107,3.63e-05
16108,3.63e-05
16109,3.63e-05
16110,3.63e-05
16111,3.63e-05
16112,3.63e-05
16113,3.63e-05
16114,3.63e-05
16115,3.63e-05
16116,3.63e-05
16117,3.63e-05
16118,3.63e-05
16119,3.63e-05
16120,3.63e-05
16121,3.63e-05
16122,3.63e-05
16123,3.63e-05
16124,3.63e-05
16125,3.63e-05
16126,3.63e-05
16127,3.63e-05
16128,3.63e-05
16129,3.63e-05
16130,3.63e-05
16131,3.63e-05
16132,3.63e-05
16133,3.63e-05
16134,3.63e-05
16135,3.63e-05
16136,3.63e-05
16137,3.63e-05
16138,3.63e-05
16139,3.63e-05
16140,3.63e-05
16141,3.63e-05
16142,3.63e-05
16143,3.63e-05
16144,3.63e-05
16145,3.63e-05
16146,3.63e-05
16147,3.63e-05
16148,3.63e-05
16149,3.63e-05
16150,3.63e-05
16151,3.63e-05
16152,3.63e-05
16153,3.63e-05
16154,3.63e-05
16155,3.63e-05
16156,3.63e-05
16157,3.63e-05
16158,3.63e-05
16159,3.63e-05
16160,3.63e-05
16161,3.63e-05
16162,3.63e-05
16163,3.63e-05
16164,3.63e-05
16165,3.63e-05
16166,3.63e-05
16167,3.63e-05
16168,3.63e-05
16169,3.63e-05
16170,3.63e-05
16171,3.63e-05
16172,3.63e-05
16173,3.63e-05
16174,3.63e-05
16175,3.63e-05
16176,3.63e-05
16177,3.63e-05
16178,3.63e-05
16179,3.63e-05
16180,3.63e-05
16181,3.63e-05
16182,3.63e-05
16183,3.63e-05
16184,3.63e-05
16185,3.63e-05
16186,3.63e-05
16187,3.63e-05
16188,3.63e-05
16189,3.63e-05
16190,3.63e-05
16191,3.63e-05
16192,3.63e-05
16193,3.63e-05
16194,3.63e-05
16195,3.63e-05
16196,3.63e-05
16197,3.63e-05
16198,3.63e-05
16199,3.63e-05
16200,3.63e-05
16201,3.63e-05
16202,3.63e-05
16203,3.63e-05
16204,3.63e-05
16205,3.63e-05
16206,3.63e-05
16207,3.63e-05
16208,3.63e-05
16209,3.63e-05
16210,3.63e-05
16211,3.63e-05
16212,3.63e-05
16213,3.63e-05
16214,3.63e-05
16215,3.63e-05
16216,3.63e-05
16217,3.63e-05
16218,3.63e-05
16219,3.63e-05
16220,3.63e-05
16221,3.63e-05
16222,3.63e-05
16223,3.63e-05
16224,3.63e-05
16225,3.63e-05
16226,3.63e-05
16227,3.63e-05
16228,3.63e-05
16229,3.63e-05
16230,3.63e-05
16231,3.63e-05
16232,3.63e-05
16233,3.63e-05
16234,3.63e-05
16235,3.63e-05
16236,3.63e-05
16237,3.63e-05
16238,3.63e-05
16239,3.63e-05
16240,3.63e-05
16241,3.63e-05
16242,3.63e-05
16243,3.63e-05
16244,3.63e-05
16245,3.63e-05
16246,3.63e-05
16247,3.63e-05
16248,3.63e-05
16249,3.63e-05
16250,3.63e-05
16251,3.63e-05
16252,3.63e-05
16253,3.63e-05
16254,3.63e-05
16255,3.63e-05
16256,3.63e-05
16257,3.63e-05
16258,3.63e-05
16259,3.63e-05
16260,3.63e-05
16261,3.63e-05
16262,3.63e-05
16263,4.09102778e-05
16264,5.59409259e-05
16265,0.000235546389
16266,0.000131803056
16267,5.89941667e-05
16268,4.43553704e-05
16269,5.43202778e-05
16270,5.54691667e-05
16271,5.70936111e-05
16272,5.82780556e-05
16273,5.73002778e-05
16274,5.73625e-05
16275,5.61102778e-05
16276,5.19047222e-05
16277,4.70080556e-05
16278,4.06469444e-05
16279,3.69947222e-05
16280,3.73790741e-05
16281,3.82497222e-05
16282,3.78063889e-05
16283,3.63e-05
16284,3.63e-05
16285,3.63e-05
16286,3.63e-05
16287,3.63e-05
16288,3.63e-05
16289,3.63e-05
16290,3.63e-05
16291,3.63e-05
16292,3.63e-05
16293,3.63e-05
16294,3.63e-05
16295,3.63e-05
16296,3.63e-05
16297,3.63e-05
16298,3.63e-05
16299,3.63e-05
16300,3.63e-05
16301,3.63e-05
16302,3.63e-05
16303,3.63e-05
16304,3.63e-05
16305,3.63e-05
16306,3.63e-05
16307,3.63e-05
16308,3.63e-05
16309,3.63e-05
16310,3.63e-05
16311,3.63e-05
16312,3.63e-05
16313,3.63e-05
16314,3.63e-05
16315,3.63e-05
16316,3.63e-05
16317,3.63e-05
16318,3.63e-05
16319,3.63e-05
16320,3.63e-05
16321,3.63e-05
16322,3.63e-05
16323,3.63e-05
16324,3.63e-05
16325,3.63e-05
16326,3.63e-05
16327,3.63e-05
16328,3.63e-05
16329,3.63e-05
16330,3.63e-05
16331,3.63e-05
16332,3.63e-05
16333,3.63e-05
16334,3.63e-05
16335,3.63e-05
16336,3.63e-05
16337,3.63e-05
16338,3.63e-05
16339,3.63e-05
16340,3.63e-05
16341,3.63e-05
16342,3.63e-05
16343,3.63e-05
16344,3.63e-05
16345,3.63e-05
16346,3.63e-05
16347,3.63e-05
16348,3.63e-05
16349,3.63e-05
16350,3.63e-05
16351,3.63e-05
16352,3.63e-05
16353,3.63e-05
16354,3.63e-05
16355,3.63e-05
16356,3.63e-05
16357,3.63e-05
16358,3.63e-05
16359,3.63e-05
16360,3.63e-05
16361,3.63e-05
16362,3.63e-05
16363,3.63e-05
16364,3.63e-05
16365,3.63e-05
16366,3.63e-05
16367,3.63e-05
16368,3.63e-05
16369,3.63e-05
16370,3.63e-05
16371,3.63e-05
16372,3.63e-05
16373,3.63e-05
16374,3.63e-05
16375,3.63e-05
16376,3.63e-05
16377,3.63e-05
16378,3.63e-05
16379,3.63e-05
16380,3.63e-05
16381,3.63e-05
16382,3.63e-05
16383,3.63e-05
16384,3.63e-05
16385,3.63e-05
16386,3.63e-05
16387,3.63e-05
16388,3.63e-05
16389,3.63e-05
16390,3.63e-05
16391,3.63e-05
16392,3.63e-05
16393,3.63e-05
16394,3.63e-05
16395,3.63e-05
16396,3.63e-05
16397,3.63e-05
16398,3.63e-05
16399,3.63e-05
16400,3.63e-05
16401,3.63e-05
16402,3.63e-05
16403,3.63e-05
16404,3.63e-05
16405,3.63e-05
16406,3.63e-05
16407,3.63e-05
16408,3.63e-05
16409,3.63e-05
16410,3.63e-05
16411,3.63e-05
16412,3.63e-05
16413,3.63e-05
16414,3.63e-05
16415,3.63e-05
16416,3.63e-05
16417,3.63e-05
16418,3.63e-05
16419,3.63e-05
16420,3.63e-05
16421,3.63e-05
16422,3.63e-05
16423,3.63e-05
16424,3.63e-05
16425,3.63e-05
16426,3.63e-05
16427,3.63e-05
16428,3.63e-05
16429,3.63e-05
16430,3.63e-05
16431,3.63e-05
16432,3.63e-05
16433,3.63e-05
16434,3.63e-05
16435,3.63e-05
16436,3.63e-05
16437,3.63e-05
16438,3.63e-05
16439,3.63e-05
16440,3.63e-05
16441,3.63e-05
16442,3.63e-05
16443,3.63e-05
16444,3.63e-05
16445,3.63e-05
16446,3.63e-05
16447,3.63e-05
16448,3.63e-05
16449,3.63e-05
16450,3.63e-05
16451,3.63e-05
16452,3.63e-05
16453,3.63e-05
16454,3.63e-05
16455,3.63e-05
16456,3.63e-05
16457,3.63e-05
16458,3.63e-05
16459,3.63e-05
16460,3.63e-05
16461,3.63e-05
16462,3.63e-05
16463,3.63e-05
16464,3.63e-05
16465,3.63e-05
16466,3.63e-05
16467,3.63e-05
16468,3.63e-05
16469,3.63e-05
16470,3.63e-05
16471,3.63e-05
16472,3.63e-05
16473,3.63e-05
16474,3.63e-05
16475,3.63e-05
16476,3.63e-05
16477,3.63e-05
16478,3.63e-05
16479,3.63e-05
16480,3.63e-05
16481,3.63e-05
16482,3.63e-05
16483,3.77047222e-05
16484,4.06572222e-05
16485,0.000175248056
16486,0.000217016944
16487,0.000130848056
16488,8.46402778e-05
16489,5.44613889e-05
16490,3.94094444e-05
16491,4.34019444e-05
16492,4.13797222e-05
16493,4.20197222e-05
16494,3.77391667e-05
16495,3.90119444e-05
16496,4.24297222e-05
16497,5.43786111e-05
16498,5.89975e-05
16499,5.80563889e-05
16500,5.99841667e-05
16501,6.03930556e-05
16502,5.85675e-05
16503,3.63e-05
16504,3.63e-05
16505,3.63e-05
16506,3.63e-05
16507,3.63e-05
16508,3.63e-05
16509,3.63e-05
16510,3.63e-05
16511,3.63e-05
16512,3.63e-05
16513,3.63e-05
16514,3.63e-05
16515,3.63e-05
16516,3.63e-05
16517,3.63e-05
16518,3.63e-05
16519,3.63e-05
16520,3.63e-05
16521,3.63e-05
16522,3.63e-05
16523,3.63e-05
16524,3.63e-05
16525,3.63e-05
16526,3.63e-05
16527,3.63e-05
16528,3.63e-05
16529,3.63e-05
16530,3.63e-05
16531,3.63e-05
16532,3.63e-05
16533,3.63e-05
16534,3.63e-05
16535,3.63e-05
16536,3.63e-05
16537,3.63e-05
16538,3.63e-05
16539,3.63e-05
16540,3.63e-05
16541,3.63e-05
16542,3.63e-05
16543,3.63e-05
16544,3.63e-05
16545,3.63e-05
16546,3.63e-05
16547,3.63e-05
16548,3.63e-05
16549,3.63e-05
16550,3.63e-05
16551,3.63e-05
16552,3.63e-05
16553,3.63e-05
16554,3.63e-05
16555,3.63e-05
16556,3.63e-05
16557,3.63e-05
16558,3.63e-05
16559,3.63e-05
16560,3.63e-05
16561,3.63e-05
16562,3.63e-05
16563,3.63e-05
16564,3.63e-05
16565,3.63e-05
16566,3.63e-05
16567,3.63e-05
16568,3.63e-05
16569,3.63e-05
16570,3.63e-05
16571,3.63e-05
16572,3.63e-05
16573,3.63e-05
16574,3.63e-05
16575,3.63e-05
16576,3.63e-05
16577,3.63e-05
16578,3.63e-05
16579,3.63e-05
16580,3.63e-05
16581,3.63e-05
16582,3.63e-05
16583,3.63e-05
16584,3.63e-05
16585,3.63e-05
16586,3.63e-05
16587,3.63e-05
16588,3.63e-05
16589,3.63e-05
16590,3.63e-05
16591,3.63e-05
16592,3.63e-05
16593,3.63e-05
16594,3.63e-05
16595,3.63e-05
16596,3.63e-05
16597,3.63e-05
16598,3.63e-05
16599,3.63e-05
16600,3.63e-05
16601,3.63e-05
16602,3.63e-05
16603,3.63e-05
16604,3.63e-05
16605,3.63e-05
16606,3.63e-05
16607,3.63e-05
16608,3.63e-05
16609,3.63e-05
16610,3.63e-05
16611,3.63e-05
16612,3.63e-05
16613,3.63e-05
16614,3.63e-05
16615,3.63e-05
16616,3.63e-05
16617,3.63e-05
16618,3.63e-05
16619,3.63e-05
16620,3.63e-05
16621,3.63e-05
16622,3.63e-05
16623,3.63e-05
16624,3.63e-05
16625,3.63e-05
16626,3.63e-05
16627,3.63e-05
16628,3.63e-05
16629,3.63e-05
16630,3.63e-05
16631,3.63e-05
16632,3.63e-05
16633,3.63e-05
16634,3.63e-05
16635,3.63e-05
16636,3.63e-05
16637,3.63e-05
16638,3.63e-05
16639,3.63e-05
16640,3.63e-05
16641,3.63e-05
16642,3.63e-05
16643,3.63e-05
16644,3.63e-05
16645,3.63e-05
16646,3.63e-05
16647,3.63e-05
16648,3.63e-05
16649,3.63e-05
16650,3.63e-05
16651,3.63e-05
16652,3.63e-05
16653,3.63e-05
16654,3.63e-05
16655,3.63e-05
16656,3.63e-05
16657,3.63e-05
16658,3.63e-05
16659,3.63e-05
16660,3.63e-05
16661,3.63e-05
16662,3.63e-05
16663,3.63e-05
16664,3.63e-05
16665,3.63e-05
16666,3.63e-05
16667,3.63e-05
16668,3.63e-05
16669,3.63e-05
16670,3.63e-05
16671,3.63e-05
16672,3.63e-05
16673,3.63e-05
16674,3.63e-05
16675,3.63e-05
16676,3.63e-05
16677,3.63e-05
16678,3.63e-05
16679,3.63e-05
16680,3.63e-05
16681,3.63e-05
16682,3.63e-05
16683,3.63e-05
16684,3.63e-05
16685,3.63e-05
16686,3.63e-05
16687,3.63e-05
16688,3.63e-05
16689,3.63e-05
16690,3.63e-05
16691,3.63e-05
16692,3.63e-05
16693,3.63e-05
16694,3.63e-05
16695,3.63e-05
16696,3.63e-05
16697,3.63e-05
16698,3.63e-05
16699,3.63e-05
16700,3.63e-05
16701,3.63e-05
16702,3.63e-05
16703,3.77e-05
16704,3.81572222e-05
16705,3.82077778e-05
16706,3.68922222e-05
16707,3.84416667e-05
16708,3.75477778e-05
16709,3.88016667e-05
16710,3.93794444e-05
16711,4.09238889e-05
16712,4.33594444e-05
16713,3.9975e-05
16714,3.87005556e-05
16715,3.9615e-05
16716,3.73527778e-05
16717,3.76938889e-05
16718,3.80016667e-05
16719,3.7435e-05
16720,3.79988889e-05
16721,4.04194444e-05
16722,3.86461111e-05
16723,3.63e-05
16724,3.63e-05
16725,3.63e-05
16726,3.63e-05
16727,3.63e-05
16728,3.63e-05
16729,3.63e-05
16730,3.63e-05
16731,3.63e-05
16732,3.63e-05
16733,3.63e-05
16734,3.63e-05
16735,3.63e-05
16736,3.63e-05
16737,3.63e-05
16738,3.63e-05
16739,3.63e-05
16740,3.63e-05
16741,3.63e-05
16742,3.63e-05
16743,3.63e-05
16744,3.63e-05
16745,3.63e-05
16746,3.63e-05
16747,3.63e-05
16748,3.63e-05
16749,3.63e-05
16750,3.63e-05
16751,3.63e-05
16752,3.63e-05
16753,3.63e-05
16754,3.63e-05
16755,3.63e-05
16756,3.63e-05
16757,3.63e-05
16758,3.63e-05
16759,3.63e-05
16760,3.63e-05
16761,3.63e-05
16762,3.63e-05
16763,3.63e-05
16764,3.63e-05
16765,3.63e-05
16766,3.63e-05
16767,3.63e-05
16768,3.63e-05
16769,3.63e-05
16770,3.63e-05
16771,3.63e-05
16772,3.63e-05
16773,3.63e-05
16774,3.63e-05
16775,3.63e-05
16776,3.63e-05
16777,3.63e-05
16778,3.63e-05
16779,3.63e-05
16780,3.63e-05
16781,3.63e-05
16782,3.63e-05
16783,3.63e-05
16784,3.63e-05
16785,3.63e-05
16786,3.63e-05
16787,3.63e-05
16788,3.63e-05
16789,3.63e-05
16790,3.63e-05
16791,3.63e-05
16792,3.63e-05
16793,3.63e-05
16794,3.63e-05
16795,3.63e-05
16796,3.63e-05
16797,3.63e-05
16798,3.63e-05
16799,3.63e-05
16800,3.63e-05
16801,3.63e-05
16802,3.63e-05
16803,3.63e-05
16804,3.63e-05
16805,3.63e-05
16806,3.63e-05
16807,3.63e-05
16808,3.63e-05
16809,3.63e-05
16810,3.63e-05
16811,3.63e-05
16812,3.63e-05
16813,3.63e-05
16814,3.63e-05
16815,3.63e-05
16816,3.63e-05
16817,3.63e-05
16818,3.63e-05
16819,3.63e-05
16820,3.63e-05
16821,3.63e-05
16822,3.63e-05
16823,3.63e-05
16824,3.63e-05
16825,3.63e-05
16826,3.63e-05
16827,3.63e-05
16828,3.63e-05
16829,3.63e-05
16830,3.63e-05
16831,3.63e-05
16832,3.63e-05
16833,3.63e-05
16834,3.63e-05
16835,3.63e-05
16836,3.63e-05
16837,3.63e-05
16838,3.63e-05
16839,3.63e-05
16840,3.63e-05
16841,3.63e-05
16842,3.63e-05
16843,3.63e-05
16844,3.63e-05
16845,3.63e-05
16846,3.63e-05
16847,3.63e-05
16848,3.63e-05
16849,3.63e-05
16850,3.63e-05
16851,3.63e-05
16852,3.63e-05
16853,3.63e-05
16854,3.63e-05
16855,3.63e-05
16856,3.63e-05
16857,3.63e-05
16858,3.63e-05
16859,3.63e-05
16860,3.63e-05
16861,3.63e-05
16862,3.63e-05
16863,3.63e-05
16864,3.63e-05
16865,3.63e-05
16866,3.63e-05
16867,3.63e-05
16868,3.63e-05
16869,3.63e-05
16870,3.63e-05
16871,3.63e-05
16872,3.63e-05
16873,3.63e-05
16874,3.63e-05
16875,3.63e-05
16876,3.63e-05
16877,3.63e-05
16878,3.63e-05
16879,3.63e-05
16880,3.63e-05
16881,3.63e-05
16882,3.63e-05
16883,3.63e-05
16884,3.63e-05
16885,3.63e-05
16886,3.63e-05
16887,3.63e-05
16888,3.63e-05
16889,3.63e-05
16890,3.63e-05
16891,3.63e-05
16892,3.63e-05
16893,3.63e-05
16894,3.63e-05
16895,3.63e-05
16896,3.63e-05
16897,3.63e-05
16898,3.63e-05
16899,3.63e-05
16900,3.63e-05
16901,3.63e-05
16902,3.63e-05
16903,3.63e-05
16904,3.63e-05
16905,3.63e-05
16906,3.63e-05
16907,3.63e-05
16908,3.63e-05
16909,3.63e-05
16910,3.63e-05
16911,3.63e-05
16912,3.63e-05
16913,3.63e-05
16914,3.63e-05
16915,3.63e-05
16916,3.63e-05
16917,3.63e-05
16918,3.63e-05
16919,3.63e-05
16920,3.63e-05
16921,3.63e-05
16922,3.63e-05
16923,3.69669444e-05
16924,5.10158333e-05
16925,0.000268876389
16926,0.000258630833
16927,0.0001824375
16928,0.000111803056
16929,5.83363889e-05
16930,4.14072222e-05
16931,4.65547222e-05
16932,3.98775e-05
16933,4.55508333e-05
16934,5.32941667e-05
16935,5.18319444e-05
16936,4.42430556e-05
16937,3.73230556e-05
16938,3.78022222e-05
16939,4.03969444e-05
16940,4.38936111e-05
16941,4.54480556e-05
16942,4.54980556e-05
16943,3.63e-05
16944,3.63e-05
16945,3.63e-05
16946,3.63e-05
16947,3.63e-05
16948,3.63e-05
16949,3.63e-05
16950,3.63e-05
16951,3.63e-05
16952,3.63e-05
16953,3.63e-05
16954,3.63e-05
16955,3.63e-05
16956,3.63e-05
16957,3.63e-05
16958,3.63e-05
16959,3.63e-05
16960,3.63e-05
16961,3.63e-05
16962,3.63e-05
16963,3.63e-05
16964,3.63e-05
16965,3.63e-05
16966,3.63e-05
16967,3.63e-05
16968,3.63e-05
16969,3.63e-05
16970,3.63e-05
16971,3.63e-05
16972,3.63e-05
16973,3.63e-05
16974,3.63e-05
16975,3.63e-05
16976,3.63e-05
16977,3.63e-05
16978,3.63e-05
16979,3.63e-05
16980,3.63e-05
16981,3.63e-05
16982,3.63e-05
16983,3.63e-05
16984,3.63e-05
16985,3.63e-05
16986,3.63e-05
16987,3.63e-05
16988,3.63e-05
16989,3.63e-05
16990,3.63e-05
16991,3.63e-05
16992,3.63e-05
16993,3.63e-05
16994,3.63e-05
16995,3.63e-05
16996,3.63e-05
16997,3.63e-05
16998,3.63e-05
16999,3.63e-05
17000,3.63e-05
17001,3.63e-05
17002,3.63e-05
17003,3.63e-05
17004,3.63e-05
17005,3.63e-05
17006,3.63e-05
17007,3.63e-05
17008,3.63e-05
17009,3.63e-05
17010,3.63e-05
17011,3.63e-05
17012,3.63e-05
17013,3.63e-05
17014,3.63e-05
17015,3.63e-05
17016,3.63e-05
17017,3.63e-05
17018,3.63e-05
17019,3.63e-05
17020,3.63e-05
17021,3.63e-05
17022,3.63e-05
17023,3.63e-05
17024,3.63e-05
17025,3.63e-05
17026,3.63e-05
17027,3.63e-05
17028,3.63e-05
17029,3.63e-05
17030,3.63e-05
17031,3.63e-05
17032,3.63e-05
17033,3.63e-05
17034,3.63e-05
17035,3.63e-05
17036,3.63e-05
17037,3.63e-05
17038,3.63e-05
17039,3.63e-05
17040,3.63e-05
17041,3.63e-05
17042,3.63e-05
17043,3.63e-05
17044,3.63e-05
17045,3.63e-05
17046,3.63e-05
17047,3.63e-05
17048,3.63e-05
17049,3.63e-05
17050,3.63e-05
17051,3.63e-05
17052,3.63e-05
17053,3.63e-05
17054,3.63e-05
17055,3.63e-05
17056,3.63e-05
17057,3.63e-05
17058,3.63e-05
17059,3.63e-05
17060,3.63e-05
17061,3.63e-05
17062,3.63e-05
17063,3.63e-05
17064,3.63e-05
17065,3.63e-05
17066,3.63e-05
17067,3.63e-05
17068,3.63e-05
17069,3.63e-05
17070,3.63e-05
17071,3.63e-05
17072,3.63e-05
17073,3.63e-05
17074,3.63e-05
17075,3.63e-05
17076,3.63e-05
17077,3.63e-05
17078,3.63e-05
17079,3.63e-05
17080,3.63e-05
17081,3.63e-05
17082,3.63e-05
17083,3.63e-05
17084,3.63e-05
17085,3.63e-05
17086,3.63e-05
17087,3.63e-05
17088,3.63e-05
17089,3.63e-05
17090,3.63e-05
17091,3.63e-05
17092,3.63e-05
17093,3.63e-05
17094,3.63e-05
17095,3.63e-05
17096,3.63e-05
17097,3.63e-05
17098,3.63e-05
17099,3.63e-05
17100,3.63e-05
17101,3.63e-05
17102,3.63e-05
17103,3.63e-05
17104,3.63e-05
17105,3.63e-05
17106,3.63e-05
17107,3.63e-05
17108,3.63e-05
17109,3.63e-05
17110,3.63e-05
17111,3.63e-05
17112,3.63e-05
17113,3.63e-05
17114,3.63e-05
17115,3.63e-05
17116,3.63e-05
17117,3.63e-05
17118,3.63e-05
17119,3.63e-05
17120,3.63e-05
17121,3.63e-05
17122,3.63e-05
17123,3.63e-05
17124,3.63e-05
17125,3.63e-05
17126,3.63e-05
17127,3.63e-05
17128,3.63e-05
17129,3.63e-05
17130,3.63e-05
17131,3.63e-05
17132,3.63e-05
17133,3.63e-05
17134,3.63e-05
17135,3.63e-05
17136,3.63e-05
17137,3.63e-05
17138,3.63e-05
17139,3.63e-05
17140,3.63e-05
17141,3.63e-05
17142,3.63e-05
17143,4.09102778e-05
17144,5.59409259e-05
17145,0.000235546389
17146,0.000131803056
17147,5.89941667e-05
17148,4.43553704e-05
17149,5.43202778e-05
17150,5.54691667e-05
17151,5.70936111e-05
17152,5.82780556e-05
17153,5.73002778e-05
17154,5.73625e-05
17155,5.61102778e-05
17156,5.19047222e-05
17157,4.70080556e-05
17158,4.06469444e-05
17159,3.69947222e-05
17160,3.73790741e-05
17161,3.82497222e-05
17162,3.78063889e-05
17163,3.63e-05
17164,3.63e-05
17165,3.63e-05
17166,3.63e-05
17167,3.63e-05
17168,3.63e-05
17169,3.63e-05
17170,3.63e-05
17171,3.63e-05
17172,3.63e-05
17173,3.63e-05
17174,3.63e-05
17175,3.63e-05
17176,3.63e-05
17177,3.63e-05
17178,3.63e-05
17179,3.63e-05
17180,3.63e-05
17181,3.63e-05
17182,3.63e-05
17183,3.63e-05
17184,3.63e-05
17185,3.63e-05
17186,3.63e-05
17187,3.63e-05
17188,3.63e-05
17189,3.63e-05
17190,3.63e-05
17191,3.63e-05
17192,3.63e-05
17193,3.63e-05
17194,3.63e-05
17195,3.63e-05
17196,3.63e-05
17197,3.63e-05
17198,3.63e-05
17199,3.63e-05
17200,3.63e-05
17201,3.63e-05
17202,3.63e-05
17203,3.63e-05
17204,3.63e-05
17205,3.63e-05
17206,3.63e-05
17207,3.63e-05
17208,3.63e-05
17209,3.63e-05
17210,3.63e-05
17211,3.63e-05
17212,3.63e-05
17213,3.63e-05
17214,3.63e-05
17215,3.63e-05
17216,3.63e-05
17217,3.63e-05
17218,3.63e-05
17219,3.63e-05
17220,3.63e-05
17221,3.63e-05
17222,3.63e-05
17223,3.63e-05
17224,3.63e-05
17225,3.63e-05
17226,3.63e-05
17227,3.63e-05
17228,3.63e-05
17229,3.63e-05
17230,3.63e-05
17231,3.63e-05
17232,3.63e-05
17233,3.63e-05
17234,3.63e-05
17235,3.63e-05
17236,3.63e-05
17237,3.63e-05
17238,3.63e-05
17239,3.63e-05
17240,3.63e-05
17241,3.63e-05
17242,3.63e-05
17243,3.63e-05
17244,3.63e-05
17245,3.63e-05
17246,3.63e-05
17247,3.63e-05
17248,3.63e-05
17249,3.63e-05
17250,3.63e-05
17251,3.63e-05
17252,3.63e-05
17253,3.63e-05
17254,3.63e-05
17255,3.63e-05
17256,3.63e-05
17257,3.63e-05
17258,3.63e-05
17259,3.63e-05
17260,3.63e-05
17261,3.63e-05
17262,3.63e-05
17263,3.63e-05
17264,3.63e-05
17265,3.63e-05
17266,3.63e-05
17267,3.63e-05
17268,3.63e-05
17269,3.63e-05
17270,3.63e-05
17271,3.63e-05
17272,3.63e-05
17273,3.63e-05
17274,3.63e-05
17275,3.63e-05
17276,3.63e-05
17277,3.63e-05
17278,3.63e-05
17279,3.63e-05
17280,3.63e-05
17281,3.63e-05
17282,3.63e-05
17283,3.63e-05
17284,3.63e-05
17285,3.63e-05
17286,3.63e-05
17287,3.63e-05
17288,3.63e-05
17289,3.63e-05
17290,3.63e-05
17291,3.63e-05
17292,3.63e-05
17293,3.63e-05
17294,3.63e-05
17295,3.63e-05
17296,3.63e-05
17297,3.63e-05
17298,3.63e-05
17299,3.63e-05
17300,3.63e-05
17301,3.63e-05
17302,3.63e-05
17303,3.63e-05
17304,3.63e-05
17305,3.63e-05
17306,3.63e-05
17307,3.63e-05
17308,3.63e-05
17309,3.63e-05
17310,3.63e-05
17311,3.63e-05
17312,3.63e-05
17313,3.63e-05
17314,3.63e-05
17315,3.63e-05
17316,3.63e-05
17317,3.63e-05
17318,3.63e-05
17319,3.63e-05
17320,3.63e-05
17321,3.63e-05
17322,3.63e-05
17323,3.63e-05
17324,3.63e-05
17325,3.63e-05
17326,3.63e-05
17327,3.63e-05
17328,3.63e-05
17329,3.63e-05
17330,3.63e-05
17331,3.63e-05
17332,3.63e-05
17333,3.63e-05
17334,3.63e-05
17335,3.63e-05
17336,3.63e-05
17337,3.63e-05
17338,3.63e-05
17339,3.63e-05
17340,3.63e-05
17341,3.63e-05
17342,3.63e-05
17343,3.63e-05
17344,3.63e-05
17345,3.63e-05
17346,3.63e-05
17347,3.63e-05
17348,3.63e-05
17349,3.63e-05
17350,3.63e-05
17351,3.63e-05
17352,3.63e-05
17353,3.63e-05
17354,3.63e-05
17355,3.63e-05
17356,3.63e-05
17357,3.63e-05
17358,3.63e-05
17359,3.63e-05
17360,3.63e-05
17361,3.63e-05
17362,3.63e-05
17363,3.77047222e-05
17364,4.06572222e-05
17365,0.000175248056
17366,0.000217016944
17367,0.000130848056
17368,8.46402778e-05
17369,5.44613889e-05
17370,3.94094444e-05
17371,4.34019444e-05
17372,4.13797222e-05
17373,4.20197222e-05
17374,3.77391667e-05
17375,3.90119444e-05
17376,4.24297222e-05
17377,5.43786111e-05
17378,5.89975e-05
17379,5.80563889e-05
17380,5.99841667e-05
17381,6.03930556e-05
17382,5.85675e-05
17383,3.63e-05
17384,3.63e-05
17385,3.63e-05
17386,3.63e-05
17387,3.63e-05
17388,3.63e-05
17389,3.63e-05
17390,3.63e-05
17391,3.63e-05
17392,3.63e-05
17393,3.63e-05
17394,3.63e-05
17395,3.63e-05
17396,3.63e-05
17397,3.63e-05
17398,3.63e-05
17399,3.63e-05
17400,3.63e-05
17401,3.63e-05
17402,3.63e-05
17403,3.63e-05
17404,3.63e-05
17405,3.63e-05
17406,3.63e-05
17407,3.63e-05
17408,3.63e-05
17409,3.63e-05
17410,3.63e-05
17411,3.63e-05
17412,3.63e-05
17413,3.63e-05
17414,3.63e-05
17415,3.63e-05
17416,3.63e-05
17417,3.63e-05
17418,3.63e-05
17419,3.63e-05
17420,3.63e-05
17421,3.63e-05
17422,3.63e-05
17423,3.63e-05
17424,3.63e-05
17425,3.63e-05
17426,3.63e-05
17427,3.63e-05
17428,3.63e-05
17429,3.63e-05
17430,3.63e-05
17431,3.63e-05
17432,3.63e-05
17433,3.63e-05
17434,3.63e-05
17435,3.63e-05
17436,3.63e-05
17437,3.63e-05
17438,3.63e-05
17439,3.63e-05
17440,3.63e-05
17441,3.63e-05
17442,3.63e-05
17443,3.63e-05
17444,3.63e-05
17445,3.63e-05
17446,3.63e-05
17447,3.63e-05
17448,3.63e-05
17449,3.63e-05
17450,3.63e-05
17451,3.63e-05
17452,3.63e-05
17453,3.63e-05
17454,3.63e-05
17455,3.63e-05
17456,3.63e-05
17457,3.63e-05
17458,3.63e-05
17459,3.63e-05
17460,3.63e-05
17461,3.63e-05
17462,3.63e-05
17463,3.63e-05
17464,3.63e-05
17465,3.63e-05
17466,3.63e-05
17467,3.63e-05
17468,3.63e-05
17469,3.63e-05
17470,3.63e-05
17471,3.63e-05
17472,3.63e-05
17473,3.63e-05
17474,3.63e-05
17475,3.63e-05
17476,3.63e-05
17477,3.63e-05
17478,3.63e-05
17479,3.63e-05
17480,3.63e-05
17481,3.63e-05
17482,3.63e-05
17483,3.63e-05
17484,3.63e-05
17485,3.63e-05
17486,3.63e-05
17487,3.63e-05
17488,3.63e-05
17489,3.63e-05
17490,3.63e-05
17491,3.63e-05
17492,3.63e-05
17493,3.63e-05
17494,3.63e-05
17495,3.63e-05
17496,3.63e-05
17497,3.63e-05
17498,3.63e-05
17499,3.63e-05
17500,3.63e-05
17501,3.63e-05
17502,3.63e-05
17503,3.63e-05
17504,3.63e-05
17505,3.63e-05
17506,3.63e-05
17507,3.63e-05
17508,3.63e-05
17509,3.63e-05
17510,3.63e-05
17511,3.63e-05
17512,3.63e-05
17513,3.63e-05
17514,3.63e-05
17515,3.63e-05
17516,3.63e-05
17517,3.63e-05
17518,3.63e-05
17519,3.63e-05
17520,3.63e-05
17521,3.63e-05
17522,3.63e-05
17523,3.63e-05
17524,3.63e-05
17525,3.63e-05
17526,3.63e-05
17527,3.63e-05
17528,3.63e-05
17529,3.63e-05
17530,3.63e-05
17531,3.63e-05
17532,3.63e-05
17533,3.63e-05
17534,3.63e-05
17535,3.63e-05
17536,3.63e-05
17537,3.63e-05
17538,3.63e-05
17539,3.63e-05
17540,3.63e-05
17541,3.63e-05
17542,3.63e-05
17543,3.63e-05
17544,3.63e-05
17545,3.63e-05
17546,3.63e-05
17547,3.63e-05
17548,3.63e-05
17549,3.63e-05
17550,3.63e-05
17551,3.63e-05
17552,3.63e-05
17553,3.63e-05
17554,3.63e-05
17555,3.63e-05
17556,3.63e-05
17557,3.63e-05
17558,3.63e-05
17559,3.63e-05
17560,3.63e-05
17561,3.63e-05
17562,3.63e-05
17563,3.63e-05
17564,3.63e-05
17565,3.63e-05
17566,3.63e-05
17567,3.63e-05
17568,3.63e-05
17569,3.63e-05
17570,3.63e-05
17571,3.63e-05
17572,3.63e-05
17573,3.63e-05
17574,3.63e-05
17575,3.63e-05
17576,3.63e-05
17577,3.63e-05
17578,3.63e-05
17579,3.63e-05
17580,3.63e-05
17581,3.63e-05
17582,3.63e-05
17583,4.26341667e-05
17584,4.54409259e-05
17585,0.000233181944
17586,0.000247165278
17587,0.000171588611
17588,0.000110999722
17589,7.23297222e-05
17590,5.06463889e-05
17591,4.81641667e-05
17592,5.02119444e-05
17593,5.70575e-05
17594,6.44941667e-05
17595,6.52030556e-05
17596,5.00086111e-05
17597,3.87034259e-05
17598,4.32369444e-05
17599,5.10413889e-05
17600,5.83425e-05
17601,6.28602778e-05
17602,6.89636111e-05
17603,3.63e-05
17604,3.63e-05
17605,3.63e-05
17606,3.63e-05
17607,3.63e-05
17608,3.63e-05
17609,3.63e-05
17610,3.63e-05
17611,3.63e-05
17612,3.63e-05
17613,3.63e-05
17614,3.63e-05
17615,3.63e-05
17616,3.63e-05
17617,3.63e-05
17618,3.63e-05
17619,3.63e-05
17620,3.63e-05
17621,3.63e-05
17622,3.63e-05
17623,3.63e-05
17624,3.63e-05
17625,3.63e-05
17626,3.63e-05
17627,3.63e-05
17628,3.63e-05
17629,3.63e-05
17630,3.63e-05
17631,3.63e-05
17632,3.63e-05
17633,3.63e-05
17634,3.63e-05
17635,3.63e-05
17636,3.63e-05
17637,3.63e-05
17638,3.63e-05
17639,3.63e-05
17640,3.63e-05
17641,3.63e-05
17642,3.63e-05
17643,3.63e-05
17644,3.63e-05
17645,3.63e-05
17646,3.63e-05
17647,3.63e-05
17648,3.63e-05
17649,3.63e-05
17650,3.63e-05
17651,3.63e-05
17652,3.63e-05
17653,3.63e-05
17654,3.63e-05
17655,3.63e-05
17656,3.63e-05
17657,3.63e-05
17658,3.63e-05
17659,3.63e-05
17660,3.63e-05
17661,3.63e-05
17662,3.63e-05
17663,3.63e-05
17664,3.63e-05
17665,3.63e-05
17666,3.63e-05
17667,3.63e-05
17668,3.63e-05
17669,3.63e-05
17670,3.63e-05
17671,3.63e-05
17672,3.63e-05
17673,3.63e-05
17674,3.63e-05
17675,3.63e-05
17676,3.63e-05
17677,3.63e-05
17678,3.63e-05
17679,3.63e-05
17680,3.63e-05
17681,3.63e-05
17682,3.63e-05
17683,3.63e-05
17684,3.63e-05
17685,3.63e-05
17686,3.63e-05
17687,3.63e-05
17688,3.63e-05
17689,3.63e-05
17690,3.63e-05
17691,3.63e-05
17692,3.63e-05
17693,3.63e-05
17694,3.63e-05
17695,3.63e-05
17696,3.63e-05
17697,3.63e-05
17698,3.63e-05
17699,3.63e-05
17700,3.63e-05
17701,3.63e-05
17702,3.63e-05
17703,3.63e-05
17704,3.63e-05
17705,3.63e-05
17706,3.63e-05
17707,3.63e-05
17708,3.63e-05
17709,3.63e-05
17710,3.63e-05
17711,3.63e-05
17712,3.63e-05
17713,3.63e-05
17714,3.63e-05
17715,3.63e-05
17716,3.63e-05
17717,3.63e-05
17718,3.63e-05
17719,3.63e-05
17720,3.63e-05
17721,3.63e-05
17722,3.63e-05
17723,3.63e-05
17724,3.63e-05
17725,3.63e-05
17726,3.63e-05
17727,3.63e-05
17728,3.63e-05
17729,3.63e-05
17730,3.63e-05
17731,3.63e-05
17732,3.63e-05
17733,3.63e-05
17734,3.63e-05
17735,3.63e-05
17736,3.63e-05
17737,3.63e-05
17738,3.63e-05
17739,3.63e-05
17740,3.63e-05
17741,3.63e-05
17742,3.63e-05
17743,3.63e-05
17744,3.63e-05
17745,3.63e-05
17746,3.63e-05
17747,3.63e-05
17748,3.63e-05
17749,3.63e-05
17750,3.63e-05
17751,3.63e-05
17752,3.63e-05
17753,3.63e-05
17754,3.63e-05
17755,3.63e-05
17756,3.63e-05
17757,3.63e-05
17758,3.63e-05
17759,3.63e-05
17760,3.63e-05
17761,3.63e-05
17762,3.63e-05
17763,3.63e-05
17764,3.63e-05
17765,3.63e-05
17766,3.63e-05
17767,3.63e-05
17768,3.63e-05
17769,3.63e-05
17770,3.63e-05
17771,3.63e-05
17772,3.63e-05
17773,3.63e-05
17774,3.63e-05
17775,3.63e-05
17776,3.63e-05
17777,3.63e-05
17778,3.63e-05
17779,3.63e-05
17780,3.63e-05
17781,3.63e-05
17782,3.63e-05
17783,3.63e-05
17784,3.63e-05
17785,3.63e-05
17786,3.63e-05
17787,3.63e-05
17788,3.63e-05
17789,3.63e-05
17790,3.63e-05
17791,3.63e-05
17792,3.63e-05
17793,3.63e-05
17794,3.63e-05
17795,3.63e-05
17796,3.63e-05
17797,3.63e-05
17798,3.63e-05
17799,3.63e-05
17800,3.63e-05
17801,3.63e-05
17802,3.63e-05
17803,3.77e-05
17804,3.81572222e-05
17805,3.82077778e-05
17806,3.68922222e-05
17807,3.84416667e-05
17808,3.75477778e-05
17809,3.88016667e-05
17810,3.93794444e-05
17811,4.09238889e-05
17812,4.33594444e-05
17813,3.9975e-05
17814,3.87005556e-05
17815,3.9615e-05
17816,3.73527778e-05
17817,3.76938889e-05
17818,3.80016667e-05
17819,3.7435e-05
17820,3.79988889e-05
17821,4.04194444e-05
17822,3.86461111e-05
17823,3.63e-05
17824,3.63e-05
17825,3.63e-05
17826,3.63e-05
17827,3.63e-05
17828,3.63e-05
17829,3.63e-05
17830,3.63e-05
17831,3.63e-05
17832,3.63e-05
17833,3.63e-05
17834,3.63e-05
17835,3.63e-05
17836,3.63e-05
17837,3.63e-05
17838,3.63e-05
17839,3.63e-05
17840,3.63e-05
17841,3.63e-05
17842,3.63e-05
17843,3.63e-05
17844,3.63e-05
17845,3.63e-05
17846,3.63e-05
17847,3.63e-05
17848,3.63e-05
17849,3.63e-05
17850,3.63e-05
17851,3.63e-05
17852,3.63e-05
17853,3.63e-05
17854,3.63e-05
17855,3.63e-05
17856,3.63e-05
17857,3.63e-05
17858,3.63e-05
17859,3.63e-05
17860,3.63e-05
17861,3.63e-05
17862,3.63e-05
17863,3.63e-05
17864,3.63e-05
17865,3.63e-05
17866,3.63e-05
17867,3.63e-05
17868,3.63e-05
17869,3.63e-05
17870,3.63e-05
17871,3.63e-05
17872,3.63e-05
17873,3.63e-05
17874,3.63e-05
17875,3.63e-05
17876,3.63e-05
17877,3.63e-05
17878,3.63e-05
17879,3.63e-05
17880,3.63e-05
17881,3.63e-05
17882,3.63e-05
17883,3.63e-05
17884,3.63e-05
17885,3.63e-05
17886,3.63e-05
17887,3.63e-05
17888,3.63e-05
17889,3.63e-05
17890,3.63e-05
17891,3.63e-05
17892,3.63e-05
17893,3.63e-05
17894,3.63e-05
17895,3.63e-05
17896,3.63e-05
17897,3.63e-05
17898,3.63e-05
17899,3.63e-05
17900,3.63e-05
17901,3.63e-05
17902,3.63e-05
17903,3.63e-05
17904,3.63e-05
17905,3.63e-05
17906,3.63e-05
17907,3.63e-05
17908,3.63e-05
17909,3.63e-05
17910,3.63e-05
17911,3.63e-05
17912,3.63e-05
17913,3.63e-05
17914,3.63e-05
17915,3.63e-05
17916,3.63e-05
17917,3.63e-05
17918,3.63e-05
17919,3.63e-05
17920,3.63e-05
17921,3.63e-05
17922,3.63e-05
17923,3.63e-05
17924,3.63e-05
17925,3.63e-05
17926,3.63e-05
17927,3.63e-05
17928,3.63e-05
17929,3.63e-05
17930,3.63e-05
17931,3.63e-05
17932,3.63e-05
17933,3.63e-05
17934,3.63e-05
17935,3.63e-05
17936,3.63e-05
17937,3.63e-05
17938,3.63e-05
17939,3.63e-05
17940,3.63e-05
17941,3.63e-05
17942,3.63e-05
17943,3.63e-05
17944,3.63e-05
17945,3.63e-05
17946,3.63e-05
17947,3.63e-05
17948,3.63e-05
17949,3.63e-05
17950,3.63e-05
17951,3.63e-05
17952,3.63e-05
17953,3.63e-05
17954,3.63e-05
17955,3.63e-05
17956,3.63e-05
17957,3.63e-05
17958,3.63e-05
17959,3.63e-05
17960,3.63e-05
17961,3.63e-05
17962,3.63e-05
17963,3.63e-05
17964,3.63e-05
17965,3.63e-05
17966,3.63e-05
17967,3.63e-05
17968,3.63e-05
17969,3.63e-05
17970,3.63e-05
17971,3.63e-05
17972,3.63e-05
17973,3.63e-05
17974,3.63e-05
17975,3.63e-05
17976,3.63e-05
17977,3.63e-05
17978,3.63e-05
17979,3.63e-05
17980,3.63e-05
17981,3.63e-05
17982,3.63e-05
17983,3.63e-05
17984,3.63e-05
17985,3.63e-05
17986,3.63e-05
17987,3.63e-05
17988,3.63e-05
17989,3.63e-05
17990,3.63e-05
17991,3.63e-05
17992,3.63e-05
17993,3.63e-05
17994,3.63e-05
17995,3.63e-05
17996,3.63e-05
17997,3.63e-05
17998,3.63e-05
17999,3.63e-05
18000,3.63e-05
18001,3.63e-05
18002,3.63e-05
18003,3.63e-05
18004,3.63e-05
18005,3.63e-05
18006,3.63e-05
18007,3.63e-05
18008,3.63e-05
18009,3.63e-05
18010,3.63e-05
18011,3.63e-05
18012,3.63e-05
18013,3.63e-05
18014,3.63e-05
18015,3.63e-05
18016,3.63e-05
18017,3.63e-05
18018,3.63e-05
18019,3.63e-05
18020,3.63e-05
18021,3.63e-05
18022,3.63e-05
18023,4.26341667e-05
18024,4.54409259e-05
18025,0.000233181944
18026,0.000247165278
18027,0.000171588611
18028,0.000110999722
18029,7.23297222e-05
18030,5.06463889e-05
18031,4.81641667e-05
18032,5.02119444e-05
18033,5.70575e-05
18034,6.44941667e-05
18035,6.52030556e-05
18036,5.00086111e-05
18037,3.87034259e-05
18038,4.32369444e-05
18039,5.10413889e-05
18040,5.83425e-05
18041,6.28602778e-05
18042,6.89636111e-05
18043,3.63e-05
18044,3.63e-05
18045,3.63e-05
18046,3.63e-05
18047,3.63e-05
18048,3.63e-05
18049,3.63e-05
18050,3.63e-05
18051,3.63e-05
18052,3.63e-05
18053,3.63e-05
18054,3.63e-05
18055,3.63e-05
18056,3.63e-05
18057,3.63e-05
18058,3.63e-05
18059,3.63e-05
18060,3.63e-05
18061,3.63e-05
18062,3.63e-05
18063,3.63e-05
18064,3.63e-05
18065,3.63e-05
18066,3.63e-05
18067,3.63e-05
18068,3.63e-05
18069,3.63e-05
18070,3.63e-05
18071,3.63e-05
18072,3.63e-05
18073,3.63e-05
18074,3.63e-05
18075,3.63e-05
18076,3.63e-05
18077,3.63e-05
18078,3.63e-05
18079,3.63e-05
18080,3.63e-05
18081,3.63e-05
18082,3.63e-05
18083,3.63e-05
18084,3.63e-05
18085,3.63e-05
18086,3.63e-05
18087,3.63e-05
18088,3.63e-05
18089,3.63e-05
18090,3.63e-05
18091,3.63e-05
18092,3.63e-05
18093,3.63e-05
18094,3.63e-05
18095,3.63e-05
18096,3.63e-05
18097,3.63e-05
18098,3.63e-05
18099,3.63e-05
18100,3.63e-05
18101,3.63e-05
18102,3.63e-05
18103,3.63e-05
18104,3.63e-05
18105,3.63e-05
18106,3.63e-05
18107,3.63e-05
18108,3.63e-05
18109,3.63e-05
18110,3.63e-05
18111,3.63e-05
18112,3.63e-05
18113,3.63e-05
18114,3.63e-05
18115,3.63e-05
18116,3.63e-05
18117,3.63e-05
18118,3.63e-05
18119,3.63e-05
18120,3.63e-05
18121,3.63e-05
18122,3.63e-05
18123,3.63e-05
18124,3.63e-05
18125,3.63e-05
18126,3.63e-05
18127,3.63e-05
18128,3.63e-05
18129,3.63e-05
18130,3.63e-05
18131,3.63e-05
18132,3.63e-05
18133,3.63e-05
18134,3.63e-05
18135,3.63e-05
18136,3.63e-05
18137,3.63e-05
18138,3.63e-05
18139,3.63e-05
18140,3.63e-05
18141,3.63e-05
18142,3.63e-05
18143,3.63e-05
18144,3.63e-05
18145,3.63e-05
18146,3.63e-05
18147,3.63e-05
18148,3.63e-05
18149,3.63e-05
18150,3.63e-05
18151,3.63e-05
18152,3.63e-05
18153,3.63e-05
18154,3.63e-05
18155,3.63e-05
18156,3.63e-05
18157,3.63e-05
18158,3.63e-05
18159,3.63e-05
18160,3.63e-05
18161,3.63e-05
18162,3.63e-05
18163,3.63e-05
18164,3.63e-05
18165,3.63e-05
18166,3.63e-05
18167,3.63e-05
18168,3.63e-05
18169,3.63e-05
18170,3.63e-05
18171,3.63e-05
18172,3.63e-05
18173,3.63e-05
18174,3.63e-05
18175,3.63e-05
18176,3.63e-05
18177,3.63e-05
18178,3.63e-05
18179,3.63e-05
18180,3.63e-05
18181,3.63e-05
18182,3.63e-05
18183,3.63e-05
18184,3.63e-05
18185,3.63e-05
18186,3.63e-05
18187,3.63e-05
18188,3.63e-05
18189,3.63e-05
18190,3.63e-05
18191,3.63e-05
18192,3.63e-05
18193,3.63e-05
18194,3.63e-05
18195,3.63e-05
18196,3.63e-05
18197,3.63e-05
18198,3.63e-05
18199,3.63e-05
18200,3.63e-05
18201,3.63e-05
18202,3.63e-05
18203,3.63e-05
18204,3.63e-05
18205,3.63e-05
18206,3.63e-05
18207,3.63e-05
18208,3.63e-05
18209,3.63e-05
18210,3.63e-05
18211,3.63e-05
18212,3.63e-05
18213,3.63e-05
18214,3.63e-05
18215,3.63e-05
18216,3.63e-05
18217,3.63e-05
18218,3.63e-05
18219,3.63e-05
18220,3.63e-05
18221,3.63e-05
18222,3.63e-05
18223,3.63e-05
18224,3.63e-05
18225,3.63e-05
18226,3.63e-05
18227,3.63e-05
18228,3.63e-05
18229,3.63e-05
18230,3.63e-05
18231,3.63e-05
18232,3.63e-05
18233,3.63e-05
18234,3.63e-05
18235,3.63e-05
18236,3.63e-05
18237,3.63e-05
18238,3.63e-05
18239,3.63e-05
18240,3.63e-05
18241,3.63e-05
18242,3.63e-05
18243,4.09102778e-05
18244,5.59409259e-05
18245,0.000235546389
18246,0.000131803056
18247,5.89941667e-05
18248,4.43553704e-05
18249,5.43202778e-05
18250,5.54691667e-05
18251,5.70936111e-05
18252,5.82780556e-05
18253,5.73002778e-05
18254,5.73625e-05
18255,5.61102778e-05
18256,5.19047222e-05
18257,4.70080556e-05
18258,4.06469444e-05
18259,3.69947222e-05
18260,3.73790741e-05
18261,3.82497222e-05
18262,3.78063889e-05
18263,3.63e-05
18264,3.63e-05
18265,3.63e-05
18266,3.63e-05
18267,3.63e-05
18268,3.63e-05
18269,3.63e-05
18270,3.63e-05
18271,3.63e-05
18272,3.63e-05
18273,3.63e-05
18274,3.63e-05
18275,3.63e-05
18276,3.63e-05
18277,3.63e-05
18278,3.63e-05
18279,3.63e-05
18280,3.63e-05
18281,3.63e-05
18282,3.63e-05
18283,3.63e-05
18284,3.63e-05
18285,3.63e-05
18286,3.63e-05
18287,3.63e-05
18288,3.63e-05
18289,3.63e-05
18290,3.63e-05
18291,3.63e-05
18292,3.63e-05
18293,3.63e-05
18294,3.63e-05
18295,3.63e-05
18296,3.63e-05
18297,3.63e-05
18298,3.63e-05
18299,3.63e-05
18300,3.63e-05
18301,3.63e-05
18302,3.63e-05
18303,3.63e-05
18304,3.63e-05
18305,3.63e-05
18306,3.63e-05
18307,3.63e-05
18308,3.63e-05
18309,3.63e-05
18310,3.63e-05
18311,3.63e-05
18312,3.63e-05
18313,3.63e-05
18314,3.63e-05
18315,3.63e-05
18316,3.63e-05
18317,3.63e-05
18318,3.63e-05
18319,3.63e-05
18320,3.63e-05
18321,3.63e-05
18322,3.63e-05
18323,3.63e-05
18324,3.63e-05
18325,3.63e-05
18326,3.63e-05
18327,3.63e-05
18328,3.63e-05
18329,3.63e-05
18330,3.63e-05
18331,3.63e-05
18332,3.63e-05
18333,3.63e-05
18334,3.63e-05
18335,3.63e-05
18336,3.63e-05
18337,3.63e-05
18338,3.63e-05
18339,3.63e-05
18340,3.63e-05
18341,3.63e-05
18342,3.63e-05
18343,3.63e-05
18344,3.63e-05
18345,3.63e-05
18346,3.63e-05
18347,3.63e-05
18348,3.63e-05
18349,3.63e-05
18350,3.63e-05
18351,3.63e-05
18352,3.63e-05
18353,3.63e-05
18354,3.63e-05
18355,3.63e-05
18356,3.63e-05
18357,3.63e-05
18358,3.63e-05
18359,3.63e-05
18360,3.63e-05
18361,3.63e-05
18362,3.63e-05
18363,3.63e-05
18364,3.63e-05
18365,3.63e-05
18366,3.63e-05
18367,3.63e-05
18368,3.63e-05
18369,3.63e-05
18370,3.63e-05
18371,3.63e-05
18372,3.63e-05
18373,3.63e-05
18374,3.63e-05
18375,3.63e-05
18376,3.63e-05
18377,3.63e-05
18378,3.63e-05
18379,3.63e-05
18380,3.63e-05
18381,3.63e-05
18382,3.63e-05
18383,3.63e-05
18384,3.63e-05
18385,3.63e-05
18386,3.63e-05
18387,3.63e-05
18388,3.63e-05
18389,3.63e-05
18390,3.63e-05
18391,3.63e-05
18392,3.63e-05
18393,3.63e-05
18394,3.63e-05
18395,3.63e-05
18396,3.63e-05
18397,3.63e-05
18398,3.63e-05
18399,3.63e-05
18400,3.63e-05
18401,3.63e-05
18402,3.63e-05
18403,3.63e-05
18404,3.63e-05
18405,3.63e-05
18406,3.63e-05
18407,3.63e-05
18408,3.63e-05
18409,3.63e-05
18410,3.63e-05
18411,3.63e-05
18412,3.63e-05
18413,3.63e-05
18414,3.63e-05
18415,3.63e-05
18416,3.63e-05
18417,3.63e-05
18418,3.63e-05
18419,3.63e-05
18420,3.63e-05
18421,3.63e-05
18422,3.63e-05
18423,3.63e-05
18424,3.63e-05
18425,3.63e-05
18426,3.63e-05
18427,3.63e-05
18428,3.63e-05
18429,3.63e-05
18430,3.63e-05
18431,3.63e-05
18432,3.63e-05
18433,3.63e-05
18434,3.63e-05
18435,3.63e-05
18436,3.63e-05
18437,3.63e-05
18438,3.63e-05
18439,3.63e-05
18440,3.63e-05
18441,3.63e-05
18442,3.63e-05
18443,3.63e-05
18444,3.63e-05
18445,3.63e-05
18446,3.63e-05
18447,3.63e-05
18448,3.63e-05
18449,3.63e-05
18450,3.63e-05
18451,3.63e-05
18452,3.63e-05
18453,3.63e-05
18454,3.63e-05
18455,3.63e-05
18456,3.63e-05
18457,3.63e-05
18458,3.63e-05
18459,3.63e-05
18460,3.63e-05
18461,3.63e-05
18462,3.63e-05
18463,3.69669444e-05
18464,5.10158333e-05
18465,0.000268876389
18466,0.000258630833
18467,0.0001824375
18468,0.000111803056
18469,5.83363889e-05
18470,4.14072222e-05
18471,4.65547222e-05
18472,3.98775e-05
18473,4.55508333e-05
18474,5.32941667e-05
18475,5.18319444e-05
18476,4.42430556e-05
18477,3.73230556e-05
18478,3.78022222e-05
18479,4.03969444e-05
18480,4.38936111e-05
18481,4.54480556e-05
18482,4.54980556e-05
18483,3.63e-05
18484,3.63e-05
18485,3.63e-05
18486,3.63e-05
18487,3.63e-05
18488,3.63e-05
18489,3.63e-05
18490,3.63e-05
18491,3.63e-05
18492,3.63e-05
18493,3.63e-05
18494,3.63e-05
18495,3.63e-05
18496,3.63e-05
18497,3.63e-05
18498,3.63e-05
18499,3.63e-05
18500,3.63e-05
18501,3.63e-05
18502,3.63e-05
18503,3.63e-05
18504,3.63e-05
18505,3.63e-05
18506,3.63e-05
18507,3.63e-05
18508,3.63e-05
18509,3.63e-05
18510,3.63e-05
18511,3.63e-05
18512,3.63e-05
18513,3.63e-05
18514,3.63e-05
18515,3.63e-05
18516,3.63e-05
18517,3.63e-05
18518,3.63e-05
18519,3.63e-05
18520,3.63e-05
18521,3.63e-05
18522,3.63e-05
18523,3.63e-05
18524,3.63e-05
18525,3.63e-05
18526,3.63e-05
18527,3.63e-05
18528,3.63e-05
18529,3.63e-05
18530,3.63e-05
18531,3.63e-05
18532,3.63e-05
18533,3.63e-05
18534,3.63e-05
18535,3.63e-05
18536,3.63e-05
18537,3.63e-05
18538,3.63e-05
18539,3.63e-05
18540,3.63e-05
18541,3.63e-05
18542,3.63e-05
18543,3.63e-05
18544,3.63e-05
18545,3.63e-05
18546,3.63e-05
18547,3.63e-05
18548,3.63e-05
18549,3.63e-05
18550,3.63e-05
18551,3.63e-05
18552,3.63e-05
18553,3.63e-05
18554,3.63e-05
18555,3.63e-05
18556,3.63e-05
18557,3.63e-05
18558,3.63e-05
18559,3.63e-05
18560,3.63e-05
18561,3.63e-05
18562,3.63e-05
18563,3.63e-05
18564,3.63e-05
18565,3.63e-05
18566,3.63e-05
18567,3.63e-05
18568,3.63e-05
18569,3.63e-05
18570,3.63e-05
18571,3.63e-05
18572,3.63e-05
18573,3.63e-05
18574,3.63e-05
18575,3.63e-05
18576,3.63e-05
18577,3.63e-05
18578,3.63e-05
18579,3.63e-05
18580,3.63e-05
18581,3.63e-05
18582,3.63e-05
18583,3.63e-05
18584,3.63e-05
18585,3.63e-05
18586,3.63e-05
18587,3.63e-05
18588,3.63e-05
18589,3.63e-05
18590,3.63e-05
18591,3.63e-05
18592,3.63e-05
18593,3.63e-05
18594,3.63e-05
18595,3.63e-05
18596,3.63e-05
18597,3.63e-05
18598,3.63e-05
18599,3.63e-05
18600,3.63e-05
18601,3.63e-05
18602,3.63e-05
18603,3.63e-05
18604,3.63e-05
18605,3.63e-05
18606,3.63e-05
18607,3.63e-05
18608,3.63e-05
18609,3.63e-05
18610,3.63e-05
18611,3.63e-05
18612,3.63e-05
18613,3.63e-05
18614,3.63e-05
18615,3.63e-05
18616,3.63e-05
18617,3.63e-05
18618,3.63e-05
18619,3.63e-05
18620,3.63e-05
18621,3.63e-05
18622,3.63e-05
18623,3.63e-05
18624,3.63e-05
18625,3.63e-05
18626,3.63e-05
18627,3.63e-05
18628,3.63e-05
18629,3.63e-05
18630,3.63e-05
18631,3.63e-05
18632,3.63e-05
18633,3.63e-05
18634,3.63e-05
18635,3.63e-05
18636,3.63e-05
18637,3.63e-05
18638,3.63e-05
18639,3.63e-05
18640,3.63e-05
18641,3.63e-05
18642,3.63e-05
18643,3.63e-05
18644,3.63e-05
18645,3.63e-05
18646,3.63e-05
18647,3.63e-05
18648,3.63e-05
18649,3.63e-05
18650,3.63e-05
18651,3.63e-05
18652,3.63e-05
18653,3.63e-05
18654,3.63e-05
18655,3.63e-05
18656,3.63e-05
18657,3.63e-05
18658,3.63e-05
18659,3.63e-05
18660,3.63e-05
18661,3.63e-05
18662,3.63e-05
18663,3.63e-05
18664,3.63e-05
18665,3.63e-05
18666,3.63e-05
18667,3.63e-05
18668,3.63e-05
18669,3.63e-05
18670,3.63e-05
18671,3.63e-05
18672,3.63e-05
18673,3.63e-05
18674,3.63e-05
18675,3.63e-05
18676,3.63e-05
18677,3.63e-05
18678,3.63e-05
18679,3.63e-05
18680,3.63e-05
18681,3.63e-05
18682,3.63e-05
18683,3.77047222e-05
18684,4.06572222e-05
18685,0.000175248056
18686,0.000217016944
18687,0.000130848056
18688,8.46402778e-05
18689,5.44613889e-05
18690,3.94094444e-05
18691,4.34019444e-05
18692,4.13797222e-05
18693,4.20197222e-05
18694,3.77391667e-05
18695,3.90119444e-05
18696,4.24297222e-05
18697,5.43786111e-05
18698,5.89975e-05
18699,5.80563889e-05
18700,5.99841667e-05
18701,6.03930556e-05
18702,5.85675e-05
18703,3.63e-05
18704,3.63e-05
18705,3.63e-05
18706,3.63e-05
18707,3.63e-05
18708,3.63e-05
18709,3.63e-05
18710,3.63e-05
18711,3.63e-05
18712,3.63e-05
18713,3.63e-05
18714,3.63e-05
18715,3.63e-05
18716,3.63e-05
18717,3.63e-05
18718,3.63e-05
18719,3.63e-05
18720,3.63e-05
18721,3.63e-05
18722,3.63e-05
18723,3.63e-05
18724,3.63e-05
18725,3.63e-05
18726,3.63e-05
18727,3.63e-05
18728,3.63e-05
18729,3.63e-05
18730,3.63e-05
18731,3.63e-05
18732,3.63e-05
18733,3.63e-05
18734,3.63e-05
18735,3.63e-05
18736,3.63e-05
18737,3.63e-05
18738,3.63e-05
18739,3.63e-05
18740,3.63e-05
18741,3.63e-05
18742,3.63e-05
18743,3.63e-05
18744,3.63e-05
18745,3.63e-05
18746,3.63e-05
18747,3.63e-05
18748,3.63e-05
18749,3.63e-05
18750,3.63e-05
18751,3.63e-05
18752,3.63e-05
18753,3.63e-05
18754,3.63e-05
18755,3.63e-05
18756,3.63e-05
18757,3.63e-05
18758,3.63e-05
18759,3.63e-05
18760,3.63e-05
18761,3.63e-05
18762,3.63e-05
18763,3.63e-05
18764,3.63e-05
18765,3.63e-05
18766,3.63e-05
18767,3.63e-05
18768,3.63e-05
18769,3.63e-05
18770,3.63e-05
18771,3.63e-05
18772,3.63e-05
18773,3.63e-05
18774,3.63e-05
18775,3.63e-05
18776,3.63e-05
18777,3.63e-05
18778,3.63e-05
18779,3.63e-05
18780,3.63e-05
18781,3.63e-05
18782,3.63e-05
18783,3.63e-05
18784,3.63e-05
18785,3.63e-05
18786,3.63e-05
18787,3.63e-05
18788,3.63e-05
18789,3.63e-05
18790,3.63e-05
18791,3.63e-05
18792,3.63e-05
18793,3.63e-05
18794,3.63e-05
18795,3.63e-05
18796,3.63e-05
18797,3.63e-05
18798,3.63e-05
18799,3.63e-05
18800,3.63e-05
18801,3.63e-05
18802,3.63e-05
18803,3.63e-05
18804,3.63e-05
18805,3.63e-05
18806,3.63e-05
18807,3.63e-05
18808,3.63e-05
18809,3.63e-05
18810,3.63e-05
18811,3.63e-05
18812,3.63e-05
18813,3.63e-05
18814,3.63e-05
18815,3.63e-05
18816,3.63e-05
18817,3.63e-05
18818,3.63e-05
18819,3.63e-05
18820,3.63e-05
18821,3.63e-05
18822,3.63e-05
18823,3.63e-05
18824,3.63e-05
18825,3.63e-05
18826,3.63e-05
18827,3.63e-05
18828,3.63e-05
18829,3.63e-05
18830,3.63e-05
18831,3.63e-05
18832,3.63e-05
18833,3.63e-05
18834,3.63e-05
18835,3.63e-05
18836,3.63e-05
18837,3.63e-05
18838,3.63e-05
18839,3.63e-05
18840,3.63e-05
18841,3.63e-05
18842,3.63e-05
18843,3.63e-05
18844,3.63e-05
18845,3.63e-05
18846,3.63e-05
18847,3.63e-05
18848,3.63e-05
18849,3.63e-05
18850,3.63e-05
18851,3.63e-05
18852,3.63e-05
18853,3.63e-05
18854,3.63e-05
18855,3.63e-05
18856,3.63e-05
18857,3.63e-05
18858,3.63e-05
18859,3.63e-05
18860,3.63e-05
18861,3.63e-05
18862,3.63e-05
18863,3.63e-05
18864,3.63e-05
18865,3.63e-05
18866,3.63e-05
18867,3.63e-05
18868,3.63e-05
18869,3.63e-05
18870,3.63e-05
18871,3.63e-05
18872,3.63e-05
18873,3.63e-05
18874,3.63e-05
18875,3.63e-05
18876,3.63e-05
18877,3.63e-05
18878,3.63e-05
18879,3.63e-05
18880,3.63e-05
18881,3.63e-05
18882,3.63e-05
18883,3.63e-05
18884,3.63e-05
18885,3.63e-05
18886,3.63e-05
18887,3.63e-05
18888,3.63e-05
18889,3.63e-05
18890,3.63e-05
18891,3.63e-05
18892,3.63e-05
18893,3.63e-05
18894,3.63e-05
18895,3.63e-05
18896,3.63e-05
18897,3.63e-05
18898,3.63e-05
18899,3.63e-05
18900,3.63e-05
18901,3.63e-05
18902,3.63e-05
18903,3.69669444e-05
18904,5.10158333e-05
18905,0.000268876389
18906,0.000258630833
18907,0.0001824375
18908,0.000111803056
18909,5.83363889e-05
18910,4.14072222e-05
18911,4.65547222e-05
18912,3.98775e-05
18913,4.55508333e-05
18914,5.32941667e-05
18915,5.18319444e-05
18916,4.42430556e-05
18917,3.73230556e-05
18918,3.78022222e-05
18919,4.03969444e-05
18920,4.38936111e-05
18921,4.54480556e-05
18922,4.54980556e-05
18923,3.63e-05
18924,3.63e-05
18925,3.63e-05
18926,3.63e-05
18927,3.63e-05
18928,3.63e-05
18929,3.63e-05
18930,3.63e-05
18931,3.63e-05
18932,3.63e-05
18933,3.63e-05
18934,3.63e-05
18935,3.63e-05
18936,3.63e-05
18937,3.63e-05
18938,3.63e-05
18939,3.63e-05
18940,3.63e-05
18941,3.63e-05
18942,3.63e-05
18943,3.63e-05
18944,3.63e-05
18945,3.63e-05
18946,3.63e-05
18947,3.63e-05
18948,3.63e-05
18949,3.63e-05
18950,3.63e-05
18951,3.63e-05
18952,3.63e-05
18953,3.63e-05
18954,3.63e-05
18955,3.63e-05
18956,3.63e-05
18957,3.63e-05
18958,3.63e-05
18959,3.63e-05
18960,3.63e-05
18961,3.63e-05
18962,3.63e-05
18963,3.63e-05
18964,3.63e-05
18965,3.63e-05
18966,3.63e-05
18967,3.63e-05
18968,3.63e-05
18969,3.63e-05
18970,3.63e-05
18971,3.63e-05
18972,3.63e-05
18973,3.63e-05
18974,3.63e-05
18975,3.63e-05
18976,3.63e-05
18977,3.63e-05
18978,3.63e-05
18979,3.63e-05
18980,3.63e-05
18981,3.63e-05
18982,3.63e-05
18983,3.63e-05
18984,3.63e-05
18985,3.63e-05
18986,3.63e-05
18987,3.63e-05
18988,3.63e-05
18989,3.63e-05
18990,3.63e-05
18991,3.63e-05
18992,3.63e-05
18993,3.63e-05
18994,3.63e-05
18995,3.63e-05
18996,3.63e-05
18997,3.63e-05
18998,3.63e-05
18999,3.63e-05
19000,3.63e-05
19001,3.63e-05
19002,3.63e-05
19003,3.63e-05
19004,3.63e-05
19005,3.63e-05
19006,3.63e-05
19007,3.63e-05
19008,3.63e-05
19009,3.63e-05
19010,3.63e-05
19011,3.63e-05
19012,3.63e-05
19013,3.63e-05
19014,3.63e-05
19015,3.63e-05
19016,3.63e-05
19017,3.63e-05
19018,3.63e-05
19019,3.63e-05
19020,3.63e-05
19021,3.63e-05
19022,3.63e-05
19023,3.63e-05
19024,3.63e-05
19025,3.63e-05
19026,3.63e-05
19027,3.63e-05
19028,3.63e-05
19029,3.63e-05
19030,3.63e-05
19031,3.63e-05
19032,3.63e-05
19033,3.63e-05
19034,3.63e-05
19035,3.63e-05
19036,3.63e-05
19037,3.63e-05
19038,3.63e-05
19039,3.63e-05
19040,3.63e-05
19041,3.63e-05
19042,3.63e-05
19043,3.63e-05
19044,3.63e-05
19045,3.63e-05
19046,3.63e-05
19047,3.63e-05
19048,3.63e-05
19049,3.63e-05
19050,3.63e-05
19051,3.63e-05
19052,3.63e-05
19053,3.63e-05
19054,3.63e-05
19055,3.63e-05
19056,3.63e-05
19057,3.63e-05
19058,3.63e-05
19059,3.63e-05
19060,3.63e-05
19061,3.63e-05
19062,3.63e-05
19063,3.63e-05
19064,3.63e-05
19065,3.63e-05
19066,3.63e-05
19067,3.63e-05
19068,3.63e-05
19069,3.63e-05
19070,3.63e-05
19071,3.63e-05
19072,3.63e-05
19073,3.63e-05
19074,3.63e-05
19075,3.63e-05
19076,3.63e-05
19077,3.63e-05
19078,3.63e-05
19079,3.63e-05
19080,3.63e-05
19081,3.63e-05
19082,3.63e-05
19083,3.63e-05
19084,3.63e-05
19085,3.63e-05
19086,3.63e-05
19087,3.63e-05
19088,3.63e-05
19089,3.63e-05
19090,3.63e-05
19091,3.63e-05
19092,3.63e-05
19093,3.63e-05
19094,3.63e-05
19095,3.63e-05
19096,3.63e-05
19097,3.63e-05
19098,3.63e-05
19099,3.63e-05
19100,3.63e-05
19101,3.63e-05
19102,3.63e-05
19103,3.63e-05
19104,3.63e-05
19105,3.63e-05
19106,3.63e-05
19107,3.63e-05
19108,3.63e-05
19109,3.63e-05
19110,3.63e-05
19111,3.63e-05
19112,3.63e-05
19113,3.63e-05
19114,3.63e-05
19115,3.63e-05
19116,3.63e-05
19117,3.63e-05
19118,3.63e-05
19119,3.63e-05
19120,3.63e-05
19121,3.63e-05
19122,3.63e-05
19123,3.77047222e-05
19124,4.06572222e-05
19125,0.000175248056
19126,0.000217016944
19127,0.000130848056
19128,8.46402778e-05
19129,5.44613889e-05
19130,3.94094444e-05
19131,4.34019444e-05
19132,4.13797222e-05
19133,4.20197222e-05
19134,3.77391667e-05
19135,3.90119444e-05
19136,4.24297222e-05
19137,5.43786111e-05
19138,5.89975e-05
19139,5.80563889e-05
19140,5.99841667e-05
19141,6.03930556e-05
19142,5.85675e-05
19143,3.63e-05
19144,3.63e-05
19145,3.63e-05
19146,3.63e-05
19147,3.63e-05
19148,3.63e-05
19149,3.63e-05
19150,3.63e-05
19151,3.63e-05
19152,3.63e-05
19153,3.63e-05
19154,3.63e-05
19155,3.63e-05
19156,3.63e-05
19157,3.63e-05
19158,3.63e-05
19159,3.63e-05
19160,3.63e-05
19161,3.63e-05
19162,3.63e-05
19163,3.63e-05
19164,3.63e-05
19165,3.63e-05
19166,3.63e-05
19167,3.63e-05
19168,3.63e-05
19169,3.63e-05
19170,3.63e-05
19171,3.63e-05
19172,3.63e-05
19173,3.63e-05
19174,3.63e-05
19175,3.63e-05
19176,3.63e-05
19177,3.63e-05
19178,3.63e-05
19179,3.63e-05
19180,3.63e-05
19181,3.63e-05
19182,3.63e-05
19183,3.63e-05
19184,3.63e-05
19185,3.63e-05
19186,3.63e-05
19187,3.63e-05
19188,3.63e-05
19189,3.63e-05
19190,3.63e-05
19191,3.63e-05
19192,3.63e-05
19193,3.63e-05
19194,3.63e-05
19195,3.63e-05
19196,3.63e-05
19197,3.63e-05
19198,3.63e-05
19199,3.63e-05
19200,3.63e-05
19201,3.63e-05
19202,3.63e-05
19203,3.63e-05
19204,3.63e-05
19205,3.63e-05
19206,3.63e-05
19207,3.63e-05
19208,3.63e-05
19209,3.63e-05
19210,3.63e-05
19211,3.63e-05
19212,3.63e-05
19213,3.63e-05
19214,3.63e-05
19215,3.63e-05
19216,3.63e-05
19217,3.63e-05
19218,3.63e-05
19219,3.63e-05
19220,3.63e-05
19221,3.63e-05
19222,3.63e-05
19223,3.63e-05
19224,3.63e-05
19225,3.63e-05
19226,3.63e-05
19227,3.63e-05
19228,3.63e-05
19229,3.63e-05
19230,3.63e-05
19231,3.63e-05
19232,3.63e-05
19233,3.63e-05
19234,3.63e-05
19235,3.63e-05
19236,3.63e-05
19237,3.63e-05
19238,3.63e-05
19239,3.63e-05
19240,3.63e-05
19241,3.63e-05
19242,3.63e-05
19243,3.63e-05
19244,3.63e-05
19245,3.63e-05
19246,3.63e-05
19247,3.63e-05
19248,3.63e-05
19249,3.63e-05
19250,3.63e-05
19251,3.63e-05
19252,3.63e-05
19253,3.63e-05
19254,3.63e-05
19255,3.63e-05
19256,3.63e-05
19257,3.63e-05
19258,3.63e-05
19259,3.63e-05
19260,3.63e-05
19261,3.63e-05
19262,3.63e-05
19263,3.63e-05
19264,3.63e-05
19265,3.63e-05
19266,3.63e-05
19267,3.63e-05
19268,3.63e-05
19269,3.63e-05
19270,3.63e-05
19271,3.63e-05
19272,3.63e-05
19273,3.63e-05
19274,3.63e-05
19275,3.63e-05
19276,3.63e-05
19277,3.63e-05
19278,3.63e-05
19279,3.63e-05
19280,3.63e-05
19281,3.63e-05
19282,3.63e-05
19283,3.63e-05
19284,3.63e-05
19285,3.63e-05
19286,3.63e-05
19287,3.63e-05
19288,3.63e-05
19289,3.63e-05
19290,3.63e-05
19291,3.63e-05
19292,3.63e-05
19293,3.63e-05
19294,3.63e-05
19295,3.63e-05
19296,3.63e-05
19297,3.63e-05
19298,3.63e-05
19299,3.63e-05
19300,3.63e-05
19301,3.63e-05
19302,3.63e-05
19303,3.63e-05
19304,3.63e-05
19305,3.63e-05
19306,3.63e-05
19307,3.63e-05
19308,3.63e-05
19309,3.63e-05
19310,3.63e-05
19311,3.63e-05
19312,3.63e-05
19313,3.63e-05
19314,3.63e-05
19315,3.63e-05
19316,3.63e-05
19317,3.63e-05
19318,3.63e-05
19319,3.63e-05
19320,3.63e-05
19321,3.63e-05
19322,3.63e-05
19323,3.63e-05
19324,3.63e-05
19325,3.63e-05
19326,3.63e-05
19327,3.63e-05
19328,3.63e-05
19329,3.63e-05
19330,3.63e-05
19331,3.63e-05
19332,3.63e-05
19333,3.63e-05
19334,3.63e-05
19335,3.63e-05
19336,3.63e-05
19337,3.63e-05
19338,3.63e-05
19339,3.63e-05
19340,3.63e-05
19341,3.63e-05
19342,3.63e-05
19343,4.09102778e-05
19344,5.59409259e-05
19345,0.000235546389
19346,0.000131803056
19347,5.89941667e-05
19348,4.43553704e-05
19349,5.43202778e-05
19350,5.54691667e-05
19351,5.70936111e-05
19352,5.82780556e-05
19353,5.73002778e-05
19354,5.73625e-05
19355,5.61102778e-05
19356,5.19047222e-05
19357,4.70080556e-05
19358,4.06469444e-05
19359,3.69947222e-05
19360,3.73790741e-05
19361,3.82497222e-05
19362,3.78063889e-05
19363,3.63e-05
19364,3.63e-05
19365,3.63e-05
19366,3.63e-05
19367,3.63e-05
19368,3.63e-05
19369,3.63e-05
19370,3.63e-05
19371,3.63e-05
19372,3.63e-05
19373,3.63e-05
19374,3.63e-05
19375,3.63e-05
19376,3.63e-05
19377,3.63e-05
19378,3.63e-05
19379,3.63e-05
19380,3.63e-05
19381,3.63e-05
19382,3.63e-05
19383,3.63e-05
19384,3.63e-05
19385,3.63e-05
19386,3.63e-05
19387,3.63e-05
19388,3.63e-05
19389,3.63e-05
19390,3.63e-05
19391,3.63e-05
19392,3.63e-05
19393,3.63e-05
19394,3.63e-05
19395,3.63e-05
19396,3.63e-05
19397,3.63e-05
19398,3.63e-05
19399,3.63e-05
19400,3.63e-05
19401,3.63e-05
19402,3.63e-05
19403,3.63e-05
19404,3.63e-05
19405,3.63e-05
19406,3.63e-05
19407,3.63e-05
19408,3.63e-05
19409,3.63e-05
19410,3.63e-05
19411,3.63e-05
19412,3.63e-05
19413,3.63e-05
19414,3.63e-05
19415,3.63e-05
19416,3.63e-05
19417,3.63e-05
19418,3.63e-05
19419,3.63e-05
19420,3.63e-05
19421,3.63e-05
19422,3.63e-05
19423,3.63e-05
19424,3.63e-05
19425,3.63e-05
19426,3.63e-05
19427,3.63e-05
19428,3.63e-05
19429,3.63e-05
19430,3.63e-05
19431,3.63e-05
19432,3.63e-05
19433,3.63e-05
19434,3.63e-05
19435,3.63e-05
19436,3.63e-05
19437,3.63e-05
19438,3.63e-05
19439,3.63e-05
19440,3.63e-05
19441,3.63e-05
19442,3.63e-05
19443,3.63e-05
19444,3.63e-05
19445,3.63e-05
19446,3.63e-05
19447,3.63e-05
19448,3.63e-05
19449,3.63e-05
19450,3.63e-05
19451,3.63e-05
19452,3.63e-05
19453,3.63e-05
19454,3.63e-05
19455,3.63e-05
19456,3.63e-05
19457,3.63e-05
19458,3.63e-05
19459,3.63e-05
19460,3.63e-05
19461,3.63e-05
19462,3.63e-05
19463,3.63e-05
19464,3.63e-05
19465,3.63e-05
19466,3.63e-05
19467,3.63e-05
19468,3.63e-05
19469,3.63e-05
19470,3.63e-05
19471,3.63e-05
19472,3.63e-05
19473,3.63e-05
19474,3.63e-05
19475,3.63e-05
19476,3.63e-05
19477,3.63e-05
19478,3.63e-05
19479,3.63e-05
19480,3.63e-05
19481,3.63e-05
19482,3.63e-05
19483,3.63e-05
19484,3.63e-05
19485,3.63e-05
19486,3.63e-05
19487,3.63e-05
19488,3.63e-05
19489,3.63e-05
19490,3.63e-05
19491,3.63e-05
19492,3.63e-05
19493,3.63e-05
19494,3.63e-05
19495,3.63e-05
19496,3.63e-05
19497,3.63e-05
19498,3.63e-05
19499,3.63e-05
19500,3.63e-05
19501,3.63e-05
19502,3.63e-05
19503,3.63e-05
19504,3.63e-05
19505,3.63e-05
19506,3.63e-05
19507,3.63e-05
19508,3.63e-05
19509,3.63e-05
19510,3.63e-05
19511,3.63e-05
19512,3.63e-05
19513,3.63e-05
19514,3.63e-05
19515,3.63e-05
19516,3.63e-05
19517,3.63e-05
19518,3.63e-05
19519,3.63e-05
19520,3.63e-05
19521,3.63e-05
19522,3.63e-05
19523,3.63e-05
19524,3.63e-05
19525,3.63e-05
19526,3.63e-05
19527,3.63e-05
19528,3.63e-05
19529,3.63e-05
19530,3.63e-05
19531,3.63e-05
19532,3.63e-05
19533,3.63e-05
19534,3.63e-05
19535,3.63e-05
19536,3.63e-05
19537,3.63e-05
19538,3.63e-05
19539,3.63e-05
19540,3.63e-05
19541,3.63e-05
19542,3.63e-05
19543,3.63e-05
19544,3.63e-05
19545,3.63e-05
19546,3.63e-05
19547,3.63e-05
19548,3.63e-05
19549,3.63e-05
19550,3.63e-05
19551,3.63e-05
19552,3.63e-05
19553,3.63e-05
19554,3.63e-05
19555,3.63e-05
19556,3.63e-05
19557,3.63e-05
19558,3.63e-05
19559,3.63e-05
19560,3.63e-05
19561,3.63e-05
19562,3.63e-05
19563,3.77e-05
19564,3.81572222e-05
19565,3.82077778e-05
19566,3.68922222e-05
19567,3.84416667e-05
19568,3.75477778e-05
19569,3.88016667e-05
19570,3.93794444e-05
19571,4.09238889e-05
19572,4.33594444e-05
19573,3.9975e-05
19574,3.87005556e-05
19575,3.9615e-05
19576,3.73527778e-05
19577,3.76938889e-05
19578,3.80016667e-05
19579,3.7435e-05
19580,3.79988889e-05
19581,4.04194444e-05
19582,3.86461111e-05
19583,3.63e-05
19584,3.63e-05
19585,3.63e-05
19586,3.63e-05
19587,3.63e-05
19588,3.63e-05
19589,3.63e-05
19590,3.63e-05
19591,3.63e-05
19592,3.63e-05
19593,3.63e-05
19594,3.63e-05
19595,3.63e-05
19596,3.63e-05
19597,3.63e-05
19598,3.63e-05
19599,3.63e-05
19600,3.63e-05
19601,3.63e-05
19602,3.63e-05
19603,3.63e-05
19604,3.63e-05
19605,3.63e-05
19606,3.63e-05
19607,3.63e-05
19608,3.63e-05
19609,3.63e-05
19610,3.63e-05
19611,3.63e-05
19612,3.63e-05
19613,3.63e-05
19614,3.63e-05
19615,3.63e-05
19616,3.63e-05
19617,3.63e-05
19618,3.63e-05
19619,3.63e-05
19620,3.63e-05
19621,3.63e-05
19622,3.63e-05
19623,3.63e-05
19624,3.63e-05
19625,3.63e-05
19626,3.63e-05
19627,3.63e-05
19628,3.63e-05
19629,3.63e-05
19630,3.63e-05
19631,3.63e-05
19632,3.63e-05
19633,3.63e-05
19634,3.63e-05
19635,3.63e-05
19636,3.63e-05
19637,3.63e-05
19638,3.63e-05
19639,3.63e-05
19640,3.63e-05
19641,3.63e-05
19642,3.63e-05
19643,3.63e-05
19644,3.63e-05
19645,3.63e-05
19646,3.63e-05
19647,3.63e-05
19648,3.63e-05
19649,3.63e-05
19650,3.63e-05
19651,3.63e-05
19652,3.63e-05
19653,3.63e-05
19654,3.63e-05
19655,3.63e-05
19656,3.63e-05
19657,3.63e-05
19658,3.63e-05
19659,3.63e-05
19660,3.63e-05
19661,3.63e-05
19662,3.63e-05
19663,3.63e-05
19664,3.63e-05
19665,3.63e-05
19666,3.63e-05
19667,3.63e-05
19668,3.63e-05
19669,3.63e-05
19670,3.63e-05
19671,3.63e-05
19672,3.63e-05
19673,3.63e-05
19674,3.63e-05
19675,3.63e-05
19676,3.63e-05
19677,3.63e-05
19678,3.63e-05
19679,3.63e-05
19680,3.63e-05
19681,3.63e-05
19682,3.63e-05
19683,3.63e-05
19684,3.63e-05
19685,3.63e-05
19686,3.63e-05
19687,3.63e-05
19688,3.63e-05
19689,3.63e-05
19690,3.63e-05
19691,3.63e-05
19692,3.63e-05
19693,3.63e-05
19694,3.63e-05
19695,3.63e-05
19696,3.63e-05
19697,3.63e-05
19698,3.63e-05
19699,3.63e-05
19700,3.63e-05
19701,3.63e-05
19702,3.63e-05
19703,3.63e-05
19704,3.63e-05
19705,3.63e-05
19706,3.63e-05
19707,3.63e-05
19708,3.63e-05
19709,3.63e-05
19710,3.63e-05
19711,3.63e-05
19712,3.63e-05
19713,3.63e-05
19714,3.63e-05
19715,3.63e-05
19716,3.63e-05
19717,3.63e-05
19718,3.63e-05
19719,3.63e-05
19720,3.63e-05
19721,3.63e-05
19722,3.63e-05
19723,3.63e-05
19724,3.63e-05
19725,3.63e-05
19726,3.63e-05
19727,3.63e-05
19728,3.63e-05
19729,3.63e-05
19730,3.63e-05
19731,3.63e-05
19732,3.63e-05
19733,3.63e-05
19734,3.63e-05
19735,3.63e-05
19736,3.63e-05
19737,3.63e-05
19738,3.63e-05
19739,3.63e-05
19740,3.63e-05
19741,3.63e-05
19742,3.63e-05
19743,3.63e-05
19744,3.63e-05
19745,3.63e-05
19746,3.63e-05
19747,3.63e-05
19748,3.63e-05
19749,3.63e-05
19750,3.63e-05
19751,3.63e-05
19752,3.63e-05
19753,3.63e-05
19754,3.63e-05
19755,3.63e-05
19756,3.63e-05
19757,3.63e-05
19758,3.63e-05
19759,3.63e-05
19760,3.63e-05
19761,3.63e-05
19762,3.63e-05
19763,3.63e-05
19764,3.63e-05
19765,3.63e-05
19766,3.63e-05
19767,3.63e-05
19768,3.63e-05
19769,3.63e-05
19770,3.63e-05
19771,3.63e-05
19772,3.63e-05
19773,3.63e-05
19774,3.63e-05
19775,3.63e-05
19776,3.63e-05
19777,3.63e-05
19778,3.63e-05
19779,3.63e-05
19780,3.63e-05
19781,3.63e-05
19782,3.63e-05
19783,4.26341667e-05
19784,4.54409259e-05
19785,0.000233181944
19786,0.000247165278
19787,0.000171588611
19788,0.000110999722
19789,7.23297222e-05
19790,5.06463889e-05
19791,4.81641667e-05
19792,5.02119444e-05
19793,5.70575e-05
19794,6.44941667e-05
19795,6.52030556e-05
19796,5.00086111e-05
19797,3.87034259e-05
19798,4.32369444e-05
19799,5.10413889e-05
19800,5.83425e-05
19801,6.28602778e-05
19802,6.89636111e-05
19803,3.63e-05
19804,3.63e-05
19805,3.63e-05
19806,3.63e-05
19807,3.63e-05
19808,3.63e-05
19809,3.63e-05
19810,3.63e-05
19811,3.63e-05
19812,3.63e-05
19813,3.63e-05
19814,3.63e-05
19815,3.63e-05
19816,3.63e-05
19817,3.63e-05
19818,3.63e-05
19819,3.63e-05
19820,3.63e-05
19821,3.63e-05
19822,3.63e-05
19823,3.63e-05
19824,3.63e-05
19825,3.63e-05
19826,3.63e-05
19827,3.63e-05
19828,3.63e-05
19829,3.63e-05
19830,3.63e-05
19831,3.63e-05
19832,3.63e-05
19833,3.63e-05
19834,3.63e-05
19835,3.63e-05
19836,3.63e-05
19837,3.63e-05
19838,3.63e-05
19839,3.63e-05
19840,3.63e-05
19841,3.63e-05
19842,3.63e-05
19843,3.63e-05
19844,3.63e-05
19845,3.63e-05
19846,3.63e-05
19847,3.63e-05
19848,3.63e-05
19849,3.63e-05
19850,3.63e-05
19851,3.63e-05
19852,3.63e-05
19853,3.63e-05
19854,3.63e-05
19855,3.63e-05
19856,3.63e-05
19857,3.63e-05
19858,3.63e-05
19859,3.63e-05
19860,3.63e-05
19861,3.63e-05
19862,3.63e-05
19863,3.63e-05
19864,3.63e-05
19865,3.63e-05
19866,3.63e-05
19867,3.63e-05
19868,3.63e-05
19869,3.63e-05
19870,3.63e-05
19871,3.63e-05
19872,3.63e-05
19873,3.63e-05
19874,3.63e-05
19875,3.63e-05
19876,3.63e-05
19877,3.63e-05
19878,3.63e-05
19879,3.63e-05
19880,3.63e-05
19881,3.63e-05
19882,3.63e-05
19883,3.63e-05
19884,3.63e-05
19885,3.63e-05
19886,3.63e-05
19887,3.63e-05
19888,3.63e-05
19889,3.63e-05
19890,3.63e-05
19891,3.63e-05
19892,3.63e-05
19893,3.63e-05
19894,3.63e-05
19895,3.63e-05
19896,3.63e-05
19897,3.63e-05
19898,3.63e-05
19899,3.63e-05
19900,3.63e-05
19901,3.63e-05
19902,3.63e-05
19903,3.63e-05
19904,3.63e-05
19905,3.63e-05
19906,3.63e-05
19907,3.63e-05
19908,3.63e-05
19909,3.63e-05
19910,3.63e-05
19911,3.63e-05
19912,3.63e-05
19913,3.63e-05
19914,3.63e-05
19915,3.63e-05
19916,3.63e-05
19917,3.63e-05
19918,3.63e-05
19919,3.63e-05
19920,3.63e-05
19921,3.63e-05
19922,3.63e-05
19923,3.63e-05
19924,3.63e-05
19925,3.63e-05
19926,3.63e-05
19927,3.63e-05
19928,3.63e-05
19929,3.63e-05
19930,3.63e-05
19931,3.63e-05
19932,3.63e-05
19933,3.63e-05
19934,3.63e-05
19935,3.63e-05
19936,3.63e-05
19937,3.63e-05
19938,3.63e-05
19939,3.63e-05
19940,3.63e-05
19941,3.63e-05
19942,3.63e-05
19943,3.63e-05
19944,3.63e-05
19945,3.63e-05
19946,3.63e-05
19947,3.63e-05
19948,3.63e-05
19949,3.63e-05
19950,3.63e-05
19951,3.63e-05
19952,3.63e-05
19953,3.63e-05
19954,3.63e-05
19955,3.63e-05
19956,3.63e-05
19957,3.63e-05
19958,3.63e-05
19959,3.63e-05
19960,3.63e-05
19961,3.63e-05
19962,3.63e-05
19963,3.63e-05
19964,3.63e-05
19965,3.63e-05
19966,3.63e-05
19967,3.63e-05
19968,3.63e-05
19969,3.63e-05
19970,3.63e-05
19971,3.63e-05
19972,3.63e-05
19973,3.63e-05
19974,3.63e-05
19975,3.63e-05
19976,3.63e-05
19977,3.63e-05
19978,3.63e-05
19979,3.63e-05
19980,3.63e-05
19981,3.63e-05
19982,3.63e-05
19983,3.63e-05
19984,3.63e-05
19985,3.63e-05
19986,3.63e-05
19987,3.63e-05
19988,3.63e-05
19989,3.63e-05
19990,3.63e-05
19991,3.63e-05
19992,3.63e-05
19993,3.63e-05
19994,3.63e-05
19995,3.63e-05
19996,3.63e-05
19997,3.63e-05
19998,3.63e-05
19999,3.63e-05
20000,3.63e-05
20001,3.63e-05
20002,3.63e-05
20003,3.77e-05
20004,3.81572222e-05
20005,3.82077778e-05
20006,3.68922222e-05
20007,3.84416667e-05
20008,3.75477778e-05
20009,3.88016667e-05
20010,3.93794444e-05
20011,4.09238889e-05
20012,4.33594444e-05
20013,3.9975e-05
20014,3.87005556e-05
20015,3.9615e-05
20016,3.73527778e-05
20017,3.76938889e-05
20018,3.80016667e-05
20019,3.7435e-05
20020,3.79988889e-05
20021,4.04194444e-05
20022,3.86461111e-05
20023,3.63e-05
20024,3.63e-05
20025,3.63e-05
20026,3.63e-05
20027,3.63e-05
20028,3.63e-05
20029,3.63e-05
20030,3.63e-05
20031,3.63e-05
20032,3.63e-05
20033,3.63e-05
20034,3.63e-05
20035,3.63e-05
20036,3.63e-05
20037,3.63e-05
20038,3.63e-05
20039,3.63e-05
20040,3.63e-05
20041,3.63e-05
20042,3.63e-05
20043,3.63e-05
20044,3.63e-05
20045,3.63e-05
20046,3.63e-05
20047,3.63e-05
20048,3.63e-05
20049,3.63e-05
20050,3.63e-05
20051,3.63e-05
20052,3.63e-05
20053,3.63e-05
20054,3.63e-05
20055,3.63e-05
20056,3.63e-05
20057,3.63e-05
20058,3.63e-05
20059,3.63e-05
20060,3.63e-05
20061,3.63e-05
20062,3.63e-05
20063,3.63e-05
20064,3.63e-05
20065,3.63e-05
20066,3.63e-05
20067,3.63e-05
20068,3.63e-05
20069,3.63e-05
20070,3.63e-05
20071,3.63e-05
20072,3.63e-05
20073,3.63e-05
20074,3.63e-05
20075,3.63e-05
20076,3.63e-05
20077,3.63e-05
20078,3.63e-05
20079,3.63e-05
20080,3.63e-05
20081,3.63e-05
20082,3.63e-05
20083,3.63e-05
20084,3.63e-05
20085,3.63e-05
20086,3.63e-05
20087,3.63e-05
20088,3.63e-05
20089,3.63e-05
20090,3.63e-05
20091,3.63e-05
20092,3.63e-05
20093,3.63e-05
20094,3.63e-05
20095,3.63e-05
20096,3.63e-05
20097,3.63e-05
20098,3.63e-05
20099,3.63e-05
20100,3.63e-05
20101,3.63e-05
20102,3.63e-05
20103,3.63e-05
20104,3.63e-05
20105,3.63e-05
20106,3.63e-05
20107,3.63e-05
20108,3.63e-05
20109,3.63e-05
20110,3.63e-05
20111,3.63e-05
20112,3.63e-05
20113,3.63e-05
20114,3.63e-05
20115,3.63e-05
20116,3.63e-05
20117,3.63e-05
20118,3.63e-05
20119,3.63e-05
20120,3.63e-05
20121,3.63e-05
20122,3.63e-05
20123,3.63e-05
20124,3.63e-05
20125,3.63e-05
20126,3.63e-05
20127,3.63e-05
20128,3.63e-05
20129,3.63e-05
20130,3.63e-05
20131,3.63e-05
20132,3.63e-05
20133,3.63e-05
20134,3.63e-05
20135,3.63e-05
20136,3.63e-05
20137,3.63e-05
20138,3.63e-05
20139,3.63e-05
20140,3.63e-05
20141,3.63e-05
20142,3.63e-05
20143,3.63e-05
20144,3.63e-05
20145,3.63e-05
20146,3.63e-05
20147,3.63e-05
20148,3.63e-05
20149,3.63e-05
20150,3.63e-05
20151,3.63e-05
20152,3.63e-05
20153,3.63e-05
20154,3.63e-05
20155,3.63e-05
20156,3.63e-05
20157,3.63e-05
20158,3.63e-05
20159,3.63e-05
20160,3.63e-05
20161,3.63e-05
20162,3.63e-05
20163,3.63e-05
20164,3.63e-05
20165,3.63e-05
20166,3.63e-05
20167,3.63e-05
20168,3.63e-05
20169,3.63e-05
20170,3.63e-05
20171,3.63e-05
20172,3.63e-05
20173,3.63e-05
20174,3.63e-05
20175,3.63e-05
20176,3.63e-05
20177,3.63e-05
20178,3.63e-05
20179,3.63e-05
20180,3.63e-05
20181,3.63e-05
20182,3.63e-05
20183,3.63e-05
20184,3.63e-05
20185,3.63e-05
20186,3.63e-05
20187,3.63e-05
20188,3.63e-05
20189,3.63e-05
20190,3.63e-05
20191,3.63e-05
20192,3.63e-05
20193,3.63e-05
20194,3.63e-05
20195,3.63e-05
20196,3.63e-05
20197,3.63e-05
20198,3.63e-05
20199,3.63e-05
20200,3.63e-05
20201,3.63e-05
20202,3.63e-05
20203,3.63e-05
20204,3.63e-05
20205,3.63e-05
20206,3.63e-05
20207,3.63e-05
20208,3.63e-05
20209,3.63e-05
20210,3.63e-05
20211,3.63e-05
20212,3.63e-05
20213,3.63e-05
20214,3.63e-05
20215,3.63e-05
20216,3.63e-05
20217,3.63e-05
20218,3.63e-05
20219,3.63e-05
20220,3.63e-05
20221,3.63e-05
20222,3.63e-05
20223,3.69669444e-05
20224,5.10158333e-05
20225,0.000268876389
20226,0.000258630833
20227,0.0001824375
20228,0.000111803056
20229,5.83363889e-05
20230,4.14072222e-05
20231,4.65547222e-05
20232,3.98775e-05
20233,4.55508333e-05
20234,5.32941667e-05
20235,5.18319444e-05
20236,4.42430556e-05
20237,3.73230556e-05
20238,3.78022222e-05
20239,4.03969444e-05
20240,4.38936111e-05
20241,4.54480556e-05
20242,4.54980556e-05
20243,3.63e-05
20244,3.63e-05
20245,3.63e-05
20246,3.63e-05
20247,3.63e-05
20248,3.63e-05
20249,3.63e-05
20250,3.63e-05
20251,3.63e-05
20252,3.63e-05
20253,3.63e-05
20254,3.63e-05
20255,3.63e-05
20256,3.63e-05
20257,3.63e-05
20258,3.63e-05
20259,3.63e-05
20260,3.63e-05
20261,3.63e-05
20262,3.63e-05
20263,3.63e-05
20264,3.63e-05
20265,3.63e-05
20266,3.63e-05
20267,3.63e-05
20268,3.63e-05
20269,3.63e-05
20270,3.63e-05
20271,3.63e-05
20272,3.63e-05
20273,3.63e-05
20274,3.63e-05
20275,3.63e-05
20276,3.63e-05
20277,3.63e-05
20278,3.63e-05
20279,3.63e-05
20280,3.63e-05
20281,3.63e-05
20282,3.63e-05
20283,3.63e-05
20284,3.63e-05
20285,3.63e-05
20286,3.63e-05
20287,3.63e-05
20288,3.63e-05
20289,3.63e-05
20290,3.63e-05
20291,3.63e-05
20292,3.63e-05
20293,3.63e-05
20294,3.63e-05
20295,3.63e-05
20296,3.63e-05
20297,3.63e-05
20298,3.63e-05
20299,3.63e-05
20300,3.63e-05
20301,3.63e-05
20302,3.63e-05
20303,3.63e-05
20304,3.63e-05
20305,3.63e-05
20306,3.63e-05
20307,3.63e-05
20308,3.63e-05
20309,3.63e-05
20310,3.63e-05
20311,3.63e-05
20312,3.63e-05
20313,3.63e-05
20314,3.63e-05
20315,3.63e-05
20316,3.63e-05
20317,3.63e-05
20318,3.63e-05
20319,3.63e-05
20320,3.63e-05
20321,3.63e-05
20322,3.63e-05
20323,3.63e-05
20324,3.63e-05
20325,3.63e-05
20326,3.63e-05
20327,3.63e-05
20328,3.63e-05
20329,3.63e-05
20330,3.63e-05
20331,3.63e-05
20332,3.63e-05
20333,3.63e-05
20334,3.63e-05
20335,3.63e-05
20336,3.63e-05
20337,3.63e-05
20338,3.63e-05
20339,3.63e-05
20340,3.63e-05
20341,3.63e-05
20342,3.63e-05
20343,3.63e-05
20344,3.63e-05
20345,3.63e-05
20346,3.63e-05
20347,3.63e-05
20348,3.63e-05
20349,3.63e-05
20350,3.63e-05
20351,3.63e-05
20352,3.63e-05
20353,3.63e-05
20354,3.63e-05
20355,3.63e-05
20356,3.63e-05
20357,3.63e-05
20358,3.63e-05
20359,3.63e-05
20360,3.63e-05
20361,3.63e-05
20362,3.63e-05
20363,3.63e-05
20364,3.63e-05
20365,3.63e-05
20366,3.63e-05
20367,3.63e-05
20368,3.63e-05
20369,3.63e-05
20370,3.63e-05
20371,3.63e-05
20372,3.63e-05
20373,3.63e-05
20374,3.63e-05
20375,3.63e-05
20376,3.63e-05
20377,3.63e-05
20378,3.63e-05
20379,3.63e-05
20380,3.63e-05
20381,3.63e-05
20382,3.63e-05
20383,3.63e-05
20384,3.63e-05
20385,3.63e-05
20386,3.63e-05
20387,3.63e-05
20388,3.63e-05
20389,3.63e-05
20390,3.63e-05
20391,3.63e-05
20392,3.63e-05
20393,3.63e-05
20394,3.63e-05
20395,3.63e-05
20396,3.63e-05
20397,3.63e-05
20398,3.63e-05
20399,3.63e-05
20400,3.63e-05
20401,3.63e-05
20402,3.63e-05
20403,3.63e-05
20404,3.63e-05
20405,3.63e-05
20406,3.63e-05
20407,3.63e-05
20408,3.63e-05
20409,3.63e-05
20410,3.63e-05
20411,3.63e-05
20412,3.63e-05
20413,3.63e-05
20414,3.63e-05
20415,3.63e-05
20416,3.63e-05
20417,3.63e-05
20418,3.63e-05
20419,3.63e-05
20420,3.63e-05
20421,3.63e-05
20422,3.63e-05
20423,3.63e-05
20424,3.63e-05
20425,3.63e-05
20426,3.63e-05
20427,3.63e-05
20428,3.63e-05
20429,3.63e-05
20430,3.63e-05
20431,3.63e-05
20432,3.63e-05
20433,3.63e-05
20434,3.63e-05
20435,3.63e-05
20436,3.63e-05
20437,3.63e-05
20438,3.63e-05
20439,3.63e-05
20440,3.63e-05
20441,3.63e-05
20442,3.63e-05
20443,4.09102778e-05
20444,5.59409259e-05
20445,0.000235546389
20446,0.000131803056
20447,5.89941667e-05
20448,4.43553704e-05
20449,5.43202778e-05
20450,5.54691667e-05
20451,5.70936111e-05
20452,5.82780556e-05
20453,5.73002778e-05
20454,5.73625e-05
20455,5.61102778e-05
20456,5.19047222e-05
20457,4.70080556e-05
20458,4.06469444e-05
20459,3.69947222e-05
20460,3.73790741e-05
20461,3.82497222e-05
20462,3.78063889e-05
20463,3.63e-05
20464,3.63e-05
20465,3.63e-05
20466,3.63e-05
20467,3.63e-05
20468,3.63e-05
20469,3.63e-05
20470,3.63e-05
20471,3.63e-05
20472,3.63e-05
20473,3.63e-05
20474,3.63e-05
20475,3.63e-05
20476,3.63e-05
20477,3.63e-05
20478,3.63e-05
20479,3.63e-05
20480,3.63e-05
20481,3.63e-05
20482,3.63e-05
20483,3.63e-05
20484,3.63e-05
20485,3.63e-05
20486,3.63e-05
20487,3.63e-05
20488,3.63e-05
20489,3.63e-05
20490,3.63e-05
20491,3.63e-05
20492,3.63e-05
20493,3.63e-05
20494,3.63e-05
20495,3.63e-05
20496,3.63e-05
20497,3.63e-05
20498,3.63e-05
20499,3.63e-05
20500,3.63e-05
20501,3.63e-05
20502,3.63e-05
20503,3.63e-05
20504,3.63e-05
20505,3.63e-05
20506,3.63e-05
20507,3.63e-05
20508,3.63e-05
20509,3.63e-05
20510,3.63e-05
20511,3.63e-05
20512,3.63e-05
20513,3.63e-05
20514,3.63e-05
20515,3.63e-05
20516,3.63e-05
20517,3.63e-05
20518,3.63e-05
20519,3.63e-05
20520,3.63e-05
20521,3.63e-05
20522,3.63e-05
20523,3.63e-05
20524,3.63e-05
20525,3.63e-05
20526,3.63e-05
20527,3.63e-05
20528,3.63e-05
20529,3.63e-05
20530,3.63e-05
20531,3.63e-05
20532,3.63e-05
20533,3.63e-05
20534,3.63e-05
20535,3.63e-05
20536,3.63e-05
20537,3.63e-05
20538,3.63e-05
20539,3.63e-05
20540,3.63e-05
20541,3.63e-05
20542,3.63e-05
20543,3.63e-05
20544,3.63e-05
20545,3.63e-05
20546,3.63e-05
20547,3.63e-05
20548,3.63e-05
20549,3.63e-05
20550,3.63e-05
20551,3.63e-05
20552,3.63e-05
20553,3.63e-05
20554,3.63e-05
20555,3.63e-05
20556,3.63e-05
20557,3.63e-05
20558,3.63e-05
20559,3.63e-05
20560,3.63e-05
20561,3.63e-05
20562,3.63e-05
20563,3.63e-05
20564,3.63e-05
20565,3.63e-05
20566,3.63e-05
20567,3.63e-05
20568,3.63e-05
20569,3.63e-05
20570,3.63e-05
20571,3.63e-05
20572,3.63e-05
20573,3.63e-05
20574,3.63e-05
20575,3.63e-05
20576,3.63e-05
20577,3.63e-05
20578,3.63e-05
20579,3.63e-05
20580,3.63e-05
20581,3.63e-05
20582,3.63e-05
20583,3.63e-05
20584,3.63e-05
20585,3.63e-05
20586,3.63e-05
20587,3.63e-05
20588,3.63e-05
20589,3.63e-05
20590,3.63e-05
20591,3.63e-05
20592,3.63e-05
20593,3.63e-05
20594,3.63e-05
20595,3.63e-05
20596,3.63e-05
20597,3.63e-05
20598,3.63e-05
20599,3.63e-05
20600,3.63e-05
20601,3.63e-05
20602,3.63e-05
20603,3.63e-05
20604,3.63e-05
20605,3.63e-05
20606,3.63e-05
20607,3.63e-05
20608,3.63e-05
20609,3.63e-05
20610,3.63e-05
20611,3.63e-05
20612,3.63e-05
20613,3.63e-05
20614,3.63e-05
20615,3.63e-05
20616,3.63e-05
20617,3.63e-05
20618,3.63e-05
20619,3.63e-05
20620,3.63e-05
20621,3.63e-05
20622,3.63e-05
20623,3.63e-05
20624,3.63e-05
20625,3.63e-05
20626,3.63e-05
20627,3.63e-05
20628,3.63e-05
20629,3.63e-05
20630,3.63e-05
20631,3.63e-05
20632,3.63e-05
20633,3.63e-05
20634,3.63e-05
20635,3.63e-05
20636,3.63e-05
20637,3.63e-05
20638,3.63e-05
20639,3.63e-05
20640,3.63e-05
20641,3.63e-05
20642,3.63e-05
20643,3.63e-05
20644,3.63e-05
20645,3.63e-05
20646,3.63e-05
20647,3.63e-05
20648,3.63e-05
20649,3.63e-05
20650,3.63e-05
20651,3.63e-05
20652,3.63e-05
20653,3.63e-05
20654,3.63e-05
20655,3.63e-05
20656,3.63e-05
20657,3.63e-05
20658,3.63e-05
20659,3.63e-05
20660,3.63e-05
20661,3.63e-05
20662,3.63e-05
20663,4.26341667e-05
20664,4.54409259e-05
20665,0.000233181944
20666,0.000247165278
20667,0.000171588611
20668,0.000110999722
20669,7.23297222e-05
20670,5.06463889e-05
20671,4.81641667e-05
20672,5.02119444e-05
20673,5.70575e-05
20674,6.44941667e-05
20675,6.52030556e-05
20676,5.00086111e-05
20677,3.87034259e-05
20678,4.32369444e-05
20679,5.10413889e-05
20680,5.83425e-05
20681,6.28602778e-05
20682,6.89636111e-05
20683,3.63e-05
20684,3.63e-05
20685,3.63e-05
20686,3.63e-05
20687,3.63e-05
20688,3.63e-05
20689,3.63e-05
20690,3.63e-05
20691,3.63e-05
20692,3.63e-05
20693,3.63e-05
20694,3.63e-05
20695,3.63e-05
20696,3.63e-05
20697,3.63e-05
20698,3.63e-05
20699,3.63e-05
20700,3.63e-05
20701,3.63e-05
20702,3.63e-05
20703,3.63e-05
20704,3.63e-05
20705,3.63e-05
20706,3.63e-05
20707,3.63e-05
20708,3.63e-05
20709,3.63e-05
20710,3.63e-05
20711,3.63e-05
20712,3.63e-05
20713,3.63e-05
20714,3.63e-05
20715,3.63e-05
20716,3.63e-05
20717,3.63e-05
20718,3.63e-05
20719,3.63e-05
20720,3.63e-05
20721,3.63e-05
20722,3.63e-05
20723,3.63e-05
20724,3.63e-05
20725,3.63e-05
20726,3.63e-05
20727,3.63e-05
20728,3.63e-05
20729,3.63e-05
20730,3.63e-05
20731,3.63e-05
20732,3.63e-05
20733,3.63e-05
20734,3.63e-05
20735,3.63e-05
20736,3.63e-05
20737,3.63e-05
20738,3.63e-05
20739,3.63e-05
20740,3.63e-05
20741,3.63e-05
20742,3.63e-05
20743,3.63e-05
20744,3.63e-05
20745,3.63e-05
20746,3.63e-05
20747,3.63e-05
20748,3.63e-05
20749,3.63e-05
20750,3.63e-05
20751,3.63e-05
20752,3.63e-05
20753,3.63e-05
20754,3.63e-05
20755,3.63e-05
20756,3.63e-05
20757,3.63e-05
20758,3.63e-05
20759,3.63e-05
20760,3.63e-05
20761,3.63e-05
20762,3.63e-05
20763,3.63e-05
20764,3.63e-05
20765,3.63e-05
20766,3.63e-05
20767,3.63e-05
20768,3.63e-05
20769,3.63e-05
20770,3.63e-05
20771,3.63e-05
20772,3.63e-05
20773,3.63e-05
20774,3.63e-05
20775,3.63e-05
20776,3.63e-05
20777,3.63e-05
20778,3.63e-05
20779,3.63e-05
20780,3.63e-05
20781,3.63e-05
20782,3.63e-05
20783,3.63e-05
20784,3.63e-05
20785,3.63e-05
20786,3.63e-05
20787,3.63e-05
20788,3.63e-05
20789,3.63e-05
20790,3.63e-05
20791,3.63e-05
20792,3.63e-05
20793,3.63e-05
20794,3.63e-05
20795,3.63e-05
20796,3.63e-05
20797,3.63e-05
20798,3.63e-05
20799,3.63e-05
20800,3.63e-05
20801,3.63e-05
20802,3.63e-05
20803,3.63e-05
20804,3.63e-05
20805,3.63e-05
20806,3.63e-05
20807,3.63e-05
20808,3.63e-05
20809,3.63e-05
20810,3.63e-05
20811,3.63e-05
20812,3.63e-05
20813,3.63e-05
20814,3.63e-05
20815,3.63e-05
20816,3.63e-05
20817,3.63e-05
20818,3.63e-05
20819,3.63e-05
20820,3.63e-05
20821,3.63e-05
20822,3.63e-05
20823,3.63e-05
20824,3.63e-05
20825,3.63e-05
20826,3.63e-05
20827,3.63e-05
20828,3.63e-05
20829,3.63e-05
20830,3.63e-05
20831,3.63e-05
20832,3.63e-05
20833,3.63e-05
20834,3.63e-05
20835,3.63e-05
20836,3.63e-05
20837,3.63e-05
20838,3.63e-05
20839,3.63e-05
20840,3.63e-05
20841,3.63e-05
20842,3.63e-05
20843,3.63e-05
20844,3.63e-05
20845,3.63e-05
20846,3.63e-05
20847,3.63e-05
20848,3.63e-05
20849,3.63e-05
20850,3.63e-05
20851,3.63e-05
20852,3.63e-05
20853,3.63e-05
20854,3.63e-05
20855,3.63e-05
20856,3.63e-05
20857,3.63e-05
20858,3.63e-05
20859,3.63e-05
20860,3.63e-05
20861,3.63e-05
20862,3.63e-05
20863,3.63e-05
20864,3.63e-05
20865,3.63e-05
20866,3.63e-05
20867,3.63e-05
20868,3.63e-05
20869,3.63e-05
20870,3.63e-05
20871,3.63e-05
20872,3.63e-05
20873,3.63e-05
20874,3.63e-05
20875,3.63e-05
20876,3.63e-05
20877,3.63e-05
20878,3.63e-05
20879,3.63e-05
20880,3.63e-05
20881,3.63e-05
20882,3.63e-05
20883,3.77047222e-05
20884,4.06572222e-05
20885,0.000175248056
20886,0.000217016944
20887,0.000130848056
20888,8.46402778e-05
20889,5.44613889e-05
20890,3.94094444e-05
20891,4.34019444e-05
20892,4.13797222e-05
20893,4.20197222e-05
20894,3.77391667e-05
20895,3.90119444e-05
20896,4.24297222e-05
20897,5.43786111e-05
20898,5.89975e-05
20899,5.80563889e-05
20900,5.99841667e-05
20901,6.03930556e-05
20902,5.85675e-05
20903,3.63e-05
20904,3.63e-05
20905,3.63e-05
20906,3.63e-05
20907,3.63e-05
20908,3.63e-05
20909,3.63e-05
20910,3.63e-05
20911,3.63e-05
20912,3.63e-05
20913,3.63e-05
20914,3.63e-05
20915,3.63e-05
20916,3.63e-05
20917,3.63e-05
20918,3.63e-05
20919,3.63e-05
20920,3.63e-05
20921,3.63e-05
20922,3.63e-05
20923,3.63e-05
20924,3.63e-05
20925,3.63e-05
20926,3.63e-05
20927,3.63e-05
20928,3.63e-05
20929,3.63e-05
20930,3.63e-05
20931,3.63e-05
20932,3.63e-05
20933,3.63e-05
20934,3.63e-05
20935,3.63e-05
20936,3.63e-05
20937,3.63e-05
20938,3.63e-05
20939,3.63e-05
20940,3.63e-05
20941,3.63e-05
20942,3.63e-05
20943,3.63e-05
20944,3.63e-05
20945,3.63e-05
20946,3.63e-05
20947,3.63e-05
20948,3.63e-05
20949,3.63e-05
20950,3.63e-05
20951,3.63e-05
20952,3.63e-05
20953,3.63e-05
20954,3.63e-05
20955,3.63e-05
20956,3.63e-05
20957,3.63e-05
20958,3.63e-05
20959,3.63e-05
20960,3.63e-05
20961,3.63e-05
20962,3.63e-05
20963,3.63e-05
20964,3.63e-05
20965,3.63e-05
20966,3.63e-05
20967,3.63e-05
20968,3.63e-05
20969,3.63e-05
20970,3.63e-05
20971,3.63e-05
20972,3.63e-05
20973,3.63e-05
20974,3.63e-05
20975,3.63e-05
20976,3.63e-05
20977,3.63e-05
20978,3.63e-05
20979,3.63e-05
20980,3.63e-05
20981,3.63e-05
20982,3.63e-05
20983,3.63e-05
20984,3.63e-05
20985,3.63e-05
20986,3.63e-05
20987,3.63e-05
20988,3.63e-05
20989,3.63e-05
20990,3.63e-05
20991,3.63e-05
20992,3.63e-05
20993,3.63e-05
20994,3.63e-05
20995,3.63e-05
20996,3.63e-05
20997,3.63e-05
20998,3.63e-05
20999,3.63e-05
21000,3.63e-05
21001,3.63e-05
21002,3.63e-05
21003,3.63e-05
21004,3.63e-05
21005,3.63e-05
21006,3.63e-05
21007,3.63e-05
21008,3.63e-05
21009,3.63e-05
21010,3.63e-05
21011,3.63e-05
21012,3.63e-05
21013,3.63e-05
21014,3.63e-05
21015,3.63e-05
21016,3.63e-05
21017,3.63e-05
21018,3.63e-05
21019,3.63e-05
21020,3.63e-05
21021,3.63e-05
21022,3.63e-05
21023,3.63e-05
21024,3.63e-05
21025,3.63e-05
21026,3.63e-05
21027,3.63e-05
21028,3.63e-05
21029,3.63e-05
21030,3.63e-05
21031,3.63e-05
21032,3.63e-05
21033,3.63e-05
21034,3.63e-05
21035,3.63e-05
21036,3.63e-05
21037,3.63e-05
21038,3.63e-05
21039,3.63e-05
21040,3.63e-05
21041,3.63e-05
21042,3.63e-05
21043,3.63e-05
21044,3.63e-05
21045,3.63e-05
21046,3.63e-05
21047,3.63e-05
21048,3.63e-05
21049,3.63e-05
21050,3.63e-05
21051,3.63e-05
21052,3.63e-05
21053,3.63e-05
21054,3.63e-05
21055,3.63e-05
21056,3.63e-05
21057,3.63e-05
21058,3.63e-05
21059,3.63e-05
21060,3.63e-05
21061,3.63e-05
21062,3.63e-05
21063,3.63e-05
21064,3.63e-05
21065,3.63e-05
21066,3.63e-05
21067,3.63e-05
21068,3.63e-05
21069,3.63e-05
21070,3.63e-05
21071,3.63e-05
21072,3.63e-05
21073,3.63e-05
21074,3.63e-05
21075,3.63e-05
21076,3.63e-05
21077,3.63e-05
21078,3.63e-05
21079,3.63e-05
21080,3.63e-05
21081,3.63e-05
21082,3.63e-05
21083,3.63e-05
21084,3.63e-05
21085,3.63e-05
21086,3.63e-05
21087,3.63e-05
21088,3.63e-05
21089,3.63e-05
21090,3.63e-05
21091,3.63e-05
21092,3.63e-05
21093,3.63e-05
21094,3.63e-05
21095,3.63e-05
21096,3.63e-05
21097,3.63e-05
21098,3.63e-05
21099,3.63e-05
21100,3.63e-05
21101,3.63e-05
21102,3.63e-05
21103,4.26341667e-05
21104,4.54409259e-05
21105,0.000233181944
21106,0.000247165278
21107,0.000171588611
21108,0.000110999722
21109,7.23297222e-05
21110,5.06463889e-05
21111,4.81641667e-05
21112,5.02119444e-05
21113,5.70575e-05
21114,6.44941667e-05
21115,6.52030556e-05
21116,5.00086111e-05
21117,3.87034259e-05
21118,4.32369444e-05
21119,5.10413889e-05
21120,5.83425e-05
21121,6.28602778e-05
21122,6.89636111e-05
21123,3.63e-05
21124,3.63e-05
21125,3.63e-05
21126,3.63e-05
21127,3.63e-05
21128,3.63e-05
21129,3.63e-05
21130,3.63e-05
21131,3.63e-05
21132,3.63e-05
21133,3.63e-05
21134,3.63e-05
21135,3.63e-05
21136,3.63e-05
21137,3.63e-05
21138,3.63e-05
21139,3.63e-05
21140,3.63e-05
21141,3.63e-05
21142,3.63e-05
21143,3.63e-05
21144,3.63e-05
21145,3.63e-05
21146,3.63e-05
21147,3.63e-05
21148,3.63e-05
21149,3.63e-05
21150,3.63e-05
21151,3.63e-05
21152,3.63e-05
21153,3.63e-05
21154,3.63e-05
21155,3.63e-05
21156,3.63e-05
21157,3.63e-05
21158,3.63e-05
21159,3.63e-05
21160,3.63e-05
21161,3.63e-05
21162,3.63e-05
21163,3.63e-05
21164,3.63e-05
21165,3.63e-05
21166,3.63e-05
21167,3.63e-05
21168,3.63e-05
21169,3.63e-05
21170,3.63e-05
21171,3.63e-05
21172,3.63e-05
21173,3.63e-05
21174,3.63e-05
21175,3.63e-05
21176,3.63e-05
21177,3.63e-05
21178,3.63e-05
21179,3.63e-05
21180,3.63e-05
21181,3.63e-05
21182,3.63e-05
21183,3.63e-05
21184,3.63e-05
21185,3.63e-05
21186,3.63e-05
21187,3.63e-05
21188,3.63e-05
21189,3.63e-05
21190,3.63e-05
21191,3.63e-05
21192,3.63e-05
21193,3.63e-05
21194,3.63e-05
21195,3.63e-05
21196,3.63e-05
21197,3.63e-05
21198,3.63e-05
21199,3.63e-05
21200,3.63e-05
21201,3.63e-05
21202,3.63e-05
21203,3.63e-05
21204,3.63e-05
21205,3.63e-05
21206,3.63e-05
21207,3.63e-05
21208,3.63e-05
21209,3.63e-05
21210,3.63e-05
21211,3.63e-05
21212,3.63e-05
21213,3.63e-05
21214,3.63e-05
21215,3.63e-05
21216,3.63e-05
21217,3.63e-05
21218,3.63e-05
21219,3.63e-05
21220,3.63e-05
21221,3.63e-05
21222,3.63e-05
21223,3.63e-05
21224,3.63e-05
21225,3.63e-05
21226,3.63e-05
21227,3.63e-05
21228,3.63e-05
21229,3.63e-05
21230,3.63e-05
21231,3.63e-05
21232,3.63e-05
21233,3.63e-05
21234,3.63e-05
21235,3.63e-05
21236,3.63e-05
21237,3.63e-05
21238,3.63e-05
21239,3.63e-05
21240,3.63e-05
21241,3.63e-05
21242,3.63e-05
21243,3.63e-05
21244,3.63e-05
21245,3.63e-05
21246,3.63e-05
21247,3.63e-05
21248,3.63e-05
21249,3.63e-05
21250,3.63e-05
21251,3.63e-05
21252,3.63e-05
21253,3.63e-05
21254,3.63e-05
21255,3.63e-05
21256,3.63e-05
21257,3.63e-05
21258,3.63e-05
21259,3.63e-05
21260,3.63e-05
21261,3.63e-05
21262,3.63e-05
21263,3.63e-05
21264,3.63e-05
21265,3.63e-05
21266,3.63e-05
21267,3.63e-05
21268,3.63e-05
21269,3.63e-05
21270,3.63e-05
21271,3.63e-05
21272,3.63e-05
21273,3.63e-05
21274,3.63e-05
21275,3.63e-05
21276,3.63e-05
21277,3.63e-05
21278,3.63e-05
21279,3.63e-05
21280,3.63e-05
21281,3.63e-05
21282,3.63e-05
21283,3.63e-05
21284,3.63e-05
21285,3.63e-05
21286,3.63e-05
21287,3.63e-05
21288,3.63e-05
21289,3.63e-05
21290,3.63e-05
21291,3.63e-05
21292,3.63e-05
21293,3.63e-05
21294,3.63e-05
21295,3.63e-05
21296,3.63e-05
21297,3.63e-05
21298,3.63e-05
21299,3.63e-05
21300,3.63e-05
21301,3.63e-05
21302,3.63e-05
21303,3.63e-05
21304,3.63e-05
21305,3.63e-05
21306,3.63e-05
21307,3.63e-05
21308,3.63e-05
21309,3.63e-05
21310,3.63e-05
21311,3.63e-05
21312,3.63e-05
21313,3.63e-05
21314,3.63e-05
21315,3.63e-05
21316,3.63e-05
21317,3.63e-05
21318,3.63e-05
21319,3.63e-05
21320,3.63e-05
21321,3.63e-05
21322,3.63e-05
21323,4.09102778e-05
21324,5.59409259e-05
21325,0.000235546389
21326,0.000131803056
21327,5.89941667e-05
21328,4.43553704e-05
21329,5.43202778e-05
21330,5.54691667e-05
21331,5.70936111e-05
21332,5.82780556e-05
21333,5.73002778e-05
21334,5.73625e-05
21335,5.61102778e-05
21336,5.19047222e-05
21337,4.70080556e-05
21338,4.06469444e-05
21339,3.69947222e-05
21340,3.73790741e-05
21341,3.82497222e-05
21342,3.78063889e-05
21343,3.63e-05
21344,3.63e-05
21345,3.63e-05
21346,3.63e-05
21347,3.63e-05
21348,3.63e-05
21349,3.63e-05
21350,3.63e-05
21351,3.63e-05
21352,3.63e-05
21353,3.63e-05
21354,3.63e-05
21355,3.63e-05
21356,3.63e-05
21357,3.63e-05
21358,3.63e-05
21359,3.63e-05
21360,3.63e-05
21361,3.63e-05
21362,3.63e-05
21363,3.63e-05
21364,3.63e-05
21365,3.63e-05
21366,3.63e-05
21367,3.63e-05
21368,3.63e-05
21369,3.63e-05
21370,3.63e-05
21371,3.63e-05
21372,3.63e-05
21373,3.63e-05
21374,3.63e-05
21375,3.63e-05
21376,3.63e-05
21377,3.63e-05
21378,3.63e-05
21379,3.63e-05
21380,3.63e-05
21381,3.63e-05
21382,3.63e-05
21383,3.63e-05
21384,3.63e-05
21385,3.63e-05
21386,3.63e-05
21387,3.63e-05
21388,3.63e-05
21389,3.63e-05
21390,3.63e-05
21391,3.63e-05
21392,3.63e-05
21393,3.63e-05
21394,3.63e-05
21395,3.63e-05
21396,3.63e-05
21397,3.63e-05
21398,3.63e-05
21399,3.63e-05
21400,3.63e-05
21401,3.63e-05
21402,3.63e-05
21403,3.63e-05
21404,3.63e-05
21405,3.63e-05
21406,3.63e-05
21407,3.63e-05
21408,3.63e-05
21409,3.63e-05
21410,3.63e-05
21411,3.63e-05
21412,3.63e-05
21413,3.63e-05
21414,3.63e-05
21415,3.63e-05
21416,3.63e-05
21417,3.63e-05
21418,3.63e-05
21419,3.63e-05
21420,3.63e-05
21421,3.63e-05
21422,3.63e-05
21423,3.63e-05
21424,3.63e-05
21425,3.63e-05
21426,3.63e-05
21427,3.63e-05
21428,3.63e-05
21429,3.63e-05
21430,3.63e-05
21431,3.63e-05
21432,3.63e-05
21433,3.63e-05
21434,3.63e-05
21435,3.63e-05
21436,3.63e-05
21437,3.63e-05
21438,3.63e-05
21439,3.63e-05
21440,3.63e-05
21441,3.63e-05
21442,3.63e-05
21443,3.63e-05
21444,3.63e-05
21445,3.63e-05
21446,3.63e-05
21447,3.63e-05
21448,3.63e-05
21449,3.63e-05
21450,3.63e-05
21451,3.63e-05
21452,3.63e-05
21453,3.63e-05
21454,3.63e-05
21455,3.63e-05
21456,3.63e-05
21457,3.63e-05
21458,3.63e-05
21459,3.63e-05
21460,3.63e-05
21461,3.63e-05
21462,3.63e-05
21463,3.63e-05
21464,3.63e-05
21465,3.63e-05
21466,3.63e-05
21467,3.63e-05
21468,3.63e-05
21469,3.63e-05
21470,3.63e-05
21471,3.63e-05
21472,3.63e-05
21473,3.63e-05
21474,3.63e-05
21475,3.63e-05
21476,3.63e-05
21477,3.63e-05
21478,3.63e-05
21479,3.63e-05
21480,3.63e-05
21481,3.63e-05
21482,3.63e-05
21483,3.63e-05
21484,3.63e-05
21485,3.63e-05
21486,3.63e-05
21487,3.63e-05
21488,3.63e-05
21489,3.63e-05
21490,3.63e-05
21491,3.63e-05
21492,3.63e-05
21493,3.63e-05
21494,3.63e-05
21495,3.63e-05
21496,3.63e-05
21497,3.63e-05
21498,3.63e-05
21499,3.63e-05
21500,3.63e-05
21501,3.63e-05
21502,3.63e-05
21503,3.63e-05
21504,3.63e-05
21505,3.63e-05
21506,3.63e-05
21507,3.63e-05
21508,3.63e-05
21509,3.63e-05
21510,3.63e-05
21511,3.63e-05
21512,3.63e-05
21513,3.63e-05
21514,3.63e-05
21515,3.63e-05
21516,3.63e-05
21517,3.63e-05
21518,3.63e-05
21519,3.63e-05
21520,3.63e-05
21521,3.63e-05
21522,3.63e-05
21523,3.63e-05
21524,3.63e-05
21525,3.63e-05
21526,3.63e-05
21527,3.63e-05
21528,3.63e-05
21529,3.63e-05
21530,3.63e-05
21531,3.63e-05
21532,3.63e-05
21533,3.63e-05
21534,3.63e-05
21535,3.63e-05
21536,3.63e-05
21537,3.63e-05
21538,3.63e-05
21539,3.63e-05
21540,3.63e-05
21541,3.63e-05
21542,3.63e-05
21543,3.77047222e-05
21544,4.06572222e-05
21545,0.000175248056
21546,0.000217016944
21547,0.000130848056
21548,8.46402778e-05
21549,5.44613889e-05
21550,3.94094444e-05
21551,4.34019444e-05
21552,4.13797222e-05
21553,4.20197222e-05
21554,3.77391667e-05
21555,3.90119444e-05
21556,4.24297222e-05
21557,5.43786111e-05
21558,5.89975e-05
21559,5.80563889e-05
21560,5.99841667e-05
21561,6.03930556e-05
21562,5.85675e-05
21563,3.63e-05
21564,3.63e-05
21565,3.63e-05
21566,3.63e-05
21567,3.63e-05
21568,3.63e-05
21569,3.63e-05
21570,3.63e-05
21571,3.63e-05
21572,3.63e-05
21573,3.63e-05
21574,3.63e-05
21575,3.63e-05
21576,3.63e-05
21577,3.63e-05
21578,3.63e-05
21579,3.63e-05
21580,3.63e-05
21581,3.63e-05
21582,3.63e-05
21583,3.63e-05
21584,3.63e-05
21585,3.63e-05
21586,3.63e-05
21587,3.63e-05
21588,3.63e-05
21589,3.63e-05
21590,3.63e-05
21591,3.63e-05
21592,3.63e-05
21593,3.63e-05
21594,3.63e-05
21595,3.63e-05
21596,3.63e-05
21597,3.63e-05
21598,3.63e-05
21599,3.63e-05
21600,3.63e-05
21601,3.63e-05
21602,3.63e-05
21603,3.63e-05
21604,3.63e-05
21605,3.63e-05
21606,3.63e-05
21607,3.63e-05
21608,3.63e-05
21609,3.63e-05
21610,3.63e-05
21611,3.63e-05
21612,3.63e-05
21613,3.63e-05
21614,3.63e-05
21615,3.63e-05
21616,3.63e-05
21617,3.63e-05
21618,3.63e-05
21619,3.63e-05
21620,3.63e-05
21621,3.63e-05
21622,3.63e-05
21623,3.63e-05
21624,3.63e-05
21625,3.63e-05
21626,3.63e-05
21627,3.63e-05
21628,3.63e-05
21629,3.63e-05
21630,3.63e-05
21631,3.63e-05
21632,3.63e-05
21633,3.63e-05
21634,3.63e-05
21635,3.63e-05
21636,3.63e-05
21637,3.63e-05
21638,3.63e-05
21639,3.63e-05
21640,3.63e-05
21641,3.63e-05
21642,3.63e-05
21643,3.63e-05
21644,3.63e-05
21645,3.63e-05
21646,3.63e-05
21647,3.63e-05
21648,3.63e-05
21649,3.63e-05
21650,3.63e-05
21651,3.63e-05
21652,3.63e-05
21653,3.63e-05
21654,3.63e-05
21655,3.63e-05
21656,3.63e-05
21657,3.63e-05
21658,3.63e-05
21659,3.63e-05
21660,3.63e-05
21661,3.63e-05
21662,3.63e-05
21663,3.63e-05
21664,3.63e-05
21665,3.63e-05
21666,3.63e-05
21667,3.63e-05
21668,3.63e-05
21669,3.63e-05
21670,3.63e-05
21671,3.63e-05
21672,3.63e-05
21673,3.63e-05
21674,3.63e-05
21675,3.63e-05
21676,3.63e-05
21677,3.63e-05
21678,3.63e-05
21679,3.63e-05
21680,3.63e-05
21681,3.63e-05
21682,3.63e-05
21683,3.63e-05
21684,3.63e-05
21685,3.63e-05
21686,3.63e-05
21687,3.63e-05
21688,3.63e-05
21689,3.63e-05
21690,3.63e-05
21691,3.63e-05
21692,3.63e-05
21693,3.63e-05
21694,3.63e-05
21695,3.63e-05
21696,3.63e-05
21697,3.63e-05
21698,3.63e-05
21699,3.63e-05
21700,3.63e-05
21701,3.63e-05
21702,3.63e-05
21703,3.63e-05
21704,3.63e-05
21705,3.63e-05
21706,3.63e-05
21707,3.63e-05
21708,3.63e-05
21709,3.63e-05
21710,3.63e-05
21711,3.63e-05
21712,3.63e-05
21713,3.63e-05
21714,3.63e-05
21715,3.63e-05
21716,3.63e-05
21717,3.63e-05
21718,3.63e-05
21719,3.63e-05
21720,3.63e-05
21721,3.63e-05
21722,3.63e-05
21723,3.63e-05
21724,3.63e-05
21725,3.63e-05
21726,3.63e-05
21727,3.63e-05
21728,3.63e-05
21729,3.63e-05
21730,3.63e-05
21731,3.63e-05
21732,3.63e-05
21733,3.63e-05
21734,3.63e-05
21735,3.63e-05
21736,3.63e-05
21737,3.63e-05
21738,3.63e-05
21739,3.63e-05
21740,3.63e-05
21741,3.63e-05
21742,3.63e-05
21743,3.63e-05
21744,3.63e-05
21745,3.63e-05
21746,3.63e-05
21747,3.63e-05
21748,3.63e-05
21749,3.63e-05
21750,3.63e-05
21751,3.63e-05
21752,3.63e-05
21753,3.63e-05
21754,3.63e-05
21755,3.63e-05
21756,3.63e-05
21757,3.63e-05
21758,3.63e-05
21759,3.63e-05
21760,3.63e-05
21761,3.63e-05
21762,3.63e-05
21763,3.69669444e-05
21764,5.10158333e-05
21765,0.000268876389
21766,0.000258630833
21767,0.0001824375
21768,0.000111803056
21769,5.83363889e-05
21770,4.14072222e-05
21771,4.65547222e-05
21772,3.98775e-05
21773,4.55508333e-05
21774,5.32941667e-05
21775,5.18319444e-05
21776,4.42430556e-05
21777,3.73230556e-05
21778,3.78022222e-05
21779,4.03969444e-05
21780,4.38936111e-05
21781,4.54480556e-05
21782,4.54980556e-05
21783,3.63e-05
21784,3.63e-05
21785,3.63e-05
21786,3.63e-05
21787,3.63e-05
21788,3.63e-05
21789,3.63e-05
21790,3.63e-05
21791,3.63e-05
21792,3.63e-05
21793,3.63e-05
21794,3.63e-05
21795,3.63e-05
21796,3.63e-05
21797,3.63e-05
21798,3.63e-05
21799,3.63e-05
21800,3.63e-05
21801,3.63e-05
21802,3.63e-05
21803,3.63e-05
21804,3.63e-05
21805,3.63e-05
21806,3.63e-05
21807,3.63e-05
21808,3.63e-05
21809,3.63e-05
21810,3.63e-05
21811,3.63e-05
21812,3.63e-05
21813,3.63e-05
21814,3.63e-05
21815,3.63e-05
21816,3.63e-05
21817,3.63e-05
21818,3.63e-05
21819,3.63e-05
21820,3.63e-05
21821,3.63e-05
21822,3.63e-05
21823,3.63e-05
21824,3.63e-05
21825,3.63e-05
21826,3.63e-05
21827,3.63e-05
21828,3.63e-05
21829,3.63e-05
21830,3.63e-05
21831,3.63e-05
21832,3.63e-05
21833,3.63e-05
21834,3.63e-05
21835,3.63e-05
21836,3.63e-05
21837,3.63e-05
21838,3.63e-05
21839,3.63e-05
21840,3.63e-05
21841,3.63e-05
21842,3.63e-05
21843,3.63e-05
21844,3.63e-05
21845,3.63e-05
21846,3.63e-05
21847,3.63e-05
21848,3.63e-05
21849,3.63e-05
21850,3.63e-05
21851,3.63e-05
21852,3.63e-05
21853,3.63e-05
21854,3.63e-05
21855,3.63e-05
21856,3.63e-05
21857,3.63e-05
21858,3.63e-05
21859,3.63e-05
21860,3.63e-05
21861,3.63e-05
21862,3.63e-05
21863,3.63e-05
21864,3.63e-05
21865,3.63e-05
21866,3.63e-05
21867,3.63e-05
21868,3.63e-05
21869,3.63e-05
21870,3.63e-05
21871,3.63e-05
21872,3.63e-05
21873,3.63e-05
21874,3.63e-05
21875,3.63e-05
21876,3.63e-05
21877,3.63e-05
21878,3.63e-05
21879,3.63e-05
21880,3.63e-05
21881,3.63e-05
21882,3.63e-05
21883,3.63e-05
21884,3.63e-05
21885,3.63e-05
21886,3.63e-05
21887,3.63e-05
21888,3.63e-05
21889,3.63e-05
21890,3.63e-05
21891,3.63e-05
21892,3.63e-05
21893,3.63e-05
21894,3.63e-05
21895,3.63e-05
21896,3.63e-05
21897,3.63e-05
21898,3.63e-05
21899,3.63e-05
21900,3.63e-05
21901,3.63e-05
21902,3.63e-05
21903,3.63e-05
21904,3.63e-05
21905,3.63e-05
21906,3.63e-05
21907,3.63e-05
21908,3.63e-05
21909,3.63e-05
21910,3.63e-05
21911,3.63e-05
21912,3.63e-05
21913,3.63e-05
21914,3.63e-05
21915,3.63e-05
21916,3.63e-05
21917,3.63e-05
21918,3.63e-05
21919,3.63e-05
21920,3.63e-05
21921,3.63e-05
21922,3.63e-05
21923,3.63e-05
21924,3.63e-05
21925,3.63e-05
21926,3.63e-05
21927,3.63e-05
21928,3.63e-05
21929,3.63e-05
21930,3.63e-05
21931,3.63e-05
21932,3.63e-05
21933,3.63e-05
21934,3.63e-05
21935,3.63e-05
21936,3.63e-05
21937,3.63e-05
21938,3.63e-05
21939,3.63e-05
21940,3.63e-05
21941,3.63e-05
21942,3.63e-05
21943,3.63e-05
21944,3.63e-05
21945,3.63e-05
21946,3.63e-05
21947,3.63e-05
21948,3.63e-05
21949,3.63e-05
21950,3.63e-05
21951,3.63e-05
21952,3.63e-05
21953,3.63e-05
21954,3.63e-05
21955,3.63e-05
21956,3.63e-05
21957,3.63e-05
21958,3.63e-05
21959,3.63e-05
21960,3.63e-05
21961,3.63e-05
21962,3.63e-05
21963,3.63e-05
21964,3.63e-05
21965,3.63e-05
21966,3.63e-05
21967,3.63e-05
21968,3.63e-05
21969,3.63e-05
21970,3.63e-05
21971,3.63e-05
21972,3.63e-05
21973,3.63e-05
21974,3.63e-05
21975,3.63e-05
21976,3.63e-05
21977,3.63e-05
21978,3.63e-05
21979,3.63e-05
21980,3.63e-05
21981,3.63e-05
21982,3.63e-05
21983,3.77e-05
21984,3.81572222e-05
21985,3.82077778e-05
21986,3.68922222e-05
21987,3.84416667e-05
21988,3.75477778e-05
21989,3.88016667e-05
21990,3.93794444e-05
21991,4.09238889e-05
21992,4.33594444e-05
21993,3.9975e-05
21994,3.87005556e-05
21995,3.9615e-05
21996,3.73527778e-05
21997,3.76938889e-05
21998,3.80016667e-05
21999,3.7435e-05
22000,3.79988889e-05
22001,4.04194444e-05
22002,3.86461111e-05
22003,3.63e-05
22004,3.63e-05
22005,3.63e-05
22006,3.63e-05
22007,3.63e-05
22008,3.63e-05
22009,3.63e-05
22010,3.63e-05
22011,3.63e-05
22012,3.63e-05
22013,3.63e-05
22014,3.63e-05
22015,3.63e-05
22016,3.63e-05
22017,3.63e-05
22018,3.63e-05
22019,3.63e-05
22020,3.63e-05
22021,3.63e-05
22022,3.63e-05
22023,3.63e-05
22024,3.63e-05
22025,3.63e-05
22026,3.63e-05
22027,3.63e-05
22028,3.63e-05
22029,3.63e-05
22030,3.63e-05
22031,3.63e-05
22032,3.63e-05
22033,3.63e-05
22034,3.63e-05
22035,3.63e-05
22036,3.63e-05
22037,3.63e-05
22038,3.63e-05
22039,3.63e-05
22040,3.63e-05
22041,3.63e-05
22042,3.63e-05
22043,3.63e-05
22044,3.63e-05
22045,3.63e-05
22046,3.63e-05
22047,3.63e-05
22048,3.63e-05
22049,3.63e-05
22050,3.63e-05
22051,3.63e-05
22052,3.63e-05
22053,3.63e-05
22054,3.63e-05
22055,3.63e-05
22056,3.63e-05
22057,3.63e-05
22058,3.63e-05
22059,3.63e-05
22060,3.63e-05
22061,3.63e-05
22062,3.63e-05
22063,3.63e-05
22064,3.63e-05
22065,3.63e-05
22066,3.63e-05
22067,3.63e-05
22068,3.63e-05
22069,3.63e-05
22070,3.63e-05
22071,3.63e-05
22072,3.63e-05
22073,3.63e-05
22074,3.63e-05
22075,3.63e-05
22076,3.63e-05
22077,3.63e-05
22078,3.63e-05
22079,3.63e-05
22080,3.63e-05
22081,3.63e-05
22082,3.63e-05
22083,3.63e-05
22084,3.63e-05
22085,3.63e-05
22086,3.63e-05
22087,3.63e-05
22088,3.63e-05
22089,3.63e-05
22090,3.63e-05
22091,3.63e-05
22092,3.63e-05
22093,3.63e-05
22094,3.63e-05
22095,3.63e-05
22096,3.63e-05
22097,3.63e-05
22098,3.63e-05
22099,3.63e-05
22100,3.63e-05
22101,3.63e-05
22102,3.63e-05
22103,3.63e-05
22104,3.63e-05
22105,3.63e-05
22106,3.63e-05
22107,3.63e-05
22108,3.63e-05
22109,3.63e-05
22110,3.63e-05
22111,3.63e-05
22112,3.63e-05
22113,3.63e-05
22114,3.63e-05
22115,3.63e-05
22116,3.63e-05
22117,3.63e-05
22118,3.63e-05
22119,3.63e-05
22120,3.63e-05
22121,3.63e-05
22122,3.63e-05
22123,3.63e-05
22124,3.63e-05
22125,3.63e-05
22126,3.63e-05
22127,3.63e-05
22128,3.63e-05
22129,3.63e-05
22130,3.63e-05
22131,3.63e-05
22132,3.63e-05
22133,3.63e-05
22134,3.63e-05
22135,3.63e-05
22136,3.63e-05
22137,3.63e-05
22138,3.63e-05
22139,3.63e-05
22140,3.63e-05
22141,3.63e-05
22142,3.63e-05
22143,3.63e-05
22144,3.63e-05
22145,3.63e-05
22146,3.63e-05
22147,3.63e-05
22148,3.63e-05
22149,3.63e-05
22150,3.63e-05
22151,3.63e-05
22152,3.63e-05
22153,3.63e-05
22154,3.63e-05
22155,3.63e-05
22156,3.63e-05
22157,3.63e-05
22158,3.63e-05
22159,3.63e-05
22160,3.63e-05
22161,3.63e-05
22162,3.63e-05
22163,3.63e-05
22164,3.63e-05
22165,3.63e-05
22166,3.63e-05
22167,3.63e-05
22168,3.63e-05
22169,3.63e-05
22170,3.63e-05
22171,3.63e-05
22172,3.63e-05
22173,3.63e-05
22174,3.63e-05
22175,3.63e-05
22176,3.63e-05
22177,3.63e-05
22178,3.63e-05
22179,3.63e-05
22180,3.63e-05
22181,3.63e-05
22182,3.63e-05
22183,3.63e-05
22184,3.63e-05
22185,3.63e-05
22186,3.63e-05
22187,3.63e-05
22188,3.63e-05
22189,3.63e-05
22190,3.63e-05
22191,3.63e-05
22192,3.63e-05
22193,3.63e-05
22194,3.63e-05
22195,3.63e-05
22196,3.63e-05
22197,3.63e-05
22198,3.63e-05
22199,3.63e-05
22200,3.63e-05
