tick,u1,u2,u3,u4,u5,u6,u7,u8
1,0.0,0.0,0.0,0.0,0.0,0.0,0.0,0.0
2,0.0,0.0,0.0,0.0,0.0,0.0,0.0,0.0
3,0.0,0.0,0.0,0.0,0.0,0.0,0.0,0.0
4,0.0,0.0,0.0,0.0,0.0,0.0,0.0,0.0
5,0.0,0.0,0.0,0.0,0.0,0.0,0.0,0.0
6,0.0,0.0,0.0,0.0,0.0,0.0,0.0,0.0
7,0.0,0.0,0.0,0.0,0.0,0.0,0.0,0.0
8,0.0,0.0,0.0,0.0,0.0,0.0,0.0,0.0
9,0.0,0.0,0.0,0.0,0.0,0.0,0.0,0.0
10,0.0,0.0,0.0,0.0,0.0,0.0,0.0,0.0
11,0.0,0.0,0.0,0.0,0.0,0.0,0.0,0.0
12,0.0,0.0,0.0,0.0,0.0,0.0,0.0,0.0
13,0.0,0.0,0.0,0.0,0.0,0.0,0.0,0.0
14,0.0,0.0,0.0,0.0,0.0,0.0,0.0,0.0
15,0.0,0.0,0.0,0.0,0.0,0.0,0.0,0.0
16,0.0,0.0,0.0,0.0,0.0,0.0,0.0,0.0
17,0.0,0.0,0.0,0.0,0.0,0.0,0.0,0.0
18,0.0,0.0,0.0,0.0,0.0,0.0,0.0,0.0
19,0.0,0.0,0.0,0.0,0.0,0.0,0.0,0.0
20,0.0,0.0,0.0,0.0,0.0,0.0,0.0,0.0
21,0.0,0.0,0.0,0.0,0.0,0.0,0.0,0.0
22,0.0,0.0,0.0,0.0,0.0,0.0,0.0,0.0
23,0.0,0.0,0.0,0.0,0.0,0.0,0.0,0.0
24,0.0,0.0,0.0,0.0,0.0,0.0,0.0,0.0
25,0.0,0.0,0.0,0.0,0.0,0.0,0.0,0.0
26,0.0,0.0,0.0,0.0,0.0,0.0,0.0,0.0
27,0.0,0.0,0.0,0.0,0.0,0.0,0.0,0.0
28,0.0,0.0,0.0,0.0,0.0,0.0,0.0,0.0
29,0.0,0.0,0.0,0.0,0.0,0.0,0.0,0.0
30,0.0,0.0,0.0,0.0,0.0,0.0,0.0,0.0
31,0.0,0.0,0.0,0.0,0.0,0.0,0.0,0.0
32,0.0,0.0,0.0,0.0,0.0,0.0,0.0,0.0
33,0.0,0.0,0.0,0.0,0.0,0.0,0.0,0.0
34,0.0,0.0,0.0,0.0,0.0,0.0,0.0,0.0
35,0.0,0.0,0.0,0.0,0.0,0.0,0.0,0.0
36,0.0,0.0,0.0,0.0,0.0,0.0,0.0,0.0
37,0.0,0.0,0.0,0.0,0.0,0.0,0.0,0.0
38,0.0,0.0,0.0,0.0,0.0,0.0,0.0,0.0
39,0.0,0.0,0.0,0.0,0.0,0.0,0.0,0.0
40,0.0,0.0,0.0,0.0,0.0,0.0,0.0,0.0
41,0.0,0.0,0.0,0.0,0.0,0.0,0.0,0.0
42,0.0,0.0,0.0,0.0,0.0,0.0,0.0,0.0
43,0.0,0.0,0.0,0.0,0.0,0.0,0.0,0.0
44,0.0,0.0,0.0,0.0,0.0,0.0,0.0,0.0
45,0.0,0.0,0.0,0.0,0.0,0.0,0.0,0.0
46,0.0,0.0,0.0,0.0,0.0,0.0,0.0,0.0
47,0.0,0.0,0.0,0.0,0.0,0.0,0.0,0.0
48,0.0,0.0,0.0,0.0,0.0,0.0,0.0,0.0
49,0.0,0.0,0.0,0.0,0.0,0.0,0.0,0.0
50,0.0,0.0,0.0,0.0,0.0,0.0,0.0,0.0
51,0.0,0.0,0.0,0.0,0.0,0.0,0.0,0.0
52,0.0,0.0,0.0,0.0,0.0,0.0,0.0,0.0
53,0.0,0.0,0.0,0.0,0.0,0.0,0.0,0.0
54,0.0,0.0,0.0,0.0,0.0,0.0,0.0,0.0
55,0.0,0.0,0.0,0.0,0.0,0.0,0.0,0.0
56,0.0,0.0,0.0,0.0,0.0,0.0,0.0,0.0
57,0.0,0.0,0.0,0.0,0.0,0.0,0.0,0.0
58,0.0,0.0,0.0,0.0,0.0,0.0,0.0,0.0
59,0.0,0.0,0.0,0.0,0.0,0.0,0.0,0.0
60,0.0,0.0,0.0,0.0,0.0,0.0,0.0,0.0
61,0.0,0.0,0.0,0.0,0.0,0.0,0.0,0.0
62,0.0,0.0,0.0,0.0,0.0,0.0,0.0,0.0
63,0.0,0.0,0.0,0.0,0.0,0.0,0.0,0.0
64,0.0,0.0,0.0,0.0,0.0,0.0,0.0,0.0
65,0.0,0.0,0.0,0.0,0.0,0.0,0.0,0.0
66,0.0,0.0,0.0,0.0,0.0,0.0,0.0,0.0
67,0.0,0.0,0.0,0.0,0.0,0.0,0.0,0.0
68,0.0,0.0,0.0,0.0,0.0,0.0,0.0,0.0
69,0.0,0.0,0.0,0.0,0.0,0.0,0.0,0.0
70,0.0,0.0,0.0,0.0,0.0,0.0,0.0,0.0
71,0.0,0.0,0.0,0.0,0.0,0.0,0.0,0.0
72,0.0,0.0,0.0,0.0,0.0,0.0,0.0,0.0
73,0.0,0.0,0.0,0.0,0.0,0.0,0.0,0.0
74,0.0,0.0,0.0,0.0,0.0,0.0,0.0,0.0
75,0.0,0.0,0.0,0.0,0.0,0.0,0.0,0.0
76,0.0,0.0,0.0,0.0,0.0,0.0,0.0,0.0
77,0.0,0.0,0.0,0.0,0.0,0.0,0.0,0.0
78,0.0,0.0,0.0,0.0,0.0,0.0,0.0,0.0
79,0.0,0.0,0.0,0.0,0.0,0.0,0.0,0.0
80,0.0,0.0,0.0,0.0,0.0,0.0,0.0,0.0
81,0.0,0.0,0.0,0.0,0.0,0.0,0.0,0.0
82,0.0,0.0,0.0,0.0,0.0,0.0,0.0,0.0
83,0.0,0.0,0.0,0.0,0.0,0.0,0.0,0.0
84,0.0,0.0,0.0,0.0,0.0,0.0,0.0,0.0
85,0.0,0.0,0.0,0.0,0.0,0.0,0.0,0.0
86,0.0,0.0,0.0,0.0,0.0,0.0,0.0,0.0
87,0.0,0.0,0.0,0.0,0.0,0.0,0.0,0.0
88,0.0,0.0,0.0,0.0,0.0,0.0,0.0,0.0
89,0.0,0.0,0.0,0.0,0.0,0.0,0.0,0.0
90,0.0,0.0,0.0,0.0,0.0,0.0,0.0,0.0
91,0.0,0.0,0.0,0.0,0.0,0.0,0.0,0.0
92,0.0,0.0,0.0,0.0,0.0,0.0,0.0,0.0
93,0.0,0.0,0.0,0.0,0.0,0.0,0.0,0.0
94,0.0,0.0,0.0,0.0,0.0,0.0,0.0,0.0
95,0.0,0.0,0.0,0.0,0.0,0.0,0.0,0.0
96,0.0,0.0,0.0,0.0,0.0,0.0,0.0,0.0
97,0.0,0.0,0.0,0.0,0.0,0.0,0.0,0.0
98,0.0,0.0,0.0,0.0,0.0,0.0,0.0,0.0
99,0.0,0.0,0.0,0.0,0.0,0.0,0.0,0.0
100,0.0,0.0,0.0,0.0,0.0,0.0,0.0,0.0
101,0.0,0.0,0.0,0.0,0.0,0.0,0.0,0.0
102,0.0,0.0,0.0,0.0,0.0,0.0,0.0,0.0
103,0.0,0.0,0.0,0.0,0.0,0.0,0.0,0.0
104,0.0,0.0,0.0,0.0,0.0,0.0,0.0,0.0
105,0.0,0.0,0.0,0.0,0.0,0.0,0.0,0.0
106,0.0,0.0,0.0,0.0,0.0,0.0,0.0,0.0
107,0.0,0.0,0.0,0.0,0.0,0.0,0.0,0.0
108,0.0,0.0,0.0,0.0,0.0,0.0,0.0,0.0
109,0.0,0.0,0.0,0.0,0.0,0.0,0.0,0.0
110,0.0,0.0,0.0,0.0,0.0,0.0,0.0,0.0
111,0.0,0.0,0.0,0.0,0.0,0.0,0.0,0.0
112,0.0,0.0,0.0,0.0,0.0,0.0,0.0,0.0
113,0.0,0.0,0.0,0.0,0.0,0.0,0.0,0.0
114,0.0,0.0,0.0,0.0,0.0,0.0,0.0,0.0
115,0.0,0.0,0.0,0.0,0.0,0.0,0.0,0.0
116,0.0,0.0,0.0,0.0,0.0,0.0,0.0,0.0
117,0.0,0.0,0.0,0.0,0.0,0.0,0.0,0.0
118,0.0,0.0,0.0,0.0,0.0,0.0,0.0,0.0
119,0.0,0.0,0.0,0.0,0.0,0.0,0.0,0.0
120,0.0,0.0,0.0,0.0,0.0,0.0,0.0,0.0
121,0.0,0.0,0.0,0.0,0.0,0.0,0.0,0.0
122,0.0,0.0,0.0,0.0,0.0,0.0,0.0,0.0
123,0.0,0.0,0.0,0.0,0.0,0.0,0.0,0.0
124,0.0,0.0,0.0,0.0,0.0,0.0,0.0,0.0
125,0.0,0.0,0.0,0.0,0.0,0.0,0.0,0.0
126,0.0,0.0,0.0,0.0,0.0,0.0,0.0,0.0
127,0.0,0.0,0.0,0.0,0.0,0.0,0.0,0.0
128,0.0,0.0,0.0,0.0,0.0,0.0,0.0,0.0
129,0.0,0.0,0.0,0.0,0.0,0.0,0.0,0.0
130,0.0,0.0,0.0,0.0,0.0,0.0,0.0,0.0
131,0.0,0.0,0.0,0.0,0.0,0.0,0.0,0.0
132,0.0,0.0,0.0,0.0,0.0,0.0,0.0,0.0
133,0.0,0.0,0.0,0.0,0.0,0.0,0.0,0.0
134,0.0,0.0,0.0,0.0,0.0,0.0,0.0,0.0
135,0.0,0.0,0.0,0.0,0.0,0.0,0.0,0.0
136,0.0,0.0,0.0,0.0,0.0,0.0,0.0,0.0
137,0.0,0.0,0.0,0.0,0.0,0.0,0.0,0.0
138,0.0,0.0,0.0,0.0,0.0,0.0,0.0,0.0
139,0.0,0.0,0.0,0.0,0.0,0.0,0.0,0.0
140,0.0,0.0,0.0,0.0,0.0,0.0,0.0,0.0
141,0.0,0.0,0.0,0.0,0.0,0.0,0.0,0.0
142,0.0,0.0,0.0,0.0,0.0,0.0,0.0,0.0
143,0.0,0.0,0.0,0.0,0.0,0.0,0.0,0.0
144,0.0,0.0,0.0,0.0,0.0,0.0,0.0,0.0
145,0.0,0.0,0.0,0.0,0.0,0.0,0.0,0.0
146,0.0,0.0,0.0,0.0,0.0,0.0,0.0,0.0
147,0.0,0.0,0.0,0.0,0.0,0.0,0.0,0.0
148,0.0,0.0,0.0,0.0,0.0,0.0,0.0,0.0
149,0.0,0.0,0.0,0.0,0.0,0.0,0.0,0.0
150,0.0,0.0,0.0,0.0,0.0,0.0,0.0,0.0
151,0.0,0.0,0.0,0.0,0.0,0.0,0.0,0.0
152,0.0,0.0,0.0,0.0,0.0,0.0,0.0,0.0
153,0.0,0.0,0.0,0.0,0.0,0.0,0.0,0.0
154,0.0,0.0,0.0,0.0,0.0,0.0,0.0,0.0
155,0.0,0.0,0.0,0.0,0.0,0.0,0.0,0.0
156,0.0,0.0,0.0,0.0,0.0,0.0,0.0,0.0
157,0.0,0.0,0.0,0.0,0.0,0.0,0.0,0.0
158,0.0,0.0,0.0,0.0,0.0,0.0,0.0,0.0
159,0.0,0.0,0.0,0.0,0.0,0.0,0.0,0.0
160,0.0,0.0,0.0,0.0,0.0,0.0,0.0,0.0
161,0.0,0.0,0.0,0.0,0.0,0.0,0.0,0.0
162,0.0,0.0,0.0,0.0,0.0,0.0,0.0,0.0
163,0.0,0.0,0.0,0.0,0.0,0.0,0.0,0.0
164,0.0,0.0,0.0,0.0,0.0,0.0,0.0,0.0
165,0.0,0.0,0.0,0.0,0.0,0.0,0.0,0.0
166,0.0,0.0,0.0,0.0,0.0,0.0,0.0,0.0
167,0.0,0.0,0.0,0.0,0.0,0.0,0.0,0.0
168,0.0,0.0,0.0,0.0,0.0,0.0,0.0,0.0
169,0.0,0.0,0.0,0.0,0.0,0.0,0.0,0.0
170,0.0,0.0,0.0,0.0,0.0,0.0,0.0,0.0
171,0.0,0.0,0.0,0.0,0.0,0.0,0.0,0.0
172,0.0,0.0,0.0,0.0,0.0,0.0,0.0,0.0
173,30.0,0.0,0.0,3.96614481,0.0,0.0,0.0,0.0
174,21.2353257,0.0,0.0,8.89237594,0.0,0.0,0.0,0.0
175,0.0,0.0,0.0,16.2064358,0.0,0.0,0.0,0.0
176,0.0,0.0,0.0,21.2830735,0.0,0.0,0.0,0.0
177,0.0,0.0,0.0,22.6533876,0.0,0.0,0.0,0.0
178,0.0,0.0,0.0,23.0460551,0.0,0.0,0.0,0.0
179,0.0,0.0,0.0,23.828691,0.0,0.0,0.0,0.0
180,0.0,0.0,0.0,24.5474817,0.0,0.0,0.0,0.0
181,0.0,0.0,0.0,25.0114795,0.0,0.0,0.0,0.0
182,0.0,0.0,0.0,25.3032495,0.0,0.0,0.0,0.0
183,0.0,0.0,0.0,25.4551974,0.0,0.0,0.0,0.0
184,0.0,0.0,0.0,25.456262,0.0,0.0,0.0,0.0
185,0.0,0.0,0.0,25.302067,0.0,0.0,0.0,0.0
186,0.0,0.0,0.0,24.9937423,0.0,0.0,0.0,0.0
187,0.0,0.0,0.0,24.5295942,0.0,0.0,0.0,0.0
188,0.0,0.0,0.0,23.8980444,0.0,0.0,0.0,0.0
189,0.0,0.0,0.0,23.0838893,0.0,0.0,0.0,0.0
190,0.0,0.0,0.0,22.1161125,0.0,0.0,0.0,0.0
191,0.0,0.0,0.0,21.0263701,0.0,0.0,0.0,0.0
192,0.0,0.0,0.0,19.5464488,0.0,0.0,0.0,0.0
193,0.0,0.0,0.0,17.4247227,0.0,0.0,0.0,0.0
194,0.0,0.0,0.0,16.3211561,0.0,0.0,0.0,0.0
195,0.0,0.0,0.0,17.4294996,0.0,0.0,0.0,0.0
196,0.0,0.0,0.0,13.1226371,0.0,0.0,0.0,0.0
197,0.0,0.0,0.0,0.0,0.0,0.0,0.0,0.0
198,0.0,0.0,0.0,0.0,0.0,0.0,0.0,0.0
199,0.0,0.0,0.0,0.0,0.0,0.0,0.0,0.0
200,30.0,0.0,0.0,30.0,0.0,0.0,0.0,0.0
201,30.0,0.0,0.0,30.0,0.0,0.0,0.0,0.0
202,30.0,0.0,0.0,30.0,0.0,0.0,0.0,0.0
203,30.0,0.0,0.0,30.0,0.0,0.0,0.0,0.0
204,30.0,0.0,0.0,30.0,0.0,0.0,0.0,0.0
205,30.0,0.0,0.0,30.0,0.0,0.0,0.0,0.0
206,30.0,0.0,0.0,30.0,0.0,0.0,0.0,0.0
207,30.0,0.0,0.0,30.0,0.0,0.0,0.0,0.0
208,26.3706323,0.0,0.0,30.0,0.0,0.0,0.0,0.0
209,21.3760711,0.0,0.0,30.0,0.0,0.0,0.0,0.0
210,22.2628093,0.0,0.0,30.0,0.0,0.0,0.0,0.0
211,26.4922307,0.0,0.0,30.0,0.0,0.0,0.0,0.0
212,18.196877,0.0,0.0,30.0,0.0,0.0,0.0,0.0
213,18.1316768,0.0,0.0,30.0,0.0,0.0,0.0,0.0
214,28.1178562,0.0,0.0,30.0,0.0,0.0,0.0,0.0
215,30.0,0.0,0.0,30.0,0.0,0.0,0.0,0.0
216,30.0,0.0,0.0,30.0,0.0,0.0,0.0,0.0
217,30.0,0.0,0.0,30.0,0.0,0.0,0.0,0.0
218,30.0,0.0,0.0,30.0,0.0,0.0,0.0,0.0
219,30.0,0.0,0.0,30.0,0.0,0.0,0.0,0.0
220,28.4454687,0.0,0.0,30.0,0.0,0.0,0.0,0.0
221,28.1778277,0.0,0.0,30.0,0.0,0.0,0.0,0.0
222,28.3437775,0.0,0.0,30.0,0.0,0.0,0.0,0.0
223,28.1119474,0.0,0.0,30.0,0.0,0.0,0.0,0.0
224,28.0978062,0.0,0.0,30.0,0.0,0.0,0.0,0.0
225,28.1495548,0.0,0.0,30.0,0.0,0.0,0.0,0.0
226,28.1559375,0.0,0.0,30.0,0.0,0.0,0.0,0.0
227,28.1496542,0.0,0.0,30.0,0.0,0.0,0.0,0.0
228,28.152458,0.0,0.0,30.0,0.0,0.0,0.0,0.0
229,28.1573196,0.0,0.0,30.0,0.0,0.0,0.0,0.0
230,28.160029,0.0,0.0,30.0,0.0,0.0,0.0,0.0
231,28.1621137,0.0,0.0,30.0,0.0,0.0,0.0,0.0
232,28.1644086,0.0,0.0,30.0,0.0,0.0,0.0,0.0
233,28.1666061,0.0,0.0,30.0,0.0,0.0,0.0,0.0
234,28.1685612,0.0,0.0,30.0,0.0,0.0,0.0,0.0
235,28.1703543,0.0,0.0,30.0,0.0,0.0,0.0,0.0
236,28.172027,0.0,0.0,30.0,0.0,0.0,0.0,0.0
237,28.1735755,0.0,0.0,30.0,0.0,0.0,0.0,0.0
238,28.1750034,0.0,0.0,30.0,0.0,0.0,0.0,0.0
239,28.1763228,0.0,0.0,30.0,0.0,0.0,0.0,0.0
240,28.1775428,0.0,0.0,30.0,0.0,0.0,0.0,0.0
241,28.1786706,0.0,0.0,30.0,0.0,0.0,0.0,0.0
242,28.1797129,0.0,0.0,30.0,0.0,0.0,0.0,0.0
243,28.1806763,0.0,0.0,30.0,0.0,0.0,0.0,0.0
244,28.1815669,0.0,0.0,30.0,0.0,0.0,0.0,0.0
245,28.1823902,0.0,0.0,30.0,0.0,0.0,0.0,0.0
246,28.1831512,0.0,0.0,30.0,0.0,0.0,0.0,0.0
247,28.1838548,0.0,0.0,30.0,0.0,0.0,0.0,0.0
248,28.1845054,0.0,0.0,30.0,0.0,0.0,0.0,0.0
249,28.1851069,0.0,0.0,30.0,0.0,0.0,0.0,0.0
250,28.1856631,0.0,0.0,30.0,0.0,0.0,0.0,0.0
251,28.1861776,0.0,0.0,30.0,0.0,0.0,0.0,0.0
252,28.1866534,0.0,0.0,30.0,0.0,0.0,0.0,0.0
253,28.1870936,0.0,0.0,30.0,0.0,0.0,0.0,0.0
254,28.1875008,0.0,0.0,30.0,0.0,0.0,0.0,0.0
255,28.1878777,0.0,0.0,30.0,0.0,0.0,0.0,0.0
256,28.1882266,0.0,0.0,30.0,0.0,0.0,0.0,0.0
257,28.1885496,0.0,0.0,30.0,0.0,0.0,0.0,0.0
258,28.1888488,0.0,0.0,30.0,0.0,0.0,0.0,0.0
259,28.189126,0.0,0.0,30.0,0.0,0.0,0.0,0.0
260,28.1893829,0.0,0.0,30.0,0.0,0.0,0.0,0.0
261,28.1896212,0.0,0.0,30.0,0.0,0.0,0.0,0.0
262,28.1898423,0.0,0.0,30.0,0.0,0.0,0.0,0.0
263,28.1900476,0.0,0.0,30.0,0.0,0.0,0.0,0.0
264,28.1902384,0.0,0.0,30.0,0.0,0.0,0.0,0.0
265,28.1904158,0.0,0.0,30.0,0.0,0.0,0.0,0.0
266,28.1905811,0.0,0.0,30.0,0.0,0.0,0.0,0.0
267,28.1907351,0.0,0.0,30.0,0.0,0.0,0.0,0.0
268,28.1908789,0.0,0.0,30.0,0.0,0.0,0.0,0.0
269,28.1910133,0.0,0.0,30.0,0.0,0.0,0.0,0.0
270,28.1911393,0.0,0.0,30.0,0.0,0.0,0.0,0.0
271,28.1912575,0.0,0.0,30.0,0.0,0.0,0.0,0.0
272,28.1913687,0.0,0.0,30.0,0.0,0.0,0.0,0.0
273,28.1914737,0.0,0.0,30.0,0.0,0.0,0.0,0.0
274,28.1915729,0.0,0.0,30.0,0.0,0.0,0.0,0.0
275,28.1916672,0.0,0.0,30.0,0.0,0.0,0.0,0.0
276,28.191757,0.0,0.0,30.0,0.0,0.0,0.0,0.0
277,28.191843,0.0,0.0,30.0,0.0,0.0,0.0,0.0
278,28.1919256,0.0,0.0,30.0,0.0,0.0,0.0,0.0
279,28.1920053,0.0,0.0,30.0,0.0,0.0,0.0,0.0
280,28.1920828,0.0,0.0,30.0,0.0,0.0,0.0,0.0
281,28.1921584,0.0,0.0,30.0,0.0,0.0,0.0,0.0
282,28.1922325,0.0,0.0,30.0,0.0,0.0,0.0,0.0
283,28.1923058,0.0,0.0,30.0,0.0,0.0,0.0,0.0
284,28.1923786,0.0,0.0,30.0,0.0,0.0,0.0,0.0
285,28.1924514,0.0,0.0,30.0,0.0,0.0,0.0,0.0
286,28.1925247,0.0,0.0,30.0,0.0,0.0,0.0,0.0
287,28.1925988,0.0,0.0,30.0,0.0,0.0,0.0,0.0
288,28.1926743,0.0,0.0,30.0,0.0,0.0,0.0,0.0
289,28.1927516,0.0,0.0,30.0,0.0,0.0,0.0,0.0
290,28.1928313,0.0,0.0,30.0,0.0,0.0,0.0,0.0
291,28.1929137,0.0,0.0,30.0,0.0,0.0,0.0,0.0
292,28.1929994,0.0,0.0,30.0,0.0,0.0,0.0,0.0
293,28.193089,0.0,0.0,30.0,0.0,0.0,0.0,0.0
294,28.1931831,0.0,0.0,30.0,0.0,0.0,0.0,0.0
295,28.1932821,0.0,0.0,30.0,0.0,0.0,0.0,0.0
296,28.1933867,0.0,0.0,30.0,0.0,0.0,0.0,0.0
297,28.1934976,0.0,0.0,30.0,0.0,0.0,0.0,0.0
298,28.1936154,0.0,0.0,30.0,0.0,0.0,0.0,0.0
299,28.193741,0.0,0.0,30.0,0.0,0.0,0.0,0.0
300,28.193875,0.0,0.0,30.0,0.0,0.0,0.0,0.0
301,28.1940183,0.0,0.0,30.0,0.0,0.0,0.0,0.0
302,28.1941718,0.0,0.0,30.0,0.0,0.0,0.0,0.0
303,28.1943364,0.0,0.0,30.0,0.0,0.0,0.0,0.0
304,28.1945132,0.0,0.0,30.0,0.0,0.0,0.0,0.0
305,28.1947033,0.0,0.0,30.0,0.0,0.0,0.0,0.0
306,28.1949079,0.0,0.0,30.0,0.0,0.0,0.0,0.0
307,28.1951282,0.0,0.0,30.0,0.0,0.0,0.0,0.0
308,28.1953656,0.0,0.0,30.0,0.0,0.0,0.0,0.0
309,28.1956216,0.0,0.0,30.0,0.0,0.0,0.0,0.0
310,28.1958978,0.0,0.0,30.0,0.0,0.0,0.0,0.0
311,28.1961959,0.0,0.0,30.0,0.0,0.0,0.0,0.0
312,28.1965177,0.0,0.0,30.0,0.0,0.0,0.0,0.0
313,28.1968653,0.0,0.0,30.0,0.0,0.0,0.0,0.0
314,28.1972408,0.0,0.0,30.0,0.0,0.0,0.0,0.0
315,28.1976466,0.0,0.0,30.0,0.0,0.0,0.0,0.0
316,28.1980852,0.0,0.0,30.0,0.0,0.0,0.0,0.0
317,28.1985593,0.0,0.0,30.0,0.0,0.0,0.0,0.0
318,28.1990719,0.0,0.0,30.0,0.0,0.0,0.0,0.0
319,28.1996261,0.0,0.0,30.0,0.0,0.0,0.0,0.0
320,28.2002255,0.0,0.0,30.0,0.0,0.0,0.0,0.0
321,28.2008737,0.0,0.0,30.0,0.0,0.0,0.0,0.0
322,28.2015749,0.0,0.0,30.0,0.0,0.0,0.0,0.0
323,28.2023332,0.0,0.0,30.0,0.0,0.0,0.0,0.0
324,28.2031536,0.0,0.0,30.0,0.0,0.0,0.0,0.0
325,28.204041,0.0,0.0,30.0,0.0,0.0,0.0,0.0
326,28.2050011,0.0,0.0,30.0,0.0,0.0,0.0,0.0
327,28.2060397,0.0,0.0,30.0,0.0,0.0,0.0,0.0
328,28.2071635,0.0,0.0,30.0,0.0,0.0,0.0,0.0
329,28.2083792,0.0,0.0,30.0,0.0,0.0,0.0,0.0
330,28.2096946,0.0,0.0,30.0,0.0,0.0,0.0,0.0
331,28.2111179,0.0,0.0,30.0,0.0,0.0,0.0,0.0
332,28.2126578,0.0,0.0,30.0,0.0,0.0,0.0,0.0
333,28.214324,0.0,0.0,30.0,0.0,0.0,0.0,0.0
334,28.2161268,0.0,0.0,30.0,0.0,0.0,0.0,0.0
335,28.2180776,0.0,0.0,30.0,0.0,0.0,0.0,0.0
336,28.2201883,0.0,0.0,30.0,0.0,0.0,0.0,0.0
337,28.2224723,0.0,0.0,30.0,0.0,0.0,0.0,0.0
338,28.2249436,0.0,0.0,30.0,0.0,0.0,0.0,0.0
339,28.2276177,0.0,0.0,30.0,0.0,0.0,0.0,0.0
340,28.2305113,0.0,0.0,30.0,0.0,0.0,0.0,0.0
341,28.2336423,0.0,0.0,30.0,0.0,0.0,0.0,0.0
342,28.2370303,0.0,0.0,30.0,0.0,0.0,0.0,0.0
343,28.2406963,0.0,0.0,30.0,0.0,0.0,0.0,0.0
344,28.2446632,0.0,0.0,30.0,0.0,0.0,0.0,0.0
345,28.2489557,0.0,0.0,30.0,0.0,0.0,0.0,0.0
346,28.2536006,0.0,0.0,30.0,0.0,0.0,0.0,0.0
347,28.2586266,0.0,0.0,30.0,0.0,0.0,0.0,0.0
348,28.2640653,0.0,0.0,30.0,0.0,0.0,0.0,0.0
349,28.2699503,0.0,0.0,30.0,0.0,0.0,0.0,0.0
350,28.2763184,0.0,0.0,30.0,0.0,0.0,0.0,0.0
351,28.2832092,0.0,0.0,30.0,0.0,0.0,0.0,0.0
352,28.2906656,0.0,0.0,30.0,0.0,0.0,0.0,0.0
353,28.2987341,0.0,0.0,30.0,0.0,0.0,0.0,0.0
354,28.3074649,0.0,0.0,30.0,0.0,0.0,0.0,0.0
355,28.3169124,0.0,0.0,30.0,0.0,0.0,0.0,0.0
356,28.3271354,0.0,0.0,30.0,0.0,0.0,0.0,0.0
357,28.3381975,0.0,0.0,30.0,0.0,0.0,0.0,0.0
358,28.3501677,0.0,0.0,30.0,0.0,0.0,0.0,0.0
359,28.3631205,0.0,0.0,30.0,0.0,0.0,0.0,0.0
360,28.3771365,0.0,0.0,30.0,0.0,0.0,0.0,0.0
361,28.3923031,0.0,0.0,30.0,0.0,0.0,0.0,0.0
362,28.4087147,0.0,0.0,30.0,0.0,0.0,0.0,0.0
363,28.4264734,0.0,0.0,30.0,0.0,0.0,0.0,0.0
364,28.4456899,0.0,0.0,30.0,0.0,0.0,0.0,0.0
365,28.4664838,0.0,0.0,30.0,0.0,0.0,0.0,0.0
366,28.4889846,0.0,0.0,30.0,0.0,0.0,0.0,0.0
367,28.5133327,0.0,0.0,30.0,0.0,0.0,0.0,0.0
368,28.5396796,0.0,0.0,30.0,0.0,0.0,0.0,0.0
369,28.5681877,0.0,0.0,30.0,0.0,0.0,0.0,0.0
370,28.5990353,0.0,0.0,30.0,0.0,0.0,0.0,0.0
371,28.6324232,0.0,0.0,30.0,0.0,0.0,0.0,0.0
372,28.6685541,0.0,0.0,30.0,0.0,0.0,0.0,0.0
373,28.7076104,0.0,0.0,30.0,0.0,0.0,0.0,0.0
374,28.7498654,0.0,0.0,30.0,0.0,0.0,0.0,0.0
375,28.7957909,0.0,0.0,30.0,0.0,0.0,0.0,0.0
376,28.8455011,0.0,0.0,30.0,0.0,0.0,0.0,0.0
377,28.8982884,0.0,0.0,30.0,0.0,0.0,0.0,0.0
378,28.9554422,0.0,0.0,30.0,0.0,0.0,0.0,0.0
379,29.0222635,0.0,0.0,30.0,0.0,0.0,0.0,0.0
380,29.0938774,0.0,0.0,30.0,0.0,0.0,0.0,0.0
381,29.1467465,0.0,0.0,30.0,0.0,0.0,0.0,0.0
382,29.2100069,0.0,0.0,30.0,0.0,0.0,0.0,0.0
383,29.4000236,0.0,0.0,30.0,0.0,0.0,0.0,0.0
384,29.5627604,0.0,0.0,30.0,0.0,0.0,0.0,0.0
385,29.138236,0.0,0.0,30.0,0.0,0.0,0.0,0.0
386,29.0148353,0.0,0.0,30.0,0.0,0.0,0.0,0.0
387,29.9065165,0.0,0.0,30.0,0.0,0.0,0.0,0.0
388,30.0,0.0,0.0,30.0,0.0,0.0,0.0,0.0
389,30.0,0.0,0.0,30.0,0.0,0.0,0.0,0.0
390,23.8910993,0.0,0.0,30.0,0.0,0.0,0.0,0.0
391,23.6889107,0.0,0.0,30.0,0.0,0.0,0.0,0.0
392,0.0,0.0,0.0,0.0,0.0,0.0,0.0,0.0
393,30.0,0.0,0.0,4.3794725,0.0,0.0,0.0,0.0
394,30.0,0.0,0.0,6.38062664,0.0,0.0,0.0,0.0
395,0.0,0.0,0.0,17.0023289,0.0,0.0,0.0,0.0
396,0.0,0.0,0.0,22.276036,0.0,0.0,0.0,0.0
397,0.0,0.0,0.0,23.7845316,0.0,0.0,0.0,0.0
398,0.0,0.0,0.0,24.3122878,0.0,0.0,0.0,0.0
399,0.0,0.0,0.0,25.2589556,0.0,0.0,0.0,0.0
400,0.0,0.0,0.0,26.1607796,0.0,0.0,0.0,0.0
401,0.0,0.0,0.0,26.8245704,0.0,0.0,0.0,0.0
402,0.0,0.0,0.0,27.3371807,0.0,0.0,0.0,0.0
403,0.0,0.0,0.0,27.7342179,0.0,0.0,0.0,0.0
404,0.0,0.0,0.0,28.0073367,0.0,0.0,0.0,0.0
405,0.0,0.0,0.0,28.1554345,0.0,0.0,0.0,0.0
406,0.0,0.0,0.0,28.1822492,0.0,0.0,0.0,0.0
407,0.0,0.0,0.0,28.0891725,0.0,0.0,0.0,0.0
408,0.0,0.0,0.0,27.8755887,0.0,0.0,0.0,0.0
409,0.0,0.0,0.0,27.5357145,0.0,0.0,0.0,0.0
410,0.0,0.0,0.0,27.0608137,0.0,0.0,0.0,0.0
411,0.0,0.0,0.0,26.4666364,0.0,0.0,0.0,0.0
412,0.0,0.0,0.0,25.7734567,0.0,0.0,0.0,0.0
413,0.0,0.0,0.0,24.8311033,0.0,0.0,0.0,0.0
414,0.0,0.0,0.0,23.4766949,0.0,0.0,0.0,0.0
415,0.0,0.0,0.0,22.634833,0.0,0.0,0.0,0.0
416,0.0,0.0,0.0,23.1149744,0.0,0.0,0.0,0.0
417,0.0,0.0,0.0,18.7244334,0.0,0.0,0.0,0.0
418,0.0,0.0,0.0,5.26402107,0.0,0.0,0.0,0.0
419,0.0,0.0,0.0,6.88804934,0.0,0.0,0.0,0.0
420,30.0,0.0,0.0,30.0,0.0,0.0,0.0,0.0
421,30.0,0.0,0.0,30.0,0.0,0.0,0.0,0.0
422,30.0,0.0,0.0,30.0,0.0,0.0,0.0,0.0
423,30.0,0.0,0.0,30.0,0.0,0.0,0.0,0.0
424,30.0,0.0,0.0,30.0,0.0,0.0,0.0,0.0
425,28.3282336,0.0,0.0,30.0,0.0,0.0,0.0,0.0
426,28.097196,0.0,0.0,30.0,0.0,0.0,0.0,0.0
427,30.0,0.0,0.0,30.0,0.0,0.0,0.0,0.0
428,30.0,0.0,0.0,30.0,0.0,0.0,0.0,0.0
429,30.0,0.0,0.0,30.0,0.0,0.0,0.0,0.0
430,30.0,0.0,0.0,30.0,0.0,0.0,0.0,0.0
431,30.0,0.0,0.0,30.0,0.0,0.0,0.0,0.0
432,30.0,0.0,0.0,30.0,0.0,0.0,0.0,0.0
433,30.0,0.0,0.0,30.0,0.0,0.0,0.0,0.0
434,30.0,0.0,0.0,30.0,0.0,0.0,0.0,0.0
435,30.0,0.0,0.0,30.0,0.0,0.0,0.0,0.0
436,30.0,0.0,0.0,30.0,0.0,0.0,0.0,0.0
437,30.0,0.0,0.0,30.0,0.0,0.0,0.0,0.0
438,30.0,0.0,0.0,30.0,0.0,0.0,0.0,0.0
439,30.0,0.0,0.0,30.0,0.0,0.0,0.0,0.0
440,29.1730887,0.0,0.0,30.0,0.0,0.0,0.0,0.0
441,29.1638579,0.0,0.0,30.0,0.0,0.0,0.0,0.0
442,29.2507659,0.0,0.0,30.0,0.0,0.0,0.0,0.0
443,28.9544164,0.0,0.0,30.0,0.0,0.0,0.0,0.0
444,28.875044,0.0,0.0,30.0,0.0,0.0,0.0,0.0
445,28.8670618,0.0,0.0,30.0,0.0,0.0,0.0,0.0
446,28.819296,0.0,0.0,30.0,0.0,0.0,0.0,0.0
447,28.7628402,0.0,0.0,30.0,0.0,0.0,0.0,0.0
448,28.7190685,0.0,0.0,30.0,0.0,0.0,0.0,0.0
449,28.6809188,0.0,0.0,30.0,0.0,0.0,0.0,0.0
450,28.6439211,0.0,0.0,30.0,0.0,0.0,0.0,0.0
451,28.6093037,0.0,0.0,30.0,0.0,0.0,0.0,0.0
452,28.5776726,0.0,0.0,30.0,0.0,0.0,0.0,0.0
453,28.5485192,0.0,0.0,30.0,0.0,0.0,0.0,0.0
454,28.5215033,0.0,0.0,30.0,0.0,0.0,0.0,0.0
455,28.4965227,0.0,0.0,30.0,0.0,0.0,0.0,0.0
456,28.4734525,0.0,0.0,30.0,0.0,0.0,0.0,0.0
457,28.4521351,0.0,0.0,30.0,0.0,0.0,0.0,0.0
458,28.4324318,0.0,0.0,30.0,0.0,0.0,0.0,0.0
459,28.4142229,0.0,0.0,30.0,0.0,0.0,0.0,0.0
460,28.3973961,0.0,0.0,30.0,0.0,0.0,0.0,0.0
461,28.381846,0.0,0.0,30.0,0.0,0.0,0.0,0.0
462,28.3674755,0.0,0.0,30.0,0.0,0.0,0.0,0.0
463,28.3541955,0.0,0.0,30.0,0.0,0.0,0.0,0.0
464,28.341923,0.0,0.0,30.0,0.0,0.0,0.0,0.0
465,28.3305818,0.0,0.0,30.0,0.0,0.0,0.0,0.0
466,28.3201012,0.0,0.0,30.0,0.0,0.0,0.0,0.0
467,28.3104159,0.0,0.0,30.0,0.0,0.0,0.0,0.0
468,28.3014656,0.0,0.0,30.0,0.0,0.0,0.0,0.0
469,28.2931947,0.0,0.0,30.0,0.0,0.0,0.0,0.0
470,28.2855515,0.0,0.0,30.0,0.0,0.0,0.0,0.0
471,28.2784884,0.0,0.0,30.0,0.0,0.0,0.0,0.0
472,28.2719616,0.0,0.0,30.0,0.0,0.0,0.0,0.0
473,28.2659304,0.0,0.0,30.0,0.0,0.0,0.0,0.0
474,28.2603572,0.0,0.0,30.0,0.0,0.0,0.0,0.0
475,28.2552072,0.0,0.0,30.0,0.0,0.0,0.0,0.0
476,28.2504485,0.0,0.0,30.0,0.0,0.0,0.0,0.0
477,28.2460514,0.0,0.0,30.0,0.0,0.0,0.0,0.0
478,28.2419886,0.0,0.0,30.0,0.0,0.0,0.0,0.0
479,28.2382346,0.0,0.0,30.0,0.0,0.0,0.0,0.0
480,28.2347662,0.0,0.0,30.0,0.0,0.0,0.0,0.0
481,28.2315617,0.0,0.0,30.0,0.0,0.0,0.0,0.0
482,28.2286013,0.0,0.0,30.0,0.0,0.0,0.0,0.0
483,28.2258663,0.0,0.0,30.0,0.0,0.0,0.0,0.0
484,28.2233399,0.0,0.0,30.0,0.0,0.0,0.0,0.0
485,28.2210063,0.0,0.0,30.0,0.0,0.0,0.0,0.0
486,28.218851,0.0,0.0,30.0,0.0,0.0,0.0,0.0
487,28.2168605,0.0,0.0,30.0,0.0,0.0,0.0,0.0
488,28.2150224,0.0,0.0,30.0,0.0,0.0,0.0,0.0
489,28.2133253,0.0,0.0,30.0,0.0,0.0,0.0,0.0
490,28.2117587,0.0,0.0,30.0,0.0,0.0,0.0,0.0
491,28.2103127,0.0,0.0,30.0,0.0,0.0,0.0,0.0
492,28.2089784,0.0,0.0,30.0,0.0,0.0,0.0,0.0
493,28.2077475,0.0,0.0,30.0,0.0,0.0,0.0,0.0
494,28.2066123,0.0,0.0,30.0,0.0,0.0,0.0,0.0
495,28.2055656,0.0,0.0,30.0,0.0,0.0,0.0,0.0
496,28.2046011,0.0,0.0,30.0,0.0,0.0,0.0,0.0
497,28.2037127,0.0,0.0,30.0,0.0,0.0,0.0,0.0
498,28.2028949,0.0,0.0,30.0,0.0,0.0,0.0,0.0
499,28.2021425,0.0,0.0,30.0,0.0,0.0,0.0,0.0
500,28.2014509,0.0,0.0,30.0,0.0,0.0,0.0,0.0
501,28.2008158,0.0,0.0,30.0,0.0,0.0,0.0,0.0
502,28.2002333,0.0,0.0,30.0,0.0,0.0,0.0,0.0
503,28.1996996,0.0,0.0,30.0,0.0,0.0,0.0,0.0
504,28.1992115,0.0,0.0,30.0,0.0,0.0,0.0,0.0
505,28.198766,0.0,0.0,30.0,0.0,0.0,0.0,0.0
506,28.1983602,0.0,0.0,30.0,0.0,0.0,0.0,0.0
507,28.1979916,0.0,0.0,30.0,0.0,0.0,0.0,0.0
508,28.197658,0.0,0.0,30.0,0.0,0.0,0.0,0.0
509,28.1973573,0.0,0.0,30.0,0.0,0.0,0.0,0.0
510,28.1970875,0.0,0.0,30.0,0.0,0.0,0.0,0.0
511,28.1968471,0.0,0.0,30.0,0.0,0.0,0.0,0.0
512,28.1966344,0.0,0.0,30.0,0.0,0.0,0.0,0.0
513,28.1964483,0.0,0.0,30.0,0.0,0.0,0.0,0.0
514,28.1962875,0.0,0.0,30.0,0.0,0.0,0.0,0.0
515,28.196151,0.0,0.0,30.0,0.0,0.0,0.0,0.0
516,28.1960379,0.0,0.0,30.0,0.0,0.0,0.0,0.0
517,28.1959477,0.0,0.0,30.0,0.0,0.0,0.0,0.0
518,28.1958797,0.0,0.0,30.0,0.0,0.0,0.0,0.0
519,28.1958334,0.0,0.0,30.0,0.0,0.0,0.0,0.0
520,28.1958087,0.0,0.0,30.0,0.0,0.0,0.0,0.0
521,28.1958053,0.0,0.0,30.0,0.0,0.0,0.0,0.0
522,28.1958232,0.0,0.0,30.0,0.0,0.0,0.0,0.0
523,28.1958626,0.0,0.0,30.0,0.0,0.0,0.0,0.0
524,28.1959236,0.0,0.0,30.0,0.0,0.0,0.0,0.0
525,28.1960067,0.0,0.0,30.0,0.0,0.0,0.0,0.0
526,28.1961124,0.0,0.0,30.0,0.0,0.0,0.0,0.0
527,28.1962413,0.0,0.0,30.0,0.0,0.0,0.0,0.0
528,28.1963943,0.0,0.0,30.0,0.0,0.0,0.0,0.0
529,28.1965722,0.0,0.0,30.0,0.0,0.0,0.0,0.0
530,28.1967763,0.0,0.0,30.0,0.0,0.0,0.0,0.0
531,28.1970077,0.0,0.0,30.0,0.0,0.0,0.0,0.0
532,28.197268,0.0,0.0,30.0,0.0,0.0,0.0,0.0
533,28.1975586,0.0,0.0,30.0,0.0,0.0,0.0,0.0
534,28.1978816,0.0,0.0,30.0,0.0,0.0,0.0,0.0
535,28.1982387,0.0,0.0,30.0,0.0,0.0,0.0,0.0
536,28.1986324,0.0,0.0,30.0,0.0,0.0,0.0,0.0
537,28.199065,0.0,0.0,30.0,0.0,0.0,0.0,0.0
538,28.1995392,0.0,0.0,30.0,0.0,0.0,0.0,0.0
539,28.200058,0.0,0.0,30.0,0.0,0.0,0.0,0.0
540,28.2006246,0.0,0.0,30.0,0.0,0.0,0.0,0.0
541,28.2012426,0.0,0.0,30.0,0.0,0.0,0.0,0.0
542,28.2019157,0.0,0.0,30.0,0.0,0.0,0.0,0.0
543,28.2026482,0.0,0.0,30.0,0.0,0.0,0.0,0.0
544,28.2034447,0.0,0.0,30.0,0.0,0.0,0.0,0.0
545,28.20431,0.0,0.0,30.0,0.0,0.0,0.0,0.0
546,28.2052497,0.0,0.0,30.0,0.0,0.0,0.0,0.0
547,28.2062694,0.0,0.0,30.0,0.0,0.0,0.0,0.0
548,28.2073757,0.0,0.0,30.0,0.0,0.0,0.0,0.0
549,28.2085754,0.0,0.0,30.0,0.0,0.0,0.0,0.0
550,28.2098759,0.0,0.0,30.0,0.0,0.0,0.0,0.0
551,28.2112854,0.0,0.0,30.0,0.0,0.0,0.0,0.0
552,28.2128126,0.0,0.0,30.0,0.0,0.0,0.0,0.0
553,28.214467,0.0,0.0,30.0,0.0,0.0,0.0,0.0
554,28.216259,0.0,0.0,30.0,0.0,0.0,0.0,0.0
555,28.2181997,0.0,0.0,30.0,0.0,0.0,0.0,0.0
556,28.2203012,0.0,0.0,30.0,0.0,0.0,0.0,0.0
557,28.2225766,0.0,0.0,30.0,0.0,0.0,0.0,0.0
558,28.22504,0.0,0.0,30.0,0.0,0.0,0.0,0.0
559,28.2277068,0.0,0.0,30.0,0.0,0.0,0.0,0.0
560,28.2305936,0.0,0.0,30.0,0.0,0.0,0.0,0.0
561,28.2337184,0.0,0.0,30.0,0.0,0.0,0.0,0.0
562,28.2371006,0.0,0.0,30.0,0.0,0.0,0.0,0.0
563,28.2407613,0.0,0.0,30.0,0.0,0.0,0.0,0.0
564,28.2447232,0.0,0.0,30.0,0.0,0.0,0.0,0.0
565,28.2490112,0.0,0.0,30.0,0.0,0.0,0.0,0.0
566,28.2536518,0.0,0.0,30.0,0.0,0.0,0.0,0.0
567,28.258674,0.0,0.0,30.0,0.0,0.0,0.0,0.0
568,28.264109,0.0,0.0,30.0,0.0,0.0,0.0,0.0
569,28.2699907,0.0,0.0,30.0,0.0,0.0,0.0,0.0
570,28.2763557,0.0,0.0,30.0,0.0,0.0,0.0,0.0
571,28.2832437,0.0,0.0,30.0,0.0,0.0,0.0,0.0
572,28.2906975,0.0,0.0,30.0,0.0,0.0,0.0,0.0
573,28.2987636,0.0,0.0,30.0,0.0,0.0,0.0,0.0
574,28.3074921,0.0,0.0,30.0,0.0,0.0,0.0,0.0
575,28.3169375,0.0,0.0,30.0,0.0,0.0,0.0,0.0
576,28.3271586,0.0,0.0,30.0,0.0,0.0,0.0,0.0
577,28.338219,0.0,0.0,30.0,0.0,0.0,0.0,0.0
578,28.3501875,0.0,0.0,30.0,0.0,0.0,0.0,0.0
579,28.3631388,0.0,0.0,30.0,0.0,0.0,0.0,0.0
580,28.3771535,0.0,0.0,30.0,0.0,0.0,0.0,0.0
581,28.3923188,0.0,0.0,30.0,0.0,0.0,0.0,0.0
582,28.4087291,0.0,0.0,30.0,0.0,0.0,0.0,0.0
583,28.4264868,0.0,0.0,30.0,0.0,0.0,0.0,0.0
584,28.4457023,0.0,0.0,30.0,0.0,0.0,0.0,0.0
585,28.4664952,0.0,0.0,30.0,0.0,0.0,0.0,0.0
586,28.4889951,0.0,0.0,30.0,0.0,0.0,0.0,0.0
587,28.5133424,0.0,0.0,30.0,0.0,0.0,0.0,0.0
588,28.5396886,0.0,0.0,30.0,0.0,0.0,0.0,0.0
589,28.5681959,0.0,0.0,30.0,0.0,0.0,0.0,0.0
590,28.5990429,0.0,0.0,30.0,0.0,0.0,0.0,0.0
591,28.6324302,0.0,0.0,30.0,0.0,0.0,0.0,0.0
592,28.6685606,0.0,0.0,30.0,0.0,0.0,0.0,0.0
593,28.7076164,0.0,0.0,30.0,0.0,0.0,0.0,0.0
594,28.7498709,0.0,0.0,30.0,0.0,0.0,0.0,0.0
595,28.795796,0.0,0.0,30.0,0.0,0.0,0.0,0.0
596,28.8455057,0.0,0.0,30.0,0.0,0.0,0.0,0.0
597,28.8982927,0.0,0.0,30.0,0.0,0.0,0.0,0.0
598,28.9554461,0.0,0.0,30.0,0.0,0.0,0.0,0.0
599,29.0222671,0.0,0.0,30.0,0.0,0.0,0.0,0.0
600,29.0938806,0.0,0.0,30.0,0.0,0.0,0.0,0.0
601,29.1467496,0.0,0.0,30.0,0.0,0.0,0.0,0.0
602,29.2100097,0.0,0.0,30.0,0.0,0.0,0.0,0.0
603,29.4000261,0.0,0.0,30.0,0.0,0.0,0.0,0.0
604,29.5627626,0.0,0.0,30.0,0.0,0.0,0.0,0.0
605,29.1382378,0.0,0.0,30.0,0.0,0.0,0.0,0.0
606,29.0148373,0.0,0.0,30.0,0.0,0.0,0.0,0.0
607,29.9065185,0.0,0.0,30.0,0.0,0.0,0.0,0.0
608,30.0,0.0,0.0,30.0,0.0,0.0,0.0,0.0
609,30.0,0.0,0.0,30.0,0.0,0.0,0.0,0.0
610,23.8911054,0.0,0.0,30.0,0.0,0.0,0.0,0.0
611,23.6889149,0.0,0.0,30.0,0.0,0.0,0.0,0.0
612,0.0,0.0,0.0,0.0,0.0,0.0,0.0,0.0
613,30.0,0.0,0.0,4.21859505,0.0,0.0,0.0,0.0
614,30.0,0.0,0.0,6.18726477,0.0,0.0,0.0,0.0
615,0.0,0.0,0.0,16.7900556,0.0,0.0,0.0,0.0
616,0.0,0.0,0.0,21.9789414,0.0,0.0,0.0,0.0
617,0.0,0.0,0.0,23.4345668,0.0,0.0,0.0,0.0
618,0.0,0.0,0.0,23.9140565,0.0,0.0,0.0,0.0
619,0.0,0.0,0.0,24.8020415,0.0,0.0,0.0,0.0
620,0.0,0.0,0.0,25.6386006,0.0,0.0,0.0,0.0
621,0.0,0.0,0.0,26.2319011,0.0,0.0,0.0,0.0
622,0.0,0.0,0.0,26.6672088,0.0,0.0,0.0,0.0
623,0.0,0.0,0.0,26.9789123,0.0,0.0,0.0,0.0
624,0.0,0.0,0.0,27.1577817,0.0,0.0,0.0,0.0
625,0.0,0.0,0.0,27.2016445,0.0,0.0,0.0,0.0
626,0.0,0.0,0.0,27.11303,0.0,0.0,0.0,0.0
627,0.0,0.0,0.0,26.8919937,0.0,0.0,0.0,0.0
628,0.0,0.0,0.0,26.5361614,0.0,0.0,0.0,0.0
629,0.0,0.0,0.0,26.0379339,0.0,0.0,0.0,0.0
630,0.0,0.0,0.0,25.3883823,0.0,0.0,0.0,0.0
631,0.0,0.0,0.0,24.6018378,0.0,0.0,0.0,0.0
632,0.0,0.0,0.0,23.6854333,0.0,0.0,0.0,0.0
633,0.0,0.0,0.0,22.4841006,0.0,0.0,0.0,0.0
634,0.0,0.0,0.0,20.9023724,0.0,0.0,0.0,0.0
635,0.0,0.0,0.0,19.8649141,0.0,0.0,0.0,0.0
636,0.0,0.0,0.0,19.7244474,0.0,0.0,0.0,0.0
637,0.0,0.0,0.0,14.3398563,0.0,0.0,0.0,0.0
638,0.0,0.0,0.0,2.43748084,0.0,0.0,0.0,0.0
639,0.0,0.0,0.0,3.65831342,0.0,0.0,0.0,0.0
640,30.0,0.0,0.0,30.0,0.0,0.0,0.0,0.0
641,30.0,0.0,0.0,30.0,0.0,0.0,0.0,0.0
642,30.0,0.0,0.0,30.0,0.0,0.0,0.0,0.0
643,30.0,0.0,0.0,30.0,0.0,0.0,0.0,0.0
644,30.0,0.0,0.0,30.0,0.0,0.0,0.0,0.0
645,30.0,0.0,0.0,30.0,0.0,0.0,0.0,0.0
646,30.0,0.0,0.0,30.0,0.0,0.0,0.0,0.0
647,17.4433495,0.0,0.0,30.0,0.0,0.0,0.0,0.0
648,14.0733843,0.0,0.0,30.0,0.0,0.0,0.0,0.0
649,19.6867302,0.0,0.0,30.0,0.0,0.0,0.0,0.0
650,22.6703844,0.0,0.0,30.0,0.0,0.0,0.0,0.0
651,20.6659028,0.0,0.0,30.0,0.0,0.0,0.0,0.0
652,20.2527425,0.0,0.0,30.0,0.0,0.0,0.0,0.0
653,22.9412901,0.0,0.0,30.0,0.0,0.0,0.0,0.0
654,27.0508486,0.0,0.0,30.0,0.0,0.0,0.0,0.0
655,30.0,0.0,0.0,30.0,0.0,0.0,0.0,0.0
656,30.0,0.0,0.0,30.0,0.0,0.0,0.0,0.0
657,30.0,0.0,0.0,30.0,0.0,0.0,0.0,0.0
658,30.0,0.0,0.0,30.0,0.0,0.0,0.0,0.0
659,30.0,0.0,0.0,30.0,0.0,0.0,0.0,0.0
660,28.3494156,0.0,0.0,30.0,0.0,0.0,0.0,0.0
661,28.1294247,0.0,0.0,30.0,0.0,0.0,0.0,0.0
662,28.3890127,0.0,0.0,30.0,0.0,0.0,0.0,0.0
663,28.0294322,0.0,0.0,30.0,0.0,0.0,0.0,0.0
664,28.0096179,0.0,0.0,30.0,0.0,0.0,0.0,0.0
665,28.0932507,0.0,0.0,30.0,0.0,0.0,0.0,0.0
666,28.1057736,0.0,0.0,30.0,0.0,0.0,0.0,0.0
667,28.0981793,0.0,0.0,30.0,0.0,0.0,0.0,0.0
668,28.1046207,0.0,0.0,30.0,0.0,0.0,0.0,0.0
669,28.1141478,0.0,0.0,30.0,0.0,0.0,0.0,0.0
670,28.1201638,0.0,0.0,30.0,0.0,0.0,0.0,0.0
671,28.1250631,0.0,0.0,30.0,0.0,0.0,0.0,0.0
672,28.1301667,0.0,0.0,30.0,0.0,0.0,0.0,0.0
673,28.1350041,0.0,0.0,30.0,0.0,0.0,0.0,0.0
674,28.139356,0.0,0.0,30.0,0.0,0.0,0.0,0.0
675,28.143356,0.0,0.0,30.0,0.0,0.0,0.0,0.0
676,28.1470771,0.0,0.0,30.0,0.0,0.0,0.0,0.0
677,28.15052,0.0,0.0,30.0,0.0,0.0,0.0,0.0
678,28.1536968,0.0,0.0,30.0,0.0,0.0,0.0,0.0
679,28.1566321,0.0,0.0,30.0,0.0,0.0,0.0,0.0
680,28.1593459,0.0,0.0,30.0,0.0,0.0,0.0,0.0
681,28.1618541,0.0,0.0,30.0,0.0,0.0,0.0,0.0
682,28.1641721,0.0,0.0,30.0,0.0,0.0,0.0,0.0
683,28.1663144,0.0,0.0,30.0,0.0,0.0,0.0,0.0
684,28.1682945,0.0,0.0,30.0,0.0,0.0,0.0,0.0
685,28.1701246,0.0,0.0,30.0,0.0,0.0,0.0,0.0
686,28.1718161,0.0,0.0,30.0,0.0,0.0,0.0,0.0
687,28.1733796,0.0,0.0,30.0,0.0,0.0,0.0,0.0
688,28.1748248,0.0,0.0,30.0,0.0,0.0,0.0,0.0
689,28.1761606,0.0,0.0,30.0,0.0,0.0,0.0,0.0
690,28.1773955,0.0,0.0,30.0,0.0,0.0,0.0,0.0
691,28.1785372,0.0,0.0,30.0,0.0,0.0,0.0,0.0
692,28.1795926,0.0,0.0,30.0,0.0,0.0,0.0,0.0
693,28.1805684,0.0,0.0,30.0,0.0,0.0,0.0,0.0
694,28.1814706,0.0,0.0,30.0,0.0,0.0,0.0,0.0
695,28.182305,0.0,0.0,30.0,0.0,0.0,0.0,0.0
696,28.1830766,0.0,0.0,30.0,0.0,0.0,0.0,0.0
697,28.1837903,0.0,0.0,30.0,0.0,0.0,0.0,0.0
698,28.1844505,0.0,0.0,30.0,0.0,0.0,0.0,0.0
699,28.1850613,0.0,0.0,30.0,0.0,0.0,0.0,0.0
700,28.1856266,0.0,0.0,30.0,0.0,0.0,0.0,0.0
701,28.1861498,0.0,0.0,30.0,0.0,0.0,0.0,0.0
702,28.1866343,0.0,0.0,30.0,0.0,0.0,0.0,0.0
703,28.1870829,0.0,0.0,30.0,0.0,0.0,0.0,0.0
704,28.1874986,0.0,0.0,30.0,0.0,0.0,0.0,0.0
705,28.1878839,0.0,0.0,30.0,0.0,0.0,0.0,0.0
706,28.1882412,0.0,0.0,30.0,0.0,0.0,0.0,0.0
707,28.1885728,0.0,0.0,30.0,0.0,0.0,0.0,0.0
708,28.1888806,0.0,0.0,30.0,0.0,0.0,0.0,0.0
709,28.1891666,0.0,0.0,30.0,0.0,0.0,0.0,0.0
710,28.1894327,0.0,0.0,30.0,0.0,0.0,0.0,0.0
711,28.1896803,0.0,0.0,30.0,0.0,0.0,0.0,0.0
712,28.1899112,0.0,0.0,30.0,0.0,0.0,0.0,0.0
713,28.1901267,0.0,0.0,30.0,0.0,0.0,0.0,0.0
714,28.1903282,0.0,0.0,30.0,0.0,0.0,0.0,0.0
715,28.1905169,0.0,0.0,30.0,0.0,0.0,0.0,0.0
716,28.190694,0.0,0.0,30.0,0.0,0.0,0.0,0.0
717,28.1908605,0.0,0.0,30.0,0.0,0.0,0.0,0.0
718,28.1910177,0.0,0.0,30.0,0.0,0.0,0.0,0.0
719,28.1911663,0.0,0.0,30.0,0.0,0.0,0.0,0.0
720,28.1913074,0.0,0.0,30.0,0.0,0.0,0.0,0.0
721,28.1914418,0.0,0.0,30.0,0.0,0.0,0.0,0.0
722,28.1915703,0.0,0.0,30.0,0.0,0.0,0.0,0.0
723,28.1916938,0.0,0.0,30.0,0.0,0.0,0.0,0.0
724,28.1918131,0.0,0.0,30.0,0.0,0.0,0.0,0.0
725,28.1919288,0.0,0.0,30.0,0.0,0.0,0.0,0.0
726,28.1920417,0.0,0.0,30.0,0.0,0.0,0.0,0.0
727,28.1921524,0.0,0.0,30.0,0.0,0.0,0.0,0.0
728,28.1922618,0.0,0.0,30.0,0.0,0.0,0.0,0.0
729,28.1923704,0.0,0.0,30.0,0.0,0.0,0.0,0.0
730,28.192479,0.0,0.0,30.0,0.0,0.0,0.0,0.0
731,28.1925881,0.0,0.0,30.0,0.0,0.0,0.0,0.0
732,28.1926986,0.0,0.0,30.0,0.0,0.0,0.0,0.0
733,28.192811,0.0,0.0,30.0,0.0,0.0,0.0,0.0
734,28.1929261,0.0,0.0,30.0,0.0,0.0,0.0,0.0
735,28.1930446,0.0,0.0,30.0,0.0,0.0,0.0,0.0
736,28.1931673,0.0,0.0,30.0,0.0,0.0,0.0,0.0
737,28.1932948,0.0,0.0,30.0,0.0,0.0,0.0,0.0
738,28.193428,0.0,0.0,30.0,0.0,0.0,0.0,0.0
739,28.1935678,0.0,0.0,30.0,0.0,0.0,0.0,0.0
740,28.1937149,0.0,0.0,30.0,0.0,0.0,0.0,0.0
741,28.1938703,0.0,0.0,30.0,0.0,0.0,0.0,0.0
742,28.1940351,0.0,0.0,30.0,0.0,0.0,0.0,0.0
743,28.1942101,0.0,0.0,30.0,0.0,0.0,0.0,0.0
744,28.1943965,0.0,0.0,30.0,0.0,0.0,0.0,0.0
745,28.1945955,0.0,0.0,30.0,0.0,0.0,0.0,0.0
746,28.1948082,0.0,0.0,30.0,0.0,0.0,0.0,0.0
747,28.1950361,0.0,0.0,30.0,0.0,0.0,0.0,0.0
748,28.1952805,0.0,0.0,30.0,0.0,0.0,0.0,0.0
749,28.1955429,0.0,0.0,30.0,0.0,0.0,0.0,0.0
750,28.1958251,0.0,0.0,30.0,0.0,0.0,0.0,0.0
751,28.1961287,0.0,0.0,30.0,0.0,0.0,0.0,0.0
752,28.1964556,0.0,0.0,30.0,0.0,0.0,0.0,0.0
753,28.1968079,0.0,0.0,30.0,0.0,0.0,0.0,0.0
754,28.1971878,0.0,0.0,30.0,0.0,0.0,0.0,0.0
755,28.1975976,0.0,0.0,30.0,0.0,0.0,0.0,0.0
756,28.1980399,0.0,0.0,30.0,0.0,0.0,0.0,0.0
757,28.1985175,0.0,0.0,30.0,0.0,0.0,0.0,0.0
758,28.1990332,0.0,0.0,30.0,0.0,0.0,0.0,0.0
759,28.1995904,0.0,0.0,30.0,0.0,0.0,0.0,0.0
760,28.2001925,0.0,0.0,30.0,0.0,0.0,0.0,0.0
761,28.2008432,0.0,0.0,30.0,0.0,0.0,0.0,0.0
762,28.2015466,0.0,0.0,30.0,0.0,0.0,0.0,0.0
763,28.2023072,0.0,0.0,30.0,0.0,0.0,0.0,0.0
764,28.2031295,0.0,0.0,30.0,0.0,0.0,0.0,0.0
765,28.2040188,0.0,0.0,30.0,0.0,0.0,0.0,0.0
766,28.2049805,0.0,0.0,30.0,0.0,0.0,0.0,0.0
767,28.2060207,0.0,0.0,30.0,0.0,0.0,0.0,0.0
768,28.2071459,0.0,0.0,30.0,0.0,0.0,0.0,0.0
769,28.208363,0.0,0.0,30.0,0.0,0.0,0.0,0.0
770,28.2096796,0.0,0.0,30.0,0.0,0.0,0.0,0.0
771,28.211104,0.0,0.0,30.0,0.0,0.0,0.0,0.0
772,28.212645,0.0,0.0,30.0,0.0,0.0,0.0,0.0
773,28.2143121,0.0,0.0,30.0,0.0,0.0,0.0,0.0
774,28.2161159,0.0,0.0,30.0,0.0,0.0,0.0,0.0
775,28.2180675,0.0,0.0,30.0,0.0,0.0,0.0,0.0
776,28.220179,0.0,0.0,30.0,0.0,0.0,0.0,0.0
777,28.2224636,0.0,0.0,30.0,0.0,0.0,0.0,0.0
778,28.2249356,0.0,0.0,30.0,0.0,0.0,0.0,0.0
779,28.2276103,0.0,0.0,30.0,0.0,0.0,0.0,0.0
780,28.2305045,0.0,0.0,30.0,0.0,0.0,0.0,0.0
781,28.233636,0.0,0.0,30.0,0.0,0.0,0.0,0.0
782,28.2370244,0.0,0.0,30.0,0.0,0.0,0.0,0.0
783,28.2406909,0.0,0.0,30.0,0.0,0.0,0.0,0.0
784,28.2446583,0.0,0.0,30.0,0.0,0.0,0.0,0.0
785,28.2489511,0.0,0.0,30.0,0.0,0.0,0.0,0.0
786,28.2535963,0.0,0.0,30.0,0.0,0.0,0.0,0.0
787,28.2586227,0.0,0.0,30.0,0.0,0.0,0.0,0.0
788,28.2640616,0.0,0.0,30.0,0.0,0.0,0.0,0.0
789,28.2699469,0.0,0.0,30.0,0.0,0.0,0.0,0.0
790,28.2763153,0.0,0.0,30.0,0.0,0.0,0.0,0.0
791,28.2832063,0.0,0.0,30.0,0.0,0.0,0.0,0.0
792,28.290663,0.0,0.0,30.0,0.0,0.0,0.0,0.0
793,28.2987317,0.0,0.0,30.0,0.0,0.0,0.0,0.0
794,28.3074627,0.0,0.0,30.0,0.0,0.0,0.0,0.0
795,28.3169103,0.0,0.0,30.0,0.0,0.0,0.0,0.0
796,28.3271334,0.0,0.0,30.0,0.0,0.0,0.0,0.0
797,28.3381957,0.0,0.0,30.0,0.0,0.0,0.0,0.0
798,28.3501661,0.0,0.0,30.0,0.0,0.0,0.0,0.0
799,28.363119,0.0,0.0,30.0,0.0,0.0,0.0,0.0
800,28.3771351,0.0,0.0,30.0,0.0,0.0,0.0,0.0
801,28.3923018,0.0,0.0,30.0,0.0,0.0,0.0,0.0
802,28.4087135,0.0,0.0,30.0,0.0,0.0,0.0,0.0
803,28.4264723,0.0,0.0,30.0,0.0,0.0,0.0,0.0
804,28.4456889,0.0,0.0,30.0,0.0,0.0,0.0,0.0
805,28.4664829,0.0,0.0,30.0,0.0,0.0,0.0,0.0
806,28.4889837,0.0,0.0,30.0,0.0,0.0,0.0,0.0
807,28.5133319,0.0,0.0,30.0,0.0,0.0,0.0,0.0
808,28.5396789,0.0,0.0,30.0,0.0,0.0,0.0,0.0
809,28.568187,0.0,0.0,30.0,0.0,0.0,0.0,0.0
810,28.5990346,0.0,0.0,30.0,0.0,0.0,0.0,0.0
811,28.6324226,0.0,0.0,30.0,0.0,0.0,0.0,0.0
812,28.6685535,0.0,0.0,30.0,0.0,0.0,0.0,0.0
813,28.7076099,0.0,0.0,30.0,0.0,0.0,0.0,0.0
814,28.749865,0.0,0.0,30.0,0.0,0.0,0.0,0.0
815,28.7957905,0.0,0.0,30.0,0.0,0.0,0.0,0.0
816,28.8455007,0.0,0.0,30.0,0.0,0.0,0.0,0.0
817,28.8982881,0.0,0.0,30.0,0.0,0.0,0.0,0.0
818,28.9554418,0.0,0.0,30.0,0.0,0.0,0.0,0.0
819,29.0222632,0.0,0.0,30.0,0.0,0.0,0.0,0.0
820,29.0938771,0.0,0.0,30.0,0.0,0.0,0.0,0.0
821,29.1467463,0.0,0.0,30.0,0.0,0.0,0.0,0.0
822,29.2100067,0.0,0.0,30.0,0.0,0.0,0.0,0.0
823,29.4000234,0.0,0.0,30.0,0.0,0.0,0.0,0.0
824,29.5627602,0.0,0.0,30.0,0.0,0.0,0.0,0.0
825,29.1382358,0.0,0.0,30.0,0.0,0.0,0.0,0.0
826,29.0148351,0.0,0.0,30.0,0.0,0.0,0.0,0.0
827,29.9065164,0.0,0.0,30.0,0.0,0.0,0.0,0.0
828,30.0,0.0,0.0,30.0,0.0,0.0,0.0,0.0
829,30.0,0.0,0.0,30.0,0.0,0.0,0.0,0.0
830,23.8910987,0.0,0.0,30.0,0.0,0.0,0.0,0.0
831,23.6889103,0.0,0.0,30.0,0.0,0.0,0.0,0.0
832,0.0,0.0,0.0,0.0,0.0,0.0,0.0,0.0
833,30.0,0.0,0.0,4.91746217,0.0,0.0,0.0,0.0
834,30.0,0.0,0.0,7.02734753,0.0,0.0,0.0,0.0
835,0.0,0.0,0.0,17.7123086,0.0,0.0,0.0,0.0
836,0.0,0.0,0.0,23.2690326,0.0,0.0,0.0,0.0
837,0.0,0.0,0.0,24.9543813,0.0,0.0,0.0,0.0
838,0.0,0.0,0.0,25.6476614,0.0,0.0,0.0,0.0
839,0.0,0.0,0.0,26.7895881,0.0,0.0,0.0,0.0
840,0.0,0.0,0.0,27.8833453,0.0,0.0,0.0,0.0
841,0.0,0.0,0.0,28.7946574,0.0,0.0,0.0,0.0
842,0.0,0.0,0.0,29.5475471,0.0,0.0,0.0,0.0
843,0.245962814,0.0,0.0,30.0,0.0,0.0,0.0,0.0
844,1.82204195,0.0,0.0,30.0,0.0,0.0,0.0,0.0
845,3.26785546,0.0,0.0,30.0,0.0,0.0,0.0,0.0
846,4.42209102,0.0,0.0,30.0,0.0,0.0,0.0,0.0
847,5.48665639,0.0,0.0,30.0,0.0,0.0,0.0,0.0
848,6.43194524,0.0,0.0,30.0,0.0,0.0,0.0,0.0
849,7.22820961,0.0,0.0,30.0,0.0,0.0,0.0,0.0
850,7.90083332,0.0,0.0,30.0,0.0,0.0,0.0,0.0
851,8.45522311,0.0,0.0,30.0,0.0,0.0,0.0,0.0
852,8.82961504,0.0,0.0,30.0,0.0,0.0,0.0,0.0
853,9.06139976,0.0,0.0,30.0,0.0,0.0,0.0,0.0
854,9.46393162,0.0,0.0,30.0,0.0,0.0,0.0,0.0
855,9.82589935,0.0,0.0,30.0,0.0,0.0,0.0,0.0
856,8.62599752,0.0,0.0,30.0,0.0,0.0,0.0,0.0
857,7.07988632,0.0,0.0,30.0,0.0,0.0,0.0,0.0
858,12.6433407,0.0,0.0,30.0,0.0,0.0,0.0,0.0
859,17.3894464,0.0,0.0,30.0,0.0,0.0,0.0,0.0
860,20.6362496,0.0,0.0,30.0,0.0,0.0,0.0,0.0
861,24.5489436,0.0,0.0,30.0,0.0,0.0,0.0,0.0
862,26.6128704,0.0,0.0,30.0,0.0,0.0,0.0,0.0
863,27.639306,0.0,0.0,30.0,0.0,0.0,0.0,0.0
864,27.4421145,0.0,0.0,30.0,0.0,0.0,0.0,0.0
865,28.4155962,0.0,0.0,30.0,0.0,0.0,0.0,0.0
866,29.0979471,0.0,0.0,30.0,0.0,0.0,0.0,0.0
867,30.0,0.0,0.0,30.0,0.0,0.0,0.0,0.0
868,30.0,0.0,0.0,30.0,0.0,0.0,0.0,0.0
869,30.0,0.0,0.0,30.0,0.0,0.0,0.0,0.0
870,30.0,0.0,0.0,30.0,0.0,0.0,0.0,0.0
871,30.0,0.0,0.0,30.0,0.0,0.0,0.0,0.0
872,30.0,0.0,0.0,30.0,0.0,0.0,0.0,0.0
873,30.0,0.0,0.0,30.0,0.0,0.0,0.0,0.0
874,30.0,0.0,0.0,30.0,0.0,0.0,0.0,0.0
875,30.0,0.0,0.0,30.0,0.0,0.0,0.0,0.0
876,30.0,0.0,0.0,30.0,0.0,0.0,0.0,0.0
877,30.0,0.0,0.0,30.0,0.0,0.0,0.0,0.0
878,30.0,0.0,0.0,30.0,0.0,0.0,0.0,0.0
879,30.0,0.0,0.0,30.0,0.0,0.0,0.0,0.0
880,29.2993319,0.0,0.0,30.0,0.0,0.0,0.0,0.0
881,29.2606855,0.0,0.0,30.0,0.0,0.0,0.0,0.0
882,29.3141329,0.0,0.0,30.0,0.0,0.0,0.0,0.0
883,29.0519569,0.0,0.0,30.0,0.0,0.0,0.0,0.0
884,28.9685482,0.0,0.0,30.0,0.0,0.0,0.0,0.0
885,28.9455798,0.0,0.0,30.0,0.0,0.0,0.0,0.0
886,28.8913479,0.0,0.0,30.0,0.0,0.0,0.0,0.0
887,28.8310276,0.0,0.0,30.0,0.0,0.0,0.0,0.0
888,28.7821517,0.0,0.0,30.0,0.0,0.0,0.0,0.0
889,28.7388925,0.0,0.0,30.0,0.0,0.0,0.0,0.0
890,28.6974901,0.0,0.0,30.0,0.0,0.0,0.0,0.0
891,28.6588745,0.0,0.0,30.0,0.0,0.0,0.0,0.0
892,28.6234829,0.0,0.0,30.0,0.0,0.0,0.0,0.0
893,28.5908413,0.0,0.0,30.0,0.0,0.0,0.0,0.0
894,28.5606151,0.0,0.0,30.0,0.0,0.0,0.0,0.0
895,28.5326702,0.0,0.0,30.0,0.0,0.0,0.0,0.0
896,28.5068578,0.0,0.0,30.0,0.0,0.0,0.0,0.0
897,28.4830057,0.0,0.0,30.0,0.0,0.0,0.0,0.0
898,28.4609606,0.0,0.0,30.0,0.0,0.0,0.0,0.0
899,28.4405876,0.0,0.0,30.0,0.0,0.0,0.0,0.0
900,28.4217608,0.0,0.0,30.0,0.0,0.0,0.0,0.0
901,28.4043624,0.0,0.0,30.0,0.0,0.0,0.0,0.0
902,28.3882839,0.0,0.0,30.0,0.0,0.0,0.0,0.0
903,28.3734253,0.0,0.0,30.0,0.0,0.0,0.0,0.0
904,28.3596942,0.0,0.0,30.0,0.0,0.0,0.0,0.0
905,28.3470048,0.0,0.0,30.0,0.0,0.0,0.0,0.0
906,28.3352784,0.0,0.0,30.0,0.0,0.0,0.0,0.0
907,28.3244418,0.0,0.0,30.0,0.0,0.0,0.0,0.0
908,28.3144275,0.0,0.0,30.0,0.0,0.0,0.0,0.0
909,28.3051733,0.0,0.0,30.0,0.0,0.0,0.0,0.0
910,28.2966214,0.0,0.0,30.0,0.0,0.0,0.0,0.0
911,28.2887186,0.0,0.0,30.0,0.0,0.0,0.0,0.0
912,28.2814158,0.0,0.0,30.0,0.0,0.0,0.0,0.0
913,28.2746673,0.0,0.0,30.0,0.0,0.0,0.0,0.0
914,28.2684313,0.0,0.0,30.0,0.0,0.0,0.0,0.0
915,28.2626689,0.0,0.0,30.0,0.0,0.0,0.0,0.0
916,28.2573442,0.0,0.0,30.0,0.0,0.0,0.0,0.0
917,28.252424,0.0,0.0,30.0,0.0,0.0,0.0,0.0
918,28.2478777,0.0,0.0,30.0,0.0,0.0,0.0,0.0
919,28.243677,0.0,0.0,30.0,0.0,0.0,0.0,0.0
920,28.2397957,0.0,0.0,30.0,0.0,0.0,0.0,0.0
921,28.2362097,0.0,0.0,30.0,0.0,0.0,0.0,0.0
922,28.2328967,0.0,0.0,30.0,0.0,0.0,0.0,0.0
923,28.2298359,0.0,0.0,30.0,0.0,0.0,0.0,0.0
924,28.2270084,0.0,0.0,30.0,0.0,0.0,0.0,0.0
925,28.2243965,0.0,0.0,30.0,0.0,0.0,0.0,0.0
926,28.221984,0.0,0.0,30.0,0.0,0.0,0.0,0.0
927,28.2197558,0.0,0.0,30.0,0.0,0.0,0.0,0.0
928,28.2176981,0.0,0.0,30.0,0.0,0.0,0.0,0.0
929,28.215798,0.0,0.0,30.0,0.0,0.0,0.0,0.0
930,28.2140438,0.0,0.0,30.0,0.0,0.0,0.0,0.0
931,28.2124245,0.0,0.0,30.0,0.0,0.0,0.0,0.0
932,28.21093,0.0,0.0,30.0,0.0,0.0,0.0,0.0
933,28.209551,0.0,0.0,30.0,0.0,0.0,0.0,0.0
934,28.208279,0.0,0.0,30.0,0.0,0.0,0.0,0.0
935,28.2071059,0.0,0.0,30.0,0.0,0.0,0.0,0.0
936,28.2060246,0.0,0.0,30.0,0.0,0.0,0.0,0.0
937,28.2050282,0.0,0.0,30.0,0.0,0.0,0.0,0.0
938,28.2041106,0.0,0.0,30.0,0.0,0.0,0.0,0.0
939,28.203266,0.0,0.0,30.0,0.0,0.0,0.0,0.0
940,28.2024892,0.0,0.0,30.0,0.0,0.0,0.0,0.0
941,28.2017753,0.0,0.0,30.0,0.0,0.0,0.0,0.0
942,28.20112,0.0,0.0,30.0,0.0,0.0,0.0,0.0
943,28.200519,0.0,0.0,30.0,0.0,0.0,0.0,0.0
944,28.1999688,0.0,0.0,30.0,0.0,0.0,0.0,0.0
945,28.1994658,0.0,0.0,30.0,0.0,0.0,0.0,0.0
946,28.1990069,0.0,0.0,30.0,0.0,0.0,0.0,0.0
947,28.1985893,0.0,0.0,30.0,0.0,0.0,0.0,0.0
948,28.1982104,0.0,0.0,30.0,0.0,0.0,0.0,0.0
949,28.1978677,0.0,0.0,30.0,0.0,0.0,0.0,0.0
950,28.1975592,0.0,0.0,30.0,0.0,0.0,0.0,0.0
951,28.197283,0.0,0.0,30.0,0.0,0.0,0.0,0.0
952,28.1970373,0.0,0.0,30.0,0.0,0.0,0.0,0.0
953,28.1968206,0.0,0.0,30.0,0.0,0.0,0.0,0.0
954,28.1966315,0.0,0.0,30.0,0.0,0.0,0.0,0.0
955,28.1964689,0.0,0.0,30.0,0.0,0.0,0.0,0.0
956,28.1963318,0.0,0.0,30.0,0.0,0.0,0.0,0.0
957,28.1962193,0.0,0.0,30.0,0.0,0.0,0.0,0.0
958,28.1961306,0.0,0.0,30.0,0.0,0.0,0.0,0.0
959,28.1960653,0.0,0.0,30.0,0.0,0.0,0.0,0.0
960,28.196023,0.0,0.0,30.0,0.0,0.0,0.0,0.0
961,28.1960033,0.0,0.0,30.0,0.0,0.0,0.0,0.0
962,28.1960062,0.0,0.0,30.0,0.0,0.0,0.0,0.0
963,28.1960317,0.0,0.0,30.0,0.0,0.0,0.0,0.0
964,28.1960799,0.0,0.0,30.0,0.0,0.0,0.0,0.0
965,28.1961512,0.0,0.0,30.0,0.0,0.0,0.0,0.0
966,28.1962459,0.0,0.0,30.0,0.0,0.0,0.0,0.0
967,28.1963647,0.0,0.0,30.0,0.0,0.0,0.0,0.0
968,28.1965083,0.0,0.0,30.0,0.0,0.0,0.0,0.0
969,28.1966776,0.0,0.0,30.0,0.0,0.0,0.0,0.0
970,28.1968737,0.0,0.0,30.0,0.0,0.0,0.0,0.0
971,28.1970977,0.0,0.0,30.0,0.0,0.0,0.0,0.0
972,28.1973511,0.0,0.0,30.0,0.0,0.0,0.0,0.0
973,28.1976355,0.0,0.0,30.0,0.0,0.0,0.0,0.0
974,28.1979526,0.0,0.0,30.0,0.0,0.0,0.0,0.0
975,28.1983044,0.0,0.0,30.0,0.0,0.0,0.0,0.0
976,28.1986931,0.0,0.0,30.0,0.0,0.0,0.0,0.0
977,28.199121,0.0,0.0,30.0,0.0,0.0,0.0,0.0
978,28.199591,0.0,0.0,30.0,0.0,0.0,0.0,0.0
979,28.2001059,0.0,0.0,30.0,0.0,0.0,0.0,0.0
980,28.2006688,0.0,0.0,30.0,0.0,0.0,0.0,0.0
981,28.2012834,0.0,0.0,30.0,0.0,0.0,0.0,0.0
982,28.2019535,0.0,0.0,30.0,0.0,0.0,0.0,0.0
983,28.2026831,0.0,0.0,30.0,0.0,0.0,0.0,0.0
984,28.2034769,0.0,0.0,30.0,0.0,0.0,0.0,0.0
985,28.2043398,0.0,0.0,30.0,0.0,0.0,0.0,0.0
986,28.2052772,0.0,0.0,30.0,0.0,0.0,0.0,0.0
987,28.2062949,0.0,0.0,30.0,0.0,0.0,0.0,0.0
988,28.2073993,0.0,0.0,30.0,0.0,0.0,0.0,0.0
989,28.2085971,0.0,0.0,30.0,0.0,0.0,0.0,0.0
990,28.209896,0.0,0.0,30.0,0.0,0.0,0.0,0.0
991,28.211304,0.0,0.0,30.0,0.0,0.0,0.0,0.0
992,28.2128298,0.0,0.0,30.0,0.0,0.0,0.0,0.0
993,28.2144829,0.0,0.0,30.0,0.0,0.0,0.0,0.0
994,28.2162737,0.0,0.0,30.0,0.0,0.0,0.0,0.0
995,28.2182133,0.0,0.0,30.0,0.0,0.0,0.0,0.0
996,28.2203137,0.0,0.0,30.0,0.0,0.0,0.0,0.0
997,28.2225882,0.0,0.0,30.0,0.0,0.0,0.0,0.0
998,28.2250507,0.0,0.0,30.0,0.0,0.0,0.0,0.0
999,28.2277167,0.0,0.0,30.0,0.0,0.0,0.0,0.0
1000,28.2306027,0.0,0.0,30.0,0.0,0.0,0.0,0.0
1001,28.2337268,0.0,0.0,30.0,0.0,0.0,0.0,0.0
1002,28.2371084,0.0,0.0,30.0,0.0,0.0,0.0,0.0
1003,28.2407685,0.0,0.0,30.0,0.0,0.0,0.0,0.0
1004,28.2447299,0.0,0.0,30.0,0.0,0.0,0.0,0.0
1005,28.2490174,0.0,0.0,30.0,0.0,0.0,0.0,0.0
1006,28.2536575,0.0,0.0,30.0,0.0,0.0,0.0,0.0
1007,28.2586792,0.0,0.0,30.0,0.0,0.0,0.0,0.0
1008,28.2641139,0.0,0.0,30.0,0.0,0.0,0.0,0.0
1009,28.2699952,0.0,0.0,30.0,0.0,0.0,0.0,0.0
1010,28.2763599,0.0,0.0,30.0,0.0,0.0,0.0,0.0
1011,28.2832475,0.0,0.0,30.0,0.0,0.0,0.0,0.0
1012,28.2907011,0.0,0.0,30.0,0.0,0.0,0.0,0.0
1013,28.2987669,0.0,0.0,30.0,0.0,0.0,0.0,0.0
1014,28.3074952,0.0,0.0,30.0,0.0,0.0,0.0,0.0
1015,28.3169403,0.0,0.0,30.0,0.0,0.0,0.0,0.0
1016,28.3271612,0.0,0.0,30.0,0.0,0.0,0.0,0.0
1017,28.3382214,0.0,0.0,30.0,0.0,0.0,0.0,0.0
1018,28.3501897,0.0,0.0,30.0,0.0,0.0,0.0,0.0
1019,28.3631409,0.0,0.0,30.0,0.0,0.0,0.0,0.0
1020,28.3771553,0.0,0.0,30.0,0.0,0.0,0.0,0.0
1021,28.3923205,0.0,0.0,30.0,0.0,0.0,0.0,0.0
1022,28.4087307,0.0,0.0,30.0,0.0,0.0,0.0,0.0
1023,28.4264882,0.0,0.0,30.0,0.0,0.0,0.0,0.0
1024,28.4457036,0.0,0.0,30.0,0.0,0.0,0.0,0.0
1025,28.4664965,0.0,0.0,30.0,0.0,0.0,0.0,0.0
1026,28.4889962,0.0,0.0,30.0,0.0,0.0,0.0,0.0
1027,28.5133435,0.0,0.0,30.0,0.0,0.0,0.0,0.0
1028,28.5396896,0.0,0.0,30.0,0.0,0.0,0.0,0.0
1029,28.5681969,0.0,0.0,30.0,0.0,0.0,0.0,0.0
1030,28.5990437,0.0,0.0,30.0,0.0,0.0,0.0,0.0
1031,28.6324309,0.0,0.0,30.0,0.0,0.0,0.0,0.0
1032,28.6685613,0.0,0.0,30.0,0.0,0.0,0.0,0.0
1033,28.707617,0.0,0.0,30.0,0.0,0.0,0.0,0.0
1034,28.7498715,0.0,0.0,30.0,0.0,0.0,0.0,0.0
1035,28.7957965,0.0,0.0,30.0,0.0,0.0,0.0,0.0
1036,28.8455062,0.0,0.0,30.0,0.0,0.0,0.0,0.0
1037,28.8982932,0.0,0.0,30.0,0.0,0.0,0.0,0.0
1038,28.9554465,0.0,0.0,30.0,0.0,0.0,0.0,0.0
1039,29.0222675,0.0,0.0,30.0,0.0,0.0,0.0,0.0
1040,29.093881,0.0,0.0,30.0,0.0,0.0,0.0,0.0
1041,29.1467499,0.0,0.0,30.0,0.0,0.0,0.0,0.0
1042,29.21001,0.0,0.0,30.0,0.0,0.0,0.0,0.0
1043,29.4000264,0.0,0.0,30.0,0.0,0.0,0.0,0.0
1044,29.5627629,0.0,0.0,30.0,0.0,0.0,0.0,0.0
1045,29.138238,0.0,0.0,30.0,0.0,0.0,0.0,0.0
1046,29.0148375,0.0,0.0,30.0,0.0,0.0,0.0,0.0
1047,29.9065188,0.0,0.0,30.0,0.0,0.0,0.0,0.0
1048,30.0,0.0,0.0,30.0,0.0,0.0,0.0,0.0
1049,30.0,0.0,0.0,30.0,0.0,0.0,0.0,0.0
1050,23.8911061,0.0,0.0,30.0,0.0,0.0,0.0,0.0
1051,23.6889154,0.0,0.0,30.0,0.0,0.0,0.0,0.0
1052,0.0,0.0,0.0,0.0,0.0,0.0,0.0,0.0
1053,30.0,0.0,0.0,4.17190152,0.0,0.0,0.0,0.0
1054,28.6297695,0.0,0.0,6.60148259,0.0,0.0,0.0,0.0
1055,0.0,0.0,0.0,16.68928,0.0,0.0,0.0,0.0
1056,0.0,0.0,0.0,21.8568074,0.0,0.0,0.0,0.0
1057,0.0,0.0,0.0,23.2967201,0.0,0.0,0.0,0.0
1058,0.0,0.0,0.0,23.7604688,0.0,0.0,0.0,0.0
1059,0.0,0.0,0.0,24.6293481,0.0,0.0,0.0,0.0
1060,0.0,0.0,0.0,25.4445645,0.0,0.0,0.0,0.0
1061,0.0,0.0,0.0,26.0144838,0.0,0.0,0.0,0.0
1062,0.0,0.0,0.0,26.4238771,0.0,0.0,0.0,0.0
1063,0.0,0.0,0.0,26.7067737,0.0,0.0,0.0,0.0
1064,0.0,0.0,0.0,26.8536249,0.0,0.0,0.0,0.0
1065,0.0,0.0,0.0,26.8618293,0.0,0.0,0.0,0.0
1066,0.0,0.0,0.0,26.7336019,0.0,0.0,0.0,0.0
1067,0.0,0.0,0.0,26.468907,0.0,0.0,0.0,0.0
1068,0.0,0.0,0.0,26.064076,0.0,0.0,0.0,0.0
1069,0.0,0.0,0.0,25.5086411,0.0,0.0,0.0,0.0
1070,0.0,0.0,0.0,24.7984215,0.0,0.0,0.0,0.0
1071,0.0,0.0,0.0,23.960887,0.0,0.0,0.0,0.0
1072,0.0,0.0,0.0,22.9653042,0.0,0.0,0.0,0.0
1073,0.0,0.0,0.0,21.5727075,0.0,0.0,0.0,0.0
1074,0.0,0.0,0.0,19.9394657,0.0,0.0,0.0,0.0
1075,0.0,0.0,0.0,19.4813227,0.0,0.0,0.0,0.0
1076,0.0,0.0,0.0,18.8378835,0.0,0.0,0.0,0.0
1077,0.0,0.0,0.0,8.98363264,0.0,0.0,0.0,0.0
1078,0.0,0.0,0.0,0.286356857,0.0,0.0,0.0,0.0
1079,0.0,0.0,0.0,4.89029842,0.0,0.0,0.0,0.0
1080,30.0,0.0,0.0,30.0,0.0,0.0,0.0,0.0
1081,30.0,0.0,0.0,30.0,0.0,0.0,0.0,0.0
1082,30.0,0.0,0.0,30.0,0.0,0.0,0.0,0.0
1083,30.0,0.0,0.0,30.0,0.0,0.0,0.0,0.0
1084,30.0,0.0,0.0,30.0,0.0,0.0,0.0,0.0
1085,30.0,0.0,0.0,30.0,0.0,0.0,0.0,0.0
1086,23.3787873,0.0,0.0,30.0,0.0,0.0,0.0,0.0
1087,17.938675,0.0,0.0,30.0,0.0,0.0,0.0,0.0
1088,14.6922641,0.0,0.0,30.0,0.0,0.0,0.0,0.0
1089,20.2529505,0.0,0.0,30.0,0.0,0.0,0.0,0.0
1090,24.4452667,0.0,0.0,30.0,0.0,0.0,0.0,0.0
1091,29.6732231,0.0,0.0,30.0,0.0,0.0,0.0,0.0
1092,30.0,0.0,0.0,30.0,0.0,0.0,0.0,0.0
1093,30.0,0.0,0.0,30.0,0.0,0.0,0.0,0.0
1094,30.0,0.0,0.0,30.0,0.0,0.0,0.0,0.0
1095,30.0,0.0,0.0,30.0,0.0,0.0,0.0,0.0
1096,30.0,0.0,0.0,30.0,0.0,0.0,0.0,0.0
1097,30.0,0.0,0.0,30.0,0.0,0.0,0.0,0.0
1098,30.0,0.0,0.0,30.0,0.0,0.0,0.0,0.0
1099,30.0,0.0,0.0,30.0,0.0,0.0,0.0,0.0
1100,28.8659729,0.0,0.0,30.0,0.0,0.0,0.0,0.0
1101,28.8891927,0.0,0.0,30.0,0.0,0.0,0.0,0.0
1102,29.0168359,0.0,0.0,30.0,0.0,0.0,0.0,0.0
1103,28.598468,0.0,0.0,30.0,0.0,0.0,0.0,0.0
1104,28.5493318,0.0,0.0,30.0,0.0,0.0,0.0,0.0
1105,28.5940176,0.0,0.0,30.0,0.0,0.0,0.0,0.0
1106,28.5657193,0.0,0.0,30.0,0.0,0.0,0.0,0.0
1107,28.5228926,0.0,0.0,30.0,0.0,0.0,0.0,0.0
1108,28.4976939,0.0,0.0,30.0,0.0,0.0,0.0,0.0
1109,28.4774592,0.0,0.0,30.0,0.0,0.0,0.0,0.0
1110,28.4557971,0.0,0.0,30.0,0.0,0.0,0.0,0.0
1111,28.4352267,0.0,0.0,30.0,0.0,0.0,0.0,0.0
1112,28.4168255,0.0,0.0,30.0,0.0,0.0,0.0,0.0
1113,28.3999185,0.0,0.0,30.0,0.0,0.0,0.0,0.0
1114,28.3841694,0.0,0.0,30.0,0.0,0.0,0.0,0.0
1115,28.3695979,0.0,0.0,30.0,0.0,0.0,0.0,0.0
1116,28.3561575,0.0,0.0,30.0,0.0,0.0,0.0,0.0
1117,28.3437397,0.0,0.0,30.0,0.0,0.0,0.0,0.0
1118,28.3322589,0.0,0.0,30.0,0.0,0.0,0.0,0.0
1119,28.3216486,0.0,0.0,30.0,0.0,0.0,0.0,0.0
1120,28.3118445,0.0,0.0,30.0,0.0,0.0,0.0,0.0
1121,28.3027843,0.0,0.0,30.0,0.0,0.0,0.0,0.0
1122,28.2944114,0.0,0.0,30.0,0.0,0.0,0.0,0.0
1123,28.2866739,0.0,0.0,30.0,0.0,0.0,0.0,0.0
1124,28.2795236,0.0,0.0,30.0,0.0,0.0,0.0,0.0
1125,28.272916,0.0,0.0,30.0,0.0,0.0,0.0,0.0
1126,28.2668098,0.0,0.0,30.0,0.0,0.0,0.0,0.0
1127,28.2611672,0.0,0.0,30.0,0.0,0.0,0.0,0.0
1128,28.2559529,0.0,0.0,30.0,0.0,0.0,0.0,0.0
1129,28.2511344,0.0,0.0,30.0,0.0,0.0,0.0,0.0
1130,28.2466819,0.0,0.0,30.0,0.0,0.0,0.0,0.0
1131,28.2425675,0.0,0.0,30.0,0.0,0.0,0.0,0.0
1132,28.2387656,0.0,0.0,30.0,0.0,0.0,0.0,0.0
1133,28.2352526,0.0,0.0,30.0,0.0,0.0,0.0,0.0
1134,28.2320066,0.0,0.0,30.0,0.0,0.0,0.0,0.0
1135,28.2290073,0.0,0.0,30.0,0.0,0.0,0.0,0.0
1136,28.2262361,0.0,0.0,30.0,0.0,0.0,0.0,0.0
1137,28.2236757,0.0,0.0,30.0,0.0,0.0,0.0,0.0
1138,28.2213103,0.0,0.0,30.0,0.0,0.0,0.0,0.0
1139,28.2191249,0.0,0.0,30.0,0.0,0.0,0.0,0.0
1140,28.2171062,0.0,0.0,30.0,0.0,0.0,0.0,0.0
1141,28.2152414,0.0,0.0,30.0,0.0,0.0,0.0,0.0
1142,28.213519,0.0,0.0,30.0,0.0,0.0,0.0,0.0
1143,28.2119282,0.0,0.0,30.0,0.0,0.0,0.0,0.0
1144,28.2104591,0.0,0.0,30.0,0.0,0.0,0.0,0.0
1145,28.2091026,0.0,0.0,30.0,0.0,0.0,0.0,0.0
1146,28.2078503,0.0,0.0,30.0,0.0,0.0,0.0,0.0
1147,28.2066943,0.0,0.0,30.0,0.0,0.0,0.0,0.0
1148,28.2056274,0.0,0.0,30.0,0.0,0.0,0.0,0.0
1149,28.2046431,0.0,0.0,30.0,0.0,0.0,0.0,0.0
1150,28.203735,0.0,0.0,30.0,0.0,0.0,0.0,0.0
1151,28.2028978,0.0,0.0,30.0,0.0,0.0,0.0,0.0
1152,28.202126,0.0,0.0,30.0,0.0,0.0,0.0,0.0
1153,28.2014148,0.0,0.0,30.0,0.0,0.0,0.0,0.0
1154,28.20076,0.0,0.0,30.0,0.0,0.0,0.0,0.0
1155,28.2001573,0.0,0.0,30.0,0.0,0.0,0.0,0.0
1156,28.1996031,0.0,0.0,30.0,0.0,0.0,0.0,0.0
1157,28.1990938,0.0,0.0,30.0,0.0,0.0,0.0,0.0
1158,28.1986264,0.0,0.0,30.0,0.0,0.0,0.0,0.0
1159,28.1981978,0.0,0.0,30.0,0.0,0.0,0.0,0.0
1160,28.1978055,0.0,0.0,30.0,0.0,0.0,0.0,0.0
1161,28.1974469,0.0,0.0,30.0,0.0,0.0,0.0,0.0
1162,28.1971199,0.0,0.0,30.0,0.0,0.0,0.0,0.0
1163,28.1968225,0.0,0.0,30.0,0.0,0.0,0.0,0.0
1164,28.1965526,0.0,0.0,30.0,0.0,0.0,0.0,0.0
1165,28.1963088,0.0,0.0,30.0,0.0,0.0,0.0,0.0
1166,28.1960894,0.0,0.0,30.0,0.0,0.0,0.0,0.0
1167,28.1958931,0.0,0.0,30.0,0.0,0.0,0.0,0.0
1168,28.1957187,0.0,0.0,30.0,0.0,0.0,0.0,0.0
1169,28.1955651,0.0,0.0,30.0,0.0,0.0,0.0,0.0
1170,28.1954313,0.0,0.0,30.0,0.0,0.0,0.0,0.0
1171,28.1953165,0.0,0.0,30.0,0.0,0.0,0.0,0.0
1172,28.1952199,0.0,0.0,30.0,0.0,0.0,0.0,0.0
1173,28.1951411,0.0,0.0,30.0,0.0,0.0,0.0,0.0
1174,28.1950794,0.0,0.0,30.0,0.0,0.0,0.0,0.0
1175,28.1950346,0.0,0.0,30.0,0.0,0.0,0.0,0.0
1176,28.1950063,0.0,0.0,30.0,0.0,0.0,0.0,0.0
1177,28.1949943,0.0,0.0,30.0,0.0,0.0,0.0,0.0
1178,28.1949986,0.0,0.0,30.0,0.0,0.0,0.0,0.0
1179,28.1950192,0.0,0.0,30.0,0.0,0.0,0.0,0.0
1180,28.1950562,0.0,0.0,30.0,0.0,0.0,0.0,0.0
1181,28.1951099,0.0,0.0,30.0,0.0,0.0,0.0,0.0
1182,28.1951806,0.0,0.0,30.0,0.0,0.0,0.0,0.0
1183,28.1952687,0.0,0.0,30.0,0.0,0.0,0.0,0.0
1184,28.1953748,0.0,0.0,30.0,0.0,0.0,0.0,0.0
1185,28.1954995,0.0,0.0,30.0,0.0,0.0,0.0,0.0
1186,28.1956437,0.0,0.0,30.0,0.0,0.0,0.0,0.0
1187,28.1958082,0.0,0.0,30.0,0.0,0.0,0.0,0.0
1188,28.195994,0.0,0.0,30.0,0.0,0.0,0.0,0.0
1189,28.1962023,0.0,0.0,30.0,0.0,0.0,0.0,0.0
1190,28.1964344,0.0,0.0,30.0,0.0,0.0,0.0,0.0
1191,28.1966918,0.0,0.0,30.0,0.0,0.0,0.0,0.0
1192,28.196976,0.0,0.0,30.0,0.0,0.0,0.0,0.0
1193,28.1972888,0.0,0.0,30.0,0.0,0.0,0.0,0.0
1194,28.1976322,0.0,0.0,30.0,0.0,0.0,0.0,0.0
1195,28.1980083,0.0,0.0,30.0,0.0,0.0,0.0,0.0
1196,28.1984195,0.0,0.0,30.0,0.0,0.0,0.0,0.0
1197,28.1988682,0.0,0.0,30.0,0.0,0.0,0.0,0.0
1198,28.1993574,0.0,0.0,30.0,0.0,0.0,0.0,0.0
1199,28.1998899,0.0,0.0,30.0,0.0,0.0,0.0,0.0
1200,28.2004693,0.0,0.0,30.0,0.0,0.0,0.0,0.0
1201,28.201099,0.0,0.0,30.0,0.0,0.0,0.0,0.0
1202,28.2017831,0.0,0.0,30.0,0.0,0.0,0.0,0.0
1203,28.2025256,0.0,0.0,30.0,0.0,0.0,0.0,0.0
1204,28.2033314,0.0,0.0,30.0,0.0,0.0,0.0,0.0
1205,28.2042053,0.0,0.0,30.0,0.0,0.0,0.0,0.0
1206,28.2051529,0.0,0.0,30.0,0.0,0.0,0.0,0.0
1207,28.2061801,0.0,0.0,30.0,0.0,0.0,0.0,0.0
1208,28.2072931,0.0,0.0,30.0,0.0,0.0,0.0,0.0
1209,28.2084991,0.0,0.0,30.0,0.0,0.0,0.0,0.0
1210,28.2098054,0.0,0.0,30.0,0.0,0.0,0.0,0.0
1211,28.2112202,0.0,0.0,30.0,0.0,0.0,0.0,0.0
1212,28.2127523,0.0,0.0,30.0,0.0,0.0,0.0,0.0
1213,28.2144114,0.0,0.0,30.0,0.0,0.0,0.0,0.0
1214,28.2162076,0.0,0.0,30.0,0.0,0.0,0.0,0.0
1215,28.2181522,0.0,0.0,30.0,0.0,0.0,0.0,0.0
1216,28.2202573,0.0,0.0,30.0,0.0,0.0,0.0,0.0
1217,28.222536,0.0,0.0,30.0,0.0,0.0,0.0,0.0
1218,28.2250025,0.0,0.0,30.0,0.0,0.0,0.0,0.0
1219,28.2276721,0.0,0.0,30.0,0.0,0.0,0.0,0.0
1220,28.2305616,0.0,0.0,30.0,0.0,0.0,0.0,0.0
1221,28.2336888,0.0,0.0,30.0,0.0,0.0,0.0,0.0
1222,28.2370732,0.0,0.0,30.0,0.0,0.0,0.0,0.0
1223,28.240736,0.0,0.0,30.0,0.0,0.0,0.0,0.0
1224,28.2446999,0.0,0.0,30.0,0.0,0.0,0.0,0.0
1225,28.2489896,0.0,0.0,30.0,0.0,0.0,0.0,0.0
1226,28.2536319,0.0,0.0,30.0,0.0,0.0,0.0,0.0
1227,28.2586556,0.0,0.0,30.0,0.0,0.0,0.0,0.0
1228,28.264092,0.0,0.0,30.0,0.0,0.0,0.0,0.0
1229,28.269975,0.0,0.0,30.0,0.0,0.0,0.0,0.0
1230,28.2763412,0.0,0.0,30.0,0.0,0.0,0.0,0.0
1231,28.2832303,0.0,0.0,30.0,0.0,0.0,0.0,0.0
1232,28.2906851,0.0,0.0,30.0,0.0,0.0,0.0,0.0
1233,28.2987521,0.0,0.0,30.0,0.0,0.0,0.0,0.0
1234,28.3074815,0.0,0.0,30.0,0.0,0.0,0.0,0.0
1235,28.3169277,0.0,0.0,30.0,0.0,0.0,0.0,0.0
1236,28.3271496,0.0,0.0,30.0,0.0,0.0,0.0,0.0
1237,28.3382106,0.0,0.0,30.0,0.0,0.0,0.0,0.0
1238,28.3501798,0.0,0.0,30.0,0.0,0.0,0.0,0.0
1239,28.3631317,0.0,0.0,30.0,0.0,0.0,0.0,0.0
1240,28.3771469,0.0,0.0,30.0,0.0,0.0,0.0,0.0
1241,28.3923127,0.0,0.0,30.0,0.0,0.0,0.0,0.0
1242,28.4087235,0.0,0.0,30.0,0.0,0.0,0.0,0.0
1243,28.4264816,0.0,0.0,30.0,0.0,0.0,0.0,0.0
1244,28.4456975,0.0,0.0,30.0,0.0,0.0,0.0,0.0
1245,28.4664908,0.0,0.0,30.0,0.0,0.0,0.0,0.0
1246,28.488991,0.0,0.0,30.0,0.0,0.0,0.0,0.0
1247,28.5133386,0.0,0.0,30.0,0.0,0.0,0.0,0.0
1248,28.5396851,0.0,0.0,30.0,0.0,0.0,0.0,0.0
1249,28.5681927,0.0,0.0,30.0,0.0,0.0,0.0,0.0
1250,28.5990399,0.0,0.0,30.0,0.0,0.0,0.0,0.0
1251,28.6324274,0.0,0.0,30.0,0.0,0.0,0.0,0.0
1252,28.668558,0.0,0.0,30.0,0.0,0.0,0.0,0.0
1253,28.707614,0.0,0.0,30.0,0.0,0.0,0.0,0.0
1254,28.7498688,0.0,0.0,30.0,0.0,0.0,0.0,0.0
1255,28.795794,0.0,0.0,30.0,0.0,0.0,0.0,0.0
1256,28.8455039,0.0,0.0,30.0,0.0,0.0,0.0,0.0
1257,28.8982911,0.0,0.0,30.0,0.0,0.0,0.0,0.0
1258,28.9554446,0.0,0.0,30.0,0.0,0.0,0.0,0.0
1259,29.0222657,0.0,0.0,30.0,0.0,0.0,0.0,0.0
1260,29.0938794,0.0,0.0,30.0,0.0,0.0,0.0,0.0
1261,29.1467484,0.0,0.0,30.0,0.0,0.0,0.0,0.0
1262,29.2100086,0.0,0.0,30.0,0.0,0.0,0.0,0.0
1263,29.4000251,0.0,0.0,30.0,0.0,0.0,0.0,0.0
1264,29.5627617,0.0,0.0,30.0,0.0,0.0,0.0,0.0
1265,29.1382371,0.0,0.0,30.0,0.0,0.0,0.0,0.0
1266,29.0148365,0.0,0.0,30.0,0.0,0.0,0.0,0.0
1267,29.9065178,0.0,0.0,30.0,0.0,0.0,0.0,0.0
1268,30.0,0.0,0.0,30.0,0.0,0.0,0.0,0.0
1269,30.0,0.0,0.0,30.0,0.0,0.0,0.0,0.0
1270,23.891103,0.0,0.0,30.0,0.0,0.0,0.0,0.0
1271,23.6889133,0.0,0.0,30.0,0.0,0.0,0.0,0.0
1272,0.0,0.0,0.0,0.0,0.0,0.0,0.0,0.0
1273,30.0,0.0,0.0,4.24215555,0.0,0.0,0.0,0.0
1274,30.0,0.0,0.0,6.21558261,0.0,0.0,0.0,0.0
1275,0.0,0.0,0.0,16.821143,0.0,0.0,0.0,0.0
1276,0.0,0.0,0.0,22.0224509,0.0,0.0,0.0,0.0
1277,0.0,0.0,0.0,23.4858191,0.0,0.0,0.0,0.0
1278,0.0,0.0,0.0,23.9723774,0.0,0.0,0.0,0.0
1279,0.0,0.0,0.0,24.8689566,0.0,0.0,0.0,0.0
1280,0.0,0.0,0.0,25.7150738,0.0,0.0,0.0,0.0
1281,0.0,0.0,0.0,26.3186973,0.0,0.0,0.0,0.0
1282,0.0,0.0,0.0,26.7653254,0.0,0.0,0.0,0.0
1283,0.0,0.0,0.0,27.0895284,0.0,0.0,0.0,0.0
1284,0.0,0.0,0.0,27.2822035,0.0,0.0,0.0,0.0
1285,0.0,0.0,0.0,27.3413161,0.0,0.0,0.0,0.0
1286,0.0,0.0,0.0,27.2695901,0.0,0.0,0.0,0.0
1287,0.0,0.0,0.0,27.0673952,0.0,0.0,0.0,0.0
1288,0.0,0.0,0.0,26.7324818,0.0,0.0,0.0,0.0
1289,0.0,0.0,0.0,26.256775,0.0,0.0,0.0,0.0
1290,0.0,0.0,0.0,25.6323564,0.0,0.0,0.0,0.0
1291,0.0,0.0,0.0,24.8783767,0.0,0.0,0.0,0.0
1292,0.0,0.0,0.0,23.9967867,0.0,0.0,0.0,0.0
1293,0.0,0.0,0.0,22.8047231,0.0,0.0,0.0,0.0
1294,0.0,0.0,0.0,21.247438,0.0,0.0,0.0,0.0
1295,0.0,0.0,0.0,20.4247573,0.0,0.0,0.0,0.0
1296,0.0,0.0,0.0,20.4007986,0.0,0.0,0.0,0.0
1297,0.0,0.0,0.0,13.9581131,0.0,0.0,0.0,0.0
1298,0.0,0.0,0.0,1.89195953,0.0,0.0,0.0,0.0
1299,0.0,0.0,0.0,5.90614328,0.0,0.0,0.0,0.0
1300,30.0,0.0,0.0,30.0,0.0,0.0,0.0,0.0
1301,30.0,0.0,0.0,30.0,0.0,0.0,0.0,0.0
1302,30.0,0.0,0.0,30.0,0.0,0.0,0.0,0.0
1303,30.0,0.0,0.0,30.0,0.0,0.0,0.0,0.0
1304,30.0,0.0,0.0,30.0,0.0,0.0,0.0,0.0
1305,30.0,0.0,0.0,30.0,0.0,0.0,0.0,0.0
1306,30.0,0.0,0.0,30.0,0.0,0.0,0.0,0.0
1307,30.0,0.0,0.0,30.0,0.0,0.0,0.0,0.0
1308,30.0,0.0,0.0,30.0,0.0,0.0,0.0,0.0
1309,30.0,0.0,0.0,30.0,0.0,0.0,0.0,0.0
1310,30.0,0.0,0.0,30.0,0.0,0.0,0.0,0.0
1311,30.0,0.0,0.0,30.0,0.0,0.0,0.0,0.0
1312,28.7631917,0.0,0.0,30.0,0.0,0.0,0.0,0.0
1313,23.5071464,0.0,0.0,30.0,0.0,0.0,0.0,0.0
1314,24.4810295,0.0,0.0,30.0,0.0,0.0,0.0,0.0
1315,30.0,0.0,0.0,30.0,0.0,0.0,0.0,0.0
1316,30.0,0.0,0.0,30.0,0.0,0.0,0.0,0.0
1317,30.0,0.0,0.0,30.0,0.0,0.0,0.0,0.0
1318,30.0,0.0,0.0,30.0,0.0,0.0,0.0,0.0
1319,30.0,0.0,0.0,30.0,0.0,0.0,0.0,0.0
1320,29.3428211,0.0,0.0,30.0,0.0,0.0,0.0,0.0
1321,28.9123013,0.0,0.0,30.0,0.0,0.0,0.0,0.0
1322,28.8323665,0.0,0.0,30.0,0.0,0.0,0.0,0.0
1323,28.6408366,0.0,0.0,30.0,0.0,0.0,0.0,0.0
1324,28.6215593,0.0,0.0,30.0,0.0,0.0,0.0,0.0
1325,28.6172925,0.0,0.0,30.0,0.0,0.0,0.0,0.0
1326,28.5814906,0.0,0.0,30.0,0.0,0.0,0.0,0.0
1327,28.5463496,0.0,0.0,30.0,0.0,0.0,0.0,0.0
1328,28.5203377,0.0,0.0,30.0,0.0,0.0,0.0,0.0
1329,28.496575,0.0,0.0,30.0,0.0,0.0,0.0,0.0
1330,28.4733069,0.0,0.0,30.0,0.0,0.0,0.0,0.0
1331,28.4517763,0.0,0.0,30.0,0.0,0.0,0.0,0.0
1332,28.4321432,0.0,0.0,30.0,0.0,0.0,0.0,0.0
1333,28.4139995,0.0,0.0,30.0,0.0,0.0,0.0,0.0
1334,28.3971791,0.0,0.0,30.0,0.0,0.0,0.0,0.0
1335,28.3816359,0.0,0.0,30.0,0.0,0.0,0.0,0.0
1336,28.3672826,0.0,0.0,30.0,0.0,0.0,0.0,0.0
1337,28.3540178,0.0,0.0,30.0,0.0,0.0,0.0,0.0
1338,28.3417573,0.0,0.0,30.0,0.0,0.0,0.0,0.0
1339,28.3304271,0.0,0.0,30.0,0.0,0.0,0.0,0.0
1340,28.319957,0.0,0.0,30.0,0.0,0.0,0.0,0.0
1341,28.3102813,0.0,0.0,30.0,0.0,0.0,0.0,0.0
1342,28.3013398,0.0,0.0,30.0,0.0,0.0,0.0,0.0
1343,28.2930767,0.0,0.0,30.0,0.0,0.0,0.0,0.0
1344,28.2854407,0.0,0.0,30.0,0.0,0.0,0.0,0.0
1345,28.2783842,0.0,0.0,30.0,0.0,0.0,0.0,0.0
1346,28.2718632,0.0,0.0,30.0,0.0,0.0,0.0,0.0
1347,28.2658372,0.0,0.0,30.0,0.0,0.0,0.0,0.0
1348,28.2602687,0.0,0.0,30.0,0.0,0.0,0.0,0.0
1349,28.2551228,0.0,0.0,30.0,0.0,0.0,0.0,0.0
1350,28.2503677,0.0,0.0,30.0,0.0,0.0,0.0,0.0
1351,28.2459737,0.0,0.0,30.0,0.0,0.0,0.0,0.0
1352,28.2419135,0.0,0.0,30.0,0.0,0.0,0.0,0.0
1353,28.2381617,0.0,0.0,30.0,0.0,0.0,0.0,0.0
1354,28.234695,0.0,0.0,30.0,0.0,0.0,0.0,0.0
1355,28.2314918,0.0,0.0,30.0,0.0,0.0,0.0,0.0
1356,28.2285321,0.0,0.0,30.0,0.0,0.0,0.0,0.0
1357,28.2257976,0.0,0.0,30.0,0.0,0.0,0.0,0.0
1358,28.2232711,0.0,0.0,30.0,0.0,0.0,0.0,0.0
1359,28.2209371,0.0,0.0,30.0,0.0,0.0,0.0,0.0
1360,28.2187809,0.0,0.0,30.0,0.0,0.0,0.0,0.0
1361,28.216789,0.0,0.0,30.0,0.0,0.0,0.0,0.0
1362,28.2149492,0.0,0.0,30.0,0.0,0.0,0.0,0.0
1363,28.2132499,0.0,0.0,30.0,0.0,0.0,0.0,0.0
1364,28.2116806,0.0,0.0,30.0,0.0,0.0,0.0,0.0
1365,28.2102315,0.0,0.0,30.0,0.0,0.0,0.0,0.0
1366,28.2088935,0.0,0.0,30.0,0.0,0.0,0.0,0.0
1367,28.2076584,0.0,0.0,30.0,0.0,0.0,0.0,0.0
1368,28.2065184,0.0,0.0,30.0,0.0,0.0,0.0,0.0
1369,28.2054664,0.0,0.0,30.0,0.0,0.0,0.0,0.0
1370,28.204496,0.0,0.0,30.0,0.0,0.0,0.0,0.0
1371,28.203601,0.0,0.0,30.0,0.0,0.0,0.0,0.0
1372,28.2027758,0.0,0.0,30.0,0.0,0.0,0.0,0.0
1373,28.2020154,0.0,0.0,30.0,0.0,0.0,0.0,0.0
1374,28.201315,0.0,0.0,30.0,0.0,0.0,0.0,0.0
1375,28.2006702,0.0,0.0,30.0,0.0,0.0,0.0,0.0
1376,28.2000771,0.0,0.0,30.0,0.0,0.0,0.0,0.0
1377,28.1995319,0.0,0.0,30.0,0.0,0.0,0.0,0.0
1378,28.1990312,0.0,0.0,30.0,0.0,0.0,0.0,0.0
1379,28.1985719,0.0,0.0,30.0,0.0,0.0,0.0,0.0
1380,28.1981512,0.0,0.0,30.0,0.0,0.0,0.0,0.0
1381,28.1977665,0.0,0.0,30.0,0.0,0.0,0.0,0.0
1382,28.1974152,0.0,0.0,30.0,0.0,0.0,0.0,0.0
1383,28.1970954,0.0,0.0,30.0,0.0,0.0,0.0,0.0
1384,28.1968048,0.0,0.0,30.0,0.0,0.0,0.0,0.0
1385,28.1965419,0.0,0.0,30.0,0.0,0.0,0.0,0.0
1386,28.1963048,0.0,0.0,30.0,0.0,0.0,0.0,0.0
1387,28.1960922,0.0,0.0,30.0,0.0,0.0,0.0,0.0
1388,28.1959027,0.0,0.0,30.0,0.0,0.0,0.0,0.0
1389,28.1957351,0.0,0.0,30.0,0.0,0.0,0.0,0.0
1390,28.1955884,0.0,0.0,30.0,0.0,0.0,0.0,0.0
1391,28.1954617,0.0,0.0,30.0,0.0,0.0,0.0,0.0
1392,28.1953541,0.0,0.0,30.0,0.0,0.0,0.0,0.0
1393,28.1952651,0.0,0.0,30.0,0.0,0.0,0.0,0.0
1394,28.195194,0.0,0.0,30.0,0.0,0.0,0.0,0.0
1395,28.1951405,0.0,0.0,30.0,0.0,0.0,0.0,0.0
1396,28.1951041,0.0,0.0,30.0,0.0,0.0,0.0,0.0
1397,28.1950847,0.0,0.0,30.0,0.0,0.0,0.0,0.0
1398,28.1950822,0.0,0.0,30.0,0.0,0.0,0.0,0.0
1399,28.1950964,0.0,0.0,30.0,0.0,0.0,0.0,0.0
1400,28.1951276,0.0,0.0,30.0,0.0,0.0,0.0,0.0
1401,28.1951759,0.0,0.0,30.0,0.0,0.0,0.0,0.0
1402,28.1952416,0.0,0.0,30.0,0.0,0.0,0.0,0.0
1403,28.1953251,0.0,0.0,30.0,0.0,0.0,0.0,0.0
1404,28.1954269,0.0,0.0,30.0,0.0,0.0,0.0,0.0
1405,28.1955477,0.0,0.0,30.0,0.0,0.0,0.0,0.0
1406,28.1956882,0.0,0.0,30.0,0.0,0.0,0.0,0.0
1407,28.1958493,0.0,0.0,30.0,0.0,0.0,0.0,0.0
1408,28.196032,0.0,0.0,30.0,0.0,0.0,0.0,0.0
1409,28.1962374,0.0,0.0,30.0,0.0,0.0,0.0,0.0
1410,28.1964669,0.0,0.0,30.0,0.0,0.0,0.0,0.0
1411,28.1967218,0.0,0.0,30.0,0.0,0.0,0.0,0.0
1412,28.1970037,0.0,0.0,30.0,0.0,0.0,0.0,0.0
1413,28.1973145,0.0,0.0,30.0,0.0,0.0,0.0,0.0
1414,28.1976559,0.0,0.0,30.0,0.0,0.0,0.0,0.0
1415,28.1980302,0.0,0.0,30.0,0.0,0.0,0.0,0.0
1416,28.1984397,0.0,0.0,30.0,0.0,0.0,0.0,0.0
1417,28.1988869,0.0,0.0,30.0,0.0,0.0,0.0,0.0
1418,28.1993746,0.0,0.0,30.0,0.0,0.0,0.0,0.0
1419,28.1999059,0.0,0.0,30.0,0.0,0.0,0.0,0.0
1420,28.2004841,0.0,0.0,30.0,0.0,0.0,0.0,0.0
1421,28.2011127,0.0,0.0,30.0,0.0,0.0,0.0,0.0
1422,28.2017957,0.0,0.0,30.0,0.0,0.0,0.0,0.0
1423,28.2025373,0.0,0.0,30.0,0.0,0.0,0.0,0.0
1424,28.2033422,0.0,0.0,30.0,0.0,0.0,0.0,0.0
1425,28.2042153,0.0,0.0,30.0,0.0,0.0,0.0,0.0
1426,28.2051621,0.0,0.0,30.0,0.0,0.0,0.0,0.0
1427,28.2061886,0.0,0.0,30.0,0.0,0.0,0.0,0.0
1428,28.207301,0.0,0.0,30.0,0.0,0.0,0.0,0.0
1429,28.2085063,0.0,0.0,30.0,0.0,0.0,0.0,0.0
1430,28.2098121,0.0,0.0,30.0,0.0,0.0,0.0,0.0
1431,28.2112264,0.0,0.0,30.0,0.0,0.0,0.0,0.0
1432,28.2127581,0.0,0.0,30.0,0.0,0.0,0.0,0.0
1433,28.2144167,0.0,0.0,30.0,0.0,0.0,0.0,0.0
1434,28.2162125,0.0,0.0,30.0,0.0,0.0,0.0,0.0
1435,28.2181567,0.0,0.0,30.0,0.0,0.0,0.0,0.0
1436,28.2202615,0.0,0.0,30.0,0.0,0.0,0.0,0.0
1437,28.2225399,0.0,0.0,30.0,0.0,0.0,0.0,0.0
1438,28.2250061,0.0,0.0,30.0,0.0,0.0,0.0,0.0
1439,28.2276754,0.0,0.0,30.0,0.0,0.0,0.0,0.0
1440,28.2305646,0.0,0.0,30.0,0.0,0.0,0.0,0.0
1441,28.2336916,0.0,0.0,30.0,0.0,0.0,0.0,0.0
1442,28.2370758,0.0,0.0,30.0,0.0,0.0,0.0,0.0
1443,28.2407384,0.0,0.0,30.0,0.0,0.0,0.0,0.0
1444,28.2447021,0.0,0.0,30.0,0.0,0.0,0.0,0.0
1445,28.2489917,0.0,0.0,30.0,0.0,0.0,0.0,0.0
1446,28.2536338,0.0,0.0,30.0,0.0,0.0,0.0,0.0
1447,28.2586573,0.0,0.0,30.0,0.0,0.0,0.0,0.0
1448,28.2640936,0.0,0.0,30.0,0.0,0.0,0.0,0.0
1449,28.2699765,0.0,0.0,30.0,0.0,0.0,0.0,0.0
1450,28.2763426,0.0,0.0,30.0,0.0,0.0,0.0,0.0
1451,28.2832315,0.0,0.0,30.0,0.0,0.0,0.0,0.0
1452,28.2906863,0.0,0.0,30.0,0.0,0.0,0.0,0.0
1453,28.2987532,0.0,0.0,30.0,0.0,0.0,0.0,0.0
1454,28.3074826,0.0,0.0,30.0,0.0,0.0,0.0,0.0
1455,28.3169287,0.0,0.0,30.0,0.0,0.0,0.0,0.0
1456,28.3271504,0.0,0.0,30.0,0.0,0.0,0.0,0.0
1457,28.3382114,0.0,0.0,30.0,0.0,0.0,0.0,0.0
1458,28.3501806,0.0,0.0,30.0,0.0,0.0,0.0,0.0
1459,28.3631324,0.0,0.0,30.0,0.0,0.0,0.0,0.0
1460,28.3771475,0.0,0.0,30.0,0.0,0.0,0.0,0.0
1461,28.3923132,0.0,0.0,30.0,0.0,0.0,0.0,0.0
1462,28.408724,0.0,0.0,30.0,0.0,0.0,0.0,0.0
1463,28.4264821,0.0,0.0,30.0,0.0,0.0,0.0,0.0
1464,28.4456979,0.0,0.0,30.0,0.0,0.0,0.0,0.0
1465,28.4664912,0.0,0.0,30.0,0.0,0.0,0.0,0.0
1466,28.4889914,0.0,0.0,30.0,0.0,0.0,0.0,0.0
1467,28.513339,0.0,0.0,30.0,0.0,0.0,0.0,0.0
1468,28.5396854,0.0,0.0,30.0,0.0,0.0,0.0,0.0
1469,28.568193,0.0,0.0,30.0,0.0,0.0,0.0,0.0
1470,28.5990402,0.0,0.0,30.0,0.0,0.0,0.0,0.0
1471,28.6324277,0.0,0.0,30.0,0.0,0.0,0.0,0.0
1472,28.6685583,0.0,0.0,30.0,0.0,0.0,0.0,0.0
1473,28.7076143,0.0,0.0,30.0,0.0,0.0,0.0,0.0
1474,28.749869,0.0,0.0,30.0,0.0,0.0,0.0,0.0
1475,28.7957942,0.0,0.0,30.0,0.0,0.0,0.0,0.0
1476,28.8455041,0.0,0.0,30.0,0.0,0.0,0.0,0.0
1477,28.8982912,0.0,0.0,30.0,0.0,0.0,0.0,0.0
1478,28.9554447,0.0,0.0,30.0,0.0,0.0,0.0,0.0
1479,29.0222659,0.0,0.0,30.0,0.0,0.0,0.0,0.0
1480,29.0938795,0.0,0.0,30.0,0.0,0.0,0.0,0.0
1481,29.1467485,0.0,0.0,30.0,0.0,0.0,0.0,0.0
1482,29.2100087,0.0,0.0,30.0,0.0,0.0,0.0,0.0
1483,29.4000252,0.0,0.0,30.0,0.0,0.0,0.0,0.0
1484,29.5627618,0.0,0.0,30.0,0.0,0.0,0.0,0.0
1485,29.1382372,0.0,0.0,30.0,0.0,0.0,0.0,0.0
1486,29.0148366,0.0,0.0,30.0,0.0,0.0,0.0,0.0
1487,29.9065178,0.0,0.0,30.0,0.0,0.0,0.0,0.0
1488,30.0,0.0,0.0,30.0,0.0,0.0,0.0,0.0
1489,30.0,0.0,0.0,30.0,0.0,0.0,0.0,0.0
1490,23.8911033,0.0,0.0,30.0,0.0,0.0,0.0,0.0
1491,23.6889134,0.0,0.0,30.0,0.0,0.0,0.0,0.0
1492,0.0,0.0,0.0,0.0,0.0,0.0,0.0,0.0
1493,30.0,0.0,0.0,4.17190152,0.0,0.0,0.0,0.0
1494,28.6297695,0.0,0.0,6.60148259,0.0,0.0,0.0,0.0
1495,0.0,0.0,0.0,16.68928,0.0,0.0,0.0,0.0
1496,0.0,0.0,0.0,21.8568074,0.0,0.0,0.0,0.0
1497,0.0,0.0,0.0,23.2967201,0.0,0.0,0.0,0.0
1498,0.0,0.0,0.0,23.7604688,0.0,0.0,0.0,0.0
1499,0.0,0.0,0.0,24.6293481,0.0,0.0,0.0,0.0
1500,0.0,0.0,0.0,25.4445645,0.0,0.0,0.0,0.0
1501,0.0,0.0,0.0,26.0144838,0.0,0.0,0.0,0.0
1502,0.0,0.0,0.0,26.4238771,0.0,0.0,0.0,0.0
1503,0.0,0.0,0.0,26.7067737,0.0,0.0,0.0,0.0
1504,0.0,0.0,0.0,26.8536249,0.0,0.0,0.0,0.0
1505,0.0,0.0,0.0,26.8618293,0.0,0.0,0.0,0.0
1506,0.0,0.0,0.0,26.7336019,0.0,0.0,0.0,0.0
1507,0.0,0.0,0.0,26.468907,0.0,0.0,0.0,0.0
1508,0.0,0.0,0.0,26.064076,0.0,0.0,0.0,0.0
1509,0.0,0.0,0.0,25.5086411,0.0,0.0,0.0,0.0
1510,0.0,0.0,0.0,24.7984215,0.0,0.0,0.0,0.0
1511,0.0,0.0,0.0,23.960887,0.0,0.0,0.0,0.0
1512,0.0,0.0,0.0,22.9653042,0.0,0.0,0.0,0.0
1513,0.0,0.0,0.0,21.5727075,0.0,0.0,0.0,0.0
1514,0.0,0.0,0.0,19.9394657,0.0,0.0,0.0,0.0
1515,0.0,0.0,0.0,19.4813227,0.0,0.0,0.0,0.0
1516,0.0,0.0,0.0,18.8378835,0.0,0.0,0.0,0.0
1517,0.0,0.0,0.0,8.98363264,0.0,0.0,0.0,0.0
1518,0.0,0.0,0.0,0.286356857,0.0,0.0,0.0,0.0
1519,0.0,0.0,0.0,4.89029842,0.0,0.0,0.0,0.0
1520,30.0,0.0,0.0,30.0,0.0,0.0,0.0,0.0
1521,30.0,0.0,0.0,30.0,0.0,0.0,0.0,0.0
1522,30.0,0.0,0.0,30.0,0.0,0.0,0.0,0.0
1523,30.0,0.0,0.0,30.0,0.0,0.0,0.0,0.0
1524,30.0,0.0,0.0,30.0,0.0,0.0,0.0,0.0
1525,30.0,0.0,0.0,30.0,0.0,0.0,0.0,0.0
1526,23.3787873,0.0,0.0,30.0,0.0,0.0,0.0,0.0
1527,17.938675,0.0,0.0,30.0,0.0,0.0,0.0,0.0
1528,14.6922641,0.0,0.0,30.0,0.0,0.0,0.0,0.0
1529,20.2529505,0.0,0.0,30.0,0.0,0.0,0.0,0.0
1530,24.4452667,0.0,0.0,30.0,0.0,0.0,0.0,0.0
1531,29.6732231,0.0,0.0,30.0,0.0,0.0,0.0,0.0
1532,30.0,0.0,0.0,30.0,0.0,0.0,0.0,0.0
1533,30.0,0.0,0.0,30.0,0.0,0.0,0.0,0.0
1534,30.0,0.0,0.0,30.0,0.0,0.0,0.0,0.0
1535,30.0,0.0,0.0,30.0,0.0,0.0,0.0,0.0
1536,30.0,0.0,0.0,30.0,0.0,0.0,0.0,0.0
1537,30.0,0.0,0.0,30.0,0.0,0.0,0.0,0.0
1538,30.0,0.0,0.0,30.0,0.0,0.0,0.0,0.0
1539,30.0,0.0,0.0,30.0,0.0,0.0,0.0,0.0
1540,28.8659729,0.0,0.0,30.0,0.0,0.0,0.0,0.0
1541,28.8891927,0.0,0.0,30.0,0.0,0.0,0.0,0.0
1542,29.0168359,0.0,0.0,30.0,0.0,0.0,0.0,0.0
1543,28.598468,0.0,0.0,30.0,0.0,0.0,0.0,0.0
1544,28.5493318,0.0,0.0,30.0,0.0,0.0,0.0,0.0
1545,28.5940176,0.0,0.0,30.0,0.0,0.0,0.0,0.0
1546,28.5657193,0.0,0.0,30.0,0.0,0.0,0.0,0.0
1547,28.5228926,0.0,0.0,30.0,0.0,0.0,0.0,0.0
1548,28.4976939,0.0,0.0,30.0,0.0,0.0,0.0,0.0
1549,28.4774592,0.0,0.0,30.0,0.0,0.0,0.0,0.0
1550,28.4557971,0.0,0.0,30.0,0.0,0.0,0.0,0.0
1551,28.4352267,0.0,0.0,30.0,0.0,0.0,0.0,0.0
1552,28.4168255,0.0,0.0,30.0,0.0,0.0,0.0,0.0
1553,28.3999185,0.0,0.0,30.0,0.0,0.0,0.0,0.0
1554,28.3841694,0.0,0.0,30.0,0.0,0.0,0.0,0.0
1555,28.3695979,0.0,0.0,30.0,0.0,0.0,0.0,0.0
1556,28.3561575,0.0,0.0,30.0,0.0,0.0,0.0,0.0
1557,28.3437397,0.0,0.0,30.0,0.0,0.0,0.0,0.0
1558,28.3322589,0.0,0.0,30.0,0.0,0.0,0.0,0.0
1559,28.3216486,0.0,0.0,30.0,0.0,0.0,0.0,0.0
1560,28.3118445,0.0,0.0,30.0,0.0,0.0,0.0,0.0
1561,28.3027843,0.0,0.0,30.0,0.0,0.0,0.0,0.0
1562,28.2944114,0.0,0.0,30.0,0.0,0.0,0.0,0.0
1563,28.2866739,0.0,0.0,30.0,0.0,0.0,0.0,0.0
1564,28.2795236,0.0,0.0,30.0,0.0,0.0,0.0,0.0
1565,28.272916,0.0,0.0,30.0,0.0,0.0,0.0,0.0
1566,28.2668098,0.0,0.0,30.0,0.0,0.0,0.0,0.0
1567,28.2611672,0.0,0.0,30.0,0.0,0.0,0.0,0.0
1568,28.2559529,0.0,0.0,30.0,0.0,0.0,0.0,0.0
1569,28.2511344,0.0,0.0,30.0,0.0,0.0,0.0,0.0
1570,28.2466819,0.0,0.0,30.0,0.0,0.0,0.0,0.0
1571,28.2425675,0.0,0.0,30.0,0.0,0.0,0.0,0.0
1572,28.2387656,0.0,0.0,30.0,0.0,0.0,0.0,0.0
1573,28.2352526,0.0,0.0,30.0,0.0,0.0,0.0,0.0
1574,28.2320066,0.0,0.0,30.0,0.0,0.0,0.0,0.0
1575,28.2290073,0.0,0.0,30.0,0.0,0.0,0.0,0.0
1576,28.2262361,0.0,0.0,30.0,0.0,0.0,0.0,0.0
1577,28.2236757,0.0,0.0,30.0,0.0,0.0,0.0,0.0
1578,28.2213103,0.0,0.0,30.0,0.0,0.0,0.0,0.0
1579,28.2191249,0.0,0.0,30.0,0.0,0.0,0.0,0.0
1580,28.2171062,0.0,0.0,30.0,0.0,0.0,0.0,0.0
1581,28.2152414,0.0,0.0,30.0,0.0,0.0,0.0,0.0
1582,28.213519,0.0,0.0,30.0,0.0,0.0,0.0,0.0
1583,28.2119282,0.0,0.0,30.0,0.0,0.0,0.0,0.0
1584,28.2104591,0.0,0.0,30.0,0.0,0.0,0.0,0.0
1585,28.2091026,0.0,0.0,30.0,0.0,0.0,0.0,0.0
1586,28.2078503,0.0,0.0,30.0,0.0,0.0,0.0,0.0
1587,28.2066943,0.0,0.0,30.0,0.0,0.0,0.0,0.0
1588,28.2056274,0.0,0.0,30.0,0.0,0.0,0.0,0.0
1589,28.2046431,0.0,0.0,30.0,0.0,0.0,0.0,0.0
1590,28.203735,0.0,0.0,30.0,0.0,0.0,0.0,0.0
1591,28.2028978,0.0,0.0,30.0,0.0,0.0,0.0,0.0
1592,28.202126,0.0,0.0,30.0,0.0,0.0,0.0,0.0
1593,28.2014148,0.0,0.0,30.0,0.0,0.0,0.0,0.0
1594,28.20076,0.0,0.0,30.0,0.0,0.0,0.0,0.0
1595,28.2001573,0.0,0.0,30.0,0.0,0.0,0.0,0.0
1596,28.1996031,0.0,0.0,30.0,0.0,0.0,0.0,0.0
1597,28.1990938,0.0,0.0,30.0,0.0,0.0,0.0,0.0
1598,28.1986264,0.0,0.0,30.0,0.0,0.0,0.0,0.0
1599,28.1981978,0.0,0.0,30.0,0.0,0.0,0.0,0.0
1600,28.1978055,0.0,0.0,30.0,0.0,0.0,0.0,0.0
1601,28.1974469,0.0,0.0,30.0,0.0,0.0,0.0,0.0
1602,28.1971199,0.0,0.0,30.0,0.0,0.0,0.0,0.0
1603,28.1968225,0.0,0.0,30.0,0.0,0.0,0.0,0.0
1604,28.1965526,0.0,0.0,30.0,0.0,0.0,0.0,0.0
1605,28.1963088,0.0,0.0,30.0,0.0,0.0,0.0,0.0
1606,28.1960894,0.0,0.0,30.0,0.0,0.0,0.0,0.0
1607,28.1958931,0.0,0.0,30.0,0.0,0.0,0.0,0.0
1608,28.1957187,0.0,0.0,30.0,0.0,0.0,0.0,0.0
1609,28.1955651,0.0,0.0,30.0,0.0,0.0,0.0,0.0
1610,28.1954313,0.0,0.0,30.0,0.0,0.0,0.0,0.0
1611,28.1953165,0.0,0.0,30.0,0.0,0.0,0.0,0.0
1612,28.1952199,0.0,0.0,30.0,0.0,0.0,0.0,0.0
1613,28.1951411,0.0,0.0,30.0,0.0,0.0,0.0,0.0
1614,28.1950794,0.0,0.0,30.0,0.0,0.0,0.0,0.0
1615,28.1950346,0.0,0.0,30.0,0.0,0.0,0.0,0.0
1616,28.1950063,0.0,0.0,30.0,0.0,0.0,0.0,0.0
1617,28.1949943,0.0,0.0,30.0,0.0,0.0,0.0,0.0
1618,28.1949986,0.0,0.0,30.0,0.0,0.0,0.0,0.0
1619,28.1950192,0.0,0.0,30.0,0.0,0.0,0.0,0.0
1620,28.1950562,0.0,0.0,30.0,0.0,0.0,0.0,0.0
1621,28.1951099,0.0,0.0,30.0,0.0,0.0,0.0,0.0
1622,28.1951806,0.0,0.0,30.0,0.0,0.0,0.0,0.0
1623,28.1952687,0.0,0.0,30.0,0.0,0.0,0.0,0.0
1624,28.1953748,0.0,0.0,30.0,0.0,0.0,0.0,0.0
1625,28.1954995,0.0,0.0,30.0,0.0,0.0,0.0,0.0
1626,28.1956437,0.0,0.0,30.0,0.0,0.0,0.0,0.0
1627,28.1958082,0.0,0.0,30.0,0.0,0.0,0.0,0.0
1628,28.195994,0.0,0.0,30.0,0.0,0.0,0.0,0.0
1629,28.1962023,0.0,0.0,30.0,0.0,0.0,0.0,0.0
1630,28.1964344,0.0,0.0,30.0,0.0,0.0,0.0,0.0
1631,28.1966918,0.0,0.0,30.0,0.0,0.0,0.0,0.0
1632,28.196976,0.0,0.0,30.0,0.0,0.0,0.0,0.0
1633,28.1972888,0.0,0.0,30.0,0.0,0.0,0.0,0.0
1634,28.1976322,0.0,0.0,30.0,0.0,0.0,0.0,0.0
1635,28.1980083,0.0,0.0,30.0,0.0,0.0,0.0,0.0
1636,28.1984195,0.0,0.0,30.0,0.0,0.0,0.0,0.0
1637,28.1988682,0.0,0.0,30.0,0.0,0.0,0.0,0.0
1638,28.1993574,0.0,0.0,30.0,0.0,0.0,0.0,0.0
1639,28.1998899,0.0,0.0,30.0,0.0,0.0,0.0,0.0
1640,28.2004693,0.0,0.0,30.0,0.0,0.0,0.0,0.0
1641,28.201099,0.0,0.0,30.0,0.0,0.0,0.0,0.0
1642,28.2017831,0.0,0.0,30.0,0.0,0.0,0.0,0.0
1643,28.2025256,0.0,0.0,30.0,0.0,0.0,0.0,0.0
1644,28.2033314,0.0,0.0,30.0,0.0,0.0,0.0,0.0
1645,28.2042053,0.0,0.0,30.0,0.0,0.0,0.0,0.0
1646,28.2051529,0.0,0.0,30.0,0.0,0.0,0.0,0.0
1647,28.2061801,0.0,0.0,30.0,0.0,0.0,0.0,0.0
1648,28.2072931,0.0,0.0,30.0,0.0,0.0,0.0,0.0
1649,28.2084991,0.0,0.0,30.0,0.0,0.0,0.0,0.0
1650,28.2098054,0.0,0.0,30.0,0.0,0.0,0.0,0.0
1651,28.2112202,0.0,0.0,30.0,0.0,0.0,0.0,0.0
1652,28.2127523,0.0,0.0,30.0,0.0,0.0,0.0,0.0
1653,28.2144114,0.0,0.0,30.0,0.0,0.0,0.0,0.0
1654,28.2162076,0.0,0.0,30.0,0.0,0.0,0.0,0.0
1655,28.2181522,0.0,0.0,30.0,0.0,0.0,0.0,0.0
1656,28.2202573,0.0,0.0,30.0,0.0,0.0,0.0,0.0
1657,28.222536,0.0,0.0,30.0,0.0,0.0,0.0,0.0
1658,28.2250025,0.0,0.0,30.0,0.0,0.0,0.0,0.0
1659,28.2276721,0.0,0.0,30.0,0.0,0.0,0.0,0.0
1660,28.2305616,0.0,0.0,30.0,0.0,0.0,0.0,0.0
1661,28.2336888,0.0,0.0,30.0,0.0,0.0,0.0,0.0
1662,28.2370732,0.0,0.0,30.0,0.0,0.0,0.0,0.0
1663,28.240736,0.0,0.0,30.0,0.0,0.0,0.0,0.0
1664,28.2446999,0.0,0.0,30.0,0.0,0.0,0.0,0.0
1665,28.2489896,0.0,0.0,30.0,0.0,0.0,0.0,0.0
1666,28.2536319,0.0,0.0,30.0,0.0,0.0,0.0,0.0
1667,28.2586556,0.0,0.0,30.0,0.0,0.0,0.0,0.0
1668,28.264092,0.0,0.0,30.0,0.0,0.0,0.0,0.0
1669,28.269975,0.0,0.0,30.0,0.0,0.0,0.0,0.0
1670,28.2763412,0.0,0.0,30.0,0.0,0.0,0.0,0.0
1671,28.2832303,0.0,0.0,30.0,0.0,0.0,0.0,0.0
1672,28.2906851,0.0,0.0,30.0,0.0,0.0,0.0,0.0
1673,28.2987521,0.0,0.0,30.0,0.0,0.0,0.0,0.0
1674,28.3074815,0.0,0.0,30.0,0.0,0.0,0.0,0.0
1675,28.3169277,0.0,0.0,30.0,0.0,0.0,0.0,0.0
1676,28.3271496,0.0,0.0,30.0,0.0,0.0,0.0,0.0
1677,28.3382106,0.0,0.0,30.0,0.0,0.0,0.0,0.0
1678,28.3501798,0.0,0.0,30.0,0.0,0.0,0.0,0.0
1679,28.3631317,0.0,0.0,30.0,0.0,0.0,0.0,0.0
1680,28.3771469,0.0,0.0,30.0,0.0,0.0,0.0,0.0
1681,28.3923127,0.0,0.0,30.0,0.0,0.0,0.0,0.0
1682,28.4087235,0.0,0.0,30.0,0.0,0.0,0.0,0.0
1683,28.4264816,0.0,0.0,30.0,0.0,0.0,0.0,0.0
1684,28.4456975,0.0,0.0,30.0,0.0,0.0,0.0,0.0
1685,28.4664908,0.0,0.0,30.0,0.0,0.0,0.0,0.0
1686,28.488991,0.0,0.0,30.0,0.0,0.0,0.0,0.0
1687,28.5133386,0.0,0.0,30.0,0.0,0.0,0.0,0.0
1688,28.5396851,0.0,0.0,30.0,0.0,0.0,0.0,0.0
1689,28.5681927,0.0,0.0,30.0,0.0,0.0,0.0,0.0
1690,28.5990399,0.0,0.0,30.0,0.0,0.0,0.0,0.0
1691,28.6324274,0.0,0.0,30.0,0.0,0.0,0.0,0.0
1692,28.668558,0.0,0.0,30.0,0.0,0.0,0.0,0.0
1693,28.707614,0.0,0.0,30.0,0.0,0.0,0.0,0.0
1694,28.7498688,0.0,0.0,30.0,0.0,0.0,0.0,0.0
1695,28.795794,0.0,0.0,30.0,0.0,0.0,0.0,0.0
1696,28.8455039,0.0,0.0,30.0,0.0,0.0,0.0,0.0
1697,28.8982911,0.0,0.0,30.0,0.0,0.0,0.0,0.0
1698,28.9554446,0.0,0.0,30.0,0.0,0.0,0.0,0.0
1699,29.0222657,0.0,0.0,30.0,0.0,0.0,0.0,0.0
1700,29.0938794,0.0,0.0,30.0,0.0,0.0,0.0,0.0
1701,29.1467484,0.0,0.0,30.0,0.0,0.0,0.0,0.0
1702,29.2100086,0.0,0.0,30.0,0.0,0.0,0.0,0.0
1703,29.4000251,0.0,0.0,30.0,0.0,0.0,0.0,0.0
1704,29.5627617,0.0,0.0,30.0,0.0,0.0,0.0,0.0
1705,29.1382371,0.0,0.0,30.0,0.0,0.0,0.0,0.0
1706,29.0148365,0.0,0.0,30.0,0.0,0.0,0.0,0.0
1707,29.9065178,0.0,0.0,30.0,0.0,0.0,0.0,0.0
1708,30.0,0.0,0.0,30.0,0.0,0.0,0.0,0.0
1709,30.0,0.0,0.0,30.0,0.0,0.0,0.0,0.0
1710,23.891103,0.0,0.0,30.0,0.0,0.0,0.0,0.0
1711,23.6889133,0.0,0.0,30.0,0.0,0.0,0.0,0.0
1712,0.0,0.0,0.0,0.0,0.0,0.0,0.0,0.0
1713,30.0,0.0,0.0,4.24215555,0.0,0.0,0.0,0.0
1714,30.0,0.0,0.0,6.21558261,0.0,0.0,0.0,0.0
1715,0.0,0.0,0.0,16.821143,0.0,0.0,0.0,0.0
1716,0.0,0.0,0.0,22.0224509,0.0,0.0,0.0,0.0
1717,0.0,0.0,0.0,23.4858191,0.0,0.0,0.0,0.0
1718,0.0,0.0,0.0,23.9723774,0.0,0.0,0.0,0.0
1719,0.0,0.0,0.0,24.8689566,0.0,0.0,0.0,0.0
1720,0.0,0.0,0.0,25.7150738,0.0,0.0,0.0,0.0
1721,0.0,0.0,0.0,26.3186973,0.0,0.0,0.0,0.0
1722,0.0,0.0,0.0,26.7653254,0.0,0.0,0.0,0.0
1723,0.0,0.0,0.0,27.0895284,0.0,0.0,0.0,0.0
1724,0.0,0.0,0.0,27.2822035,0.0,0.0,0.0,0.0
1725,0.0,0.0,0.0,27.3413161,0.0,0.0,0.0,0.0
1726,0.0,0.0,0.0,27.2695901,0.0,0.0,0.0,0.0
1727,0.0,0.0,0.0,27.0673952,0.0,0.0,0.0,0.0
1728,0.0,0.0,0.0,26.7324818,0.0,0.0,0.0,0.0
1729,0.0,0.0,0.0,26.256775,0.0,0.0,0.0,0.0
1730,0.0,0.0,0.0,25.6323564,0.0,0.0,0.0,0.0
1731,0.0,0.0,0.0,24.8783767,0.0,0.0,0.0,0.0
1732,0.0,0.0,0.0,23.9967867,0.0,0.0,0.0,0.0
1733,0.0,0.0,0.0,22.8047231,0.0,0.0,0.0,0.0
1734,0.0,0.0,0.0,21.247438,0.0,0.0,0.0,0.0
1735,0.0,0.0,0.0,20.4247573,0.0,0.0,0.0,0.0
1736,0.0,0.0,0.0,20.4007986,0.0,0.0,0.0,0.0
1737,0.0,0.0,0.0,13.9581131,0.0,0.0,0.0,0.0
1738,0.0,0.0,0.0,1.89195953,0.0,0.0,0.0,0.0
1739,0.0,0.0,0.0,5.90614328,0.0,0.0,0.0,0.0
1740,30.0,0.0,0.0,30.0,0.0,0.0,0.0,0.0
1741,30.0,0.0,0.0,30.0,0.0,0.0,0.0,0.0
1742,30.0,0.0,0.0,30.0,0.0,0.0,0.0,0.0
1743,30.0,0.0,0.0,30.0,0.0,0.0,0.0,0.0
1744,30.0,0.0,0.0,30.0,0.0,0.0,0.0,0.0
1745,30.0,0.0,0.0,30.0,0.0,0.0,0.0,0.0
1746,30.0,0.0,0.0,30.0,0.0,0.0,0.0,0.0
1747,30.0,0.0,0.0,30.0,0.0,0.0,0.0,0.0
1748,30.0,0.0,0.0,30.0,0.0,0.0,0.0,0.0
1749,30.0,0.0,0.0,30.0,0.0,0.0,0.0,0.0
1750,30.0,0.0,0.0,30.0,0.0,0.0,0.0,0.0
1751,30.0,0.0,0.0,30.0,0.0,0.0,0.0,0.0
1752,28.7631917,0.0,0.0,30.0,0.0,0.0,0.0,0.0
1753,23.5071464,0.0,0.0,30.0,0.0,0.0,0.0,0.0
1754,24.4810295,0.0,0.0,30.0,0.0,0.0,0.0,0.0
1755,30.0,0.0,0.0,30.0,0.0,0.0,0.0,0.0
1756,30.0,0.0,0.0,30.0,0.0,0.0,0.0,0.0
1757,30.0,0.0,0.0,30.0,0.0,0.0,0.0,0.0
1758,30.0,0.0,0.0,30.0,0.0,0.0,0.0,0.0
1759,30.0,0.0,0.0,30.0,0.0,0.0,0.0,0.0
1760,29.3428211,0.0,0.0,30.0,0.0,0.0,0.0,0.0
1761,28.9123013,0.0,0.0,30.0,0.0,0.0,0.0,0.0
1762,28.8323665,0.0,0.0,30.0,0.0,0.0,0.0,0.0
1763,28.6408366,0.0,0.0,30.0,0.0,0.0,0.0,0.0
1764,28.6215593,0.0,0.0,30.0,0.0,0.0,0.0,0.0
1765,28.6172925,0.0,0.0,30.0,0.0,0.0,0.0,0.0
1766,28.5814906,0.0,0.0,30.0,0.0,0.0,0.0,0.0
1767,28.5463496,0.0,0.0,30.0,0.0,0.0,0.0,0.0
1768,28.5203377,0.0,0.0,30.0,0.0,0.0,0.0,0.0
1769,28.496575,0.0,0.0,30.0,0.0,0.0,0.0,0.0
1770,28.4733069,0.0,0.0,30.0,0.0,0.0,0.0,0.0
1771,28.4517763,0.0,0.0,30.0,0.0,0.0,0.0,0.0
1772,28.4321432,0.0,0.0,30.0,0.0,0.0,0.0,0.0
1773,28.4139995,0.0,0.0,30.0,0.0,0.0,0.0,0.0
1774,28.3971791,0.0,0.0,30.0,0.0,0.0,0.0,0.0
1775,28.3816359,0.0,0.0,30.0,0.0,0.0,0.0,0.0
1776,28.3672826,0.0,0.0,30.0,0.0,0.0,0.0,0.0
1777,28.3540178,0.0,0.0,30.0,0.0,0.0,0.0,0.0
1778,28.3417573,0.0,0.0,30.0,0.0,0.0,0.0,0.0
1779,28.3304271,0.0,0.0,30.0,0.0,0.0,0.0,0.0
1780,28.319957,0.0,0.0,30.0,0.0,0.0,0.0,0.0
1781,28.3102813,0.0,0.0,30.0,0.0,0.0,0.0,0.0
1782,28.3013398,0.0,0.0,30.0,0.0,0.0,0.0,0.0
1783,28.2930767,0.0,0.0,30.0,0.0,0.0,0.0,0.0
1784,28.2854407,0.0,0.0,30.0,0.0,0.0,0.0,0.0
1785,28.2783842,0.0,0.0,30.0,0.0,0.0,0.0,0.0
1786,28.2718632,0.0,0.0,30.0,0.0,0.0,0.0,0.0
1787,28.2658372,0.0,0.0,30.0,0.0,0.0,0.0,0.0
1788,28.2602687,0.0,0.0,30.0,0.0,0.0,0.0,0.0
1789,28.2551228,0.0,0.0,30.0,0.0,0.0,0.0,0.0
1790,28.2503677,0.0,0.0,30.0,0.0,0.0,0.0,0.0
1791,28.2459737,0.0,0.0,30.0,0.0,0.0,0.0,0.0
1792,28.2419135,0.0,0.0,30.0,0.0,0.0,0.0,0.0
1793,28.2381617,0.0,0.0,30.0,0.0,0.0,0.0,0.0
1794,28.234695,0.0,0.0,30.0,0.0,0.0,0.0,0.0
1795,28.2314918,0.0,0.0,30.0,0.0,0.0,0.0,0.0
1796,28.2285321,0.0,0.0,30.0,0.0,0.0,0.0,0.0
1797,28.2257976,0.0,0.0,30.0,0.0,0.0,0.0,0.0
1798,28.2232711,0.0,0.0,30.0,0.0,0.0,0.0,0.0
1799,28.2209371,0.0,0.0,30.0,0.0,0.0,0.0,0.0
1800,28.2187809,0.0,0.0,30.0,0.0,0.0,0.0,0.0
1801,28.216789,0.0,0.0,30.0,0.0,0.0,0.0,0.0
1802,28.2149492,0.0,0.0,30.0,0.0,0.0,0.0,0.0
1803,28.2132499,0.0,0.0,30.0,0.0,0.0,0.0,0.0
1804,28.2116806,0.0,0.0,30.0,0.0,0.0,0.0,0.0
1805,28.2102315,0.0,0.0,30.0,0.0,0.0,0.0,0.0
1806,28.2088935,0.0,0.0,30.0,0.0,0.0,0.0,0.0
1807,28.2076584,0.0,0.0,30.0,0.0,0.0,0.0,0.0
1808,28.2065184,0.0,0.0,30.0,0.0,0.0,0.0,0.0
1809,28.2054664,0.0,0.0,30.0,0.0,0.0,0.0,0.0
1810,28.204496,0.0,0.0,30.0,0.0,0.0,0.0,0.0
1811,28.203601,0.0,0.0,30.0,0.0,0.0,0.0,0.0
1812,28.2027758,0.0,0.0,30.0,0.0,0.0,0.0,0.0
1813,28.2020154,0.0,0.0,30.0,0.0,0.0,0.0,0.0
1814,28.201315,0.0,0.0,30.0,0.0,0.0,0.0,0.0
1815,28.2006702,0.0,0.0,30.0,0.0,0.0,0.0,0.0
1816,28.2000771,0.0,0.0,30.0,0.0,0.0,0.0,0.0
1817,28.1995319,0.0,0.0,30.0,0.0,0.0,0.0,0.0
1818,28.1990312,0.0,0.0,30.0,0.0,0.0,0.0,0.0
1819,28.1985719,0.0,0.0,30.0,0.0,0.0,0.0,0.0
1820,28.1981512,0.0,0.0,30.0,0.0,0.0,0.0,0.0
1821,28.1977665,0.0,0.0,30.0,0.0,0.0,0.0,0.0
1822,28.1974152,0.0,0.0,30.0,0.0,0.0,0.0,0.0
1823,28.1970954,0.0,0.0,30.0,0.0,0.0,0.0,0.0
1824,28.1968048,0.0,0.0,30.0,0.0,0.0,0.0,0.0
1825,28.1965419,0.0,0.0,30.0,0.0,0.0,0.0,0.0
1826,28.1963048,0.0,0.0,30.0,0.0,0.0,0.0,0.0
1827,28.1960922,0.0,0.0,30.0,0.0,0.0,0.0,0.0
1828,28.1959027,0.0,0.0,30.0,0.0,0.0,0.0,0.0
1829,28.1957351,0.0,0.0,30.0,0.0,0.0,0.0,0.0
1830,28.1955884,0.0,0.0,30.0,0.0,0.0,0.0,0.0
1831,28.1954617,0.0,0.0,30.0,0.0,0.0,0.0,0.0
1832,28.1953541,0.0,0.0,30.0,0.0,0.0,0.0,0.0
1833,28.1952651,0.0,0.0,30.0,0.0,0.0,0.0,0.0
1834,28.195194,0.0,0.0,30.0,0.0,0.0,0.0,0.0
1835,28.1951405,0.0,0.0,30.0,0.0,0.0,0.0,0.0
1836,28.1951041,0.0,0.0,30.0,0.0,0.0,0.0,0.0
1837,28.1950847,0.0,0.0,30.0,0.0,0.0,0.0,0.0
1838,28.1950822,0.0,0.0,30.0,0.0,0.0,0.0,0.0
1839,28.1950964,0.0,0.0,30.0,0.0,0.0,0.0,0.0
1840,28.1951276,0.0,0.0,30.0,0.0,0.0,0.0,0.0
1841,28.1951759,0.0,0.0,30.0,0.0,0.0,0.0,0.0
1842,28.1952416,0.0,0.0,30.0,0.0,0.0,0.0,0.0
1843,28.1953251,0.0,0.0,30.0,0.0,0.0,0.0,0.0
1844,28.1954269,0.0,0.0,30.0,0.0,0.0,0.0,0.0
1845,28.1955477,0.0,0.0,30.0,0.0,0.0,0.0,0.0
1846,28.1956882,0.0,0.0,30.0,0.0,0.0,0.0,0.0
1847,28.1958493,0.0,0.0,30.0,0.0,0.0,0.0,0.0
1848,28.196032,0.0,0.0,30.0,0.0,0.0,0.0,0.0
1849,28.1962374,0.0,0.0,30.0,0.0,0.0,0.0,0.0
1850,28.1964669,0.0,0.0,30.0,0.0,0.0,0.0,0.0
1851,28.1967218,0.0,0.0,30.0,0.0,0.0,0.0,0.0
1852,28.1970037,0.0,0.0,30.0,0.0,0.0,0.0,0.0
1853,28.1973145,0.0,0.0,30.0,0.0,0.0,0.0,0.0
1854,28.1976559,0.0,0.0,30.0,0.0,0.0,0.0,0.0
1855,28.1980302,0.0,0.0,30.0,0.0,0.0,0.0,0.0
1856,28.1984397,0.0,0.0,30.0,0.0,0.0,0.0,0.0
1857,28.1988869,0.0,0.0,30.0,0.0,0.0,0.0,0.0
1858,28.1993746,0.0,0.0,30.0,0.0,0.0,0.0,0.0
1859,28.1999059,0.0,0.0,30.0,0.0,0.0,0.0,0.0
1860,28.2004841,0.0,0.0,30.0,0.0,0.0,0.0,0.0
1861,28.2011127,0.0,0.0,30.0,0.0,0.0,0.0,0.0
1862,28.2017957,0.0,0.0,30.0,0.0,0.0,0.0,0.0
1863,28.2025373,0.0,0.0,30.0,0.0,0.0,0.0,0.0
1864,28.2033422,0.0,0.0,30.0,0.0,0.0,0.0,0.0
1865,28.2042153,0.0,0.0,30.0,0.0,0.0,0.0,0.0
1866,28.2051621,0.0,0.0,30.0,0.0,0.0,0.0,0.0
1867,28.2061886,0.0,0.0,30.0,0.0,0.0,0.0,0.0
1868,28.207301,0.0,0.0,30.0,0.0,0.0,0.0,0.0
1869,28.2085063,0.0,0.0,30.0,0.0,0.0,0.0,0.0
1870,28.2098121,0.0,0.0,30.0,0.0,0.0,0.0,0.0
1871,28.2112264,0.0,0.0,30.0,0.0,0.0,0.0,0.0
1872,28.2127581,0.0,0.0,30.0,0.0,0.0,0.0,0.0
1873,28.2144167,0.0,0.0,30.0,0.0,0.0,0.0,0.0
1874,28.2162125,0.0,0.0,30.0,0.0,0.0,0.0,0.0
1875,28.2181567,0.0,0.0,30.0,0.0,0.0,0.0,0.0
1876,28.2202615,0.0,0.0,30.0,0.0,0.0,0.0,0.0
1877,28.2225399,0.0,0.0,30.0,0.0,0.0,0.0,0.0
1878,28.2250061,0.0,0.0,30.0,0.0,0.0,0.0,0.0
1879,28.2276754,0.0,0.0,30.0,0.0,0.0,0.0,0.0
1880,28.2305646,0.0,0.0,30.0,0.0,0.0,0.0,0.0
1881,28.2336916,0.0,0.0,30.0,0.0,0.0,0.0,0.0
1882,28.2370758,0.0,0.0,30.0,0.0,0.0,0.0,0.0
1883,28.2407384,0.0,0.0,30.0,0.0,0.0,0.0,0.0
1884,28.2447021,0.0,0.0,30.0,0.0,0.0,0.0,0.0
1885,28.2489917,0.0,0.0,30.0,0.0,0.0,0.0,0.0
1886,28.2536338,0.0,0.0,30.0,0.0,0.0,0.0,0.0
1887,28.2586573,0.0,0.0,30.0,0.0,0.0,0.0,0.0
1888,28.2640936,0.0,0.0,30.0,0.0,0.0,0.0,0.0
1889,28.2699765,0.0,0.0,30.0,0.0,0.0,0.0,0.0
1890,28.2763426,0.0,0.0,30.0,0.0,0.0,0.0,0.0
1891,28.2832315,0.0,0.0,30.0,0.0,0.0,0.0,0.0
1892,28.2906863,0.0,0.0,30.0,0.0,0.0,0.0,0.0
1893,28.2987532,0.0,0.0,30.0,0.0,0.0,0.0,0.0
1894,28.3074826,0.0,0.0,30.0,0.0,0.0,0.0,0.0
1895,28.3169287,0.0,0.0,30.0,0.0,0.0,0.0,0.0
1896,28.3271504,0.0,0.0,30.0,0.0,0.0,0.0,0.0
1897,28.3382114,0.0,0.0,30.0,0.0,0.0,0.0,0.0
1898,28.3501806,0.0,0.0,30.0,0.0,0.0,0.0,0.0
1899,28.3631324,0.0,0.0,30.0,0.0,0.0,0.0,0.0
1900,28.3771475,0.0,0.0,30.0,0.0,0.0,0.0,0.0
1901,28.3923132,0.0,0.0,30.0,0.0,0.0,0.0,0.0
1902,28.408724,0.0,0.0,30.0,0.0,0.0,0.0,0.0
1903,28.4264821,0.0,0.0,30.0,0.0,0.0,0.0,0.0
1904,28.4456979,0.0,0.0,30.0,0.0,0.0,0.0,0.0
1905,28.4664912,0.0,0.0,30.0,0.0,0.0,0.0,0.0
1906,28.4889914,0.0,0.0,30.0,0.0,0.0,0.0,0.0
1907,28.513339,0.0,0.0,30.0,0.0,0.0,0.0,0.0
1908,28.5396854,0.0,0.0,30.0,0.0,0.0,0.0,0.0
1909,28.568193,0.0,0.0,30.0,0.0,0.0,0.0,0.0
1910,28.5990402,0.0,0.0,30.0,0.0,0.0,0.0,0.0
1911,28.6324277,0.0,0.0,30.0,0.0,0.0,0.0,0.0
1912,28.6685583,0.0,0.0,30.0,0.0,0.0,0.0,0.0
1913,28.7076143,0.0,0.0,30.0,0.0,0.0,0.0,0.0
1914,28.749869,0.0,0.0,30.0,0.0,0.0,0.0,0.0
1915,28.7957942,0.0,0.0,30.0,0.0,0.0,0.0,0.0
1916,28.8455041,0.0,0.0,30.0,0.0,0.0,0.0,0.0
1917,28.8982912,0.0,0.0,30.0,0.0,0.0,0.0,0.0
1918,28.9554447,0.0,0.0,30.0,0.0,0.0,0.0,0.0
1919,29.0222659,0.0,0.0,30.0,0.0,0.0,0.0,0.0
1920,29.0938795,0.0,0.0,30.0,0.0,0.0,0.0,0.0
1921,29.1467485,0.0,0.0,30.0,0.0,0.0,0.0,0.0
1922,29.2100087,0.0,0.0,30.0,0.0,0.0,0.0,0.0
1923,29.4000252,0.0,0.0,30.0,0.0,0.0,0.0,0.0
1924,29.5627618,0.0,0.0,30.0,0.0,0.0,0.0,0.0
1925,29.1382372,0.0,0.0,30.0,0.0,0.0,0.0,0.0
1926,29.0148366,0.0,0.0,30.0,0.0,0.0,0.0,0.0
1927,29.9065178,0.0,0.0,30.0,0.0,0.0,0.0,0.0
1928,30.0,0.0,0.0,30.0,0.0,0.0,0.0,0.0
1929,30.0,0.0,0.0,30.0,0.0,0.0,0.0,0.0
1930,23.8911033,0.0,0.0,30.0,0.0,0.0,0.0,0.0
1931,23.6889134,0.0,0.0,30.0,0.0,0.0,0.0,0.0
1932,0.0,0.0,0.0,0.0,0.0,0.0,0.0,0.0
1933,30.0,0.0,0.0,4.91746217,0.0,0.0,0.0,0.0
1934,30.0,0.0,0.0,7.02734753,0.0,0.0,0.0,0.0
1935,0.0,0.0,0.0,17.7123086,0.0,0.0,0.0,0.0
1936,0.0,0.0,0.0,23.2690326,0.0,0.0,0.0,0.0
1937,0.0,0.0,0.0,24.9543813,0.0,0.0,0.0,0.0
1938,0.0,0.0,0.0,25.6476614,0.0,0.0,0.0,0.0
1939,0.0,0.0,0.0,26.7895881,0.0,0.0,0.0,0.0
1940,0.0,0.0,0.0,27.8833453,0.0,0.0,0.0,0.0
1941,0.0,0.0,0.0,28.7946574,0.0,0.0,0.0,0.0
1942,0.0,0.0,0.0,29.5475471,0.0,0.0,0.0,0.0
1943,0.245962814,0.0,0.0,30.0,0.0,0.0,0.0,0.0
1944,1.82204195,0.0,0.0,30.0,0.0,0.0,0.0,0.0
1945,3.26785546,0.0,0.0,30.0,0.0,0.0,0.0,0.0
1946,4.42209102,0.0,0.0,30.0,0.0,0.0,0.0,0.0
1947,5.48665639,0.0,0.0,30.0,0.0,0.0,0.0,0.0
1948,6.43194524,0.0,0.0,30.0,0.0,0.0,0.0,0.0
1949,7.22820961,0.0,0.0,30.0,0.0,0.0,0.0,0.0
1950,7.90083332,0.0,0.0,30.0,0.0,0.0,0.0,0.0
1951,8.45522311,0.0,0.0,30.0,0.0,0.0,0.0,0.0
1952,8.82961504,0.0,0.0,30.0,0.0,0.0,0.0,0.0
1953,9.06139976,0.0,0.0,30.0,0.0,0.0,0.0,0.0
1954,9.46393162,0.0,0.0,30.0,0.0,0.0,0.0,0.0
1955,9.82589935,0.0,0.0,30.0,0.0,0.0,0.0,0.0
1956,8.62599752,0.0,0.0,30.0,0.0,0.0,0.0,0.0
1957,7.07988632,0.0,0.0,30.0,0.0,0.0,0.0,0.0
1958,12.6433407,0.0,0.0,30.0,0.0,0.0,0.0,0.0
1959,17.3894464,0.0,0.0,30.0,0.0,0.0,0.0,0.0
1960,20.6362496,0.0,0.0,30.0,0.0,0.0,0.0,0.0
1961,24.5489436,0.0,0.0,30.0,0.0,0.0,0.0,0.0
1962,26.6128704,0.0,0.0,30.0,0.0,0.0,0.0,0.0
1963,27.639306,0.0,0.0,30.0,0.0,0.0,0.0,0.0
1964,27.4421145,0.0,0.0,30.0,0.0,0.0,0.0,0.0
1965,28.4155962,0.0,0.0,30.0,0.0,0.0,0.0,0.0
1966,29.0979471,0.0,0.0,30.0,0.0,0.0,0.0,0.0
1967,30.0,0.0,0.0,30.0,0.0,0.0,0.0,0.0
1968,30.0,0.0,0.0,30.0,0.0,0.0,0.0,0.0
1969,30.0,0.0,0.0,30.0,0.0,0.0,0.0,0.0
1970,30.0,0.0,0.0,30.0,0.0,0.0,0.0,0.0
1971,30.0,0.0,0.0,30.0,0.0,0.0,0.0,0.0
1972,30.0,0.0,0.0,30.0,0.0,0.0,0.0,0.0
1973,30.0,0.0,0.0,30.0,0.0,0.0,0.0,0.0
1974,30.0,0.0,0.0,30.0,0.0,0.0,0.0,0.0
1975,30.0,0.0,0.0,30.0,0.0,0.0,0.0,0.0
1976,30.0,0.0,0.0,30.0,0.0,0.0,0.0,0.0
1977,30.0,0.0,0.0,30.0,0.0,0.0,0.0,0.0
1978,30.0,0.0,0.0,30.0,0.0,0.0,0.0,0.0
1979,30.0,0.0,0.0,30.0,0.0,0.0,0.0,0.0
1980,29.2993319,0.0,0.0,30.0,0.0,0.0,0.0,0.0
1981,29.2606855,0.0,0.0,30.0,0.0,0.0,0.0,0.0
1982,29.3141329,0.0,0.0,30.0,0.0,0.0,0.0,0.0
1983,29.0519569,0.0,0.0,30.0,0.0,0.0,0.0,0.0
1984,28.9685482,0.0,0.0,30.0,0.0,0.0,0.0,0.0
1985,28.9455798,0.0,0.0,30.0,0.0,0.0,0.0,0.0
1986,28.8913479,0.0,0.0,30.0,0.0,0.0,0.0,0.0
1987,28.8310276,0.0,0.0,30.0,0.0,0.0,0.0,0.0
1988,28.7821517,0.0,0.0,30.0,0.0,0.0,0.0,0.0
1989,28.7388925,0.0,0.0,30.0,0.0,0.0,0.0,0.0
1990,28.6974901,0.0,0.0,30.0,0.0,0.0,0.0,0.0
1991,28.6588745,0.0,0.0,30.0,0.0,0.0,0.0,0.0
1992,28.6234829,0.0,0.0,30.0,0.0,0.0,0.0,0.0
1993,28.5908413,0.0,0.0,30.0,0.0,0.0,0.0,0.0
1994,28.5606151,0.0,0.0,30.0,0.0,0.0,0.0,0.0
1995,28.5326702,0.0,0.0,30.0,0.0,0.0,0.0,0.0
1996,28.5068578,0.0,0.0,30.0,0.0,0.0,0.0,0.0
1997,28.4830057,0.0,0.0,30.0,0.0,0.0,0.0,0.0
1998,28.4609606,0.0,0.0,30.0,0.0,0.0,0.0,0.0
1999,28.4405876,0.0,0.0,30.0,0.0,0.0,0.0,0.0
2000,28.4217608,0.0,0.0,30.0,0.0,0.0,0.0,0.0
2001,28.4043624,0.0,0.0,30.0,0.0,0.0,0.0,0.0
2002,28.3882839,0.0,0.0,30.0,0.0,0.0,0.0,0.0
2003,28.3734253,0.0,0.0,30.0,0.0,0.0,0.0,0.0
2004,28.3596942,0.0,0.0,30.0,0.0,0.0,0.0,0.0
2005,28.3470048,0.0,0.0,30.0,0.0,0.0,0.0,0.0
2006,28.3352784,0.0,0.0,30.0,0.0,0.0,0.0,0.0
2007,28.3244418,0.0,0.0,30.0,0.0,0.0,0.0,0.0
2008,28.3144275,0.0,0.0,30.0,0.0,0.0,0.0,0.0
2009,28.3051733,0.0,0.0,30.0,0.0,0.0,0.0,0.0
2010,28.2966214,0.0,0.0,30.0,0.0,0.0,0.0,0.0
2011,28.2887186,0.0,0.0,30.0,0.0,0.0,0.0,0.0
2012,28.2814158,0.0,0.0,30.0,0.0,0.0,0.0,0.0
2013,28.2746673,0.0,0.0,30.0,0.0,0.0,0.0,0.0
2014,28.2684313,0.0,0.0,30.0,0.0,0.0,0.0,0.0
2015,28.2626689,0.0,0.0,30.0,0.0,0.0,0.0,0.0
2016,28.2573442,0.0,0.0,30.0,0.0,0.0,0.0,0.0
2017,28.252424,0.0,0.0,30.0,0.0,0.0,0.0,0.0
2018,28.2478777,0.0,0.0,30.0,0.0,0.0,0.0,0.0
2019,28.243677,0.0,0.0,30.0,0.0,0.0,0.0,0.0
2020,28.2397957,0.0,0.0,30.0,0.0,0.0,0.0,0.0
2021,28.2362097,0.0,0.0,30.0,0.0,0.0,0.0,0.0
2022,28.2328967,0.0,0.0,30.0,0.0,0.0,0.0,0.0
2023,28.2298359,0.0,0.0,30.0,0.0,0.0,0.0,0.0
2024,28.2270084,0.0,0.0,30.0,0.0,0.0,0.0,0.0
2025,28.2243965,0.0,0.0,30.0,0.0,0.0,0.0,0.0
2026,28.221984,0.0,0.0,30.0,0.0,0.0,0.0,0.0
2027,28.2197558,0.0,0.0,30.0,0.0,0.0,0.0,0.0
2028,28.2176981,0.0,0.0,30.0,0.0,0.0,0.0,0.0
2029,28.215798,0.0,0.0,30.0,0.0,0.0,0.0,0.0
2030,28.2140438,0.0,0.0,30.0,0.0,0.0,0.0,0.0
2031,28.2124245,0.0,0.0,30.0,0.0,0.0,0.0,0.0
2032,28.21093,0.0,0.0,30.0,0.0,0.0,0.0,0.0
2033,28.209551,0.0,0.0,30.0,0.0,0.0,0.0,0.0
2034,28.208279,0.0,0.0,30.0,0.0,0.0,0.0,0.0
2035,28.2071059,0.0,0.0,30.0,0.0,0.0,0.0,0.0
2036,28.2060246,0.0,0.0,30.0,0.0,0.0,0.0,0.0
2037,28.2050282,0.0,0.0,30.0,0.0,0.0,0.0,0.0
2038,28.2041106,0.0,0.0,30.0,0.0,0.0,0.0,0.0
2039,28.203266,0.0,0.0,30.0,0.0,0.0,0.0,0.0
2040,28.2024892,0.0,0.0,30.0,0.0,0.0,0.0,0.0
2041,28.2017753,0.0,0.0,30.0,0.0,0.0,0.0,0.0
2042,28.20112,0.0,0.0,30.0,0.0,0.0,0.0,0.0
2043,28.200519,0.0,0.0,30.0,0.0,0.0,0.0,0.0
2044,28.1999688,0.0,0.0,30.0,0.0,0.0,0.0,0.0
2045,28.1994658,0.0,0.0,30.0,0.0,0.0,0.0,0.0
2046,28.1990069,0.0,0.0,30.0,0.0,0.0,0.0,0.0
2047,28.1985893,0.0,0.0,30.0,0.0,0.0,0.0,0.0
2048,28.1982104,0.0,0.0,30.0,0.0,0.0,0.0,0.0
2049,28.1978677,0.0,0.0,30.0,0.0,0.0,0.0,0.0
2050,28.1975592,0.0,0.0,30.0,0.0,0.0,0.0,0.0
2051,28.197283,0.0,0.0,30.0,0.0,0.0,0.0,0.0
2052,28.1970373,0.0,0.0,30.0,0.0,0.0,0.0,0.0
2053,28.1968206,0.0,0.0,30.0,0.0,0.0,0.0,0.0
2054,28.1966315,0.0,0.0,30.0,0.0,0.0,0.0,0.0
2055,28.1964689,0.0,0.0,30.0,0.0,0.0,0.0,0.0
2056,28.1963318,0.0,0.0,30.0,0.0,0.0,0.0,0.0
2057,28.1962193,0.0,0.0,30.0,0.0,0.0,0.0,0.0
2058,28.1961306,0.0,0.0,30.0,0.0,0.0,0.0,0.0
2059,28.1960653,0.0,0.0,30.0,0.0,0.0,0.0,0.0
2060,28.196023,0.0,0.0,30.0,0.0,0.0,0.0,0.0
2061,28.1960033,0.0,0.0,30.0,0.0,0.0,0.0,0.0
2062,28.1960062,0.0,0.0,30.0,0.0,0.0,0.0,0.0
2063,28.1960317,0.0,0.0,30.0,0.0,0.0,0.0,0.0
2064,28.1960799,0.0,0.0,30.0,0.0,0.0,0.0,0.0
2065,28.1961512,0.0,0.0,30.0,0.0,0.0,0.0,0.0
2066,28.1962459,0.0,0.0,30.0,0.0,0.0,0.0,0.0
2067,28.1963647,0.0,0.0,30.0,0.0,0.0,0.0,0.0
2068,28.1965083,0.0,0.0,30.0,0.0,0.0,0.0,0.0
2069,28.1966776,0.0,0.0,30.0,0.0,0.0,0.0,0.0
2070,28.1968737,0.0,0.0,30.0,0.0,0.0,0.0,0.0
2071,28.1970977,0.0,0.0,30.0,0.0,0.0,0.0,0.0
2072,28.1973511,0.0,0.0,30.0,0.0,0.0,0.0,0.0
2073,28.1976355,0.0,0.0,30.0,0.0,0.0,0.0,0.0
2074,28.1979526,0.0,0.0,30.0,0.0,0.0,0.0,0.0
2075,28.1983044,0.0,0.0,30.0,0.0,0.0,0.0,0.0
2076,28.1986931,0.0,0.0,30.0,0.0,0.0,0.0,0.0
2077,28.199121,0.0,0.0,30.0,0.0,0.0,0.0,0.0
2078,28.199591,0.0,0.0,30.0,0.0,0.0,0.0,0.0
2079,28.2001059,0.0,0.0,30.0,0.0,0.0,0.0,0.0
2080,28.2006688,0.0,0.0,30.0,0.0,0.0,0.0,0.0
2081,28.2012834,0.0,0.0,30.0,0.0,0.0,0.0,0.0
2082,28.2019535,0.0,0.0,30.0,0.0,0.0,0.0,0.0
2083,28.2026831,0.0,0.0,30.0,0.0,0.0,0.0,0.0
2084,28.2034769,0.0,0.0,30.0,0.0,0.0,0.0,0.0
2085,28.2043398,0.0,0.0,30.0,0.0,0.0,0.0,0.0
2086,28.2052772,0.0,0.0,30.0,0.0,0.0,0.0,0.0
2087,28.2062949,0.0,0.0,30.0,0.0,0.0,0.0,0.0
2088,28.2073993,0.0,0.0,30.0,0.0,0.0,0.0,0.0
2089,28.2085971,0.0,0.0,30.0,0.0,0.0,0.0,0.0
2090,28.209896,0.0,0.0,30.0,0.0,0.0,0.0,0.0
2091,28.211304,0.0,0.0,30.0,0.0,0.0,0.0,0.0
2092,28.2128298,0.0,0.0,30.0,0.0,0.0,0.0,0.0
2093,28.2144829,0.0,0.0,30.0,0.0,0.0,0.0,0.0
2094,28.2162737,0.0,0.0,30.0,0.0,0.0,0.0,0.0
2095,28.2182133,0.0,0.0,30.0,0.0,0.0,0.0,0.0
2096,28.2203137,0.0,0.0,30.0,0.0,0.0,0.0,0.0
2097,28.2225882,0.0,0.0,30.0,0.0,0.0,0.0,0.0
2098,28.2250507,0.0,0.0,30.0,0.0,0.0,0.0,0.0
2099,28.2277167,0.0,0.0,30.0,0.0,0.0,0.0,0.0
2100,28.2306027,0.0,0.0,30.0,0.0,0.0,0.0,0.0
2101,28.2337268,0.0,0.0,30.0,0.0,0.0,0.0,0.0
2102,28.2371084,0.0,0.0,30.0,0.0,0.0,0.0,0.0
2103,28.2407685,0.0,0.0,30.0,0.0,0.0,0.0,0.0
2104,28.2447299,0.0,0.0,30.0,0.0,0.0,0.0,0.0
2105,28.2490174,0.0,0.0,30.0,0.0,0.0,0.0,0.0
2106,28.2536575,0.0,0.0,30.0,0.0,0.0,0.0,0.0
2107,28.2586792,0.0,0.0,30.0,0.0,0.0,0.0,0.0
2108,28.2641139,0.0,0.0,30.0,0.0,0.0,0.0,0.0
2109,28.2699952,0.0,0.0,30.0,0.0,0.0,0.0,0.0
2110,28.2763599,0.0,0.0,30.0,0.0,0.0,0.0,0.0
2111,28.2832475,0.0,0.0,30.0,0.0,0.0,0.0,0.0
2112,28.2907011,0.0,0.0,30.0,0.0,0.0,0.0,0.0
2113,28.2987669,0.0,0.0,30.0,0.0,0.0,0.0,0.0
2114,28.3074952,0.0,0.0,30.0,0.0,0.0,0.0,0.0
2115,28.3169403,0.0,0.0,30.0,0.0,0.0,0.0,0.0
2116,28.3271612,0.0,0.0,30.0,0.0,0.0,0.0,0.0
2117,28.3382214,0.0,0.0,30.0,0.0,0.0,0.0,0.0
2118,28.3501897,0.0,0.0,30.0,0.0,0.0,0.0,0.0
2119,28.3631409,0.0,0.0,30.0,0.0,0.0,0.0,0.0
2120,28.3771553,0.0,0.0,30.0,0.0,0.0,0.0,0.0
2121,28.3923205,0.0,0.0,30.0,0.0,0.0,0.0,0.0
2122,28.4087307,0.0,0.0,30.0,0.0,0.0,0.0,0.0
2123,28.4264882,0.0,0.0,30.0,0.0,0.0,0.0,0.0
2124,28.4457036,0.0,0.0,30.0,0.0,0.0,0.0,0.0
2125,28.4664965,0.0,0.0,30.0,0.0,0.0,0.0,0.0
2126,28.4889962,0.0,0.0,30.0,0.0,0.0,0.0,0.0
2127,28.5133435,0.0,0.0,30.0,0.0,0.0,0.0,0.0
2128,28.5396896,0.0,0.0,30.0,0.0,0.0,0.0,0.0
2129,28.5681969,0.0,0.0,30.0,0.0,0.0,0.0,0.0
2130,28.5990437,0.0,0.0,30.0,0.0,0.0,0.0,0.0
2131,28.6324309,0.0,0.0,30.0,0.0,0.0,0.0,0.0
2132,28.6685613,0.0,0.0,30.0,0.0,0.0,0.0,0.0
2133,28.707617,0.0,0.0,30.0,0.0,0.0,0.0,0.0
2134,28.7498715,0.0,0.0,30.0,0.0,0.0,0.0,0.0
2135,28.7957965,0.0,0.0,30.0,0.0,0.0,0.0,0.0
2136,28.8455062,0.0,0.0,30.0,0.0,0.0,0.0,0.0
2137,28.8982932,0.0,0.0,30.0,0.0,0.0,0.0,0.0
2138,28.9554465,0.0,0.0,30.0,0.0,0.0,0.0,0.0
2139,29.0222675,0.0,0.0,30.0,0.0,0.0,0.0,0.0
2140,29.093881,0.0,0.0,30.0,0.0,0.0,0.0,0.0
2141,29.1467499,0.0,0.0,30.0,0.0,0.0,0.0,0.0
2142,29.21001,0.0,0.0,30.0,0.0,0.0,0.0,0.0
2143,29.4000264,0.0,0.0,30.0,0.0,0.0,0.0,0.0
2144,29.5627629,0.0,0.0,30.0,0.0,0.0,0.0,0.0
2145,29.138238,0.0,0.0,30.0,0.0,0.0,0.0,0.0
2146,29.0148375,0.0,0.0,30.0,0.0,0.0,0.0,0.0
2147,29.9065188,0.0,0.0,30.0,0.0,0.0,0.0,0.0
2148,30.0,0.0,0.0,30.0,0.0,0.0,0.0,0.0
2149,30.0,0.0,0.0,30.0,0.0,0.0,0.0,0.0
2150,23.8911061,0.0,0.0,30.0,0.0,0.0,0.0,0.0
2151,23.6889154,0.0,0.0,30.0,0.0,0.0,0.0,0.0
2152,0.0,0.0,0.0,0.0,0.0,0.0,0.0,0.0
2153,30.0,0.0,0.0,3.96614481,0.0,0.0,0.0,0.0
2154,21.2353257,0.0,0.0,8.89237594,0.0,0.0,0.0,0.0
2155,0.0,0.0,0.0,16.2064358,0.0,0.0,0.0,0.0
2156,0.0,0.0,0.0,21.2830735,0.0,0.0,0.0,0.0
2157,0.0,0.0,0.0,22.6533876,0.0,0.0,0.0,0.0
2158,0.0,0.0,0.0,23.0460551,0.0,0.0,0.0,0.0
2159,0.0,0.0,0.0,23.828691,0.0,0.0,0.0,0.0
2160,0.0,0.0,0.0,24.5474817,0.0,0.0,0.0,0.0
2161,0.0,0.0,0.0,25.0114795,0.0,0.0,0.0,0.0
2162,0.0,0.0,0.0,25.3032495,0.0,0.0,0.0,0.0
2163,0.0,0.0,0.0,25.4551974,0.0,0.0,0.0,0.0
2164,0.0,0.0,0.0,25.456262,0.0,0.0,0.0,0.0
2165,0.0,0.0,0.0,25.302067,0.0,0.0,0.0,0.0
2166,0.0,0.0,0.0,24.9937423,0.0,0.0,0.0,0.0
2167,0.0,0.0,0.0,24.5295942,0.0,0.0,0.0,0.0
2168,0.0,0.0,0.0,23.8980444,0.0,0.0,0.0,0.0
2169,0.0,0.0,0.0,23.0838893,0.0,0.0,0.0,0.0
2170,0.0,0.0,0.0,22.1161125,0.0,0.0,0.0,0.0
2171,0.0,0.0,0.0,21.0263701,0.0,0.0,0.0,0.0
2172,0.0,0.0,0.0,19.5464488,0.0,0.0,0.0,0.0
2173,0.0,0.0,0.0,17.4247227,0.0,0.0,0.0,0.0
2174,0.0,0.0,0.0,16.3211561,0.0,0.0,0.0,0.0
2175,0.0,0.0,0.0,17.4294996,0.0,0.0,0.0,0.0
2176,0.0,0.0,0.0,13.1226371,0.0,0.0,0.0,0.0
2177,0.0,0.0,0.0,0.0,0.0,0.0,0.0,0.0
2178,0.0,0.0,0.0,0.0,0.0,0.0,0.0,0.0
2179,0.0,0.0,0.0,0.0,0.0,0.0,0.0,0.0
2180,30.0,0.0,0.0,30.0,0.0,0.0,0.0,0.0
2181,30.0,0.0,0.0,30.0,0.0,0.0,0.0,0.0
2182,30.0,0.0,0.0,30.0,0.0,0.0,0.0,0.0
2183,30.0,0.0,0.0,30.0,0.0,0.0,0.0,0.0
2184,30.0,0.0,0.0,30.0,0.0,0.0,0.0,0.0
2185,30.0,0.0,0.0,30.0,0.0,0.0,0.0,0.0
2186,30.0,0.0,0.0,30.0,0.0,0.0,0.0,0.0
2187,30.0,0.0,0.0,30.0,0.0,0.0,0.0,0.0
2188,26.3706323,0.0,0.0,30.0,0.0,0.0,0.0,0.0
2189,21.3760711,0.0,0.0,30.0,0.0,0.0,0.0,0.0
2190,22.2628093,0.0,0.0,30.0,0.0,0.0,0.0,0.0
2191,26.4922307,0.0,0.0,30.0,0.0,0.0,0.0,0.0
2192,18.196877,0.0,0.0,30.0,0.0,0.0,0.0,0.0
2193,18.1316768,0.0,0.0,30.0,0.0,0.0,0.0,0.0
2194,28.1178562,0.0,0.0,30.0,0.0,0.0,0.0,0.0
2195,30.0,0.0,0.0,30.0,0.0,0.0,0.0,0.0
2196,30.0,0.0,0.0,30.0,0.0,0.0,0.0,0.0
2197,30.0,0.0,0.0,30.0,0.0,0.0,0.0,0.0
2198,30.0,0.0,0.0,30.0,0.0,0.0,0.0,0.0
2199,30.0,0.0,0.0,30.0,0.0,0.0,0.0,0.0
2200,28.4454687,0.0,0.0,30.0,0.0,0.0,0.0,0.0
2201,28.1778277,0.0,0.0,30.0,0.0,0.0,0.0,0.0
2202,28.3437775,0.0,0.0,30.0,0.0,0.0,0.0,0.0
2203,28.1119474,0.0,0.0,30.0,0.0,0.0,0.0,0.0
2204,28.0978062,0.0,0.0,30.0,0.0,0.0,0.0,0.0
2205,28.1495548,0.0,0.0,30.0,0.0,0.0,0.0,0.0
2206,28.1559375,0.0,0.0,30.0,0.0,0.0,0.0,0.0
2207,28.1496542,0.0,0.0,30.0,0.0,0.0,0.0,0.0
2208,28.152458,0.0,0.0,30.0,0.0,0.0,0.0,0.0
2209,28.1573196,0.0,0.0,30.0,0.0,0.0,0.0,0.0
2210,28.160029,0.0,0.0,30.0,0.0,0.0,0.0,0.0
2211,28.1621137,0.0,0.0,30.0,0.0,0.0,0.0,0.0
2212,28.1644086,0.0,0.0,30.0,0.0,0.0,0.0,0.0
2213,28.1666061,0.0,0.0,30.0,0.0,0.0,0.0,0.0
2214,28.1685612,0.0,0.0,30.0,0.0,0.0,0.0,0.0
2215,28.1703543,0.0,0.0,30.0,0.0,0.0,0.0,0.0
2216,28.172027,0.0,0.0,30.0,0.0,0.0,0.0,0.0
2217,28.1735755,0.0,0.0,30.0,0.0,0.0,0.0,0.0
2218,28.1750034,0.0,0.0,30.0,0.0,0.0,0.0,0.0
2219,28.1763228,0.0,0.0,30.0,0.0,0.0,0.0,0.0
2220,28.1775428,0.0,0.0,30.0,0.0,0.0,0.0,0.0
2221,28.1786706,0.0,0.0,30.0,0.0,0.0,0.0,0.0
2222,28.1797129,0.0,0.0,30.0,0.0,0.0,0.0,0.0
2223,28.1806763,0.0,0.0,30.0,0.0,0.0,0.0,0.0
2224,28.1815669,0.0,0.0,30.0,0.0,0.0,0.0,0.0
2225,28.1823902,0.0,0.0,30.0,0.0,0.0,0.0,0.0
2226,28.1831512,0.0,0.0,30.0,0.0,0.0,0.0,0.0
2227,28.1838548,0.0,0.0,30.0,0.0,0.0,0.0,0.0
2228,28.1845054,0.0,0.0,30.0,0.0,0.0,0.0,0.0
2229,28.1851069,0.0,0.0,30.0,0.0,0.0,0.0,0.0
2230,28.1856631,0.0,0.0,30.0,0.0,0.0,0.0,0.0
2231,28.1861776,0.0,0.0,30.0,0.0,0.0,0.0,0.0
2232,28.1866534,0.0,0.0,30.0,0.0,0.0,0.0,0.0
2233,28.1870936,0.0,0.0,30.0,0.0,0.0,0.0,0.0
2234,28.1875008,0.0,0.0,30.0,0.0,0.0,0.0,0.0
2235,28.1878777,0.0,0.0,30.0,0.0,0.0,0.0,0.0
2236,28.1882266,0.0,0.0,30.0,0.0,0.0,0.0,0.0
2237,28.1885496,0.0,0.0,30.0,0.0,0.0,0.0,0.0
2238,28.1888488,0.0,0.0,30.0,0.0,0.0,0.0,0.0
2239,28.189126,0.0,0.0,30.0,0.0,0.0,0.0,0.0
2240,28.1893829,0.0,0.0,30.0,0.0,0.0,0.0,0.0
2241,28.1896212,0.0,0.0,30.0,0.0,0.0,0.0,0.0
2242,28.1898423,0.0,0.0,30.0,0.0,0.0,0.0,0.0
2243,28.1900476,0.0,0.0,30.0,0.0,0.0,0.0,0.0
2244,28.1902384,0.0,0.0,30.0,0.0,0.0,0.0,0.0
2245,28.1904158,0.0,0.0,30.0,0.0,0.0,0.0,0.0
2246,28.1905811,0.0,0.0,30.0,0.0,0.0,0.0,0.0
2247,28.1907351,0.0,0.0,30.0,0.0,0.0,0.0,0.0
2248,28.1908789,0.0,0.0,30.0,0.0,0.0,0.0,0.0
2249,28.1910133,0.0,0.0,30.0,0.0,0.0,0.0,0.0
2250,28.1911393,0.0,0.0,30.0,0.0,0.0,0.0,0.0
2251,28.1912575,0.0,0.0,30.0,0.0,0.0,0.0,0.0
2252,28.1913687,0.0,0.0,30.0,0.0,0.0,0.0,0.0
2253,28.1914737,0.0,0.0,30.0,0.0,0.0,0.0,0.0
2254,28.1915729,0.0,0.0,30.0,0.0,0.0,0.0,0.0
2255,28.1916672,0.0,0.0,30.0,0.0,0.0,0.0,0.0
2256,28.191757,0.0,0.0,30.0,0.0,0.0,0.0,0.0
2257,28.191843,0.0,0.0,30.0,0.0,0.0,0.0,0.0
2258,28.1919256,0.0,0.0,30.0,0.0,0.0,0.0,0.0
2259,28.1920053,0.0,0.0,30.0,0.0,0.0,0.0,0.0
2260,28.1920828,0.0,0.0,30.0,0.0,0.0,0.0,0.0
2261,28.1921584,0.0,0.0,30.0,0.0,0.0,0.0,0.0
2262,28.1922325,0.0,0.0,30.0,0.0,0.0,0.0,0.0
2263,28.1923058,0.0,0.0,30.0,0.0,0.0,0.0,0.0
2264,28.1923786,0.0,0.0,30.0,0.0,0.0,0.0,0.0
2265,28.1924514,0.0,0.0,30.0,0.0,0.0,0.0,0.0
2266,28.1925247,0.0,0.0,30.0,0.0,0.0,0.0,0.0
2267,28.1925988,0.0,0.0,30.0,0.0,0.0,0.0,0.0
2268,28.1926743,0.0,0.0,30.0,0.0,0.0,0.0,0.0
2269,28.1927516,0.0,0.0,30.0,0.0,0.0,0.0,0.0
2270,28.1928313,0.0,0.0,30.0,0.0,0.0,0.0,0.0
2271,28.1929137,0.0,0.0,30.0,0.0,0.0,0.0,0.0
2272,28.1929994,0.0,0.0,30.0,0.0,0.0,0.0,0.0
2273,28.193089,0.0,0.0,30.0,0.0,0.0,0.0,0.0
2274,28.1931831,0.0,0.0,30.0,0.0,0.0,0.0,0.0
2275,28.1932821,0.0,0.0,30.0,0.0,0.0,0.0,0.0
2276,28.1933867,0.0,0.0,30.0,0.0,0.0,0.0,0.0
2277,28.1934976,0.0,0.0,30.0,0.0,0.0,0.0,0.0
2278,28.1936154,0.0,0.0,30.0,0.0,0.0,0.0,0.0
2279,28.193741,0.0,0.0,30.0,0.0,0.0,0.0,0.0
2280,28.193875,0.0,0.0,30.0,0.0,0.0,0.0,0.0
2281,28.1940183,0.0,0.0,30.0,0.0,0.0,0.0,0.0
2282,28.1941718,0.0,0.0,30.0,0.0,0.0,0.0,0.0
2283,28.1943364,0.0,0.0,30.0,0.0,0.0,0.0,0.0
2284,28.1945132,0.0,0.0,30.0,0.0,0.0,0.0,0.0
2285,28.1947033,0.0,0.0,30.0,0.0,0.0,0.0,0.0
2286,28.1949079,0.0,0.0,30.0,0.0,0.0,0.0,0.0
2287,28.1951282,0.0,0.0,30.0,0.0,0.0,0.0,0.0
2288,28.1953656,0.0,0.0,30.0,0.0,0.0,0.0,0.0
2289,28.1956216,0.0,0.0,30.0,0.0,0.0,0.0,0.0
2290,28.1958978,0.0,0.0,30.0,0.0,0.0,0.0,0.0
2291,28.1961959,0.0,0.0,30.0,0.0,0.0,0.0,0.0
2292,28.1965177,0.0,0.0,30.0,0.0,0.0,0.0,0.0
2293,28.1968653,0.0,0.0,30.0,0.0,0.0,0.0,0.0
2294,28.1972408,0.0,0.0,30.0,0.0,0.0,0.0,0.0
2295,28.1976466,0.0,0.0,30.0,0.0,0.0,0.0,0.0
2296,28.1980852,0.0,0.0,30.0,0.0,0.0,0.0,0.0
2297,28.1985593,0.0,0.0,30.0,0.0,0.0,0.0,0.0
2298,28.1990719,0.0,0.0,30.0,0.0,0.0,0.0,0.0
2299,28.1996261,0.0,0.0,30.0,0.0,0.0,0.0,0.0
2300,28.2002255,0.0,0.0,30.0,0.0,0.0,0.0,0.0
2301,28.2008737,0.0,0.0,30.0,0.0,0.0,0.0,0.0
2302,28.2015749,0.0,0.0,30.0,0.0,0.0,0.0,0.0
2303,28.2023332,0.0,0.0,30.0,0.0,0.0,0.0,0.0
2304,28.2031536,0.0,0.0,30.0,0.0,0.0,0.0,0.0
2305,28.204041,0.0,0.0,30.0,0.0,0.0,0.0,0.0
2306,28.2050011,0.0,0.0,30.0,0.0,0.0,0.0,0.0
2307,28.2060397,0.0,0.0,30.0,0.0,0.0,0.0,0.0
2308,28.2071635,0.0,0.0,30.0,0.0,0.0,0.0,0.0
2309,28.2083792,0.0,0.0,30.0,0.0,0.0,0.0,0.0
2310,28.2096946,0.0,0.0,30.0,0.0,0.0,0.0,0.0
2311,28.2111179,0.0,0.0,30.0,0.0,0.0,0.0,0.0
2312,28.2126578,0.0,0.0,30.0,0.0,0.0,0.0,0.0
2313,28.214324,0.0,0.0,30.0,0.0,0.0,0.0,0.0
2314,28.2161268,0.0,0.0,30.0,0.0,0.0,0.0,0.0
2315,28.2180776,0.0,0.0,30.0,0.0,0.0,0.0,0.0
2316,28.2201883,0.0,0.0,30.0,0.0,0.0,0.0,0.0
2317,28.2224723,0.0,0.0,30.0,0.0,0.0,0.0,0.0
2318,28.2249436,0.0,0.0,30.0,0.0,0.0,0.0,0.0
2319,28.2276177,0.0,0.0,30.0,0.0,0.0,0.0,0.0
2320,28.2305113,0.0,0.0,30.0,0.0,0.0,0.0,0.0
2321,28.2336423,0.0,0.0,30.0,0.0,0.0,0.0,0.0
2322,28.2370303,0.0,0.0,30.0,0.0,0.0,0.0,0.0
2323,28.2406963,0.0,0.0,30.0,0.0,0.0,0.0,0.0
2324,28.2446632,0.0,0.0,30.0,0.0,0.0,0.0,0.0
2325,28.2489557,0.0,0.0,30.0,0.0,0.0,0.0,0.0
2326,28.2536006,0.0,0.0,30.0,0.0,0.0,0.0,0.0
2327,28.2586266,0.0,0.0,30.0,0.0,0.0,0.0,0.0
2328,28.2640653,0.0,0.0,30.0,0.0,0.0,0.0,0.0
2329,28.2699503,0.0,0.0,30.0,0.0,0.0,0.0,0.0
2330,28.2763184,0.0,0.0,30.0,0.0,0.0,0.0,0.0
2331,28.2832092,0.0,0.0,30.0,0.0,0.0,0.0,0.0
2332,28.2906656,0.0,0.0,30.0,0.0,0.0,0.0,0.0
2333,28.2987341,0.0,0.0,30.0,0.0,0.0,0.0,0.0
2334,28.3074649,0.0,0.0,30.0,0.0,0.0,0.0,0.0
2335,28.3169124,0.0,0.0,30.0,0.0,0.0,0.0,0.0
2336,28.3271354,0.0,0.0,30.0,0.0,0.0,0.0,0.0
2337,28.3381975,0.0,0.0,30.0,0.0,0.0,0.0,0.0
2338,28.3501677,0.0,0.0,30.0,0.0,0.0,0.0,0.0
2339,28.3631205,0.0,0.0,30.0,0.0,0.0,0.0,0.0
2340,28.3771365,0.0,0.0,30.0,0.0,0.0,0.0,0.0
2341,28.3923031,0.0,0.0,30.0,0.0,0.0,0.0,0.0
2342,28.4087147,0.0,0.0,30.0,0.0,0.0,0.0,0.0
2343,28.4264734,0.0,0.0,30.0,0.0,0.0,0.0,0.0
2344,28.4456899,0.0,0.0,30.0,0.0,0.0,0.0,0.0
2345,28.4664838,0.0,0.0,30.0,0.0,0.0,0.0,0.0
2346,28.4889846,0.0,0.0,30.0,0.0,0.0,0.0,0.0
2347,28.5133327,0.0,0.0,30.0,0.0,0.0,0.0,0.0
2348,28.5396796,0.0,0.0,30.0,0.0,0.0,0.0,0.0
2349,28.5681877,0.0,0.0,30.0,0.0,0.0,0.0,0.0
2350,28.5990353,0.0,0.0,30.0,0.0,0.0,0.0,0.0
2351,28.6324232,0.0,0.0,30.0,0.0,0.0,0.0,0.0
2352,28.6685541,0.0,0.0,30.0,0.0,0.0,0.0,0.0
2353,28.7076104,0.0,0.0,30.0,0.0,0.0,0.0,0.0
2354,28.7498654,0.0,0.0,30.0,0.0,0.0,0.0,0.0
2355,28.7957909,0.0,0.0,30.0,0.0,0.0,0.0,0.0
2356,28.8455011,0.0,0.0,30.0,0.0,0.0,0.0,0.0
2357,28.8982884,0.0,0.0,30.0,0.0,0.0,0.0,0.0
2358,28.9554422,0.0,0.0,30.0,0.0,0.0,0.0,0.0
2359,29.0222635,0.0,0.0,30.0,0.0,0.0,0.0,0.0
2360,29.0938774,0.0,0.0,30.0,0.0,0.0,0.0,0.0
2361,29.1467465,0.0,0.0,30.0,0.0,0.0,0.0,0.0
2362,29.2100069,0.0,0.0,30.0,0.0,0.0,0.0,0.0
2363,29.4000236,0.0,0.0,30.0,0.0,0.0,0.0,0.0
2364,29.5627604,0.0,0.0,30.0,0.0,0.0,0.0,0.0
2365,29.138236,0.0,0.0,30.0,0.0,0.0,0.0,0.0
2366,29.0148353,0.0,0.0,30.0,0.0,0.0,0.0,0.0
2367,29.9065165,0.0,0.0,30.0,0.0,0.0,0.0,0.0
2368,30.0,0.0,0.0,30.0,0.0,0.0,0.0,0.0
2369,30.0,0.0,0.0,30.0,0.0,0.0,0.0,0.0
2370,23.8910993,0.0,0.0,30.0,0.0,0.0,0.0,0.0
2371,23.6889107,0.0,0.0,30.0,0.0,0.0,0.0,0.0
2372,0.0,0.0,0.0,0.0,0.0,0.0,0.0,0.0
2373,30.0,0.0,0.0,4.21859505,0.0,0.0,0.0,0.0
2374,30.0,0.0,0.0,6.18726477,0.0,0.0,0.0,0.0
2375,0.0,0.0,0.0,16.7900556,0.0,0.0,0.0,0.0
2376,0.0,0.0,0.0,21.9789414,0.0,0.0,0.0,0.0
2377,0.0,0.0,0.0,23.4345668,0.0,0.0,0.0,0.0
2378,0.0,0.0,0.0,23.9140565,0.0,0.0,0.0,0.0
2379,0.0,0.0,0.0,24.8020415,0.0,0.0,0.0,0.0
2380,0.0,0.0,0.0,25.6386006,0.0,0.0,0.0,0.0
2381,0.0,0.0,0.0,26.2319011,0.0,0.0,0.0,0.0
2382,0.0,0.0,0.0,26.6672088,0.0,0.0,0.0,0.0
2383,0.0,0.0,0.0,26.9789123,0.0,0.0,0.0,0.0
2384,0.0,0.0,0.0,27.1577817,0.0,0.0,0.0,0.0
2385,0.0,0.0,0.0,27.2016445,0.0,0.0,0.0,0.0
2386,0.0,0.0,0.0,27.11303,0.0,0.0,0.0,0.0
2387,0.0,0.0,0.0,26.8919937,0.0,0.0,0.0,0.0
2388,0.0,0.0,0.0,26.5361614,0.0,0.0,0.0,0.0
2389,0.0,0.0,0.0,26.0379339,0.0,0.0,0.0,0.0
2390,0.0,0.0,0.0,25.3883823,0.0,0.0,0.0,0.0
2391,0.0,0.0,0.0,24.6018378,0.0,0.0,0.0,0.0
2392,0.0,0.0,0.0,23.6854333,0.0,0.0,0.0,0.0
2393,0.0,0.0,0.0,22.4841006,0.0,0.0,0.0,0.0
2394,0.0,0.0,0.0,20.9023724,0.0,0.0,0.0,0.0
2395,0.0,0.0,0.0,19.8649141,0.0,0.0,0.0,0.0
2396,0.0,0.0,0.0,19.7244474,0.0,0.0,0.0,0.0
2397,0.0,0.0,0.0,14.3398563,0.0,0.0,0.0,0.0
2398,0.0,0.0,0.0,2.43748084,0.0,0.0,0.0,0.0
2399,0.0,0.0,0.0,3.65831342,0.0,0.0,0.0,0.0
2400,30.0,0.0,0.0,30.0,0.0,0.0,0.0,0.0
2401,30.0,0.0,0.0,30.0,0.0,0.0,0.0,0.0
2402,30.0,0.0,0.0,30.0,0.0,0.0,0.0,0.0
2403,30.0,0.0,0.0,30.0,0.0,0.0,0.0,0.0
2404,30.0,0.0,0.0,30.0,0.0,0.0,0.0,0.0
2405,30.0,0.0,0.0,30.0,0.0,0.0,0.0,0.0
2406,30.0,0.0,0.0,30.0,0.0,0.0,0.0,0.0
2407,17.4433495,0.0,0.0,30.0,0.0,0.0,0.0,0.0
2408,14.0733843,0.0,0.0,30.0,0.0,0.0,0.0,0.0
2409,19.6867302,0.0,0.0,30.0,0.0,0.0,0.0,0.0
2410,22.6703844,0.0,0.0,30.0,0.0,0.0,0.0,0.0
2411,20.6659028,0.0,0.0,30.0,0.0,0.0,0.0,0.0
2412,20.2527425,0.0,0.0,30.0,0.0,0.0,0.0,0.0
2413,22.9412901,0.0,0.0,30.0,0.0,0.0,0.0,0.0
2414,27.0508486,0.0,0.0,30.0,0.0,0.0,0.0,0.0
2415,30.0,0.0,0.0,30.0,0.0,0.0,0.0,0.0
2416,30.0,0.0,0.0,30.0,0.0,0.0,0.0,0.0
2417,30.0,0.0,0.0,30.0,0.0,0.0,0.0,0.0
2418,30.0,0.0,0.0,30.0,0.0,0.0,0.0,0.0
2419,30.0,0.0,0.0,30.0,0.0,0.0,0.0,0.0
2420,28.3494156,0.0,0.0,30.0,0.0,0.0,0.0,0.0
2421,28.1294247,0.0,0.0,30.0,0.0,0.0,0.0,0.0
2422,28.3890127,0.0,0.0,30.0,0.0,0.0,0.0,0.0
2423,28.0294322,0.0,0.0,30.0,0.0,0.0,0.0,0.0
2424,28.0096179,0.0,0.0,30.0,0.0,0.0,0.0,0.0
2425,28.0932507,0.0,0.0,30.0,0.0,0.0,0.0,0.0
2426,28.1057736,0.0,0.0,30.0,0.0,0.0,0.0,0.0
2427,28.0981793,0.0,0.0,30.0,0.0,0.0,0.0,0.0
2428,28.1046207,0.0,0.0,30.0,0.0,0.0,0.0,0.0
2429,28.1141478,0.0,0.0,30.0,0.0,0.0,0.0,0.0
2430,28.1201638,0.0,0.0,30.0,0.0,0.0,0.0,0.0
2431,28.1250631,0.0,0.0,30.0,0.0,0.0,0.0,0.0
2432,28.1301667,0.0,0.0,30.0,0.0,0.0,0.0,0.0
2433,28.1350041,0.0,0.0,30.0,0.0,0.0,0.0,0.0
2434,28.139356,0.0,0.0,30.0,0.0,0.0,0.0,0.0
2435,28.143356,0.0,0.0,30.0,0.0,0.0,0.0,0.0
2436,28.1470771,0.0,0.0,30.0,0.0,0.0,0.0,0.0
2437,28.15052,0.0,0.0,30.0,0.0,0.0,0.0,0.0
2438,28.1536968,0.0,0.0,30.0,0.0,0.0,0.0,0.0
2439,28.1566321,0.0,0.0,30.0,0.0,0.0,0.0,0.0
2440,28.1593459,0.0,0.0,30.0,0.0,0.0,0.0,0.0
2441,28.1618541,0.0,0.0,30.0,0.0,0.0,0.0,0.0
2442,28.1641721,0.0,0.0,30.0,0.0,0.0,0.0,0.0
2443,28.1663144,0.0,0.0,30.0,0.0,0.0,0.0,0.0
2444,28.1682945,0.0,0.0,30.0,0.0,0.0,0.0,0.0
2445,28.1701246,0.0,0.0,30.0,0.0,0.0,0.0,0.0
2446,28.1718161,0.0,0.0,30.0,0.0,0.0,0.0,0.0
2447,28.1733796,0.0,0.0,30.0,0.0,0.0,0.0,0.0
2448,28.1748248,0.0,0.0,30.0,0.0,0.0,0.0,0.0
2449,28.1761606,0.0,0.0,30.0,0.0,0.0,0.0,0.0
2450,28.1773955,0.0,0.0,30.0,0.0,0.0,0.0,0.0
2451,28.1785372,0.0,0.0,30.0,0.0,0.0,0.0,0.0
2452,28.1795926,0.0,0.0,30.0,0.0,0.0,0.0,0.0
2453,28.1805684,0.0,0.0,30.0,0.0,0.0,0.0,0.0
2454,28.1814706,0.0,0.0,30.0,0.0,0.0,0.0,0.0
2455,28.182305,0.0,0.0,30.0,0.0,0.0,0.0,0.0
2456,28.1830766,0.0,0.0,30.0,0.0,0.0,0.0,0.0
2457,28.1837903,0.0,0.0,30.0,0.0,0.0,0.0,0.0
2458,28.1844505,0.0,0.0,30.0,0.0,0.0,0.0,0.0
2459,28.1850613,0.0,0.0,30.0,0.0,0.0,0.0,0.0
2460,28.1856266,0.0,0.0,30.0,0.0,0.0,0.0,0.0
2461,28.1861498,0.0,0.0,30.0,0.0,0.0,0.0,0.0
2462,28.1866343,0.0,0.0,30.0,0.0,0.0,0.0,0.0
2463,28.1870829,0.0,0.0,30.0,0.0,0.0,0.0,0.0
2464,28.1874986,0.0,0.0,30.0,0.0,0.0,0.0,0.0
2465,28.1878839,0.0,0.0,30.0,0.0,0.0,0.0,0.0
2466,28.1882412,0.0,0.0,30.0,0.0,0.0,0.0,0.0
2467,28.1885728,0.0,0.0,30.0,0.0,0.0,0.0,0.0
2468,28.1888806,0.0,0.0,30.0,0.0,0.0,0.0,0.0
2469,28.1891666,0.0,0.0,30.0,0.0,0.0,0.0,0.0
2470,28.1894327,0.0,0.0,30.0,0.0,0.0,0.0,0.0
2471,28.1896803,0.0,0.0,30.0,0.0,0.0,0.0,0.0
2472,28.1899112,0.0,0.0,30.0,0.0,0.0,0.0,0.0
2473,28.1901267,0.0,0.0,30.0,0.0,0.0,0.0,0.0
2474,28.1903282,0.0,0.0,30.0,0.0,0.0,0.0,0.0
2475,28.1905169,0.0,0.0,30.0,0.0,0.0,0.0,0.0
2476,28.190694,0.0,0.0,30.0,0.0,0.0,0.0,0.0
2477,28.1908605,0.0,0.0,30.0,0.0,0.0,0.0,0.0
2478,28.1910177,0.0,0.0,30.0,0.0,0.0,0.0,0.0
2479,28.1911663,0.0,0.0,30.0,0.0,0.0,0.0,0.0
2480,28.1913074,0.0,0.0,30.0,0.0,0.0,0.0,0.0
2481,28.1914418,0.0,0.0,30.0,0.0,0.0,0.0,0.0
2482,28.1915703,0.0,0.0,30.0,0.0,0.0,0.0,0.0
2483,28.1916938,0.0,0.0,30.0,0.0,0.0,0.0,0.0
2484,28.1918131,0.0,0.0,30.0,0.0,0.0,0.0,0.0
2485,28.1919288,0.0,0.0,30.0,0.0,0.0,0.0,0.0
2486,28.1920417,0.0,0.0,30.0,0.0,0.0,0.0,0.0
2487,28.1921524,0.0,0.0,30.0,0.0,0.0,0.0,0.0
2488,28.1922618,0.0,0.0,30.0,0.0,0.0,0.0,0.0
2489,28.1923704,0.0,0.0,30.0,0.0,0.0,0.0,0.0
2490,28.192479,0.0,0.0,30.0,0.0,0.0,0.0,0.0
2491,28.1925881,0.0,0.0,30.0,0.0,0.0,0.0,0.0
2492,28.1926986,0.0,0.0,30.0,0.0,0.0,0.0,0.0
2493,28.192811,0.0,0.0,30.0,0.0,0.0,0.0,0.0
2494,28.1929261,0.0,0.0,30.0,0.0,0.0,0.0,0.0
2495,28.1930446,0.0,0.0,30.0,0.0,0.0,0.0,0.0
2496,28.1931673,0.0,0.0,30.0,0.0,0.0,0.0,0.0
2497,28.1932948,0.0,0.0,30.0,0.0,0.0,0.0,0.0
2498,28.193428,0.0,0.0,30.0,0.0,0.0,0.0,0.0
2499,28.1935678,0.0,0.0,30.0,0.0,0.0,0.0,0.0
2500,28.1937149,0.0,0.0,30.0,0.0,0.0,0.0,0.0
2501,28.1938703,0.0,0.0,30.0,0.0,0.0,0.0,0.0
2502,28.1940351,0.0,0.0,30.0,0.0,0.0,0.0,0.0
2503,28.1942101,0.0,0.0,30.0,0.0,0.0,0.0,0.0
2504,28.1943965,0.0,0.0,30.0,0.0,0.0,0.0,0.0
2505,28.1945955,0.0,0.0,30.0,0.0,0.0,0.0,0.0
2506,28.1948082,0.0,0.0,30.0,0.0,0.0,0.0,0.0
2507,28.1950361,0.0,0.0,30.0,0.0,0.0,0.0,0.0
2508,28.1952805,0.0,0.0,30.0,0.0,0.0,0.0,0.0
2509,28.1955429,0.0,0.0,30.0,0.0,0.0,0.0,0.0
2510,28.1958251,0.0,0.0,30.0,0.0,0.0,0.0,0.0
2511,28.1961287,0.0,0.0,30.0,0.0,0.0,0.0,0.0
2512,28.1964556,0.0,0.0,30.0,0.0,0.0,0.0,0.0
2513,28.1968079,0.0,0.0,30.0,0.0,0.0,0.0,0.0
2514,28.1971878,0.0,0.0,30.0,0.0,0.0,0.0,0.0
2515,28.1975976,0.0,0.0,30.0,0.0,0.0,0.0,0.0
2516,28.1980399,0.0,0.0,30.0,0.0,0.0,0.0,0.0
2517,28.1985175,0.0,0.0,30.0,0.0,0.0,0.0,0.0
2518,28.1990332,0.0,0.0,30.0,0.0,0.0,0.0,0.0
2519,28.1995904,0.0,0.0,30.0,0.0,0.0,0.0,0.0
2520,28.2001925,0.0,0.0,30.0,0.0,0.0,0.0,0.0
2521,28.2008432,0.0,0.0,30.0,0.0,0.0,0.0,0.0
2522,28.2015466,0.0,0.0,30.0,0.0,0.0,0.0,0.0
2523,28.2023072,0.0,0.0,30.0,0.0,0.0,0.0,0.0
2524,28.2031295,0.0,0.0,30.0,0.0,0.0,0.0,0.0
2525,28.2040188,0.0,0.0,30.0,0.0,0.0,0.0,0.0
2526,28.2049805,0.0,0.0,30.0,0.0,0.0,0.0,0.0
2527,28.2060207,0.0,0.0,30.0,0.0,0.0,0.0,0.0
2528,28.2071459,0.0,0.0,30.0,0.0,0.0,0.0,0.0
2529,28.208363,0.0,0.0,30.0,0.0,0.0,0.0,0.0
2530,28.2096796,0.0,0.0,30.0,0.0,0.0,0.0,0.0
2531,28.211104,0.0,0.0,30.0,0.0,0.0,0.0,0.0
2532,28.212645,0.0,0.0,30.0,0.0,0.0,0.0,0.0
2533,28.2143121,0.0,0.0,30.0,0.0,0.0,0.0,0.0
2534,28.2161159,0.0,0.0,30.0,0.0,0.0,0.0,0.0
2535,28.2180675,0.0,0.0,30.0,0.0,0.0,0.0,0.0
2536,28.220179,0.0,0.0,30.0,0.0,0.0,0.0,0.0
2537,28.2224636,0.0,0.0,30.0,0.0,0.0,0.0,0.0
2538,28.2249356,0.0,0.0,30.0,0.0,0.0,0.0,0.0
2539,28.2276103,0.0,0.0,30.0,0.0,0.0,0.0,0.0
2540,28.2305045,0.0,0.0,30.0,0.0,0.0,0.0,0.0
2541,28.233636,0.0,0.0,30.0,0.0,0.0,0.0,0.0
2542,28.2370244,0.0,0.0,30.0,0.0,0.0,0.0,0.0
2543,28.2406909,0.0,0.0,30.0,0.0,0.0,0.0,0.0
2544,28.2446583,0.0,0.0,30.0,0.0,0.0,0.0,0.0
2545,28.2489511,0.0,0.0,30.0,0.0,0.0,0.0,0.0
2546,28.2535963,0.0,0.0,30.0,0.0,0.0,0.0,0.0
2547,28.2586227,0.0,0.0,30.0,0.0,0.0,0.0,0.0
2548,28.2640616,0.0,0.0,30.0,0.0,0.0,0.0,0.0
2549,28.2699469,0.0,0.0,30.0,0.0,0.0,0.0,0.0
2550,28.2763153,0.0,0.0,30.0,0.0,0.0,0.0,0.0
2551,28.2832063,0.0,0.0,30.0,0.0,0.0,0.0,0.0
2552,28.290663,0.0,0.0,30.0,0.0,0.0,0.0,0.0
2553,28.2987317,0.0,0.0,30.0,0.0,0.0,0.0,0.0
2554,28.3074627,0.0,0.0,30.0,0.0,0.0,0.0,0.0
2555,28.3169103,0.0,0.0,30.0,0.0,0.0,0.0,0.0
2556,28.3271334,0.0,0.0,30.0,0.0,0.0,0.0,0.0
2557,28.3381957,0.0,0.0,30.0,0.0,0.0,0.0,0.0
2558,28.3501661,0.0,0.0,30.0,0.0,0.0,0.0,0.0
2559,28.363119,0.0,0.0,30.0,0.0,0.0,0.0,0.0
2560,28.3771351,0.0,0.0,30.0,0.0,0.0,0.0,0.0
2561,28.3923018,0.0,0.0,30.0,0.0,0.0,0.0,0.0
2562,28.4087135,0.0,0.0,30.0,0.0,0.0,0.0,0.0
2563,28.4264723,0.0,0.0,30.0,0.0,0.0,0.0,0.0
2564,28.4456889,0.0,0.0,30.0,0.0,0.0,0.0,0.0
2565,28.4664829,0.0,0.0,30.0,0.0,0.0,0.0,0.0
2566,28.4889837,0.0,0.0,30.0,0.0,0.0,0.0,0.0
2567,28.5133319,0.0,0.0,30.0,0.0,0.0,0.0,0.0
2568,28.5396789,0.0,0.0,30.0,0.0,0.0,0.0,0.0
2569,28.568187,0.0,0.0,30.0,0.0,0.0,0.0,0.0
2570,28.5990346,0.0,0.0,30.0,0.0,0.0,0.0,0.0
2571,28.6324226,0.0,0.0,30.0,0.0,0.0,0.0,0.0
2572,28.6685535,0.0,0.0,30.0,0.0,0.0,0.0,0.0
2573,28.7076099,0.0,0.0,30.0,0.0,0.0,0.0,0.0
2574,28.749865,0.0,0.0,30.0,0.0,0.0,0.0,0.0
2575,28.7957905,0.0,0.0,30.0,0.0,0.0,0.0,0.0
2576,28.8455007,0.0,0.0,30.0,0.0,0.0,0.0,0.0
2577,28.8982881,0.0,0.0,30.0,0.0,0.0,0.0,0.0
2578,28.9554418,0.0,0.0,30.0,0.0,0.0,0.0,0.0
2579,29.0222632,0.0,0.0,30.0,0.0,0.0,0.0,0.0
2580,29.0938771,0.0,0.0,30.0,0.0,0.0,0.0,0.0
2581,29.1467463,0.0,0.0,30.0,0.0,0.0,0.0,0.0
2582,29.2100067,0.0,0.0,30.0,0.0,0.0,0.0,0.0
2583,29.4000234,0.0,0.0,30.0,0.0,0.0,0.0,0.0
2584,29.5627602,0.0,0.0,30.0,0.0,0.0,0.0,0.0
2585,29.1382358,0.0,0.0,30.0,0.0,0.0,0.0,0.0
2586,29.0148351,0.0,0.0,30.0,0.0,0.0,0.0,0.0
2587,29.9065164,0.0,0.0,30.0,0.0,0.0,0.0,0.0
2588,30.0,0.0,0.0,30.0,0.0,0.0,0.0,0.0
2589,30.0,0.0,0.0,30.0,0.0,0.0,0.0,0.0
2590,23.8910987,0.0,0.0,30.0,0.0,0.0,0.0,0.0
2591,23.6889103,0.0,0.0,30.0,0.0,0.0,0.0,0.0
2592,0.0,0.0,0.0,0.0,0.0,0.0,0.0,0.0
2593,30.0,0.0,0.0,4.3794725,0.0,0.0,0.0,0.0
2594,30.0,0.0,0.0,6.38062664,0.0,0.0,0.0,0.0
2595,0.0,0.0,0.0,17.0023289,0.0,0.0,0.0,0.0
2596,0.0,0.0,0.0,22.276036,0.0,0.0,0.0,0.0
2597,0.0,0.0,0.0,23.7845316,0.0,0.0,0.0,0.0
2598,0.0,0.0,0.0,24.3122878,0.0,0.0,0.0,0.0
2599,0.0,0.0,0.0,25.2589556,0.0,0.0,0.0,0.0
2600,0.0,0.0,0.0,26.1607796,0.0,0.0,0.0,0.0
2601,0.0,0.0,0.0,26.8245704,0.0,0.0,0.0,0.0
2602,0.0,0.0,0.0,27.3371807,0.0,0.0,0.0,0.0
2603,0.0,0.0,0.0,27.7342179,0.0,0.0,0.0,0.0
2604,0.0,0.0,0.0,28.0073367,0.0,0.0,0.0,0.0
2605,0.0,0.0,0.0,28.1554345,0.0,0.0,0.0,0.0
2606,0.0,0.0,0.0,28.1822492,0.0,0.0,0.0,0.0
2607,0.0,0.0,0.0,28.0891725,0.0,0.0,0.0,0.0
2608,0.0,0.0,0.0,27.8755887,0.0,0.0,0.0,0.0
2609,0.0,0.0,0.0,27.5357145,0.0,0.0,0.0,0.0
2610,0.0,0.0,0.0,27.0608137,0.0,0.0,0.0,0.0
2611,0.0,0.0,0.0,26.4666364,0.0,0.0,0.0,0.0
2612,0.0,0.0,0.0,25.7734567,0.0,0.0,0.0,0.0
2613,0.0,0.0,0.0,24.8311033,0.0,0.0,0.0,0.0
2614,0.0,0.0,0.0,23.4766949,0.0,0.0,0.0,0.0
2615,0.0,0.0,0.0,22.634833,0.0,0.0,0.0,0.0
2616,0.0,0.0,0.0,23.1149744,0.0,0.0,0.0,0.0
2617,0.0,0.0,0.0,18.7244334,0.0,0.0,0.0,0.0
2618,0.0,0.0,0.0,5.26402107,0.0,0.0,0.0,0.0
2619,0.0,0.0,0.0,6.88804934,0.0,0.0,0.0,0.0
2620,30.0,0.0,0.0,30.0,0.0,0.0,0.0,0.0
2621,30.0,0.0,0.0,30.0,0.0,0.0,0.0,0.0
2622,30.0,0.0,0.0,30.0,0.0,0.0,0.0,0.0
2623,30.0,0.0,0.0,30.0,0.0,0.0,0.0,0.0
2624,30.0,0.0,0.0,30.0,0.0,0.0,0.0,0.0
2625,28.3282336,0.0,0.0,30.0,0.0,0.0,0.0,0.0
2626,28.097196,0.0,0.0,30.0,0.0,0.0,0.0,0.0
2627,30.0,0.0,0.0,30.0,0.0,0.0,0.0,0.0
2628,30.0,0.0,0.0,30.0,0.0,0.0,0.0,0.0
2629,30.0,0.0,0.0,30.0,0.0,0.0,0.0,0.0
2630,30.0,0.0,0.0,30.0,0.0,0.0,0.0,0.0
2631,30.0,0.0,0.0,30.0,0.0,0.0,0.0,0.0
2632,30.0,0.0,0.0,30.0,0.0,0.0,0.0,0.0
2633,30.0,0.0,0.0,30.0,0.0,0.0,0.0,0.0
2634,30.0,0.0,0.0,30.0,0.0,0.0,0.0,0.0
2635,30.0,0.0,0.0,30.0,0.0,0.0,0.0,0.0
2636,30.0,0.0,0.0,30.0,0.0,0.0,0.0,0.0
2637,30.0,0.0,0.0,30.0,0.0,0.0,0.0,0.0
2638,30.0,0.0,0.0,30.0,0.0,0.0,0.0,0.0
2639,30.0,0.0,0.0,30.0,0.0,0.0,0.0,0.0
2640,29.1730887,0.0,0.0,30.0,0.0,0.0,0.0,0.0
2641,29.1638579,0.0,0.0,30.0,0.0,0.0,0.0,0.0
2642,29.2507659,0.0,0.0,30.0,0.0,0.0,0.0,0.0
2643,28.9544164,0.0,0.0,30.0,0.0,0.0,0.0,0.0
2644,28.875044,0.0,0.0,30.0,0.0,0.0,0.0,0.0
2645,28.8670618,0.0,0.0,30.0,0.0,0.0,0.0,0.0
2646,28.819296,0.0,0.0,30.0,0.0,0.0,0.0,0.0
2647,28.7628402,0.0,0.0,30.0,0.0,0.0,0.0,0.0
2648,28.7190685,0.0,0.0,30.0,0.0,0.0,0.0,0.0
2649,28.6809188,0.0,0.0,30.0,0.0,0.0,0.0,0.0
2650,28.6439211,0.0,0.0,30.0,0.0,0.0,0.0,0.0
2651,28.6093037,0.0,0.0,30.0,0.0,0.0,0.0,0.0
2652,28.5776726,0.0,0.0,30.0,0.0,0.0,0.0,0.0
2653,28.5485192,0.0,0.0,30.0,0.0,0.0,0.0,0.0
2654,28.5215033,0.0,0.0,30.0,0.0,0.0,0.0,0.0
2655,28.4965227,0.0,0.0,30.0,0.0,0.0,0.0,0.0
2656,28.4734525,0.0,0.0,30.0,0.0,0.0,0.0,0.0
2657,28.4521351,0.0,0.0,30.0,0.0,0.0,0.0,0.0
2658,28.4324318,0.0,0.0,30.0,0.0,0.0,0.0,0.0
2659,28.4142229,0.0,0.0,30.0,0.0,0.0,0.0,0.0
2660,28.3973961,0.0,0.0,30.0,0.0,0.0,0.0,0.0
2661,28.381846,0.0,0.0,30.0,0.0,0.0,0.0,0.0
2662,28.3674755,0.0,0.0,30.0,0.0,0.0,0.0,0.0
2663,28.3541955,0.0,0.0,30.0,0.0,0.0,0.0,0.0
2664,28.341923,0.0,0.0,30.0,0.0,0.0,0.0,0.0
2665,28.3305818,0.0,0.0,30.0,0.0,0.0,0.0,0.0
2666,28.3201012,0.0,0.0,30.0,0.0,0.0,0.0,0.0
2667,28.3104159,0.0,0.0,30.0,0.0,0.0,0.0,0.0
2668,28.3014656,0.0,0.0,30.0,0.0,0.0,0.0,0.0
2669,28.2931947,0.0,0.0,30.0,0.0,0.0,0.0,0.0
2670,28.2855515,0.0,0.0,30.0,0.0,0.0,0.0,0.0
2671,28.2784884,0.0,0.0,30.0,0.0,0.0,0.0,0.0
2672,28.2719616,0.0,0.0,30.0,0.0,0.0,0.0,0.0
2673,28.2659304,0.0,0.0,30.0,0.0,0.0,0.0,0.0
2674,28.2603572,0.0,0.0,30.0,0.0,0.0,0.0,0.0
2675,28.2552072,0.0,0.0,30.0,0.0,0.0,0.0,0.0
2676,28.2504485,0.0,0.0,30.0,0.0,0.0,0.0,0.0
2677,28.2460514,0.0,0.0,30.0,0.0,0.0,0.0,0.0
2678,28.2419886,0.0,0.0,30.0,0.0,0.0,0.0,0.0
2679,28.2382346,0.0,0.0,30.0,0.0,0.0,0.0,0.0
2680,28.2347662,0.0,0.0,30.0,0.0,0.0,0.0,0.0
2681,28.2315617,0.0,0.0,30.0,0.0,0.0,0.0,0.0
2682,28.2286013,0.0,0.0,30.0,0.0,0.0,0.0,0.0
2683,28.2258663,0.0,0.0,30.0,0.0,0.0,0.0,0.0
2684,28.2233399,0.0,0.0,30.0,0.0,0.0,0.0,0.0
2685,28.2210063,0.0,0.0,30.0,0.0,0.0,0.0,0.0
2686,28.218851,0.0,0.0,30.0,0.0,0.0,0.0,0.0
2687,28.2168605,0.0,0.0,30.0,0.0,0.0,0.0,0.0
2688,28.2150224,0.0,0.0,30.0,0.0,0.0,0.0,0.0
2689,28.2133253,0.0,0.0,30.0,0.0,0.0,0.0,0.0
2690,28.2117587,0.0,0.0,30.0,0.0,0.0,0.0,0.0
2691,28.2103127,0.0,0.0,30.0,0.0,0.0,0.0,0.0
2692,28.2089784,0.0,0.0,30.0,0.0,0.0,0.0,0.0
2693,28.2077475,0.0,0.0,30.0,0.0,0.0,0.0,0.0
2694,28.2066123,0.0,0.0,30.0,0.0,0.0,0.0,0.0
2695,28.2055656,0.0,0.0,30.0,0.0,0.0,0.0,0.0
2696,28.2046011,0.0,0.0,30.0,0.0,0.0,0.0,0.0
2697,28.2037127,0.0,0.0,30.0,0.0,0.0,0.0,0.0
2698,28.2028949,0.0,0.0,30.0,0.0,0.0,0.0,0.0
2699,28.2021425,0.0,0.0,30.0,0.0,0.0,0.0,0.0
2700,28.2014509,0.0,0.0,30.0,0.0,0.0,0.0,0.0
2701,28.2008158,0.0,0.0,30.0,0.0,0.0,0.0,0.0
2702,28.2002333,0.0,0.0,30.0,0.0,0.0,0.0,0.0
2703,28.1996996,0.0,0.0,30.0,0.0,0.0,0.0,0.0
2704,28.1992115,0.0,0.0,30.0,0.0,0.0,0.0,0.0
2705,28.198766,0.0,0.0,30.0,0.0,0.0,0.0,0.0
2706,28.1983602,0.0,0.0,30.0,0.0,0.0,0.0,0.0
2707,28.1979916,0.0,0.0,30.0,0.0,0.0,0.0,0.0
2708,28.197658,0.0,0.0,30.0,0.0,0.0,0.0,0.0
2709,28.1973573,0.0,0.0,30.0,0.0,0.0,0.0,0.0
2710,28.1970875,0.0,0.0,30.0,0.0,0.0,0.0,0.0
2711,28.1968471,0.0,0.0,30.0,0.0,0.0,0.0,0.0
2712,28.1966344,0.0,0.0,30.0,0.0,0.0,0.0,0.0
2713,28.1964483,0.0,0.0,30.0,0.0,0.0,0.0,0.0
2714,28.1962875,0.0,0.0,30.0,0.0,0.0,0.0,0.0
2715,28.196151,0.0,0.0,30.0,0.0,0.0,0.0,0.0
2716,28.1960379,0.0,0.0,30.0,0.0,0.0,0.0,0.0
2717,28.1959477,0.0,0.0,30.0,0.0,0.0,0.0,0.0
2718,28.1958797,0.0,0.0,30.0,0.0,0.0,0.0,0.0
2719,28.1958334,0.0,0.0,30.0,0.0,0.0,0.0,0.0
2720,28.1958087,0.0,0.0,30.0,0.0,0.0,0.0,0.0
2721,28.1958053,0.0,0.0,30.0,0.0,0.0,0.0,0.0
2722,28.1958232,0.0,0.0,30.0,0.0,0.0,0.0,0.0
2723,28.1958626,0.0,0.0,30.0,0.0,0.0,0.0,0.0
2724,28.1959236,0.0,0.0,30.0,0.0,0.0,0.0,0.0
2725,28.1960067,0.0,0.0,30.0,0.0,0.0,0.0,0.0
2726,28.1961124,0.0,0.0,30.0,0.0,0.0,0.0,0.0
2727,28.1962413,0.0,0.0,30.0,0.0,0.0,0.0,0.0
2728,28.1963943,0.0,0.0,30.0,0.0,0.0,0.0,0.0
2729,28.1965722,0.0,0.0,30.0,0.0,0.0,0.0,0.0
2730,28.1967763,0.0,0.0,30.0,0.0,0.0,0.0,0.0
2731,28.1970077,0.0,0.0,30.0,0.0,0.0,0.0,0.0
2732,28.197268,0.0,0.0,30.0,0.0,0.0,0.0,0.0
2733,28.1975586,0.0,0.0,30.0,0.0,0.0,0.0,0.0
2734,28.1978816,0.0,0.0,30.0,0.0,0.0,0.0,0.0
2735,28.1982387,0.0,0.0,30.0,0.0,0.0,0.0,0.0
2736,28.1986324,0.0,0.0,30.0,0.0,0.0,0.0,0.0
2737,28.199065,0.0,0.0,30.0,0.0,0.0,0.0,0.0
2738,28.1995392,0.0,0.0,30.0,0.0,0.0,0.0,0.0
2739,28.200058,0.0,0.0,30.0,0.0,0.0,0.0,0.0
2740,28.2006246,0.0,0.0,30.0,0.0,0.0,0.0,0.0
2741,28.2012426,0.0,0.0,30.0,0.0,0.0,0.0,0.0
2742,28.2019157,0.0,0.0,30.0,0.0,0.0,0.0,0.0
2743,28.2026482,0.0,0.0,30.0,0.0,0.0,0.0,0.0
2744,28.2034447,0.0,0.0,30.0,0.0,0.0,0.0,0.0
2745,28.20431,0.0,0.0,30.0,0.0,0.0,0.0,0.0
2746,28.2052497,0.0,0.0,30.0,0.0,0.0,0.0,0.0
2747,28.2062694,0.0,0.0,30.0,0.0,0.0,0.0,0.0
2748,28.2073757,0.0,0.0,30.0,0.0,0.0,0.0,0.0
2749,28.2085754,0.0,0.0,30.0,0.0,0.0,0.0,0.0
2750,28.2098759,0.0,0.0,30.0,0.0,0.0,0.0,0.0
2751,28.2112854,0.0,0.0,30.0,0.0,0.0,0.0,0.0
2752,28.2128126,0.0,0.0,30.0,0.0,0.0,0.0,0.0
2753,28.214467,0.0,0.0,30.0,0.0,0.0,0.0,0.0
2754,28.216259,0.0,0.0,30.0,0.0,0.0,0.0,0.0
2755,28.2181997,0.0,0.0,30.0,0.0,0.0,0.0,0.0
2756,28.2203012,0.0,0.0,30.0,0.0,0.0,0.0,0.0
2757,28.2225766,0.0,0.0,30.0,0.0,0.0,0.0,0.0
2758,28.22504,0.0,0.0,30.0,0.0,0.0,0.0,0.0
2759,28.2277068,0.0,0.0,30.0,0.0,0.0,0.0,0.0
2760,28.2305936,0.0,0.0,30.0,0.0,0.0,0.0,0.0
2761,28.2337184,0.0,0.0,30.0,0.0,0.0,0.0,0.0
2762,28.2371006,0.0,0.0,30.0,0.0,0.0,0.0,0.0
2763,28.2407613,0.0,0.0,30.0,0.0,0.0,0.0,0.0
2764,28.2447232,0.0,0.0,30.0,0.0,0.0,0.0,0.0
2765,28.2490112,0.0,0.0,30.0,0.0,0.0,0.0,0.0
2766,28.2536518,0.0,0.0,30.0,0.0,0.0,0.0,0.0
2767,28.258674,0.0,0.0,30.0,0.0,0.0,0.0,0.0
2768,28.264109,0.0,0.0,30.0,0.0,0.0,0.0,0.0
2769,28.2699907,0.0,0.0,30.0,0.0,0.0,0.0,0.0
2770,28.2763557,0.0,0.0,30.0,0.0,0.0,0.0,0.0
2771,28.2832437,0.0,0.0,30.0,0.0,0.0,0.0,0.0
2772,28.2906975,0.0,0.0,30.0,0.0,0.0,0.0,0.0
2773,28.2987636,0.0,0.0,30.0,0.0,0.0,0.0,0.0
2774,28.3074921,0.0,0.0,30.0,0.0,0.0,0.0,0.0
2775,28.3169375,0.0,0.0,30.0,0.0,0.0,0.0,0.0
2776,28.3271586,0.0,0.0,30.0,0.0,0.0,0.0,0.0
2777,28.338219,0.0,0.0,30.0,0.0,0.0,0.0,0.0
2778,28.3501875,0.0,0.0,30.0,0.0,0.0,0.0,0.0
2779,28.3631388,0.0,0.0,30.0,0.0,0.0,0.0,0.0
2780,28.3771535,0.0,0.0,30.0,0.0,0.0,0.0,0.0
2781,28.3923188,0.0,0.0,30.0,0.0,0.0,0.0,0.0
2782,28.4087291,0.0,0.0,30.0,0.0,0.0,0.0,0.0
2783,28.4264868,0.0,0.0,30.0,0.0,0.0,0.0,0.0
2784,28.4457023,0.0,0.0,30.0,0.0,0.0,0.0,0.0
2785,28.4664952,0.0,0.0,30.0,0.0,0.0,0.0,0.0
2786,28.4889951,0.0,0.0,30.0,0.0,0.0,0.0,0.0
2787,28.5133424,0.0,0.0,30.0,0.0,0.0,0.0,0.0
2788,28.5396886,0.0,0.0,30.0,0.0,0.0,0.0,0.0
2789,28.5681959,0.0,0.0,30.0,0.0,0.0,0.0,0.0
2790,28.5990429,0.0,0.0,30.0,0.0,0.0,0.0,0.0
2791,28.6324302,0.0,0.0,30.0,0.0,0.0,0.0,0.0
2792,28.6685606,0.0,0.0,30.0,0.0,0.0,0.0,0.0
2793,28.7076164,0.0,0.0,30.0,0.0,0.0,0.0,0.0
2794,28.7498709,0.0,0.0,30.0,0.0,0.0,0.0,0.0
2795,28.795796,0.0,0.0,30.0,0.0,0.0,0.0,0.0
2796,28.8455057,0.0,0.0,30.0,0.0,0.0,0.0,0.0
2797,28.8982927,0.0,0.0,30.0,0.0,0.0,0.0,0.0
2798,28.9554461,0.0,0.0,30.0,0.0,0.0,0.0,0.0
2799,29.0222671,0.0,0.0,30.0,0.0,0.0,0.0,0.0
2800,29.0938806,0.0,0.0,30.0,0.0,0.0,0.0,0.0
2801,29.1467496,0.0,0.0,30.0,0.0,0.0,0.0,0.0
2802,29.2100097,0.0,0.0,30.0,0.0,0.0,0.0,0.0
2803,29.4000261,0.0,0.0,30.0,0.0,0.0,0.0,0.0
2804,29.5627626,0.0,0.0,30.0,0.0,0.0,0.0,0.0
2805,29.1382378,0.0,0.0,30.0,0.0,0.0,0.0,0.0
2806,29.0148373,0.0,0.0,30.0,0.0,0.0,0.0,0.0
2807,29.9065185,0.0,0.0,30.0,0.0,0.0,0.0,0.0
2808,30.0,0.0,0.0,30.0,0.0,0.0,0.0,0.0
2809,30.0,0.0,0.0,30.0,0.0,0.0,0.0,0.0
2810,23.8911054,0.0,0.0,30.0,0.0,0.0,0.0,0.0
2811,23.6889149,0.0,0.0,30.0,0.0,0.0,0.0,0.0
2812,0.0,0.0,0.0,0.0,0.0,0.0,0.0,0.0
2813,30.0,0.0,0.0,4.91746217,0.0,0.0,0.0,0.0
2814,30.0,0.0,0.0,7.02734753,0.0,0.0,0.0,0.0
2815,0.0,0.0,0.0,17.7123086,0.0,0.0,0.0,0.0
2816,0.0,0.0,0.0,23.2690326,0.0,0.0,0.0,0.0
2817,0.0,0.0,0.0,24.9543813,0.0,0.0,0.0,0.0
2818,0.0,0.0,0.0,25.6476614,0.0,0.0,0.0,0.0
2819,0.0,0.0,0.0,26.7895881,0.0,0.0,0.0,0.0
2820,0.0,0.0,0.0,27.8833453,0.0,0.0,0.0,0.0
2821,0.0,0.0,0.0,28.7946574,0.0,0.0,0.0,0.0
2822,0.0,0.0,0.0,29.5475471,0.0,0.0,0.0,0.0
2823,0.245962814,0.0,0.0,30.0,0.0,0.0,0.0,0.0
2824,1.82204195,0.0,0.0,30.0,0.0,0.0,0.0,0.0
2825,3.26785546,0.0,0.0,30.0,0.0,0.0,0.0,0.0
2826,4.42209102,0.0,0.0,30.0,0.0,0.0,0.0,0.0
2827,5.48665639,0.0,0.0,30.0,0.0,0.0,0.0,0.0
2828,6.43194524,0.0,0.0,30.0,0.0,0.0,0.0,0.0
2829,7.22820961,0.0,0.0,30.0,0.0,0.0,0.0,0.0
2830,7.90083332,0.0,0.0,30.0,0.0,0.0,0.0,0.0
2831,8.45522311,0.0,0.0,30.0,0.0,0.0,0.0,0.0
2832,8.82961504,0.0,0.0,30.0,0.0,0.0,0.0,0.0
2833,9.06139976,0.0,0.0,30.0,0.0,0.0,0.0,0.0
2834,9.46393162,0.0,0.0,30.0,0.0,0.0,0.0,0.0
2835,9.82589935,0.0,0.0,30.0,0.0,0.0,0.0,0.0
2836,8.62599752,0.0,0.0,30.0,0.0,0.0,0.0,0.0
2837,7.07988632,0.0,0.0,30.0,0.0,0.0,0.0,0.0
2838,12.6433407,0.0,0.0,30.0,0.0,0.0,0.0,0.0
2839,17.3894464,0.0,0.0,30.0,0.0,0.0,0.0,0.0
2840,20.6362496,0.0,0.0,30.0,0.0,0.0,0.0,0.0
2841,24.5489436,0.0,0.0,30.0,0.0,0.0,0.0,0.0
2842,26.6128704,0.0,0.0,30.0,0.0,0.0,0.0,0.0
2843,27.639306,0.0,0.0,30.0,0.0,0.0,0.0,0.0
2844,27.4421145,0.0,0.0,30.0,0.0,0.0,0.0,0.0
2845,28.4155962,0.0,0.0,30.0,0.0,0.0,0.0,0.0
2846,29.0979471,0.0,0.0,30.0,0.0,0.0,0.0,0.0
2847,30.0,0.0,0.0,30.0,0.0,0.0,0.0,0.0
2848,30.0,0.0,0.0,30.0,0.0,0.0,0.0,0.0
2849,30.0,0.0,0.0,30.0,0.0,0.0,0.0,0.0
2850,30.0,0.0,0.0,30.0,0.0,0.0,0.0,0.0
2851,30.0,0.0,0.0,30.0,0.0,0.0,0.0,0.0
2852,30.0,0.0,0.0,30.0,0.0,0.0,0.0,0.0
2853,30.0,0.0,0.0,30.0,0.0,0.0,0.0,0.0
2854,30.0,0.0,0.0,30.0,0.0,0.0,0.0,0.0
2855,30.0,0.0,0.0,30.0,0.0,0.0,0.0,0.0
2856,30.0,0.0,0.0,30.0,0.0,0.0,0.0,0.0
2857,30.0,0.0,0.0,30.0,0.0,0.0,0.0,0.0
2858,30.0,0.0,0.0,30.0,0.0,0.0,0.0,0.0
2859,30.0,0.0,0.0,30.0,0.0,0.0,0.0,0.0
2860,29.2993319,0.0,0.0,30.0,0.0,0.0,0.0,0.0
2861,29.2606855,0.0,0.0,30.0,0.0,0.0,0.0,0.0
2862,29.3141329,0.0,0.0,30.0,0.0,0.0,0.0,0.0
2863,29.0519569,0.0,0.0,30.0,0.0,0.0,0.0,0.0
2864,28.9685482,0.0,0.0,30.0,0.0,0.0,0.0,0.0
2865,28.9455798,0.0,0.0,30.0,0.0,0.0,0.0,0.0
2866,28.8913479,0.0,0.0,30.0,0.0,0.0,0.0,0.0
2867,28.8310276,0.0,0.0,30.0,0.0,0.0,0.0,0.0
2868,28.7821517,0.0,0.0,30.0,0.0,0.0,0.0,0.0
2869,28.7388925,0.0,0.0,30.0,0.0,0.0,0.0,0.0
2870,28.6974901,0.0,0.0,30.0,0.0,0.0,0.0,0.0
2871,28.6588745,0.0,0.0,30.0,0.0,0.0,0.0,0.0
2872,28.6234829,0.0,0.0,30.0,0.0,0.0,0.0,0.0
2873,28.5908413,0.0,0.0,30.0,0.0,0.0,0.0,0.0
2874,28.5606151,0.0,0.0,30.0,0.0,0.0,0.0,0.0
2875,28.5326702,0.0,0.0,30.0,0.0,0.0,0.0,0.0
2876,28.5068578,0.0,0.0,30.0,0.0,0.0,0.0,0.0
2877,28.4830057,0.0,0.0,30.0,0.0,0.0,0.0,0.0
2878,28.4609606,0.0,0.0,30.0,0.0,0.0,0.0,0.0
2879,28.4405876,0.0,0.0,30.0,0.0,0.0,0.0,0.0
2880,28.4217608,0.0,0.0,30.0,0.0,0.0,0.0,0.0
2881,28.4043624,0.0,0.0,30.0,0.0,0.0,0.0,0.0
2882,28.3882839,0.0,0.0,30.0,0.0,0.0,0.0,0.0
2883,28.3734253,0.0,0.0,30.0,0.0,0.0,0.0,0.0
2884,28.3596942,0.0,0.0,30.0,0.0,0.0,0.0,0.0
2885,28.3470048,0.0,0.0,30.0,0.0,0.0,0.0,0.0
2886,28.3352784,0.0,0.0,30.0,0.0,0.0,0.0,0.0
2887,28.3244418,0.0,0.0,30.0,0.0,0.0,0.0,0.0
2888,28.3144275,0.0,0.0,30.0,0.0,0.0,0.0,0.0
2889,28.3051733,0.0,0.0,30.0,0.0,0.0,0.0,0.0
2890,28.2966214,0.0,0.0,30.0,0.0,0.0,0.0,0.0
2891,28.2887186,0.0,0.0,30.0,0.0,0.0,0.0,0.0
2892,28.2814158,0.0,0.0,30.0,0.0,0.0,0.0,0.0
2893,28.2746673,0.0,0.0,30.0,0.0,0.0,0.0,0.0
2894,28.2684313,0.0,0.0,30.0,0.0,0.0,0.0,0.0
2895,28.2626689,0.0,0.0,30.0,0.0,0.0,0.0,0.0
2896,28.2573442,0.0,0.0,30.0,0.0,0.0,0.0,0.0
2897,28.252424,0.0,0.0,30.0,0.0,0.0,0.0,0.0
2898,28.2478777,0.0,0.0,30.0,0.0,0.0,0.0,0.0
2899,28.243677,0.0,0.0,30.0,0.0,0.0,0.0,0.0
2900,28.2397957,0.0,0.0,30.0,0.0,0.0,0.0,0.0
2901,28.2362097,0.0,0.0,30.0,0.0,0.0,0.0,0.0
2902,28.2328967,0.0,0.0,30.0,0.0,0.0,0.0,0.0
2903,28.2298359,0.0,0.0,30.0,0.0,0.0,0.0,0.0
2904,28.2270084,0.0,0.0,30.0,0.0,0.0,0.0,0.0
2905,28.2243965,0.0,0.0,30.0,0.0,0.0,0.0,0.0
2906,28.221984,0.0,0.0,30.0,0.0,0.0,0.0,0.0
2907,28.2197558,0.0,0.0,30.0,0.0,0.0,0.0,0.0
2908,28.2176981,0.0,0.0,30.0,0.0,0.0,0.0,0.0
2909,28.215798,0.0,0.0,30.0,0.0,0.0,0.0,0.0
2910,28.2140438,0.0,0.0,30.0,0.0,0.0,0.0,0.0
2911,28.2124245,0.0,0.0,30.0,0.0,0.0,0.0,0.0
2912,28.21093,0.0,0.0,30.0,0.0,0.0,0.0,0.0
2913,28.209551,0.0,0.0,30.0,0.0,0.0,0.0,0.0
2914,28.208279,0.0,0.0,30.0,0.0,0.0,0.0,0.0
2915,28.2071059,0.0,0.0,30.0,0.0,0.0,0.0,0.0
2916,28.2060246,0.0,0.0,30.0,0.0,0.0,0.0,0.0
2917,28.2050282,0.0,0.0,30.0,0.0,0.0,0.0,0.0
2918,28.2041106,0.0,0.0,30.0,0.0,0.0,0.0,0.0
2919,28.203266,0.0,0.0,30.0,0.0,0.0,0.0,0.0
2920,28.2024892,0.0,0.0,30.0,0.0,0.0,0.0,0.0
2921,28.2017753,0.0,0.0,30.0,0.0,0.0,0.0,0.0
2922,28.20112,0.0,0.0,30.0,0.0,0.0,0.0,0.0
2923,28.200519,0.0,0.0,30.0,0.0,0.0,0.0,0.0
2924,28.1999688,0.0,0.0,30.0,0.0,0.0,0.0,0.0
2925,28.1994658,0.0,0.0,30.0,0.0,0.0,0.0,0.0
2926,28.1990069,0.0,0.0,30.0,0.0,0.0,0.0,0.0
2927,28.1985893,0.0,0.0,30.0,0.0,0.0,0.0,0.0
2928,28.1982104,0.0,0.0,30.0,0.0,0.0,0.0,0.0
2929,28.1978677,0.0,0.0,30.0,0.0,0.0,0.0,0.0
2930,28.1975592,0.0,0.0,30.0,0.0,0.0,0.0,0.0
2931,28.197283,0.0,0.0,30.0,0.0,0.0,0.0,0.0
2932,28.1970373,0.0,0.0,30.0,0.0,0.0,0.0,0.0
2933,28.1968206,0.0,0.0,30.0,0.0,0.0,0.0,0.0
2934,28.1966315,0.0,0.0,30.0,0.0,0.0,0.0,0.0
2935,28.1964689,0.0,0.0,30.0,0.0,0.0,0.0,0.0
2936,28.1963318,0.0,0.0,30.0,0.0,0.0,0.0,0.0
2937,28.1962193,0.0,0.0,30.0,0.0,0.0,0.0,0.0
2938,28.1961306,0.0,0.0,30.0,0.0,0.0,0.0,0.0
2939,28.1960653,0.0,0.0,30.0,0.0,0.0,0.0,0.0
2940,28.196023,0.0,0.0,30.0,0.0,0.0,0.0,0.0
2941,28.1960033,0.0,0.0,30.0,0.0,0.0,0.0,0.0
2942,28.1960062,0.0,0.0,30.0,0.0,0.0,0.0,0.0
2943,28.1960317,0.0,0.0,30.0,0.0,0.0,0.0,0.0
2944,28.1960799,0.0,0.0,30.0,0.0,0.0,0.0,0.0
2945,28.1961512,0.0,0.0,30.0,0.0,0.0,0.0,0.0
2946,28.1962459,0.0,0.0,30.0,0.0,0.0,0.0,0.0
2947,28.1963647,0.0,0.0,30.0,0.0,0.0,0.0,0.0
2948,28.1965083,0.0,0.0,30.0,0.0,0.0,0.0,0.0
2949,28.1966776,0.0,0.0,30.0,0.0,0.0,0.0,0.0
2950,28.1968737,0.0,0.0,30.0,0.0,0.0,0.0,0.0
2951,28.1970977,0.0,0.0,30.0,0.0,0.0,0.0,0.0
2952,28.1973511,0.0,0.0,30.0,0.0,0.0,0.0,0.0
2953,28.1976355,0.0,0.0,30.0,0.0,0.0,0.0,0.0
2954,28.1979526,0.0,0.0,30.0,0.0,0.0,0.0,0.0
2955,28.1983044,0.0,0.0,30.0,0.0,0.0,0.0,0.0
2956,28.1986931,0.0,0.0,30.0,0.0,0.0,0.0,0.0
2957,28.199121,0.0,0.0,30.0,0.0,0.0,0.0,0.0
2958,28.199591,0.0,0.0,30.0,0.0,0.0,0.0,0.0
2959,28.2001059,0.0,0.0,30.0,0.0,0.0,0.0,0.0
2960,28.2006688,0.0,0.0,30.0,0.0,0.0,0.0,0.0
2961,28.2012834,0.0,0.0,30.0,0.0,0.0,0.0,0.0
2962,28.2019535,0.0,0.0,30.0,0.0,0.0,0.0,0.0
2963,28.2026831,0.0,0.0,30.0,0.0,0.0,0.0,0.0
2964,28.2034769,0.0,0.0,30.0,0.0,0.0,0.0,0.0
2965,28.2043398,0.0,0.0,30.0,0.0,0.0,0.0,0.0
2966,28.2052772,0.0,0.0,30.0,0.0,0.0,0.0,0.0
2967,28.2062949,0.0,0.0,30.0,0.0,0.0,0.0,0.0
2968,28.2073993,0.0,0.0,30.0,0.0,0.0,0.0,0.0
2969,28.2085971,0.0,0.0,30.0,0.0,0.0,0.0,0.0
2970,28.209896,0.0,0.0,30.0,0.0,0.0,0.0,0.0
2971,28.211304,0.0,0.0,30.0,0.0,0.0,0.0,0.0
2972,28.2128298,0.0,0.0,30.0,0.0,0.0,0.0,0.0
2973,28.2144829,0.0,0.0,30.0,0.0,0.0,0.0,0.0
2974,28.2162737,0.0,0.0,30.0,0.0,0.0,0.0,0.0
2975,28.2182133,0.0,0.0,30.0,0.0,0.0,0.0,0.0
2976,28.2203137,0.0,0.0,30.0,0.0,0.0,0.0,0.0
2977,28.2225882,0.0,0.0,30.0,0.0,0.0,0.0,0.0
2978,28.2250507,0.0,0.0,30.0,0.0,0.0,0.0,0.0
2979,28.2277167,0.0,0.0,30.0,0.0,0.0,0.0,0.0
2980,28.2306027,0.0,0.0,30.0,0.0,0.0,0.0,0.0
2981,28.2337268,0.0,0.0,30.0,0.0,0.0,0.0,0.0
2982,28.2371084,0.0,0.0,30.0,0.0,0.0,0.0,0.0
2983,28.2407685,0.0,0.0,30.0,0.0,0.0,0.0,0.0
2984,28.2447299,0.0,0.0,30.0,0.0,0.0,0.0,0.0
2985,28.2490174,0.0,0.0,30.0,0.0,0.0,0.0,0.0
2986,28.2536575,0.0,0.0,30.0,0.0,0.0,0.0,0.0
2987,28.2586792,0.0,0.0,30.0,0.0,0.0,0.0,0.0
2988,28.2641139,0.0,0.0,30.0,0.0,0.0,0.0,0.0
2989,28.2699952,0.0,0.0,30.0,0.0,0.0,0.0,0.0
2990,28.2763599,0.0,0.0,30.0,0.0,0.0,0.0,0.0
2991,28.2832475,0.0,0.0,30.0,0.0,0.0,0.0,0.0
2992,28.2907011,0.0,0.0,30.0,0.0,0.0,0.0,0.0
2993,28.2987669,0.0,0.0,30.0,0.0,0.0,0.0,0.0
2994,28.3074952,0.0,0.0,30.0,0.0,0.0,0.0,0.0
2995,28.3169403,0.0,0.0,30.0,0.0,0.0,0.0,0.0
2996,28.3271612,0.0,0.0,30.0,0.0,0.0,0.0,0.0
2997,28.3382214,0.0,0.0,30.0,0.0,0.0,0.0,0.0
2998,28.3501897,0.0,0.0,30.0,0.0,0.0,0.0,0.0
2999,28.3631409,0.0,0.0,30.0,0.0,0.0,0.0,0.0
3000,28.3771553,0.0,0.0,30.0,0.0,0.0,0.0,0.0
3001,28.3923205,0.0,0.0,30.0,0.0,0.0,0.0,0.0
3002,28.4087307,0.0,0.0,30.0,0.0,0.0,0.0,0.0
3003,28.4264882,0.0,0.0,30.0,0.0,0.0,0.0,0.0
3004,28.4457036,0.0,0.0,30.0,0.0,0.0,0.0,0.0
3005,28.4664965,0.0,0.0,30.0,0.0,0.0,0.0,0.0
3006,28.4889962,0.0,0.0,30.0,0.0,0.0,0.0,0.0
3007,28.5133435,0.0,0.0,30.0,0.0,0.0,0.0,0.0
3008,28.5396896,0.0,0.0,30.0,0.0,0.0,0.0,0.0
3009,28.5681969,0.0,0.0,30.0,0.0,0.0,0.0,0.0
3010,28.5990437,0.0,0.0,30.0,0.0,0.0,0.0,0.0
3011,28.6324309,0.0,0.0,30.0,0.0,0.0,0.0,0.0
3012,28.6685613,0.0,0.0,30.0,0.0,0.0,0.0,0.0
3013,28.707617,0.0,0.0,30.0,0.0,0.0,0.0,0.0
3014,28.7498715,0.0,0.0,30.0,0.0,0.0,0.0,0.0
3015,28.7957965,0.0,0.0,30.0,0.0,0.0,0.0,0.0
3016,28.8455062,0.0,0.0,30.0,0.0,0.0,0.0,0.0
3017,28.8982932,0.0,0.0,30.0,0.0,0.0,0.0,0.0
3018,28.9554465,0.0,0.0,30.0,0.0,0.0,0.0,0.0
3019,29.0222675,0.0,0.0,30.0,0.0,0.0,0.0,0.0
3020,29.093881,0.0,0.0,30.0,0.0,0.0,0.0,0.0
3021,29.1467499,0.0,0.0,30.0,0.0,0.0,0.0,0.0
3022,29.21001,0.0,0.0,30.0,0.0,0.0,0.0,0.0
3023,29.4000264,0.0,0.0,30.0,0.0,0.0,0.0,0.0
3024,29.5627629,0.0,0.0,30.0,0.0,0.0,0.0,0.0
3025,29.138238,0.0,0.0,30.0,0.0,0.0,0.0,0.0
3026,29.0148375,0.0,0.0,30.0,0.0,0.0,0.0,0.0
3027,29.9065188,0.0,0.0,30.0,0.0,0.0,0.0,0.0
3028,30.0,0.0,0.0,30.0,0.0,0.0,0.0,0.0
3029,30.0,0.0,0.0,30.0,0.0,0.0,0.0,0.0
3030,23.8911061,0.0,0.0,30.0,0.0,0.0,0.0,0.0
3031,23.6889154,0.0,0.0,30.0,0.0,0.0,0.0,0.0
3032,0.0,0.0,0.0,0.0,0.0,0.0,0.0,0.0
3033,30.0,0.0,0.0,4.24215555,0.0,0.0,0.0,0.0
3034,30.0,0.0,0.0,6.21558261,0.0,0.0,0.0,0.0
3035,0.0,0.0,0.0,16.821143,0.0,0.0,0.0,0.0
3036,0.0,0.0,0.0,22.0224509,0.0,0.0,0.0,0.0
3037,0.0,0.0,0.0,23.4858191,0.0,0.0,0.0,0.0
3038,0.0,0.0,0.0,23.9723774,0.0,0.0,0.0,0.0
3039,0.0,0.0,0.0,24.8689566,0.0,0.0,0.0,0.0
3040,0.0,0.0,0.0,25.7150738,0.0,0.0,0.0,0.0
3041,0.0,0.0,0.0,26.3186973,0.0,0.0,0.0,0.0
3042,0.0,0.0,0.0,26.7653254,0.0,0.0,0.0,0.0
3043,0.0,0.0,0.0,27.0895284,0.0,0.0,0.0,0.0
3044,0.0,0.0,0.0,27.2822035,0.0,0.0,0.0,0.0
3045,0.0,0.0,0.0,27.3413161,0.0,0.0,0.0,0.0
3046,0.0,0.0,0.0,27.2695901,0.0,0.0,0.0,0.0
3047,0.0,0.0,0.0,27.0673952,0.0,0.0,0.0,0.0
3048,0.0,0.0,0.0,26.7324818,0.0,0.0,0.0,0.0
3049,0.0,0.0,0.0,26.256775,0.0,0.0,0.0,0.0
3050,0.0,0.0,0.0,25.6323564,0.0,0.0,0.0,0.0
3051,0.0,0.0,0.0,24.8783767,0.0,0.0,0.0,0.0
3052,0.0,0.0,0.0,23.9967867,0.0,0.0,0.0,0.0
3053,0.0,0.0,0.0,22.8047231,0.0,0.0,0.0,0.0
3054,0.0,0.0,0.0,21.247438,0.0,0.0,0.0,0.0
3055,0.0,0.0,0.0,20.4247573,0.0,0.0,0.0,0.0
3056,0.0,0.0,0.0,20.4007986,0.0,0.0,0.0,0.0
3057,0.0,0.0,0.0,13.9581131,0.0,0.0,0.0,0.0
3058,0.0,0.0,0.0,1.89195953,0.0,0.0,0.0,0.0
3059,0.0,0.0,0.0,5.90614328,0.0,0.0,0.0,0.0
3060,30.0,0.0,0.0,30.0,0.0,0.0,0.0,0.0
3061,30.0,0.0,0.0,30.0,0.0,0.0,0.0,0.0
3062,30.0,0.0,0.0,30.0,0.0,0.0,0.0,0.0
3063,30.0,0.0,0.0,30.0,0.0,0.0,0.0,0.0
3064,30.0,0.0,0.0,30.0,0.0,0.0,0.0,0.0
3065,30.0,0.0,0.0,30.0,0.0,0.0,0.0,0.0
3066,30.0,0.0,0.0,30.0,0.0,0.0,0.0,0.0
3067,30.0,0.0,0.0,30.0,0.0,0.0,0.0,0.0
3068,30.0,0.0,0.0,30.0,0.0,0.0,0.0,0.0
3069,30.0,0.0,0.0,30.0,0.0,0.0,0.0,0.0
3070,30.0,0.0,0.0,30.0,0.0,0.0,0.0,0.0
3071,30.0,0.0,0.0,30.0,0.0,0.0,0.0,0.0
3072,28.7631917,0.0,0.0,30.0,0.0,0.0,0.0,0.0
3073,23.5071464,0.0,0.0,30.0,0.0,0.0,0.0,0.0
3074,24.4810295,0.0,0.0,30.0,0.0,0.0,0.0,0.0
3075,30.0,0.0,0.0,30.0,0.0,0.0,0.0,0.0
3076,30.0,0.0,0.0,30.0,0.0,0.0,0.0,0.0
3077,30.0,0.0,0.0,30.0,0.0,0.0,0.0,0.0
3078,30.0,0.0,0.0,30.0,0.0,0.0,0.0,0.0
3079,30.0,0.0,0.0,30.0,0.0,0.0,0.0,0.0
3080,29.3428211,0.0,0.0,30.0,0.0,0.0,0.0,0.0
3081,28.9123013,0.0,0.0,30.0,0.0,0.0,0.0,0.0
3082,28.8323665,0.0,0.0,30.0,0.0,0.0,0.0,0.0
3083,28.6408366,0.0,0.0,30.0,0.0,0.0,0.0,0.0
3084,28.6215593,0.0,0.0,30.0,0.0,0.0,0.0,0.0
3085,28.6172925,0.0,0.0,30.0,0.0,0.0,0.0,0.0
3086,28.5814906,0.0,0.0,30.0,0.0,0.0,0.0,0.0
3087,28.5463496,0.0,0.0,30.0,0.0,0.0,0.0,0.0
3088,28.5203377,0.0,0.0,30.0,0.0,0.0,0.0,0.0
3089,28.496575,0.0,0.0,30.0,0.0,0.0,0.0,0.0
3090,28.4733069,0.0,0.0,30.0,0.0,0.0,0.0,0.0
3091,28.4517763,0.0,0.0,30.0,0.0,0.0,0.0,0.0
3092,28.4321432,0.0,0.0,30.0,0.0,0.0,0.0,0.0
3093,28.4139995,0.0,0.0,30.0,0.0,0.0,0.0,0.0
3094,28.3971791,0.0,0.0,30.0,0.0,0.0,0.0,0.0
3095,28.3816359,0.0,0.0,30.0,0.0,0.0,0.0,0.0
3096,28.3672826,0.0,0.0,30.0,0.0,0.0,0.0,0.0
3097,28.3540178,0.0,0.0,30.0,0.0,0.0,0.0,0.0
3098,28.3417573,0.0,0.0,30.0,0.0,0.0,0.0,0.0
3099,28.3304271,0.0,0.0,30.0,0.0,0.0,0.0,0.0
3100,28.319957,0.0,0.0,30.0,0.0,0.0,0.0,0.0
3101,28.3102813,0.0,0.0,30.0,0.0,0.0,0.0,0.0
3102,28.3013398,0.0,0.0,30.0,0.0,0.0,0.0,0.0
3103,28.2930767,0.0,0.0,30.0,0.0,0.0,0.0,0.0
3104,28.2854407,0.0,0.0,30.0,0.0,0.0,0.0,0.0
3105,28.2783842,0.0,0.0,30.0,0.0,0.0,0.0,0.0
3106,28.2718632,0.0,0.0,30.0,0.0,0.0,0.0,0.0
3107,28.2658372,0.0,0.0,30.0,0.0,0.0,0.0,0.0
3108,28.2602687,0.0,0.0,30.0,0.0,0.0,0.0,0.0
3109,28.2551228,0.0,0.0,30.0,0.0,0.0,0.0,0.0
3110,28.2503677,0.0,0.0,30.0,0.0,0.0,0.0,0.0
3111,28.2459737,0.0,0.0,30.0,0.0,0.0,0.0,0.0
3112,28.2419135,0.0,0.0,30.0,0.0,0.0,0.0,0.0
3113,28.2381617,0.0,0.0,30.0,0.0,0.0,0.0,0.0
3114,28.234695,0.0,0.0,30.0,0.0,0.0,0.0,0.0
3115,28.2314918,0.0,0.0,30.0,0.0,0.0,0.0,0.0
3116,28.2285321,0.0,0.0,30.0,0.0,0.0,0.0,0.0
3117,28.2257976,0.0,0.0,30.0,0.0,0.0,0.0,0.0
3118,28.2232711,0.0,0.0,30.0,0.0,0.0,0.0,0.0
3119,28.2209371,0.0,0.0,30.0,0.0,0.0,0.0,0.0
3120,28.2187809,0.0,0.0,30.0,0.0,0.0,0.0,0.0
3121,28.216789,0.0,0.0,30.0,0.0,0.0,0.0,0.0
3122,28.2149492,0.0,0.0,30.0,0.0,0.0,0.0,0.0
3123,28.2132499,0.0,0.0,30.0,0.0,0.0,0.0,0.0
3124,28.2116806,0.0,0.0,30.0,0.0,0.0,0.0,0.0
3125,28.2102315,0.0,0.0,30.0,0.0,0.0,0.0,0.0
3126,28.2088935,0.0,0.0,30.0,0.0,0.0,0.0,0.0
3127,28.2076584,0.0,0.0,30.0,0.0,0.0,0.0,0.0
3128,28.2065184,0.0,0.0,30.0,0.0,0.0,0.0,0.0
3129,28.2054664,0.0,0.0,30.0,0.0,0.0,0.0,0.0
3130,28.204496,0.0,0.0,30.0,0.0,0.0,0.0,0.0
3131,28.203601,0.0,0.0,30.0,0.0,0.0,0.0,0.0
3132,28.2027758,0.0,0.0,30.0,0.0,0.0,0.0,0.0
3133,28.2020154,0.0,0.0,30.0,0.0,0.0,0.0,0.0
3134,28.201315,0.0,0.0,30.0,0.0,0.0,0.0,0.0
3135,28.2006702,0.0,0.0,30.0,0.0,0.0,0.0,0.0
3136,28.2000771,0.0,0.0,30.0,0.0,0.0,0.0,0.0
3137,28.1995319,0.0,0.0,30.0,0.0,0.0,0.0,0.0
3138,28.1990312,0.0,0.0,30.0,0.0,0.0,0.0,0.0
3139,28.1985719,0.0,0.0,30.0,0.0,0.0,0.0,0.0
3140,28.1981512,0.0,0.0,30.0,0.0,0.0,0.0,0.0
3141,28.1977665,0.0,0.0,30.0,0.0,0.0,0.0,0.0
3142,28.1974152,0.0,0.0,30.0,0.0,0.0,0.0,0.0
3143,28.1970954,0.0,0.0,30.0,0.0,0.0,0.0,0.0
3144,28.1968048,0.0,0.0,30.0,0.0,0.0,0.0,0.0
3145,28.1965419,0.0,0.0,30.0,0.0,0.0,0.0,0.0
3146,28.1963048,0.0,0.0,30.0,0.0,0.0,0.0,0.0
3147,28.1960922,0.0,0.0,30.0,0.0,0.0,0.0,0.0
3148,28.1959027,0.0,0.0,30.0,0.0,0.0,0.0,0.0
3149,28.1957351,0.0,0.0,30.0,0.0,0.0,0.0,0.0
3150,28.1955884,0.0,0.0,30.0,0.0,0.0,0.0,0.0
3151,28.1954617,0.0,0.0,30.0,0.0,0.0,0.0,0.0
3152,28.1953541,0.0,0.0,30.0,0.0,0.0,0.0,0.0
3153,28.1952651,0.0,0.0,30.0,0.0,0.0,0.0,0.0
3154,28.195194,0.0,0.0,30.0,0.0,0.0,0.0,0.0
3155,28.1951405,0.0,0.0,30.0,0.0,0.0,0.0,0.0
3156,28.1951041,0.0,0.0,30.0,0.0,0.0,0.0,0.0
3157,28.1950847,0.0,0.0,30.0,0.0,0.0,0.0,0.0
3158,28.1950822,0.0,0.0,30.0,0.0,0.0,0.0,0.0
3159,28.1950964,0.0,0.0,30.0,0.0,0.0,0.0,0.0
3160,28.1951276,0.0,0.0,30.0,0.0,0.0,0.0,0.0
3161,28.1951759,0.0,0.0,30.0,0.0,0.0,0.0,0.0
3162,28.1952416,0.0,0.0,30.0,0.0,0.0,0.0,0.0
3163,28.1953251,0.0,0.0,30.0,0.0,0.0,0.0,0.0
3164,28.1954269,0.0,0.0,30.0,0.0,0.0,0.0,0.0
3165,28.1955477,0.0,0.0,30.0,0.0,0.0,0.0,0.0
3166,28.1956882,0.0,0.0,30.0,0.0,0.0,0.0,0.0
3167,28.1958493,0.0,0.0,30.0,0.0,0.0,0.0,0.0
3168,28.196032,0.0,0.0,30.0,0.0,0.0,0.0,0.0
3169,28.1962374,0.0,0.0,30.0,0.0,0.0,0.0,0.0
3170,28.1964669,0.0,0.0,30.0,0.0,0.0,0.0,0.0
3171,28.1967218,0.0,0.0,30.0,0.0,0.0,0.0,0.0
3172,28.1970037,0.0,0.0,30.0,0.0,0.0,0.0,0.0
3173,28.1973145,0.0,0.0,30.0,0.0,0.0,0.0,0.0
3174,28.1976559,0.0,0.0,30.0,0.0,0.0,0.0,0.0
3175,28.1980302,0.0,0.0,30.0,0.0,0.0,0.0,0.0
3176,28.1984397,0.0,0.0,30.0,0.0,0.0,0.0,0.0
3177,28.1988869,0.0,0.0,30.0,0.0,0.0,0.0,0.0
3178,28.1993746,0.0,0.0,30.0,0.0,0.0,0.0,0.0
3179,28.1999059,0.0,0.0,30.0,0.0,0.0,0.0,0.0
3180,28.2004841,0.0,0.0,30.0,0.0,0.0,0.0,0.0
3181,28.2011127,0.0,0.0,30.0,0.0,0.0,0.0,0.0
3182,28.2017957,0.0,0.0,30.0,0.0,0.0,0.0,0.0
3183,28.2025373,0.0,0.0,30.0,0.0,0.0,0.0,0.0
3184,28.2033422,0.0,0.0,30.0,0.0,0.0,0.0,0.0
3185,28.2042153,0.0,0.0,30.0,0.0,0.0,0.0,0.0
3186,28.2051621,0.0,0.0,30.0,0.0,0.0,0.0,0.0
3187,28.2061886,0.0,0.0,30.0,0.0,0.0,0.0,0.0
3188,28.207301,0.0,0.0,30.0,0.0,0.0,0.0,0.0
3189,28.2085063,0.0,0.0,30.0,0.0,0.0,0.0,0.0
3190,28.2098121,0.0,0.0,30.0,0.0,0.0,0.0,0.0
3191,28.2112264,0.0,0.0,30.0,0.0,0.0,0.0,0.0
3192,28.2127581,0.0,0.0,30.0,0.0,0.0,0.0,0.0
3193,28.2144167,0.0,0.0,30.0,0.0,0.0,0.0,0.0
3194,28.2162125,0.0,0.0,30.0,0.0,0.0,0.0,0.0
3195,28.2181567,0.0,0.0,30.0,0.0,0.0,0.0,0.0
3196,28.2202615,0.0,0.0,30.0,0.0,0.0,0.0,0.0
3197,28.2225399,0.0,0.0,30.0,0.0,0.0,0.0,0.0
3198,28.2250061,0.0,0.0,30.0,0.0,0.0,0.0,0.0
3199,28.2276754,0.0,0.0,30.0,0.0,0.0,0.0,0.0
3200,28.2305646,0.0,0.0,30.0,0.0,0.0,0.0,0.0
3201,28.2336916,0.0,0.0,30.0,0.0,0.0,0.0,0.0
3202,28.2370758,0.0,0.0,30.0,0.0,0.0,0.0,0.0
3203,28.2407384,0.0,0.0,30.0,0.0,0.0,0.0,0.0
3204,28.2447021,0.0,0.0,30.0,0.0,0.0,0.0,0.0
3205,28.2489917,0.0,0.0,30.0,0.0,0.0,0.0,0.0
3206,28.2536338,0.0,0.0,30.0,0.0,0.0,0.0,0.0
3207,28.2586573,0.0,0.0,30.0,0.0,0.0,0.0,0.0
3208,28.2640936,0.0,0.0,30.0,0.0,0.0,0.0,0.0
3209,28.2699765,0.0,0.0,30.0,0.0,0.0,0.0,0.0
3210,28.2763426,0.0,0.0,30.0,0.0,0.0,0.0,0.0
3211,28.2832315,0.0,0.0,30.0,0.0,0.0,0.0,0.0
3212,28.2906863,0.0,0.0,30.0,0.0,0.0,0.0,0.0
3213,28.2987532,0.0,0.0,30.0,0.0,0.0,0.0,0.0
3214,28.3074826,0.0,0.0,30.0,0.0,0.0,0.0,0.0
3215,28.3169287,0.0,0.0,30.0,0.0,0.0,0.0,0.0
3216,28.3271504,0.0,0.0,30.0,0.0,0.0,0.0,0.0
3217,28.3382114,0.0,0.0,30.0,0.0,0.0,0.0,0.0
3218,28.3501806,0.0,0.0,30.0,0.0,0.0,0.0,0.0
3219,28.3631324,0.0,0.0,30.0,0.0,0.0,0.0,0.0
3220,28.3771475,0.0,0.0,30.0,0.0,0.0,0.0,0.0
3221,28.3923132,0.0,0.0,30.0,0.0,0.0,0.0,0.0
3222,28.408724,0.0,0.0,30.0,0.0,0.0,0.0,0.0
3223,28.4264821,0.0,0.0,30.0,0.0,0.0,0.0,0.0
3224,28.4456979,0.0,0.0,30.0,0.0,0.0,0.0,0.0
3225,28.4664912,0.0,0.0,30.0,0.0,0.0,0.0,0.0
3226,28.4889914,0.0,0.0,30.0,0.0,0.0,0.0,0.0
3227,28.513339,0.0,0.0,30.0,0.0,0.0,0.0,0.0
3228,28.5396854,0.0,0.0,30.0,0.0,0.0,0.0,0.0
3229,28.568193,0.0,0.0,30.0,0.0,0.0,0.0,0.0
3230,28.5990402,0.0,0.0,30.0,0.0,0.0,0.0,0.0
3231,28.6324277,0.0,0.0,30.0,0.0,0.0,0.0,0.0
3232,28.6685583,0.0,0.0,30.0,0.0,0.0,0.0,0.0
3233,28.7076143,0.0,0.0,30.0,0.0,0.0,0.0,0.0
3234,28.749869,0.0,0.0,30.0,0.0,0.0,0.0,0.0
3235,28.7957942,0.0,0.0,30.0,0.0,0.0,0.0,0.0
3236,28.8455041,0.0,0.0,30.0,0.0,0.0,0.0,0.0
3237,28.8982912,0.0,0.0,30.0,0.0,0.0,0.0,0.0
3238,28.9554447,0.0,0.0,30.0,0.0,0.0,0.0,0.0
3239,29.0222659,0.0,0.0,30.0,0.0,0.0,0.0,0.0
3240,29.0938795,0.0,0.0,30.0,0.0,0.0,0.0,0.0
3241,29.1467485,0.0,0.0,30.0,0.0,0.0,0.0,0.0
3242,29.2100087,0.0,0.0,30.0,0.0,0.0,0.0,0.0
3243,29.4000252,0.0,0.0,30.0,0.0,0.0,0.0,0.0
3244,29.5627618,0.0,0.0,30.0,0.0,0.0,0.0,0.0
3245,29.1382372,0.0,0.0,30.0,0.0,0.0,0.0,0.0
3246,29.0148366,0.0,0.0,30.0,0.0,0.0,0.0,0.0
3247,29.9065178,0.0,0.0,30.0,0.0,0.0,0.0,0.0
3248,30.0,0.0,0.0,30.0,0.0,0.0,0.0,0.0
3249,30.0,0.0,0.0,30.0,0.0,0.0,0.0,0.0
3250,23.8911033,0.0,0.0,30.0,0.0,0.0,0.0,0.0
3251,23.6889134,0.0,0.0,30.0,0.0,0.0,0.0,0.0
3252,0.0,0.0,0.0,0.0,0.0,0.0,0.0,0.0
3253,30.0,0.0,0.0,4.17190152,0.0,0.0,0.0,0.0
3254,28.6297695,0.0,0.0,6.60148259,0.0,0.0,0.0,0.0
3255,0.0,0.0,0.0,16.68928,0.0,0.0,0.0,0.0
3256,0.0,0.0,0.0,21.8568074,0.0,0.0,0.0,0.0
3257,0.0,0.0,0.0,23.2967201,0.0,0.0,0.0,0.0
3258,0.0,0.0,0.0,23.7604688,0.0,0.0,0.0,0.0
3259,0.0,0.0,0.0,24.6293481,0.0,0.0,0.0,0.0
3260,0.0,0.0,0.0,25.4445645,0.0,0.0,0.0,0.0
3261,0.0,0.0,0.0,26.0144838,0.0,0.0,0.0,0.0
3262,0.0,0.0,0.0,26.4238771,0.0,0.0,0.0,0.0
3263,0.0,0.0,0.0,26.7067737,0.0,0.0,0.0,0.0
3264,0.0,0.0,0.0,26.8536249,0.0,0.0,0.0,0.0
3265,0.0,0.0,0.0,26.8618293,0.0,0.0,0.0,0.0
3266,0.0,0.0,0.0,26.7336019,0.0,0.0,0.0,0.0
3267,0.0,0.0,0.0,26.468907,0.0,0.0,0.0,0.0
3268,0.0,0.0,0.0,26.064076,0.0,0.0,0.0,0.0
3269,0.0,0.0,0.0,25.5086411,0.0,0.0,0.0,0.0
3270,0.0,0.0,0.0,24.7984215,0.0,0.0,0.0,0.0
3271,0.0,0.0,0.0,23.960887,0.0,0.0,0.0,0.0
3272,0.0,0.0,0.0,22.9653042,0.0,0.0,0.0,0.0
3273,0.0,0.0,0.0,21.5727075,0.0,0.0,0.0,0.0
3274,0.0,0.0,0.0,19.9394657,0.0,0.0,0.0,0.0
3275,0.0,0.0,0.0,19.4813227,0.0,0.0,0.0,0.0
3276,0.0,0.0,0.0,18.8378835,0.0,0.0,0.0,0.0
3277,0.0,0.0,0.0,8.98363264,0.0,0.0,0.0,0.0
3278,0.0,0.0,0.0,0.286356857,0.0,0.0,0.0,0.0
3279,0.0,0.0,0.0,4.89029842,0.0,0.0,0.0,0.0
3280,30.0,0.0,0.0,30.0,0.0,0.0,0.0,0.0
3281,30.0,0.0,0.0,30.0,0.0,0.0,0.0,0.0
3282,30.0,0.0,0.0,30.0,0.0,0.0,0.0,0.0
3283,30.0,0.0,0.0,30.0,0.0,0.0,0.0,0.0
3284,30.0,0.0,0.0,30.0,0.0,0.0,0.0,0.0
3285,30.0,0.0,0.0,30.0,0.0,0.0,0.0,0.0
3286,23.3787873,0.0,0.0,30.0,0.0,0.0,0.0,0.0
3287,17.938675,0.0,0.0,30.0,0.0,0.0,0.0,0.0
3288,14.6922641,0.0,0.0,30.0,0.0,0.0,0.0,0.0
3289,20.2529505,0.0,0.0,30.0,0.0,0.0,0.0,0.0
3290,24.4452667,0.0,0.0,30.0,0.0,0.0,0.0,0.0
3291,29.6732231,0.0,0.0,30.0,0.0,0.0,0.0,0.0
3292,30.0,0.0,0.0,30.0,0.0,0.0,0.0,0.0
3293,30.0,0.0,0.0,30.0,0.0,0.0,0.0,0.0
3294,30.0,0.0,0.0,30.0,0.0,0.0,0.0,0.0
3295,30.0,0.0,0.0,30.0,0.0,0.0,0.0,0.0
3296,30.0,0.0,0.0,30.0,0.0,0.0,0.0,0.0
3297,30.0,0.0,0.0,30.0,0.0,0.0,0.0,0.0
3298,30.0,0.0,0.0,30.0,0.0,0.0,0.0,0.0
3299,30.0,0.0,0.0,30.0,0.0,0.0,0.0,0.0
3300,28.8659729,0.0,0.0,30.0,0.0,0.0,0.0,0.0
3301,28.8891927,0.0,0.0,30.0,0.0,0.0,0.0,0.0
3302,29.0168359,0.0,0.0,30.0,0.0,0.0,0.0,0.0
3303,28.598468,0.0,0.0,30.0,0.0,0.0,0.0,0.0
3304,28.5493318,0.0,0.0,30.0,0.0,0.0,0.0,0.0
3305,28.5940176,0.0,0.0,30.0,0.0,0.0,0.0,0.0
3306,28.5657193,0.0,0.0,30.0,0.0,0.0,0.0,0.0
3307,28.5228926,0.0,0.0,30.0,0.0,0.0,0.0,0.0
3308,28.4976939,0.0,0.0,30.0,0.0,0.0,0.0,0.0
3309,28.4774592,0.0,0.0,30.0,0.0,0.0,0.0,0.0
3310,28.4557971,0.0,0.0,30.0,0.0,0.0,0.0,0.0
3311,28.4352267,0.0,0.0,30.0,0.0,0.0,0.0,0.0
3312,28.4168255,0.0,0.0,30.0,0.0,0.0,0.0,0.0
3313,28.3999185,0.0,0.0,30.0,0.0,0.0,0.0,0.0
3314,28.3841694,0.0,0.0,30.0,0.0,0.0,0.0,0.0
3315,28.3695979,0.0,0.0,30.0,0.0,0.0,0.0,0.0
3316,28.3561575,0.0,0.0,30.0,0.0,0.0,0.0,0.0
3317,28.3437397,0.0,0.0,30.0,0.0,0.0,0.0,0.0
3318,28.3322589,0.0,0.0,30.0,0.0,0.0,0.0,0.0
3319,28.3216486,0.0,0.0,30.0,0.0,0.0,0.0,0.0
3320,28.3118445,0.0,0.0,30.0,0.0,0.0,0.0,0.0
3321,28.3027843,0.0,0.0,30.0,0.0,0.0,0.0,0.0
3322,28.2944114,0.0,0.0,30.0,0.0,0.0,0.0,0.0
3323,28.2866739,0.0,0.0,30.0,0.0,0.0,0.0,0.0
3324,28.2795236,0.0,0.0,30.0,0.0,0.0,0.0,0.0
3325,28.272916,0.0,0.0,30.0,0.0,0.0,0.0,0.0
3326,28.2668098,0.0,0.0,30.0,0.0,0.0,0.0,0.0
3327,28.2611672,0.0,0.0,30.0,0.0,0.0,0.0,0.0
3328,28.2559529,0.0,0.0,30.0,0.0,0.0,0.0,0.0
3329,28.2511344,0.0,0.0,30.0,0.0,0.0,0.0,0.0
3330,28.2466819,0.0,0.0,30.0,0.0,0.0,0.0,0.0
3331,28.2425675,0.0,0.0,30.0,0.0,0.0,0.0,0.0
3332,28.2387656,0.0,0.0,30.0,0.0,0.0,0.0,0.0
3333,28.2352526,0.0,0.0,30.0,0.0,0.0,0.0,0.0
3334,28.2320066,0.0,0.0,30.0,0.0,0.0,0.0,0.0
3335,28.2290073,0.0,0.0,30.0,0.0,0.0,0.0,0.0
3336,28.2262361,0.0,0.0,30.0,0.0,0.0,0.0,0.0
3337,28.2236757,0.0,0.0,30.0,0.0,0.0,0.0,0.0
3338,28.2213103,0.0,0.0,30.0,0.0,0.0,0.0,0.0
3339,28.2191249,0.0,0.0,30.0,0.0,0.0,0.0,0.0
3340,28.2171062,0.0,0.0,30.0,0.0,0.0,0.0,0.0
3341,28.2152414,0.0,0.0,30.0,0.0,0.0,0.0,0.0
3342,28.213519,0.0,0.0,30.0,0.0,0.0,0.0,0.0
3343,28.2119282,0.0,0.0,30.0,0.0,0.0,0.0,0.0
3344,28.2104591,0.0,0.0,30.0,0.0,0.0,0.0,0.0
3345,28.2091026,0.0,0.0,30.0,0.0,0.0,0.0,0.0
3346,28.2078503,0.0,0.0,30.0,0.0,0.0,0.0,0.0
3347,28.2066943,0.0,0.0,30.0,0.0,0.0,0.0,0.0
3348,28.2056274,0.0,0.0,30.0,0.0,0.0,0.0,0.0
3349,28.2046431,0.0,0.0,30.0,0.0,0.0,0.0,0.0
3350,28.203735,0.0,0.0,30.0,0.0,0.0,0.0,0.0
3351,28.2028978,0.0,0.0,30.0,0.0,0.0,0.0,0.0
3352,28.202126,0.0,0.0,30.0,0.0,0.0,0.0,0.0
3353,28.2014148,0.0,0.0,30.0,0.0,0.0,0.0,0.0
3354,28.20076,0.0,0.0,30.0,0.0,0.0,0.0,0.0
3355,28.2001573,0.0,0.0,30.0,0.0,0.0,0.0,0.0
3356,28.1996031,0.0,0.0,30.0,0.0,0.0,0.0,0.0
3357,28.1990938,0.0,0.0,30.0,0.0,0.0,0.0,0.0
3358,28.1986264,0.0,0.0,30.0,0.0,0.0,0.0,0.0
3359,28.1981978,0.0,0.0,30.0,0.0,0.0,0.0,0.0
3360,28.1978055,0.0,0.0,30.0,0.0,0.0,0.0,0.0
3361,28.1974469,0.0,0.0,30.0,0.0,0.0,0.0,0.0
3362,28.1971199,0.0,0.0,30.0,0.0,0.0,0.0,0.0
3363,28.1968225,0.0,0.0,30.0,0.0,0.0,0.0,0.0
3364,28.1965526,0.0,0.0,30.0,0.0,0.0,0.0,0.0
3365,28.1963088,0.0,0.0,30.0,0.0,0.0,0.0,0.0
3366,28.1960894,0.0,0.0,30.0,0.0,0.0,0.0,0.0
3367,28.1958931,0.0,0.0,30.0,0.0,0.0,0.0,0.0
3368,28.1957187,0.0,0.0,30.0,0.0,0.0,0.0,0.0
3369,28.1955651,0.0,0.0,30.0,0.0,0.0,0.0,0.0
3370,28.1954313,0.0,0.0,30.0,0.0,0.0,0.0,0.0
3371,28.1953165,0.0,0.0,30.0,0.0,0.0,0.0,0.0
3372,28.1952199,0.0,0.0,30.0,0.0,0.0,0.0,0.0
3373,28.1951411,0.0,0.0,30.0,0.0,0.0,0.0,0.0
3374,28.1950794,0.0,0.0,30.0,0.0,0.0,0.0,0.0
3375,28.1950346,0.0,0.0,30.0,0.0,0.0,0.0,0.0
3376,28.1950063,0.0,0.0,30.0,0.0,0.0,0.0,0.0
3377,28.1949943,0.0,0.0,30.0,0.0,0.0,0.0,0.0
3378,28.1949986,0.0,0.0,30.0,0.0,0.0,0.0,0.0
3379,28.1950192,0.0,0.0,30.0,0.0,0.0,0.0,0.0
3380,28.1950562,0.0,0.0,30.0,0.0,0.0,0.0,0.0
3381,28.1951099,0.0,0.0,30.0,0.0,0.0,0.0,0.0
3382,28.1951806,0.0,0.0,30.0,0.0,0.0,0.0,0.0
3383,28.1952687,0.0,0.0,30.0,0.0,0.0,0.0,0.0
3384,28.1953748,0.0,0.0,30.0,0.0,0.0,0.0,0.0
3385,28.1954995,0.0,0.0,30.0,0.0,0.0,0.0,0.0
3386,28.1956437,0.0,0.0,30.0,0.0,0.0,0.0,0.0
3387,28.1958082,0.0,0.0,30.0,0.0,0.0,0.0,0.0
3388,28.195994,0.0,0.0,30.0,0.0,0.0,0.0,0.0
3389,28.1962023,0.0,0.0,30.0,0.0,0.0,0.0,0.0
3390,28.1964344,0.0,0.0,30.0,0.0,0.0,0.0,0.0
3391,28.1966918,0.0,0.0,30.0,0.0,0.0,0.0,0.0
3392,28.196976,0.0,0.0,30.0,0.0,0.0,0.0,0.0
3393,28.1972888,0.0,0.0,30.0,0.0,0.0,0.0,0.0
3394,28.1976322,0.0,0.0,30.0,0.0,0.0,0.0,0.0
3395,28.1980083,0.0,0.0,30.0,0.0,0.0,0.0,0.0
3396,28.1984195,0.0,0.0,30.0,0.0,0.0,0.0,0.0
3397,28.1988682,0.0,0.0,30.0,0.0,0.0,0.0,0.0
3398,28.1993574,0.0,0.0,30.0,0.0,0.0,0.0,0.0
3399,28.1998899,0.0,0.0,30.0,0.0,0.0,0.0,0.0
3400,28.2004693,0.0,0.0,30.0,0.0,0.0,0.0,0.0
3401,28.201099,0.0,0.0,30.0,0.0,0.0,0.0,0.0
3402,28.2017831,0.0,0.0,30.0,0.0,0.0,0.0,0.0
3403,28.2025256,0.0,0.0,30.0,0.0,0.0,0.0,0.0
3404,28.2033314,0.0,0.0,30.0,0.0,0.0,0.0,0.0
3405,28.2042053,0.0,0.0,30.0,0.0,0.0,0.0,0.0
3406,28.2051529,0.0,0.0,30.0,0.0,0.0,0.0,0.0
3407,28.2061801,0.0,0.0,30.0,0.0,0.0,0.0,0.0
3408,28.2072931,0.0,0.0,30.0,0.0,0.0,0.0,0.0
3409,28.2084991,0.0,0.0,30.0,0.0,0.0,0.0,0.0
3410,28.2098054,0.0,0.0,30.0,0.0,0.0,0.0,0.0
3411,28.2112202,0.0,0.0,30.0,0.0,0.0,0.0,0.0
3412,28.2127523,0.0,0.0,30.0,0.0,0.0,0.0,0.0
3413,28.2144114,0.0,0.0,30.0,0.0,0.0,0.0,0.0
3414,28.2162076,0.0,0.0,30.0,0.0,0.0,0.0,0.0
3415,28.2181522,0.0,0.0,30.0,0.0,0.0,0.0,0.0
3416,28.2202573,0.0,0.0,30.0,0.0,0.0,0.0,0.0
3417,28.222536,0.0,0.0,30.0,0.0,0.0,0.0,0.0
3418,28.2250025,0.0,0.0,30.0,0.0,0.0,0.0,0.0
3419,28.2276721,0.0,0.0,30.0,0.0,0.0,0.0,0.0
3420,28.2305616,0.0,0.0,30.0,0.0,0.0,0.0,0.0
3421,28.2336888,0.0,0.0,30.0,0.0,0.0,0.0,0.0
3422,28.2370732,0.0,0.0,30.0,0.0,0.0,0.0,0.0
3423,28.240736,0.0,0.0,30.0,0.0,0.0,0.0,0.0
3424,28.2446999,0.0,0.0,30.0,0.0,0.0,0.0,0.0
3425,28.2489896,0.0,0.0,30.0,0.0,0.0,0.0,0.0
3426,28.2536319,0.0,0.0,30.0,0.0,0.0,0.0,0.0
3427,28.2586556,0.0,0.0,30.0,0.0,0.0,0.0,0.0
3428,28.264092,0.0,0.0,30.0,0.0,0.0,0.0,0.0
3429,28.269975,0.0,0.0,30.0,0.0,0.0,0.0,0.0
3430,28.2763412,0.0,0.0,30.0,0.0,0.0,0.0,0.0
3431,28.2832303,0.0,0.0,30.0,0.0,0.0,0.0,0.0
3432,28.2906851,0.0,0.0,30.0,0.0,0.0,0.0,0.0
3433,28.2987521,0.0,0.0,30.0,0.0,0.0,0.0,0.0
3434,28.3074815,0.0,0.0,30.0,0.0,0.0,0.0,0.0
3435,28.3169277,0.0,0.0,30.0,0.0,0.0,0.0,0.0
3436,28.3271496,0.0,0.0,30.0,0.0,0.0,0.0,0.0
3437,28.3382106,0.0,0.0,30.0,0.0,0.0,0.0,0.0
3438,28.3501798,0.0,0.0,30.0,0.0,0.0,0.0,0.0
3439,28.3631317,0.0,0.0,30.0,0.0,0.0,0.0,0.0
3440,28.3771469,0.0,0.0,30.0,0.0,0.0,0.0,0.0
3441,28.3923127,0.0,0.0,30.0,0.0,0.0,0.0,0.0
3442,28.4087235,0.0,0.0,30.0,0.0,0.0,0.0,0.0
3443,28.4264816,0.0,0.0,30.0,0.0,0.0,0.0,0.0
3444,28.4456975,0.0,0.0,30.0,0.0,0.0,0.0,0.0
3445,28.4664908,0.0,0.0,30.0,0.0,0.0,0.0,0.0
3446,28.488991,0.0,0.0,30.0,0.0,0.0,0.0,0.0
3447,28.5133386,0.0,0.0,30.0,0.0,0.0,0.0,0.0
3448,28.5396851,0.0,0.0,30.0,0.0,0.0,0.0,0.0
3449,28.5681927,0.0,0.0,30.0,0.0,0.0,0.0,0.0
3450,28.5990399,0.0,0.0,30.0,0.0,0.0,0.0,0.0
3451,28.6324274,0.0,0.0,30.0,0.0,0.0,0.0,0.0
3452,28.668558,0.0,0.0,30.0,0.0,0.0,0.0,0.0
3453,28.707614,0.0,0.0,30.0,0.0,0.0,0.0,0.0
3454,28.7498688,0.0,0.0,30.0,0.0,0.0,0.0,0.0
3455,28.795794,0.0,0.0,30.0,0.0,0.0,0.0,0.0
3456,28.8455039,0.0,0.0,30.0,0.0,0.0,0.0,0.0
3457,28.8982911,0.0,0.0,30.0,0.0,0.0,0.0,0.0
3458,28.9554446,0.0,0.0,30.0,0.0,0.0,0.0,0.0
3459,29.0222657,0.0,0.0,30.0,0.0,0.0,0.0,0.0
3460,29.0938794,0.0,0.0,30.0,0.0,0.0,0.0,0.0
3461,29.1467484,0.0,0.0,30.0,0.0,0.0,0.0,0.0
3462,29.2100086,0.0,0.0,30.0,0.0,0.0,0.0,0.0
3463,29.4000251,0.0,0.0,30.0,0.0,0.0,0.0,0.0
3464,29.5627617,0.0,0.0,30.0,0.0,0.0,0.0,0.0
3465,29.1382371,0.0,0.0,30.0,0.0,0.0,0.0,0.0
3466,29.0148365,0.0,0.0,30.0,0.0,0.0,0.0,0.0
3467,29.9065178,0.0,0.0,30.0,0.0,0.0,0.0,0.0
3468,30.0,0.0,0.0,30.0,0.0,0.0,0.0,0.0
3469,30.0,0.0,0.0,30.0,0.0,0.0,0.0,0.0
3470,23.891103,0.0,0.0,30.0,0.0,0.0,0.0,0.0
3471,23.6889133,0.0,0.0,30.0,0.0,0.0,0.0,0.0
3472,0.0,0.0,0.0,0.0,0.0,0.0,0.0,0.0
3473,30.0,0.0,0.0,3.96614481,0.0,0.0,0.0,0.0
3474,21.2353257,0.0,0.0,8.89237594,0.0,0.0,0.0,0.0
3475,0.0,0.0,0.0,16.2064358,0.0,0.0,0.0,0.0
3476,0.0,0.0,0.0,21.2830735,0.0,0.0,0.0,0.0
3477,0.0,0.0,0.0,22.6533876,0.0,0.0,0.0,0.0
3478,0.0,0.0,0.0,23.0460551,0.0,0.0,0.0,0.0
3479,0.0,0.0,0.0,23.828691,0.0,0.0,0.0,0.0
3480,0.0,0.0,0.0,24.5474817,0.0,0.0,0.0,0.0
3481,0.0,0.0,0.0,25.0114795,0.0,0.0,0.0,0.0
3482,0.0,0.0,0.0,25.3032495,0.0,0.0,0.0,0.0
3483,0.0,0.0,0.0,25.4551974,0.0,0.0,0.0,0.0
3484,0.0,0.0,0.0,25.456262,0.0,0.0,0.0,0.0
3485,0.0,0.0,0.0,25.302067,0.0,0.0,0.0,0.0
3486,0.0,0.0,0.0,24.9937423,0.0,0.0,0.0,0.0
3487,0.0,0.0,0.0,24.5295942,0.0,0.0,0.0,0.0
3488,0.0,0.0,0.0,23.8980444,0.0,0.0,0.0,0.0
3489,0.0,0.0,0.0,23.0838893,0.0,0.0,0.0,0.0
3490,0.0,0.0,0.0,22.1161125,0.0,0.0,0.0,0.0
3491,0.0,0.0,0.0,21.0263701,0.0,0.0,0.0,0.0
3492,0.0,0.0,0.0,19.5464488,0.0,0.0,0.0,0.0
3493,0.0,0.0,0.0,17.4247227,0.0,0.0,0.0,0.0
3494,0.0,0.0,0.0,16.3211561,0.0,0.0,0.0,0.0
3495,0.0,0.0,0.0,17.4294996,0.0,0.0,0.0,0.0
3496,0.0,0.0,0.0,13.1226371,0.0,0.0,0.0,0.0
3497,0.0,0.0,0.0,0.0,0.0,0.0,0.0,0.0
3498,0.0,0.0,0.0,0.0,0.0,0.0,0.0,0.0
3499,0.0,0.0,0.0,0.0,0.0,0.0,0.0,0.0
3500,30.0,0.0,0.0,30.0,0.0,0.0,0.0,0.0
3501,30.0,0.0,0.0,30.0,0.0,0.0,0.0,0.0
3502,30.0,0.0,0.0,30.0,0.0,0.0,0.0,0.0
3503,30.0,0.0,0.0,30.0,0.0,0.0,0.0,0.0
3504,30.0,0.0,0.0,30.0,0.0,0.0,0.0,0.0
3505,30.0,0.0,0.0,30.0,0.0,0.0,0.0,0.0
3506,30.0,0.0,0.0,30.0,0.0,0.0,0.0,0.0
3507,30.0,0.0,0.0,30.0,0.0,0.0,0.0,0.0
3508,26.3706323,0.0,0.0,30.0,0.0,0.0,0.0,0.0
3509,21.3760711,0.0,0.0,30.0,0.0,0.0,0.0,0.0
3510,22.2628093,0.0,0.0,30.0,0.0,0.0,0.0,0.0
3511,26.4922307,0.0,0.0,30.0,0.0,0.0,0.0,0.0
3512,18.196877,0.0,0.0,30.0,0.0,0.0,0.0,0.0
3513,18.1316768,0.0,0.0,30.0,0.0,0.0,0.0,0.0
3514,28.1178562,0.0,0.0,30.0,0.0,0.0,0.0,0.0
3515,30.0,0.0,0.0,30.0,0.0,0.0,0.0,0.0
3516,30.0,0.0,0.0,30.0,0.0,0.0,0.0,0.0
3517,30.0,0.0,0.0,30.0,0.0,0.0,0.0,0.0
3518,30.0,0.0,0.0,30.0,0.0,0.0,0.0,0.0
3519,30.0,0.0,0.0,30.0,0.0,0.0,0.0,0.0
3520,28.4454687,0.0,0.0,30.0,0.0,0.0,0.0,0.0
3521,28.1778277,0.0,0.0,30.0,0.0,0.0,0.0,0.0
3522,28.3437775,0.0,0.0,30.0,0.0,0.0,0.0,0.0
3523,28.1119474,0.0,0.0,30.0,0.0,0.0,0.0,0.0
3524,28.0978062,0.0,0.0,30.0,0.0,0.0,0.0,0.0
3525,28.1495548,0.0,0.0,30.0,0.0,0.0,0.0,0.0
3526,28.1559375,0.0,0.0,30.0,0.0,0.0,0.0,0.0
3527,28.1496542,0.0,0.0,30.0,0.0,0.0,0.0,0.0
3528,28.152458,0.0,0.0,30.0,0.0,0.0,0.0,0.0
3529,28.1573196,0.0,0.0,30.0,0.0,0.0,0.0,0.0
3530,28.160029,0.0,0.0,30.0,0.0,0.0,0.0,0.0
3531,28.1621137,0.0,0.0,30.0,0.0,0.0,0.0,0.0
3532,28.1644086,0.0,0.0,30.0,0.0,0.0,0.0,0.0
3533,28.1666061,0.0,0.0,30.0,0.0,0.0,0.0,0.0
3534,28.1685612,0.0,0.0,30.0,0.0,0.0,0.0,0.0
3535,28.1703543,0.0,0.0,30.0,0.0,0.0,0.0,0.0
3536,28.172027,0.0,0.0,30.0,0.0,0.0,0.0,0.0
3537,28.1735755,0.0,0.0,30.0,0.0,0.0,0.0,0.0
3538,28.1750034,0.0,0.0,30.0,0.0,0.0,0.0,0.0
3539,28.1763228,0.0,0.0,30.0,0.0,0.0,0.0,0.0
3540,28.1775428,0.0,0.0,30.0,0.0,0.0,0.0,0.0
3541,28.1786706,0.0,0.0,30.0,0.0,0.0,0.0,0.0
3542,28.1797129,0.0,0.0,30.0,0.0,0.0,0.0,0.0
3543,28.1806763,0.0,0.0,30.0,0.0,0.0,0.0,0.0
3544,28.1815669,0.0,0.0,30.0,0.0,0.0,0.0,0.0
3545,28.1823902,0.0,0.0,30.0,0.0,0.0,0.0,0.0
3546,28.1831512,0.0,0.0,30.0,0.0,0.0,0.0,0.0
3547,28.1838548,0.0,0.0,30.0,0.0,0.0,0.0,0.0
3548,28.1845054,0.0,0.0,30.0,0.0,0.0,0.0,0.0
3549,28.1851069,0.0,0.0,30.0,0.0,0.0,0.0,0.0
3550,28.1856631,0.0,0.0,30.0,0.0,0.0,0.0,0.0
3551,28.1861776,0.0,0.0,30.0,0.0,0.0,0.0,0.0
3552,28.1866534,0.0,0.0,30.0,0.0,0.0,0.0,0.0
3553,28.1870936,0.0,0.0,30.0,0.0,0.0,0.0,0.0
3554,28.1875008,0.0,0.0,30.0,0.0,0.0,0.0,0.0
3555,28.1878777,0.0,0.0,30.0,0.0,0.0,0.0,0.0
3556,28.1882266,0.0,0.0,30.0,0.0,0.0,0.0,0.0
3557,28.1885496,0.0,0.0,30.0,0.0,0.0,0.0,0.0
3558,28.1888488,0.0,0.0,30.0,0.0,0.0,0.0,0.0
3559,28.189126,0.0,0.0,30.0,0.0,0.0,0.0,0.0
3560,28.1893829,0.0,0.0,30.0,0.0,0.0,0.0,0.0
3561,28.1896212,0.0,0.0,30.0,0.0,0.0,0.0,0.0
3562,28.1898423,0.0,0.0,30.0,0.0,0.0,0.0,0.0
3563,28.1900476,0.0,0.0,30.0,0.0,0.0,0.0,0.0
3564,28.1902384,0.0,0.0,30.0,0.0,0.0,0.0,0.0
3565,28.1904158,0.0,0.0,30.0,0.0,0.0,0.0,0.0
3566,28.1905811,0.0,0.0,30.0,0.0,0.0,0.0,0.0
3567,28.1907351,0.0,0.0,30.0,0.0,0.0,0.0,0.0
3568,28.1908789,0.0,0.0,30.0,0.0,0.0,0.0,0.0
3569,28.1910133,0.0,0.0,30.0,0.0,0.0,0.0,0.0
3570,28.1911393,0.0,0.0,30.0,0.0,0.0,0.0,0.0
3571,28.1912575,0.0,0.0,30.0,0.0,0.0,0.0,0.0
3572,28.1913687,0.0,0.0,30.0,0.0,0.0,0.0,0.0
3573,28.1914737,0.0,0.0,30.0,0.0,0.0,0.0,0.0
3574,28.1915729,0.0,0.0,30.0,0.0,0.0,0.0,0.0
3575,28.1916672,0.0,0.0,30.0,0.0,0.0,0.0,0.0
3576,28.191757,0.0,0.0,30.0,0.0,0.0,0.0,0.0
3577,28.191843,0.0,0.0,30.0,0.0,0.0,0.0,0.0
3578,28.1919256,0.0,0.0,30.0,0.0,0.0,0.0,0.0
3579,28.1920053,0.0,0.0,30.0,0.0,0.0,0.0,0.0
3580,28.1920828,0.0,0.0,30.0,0.0,0.0,0.0,0.0
3581,28.1921584,0.0,0.0,30.0,0.0,0.0,0.0,0.0
3582,28.1922325,0.0,0.0,30.0,0.0,0.0,0.0,0.0
3583,28.1923058,0.0,0.0,30.0,0.0,0.0,0.0,0.0
3584,28.1923786,0.0,0.0,30.0,0.0,0.0,0.0,0.0
3585,28.1924514,0.0,0.0,30.0,0.0,0.0,0.0,0.0
3586,28.1925247,0.0,0.0,30.0,0.0,0.0,0.0,0.0
3587,28.1925988,0.0,0.0,30.0,0.0,0.0,0.0,0.0
3588,28.1926743,0.0,0.0,30.0,0.0,0.0,0.0,0.0
3589,28.1927516,0.0,0.0,30.0,0.0,0.0,0.0,0.0
3590,28.1928313,0.0,0.0,30.0,0.0,0.0,0.0,0.0
3591,28.1929137,0.0,0.0,30.0,0.0,0.0,0.0,0.0
3592,28.1929994,0.0,0.0,30.0,0.0,0.0,0.0,0.0
3593,28.193089,0.0,0.0,30.0,0.0,0.0,0.0,0.0
3594,28.1931831,0.0,0.0,30.0,0.0,0.0,0.0,0.0
3595,28.1932821,0.0,0.0,30.0,0.0,0.0,0.0,0.0
3596,28.1933867,0.0,0.0,30.0,0.0,0.0,0.0,0.0
3597,28.1934976,0.0,0.0,30.0,0.0,0.0,0.0,0.0
3598,28.1936154,0.0,0.0,30.0,0.0,0.0,0.0,0.0
3599,28.193741,0.0,0.0,30.0,0.0,0.0,0.0,0.0
3600,28.193875,0.0,0.0,30.0,0.0,0.0,0.0,0.0
3601,28.1940183,0.0,0.0,30.0,0.0,0.0,0.0,0.0
3602,28.1941718,0.0,0.0,30.0,0.0,0.0,0.0,0.0
3603,28.1943364,0.0,0.0,30.0,0.0,0.0,0.0,0.0
3604,28.1945132,0.0,0.0,30.0,0.0,0.0,0.0,0.0
3605,28.1947033,0.0,0.0,30.0,0.0,0.0,0.0,0.0
3606,28.1949079,0.0,0.0,30.0,0.0,0.0,0.0,0.0
3607,28.1951282,0.0,0.0,30.0,0.0,0.0,0.0,0.0
3608,28.1953656,0.0,0.0,30.0,0.0,0.0,0.0,0.0
3609,28.1956216,0.0,0.0,30.0,0.0,0.0,0.0,0.0
3610,28.1958978,0.0,0.0,30.0,0.0,0.0,0.0,0.0
3611,28.1961959,0.0,0.0,30.0,0.0,0.0,0.0,0.0
3612,28.1965177,0.0,0.0,30.0,0.0,0.0,0.0,0.0
3613,28.1968653,0.0,0.0,30.0,0.0,0.0,0.0,0.0
3614,28.1972408,0.0,0.0,30.0,0.0,0.0,0.0,0.0
3615,28.1976466,0.0,0.0,30.0,0.0,0.0,0.0,0.0
3616,28.1980852,0.0,0.0,30.0,0.0,0.0,0.0,0.0
3617,28.1985593,0.0,0.0,30.0,0.0,0.0,0.0,0.0
3618,28.1990719,0.0,0.0,30.0,0.0,0.0,0.0,0.0
3619,28.1996261,0.0,0.0,30.0,0.0,0.0,0.0,0.0
3620,28.2002255,0.0,0.0,30.0,0.0,0.0,0.0,0.0
3621,28.2008737,0.0,0.0,30.0,0.0,0.0,0.0,0.0
3622,28.2015749,0.0,0.0,30.0,0.0,0.0,0.0,0.0
3623,28.2023332,0.0,0.0,30.0,0.0,0.0,0.0,0.0
3624,28.2031536,0.0,0.0,30.0,0.0,0.0,0.0,0.0
3625,28.204041,0.0,0.0,30.0,0.0,0.0,0.0,0.0
3626,28.2050011,0.0,0.0,30.0,0.0,0.0,0.0,0.0
3627,28.2060397,0.0,0.0,30.0,0.0,0.0,0.0,0.0
3628,28.2071635,0.0,0.0,30.0,0.0,0.0,0.0,0.0
3629,28.2083792,0.0,0.0,30.0,0.0,0.0,0.0,0.0
3630,28.2096946,0.0,0.0,30.0,0.0,0.0,0.0,0.0
3631,28.2111179,0.0,0.0,30.0,0.0,0.0,0.0,0.0
3632,28.2126578,0.0,0.0,30.0,0.0,0.0,0.0,0.0
3633,28.214324,0.0,0.0,30.0,0.0,0.0,0.0,0.0
3634,28.2161268,0.0,0.0,30.0,0.0,0.0,0.0,0.0
3635,28.2180776,0.0,0.0,30.0,0.0,0.0,0.0,0.0
3636,28.2201883,0.0,0.0,30.0,0.0,0.0,0.0,0.0
3637,28.2224723,0.0,0.0,30.0,0.0,0.0,0.0,0.0
3638,28.2249436,0.0,0.0,30.0,0.0,0.0,0.0,0.0
3639,28.2276177,0.0,0.0,30.0,0.0,0.0,0.0,0.0
3640,28.2305113,0.0,0.0,30.0,0.0,0.0,0.0,0.0
3641,28.2336423,0.0,0.0,30.0,0.0,0.0,0.0,0.0
3642,28.2370303,0.0,0.0,30.0,0.0,0.0,0.0,0.0
3643,28.2406963,0.0,0.0,30.0,0.0,0.0,0.0,0.0
3644,28.2446632,0.0,0.0,30.0,0.0,0.0,0.0,0.0
3645,28.2489557,0.0,0.0,30.0,0.0,0.0,0.0,0.0
3646,28.2536006,0.0,0.0,30.0,0.0,0.0,0.0,0.0
3647,28.2586266,0.0,0.0,30.0,0.0,0.0,0.0,0.0
3648,28.2640653,0.0,0.0,30.0,0.0,0.0,0.0,0.0
3649,28.2699503,0.0,0.0,30.0,0.0,0.0,0.0,0.0
3650,28.2763184,0.0,0.0,30.0,0.0,0.0,0.0,0.0
3651,28.2832092,0.0,0.0,30.0,0.0,0.0,0.0,0.0
3652,28.2906656,0.0,0.0,30.0,0.0,0.0,0.0,0.0
3653,28.2987341,0.0,0.0,30.0,0.0,0.0,0.0,0.0
3654,28.3074649,0.0,0.0,30.0,0.0,0.0,0.0,0.0
3655,28.3169124,0.0,0.0,30.0,0.0,0.0,0.0,0.0
3656,28.3271354,0.0,0.0,30.0,0.0,0.0,0.0,0.0
3657,28.3381975,0.0,0.0,30.0,0.0,0.0,0.0,0.0
3658,28.3501677,0.0,0.0,30.0,0.0,0.0,0.0,0.0
3659,28.3631205,0.0,0.0,30.0,0.0,0.0,0.0,0.0
3660,28.3771365,0.0,0.0,30.0,0.0,0.0,0.0,0.0
3661,28.3923031,0.0,0.0,30.0,0.0,0.0,0.0,0.0
3662,28.4087147,0.0,0.0,30.0,0.0,0.0,0.0,0.0
3663,28.4264734,0.0,0.0,30.0,0.0,0.0,0.0,0.0
3664,28.4456899,0.0,0.0,30.0,0.0,0.0,0.0,0.0
3665,28.4664838,0.0,0.0,30.0,0.0,0.0,0.0,0.0
3666,28.4889846,0.0,0.0,30.0,0.0,0.0,0.0,0.0
3667,28.5133327,0.0,0.0,30.0,0.0,0.0,0.0,0.0
3668,28.5396796,0.0,0.0,30.0,0.0,0.0,0.0,0.0
3669,28.5681877,0.0,0.0,30.0,0.0,0.0,0.0,0.0
3670,28.5990353,0.0,0.0,30.0,0.0,0.0,0.0,0.0
3671,28.6324232,0.0,0.0,30.0,0.0,0.0,0.0,0.0
3672,28.6685541,0.0,0.0,30.0,0.0,0.0,0.0,0.0
3673,28.7076104,0.0,0.0,30.0,0.0,0.0,0.0,0.0
3674,28.7498654,0.0,0.0,30.0,0.0,0.0,0.0,0.0
3675,28.7957909,0.0,0.0,30.0,0.0,0.0,0.0,0.0
3676,28.8455011,0.0,0.0,30.0,0.0,0.0,0.0,0.0
3677,28.8982884,0.0,0.0,30.0,0.0,0.0,0.0,0.0
3678,28.9554422,0.0,0.0,30.0,0.0,0.0,0.0,0.0
3679,29.0222635,0.0,0.0,30.0,0.0,0.0,0.0,0.0
3680,29.0938774,0.0,0.0,30.0,0.0,0.0,0.0,0.0
3681,29.1467465,0.0,0.0,30.0,0.0,0.0,0.0,0.0
3682,29.2100069,0.0,0.0,30.0,0.0,0.0,0.0,0.0
3683,29.4000236,0.0,0.0,30.0,0.0,0.0,0.0,0.0
3684,29.5627604,0.0,0.0,30.0,0.0,0.0,0.0,0.0
3685,29.138236,0.0,0.0,30.0,0.0,0.0,0.0,0.0
3686,29.0148353,0.0,0.0,30.0,0.0,0.0,0.0,0.0
3687,29.9065165,0.0,0.0,30.0,0.0,0.0,0.0,0.0
3688,30.0,0.0,0.0,30.0,0.0,0.0,0.0,0.0
3689,30.0,0.0,0.0,30.0,0.0,0.0,0.0,0.0
3690,23.8910993,0.0,0.0,30.0,0.0,0.0,0.0,0.0
3691,23.6889107,0.0,0.0,30.0,0.0,0.0,0.0,0.0
3692,0.0,0.0,0.0,0.0,0.0,0.0,0.0,0.0
3693,30.0,0.0,0.0,4.21859505,0.0,0.0,0.0,0.0
3694,30.0,0.0,0.0,6.18726477,0.0,0.0,0.0,0.0
3695,0.0,0.0,0.0,16.7900556,0.0,0.0,0.0,0.0
3696,0.0,0.0,0.0,21.9789414,0.0,0.0,0.0,0.0
3697,0.0,0.0,0.0,23.4345668,0.0,0.0,0.0,0.0
3698,0.0,0.0,0.0,23.9140565,0.0,0.0,0.0,0.0
3699,0.0,0.0,0.0,24.8020415,0.0,0.0,0.0,0.0
3700,0.0,0.0,0.0,25.6386006,0.0,0.0,0.0,0.0
3701,0.0,0.0,0.0,26.2319011,0.0,0.0,0.0,0.0
3702,0.0,0.0,0.0,26.6672088,0.0,0.0,0.0,0.0
3703,0.0,0.0,0.0,26.9789123,0.0,0.0,0.0,0.0
3704,0.0,0.0,0.0,27.1577817,0.0,0.0,0.0,0.0
3705,0.0,0.0,0.0,27.2016445,0.0,0.0,0.0,0.0
3706,0.0,0.0,0.0,27.11303,0.0,0.0,0.0,0.0
3707,0.0,0.0,0.0,26.8919937,0.0,0.0,0.0,0.0
3708,0.0,0.0,0.0,26.5361614,0.0,0.0,0.0,0.0
3709,0.0,0.0,0.0,26.0379339,0.0,0.0,0.0,0.0
3710,0.0,0.0,0.0,25.3883823,0.0,0.0,0.0,0.0
3711,0.0,0.0,0.0,24.6018378,0.0,0.0,0.0,0.0
3712,0.0,0.0,0.0,23.6854333,0.0,0.0,0.0,0.0
3713,0.0,0.0,0.0,22.4841006,0.0,0.0,0.0,0.0
3714,0.0,0.0,0.0,20.9023724,0.0,0.0,0.0,0.0
3715,0.0,0.0,0.0,19.8649141,0.0,0.0,0.0,0.0
3716,0.0,0.0,0.0,19.7244474,0.0,0.0,0.0,0.0
3717,0.0,0.0,0.0,14.3398563,0.0,0.0,0.0,0.0
3718,0.0,0.0,0.0,2.43748084,0.0,0.0,0.0,0.0
3719,0.0,0.0,0.0,3.65831342,0.0,0.0,0.0,0.0
3720,30.0,0.0,0.0,30.0,0.0,0.0,0.0,0.0
3721,30.0,0.0,0.0,30.0,0.0,0.0,0.0,0.0
3722,30.0,0.0,0.0,30.0,0.0,0.0,0.0,0.0
3723,30.0,0.0,0.0,30.0,0.0,0.0,0.0,0.0
3724,30.0,0.0,0.0,30.0,0.0,0.0,0.0,0.0
3725,30.0,0.0,0.0,30.0,0.0,0.0,0.0,0.0
3726,30.0,0.0,0.0,30.0,0.0,0.0,0.0,0.0
3727,17.4433495,0.0,0.0,30.0,0.0,0.0,0.0,0.0
3728,14.0733843,0.0,0.0,30.0,0.0,0.0,0.0,0.0
3729,19.6867302,0.0,0.0,30.0,0.0,0.0,0.0,0.0
3730,22.6703844,0.0,0.0,30.0,0.0,0.0,0.0,0.0
3731,20.6659028,0.0,0.0,30.0,0.0,0.0,0.0,0.0
3732,20.2527425,0.0,0.0,30.0,0.0,0.0,0.0,0.0
3733,22.9412901,0.0,0.0,30.0,0.0,0.0,0.0,0.0
3734,27.0508486,0.0,0.0,30.0,0.0,0.0,0.0,0.0
3735,30.0,0.0,0.0,30.0,0.0,0.0,0.0,0.0
3736,30.0,0.0,0.0,30.0,0.0,0.0,0.0,0.0
3737,30.0,0.0,0.0,30.0,0.0,0.0,0.0,0.0
3738,30.0,0.0,0.0,30.0,0.0,0.0,0.0,0.0
3739,30.0,0.0,0.0,30.0,0.0,0.0,0.0,0.0
3740,28.3494156,0.0,0.0,30.0,0.0,0.0,0.0,0.0
3741,28.1294247,0.0,0.0,30.0,0.0,0.0,0.0,0.0
3742,28.3890127,0.0,0.0,30.0,0.0,0.0,0.0,0.0
3743,28.0294322,0.0,0.0,30.0,0.0,0.0,0.0,0.0
3744,28.0096179,0.0,0.0,30.0,0.0,0.0,0.0,0.0
3745,28.0932507,0.0,0.0,30.0,0.0,0.0,0.0,0.0
3746,28.1057736,0.0,0.0,30.0,0.0,0.0,0.0,0.0
3747,28.0981793,0.0,0.0,30.0,0.0,0.0,0.0,0.0
3748,28.1046207,0.0,0.0,30.0,0.0,0.0,0.0,0.0
3749,28.1141478,0.0,0.0,30.0,0.0,0.0,0.0,0.0
3750,28.1201638,0.0,0.0,30.0,0.0,0.0,0.0,0.0
3751,28.1250631,0.0,0.0,30.0,0.0,0.0,0.0,0.0
3752,28.1301667,0.0,0.0,30.0,0.0,0.0,0.0,0.0
3753,28.1350041,0.0,0.0,30.0,0.0,0.0,0.0,0.0
3754,28.139356,0.0,0.0,30.0,0.0,0.0,0.0,0.0
3755,28.143356,0.0,0.0,30.0,0.0,0.0,0.0,0.0
3756,28.1470771,0.0,0.0,30.0,0.0,0.0,0.0,0.0
3757,28.15052,0.0,0.0,30.0,0.0,0.0,0.0,0.0
3758,28.1536968,0.0,0.0,30.0,0.0,0.0,0.0,0.0
3759,28.1566321,0.0,0.0,30.0,0.0,0.0,0.0,0.0
3760,28.1593459,0.0,0.0,30.0,0.0,0.0,0.0,0.0
3761,28.1618541,0.0,0.0,30.0,0.0,0.0,0.0,0.0
3762,28.1641721,0.0,0.0,30.0,0.0,0.0,0.0,0.0
3763,28.1663144,0.0,0.0,30.0,0.0,0.0,0.0,0.0
3764,28.1682945,0.0,0.0,30.0,0.0,0.0,0.0,0.0
3765,28.1701246,0.0,0.0,30.0,0.0,0.0,0.0,0.0
3766,28.1718161,0.0,0.0,30.0,0.0,0.0,0.0,0.0
3767,28.1733796,0.0,0.0,30.0,0.0,0.0,0.0,0.0
3768,28.1748248,0.0,0.0,30.0,0.0,0.0,0.0,0.0
3769,28.1761606,0.0,0.0,30.0,0.0,0.0,0.0,0.0
3770,28.1773955,0.0,0.0,30.0,0.0,0.0,0.0,0.0
3771,28.1785372,0.0,0.0,30.0,0.0,0.0,0.0,0.0
3772,28.1795926,0.0,0.0,30.0,0.0,0.0,0.0,0.0
3773,28.1805684,0.0,0.0,30.0,0.0,0.0,0.0,0.0
3774,28.1814706,0.0,0.0,30.0,0.0,0.0,0.0,0.0
3775,28.182305,0.0,0.0,30.0,0.0,0.0,0.0,0.0
3776,28.1830766,0.0,0.0,30.0,0.0,0.0,0.0,0.0
3777,28.1837903,0.0,0.0,30.0,0.0,0.0,0.0,0.0
3778,28.1844505,0.0,0.0,30.0,0.0,0.0,0.0,0.0
3779,28.1850613,0.0,0.0,30.0,0.0,0.0,0.0,0.0
3780,28.1856266,0.0,0.0,30.0,0.0,0.0,0.0,0.0
3781,28.1861498,0.0,0.0,30.0,0.0,0.0,0.0,0.0
3782,28.1866343,0.0,0.0,30.0,0.0,0.0,0.0,0.0
3783,28.1870829,0.0,0.0,30.0,0.0,0.0,0.0,0.0
3784,28.1874986,0.0,0.0,30.0,0.0,0.0,0.0,0.0
3785,28.1878839,0.0,0.0,30.0,0.0,0.0,0.0,0.0
3786,28.1882412,0.0,0.0,30.0,0.0,0.0,0.0,0.0
3787,28.1885728,0.0,0.0,30.0,0.0,0.0,0.0,0.0
3788,28.1888806,0.0,0.0,30.0,0.0,0.0,0.0,0.0
3789,28.1891666,0.0,0.0,30.0,0.0,0.0,0.0,0.0
3790,28.1894327,0.0,0.0,30.0,0.0,0.0,0.0,0.0
3791,28.1896803,0.0,0.0,30.0,0.0,0.0,0.0,0.0
3792,28.1899112,0.0,0.0,30.0,0.0,0.0,0.0,0.0
3793,28.1901267,0.0,0.0,30.0,0.0,0.0,0.0,0.0
3794,28.1903282,0.0,0.0,30.0,0.0,0.0,0.0,0.0
3795,28.1905169,0.0,0.0,30.0,0.0,0.0,0.0,0.0
3796,28.190694,0.0,0.0,30.0,0.0,0.0,0.0,0.0
3797,28.1908605,0.0,0.0,30.0,0.0,0.0,0.0,0.0
3798,28.1910177,0.0,0.0,30.0,0.0,0.0,0.0,0.0
3799,28.1911663,0.0,0.0,30.0,0.0,0.0,0.0,0.0
3800,28.1913074,0.0,0.0,30.0,0.0,0.0,0.0,0.0
3801,28.1914418,0.0,0.0,30.0,0.0,0.0,0.0,0.0
3802,28.1915703,0.0,0.0,30.0,0.0,0.0,0.0,0.0
3803,28.1916938,0.0,0.0,30.0,0.0,0.0,0.0,0.0
3804,28.1918131,0.0,0.0,30.0,0.0,0.0,0.0,0.0
3805,28.1919288,0.0,0.0,30.0,0.0,0.0,0.0,0.0
3806,28.1920417,0.0,0.0,30.0,0.0,0.0,0.0,0.0
3807,28.1921524,0.0,0.0,30.0,0.0,0.0,0.0,0.0
3808,28.1922618,0.0,0.0,30.0,0.0,0.0,0.0,0.0
3809,28.1923704,0.0,0.0,30.0,0.0,0.0,0.0,0.0
3810,28.192479,0.0,0.0,30.0,0.0,0.0,0.0,0.0
3811,28.1925881,0.0,0.0,30.0,0.0,0.0,0.0,0.0
3812,28.1926986,0.0,0.0,30.0,0.0,0.0,0.0,0.0
3813,28.192811,0.0,0.0,30.0,0.0,0.0,0.0,0.0
3814,28.1929261,0.0,0.0,30.0,0.0,0.0,0.0,0.0
3815,28.1930446,0.0,0.0,30.0,0.0,0.0,0.0,0.0
3816,28.1931673,0.0,0.0,30.0,0.0,0.0,0.0,0.0
3817,28.1932948,0.0,0.0,30.0,0.0,0.0,0.0,0.0
3818,28.193428,0.0,0.0,30.0,0.0,0.0,0.0,0.0
3819,28.1935678,0.0,0.0,30.0,0.0,0.0,0.0,0.0
3820,28.1937149,0.0,0.0,30.0,0.0,0.0,0.0,0.0
3821,28.1938703,0.0,0.0,30.0,0.0,0.0,0.0,0.0
3822,28.1940351,0.0,0.0,30.0,0.0,0.0,0.0,0.0
3823,28.1942101,0.0,0.0,30.0,0.0,0.0,0.0,0.0
3824,28.1943965,0.0,0.0,30.0,0.0,0.0,0.0,0.0
3825,28.1945955,0.0,0.0,30.0,0.0,0.0,0.0,0.0
3826,28.1948082,0.0,0.0,30.0,0.0,0.0,0.0,0.0
3827,28.1950361,0.0,0.0,30.0,0.0,0.0,0.0,0.0
3828,28.1952805,0.0,0.0,30.0,0.0,0.0,0.0,0.0
3829,28.1955429,0.0,0.0,30.0,0.0,0.0,0.0,0.0
3830,28.1958251,0.0,0.0,30.0,0.0,0.0,0.0,0.0
3831,28.1961287,0.0,0.0,30.0,0.0,0.0,0.0,0.0
3832,28.1964556,0.0,0.0,30.0,0.0,0.0,0.0,0.0
3833,28.1968079,0.0,0.0,30.0,0.0,0.0,0.0,0.0
3834,28.1971878,0.0,0.0,30.0,0.0,0.0,0.0,0.0
3835,28.1975976,0.0,0.0,30.0,0.0,0.0,0.0,0.0
3836,28.1980399,0.0,0.0,30.0,0.0,0.0,0.0,0.0
3837,28.1985175,0.0,0.0,30.0,0.0,0.0,0.0,0.0
3838,28.1990332,0.0,0.0,30.0,0.0,0.0,0.0,0.0
3839,28.1995904,0.0,0.0,30.0,0.0,0.0,0.0,0.0
3840,28.2001925,0.0,0.0,30.0,0.0,0.0,0.0,0.0
3841,28.2008432,0.0,0.0,30.0,0.0,0.0,0.0,0.0
3842,28.2015466,0.0,0.0,30.0,0.0,0.0,0.0,0.0
3843,28.2023072,0.0,0.0,30.0,0.0,0.0,0.0,0.0
3844,28.2031295,0.0,0.0,30.0,0.0,0.0,0.0,0.0
3845,28.2040188,0.0,0.0,30.0,0.0,0.0,0.0,0.0
3846,28.2049805,0.0,0.0,30.0,0.0,0.0,0.0,0.0
3847,28.2060207,0.0,0.0,30.0,0.0,0.0,0.0,0.0
3848,28.2071459,0.0,0.0,30.0,0.0,0.0,0.0,0.0
3849,28.208363,0.0,0.0,30.0,0.0,0.0,0.0,0.0
3850,28.2096796,0.0,0.0,30.0,0.0,0.0,0.0,0.0
3851,28.211104,0.0,0.0,30.0,0.0,0.0,0.0,0.0
3852,28.212645,0.0,0.0,30.0,0.0,0.0,0.0,0.0
3853,28.2143121,0.0,0.0,30.0,0.0,0.0,0.0,0.0
3854,28.2161159,0.0,0.0,30.0,0.0,0.0,0.0,0.0
3855,28.2180675,0.0,0.0,30.0,0.0,0.0,0.0,0.0
3856,28.220179,0.0,0.0,30.0,0.0,0.0,0.0,0.0
3857,28.2224636,0.0,0.0,30.0,0.0,0.0,0.0,0.0
3858,28.2249356,0.0,0.0,30.0,0.0,0.0,0.0,0.0
3859,28.2276103,0.0,0.0,30.0,0.0,0.0,0.0,0.0
3860,28.2305045,0.0,0.0,30.0,0.0,0.0,0.0,0.0
3861,28.233636,0.0,0.0,30.0,0.0,0.0,0.0,0.0
3862,28.2370244,0.0,0.0,30.0,0.0,0.0,0.0,0.0
3863,28.2406909,0.0,0.0,30.0,0.0,0.0,0.0,0.0
3864,28.2446583,0.0,0.0,30.0,0.0,0.0,0.0,0.0
3865,28.2489511,0.0,0.0,30.0,0.0,0.0,0.0,0.0
3866,28.2535963,0.0,0.0,30.0,0.0,0.0,0.0,0.0
3867,28.2586227,0.0,0.0,30.0,0.0,0.0,0.0,0.0
3868,28.2640616,0.0,0.0,30.0,0.0,0.0,0.0,0.0
3869,28.2699469,0.0,0.0,30.0,0.0,0.0,0.0,0.0
3870,28.2763153,0.0,0.0,30.0,0.0,0.0,0.0,0.0
3871,28.2832063,0.0,0.0,30.0,0.0,0.0,0.0,0.0
3872,28.290663,0.0,0.0,30.0,0.0,0.0,0.0,0.0
3873,28.2987317,0.0,0.0,30.0,0.0,0.0,0.0,0.0
3874,28.3074627,0.0,0.0,30.0,0.0,0.0,0.0,0.0
3875,28.3169103,0.0,0.0,30.0,0.0,0.0,0.0,0.0
3876,28.3271334,0.0,0.0,30.0,0.0,0.0,0.0,0.0
3877,28.3381957,0.0,0.0,30.0,0.0,0.0,0.0,0.0
3878,28.3501661,0.0,0.0,30.0,0.0,0.0,0.0,0.0
3879,28.363119,0.0,0.0,30.0,0.0,0.0,0.0,0.0
3880,28.3771351,0.0,0.0,30.0,0.0,0.0,0.0,0.0
3881,28.3923018,0.0,0.0,30.0,0.0,0.0,0.0,0.0
3882,28.4087135,0.0,0.0,30.0,0.0,0.0,0.0,0.0
3883,28.4264723,0.0,0.0,30.0,0.0,0.0,0.0,0.0
3884,28.4456889,0.0,0.0,30.0,0.0,0.0,0.0,0.0
3885,28.4664829,0.0,0.0,30.0,0.0,0.0,0.0,0.0
3886,28.4889837,0.0,0.0,30.0,0.0,0.0,0.0,0.0
3887,28.5133319,0.0,0.0,30.0,0.0,0.0,0.0,0.0
3888,28.5396789,0.0,0.0,30.0,0.0,0.0,0.0,0.0
3889,28.568187,0.0,0.0,30.0,0.0,0.0,0.0,0.0
3890,28.5990346,0.0,0.0,30.0,0.0,0.0,0.0,0.0
3891,28.6324226,0.0,0.0,30.0,0.0,0.0,0.0,0.0
3892,28.6685535,0.0,0.0,30.0,0.0,0.0,0.0,0.0
3893,28.7076099,0.0,0.0,30.0,0.0,0.0,0.0,0.0
3894,28.749865,0.0,0.0,30.0,0.0,0.0,0.0,0.0
3895,28.7957905,0.0,0.0,30.0,0.0,0.0,0.0,0.0
3896,28.8455007,0.0,0.0,30.0,0.0,0.0,0.0,0.0
3897,28.8982881,0.0,0.0,30.0,0.0,0.0,0.0,0.0
3898,28.9554418,0.0,0.0,30.0,0.0,0.0,0.0,0.0
3899,29.0222632,0.0,0.0,30.0,0.0,0.0,0.0,0.0
3900,29.0938771,0.0,0.0,30.0,0.0,0.0,0.0,0.0
3901,29.1467463,0.0,0.0,30.0,0.0,0.0,0.0,0.0
3902,29.2100067,0.0,0.0,30.0,0.0,0.0,0.0,0.0
3903,29.4000234,0.0,0.0,30.0,0.0,0.0,0.0,0.0
3904,29.5627602,0.0,0.0,30.0,0.0,0.0,0.0,0.0
3905,29.1382358,0.0,0.0,30.0,0.0,0.0,0.0,0.0
3906,29.0148351,0.0,0.0,30.0,0.0,0.0,0.0,0.0
3907,29.9065164,0.0,0.0,30.0,0.0,0.0,0.0,0.0
3908,30.0,0.0,0.0,30.0,0.0,0.0,0.0,0.0
3909,30.0,0.0,0.0,30.0,0.0,0.0,0.0,0.0
3910,23.8910987,0.0,0.0,30.0,0.0,0.0,0.0,0.0
3911,23.6889103,0.0,0.0,30.0,0.0,0.0,0.0,0.0
3912,0.0,0.0,0.0,0.0,0.0,0.0,0.0,0.0
3913,30.0,0.0,0.0,4.3794725,0.0,0.0,0.0,0.0
3914,30.0,0.0,0.0,6.38062664,0.0,0.0,0.0,0.0
3915,0.0,0.0,0.0,17.0023289,0.0,0.0,0.0,0.0
3916,0.0,0.0,0.0,22.276036,0.0,0.0,0.0,0.0
3917,0.0,0.0,0.0,23.7845316,0.0,0.0,0.0,0.0
3918,0.0,0.0,0.0,24.3122878,0.0,0.0,0.0,0.0
3919,0.0,0.0,0.0,25.2589556,0.0,0.0,0.0,0.0
3920,0.0,0.0,0.0,26.1607796,0.0,0.0,0.0,0.0
3921,0.0,0.0,0.0,26.8245704,0.0,0.0,0.0,0.0
3922,0.0,0.0,0.0,27.3371807,0.0,0.0,0.0,0.0
3923,0.0,0.0,0.0,27.7342179,0.0,0.0,0.0,0.0
3924,0.0,0.0,0.0,28.0073367,0.0,0.0,0.0,0.0
3925,0.0,0.0,0.0,28.1554345,0.0,0.0,0.0,0.0
3926,0.0,0.0,0.0,28.1822492,0.0,0.0,0.0,0.0
3927,0.0,0.0,0.0,28.0891725,0.0,0.0,0.0,0.0
3928,0.0,0.0,0.0,27.8755887,0.0,0.0,0.0,0.0
3929,0.0,0.0,0.0,27.5357145,0.0,0.0,0.0,0.0
3930,0.0,0.0,0.0,27.0608137,0.0,0.0,0.0,0.0
3931,0.0,0.0,0.0,26.4666364,0.0,0.0,0.0,0.0
3932,0.0,0.0,0.0,25.7734567,0.0,0.0,0.0,0.0
3933,0.0,0.0,0.0,24.8311033,0.0,0.0,0.0,0.0
3934,0.0,0.0,0.0,23.4766949,0.0,0.0,0.0,0.0
3935,0.0,0.0,0.0,22.634833,0.0,0.0,0.0,0.0
3936,0.0,0.0,0.0,23.1149744,0.0,0.0,0.0,0.0
3937,0.0,0.0,0.0,18.7244334,0.0,0.0,0.0,0.0
3938,0.0,0.0,0.0,5.26402107,0.0,0.0,0.0,0.0
3939,0.0,0.0,0.0,6.88804934,0.0,0.0,0.0,0.0
3940,30.0,0.0,0.0,30.0,0.0,0.0,0.0,0.0
3941,30.0,0.0,0.0,30.0,0.0,0.0,0.0,0.0
3942,30.0,0.0,0.0,30.0,0.0,0.0,0.0,0.0
3943,30.0,0.0,0.0,30.0,0.0,0.0,0.0,0.0
3944,30.0,0.0,0.0,30.0,0.0,0.0,0.0,0.0
3945,28.3282336,0.0,0.0,30.0,0.0,0.0,0.0,0.0
3946,28.097196,0.0,0.0,30.0,0.0,0.0,0.0,0.0
3947,30.0,0.0,0.0,30.0,0.0,0.0,0.0,0.0
3948,30.0,0.0,0.0,30.0,0.0,0.0,0.0,0.0
3949,30.0,0.0,0.0,30.0,0.0,0.0,0.0,0.0
3950,30.0,0.0,0.0,30.0,0.0,0.0,0.0,0.0
3951,30.0,0.0,0.0,30.0,0.0,0.0,0.0,0.0
3952,30.0,0.0,0.0,30.0,0.0,0.0,0.0,0.0
3953,30.0,0.0,0.0,30.0,0.0,0.0,0.0,0.0
3954,30.0,0.0,0.0,30.0,0.0,0.0,0.0,0.0
3955,30.0,0.0,0.0,30.0,0.0,0.0,0.0,0.0
3956,30.0,0.0,0.0,30.0,0.0,0.0,0.0,0.0
3957,30.0,0.0,0.0,30.0,0.0,0.0,0.0,0.0
3958,30.0,0.0,0.0,30.0,0.0,0.0,0.0,0.0
3959,30.0,0.0,0.0,30.0,0.0,0.0,0.0,0.0
3960,29.1730887,0.0,0.0,30.0,0.0,0.0,0.0,0.0
3961,29.1638579,0.0,0.0,30.0,0.0,0.0,0.0,0.0
3962,29.2507659,0.0,0.0,30.0,0.0,0.0,0.0,0.0
3963,28.9544164,0.0,0.0,30.0,0.0,0.0,0.0,0.0
3964,28.875044,0.0,0.0,30.0,0.0,0.0,0.0,0.0
3965,28.8670618,0.0,0.0,30.0,0.0,0.0,0.0,0.0
3966,28.819296,0.0,0.0,30.0,0.0,0.0,0.0,0.0
3967,28.7628402,0.0,0.0,30.0,0.0,0.0,0.0,0.0
3968,28.7190685,0.0,0.0,30.0,0.0,0.0,0.0,0.0
3969,28.6809188,0.0,0.0,30.0,0.0,0.0,0.0,0.0
3970,28.6439211,0.0,0.0,30.0,0.0,0.0,0.0,0.0
3971,28.6093037,0.0,0.0,30.0,0.0,0.0,0.0,0.0
3972,28.5776726,0.0,0.0,30.0,0.0,0.0,0.0,0.0
3973,28.5485192,0.0,0.0,30.0,0.0,0.0,0.0,0.0
3974,28.5215033,0.0,0.0,30.0,0.0,0.0,0.0,0.0
3975,28.4965227,0.0,0.0,30.0,0.0,0.0,0.0,0.0
3976,28.4734525,0.0,0.0,30.0,0.0,0.0,0.0,0.0
3977,28.4521351,0.0,0.0,30.0,0.0,0.0,0.0,0.0
3978,28.4324318,0.0,0.0,30.0,0.0,0.0,0.0,0.0
3979,28.4142229,0.0,0.0,30.0,0.0,0.0,0.0,0.0
3980,28.3973961,0.0,0.0,30.0,0.0,0.0,0.0,0.0
3981,28.381846,0.0,0.0,30.0,0.0,0.0,0.0,0.0
3982,28.3674755,0.0,0.0,30.0,0.0,0.0,0.0,0.0
3983,28.3541955,0.0,0.0,30.0,0.0,0.0,0.0,0.0
3984,28.341923,0.0,0.0,30.0,0.0,0.0,0.0,0.0
3985,28.3305818,0.0,0.0,30.0,0.0,0.0,0.0,0.0
3986,28.3201012,0.0,0.0,30.0,0.0,0.0,0.0,0.0
3987,28.3104159,0.0,0.0,30.0,0.0,0.0,0.0,0.0
3988,28.3014656,0.0,0.0,30.0,0.0,0.0,0.0,0.0
3989,28.2931947,0.0,0.0,30.0,0.0,0.0,0.0,0.0
3990,28.2855515,0.0,0.0,30.0,0.0,0.0,0.0,0.0
3991,28.2784884,0.0,0.0,30.0,0.0,0.0,0.0,0.0
3992,28.2719616,0.0,0.0,30.0,0.0,0.0,0.0,0.0
3993,28.2659304,0.0,0.0,30.0,0.0,0.0,0.0,0.0
3994,28.2603572,0.0,0.0,30.0,0.0,0.0,0.0,0.0
3995,28.2552072,0.0,0.0,30.0,0.0,0.0,0.0,0.0
3996,28.2504485,0.0,0.0,30.0,0.0,0.0,0.0,0.0
3997,28.2460514,0.0,0.0,30.0,0.0,0.0,0.0,0.0
3998,28.2419886,0.0,0.0,30.0,0.0,0.0,0.0,0.0
3999,28.2382346,0.0,0.0,30.0,0.0,0.0,0.0,0.0
4000,28.2347662,0.0,0.0,30.0,0.0,0.0,0.0,0.0
4001,28.2315617,0.0,0.0,30.0,0.0,0.0,0.0,0.0
4002,28.2286013,0.0,0.0,30.0,0.0,0.0,0.0,0.0
4003,28.2258663,0.0,0.0,30.0,0.0,0.0,0.0,0.0
4004,28.2233399,0.0,0.0,30.0,0.0,0.0,0.0,0.0
4005,28.2210063,0.0,0.0,30.0,0.0,0.0,0.0,0.0
4006,28.218851,0.0,0.0,30.0,0.0,0.0,0.0,0.0
4007,28.2168605,0.0,0.0,30.0,0.0,0.0,0.0,0.0
4008,28.2150224,0.0,0.0,30.0,0.0,0.0,0.0,0.0
4009,28.2133253,0.0,0.0,30.0,0.0,0.0,0.0,0.0
4010,28.2117587,0.0,0.0,30.0,0.0,0.0,0.0,0.0
4011,28.2103127,0.0,0.0,30.0,0.0,0.0,0.0,0.0
4012,28.2089784,0.0,0.0,30.0,0.0,0.0,0.0,0.0
4013,28.2077475,0.0,0.0,30.0,0.0,0.0,0.0,0.0
4014,28.2066123,0.0,0.0,30.0,0.0,0.0,0.0,0.0
4015,28.2055656,0.0,0.0,30.0,0.0,0.0,0.0,0.0
4016,28.2046011,0.0,0.0,30.0,0.0,0.0,0.0,0.0
4017,28.2037127,0.0,0.0,30.0,0.0,0.0,0.0,0.0
4018,28.2028949,0.0,0.0,30.0,0.0,0.0,0.0,0.0
4019,28.2021425,0.0,0.0,30.0,0.0,0.0,0.0,0.0
4020,28.2014509,0.0,0.0,30.0,0.0,0.0,0.0,0.0
4021,28.2008158,0.0,0.0,30.0,0.0,0.0,0.0,0.0
4022,28.2002333,0.0,0.0,30.0,0.0,0.0,0.0,0.0
4023,28.1996996,0.0,0.0,30.0,0.0,0.0,0.0,0.0
4024,28.1992115,0.0,0.0,30.0,0.0,0.0,0.0,0.0
4025,28.198766,0.0,0.0,30.0,0.0,0.0,0.0,0.0
4026,28.1983602,0.0,0.0,30.0,0.0,0.0,0.0,0.0
4027,28.1979916,0.0,0.0,30.0,0.0,0.0,0.0,0.0
4028,28.197658,0.0,0.0,30.0,0.0,0.0,0.0,0.0
4029,28.1973573,0.0,0.0,30.0,0.0,0.0,0.0,0.0
4030,28.1970875,0.0,0.0,30.0,0.0,0.0,0.0,0.0
4031,28.1968471,0.0,0.0,30.0,0.0,0.0,0.0,0.0
4032,28.1966344,0.0,0.0,30.0,0.0,0.0,0.0,0.0
4033,28.1964483,0.0,0.0,30.0,0.0,0.0,0.0,0.0
4034,28.1962875,0.0,0.0,30.0,0.0,0.0,0.0,0.0
4035,28.196151,0.0,0.0,30.0,0.0,0.0,0.0,0.0
4036,28.1960379,0.0,0.0,30.0,0.0,0.0,0.0,0.0
4037,28.1959477,0.0,0.0,30.0,0.0,0.0,0.0,0.0
4038,28.1958797,0.0,0.0,30.0,0.0,0.0,0.0,0.0
4039,28.1958334,0.0,0.0,30.0,0.0,0.0,0.0,0.0
4040,28.1958087,0.0,0.0,30.0,0.0,0.0,0.0,0.0
4041,28.1958053,0.0,0.0,30.0,0.0,0.0,0.0,0.0
4042,28.1958232,0.0,0.0,30.0,0.0,0.0,0.0,0.0
4043,28.1958626,0.0,0.0,30.0,0.0,0.0,0.0,0.0
4044,28.1959236,0.0,0.0,30.0,0.0,0.0,0.0,0.0
4045,28.1960067,0.0,0.0,30.0,0.0,0.0,0.0,0.0
4046,28.1961124,0.0,0.0,30.0,0.0,0.0,0.0,0.0
4047,28.1962413,0.0,0.0,30.0,0.0,0.0,0.0,0.0
4048,28.1963943,0.0,0.0,30.0,0.0,0.0,0.0,0.0
4049,28.1965722,0.0,0.0,30.0,0.0,0.0,0.0,0.0
4050,28.1967763,0.0,0.0,30.0,0.0,0.0,0.0,0.0
4051,28.1970077,0.0,0.0,30.0,0.0,0.0,0.0,0.0
4052,28.197268,0.0,0.0,30.0,0.0,0.0,0.0,0.0
4053,28.1975586,0.0,0.0,30.0,0.0,0.0,0.0,0.0
4054,28.1978816,0.0,0.0,30.0,0.0,0.0,0.0,0.0
4055,28.1982387,0.0,0.0,30.0,0.0,0.0,0.0,0.0
4056,28.1986324,0.0,0.0,30.0,0.0,0.0,0.0,0.0
4057,28.199065,0.0,0.0,30.0,0.0,0.0,0.0,0.0
4058,28.1995392,0.0,0.0,30.0,0.0,0.0,0.0,0.0
4059,28.200058,0.0,0.0,30.0,0.0,0.0,0.0,0.0
4060,28.2006246,0.0,0.0,30.0,0.0,0.0,0.0,0.0
4061,28.2012426,0.0,0.0,30.0,0.0,0.0,0.0,0.0
4062,28.2019157,0.0,0.0,30.0,0.0,0.0,0.0,0.0
4063,28.2026482,0.0,0.0,30.0,0.0,0.0,0.0,0.0
4064,28.2034447,0.0,0.0,30.0,0.0,0.0,0.0,0.0
4065,28.20431,0.0,0.0,30.0,0.0,0.0,0.0,0.0
4066,28.2052497,0.0,0.0,30.0,0.0,0.0,0.0,0.0
4067,28.2062694,0.0,0.0,30.0,0.0,0.0,0.0,0.0
4068,28.2073757,0.0,0.0,30.0,0.0,0.0,0.0,0.0
4069,28.2085754,0.0,0.0,30.0,0.0,0.0,0.0,0.0
4070,28.2098759,0.0,0.0,30.0,0.0,0.0,0.0,0.0
4071,28.2112854,0.0,0.0,30.0,0.0,0.0,0.0,0.0
4072,28.2128126,0.0,0.0,30.0,0.0,0.0,0.0,0.0
4073,28.214467,0.0,0.0,30.0,0.0,0.0,0.0,0.0
4074,28.216259,0.0,0.0,30.0,0.0,0.0,0.0,0.0
4075,28.2181997,0.0,0.0,30.0,0.0,0.0,0.0,0.0
4076,28.2203012,0.0,0.0,30.0,0.0,0.0,0.0,0.0
4077,28.2225766,0.0,0.0,30.0,0.0,0.0,0.0,0.0
4078,28.22504,0.0,0.0,30.0,0.0,0.0,0.0,0.0
4079,28.2277068,0.0,0.0,30.0,0.0,0.0,0.0,0.0
4080,28.2305936,0.0,0.0,30.0,0.0,0.0,0.0,0.0
4081,28.2337184,0.0,0.0,30.0,0.0,0.0,0.0,0.0
4082,28.2371006,0.0,0.0,30.0,0.0,0.0,0.0,0.0
4083,28.2407613,0.0,0.0,30.0,0.0,0.0,0.0,0.0
4084,28.2447232,0.0,0.0,30.0,0.0,0.0,0.0,0.0
4085,28.2490112,0.0,0.0,30.0,0.0,0.0,0.0,0.0
4086,28.2536518,0.0,0.0,30.0,0.0,0.0,0.0,0.0
4087,28.258674,0.0,0.0,30.0,0.0,0.0,0.0,0.0
4088,28.264109,0.0,0.0,30.0,0.0,0.0,0.0,0.0
4089,28.2699907,0.0,0.0,30.0,0.0,0.0,0.0,0.0
4090,28.2763557,0.0,0.0,30.0,0.0,0.0,0.0,0.0
4091,28.2832437,0.0,0.0,30.0,0.0,0.0,0.0,0.0
4092,28.2906975,0.0,0.0,30.0,0.0,0.0,0.0,0.0
4093,28.2987636,0.0,0.0,30.0,0.0,0.0,0.0,0.0
4094,28.3074921,0.0,0.0,30.0,0.0,0.0,0.0,0.0
4095,28.3169375,0.0,0.0,30.0,0.0,0.0,0.0,0.0
4096,28.3271586,0.0,0.0,30.0,0.0,0.0,0.0,0.0
4097,28.338219,0.0,0.0,30.0,0.0,0.0,0.0,0.0
4098,28.3501875,0.0,0.0,30.0,0.0,0.0,0.0,0.0
4099,28.3631388,0.0,0.0,30.0,0.0,0.0,0.0,0.0
4100,28.3771535,0.0,0.0,30.0,0.0,0.0,0.0,0.0
4101,28.3923188,0.0,0.0,30.0,0.0,0.0,0.0,0.0
4102,28.4087291,0.0,0.0,30.0,0.0,0.0,0.0,0.0
4103,28.4264868,0.0,0.0,30.0,0.0,0.0,0.0,0.0
4104,28.4457023,0.0,0.0,30.0,0.0,0.0,0.0,0.0
4105,28.4664952,0.0,0.0,30.0,0.0,0.0,0.0,0.0
4106,28.4889951,0.0,0.0,30.0,0.0,0.0,0.0,0.0
4107,28.5133424,0.0,0.0,30.0,0.0,0.0,0.0,0.0
4108,28.5396886,0.0,0.0,30.0,0.0,0.0,0.0,0.0
4109,28.5681959,0.0,0.0,30.0,0.0,0.0,0.0,0.0
4110,28.5990429,0.0,0.0,30.0,0.0,0.0,0.0,0.0
4111,28.6324302,0.0,0.0,30.0,0.0,0.0,0.0,0.0
4112,28.6685606,0.0,0.0,30.0,0.0,0.0,0.0,0.0
4113,28.7076164,0.0,0.0,30.0,0.0,0.0,0.0,0.0
4114,28.7498709,0.0,0.0,30.0,0.0,0.0,0.0,0.0
4115,28.795796,0.0,0.0,30.0,0.0,0.0,0.0,0.0
4116,28.8455057,0.0,0.0,30.0,0.0,0.0,0.0,0.0
4117,28.8982927,0.0,0.0,30.0,0.0,0.0,0.0,0.0
4118,28.9554461,0.0,0.0,30.0,0.0,0.0,0.0,0.0
4119,29.0222671,0.0,0.0,30.0,0.0,0.0,0.0,0.0
4120,29.0938806,0.0,0.0,30.0,0.0,0.0,0.0,0.0
4121,29.1467496,0.0,0.0,30.0,0.0,0.0,0.0,0.0
4122,29.2100097,0.0,0.0,30.0,0.0,0.0,0.0,0.0
4123,29.4000261,0.0,0.0,30.0,0.0,0.0,0.0,0.0
4124,29.5627626,0.0,0.0,30.0,0.0,0.0,0.0,0.0
4125,29.1382378,0.0,0.0,30.0,0.0,0.0,0.0,0.0
4126,29.0148373,0.0,0.0,30.0,0.0,0.0,0.0,0.0
4127,29.9065185,0.0,0.0,30.0,0.0,0.0,0.0,0.0
4128,30.0,0.0,0.0,30.0,0.0,0.0,0.0,0.0
4129,30.0,0.0,0.0,30.0,0.0,0.0,0.0,0.0
4130,23.8911054,0.0,0.0,30.0,0.0,0.0,0.0,0.0
4131,23.6889149,0.0,0.0,30.0,0.0,0.0,0.0,0.0
4132,0.0,0.0,0.0,0.0,0.0,0.0,0.0,0.0
4133,30.0,0.0,0.0,4.21859505,0.0,0.0,0.0,0.0
4134,30.0,0.0,0.0,6.18726477,0.0,0.0,0.0,0.0
4135,0.0,0.0,0.0,16.7900556,0.0,0.0,0.0,0.0
4136,0.0,0.0,0.0,21.9789414,0.0,0.0,0.0,0.0
4137,0.0,0.0,0.0,23.4345668,0.0,0.0,0.0,0.0
4138,0.0,0.0,0.0,23.9140565,0.0,0.0,0.0,0.0
4139,0.0,0.0,0.0,24.8020415,0.0,0.0,0.0,0.0
4140,0.0,0.0,0.0,25.6386006,0.0,0.0,0.0,0.0
4141,0.0,0.0,0.0,26.2319011,0.0,0.0,0.0,0.0
4142,0.0,0.0,0.0,26.6672088,0.0,0.0,0.0,0.0
4143,0.0,0.0,0.0,26.9789123,0.0,0.0,0.0,0.0
4144,0.0,0.0,0.0,27.1577817,0.0,0.0,0.0,0.0
4145,0.0,0.0,0.0,27.2016445,0.0,0.0,0.0,0.0
4146,0.0,0.0,0.0,27.11303,0.0,0.0,0.0,0.0
4147,0.0,0.0,0.0,26.8919937,0.0,0.0,0.0,0.0
4148,0.0,0.0,0.0,26.5361614,0.0,0.0,0.0,0.0
4149,0.0,0.0,0.0,26.0379339,0.0,0.0,0.0,0.0
4150,0.0,0.0,0.0,25.3883823,0.0,0.0,0.0,0.0
4151,0.0,0.0,0.0,24.6018378,0.0,0.0,0.0,0.0
4152,0.0,0.0,0.0,23.6854333,0.0,0.0,0.0,0.0
4153,0.0,0.0,0.0,22.4841006,0.0,0.0,0.0,0.0
4154,0.0,0.0,0.0,20.9023724,0.0,0.0,0.0,0.0
4155,0.0,0.0,0.0,19.8649141,0.0,0.0,0.0,0.0
4156,0.0,0.0,0.0,19.7244474,0.0,0.0,0.0,0.0
4157,0.0,0.0,0.0,14.3398563,0.0,0.0,0.0,0.0
4158,0.0,0.0,0.0,2.43748084,0.0,0.0,0.0,0.0
4159,0.0,0.0,0.0,3.65831342,0.0,0.0,0.0,0.0
4160,30.0,0.0,0.0,30.0,0.0,0.0,0.0,0.0
4161,30.0,0.0,0.0,30.0,0.0,0.0,0.0,0.0
4162,30.0,0.0,0.0,30.0,0.0,0.0,0.0,0.0
4163,30.0,0.0,0.0,30.0,0.0,0.0,0.0,0.0
4164,30.0,0.0,0.0,30.0,0.0,0.0,0.0,0.0
4165,30.0,0.0,0.0,30.0,0.0,0.0,0.0,0.0
4166,30.0,0.0,0.0,30.0,0.0,0.0,0.0,0.0
4167,17.4433495,0.0,0.0,30.0,0.0,0.0,0.0,0.0
4168,14.0733843,0.0,0.0,30.0,0.0,0.0,0.0,0.0
4169,19.6867302,0.0,0.0,30.0,0.0,0.0,0.0,0.0
4170,22.6703844,0.0,0.0,30.0,0.0,0.0,0.0,0.0
4171,20.6659028,0.0,0.0,30.0,0.0,0.0,0.0,0.0
4172,20.2527425,0.0,0.0,30.0,0.0,0.0,0.0,0.0
4173,22.9412901,0.0,0.0,30.0,0.0,0.0,0.0,0.0
4174,27.0508486,0.0,0.0,30.0,0.0,0.0,0.0,0.0
4175,30.0,0.0,0.0,30.0,0.0,0.0,0.0,0.0
4176,30.0,0.0,0.0,30.0,0.0,0.0,0.0,0.0
4177,30.0,0.0,0.0,30.0,0.0,0.0,0.0,0.0
4178,30.0,0.0,0.0,30.0,0.0,0.0,0.0,0.0
4179,30.0,0.0,0.0,30.0,0.0,0.0,0.0,0.0
4180,28.3494156,0.0,0.0,30.0,0.0,0.0,0.0,0.0
4181,28.1294247,0.0,0.0,30.0,0.0,0.0,0.0,0.0
4182,28.3890127,0.0,0.0,30.0,0.0,0.0,0.0,0.0
4183,28.0294322,0.0,0.0,30.0,0.0,0.0,0.0,0.0
4184,28.0096179,0.0,0.0,30.0,0.0,0.0,0.0,0.0
4185,28.0932507,0.0,0.0,30.0,0.0,0.0,0.0,0.0
4186,28.1057736,0.0,0.0,30.0,0.0,0.0,0.0,0.0
4187,28.0981793,0.0,0.0,30.0,0.0,0.0,0.0,0.0
4188,28.1046207,0.0,0.0,30.0,0.0,0.0,0.0,0.0
4189,28.1141478,0.0,0.0,30.0,0.0,0.0,0.0,0.0
4190,28.1201638,0.0,0.0,30.0,0.0,0.0,0.0,0.0
4191,28.1250631,0.0,0.0,30.0,0.0,0.0,0.0,0.0
4192,28.1301667,0.0,0.0,30.0,0.0,0.0,0.0,0.0
4193,28.1350041,0.0,0.0,30.0,0.0,0.0,0.0,0.0
4194,28.139356,0.0,0.0,30.0,0.0,0.0,0.0,0.0
4195,28.143356,0.0,0.0,30.0,0.0,0.0,0.0,0.0
4196,28.1470771,0.0,0.0,30.0,0.0,0.0,0.0,0.0
4197,28.15052,0.0,0.0,30.0,0.0,0.0,0.0,0.0
4198,28.1536968,0.0,0.0,30.0,0.0,0.0,0.0,0.0
4199,28.1566321,0.0,0.0,30.0,0.0,0.0,0.0,0.0
4200,28.1593459,0.0,0.0,30.0,0.0,0.0,0.0,0.0
4201,28.1618541,0.0,0.0,30.0,0.0,0.0,0.0,0.0
4202,28.1641721,0.0,0.0,30.0,0.0,0.0,0.0,0.0
4203,28.1663144,0.0,0.0,30.0,0.0,0.0,0.0,0.0
4204,28.1682945,0.0,0.0,30.0,0.0,0.0,0.0,0.0
4205,28.1701246,0.0,0.0,30.0,0.0,0.0,0.0,0.0
4206,28.1718161,0.0,0.0,30.0,0.0,0.0,0.0,0.0
4207,28.1733796,0.0,0.0,30.0,0.0,0.0,0.0,0.0
4208,28.1748248,0.0,0.0,30.0,0.0,0.0,0.0,0.0
4209,28.1761606,0.0,0.0,30.0,0.0,0.0,0.0,0.0
4210,28.1773955,0.0,0.0,30.0,0.0,0.0,0.0,0.0
4211,28.1785372,0.0,0.0,30.0,0.0,0.0,0.0,0.0
4212,28.1795926,0.0,0.0,30.0,0.0,0.0,0.0,0.0
4213,28.1805684,0.0,0.0,30.0,0.0,0.0,0.0,0.0
4214,28.1814706,0.0,0.0,30.0,0.0,0.0,0.0,0.0
4215,28.182305,0.0,0.0,30.0,0.0,0.0,0.0,0.0
4216,28.1830766,0.0,0.0,30.0,0.0,0.0,0.0,0.0
4217,28.1837903,0.0,0.0,30.0,0.0,0.0,0.0,0.0
4218,28.1844505,0.0,0.0,30.0,0.0,0.0,0.0,0.0
4219,28.1850613,0.0,0.0,30.0,0.0,0.0,0.0,0.0
4220,28.1856266,0.0,0.0,30.0,0.0,0.0,0.0,0.0
4221,28.1861498,0.0,0.0,30.0,0.0,0.0,0.0,0.0
4222,28.1866343,0.0,0.0,30.0,0.0,0.0,0.0,0.0
4223,28.1870829,0.0,0.0,30.0,0.0,0.0,0.0,0.0
4224,28.1874986,0.0,0.0,30.0,0.0,0.0,0.0,0.0
4225,28.1878839,0.0,0.0,30.0,0.0,0.0,0.0,0.0
4226,28.1882412,0.0,0.0,30.0,0.0,0.0,0.0,0.0
4227,28.1885728,0.0,0.0,30.0,0.0,0.0,0.0,0.0
4228,28.1888806,0.0,0.0,30.0,0.0,0.0,0.0,0.0
4229,28.1891666,0.0,0.0,30.0,0.0,0.0,0.0,0.0
4230,28.1894327,0.0,0.0,30.0,0.0,0.0,0.0,0.0
4231,28.1896803,0.0,0.0,30.0,0.0,0.0,0.0,0.0
4232,28.1899112,0.0,0.0,30.0,0.0,0.0,0.0,0.0
4233,28.1901267,0.0,0.0,30.0,0.0,0.0,0.0,0.0
4234,28.1903282,0.0,0.0,30.0,0.0,0.0,0.0,0.0
4235,28.1905169,0.0,0.0,30.0,0.0,0.0,0.0,0.0
4236,28.190694,0.0,0.0,30.0,0.0,0.0,0.0,0.0
4237,28.1908605,0.0,0.0,30.0,0.0,0.0,0.0,0.0
4238,28.1910177,0.0,0.0,30.0,0.0,0.0,0.0,0.0
4239,28.1911663,0.0,0.0,30.0,0.0,0.0,0.0,0.0
4240,28.1913074,0.0,0.0,30.0,0.0,0.0,0.0,0.0
4241,28.1914418,0.0,0.0,30.0,0.0,0.0,0.0,0.0
4242,28.1915703,0.0,0.0,30.0,0.0,0.0,0.0,0.0
4243,28.1916938,0.0,0.0,30.0,0.0,0.0,0.0,0.0
4244,28.1918131,0.0,0.0,30.0,0.0,0.0,0.0,0.0
4245,28.1919288,0.0,0.0,30.0,0.0,0.0,0.0,0.0
4246,28.1920417,0.0,0.0,30.0,0.0,0.0,0.0,0.0
4247,28.1921524,0.0,0.0,30.0,0.0,0.0,0.0,0.0
4248,28.1922618,0.0,0.0,30.0,0.0,0.0,0.0,0.0
4249,28.1923704,0.0,0.0,30.0,0.0,0.0,0.0,0.0
4250,28.192479,0.0,0.0,30.0,0.0,0.0,0.0,0.0
4251,28.1925881,0.0,0.0,30.0,0.0,0.0,0.0,0.0
4252,28.1926986,0.0,0.0,30.0,0.0,0.0,0.0,0.0
4253,28.192811,0.0,0.0,30.0,0.0,0.0,0.0,0.0
4254,28.1929261,0.0,0.0,30.0,0.0,0.0,0.0,0.0
4255,28.1930446,0.0,0.0,30.0,0.0,0.0,0.0,0.0
4256,28.1931673,0.0,0.0,30.0,0.0,0.0,0.0,0.0
4257,28.1932948,0.0,0.0,30.0,0.0,0.0,0.0,0.0
4258,28.193428,0.0,0.0,30.0,0.0,0.0,0.0,0.0
4259,28.1935678,0.0,0.0,30.0,0.0,0.0,0.0,0.0
4260,28.1937149,0.0,0.0,30.0,0.0,0.0,0.0,0.0
4261,28.1938703,0.0,0.0,30.0,0.0,0.0,0.0,0.0
4262,28.1940351,0.0,0.0,30.0,0.0,0.0,0.0,0.0
4263,28.1942101,0.0,0.0,30.0,0.0,0.0,0.0,0.0
4264,28.1943965,0.0,0.0,30.0,0.0,0.0,0.0,0.0
4265,28.1945955,0.0,0.0,30.0,0.0,0.0,0.0,0.0
4266,28.1948082,0.0,0.0,30.0,0.0,0.0,0.0,0.0
4267,28.1950361,0.0,0.0,30.0,0.0,0.0,0.0,0.0
4268,28.1952805,0.0,0.0,30.0,0.0,0.0,0.0,0.0
4269,28.1955429,0.0,0.0,30.0,0.0,0.0,0.0,0.0
4270,28.1958251,0.0,0.0,30.0,0.0,0.0,0.0,0.0
4271,28.1961287,0.0,0.0,30.0,0.0,0.0,0.0,0.0
4272,28.1964556,0.0,0.0,30.0,0.0,0.0,0.0,0.0
4273,28.1968079,0.0,0.0,30.0,0.0,0.0,0.0,0.0
4274,28.1971878,0.0,0.0,30.0,0.0,0.0,0.0,0.0
4275,28.1975976,0.0,0.0,30.0,0.0,0.0,0.0,0.0
4276,28.1980399,0.0,0.0,30.0,0.0,0.0,0.0,0.0
4277,28.1985175,0.0,0.0,30.0,0.0,0.0,0.0,0.0
4278,28.1990332,0.0,0.0,30.0,0.0,0.0,0.0,0.0
4279,28.1995904,0.0,0.0,30.0,0.0,0.0,0.0,0.0
4280,28.2001925,0.0,0.0,30.0,0.0,0.0,0.0,0.0
4281,28.2008432,0.0,0.0,30.0,0.0,0.0,0.0,0.0
4282,28.2015466,0.0,0.0,30.0,0.0,0.0,0.0,0.0
4283,28.2023072,0.0,0.0,30.0,0.0,0.0,0.0,0.0
4284,28.2031295,0.0,0.0,30.0,0.0,0.0,0.0,0.0
4285,28.2040188,0.0,0.0,30.0,0.0,0.0,0.0,0.0
4286,28.2049805,0.0,0.0,30.0,0.0,0.0,0.0,0.0
4287,28.2060207,0.0,0.0,30.0,0.0,0.0,0.0,0.0
4288,28.2071459,0.0,0.0,30.0,0.0,0.0,0.0,0.0
4289,28.208363,0.0,0.0,30.0,0.0,0.0,0.0,0.0
4290,28.2096796,0.0,0.0,30.0,0.0,0.0,0.0,0.0
4291,28.211104,0.0,0.0,30.0,0.0,0.0,0.0,0.0
4292,28.212645,0.0,0.0,30.0,0.0,0.0,0.0,0.0
4293,28.2143121,0.0,0.0,30.0,0.0,0.0,0.0,0.0
4294,28.2161159,0.0,0.0,30.0,0.0,0.0,0.0,0.0
4295,28.2180675,0.0,0.0,30.0,0.0,0.0,0.0,0.0
4296,28.220179,0.0,0.0,30.0,0.0,0.0,0.0,0.0
4297,28.2224636,0.0,0.0,30.0,0.0,0.0,0.0,0.0
4298,28.2249356,0.0,0.0,30.0,0.0,0.0,0.0,0.0
4299,28.2276103,0.0,0.0,30.0,0.0,0.0,0.0,0.0
4300,28.2305045,0.0,0.0,30.0,0.0,0.0,0.0,0.0
4301,28.233636,0.0,0.0,30.0,0.0,0.0,0.0,0.0
4302,28.2370244,0.0,0.0,30.0,0.0,0.0,0.0,0.0
4303,28.2406909,0.0,0.0,30.0,0.0,0.0,0.0,0.0
4304,28.2446583,0.0,0.0,30.0,0.0,0.0,0.0,0.0
4305,28.2489511,0.0,0.0,30.0,0.0,0.0,0.0,0.0
4306,28.2535963,0.0,0.0,30.0,0.0,0.0,0.0,0.0
4307,28.2586227,0.0,0.0,30.0,0.0,0.0,0.0,0.0
4308,28.2640616,0.0,0.0,30.0,0.0,0.0,0.0,0.0
4309,28.2699469,0.0,0.0,30.0,0.0,0.0,0.0,0.0
4310,28.2763153,0.0,0.0,30.0,0.0,0.0,0.0,0.0
4311,28.2832063,0.0,0.0,30.0,0.0,0.0,0.0,0.0
4312,28.290663,0.0,0.0,30.0,0.0,0.0,0.0,0.0
4313,28.2987317,0.0,0.0,30.0,0.0,0.0,0.0,0.0
4314,28.3074627,0.0,0.0,30.0,0.0,0.0,0.0,0.0
4315,28.3169103,0.0,0.0,30.0,0.0,0.0,0.0,0.0
4316,28.3271334,0.0,0.0,30.0,0.0,0.0,0.0,0.0
4317,28.3381957,0.0,0.0,30.0,0.0,0.0,0.0,0.0
4318,28.3501661,0.0,0.0,30.0,0.0,0.0,0.0,0.0
4319,28.363119,0.0,0.0,30.0,0.0,0.0,0.0,0.0
4320,28.3771351,0.0,0.0,30.0,0.0,0.0,0.0,0.0
4321,28.3923018,0.0,0.0,30.0,0.0,0.0,0.0,0.0
4322,28.4087135,0.0,0.0,30.0,0.0,0.0,0.0,0.0
4323,28.4264723,0.0,0.0,30.0,0.0,0.0,0.0,0.0
4324,28.4456889,0.0,0.0,30.0,0.0,0.0,0.0,0.0
4325,28.4664829,0.0,0.0,30.0,0.0,0.0,0.0,0.0
4326,28.4889837,0.0,0.0,30.0,0.0,0.0,0.0,0.0
4327,28.5133319,0.0,0.0,30.0,0.0,0.0,0.0,0.0
4328,28.5396789,0.0,0.0,30.0,0.0,0.0,0.0,0.0
4329,28.568187,0.0,0.0,30.0,0.0,0.0,0.0,0.0
4330,28.5990346,0.0,0.0,30.0,0.0,0.0,0.0,0.0
4331,28.6324226,0.0,0.0,30.0,0.0,0.0,0.0,0.0
4332,28.6685535,0.0,0.0,30.0,0.0,0.0,0.0,0.0
4333,28.7076099,0.0,0.0,30.0,0.0,0.0,0.0,0.0
4334,28.749865,0.0,0.0,30.0,0.0,0.0,0.0,0.0
4335,28.7957905,0.0,0.0,30.0,0.0,0.0,0.0,0.0
4336,28.8455007,0.0,0.0,30.0,0.0,0.0,0.0,0.0
4337,28.8982881,0.0,0.0,30.0,0.0,0.0,0.0,0.0
4338,28.9554418,0.0,0.0,30.0,0.0,0.0,0.0,0.0
4339,29.0222632,0.0,0.0,30.0,0.0,0.0,0.0,0.0
4340,29.0938771,0.0,0.0,30.0,0.0,0.0,0.0,0.0
4341,29.1467463,0.0,0.0,30.0,0.0,0.0,0.0,0.0
4342,29.2100067,0.0,0.0,30.0,0.0,0.0,0.0,0.0
4343,29.4000234,0.0,0.0,30.0,0.0,0.0,0.0,0.0
4344,29.5627602,0.0,0.0,30.0,0.0,0.0,0.0,0.0
4345,29.1382358,0.0,0.0,30.0,0.0,0.0,0.0,0.0
4346,29.0148351,0.0,0.0,30.0,0.0,0.0,0.0,0.0
4347,29.9065164,0.0,0.0,30.0,0.0,0.0,0.0,0.0
4348,30.0,0.0,0.0,30.0,0.0,0.0,0.0,0.0
4349,30.0,0.0,0.0,30.0,0.0,0.0,0.0,0.0
4350,23.8910987,0.0,0.0,30.0,0.0,0.0,0.0,0.0
4351,23.6889103,0.0,0.0,30.0,0.0,0.0,0.0,0.0
4352,0.0,0.0,0.0,0.0,0.0,0.0,0.0,0.0
4353,30.0,0.0,0.0,4.3794725,0.0,0.0,0.0,0.0
4354,30.0,0.0,0.0,6.38062664,0.0,0.0,0.0,0.0
4355,0.0,0.0,0.0,17.0023289,0.0,0.0,0.0,0.0
4356,0.0,0.0,0.0,22.276036,0.0,0.0,0.0,0.0
4357,0.0,0.0,0.0,23.7845316,0.0,0.0,0.0,0.0
4358,0.0,0.0,0.0,24.3122878,0.0,0.0,0.0,0.0
4359,0.0,0.0,0.0,25.2589556,0.0,0.0,0.0,0.0
4360,0.0,0.0,0.0,26.1607796,0.0,0.0,0.0,0.0
4361,0.0,0.0,0.0,26.8245704,0.0,0.0,0.0,0.0
4362,0.0,0.0,0.0,27.3371807,0.0,0.0,0.0,0.0
4363,0.0,0.0,0.0,27.7342179,0.0,0.0,0.0,0.0
4364,0.0,0.0,0.0,28.0073367,0.0,0.0,0.0,0.0
4365,0.0,0.0,0.0,28.1554345,0.0,0.0,0.0,0.0
4366,0.0,0.0,0.0,28.1822492,0.0,0.0,0.0,0.0
4367,0.0,0.0,0.0,28.0891725,0.0,0.0,0.0,0.0
4368,0.0,0.0,0.0,27.8755887,0.0,0.0,0.0,0.0
4369,0.0,0.0,0.0,27.5357145,0.0,0.0,0.0,0.0
4370,0.0,0.0,0.0,27.0608137,0.0,0.0,0.0,0.0
4371,0.0,0.0,0.0,26.4666364,0.0,0.0,0.0,0.0
4372,0.0,0.0,0.0,25.7734567,0.0,0.0,0.0,0.0
4373,0.0,0.0,0.0,24.8311033,0.0,0.0,0.0,0.0
4374,0.0,0.0,0.0,23.4766949,0.0,0.0,0.0,0.0
4375,0.0,0.0,0.0,22.634833,0.0,0.0,0.0,0.0
4376,0.0,0.0,0.0,23.1149744,0.0,0.0,0.0,0.0
4377,0.0,0.0,0.0,18.7244334,0.0,0.0,0.0,0.0
4378,0.0,0.0,0.0,5.26402107,0.0,0.0,0.0,0.0
4379,0.0,0.0,0.0,6.88804934,0.0,0.0,0.0,0.0
4380,30.0,0.0,0.0,30.0,0.0,0.0,0.0,0.0
4381,30.0,0.0,0.0,30.0,0.0,0.0,0.0,0.0
4382,30.0,0.0,0.0,30.0,0.0,0.0,0.0,0.0
4383,30.0,0.0,0.0,30.0,0.0,0.0,0.0,0.0
4384,30.0,0.0,0.0,30.0,0.0,0.0,0.0,0.0
4385,28.3282336,0.0,0.0,30.0,0.0,0.0,0.0,0.0
4386,28.097196,0.0,0.0,30.0,0.0,0.0,0.0,0.0
4387,30.0,0.0,0.0,30.0,0.0,0.0,0.0,0.0
4388,30.0,0.0,0.0,30.0,0.0,0.0,0.0,0.0
4389,30.0,0.0,0.0,30.0,0.0,0.0,0.0,0.0
4390,30.0,0.0,0.0,30.0,0.0,0.0,0.0,0.0
4391,30.0,0.0,0.0,30.0,0.0,0.0,0.0,0.0
4392,30.0,0.0,0.0,30.0,0.0,0.0,0.0,0.0
4393,30.0,0.0,0.0,30.0,0.0,0.0,0.0,0.0
4394,30.0,0.0,0.0,30.0,0.0,0.0,0.0,0.0
4395,30.0,0.0,0.0,30.0,0.0,0.0,0.0,0.0
4396,30.0,0.0,0.0,30.0,0.0,0.0,0.0,0.0
4397,30.0,0.0,0.0,30.0,0.0,0.0,0.0,0.0
4398,30.0,0.0,0.0,30.0,0.0,0.0,0.0,0.0
4399,30.0,0.0,0.0,30.0,0.0,0.0,0.0,0.0
4400,29.1730887,0.0,0.0,30.0,0.0,0.0,0.0,0.0
4401,29.1638579,0.0,0.0,30.0,0.0,0.0,0.0,0.0
4402,29.2507659,0.0,0.0,30.0,0.0,0.0,0.0,0.0
4403,28.9544164,0.0,0.0,30.0,0.0,0.0,0.0,0.0
4404,28.875044,0.0,0.0,30.0,0.0,0.0,0.0,0.0
4405,28.8670618,0.0,0.0,30.0,0.0,0.0,0.0,0.0
4406,28.819296,0.0,0.0,30.0,0.0,0.0,0.0,0.0
4407,28.7628402,0.0,0.0,30.0,0.0,0.0,0.0,0.0
4408,28.7190685,0.0,0.0,30.0,0.0,0.0,0.0,0.0
4409,28.6809188,0.0,0.0,30.0,0.0,0.0,0.0,0.0
4410,28.6439211,0.0,0.0,30.0,0.0,0.0,0.0,0.0
4411,28.6093037,0.0,0.0,30.0,0.0,0.0,0.0,0.0
4412,28.5776726,0.0,0.0,30.0,0.0,0.0,0.0,0.0
4413,28.5485192,0.0,0.0,30.0,0.0,0.0,0.0,0.0
4414,28.5215033,0.0,0.0,30.0,0.0,0.0,0.0,0.0
4415,28.4965227,0.0,0.0,30.0,0.0,0.0,0.0,0.0
4416,28.4734525,0.0,0.0,30.0,0.0,0.0,0.0,0.0
4417,28.4521351,0.0,0.0,30.0,0.0,0.0,0.0,0.0
4418,28.4324318,0.0,0.0,30.0,0.0,0.0,0.0,0.0
4419,28.4142229,0.0,0.0,30.0,0.0,0.0,0.0,0.0
4420,28.3973961,0.0,0.0,30.0,0.0,0.0,0.0,0.0
4421,28.381846,0.0,0.0,30.0,0.0,0.0,0.0,0.0
4422,28.3674755,0.0,0.0,30.0,0.0,0.0,0.0,0.0
4423,28.3541955,0.0,0.0,30.0,0.0,0.0,0.0,0.0
4424,28.341923,0.0,0.0,30.0,0.0,0.0,0.0,0.0
4425,28.3305818,0.0,0.0,30.0,0.0,0.0,0.0,0.0
4426,28.3201012,0.0,0.0,30.0,0.0,0.0,0.0,0.0
4427,28.3104159,0.0,0.0,30.0,0.0,0.0,0.0,0.0
4428,28.3014656,0.0,0.0,30.0,0.0,0.0,0.0,0.0
4429,28.2931947,0.0,0.0,30.0,0.0,0.0,0.0,0.0
4430,28.2855515,0.0,0.0,30.0,0.0,0.0,0.0,0.0
4431,28.2784884,0.0,0.0,30.0,0.0,0.0,0.0,0.0
4432,28.2719616,0.0,0.0,30.0,0.0,0.0,0.0,0.0
4433,28.2659304,0.0,0.0,30.0,0.0,0.0,0.0,0.0
4434,28.2603572,0.0,0.0,30.0,0.0,0.0,0.0,0.0
4435,28.2552072,0.0,0.0,30.0,0.0,0.0,0.0,0.0
4436,28.2504485,0.0,0.0,30.0,0.0,0.0,0.0,0.0
4437,28.2460514,0.0,0.0,30.0,0.0,0.0,0.0,0.0
4438,28.2419886,0.0,0.0,30.0,0.0,0.0,0.0,0.0
4439,28.2382346,0.0,0.0,30.0,0.0,0.0,0.0,0.0
4440,28.2347662,0.0,0.0,30.0,0.0,0.0,0.0,0.0
4441,28.2315617,0.0,0.0,30.0,0.0,0.0,0.0,0.0
4442,28.2286013,0.0,0.0,30.0,0.0,0.0,0.0,0.0
4443,28.2258663,0.0,0.0,30.0,0.0,0.0,0.0,0.0
4444,28.2233399,0.0,0.0,30.0,0.0,0.0,0.0,0.0
4445,28.2210063,0.0,0.0,30.0,0.0,0.0,0.0,0.0
4446,28.218851,0.0,0.0,30.0,0.0,0.0,0.0,0.0
4447,28.2168605,0.0,0.0,30.0,0.0,0.0,0.0,0.0
4448,28.2150224,0.0,0.0,30.0,0.0,0.0,0.0,0.0
4449,28.2133253,0.0,0.0,30.0,0.0,0.0,0.0,0.0
4450,28.2117587,0.0,0.0,30.0,0.0,0.0,0.0,0.0
4451,28.2103127,0.0,0.0,30.0,0.0,0.0,0.0,0.0
4452,28.2089784,0.0,0.0,30.0,0.0,0.0,0.0,0.0
4453,28.2077475,0.0,0.0,30.0,0.0,0.0,0.0,0.0
4454,28.2066123,0.0,0.0,30.0,0.0,0.0,0.0,0.0
4455,28.2055656,0.0,0.0,30.0,0.0,0.0,0.0,0.0
4456,28.2046011,0.0,0.0,30.0,0.0,0.0,0.0,0.0
4457,28.2037127,0.0,0.0,30.0,0.0,0.0,0.0,0.0
4458,28.2028949,0.0,0.0,30.0,0.0,0.0,0.0,0.0
4459,28.2021425,0.0,0.0,30.0,0.0,0.0,0.0,0.0
4460,28.2014509,0.0,0.0,30.0,0.0,0.0,0.0,0.0
4461,28.2008158,0.0,0.0,30.0,0.0,0.0,0.0,0.0
4462,28.2002333,0.0,0.0,30.0,0.0,0.0,0.0,0.0
4463,28.1996996,0.0,0.0,30.0,0.0,0.0,0.0,0.0
4464,28.1992115,0.0,0.0,30.0,0.0,0.0,0.0,0.0
4465,28.198766,0.0,0.0,30.0,0.0,0.0,0.0,0.0
4466,28.1983602,0.0,0.0,30.0,0.0,0.0,0.0,0.0
4467,28.1979916,0.0,0.0,30.0,0.0,0.0,0.0,0.0
4468,28.197658,0.0,0.0,30.0,0.0,0.0,0.0,0.0
4469,28.1973573,0.0,0.0,30.0,0.0,0.0,0.0,0.0
4470,28.1970875,0.0,0.0,30.0,0.0,0.0,0.0,0.0
4471,28.1968471,0.0,0.0,30.0,0.0,0.0,0.0,0.0
4472,28.1966344,0.0,0.0,30.0,0.0,0.0,0.0,0.0
4473,28.1964483,0.0,0.0,30.0,0.0,0.0,0.0,0.0
4474,28.1962875,0.0,0.0,30.0,0.0,0.0,0.0,0.0
4475,28.196151,0.0,0.0,30.0,0.0,0.0,0.0,0.0
4476,28.1960379,0.0,0.0,30.0,0.0,0.0,0.0,0.0
4477,28.1959477,0.0,0.0,30.0,0.0,0.0,0.0,0.0
4478,28.1958797,0.0,0.0,30.0,0.0,0.0,0.0,0.0
4479,28.1958334,0.0,0.0,30.0,0.0,0.0,0.0,0.0
4480,28.1958087,0.0,0.0,30.0,0.0,0.0,0.0,0.0
4481,28.1958053,0.0,0.0,30.0,0.0,0.0,0.0,0.0
4482,28.1958232,0.0,0.0,30.0,0.0,0.0,0.0,0.0
4483,28.1958626,0.0,0.0,30.0,0.0,0.0,0.0,0.0
4484,28.1959236,0.0,0.0,30.0,0.0,0.0,0.0,0.0
4485,28.1960067,0.0,0.0,30.0,0.0,0.0,0.0,0.0
4486,28.1961124,0.0,0.0,30.0,0.0,0.0,0.0,0.0
4487,28.1962413,0.0,0.0,30.0,0.0,0.0,0.0,0.0
4488,28.1963943,0.0,0.0,30.0,0.0,0.0,0.0,0.0
4489,28.1965722,0.0,0.0,30.0,0.0,0.0,0.0,0.0
4490,28.1967763,0.0,0.0,30.0,0.0,0.0,0.0,0.0
4491,28.1970077,0.0,0.0,30.0,0.0,0.0,0.0,0.0
4492,28.197268,0.0,0.0,30.0,0.0,0.0,0.0,0.0
4493,28.1975586,0.0,0.0,30.0,0.0,0.0,0.0,0.0
4494,28.1978816,0.0,0.0,30.0,0.0,0.0,0.0,0.0
4495,28.1982387,0.0,0.0,30.0,0.0,0.0,0.0,0.0
4496,28.1986324,0.0,0.0,30.0,0.0,0.0,0.0,0.0
4497,28.199065,0.0,0.0,30.0,0.0,0.0,0.0,0.0
4498,28.1995392,0.0,0.0,30.0,0.0,0.0,0.0,0.0
4499,28.200058,0.0,0.0,30.0,0.0,0.0,0.0,0.0
4500,28.2006246,0.0,0.0,30.0,0.0,0.0,0.0,0.0
4501,28.2012426,0.0,0.0,30.0,0.0,0.0,0.0,0.0
4502,28.2019157,0.0,0.0,30.0,0.0,0.0,0.0,0.0
4503,28.2026482,0.0,0.0,30.0,0.0,0.0,0.0,0.0
4504,28.2034447,0.0,0.0,30.0,0.0,0.0,0.0,0.0
4505,28.20431,0.0,0.0,30.0,0.0,0.0,0.0,0.0
4506,28.2052497,0.0,0.0,30.0,0.0,0.0,0.0,0.0
4507,28.2062694,0.0,0.0,30.0,0.0,0.0,0.0,0.0
4508,28.2073757,0.0,0.0,30.0,0.0,0.0,0.0,0.0
4509,28.2085754,0.0,0.0,30.0,0.0,0.0,0.0,0.0
4510,28.2098759,0.0,0.0,30.0,0.0,0.0,0.0,0.0
4511,28.2112854,0.0,0.0,30.0,0.0,0.0,0.0,0.0
4512,28.2128126,0.0,0.0,30.0,0.0,0.0,0.0,0.0
4513,28.214467,0.0,0.0,30.0,0.0,0.0,0.0,0.0
4514,28.216259,0.0,0.0,30.0,0.0,0.0,0.0,0.0
4515,28.2181997,0.0,0.0,30.0,0.0,0.0,0.0,0.0
4516,28.2203012,0.0,0.0,30.0,0.0,0.0,0.0,0.0
4517,28.2225766,0.0,0.0,30.0,0.0,0.0,0.0,0.0
4518,28.22504,0.0,0.0,30.0,0.0,0.0,0.0,0.0
4519,28.2277068,0.0,0.0,30.0,0.0,0.0,0.0,0.0
4520,28.2305936,0.0,0.0,30.0,0.0,0.0,0.0,0.0
4521,28.2337184,0.0,0.0,30.0,0.0,0.0,0.0,0.0
4522,28.2371006,0.0,0.0,30.0,0.0,0.0,0.0,0.0
4523,28.2407613,0.0,0.0,30.0,0.0,0.0,0.0,0.0
4524,28.2447232,0.0,0.0,30.0,0.0,0.0,0.0,0.0
4525,28.2490112,0.0,0.0,30.0,0.0,0.0,0.0,0.0
4526,28.2536518,0.0,0.0,30.0,0.0,0.0,0.0,0.0
4527,28.258674,0.0,0.0,30.0,0.0,0.0,0.0,0.0
4528,28.264109,0.0,0.0,30.0,0.0,0.0,0.0,0.0
4529,28.2699907,0.0,0.0,30.0,0.0,0.0,0.0,0.0
4530,28.2763557,0.0,0.0,30.0,0.0,0.0,0.0,0.0
4531,28.2832437,0.0,0.0,30.0,0.0,0.0,0.0,0.0
4532,28.2906975,0.0,0.0,30.0,0.0,0.0,0.0,0.0
4533,28.2987636,0.0,0.0,30.0,0.0,0.0,0.0,0.0
4534,28.3074921,0.0,0.0,30.0,0.0,0.0,0.0,0.0
4535,28.3169375,0.0,0.0,30.0,0.0,0.0,0.0,0.0
4536,28.3271586,0.0,0.0,30.0,0.0,0.0,0.0,0.0
4537,28.338219,0.0,0.0,30.0,0.0,0.0,0.0,0.0
4538,28.3501875,0.0,0.0,30.0,0.0,0.0,0.0,0.0
4539,28.3631388,0.0,0.0,30.0,0.0,0.0,0.0,0.0
4540,28.3771535,0.0,0.0,30.0,0.0,0.0,0.0,0.0
4541,28.3923188,0.0,0.0,30.0,0.0,0.0,0.0,0.0
4542,28.4087291,0.0,0.0,30.0,0.0,0.0,0.0,0.0
4543,28.4264868,0.0,0.0,30.0,0.0,0.0,0.0,0.0
4544,28.4457023,0.0,0.0,30.0,0.0,0.0,0.0,0.0
4545,28.4664952,0.0,0.0,30.0,0.0,0.0,0.0,0.0
4546,28.4889951,0.0,0.0,30.0,0.0,0.0,0.0,0.0
4547,28.5133424,0.0,0.0,30.0,0.0,0.0,0.0,0.0
4548,28.5396886,0.0,0.0,30.0,0.0,0.0,0.0,0.0
4549,28.5681959,0.0,0.0,30.0,0.0,0.0,0.0,0.0
4550,28.5990429,0.0,0.0,30.0,0.0,0.0,0.0,0.0
4551,28.6324302,0.0,0.0,30.0,0.0,0.0,0.0,0.0
4552,28.6685606,0.0,0.0,30.0,0.0,0.0,0.0,0.0
4553,28.7076164,0.0,0.0,30.0,0.0,0.0,0.0,0.0
4554,28.7498709,0.0,0.0,30.0,0.0,0.0,0.0,0.0
4555,28.795796,0.0,0.0,30.0,0.0,0.0,0.0,0.0
4556,28.8455057,0.0,0.0,30.0,0.0,0.0,0.0,0.0
4557,28.8982927,0.0,0.0,30.0,0.0,0.0,0.0,0.0
4558,28.9554461,0.0,0.0,30.0,0.0,0.0,0.0,0.0
4559,29.0222671,0.0,0.0,30.0,0.0,0.0,0.0,0.0
4560,29.0938806,0.0,0.0,30.0,0.0,0.0,0.0,0.0
4561,29.1467496,0.0,0.0,30.0,0.0,0.0,0.0,0.0
4562,29.2100097,0.0,0.0,30.0,0.0,0.0,0.0,0.0
4563,29.4000261,0.0,0.0,30.0,0.0,0.0,0.0,0.0
4564,29.5627626,0.0,0.0,30.0,0.0,0.0,0.0,0.0
4565,29.1382378,0.0,0.0,30.0,0.0,0.0,0.0,0.0
4566,29.0148373,0.0,0.0,30.0,0.0,0.0,0.0,0.0
4567,29.9065185,0.0,0.0,30.0,0.0,0.0,0.0,0.0
4568,30.0,0.0,0.0,30.0,0.0,0.0,0.0,0.0
4569,30.0,0.0,0.0,30.0,0.0,0.0,0.0,0.0
4570,23.8911054,0.0,0.0,30.0,0.0,0.0,0.0,0.0
4571,23.6889149,0.0,0.0,30.0,0.0,0.0,0.0,0.0
4572,0.0,0.0,0.0,0.0,0.0,0.0,0.0,0.0
4573,30.0,0.0,0.0,4.17190152,0.0,0.0,0.0,0.0
4574,28.6297695,0.0,0.0,6.60148259,0.0,0.0,0.0,0.0
4575,0.0,0.0,0.0,16.68928,0.0,0.0,0.0,0.0
4576,0.0,0.0,0.0,21.8568074,0.0,0.0,0.0,0.0
4577,0.0,0.0,0.0,23.2967201,0.0,0.0,0.0,0.0
4578,0.0,0.0,0.0,23.7604688,0.0,0.0,0.0,0.0
4579,0.0,0.0,0.0,24.6293481,0.0,0.0,0.0,0.0
4580,0.0,0.0,0.0,25.4445645,0.0,0.0,0.0,0.0
4581,0.0,0.0,0.0,26.0144838,0.0,0.0,0.0,0.0
4582,0.0,0.0,0.0,26.4238771,0.0,0.0,0.0,0.0
4583,0.0,0.0,0.0,26.7067737,0.0,0.0,0.0,0.0
4584,0.0,0.0,0.0,26.8536249,0.0,0.0,0.0,0.0
4585,0.0,0.0,0.0,26.8618293,0.0,0.0,0.0,0.0
4586,0.0,0.0,0.0,26.7336019,0.0,0.0,0.0,0.0
4587,0.0,0.0,0.0,26.468907,0.0,0.0,0.0,0.0
4588,0.0,0.0,0.0,26.064076,0.0,0.0,0.0,0.0
4589,0.0,0.0,0.0,25.5086411,0.0,0.0,0.0,0.0
4590,0.0,0.0,0.0,24.7984215,0.0,0.0,0.0,0.0
4591,0.0,0.0,0.0,23.960887,0.0,0.0,0.0,0.0
4592,0.0,0.0,0.0,22.9653042,0.0,0.0,0.0,0.0
4593,0.0,0.0,0.0,21.5727075,0.0,0.0,0.0,0.0
4594,0.0,0.0,0.0,19.9394657,0.0,0.0,0.0,0.0
4595,0.0,0.0,0.0,19.4813227,0.0,0.0,0.0,0.0
4596,0.0,0.0,0.0,18.8378835,0.0,0.0,0.0,0.0
4597,0.0,0.0,0.0,8.98363264,0.0,0.0,0.0,0.0
4598,0.0,0.0,0.0,0.286356857,0.0,0.0,0.0,0.0
4599,0.0,0.0,0.0,4.89029842,0.0,0.0,0.0,0.0
4600,30.0,0.0,0.0,30.0,0.0,0.0,0.0,0.0
4601,30.0,0.0,0.0,30.0,0.0,0.0,0.0,0.0
4602,30.0,0.0,0.0,30.0,0.0,0.0,0.0,0.0
4603,30.0,0.0,0.0,30.0,0.0,0.0,0.0,0.0
4604,30.0,0.0,0.0,30.0,0.0,0.0,0.0,0.0
4605,30.0,0.0,0.0,30.0,0.0,0.0,0.0,0.0
4606,23.3787873,0.0,0.0,30.0,0.0,0.0,0.0,0.0
4607,17.938675,0.0,0.0,30.0,0.0,0.0,0.0,0.0
4608,14.6922641,0.0,0.0,30.0,0.0,0.0,0.0,0.0
4609,20.2529505,0.0,0.0,30.0,0.0,0.0,0.0,0.0
4610,24.4452667,0.0,0.0,30.0,0.0,0.0,0.0,0.0
4611,29.6732231,0.0,0.0,30.0,0.0,0.0,0.0,0.0
4612,30.0,0.0,0.0,30.0,0.0,0.0,0.0,0.0
4613,30.0,0.0,0.0,30.0,0.0,0.0,0.0,0.0
4614,30.0,0.0,0.0,30.0,0.0,0.0,0.0,0.0
4615,30.0,0.0,0.0,30.0,0.0,0.0,0.0,0.0
4616,30.0,0.0,0.0,30.0,0.0,0.0,0.0,0.0
4617,30.0,0.0,0.0,30.0,0.0,0.0,0.0,0.0
4618,30.0,0.0,0.0,30.0,0.0,0.0,0.0,0.0
4619,30.0,0.0,0.0,30.0,0.0,0.0,0.0,0.0
4620,28.8659729,0.0,0.0,30.0,0.0,0.0,0.0,0.0
4621,28.8891927,0.0,0.0,30.0,0.0,0.0,0.0,0.0
4622,29.0168359,0.0,0.0,30.0,0.0,0.0,0.0,0.0
4623,28.598468,0.0,0.0,30.0,0.0,0.0,0.0,0.0
4624,28.5493318,0.0,0.0,30.0,0.0,0.0,0.0,0.0
4625,28.5940176,0.0,0.0,30.0,0.0,0.0,0.0,0.0
4626,28.5657193,0.0,0.0,30.0,0.0,0.0,0.0,0.0
4627,28.5228926,0.0,0.0,30.0,0.0,0.0,0.0,0.0
4628,28.4976939,0.0,0.0,30.0,0.0,0.0,0.0,0.0
4629,28.4774592,0.0,0.0,30.0,0.0,0.0,0.0,0.0
4630,28.4557971,0.0,0.0,30.0,0.0,0.0,0.0,0.0
4631,28.4352267,0.0,0.0,30.0,0.0,0.0,0.0,0.0
4632,28.4168255,0.0,0.0,30.0,0.0,0.0,0.0,0.0
4633,28.3999185,0.0,0.0,30.0,0.0,0.0,0.0,0.0
4634,28.3841694,0.0,0.0,30.0,0.0,0.0,0.0,0.0
4635,28.3695979,0.0,0.0,30.0,0.0,0.0,0.0,0.0
4636,28.3561575,0.0,0.0,30.0,0.0,0.0,0.0,0.0
4637,28.3437397,0.0,0.0,30.0,0.0,0.0,0.0,0.0
4638,28.3322589,0.0,0.0,30.0,0.0,0.0,0.0,0.0
4639,28.3216486,0.0,0.0,30.0,0.0,0.0,0.0,0.0
4640,28.3118445,0.0,0.0,30.0,0.0,0.0,0.0,0.0
4641,28.3027843,0.0,0.0,30.0,0.0,0.0,0.0,0.0
4642,28.2944114,0.0,0.0,30.0,0.0,0.0,0.0,0.0
4643,28.2866739,0.0,0.0,30.0,0.0,0.0,0.0,0.0
4644,28.2795236,0.0,0.0,30.0,0.0,0.0,0.0,0.0
4645,28.272916,0.0,0.0,30.0,0.0,0.0,0.0,0.0
4646,28.2668098,0.0,0.0,30.0,0.0,0.0,0.0,0.0
4647,28.2611672,0.0,0.0,30.0,0.0,0.0,0.0,0.0
4648,28.2559529,0.0,0.0,30.0,0.0,0.0,0.0,0.0
4649,28.2511344,0.0,0.0,30.0,0.0,0.0,0.0,0.0
4650,28.2466819,0.0,0.0,30.0,0.0,0.0,0.0,0.0
4651,28.2425675,0.0,0.0,30.0,0.0,0.0,0.0,0.0
4652,28.2387656,0.0,0.0,30.0,0.0,0.0,0.0,0.0
4653,28.2352526,0.0,0.0,30.0,0.0,0.0,0.0,0.0
4654,28.2320066,0.0,0.0,30.0,0.0,0.0,0.0,0.0
4655,28.2290073,0.0,0.0,30.0,0.0,0.0,0.0,0.0
4656,28.2262361,0.0,0.0,30.0,0.0,0.0,0.0,0.0
4657,28.2236757,0.0,0.0,30.0,0.0,0.0,0.0,0.0
4658,28.2213103,0.0,0.0,30.0,0.0,0.0,0.0,0.0
4659,28.2191249,0.0,0.0,30.0,0.0,0.0,0.0,0.0
4660,28.2171062,0.0,0.0,30.0,0.0,0.0,0.0,0.0
4661,28.2152414,0.0,0.0,30.0,0.0,0.0,0.0,0.0
4662,28.213519,0.0,0.0,30.0,0.0,0.0,0.0,0.0
4663,28.2119282,0.0,0.0,30.0,0.0,0.0,0.0,0.0
4664,28.2104591,0.0,0.0,30.0,0.0,0.0,0.0,0.0
4665,28.2091026,0.0,0.0,30.0,0.0,0.0,0.0,0.0
4666,28.2078503,0.0,0.0,30.0,0.0,0.0,0.0,0.0
4667,28.2066943,0.0,0.0,30.0,0.0,0.0,0.0,0.0
4668,28.2056274,0.0,0.0,30.0,0.0,0.0,0.0,0.0
4669,28.2046431,0.0,0.0,30.0,0.0,0.0,0.0,0.0
4670,28.203735,0.0,0.0,30.0,0.0,0.0,0.0,0.0
4671,28.2028978,0.0,0.0,30.0,0.0,0.0,0.0,0.0
4672,28.202126,0.0,0.0,30.0,0.0,0.0,0.0,0.0
4673,28.2014148,0.0,0.0,30.0,0.0,0.0,0.0,0.0
4674,28.20076,0.0,0.0,30.0,0.0,0.0,0.0,0.0
4675,28.2001573,0.0,0.0,30.0,0.0,0.0,0.0,0.0
4676,28.1996031,0.0,0.0,30.0,0.0,0.0,0.0,0.0
4677,28.1990938,0.0,0.0,30.0,0.0,0.0,0.0,0.0
4678,28.1986264,0.0,0.0,30.0,0.0,0.0,0.0,0.0
4679,28.1981978,0.0,0.0,30.0,0.0,0.0,0.0,0.0
4680,28.1978055,0.0,0.0,30.0,0.0,0.0,0.0,0.0
4681,28.1974469,0.0,0.0,30.0,0.0,0.0,0.0,0.0
4682,28.1971199,0.0,0.0,30.0,0.0,0.0,0.0,0.0
4683,28.1968225,0.0,0.0,30.0,0.0,0.0,0.0,0.0
4684,28.1965526,0.0,0.0,30.0,0.0,0.0,0.0,0.0
4685,28.1963088,0.0,0.0,30.0,0.0,0.0,0.0,0.0
4686,28.1960894,0.0,0.0,30.0,0.0,0.0,0.0,0.0
4687,28.1958931,0.0,0.0,30.0,0.0,0.0,0.0,0.0
4688,28.1957187,0.0,0.0,30.0,0.0,0.0,0.0,0.0
4689,28.1955651,0.0,0.0,30.0,0.0,0.0,0.0,0.0
4690,28.1954313,0.0,0.0,30.0,0.0,0.0,0.0,0.0
4691,28.1953165,0.0,0.0,30.0,0.0,0.0,0.0,0.0
4692,28.1952199,0.0,0.0,30.0,0.0,0.0,0.0,0.0
4693,28.1951411,0.0,0.0,30.0,0.0,0.0,0.0,0.0
4694,28.1950794,0.0,0.0,30.0,0.0,0.0,0.0,0.0
4695,28.1950346,0.0,0.0,30.0,0.0,0.0,0.0,0.0
4696,28.1950063,0.0,0.0,30.0,0.0,0.0,0.0,0.0
4697,28.1949943,0.0,0.0,30.0,0.0,0.0,0.0,0.0
4698,28.1949986,0.0,0.0,30.0,0.0,0.0,0.0,0.0
4699,28.1950192,0.0,0.0,30.0,0.0,0.0,0.0,0.0
4700,28.1950562,0.0,0.0,30.0,0.0,0.0,0.0,0.0
4701,28.1951099,0.0,0.0,30.0,0.0,0.0,0.0,0.0
4702,28.1951806,0.0,0.0,30.0,0.0,0.0,0.0,0.0
4703,28.1952687,0.0,0.0,30.0,0.0,0.0,0.0,0.0
4704,28.1953748,0.0,0.0,30.0,0.0,0.0,0.0,0.0
4705,28.1954995,0.0,0.0,30.0,0.0,0.0,0.0,0.0
4706,28.1956437,0.0,0.0,30.0,0.0,0.0,0.0,0.0
4707,28.1958082,0.0,0.0,30.0,0.0,0.0,0.0,0.0
4708,28.195994,0.0,0.0,30.0,0.0,0.0,0.0,0.0
4709,28.1962023,0.0,0.0,30.0,0.0,0.0,0.0,0.0
4710,28.1964344,0.0,0.0,30.0,0.0,0.0,0.0,0.0
4711,28.1966918,0.0,0.0,30.0,0.0,0.0,0.0,0.0
4712,28.196976,0.0,0.0,30.0,0.0,0.0,0.0,0.0
4713,28.1972888,0.0,0.0,30.0,0.0,0.0,0.0,0.0
4714,28.1976322,0.0,0.0,30.0,0.0,0.0,0.0,0.0
4715,28.1980083,0.0,0.0,30.0,0.0,0.0,0.0,0.0
4716,28.1984195,0.0,0.0,30.0,0.0,0.0,0.0,0.0
4717,28.1988682,0.0,0.0,30.0,0.0,0.0,0.0,0.0
4718,28.1993574,0.0,0.0,30.0,0.0,0.0,0.0,0.0
4719,28.1998899,0.0,0.0,30.0,0.0,0.0,0.0,0.0
4720,28.2004693,0.0,0.0,30.0,0.0,0.0,0.0,0.0
4721,28.201099,0.0,0.0,30.0,0.0,0.0,0.0,0.0
4722,28.2017831,0.0,0.0,30.0,0.0,0.0,0.0,0.0
4723,28.2025256,0.0,0.0,30.0,0.0,0.0,0.0,0.0
4724,28.2033314,0.0,0.0,30.0,0.0,0.0,0.0,0.0
4725,28.2042053,0.0,0.0,30.0,0.0,0.0,0.0,0.0
4726,28.2051529,0.0,0.0,30.0,0.0,0.0,0.0,0.0
4727,28.2061801,0.0,0.0,30.0,0.0,0.0,0.0,0.0
4728,28.2072931,0.0,0.0,30.0,0.0,0.0,0.0,0.0
4729,28.2084991,0.0,0.0,30.0,0.0,0.0,0.0,0.0
4730,28.2098054,0.0,0.0,30.0,0.0,0.0,0.0,0.0
4731,28.2112202,0.0,0.0,30.0,0.0,0.0,0.0,0.0
4732,28.2127523,0.0,0.0,30.0,0.0,0.0,0.0,0.0
4733,28.2144114,0.0,0.0,30.0,0.0,0.0,0.0,0.0
4734,28.2162076,0.0,0.0,30.0,0.0,0.0,0.0,0.0
4735,28.2181522,0.0,0.0,30.0,0.0,0.0,0.0,0.0
4736,28.2202573,0.0,0.0,30.0,0.0,0.0,0.0,0.0
4737,28.222536,0.0,0.0,30.0,0.0,0.0,0.0,0.0
4738,28.2250025,0.0,0.0,30.0,0.0,0.0,0.0,0.0
4739,28.2276721,0.0,0.0,30.0,0.0,0.0,0.0,0.0
4740,28.2305616,0.0,0.0,30.0,0.0,0.0,0.0,0.0
4741,28.2336888,0.0,0.0,30.0,0.0,0.0,0.0,0.0
4742,28.2370732,0.0,0.0,30.0,0.0,0.0,0.0,0.0
4743,28.240736,0.0,0.0,30.0,0.0,0.0,0.0,0.0
4744,28.2446999,0.0,0.0,30.0,0.0,0.0,0.0,0.0
4745,28.2489896,0.0,0.0,30.0,0.0,0.0,0.0,0.0
4746,28.2536319,0.0,0.0,30.0,0.0,0.0,0.0,0.0
4747,28.2586556,0.0,0.0,30.0,0.0,0.0,0.0,0.0
4748,28.264092,0.0,0.0,30.0,0.0,0.0,0.0,0.0
4749,28.269975,0.0,0.0,30.0,0.0,0.0,0.0,0.0
4750,28.2763412,0.0,0.0,30.0,0.0,0.0,0.0,0.0
4751,28.2832303,0.0,0.0,30.0,0.0,0.0,0.0,0.0
4752,28.2906851,0.0,0.0,30.0,0.0,0.0,0.0,0.0
4753,28.2987521,0.0,0.0,30.0,0.0,0.0,0.0,0.0
4754,28.3074815,0.0,0.0,30.0,0.0,0.0,0.0,0.0
4755,28.3169277,0.0,0.0,30.0,0.0,0.0,0.0,0.0
4756,28.3271496,0.0,0.0,30.0,0.0,0.0,0.0,0.0
4757,28.3382106,0.0,0.0,30.0,0.0,0.0,0.0,0.0
4758,28.3501798,0.0,0.0,30.0,0.0,0.0,0.0,0.0
4759,28.3631317,0.0,0.0,30.0,0.0,0.0,0.0,0.0
4760,28.3771469,0.0,0.0,30.0,0.0,0.0,0.0,0.0
4761,28.3923127,0.0,0.0,30.0,0.0,0.0,0.0,0.0
4762,28.4087235,0.0,0.0,30.0,0.0,0.0,0.0,0.0
4763,28.4264816,0.0,0.0,30.0,0.0,0.0,0.0,0.0
4764,28.4456975,0.0,0.0,30.0,0.0,0.0,0.0,0.0
4765,28.4664908,0.0,0.0,30.0,0.0,0.0,0.0,0.0
4766,28.488991,0.0,0.0,30.0,0.0,0.0,0.0,0.0
4767,28.5133386,0.0,0.0,30.0,0.0,0.0,0.0,0.0
4768,28.5396851,0.0,0.0,30.0,0.0,0.0,0.0,0.0
4769,28.5681927,0.0,0.0,30.0,0.0,0.0,0.0,0.0
4770,28.5990399,0.0,0.0,30.0,0.0,0.0,0.0,0.0
4771,28.6324274,0.0,0.0,30.0,0.0,0.0,0.0,0.0
4772,28.668558,0.0,0.0,30.0,0.0,0.0,0.0,0.0
4773,28.707614,0.0,0.0,30.0,0.0,0.0,0.0,0.0
4774,28.7498688,0.0,0.0,30.0,0.0,0.0,0.0,0.0
4775,28.795794,0.0,0.0,30.0,0.0,0.0,0.0,0.0
4776,28.8455039,0.0,0.0,30.0,0.0,0.0,0.0,0.0
4777,28.8982911,0.0,0.0,30.0,0.0,0.0,0.0,0.0
4778,28.9554446,0.0,0.0,30.0,0.0,0.0,0.0,0.0
4779,29.0222657,0.0,0.0,30.0,0.0,0.0,0.0,0.0
4780,29.0938794,0.0,0.0,30.0,0.0,0.0,0.0,0.0
4781,29.1467484,0.0,0.0,30.0,0.0,0.0,0.0,0.0
4782,29.2100086,0.0,0.0,30.0,0.0,0.0,0.0,0.0
4783,29.4000251,0.0,0.0,30.0,0.0,0.0,0.0,0.0
4784,29.5627617,0.0,0.0,30.0,0.0,0.0,0.0,0.0
4785,29.1382371,0.0,0.0,30.0,0.0,0.0,0.0,0.0
4786,29.0148365,0.0,0.0,30.0,0.0,0.0,0.0,0.0
4787,29.9065178,0.0,0.0,30.0,0.0,0.0,0.0,0.0
4788,30.0,0.0,0.0,30.0,0.0,0.0,0.0,0.0
4789,30.0,0.0,0.0,30.0,0.0,0.0,0.0,0.0
4790,23.891103,0.0,0.0,30.0,0.0,0.0,0.0,0.0
4791,23.6889133,0.0,0.0,30.0,0.0,0.0,0.0,0.0
4792,0.0,0.0,0.0,0.0,0.0,0.0,0.0,0.0
4793,30.0,0.0,0.0,3.96614481,0.0,0.0,0.0,0.0
4794,21.2353257,0.0,0.0,8.89237594,0.0,0.0,0.0,0.0
4795,0.0,0.0,0.0,16.2064358,0.0,0.0,0.0,0.0
4796,0.0,0.0,0.0,21.2830735,0.0,0.0,0.0,0.0
4797,0.0,0.0,0.0,22.6533876,0.0,0.0,0.0,0.0
4798,0.0,0.0,0.0,23.0460551,0.0,0.0,0.0,0.0
4799,0.0,0.0,0.0,23.828691,0.0,0.0,0.0,0.0
4800,0.0,0.0,0.0,24.5474817,0.0,0.0,0.0,0.0
4801,0.0,0.0,0.0,25.0114795,0.0,0.0,0.0,0.0
4802,0.0,0.0,0.0,25.3032495,0.0,0.0,0.0,0.0
4803,0.0,0.0,0.0,25.4551974,0.0,0.0,0.0,0.0
4804,0.0,0.0,0.0,25.456262,0.0,0.0,0.0,0.0
4805,0.0,0.0,0.0,25.302067,0.0,0.0,0.0,0.0
4806,0.0,0.0,0.0,24.9937423,0.0,0.0,0.0,0.0
4807,0.0,0.0,0.0,24.5295942,0.0,0.0,0.0,0.0
4808,0.0,0.0,0.0,23.8980444,0.0,0.0,0.0,0.0
4809,0.0,0.0,0.0,23.0838893,0.0,0.0,0.0,0.0
4810,0.0,0.0,0.0,22.1161125,0.0,0.0,0.0,0.0
4811,0.0,0.0,0.0,21.0263701,0.0,0.0,0.0,0.0
4812,0.0,0.0,0.0,19.5464488,0.0,0.0,0.0,0.0
4813,0.0,0.0,0.0,17.4247227,0.0,0.0,0.0,0.0
4814,0.0,0.0,0.0,16.3211561,0.0,0.0,0.0,0.0
4815,0.0,0.0,0.0,17.4294996,0.0,0.0,0.0,0.0
4816,0.0,0.0,0.0,13.1226371,0.0,0.0,0.0,0.0
4817,0.0,0.0,0.0,0.0,0.0,0.0,0.0,0.0
4818,0.0,0.0,0.0,0.0,0.0,0.0,0.0,0.0
4819,0.0,0.0,0.0,0.0,0.0,0.0,0.0,0.0
4820,30.0,0.0,0.0,30.0,0.0,0.0,0.0,0.0
4821,30.0,0.0,0.0,30.0,0.0,0.0,0.0,0.0
4822,30.0,0.0,0.0,30.0,0.0,0.0,0.0,0.0
4823,30.0,0.0,0.0,30.0,0.0,0.0,0.0,0.0
4824,30.0,0.0,0.0,30.0,0.0,0.0,0.0,0.0
4825,30.0,0.0,0.0,30.0,0.0,0.0,0.0,0.0
4826,30.0,0.0,0.0,30.0,0.0,0.0,0.0,0.0
4827,30.0,0.0,0.0,30.0,0.0,0.0,0.0,0.0
4828,26.3706323,0.0,0.0,30.0,0.0,0.0,0.0,0.0
4829,21.3760711,0.0,0.0,30.0,0.0,0.0,0.0,0.0
4830,22.2628093,0.0,0.0,30.0,0.0,0.0,0.0,0.0
4831,26.4922307,0.0,0.0,30.0,0.0,0.0,0.0,0.0
4832,18.196877,0.0,0.0,30.0,0.0,0.0,0.0,0.0
4833,18.1316768,0.0,0.0,30.0,0.0,0.0,0.0,0.0
4834,28.1178562,0.0,0.0,30.0,0.0,0.0,0.0,0.0
4835,30.0,0.0,0.0,30.0,0.0,0.0,0.0,0.0
4836,30.0,0.0,0.0,30.0,0.0,0.0,0.0,0.0
4837,30.0,0.0,0.0,30.0,0.0,0.0,0.0,0.0
4838,30.0,0.0,0.0,30.0,0.0,0.0,0.0,0.0
4839,30.0,0.0,0.0,30.0,0.0,0.0,0.0,0.0
4840,28.4454687,0.0,0.0,30.0,0.0,0.0,0.0,0.0
4841,28.1778277,0.0,0.0,30.0,0.0,0.0,0.0,0.0
4842,28.3437775,0.0,0.0,30.0,0.0,0.0,0.0,0.0
4843,28.1119474,0.0,0.0,30.0,0.0,0.0,0.0,0.0
4844,28.0978062,0.0,0.0,30.0,0.0,0.0,0.0,0.0
4845,28.1495548,0.0,0.0,30.0,0.0,0.0,0.0,0.0
4846,28.1559375,0.0,0.0,30.0,0.0,0.0,0.0,0.0
4847,28.1496542,0.0,0.0,30.0,0.0,0.0,0.0,0.0
4848,28.152458,0.0,0.0,30.0,0.0,0.0,0.0,0.0
4849,28.1573196,0.0,0.0,30.0,0.0,0.0,0.0,0.0
4850,28.160029,0.0,0.0,30.0,0.0,0.0,0.0,0.0
4851,28.1621137,0.0,0.0,30.0,0.0,0.0,0.0,0.0
4852,28.1644086,0.0,0.0,30.0,0.0,0.0,0.0,0.0
4853,28.1666061,0.0,0.0,30.0,0.0,0.0,0.0,0.0
4854,28.1685612,0.0,0.0,30.0,0.0,0.0,0.0,0.0
4855,28.1703543,0.0,0.0,30.0,0.0,0.0,0.0,0.0
4856,28.172027,0.0,0.0,30.0,0.0,0.0,0.0,0.0
4857,28.1735755,0.0,0.0,30.0,0.0,0.0,0.0,0.0
4858,28.1750034,0.0,0.0,30.0,0.0,0.0,0.0,0.0
4859,28.1763228,0.0,0.0,30.0,0.0,0.0,0.0,0.0
4860,28.1775428,0.0,0.0,30.0,0.0,0.0,0.0,0.0
4861,28.1786706,0.0,0.0,30.0,0.0,0.0,0.0,0.0
4862,28.1797129,0.0,0.0,30.0,0.0,0.0,0.0,0.0
4863,28.1806763,0.0,0.0,30.0,0.0,0.0,0.0,0.0
4864,28.1815669,0.0,0.0,30.0,0.0,0.0,0.0,0.0
4865,28.1823902,0.0,0.0,30.0,0.0,0.0,0.0,0.0
4866,28.1831512,0.0,0.0,30.0,0.0,0.0,0.0,0.0
4867,28.1838548,0.0,0.0,30.0,0.0,0.0,0.0,0.0
4868,28.1845054,0.0,0.0,30.0,0.0,0.0,0.0,0.0
4869,28.1851069,0.0,0.0,30.0,0.0,0.0,0.0,0.0
4870,28.1856631,0.0,0.0,30.0,0.0,0.0,0.0,0.0
4871,28.1861776,0.0,0.0,30.0,0.0,0.0,0.0,0.0
4872,28.1866534,0.0,0.0,30.0,0.0,0.0,0.0,0.0
4873,28.1870936,0.0,0.0,30.0,0.0,0.0,0.0,0.0
4874,28.1875008,0.0,0.0,30.0,0.0,0.0,0.0,0.0
4875,28.1878777,0.0,0.0,30.0,0.0,0.0,0.0,0.0
4876,28.1882266,0.0,0.0,30.0,0.0,0.0,0.0,0.0
4877,28.1885496,0.0,0.0,30.0,0.0,0.0,0.0,0.0
4878,28.1888488,0.0,0.0,30.0,0.0,0.0,0.0,0.0
4879,28.189126,0.0,0.0,30.0,0.0,0.0,0.0,0.0
4880,28.1893829,0.0,0.0,30.0,0.0,0.0,0.0,0.0
4881,28.1896212,0.0,0.0,30.0,0.0,0.0,0.0,0.0
4882,28.1898423,0.0,0.0,30.0,0.0,0.0,0.0,0.0
4883,28.1900476,0.0,0.0,30.0,0.0,0.0,0.0,0.0
4884,28.1902384,0.0,0.0,30.0,0.0,0.0,0.0,0.0
4885,28.1904158,0.0,0.0,30.0,0.0,0.0,0.0,0.0
4886,28.1905811,0.0,0.0,30.0,0.0,0.0,0.0,0.0
4887,28.1907351,0.0,0.0,30.0,0.0,0.0,0.0,0.0
4888,28.1908789,0.0,0.0,30.0,0.0,0.0,0.0,0.0
4889,28.1910133,0.0,0.0,30.0,0.0,0.0,0.0,0.0
4890,28.1911393,0.0,0.0,30.0,0.0,0.0,0.0,0.0
4891,28.1912575,0.0,0.0,30.0,0.0,0.0,0.0,0.0
4892,28.1913687,0.0,0.0,30.0,0.0,0.0,0.0,0.0
4893,28.1914737,0.0,0.0,30.0,0.0,0.0,0.0,0.0
4894,28.1915729,0.0,0.0,30.0,0.0,0.0,0.0,0.0
4895,28.1916672,0.0,0.0,30.0,0.0,0.0,0.0,0.0
4896,28.191757,0.0,0.0,30.0,0.0,0.0,0.0,0.0
4897,28.191843,0.0,0.0,30.0,0.0,0.0,0.0,0.0
4898,28.1919256,0.0,0.0,30.0,0.0,0.0,0.0,0.0
4899,28.1920053,0.0,0.0,30.0,0.0,0.0,0.0,0.0
4900,28.1920828,0.0,0.0,30.0,0.0,0.0,0.0,0.0
4901,28.1921584,0.0,0.0,30.0,0.0,0.0,0.0,0.0
4902,28.1922325,0.0,0.0,30.0,0.0,0.0,0.0,0.0
4903,28.1923058,0.0,0.0,30.0,0.0,0.0,0.0,0.0
4904,28.1923786,0.0,0.0,30.0,0.0,0.0,0.0,0.0
4905,28.1924514,0.0,0.0,30.0,0.0,0.0,0.0,0.0
4906,28.1925247,0.0,0.0,30.0,0.0,0.0,0.0,0.0
4907,28.1925988,0.0,0.0,30.0,0.0,0.0,0.0,0.0
4908,28.1926743,0.0,0.0,30.0,0.0,0.0,0.0,0.0
4909,28.1927516,0.0,0.0,30.0,0.0,0.0,0.0,0.0
4910,28.1928313,0.0,0.0,30.0,0.0,0.0,0.0,0.0
4911,28.1929137,0.0,0.0,30.0,0.0,0.0,0.0,0.0
4912,28.1929994,0.0,0.0,30.0,0.0,0.0,0.0,0.0
4913,28.193089,0.0,0.0,30.0,0.0,0.0,0.0,0.0
4914,28.1931831,0.0,0.0,30.0,0.0,0.0,0.0,0.0
4915,28.1932821,0.0,0.0,30.0,0.0,0.0,0.0,0.0
4916,28.1933867,0.0,0.0,30.0,0.0,0.0,0.0,0.0
4917,28.1934976,0.0,0.0,30.0,0.0,0.0,0.0,0.0
4918,28.1936154,0.0,0.0,30.0,0.0,0.0,0.0,0.0
4919,28.193741,0.0,0.0,30.0,0.0,0.0,0.0,0.0
4920,28.193875,0.0,0.0,30.0,0.0,0.0,0.0,0.0
4921,28.1940183,0.0,0.0,30.0,0.0,0.0,0.0,0.0
4922,28.1941718,0.0,0.0,30.0,0.0,0.0,0.0,0.0
4923,28.1943364,0.0,0.0,30.0,0.0,0.0,0.0,0.0
4924,28.1945132,0.0,0.0,30.0,0.0,0.0,0.0,0.0
4925,28.1947033,0.0,0.0,30.0,0.0,0.0,0.0,0.0
4926,28.1949079,0.0,0.0,30.0,0.0,0.0,0.0,0.0
4927,28.1951282,0.0,0.0,30.0,0.0,0.0,0.0,0.0
4928,28.1953656,0.0,0.0,30.0,0.0,0.0,0.0,0.0
4929,28.1956216,0.0,0.0,30.0,0.0,0.0,0.0,0.0
4930,28.1958978,0.0,0.0,30.0,0.0,0.0,0.0,0.0
4931,28.1961959,0.0,0.0,30.0,0.0,0.0,0.0,0.0
4932,28.1965177,0.0,0.0,30.0,0.0,0.0,0.0,0.0
4933,28.1968653,0.0,0.0,30.0,0.0,0.0,0.0,0.0
4934,28.1972408,0.0,0.0,30.0,0.0,0.0,0.0,0.0
4935,28.1976466,0.0,0.0,30.0,0.0,0.0,0.0,0.0
4936,28.1980852,0.0,0.0,30.0,0.0,0.0,0.0,0.0
4937,28.1985593,0.0,0.0,30.0,0.0,0.0,0.0,0.0
4938,28.1990719,0.0,0.0,30.0,0.0,0.0,0.0,0.0
4939,28.1996261,0.0,0.0,30.0,0.0,0.0,0.0,0.0
4940,28.2002255,0.0,0.0,30.0,0.0,0.0,0.0,0.0
4941,28.2008737,0.0,0.0,30.0,0.0,0.0,0.0,0.0
4942,28.2015749,0.0,0.0,30.0,0.0,0.0,0.0,0.0
4943,28.2023332,0.0,0.0,30.0,0.0,0.0,0.0,0.0
4944,28.2031536,0.0,0.0,30.0,0.0,0.0,0.0,0.0
4945,28.204041,0.0,0.0,30.0,0.0,0.0,0.0,0.0
4946,28.2050011,0.0,0.0,30.0,0.0,0.0,0.0,0.0
4947,28.2060397,0.0,0.0,30.0,0.0,0.0,0.0,0.0
4948,28.2071635,0.0,0.0,30.0,0.0,0.0,0.0,0.0
4949,28.2083792,0.0,0.0,30.0,0.0,0.0,0.0,0.0
4950,28.2096946,0.0,0.0,30.0,0.0,0.0,0.0,0.0
4951,28.2111179,0.0,0.0,30.0,0.0,0.0,0.0,0.0
4952,28.2126578,0.0,0.0,30.0,0.0,0.0,0.0,0.0
4953,28.214324,0.0,0.0,30.0,0.0,0.0,0.0,0.0
4954,28.2161268,0.0,0.0,30.0,0.0,0.0,0.0,0.0
4955,28.2180776,0.0,0.0,30.0,0.0,0.0,0.0,0.0
4956,28.2201883,0.0,0.0,30.0,0.0,0.0,0.0,0.0
4957,28.2224723,0.0,0.0,30.0,0.0,0.0,0.0,0.0
4958,28.2249436,0.0,0.0,30.0,0.0,0.0,0.0,0.0
4959,28.2276177,0.0,0.0,30.0,0.0,0.0,0.0,0.0
4960,28.2305113,0.0,0.0,30.0,0.0,0.0,0.0,0.0
4961,28.2336423,0.0,0.0,30.0,0.0,0.0,0.0,0.0
4962,28.2370303,0.0,0.0,30.0,0.0,0.0,0.0,0.0
4963,28.2406963,0.0,0.0,30.0,0.0,0.0,0.0,0.0
4964,28.2446632,0.0,0.0,30.0,0.0,0.0,0.0,0.0
4965,28.2489557,0.0,0.0,30.0,0.0,0.0,0.0,0.0
4966,28.2536006,0.0,0.0,30.0,0.0,0.0,0.0,0.0
4967,28.2586266,0.0,0.0,30.0,0.0,0.0,0.0,0.0
4968,28.2640653,0.0,0.0,30.0,0.0,0.0,0.0,0.0
4969,28.2699503,0.0,0.0,30.0,0.0,0.0,0.0,0.0
4970,28.2763184,0.0,0.0,30.0,0.0,0.0,0.0,0.0
4971,28.2832092,0.0,0.0,30.0,0.0,0.0,0.0,0.0
4972,28.2906656,0.0,0.0,30.0,0.0,0.0,0.0,0.0
4973,28.2987341,0.0,0.0,30.0,0.0,0.0,0.0,0.0
4974,28.3074649,0.0,0.0,30.0,0.0,0.0,0.0,0.0
4975,28.3169124,0.0,0.0,30.0,0.0,0.0,0.0,0.0
4976,28.3271354,0.0,0.0,30.0,0.0,0.0,0.0,0.0
4977,28.3381975,0.0,0.0,30.0,0.0,0.0,0.0,0.0
4978,28.3501677,0.0,0.0,30.0,0.0,0.0,0.0,0.0
4979,28.3631205,0.0,0.0,30.0,0.0,0.0,0.0,0.0
4980,28.3771365,0.0,0.0,30.0,0.0,0.0,0.0,0.0
4981,28.3923031,0.0,0.0,30.0,0.0,0.0,0.0,0.0
4982,28.4087147,0.0,0.0,30.0,0.0,0.0,0.0,0.0
4983,28.4264734,0.0,0.0,30.0,0.0,0.0,0.0,0.0
4984,28.4456899,0.0,0.0,30.0,0.0,0.0,0.0,0.0
4985,28.4664838,0.0,0.0,30.0,0.0,0.0,0.0,0.0
4986,28.4889846,0.0,0.0,30.0,0.0,0.0,0.0,0.0
4987,28.5133327,0.0,0.0,30.0,0.0,0.0,0.0,0.0
4988,28.5396796,0.0,0.0,30.0,0.0,0.0,0.0,0.0
4989,28.5681877,0.0,0.0,30.0,0.0,0.0,0.0,0.0
4990,28.5990353,0.0,0.0,30.0,0.0,0.0,0.0,0.0
4991,28.6324232,0.0,0.0,30.0,0.0,0.0,0.0,0.0
4992,28.6685541,0.0,0.0,30.0,0.0,0.0,0.0,0.0
4993,28.7076104,0.0,0.0,30.0,0.0,0.0,0.0,0.0
4994,28.7498654,0.0,0.0,30.0,0.0,0.0,0.0,0.0
4995,28.7957909,0.0,0.0,30.0,0.0,0.0,0.0,0.0
4996,28.8455011,0.0,0.0,30.0,0.0,0.0,0.0,0.0
4997,28.8982884,0.0,0.0,30.0,0.0,0.0,0.0,0.0
4998,28.9554422,0.0,0.0,30.0,0.0,0.0,0.0,0.0
4999,29.0222635,0.0,0.0,30.0,0.0,0.0,0.0,0.0
5000,29.0938774,0.0,0.0,30.0,0.0,0.0,0.0,0.0
5001,29.1467465,0.0,0.0,30.0,0.0,0.0,0.0,0.0
5002,29.2100069,0.0,0.0,30.0,0.0,0.0,0.0,0.0
5003,29.4000236,0.0,0.0,30.0,0.0,0.0,0.0,0.0
5004,29.5627604,0.0,0.0,30.0,0.0,0.0,0.0,0.0
5005,29.138236,0.0,0.0,30.0,0.0,0.0,0.0,0.0
5006,29.0148353,0.0,0.0,30.0,0.0,0.0,0.0,0.0
5007,29.9065165,0.0,0.0,30.0,0.0,0.0,0.0,0.0
5008,30.0,0.0,0.0,30.0,0.0,0.0,0.0,0.0
5009,30.0,0.0,0.0,30.0,0.0,0.0,0.0,0.0
5010,23.8910993,0.0,0.0,30.0,0.0,0.0,0.0,0.0
5011,23.6889107,0.0,0.0,30.0,0.0,0.0,0.0,0.0
5012,0.0,0.0,0.0,0.0,0.0,0.0,0.0,0.0
5013,30.0,0.0,0.0,4.24215555,0.0,0.0,0.0,0.0
5014,30.0,0.0,0.0,6.21558261,0.0,0.0,0.0,0.0
5015,0.0,0.0,0.0,16.821143,0.0,0.0,0.0,0.0
5016,0.0,0.0,0.0,22.0224509,0.0,0.0,0.0,0.0
5017,0.0,0.0,0.0,23.4858191,0.0,0.0,0.0,0.0
5018,0.0,0.0,0.0,23.9723774,0.0,0.0,0.0,0.0
5019,0.0,0.0,0.0,24.8689566,0.0,0.0,0.0,0.0
5020,0.0,0.0,0.0,25.7150738,0.0,0.0,0.0,0.0
5021,0.0,0.0,0.0,26.3186973,0.0,0.0,0.0,0.0
5022,0.0,0.0,0.0,26.7653254,0.0,0.0,0.0,0.0
5023,0.0,0.0,0.0,27.0895284,0.0,0.0,0.0,0.0
5024,0.0,0.0,0.0,27.2822035,0.0,0.0,0.0,0.0
5025,0.0,0.0,0.0,27.3413161,0.0,0.0,0.0,0.0
5026,0.0,0.0,0.0,27.2695901,0.0,0.0,0.0,0.0
5027,0.0,0.0,0.0,27.0673952,0.0,0.0,0.0,0.0
5028,0.0,0.0,0.0,26.7324818,0.0,0.0,0.0,0.0
5029,0.0,0.0,0.0,26.256775,0.0,0.0,0.0,0.0
5030,0.0,0.0,0.0,25.6323564,0.0,0.0,0.0,0.0
5031,0.0,0.0,0.0,24.8783767,0.0,0.0,0.0,0.0
5032,0.0,0.0,0.0,23.9967867,0.0,0.0,0.0,0.0
5033,0.0,0.0,0.0,22.8047231,0.0,0.0,0.0,0.0
5034,0.0,0.0,0.0,21.247438,0.0,0.0,0.0,0.0
5035,0.0,0.0,0.0,20.4247573,0.0,0.0,0.0,0.0
5036,0.0,0.0,0.0,20.4007986,0.0,0.0,0.0,0.0
5037,0.0,0.0,0.0,13.9581131,0.0,0.0,0.0,0.0
5038,0.0,0.0,0.0,1.89195953,0.0,0.0,0.0,0.0
5039,0.0,0.0,0.0,5.90614328,0.0,0.0,0.0,0.0
5040,30.0,0.0,0.0,30.0,0.0,0.0,0.0,0.0
5041,30.0,0.0,0.0,30.0,0.0,0.0,0.0,0.0
5042,30.0,0.0,0.0,30.0,0.0,0.0,0.0,0.0
5043,30.0,0.0,0.0,30.0,0.0,0.0,0.0,0.0
5044,30.0,0.0,0.0,30.0,0.0,0.0,0.0,0.0
5045,30.0,0.0,0.0,30.0,0.0,0.0,0.0,0.0
5046,30.0,0.0,0.0,30.0,0.0,0.0,0.0,0.0
5047,30.0,0.0,0.0,30.0,0.0,0.0,0.0,0.0
5048,30.0,0.0,0.0,30.0,0.0,0.0,0.0,0.0
5049,30.0,0.0,0.0,30.0,0.0,0.0,0.0,0.0
5050,30.0,0.0,0.0,30.0,0.0,0.0,0.0,0.0
5051,30.0,0.0,0.0,30.0,0.0,0.0,0.0,0.0
5052,28.7631917,0.0,0.0,30.0,0.0,0.0,0.0,0.0
5053,23.5071464,0.0,0.0,30.0,0.0,0.0,0.0,0.0
5054,24.4810295,0.0,0.0,30.0,0.0,0.0,0.0,0.0
5055,30.0,0.0,0.0,30.0,0.0,0.0,0.0,0.0
5056,30.0,0.0,0.0,30.0,0.0,0.0,0.0,0.0
5057,30.0,0.0,0.0,30.0,0.0,0.0,0.0,0.0
5058,30.0,0.0,0.0,30.0,0.0,0.0,0.0,0.0
5059,30.0,0.0,0.0,30.0,0.0,0.0,0.0,0.0
5060,29.3428211,0.0,0.0,30.0,0.0,0.0,0.0,0.0
5061,28.9123013,0.0,0.0,30.0,0.0,0.0,0.0,0.0
5062,28.8323665,0.0,0.0,30.0,0.0,0.0,0.0,0.0
5063,28.6408366,0.0,0.0,30.0,0.0,0.0,0.0,0.0
5064,28.6215593,0.0,0.0,30.0,0.0,0.0,0.0,0.0
5065,28.6172925,0.0,0.0,30.0,0.0,0.0,0.0,0.0
5066,28.5814906,0.0,0.0,30.0,0.0,0.0,0.0,0.0
5067,28.5463496,0.0,0.0,30.0,0.0,0.0,0.0,0.0
5068,28.5203377,0.0,0.0,30.0,0.0,0.0,0.0,0.0
5069,28.496575,0.0,0.0,30.0,0.0,0.0,0.0,0.0
5070,28.4733069,0.0,0.0,30.0,0.0,0.0,0.0,0.0
5071,28.4517763,0.0,0.0,30.0,0.0,0.0,0.0,0.0
5072,28.4321432,0.0,0.0,30.0,0.0,0.0,0.0,0.0
5073,28.4139995,0.0,0.0,30.0,0.0,0.0,0.0,0.0
5074,28.3971791,0.0,0.0,30.0,0.0,0.0,0.0,0.0
5075,28.3816359,0.0,0.0,30.0,0.0,0.0,0.0,0.0
5076,28.3672826,0.0,0.0,30.0,0.0,0.0,0.0,0.0
5077,28.3540178,0.0,0.0,30.0,0.0,0.0,0.0,0.0
5078,28.3417573,0.0,0.0,30.0,0.0,0.0,0.0,0.0
5079,28.3304271,0.0,0.0,30.0,0.0,0.0,0.0,0.0
5080,28.319957,0.0,0.0,30.0,0.0,0.0,0.0,0.0
5081,28.3102813,0.0,0.0,30.0,0.0,0.0,0.0,0.0
5082,28.3013398,0.0,0.0,30.0,0.0,0.0,0.0,0.0
5083,28.2930767,0.0,0.0,30.0,0.0,0.0,0.0,0.0
5084,28.2854407,0.0,0.0,30.0,0.0,0.0,0.0,0.0
5085,28.2783842,0.0,0.0,30.0,0.0,0.0,0.0,0.0
5086,28.2718632,0.0,0.0,30.0,0.0,0.0,0.0,0.0
5087,28.2658372,0.0,0.0,30.0,0.0,0.0,0.0,0.0
5088,28.2602687,0.0,0.0,30.0,0.0,0.0,0.0,0.0
5089,28.2551228,0.0,0.0,30.0,0.0,0.0,0.0,0.0
5090,28.2503677,0.0,0.0,30.0,0.0,0.0,0.0,0.0
5091,28.2459737,0.0,0.0,30.0,0.0,0.0,0.0,0.0
5092,28.2419135,0.0,0.0,30.0,0.0,0.0,0.0,0.0
5093,28.2381617,0.0,0.0,30.0,0.0,0.0,0.0,0.0
5094,28.234695,0.0,0.0,30.0,0.0,0.0,0.0,0.0
5095,28.2314918,0.0,0.0,30.0,0.0,0.0,0.0,0.0
5096,28.2285321,0.0,0.0,30.0,0.0,0.0,0.0,0.0
5097,28.2257976,0.0,0.0,30.0,0.0,0.0,0.0,0.0
5098,28.2232711,0.0,0.0,30.0,0.0,0.0,0.0,0.0
5099,28.2209371,0.0,0.0,30.0,0.0,0.0,0.0,0.0
5100,28.2187809,0.0,0.0,30.0,0.0,0.0,0.0,0.0
5101,28.216789,0.0,0.0,30.0,0.0,0.0,0.0,0.0
5102,28.2149492,0.0,0.0,30.0,0.0,0.0,0.0,0.0
5103,28.2132499,0.0,0.0,30.0,0.0,0.0,0.0,0.0
5104,28.2116806,0.0,0.0,30.0,0.0,0.0,0.0,0.0
5105,28.2102315,0.0,0.0,30.0,0.0,0.0,0.0,0.0
5106,28.2088935,0.0,0.0,30.0,0.0,0.0,0.0,0.0
5107,28.2076584,0.0,0.0,30.0,0.0,0.0,0.0,0.0
5108,28.2065184,0.0,0.0,30.0,0.0,0.0,0.0,0.0
5109,28.2054664,0.0,0.0,30.0,0.0,0.0,0.0,0.0
5110,28.204496,0.0,0.0,30.0,0.0,0.0,0.0,0.0
5111,28.203601,0.0,0.0,30.0,0.0,0.0,0.0,0.0
5112,28.2027758,0.0,0.0,30.0,0.0,0.0,0.0,0.0
5113,28.2020154,0.0,0.0,30.0,0.0,0.0,0.0,0.0
5114,28.201315,0.0,0.0,30.0,0.0,0.0,0.0,0.0
5115,28.2006702,0.0,0.0,30.0,0.0,0.0,0.0,0.0
5116,28.2000771,0.0,0.0,30.0,0.0,0.0,0.0,0.0
5117,28.1995319,0.0,0.0,30.0,0.0,0.0,0.0,0.0
5118,28.1990312,0.0,0.0,30.0,0.0,0.0,0.0,0.0
5119,28.1985719,0.0,0.0,30.0,0.0,0.0,0.0,0.0
5120,28.1981512,0.0,0.0,30.0,0.0,0.0,0.0,0.0
5121,28.1977665,0.0,0.0,30.0,0.0,0.0,0.0,0.0
5122,28.1974152,0.0,0.0,30.0,0.0,0.0,0.0,0.0
5123,28.1970954,0.0,0.0,30.0,0.0,0.0,0.0,0.0
5124,28.1968048,0.0,0.0,30.0,0.0,0.0,0.0,0.0
5125,28.1965419,0.0,0.0,30.0,0.0,0.0,0.0,0.0
5126,28.1963048,0.0,0.0,30.0,0.0,0.0,0.0,0.0
5127,28.1960922,0.0,0.0,30.0,0.0,0.0,0.0,0.0
5128,28.1959027,0.0,0.0,30.0,0.0,0.0,0.0,0.0
5129,28.1957351,0.0,0.0,30.0,0.0,0.0,0.0,0.0
5130,28.1955884,0.0,0.0,30.0,0.0,0.0,0.0,0.0
5131,28.1954617,0.0,0.0,30.0,0.0,0.0,0.0,0.0
5132,28.1953541,0.0,0.0,30.0,0.0,0.0,0.0,0.0
5133,28.1952651,0.0,0.0,30.0,0.0,0.0,0.0,0.0
5134,28.195194,0.0,0.0,30.0,0.0,0.0,0.0,0.0
5135,28.1951405,0.0,0.0,30.0,0.0,0.0,0.0,0.0
5136,28.1951041,0.0,0.0,30.0,0.0,0.0,0.0,0.0
5137,28.1950847,0.0,0.0,30.0,0.0,0.0,0.0,0.0
5138,28.1950822,0.0,0.0,30.0,0.0,0.0,0.0,0.0
5139,28.1950964,0.0,0.0,30.0,0.0,0.0,0.0,0.0
5140,28.1951276,0.0,0.0,30.0,0.0,0.0,0.0,0.0
5141,28.1951759,0.0,0.0,30.0,0.0,0.0,0.0,0.0
5142,28.1952416,0.0,0.0,30.0,0.0,0.0,0.0,0.0
5143,28.1953251,0.0,0.0,30.0,0.0,0.0,0.0,0.0
5144,28.1954269,0.0,0.0,30.0,0.0,0.0,0.0,0.0
5145,28.1955477,0.0,0.0,30.0,0.0,0.0,0.0,0.0
5146,28.1956882,0.0,0.0,30.0,0.0,0.0,0.0,0.0
5147,28.1958493,0.0,0.0,30.0,0.0,0.0,0.0,0.0
5148,28.196032,0.0,0.0,30.0,0.0,0.0,0.0,0.0
5149,28.1962374,0.0,0.0,30.0,0.0,0.0,0.0,0.0
5150,28.1964669,0.0,0.0,30.0,0.0,0.0,0.0,0.0
5151,28.1967218,0.0,0.0,30.0,0.0,0.0,0.0,0.0
5152,28.1970037,0.0,0.0,30.0,0.0,0.0,0.0,0.0
5153,28.1973145,0.0,0.0,30.0,0.0,0.0,0.0,0.0
5154,28.1976559,0.0,0.0,30.0,0.0,0.0,0.0,0.0
5155,28.1980302,0.0,0.0,30.0,0.0,0.0,0.0,0.0
5156,28.1984397,0.0,0.0,30.0,0.0,0.0,0.0,0.0
5157,28.1988869,0.0,0.0,30.0,0.0,0.0,0.0,0.0
5158,28.1993746,0.0,0.0,30.0,0.0,0.0,0.0,0.0
5159,28.1999059,0.0,0.0,30.0,0.0,0.0,0.0,0.0
5160,28.2004841,0.0,0.0,30.0,0.0,0.0,0.0,0.0
5161,28.2011127,0.0,0.0,30.0,0.0,0.0,0.0,0.0
5162,28.2017957,0.0,0.0,30.0,0.0,0.0,0.0,0.0
5163,28.2025373,0.0,0.0,30.0,0.0,0.0,0.0,0.0
5164,28.2033422,0.0,0.0,30.0,0.0,0.0,0.0,0.0
5165,28.2042153,0.0,0.0,30.0,0.0,0.0,0.0,0.0
5166,28.2051621,0.0,0.0,30.0,0.0,0.0,0.0,0.0
5167,28.2061886,0.0,0.0,30.0,0.0,0.0,0.0,0.0
5168,28.207301,0.0,0.0,30.0,0.0,0.0,0.0,0.0
5169,28.2085063,0.0,0.0,30.0,0.0,0.0,0.0,0.0
5170,28.2098121,0.0,0.0,30.0,0.0,0.0,0.0,0.0
5171,28.2112264,0.0,0.0,30.0,0.0,0.0,0.0,0.0
5172,28.2127581,0.0,0.0,30.0,0.0,0.0,0.0,0.0
5173,28.2144167,0.0,0.0,30.0,0.0,0.0,0.0,0.0
5174,28.2162125,0.0,0.0,30.0,0.0,0.0,0.0,0.0
5175,28.2181567,0.0,0.0,30.0,0.0,0.0,0.0,0.0
5176,28.2202615,0.0,0.0,30.0,0.0,0.0,0.0,0.0
5177,28.2225399,0.0,0.0,30.0,0.0,0.0,0.0,0.0
5178,28.2250061,0.0,0.0,30.0,0.0,0.0,0.0,0.0
5179,28.2276754,0.0,0.0,30.0,0.0,0.0,0.0,0.0
5180,28.2305646,0.0,0.0,30.0,0.0,0.0,0.0,0.0
5181,28.2336916,0.0,0.0,30.0,0.0,0.0,0.0,0.0
5182,28.2370758,0.0,0.0,30.0,0.0,0.0,0.0,0.0
5183,28.2407384,0.0,0.0,30.0,0.0,0.0,0.0,0.0
5184,28.2447021,0.0,0.0,30.0,0.0,0.0,0.0,0.0
5185,28.2489917,0.0,0.0,30.0,0.0,0.0,0.0,0.0
5186,28.2536338,0.0,0.0,30.0,0.0,0.0,0.0,0.0
5187,28.2586573,0.0,0.0,30.0,0.0,0.0,0.0,0.0
5188,28.2640936,0.0,0.0,30.0,0.0,0.0,0.0,0.0
5189,28.2699765,0.0,0.0,30.0,0.0,0.0,0.0,0.0
5190,28.2763426,0.0,0.0,30.0,0.0,0.0,0.0,0.0
5191,28.2832315,0.0,0.0,30.0,0.0,0.0,0.0,0.0
5192,28.2906863,0.0,0.0,30.0,0.0,0.0,0.0,0.0
5193,28.2987532,0.0,0.0,30.0,0.0,0.0,0.0,0.0
5194,28.3074826,0.0,0.0,30.0,0.0,0.0,0.0,0.0
5195,28.3169287,0.0,0.0,30.0,0.0,0.0,0.0,0.0
5196,28.3271504,0.0,0.0,30.0,0.0,0.0,0.0,0.0
5197,28.3382114,0.0,0.0,30.0,0.0,0.0,0.0,0.0
5198,28.3501806,0.0,0.0,30.0,0.0,0.0,0.0,0.0
5199,28.3631324,0.0,0.0,30.0,0.0,0.0,0.0,0.0
5200,28.3771475,0.0,0.0,30.0,0.0,0.0,0.0,0.0
5201,28.3923132,0.0,0.0,30.0,0.0,0.0,0.0,0.0
5202,28.408724,0.0,0.0,30.0,0.0,0.0,0.0,0.0
5203,28.4264821,0.0,0.0,30.0,0.0,0.0,0.0,0.0
5204,28.4456979,0.0,0.0,30.0,0.0,0.0,0.0,0.0
5205,28.4664912,0.0,0.0,30.0,0.0,0.0,0.0,0.0
5206,28.4889914,0.0,0.0,30.0,0.0,0.0,0.0,0.0
5207,28.513339,0.0,0.0,30.0,0.0,0.0,0.0,0.0
5208,28.5396854,0.0,0.0,30.0,0.0,0.0,0.0,0.0
5209,28.568193,0.0,0.0,30.0,0.0,0.0,0.0,0.0
5210,28.5990402,0.0,0.0,30.0,0.0,0.0,0.0,0.0
5211,28.6324277,0.0,0.0,30.0,0.0,0.0,0.0,0.0
5212,28.6685583,0.0,0.0,30.0,0.0,0.0,0.0,0.0
5213,28.7076143,0.0,0.0,30.0,0.0,0.0,0.0,0.0
5214,28.749869,0.0,0.0,30.0,0.0,0.0,0.0,0.0
5215,28.7957942,0.0,0.0,30.0,0.0,0.0,0.0,0.0
5216,28.8455041,0.0,0.0,30.0,0.0,0.0,0.0,0.0
5217,28.8982912,0.0,0.0,30.0,0.0,0.0,0.0,0.0
5218,28.9554447,0.0,0.0,30.0,0.0,0.0,0.0,0.0
5219,29.0222659,0.0,0.0,30.0,0.0,0.0,0.0,0.0
5220,29.0938795,0.0,0.0,30.0,0.0,0.0,0.0,0.0
5221,29.1467485,0.0,0.0,30.0,0.0,0.0,0.0,0.0
5222,29.2100087,0.0,0.0,30.0,0.0,0.0,0.0,0.0
5223,29.4000252,0.0,0.0,30.0,0.0,0.0,0.0,0.0
5224,29.5627618,0.0,0.0,30.0,0.0,0.0,0.0,0.0
5225,29.1382372,0.0,0.0,30.0,0.0,0.0,0.0,0.0
5226,29.0148366,0.0,0.0,30.0,0.0,0.0,0.0,0.0
5227,29.9065178,0.0,0.0,30.0,0.0,0.0,0.0,0.0
5228,30.0,0.0,0.0,30.0,0.0,0.0,0.0,0.0
5229,30.0,0.0,0.0,30.0,0.0,0.0,0.0,0.0
5230,23.8911033,0.0,0.0,30.0,0.0,0.0,0.0,0.0
5231,23.6889134,0.0,0.0,30.0,0.0,0.0,0.0,0.0
5232,0.0,0.0,0.0,0.0,0.0,0.0,0.0,0.0
5233,30.0,0.0,0.0,4.91746217,0.0,0.0,0.0,0.0
5234,30.0,0.0,0.0,7.02734753,0.0,0.0,0.0,0.0
5235,0.0,0.0,0.0,17.7123086,0.0,0.0,0.0,0.0
5236,0.0,0.0,0.0,23.2690326,0.0,0.0,0.0,0.0
5237,0.0,0.0,0.0,24.9543813,0.0,0.0,0.0,0.0
5238,0.0,0.0,0.0,25.6476614,0.0,0.0,0.0,0.0
5239,0.0,0.0,0.0,26.7895881,0.0,0.0,0.0,0.0
5240,0.0,0.0,0.0,27.8833453,0.0,0.0,0.0,0.0
5241,0.0,0.0,0.0,28.7946574,0.0,0.0,0.0,0.0
5242,0.0,0.0,0.0,29.5475471,0.0,0.0,0.0,0.0
5243,0.245962814,0.0,0.0,30.0,0.0,0.0,0.0,0.0
5244,1.82204195,0.0,0.0,30.0,0.0,0.0,0.0,0.0
5245,3.26785546,0.0,0.0,30.0,0.0,0.0,0.0,0.0
5246,4.42209102,0.0,0.0,30.0,0.0,0.0,0.0,0.0
5247,5.48665639,0.0,0.0,30.0,0.0,0.0,0.0,0.0
5248,6.43194524,0.0,0.0,30.0,0.0,0.0,0.0,0.0
5249,7.22820961,0.0,0.0,30.0,0.0,0.0,0.0,0.0
5250,7.90083332,0.0,0.0,30.0,0.0,0.0,0.0,0.0
5251,8.45522311,0.0,0.0,30.0,0.0,0.0,0.0,0.0
5252,8.82961504,0.0,0.0,30.0,0.0,0.0,0.0,0.0
5253,9.06139976,0.0,0.0,30.0,0.0,0.0,0.0,0.0
5254,9.46393162,0.0,0.0,30.0,0.0,0.0,0.0,0.0
5255,9.82589935,0.0,0.0,30.0,0.0,0.0,0.0,0.0
5256,8.62599752,0.0,0.0,30.0,0.0,0.0,0.0,0.0
5257,7.07988632,0.0,0.0,30.0,0.0,0.0,0.0,0.0
5258,12.6433407,0.0,0.0,30.0,0.0,0.0,0.0,0.0
5259,17.3894464,0.0,0.0,30.0,0.0,0.0,0.0,0.0
5260,20.6362496,0.0,0.0,30.0,0.0,0.0,0.0,0.0
5261,24.5489436,0.0,0.0,30.0,0.0,0.0,0.0,0.0
5262,26.6128704,0.0,0.0,30.0,0.0,0.0,0.0,0.0
5263,27.639306,0.0,0.0,30.0,0.0,0.0,0.0,0.0
5264,27.4421145,0.0,0.0,30.0,0.0,0.0,0.0,0.0
5265,28.4155962,0.0,0.0,30.0,0.0,0.0,0.0,0.0
5266,29.0979471,0.0,0.0,30.0,0.0,0.0,0.0,0.0
5267,30.0,0.0,0.0,30.0,0.0,0.0,0.0,0.0
5268,30.0,0.0,0.0,30.0,0.0,0.0,0.0,0.0
5269,30.0,0.0,0.0,30.0,0.0,0.0,0.0,0.0
5270,30.0,0.0,0.0,30.0,0.0,0.0,0.0,0.0
5271,30.0,0.0,0.0,30.0,0.0,0.0,0.0,0.0
5272,30.0,0.0,0.0,30.0,0.0,0.0,0.0,0.0
5273,30.0,0.0,0.0,30.0,0.0,0.0,0.0,0.0
5274,30.0,0.0,0.0,30.0,0.0,0.0,0.0,0.0
5275,30.0,0.0,0.0,30.0,0.0,0.0,0.0,0.0
5276,30.0,0.0,0.0,30.0,0.0,0.0,0.0,0.0
5277,30.0,0.0,0.0,30.0,0.0,0.0,0.0,0.0
5278,30.0,0.0,0.0,30.0,0.0,0.0,0.0,0.0
5279,30.0,0.0,0.0,30.0,0.0,0.0,0.0,0.0
5280,29.2993319,0.0,0.0,30.0,0.0,0.0,0.0,0.0
5281,29.2606855,0.0,0.0,30.0,0.0,0.0,0.0,0.0
5282,29.3141329,0.0,0.0,30.0,0.0,0.0,0.0,0.0
5283,29.0519569,0.0,0.0,30.0,0.0,0.0,0.0,0.0
5284,28.9685482,0.0,0.0,30.0,0.0,0.0,0.0,0.0
5285,28.9455798,0.0,0.0,30.0,0.0,0.0,0.0,0.0
5286,28.8913479,0.0,0.0,30.0,0.0,0.0,0.0,0.0
5287,28.8310276,0.0,0.0,30.0,0.0,0.0,0.0,0.0
5288,28.7821517,0.0,0.0,30.0,0.0,0.0,0.0,0.0
5289,28.7388925,0.0,0.0,30.0,0.0,0.0,0.0,0.0
5290,28.6974901,0.0,0.0,30.0,0.0,0.0,0.0,0.0
5291,28.6588745,0.0,0.0,30.0,0.0,0.0,0.0,0.0
5292,28.6234829,0.0,0.0,30.0,0.0,0.0,0.0,0.0
5293,28.5908413,0.0,0.0,30.0,0.0,0.0,0.0,0.0
5294,28.5606151,0.0,0.0,30.0,0.0,0.0,0.0,0.0
5295,28.5326702,0.0,0.0,30.0,0.0,0.0,0.0,0.0
5296,28.5068578,0.0,0.0,30.0,0.0,0.0,0.0,0.0
5297,28.4830057,0.0,0.0,30.0,0.0,0.0,0.0,0.0
5298,28.4609606,0.0,0.0,30.0,0.0,0.0,0.0,0.0
5299,28.4405876,0.0,0.0,30.0,0.0,0.0,0.0,0.0
5300,28.4217608,0.0,0.0,30.0,0.0,0.0,0.0,0.0
5301,28.4043624,0.0,0.0,30.0,0.0,0.0,0.0,0.0
5302,28.3882839,0.0,0.0,30.0,0.0,0.0,0.0,0.0
5303,28.3734253,0.0,0.0,30.0,0.0,0.0,0.0,0.0
5304,28.3596942,0.0,0.0,30.0,0.0,0.0,0.0,0.0
5305,28.3470048,0.0,0.0,30.0,0.0,0.0,0.0,0.0
5306,28.3352784,0.0,0.0,30.0,0.0,0.0,0.0,0.0
5307,28.3244418,0.0,0.0,30.0,0.0,0.0,0.0,0.0
5308,28.3144275,0.0,0.0,30.0,0.0,0.0,0.0,0.0
5309,28.3051733,0.0,0.0,30.0,0.0,0.0,0.0,0.0
5310,28.2966214,0.0,0.0,30.0,0.0,0.0,0.0,0.0
5311,28.2887186,0.0,0.0,30.0,0.0,0.0,0.0,0.0
5312,28.2814158,0.0,0.0,30.0,0.0,0.0,0.0,0.0
5313,28.2746673,0.0,0.0,30.0,0.0,0.0,0.0,0.0
5314,28.2684313,0.0,0.0,30.0,0.0,0.0,0.0,0.0
5315,28.2626689,0.0,0.0,30.0,0.0,0.0,0.0,0.0
5316,28.2573442,0.0,0.0,30.0,0.0,0.0,0.0,0.0
5317,28.252424,0.0,0.0,30.0,0.0,0.0,0.0,0.0
5318,28.2478777,0.0,0.0,30.0,0.0,0.0,0.0,0.0
5319,28.243677,0.0,0.0,30.0,0.0,0.0,0.0,0.0
5320,28.2397957,0.0,0.0,30.0,0.0,0.0,0.0,0.0
5321,28.2362097,0.0,0.0,30.0,0.0,0.0,0.0,0.0
5322,28.2328967,0.0,0.0,30.0,0.0,0.0,0.0,0.0
5323,28.2298359,0.0,0.0,30.0,0.0,0.0,0.0,0.0
5324,28.2270084,0.0,0.0,30.0,0.0,0.0,0.0,0.0
5325,28.2243965,0.0,0.0,30.0,0.0,0.0,0.0,0.0
5326,28.221984,0.0,0.0,30.0,0.0,0.0,0.0,0.0
5327,28.2197558,0.0,0.0,30.0,0.0,0.0,0.0,0.0
5328,28.2176981,0.0,0.0,30.0,0.0,0.0,0.0,0.0
5329,28.215798,0.0,0.0,30.0,0.0,0.0,0.0,0.0
5330,28.2140438,0.0,0.0,30.0,0.0,0.0,0.0,0.0
5331,28.2124245,0.0,0.0,30.0,0.0,0.0,0.0,0.0
5332,28.21093,0.0,0.0,30.0,0.0,0.0,0.0,0.0
5333,28.209551,0.0,0.0,30.0,0.0,0.0,0.0,0.0
5334,28.208279,0.0,0.0,30.0,0.0,0.0,0.0,0.0
5335,28.2071059,0.0,0.0,30.0,0.0,0.0,0.0,0.0
5336,28.2060246,0.0,0.0,30.0,0.0,0.0,0.0,0.0
5337,28.2050282,0.0,0.0,30.0,0.0,0.0,0.0,0.0
5338,28.2041106,0.0,0.0,30.0,0.0,0.0,0.0,0.0
5339,28.203266,0.0,0.0,30.0,0.0,0.0,0.0,0.0
5340,28.2024892,0.0,0.0,30.0,0.0,0.0,0.0,0.0
5341,28.2017753,0.0,0.0,30.0,0.0,0.0,0.0,0.0
5342,28.20112,0.0,0.0,30.0,0.0,0.0,0.0,0.0
5343,28.200519,0.0,0.0,30.0,0.0,0.0,0.0,0.0
5344,28.1999688,0.0,0.0,30.0,0.0,0.0,0.0,0.0
5345,28.1994658,0.0,0.0,30.0,0.0,0.0,0.0,0.0
5346,28.1990069,0.0,0.0,30.0,0.0,0.0,0.0,0.0
5347,28.1985893,0.0,0.0,30.0,0.0,0.0,0.0,0.0
5348,28.1982104,0.0,0.0,30.0,0.0,0.0,0.0,0.0
5349,28.1978677,0.0,0.0,30.0,0.0,0.0,0.0,0.0
5350,28.1975592,0.0,0.0,30.0,0.0,0.0,0.0,0.0
5351,28.197283,0.0,0.0,30.0,0.0,0.0,0.0,0.0
5352,28.1970373,0.0,0.0,30.0,0.0,0.0,0.0,0.0
5353,28.1968206,0.0,0.0,30.0,0.0,0.0,0.0,0.0
5354,28.1966315,0.0,0.0,30.0,0.0,0.0,0.0,0.0
5355,28.1964689,0.0,0.0,30.0,0.0,0.0,0.0,0.0
5356,28.1963318,0.0,0.0,30.0,0.0,0.0,0.0,0.0
5357,28.1962193,0.0,0.0,30.0,0.0,0.0,0.0,0.0
5358,28.1961306,0.0,0.0,30.0,0.0,0.0,0.0,0.0
5359,28.1960653,0.0,0.0,30.0,0.0,0.0,0.0,0.0
5360,28.196023,0.0,0.0,30.0,0.0,0.0,0.0,0.0
5361,28.1960033,0.0,0.0,30.0,0.0,0.0,0.0,0.0
5362,28.1960062,0.0,0.0,30.0,0.0,0.0,0.0,0.0
5363,28.1960317,0.0,0.0,30.0,0.0,0.0,0.0,0.0
5364,28.1960799,0.0,0.0,30.0,0.0,0.0,0.0,0.0
5365,28.1961512,0.0,0.0,30.0,0.0,0.0,0.0,0.0
5366,28.1962459,0.0,0.0,30.0,0.0,0.0,0.0,0.0
5367,28.1963647,0.0,0.0,30.0,0.0,0.0,0.0,0.0
5368,28.1965083,0.0,0.0,30.0,0.0,0.0,0.0,0.0
5369,28.1966776,0.0,0.0,30.0,0.0,0.0,0.0,0.0
5370,28.1968737,0.0,0.0,30.0,0.0,0.0,0.0,0.0
5371,28.1970977,0.0,0.0,30.0,0.0,0.0,0.0,0.0
5372,28.1973511,0.0,0.0,30.0,0.0,0.0,0.0,0.0
5373,28.1976355,0.0,0.0,30.0,0.0,0.0,0.0,0.0
5374,28.1979526,0.0,0.0,30.0,0.0,0.0,0.0,0.0
5375,28.1983044,0.0,0.0,30.0,0.0,0.0,0.0,0.0
5376,28.1986931,0.0,0.0,30.0,0.0,0.0,0.0,0.0
5377,28.199121,0.0,0.0,30.0,0.0,0.0,0.0,0.0
5378,28.199591,0.0,0.0,30.0,0.0,0.0,0.0,0.0
5379,28.2001059,0.0,0.0,30.0,0.0,0.0,0.0,0.0
5380,28.2006688,0.0,0.0,30.0,0.0,0.0,0.0,0.0
5381,28.2012834,0.0,0.0,30.0,0.0,0.0,0.0,0.0
5382,28.2019535,0.0,0.0,30.0,0.0,0.0,0.0,0.0
5383,28.2026831,0.0,0.0,30.0,0.0,0.0,0.0,0.0
5384,28.2034769,0.0,0.0,30.0,0.0,0.0,0.0,0.0
5385,28.2043398,0.0,0.0,30.0,0.0,0.0,0.0,0.0
5386,28.2052772,0.0,0.0,30.0,0.0,0.0,0.0,0.0
5387,28.2062949,0.0,0.0,30.0,0.0,0.0,0.0,0.0
5388,28.2073993,0.0,0.0,30.0,0.0,0.0,0.0,0.0
5389,28.2085971,0.0,0.0,30.0,0.0,0.0,0.0,0.0
5390,28.209896,0.0,0.0,30.0,0.0,0.0,0.0,0.0
5391,28.211304,0.0,0.0,30.0,0.0,0.0,0.0,0.0
5392,28.2128298,0.0,0.0,30.0,0.0,0.0,0.0,0.0
5393,28.2144829,0.0,0.0,30.0,0.0,0.0,0.0,0.0
5394,28.2162737,0.0,0.0,30.0,0.0,0.0,0.0,0.0
5395,28.2182133,0.0,0.0,30.0,0.0,0.0,0.0,0.0
5396,28.2203137,0.0,0.0,30.0,0.0,0.0,0.0,0.0
5397,28.2225882,0.0,0.0,30.0,0.0,0.0,0.0,0.0
5398,28.2250507,0.0,0.0,30.0,0.0,0.0,0.0,0.0
5399,28.2277167,0.0,0.0,30.0,0.0,0.0,0.0,0.0
5400,28.2306027,0.0,0.0,30.0,0.0,0.0,0.0,0.0
5401,28.2337268,0.0,0.0,30.0,0.0,0.0,0.0,0.0
5402,28.2371084,0.0,0.0,30.0,0.0,0.0,0.0,0.0
5403,28.2407685,0.0,0.0,30.0,0.0,0.0,0.0,0.0
5404,28.2447299,0.0,0.0,30.0,0.0,0.0,0.0,0.0
5405,28.2490174,0.0,0.0,30.0,0.0,0.0,0.0,0.0
5406,28.2536575,0.0,0.0,30.0,0.0,0.0,0.0,0.0
5407,28.2586792,0.0,0.0,30.0,0.0,0.0,0.0,0.0
5408,28.2641139,0.0,0.0,30.0,0.0,0.0,0.0,0.0
5409,28.2699952,0.0,0.0,30.0,0.0,0.0,0.0,0.0
5410,28.2763599,0.0,0.0,30.0,0.0,0.0,0.0,0.0
5411,28.2832475,0.0,0.0,30.0,0.0,0.0,0.0,0.0
5412,28.2907011,0.0,0.0,30.0,0.0,0.0,0.0,0.0
5413,28.2987669,0.0,0.0,30.0,0.0,0.0,0.0,0.0
5414,28.3074952,0.0,0.0,30.0,0.0,0.0,0.0,0.0
5415,28.3169403,0.0,0.0,30.0,0.0,0.0,0.0,0.0
5416,28.3271612,0.0,0.0,30.0,0.0,0.0,0.0,0.0
5417,28.3382214,0.0,0.0,30.0,0.0,0.0,0.0,0.0
5418,28.3501897,0.0,0.0,30.0,0.0,0.0,0.0,0.0
5419,28.3631409,0.0,0.0,30.0,0.0,0.0,0.0,0.0
5420,28.3771553,0.0,0.0,30.0,0.0,0.0,0.0,0.0
5421,28.3923205,0.0,0.0,30.0,0.0,0.0,0.0,0.0
5422,28.4087307,0.0,0.0,30.0,0.0,0.0,0.0,0.0
5423,28.4264882,0.0,0.0,30.0,0.0,0.0,0.0,0.0
5424,28.4457036,0.0,0.0,30.0,0.0,0.0,0.0,0.0
5425,28.4664965,0.0,0.0,30.0,0.0,0.0,0.0,0.0
5426,28.4889962,0.0,0.0,30.0,0.0,0.0,0.0,0.0
5427,28.5133435,0.0,0.0,30.0,0.0,0.0,0.0,0.0
5428,28.5396896,0.0,0.0,30.0,0.0,0.0,0.0,0.0
5429,28.5681969,0.0,0.0,30.0,0.0,0.0,0.0,0.0
5430,28.5990437,0.0,0.0,30.0,0.0,0.0,0.0,0.0
5431,28.6324309,0.0,0.0,30.0,0.0,0.0,0.0,0.0
5432,28.6685613,0.0,0.0,30.0,0.0,0.0,0.0,0.0
5433,28.707617,0.0,0.0,30.0,0.0,0.0,0.0,0.0
5434,28.7498715,0.0,0.0,30.0,0.0,0.0,0.0,0.0
5435,28.7957965,0.0,0.0,30.0,0.0,0.0,0.0,0.0
5436,28.8455062,0.0,0.0,30.0,0.0,0.0,0.0,0.0
5437,28.8982932,0.0,0.0,30.0,0.0,0.0,0.0,0.0
5438,28.9554465,0.0,0.0,30.0,0.0,0.0,0.0,0.0
5439,29.0222675,0.0,0.0,30.0,0.0,0.0,0.0,0.0
5440,29.093881,0.0,0.0,30.0,0.0,0.0,0.0,0.0
5441,29.1467499,0.0,0.0,30.0,0.0,0.0,0.0,0.0
5442,29.21001,0.0,0.0,30.0,0.0,0.0,0.0,0.0
5443,29.4000264,0.0,0.0,30.0,0.0,0.0,0.0,0.0
5444,29.5627629,0.0,0.0,30.0,0.0,0.0,0.0,0.0
5445,29.138238,0.0,0.0,30.0,0.0,0.0,0.0,0.0
5446,29.0148375,0.0,0.0,30.0,0.0,0.0,0.0,0.0
5447,29.9065188,0.0,0.0,30.0,0.0,0.0,0.0,0.0
5448,30.0,0.0,0.0,30.0,0.0,0.0,0.0,0.0
5449,30.0,0.0,0.0,30.0,0.0,0.0,0.0,0.0
5450,23.8911061,0.0,0.0,30.0,0.0,0.0,0.0,0.0
5451,23.6889154,0.0,0.0,30.0,0.0,0.0,0.0,0.0
5452,0.0,0.0,0.0,0.0,0.0,0.0,0.0,0.0
5453,30.0,0.0,0.0,4.17190152,0.0,0.0,0.0,0.0
5454,28.6297695,0.0,0.0,6.60148259,0.0,0.0,0.0,0.0
5455,0.0,0.0,0.0,16.68928,0.0,0.0,0.0,0.0
5456,0.0,0.0,0.0,21.8568074,0.0,0.0,0.0,0.0
5457,0.0,0.0,0.0,23.2967201,0.0,0.0,0.0,0.0
5458,0.0,0.0,0.0,23.7604688,0.0,0.0,0.0,0.0
5459,0.0,0.0,0.0,24.6293481,0.0,0.0,0.0,0.0
5460,0.0,0.0,0.0,25.4445645,0.0,0.0,0.0,0.0
5461,0.0,0.0,0.0,26.0144838,0.0,0.0,0.0,0.0
5462,0.0,0.0,0.0,26.4238771,0.0,0.0,0.0,0.0
5463,0.0,0.0,0.0,26.7067737,0.0,0.0,0.0,0.0
5464,0.0,0.0,0.0,26.8536249,0.0,0.0,0.0,0.0
5465,0.0,0.0,0.0,26.8618293,0.0,0.0,0.0,0.0
5466,0.0,0.0,0.0,26.7336019,0.0,0.0,0.0,0.0
5467,0.0,0.0,0.0,26.468907,0.0,0.0,0.0,0.0
5468,0.0,0.0,0.0,26.064076,0.0,0.0,0.0,0.0
5469,0.0,0.0,0.0,25.5086411,0.0,0.0,0.0,0.0
5470,0.0,0.0,0.0,24.7984215,0.0,0.0,0.0,0.0
5471,0.0,0.0,0.0,23.960887,0.0,0.0,0.0,0.0
5472,0.0,0.0,0.0,22.9653042,0.0,0.0,0.0,0.0
5473,0.0,0.0,0.0,21.5727075,0.0,0.0,0.0,0.0
5474,0.0,0.0,0.0,19.9394657,0.0,0.0,0.0,0.0
5475,0.0,0.0,0.0,19.4813227,0.0,0.0,0.0,0.0
5476,0.0,0.0,0.0,18.8378835,0.0,0.0,0.0,0.0
5477,0.0,0.0,0.0,8.98363264,0.0,0.0,0.0,0.0
5478,0.0,0.0,0.0,0.286356857,0.0,0.0,0.0,0.0
5479,0.0,0.0,0.0,4.89029842,0.0,0.0,0.0,0.0
5480,30.0,0.0,0.0,30.0,0.0,0.0,0.0,0.0
5481,30.0,0.0,0.0,30.0,0.0,0.0,0.0,0.0
5482,30.0,0.0,0.0,30.0,0.0,0.0,0.0,0.0
5483,30.0,0.0,0.0,30.0,0.0,0.0,0.0,0.0
5484,30.0,0.0,0.0,30.0,0.0,0.0,0.0,0.0
5485,30.0,0.0,0.0,30.0,0.0,0.0,0.0,0.0
5486,23.3787873,0.0,0.0,30.0,0.0,0.0,0.0,0.0
5487,17.938675,0.0,0.0,30.0,0.0,0.0,0.0,0.0
5488,14.6922641,0.0,0.0,30.0,0.0,0.0,0.0,0.0
5489,20.2529505,0.0,0.0,30.0,0.0,0.0,0.0,0.0
5490,24.4452667,0.0,0.0,30.0,0.0,0.0,0.0,0.0
5491,29.6732231,0.0,0.0,30.0,0.0,0.0,0.0,0.0
5492,30.0,0.0,0.0,30.0,0.0,0.0,0.0,0.0
5493,30.0,0.0,0.0,30.0,0.0,0.0,0.0,0.0
5494,30.0,0.0,0.0,30.0,0.0,0.0,0.0,0.0
5495,30.0,0.0,0.0,30.0,0.0,0.0,0.0,0.0
5496,30.0,0.0,0.0,30.0,0.0,0.0,0.0,0.0
5497,30.0,0.0,0.0,30.0,0.0,0.0,0.0,0.0
5498,30.0,0.0,0.0,30.0,0.0,0.0,0.0,0.0
5499,30.0,0.0,0.0,30.0,0.0,0.0,0.0,0.0
5500,28.8659729,0.0,0.0,30.0,0.0,0.0,0.0,0.0
5501,28.8891927,0.0,0.0,30.0,0.0,0.0,0.0,0.0
5502,29.0168359,0.0,0.0,30.0,0.0,0.0,0.0,0.0
5503,28.598468,0.0,0.0,30.0,0.0,0.0,0.0,0.0
5504,28.5493318,0.0,0.0,30.0,0.0,0.0,0.0,0.0
5505,28.5940176,0.0,0.0,30.0,0.0,0.0,0.0,0.0
5506,28.5657193,0.0,0.0,30.0,0.0,0.0,0.0,0.0
5507,28.5228926,0.0,0.0,30.0,0.0,0.0,0.0,0.0
5508,28.4976939,0.0,0.0,30.0,0.0,0.0,0.0,0.0
5509,28.4774592,0.0,0.0,30.0,0.0,0.0,0.0,0.0
5510,28.4557971,0.0,0.0,30.0,0.0,0.0,0.0,0.0
5511,28.4352267,0.0,0.0,30.0,0.0,0.0,0.0,0.0
5512,28.4168255,0.0,0.0,30.0,0.0,0.0,0.0,0.0
5513,28.3999185,0.0,0.0,30.0,0.0,0.0,0.0,0.0
5514,28.3841694,0.0,0.0,30.0,0.0,0.0,0.0,0.0
5515,28.3695979,0.0,0.0,30.0,0.0,0.0,0.0,0.0
5516,28.3561575,0.0,0.0,30.0,0.0,0.0,0.0,0.0
5517,28.3437397,0.0,0.0,30.0,0.0,0.0,0.0,0.0
5518,28.3322589,0.0,0.0,30.0,0.0,0.0,0.0,0.0
5519,28.3216486,0.0,0.0,30.0,0.0,0.0,0.0,0.0
5520,28.3118445,0.0,0.0,30.0,0.0,0.0,0.0,0.0
5521,28.3027843,0.0,0.0,30.0,0.0,0.0,0.0,0.0
5522,28.2944114,0.0,0.0,30.0,0.0,0.0,0.0,0.0
5523,28.2866739,0.0,0.0,30.0,0.0,0.0,0.0,0.0
5524,28.2795236,0.0,0.0,30.0,0.0,0.0,0.0,0.0
5525,28.272916,0.0,0.0,30.0,0.0,0.0,0.0,0.0
5526,28.2668098,0.0,0.0,30.0,0.0,0.0,0.0,0.0
5527,28.2611672,0.0,0.0,30.0,0.0,0.0,0.0,0.0
5528,28.2559529,0.0,0.0,30.0,0.0,0.0,0.0,0.0
5529,28.2511344,0.0,0.0,30.0,0.0,0.0,0.0,0.0
5530,28.2466819,0.0,0.0,30.0,0.0,0.0,0.0,0.0
5531,28.2425675,0.0,0.0,30.0,0.0,0.0,0.0,0.0
5532,28.2387656,0.0,0.0,30.0,0.0,0.0,0.0,0.0
5533,28.2352526,0.0,0.0,30.0,0.0,0.0,0.0,0.0
5534,28.2320066,0.0,0.0,30.0,0.0,0.0,0.0,0.0
5535,28.2290073,0.0,0.0,30.0,0.0,0.0,0.0,0.0
5536,28.2262361,0.0,0.0,30.0,0.0,0.0,0.0,0.0
5537,28.2236757,0.0,0.0,30.0,0.0,0.0,0.0,0.0
5538,28.2213103,0.0,0.0,30.0,0.0,0.0,0.0,0.0
5539,28.2191249,0.0,0.0,30.0,0.0,0.0,0.0,0.0
5540,28.2171062,0.0,0.0,30.0,0.0,0.0,0.0,0.0
5541,28.2152414,0.0,0.0,30.0,0.0,0.0,0.0,0.0
5542,28.213519,0.0,0.0,30.0,0.0,0.0,0.0,0.0
5543,28.2119282,0.0,0.0,30.0,0.0,0.0,0.0,0.0
5544,28.2104591,0.0,0.0,30.0,0.0,0.0,0.0,0.0
5545,28.2091026,0.0,0.0,30.0,0.0,0.0,0.0,0.0
5546,28.2078503,0.0,0.0,30.0,0.0,0.0,0.0,0.0
5547,28.2066943,0.0,0.0,30.0,0.0,0.0,0.0,0.0
5548,28.2056274,0.0,0.0,30.0,0.0,0.0,0.0,0.0
5549,28.2046431,0.0,0.0,30.0,0.0,0.0,0.0,0.0
5550,28.203735,0.0,0.0,30.0,0.0,0.0,0.0,0.0
5551,28.2028978,0.0,0.0,30.0,0.0,0.0,0.0,0.0
5552,28.202126,0.0,0.0,30.0,0.0,0.0,0.0,0.0
5553,28.2014148,0.0,0.0,30.0,0.0,0.0,0.0,0.0
5554,28.20076,0.0,0.0,30.0,0.0,0.0,0.0,0.0
5555,28.2001573,0.0,0.0,30.0,0.0,0.0,0.0,0.0
5556,28.1996031,0.0,0.0,30.0,0.0,0.0,0.0,0.0
5557,28.1990938,0.0,0.0,30.0,0.0,0.0,0.0,0.0
5558,28.1986264,0.0,0.0,30.0,0.0,0.0,0.0,0.0
5559,28.1981978,0.0,0.0,30.0,0.0,0.0,0.0,0.0
5560,28.1978055,0.0,0.0,30.0,0.0,0.0,0.0,0.0
5561,28.1974469,0.0,0.0,30.0,0.0,0.0,0.0,0.0
5562,28.1971199,0.0,0.0,30.0,0.0,0.0,0.0,0.0
5563,28.1968225,0.0,0.0,30.0,0.0,0.0,0.0,0.0
5564,28.1965526,0.0,0.0,30.0,0.0,0.0,0.0,0.0
5565,28.1963088,0.0,0.0,30.0,0.0,0.0,0.0,0.0
5566,28.1960894,0.0,0.0,30.0,0.0,0.0,0.0,0.0
5567,28.1958931,0.0,0.0,30.0,0.0,0.0,0.0,0.0
5568,28.1957187,0.0,0.0,30.0,0.0,0.0,0.0,0.0
5569,28.1955651,0.0,0.0,30.0,0.0,0.0,0.0,0.0
5570,28.1954313,0.0,0.0,30.0,0.0,0.0,0.0,0.0
5571,28.1953165,0.0,0.0,30.0,0.0,0.0,0.0,0.0
5572,28.1952199,0.0,0.0,30.0,0.0,0.0,0.0,0.0
5573,28.1951411,0.0,0.0,30.0,0.0,0.0,0.0,0.0
5574,28.1950794,0.0,0.0,30.0,0.0,0.0,0.0,0.0
5575,28.1950346,0.0,0.0,30.0,0.0,0.0,0.0,0.0
5576,28.1950063,0.0,0.0,30.0,0.0,0.0,0.0,0.0
5577,28.1949943,0.0,0.0,30.0,0.0,0.0,0.0,0.0
5578,28.1949986,0.0,0.0,30.0,0.0,0.0,0.0,0.0
5579,28.1950192,0.0,0.0,30.0,0.0,0.0,0.0,0.0
5580,28.1950562,0.0,0.0,30.0,0.0,0.0,0.0,0.0
5581,28.1951099,0.0,0.0,30.0,0.0,0.0,0.0,0.0
5582,28.1951806,0.0,0.0,30.0,0.0,0.0,0.0,0.0
5583,28.1952687,0.0,0.0,30.0,0.0,0.0,0.0,0.0
5584,28.1953748,0.0,0.0,30.0,0.0,0.0,0.0,0.0
5585,28.1954995,0.0,0.0,30.0,0.0,0.0,0.0,0.0
5586,28.1956437,0.0,0.0,30.0,0.0,0.0,0.0,0.0
5587,28.1958082,0.0,0.0,30.0,0.0,0.0,0.0,0.0
5588,28.195994,0.0,0.0,30.0,0.0,0.0,0.0,0.0
5589,28.1962023,0.0,0.0,30.0,0.0,0.0,0.0,0.0
5590,28.1964344,0.0,0.0,30.0,0.0,0.0,0.0,0.0
5591,28.1966918,0.0,0.0,30.0,0.0,0.0,0.0,0.0
5592,28.196976,0.0,0.0,30.0,0.0,0.0,0.0,0.0
5593,28.1972888,0.0,0.0,30.0,0.0,0.0,0.0,0.0
5594,28.1976322,0.0,0.0,30.0,0.0,0.0,0.0,0.0
5595,28.1980083,0.0,0.0,30.0,0.0,0.0,0.0,0.0
5596,28.1984195,0.0,0.0,30.0,0.0,0.0,0.0,0.0
5597,28.1988682,0.0,0.0,30.0,0.0,0.0,0.0,0.0
5598,28.1993574,0.0,0.0,30.0,0.0,0.0,0.0,0.0
5599,28.1998899,0.0,0.0,30.0,0.0,0.0,0.0,0.0
5600,28.2004693,0.0,0.0,30.0,0.0,0.0,0.0,0.0
5601,28.201099,0.0,0.0,30.0,0.0,0.0,0.0,0.0
5602,28.2017831,0.0,0.0,30.0,0.0,0.0,0.0,0.0
5603,28.2025256,0.0,0.0,30.0,0.0,0.0,0.0,0.0
5604,28.2033314,0.0,0.0,30.0,0.0,0.0,0.0,0.0
5605,28.2042053,0.0,0.0,30.0,0.0,0.0,0.0,0.0
5606,28.2051529,0.0,0.0,30.0,0.0,0.0,0.0,0.0
5607,28.2061801,0.0,0.0,30.0,0.0,0.0,0.0,0.0
5608,28.2072931,0.0,0.0,30.0,0.0,0.0,0.0,0.0
5609,28.2084991,0.0,0.0,30.0,0.0,0.0,0.0,0.0
5610,28.2098054,0.0,0.0,30.0,0.0,0.0,0.0,0.0
5611,28.2112202,0.0,0.0,30.0,0.0,0.0,0.0,0.0
5612,28.2127523,0.0,0.0,30.0,0.0,0.0,0.0,0.0
5613,28.2144114,0.0,0.0,30.0,0.0,0.0,0.0,0.0
5614,28.2162076,0.0,0.0,30.0,0.0,0.0,0.0,0.0
5615,28.2181522,0.0,0.0,30.0,0.0,0.0,0.0,0.0
5616,28.2202573,0.0,0.0,30.0,0.0,0.0,0.0,0.0
5617,28.222536,0.0,0.0,30.0,0.0,0.0,0.0,0.0
5618,28.2250025,0.0,0.0,30.0,0.0,0.0,0.0,0.0
5619,28.2276721,0.0,0.0,30.0,0.0,0.0,0.0,0.0
5620,28.2305616,0.0,0.0,30.0,0.0,0.0,0.0,0.0
5621,28.2336888,0.0,0.0,30.0,0.0,0.0,0.0,0.0
5622,28.2370732,0.0,0.0,30.0,0.0,0.0,0.0,0.0
5623,28.240736,0.0,0.0,30.0,0.0,0.0,0.0,0.0
5624,28.2446999,0.0,0.0,30.0,0.0,0.0,0.0,0.0
5625,28.2489896,0.0,0.0,30.0,0.0,0.0,0.0,0.0
5626,28.2536319,0.0,0.0,30.0,0.0,0.0,0.0,0.0
5627,28.2586556,0.0,0.0,30.0,0.0,0.0,0.0,0.0
5628,28.264092,0.0,0.0,30.0,0.0,0.0,0.0,0.0
5629,28.269975,0.0,0.0,30.0,0.0,0.0,0.0,0.0
5630,28.2763412,0.0,0.0,30.0,0.0,0.0,0.0,0.0
5631,28.2832303,0.0,0.0,30.0,0.0,0.0,0.0,0.0
5632,28.2906851,0.0,0.0,30.0,0.0,0.0,0.0,0.0
5633,28.2987521,0.0,0.0,30.0,0.0,0.0,0.0,0.0
5634,28.3074815,0.0,0.0,30.0,0.0,0.0,0.0,0.0
5635,28.3169277,0.0,0.0,30.0,0.0,0.0,0.0,0.0
5636,28.3271496,0.0,0.0,30.0,0.0,0.0,0.0,0.0
5637,28.3382106,0.0,0.0,30.0,0.0,0.0,0.0,0.0
5638,28.3501798,0.0,0.0,30.0,0.0,0.0,0.0,0.0
5639,28.3631317,0.0,0.0,30.0,0.0,0.0,0.0,0.0
5640,28.3771469,0.0,0.0,30.0,0.0,0.0,0.0,0.0
5641,28.3923127,0.0,0.0,30.0,0.0,0.0,0.0,0.0
5642,28.4087235,0.0,0.0,30.0,0.0,0.0,0.0,0.0
5643,28.4264816,0.0,0.0,30.0,0.0,0.0,0.0,0.0
5644,28.4456975,0.0,0.0,30.0,0.0,0.0,0.0,0.0
5645,28.4664908,0.0,0.0,30.0,0.0,0.0,0.0,0.0
5646,28.488991,0.0,0.0,30.0,0.0,0.0,0.0,0.0
5647,28.5133386,0.0,0.0,30.0,0.0,0.0,0.0,0.0
5648,28.5396851,0.0,0.0,30.0,0.0,0.0,0.0,0.0
5649,28.5681927,0.0,0.0,30.0,0.0,0.0,0.0,0.0
5650,28.5990399,0.0,0.0,30.0,0.0,0.0,0.0,0.0
5651,28.6324274,0.0,0.0,30.0,0.0,0.0,0.0,0.0
5652,28.668558,0.0,0.0,30.0,0.0,0.0,0.0,0.0
5653,28.707614,0.0,0.0,30.0,0.0,0.0,0.0,0.0
5654,28.7498688,0.0,0.0,30.0,0.0,0.0,0.0,0.0
5655,28.795794,0.0,0.0,30.0,0.0,0.0,0.0,0.0
5656,28.8455039,0.0,0.0,30.0,0.0,0.0,0.0,0.0
5657,28.8982911,0.0,0.0,30.0,0.0,0.0,0.0,0.0
5658,28.9554446,0.0,0.0,30.0,0.0,0.0,0.0,0.0
5659,29.0222657,0.0,0.0,30.0,0.0,0.0,0.0,0.0
5660,29.0938794,0.0,0.0,30.0,0.0,0.0,0.0,0.0
5661,29.1467484,0.0,0.0,30.0,0.0,0.0,0.0,0.0
5662,29.2100086,0.0,0.0,30.0,0.0,0.0,0.0,0.0
5663,29.4000251,0.0,0.0,30.0,0.0,0.0,0.0,0.0
5664,29.5627617,0.0,0.0,30.0,0.0,0.0,0.0,0.0
5665,29.1382371,0.0,0.0,30.0,0.0,0.0,0.0,0.0
5666,29.0148365,0.0,0.0,30.0,0.0,0.0,0.0,0.0
5667,29.9065178,0.0,0.0,30.0,0.0,0.0,0.0,0.0
5668,30.0,0.0,0.0,30.0,0.0,0.0,0.0,0.0
5669,30.0,0.0,0.0,30.0,0.0,0.0,0.0,0.0
5670,23.891103,0.0,0.0,30.0,0.0,0.0,0.0,0.0
5671,23.6889133,0.0,0.0,30.0,0.0,0.0,0.0,0.0
5672,0.0,0.0,0.0,0.0,0.0,0.0,0.0,0.0
5673,30.0,0.0,0.0,3.96614481,0.0,0.0,0.0,0.0
5674,21.2353257,0.0,0.0,8.89237594,0.0,0.0,0.0,0.0
5675,0.0,0.0,0.0,16.2064358,0.0,0.0,0.0,0.0
5676,0.0,0.0,0.0,21.2830735,0.0,0.0,0.0,0.0
5677,0.0,0.0,0.0,22.6533876,0.0,0.0,0.0,0.0
5678,0.0,0.0,0.0,23.0460551,0.0,0.0,0.0,0.0
5679,0.0,0.0,0.0,23.828691,0.0,0.0,0.0,0.0
5680,0.0,0.0,0.0,24.5474817,0.0,0.0,0.0,0.0
5681,0.0,0.0,0.0,25.0114795,0.0,0.0,0.0,0.0
5682,0.0,0.0,0.0,25.3032495,0.0,0.0,0.0,0.0
5683,0.0,0.0,0.0,25.4551974,0.0,0.0,0.0,0.0
5684,0.0,0.0,0.0,25.456262,0.0,0.0,0.0,0.0
5685,0.0,0.0,0.0,25.302067,0.0,0.0,0.0,0.0
5686,0.0,0.0,0.0,24.9937423,0.0,0.0,0.0,0.0
5687,0.0,0.0,0.0,24.5295942,0.0,0.0,0.0,0.0
5688,0.0,0.0,0.0,23.8980444,0.0,0.0,0.0,0.0
5689,0.0,0.0,0.0,23.0838893,0.0,0.0,0.0,0.0
5690,0.0,0.0,0.0,22.1161125,0.0,0.0,0.0,0.0
5691,0.0,0.0,0.0,21.0263701,0.0,0.0,0.0,0.0
5692,0.0,0.0,0.0,19.5464488,0.0,0.0,0.0,0.0
5693,0.0,0.0,0.0,17.4247227,0.0,0.0,0.0,0.0
5694,0.0,0.0,0.0,16.3211561,0.0,0.0,0.0,0.0
5695,0.0,0.0,0.0,17.4294996,0.0,0.0,0.0,0.0
5696,0.0,0.0,0.0,13.1226371,0.0,0.0,0.0,0.0
5697,0.0,0.0,0.0,0.0,0.0,0.0,0.0,0.0
5698,0.0,0.0,0.0,0.0,0.0,0.0,0.0,0.0
5699,0.0,0.0,0.0,0.0,0.0,0.0,0.0,0.0
5700,30.0,0.0,0.0,30.0,0.0,0.0,0.0,0.0
5701,30.0,0.0,0.0,30.0,0.0,0.0,0.0,0.0
5702,30.0,0.0,0.0,30.0,0.0,0.0,0.0,0.0
5703,30.0,0.0,0.0,30.0,0.0,0.0,0.0,0.0
5704,30.0,0.0,0.0,30.0,0.0,0.0,0.0,0.0
5705,30.0,0.0,0.0,30.0,0.0,0.0,0.0,0.0
5706,30.0,0.0,0.0,30.0,0.0,0.0,0.0,0.0
5707,30.0,0.0,0.0,30.0,0.0,0.0,0.0,0.0
5708,26.3706323,0.0,0.0,30.0,0.0,0.0,0.0,0.0
5709,21.3760711,0.0,0.0,30.0,0.0,0.0,0.0,0.0
5710,22.2628093,0.0,0.0,30.0,0.0,0.0,0.0,0.0
5711,26.4922307,0.0,0.0,30.0,0.0,0.0,0.0,0.0
5712,18.196877,0.0,0.0,30.0,0.0,0.0,0.0,0.0
5713,18.1316768,0.0,0.0,30.0,0.0,0.0,0.0,0.0
5714,28.1178562,0.0,0.0,30.0,0.0,0.0,0.0,0.0
5715,30.0,0.0,0.0,30.0,0.0,0.0,0.0,0.0
5716,30.0,0.0,0.0,30.0,0.0,0.0,0.0,0.0
5717,30.0,0.0,0.0,30.0,0.0,0.0,0.0,0.0
5718,30.0,0.0,0.0,30.0,0.0,0.0,0.0,0.0
5719,30.0,0.0,0.0,30.0,0.0,0.0,0.0,0.0
5720,28.4454687,0.0,0.0,30.0,0.0,0.0,0.0,0.0
5721,28.1778277,0.0,0.0,30.0,0.0,0.0,0.0,0.0
5722,28.3437775,0.0,0.0,30.0,0.0,0.0,0.0,0.0
5723,28.1119474,0.0,0.0,30.0,0.0,0.0,0.0,0.0
5724,28.0978062,0.0,0.0,30.0,0.0,0.0,0.0,0.0
5725,28.1495548,0.0,0.0,30.0,0.0,0.0,0.0,0.0
5726,28.1559375,0.0,0.0,30.0,0.0,0.0,0.0,0.0
5727,28.1496542,0.0,0.0,30.0,0.0,0.0,0.0,0.0
5728,28.152458,0.0,0.0,30.0,0.0,0.0,0.0,0.0
5729,28.1573196,0.0,0.0,30.0,0.0,0.0,0.0,0.0
5730,28.160029,0.0,0.0,30.0,0.0,0.0,0.0,0.0
5731,28.1621137,0.0,0.0,30.0,0.0,0.0,0.0,0.0
5732,28.1644086,0.0,0.0,30.0,0.0,0.0,0.0,0.0
5733,28.1666061,0.0,0.0,30.0,0.0,0.0,0.0,0.0
5734,28.1685612,0.0,0.0,30.0,0.0,0.0,0.0,0.0
5735,28.1703543,0.0,0.0,30.0,0.0,0.0,0.0,0.0
5736,28.172027,0.0,0.0,30.0,0.0,0.0,0.0,0.0
5737,28.1735755,0.0,0.0,30.0,0.0,0.0,0.0,0.0
5738,28.1750034,0.0,0.0,30.0,0.0,0.0,0.0,0.0
5739,28.1763228,0.0,0.0,30.0,0.0,0.0,0.0,0.0
5740,28.1775428,0.0,0.0,30.0,0.0,0.0,0.0,0.0
5741,28.1786706,0.0,0.0,30.0,0.0,0.0,0.0,0.0
5742,28.1797129,0.0,0.0,30.0,0.0,0.0,0.0,0.0
5743,28.1806763,0.0,0.0,30.0,0.0,0.0,0.0,0.0
5744,28.1815669,0.0,0.0,30.0,0.0,0.0,0.0,0.0
5745,28.1823902,0.0,0.0,30.0,0.0,0.0,0.0,0.0
5746,28.1831512,0.0,0.0,30.0,0.0,0.0,0.0,0.0
5747,28.1838548,0.0,0.0,30.0,0.0,0.0,0.0,0.0
5748,28.1845054,0.0,0.0,30.0,0.0,0.0,0.0,0.0
5749,28.1851069,0.0,0.0,30.0,0.0,0.0,0.0,0.0
5750,28.1856631,0.0,0.0,30.0,0.0,0.0,0.0,0.0
5751,28.1861776,0.0,0.0,30.0,0.0,0.0,0.0,0.0
5752,28.1866534,0.0,0.0,30.0,0.0,0.0,0.0,0.0
5753,28.1870936,0.0,0.0,30.0,0.0,0.0,0.0,0.0
5754,28.1875008,0.0,0.0,30.0,0.0,0.0,0.0,0.0
5755,28.1878777,0.0,0.0,30.0,0.0,0.0,0.0,0.0
5756,28.1882266,0.0,0.0,30.0,0.0,0.0,0.0,0.0
5757,28.1885496,0.0,0.0,30.0,0.0,0.0,0.0,0.0
5758,28.1888488,0.0,0.0,30.0,0.0,0.0,0.0,0.0
5759,28.189126,0.0,0.0,30.0,0.0,0.0,0.0,0.0
5760,28.1893829,0.0,0.0,30.0,0.0,0.0,0.0,0.0
5761,28.1896212,0.0,0.0,30.0,0.0,0.0,0.0,0.0
5762,28.1898423,0.0,0.0,30.0,0.0,0.0,0.0,0.0
5763,28.1900476,0.0,0.0,30.0,0.0,0.0,0.0,0.0
5764,28.1902384,0.0,0.0,30.0,0.0,0.0,0.0,0.0
5765,28.1904158,0.0,0.0,30.0,0.0,0.0,0.0,0.0
5766,28.1905811,0.0,0.0,30.0,0.0,0.0,0.0,0.0
5767,28.1907351,0.0,0.0,30.0,0.0,0.0,0.0,0.0
5768,28.1908789,0.0,0.0,30.0,0.0,0.0,0.0,0.0
5769,28.1910133,0.0,0.0,30.0,0.0,0.0,0.0,0.0
5770,28.1911393,0.0,0.0,30.0,0.0,0.0,0.0,0.0
5771,28.1912575,0.0,0.0,30.0,0.0,0.0,0.0,0.0
5772,28.1913687,0.0,0.0,30.0,0.0,0.0,0.0,0.0
5773,28.1914737,0.0,0.0,30.0,0.0,0.0,0.0,0.0
5774,28.1915729,0.0,0.0,30.0,0.0,0.0,0.0,0.0
5775,28.1916672,0.0,0.0,30.0,0.0,0.0,0.0,0.0
5776,28.191757,0.0,0.0,30.0,0.0,0.0,0.0,0.0
5777,28.191843,0.0,0.0,30.0,0.0,0.0,0.0,0.0
5778,28.1919256,0.0,0.0,30.0,0.0,0.0,0.0,0.0
5779,28.1920053,0.0,0.0,30.0,0.0,0.0,0.0,0.0
5780,28.1920828,0.0,0.0,30.0,0.0,0.0,0.0,0.0
5781,28.1921584,0.0,0.0,30.0,0.0,0.0,0.0,0.0
5782,28.1922325,0.0,0.0,30.0,0.0,0.0,0.0,0.0
5783,28.1923058,0.0,0.0,30.0,0.0,0.0,0.0,0.0
5784,28.1923786,0.0,0.0,30.0,0.0,0.0,0.0,0.0
5785,28.1924514,0.0,0.0,30.0,0.0,0.0,0.0,0.0
5786,28.1925247,0.0,0.0,30.0,0.0,0.0,0.0,0.0
5787,28.1925988,0.0,0.0,30.0,0.0,0.0,0.0,0.0
5788,28.1926743,0.0,0.0,30.0,0.0,0.0,0.0,0.0
5789,28.1927516,0.0,0.0,30.0,0.0,0.0,0.0,0.0
5790,28.1928313,0.0,0.0,30.0,0.0,0.0,0.0,0.0
5791,28.1929137,0.0,0.0,30.0,0.0,0.0,0.0,0.0
5792,28.1929994,0.0,0.0,30.0,0.0,0.0,0.0,0.0
5793,28.193089,0.0,0.0,30.0,0.0,0.0,0.0,0.0
5794,28.1931831,0.0,0.0,30.0,0.0,0.0,0.0,0.0
5795,28.1932821,0.0,0.0,30.0,0.0,0.0,0.0,0.0
5796,28.1933867,0.0,0.0,30.0,0.0,0.0,0.0,0.0
5797,28.1934976,0.0,0.0,30.0,0.0,0.0,0.0,0.0
5798,28.1936154,0.0,0.0,30.0,0.0,0.0,0.0,0.0
5799,28.193741,0.0,0.0,30.0,0.0,0.0,0.0,0.0
5800,28.193875,0.0,0.0,30.0,0.0,0.0,0.0,0.0
5801,28.1940183,0.0,0.0,30.0,0.0,0.0,0.0,0.0
5802,28.1941718,0.0,0.0,30.0,0.0,0.0,0.0,0.0
5803,28.1943364,0.0,0.0,30.0,0.0,0.0,0.0,0.0
5804,28.1945132,0.0,0.0,30.0,0.0,0.0,0.0,0.0
5805,28.1947033,0.0,0.0,30.0,0.0,0.0,0.0,0.0
5806,28.1949079,0.0,0.0,30.0,0.0,0.0,0.0,0.0
5807,28.1951282,0.0,0.0,30.0,0.0,0.0,0.0,0.0
5808,28.1953656,0.0,0.0,30.0,0.0,0.0,0.0,0.0
5809,28.1956216,0.0,0.0,30.0,0.0,0.0,0.0,0.0
5810,28.1958978,0.0,0.0,30.0,0.0,0.0,0.0,0.0
5811,28.1961959,0.0,0.0,30.0,0.0,0.0,0.0,0.0
5812,28.1965177,0.0,0.0,30.0,0.0,0.0,0.0,0.0
5813,28.1968653,0.0,0.0,30.0,0.0,0.0,0.0,0.0
5814,28.1972408,0.0,0.0,30.0,0.0,0.0,0.0,0.0
5815,28.1976466,0.0,0.0,30.0,0.0,0.0,0.0,0.0
5816,28.1980852,0.0,0.0,30.0,0.0,0.0,0.0,0.0
5817,28.1985593,0.0,0.0,30.0,0.0,0.0,0.0,0.0
5818,28.1990719,0.0,0.0,30.0,0.0,0.0,0.0,0.0
5819,28.1996261,0.0,0.0,30.0,0.0,0.0,0.0,0.0
5820,28.2002255,0.0,0.0,30.0,0.0,0.0,0.0,0.0
5821,28.2008737,0.0,0.0,30.0,0.0,0.0,0.0,0.0
5822,28.2015749,0.0,0.0,30.0,0.0,0.0,0.0,0.0
5823,28.2023332,0.0,0.0,30.0,0.0,0.0,0.0,0.0
5824,28.2031536,0.0,0.0,30.0,0.0,0.0,0.0,0.0
5825,28.204041,0.0,0.0,30.0,0.0,0.0,0.0,0.0
5826,28.2050011,0.0,0.0,30.0,0.0,0.0,0.0,0.0
5827,28.2060397,0.0,0.0,30.0,0.0,0.0,0.0,0.0
5828,28.2071635,0.0,0.0,30.0,0.0,0.0,0.0,0.0
5829,28.2083792,0.0,0.0,30.0,0.0,0.0,0.0,0.0
5830,28.2096946,0.0,0.0,30.0,0.0,0.0,0.0,0.0
5831,28.2111179,0.0,0.0,30.0,0.0,0.0,0.0,0.0
5832,28.2126578,0.0,0.0,30.0,0.0,0.0,0.0,0.0
5833,28.214324,0.0,0.0,30.0,0.0,0.0,0.0,0.0
5834,28.2161268,0.0,0.0,30.0,0.0,0.0,0.0,0.0
5835,28.2180776,0.0,0.0,30.0,0.0,0.0,0.0,0.0
5836,28.2201883,0.0,0.0,30.0,0.0,0.0,0.0,0.0
5837,28.2224723,0.0,0.0,30.0,0.0,0.0,0.0,0.0
5838,28.2249436,0.0,0.0,30.0,0.0,0.0,0.0,0.0
5839,28.2276177,0.0,0.0,30.0,0.0,0.0,0.0,0.0
5840,28.2305113,0.0,0.0,30.0,0.0,0.0,0.0,0.0
5841,28.2336423,0.0,0.0,30.0,0.0,0.0,0.0,0.0
5842,28.2370303,0.0,0.0,30.0,0.0,0.0,0.0,0.0
5843,28.2406963,0.0,0.0,30.0,0.0,0.0,0.0,0.0
5844,28.2446632,0.0,0.0,30.0,0.0,0.0,0.0,0.0
5845,28.2489557,0.0,0.0,30.0,0.0,0.0,0.0,0.0
5846,28.2536006,0.0,0.0,30.0,0.0,0.0,0.0,0.0
5847,28.2586266,0.0,0.0,30.0,0.0,0.0,0.0,0.0
5848,28.2640653,0.0,0.0,30.0,0.0,0.0,0.0,0.0
5849,28.2699503,0.0,0.0,30.0,0.0,0.0,0.0,0.0
5850,28.2763184,0.0,0.0,30.0,0.0,0.0,0.0,0.0
5851,28.2832092,0.0,0.0,30.0,0.0,0.0,0.0,0.0
5852,28.2906656,0.0,0.0,30.0,0.0,0.0,0.0,0.0
5853,28.2987341,0.0,0.0,30.0,0.0,0.0,0.0,0.0
5854,28.3074649,0.0,0.0,30.0,0.0,0.0,0.0,0.0
5855,28.3169124,0.0,0.0,30.0,0.0,0.0,0.0,0.0
5856,28.3271354,0.0,0.0,30.0,0.0,0.0,0.0,0.0
5857,28.3381975,0.0,0.0,30.0,0.0,0.0,0.0,0.0
5858,28.3501677,0.0,0.0,30.0,0.0,0.0,0.0,0.0
5859,28.3631205,0.0,0.0,30.0,0.0,0.0,0.0,0.0
5860,28.3771365,0.0,0.0,30.0,0.0,0.0,0.0,0.0
5861,28.3923031,0.0,0.0,30.0,0.0,0.0,0.0,0.0
5862,28.4087147,0.0,0.0,30.0,0.0,0.0,0.0,0.0
5863,28.4264734,0.0,0.0,30.0,0.0,0.0,0.0,0.0
5864,28.4456899,0.0,0.0,30.0,0.0,0.0,0.0,0.0
5865,28.4664838,0.0,0.0,30.0,0.0,0.0,0.0,0.0
5866,28.4889846,0.0,0.0,30.0,0.0,0.0,0.0,0.0
5867,28.5133327,0.0,0.0,30.0,0.0,0.0,0.0,0.0
5868,28.5396796,0.0,0.0,30.0,0.0,0.0,0.0,0.0
5869,28.5681877,0.0,0.0,30.0,0.0,0.0,0.0,0.0
5870,28.5990353,0.0,0.0,30.0,0.0,0.0,0.0,0.0
5871,28.6324232,0.0,0.0,30.0,0.0,0.0,0.0,0.0
5872,28.6685541,0.0,0.0,30.0,0.0,0.0,0.0,0.0
5873,28.7076104,0.0,0.0,30.0,0.0,0.0,0.0,0.0
5874,28.7498654,0.0,0.0,30.0,0.0,0.0,0.0,0.0
5875,28.7957909,0.0,0.0,30.0,0.0,0.0,0.0,0.0
5876,28.8455011,0.0,0.0,30.0,0.0,0.0,0.0,0.0
5877,28.8982884,0.0,0.0,30.0,0.0,0.0,0.0,0.0
5878,28.9554422,0.0,0.0,30.0,0.0,0.0,0.0,0.0
5879,29.0222635,0.0,0.0,30.0,0.0,0.0,0.0,0.0
5880,29.0938774,0.0,0.0,30.0,0.0,0.0,0.0,0.0
5881,29.1467465,0.0,0.0,30.0,0.0,0.0,0.0,0.0
5882,29.2100069,0.0,0.0,30.0,0.0,0.0,0.0,0.0
5883,29.4000236,0.0,0.0,30.0,0.0,0.0,0.0,0.0
5884,29.5627604,0.0,0.0,30.0,0.0,0.0,0.0,0.0
5885,29.138236,0.0,0.0,30.0,0.0,0.0,0.0,0.0
5886,29.0148353,0.0,0.0,30.0,0.0,0.0,0.0,0.0
5887,29.9065165,0.0,0.0,30.0,0.0,0.0,0.0,0.0
5888,30.0,0.0,0.0,30.0,0.0,0.0,0.0,0.0
5889,30.0,0.0,0.0,30.0,0.0,0.0,0.0,0.0
5890,23.8910993,0.0,0.0,30.0,0.0,0.0,0.0,0.0
5891,23.6889107,0.0,0.0,30.0,0.0,0.0,0.0,0.0
5892,0.0,0.0,0.0,0.0,0.0,0.0,0.0,0.0
5893,30.0,0.0,0.0,4.24215555,0.0,0.0,0.0,0.0
5894,30.0,0.0,0.0,6.21558261,0.0,0.0,0.0,0.0
5895,0.0,0.0,0.0,16.821143,0.0,0.0,0.0,0.0
5896,0.0,0.0,0.0,22.0224509,0.0,0.0,0.0,0.0
5897,0.0,0.0,0.0,23.4858191,0.0,0.0,0.0,0.0
5898,0.0,0.0,0.0,23.9723774,0.0,0.0,0.0,0.0
5899,0.0,0.0,0.0,24.8689566,0.0,0.0,0.0,0.0
5900,0.0,0.0,0.0,25.7150738,0.0,0.0,0.0,0.0
5901,0.0,0.0,0.0,26.3186973,0.0,0.0,0.0,0.0
5902,0.0,0.0,0.0,26.7653254,0.0,0.0,0.0,0.0
5903,0.0,0.0,0.0,27.0895284,0.0,0.0,0.0,0.0
5904,0.0,0.0,0.0,27.2822035,0.0,0.0,0.0,0.0
5905,0.0,0.0,0.0,27.3413161,0.0,0.0,0.0,0.0
5906,0.0,0.0,0.0,27.2695901,0.0,0.0,0.0,0.0
5907,0.0,0.0,0.0,27.0673952,0.0,0.0,0.0,0.0
5908,0.0,0.0,0.0,26.7324818,0.0,0.0,0.0,0.0
5909,0.0,0.0,0.0,26.256775,0.0,0.0,0.0,0.0
5910,0.0,0.0,0.0,25.6323564,0.0,0.0,0.0,0.0
5911,0.0,0.0,0.0,24.8783767,0.0,0.0,0.0,0.0
5912,0.0,0.0,0.0,23.9967867,0.0,0.0,0.0,0.0
5913,0.0,0.0,0.0,22.8047231,0.0,0.0,0.0,0.0
5914,0.0,0.0,0.0,21.247438,0.0,0.0,0.0,0.0
5915,0.0,0.0,0.0,20.4247573,0.0,0.0,0.0,0.0
5916,0.0,0.0,0.0,20.4007986,0.0,0.0,0.0,0.0
5917,0.0,0.0,0.0,13.9581131,0.0,0.0,0.0,0.0
5918,0.0,0.0,0.0,1.89195953,0.0,0.0,0.0,0.0
5919,0.0,0.0,0.0,5.90614328,0.0,0.0,0.0,0.0
5920,30.0,0.0,0.0,30.0,0.0,0.0,0.0,0.0
5921,30.0,0.0,0.0,30.0,0.0,0.0,0.0,0.0
5922,30.0,0.0,0.0,30.0,0.0,0.0,0.0,0.0
5923,30.0,0.0,0.0,30.0,0.0,0.0,0.0,0.0
5924,30.0,0.0,0.0,30.0,0.0,0.0,0.0,0.0
5925,30.0,0.0,0.0,30.0,0.0,0.0,0.0,0.0
5926,30.0,0.0,0.0,30.0,0.0,0.0,0.0,0.0
5927,30.0,0.0,0.0,30.0,0.0,0.0,0.0,0.0
5928,30.0,0.0,0.0,30.0,0.0,0.0,0.0,0.0
5929,30.0,0.0,0.0,30.0,0.0,0.0,0.0,0.0
5930,30.0,0.0,0.0,30.0,0.0,0.0,0.0,0.0
5931,30.0,0.0,0.0,30.0,0.0,0.0,0.0,0.0
5932,28.7631917,0.0,0.0,30.0,0.0,0.0,0.0,0.0
5933,23.5071464,0.0,0.0,30.0,0.0,0.0,0.0,0.0
5934,24.4810295,0.0,0.0,30.0,0.0,0.0,0.0,0.0
5935,30.0,0.0,0.0,30.0,0.0,0.0,0.0,0.0
5936,30.0,0.0,0.0,30.0,0.0,0.0,0.0,0.0
5937,30.0,0.0,0.0,30.0,0.0,0.0,0.0,0.0
5938,30.0,0.0,0.0,30.0,0.0,0.0,0.0,0.0
5939,30.0,0.0,0.0,30.0,0.0,0.0,0.0,0.0
5940,29.3428211,0.0,0.0,30.0,0.0,0.0,0.0,0.0
5941,28.9123013,0.0,0.0,30.0,0.0,0.0,0.0,0.0
5942,28.8323665,0.0,0.0,30.0,0.0,0.0,0.0,0.0
5943,28.6408366,0.0,0.0,30.0,0.0,0.0,0.0,0.0
5944,28.6215593,0.0,0.0,30.0,0.0,0.0,0.0,0.0
5945,28.6172925,0.0,0.0,30.0,0.0,0.0,0.0,0.0
5946,28.5814906,0.0,0.0,30.0,0.0,0.0,0.0,0.0
5947,28.5463496,0.0,0.0,30.0,0.0,0.0,0.0,0.0
5948,28.5203377,0.0,0.0,30.0,0.0,0.0,0.0,0.0
5949,28.496575,0.0,0.0,30.0,0.0,0.0,0.0,0.0
5950,28.4733069,0.0,0.0,30.0,0.0,0.0,0.0,0.0
5951,28.4517763,0.0,0.0,30.0,0.0,0.0,0.0,0.0
5952,28.4321432,0.0,0.0,30.0,0.0,0.0,0.0,0.0
5953,28.4139995,0.0,0.0,30.0,0.0,0.0,0.0,0.0
5954,28.3971791,0.0,0.0,30.0,0.0,0.0,0.0,0.0
5955,28.3816359,0.0,0.0,30.0,0.0,0.0,0.0,0.0
5956,28.3672826,0.0,0.0,30.0,0.0,0.0,0.0,0.0
5957,28.3540178,0.0,0.0,30.0,0.0,0.0,0.0,0.0
5958,28.3417573,0.0,0.0,30.0,0.0,0.0,0.0,0.0
5959,28.3304271,0.0,0.0,30.0,0.0,0.0,0.0,0.0
5960,28.319957,0.0,0.0,30.0,0.0,0.0,0.0,0.0
5961,28.3102813,0.0,0.0,30.0,0.0,0.0,0.0,0.0
5962,28.3013398,0.0,0.0,30.0,0.0,0.0,0.0,0.0
5963,28.2930767,0.0,0.0,30.0,0.0,0.0,0.0,0.0
5964,28.2854407,0.0,0.0,30.0,0.0,0.0,0.0,0.0
5965,28.2783842,0.0,0.0,30.0,0.0,0.0,0.0,0.0
5966,28.2718632,0.0,0.0,30.0,0.0,0.0,0.0,0.0
5967,28.2658372,0.0,0.0,30.0,0.0,0.0,0.0,0.0
5968,28.2602687,0.0,0.0,30.0,0.0,0.0,0.0,0.0
5969,28.2551228,0.0,0.0,30.0,0.0,0.0,0.0,0.0
5970,28.2503677,0.0,0.0,30.0,0.0,0.0,0.0,0.0
5971,28.2459737,0.0,0.0,30.0,0.0,0.0,0.0,0.0
5972,28.2419135,0.0,0.0,30.0,0.0,0.0,0.0,0.0
5973,28.2381617,0.0,0.0,30.0,0.0,0.0,0.0,0.0
5974,28.234695,0.0,0.0,30.0,0.0,0.0,0.0,0.0
5975,28.2314918,0.0,0.0,30.0,0.0,0.0,0.0,0.0
5976,28.2285321,0.0,0.0,30.0,0.0,0.0,0.0,0.0
5977,28.2257976,0.0,0.0,30.0,0.0,0.0,0.0,0.0
5978,28.2232711,0.0,0.0,30.0,0.0,0.0,0.0,0.0
5979,28.2209371,0.0,0.0,30.0,0.0,0.0,0.0,0.0
5980,28.2187809,0.0,0.0,30.0,0.0,0.0,0.0,0.0
5981,28.216789,0.0,0.0,30.0,0.0,0.0,0.0,0.0
5982,28.2149492,0.0,0.0,30.0,0.0,0.0,0.0,0.0
5983,28.2132499,0.0,0.0,30.0,0.0,0.0,0.0,0.0
5984,28.2116806,0.0,0.0,30.0,0.0,0.0,0.0,0.0
5985,28.2102315,0.0,0.0,30.0,0.0,0.0,0.0,0.0
5986,28.2088935,0.0,0.0,30.0,0.0,0.0,0.0,0.0
5987,28.2076584,0.0,0.0,30.0,0.0,0.0,0.0,0.0
5988,28.2065184,0.0,0.0,30.0,0.0,0.0,0.0,0.0
5989,28.2054664,0.0,0.0,30.0,0.0,0.0,0.0,0.0
5990,28.204496,0.0,0.0,30.0,0.0,0.0,0.0,0.0
5991,28.203601,0.0,0.0,30.0,0.0,0.0,0.0,0.0
5992,28.2027758,0.0,0.0,30.0,0.0,0.0,0.0,0.0
5993,28.2020154,0.0,0.0,30.0,0.0,0.0,0.0,0.0
5994,28.201315,0.0,0.0,30.0,0.0,0.0,0.0,0.0
5995,28.2006702,0.0,0.0,30.0,0.0,0.0,0.0,0.0
5996,28.2000771,0.0,0.0,30.0,0.0,0.0,0.0,0.0
5997,28.1995319,0.0,0.0,30.0,0.0,0.0,0.0,0.0
5998,28.1990312,0.0,0.0,30.0,0.0,0.0,0.0,0.0
5999,28.1985719,0.0,0.0,30.0,0.0,0.0,0.0,0.0
6000,28.1981512,0.0,0.0,30.0,0.0,0.0,0.0,0.0
6001,28.1977665,0.0,0.0,30.0,0.0,0.0,0.0,0.0
6002,28.1974152,0.0,0.0,30.0,0.0,0.0,0.0,0.0
6003,28.1970954,0.0,0.0,30.0,0.0,0.0,0.0,0.0
6004,28.1968048,0.0,0.0,30.0,0.0,0.0,0.0,0.0
6005,28.1965419,0.0,0.0,30.0,0.0,0.0,0.0,0.0
6006,28.1963048,0.0,0.0,30.0,0.0,0.0,0.0,0.0
6007,28.1960922,0.0,0.0,30.0,0.0,0.0,0.0,0.0
6008,28.1959027,0.0,0.0,30.0,0.0,0.0,0.0,0.0
6009,28.1957351,0.0,0.0,30.0,0.0,0.0,0.0,0.0
6010,28.1955884,0.0,0.0,30.0,0.0,0.0,0.0,0.0
6011,28.1954617,0.0,0.0,30.0,0.0,0.0,0.0,0.0
6012,28.1953541,0.0,0.0,30.0,0.0,0.0,0.0,0.0
6013,28.1952651,0.0,0.0,30.0,0.0,0.0,0.0,0.0
6014,28.195194,0.0,0.0,30.0,0.0,0.0,0.0,0.0
6015,28.1951405,0.0,0.0,30.0,0.0,0.0,0.0,0.0
6016,28.1951041,0.0,0.0,30.0,0.0,0.0,0.0,0.0
6017,28.1950847,0.0,0.0,30.0,0.0,0.0,0.0,0.0
6018,28.1950822,0.0,0.0,30.0,0.0,0.0,0.0,0.0
6019,28.1950964,0.0,0.0,30.0,0.0,0.0,0.0,0.0
6020,28.1951276,0.0,0.0,30.0,0.0,0.0,0.0,0.0
6021,28.1951759,0.0,0.0,30.0,0.0,0.0,0.0,0.0
6022,28.1952416,0.0,0.0,30.0,0.0,0.0,0.0,0.0
6023,28.1953251,0.0,0.0,30.0,0.0,0.0,0.0,0.0
6024,28.1954269,0.0,0.0,30.0,0.0,0.0,0.0,0.0
6025,28.1955477,0.0,0.0,30.0,0.0,0.0,0.0,0.0
6026,28.1956882,0.0,0.0,30.0,0.0,0.0,0.0,0.0
6027,28.1958493,0.0,0.0,30.0,0.0,0.0,0.0,0.0
6028,28.196032,0.0,0.0,30.0,0.0,0.0,0.0,0.0
6029,28.1962374,0.0,0.0,30.0,0.0,0.0,0.0,0.0
6030,28.1964669,0.0,0.0,30.0,0.0,0.0,0.0,0.0
6031,28.1967218,0.0,0.0,30.0,0.0,0.0,0.0,0.0
6032,28.1970037,0.0,0.0,30.0,0.0,0.0,0.0,0.0
6033,28.1973145,0.0,0.0,30.0,0.0,0.0,0.0,0.0
6034,28.1976559,0.0,0.0,30.0,0.0,0.0,0.0,0.0
6035,28.1980302,0.0,0.0,30.0,0.0,0.0,0.0,0.0
6036,28.1984397,0.0,0.0,30.0,0.0,0.0,0.0,0.0
6037,28.1988869,0.0,0.0,30.0,0.0,0.0,0.0,0.0
6038,28.1993746,0.0,0.0,30.0,0.0,0.0,0.0,0.0
6039,28.1999059,0.0,0.0,30.0,0.0,0.0,0.0,0.0
6040,28.2004841,0.0,0.0,30.0,0.0,0.0,0.0,0.0
6041,28.2011127,0.0,0.0,30.0,0.0,0.0,0.0,0.0
6042,28.2017957,0.0,0.0,30.0,0.0,0.0,0.0,0.0
6043,28.2025373,0.0,0.0,30.0,0.0,0.0,0.0,0.0
6044,28.2033422,0.0,0.0,30.0,0.0,0.0,0.0,0.0
6045,28.2042153,0.0,0.0,30.0,0.0,0.0,0.0,0.0
6046,28.2051621,0.0,0.0,30.0,0.0,0.0,0.0,0.0
6047,28.2061886,0.0,0.0,30.0,0.0,0.0,0.0,0.0
6048,28.207301,0.0,0.0,30.0,0.0,0.0,0.0,0.0
6049,28.2085063,0.0,0.0,30.0,0.0,0.0,0.0,0.0
6050,28.2098121,0.0,0.0,30.0,0.0,0.0,0.0,0.0
6051,28.2112264,0.0,0.0,30.0,0.0,0.0,0.0,0.0
6052,28.2127581,0.0,0.0,30.0,0.0,0.0,0.0,0.0
6053,28.2144167,0.0,0.0,30.0,0.0,0.0,0.0,0.0
6054,28.2162125,0.0,0.0,30.0,0.0,0.0,0.0,0.0
6055,28.2181567,0.0,0.0,30.0,0.0,0.0,0.0,0.0
6056,28.2202615,0.0,0.0,30.0,0.0,0.0,0.0,0.0
6057,28.2225399,0.0,0.0,30.0,0.0,0.0,0.0,0.0
6058,28.2250061,0.0,0.0,30.0,0.0,0.0,0.0,0.0
6059,28.2276754,0.0,0.0,30.0,0.0,0.0,0.0,0.0
6060,28.2305646,0.0,0.0,30.0,0.0,0.0,0.0,0.0
6061,28.2336916,0.0,0.0,30.0,0.0,0.0,0.0,0.0
6062,28.2370758,0.0,0.0,30.0,0.0,0.0,0.0,0.0
6063,28.2407384,0.0,0.0,30.0,0.0,0.0,0.0,0.0
6064,28.2447021,0.0,0.0,30.0,0.0,0.0,0.0,0.0
6065,28.2489917,0.0,0.0,30.0,0.0,0.0,0.0,0.0
6066,28.2536338,0.0,0.0,30.0,0.0,0.0,0.0,0.0
6067,28.2586573,0.0,0.0,30.0,0.0,0.0,0.0,0.0
6068,28.2640936,0.0,0.0,30.0,0.0,0.0,0.0,0.0
6069,28.2699765,0.0,0.0,30.0,0.0,0.0,0.0,0.0
6070,28.2763426,0.0,0.0,30.0,0.0,0.0,0.0,0.0
6071,28.2832315,0.0,0.0,30.0,0.0,0.0,0.0,0.0
6072,28.2906863,0.0,0.0,30.0,0.0,0.0,0.0,0.0
6073,28.2987532,0.0,0.0,30.0,0.0,0.0,0.0,0.0
6074,28.3074826,0.0,0.0,30.0,0.0,0.0,0.0,0.0
6075,28.3169287,0.0,0.0,30.0,0.0,0.0,0.0,0.0
6076,28.3271504,0.0,0.0,30.0,0.0,0.0,0.0,0.0
6077,28.3382114,0.0,0.0,30.0,0.0,0.0,0.0,0.0
6078,28.3501806,0.0,0.0,30.0,0.0,0.0,0.0,0.0
6079,28.3631324,0.0,0.0,30.0,0.0,0.0,0.0,0.0
6080,28.3771475,0.0,0.0,30.0,0.0,0.0,0.0,0.0
6081,28.3923132,0.0,0.0,30.0,0.0,0.0,0.0,0.0
6082,28.408724,0.0,0.0,30.0,0.0,0.0,0.0,0.0
6083,28.4264821,0.0,0.0,30.0,0.0,0.0,0.0,0.0
6084,28.4456979,0.0,0.0,30.0,0.0,0.0,0.0,0.0
6085,28.4664912,0.0,0.0,30.0,0.0,0.0,0.0,0.0
6086,28.4889914,0.0,0.0,30.0,0.0,0.0,0.0,0.0
6087,28.513339,0.0,0.0,30.0,0.0,0.0,0.0,0.0
6088,28.5396854,0.0,0.0,30.0,0.0,0.0,0.0,0.0
6089,28.568193,0.0,0.0,30.0,0.0,0.0,0.0,0.0
6090,28.5990402,0.0,0.0,30.0,0.0,0.0,0.0,0.0
6091,28.6324277,0.0,0.0,30.0,0.0,0.0,0.0,0.0
6092,28.6685583,0.0,0.0,30.0,0.0,0.0,0.0,0.0
6093,28.7076143,0.0,0.0,30.0,0.0,0.0,0.0,0.0
6094,28.749869,0.0,0.0,30.0,0.0,0.0,0.0,0.0
6095,28.7957942,0.0,0.0,30.0,0.0,0.0,0.0,0.0
6096,28.8455041,0.0,0.0,30.0,0.0,0.0,0.0,0.0
6097,28.8982912,0.0,0.0,30.0,0.0,0.0,0.0,0.0
6098,28.9554447,0.0,0.0,30.0,0.0,0.0,0.0,0.0
6099,29.0222659,0.0,0.0,30.0,0.0,0.0,0.0,0.0
6100,29.0938795,0.0,0.0,30.0,0.0,0.0,0.0,0.0
6101,29.1467485,0.0,0.0,30.0,0.0,0.0,0.0,0.0
6102,29.2100087,0.0,0.0,30.0,0.0,0.0,0.0,0.0
6103,29.4000252,0.0,0.0,30.0,0.0,0.0,0.0,0.0
6104,29.5627618,0.0,0.0,30.0,0.0,0.0,0.0,0.0
6105,29.1382372,0.0,0.0,30.0,0.0,0.0,0.0,0.0
6106,29.0148366,0.0,0.0,30.0,0.0,0.0,0.0,0.0
6107,29.9065178,0.0,0.0,30.0,0.0,0.0,0.0,0.0
6108,30.0,0.0,0.0,30.0,0.0,0.0,0.0,0.0
6109,30.0,0.0,0.0,30.0,0.0,0.0,0.0,0.0
6110,23.8911033,0.0,0.0,30.0,0.0,0.0,0.0,0.0
6111,23.6889134,0.0,0.0,30.0,0.0,0.0,0.0,0.0
6112,0.0,0.0,0.0,0.0,0.0,0.0,0.0,0.0
6113,30.0,0.0,0.0,4.21859505,0.0,0.0,0.0,0.0
6114,30.0,0.0,0.0,6.18726477,0.0,0.0,0.0,0.0
6115,0.0,0.0,0.0,16.7900556,0.0,0.0,0.0,0.0
6116,0.0,0.0,0.0,21.9789414,0.0,0.0,0.0,0.0
6117,0.0,0.0,0.0,23.4345668,0.0,0.0,0.0,0.0
6118,0.0,0.0,0.0,23.9140565,0.0,0.0,0.0,0.0
6119,0.0,0.0,0.0,24.8020415,0.0,0.0,0.0,0.0
6120,0.0,0.0,0.0,25.6386006,0.0,0.0,0.0,0.0
6121,0.0,0.0,0.0,26.2319011,0.0,0.0,0.0,0.0
6122,0.0,0.0,0.0,26.6672088,0.0,0.0,0.0,0.0
6123,0.0,0.0,0.0,26.9789123,0.0,0.0,0.0,0.0
6124,0.0,0.0,0.0,27.1577817,0.0,0.0,0.0,0.0
6125,0.0,0.0,0.0,27.2016445,0.0,0.0,0.0,0.0
6126,0.0,0.0,0.0,27.11303,0.0,0.0,0.0,0.0
6127,0.0,0.0,0.0,26.8919937,0.0,0.0,0.0,0.0
6128,0.0,0.0,0.0,26.5361614,0.0,0.0,0.0,0.0
6129,0.0,0.0,0.0,26.0379339,0.0,0.0,0.0,0.0
6130,0.0,0.0,0.0,25.3883823,0.0,0.0,0.0,0.0
6131,0.0,0.0,0.0,24.6018378,0.0,0.0,0.0,0.0
6132,0.0,0.0,0.0,23.6854333,0.0,0.0,0.0,0.0
6133,0.0,0.0,0.0,22.4841006,0.0,0.0,0.0,0.0
6134,0.0,0.0,0.0,20.9023724,0.0,0.0,0.0,0.0
6135,0.0,0.0,0.0,19.8649141,0.0,0.0,0.0,0.0
6136,0.0,0.0,0.0,19.7244474,0.0,0.0,0.0,0.0
6137,0.0,0.0,0.0,14.3398563,0.0,0.0,0.0,0.0
6138,0.0,0.0,0.0,2.43748084,0.0,0.0,0.0,0.0
6139,0.0,0.0,0.0,3.65831342,0.0,0.0,0.0,0.0
6140,30.0,0.0,0.0,30.0,0.0,0.0,0.0,0.0
6141,30.0,0.0,0.0,30.0,0.0,0.0,0.0,0.0
6142,30.0,0.0,0.0,30.0,0.0,0.0,0.0,0.0
6143,30.0,0.0,0.0,30.0,0.0,0.0,0.0,0.0
6144,30.0,0.0,0.0,30.0,0.0,0.0,0.0,0.0
6145,30.0,0.0,0.0,30.0,0.0,0.0,0.0,0.0
6146,30.0,0.0,0.0,30.0,0.0,0.0,0.0,0.0
6147,17.4433495,0.0,0.0,30.0,0.0,0.0,0.0,0.0
6148,14.0733843,0.0,0.0,30.0,0.0,0.0,0.0,0.0
6149,19.6867302,0.0,0.0,30.0,0.0,0.0,0.0,0.0
6150,22.6703844,0.0,0.0,30.0,0.0,0.0,0.0,0.0
6151,20.6659028,0.0,0.0,30.0,0.0,0.0,0.0,0.0
6152,20.2527425,0.0,0.0,30.0,0.0,0.0,0.0,0.0
6153,22.9412901,0.0,0.0,30.0,0.0,0.0,0.0,0.0
6154,27.0508486,0.0,0.0,30.0,0.0,0.0,0.0,0.0
6155,30.0,0.0,0.0,30.0,0.0,0.0,0.0,0.0
6156,30.0,0.0,0.0,30.0,0.0,0.0,0.0,0.0
6157,30.0,0.0,0.0,30.0,0.0,0.0,0.0,0.0
6158,30.0,0.0,0.0,30.0,0.0,0.0,0.0,0.0
6159,30.0,0.0,0.0,30.0,0.0,0.0,0.0,0.0
6160,28.3494156,0.0,0.0,30.0,0.0,0.0,0.0,0.0
6161,28.1294247,0.0,0.0,30.0,0.0,0.0,0.0,0.0
6162,28.3890127,0.0,0.0,30.0,0.0,0.0,0.0,0.0
6163,28.0294322,0.0,0.0,30.0,0.0,0.0,0.0,0.0
6164,28.0096179,0.0,0.0,30.0,0.0,0.0,0.0,0.0
6165,28.0932507,0.0,0.0,30.0,0.0,0.0,0.0,0.0
6166,28.1057736,0.0,0.0,30.0,0.0,0.0,0.0,0.0
6167,28.0981793,0.0,0.0,30.0,0.0,0.0,0.0,0.0
6168,28.1046207,0.0,0.0,30.0,0.0,0.0,0.0,0.0
6169,28.1141478,0.0,0.0,30.0,0.0,0.0,0.0,0.0
6170,28.1201638,0.0,0.0,30.0,0.0,0.0,0.0,0.0
6171,28.1250631,0.0,0.0,30.0,0.0,0.0,0.0,0.0
6172,28.1301667,0.0,0.0,30.0,0.0,0.0,0.0,0.0
6173,28.1350041,0.0,0.0,30.0,0.0,0.0,0.0,0.0
6174,28.139356,0.0,0.0,30.0,0.0,0.0,0.0,0.0
6175,28.143356,0.0,0.0,30.0,0.0,0.0,0.0,0.0
6176,28.1470771,0.0,0.0,30.0,0.0,0.0,0.0,0.0
6177,28.15052,0.0,0.0,30.0,0.0,0.0,0.0,0.0
6178,28.1536968,0.0,0.0,30.0,0.0,0.0,0.0,0.0
6179,28.1566321,0.0,0.0,30.0,0.0,0.0,0.0,0.0
6180,28.1593459,0.0,0.0,30.0,0.0,0.0,0.0,0.0
6181,28.1618541,0.0,0.0,30.0,0.0,0.0,0.0,0.0
6182,28.1641721,0.0,0.0,30.0,0.0,0.0,0.0,0.0
6183,28.1663144,0.0,0.0,30.0,0.0,0.0,0.0,0.0
6184,28.1682945,0.0,0.0,30.0,0.0,0.0,0.0,0.0
6185,28.1701246,0.0,0.0,30.0,0.0,0.0,0.0,0.0
6186,28.1718161,0.0,0.0,30.0,0.0,0.0,0.0,0.0
6187,28.1733796,0.0,0.0,30.0,0.0,0.0,0.0,0.0
6188,28.1748248,0.0,0.0,30.0,0.0,0.0,0.0,0.0
6189,28.1761606,0.0,0.0,30.0,0.0,0.0,0.0,0.0
6190,28.1773955,0.0,0.0,30.0,0.0,0.0,0.0,0.0
6191,28.1785372,0.0,0.0,30.0,0.0,0.0,0.0,0.0
6192,28.1795926,0.0,0.0,30.0,0.0,0.0,0.0,0.0
6193,28.1805684,0.0,0.0,30.0,0.0,0.0,0.0,0.0
6194,28.1814706,0.0,0.0,30.0,0.0,0.0,0.0,0.0
6195,28.182305,0.0,0.0,30.0,0.0,0.0,0.0,0.0
6196,28.1830766,0.0,0.0,30.0,0.0,0.0,0.0,0.0
6197,28.1837903,0.0,0.0,30.0,0.0,0.0,0.0,0.0
6198,28.1844505,0.0,0.0,30.0,0.0,0.0,0.0,0.0
6199,28.1850613,0.0,0.0,30.0,0.0,0.0,0.0,0.0
6200,28.1856266,0.0,0.0,30.0,0.0,0.0,0.0,0.0
6201,28.1861498,0.0,0.0,30.0,0.0,0.0,0.0,0.0
6202,28.1866343,0.0,0.0,30.0,0.0,0.0,0.0,0.0
6203,28.1870829,0.0,0.0,30.0,0.0,0.0,0.0,0.0
6204,28.1874986,0.0,0.0,30.0,0.0,0.0,0.0,0.0
6205,28.1878839,0.0,0.0,30.0,0.0,0.0,0.0,0.0
6206,28.1882412,0.0,0.0,30.0,0.0,0.0,0.0,0.0
6207,28.1885728,0.0,0.0,30.0,0.0,0.0,0.0,0.0
6208,28.1888806,0.0,0.0,30.0,0.0,0.0,0.0,0.0
6209,28.1891666,0.0,0.0,30.0,0.0,0.0,0.0,0.0
6210,28.1894327,0.0,0.0,30.0,0.0,0.0,0.0,0.0
6211,28.1896803,0.0,0.0,30.0,0.0,0.0,0.0,0.0
6212,28.1899112,0.0,0.0,30.0,0.0,0.0,0.0,0.0
6213,28.1901267,0.0,0.0,30.0,0.0,0.0,0.0,0.0
6214,28.1903282,0.0,0.0,30.0,0.0,0.0,0.0,0.0
6215,28.1905169,0.0,0.0,30.0,0.0,0.0,0.0,0.0
6216,28.190694,0.0,0.0,30.0,0.0,0.0,0.0,0.0
6217,28.1908605,0.0,0.0,30.0,0.0,0.0,0.0,0.0
6218,28.1910177,0.0,0.0,30.0,0.0,0.0,0.0,0.0
6219,28.1911663,0.0,0.0,30.0,0.0,0.0,0.0,0.0
6220,28.1913074,0.0,0.0,30.0,0.0,0.0,0.0,0.0
6221,28.1914418,0.0,0.0,30.0,0.0,0.0,0.0,0.0
6222,28.1915703,0.0,0.0,30.0,0.0,0.0,0.0,0.0
6223,28.1916938,0.0,0.0,30.0,0.0,0.0,0.0,0.0
6224,28.1918131,0.0,0.0,30.0,0.0,0.0,0.0,0.0
6225,28.1919288,0.0,0.0,30.0,0.0,0.0,0.0,0.0
6226,28.1920417,0.0,0.0,30.0,0.0,0.0,0.0,0.0
6227,28.1921524,0.0,0.0,30.0,0.0,0.0,0.0,0.0
6228,28.1922618,0.0,0.0,30.0,0.0,0.0,0.0,0.0
6229,28.1923704,0.0,0.0,30.0,0.0,0.0,0.0,0.0
6230,28.192479,0.0,0.0,30.0,0.0,0.0,0.0,0.0
6231,28.1925881,0.0,0.0,30.0,0.0,0.0,0.0,0.0
6232,28.1926986,0.0,0.0,30.0,0.0,0.0,0.0,0.0
6233,28.192811,0.0,0.0,30.0,0.0,0.0,0.0,0.0
6234,28.1929261,0.0,0.0,30.0,0.0,0.0,0.0,0.0
6235,28.1930446,0.0,0.0,30.0,0.0,0.0,0.0,0.0
6236,28.1931673,0.0,0.0,30.0,0.0,0.0,0.0,0.0
6237,28.1932948,0.0,0.0,30.0,0.0,0.0,0.0,0.0
6238,28.193428,0.0,0.0,30.0,0.0,0.0,0.0,0.0
6239,28.1935678,0.0,0.0,30.0,0.0,0.0,0.0,0.0
6240,28.1937149,0.0,0.0,30.0,0.0,0.0,0.0,0.0
6241,28.1938703,0.0,0.0,30.0,0.0,0.0,0.0,0.0
6242,28.1940351,0.0,0.0,30.0,0.0,0.0,0.0,0.0
6243,28.1942101,0.0,0.0,30.0,0.0,0.0,0.0,0.0
6244,28.1943965,0.0,0.0,30.0,0.0,0.0,0.0,0.0
6245,28.1945955,0.0,0.0,30.0,0.0,0.0,0.0,0.0
6246,28.1948082,0.0,0.0,30.0,0.0,0.0,0.0,0.0
6247,28.1950361,0.0,0.0,30.0,0.0,0.0,0.0,0.0
6248,28.1952805,0.0,0.0,30.0,0.0,0.0,0.0,0.0
6249,28.1955429,0.0,0.0,30.0,0.0,0.0,0.0,0.0
6250,28.1958251,0.0,0.0,30.0,0.0,0.0,0.0,0.0
6251,28.1961287,0.0,0.0,30.0,0.0,0.0,0.0,0.0
6252,28.1964556,0.0,0.0,30.0,0.0,0.0,0.0,0.0
6253,28.1968079,0.0,0.0,30.0,0.0,0.0,0.0,0.0
6254,28.1971878,0.0,0.0,30.0,0.0,0.0,0.0,0.0
6255,28.1975976,0.0,0.0,30.0,0.0,0.0,0.0,0.0
6256,28.1980399,0.0,0.0,30.0,0.0,0.0,0.0,0.0
6257,28.1985175,0.0,0.0,30.0,0.0,0.0,0.0,0.0
6258,28.1990332,0.0,0.0,30.0,0.0,0.0,0.0,0.0
6259,28.1995904,0.0,0.0,30.0,0.0,0.0,0.0,0.0
6260,28.2001925,0.0,0.0,30.0,0.0,0.0,0.0,0.0
6261,28.2008432,0.0,0.0,30.0,0.0,0.0,0.0,0.0
6262,28.2015466,0.0,0.0,30.0,0.0,0.0,0.0,0.0
6263,28.2023072,0.0,0.0,30.0,0.0,0.0,0.0,0.0
6264,28.2031295,0.0,0.0,30.0,0.0,0.0,0.0,0.0
6265,28.2040188,0.0,0.0,30.0,0.0,0.0,0.0,0.0
6266,28.2049805,0.0,0.0,30.0,0.0,0.0,0.0,0.0
6267,28.2060207,0.0,0.0,30.0,0.0,0.0,0.0,0.0
6268,28.2071459,0.0,0.0,30.0,0.0,0.0,0.0,0.0
6269,28.208363,0.0,0.0,30.0,0.0,0.0,0.0,0.0
6270,28.2096796,0.0,0.0,30.0,0.0,0.0,0.0,0.0
6271,28.211104,0.0,0.0,30.0,0.0,0.0,0.0,0.0
6272,28.212645,0.0,0.0,30.0,0.0,0.0,0.0,0.0
6273,28.2143121,0.0,0.0,30.0,0.0,0.0,0.0,0.0
6274,28.2161159,0.0,0.0,30.0,0.0,0.0,0.0,0.0
6275,28.2180675,0.0,0.0,30.0,0.0,0.0,0.0,0.0
6276,28.220179,0.0,0.0,30.0,0.0,0.0,0.0,0.0
6277,28.2224636,0.0,0.0,30.0,0.0,0.0,0.0,0.0
6278,28.2249356,0.0,0.0,30.0,0.0,0.0,0.0,0.0
6279,28.2276103,0.0,0.0,30.0,0.0,0.0,0.0,0.0
6280,28.2305045,0.0,0.0,30.0,0.0,0.0,0.0,0.0
6281,28.233636,0.0,0.0,30.0,0.0,0.0,0.0,0.0
6282,28.2370244,0.0,0.0,30.0,0.0,0.0,0.0,0.0
6283,28.2406909,0.0,0.0,30.0,0.0,0.0,0.0,0.0
6284,28.2446583,0.0,0.0,30.0,0.0,0.0,0.0,0.0
6285,28.2489511,0.0,0.0,30.0,0.0,0.0,0.0,0.0
6286,28.2535963,0.0,0.0,30.0,0.0,0.0,0.0,0.0
6287,28.2586227,0.0,0.0,30.0,0.0,0.0,0.0,0.0
6288,28.2640616,0.0,0.0,30.0,0.0,0.0,0.0,0.0
6289,28.2699469,0.0,0.0,30.0,0.0,0.0,0.0,0.0
6290,28.2763153,0.0,0.0,30.0,0.0,0.0,0.0,0.0
6291,28.2832063,0.0,0.0,30.0,0.0,0.0,0.0,0.0
6292,28.290663,0.0,0.0,30.0,0.0,0.0,0.0,0.0
6293,28.2987317,0.0,0.0,30.0,0.0,0.0,0.0,0.0
6294,28.3074627,0.0,0.0,30.0,0.0,0.0,0.0,0.0
6295,28.3169103,0.0,0.0,30.0,0.0,0.0,0.0,0.0
6296,28.3271334,0.0,0.0,30.0,0.0,0.0,0.0,0.0
6297,28.3381957,0.0,0.0,30.0,0.0,0.0,0.0,0.0
6298,28.3501661,0.0,0.0,30.0,0.0,0.0,0.0,0.0
6299,28.363119,0.0,0.0,30.0,0.0,0.0,0.0,0.0
6300,28.3771351,0.0,0.0,30.0,0.0,0.0,0.0,0.0
6301,28.3923018,0.0,0.0,30.0,0.0,0.0,0.0,0.0
6302,28.4087135,0.0,0.0,30.0,0.0,0.0,0.0,0.0
6303,28.4264723,0.0,0.0,30.0,0.0,0.0,0.0,0.0
6304,28.4456889,0.0,0.0,30.0,0.0,0.0,0.0,0.0
6305,28.4664829,0.0,0.0,30.0,0.0,0.0,0.0,0.0
6306,28.4889837,0.0,0.0,30.0,0.0,0.0,0.0,0.0
6307,28.5133319,0.0,0.0,30.0,0.0,0.0,0.0,0.0
6308,28.5396789,0.0,0.0,30.0,0.0,0.0,0.0,0.0
6309,28.568187,0.0,0.0,30.0,0.0,0.0,0.0,0.0
6310,28.5990346,0.0,0.0,30.0,0.0,0.0,0.0,0.0
6311,28.6324226,0.0,0.0,30.0,0.0,0.0,0.0,0.0
6312,28.6685535,0.0,0.0,30.0,0.0,0.0,0.0,0.0
6313,28.7076099,0.0,0.0,30.0,0.0,0.0,0.0,0.0
6314,28.749865,0.0,0.0,30.0,0.0,0.0,0.0,0.0
6315,28.7957905,0.0,0.0,30.0,0.0,0.0,0.0,0.0
6316,28.8455007,0.0,0.0,30.0,0.0,0.0,0.0,0.0
6317,28.8982881,0.0,0.0,30.0,0.0,0.0,0.0,0.0
6318,28.9554418,0.0,0.0,30.0,0.0,0.0,0.0,0.0
6319,29.0222632,0.0,0.0,30.0,0.0,0.0,0.0,0.0
6320,29.0938771,0.0,0.0,30.0,0.0,0.0,0.0,0.0
6321,29.1467463,0.0,0.0,30.0,0.0,0.0,0.0,0.0
6322,29.2100067,0.0,0.0,30.0,0.0,0.0,0.0,0.0
6323,29.4000234,0.0,0.0,30.0,0.0,0.0,0.0,0.0
6324,29.5627602,0.0,0.0,30.0,0.0,0.0,0.0,0.0
6325,29.1382358,0.0,0.0,30.0,0.0,0.0,0.0,0.0
6326,29.0148351,0.0,0.0,30.0,0.0,0.0,0.0,0.0
6327,29.9065164,0.0,0.0,30.0,0.0,0.0,0.0,0.0
6328,30.0,0.0,0.0,30.0,0.0,0.0,0.0,0.0
6329,30.0,0.0,0.0,30.0,0.0,0.0,0.0,0.0
6330,23.8910987,0.0,0.0,30.0,0.0,0.0,0.0,0.0
6331,23.6889103,0.0,0.0,30.0,0.0,0.0,0.0,0.0
6332,0.0,0.0,0.0,0.0,0.0,0.0,0.0,0.0
6333,30.0,0.0,0.0,4.91746217,0.0,0.0,0.0,0.0
6334,30.0,0.0,0.0,7.02734753,0.0,0.0,0.0,0.0
6335,0.0,0.0,0.0,17.7123086,0.0,0.0,0.0,0.0
6336,0.0,0.0,0.0,23.2690326,0.0,0.0,0.0,0.0
6337,0.0,0.0,0.0,24.9543813,0.0,0.0,0.0,0.0
6338,0.0,0.0,0.0,25.6476614,0.0,0.0,0.0,0.0
6339,0.0,0.0,0.0,26.7895881,0.0,0.0,0.0,0.0
6340,0.0,0.0,0.0,27.8833453,0.0,0.0,0.0,0.0
6341,0.0,0.0,0.0,28.7946574,0.0,0.0,0.0,0.0
6342,0.0,0.0,0.0,29.5475471,0.0,0.0,0.0,0.0
6343,0.245962814,0.0,0.0,30.0,0.0,0.0,0.0,0.0
6344,1.82204195,0.0,0.0,30.0,0.0,0.0,0.0,0.0
6345,3.26785546,0.0,0.0,30.0,0.0,0.0,0.0,0.0
6346,4.42209102,0.0,0.0,30.0,0.0,0.0,0.0,0.0
6347,5.48665639,0.0,0.0,30.0,0.0,0.0,0.0,0.0
6348,6.43194524,0.0,0.0,30.0,0.0,0.0,0.0,0.0
6349,7.22820961,0.0,0.0,30.0,0.0,0.0,0.0,0.0
6350,7.90083332,0.0,0.0,30.0,0.0,0.0,0.0,0.0
6351,8.45522311,0.0,0.0,30.0,0.0,0.0,0.0,0.0
6352,8.82961504,0.0,0.0,30.0,0.0,0.0,0.0,0.0
6353,9.06139976,0.0,0.0,30.0,0.0,0.0,0.0,0.0
6354,9.46393162,0.0,0.0,30.0,0.0,0.0,0.0,0.0
6355,9.82589935,0.0,0.0,30.0,0.0,0.0,0.0,0.0
6356,8.62599752,0.0,0.0,30.0,0.0,0.0,0.0,0.0
6357,7.07988632,0.0,0.0,30.0,0.0,0.0,0.0,0.0
6358,12.6433407,0.0,0.0,30.0,0.0,0.0,0.0,0.0
6359,17.3894464,0.0,0.0,30.0,0.0,0.0,0.0,0.0
6360,20.6362496,0.0,0.0,30.0,0.0,0.0,0.0,0.0
6361,24.5489436,0.0,0.0,30.0,0.0,0.0,0.0,0.0
6362,26.6128704,0.0,0.0,30.0,0.0,0.0,0.0,0.0
6363,27.639306,0.0,0.0,30.0,0.0,0.0,0.0,0.0
6364,27.4421145,0.0,0.0,30.0,0.0,0.0,0.0,0.0
6365,28.4155962,0.0,0.0,30.0,0.0,0.0,0.0,0.0
6366,29.0979471,0.0,0.0,30.0,0.0,0.0,0.0,0.0
6367,30.0,0.0,0.0,30.0,0.0,0.0,0.0,0.0
6368,30.0,0.0,0.0,30.0,0.0,0.0,0.0,0.0
6369,30.0,0.0,0.0,30.0,0.0,0.0,0.0,0.0
6370,30.0,0.0,0.0,30.0,0.0,0.0,0.0,0.0
6371,30.0,0.0,0.0,30.0,0.0,0.0,0.0,0.0
6372,30.0,0.0,0.0,30.0,0.0,0.0,0.0,0.0
6373,30.0,0.0,0.0,30.0,0.0,0.0,0.0,0.0
6374,30.0,0.0,0.0,30.0,0.0,0.0,0.0,0.0
6375,30.0,0.0,0.0,30.0,0.0,0.0,0.0,0.0
6376,30.0,0.0,0.0,30.0,0.0,0.0,0.0,0.0
6377,30.0,0.0,0.0,30.0,0.0,0.0,0.0,0.0
6378,30.0,0.0,0.0,30.0,0.0,0.0,0.0,0.0
6379,30.0,0.0,0.0,30.0,0.0,0.0,0.0,0.0
6380,29.2993319,0.0,0.0,30.0,0.0,0.0,0.0,0.0
6381,29.2606855,0.0,0.0,30.0,0.0,0.0,0.0,0.0
6382,29.3141329,0.0,0.0,30.0,0.0,0.0,0.0,0.0
6383,29.0519569,0.0,0.0,30.0,0.0,0.0,0.0,0.0
6384,28.9685482,0.0,0.0,30.0,0.0,0.0,0.0,0.0
6385,28.9455798,0.0,0.0,30.0,0.0,0.0,0.0,0.0
6386,28.8913479,0.0,0.0,30.0,0.0,0.0,0.0,0.0
6387,28.8310276,0.0,0.0,30.0,0.0,0.0,0.0,0.0
6388,28.7821517,0.0,0.0,30.0,0.0,0.0,0.0,0.0
6389,28.7388925,0.0,0.0,30.0,0.0,0.0,0.0,0.0
6390,28.6974901,0.0,0.0,30.0,0.0,0.0,0.0,0.0
6391,28.6588745,0.0,0.0,30.0,0.0,0.0,0.0,0.0
6392,28.6234829,0.0,0.0,30.0,0.0,0.0,0.0,0.0
6393,28.5908413,0.0,0.0,30.0,0.0,0.0,0.0,0.0
6394,28.5606151,0.0,0.0,30.0,0.0,0.0,0.0,0.0
6395,28.5326702,0.0,0.0,30.0,0.0,0.0,0.0,0.0
6396,28.5068578,0.0,0.0,30.0,0.0,0.0,0.0,0.0
6397,28.4830057,0.0,0.0,30.0,0.0,0.0,0.0,0.0
6398,28.4609606,0.0,0.0,30.0,0.0,0.0,0.0,0.0
6399,28.4405876,0.0,0.0,30.0,0.0,0.0,0.0,0.0
6400,28.4217608,0.0,0.0,30.0,0.0,0.0,0.0,0.0
6401,28.4043624,0.0,0.0,30.0,0.0,0.0,0.0,0.0
6402,28.3882839,0.0,0.0,30.0,0.0,0.0,0.0,0.0
6403,28.3734253,0.0,0.0,30.0,0.0,0.0,0.0,0.0
6404,28.3596942,0.0,0.0,30.0,0.0,0.0,0.0,0.0
6405,28.3470048,0.0,0.0,30.0,0.0,0.0,0.0,0.0
6406,28.3352784,0.0,0.0,30.0,0.0,0.0,0.0,0.0
6407,28.3244418,0.0,0.0,30.0,0.0,0.0,0.0,0.0
6408,28.3144275,0.0,0.0,30.0,0.0,0.0,0.0,0.0
6409,28.3051733,0.0,0.0,30.0,0.0,0.0,0.0,0.0
6410,28.2966214,0.0,0.0,30.0,0.0,0.0,0.0,0.0
6411,28.2887186,0.0,0.0,30.0,0.0,0.0,0.0,0.0
6412,28.2814158,0.0,0.0,30.0,0.0,0.0,0.0,0.0
6413,28.2746673,0.0,0.0,30.0,0.0,0.0,0.0,0.0
6414,28.2684313,0.0,0.0,30.0,0.0,0.0,0.0,0.0
6415,28.2626689,0.0,0.0,30.0,0.0,0.0,0.0,0.0
6416,28.2573442,0.0,0.0,30.0,0.0,0.0,0.0,0.0
6417,28.252424,0.0,0.0,30.0,0.0,0.0,0.0,0.0
6418,28.2478777,0.0,0.0,30.0,0.0,0.0,0.0,0.0
6419,28.243677,0.0,0.0,30.0,0.0,0.0,0.0,0.0
6420,28.2397957,0.0,0.0,30.0,0.0,0.0,0.0,0.0
6421,28.2362097,0.0,0.0,30.0,0.0,0.0,0.0,0.0
6422,28.2328967,0.0,0.0,30.0,0.0,0.0,0.0,0.0
6423,28.2298359,0.0,0.0,30.0,0.0,0.0,0.0,0.0
6424,28.2270084,0.0,0.0,30.0,0.0,0.0,0.0,0.0
6425,28.2243965,0.0,0.0,30.0,0.0,0.0,0.0,0.0
6426,28.221984,0.0,0.0,30.0,0.0,0.0,0.0,0.0
6427,28.2197558,0.0,0.0,30.0,0.0,0.0,0.0,0.0
6428,28.2176981,0.0,0.0,30.0,0.0,0.0,0.0,0.0
6429,28.215798,0.0,0.0,30.0,0.0,0.0,0.0,0.0
6430,28.2140438,0.0,0.0,30.0,0.0,0.0,0.0,0.0
6431,28.2124245,0.0,0.0,30.0,0.0,0.0,0.0,0.0
6432,28.21093,0.0,0.0,30.0,0.0,0.0,0.0,0.0
6433,28.209551,0.0,0.0,30.0,0.0,0.0,0.0,0.0
6434,28.208279,0.0,0.0,30.0,0.0,0.0,0.0,0.0
6435,28.2071059,0.0,0.0,30.0,0.0,0.0,0.0,0.0
6436,28.2060246,0.0,0.0,30.0,0.0,0.0,0.0,0.0
6437,28.2050282,0.0,0.0,30.0,0.0,0.0,0.0,0.0
6438,28.2041106,0.0,0.0,30.0,0.0,0.0,0.0,0.0
6439,28.203266,0.0,0.0,30.0,0.0,0.0,0.0,0.0
6440,28.2024892,0.0,0.0,30.0,0.0,0.0,0.0,0.0
6441,28.2017753,0.0,0.0,30.0,0.0,0.0,0.0,0.0
6442,28.20112,0.0,0.0,30.0,0.0,0.0,0.0,0.0
6443,28.200519,0.0,0.0,30.0,0.0,0.0,0.0,0.0
6444,28.1999688,0.0,0.0,30.0,0.0,0.0,0.0,0.0
6445,28.1994658,0.0,0.0,30.0,0.0,0.0,0.0,0.0
6446,28.1990069,0.0,0.0,30.0,0.0,0.0,0.0,0.0
6447,28.1985893,0.0,0.0,30.0,0.0,0.0,0.0,0.0
6448,28.1982104,0.0,0.0,30.0,0.0,0.0,0.0,0.0
6449,28.1978677,0.0,0.0,30.0,0.0,0.0,0.0,0.0
6450,28.1975592,0.0,0.0,30.0,0.0,0.0,0.0,0.0
6451,28.197283,0.0,0.0,30.0,0.0,0.0,0.0,0.0
6452,28.1970373,0.0,0.0,30.0,0.0,0.0,0.0,0.0
6453,28.1968206,0.0,0.0,30.0,0.0,0.0,0.0,0.0
6454,28.1966315,0.0,0.0,30.0,0.0,0.0,0.0,0.0
6455,28.1964689,0.0,0.0,30.0,0.0,0.0,0.0,0.0
6456,28.1963318,0.0,0.0,30.0,0.0,0.0,0.0,0.0
6457,28.1962193,0.0,0.0,30.0,0.0,0.0,0.0,0.0
6458,28.1961306,0.0,0.0,30.0,0.0,0.0,0.0,0.0
6459,28.1960653,0.0,0.0,30.0,0.0,0.0,0.0,0.0
6460,28.196023,0.0,0.0,30.0,0.0,0.0,0.0,0.0
6461,28.1960033,0.0,0.0,30.0,0.0,0.0,0.0,0.0
6462,28.1960062,0.0,0.0,30.0,0.0,0.0,0.0,0.0
6463,28.1960317,0.0,0.0,30.0,0.0,0.0,0.0,0.0
6464,28.1960799,0.0,0.0,30.0,0.0,0.0,0.0,0.0
6465,28.1961512,0.0,0.0,30.0,0.0,0.0,0.0,0.0
6466,28.1962459,0.0,0.0,30.0,0.0,0.0,0.0,0.0
6467,28.1963647,0.0,0.0,30.0,0.0,0.0,0.0,0.0
6468,28.1965083,0.0,0.0,30.0,0.0,0.0,0.0,0.0
6469,28.1966776,0.0,0.0,30.0,0.0,0.0,0.0,0.0
6470,28.1968737,0.0,0.0,30.0,0.0,0.0,0.0,0.0
6471,28.1970977,0.0,0.0,30.0,0.0,0.0,0.0,0.0
6472,28.1973511,0.0,0.0,30.0,0.0,0.0,0.0,0.0
6473,28.1976355,0.0,0.0,30.0,0.0,0.0,0.0,0.0
6474,28.1979526,0.0,0.0,30.0,0.0,0.0,0.0,0.0
6475,28.1983044,0.0,0.0,30.0,0.0,0.0,0.0,0.0
6476,28.1986931,0.0,0.0,30.0,0.0,0.0,0.0,0.0
6477,28.199121,0.0,0.0,30.0,0.0,0.0,0.0,0.0
6478,28.199591,0.0,0.0,30.0,0.0,0.0,0.0,0.0
6479,28.2001059,0.0,0.0,30.0,0.0,0.0,0.0,0.0
6480,28.2006688,0.0,0.0,30.0,0.0,0.0,0.0,0.0
6481,28.2012834,0.0,0.0,30.0,0.0,0.0,0.0,0.0
6482,28.2019535,0.0,0.0,30.0,0.0,0.0,0.0,0.0
6483,28.2026831,0.0,0.0,30.0,0.0,0.0,0.0,0.0
6484,28.2034769,0.0,0.0,30.0,0.0,0.0,0.0,0.0
6485,28.2043398,0.0,0.0,30.0,0.0,0.0,0.0,0.0
6486,28.2052772,0.0,0.0,30.0,0.0,0.0,0.0,0.0
6487,28.2062949,0.0,0.0,30.0,0.0,0.0,0.0,0.0
6488,28.2073993,0.0,0.0,30.0,0.0,0.0,0.0,0.0
6489,28.2085971,0.0,0.0,30.0,0.0,0.0,0.0,0.0
6490,28.209896,0.0,0.0,30.0,0.0,0.0,0.0,0.0
6491,28.211304,0.0,0.0,30.0,0.0,0.0,0.0,0.0
6492,28.2128298,0.0,0.0,30.0,0.0,0.0,0.0,0.0
6493,28.2144829,0.0,0.0,30.0,0.0,0.0,0.0,0.0
6494,28.2162737,0.0,0.0,30.0,0.0,0.0,0.0,0.0
6495,28.2182133,0.0,0.0,30.0,0.0,0.0,0.0,0.0
6496,28.2203137,0.0,0.0,30.0,0.0,0.0,0.0,0.0
6497,28.2225882,0.0,0.0,30.0,0.0,0.0,0.0,0.0
6498,28.2250507,0.0,0.0,30.0,0.0,0.0,0.0,0.0
6499,28.2277167,0.0,0.0,30.0,0.0,0.0,0.0,0.0
6500,28.2306027,0.0,0.0,30.0,0.0,0.0,0.0,0.0
6501,28.2337268,0.0,0.0,30.0,0.0,0.0,0.0,0.0
6502,28.2371084,0.0,0.0,30.0,0.0,0.0,0.0,0.0
6503,28.2407685,0.0,0.0,30.0,0.0,0.0,0.0,0.0
6504,28.2447299,0.0,0.0,30.0,0.0,0.0,0.0,0.0
6505,28.2490174,0.0,0.0,30.0,0.0,0.0,0.0,0.0
6506,28.2536575,0.0,0.0,30.0,0.0,0.0,0.0,0.0
6507,28.2586792,0.0,0.0,30.0,0.0,0.0,0.0,0.0
6508,28.2641139,0.0,0.0,30.0,0.0,0.0,0.0,0.0
6509,28.2699952,0.0,0.0,30.0,0.0,0.0,0.0,0.0
6510,28.2763599,0.0,0.0,30.0,0.0,0.0,0.0,0.0
6511,28.2832475,0.0,0.0,30.0,0.0,0.0,0.0,0.0
6512,28.2907011,0.0,0.0,30.0,0.0,0.0,0.0,0.0
6513,28.2987669,0.0,0.0,30.0,0.0,0.0,0.0,0.0
6514,28.3074952,0.0,0.0,30.0,0.0,0.0,0.0,0.0
6515,28.3169403,0.0,0.0,30.0,0.0,0.0,0.0,0.0
6516,28.3271612,0.0,0.0,30.0,0.0,0.0,0.0,0.0
6517,28.3382214,0.0,0.0,30.0,0.0,0.0,0.0,0.0
6518,28.3501897,0.0,0.0,30.0,0.0,0.0,0.0,0.0
6519,28.3631409,0.0,0.0,30.0,0.0,0.0,0.0,0.0
6520,28.3771553,0.0,0.0,30.0,0.0,0.0,0.0,0.0
6521,28.3923205,0.0,0.0,30.0,0.0,0.0,0.0,0.0
6522,28.4087307,0.0,0.0,30.0,0.0,0.0,0.0,0.0
6523,28.4264882,0.0,0.0,30.0,0.0,0.0,0.0,0.0
6524,28.4457036,0.0,0.0,30.0,0.0,0.0,0.0,0.0
6525,28.4664965,0.0,0.0,30.0,0.0,0.0,0.0,0.0
6526,28.4889962,0.0,0.0,30.0,0.0,0.0,0.0,0.0
6527,28.5133435,0.0,0.0,30.0,0.0,0.0,0.0,0.0
6528,28.5396896,0.0,0.0,30.0,0.0,0.0,0.0,0.0
6529,28.5681969,0.0,0.0,30.0,0.0,0.0,0.0,0.0
6530,28.5990437,0.0,0.0,30.0,0.0,0.0,0.0,0.0
6531,28.6324309,0.0,0.0,30.0,0.0,0.0,0.0,0.0
6532,28.6685613,0.0,0.0,30.0,0.0,0.0,0.0,0.0
6533,28.707617,0.0,0.0,30.0,0.0,0.0,0.0,0.0
6534,28.7498715,0.0,0.0,30.0,0.0,0.0,0.0,0.0
6535,28.7957965,0.0,0.0,30.0,0.0,0.0,0.0,0.0
6536,28.8455062,0.0,0.0,30.0,0.0,0.0,0.0,0.0
6537,28.8982932,0.0,0.0,30.0,0.0,0.0,0.0,0.0
6538,28.9554465,0.0,0.0,30.0,0.0,0.0,0.0,0.0
6539,29.0222675,0.0,0.0,30.0,0.0,0.0,0.0,0.0
6540,29.093881,0.0,0.0,30.0,0.0,0.0,0.0,0.0
6541,29.1467499,0.0,0.0,30.0,0.0,0.0,0.0,0.0
6542,29.21001,0.0,0.0,30.0,0.0,0.0,0.0,0.0
6543,29.4000264,0.0,0.0,30.0,0.0,0.0,0.0,0.0
6544,29.5627629,0.0,0.0,30.0,0.0,0.0,0.0,0.0
6545,29.138238,0.0,0.0,30.0,0.0,0.0,0.0,0.0
6546,29.0148375,0.0,0.0,30.0,0.0,0.0,0.0,0.0
6547,29.9065188,0.0,0.0,30.0,0.0,0.0,0.0,0.0
6548,30.0,0.0,0.0,30.0,0.0,0.0,0.0,0.0
6549,30.0,0.0,0.0,30.0,0.0,0.0,0.0,0.0
6550,23.8911061,0.0,0.0,30.0,0.0,0.0,0.0,0.0
6551,23.6889154,0.0,0.0,30.0,0.0,0.0,0.0,0.0
6552,0.0,0.0,0.0,0.0,0.0,0.0,0.0,0.0
6553,30.0,0.0,0.0,4.3794725,0.0,0.0,0.0,0.0
6554,30.0,0.0,0.0,6.38062664,0.0,0.0,0.0,0.0
6555,0.0,0.0,0.0,17.0023289,0.0,0.0,0.0,0.0
6556,0.0,0.0,0.0,22.276036,0.0,0.0,0.0,0.0
6557,0.0,0.0,0.0,23.7845316,0.0,0.0,0.0,0.0
6558,0.0,0.0,0.0,24.3122878,0.0,0.0,0.0,0.0
6559,0.0,0.0,0.0,25.2589556,0.0,0.0,0.0,0.0
6560,0.0,0.0,0.0,26.1607796,0.0,0.0,0.0,0.0
6561,0.0,0.0,0.0,26.8245704,0.0,0.0,0.0,0.0
6562,0.0,0.0,0.0,27.3371807,0.0,0.0,0.0,0.0
6563,0.0,0.0,0.0,27.7342179,0.0,0.0,0.0,0.0
6564,0.0,0.0,0.0,28.0073367,0.0,0.0,0.0,0.0
6565,0.0,0.0,0.0,28.1554345,0.0,0.0,0.0,0.0
6566,0.0,0.0,0.0,28.1822492,0.0,0.0,0.0,0.0
6567,0.0,0.0,0.0,28.0891725,0.0,0.0,0.0,0.0
6568,0.0,0.0,0.0,27.8755887,0.0,0.0,0.0,0.0
6569,0.0,0.0,0.0,27.5357145,0.0,0.0,0.0,0.0
6570,0.0,0.0,0.0,27.0608137,0.0,0.0,0.0,0.0
6571,0.0,0.0,0.0,26.4666364,0.0,0.0,0.0,0.0
6572,0.0,0.0,0.0,25.7734567,0.0,0.0,0.0,0.0
6573,0.0,0.0,0.0,24.8311033,0.0,0.0,0.0,0.0
6574,0.0,0.0,0.0,23.4766949,0.0,0.0,0.0,0.0
6575,0.0,0.0,0.0,22.634833,0.0,0.0,0.0,0.0
6576,0.0,0.0,0.0,23.1149744,0.0,0.0,0.0,0.0
6577,0.0,0.0,0.0,18.7244334,0.0,0.0,0.0,0.0
6578,0.0,0.0,0.0,5.26402107,0.0,0.0,0.0,0.0
6579,0.0,0.0,0.0,6.88804934,0.0,0.0,0.0,0.0
6580,30.0,0.0,0.0,30.0,0.0,0.0,0.0,0.0
6581,30.0,0.0,0.0,30.0,0.0,0.0,0.0,0.0
6582,30.0,0.0,0.0,30.0,0.0,0.0,0.0,0.0
6583,30.0,0.0,0.0,30.0,0.0,0.0,0.0,0.0
6584,30.0,0.0,0.0,30.0,0.0,0.0,0.0,0.0
6585,28.3282336,0.0,0.0,30.0,0.0,0.0,0.0,0.0
6586,28.097196,0.0,0.0,30.0,0.0,0.0,0.0,0.0
6587,30.0,0.0,0.0,30.0,0.0,0.0,0.0,0.0
6588,30.0,0.0,0.0,30.0,0.0,0.0,0.0,0.0
6589,30.0,0.0,0.0,30.0,0.0,0.0,0.0,0.0
6590,30.0,0.0,0.0,30.0,0.0,0.0,0.0,0.0
6591,30.0,0.0,0.0,30.0,0.0,0.0,0.0,0.0
6592,30.0,0.0,0.0,30.0,0.0,0.0,0.0,0.0
6593,30.0,0.0,0.0,30.0,0.0,0.0,0.0,0.0
6594,30.0,0.0,0.0,30.0,0.0,0.0,0.0,0.0
6595,30.0,0.0,0.0,30.0,0.0,0.0,0.0,0.0
6596,30.0,0.0,0.0,30.0,0.0,0.0,0.0,0.0
6597,30.0,0.0,0.0,30.0,0.0,0.0,0.0,0.0
6598,30.0,0.0,0.0,30.0,0.0,0.0,0.0,0.0
6599,30.0,0.0,0.0,30.0,0.0,0.0,0.0,0.0
6600,29.1730887,0.0,0.0,30.0,0.0,0.0,0.0,0.0
6601,29.1638579,0.0,0.0,30.0,0.0,0.0,0.0,0.0
6602,29.2507659,0.0,0.0,30.0,0.0,0.0,0.0,0.0
6603,28.9544164,0.0,0.0,30.0,0.0,0.0,0.0,0.0
6604,28.875044,0.0,0.0,30.0,0.0,0.0,0.0,0.0
6605,28.8670618,0.0,0.0,30.0,0.0,0.0,0.0,0.0
6606,28.819296,0.0,0.0,30.0,0.0,0.0,0.0,0.0
6607,28.7628402,0.0,0.0,30.0,0.0,0.0,0.0,0.0
6608,28.7190685,0.0,0.0,30.0,0.0,0.0,0.0,0.0
6609,28.6809188,0.0,0.0,30.0,0.0,0.0,0.0,0.0
6610,28.6439211,0.0,0.0,30.0,0.0,0.0,0.0,0.0
6611,28.6093037,0.0,0.0,30.0,0.0,0.0,0.0,0.0
6612,28.5776726,0.0,0.0,30.0,0.0,0.0,0.0,0.0
6613,28.5485192,0.0,0.0,30.0,0.0,0.0,0.0,0.0
6614,28.5215033,0.0,0.0,30.0,0.0,0.0,0.0,0.0
6615,28.4965227,0.0,0.0,30.0,0.0,0.0,0.0,0.0
6616,28.4734525,0.0,0.0,30.0,0.0,0.0,0.0,0.0
6617,28.4521351,0.0,0.0,30.0,0.0,0.0,0.0,0.0
6618,28.4324318,0.0,0.0,30.0,0.0,0.0,0.0,0.0
6619,28.4142229,0.0,0.0,30.0,0.0,0.0,0.0,0.0
6620,28.3973961,0.0,0.0,30.0,0.0,0.0,0.0,0.0
6621,28.381846,0.0,0.0,30.0,0.0,0.0,0.0,0.0
6622,28.3674755,0.0,0.0,30.0,0.0,0.0,0.0,0.0
6623,28.3541955,0.0,0.0,30.0,0.0,0.0,0.0,0.0
6624,28.341923,0.0,0.0,30.0,0.0,0.0,0.0,0.0
6625,28.3305818,0.0,0.0,30.0,0.0,0.0,0.0,0.0
6626,28.3201012,0.0,0.0,30.0,0.0,0.0,0.0,0.0
6627,28.3104159,0.0,0.0,30.0,0.0,0.0,0.0,0.0
6628,28.3014656,0.0,0.0,30.0,0.0,0.0,0.0,0.0
6629,28.2931947,0.0,0.0,30.0,0.0,0.0,0.0,0.0
6630,28.2855515,0.0,0.0,30.0,0.0,0.0,0.0,0.0
6631,28.2784884,0.0,0.0,30.0,0.0,0.0,0.0,0.0
6632,28.2719616,0.0,0.0,30.0,0.0,0.0,0.0,0.0
6633,28.2659304,0.0,0.0,30.0,0.0,0.0,0.0,0.0
6634,28.2603572,0.0,0.0,30.0,0.0,0.0,0.0,0.0
6635,28.2552072,0.0,0.0,30.0,0.0,0.0,0.0,0.0
6636,28.2504485,0.0,0.0,30.0,0.0,0.0,0.0,0.0
6637,28.2460514,0.0,0.0,30.0,0.0,0.0,0.0,0.0
6638,28.2419886,0.0,0.0,30.0,0.0,0.0,0.0,0.0
6639,28.2382346,0.0,0.0,30.0,0.0,0.0,0.0,0.0
6640,28.2347662,0.0,0.0,30.0,0.0,0.0,0.0,0.0
6641,28.2315617,0.0,0.0,30.0,0.0,0.0,0.0,0.0
6642,28.2286013,0.0,0.0,30.0,0.0,0.0,0.0,0.0
6643,28.2258663,0.0,0.0,30.0,0.0,0.0,0.0,0.0
6644,28.2233399,0.0,0.0,30.0,0.0,0.0,0.0,0.0
6645,28.2210063,0.0,0.0,30.0,0.0,0.0,0.0,0.0
6646,28.218851,0.0,0.0,30.0,0.0,0.0,0.0,0.0
6647,28.2168605,0.0,0.0,30.0,0.0,0.0,0.0,0.0
6648,28.2150224,0.0,0.0,30.0,0.0,0.0,0.0,0.0
6649,28.2133253,0.0,0.0,30.0,0.0,0.0,0.0,0.0
6650,28.2117587,0.0,0.0,30.0,0.0,0.0,0.0,0.0
6651,28.2103127,0.0,0.0,30.0,0.0,0.0,0.0,0.0
6652,28.2089784,0.0,0.0,30.0,0.0,0.0,0.0,0.0
6653,28.2077475,0.0,0.0,30.0,0.0,0.0,0.0,0.0
6654,28.2066123,0.0,0.0,30.0,0.0,0.0,0.0,0.0
6655,28.2055656,0.0,0.0,30.0,0.0,0.0,0.0,0.0
6656,28.2046011,0.0,0.0,30.0,0.0,0.0,0.0,0.0
6657,28.2037127,0.0,0.0,30.0,0.0,0.0,0.0,0.0
6658,28.2028949,0.0,0.0,30.0,0.0,0.0,0.0,0.0
6659,28.2021425,0.0,0.0,30.0,0.0,0.0,0.0,0.0
6660,28.2014509,0.0,0.0,30.0,0.0,0.0,0.0,0.0
6661,28.2008158,0.0,0.0,30.0,0.0,0.0,0.0,0.0
6662,28.2002333,0.0,0.0,30.0,0.0,0.0,0.0,0.0
6663,28.1996996,0.0,0.0,30.0,0.0,0.0,0.0,0.0
6664,28.1992115,0.0,0.0,30.0,0.0,0.0,0.0,0.0
6665,28.198766,0.0,0.0,30.0,0.0,0.0,0.0,0.0
6666,28.1983602,0.0,0.0,30.0,0.0,0.0,0.0,0.0
6667,28.1979916,0.0,0.0,30.0,0.0,0.0,0.0,0.0
6668,28.197658,0.0,0.0,30.0,0.0,0.0,0.0,0.0
6669,28.1973573,0.0,0.0,30.0,0.0,0.0,0.0,0.0
6670,28.1970875,0.0,0.0,30.0,0.0,0.0,0.0,0.0
6671,28.1968471,0.0,0.0,30.0,0.0,0.0,0.0,0.0
6672,28.1966344,0.0,0.0,30.0,0.0,0.0,0.0,0.0
6673,28.1964483,0.0,0.0,30.0,0.0,0.0,0.0,0.0
6674,28.1962875,0.0,0.0,30.0,0.0,0.0,0.0,0.0
6675,28.196151,0.0,0.0,30.0,0.0,0.0,0.0,0.0
6676,28.1960379,0.0,0.0,30.0,0.0,0.0,0.0,0.0
6677,28.1959477,0.0,0.0,30.0,0.0,0.0,0.0,0.0
6678,28.1958797,0.0,0.0,30.0,0.0,0.0,0.0,0.0
6679,28.1958334,0.0,0.0,30.0,0.0,0.0,0.0,0.0
6680,28.1958087,0.0,0.0,30.0,0.0,0.0,0.0,0.0
6681,28.1958053,0.0,0.0,30.0,0.0,0.0,0.0,0.0
6682,28.1958232,0.0,0.0,30.0,0.0,0.0,0.0,0.0
6683,28.1958626,0.0,0.0,30.0,0.0,0.0,0.0,0.0
6684,28.1959236,0.0,0.0,30.0,0.0,0.0,0.0,0.0
6685,28.1960067,0.0,0.0,30.0,0.0,0.0,0.0,0.0
6686,28.1961124,0.0,0.0,30.0,0.0,0.0,0.0,0.0
6687,28.1962413,0.0,0.0,30.0,0.0,0.0,0.0,0.0
6688,28.1963943,0.0,0.0,30.0,0.0,0.0,0.0,0.0
6689,28.1965722,0.0,0.0,30.0,0.0,0.0,0.0,0.0
6690,28.1967763,0.0,0.0,30.0,0.0,0.0,0.0,0.0
6691,28.1970077,0.0,0.0,30.0,0.0,0.0,0.0,0.0
6692,28.197268,0.0,0.0,30.0,0.0,0.0,0.0,0.0
6693,28.1975586,0.0,0.0,30.0,0.0,0.0,0.0,0.0
6694,28.1978816,0.0,0.0,30.0,0.0,0.0,0.0,0.0
6695,28.1982387,0.0,0.0,30.0,0.0,0.0,0.0,0.0
6696,28.1986324,0.0,0.0,30.0,0.0,0.0,0.0,0.0
6697,28.199065,0.0,0.0,30.0,0.0,0.0,0.0,0.0
6698,28.1995392,0.0,0.0,30.0,0.0,0.0,0.0,0.0
6699,28.200058,0.0,0.0,30.0,0.0,0.0,0.0,0.0
6700,28.2006246,0.0,0.0,30.0,0.0,0.0,0.0,0.0
6701,28.2012426,0.0,0.0,30.0,0.0,0.0,0.0,0.0
6702,28.2019157,0.0,0.0,30.0,0.0,0.0,0.0,0.0
6703,28.2026482,0.0,0.0,30.0,0.0,0.0,0.0,0.0
6704,28.2034447,0.0,0.0,30.0,0.0,0.0,0.0,0.0
6705,28.20431,0.0,0.0,30.0,0.0,0.0,0.0,0.0
6706,28.2052497,0.0,0.0,30.0,0.0,0.0,0.0,0.0
6707,28.2062694,0.0,0.0,30.0,0.0,0.0,0.0,0.0
6708,28.2073757,0.0,0.0,30.0,0.0,0.0,0.0,0.0
6709,28.2085754,0.0,0.0,30.0,0.0,0.0,0.0,0.0
6710,28.2098759,0.0,0.0,30.0,0.0,0.0,0.0,0.0
6711,28.2112854,0.0,0.0,30.0,0.0,0.0,0.0,0.0
6712,28.2128126,0.0,0.0,30.0,0.0,0.0,0.0,0.0
6713,28.214467,0.0,0.0,30.0,0.0,0.0,0.0,0.0
6714,28.216259,0.0,0.0,30.0,0.0,0.0,0.0,0.0
6715,28.2181997,0.0,0.0,30.0,0.0,0.0,0.0,0.0
6716,28.2203012,0.0,0.0,30.0,0.0,0.0,0.0,0.0
6717,28.2225766,0.0,0.0,30.0,0.0,0.0,0.0,0.0
6718,28.22504,0.0,0.0,30.0,0.0,0.0,0.0,0.0
6719,28.2277068,0.0,0.0,30.0,0.0,0.0,0.0,0.0
6720,28.2305936,0.0,0.0,30.0,0.0,0.0,0.0,0.0
6721,28.2337184,0.0,0.0,30.0,0.0,0.0,0.0,0.0
6722,28.2371006,0.0,0.0,30.0,0.0,0.0,0.0,0.0
6723,28.2407613,0.0,0.0,30.0,0.0,0.0,0.0,0.0
6724,28.2447232,0.0,0.0,30.0,0.0,0.0,0.0,0.0
6725,28.2490112,0.0,0.0,30.0,0.0,0.0,0.0,0.0
6726,28.2536518,0.0,0.0,30.0,0.0,0.0,0.0,0.0
6727,28.258674,0.0,0.0,30.0,0.0,0.0,0.0,0.0
6728,28.264109,0.0,0.0,30.0,0.0,0.0,0.0,0.0
6729,28.2699907,0.0,0.0,30.0,0.0,0.0,0.0,0.0
6730,28.2763557,0.0,0.0,30.0,0.0,0.0,0.0,0.0
6731,28.2832437,0.0,0.0,30.0,0.0,0.0,0.0,0.0
6732,28.2906975,0.0,0.0,30.0,0.0,0.0,0.0,0.0
6733,28.2987636,0.0,0.0,30.0,0.0,0.0,0.0,0.0
6734,28.3074921,0.0,0.0,30.0,0.0,0.0,0.0,0.0
6735,28.3169375,0.0,0.0,30.0,0.0,0.0,0.0,0.0
6736,28.3271586,0.0,0.0,30.0,0.0,0.0,0.0,0.0
6737,28.338219,0.0,0.0,30.0,0.0,0.0,0.0,0.0
6738,28.3501875,0.0,0.0,30.0,0.0,0.0,0.0,0.0
6739,28.3631388,0.0,0.0,30.0,0.0,0.0,0.0,0.0
6740,28.3771535,0.0,0.0,30.0,0.0,0.0,0.0,0.0
6741,28.3923188,0.0,0.0,30.0,0.0,0.0,0.0,0.0
6742,28.4087291,0.0,0.0,30.0,0.0,0.0,0.0,0.0
6743,28.4264868,0.0,0.0,30.0,0.0,0.0,0.0,0.0
6744,28.4457023,0.0,0.0,30.0,0.0,0.0,0.0,0.0
6745,28.4664952,0.0,0.0,30.0,0.0,0.0,0.0,0.0
6746,28.4889951,0.0,0.0,30.0,0.0,0.0,0.0,0.0
6747,28.5133424,0.0,0.0,30.0,0.0,0.0,0.0,0.0
6748,28.5396886,0.0,0.0,30.0,0.0,0.0,0.0,0.0
6749,28.5681959,0.0,0.0,30.0,0.0,0.0,0.0,0.0
6750,28.5990429,0.0,0.0,30.0,0.0,0.0,0.0,0.0
6751,28.6324302,0.0,0.0,30.0,0.0,0.0,0.0,0.0
6752,28.6685606,0.0,0.0,30.0,0.0,0.0,0.0,0.0
6753,28.7076164,0.0,0.0,30.0,0.0,0.0,0.0,0.0
6754,28.7498709,0.0,0.0,30.0,0.0,0.0,0.0,0.0
6755,28.795796,0.0,0.0,30.0,0.0,0.0,0.0,0.0
6756,28.8455057,0.0,0.0,30.0,0.0,0.0,0.0,0.0
6757,28.8982927,0.0,0.0,30.0,0.0,0.0,0.0,0.0
6758,28.9554461,0.0,0.0,30.0,0.0,0.0,0.0,0.0
6759,29.0222671,0.0,0.0,30.0,0.0,0.0,0.0,0.0
6760,29.0938806,0.0,0.0,30.0,0.0,0.0,0.0,0.0
6761,29.1467496,0.0,0.0,30.0,0.0,0.0,0.0,0.0
6762,29.2100097,0.0,0.0,30.0,0.0,0.0,0.0,0.0
6763,29.4000261,0.0,0.0,30.0,0.0,0.0,0.0,0.0
6764,29.5627626,0.0,0.0,30.0,0.0,0.0,0.0,0.0
6765,29.1382378,0.0,0.0,30.0,0.0,0.0,0.0,0.0
6766,29.0148373,0.0,0.0,30.0,0.0,0.0,0.0,0.0
6767,29.9065185,0.0,0.0,30.0,0.0,0.0,0.0,0.0
6768,30.0,0.0,0.0,30.0,0.0,0.0,0.0,0.0
6769,30.0,0.0,0.0,30.0,0.0,0.0,0.0,0.0
6770,23.8911054,0.0,0.0,30.0,0.0,0.0,0.0,0.0
6771,23.6889149,0.0,0.0,30.0,0.0,0.0,0.0,0.0
6772,0.0,0.0,0.0,0.0,0.0,0.0,0.0,0.0
6773,30.0,0.0,0.0,3.96614481,0.0,0.0,0.0,0.0
6774,21.2353257,0.0,0.0,8.89237594,0.0,0.0,0.0,0.0
6775,0.0,0.0,0.0,16.2064358,0.0,0.0,0.0,0.0
6776,0.0,0.0,0.0,21.2830735,0.0,0.0,0.0,0.0
6777,0.0,0.0,0.0,22.6533876,0.0,0.0,0.0,0.0
6778,0.0,0.0,0.0,23.0460551,0.0,0.0,0.0,0.0
6779,0.0,0.0,0.0,23.828691,0.0,0.0,0.0,0.0
6780,0.0,0.0,0.0,24.5474817,0.0,0.0,0.0,0.0
6781,0.0,0.0,0.0,25.0114795,0.0,0.0,0.0,0.0
6782,0.0,0.0,0.0,25.3032495,0.0,0.0,0.0,0.0
6783,0.0,0.0,0.0,25.4551974,0.0,0.0,0.0,0.0
6784,0.0,0.0,0.0,25.456262,0.0,0.0,0.0,0.0
6785,0.0,0.0,0.0,25.302067,0.0,0.0,0.0,0.0
6786,0.0,0.0,0.0,24.9937423,0.0,0.0,0.0,0.0
6787,0.0,0.0,0.0,24.5295942,0.0,0.0,0.0,0.0
6788,0.0,0.0,0.0,23.8980444,0.0,0.0,0.0,0.0
6789,0.0,0.0,0.0,23.0838893,0.0,0.0,0.0,0.0
6790,0.0,0.0,0.0,22.1161125,0.0,0.0,0.0,0.0
6791,0.0,0.0,0.0,21.0263701,0.0,0.0,0.0,0.0
6792,0.0,0.0,0.0,19.5464488,0.0,0.0,0.0,0.0
6793,0.0,0.0,0.0,17.4247227,0.0,0.0,0.0,0.0
6794,0.0,0.0,0.0,16.3211561,0.0,0.0,0.0,0.0
6795,0.0,0.0,0.0,17.4294996,0.0,0.0,0.0,0.0
6796,0.0,0.0,0.0,13.1226371,0.0,0.0,0.0,0.0
6797,0.0,0.0,0.0,0.0,0.0,0.0,0.0,0.0
6798,0.0,0.0,0.0,0.0,0.0,0.0,0.0,0.0
6799,0.0,0.0,0.0,0.0,0.0,0.0,0.0,0.0
6800,30.0,0.0,0.0,30.0,0.0,0.0,0.0,0.0
6801,30.0,0.0,0.0,30.0,0.0,0.0,0.0,0.0
6802,30.0,0.0,0.0,30.0,0.0,0.0,0.0,0.0
6803,30.0,0.0,0.0,30.0,0.0,0.0,0.0,0.0
6804,30.0,0.0,0.0,30.0,0.0,0.0,0.0,0.0
6805,30.0,0.0,0.0,30.0,0.0,0.0,0.0,0.0
6806,30.0,0.0,0.0,30.0,0.0,0.0,0.0,0.0
6807,30.0,0.0,0.0,30.0,0.0,0.0,0.0,0.0
6808,26.3706323,0.0,0.0,30.0,0.0,0.0,0.0,0.0
6809,21.3760711,0.0,0.0,30.0,0.0,0.0,0.0,0.0
6810,22.2628093,0.0,0.0,30.0,0.0,0.0,0.0,0.0
6811,26.4922307,0.0,0.0,30.0,0.0,0.0,0.0,0.0
6812,18.196877,0.0,0.0,30.0,0.0,0.0,0.0,0.0
6813,18.1316768,0.0,0.0,30.0,0.0,0.0,0.0,0.0
6814,28.1178562,0.0,0.0,30.0,0.0,0.0,0.0,0.0
6815,30.0,0.0,0.0,30.0,0.0,0.0,0.0,0.0
6816,30.0,0.0,0.0,30.0,0.0,0.0,0.0,0.0
6817,30.0,0.0,0.0,30.0,0.0,0.0,0.0,0.0
6818,30.0,0.0,0.0,30.0,0.0,0.0,0.0,0.0
6819,30.0,0.0,0.0,30.0,0.0,0.0,0.0,0.0
6820,28.4454687,0.0,0.0,30.0,0.0,0.0,0.0,0.0
6821,28.1778277,0.0,0.0,30.0,0.0,0.0,0.0,0.0
6822,28.3437775,0.0,0.0,30.0,0.0,0.0,0.0,0.0
6823,28.1119474,0.0,0.0,30.0,0.0,0.0,0.0,0.0
6824,28.0978062,0.0,0.0,30.0,0.0,0.0,0.0,0.0
6825,28.1495548,0.0,0.0,30.0,0.0,0.0,0.0,0.0
6826,28.1559375,0.0,0.0,30.0,0.0,0.0,0.0,0.0
6827,28.1496542,0.0,0.0,30.0,0.0,0.0,0.0,0.0
6828,28.152458,0.0,0.0,30.0,0.0,0.0,0.0,0.0
6829,28.1573196,0.0,0.0,30.0,0.0,0.0,0.0,0.0
6830,28.160029,0.0,0.0,30.0,0.0,0.0,0.0,0.0
6831,28.1621137,0.0,0.0,30.0,0.0,0.0,0.0,0.0
6832,28.1644086,0.0,0.0,30.0,0.0,0.0,0.0,0.0
6833,28.1666061,0.0,0.0,30.0,0.0,0.0,0.0,0.0
6834,28.1685612,0.0,0.0,30.0,0.0,0.0,0.0,0.0
6835,28.1703543,0.0,0.0,30.0,0.0,0.0,0.0,0.0
6836,28.172027,0.0,0.0,30.0,0.0,0.0,0.0,0.0
6837,28.1735755,0.0,0.0,30.0,0.0,0.0,0.0,0.0
6838,28.1750034,0.0,0.0,30.0,0.0,0.0,0.0,0.0
6839,28.1763228,0.0,0.0,30.0,0.0,0.0,0.0,0.0
6840,28.1775428,0.0,0.0,30.0,0.0,0.0,0.0,0.0
6841,28.1786706,0.0,0.0,30.0,0.0,0.0,0.0,0.0
6842,28.1797129,0.0,0.0,30.0,0.0,0.0,0.0,0.0
6843,28.1806763,0.0,0.0,30.0,0.0,0.0,0.0,0.0
6844,28.1815669,0.0,0.0,30.0,0.0,0.0,0.0,0.0
6845,28.1823902,0.0,0.0,30.0,0.0,0.0,0.0,0.0
6846,28.1831512,0.0,0.0,30.0,0.0,0.0,0.0,0.0
6847,28.1838548,0.0,0.0,30.0,0.0,0.0,0.0,0.0
6848,28.1845054,0.0,0.0,30.0,0.0,0.0,0.0,0.0
6849,28.1851069,0.0,0.0,30.0,0.0,0.0,0.0,0.0
6850,28.1856631,0.0,0.0,30.0,0.0,0.0,0.0,0.0
6851,28.1861776,0.0,0.0,30.0,0.0,0.0,0.0,0.0
6852,28.1866534,0.0,0.0,30.0,0.0,0.0,0.0,0.0
6853,28.1870936,0.0,0.0,30.0,0.0,0.0,0.0,0.0
6854,28.1875008,0.0,0.0,30.0,0.0,0.0,0.0,0.0
6855,28.1878777,0.0,0.0,30.0,0.0,0.0,0.0,0.0
6856,28.1882266,0.0,0.0,30.0,0.0,0.0,0.0,0.0
6857,28.1885496,0.0,0.0,30.0,0.0,0.0,0.0,0.0
6858,28.1888488,0.0,0.0,30.0,0.0,0.0,0.0,0.0
6859,28.189126,0.0,0.0,30.0,0.0,0.0,0.0,0.0
6860,28.1893829,0.0,0.0,30.0,0.0,0.0,0.0,0.0
6861,28.1896212,0.0,0.0,30.0,0.0,0.0,0.0,0.0
6862,28.1898423,0.0,0.0,30.0,0.0,0.0,0.0,0.0
6863,28.1900476,0.0,0.0,30.0,0.0,0.0,0.0,0.0
6864,28.1902384,0.0,0.0,30.0,0.0,0.0,0.0,0.0
6865,28.1904158,0.0,0.0,30.0,0.0,0.0,0.0,0.0
6866,28.1905811,0.0,0.0,30.0,0.0,0.0,0.0,0.0
6867,28.1907351,0.0,0.0,30.0,0.0,0.0,0.0,0.0
6868,28.1908789,0.0,0.0,30.0,0.0,0.0,0.0,0.0
6869,28.1910133,0.0,0.0,30.0,0.0,0.0,0.0,0.0
6870,28.1911393,0.0,0.0,30.0,0.0,0.0,0.0,0.0
6871,28.1912575,0.0,0.0,30.0,0.0,0.0,0.0,0.0
6872,28.1913687,0.0,0.0,30.0,0.0,0.0,0.0,0.0
6873,28.1914737,0.0,0.0,30.0,0.0,0.0,0.0,0.0
6874,28.1915729,0.0,0.0,30.0,0.0,0.0,0.0,0.0
6875,28.1916672,0.0,0.0,30.0,0.0,0.0,0.0,0.0
6876,28.191757,0.0,0.0,30.0,0.0,0.0,0.0,0.0
6877,28.191843,0.0,0.0,30.0,0.0,0.0,0.0,0.0
6878,28.1919256,0.0,0.0,30.0,0.0,0.0,0.0,0.0
6879,28.1920053,0.0,0.0,30.0,0.0,0.0,0.0,0.0
6880,28.1920828,0.0,0.0,30.0,0.0,0.0,0.0,0.0
6881,28.1921584,0.0,0.0,30.0,0.0,0.0,0.0,0.0
6882,28.1922325,0.0,0.0,30.0,0.0,0.0,0.0,0.0
6883,28.1923058,0.0,0.0,30.0,0.0,0.0,0.0,0.0
6884,28.1923786,0.0,0.0,30.0,0.0,0.0,0.0,0.0
6885,28.1924514,0.0,0.0,30.0,0.0,0.0,0.0,0.0
6886,28.1925247,0.0,0.0,30.0,0.0,0.0,0.0,0.0
6887,28.1925988,0.0,0.0,30.0,0.0,0.0,0.0,0.0
6888,28.1926743,0.0,0.0,30.0,0.0,0.0,0.0,0.0
6889,28.1927516,0.0,0.0,30.0,0.0,0.0,0.0,0.0
6890,28.1928313,0.0,0.0,30.0,0.0,0.0,0.0,0.0
6891,28.1929137,0.0,0.0,30.0,0.0,0.0,0.0,0.0
6892,28.1929994,0.0,0.0,30.0,0.0,0.0,0.0,0.0
6893,28.193089,0.0,0.0,30.0,0.0,0.0,0.0,0.0
6894,28.1931831,0.0,0.0,30.0,0.0,0.0,0.0,0.0
6895,28.1932821,0.0,0.0,30.0,0.0,0.0,0.0,0.0
6896,28.1933867,0.0,0.0,30.0,0.0,0.0,0.0,0.0
6897,28.1934976,0.0,0.0,30.0,0.0,0.0,0.0,0.0
6898,28.1936154,0.0,0.0,30.0,0.0,0.0,0.0,0.0
6899,28.193741,0.0,0.0,30.0,0.0,0.0,0.0,0.0
6900,28.193875,0.0,0.0,30.0,0.0,0.0,0.0,0.0
6901,28.1940183,0.0,0.0,30.0,0.0,0.0,0.0,0.0
6902,28.1941718,0.0,0.0,30.0,0.0,0.0,0.0,0.0
6903,28.1943364,0.0,0.0,30.0,0.0,0.0,0.0,0.0
6904,28.1945132,0.0,0.0,30.0,0.0,0.0,0.0,0.0
6905,28.1947033,0.0,0.0,30.0,0.0,0.0,0.0,0.0
6906,28.1949079,0.0,0.0,30.0,0.0,0.0,0.0,0.0
6907,28.1951282,0.0,0.0,30.0,0.0,0.0,0.0,0.0
6908,28.1953656,0.0,0.0,30.0,0.0,0.0,0.0,0.0
6909,28.1956216,0.0,0.0,30.0,0.0,0.0,0.0,0.0
6910,28.1958978,0.0,0.0,30.0,0.0,0.0,0.0,0.0
6911,28.1961959,0.0,0.0,30.0,0.0,0.0,0.0,0.0
6912,28.1965177,0.0,0.0,30.0,0.0,0.0,0.0,0.0
6913,28.1968653,0.0,0.0,30.0,0.0,0.0,0.0,0.0
6914,28.1972408,0.0,0.0,30.0,0.0,0.0,0.0,0.0
6915,28.1976466,0.0,0.0,30.0,0.0,0.0,0.0,0.0
6916,28.1980852,0.0,0.0,30.0,0.0,0.0,0.0,0.0
6917,28.1985593,0.0,0.0,30.0,0.0,0.0,0.0,0.0
6918,28.1990719,0.0,0.0,30.0,0.0,0.0,0.0,0.0
6919,28.1996261,0.0,0.0,30.0,0.0,0.0,0.0,0.0
6920,28.2002255,0.0,0.0,30.0,0.0,0.0,0.0,0.0
6921,28.2008737,0.0,0.0,30.0,0.0,0.0,0.0,0.0
6922,28.2015749,0.0,0.0,30.0,0.0,0.0,0.0,0.0
6923,28.2023332,0.0,0.0,30.0,0.0,0.0,0.0,0.0
6924,28.2031536,0.0,0.0,30.0,0.0,0.0,0.0,0.0
6925,28.204041,0.0,0.0,30.0,0.0,0.0,0.0,0.0
6926,28.2050011,0.0,0.0,30.0,0.0,0.0,0.0,0.0
6927,28.2060397,0.0,0.0,30.0,0.0,0.0,0.0,0.0
6928,28.2071635,0.0,0.0,30.0,0.0,0.0,0.0,0.0
6929,28.2083792,0.0,0.0,30.0,0.0,0.0,0.0,0.0
6930,28.2096946,0.0,0.0,30.0,0.0,0.0,0.0,0.0
6931,28.2111179,0.0,0.0,30.0,0.0,0.0,0.0,0.0
6932,28.2126578,0.0,0.0,30.0,0.0,0.0,0.0,0.0
6933,28.214324,0.0,0.0,30.0,0.0,0.0,0.0,0.0
6934,28.2161268,0.0,0.0,30.0,0.0,0.0,0.0,0.0
6935,28.2180776,0.0,0.0,30.0,0.0,0.0,0.0,0.0
6936,28.2201883,0.0,0.0,30.0,0.0,0.0,0.0,0.0
6937,28.2224723,0.0,0.0,30.0,0.0,0.0,0.0,0.0
6938,28.2249436,0.0,0.0,30.0,0.0,0.0,0.0,0.0
6939,28.2276177,0.0,0.0,30.0,0.0,0.0,0.0,0.0
6940,28.2305113,0.0,0.0,30.0,0.0,0.0,0.0,0.0
6941,28.2336423,0.0,0.0,30.0,0.0,0.0,0.0,0.0
6942,28.2370303,0.0,0.0,30.0,0.0,0.0,0.0,0.0
6943,28.2406963,0.0,0.0,30.0,0.0,0.0,0.0,0.0
6944,28.2446632,0.0,0.0,30.0,0.0,0.0,0.0,0.0
6945,28.2489557,0.0,0.0,30.0,0.0,0.0,0.0,0.0
6946,28.2536006,0.0,0.0,30.0,0.0,0.0,0.0,0.0
6947,28.2586266,0.0,0.0,30.0,0.0,0.0,0.0,0.0
6948,28.2640653,0.0,0.0,30.0,0.0,0.0,0.0,0.0
6949,28.2699503,0.0,0.0,30.0,0.0,0.0,0.0,0.0
6950,28.2763184,0.0,0.0,30.0,0.0,0.0,0.0,0.0
6951,28.2832092,0.0,0.0,30.0,0.0,0.0,0.0,0.0
6952,28.2906656,0.0,0.0,30.0,0.0,0.0,0.0,0.0
6953,28.2987341,0.0,0.0,30.0,0.0,0.0,0.0,0.0
6954,28.3074649,0.0,0.0,30.0,0.0,0.0,0.0,0.0
6955,28.3169124,0.0,0.0,30.0,0.0,0.0,0.0,0.0
6956,28.3271354,0.0,0.0,30.0,0.0,0.0,0.0,0.0
6957,28.3381975,0.0,0.0,30.0,0.0,0.0,0.0,0.0
6958,28.3501677,0.0,0.0,30.0,0.0,0.0,0.0,0.0
6959,28.3631205,0.0,0.0,30.0,0.0,0.0,0.0,0.0
6960,28.3771365,0.0,0.0,30.0,0.0,0.0,0.0,0.0
6961,28.3923031,0.0,0.0,30.0,0.0,0.0,0.0,0.0
6962,28.4087147,0.0,0.0,30.0,0.0,0.0,0.0,0.0
6963,28.4264734,0.0,0.0,30.0,0.0,0.0,0.0,0.0
6964,28.4456899,0.0,0.0,30.0,0.0,0.0,0.0,0.0
6965,28.4664838,0.0,0.0,30.0,0.0,0.0,0.0,0.0
6966,28.4889846,0.0,0.0,30.0,0.0,0.0,0.0,0.0
6967,28.5133327,0.0,0.0,30.0,0.0,0.0,0.0,0.0
6968,28.5396796,0.0,0.0,30.0,0.0,0.0,0.0,0.0
6969,28.5681877,0.0,0.0,30.0,0.0,0.0,0.0,0.0
6970,28.5990353,0.0,0.0,30.0,0.0,0.0,0.0,0.0
6971,28.6324232,0.0,0.0,30.0,0.0,0.0,0.0,0.0
6972,28.6685541,0.0,0.0,30.0,0.0,0.0,0.0,0.0
6973,28.7076104,0.0,0.0,30.0,0.0,0.0,0.0,0.0
6974,28.7498654,0.0,0.0,30.0,0.0,0.0,0.0,0.0
6975,28.7957909,0.0,0.0,30.0,0.0,0.0,0.0,0.0
6976,28.8455011,0.0,0.0,30.0,0.0,0.0,0.0,0.0
6977,28.8982884,0.0,0.0,30.0,0.0,0.0,0.0,0.0
6978,28.9554422,0.0,0.0,30.0,0.0,0.0,0.0,0.0
6979,29.0222635,0.0,0.0,30.0,0.0,0.0,0.0,0.0
6980,29.0938774,0.0,0.0,30.0,0.0,0.0,0.0,0.0
6981,29.1467465,0.0,0.0,30.0,0.0,0.0,0.0,0.0
6982,29.2100069,0.0,0.0,30.0,0.0,0.0,0.0,0.0
6983,29.4000236,0.0,0.0,30.0,0.0,0.0,0.0,0.0
6984,29.5627604,0.0,0.0,30.0,0.0,0.0,0.0,0.0
6985,29.138236,0.0,0.0,30.0,0.0,0.0,0.0,0.0
6986,29.0148353,0.0,0.0,30.0,0.0,0.0,0.0,0.0
6987,29.9065165,0.0,0.0,30.0,0.0,0.0,0.0,0.0
6988,30.0,0.0,0.0,30.0,0.0,0.0,0.0,0.0
6989,30.0,0.0,0.0,30.0,0.0,0.0,0.0,0.0
6990,23.8910993,0.0,0.0,30.0,0.0,0.0,0.0,0.0
6991,23.6889107,0.0,0.0,30.0,0.0,0.0,0.0,0.0
6992,0.0,0.0,0.0,0.0,0.0,0.0,0.0,0.0
6993,30.0,0.0,0.0,4.91746217,0.0,0.0,0.0,0.0
6994,30.0,0.0,0.0,7.02734753,0.0,0.0,0.0,0.0
6995,0.0,0.0,0.0,17.7123086,0.0,0.0,0.0,0.0
6996,0.0,0.0,0.0,23.2690326,0.0,0.0,0.0,0.0
6997,0.0,0.0,0.0,24.9543813,0.0,0.0,0.0,0.0
6998,0.0,0.0,0.0,25.6476614,0.0,0.0,0.0,0.0
6999,0.0,0.0,0.0,26.7895881,0.0,0.0,0.0,0.0
7000,0.0,0.0,0.0,27.8833453,0.0,0.0,0.0,0.0
7001,0.0,0.0,0.0,28.7946574,0.0,0.0,0.0,0.0
7002,0.0,0.0,0.0,29.5475471,0.0,0.0,0.0,0.0
7003,0.245962814,0.0,0.0,30.0,0.0,0.0,0.0,0.0
7004,1.82204195,0.0,0.0,30.0,0.0,0.0,0.0,0.0
7005,3.26785546,0.0,0.0,30.0,0.0,0.0,0.0,0.0
7006,4.42209102,0.0,0.0,30.0,0.0,0.0,0.0,0.0
7007,5.48665639,0.0,0.0,30.0,0.0,0.0,0.0,0.0
7008,6.43194524,0.0,0.0,30.0,0.0,0.0,0.0,0.0
7009,7.22820961,0.0,0.0,30.0,0.0,0.0,0.0,0.0
7010,7.90083332,0.0,0.0,30.0,0.0,0.0,0.0,0.0
7011,8.45522311,0.0,0.0,30.0,0.0,0.0,0.0,0.0
7012,8.82961504,0.0,0.0,30.0,0.0,0.0,0.0,0.0
7013,9.06139976,0.0,0.0,30.0,0.0,0.0,0.0,0.0
7014,9.46393162,0.0,0.0,30.0,0.0,0.0,0.0,0.0
7015,9.82589935,0.0,0.0,30.0,0.0,0.0,0.0,0.0
7016,8.62599752,0.0,0.0,30.0,0.0,0.0,0.0,0.0
7017,7.07988632,0.0,0.0,30.0,0.0,0.0,0.0,0.0
7018,12.6433407,0.0,0.0,30.0,0.0,0.0,0.0,0.0
7019,17.3894464,0.0,0.0,30.0,0.0,0.0,0.0,0.0
7020,20.6362496,0.0,0.0,30.0,0.0,0.0,0.0,0.0
7021,24.5489436,0.0,0.0,30.0,0.0,0.0,0.0,0.0
7022,26.6128704,0.0,0.0,30.0,0.0,0.0,0.0,0.0
7023,27.639306,0.0,0.0,30.0,0.0,0.0,0.0,0.0
7024,27.4421145,0.0,0.0,30.0,0.0,0.0,0.0,0.0
7025,28.4155962,0.0,0.0,30.0,0.0,0.0,0.0,0.0
7026,29.0979471,0.0,0.0,30.0,0.0,0.0,0.0,0.0
7027,30.0,0.0,0.0,30.0,0.0,0.0,0.0,0.0
7028,30.0,0.0,0.0,30.0,0.0,0.0,0.0,0.0
7029,30.0,0.0,0.0,30.0,0.0,0.0,0.0,0.0
7030,30.0,0.0,0.0,30.0,0.0,0.0,0.0,0.0
7031,30.0,0.0,0.0,30.0,0.0,0.0,0.0,0.0
7032,30.0,0.0,0.0,30.0,0.0,0.0,0.0,0.0
7033,30.0,0.0,0.0,30.0,0.0,0.0,0.0,0.0
7034,30.0,0.0,0.0,30.0,0.0,0.0,0.0,0.0
7035,30.0,0.0,0.0,30.0,0.0,0.0,0.0,0.0
7036,30.0,0.0,0.0,30.0,0.0,0.0,0.0,0.0
7037,30.0,0.0,0.0,30.0,0.0,0.0,0.0,0.0
7038,30.0,0.0,0.0,30.0,0.0,0.0,0.0,0.0
7039,30.0,0.0,0.0,30.0,0.0,0.0,0.0,0.0
7040,29.2993319,0.0,0.0,30.0,0.0,0.0,0.0,0.0
7041,29.2606855,0.0,0.0,30.0,0.0,0.0,0.0,0.0
7042,29.3141329,0.0,0.0,30.0,0.0,0.0,0.0,0.0
7043,29.0519569,0.0,0.0,30.0,0.0,0.0,0.0,0.0
7044,28.9685482,0.0,0.0,30.0,0.0,0.0,0.0,0.0
7045,28.9455798,0.0,0.0,30.0,0.0,0.0,0.0,0.0
7046,28.8913479,0.0,0.0,30.0,0.0,0.0,0.0,0.0
7047,28.8310276,0.0,0.0,30.0,0.0,0.0,0.0,0.0
7048,28.7821517,0.0,0.0,30.0,0.0,0.0,0.0,0.0
7049,28.7388925,0.0,0.0,30.0,0.0,0.0,0.0,0.0
7050,28.6974901,0.0,0.0,30.0,0.0,0.0,0.0,0.0
7051,28.6588745,0.0,0.0,30.0,0.0,0.0,0.0,0.0
7052,28.6234829,0.0,0.0,30.0,0.0,0.0,0.0,0.0
7053,28.5908413,0.0,0.0,30.0,0.0,0.0,0.0,0.0
7054,28.5606151,0.0,0.0,30.0,0.0,0.0,0.0,0.0
7055,28.5326702,0.0,0.0,30.0,0.0,0.0,0.0,0.0
7056,28.5068578,0.0,0.0,30.0,0.0,0.0,0.0,0.0
7057,28.4830057,0.0,0.0,30.0,0.0,0.0,0.0,0.0
7058,28.4609606,0.0,0.0,30.0,0.0,0.0,0.0,0.0
7059,28.4405876,0.0,0.0,30.0,0.0,0.0,0.0,0.0
7060,28.4217608,0.0,0.0,30.0,0.0,0.0,0.0,0.0
7061,28.4043624,0.0,0.0,30.0,0.0,0.0,0.0,0.0
7062,28.3882839,0.0,0.0,30.0,0.0,0.0,0.0,0.0
7063,28.3734253,0.0,0.0,30.0,0.0,0.0,0.0,0.0
7064,28.3596942,0.0,0.0,30.0,0.0,0.0,0.0,0.0
7065,28.3470048,0.0,0.0,30.0,0.0,0.0,0.0,0.0
7066,28.3352784,0.0,0.0,30.0,0.0,0.0,0.0,0.0
7067,28.3244418,0.0,0.0,30.0,0.0,0.0,0.0,0.0
7068,28.3144275,0.0,0.0,30.0,0.0,0.0,0.0,0.0
7069,28.3051733,0.0,0.0,30.0,0.0,0.0,0.0,0.0
7070,28.2966214,0.0,0.0,30.0,0.0,0.0,0.0,0.0
7071,28.2887186,0.0,0.0,30.0,0.0,0.0,0.0,0.0
7072,28.2814158,0.0,0.0,30.0,0.0,0.0,0.0,0.0
7073,28.2746673,0.0,0.0,30.0,0.0,0.0,0.0,0.0
7074,28.2684313,0.0,0.0,30.0,0.0,0.0,0.0,0.0
7075,28.2626689,0.0,0.0,30.0,0.0,0.0,0.0,0.0
7076,28.2573442,0.0,0.0,30.0,0.0,0.0,0.0,0.0
7077,28.252424,0.0,0.0,30.0,0.0,0.0,0.0,0.0
7078,28.2478777,0.0,0.0,30.0,0.0,0.0,0.0,0.0
7079,28.243677,0.0,0.0,30.0,0.0,0.0,0.0,0.0
7080,28.2397957,0.0,0.0,30.0,0.0,0.0,0.0,0.0
7081,28.2362097,0.0,0.0,30.0,0.0,0.0,0.0,0.0
7082,28.2328967,0.0,0.0,30.0,0.0,0.0,0.0,0.0
7083,28.2298359,0.0,0.0,30.0,0.0,0.0,0.0,0.0
7084,28.2270084,0.0,0.0,30.0,0.0,0.0,0.0,0.0
7085,28.2243965,0.0,0.0,30.0,0.0,0.0,0.0,0.0
7086,28.221984,0.0,0.0,30.0,0.0,0.0,0.0,0.0
7087,28.2197558,0.0,0.0,30.0,0.0,0.0,0.0,0.0
7088,28.2176981,0.0,0.0,30.0,0.0,0.0,0.0,0.0
7089,28.215798,0.0,0.0,30.0,0.0,0.0,0.0,0.0
7090,28.2140438,0.0,0.0,30.0,0.0,0.0,0.0,0.0
7091,28.2124245,0.0,0.0,30.0,0.0,0.0,0.0,0.0
7092,28.21093,0.0,0.0,30.0,0.0,0.0,0.0,0.0
7093,28.209551,0.0,0.0,30.0,0.0,0.0,0.0,0.0
7094,28.208279,0.0,0.0,30.0,0.0,0.0,0.0,0.0
7095,28.2071059,0.0,0.0,30.0,0.0,0.0,0.0,0.0
7096,28.2060246,0.0,0.0,30.0,0.0,0.0,0.0,0.0
7097,28.2050282,0.0,0.0,30.0,0.0,0.0,0.0,0.0
7098,28.2041106,0.0,0.0,30.0,0.0,0.0,0.0,0.0
7099,28.203266,0.0,0.0,30.0,0.0,0.0,0.0,0.0
7100,28.2024892,0.0,0.0,30.0,0.0,0.0,0.0,0.0
7101,28.2017753,0.0,0.0,30.0,0.0,0.0,0.0,0.0
7102,28.20112,0.0,0.0,30.0,0.0,0.0,0.0,0.0
7103,28.200519,0.0,0.0,30.0,0.0,0.0,0.0,0.0
7104,28.1999688,0.0,0.0,30.0,0.0,0.0,0.0,0.0
7105,28.1994658,0.0,0.0,30.0,0.0,0.0,0.0,0.0
7106,28.1990069,0.0,0.0,30.0,0.0,0.0,0.0,0.0
7107,28.1985893,0.0,0.0,30.0,0.0,0.0,0.0,0.0
7108,28.1982104,0.0,0.0,30.0,0.0,0.0,0.0,0.0
7109,28.1978677,0.0,0.0,30.0,0.0,0.0,0.0,0.0
7110,28.1975592,0.0,0.0,30.0,0.0,0.0,0.0,0.0
7111,28.197283,0.0,0.0,30.0,0.0,0.0,0.0,0.0
7112,28.1970373,0.0,0.0,30.0,0.0,0.0,0.0,0.0
7113,28.1968206,0.0,0.0,30.0,0.0,0.0,0.0,0.0
7114,28.1966315,0.0,0.0,30.0,0.0,0.0,0.0,0.0
7115,28.1964689,0.0,0.0,30.0,0.0,0.0,0.0,0.0
7116,28.1963318,0.0,0.0,30.0,0.0,0.0,0.0,0.0
7117,28.1962193,0.0,0.0,30.0,0.0,0.0,0.0,0.0
7118,28.1961306,0.0,0.0,30.0,0.0,0.0,0.0,0.0
7119,28.1960653,0.0,0.0,30.0,0.0,0.0,0.0,0.0
7120,28.196023,0.0,0.0,30.0,0.0,0.0,0.0,0.0
7121,28.1960033,0.0,0.0,30.0,0.0,0.0,0.0,0.0
7122,28.1960062,0.0,0.0,30.0,0.0,0.0,0.0,0.0
7123,28.1960317,0.0,0.0,30.0,0.0,0.0,0.0,0.0
7124,28.1960799,0.0,0.0,30.0,0.0,0.0,0.0,0.0
7125,28.1961512,0.0,0.0,30.0,0.0,0.0,0.0,0.0
7126,28.1962459,0.0,0.0,30.0,0.0,0.0,0.0,0.0
7127,28.1963647,0.0,0.0,30.0,0.0,0.0,0.0,0.0
7128,28.1965083,0.0,0.0,30.0,0.0,0.0,0.0,0.0
7129,28.1966776,0.0,0.0,30.0,0.0,0.0,0.0,0.0
7130,28.1968737,0.0,0.0,30.0,0.0,0.0,0.0,0.0
7131,28.1970977,0.0,0.0,30.0,0.0,0.0,0.0,0.0
7132,28.1973511,0.0,0.0,30.0,0.0,0.0,0.0,0.0
7133,28.1976355,0.0,0.0,30.0,0.0,0.0,0.0,0.0
7134,28.1979526,0.0,0.0,30.0,0.0,0.0,0.0,0.0
7135,28.1983044,0.0,0.0,30.0,0.0,0.0,0.0,0.0
7136,28.1986931,0.0,0.0,30.0,0.0,0.0,0.0,0.0
7137,28.199121,0.0,0.0,30.0,0.0,0.0,0.0,0.0
7138,28.199591,0.0,0.0,30.0,0.0,0.0,0.0,0.0
7139,28.2001059,0.0,0.0,30.0,0.0,0.0,0.0,0.0
7140,28.2006688,0.0,0.0,30.0,0.0,0.0,0.0,0.0
7141,28.2012834,0.0,0.0,30.0,0.0,0.0,0.0,0.0
7142,28.2019535,0.0,0.0,30.0,0.0,0.0,0.0,0.0
7143,28.2026831,0.0,0.0,30.0,0.0,0.0,0.0,0.0
7144,28.2034769,0.0,0.0,30.0,0.0,0.0,0.0,0.0
7145,28.2043398,0.0,0.0,30.0,0.0,0.0,0.0,0.0
7146,28.2052772,0.0,0.0,30.0,0.0,0.0,0.0,0.0
7147,28.2062949,0.0,0.0,30.0,0.0,0.0,0.0,0.0
7148,28.2073993,0.0,0.0,30.0,0.0,0.0,0.0,0.0
7149,28.2085971,0.0,0.0,30.0,0.0,0.0,0.0,0.0
7150,28.209896,0.0,0.0,30.0,0.0,0.0,0.0,0.0
7151,28.211304,0.0,0.0,30.0,0.0,0.0,0.0,0.0
7152,28.2128298,0.0,0.0,30.0,0.0,0.0,0.0,0.0
7153,28.2144829,0.0,0.0,30.0,0.0,0.0,0.0,0.0
7154,28.2162737,0.0,0.0,30.0,0.0,0.0,0.0,0.0
7155,28.2182133,0.0,0.0,30.0,0.0,0.0,0.0,0.0
7156,28.2203137,0.0,0.0,30.0,0.0,0.0,0.0,0.0
7157,28.2225882,0.0,0.0,30.0,0.0,0.0,0.0,0.0
7158,28.2250507,0.0,0.0,30.0,0.0,0.0,0.0,0.0
7159,28.2277167,0.0,0.0,30.0,0.0,0.0,0.0,0.0
7160,28.2306027,0.0,0.0,30.0,0.0,0.0,0.0,0.0
7161,28.2337268,0.0,0.0,30.0,0.0,0.0,0.0,0.0
7162,28.2371084,0.0,0.0,30.0,0.0,0.0,0.0,0.0
7163,28.2407685,0.0,0.0,30.0,0.0,0.0,0.0,0.0
7164,28.2447299,0.0,0.0,30.0,0.0,0.0,0.0,0.0
7165,28.2490174,0.0,0.0,30.0,0.0,0.0,0.0,0.0
7166,28.2536575,0.0,0.0,30.0,0.0,0.0,0.0,0.0
7167,28.2586792,0.0,0.0,30.0,0.0,0.0,0.0,0.0
7168,28.2641139,0.0,0.0,30.0,0.0,0.0,0.0,0.0
7169,28.2699952,0.0,0.0,30.0,0.0,0.0,0.0,0.0
7170,28.2763599,0.0,0.0,30.0,0.0,0.0,0.0,0.0
7171,28.2832475,0.0,0.0,30.0,0.0,0.0,0.0,0.0
7172,28.2907011,0.0,0.0,30.0,0.0,0.0,0.0,0.0
7173,28.2987669,0.0,0.0,30.0,0.0,0.0,0.0,0.0
7174,28.3074952,0.0,0.0,30.0,0.0,0.0,0.0,0.0
7175,28.3169403,0.0,0.0,30.0,0.0,0.0,0.0,0.0
7176,28.3271612,0.0,0.0,30.0,0.0,0.0,0.0,0.0
7177,28.3382214,0.0,0.0,30.0,0.0,0.0,0.0,0.0
7178,28.3501897,0.0,0.0,30.0,0.0,0.0,0.0,0.0
7179,28.3631409,0.0,0.0,30.0,0.0,0.0,0.0,0.0
7180,28.3771553,0.0,0.0,30.0,0.0,0.0,0.0,0.0
7181,28.3923205,0.0,0.0,30.0,0.0,0.0,0.0,0.0
7182,28.4087307,0.0,0.0,30.0,0.0,0.0,0.0,0.0
7183,28.4264882,0.0,0.0,30.0,0.0,0.0,0.0,0.0
7184,28.4457036,0.0,0.0,30.0,0.0,0.0,0.0,0.0
7185,28.4664965,0.0,0.0,30.0,0.0,0.0,0.0,0.0
7186,28.4889962,0.0,0.0,30.0,0.0,0.0,0.0,0.0
7187,28.5133435,0.0,0.0,30.0,0.0,0.0,0.0,0.0
7188,28.5396896,0.0,0.0,30.0,0.0,0.0,0.0,0.0
7189,28.5681969,0.0,0.0,30.0,0.0,0.0,0.0,0.0
7190,28.5990437,0.0,0.0,30.0,0.0,0.0,0.0,0.0
7191,28.6324309,0.0,0.0,30.0,0.0,0.0,0.0,0.0
7192,28.6685613,0.0,0.0,30.0,0.0,0.0,0.0,0.0
7193,28.707617,0.0,0.0,30.0,0.0,0.0,0.0,0.0
7194,28.7498715,0.0,0.0,30.0,0.0,0.0,0.0,0.0
7195,28.7957965,0.0,0.0,30.0,0.0,0.0,0.0,0.0
7196,28.8455062,0.0,0.0,30.0,0.0,0.0,0.0,0.0
7197,28.8982932,0.0,0.0,30.0,0.0,0.0,0.0,0.0
7198,28.9554465,0.0,0.0,30.0,0.0,0.0,0.0,0.0
7199,29.0222675,0.0,0.0,30.0,0.0,0.0,0.0,0.0
7200,29.093881,0.0,0.0,30.0,0.0,0.0,0.0,0.0
7201,29.1467499,0.0,0.0,30.0,0.0,0.0,0.0,0.0
7202,29.21001,0.0,0.0,30.0,0.0,0.0,0.0,0.0
7203,29.4000264,0.0,0.0,30.0,0.0,0.0,0.0,0.0
7204,29.5627629,0.0,0.0,30.0,0.0,0.0,0.0,0.0
7205,29.138238,0.0,0.0,30.0,0.0,0.0,0.0,0.0
7206,29.0148375,0.0,0.0,30.0,0.0,0.0,0.0,0.0
7207,29.9065188,0.0,0.0,30.0,0.0,0.0,0.0,0.0
7208,30.0,0.0,0.0,30.0,0.0,0.0,0.0,0.0
7209,30.0,0.0,0.0,30.0,0.0,0.0,0.0,0.0
7210,23.8911061,0.0,0.0,30.0,0.0,0.0,0.0,0.0
7211,23.6889154,0.0,0.0,30.0,0.0,0.0,0.0,0.0
7212,0.0,0.0,0.0,0.0,0.0,0.0,0.0,0.0
7213,30.0,0.0,0.0,4.21859505,0.0,0.0,0.0,0.0
7214,30.0,0.0,0.0,6.18726477,0.0,0.0,0.0,0.0
7215,0.0,0.0,0.0,16.7900556,0.0,0.0,0.0,0.0
7216,0.0,0.0,0.0,21.9789414,0.0,0.0,0.0,0.0
7217,0.0,0.0,0.0,23.4345668,0.0,0.0,0.0,0.0
7218,0.0,0.0,0.0,23.9140565,0.0,0.0,0.0,0.0
7219,0.0,0.0,0.0,24.8020415,0.0,0.0,0.0,0.0
7220,0.0,0.0,0.0,25.6386006,0.0,0.0,0.0,0.0
7221,0.0,0.0,0.0,26.2319011,0.0,0.0,0.0,0.0
7222,0.0,0.0,0.0,26.6672088,0.0,0.0,0.0,0.0
7223,0.0,0.0,0.0,26.9789123,0.0,0.0,0.0,0.0
7224,0.0,0.0,0.0,27.1577817,0.0,0.0,0.0,0.0
7225,0.0,0.0,0.0,27.2016445,0.0,0.0,0.0,0.0
7226,0.0,0.0,0.0,27.11303,0.0,0.0,0.0,0.0
7227,0.0,0.0,0.0,26.8919937,0.0,0.0,0.0,0.0
7228,0.0,0.0,0.0,26.5361614,0.0,0.0,0.0,0.0
7229,0.0,0.0,0.0,26.0379339,0.0,0.0,0.0,0.0
7230,0.0,0.0,0.0,25.3883823,0.0,0.0,0.0,0.0
7231,0.0,0.0,0.0,24.6018378,0.0,0.0,0.0,0.0
7232,0.0,0.0,0.0,23.6854333,0.0,0.0,0.0,0.0
7233,0.0,0.0,0.0,22.4841006,0.0,0.0,0.0,0.0
7234,0.0,0.0,0.0,20.9023724,0.0,0.0,0.0,0.0
7235,0.0,0.0,0.0,19.8649141,0.0,0.0,0.0,0.0
7236,0.0,0.0,0.0,19.7244474,0.0,0.0,0.0,0.0
7237,0.0,0.0,0.0,14.3398563,0.0,0.0,0.0,0.0
7238,0.0,0.0,0.0,2.43748084,0.0,0.0,0.0,0.0
7239,0.0,0.0,0.0,3.65831342,0.0,0.0,0.0,0.0
7240,30.0,0.0,0.0,30.0,0.0,0.0,0.0,0.0
7241,30.0,0.0,0.0,30.0,0.0,0.0,0.0,0.0
7242,30.0,0.0,0.0,30.0,0.0,0.0,0.0,0.0
7243,30.0,0.0,0.0,30.0,0.0,0.0,0.0,0.0
7244,30.0,0.0,0.0,30.0,0.0,0.0,0.0,0.0
7245,30.0,0.0,0.0,30.0,0.0,0.0,0.0,0.0
7246,30.0,0.0,0.0,30.0,0.0,0.0,0.0,0.0
7247,17.4433495,0.0,0.0,30.0,0.0,0.0,0.0,0.0
7248,14.0733843,0.0,0.0,30.0,0.0,0.0,0.0,0.0
7249,19.6867302,0.0,0.0,30.0,0.0,0.0,0.0,0.0
7250,22.6703844,0.0,0.0,30.0,0.0,0.0,0.0,0.0
7251,20.6659028,0.0,0.0,30.0,0.0,0.0,0.0,0.0
7252,20.2527425,0.0,0.0,30.0,0.0,0.0,0.0,0.0
7253,22.9412901,0.0,0.0,30.0,0.0,0.0,0.0,0.0
7254,27.0508486,0.0,0.0,30.0,0.0,0.0,0.0,0.0
7255,30.0,0.0,0.0,30.0,0.0,0.0,0.0,0.0
7256,30.0,0.0,0.0,30.0,0.0,0.0,0.0,0.0
7257,30.0,0.0,0.0,30.0,0.0,0.0,0.0,0.0
7258,30.0,0.0,0.0,30.0,0.0,0.0,0.0,0.0
7259,30.0,0.0,0.0,30.0,0.0,0.0,0.0,0.0
7260,28.3494156,0.0,0.0,30.0,0.0,0.0,0.0,0.0
7261,28.1294247,0.0,0.0,30.0,0.0,0.0,0.0,0.0
7262,28.3890127,0.0,0.0,30.0,0.0,0.0,0.0,0.0
7263,28.0294322,0.0,0.0,30.0,0.0,0.0,0.0,0.0
7264,28.0096179,0.0,0.0,30.0,0.0,0.0,0.0,0.0
7265,28.0932507,0.0,0.0,30.0,0.0,0.0,0.0,0.0
7266,28.1057736,0.0,0.0,30.0,0.0,0.0,0.0,0.0
7267,28.0981793,0.0,0.0,30.0,0.0,0.0,0.0,0.0
7268,28.1046207,0.0,0.0,30.0,0.0,0.0,0.0,0.0
7269,28.1141478,0.0,0.0,30.0,0.0,0.0,0.0,0.0
7270,28.1201638,0.0,0.0,30.0,0.0,0.0,0.0,0.0
7271,28.1250631,0.0,0.0,30.0,0.0,0.0,0.0,0.0
7272,28.1301667,0.0,0.0,30.0,0.0,0.0,0.0,0.0
7273,28.1350041,0.0,0.0,30.0,0.0,0.0,0.0,0.0
7274,28.139356,0.0,0.0,30.0,0.0,0.0,0.0,0.0
7275,28.143356,0.0,0.0,30.0,0.0,0.0,0.0,0.0
7276,28.1470771,0.0,0.0,30.0,0.0,0.0,0.0,0.0
7277,28.15052,0.0,0.0,30.0,0.0,0.0,0.0,0.0
7278,28.1536968,0.0,0.0,30.0,0.0,0.0,0.0,0.0
7279,28.1566321,0.0,0.0,30.0,0.0,0.0,0.0,0.0
7280,28.1593459,0.0,0.0,30.0,0.0,0.0,0.0,0.0
7281,28.1618541,0.0,0.0,30.0,0.0,0.0,0.0,0.0
7282,28.1641721,0.0,0.0,30.0,0.0,0.0,0.0,0.0
7283,28.1663144,0.0,0.0,30.0,0.0,0.0,0.0,0.0
7284,28.1682945,0.0,0.0,30.0,0.0,0.0,0.0,0.0
7285,28.1701246,0.0,0.0,30.0,0.0,0.0,0.0,0.0
7286,28.1718161,0.0,0.0,30.0,0.0,0.0,0.0,0.0
7287,28.1733796,0.0,0.0,30.0,0.0,0.0,0.0,0.0
7288,28.1748248,0.0,0.0,30.0,0.0,0.0,0.0,0.0
7289,28.1761606,0.0,0.0,30.0,0.0,0.0,0.0,0.0
7290,28.1773955,0.0,0.0,30.0,0.0,0.0,0.0,0.0
7291,28.1785372,0.0,0.0,30.0,0.0,0.0,0.0,0.0
7292,28.1795926,0.0,0.0,30.0,0.0,0.0,0.0,0.0
7293,28.1805684,0.0,0.0,30.0,0.0,0.0,0.0,0.0
7294,28.1814706,0.0,0.0,30.0,0.0,0.0,0.0,0.0
7295,28.182305,0.0,0.0,30.0,0.0,0.0,0.0,0.0
7296,28.1830766,0.0,0.0,30.0,0.0,0.0,0.0,0.0
7297,28.1837903,0.0,0.0,30.0,0.0,0.0,0.0,0.0
7298,28.1844505,0.0,0.0,30.0,0.0,0.0,0.0,0.0
7299,28.1850613,0.0,0.0,30.0,0.0,0.0,0.0,0.0
7300,28.1856266,0.0,0.0,30.0,0.0,0.0,0.0,0.0
7301,28.1861498,0.0,0.0,30.0,0.0,0.0,0.0,0.0
7302,28.1866343,0.0,0.0,30.0,0.0,0.0,0.0,0.0
7303,28.1870829,0.0,0.0,30.0,0.0,0.0,0.0,0.0
7304,28.1874986,0.0,0.0,30.0,0.0,0.0,0.0,0.0
7305,28.1878839,0.0,0.0,30.0,0.0,0.0,0.0,0.0
7306,28.1882412,0.0,0.0,30.0,0.0,0.0,0.0,0.0
7307,28.1885728,0.0,0.0,30.0,0.0,0.0,0.0,0.0
7308,28.1888806,0.0,0.0,30.0,0.0,0.0,0.0,0.0
7309,28.1891666,0.0,0.0,30.0,0.0,0.0,0.0,0.0
7310,28.1894327,0.0,0.0,30.0,0.0,0.0,0.0,0.0
7311,28.1896803,0.0,0.0,30.0,0.0,0.0,0.0,0.0
7312,28.1899112,0.0,0.0,30.0,0.0,0.0,0.0,0.0
7313,28.1901267,0.0,0.0,30.0,0.0,0.0,0.0,0.0
7314,28.1903282,0.0,0.0,30.0,0.0,0.0,0.0,0.0
7315,28.1905169,0.0,0.0,30.0,0.0,0.0,0.0,0.0
7316,28.190694,0.0,0.0,30.0,0.0,0.0,0.0,0.0
7317,28.1908605,0.0,0.0,30.0,0.0,0.0,0.0,0.0
7318,28.1910177,0.0,0.0,30.0,0.0,0.0,0.0,0.0
7319,28.1911663,0.0,0.0,30.0,0.0,0.0,0.0,0.0
7320,28.1913074,0.0,0.0,30.0,0.0,0.0,0.0,0.0
7321,28.1914418,0.0,0.0,30.0,0.0,0.0,0.0,0.0
7322,28.1915703,0.0,0.0,30.0,0.0,0.0,0.0,0.0
7323,28.1916938,0.0,0.0,30.0,0.0,0.0,0.0,0.0
7324,28.1918131,0.0,0.0,30.0,0.0,0.0,0.0,0.0
7325,28.1919288,0.0,0.0,30.0,0.0,0.0,0.0,0.0
7326,28.1920417,0.0,0.0,30.0,0.0,0.0,0.0,0.0
7327,28.1921524,0.0,0.0,30.0,0.0,0.0,0.0,0.0
7328,28.1922618,0.0,0.0,30.0,0.0,0.0,0.0,0.0
7329,28.1923704,0.0,0.0,30.0,0.0,0.0,0.0,0.0
7330,28.192479,0.0,0.0,30.0,0.0,0.0,0.0,0.0
7331,28.1925881,0.0,0.0,30.0,0.0,0.0,0.0,0.0
7332,28.1926986,0.0,0.0,30.0,0.0,0.0,0.0,0.0
7333,28.192811,0.0,0.0,30.0,0.0,0.0,0.0,0.0
7334,28.1929261,0.0,0.0,30.0,0.0,0.0,0.0,0.0
7335,28.1930446,0.0,0.0,30.0,0.0,0.0,0.0,0.0
7336,28.1931673,0.0,0.0,30.0,0.0,0.0,0.0,0.0
7337,28.1932948,0.0,0.0,30.0,0.0,0.0,0.0,0.0
7338,28.193428,0.0,0.0,30.0,0.0,0.0,0.0,0.0
7339,28.1935678,0.0,0.0,30.0,0.0,0.0,0.0,0.0
7340,28.1937149,0.0,0.0,30.0,0.0,0.0,0.0,0.0
7341,28.1938703,0.0,0.0,30.0,0.0,0.0,0.0,0.0
7342,28.1940351,0.0,0.0,30.0,0.0,0.0,0.0,0.0
7343,28.1942101,0.0,0.0,30.0,0.0,0.0,0.0,0.0
7344,28.1943965,0.0,0.0,30.0,0.0,0.0,0.0,0.0
7345,28.1945955,0.0,0.0,30.0,0.0,0.0,0.0,0.0
7346,28.1948082,0.0,0.0,30.0,0.0,0.0,0.0,0.0
7347,28.1950361,0.0,0.0,30.0,0.0,0.0,0.0,0.0
7348,28.1952805,0.0,0.0,30.0,0.0,0.0,0.0,0.0
7349,28.1955429,0.0,0.0,30.0,0.0,0.0,0.0,0.0
7350,28.1958251,0.0,0.0,30.0,0.0,0.0,0.0,0.0
7351,28.1961287,0.0,0.0,30.0,0.0,0.0,0.0,0.0
7352,28.1964556,0.0,0.0,30.0,0.0,0.0,0.0,0.0
7353,28.1968079,0.0,0.0,30.0,0.0,0.0,0.0,0.0
7354,28.1971878,0.0,0.0,30.0,0.0,0.0,0.0,0.0
7355,28.1975976,0.0,0.0,30.0,0.0,0.0,0.0,0.0
7356,28.1980399,0.0,0.0,30.0,0.0,0.0,0.0,0.0
7357,28.1985175,0.0,0.0,30.0,0.0,0.0,0.0,0.0
7358,28.1990332,0.0,0.0,30.0,0.0,0.0,0.0,0.0
7359,28.1995904,0.0,0.0,30.0,0.0,0.0,0.0,0.0
7360,28.2001925,0.0,0.0,30.0,0.0,0.0,0.0,0.0
7361,28.2008432,0.0,0.0,30.0,0.0,0.0,0.0,0.0
7362,28.2015466,0.0,0.0,30.0,0.0,0.0,0.0,0.0
7363,28.2023072,0.0,0.0,30.0,0.0,0.0,0.0,0.0
7364,28.2031295,0.0,0.0,30.0,0.0,0.0,0.0,0.0
7365,28.2040188,0.0,0.0,30.0,0.0,0.0,0.0,0.0
7366,28.2049805,0.0,0.0,30.0,0.0,0.0,0.0,0.0
7367,28.2060207,0.0,0.0,30.0,0.0,0.0,0.0,0.0
7368,28.2071459,0.0,0.0,30.0,0.0,0.0,0.0,0.0
7369,28.208363,0.0,0.0,30.0,0.0,0.0,0.0,0.0
7370,28.2096796,0.0,0.0,30.0,0.0,0.0,0.0,0.0
7371,28.211104,0.0,0.0,30.0,0.0,0.0,0.0,0.0
7372,28.212645,0.0,0.0,30.0,0.0,0.0,0.0,0.0
7373,28.2143121,0.0,0.0,30.0,0.0,0.0,0.0,0.0
7374,28.2161159,0.0,0.0,30.0,0.0,0.0,0.0,0.0
7375,28.2180675,0.0,0.0,30.0,0.0,0.0,0.0,0.0
7376,28.220179,0.0,0.0,30.0,0.0,0.0,0.0,0.0
7377,28.2224636,0.0,0.0,30.0,0.0,0.0,0.0,0.0
7378,28.2249356,0.0,0.0,30.0,0.0,0.0,0.0,0.0
7379,28.2276103,0.0,0.0,30.0,0.0,0.0,0.0,0.0
7380,28.2305045,0.0,0.0,30.0,0.0,0.0,0.0,0.0
7381,28.233636,0.0,0.0,30.0,0.0,0.0,0.0,0.0
7382,28.2370244,0.0,0.0,30.0,0.0,0.0,0.0,0.0
7383,28.2406909,0.0,0.0,30.0,0.0,0.0,0.0,0.0
7384,28.2446583,0.0,0.0,30.0,0.0,0.0,0.0,0.0
7385,28.2489511,0.0,0.0,30.0,0.0,0.0,0.0,0.0
7386,28.2535963,0.0,0.0,30.0,0.0,0.0,0.0,0.0
7387,28.2586227,0.0,0.0,30.0,0.0,0.0,0.0,0.0
7388,28.2640616,0.0,0.0,30.0,0.0,0.0,0.0,0.0
7389,28.2699469,0.0,0.0,30.0,0.0,0.0,0.0,0.0
7390,28.2763153,0.0,0.0,30.0,0.0,0.0,0.0,0.0
7391,28.2832063,0.0,0.0,30.0,0.0,0.0,0.0,0.0
7392,28.290663,0.0,0.0,30.0,0.0,0.0,0.0,0.0
7393,28.2987317,0.0,0.0,30.0,0.0,0.0,0.0,0.0
7394,28.3074627,0.0,0.0,30.0,0.0,0.0,0.0,0.0
7395,28.3169103,0.0,0.0,30.0,0.0,0.0,0.0,0.0
7396,28.3271334,0.0,0.0,30.0,0.0,0.0,0.0,0.0
7397,28.3381957,0.0,0.0,30.0,0.0,0.0,0.0,0.0
7398,28.3501661,0.0,0.0,30.0,0.0,0.0,0.0,0.0
7399,28.363119,0.0,0.0,30.0,0.0,0.0,0.0,0.0
7400,28.3771351,0.0,0.0,30.0,0.0,0.0,0.0,0.0
7401,28.3923018,0.0,0.0,30.0,0.0,0.0,0.0,0.0
7402,28.4087135,0.0,0.0,30.0,0.0,0.0,0.0,0.0
7403,28.4264723,0.0,0.0,30.0,0.0,0.0,0.0,0.0
7404,28.4456889,0.0,0.0,30.0,0.0,0.0,0.0,0.0
7405,28.4664829,0.0,0.0,30.0,0.0,0.0,0.0,0.0
7406,28.4889837,0.0,0.0,30.0,0.0,0.0,0.0,0.0
7407,28.5133319,0.0,0.0,30.0,0.0,0.0,0.0,0.0
7408,28.5396789,0.0,0.0,30.0,0.0,0.0,0.0,0.0
7409,28.568187,0.0,0.0,30.0,0.0,0.0,0.0,0.0
7410,28.5990346,0.0,0.0,30.0,0.0,0.0,0.0,0.0
7411,28.6324226,0.0,0.0,30.0,0.0,0.0,0.0,0.0
7412,28.6685535,0.0,0.0,30.0,0.0,0.0,0.0,0.0
7413,28.7076099,0.0,0.0,30.0,0.0,0.0,0.0,0.0
7414,28.749865,0.0,0.0,30.0,0.0,0.0,0.0,0.0
7415,28.7957905,0.0,0.0,30.0,0.0,0.0,0.0,0.0
7416,28.8455007,0.0,0.0,30.0,0.0,0.0,0.0,0.0
7417,28.8982881,0.0,0.0,30.0,0.0,0.0,0.0,0.0
7418,28.9554418,0.0,0.0,30.0,0.0,0.0,0.0,0.0
7419,29.0222632,0.0,0.0,30.0,0.0,0.0,0.0,0.0
7420,29.0938771,0.0,0.0,30.0,0.0,0.0,0.0,0.0
7421,29.1467463,0.0,0.0,30.0,0.0,0.0,0.0,0.0
7422,29.2100067,0.0,0.0,30.0,0.0,0.0,0.0,0.0
7423,29.4000234,0.0,0.0,30.0,0.0,0.0,0.0,0.0
7424,29.5627602,0.0,0.0,30.0,0.0,0.0,0.0,0.0
7425,29.1382358,0.0,0.0,30.0,0.0,0.0,0.0,0.0
7426,29.0148351,0.0,0.0,30.0,0.0,0.0,0.0,0.0
7427,29.9065164,0.0,0.0,30.0,0.0,0.0,0.0,0.0
7428,30.0,0.0,0.0,30.0,0.0,0.0,0.0,0.0
7429,30.0,0.0,0.0,30.0,0.0,0.0,0.0,0.0
7430,23.8910987,0.0,0.0,30.0,0.0,0.0,0.0,0.0
7431,23.6889103,0.0,0.0,30.0,0.0,0.0,0.0,0.0
7432,0.0,0.0,0.0,0.0,0.0,0.0,0.0,0.0
7433,30.0,0.0,0.0,4.3794725,0.0,0.0,0.0,0.0
7434,30.0,0.0,0.0,6.38062664,0.0,0.0,0.0,0.0
7435,0.0,0.0,0.0,17.0023289,0.0,0.0,0.0,0.0
7436,0.0,0.0,0.0,22.276036,0.0,0.0,0.0,0.0
7437,0.0,0.0,0.0,23.7845316,0.0,0.0,0.0,0.0
7438,0.0,0.0,0.0,24.3122878,0.0,0.0,0.0,0.0
7439,0.0,0.0,0.0,25.2589556,0.0,0.0,0.0,0.0
7440,0.0,0.0,0.0,26.1607796,0.0,0.0,0.0,0.0
7441,0.0,0.0,0.0,26.8245704,0.0,0.0,0.0,0.0
7442,0.0,0.0,0.0,27.3371807,0.0,0.0,0.0,0.0
7443,0.0,0.0,0.0,27.7342179,0.0,0.0,0.0,0.0
7444,0.0,0.0,0.0,28.0073367,0.0,0.0,0.0,0.0
7445,0.0,0.0,0.0,28.1554345,0.0,0.0,0.0,0.0
7446,0.0,0.0,0.0,28.1822492,0.0,0.0,0.0,0.0
7447,0.0,0.0,0.0,28.0891725,0.0,0.0,0.0,0.0
7448,0.0,0.0,0.0,27.8755887,0.0,0.0,0.0,0.0
7449,0.0,0.0,0.0,27.5357145,0.0,0.0,0.0,0.0
7450,0.0,0.0,0.0,27.0608137,0.0,0.0,0.0,0.0
7451,0.0,0.0,0.0,26.4666364,0.0,0.0,0.0,0.0
7452,0.0,0.0,0.0,25.7734567,0.0,0.0,0.0,0.0
7453,0.0,0.0,0.0,24.8311033,0.0,0.0,0.0,0.0
7454,0.0,0.0,0.0,23.4766949,0.0,0.0,0.0,0.0
7455,0.0,0.0,0.0,22.634833,0.0,0.0,0.0,0.0
7456,0.0,0.0,0.0,23.1149744,0.0,0.0,0.0,0.0
7457,0.0,0.0,0.0,18.7244334,0.0,0.0,0.0,0.0
7458,0.0,0.0,0.0,5.26402107,0.0,0.0,0.0,0.0
7459,0.0,0.0,0.0,6.88804934,0.0,0.0,0.0,0.0
7460,30.0,0.0,0.0,30.0,0.0,0.0,0.0,0.0
7461,30.0,0.0,0.0,30.0,0.0,0.0,0.0,0.0
7462,30.0,0.0,0.0,30.0,0.0,0.0,0.0,0.0
7463,30.0,0.0,0.0,30.0,0.0,0.0,0.0,0.0
7464,30.0,0.0,0.0,30.0,0.0,0.0,0.0,0.0
7465,28.3282336,0.0,0.0,30.0,0.0,0.0,0.0,0.0
7466,28.097196,0.0,0.0,30.0,0.0,0.0,0.0,0.0
7467,30.0,0.0,0.0,30.0,0.0,0.0,0.0,0.0
7468,30.0,0.0,0.0,30.0,0.0,0.0,0.0,0.0
7469,30.0,0.0,0.0,30.0,0.0,0.0,0.0,0.0
7470,30.0,0.0,0.0,30.0,0.0,0.0,0.0,0.0
7471,30.0,0.0,0.0,30.0,0.0,0.0,0.0,0.0
7472,30.0,0.0,0.0,30.0,0.0,0.0,0.0,0.0
7473,30.0,0.0,0.0,30.0,0.0,0.0,0.0,0.0
7474,30.0,0.0,0.0,30.0,0.0,0.0,0.0,0.0
7475,30.0,0.0,0.0,30.0,0.0,0.0,0.0,0.0
7476,30.0,0.0,0.0,30.0,0.0,0.0,0.0,0.0
7477,30.0,0.0,0.0,30.0,0.0,0.0,0.0,0.0
7478,30.0,0.0,0.0,30.0,0.0,0.0,0.0,0.0
7479,30.0,0.0,0.0,30.0,0.0,0.0,0.0,0.0
7480,29.1730887,0.0,0.0,30.0,0.0,0.0,0.0,0.0
7481,29.1638579,0.0,0.0,30.0,0.0,0.0,0.0,0.0
7482,29.2507659,0.0,0.0,30.0,0.0,0.0,0.0,0.0
7483,28.9544164,0.0,0.0,30.0,0.0,0.0,0.0,0.0
7484,28.875044,0.0,0.0,30.0,0.0,0.0,0.0,0.0
7485,28.8670618,0.0,0.0,30.0,0.0,0.0,0.0,0.0
7486,28.819296,0.0,0.0,30.0,0.0,0.0,0.0,0.0
7487,28.7628402,0.0,0.0,30.0,0.0,0.0,0.0,0.0
7488,28.7190685,0.0,0.0,30.0,0.0,0.0,0.0,0.0
7489,28.6809188,0.0,0.0,30.0,0.0,0.0,0.0,0.0
7490,28.6439211,0.0,0.0,30.0,0.0,0.0,0.0,0.0
7491,28.6093037,0.0,0.0,30.0,0.0,0.0,0.0,0.0
7492,28.5776726,0.0,0.0,30.0,0.0,0.0,0.0,0.0
7493,28.5485192,0.0,0.0,30.0,0.0,0.0,0.0,0.0
7494,28.5215033,0.0,0.0,30.0,0.0,0.0,0.0,0.0
7495,28.4965227,0.0,0.0,30.0,0.0,0.0,0.0,0.0
7496,28.4734525,0.0,0.0,30.0,0.0,0.0,0.0,0.0
7497,28.4521351,0.0,0.0,30.0,0.0,0.0,0.0,0.0
7498,28.4324318,0.0,0.0,30.0,0.0,0.0,0.0,0.0
7499,28.4142229,0.0,0.0,30.0,0.0,0.0,0.0,0.0
7500,28.3973961,0.0,0.0,30.0,0.0,0.0,0.0,0.0
7501,28.381846,0.0,0.0,30.0,0.0,0.0,0.0,0.0
7502,28.3674755,0.0,0.0,30.0,0.0,0.0,0.0,0.0
7503,28.3541955,0.0,0.0,30.0,0.0,0.0,0.0,0.0
7504,28.341923,0.0,0.0,30.0,0.0,0.0,0.0,0.0
7505,28.3305818,0.0,0.0,30.0,0.0,0.0,0.0,0.0
7506,28.3201012,0.0,0.0,30.0,0.0,0.0,0.0,0.0
7507,28.3104159,0.0,0.0,30.0,0.0,0.0,0.0,0.0
7508,28.3014656,0.0,0.0,30.0,0.0,0.0,0.0,0.0
7509,28.2931947,0.0,0.0,30.0,0.0,0.0,0.0,0.0
7510,28.2855515,0.0,0.0,30.0,0.0,0.0,0.0,0.0
7511,28.2784884,0.0,0.0,30.0,0.0,0.0,0.0,0.0
7512,28.2719616,0.0,0.0,30.0,0.0,0.0,0.0,0.0
7513,28.2659304,0.0,0.0,30.0,0.0,0.0,0.0,0.0
7514,28.2603572,0.0,0.0,30.0,0.0,0.0,0.0,0.0
7515,28.2552072,0.0,0.0,30.0,0.0,0.0,0.0,0.0
7516,28.2504485,0.0,0.0,30.0,0.0,0.0,0.0,0.0
7517,28.2460514,0.0,0.0,30.0,0.0,0.0,0.0,0.0
7518,28.2419886,0.0,0.0,30.0,0.0,0.0,0.0,0.0
7519,28.2382346,0.0,0.0,30.0,0.0,0.0,0.0,0.0
7520,28.2347662,0.0,0.0,30.0,0.0,0.0,0.0,0.0
7521,28.2315617,0.0,0.0,30.0,0.0,0.0,0.0,0.0
7522,28.2286013,0.0,0.0,30.0,0.0,0.0,0.0,0.0
7523,28.2258663,0.0,0.0,30.0,0.0,0.0,0.0,0.0
7524,28.2233399,0.0,0.0,30.0,0.0,0.0,0.0,0.0
7525,28.2210063,0.0,0.0,30.0,0.0,0.0,0.0,0.0
7526,28.218851,0.0,0.0,30.0,0.0,0.0,0.0,0.0
7527,28.2168605,0.0,0.0,30.0,0.0,0.0,0.0,0.0
7528,28.2150224,0.0,0.0,30.0,0.0,0.0,0.0,0.0
7529,28.2133253,0.0,0.0,30.0,0.0,0.0,0.0,0.0
7530,28.2117587,0.0,0.0,30.0,0.0,0.0,0.0,0.0
7531,28.2103127,0.0,0.0,30.0,0.0,0.0,0.0,0.0
7532,28.2089784,0.0,0.0,30.0,0.0,0.0,0.0,0.0
7533,28.2077475,0.0,0.0,30.0,0.0,0.0,0.0,0.0
7534,28.2066123,0.0,0.0,30.0,0.0,0.0,0.0,0.0
7535,28.2055656,0.0,0.0,30.0,0.0,0.0,0.0,0.0
7536,28.2046011,0.0,0.0,30.0,0.0,0.0,0.0,0.0
7537,28.2037127,0.0,0.0,30.0,0.0,0.0,0.0,0.0
7538,28.2028949,0.0,0.0,30.0,0.0,0.0,0.0,0.0
7539,28.2021425,0.0,0.0,30.0,0.0,0.0,0.0,0.0
7540,28.2014509,0.0,0.0,30.0,0.0,0.0,0.0,0.0
7541,28.2008158,0.0,0.0,30.0,0.0,0.0,0.0,0.0
7542,28.2002333,0.0,0.0,30.0,0.0,0.0,0.0,0.0
7543,28.1996996,0.0,0.0,30.0,0.0,0.0,0.0,0.0
7544,28.1992115,0.0,0.0,30.0,0.0,0.0,0.0,0.0
7545,28.198766,0.0,0.0,30.0,0.0,0.0,0.0,0.0
7546,28.1983602,0.0,0.0,30.0,0.0,0.0,0.0,0.0
7547,28.1979916,0.0,0.0,30.0,0.0,0.0,0.0,0.0
7548,28.197658,0.0,0.0,30.0,0.0,0.0,0.0,0.0
7549,28.1973573,0.0,0.0,30.0,0.0,0.0,0.0,0.0
7550,28.1970875,0.0,0.0,30.0,0.0,0.0,0.0,0.0
7551,28.1968471,0.0,0.0,30.0,0.0,0.0,0.0,0.0
7552,28.1966344,0.0,0.0,30.0,0.0,0.0,0.0,0.0
7553,28.1964483,0.0,0.0,30.0,0.0,0.0,0.0,0.0
7554,28.1962875,0.0,0.0,30.0,0.0,0.0,0.0,0.0
7555,28.196151,0.0,0.0,30.0,0.0,0.0,0.0,0.0
7556,28.1960379,0.0,0.0,30.0,0.0,0.0,0.0,0.0
7557,28.1959477,0.0,0.0,30.0,0.0,0.0,0.0,0.0
7558,28.1958797,0.0,0.0,30.0,0.0,0.0,0.0,0.0
7559,28.1958334,0.0,0.0,30.0,0.0,0.0,0.0,0.0
7560,28.1958087,0.0,0.0,30.0,0.0,0.0,0.0,0.0
7561,28.1958053,0.0,0.0,30.0,0.0,0.0,0.0,0.0
7562,28.1958232,0.0,0.0,30.0,0.0,0.0,0.0,0.0
7563,28.1958626,0.0,0.0,30.0,0.0,0.0,0.0,0.0
7564,28.1959236,0.0,0.0,30.0,0.0,0.0,0.0,0.0
7565,28.1960067,0.0,0.0,30.0,0.0,0.0,0.0,0.0
7566,28.1961124,0.0,0.0,30.0,0.0,0.0,0.0,0.0
7567,28.1962413,0.0,0.0,30.0,0.0,0.0,0.0,0.0
7568,28.1963943,0.0,0.0,30.0,0.0,0.0,0.0,0.0
7569,28.1965722,0.0,0.0,30.0,0.0,0.0,0.0,0.0
7570,28.1967763,0.0,0.0,30.0,0.0,0.0,0.0,0.0
7571,28.1970077,0.0,0.0,30.0,0.0,0.0,0.0,0.0
7572,28.197268,0.0,0.0,30.0,0.0,0.0,0.0,0.0
7573,28.1975586,0.0,0.0,30.0,0.0,0.0,0.0,0.0
7574,28.1978816,0.0,0.0,30.0,0.0,0.0,0.0,0.0
7575,28.1982387,0.0,0.0,30.0,0.0,0.0,0.0,0.0
7576,28.1986324,0.0,0.0,30.0,0.0,0.0,0.0,0.0
7577,28.199065,0.0,0.0,30.0,0.0,0.0,0.0,0.0
7578,28.1995392,0.0,0.0,30.0,0.0,0.0,0.0,0.0
7579,28.200058,0.0,0.0,30.0,0.0,0.0,0.0,0.0
7580,28.2006246,0.0,0.0,30.0,0.0,0.0,0.0,0.0
7581,28.2012426,0.0,0.0,30.0,0.0,0.0,0.0,0.0
7582,28.2019157,0.0,0.0,30.0,0.0,0.0,0.0,0.0
7583,28.2026482,0.0,0.0,30.0,0.0,0.0,0.0,0.0
7584,28.2034447,0.0,0.0,30.0,0.0,0.0,0.0,0.0
7585,28.20431,0.0,0.0,30.0,0.0,0.0,0.0,0.0
7586,28.2052497,0.0,0.0,30.0,0.0,0.0,0.0,0.0
7587,28.2062694,0.0,0.0,30.0,0.0,0.0,0.0,0.0
7588,28.2073757,0.0,0.0,30.0,0.0,0.0,0.0,0.0
7589,28.2085754,0.0,0.0,30.0,0.0,0.0,0.0,0.0
7590,28.2098759,0.0,0.0,30.0,0.0,0.0,0.0,0.0
7591,28.2112854,0.0,0.0,30.0,0.0,0.0,0.0,0.0
7592,28.2128126,0.0,0.0,30.0,0.0,0.0,0.0,0.0
7593,28.214467,0.0,0.0,30.0,0.0,0.0,0.0,0.0
7594,28.216259,0.0,0.0,30.0,0.0,0.0,0.0,0.0
7595,28.2181997,0.0,0.0,30.0,0.0,0.0,0.0,0.0
7596,28.2203012,0.0,0.0,30.0,0.0,0.0,0.0,0.0
7597,28.2225766,0.0,0.0,30.0,0.0,0.0,0.0,0.0
7598,28.22504,0.0,0.0,30.0,0.0,0.0,0.0,0.0
7599,28.2277068,0.0,0.0,30.0,0.0,0.0,0.0,0.0
7600,28.2305936,0.0,0.0,30.0,0.0,0.0,0.0,0.0
7601,28.2337184,0.0,0.0,30.0,0.0,0.0,0.0,0.0
7602,28.2371006,0.0,0.0,30.0,0.0,0.0,0.0,0.0
7603,28.2407613,0.0,0.0,30.0,0.0,0.0,0.0,0.0
7604,28.2447232,0.0,0.0,30.0,0.0,0.0,0.0,0.0
7605,28.2490112,0.0,0.0,30.0,0.0,0.0,0.0,0.0
7606,28.2536518,0.0,0.0,30.0,0.0,0.0,0.0,0.0
7607,28.258674,0.0,0.0,30.0,0.0,0.0,0.0,0.0
7608,28.264109,0.0,0.0,30.0,0.0,0.0,0.0,0.0
7609,28.2699907,0.0,0.0,30.0,0.0,0.0,0.0,0.0
7610,28.2763557,0.0,0.0,30.0,0.0,0.0,0.0,0.0
7611,28.2832437,0.0,0.0,30.0,0.0,0.0,0.0,0.0
7612,28.2906975,0.0,0.0,30.0,0.0,0.0,0.0,0.0
7613,28.2987636,0.0,0.0,30.0,0.0,0.0,0.0,0.0
7614,28.3074921,0.0,0.0,30.0,0.0,0.0,0.0,0.0
7615,28.3169375,0.0,0.0,30.0,0.0,0.0,0.0,0.0
7616,28.3271586,0.0,0.0,30.0,0.0,0.0,0.0,0.0
7617,28.338219,0.0,0.0,30.0,0.0,0.0,0.0,0.0
7618,28.3501875,0.0,0.0,30.0,0.0,0.0,0.0,0.0
7619,28.3631388,0.0,0.0,30.0,0.0,0.0,0.0,0.0
7620,28.3771535,0.0,0.0,30.0,0.0,0.0,0.0,0.0
7621,28.3923188,0.0,0.0,30.0,0.0,0.0,0.0,0.0
7622,28.4087291,0.0,0.0,30.0,0.0,0.0,0.0,0.0
7623,28.4264868,0.0,0.0,30.0,0.0,0.0,0.0,0.0
7624,28.4457023,0.0,0.0,30.0,0.0,0.0,0.0,0.0
7625,28.4664952,0.0,0.0,30.0,0.0,0.0,0.0,0.0
7626,28.4889951,0.0,0.0,30.0,0.0,0.0,0.0,0.0
7627,28.5133424,0.0,0.0,30.0,0.0,0.0,0.0,0.0
7628,28.5396886,0.0,0.0,30.0,0.0,0.0,0.0,0.0
7629,28.5681959,0.0,0.0,30.0,0.0,0.0,0.0,0.0
7630,28.5990429,0.0,0.0,30.0,0.0,0.0,0.0,0.0
7631,28.6324302,0.0,0.0,30.0,0.0,0.0,0.0,0.0
7632,28.6685606,0.0,0.0,30.0,0.0,0.0,0.0,0.0
7633,28.7076164,0.0,0.0,30.0,0.0,0.0,0.0,0.0
7634,28.7498709,0.0,0.0,30.0,0.0,0.0,0.0,0.0
7635,28.795796,0.0,0.0,30.0,0.0,0.0,0.0,0.0
7636,28.8455057,0.0,0.0,30.0,0.0,0.0,0.0,0.0
7637,28.8982927,0.0,0.0,30.0,0.0,0.0,0.0,0.0
7638,28.9554461,0.0,0.0,30.0,0.0,0.0,0.0,0.0
7639,29.0222671,0.0,0.0,30.0,0.0,0.0,0.0,0.0
7640,29.0938806,0.0,0.0,30.0,0.0,0.0,0.0,0.0
7641,29.1467496,0.0,0.0,30.0,0.0,0.0,0.0,0.0
7642,29.2100097,0.0,0.0,30.0,0.0,0.0,0.0,0.0
7643,29.4000261,0.0,0.0,30.0,0.0,0.0,0.0,0.0
7644,29.5627626,0.0,0.0,30.0,0.0,0.0,0.0,0.0
7645,29.1382378,0.0,0.0,30.0,0.0,0.0,0.0,0.0
7646,29.0148373,0.0,0.0,30.0,0.0,0.0,0.0,0.0
7647,29.9065185,0.0,0.0,30.0,0.0,0.0,0.0,0.0
7648,30.0,0.0,0.0,30.0,0.0,0.0,0.0,0.0
7649,30.0,0.0,0.0,30.0,0.0,0.0,0.0,0.0
7650,23.8911054,0.0,0.0,30.0,0.0,0.0,0.0,0.0
7651,23.6889149,0.0,0.0,30.0,0.0,0.0,0.0,0.0
7652,0.0,0.0,0.0,0.0,0.0,0.0,0.0,0.0
7653,30.0,0.0,0.0,4.24215555,0.0,0.0,0.0,0.0
7654,30.0,0.0,0.0,6.21558261,0.0,0.0,0.0,0.0
7655,0.0,0.0,0.0,16.821143,0.0,0.0,0.0,0.0
7656,0.0,0.0,0.0,22.0224509,0.0,0.0,0.0,0.0
7657,0.0,0.0,0.0,23.4858191,0.0,0.0,0.0,0.0
7658,0.0,0.0,0.0,23.9723774,0.0,0.0,0.0,0.0
7659,0.0,0.0,0.0,24.8689566,0.0,0.0,0.0,0.0
7660,0.0,0.0,0.0,25.7150738,0.0,0.0,0.0,0.0
7661,0.0,0.0,0.0,26.3186973,0.0,0.0,0.0,0.0
7662,0.0,0.0,0.0,26.7653254,0.0,0.0,0.0,0.0
7663,0.0,0.0,0.0,27.0895284,0.0,0.0,0.0,0.0
7664,0.0,0.0,0.0,27.2822035,0.0,0.0,0.0,0.0
7665,0.0,0.0,0.0,27.3413161,0.0,0.0,0.0,0.0
7666,0.0,0.0,0.0,27.2695901,0.0,0.0,0.0,0.0
7667,0.0,0.0,0.0,27.0673952,0.0,0.0,0.0,0.0
7668,0.0,0.0,0.0,26.7324818,0.0,0.0,0.0,0.0
7669,0.0,0.0,0.0,26.256775,0.0,0.0,0.0,0.0
7670,0.0,0.0,0.0,25.6323564,0.0,0.0,0.0,0.0
7671,0.0,0.0,0.0,24.8783767,0.0,0.0,0.0,0.0
7672,0.0,0.0,0.0,23.9967867,0.0,0.0,0.0,0.0
7673,0.0,0.0,0.0,22.8047231,0.0,0.0,0.0,0.0
7674,0.0,0.0,0.0,21.247438,0.0,0.0,0.0,0.0
7675,0.0,0.0,0.0,20.4247573,0.0,0.0,0.0,0.0
7676,0.0,0.0,0.0,20.4007986,0.0,0.0,0.0,0.0
7677,0.0,0.0,0.0,13.9581131,0.0,0.0,0.0,0.0
7678,0.0,0.0,0.0,1.89195953,0.0,0.0,0.0,0.0
7679,0.0,0.0,0.0,5.90614328,0.0,0.0,0.0,0.0
7680,30.0,0.0,0.0,30.0,0.0,0.0,0.0,0.0
7681,30.0,0.0,0.0,30.0,0.0,0.0,0.0,0.0
7682,30.0,0.0,0.0,30.0,0.0,0.0,0.0,0.0
7683,30.0,0.0,0.0,30.0,0.0,0.0,0.0,0.0
7684,30.0,0.0,0.0,30.0,0.0,0.0,0.0,0.0
7685,30.0,0.0,0.0,30.0,0.0,0.0,0.0,0.0
7686,30.0,0.0,0.0,30.0,0.0,0.0,0.0,0.0
7687,30.0,0.0,0.0,30.0,0.0,0.0,0.0,0.0
7688,30.0,0.0,0.0,30.0,0.0,0.0,0.0,0.0
7689,30.0,0.0,0.0,30.0,0.0,0.0,0.0,0.0
7690,30.0,0.0,0.0,30.0,0.0,0.0,0.0,0.0
7691,30.0,0.0,0.0,30.0,0.0,0.0,0.0,0.0
7692,28.7631917,0.0,0.0,30.0,0.0,0.0,0.0,0.0
7693,23.5071464,0.0,0.0,30.0,0.0,0.0,0.0,0.0
7694,24.4810295,0.0,0.0,30.0,0.0,0.0,0.0,0.0
7695,30.0,0.0,0.0,30.0,0.0,0.0,0.0,0.0
7696,30.0,0.0,0.0,30.0,0.0,0.0,0.0,0.0
7697,30.0,0.0,0.0,30.0,0.0,0.0,0.0,0.0
7698,30.0,0.0,0.0,30.0,0.0,0.0,0.0,0.0
7699,30.0,0.0,0.0,30.0,0.0,0.0,0.0,0.0
7700,29.3428211,0.0,0.0,30.0,0.0,0.0,0.0,0.0
7701,28.9123013,0.0,0.0,30.0,0.0,0.0,0.0,0.0
7702,28.8323665,0.0,0.0,30.0,0.0,0.0,0.0,0.0
7703,28.6408366,0.0,0.0,30.0,0.0,0.0,0.0,0.0
7704,28.6215593,0.0,0.0,30.0,0.0,0.0,0.0,0.0
7705,28.6172925,0.0,0.0,30.0,0.0,0.0,0.0,0.0
7706,28.5814906,0.0,0.0,30.0,0.0,0.0,0.0,0.0
7707,28.5463496,0.0,0.0,30.0,0.0,0.0,0.0,0.0
7708,28.5203377,0.0,0.0,30.0,0.0,0.0,0.0,0.0
7709,28.496575,0.0,0.0,30.0,0.0,0.0,0.0,0.0
7710,28.4733069,0.0,0.0,30.0,0.0,0.0,0.0,0.0
7711,28.4517763,0.0,0.0,30.0,0.0,0.0,0.0,0.0
7712,28.4321432,0.0,0.0,30.0,0.0,0.0,0.0,0.0
7713,28.4139995,0.0,0.0,30.0,0.0,0.0,0.0,0.0
7714,28.3971791,0.0,0.0,30.0,0.0,0.0,0.0,0.0
7715,28.3816359,0.0,0.0,30.0,0.0,0.0,0.0,0.0
7716,28.3672826,0.0,0.0,30.0,0.0,0.0,0.0,0.0
7717,28.3540178,0.0,0.0,30.0,0.0,0.0,0.0,0.0
7718,28.3417573,0.0,0.0,30.0,0.0,0.0,0.0,0.0
7719,28.3304271,0.0,0.0,30.0,0.0,0.0,0.0,0.0
7720,28.319957,0.0,0.0,30.0,0.0,0.0,0.0,0.0
7721,28.3102813,0.0,0.0,30.0,0.0,0.0,0.0,0.0
7722,28.3013398,0.0,0.0,30.0,0.0,0.0,0.0,0.0
7723,28.2930767,0.0,0.0,30.0,0.0,0.0,0.0,0.0
7724,28.2854407,0.0,0.0,30.0,0.0,0.0,0.0,0.0
7725,28.2783842,0.0,0.0,30.0,0.0,0.0,0.0,0.0
7726,28.2718632,0.0,0.0,30.0,0.0,0.0,0.0,0.0
7727,28.2658372,0.0,0.0,30.0,0.0,0.0,0.0,0.0
7728,28.2602687,0.0,0.0,30.0,0.0,0.0,0.0,0.0
7729,28.2551228,0.0,0.0,30.0,0.0,0.0,0.0,0.0
7730,28.2503677,0.0,0.0,30.0,0.0,0.0,0.0,0.0
7731,28.2459737,0.0,0.0,30.0,0.0,0.0,0.0,0.0
7732,28.2419135,0.0,0.0,30.0,0.0,0.0,0.0,0.0
7733,28.2381617,0.0,0.0,30.0,0.0,0.0,0.0,0.0
7734,28.234695,0.0,0.0,30.0,0.0,0.0,0.0,0.0
7735,28.2314918,0.0,0.0,30.0,0.0,0.0,0.0,0.0
7736,28.2285321,0.0,0.0,30.0,0.0,0.0,0.0,0.0
7737,28.2257976,0.0,0.0,30.0,0.0,0.0,0.0,0.0
7738,28.2232711,0.0,0.0,30.0,0.0,0.0,0.0,0.0
7739,28.2209371,0.0,0.0,30.0,0.0,0.0,0.0,0.0
7740,28.2187809,0.0,0.0,30.0,0.0,0.0,0.0,0.0
7741,28.216789,0.0,0.0,30.0,0.0,0.0,0.0,0.0
7742,28.2149492,0.0,0.0,30.0,0.0,0.0,0.0,0.0
7743,28.2132499,0.0,0.0,30.0,0.0,0.0,0.0,0.0
7744,28.2116806,0.0,0.0,30.0,0.0,0.0,0.0,0.0
7745,28.2102315,0.0,0.0,30.0,0.0,0.0,0.0,0.0
7746,28.2088935,0.0,0.0,30.0,0.0,0.0,0.0,0.0
7747,28.2076584,0.0,0.0,30.0,0.0,0.0,0.0,0.0
7748,28.2065184,0.0,0.0,30.0,0.0,0.0,0.0,0.0
7749,28.2054664,0.0,0.0,30.0,0.0,0.0,0.0,0.0
7750,28.204496,0.0,0.0,30.0,0.0,0.0,0.0,0.0
7751,28.203601,0.0,0.0,30.0,0.0,0.0,0.0,0.0
7752,28.2027758,0.0,0.0,30.0,0.0,0.0,0.0,0.0
7753,28.2020154,0.0,0.0,30.0,0.0,0.0,0.0,0.0
7754,28.201315,0.0,0.0,30.0,0.0,0.0,0.0,0.0
7755,28.2006702,0.0,0.0,30.0,0.0,0.0,0.0,0.0
7756,28.2000771,0.0,0.0,30.0,0.0,0.0,0.0,0.0
7757,28.1995319,0.0,0.0,30.0,0.0,0.0,0.0,0.0
7758,28.1990312,0.0,0.0,30.0,0.0,0.0,0.0,0.0
7759,28.1985719,0.0,0.0,30.0,0.0,0.0,0.0,0.0
7760,28.1981512,0.0,0.0,30.0,0.0,0.0,0.0,0.0
7761,28.1977665,0.0,0.0,30.0,0.0,0.0,0.0,0.0
7762,28.1974152,0.0,0.0,30.0,0.0,0.0,0.0,0.0
7763,28.1970954,0.0,0.0,30.0,0.0,0.0,0.0,0.0
7764,28.1968048,0.0,0.0,30.0,0.0,0.0,0.0,0.0
7765,28.1965419,0.0,0.0,30.0,0.0,0.0,0.0,0.0
7766,28.1963048,0.0,0.0,30.0,0.0,0.0,0.0,0.0
7767,28.1960922,0.0,0.0,30.0,0.0,0.0,0.0,0.0
7768,28.1959027,0.0,0.0,30.0,0.0,0.0,0.0,0.0
7769,28.1957351,0.0,0.0,30.0,0.0,0.0,0.0,0.0
7770,28.1955884,0.0,0.0,30.0,0.0,0.0,0.0,0.0
7771,28.1954617,0.0,0.0,30.0,0.0,0.0,0.0,0.0
7772,28.1953541,0.0,0.0,30.0,0.0,0.0,0.0,0.0
7773,28.1952651,0.0,0.0,30.0,0.0,0.0,0.0,0.0
7774,28.195194,0.0,0.0,30.0,0.0,0.0,0.0,0.0
7775,28.1951405,0.0,0.0,30.0,0.0,0.0,0.0,0.0
7776,28.1951041,0.0,0.0,30.0,0.0,0.0,0.0,0.0
7777,28.1950847,0.0,0.0,30.0,0.0,0.0,0.0,0.0
7778,28.1950822,0.0,0.0,30.0,0.0,0.0,0.0,0.0
7779,28.1950964,0.0,0.0,30.0,0.0,0.0,0.0,0.0
7780,28.1951276,0.0,0.0,30.0,0.0,0.0,0.0,0.0
7781,28.1951759,0.0,0.0,30.0,0.0,0.0,0.0,0.0
7782,28.1952416,0.0,0.0,30.0,0.0,0.0,0.0,0.0
7783,28.1953251,0.0,0.0,30.0,0.0,0.0,0.0,0.0
7784,28.1954269,0.0,0.0,30.0,0.0,0.0,0.0,0.0
7785,28.1955477,0.0,0.0,30.0,0.0,0.0,0.0,0.0
7786,28.1956882,0.0,0.0,30.0,0.0,0.0,0.0,0.0
7787,28.1958493,0.0,0.0,30.0,0.0,0.0,0.0,0.0
7788,28.196032,0.0,0.0,30.0,0.0,0.0,0.0,0.0
7789,28.1962374,0.0,0.0,30.0,0.0,0.0,0.0,0.0
7790,28.1964669,0.0,0.0,30.0,0.0,0.0,0.0,0.0
7791,28.1967218,0.0,0.0,30.0,0.0,0.0,0.0,0.0
7792,28.1970037,0.0,0.0,30.0,0.0,0.0,0.0,0.0
7793,28.1973145,0.0,0.0,30.0,0.0,0.0,0.0,0.0
7794,28.1976559,0.0,0.0,30.0,0.0,0.0,0.0,0.0
7795,28.1980302,0.0,0.0,30.0,0.0,0.0,0.0,0.0
7796,28.1984397,0.0,0.0,30.0,0.0,0.0,0.0,0.0
7797,28.1988869,0.0,0.0,30.0,0.0,0.0,0.0,0.0
7798,28.1993746,0.0,0.0,30.0,0.0,0.0,0.0,0.0
7799,28.1999059,0.0,0.0,30.0,0.0,0.0,0.0,0.0
7800,28.2004841,0.0,0.0,30.0,0.0,0.0,0.0,0.0
7801,28.2011127,0.0,0.0,30.0,0.0,0.0,0.0,0.0
7802,28.2017957,0.0,0.0,30.0,0.0,0.0,0.0,0.0
7803,28.2025373,0.0,0.0,30.0,0.0,0.0,0.0,0.0
7804,28.2033422,0.0,0.0,30.0,0.0,0.0,0.0,0.0
7805,28.2042153,0.0,0.0,30.0,0.0,0.0,0.0,0.0
7806,28.2051621,0.0,0.0,30.0,0.0,0.0,0.0,0.0
7807,28.2061886,0.0,0.0,30.0,0.0,0.0,0.0,0.0
7808,28.207301,0.0,0.0,30.0,0.0,0.0,0.0,0.0
7809,28.2085063,0.0,0.0,30.0,0.0,0.0,0.0,0.0
7810,28.2098121,0.0,0.0,30.0,0.0,0.0,0.0,0.0
7811,28.2112264,0.0,0.0,30.0,0.0,0.0,0.0,0.0
7812,28.2127581,0.0,0.0,30.0,0.0,0.0,0.0,0.0
7813,28.2144167,0.0,0.0,30.0,0.0,0.0,0.0,0.0
7814,28.2162125,0.0,0.0,30.0,0.0,0.0,0.0,0.0
7815,28.2181567,0.0,0.0,30.0,0.0,0.0,0.0,0.0
7816,28.2202615,0.0,0.0,30.0,0.0,0.0,0.0,0.0
7817,28.2225399,0.0,0.0,30.0,0.0,0.0,0.0,0.0
7818,28.2250061,0.0,0.0,30.0,0.0,0.0,0.0,0.0
7819,28.2276754,0.0,0.0,30.0,0.0,0.0,0.0,0.0
7820,28.2305646,0.0,0.0,30.0,0.0,0.0,0.0,0.0
7821,28.2336916,0.0,0.0,30.0,0.0,0.0,0.0,0.0
7822,28.2370758,0.0,0.0,30.0,0.0,0.0,0.0,0.0
7823,28.2407384,0.0,0.0,30.0,0.0,0.0,0.0,0.0
7824,28.2447021,0.0,0.0,30.0,0.0,0.0,0.0,0.0
7825,28.2489917,0.0,0.0,30.0,0.0,0.0,0.0,0.0
7826,28.2536338,0.0,0.0,30.0,0.0,0.0,0.0,0.0
7827,28.2586573,0.0,0.0,30.0,0.0,0.0,0.0,0.0
7828,28.2640936,0.0,0.0,30.0,0.0,0.0,0.0,0.0
7829,28.2699765,0.0,0.0,30.0,0.0,0.0,0.0,0.0
7830,28.2763426,0.0,0.0,30.0,0.0,0.0,0.0,0.0
7831,28.2832315,0.0,0.0,30.0,0.0,0.0,0.0,0.0
7832,28.2906863,0.0,0.0,30.0,0.0,0.0,0.0,0.0
7833,28.2987532,0.0,0.0,30.0,0.0,0.0,0.0,0.0
7834,28.3074826,0.0,0.0,30.0,0.0,0.0,0.0,0.0
7835,28.3169287,0.0,0.0,30.0,0.0,0.0,0.0,0.0
7836,28.3271504,0.0,0.0,30.0,0.0,0.0,0.0,0.0
7837,28.3382114,0.0,0.0,30.0,0.0,0.0,0.0,0.0
7838,28.3501806,0.0,0.0,30.0,0.0,0.0,0.0,0.0
7839,28.3631324,0.0,0.0,30.0,0.0,0.0,0.0,0.0
7840,28.3771475,0.0,0.0,30.0,0.0,0.0,0.0,0.0
7841,28.3923132,0.0,0.0,30.0,0.0,0.0,0.0,0.0
7842,28.408724,0.0,0.0,30.0,0.0,0.0,0.0,0.0
7843,28.4264821,0.0,0.0,30.0,0.0,0.0,0.0,0.0
7844,28.4456979,0.0,0.0,30.0,0.0,0.0,0.0,0.0
7845,28.4664912,0.0,0.0,30.0,0.0,0.0,0.0,0.0
7846,28.4889914,0.0,0.0,30.0,0.0,0.0,0.0,0.0
7847,28.513339,0.0,0.0,30.0,0.0,0.0,0.0,0.0
7848,28.5396854,0.0,0.0,30.0,0.0,0.0,0.0,0.0
7849,28.568193,0.0,0.0,30.0,0.0,0.0,0.0,0.0
7850,28.5990402,0.0,0.0,30.0,0.0,0.0,0.0,0.0
7851,28.6324277,0.0,0.0,30.0,0.0,0.0,0.0,0.0
7852,28.6685583,0.0,0.0,30.0,0.0,0.0,0.0,0.0
7853,28.7076143,0.0,0.0,30.0,0.0,0.0,0.0,0.0
7854,28.749869,0.0,0.0,30.0,0.0,0.0,0.0,0.0
7855,28.7957942,0.0,0.0,30.0,0.0,0.0,0.0,0.0
7856,28.8455041,0.0,0.0,30.0,0.0,0.0,0.0,0.0
7857,28.8982912,0.0,0.0,30.0,0.0,0.0,0.0,0.0
7858,28.9554447,0.0,0.0,30.0,0.0,0.0,0.0,0.0
7859,29.0222659,0.0,0.0,30.0,0.0,0.0,0.0,0.0
7860,29.0938795,0.0,0.0,30.0,0.0,0.0,0.0,0.0
7861,29.1467485,0.0,0.0,30.0,0.0,0.0,0.0,0.0
7862,29.2100087,0.0,0.0,30.0,0.0,0.0,0.0,0.0
7863,29.4000252,0.0,0.0,30.0,0.0,0.0,0.0,0.0
7864,29.5627618,0.0,0.0,30.0,0.0,0.0,0.0,0.0
7865,29.1382372,0.0,0.0,30.0,0.0,0.0,0.0,0.0
7866,29.0148366,0.0,0.0,30.0,0.0,0.0,0.0,0.0
7867,29.9065178,0.0,0.0,30.0,0.0,0.0,0.0,0.0
7868,30.0,0.0,0.0,30.0,0.0,0.0,0.0,0.0
7869,30.0,0.0,0.0,30.0,0.0,0.0,0.0,0.0
7870,23.8911033,0.0,0.0,30.0,0.0,0.0,0.0,0.0
7871,23.6889134,0.0,0.0,30.0,0.0,0.0,0.0,0.0
7872,0.0,0.0,0.0,0.0,0.0,0.0,0.0,0.0
7873,30.0,0.0,0.0,4.17190152,0.0,0.0,0.0,0.0
7874,28.6297695,0.0,0.0,6.60148259,0.0,0.0,0.0,0.0
7875,0.0,0.0,0.0,16.68928,0.0,0.0,0.0,0.0
7876,0.0,0.0,0.0,21.8568074,0.0,0.0,0.0,0.0
7877,0.0,0.0,0.0,23.2967201,0.0,0.0,0.0,0.0
7878,0.0,0.0,0.0,23.7604688,0.0,0.0,0.0,0.0
7879,0.0,0.0,0.0,24.6293481,0.0,0.0,0.0,0.0
7880,0.0,0.0,0.0,25.4445645,0.0,0.0,0.0,0.0
7881,0.0,0.0,0.0,26.0144838,0.0,0.0,0.0,0.0
7882,0.0,0.0,0.0,26.4238771,0.0,0.0,0.0,0.0
7883,0.0,0.0,0.0,26.7067737,0.0,0.0,0.0,0.0
7884,0.0,0.0,0.0,26.8536249,0.0,0.0,0.0,0.0
7885,0.0,0.0,0.0,26.8618293,0.0,0.0,0.0,0.0
7886,0.0,0.0,0.0,26.7336019,0.0,0.0,0.0,0.0
7887,0.0,0.0,0.0,26.468907,0.0,0.0,0.0,0.0
7888,0.0,0.0,0.0,26.064076,0.0,0.0,0.0,0.0
7889,0.0,0.0,0.0,25.5086411,0.0,0.0,0.0,0.0
7890,0.0,0.0,0.0,24.7984215,0.0,0.0,0.0,0.0
7891,0.0,0.0,0.0,23.960887,0.0,0.0,0.0,0.0
7892,0.0,0.0,0.0,22.9653042,0.0,0.0,0.0,0.0
7893,0.0,0.0,0.0,21.5727075,0.0,0.0,0.0,0.0
7894,0.0,0.0,0.0,19.9394657,0.0,0.0,0.0,0.0
7895,0.0,0.0,0.0,19.4813227,0.0,0.0,0.0,0.0
7896,0.0,0.0,0.0,18.8378835,0.0,0.0,0.0,0.0
7897,0.0,0.0,0.0,8.98363264,0.0,0.0,0.0,0.0
7898,0.0,0.0,0.0,0.286356857,0.0,0.0,0.0,0.0
7899,0.0,0.0,0.0,4.89029842,0.0,0.0,0.0,0.0
7900,30.0,0.0,0.0,30.0,0.0,0.0,0.0,0.0
7901,30.0,0.0,0.0,30.0,0.0,0.0,0.0,0.0
7902,30.0,0.0,0.0,30.0,0.0,0.0,0.0,0.0
7903,30.0,0.0,0.0,30.0,0.0,0.0,0.0,0.0
7904,30.0,0.0,0.0,30.0,0.0,0.0,0.0,0.0
7905,30.0,0.0,0.0,30.0,0.0,0.0,0.0,0.0
7906,23.3787873,0.0,0.0,30.0,0.0,0.0,0.0,0.0
7907,17.938675,0.0,0.0,30.0,0.0,0.0,0.0,0.0
7908,14.6922641,0.0,0.0,30.0,0.0,0.0,0.0,0.0
7909,20.2529505,0.0,0.0,30.0,0.0,0.0,0.0,0.0
7910,24.4452667,0.0,0.0,30.0,0.0,0.0,0.0,0.0
7911,29.6732231,0.0,0.0,30.0,0.0,0.0,0.0,0.0
7912,30.0,0.0,0.0,30.0,0.0,0.0,0.0,0.0
7913,30.0,0.0,0.0,30.0,0.0,0.0,0.0,0.0
7914,30.0,0.0,0.0,30.0,0.0,0.0,0.0,0.0
7915,30.0,0.0,0.0,30.0,0.0,0.0,0.0,0.0
7916,30.0,0.0,0.0,30.0,0.0,0.0,0.0,0.0
7917,30.0,0.0,0.0,30.0,0.0,0.0,0.0,0.0
7918,30.0,0.0,0.0,30.0,0.0,0.0,0.0,0.0
7919,30.0,0.0,0.0,30.0,0.0,0.0,0.0,0.0
7920,28.8659729,0.0,0.0,30.0,0.0,0.0,0.0,0.0
7921,28.8891927,0.0,0.0,30.0,0.0,0.0,0.0,0.0
7922,29.0168359,0.0,0.0,30.0,0.0,0.0,0.0,0.0
7923,28.598468,0.0,0.0,30.0,0.0,0.0,0.0,0.0
7924,28.5493318,0.0,0.0,30.0,0.0,0.0,0.0,0.0
7925,28.5940176,0.0,0.0,30.0,0.0,0.0,0.0,0.0
7926,28.5657193,0.0,0.0,30.0,0.0,0.0,0.0,0.0
7927,28.5228926,0.0,0.0,30.0,0.0,0.0,0.0,0.0
7928,28.4976939,0.0,0.0,30.0,0.0,0.0,0.0,0.0
7929,28.4774592,0.0,0.0,30.0,0.0,0.0,0.0,0.0
7930,28.4557971,0.0,0.0,30.0,0.0,0.0,0.0,0.0
7931,28.4352267,0.0,0.0,30.0,0.0,0.0,0.0,0.0
7932,28.4168255,0.0,0.0,30.0,0.0,0.0,0.0,0.0
7933,28.3999185,0.0,0.0,30.0,0.0,0.0,0.0,0.0
7934,28.3841694,0.0,0.0,30.0,0.0,0.0,0.0,0.0
7935,28.3695979,0.0,0.0,30.0,0.0,0.0,0.0,0.0
7936,28.3561575,0.0,0.0,30.0,0.0,0.0,0.0,0.0
7937,28.3437397,0.0,0.0,30.0,0.0,0.0,0.0,0.0
7938,28.3322589,0.0,0.0,30.0,0.0,0.0,0.0,0.0
7939,28.3216486,0.0,0.0,30.0,0.0,0.0,0.0,0.0
7940,28.3118445,0.0,0.0,30.0,0.0,0.0,0.0,0.0
7941,28.3027843,0.0,0.0,30.0,0.0,0.0,0.0,0.0
7942,28.2944114,0.0,0.0,30.0,0.0,0.0,0.0,0.0
7943,28.2866739,0.0,0.0,30.0,0.0,0.0,0.0,0.0
7944,28.2795236,0.0,0.0,30.0,0.0,0.0,0.0,0.0
7945,28.272916,0.0,0.0,30.0,0.0,0.0,0.0,0.0
7946,28.2668098,0.0,0.0,30.0,0.0,0.0,0.0,0.0
7947,28.2611672,0.0,0.0,30.0,0.0,0.0,0.0,0.0
7948,28.2559529,0.0,0.0,30.0,0.0,0.0,0.0,0.0
7949,28.2511344,0.0,0.0,30.0,0.0,0.0,0.0,0.0
7950,28.2466819,0.0,0.0,30.0,0.0,0.0,0.0,0.0
7951,28.2425675,0.0,0.0,30.0,0.0,0.0,0.0,0.0
7952,28.2387656,0.0,0.0,30.0,0.0,0.0,0.0,0.0
7953,28.2352526,0.0,0.0,30.0,0.0,0.0,0.0,0.0
7954,28.2320066,0.0,0.0,30.0,0.0,0.0,0.0,0.0
7955,28.2290073,0.0,0.0,30.0,0.0,0.0,0.0,0.0
7956,28.2262361,0.0,0.0,30.0,0.0,0.0,0.0,0.0
7957,28.2236757,0.0,0.0,30.0,0.0,0.0,0.0,0.0
7958,28.2213103,0.0,0.0,30.0,0.0,0.0,0.0,0.0
7959,28.2191249,0.0,0.0,30.0,0.0,0.0,0.0,0.0
7960,28.2171062,0.0,0.0,30.0,0.0,0.0,0.0,0.0
7961,28.2152414,0.0,0.0,30.0,0.0,0.0,0.0,0.0
7962,28.213519,0.0,0.0,30.0,0.0,0.0,0.0,0.0
7963,28.2119282,0.0,0.0,30.0,0.0,0.0,0.0,0.0
7964,28.2104591,0.0,0.0,30.0,0.0,0.0,0.0,0.0
7965,28.2091026,0.0,0.0,30.0,0.0,0.0,0.0,0.0
7966,28.2078503,0.0,0.0,30.0,0.0,0.0,0.0,0.0
7967,28.2066943,0.0,0.0,30.0,0.0,0.0,0.0,0.0
7968,28.2056274,0.0,0.0,30.0,0.0,0.0,0.0,0.0
7969,28.2046431,0.0,0.0,30.0,0.0,0.0,0.0,0.0
7970,28.203735,0.0,0.0,30.0,0.0,0.0,0.0,0.0
7971,28.2028978,0.0,0.0,30.0,0.0,0.0,0.0,0.0
7972,28.202126,0.0,0.0,30.0,0.0,0.0,0.0,0.0
7973,28.2014148,0.0,0.0,30.0,0.0,0.0,0.0,0.0
7974,28.20076,0.0,0.0,30.0,0.0,0.0,0.0,0.0
7975,28.2001573,0.0,0.0,30.0,0.0,0.0,0.0,0.0
7976,28.1996031,0.0,0.0,30.0,0.0,0.0,0.0,0.0
7977,28.1990938,0.0,0.0,30.0,0.0,0.0,0.0,0.0
7978,28.1986264,0.0,0.0,30.0,0.0,0.0,0.0,0.0
7979,28.1981978,0.0,0.0,30.0,0.0,0.0,0.0,0.0
7980,28.1978055,0.0,0.0,30.0,0.0,0.0,0.0,0.0
7981,28.1974469,0.0,0.0,30.0,0.0,0.0,0.0,0.0
7982,28.1971199,0.0,0.0,30.0,0.0,0.0,0.0,0.0
7983,28.1968225,0.0,0.0,30.0,0.0,0.0,0.0,0.0
7984,28.1965526,0.0,0.0,30.0,0.0,0.0,0.0,0.0
7985,28.1963088,0.0,0.0,30.0,0.0,0.0,0.0,0.0
7986,28.1960894,0.0,0.0,30.0,0.0,0.0,0.0,0.0
7987,28.1958931,0.0,0.0,30.0,0.0,0.0,0.0,0.0
7988,28.1957187,0.0,0.0,30.0,0.0,0.0,0.0,0.0
7989,28.1955651,0.0,0.0,30.0,0.0,0.0,0.0,0.0
7990,28.1954313,0.0,0.0,30.0,0.0,0.0,0.0,0.0
7991,28.1953165,0.0,0.0,30.0,0.0,0.0,0.0,0.0
7992,28.1952199,0.0,0.0,30.0,0.0,0.0,0.0,0.0
7993,28.1951411,0.0,0.0,30.0,0.0,0.0,0.0,0.0
7994,28.1950794,0.0,0.0,30.0,0.0,0.0,0.0,0.0
7995,28.1950346,0.0,0.0,30.0,0.0,0.0,0.0,0.0
7996,28.1950063,0.0,0.0,30.0,0.0,0.0,0.0,0.0
7997,28.1949943,0.0,0.0,30.0,0.0,0.0,0.0,0.0
7998,28.1949986,0.0,0.0,30.0,0.0,0.0,0.0,0.0
7999,28.1950192,0.0,0.0,30.0,0.0,0.0,0.0,0.0
8000,28.1950562,0.0,0.0,30.0,0.0,0.0,0.0,0.0
8001,28.1951099,0.0,0.0,30.0,0.0,0.0,0.0,0.0
8002,28.1951806,0.0,0.0,30.0,0.0,0.0,0.0,0.0
8003,28.1952687,0.0,0.0,30.0,0.0,0.0,0.0,0.0
8004,28.1953748,0.0,0.0,30.0,0.0,0.0,0.0,0.0
8005,28.1954995,0.0,0.0,30.0,0.0,0.0,0.0,0.0
8006,28.1956437,0.0,0.0,30.0,0.0,0.0,0.0,0.0
8007,28.1958082,0.0,0.0,30.0,0.0,0.0,0.0,0.0
8008,28.195994,0.0,0.0,30.0,0.0,0.0,0.0,0.0
8009,28.1962023,0.0,0.0,30.0,0.0,0.0,0.0,0.0
8010,28.1964344,0.0,0.0,30.0,0.0,0.0,0.0,0.0
8011,28.1966918,0.0,0.0,30.0,0.0,0.0,0.0,0.0
8012,28.196976,0.0,0.0,30.0,0.0,0.0,0.0,0.0
8013,28.1972888,0.0,0.0,30.0,0.0,0.0,0.0,0.0
8014,28.1976322,0.0,0.0,30.0,0.0,0.0,0.0,0.0
8015,28.1980083,0.0,0.0,30.0,0.0,0.0,0.0,0.0
8016,28.1984195,0.0,0.0,30.0,0.0,0.0,0.0,0.0
8017,28.1988682,0.0,0.0,30.0,0.0,0.0,0.0,0.0
8018,28.1993574,0.0,0.0,30.0,0.0,0.0,0.0,0.0
8019,28.1998899,0.0,0.0,30.0,0.0,0.0,0.0,0.0
8020,28.2004693,0.0,0.0,30.0,0.0,0.0,0.0,0.0
8021,28.201099,0.0,0.0,30.0,0.0,0.0,0.0,0.0
8022,28.2017831,0.0,0.0,30.0,0.0,0.0,0.0,0.0
8023,28.2025256,0.0,0.0,30.0,0.0,0.0,0.0,0.0
8024,28.2033314,0.0,0.0,30.0,0.0,0.0,0.0,0.0
8025,28.2042053,0.0,0.0,30.0,0.0,0.0,0.0,0.0
8026,28.2051529,0.0,0.0,30.0,0.0,0.0,0.0,0.0
8027,28.2061801,0.0,0.0,30.0,0.0,0.0,0.0,0.0
8028,28.2072931,0.0,0.0,30.0,0.0,0.0,0.0,0.0
8029,28.2084991,0.0,0.0,30.0,0.0,0.0,0.0,0.0
8030,28.2098054,0.0,0.0,30.0,0.0,0.0,0.0,0.0
8031,28.2112202,0.0,0.0,30.0,0.0,0.0,0.0,0.0
8032,28.2127523,0.0,0.0,30.0,0.0,0.0,0.0,0.0
8033,28.2144114,0.0,0.0,30.0,0.0,0.0,0.0,0.0
8034,28.2162076,0.0,0.0,30.0,0.0,0.0,0.0,0.0
8035,28.2181522,0.0,0.0,30.0,0.0,0.0,0.0,0.0
8036,28.2202573,0.0,0.0,30.0,0.0,0.0,0.0,0.0
8037,28.222536,0.0,0.0,30.0,0.0,0.0,0.0,0.0
8038,28.2250025,0.0,0.0,30.0,0.0,0.0,0.0,0.0
8039,28.2276721,0.0,0.0,30.0,0.0,0.0,0.0,0.0
8040,28.2305616,0.0,0.0,30.0,0.0,0.0,0.0,0.0
8041,28.2336888,0.0,0.0,30.0,0.0,0.0,0.0,0.0
8042,28.2370732,0.0,0.0,30.0,0.0,0.0,0.0,0.0
8043,28.240736,0.0,0.0,30.0,0.0,0.0,0.0,0.0
8044,28.2446999,0.0,0.0,30.0,0.0,0.0,0.0,0.0
8045,28.2489896,0.0,0.0,30.0,0.0,0.0,0.0,0.0
8046,28.2536319,0.0,0.0,30.0,0.0,0.0,0.0,0.0
8047,28.2586556,0.0,0.0,30.0,0.0,0.0,0.0,0.0
8048,28.264092,0.0,0.0,30.0,0.0,0.0,0.0,0.0
8049,28.269975,0.0,0.0,30.0,0.0,0.0,0.0,0.0
8050,28.2763412,0.0,0.0,30.0,0.0,0.0,0.0,0.0
8051,28.2832303,0.0,0.0,30.0,0.0,0.0,0.0,0.0
8052,28.2906851,0.0,0.0,30.0,0.0,0.0,0.0,0.0
8053,28.2987521,0.0,0.0,30.0,0.0,0.0,0.0,0.0
8054,28.3074815,0.0,0.0,30.0,0.0,0.0,0.0,0.0
8055,28.3169277,0.0,0.0,30.0,0.0,0.0,0.0,0.0
8056,28.3271496,0.0,0.0,30.0,0.0,0.0,0.0,0.0
8057,28.3382106,0.0,0.0,30.0,0.0,0.0,0.0,0.0
8058,28.3501798,0.0,0.0,30.0,0.0,0.0,0.0,0.0
8059,28.3631317,0.0,0.0,30.0,0.0,0.0,0.0,0.0
8060,28.3771469,0.0,0.0,30.0,0.0,0.0,0.0,0.0
8061,28.3923127,0.0,0.0,30.0,0.0,0.0,0.0,0.0
8062,28.4087235,0.0,0.0,30.0,0.0,0.0,0.0,0.0
8063,28.4264816,0.0,0.0,30.0,0.0,0.0,0.0,0.0
8064,28.4456975,0.0,0.0,30.0,0.0,0.0,0.0,0.0
8065,28.4664908,0.0,0.0,30.0,0.0,0.0,0.0,0.0
8066,28.488991,0.0,0.0,30.0,0.0,0.0,0.0,0.0
8067,28.5133386,0.0,0.0,30.0,0.0,0.0,0.0,0.0
8068,28.5396851,0.0,0.0,30.0,0.0,0.0,0.0,0.0
8069,28.5681927,0.0,0.0,30.0,0.0,0.0,0.0,0.0
8070,28.5990399,0.0,0.0,30.0,0.0,0.0,0.0,0.0
8071,28.6324274,0.0,0.0,30.0,0.0,0.0,0.0,0.0
8072,28.668558,0.0,0.0,30.0,0.0,0.0,0.0,0.0
8073,28.707614,0.0,0.0,30.0,0.0,0.0,0.0,0.0
8074,28.7498688,0.0,0.0,30.0,0.0,0.0,0.0,0.0
8075,28.795794,0.0,0.0,30.0,0.0,0.0,0.0,0.0
8076,28.8455039,0.0,0.0,30.0,0.0,0.0,0.0,0.0
8077,28.8982911,0.0,0.0,30.0,0.0,0.0,0.0,0.0
8078,28.9554446,0.0,0.0,30.0,0.0,0.0,0.0,0.0
8079,29.0222657,0.0,0.0,30.0,0.0,0.0,0.0,0.0
8080,29.0938794,0.0,0.0,30.0,0.0,0.0,0.0,0.0
8081,29.1467484,0.0,0.0,30.0,0.0,0.0,0.0,0.0
8082,29.2100086,0.0,0.0,30.0,0.0,0.0,0.0,0.0
8083,29.4000251,0.0,0.0,30.0,0.0,0.0,0.0,0.0
8084,29.5627617,0.0,0.0,30.0,0.0,0.0,0.0,0.0
8085,29.1382371,0.0,0.0,30.0,0.0,0.0,0.0,0.0
8086,29.0148365,0.0,0.0,30.0,0.0,0.0,0.0,0.0
8087,29.9065178,0.0,0.0,30.0,0.0,0.0,0.0,0.0
8088,30.0,0.0,0.0,30.0,0.0,0.0,0.0,0.0
8089,30.0,0.0,0.0,30.0,0.0,0.0,0.0,0.0
8090,23.891103,0.0,0.0,30.0,0.0,0.0,0.0,0.0
8091,23.6889133,0.0,0.0,30.0,0.0,0.0,0.0,0.0
8092,0.0,0.0,0.0,0.0,0.0,0.0,0.0,0.0
8093,30.0,0.0,0.0,3.96614481,0.0,0.0,0.0,0.0
8094,21.2353257,0.0,0.0,8.89237594,0.0,0.0,0.0,0.0
8095,0.0,0.0,0.0,16.2064358,0.0,0.0,0.0,0.0
8096,0.0,0.0,0.0,21.2830735,0.0,0.0,0.0,0.0
8097,0.0,0.0,0.0,22.6533876,0.0,0.0,0.0,0.0
8098,0.0,0.0,0.0,23.0460551,0.0,0.0,0.0,0.0
8099,0.0,0.0,0.0,23.828691,0.0,0.0,0.0,0.0
8100,0.0,0.0,0.0,24.5474817,0.0,0.0,0.0,0.0
8101,0.0,0.0,0.0,25.0114795,0.0,0.0,0.0,0.0
8102,0.0,0.0,0.0,25.3032495,0.0,0.0,0.0,0.0
8103,0.0,0.0,0.0,25.4551974,0.0,0.0,0.0,0.0
8104,0.0,0.0,0.0,25.456262,0.0,0.0,0.0,0.0
8105,0.0,0.0,0.0,25.302067,0.0,0.0,0.0,0.0
8106,0.0,0.0,0.0,24.9937423,0.0,0.0,0.0,0.0
8107,0.0,0.0,0.0,24.5295942,0.0,0.0,0.0,0.0
8108,0.0,0.0,0.0,23.8980444,0.0,0.0,0.0,0.0
8109,0.0,0.0,0.0,23.0838893,0.0,0.0,0.0,0.0
8110,0.0,0.0,0.0,22.1161125,0.0,0.0,0.0,0.0
8111,0.0,0.0,0.0,21.0263701,0.0,0.0,0.0,0.0
8112,0.0,0.0,0.0,19.5464488,0.0,0.0,0.0,0.0
8113,0.0,0.0,0.0,17.4247227,0.0,0.0,0.0,0.0
8114,0.0,0.0,0.0,16.3211561,0.0,0.0,0.0,0.0
8115,0.0,0.0,0.0,17.4294996,0.0,0.0,0.0,0.0
8116,0.0,0.0,0.0,13.1226371,0.0,0.0,0.0,0.0
8117,0.0,0.0,0.0,0.0,0.0,0.0,0.0,0.0
8118,0.0,0.0,0.0,0.0,0.0,0.0,0.0,0.0
8119,0.0,0.0,0.0,0.0,0.0,0.0,0.0,0.0
8120,30.0,0.0,0.0,30.0,0.0,0.0,0.0,0.0
8121,30.0,0.0,0.0,30.0,0.0,0.0,0.0,0.0
8122,30.0,0.0,0.0,30.0,0.0,0.0,0.0,0.0
8123,30.0,0.0,0.0,30.0,0.0,0.0,0.0,0.0
8124,30.0,0.0,0.0,30.0,0.0,0.0,0.0,0.0
8125,30.0,0.0,0.0,30.0,0.0,0.0,0.0,0.0
8126,30.0,0.0,0.0,30.0,0.0,0.0,0.0,0.0
8127,30.0,0.0,0.0,30.0,0.0,0.0,0.0,0.0
8128,26.3706323,0.0,0.0,30.0,0.0,0.0,0.0,0.0
8129,21.3760711,0.0,0.0,30.0,0.0,0.0,0.0,0.0
8130,22.2628093,0.0,0.0,30.0,0.0,0.0,0.0,0.0
8131,26.4922307,0.0,0.0,30.0,0.0,0.0,0.0,0.0
8132,18.196877,0.0,0.0,30.0,0.0,0.0,0.0,0.0
8133,18.1316768,0.0,0.0,30.0,0.0,0.0,0.0,0.0
8134,28.1178562,0.0,0.0,30.0,0.0,0.0,0.0,0.0
8135,30.0,0.0,0.0,30.0,0.0,0.0,0.0,0.0
8136,30.0,0.0,0.0,30.0,0.0,0.0,0.0,0.0
8137,30.0,0.0,0.0,30.0,0.0,0.0,0.0,0.0
8138,30.0,0.0,0.0,30.0,0.0,0.0,0.0,0.0
8139,30.0,0.0,0.0,30.0,0.0,0.0,0.0,0.0
8140,28.4454687,0.0,0.0,30.0,0.0,0.0,0.0,0.0
8141,28.1778277,0.0,0.0,30.0,0.0,0.0,0.0,0.0
8142,28.3437775,0.0,0.0,30.0,0.0,0.0,0.0,0.0
8143,28.1119474,0.0,0.0,30.0,0.0,0.0,0.0,0.0
8144,28.0978062,0.0,0.0,30.0,0.0,0.0,0.0,0.0
8145,28.1495548,0.0,0.0,30.0,0.0,0.0,0.0,0.0
8146,28.1559375,0.0,0.0,30.0,0.0,0.0,0.0,0.0
8147,28.1496542,0.0,0.0,30.0,0.0,0.0,0.0,0.0
8148,28.152458,0.0,0.0,30.0,0.0,0.0,0.0,0.0
8149,28.1573196,0.0,0.0,30.0,0.0,0.0,0.0,0.0
8150,28.160029,0.0,0.0,30.0,0.0,0.0,0.0,0.0
8151,28.1621137,0.0,0.0,30.0,0.0,0.0,0.0,0.0
8152,28.1644086,0.0,0.0,30.0,0.0,0.0,0.0,0.0
8153,28.1666061,0.0,0.0,30.0,0.0,0.0,0.0,0.0
8154,28.1685612,0.0,0.0,30.0,0.0,0.0,0.0,0.0
8155,28.1703543,0.0,0.0,30.0,0.0,0.0,0.0,0.0
8156,28.172027,0.0,0.0,30.0,0.0,0.0,0.0,0.0
8157,28.1735755,0.0,0.0,30.0,0.0,0.0,0.0,0.0
8158,28.1750034,0.0,0.0,30.0,0.0,0.0,0.0,0.0
8159,28.1763228,0.0,0.0,30.0,0.0,0.0,0.0,0.0
8160,28.1775428,0.0,0.0,30.0,0.0,0.0,0.0,0.0
8161,28.1786706,0.0,0.0,30.0,0.0,0.0,0.0,0.0
8162,28.1797129,0.0,0.0,30.0,0.0,0.0,0.0,0.0
8163,28.1806763,0.0,0.0,30.0,0.0,0.0,0.0,0.0
8164,28.1815669,0.0,0.0,30.0,0.0,0.0,0.0,0.0
8165,28.1823902,0.0,0.0,30.0,0.0,0.0,0.0,0.0
8166,28.1831512,0.0,0.0,30.0,0.0,0.0,0.0,0.0
8167,28.1838548,0.0,0.0,30.0,0.0,0.0,0.0,0.0
8168,28.1845054,0.0,0.0,30.0,0.0,0.0,0.0,0.0
8169,28.1851069,0.0,0.0,30.0,0.0,0.0,0.0,0.0
8170,28.1856631,0.0,0.0,30.0,0.0,0.0,0.0,0.0
8171,28.1861776,0.0,0.0,30.0,0.0,0.0,0.0,0.0
8172,28.1866534,0.0,0.0,30.0,0.0,0.0,0.0,0.0
8173,28.1870936,0.0,0.0,30.0,0.0,0.0,0.0,0.0
8174,28.1875008,0.0,0.0,30.0,0.0,0.0,0.0,0.0
8175,28.1878777,0.0,0.0,30.0,0.0,0.0,0.0,0.0
8176,28.1882266,0.0,0.0,30.0,0.0,0.0,0.0,0.0
8177,28.1885496,0.0,0.0,30.0,0.0,0.0,0.0,0.0
8178,28.1888488,0.0,0.0,30.0,0.0,0.0,0.0,0.0
8179,28.189126,0.0,0.0,30.0,0.0,0.0,0.0,0.0
8180,28.1893829,0.0,0.0,30.0,0.0,0.0,0.0,0.0
8181,28.1896212,0.0,0.0,30.0,0.0,0.0,0.0,0.0
8182,28.1898423,0.0,0.0,30.0,0.0,0.0,0.0,0.0
8183,28.1900476,0.0,0.0,30.0,0.0,0.0,0.0,0.0
8184,28.1902384,0.0,0.0,30.0,0.0,0.0,0.0,0.0
8185,28.1904158,0.0,0.0,30.0,0.0,0.0,0.0,0.0
8186,28.1905811,0.0,0.0,30.0,0.0,0.0,0.0,0.0
8187,28.1907351,0.0,0.0,30.0,0.0,0.0,0.0,0.0
8188,28.1908789,0.0,0.0,30.0,0.0,0.0,0.0,0.0
8189,28.1910133,0.0,0.0,30.0,0.0,0.0,0.0,0.0
8190,28.1911393,0.0,0.0,30.0,0.0,0.0,0.0,0.0
8191,28.1912575,0.0,0.0,30.0,0.0,0.0,0.0,0.0
8192,28.1913687,0.0,0.0,30.0,0.0,0.0,0.0,0.0
8193,28.1914737,0.0,0.0,30.0,0.0,0.0,0.0,0.0
8194,28.1915729,0.0,0.0,30.0,0.0,0.0,0.0,0.0
8195,28.1916672,0.0,0.0,30.0,0.0,0.0,0.0,0.0
8196,28.191757,0.0,0.0,30.0,0.0,0.0,0.0,0.0
8197,28.191843,0.0,0.0,30.0,0.0,0.0,0.0,0.0
8198,28.1919256,0.0,0.0,30.0,0.0,0.0,0.0,0.0
8199,28.1920053,0.0,0.0,30.0,0.0,0.0,0.0,0.0
8200,28.1920828,0.0,0.0,30.0,0.0,0.0,0.0,0.0
8201,28.1921584,0.0,0.0,30.0,0.0,0.0,0.0,0.0
8202,28.1922325,0.0,0.0,30.0,0.0,0.0,0.0,0.0
8203,28.1923058,0.0,0.0,30.0,0.0,0.0,0.0,0.0
8204,28.1923786,0.0,0.0,30.0,0.0,0.0,0.0,0.0
8205,28.1924514,0.0,0.0,30.0,0.0,0.0,0.0,0.0
8206,28.1925247,0.0,0.0,30.0,0.0,0.0,0.0,0.0
8207,28.1925988,0.0,0.0,30.0,0.0,0.0,0.0,0.0
8208,28.1926743,0.0,0.0,30.0,0.0,0.0,0.0,0.0
8209,28.1927516,0.0,0.0,30.0,0.0,0.0,0.0,0.0
8210,28.1928313,0.0,0.0,30.0,0.0,0.0,0.0,0.0
8211,28.1929137,0.0,0.0,30.0,0.0,0.0,0.0,0.0
8212,28.1929994,0.0,0.0,30.0,0.0,0.0,0.0,0.0
8213,28.193089,0.0,0.0,30.0,0.0,0.0,0.0,0.0
8214,28.1931831,0.0,0.0,30.0,0.0,0.0,0.0,0.0
8215,28.1932821,0.0,0.0,30.0,0.0,0.0,0.0,0.0
8216,28.1933867,0.0,0.0,30.0,0.0,0.0,0.0,0.0
8217,28.1934976,0.0,0.0,30.0,0.0,0.0,0.0,0.0
8218,28.1936154,0.0,0.0,30.0,0.0,0.0,0.0,0.0
8219,28.193741,0.0,0.0,30.0,0.0,0.0,0.0,0.0
8220,28.193875,0.0,0.0,30.0,0.0,0.0,0.0,0.0
8221,28.1940183,0.0,0.0,30.0,0.0,0.0,0.0,0.0
8222,28.1941718,0.0,0.0,30.0,0.0,0.0,0.0,0.0
8223,28.1943364,0.0,0.0,30.0,0.0,0.0,0.0,0.0
8224,28.1945132,0.0,0.0,30.0,0.0,0.0,0.0,0.0
8225,28.1947033,0.0,0.0,30.0,0.0,0.0,0.0,0.0
8226,28.1949079,0.0,0.0,30.0,0.0,0.0,0.0,0.0
8227,28.1951282,0.0,0.0,30.0,0.0,0.0,0.0,0.0
8228,28.1953656,0.0,0.0,30.0,0.0,0.0,0.0,0.0
8229,28.1956216,0.0,0.0,30.0,0.0,0.0,0.0,0.0
8230,28.1958978,0.0,0.0,30.0,0.0,0.0,0.0,0.0
8231,28.1961959,0.0,0.0,30.0,0.0,0.0,0.0,0.0
8232,28.1965177,0.0,0.0,30.0,0.0,0.0,0.0,0.0
8233,28.1968653,0.0,0.0,30.0,0.0,0.0,0.0,0.0
8234,28.1972408,0.0,0.0,30.0,0.0,0.0,0.0,0.0
8235,28.1976466,0.0,0.0,30.0,0.0,0.0,0.0,0.0
8236,28.1980852,0.0,0.0,30.0,0.0,0.0,0.0,0.0
8237,28.1985593,0.0,0.0,30.0,0.0,0.0,0.0,0.0
8238,28.1990719,0.0,0.0,30.0,0.0,0.0,0.0,0.0
8239,28.1996261,0.0,0.0,30.0,0.0,0.0,0.0,0.0
8240,28.2002255,0.0,0.0,30.0,0.0,0.0,0.0,0.0
8241,28.2008737,0.0,0.0,30.0,0.0,0.0,0.0,0.0
8242,28.2015749,0.0,0.0,30.0,0.0,0.0,0.0,0.0
8243,28.2023332,0.0,0.0,30.0,0.0,0.0,0.0,0.0
8244,28.2031536,0.0,0.0,30.0,0.0,0.0,0.0,0.0
8245,28.204041,0.0,0.0,30.0,0.0,0.0,0.0,0.0
8246,28.2050011,0.0,0.0,30.0,0.0,0.0,0.0,0.0
8247,28.2060397,0.0,0.0,30.0,0.0,0.0,0.0,0.0
8248,28.2071635,0.0,0.0,30.0,0.0,0.0,0.0,0.0
8249,28.2083792,0.0,0.0,30.0,0.0,0.0,0.0,0.0
8250,28.2096946,0.0,0.0,30.0,0.0,0.0,0.0,0.0
8251,28.2111179,0.0,0.0,30.0,0.0,0.0,0.0,0.0
8252,28.2126578,0.0,0.0,30.0,0.0,0.0,0.0,0.0
8253,28.214324,0.0,0.0,30.0,0.0,0.0,0.0,0.0
8254,28.2161268,0.0,0.0,30.0,0.0,0.0,0.0,0.0
8255,28.2180776,0.0,0.0,30.0,0.0,0.0,0.0,0.0
8256,28.2201883,0.0,0.0,30.0,0.0,0.0,0.0,0.0
8257,28.2224723,0.0,0.0,30.0,0.0,0.0,0.0,0.0
8258,28.2249436,0.0,0.0,30.0,0.0,0.0,0.0,0.0
8259,28.2276177,0.0,0.0,30.0,0.0,0.0,0.0,0.0
8260,28.2305113,0.0,0.0,30.0,0.0,0.0,0.0,0.0
8261,28.2336423,0.0,0.0,30.0,0.0,0.0,0.0,0.0
8262,28.2370303,0.0,0.0,30.0,0.0,0.0,0.0,0.0
8263,28.2406963,0.0,0.0,30.0,0.0,0.0,0.0,0.0
8264,28.2446632,0.0,0.0,30.0,0.0,0.0,0.0,0.0
8265,28.2489557,0.0,0.0,30.0,0.0,0.0,0.0,0.0
8266,28.2536006,0.0,0.0,30.0,0.0,0.0,0.0,0.0
8267,28.2586266,0.0,0.0,30.0,0.0,0.0,0.0,0.0
8268,28.2640653,0.0,0.0,30.0,0.0,0.0,0.0,0.0
8269,28.2699503,0.0,0.0,30.0,0.0,0.0,0.0,0.0
8270,28.2763184,0.0,0.0,30.0,0.0,0.0,0.0,0.0
8271,28.2832092,0.0,0.0,30.0,0.0,0.0,0.0,0.0
8272,28.2906656,0.0,0.0,30.0,0.0,0.0,0.0,0.0
8273,28.2987341,0.0,0.0,30.0,0.0,0.0,0.0,0.0
8274,28.3074649,0.0,0.0,30.0,0.0,0.0,0.0,0.0
8275,28.3169124,0.0,0.0,30.0,0.0,0.0,0.0,0.0
8276,28.3271354,0.0,0.0,30.0,0.0,0.0,0.0,0.0
8277,28.3381975,0.0,0.0,30.0,0.0,0.0,0.0,0.0
8278,28.3501677,0.0,0.0,30.0,0.0,0.0,0.0,0.0
8279,28.3631205,0.0,0.0,30.0,0.0,0.0,0.0,0.0
8280,28.3771365,0.0,0.0,30.0,0.0,0.0,0.0,0.0
8281,28.3923031,0.0,0.0,30.0,0.0,0.0,0.0,0.0
8282,28.4087147,0.0,0.0,30.0,0.0,0.0,0.0,0.0
8283,28.4264734,0.0,0.0,30.0,0.0,0.0,0.0,0.0
8284,28.4456899,0.0,0.0,30.0,0.0,0.0,0.0,0.0
8285,28.4664838,0.0,0.0,30.0,0.0,0.0,0.0,0.0
8286,28.4889846,0.0,0.0,30.0,0.0,0.0,0.0,0.0
8287,28.5133327,0.0,0.0,30.0,0.0,0.0,0.0,0.0
8288,28.5396796,0.0,0.0,30.0,0.0,0.0,0.0,0.0
8289,28.5681877,0.0,0.0,30.0,0.0,0.0,0.0,0.0
8290,28.5990353,0.0,0.0,30.0,0.0,0.0,0.0,0.0
8291,28.6324232,0.0,0.0,30.0,0.0,0.0,0.0,0.0
8292,28.6685541,0.0,0.0,30.0,0.0,0.0,0.0,0.0
8293,28.7076104,0.0,0.0,30.0,0.0,0.0,0.0,0.0
8294,28.7498654,0.0,0.0,30.0,0.0,0.0,0.0,0.0
8295,28.7957909,0.0,0.0,30.0,0.0,0.0,0.0,0.0
8296,28.8455011,0.0,0.0,30.0,0.0,0.0,0.0,0.0
8297,28.8982884,0.0,0.0,30.0,0.0,0.0,0.0,0.0
8298,28.9554422,0.0,0.0,30.0,0.0,0.0,0.0,0.0
8299,29.0222635,0.0,0.0,30.0,0.0,0.0,0.0,0.0
8300,29.0938774,0.0,0.0,30.0,0.0,0.0,0.0,0.0
8301,29.1467465,0.0,0.0,30.0,0.0,0.0,0.0,0.0
8302,29.2100069,0.0,0.0,30.0,0.0,0.0,0.0,0.0
8303,29.4000236,0.0,0.0,30.0,0.0,0.0,0.0,0.0
8304,29.5627604,0.0,0.0,30.0,0.0,0.0,0.0,0.0
8305,29.138236,0.0,0.0,30.0,0.0,0.0,0.0,0.0
8306,29.0148353,0.0,0.0,30.0,0.0,0.0,0.0,0.0
8307,29.9065165,0.0,0.0,30.0,0.0,0.0,0.0,0.0
8308,30.0,0.0,0.0,30.0,0.0,0.0,0.0,0.0
8309,30.0,0.0,0.0,30.0,0.0,0.0,0.0,0.0
8310,23.8910993,0.0,0.0,30.0,0.0,0.0,0.0,0.0
8311,23.6889107,0.0,0.0,30.0,0.0,0.0,0.0,0.0
8312,0.0,0.0,0.0,0.0,0.0,0.0,0.0,0.0
8313,30.0,0.0,0.0,4.21859505,0.0,0.0,0.0,0.0
8314,30.0,0.0,0.0,6.18726477,0.0,0.0,0.0,0.0
8315,0.0,0.0,0.0,16.7900556,0.0,0.0,0.0,0.0
8316,0.0,0.0,0.0,21.9789414,0.0,0.0,0.0,0.0
8317,0.0,0.0,0.0,23.4345668,0.0,0.0,0.0,0.0
8318,0.0,0.0,0.0,23.9140565,0.0,0.0,0.0,0.0
8319,0.0,0.0,0.0,24.8020415,0.0,0.0,0.0,0.0
8320,0.0,0.0,0.0,25.6386006,0.0,0.0,0.0,0.0
8321,0.0,0.0,0.0,26.2319011,0.0,0.0,0.0,0.0
8322,0.0,0.0,0.0,26.6672088,0.0,0.0,0.0,0.0
8323,0.0,0.0,0.0,26.9789123,0.0,0.0,0.0,0.0
8324,0.0,0.0,0.0,27.1577817,0.0,0.0,0.0,0.0
8325,0.0,0.0,0.0,27.2016445,0.0,0.0,0.0,0.0
8326,0.0,0.0,0.0,27.11303,0.0,0.0,0.0,0.0
8327,0.0,0.0,0.0,26.8919937,0.0,0.0,0.0,0.0
8328,0.0,0.0,0.0,26.5361614,0.0,0.0,0.0,0.0
8329,0.0,0.0,0.0,26.0379339,0.0,0.0,0.0,0.0
8330,0.0,0.0,0.0,25.3883823,0.0,0.0,0.0,0.0
8331,0.0,0.0,0.0,24.6018378,0.0,0.0,0.0,0.0
8332,0.0,0.0,0.0,23.6854333,0.0,0.0,0.0,0.0
8333,0.0,0.0,0.0,22.4841006,0.0,0.0,0.0,0.0
8334,0.0,0.0,0.0,20.9023724,0.0,0.0,0.0,0.0
8335,0.0,0.0,0.0,19.8649141,0.0,0.0,0.0,0.0
8336,0.0,0.0,0.0,19.7244474,0.0,0.0,0.0,0.0
8337,0.0,0.0,0.0,14.3398563,0.0,0.0,0.0,0.0
8338,0.0,0.0,0.0,2.43748084,0.0,0.0,0.0,0.0
8339,0.0,0.0,0.0,3.65831342,0.0,0.0,0.0,0.0
8340,30.0,0.0,0.0,30.0,0.0,0.0,0.0,0.0
8341,30.0,0.0,0.0,30.0,0.0,0.0,0.0,0.0
8342,30.0,0.0,0.0,30.0,0.0,0.0,0.0,0.0
8343,30.0,0.0,0.0,30.0,0.0,0.0,0.0,0.0
8344,30.0,0.0,0.0,30.0,0.0,0.0,0.0,0.0
8345,30.0,0.0,0.0,30.0,0.0,0.0,0.0,0.0
8346,30.0,0.0,0.0,30.0,0.0,0.0,0.0,0.0
8347,17.4433495,0.0,0.0,30.0,0.0,0.0,0.0,0.0
8348,14.0733843,0.0,0.0,30.0,0.0,0.0,0.0,0.0
8349,19.6867302,0.0,0.0,30.0,0.0,0.0,0.0,0.0
8350,22.6703844,0.0,0.0,30.0,0.0,0.0,0.0,0.0
8351,20.6659028,0.0,0.0,30.0,0.0,0.0,0.0,0.0
8352,20.2527425,0.0,0.0,30.0,0.0,0.0,0.0,0.0
8353,22.9412901,0.0,0.0,30.0,0.0,0.0,0.0,0.0
8354,27.0508486,0.0,0.0,30.0,0.0,0.0,0.0,0.0
8355,30.0,0.0,0.0,30.0,0.0,0.0,0.0,0.0
8356,30.0,0.0,0.0,30.0,0.0,0.0,0.0,0.0
8357,30.0,0.0,0.0,30.0,0.0,0.0,0.0,0.0
8358,30.0,0.0,0.0,30.0,0.0,0.0,0.0,0.0
8359,30.0,0.0,0.0,30.0,0.0,0.0,0.0,0.0
8360,28.3494156,0.0,0.0,30.0,0.0,0.0,0.0,0.0
8361,28.1294247,0.0,0.0,30.0,0.0,0.0,0.0,0.0
8362,28.3890127,0.0,0.0,30.0,0.0,0.0,0.0,0.0
8363,28.0294322,0.0,0.0,30.0,0.0,0.0,0.0,0.0
8364,28.0096179,0.0,0.0,30.0,0.0,0.0,0.0,0.0
8365,28.0932507,0.0,0.0,30.0,0.0,0.0,0.0,0.0
8366,28.1057736,0.0,0.0,30.0,0.0,0.0,0.0,0.0
8367,28.0981793,0.0,0.0,30.0,0.0,0.0,0.0,0.0
8368,28.1046207,0.0,0.0,30.0,0.0,0.0,0.0,0.0
8369,28.1141478,0.0,0.0,30.0,0.0,0.0,0.0,0.0
8370,28.1201638,0.0,0.0,30.0,0.0,0.0,0.0,0.0
8371,28.1250631,0.0,0.0,30.0,0.0,0.0,0.0,0.0
8372,28.1301667,0.0,0.0,30.0,0.0,0.0,0.0,0.0
8373,28.1350041,0.0,0.0,30.0,0.0,0.0,0.0,0.0
8374,28.139356,0.0,0.0,30.0,0.0,0.0,0.0,0.0
8375,28.143356,0.0,0.0,30.0,0.0,0.0,0.0,0.0
8376,28.1470771,0.0,0.0,30.0,0.0,0.0,0.0,0.0
8377,28.15052,0.0,0.0,30.0,0.0,0.0,0.0,0.0
8378,28.1536968,0.0,0.0,30.0,0.0,0.0,0.0,0.0
8379,28.1566321,0.0,0.0,30.0,0.0,0.0,0.0,0.0
8380,28.1593459,0.0,0.0,30.0,0.0,0.0,0.0,0.0
8381,28.1618541,0.0,0.0,30.0,0.0,0.0,0.0,0.0
8382,28.1641721,0.0,0.0,30.0,0.0,0.0,0.0,0.0
8383,28.1663144,0.0,0.0,30.0,0.0,0.0,0.0,0.0
8384,28.1682945,0.0,0.0,30.0,0.0,0.0,0.0,0.0
8385,28.1701246,0.0,0.0,30.0,0.0,0.0,0.0,0.0
8386,28.1718161,0.0,0.0,30.0,0.0,0.0,0.0,0.0
8387,28.1733796,0.0,0.0,30.0,0.0,0.0,0.0,0.0
8388,28.1748248,0.0,0.0,30.0,0.0,0.0,0.0,0.0
8389,28.1761606,0.0,0.0,30.0,0.0,0.0,0.0,0.0
8390,28.1773955,0.0,0.0,30.0,0.0,0.0,0.0,0.0
8391,28.1785372,0.0,0.0,30.0,0.0,0.0,0.0,0.0
8392,28.1795926,0.0,0.0,30.0,0.0,0.0,0.0,0.0
8393,28.1805684,0.0,0.0,30.0,0.0,0.0,0.0,0.0
8394,28.1814706,0.0,0.0,30.0,0.0,0.0,0.0,0.0
8395,28.182305,0.0,0.0,30.0,0.0,0.0,0.0,0.0
8396,28.1830766,0.0,0.0,30.0,0.0,0.0,0.0,0.0
8397,28.1837903,0.0,0.0,30.0,0.0,0.0,0.0,0.0
8398,28.1844505,0.0,0.0,30.0,0.0,0.0,0.0,0.0
8399,28.1850613,0.0,0.0,30.0,0.0,0.0,0.0,0.0
8400,28.1856266,0.0,0.0,30.0,0.0,0.0,0.0,0.0
8401,28.1861498,0.0,0.0,30.0,0.0,0.0,0.0,0.0
8402,28.1866343,0.0,0.0,30.0,0.0,0.0,0.0,0.0
8403,28.1870829,0.0,0.0,30.0,0.0,0.0,0.0,0.0
8404,28.1874986,0.0,0.0,30.0,0.0,0.0,0.0,0.0
8405,28.1878839,0.0,0.0,30.0,0.0,0.0,0.0,0.0
8406,28.1882412,0.0,0.0,30.0,0.0,0.0,0.0,0.0
8407,28.1885728,0.0,0.0,30.0,0.0,0.0,0.0,0.0
8408,28.1888806,0.0,0.0,30.0,0.0,0.0,0.0,0.0
8409,28.1891666,0.0,0.0,30.0,0.0,0.0,0.0,0.0
8410,28.1894327,0.0,0.0,30.0,0.0,0.0,0.0,0.0
8411,28.1896803,0.0,0.0,30.0,0.0,0.0,0.0,0.0
8412,28.1899112,0.0,0.0,30.0,0.0,0.0,0.0,0.0
8413,28.1901267,0.0,0.0,30.0,0.0,0.0,0.0,0.0
8414,28.1903282,0.0,0.0,30.0,0.0,0.0,0.0,0.0
8415,28.1905169,0.0,0.0,30.0,0.0,0.0,0.0,0.0
8416,28.190694,0.0,0.0,30.0,0.0,0.0,0.0,0.0
8417,28.1908605,0.0,0.0,30.0,0.0,0.0,0.0,0.0
8418,28.1910177,0.0,0.0,30.0,0.0,0.0,0.0,0.0
8419,28.1911663,0.0,0.0,30.0,0.0,0.0,0.0,0.0
8420,28.1913074,0.0,0.0,30.0,0.0,0.0,0.0,0.0
8421,28.1914418,0.0,0.0,30.0,0.0,0.0,0.0,0.0
8422,28.1915703,0.0,0.0,30.0,0.0,0.0,0.0,0.0
8423,28.1916938,0.0,0.0,30.0,0.0,0.0,0.0,0.0
8424,28.1918131,0.0,0.0,30.0,0.0,0.0,0.0,0.0
8425,28.1919288,0.0,0.0,30.0,0.0,0.0,0.0,0.0
8426,28.1920417,0.0,0.0,30.0,0.0,0.0,0.0,0.0
8427,28.1921524,0.0,0.0,30.0,0.0,0.0,0.0,0.0
8428,28.1922618,0.0,0.0,30.0,0.0,0.0,0.0,0.0
8429,28.1923704,0.0,0.0,30.0,0.0,0.0,0.0,0.0
8430,28.192479,0.0,0.0,30.0,0.0,0.0,0.0,0.0
8431,28.1925881,0.0,0.0,30.0,0.0,0.0,0.0,0.0
8432,28.1926986,0.0,0.0,30.0,0.0,0.0,0.0,0.0
8433,28.192811,0.0,0.0,30.0,0.0,0.0,0.0,0.0
8434,28.1929261,0.0,0.0,30.0,0.0,0.0,0.0,0.0
8435,28.1930446,0.0,0.0,30.0,0.0,0.0,0.0,0.0
8436,28.1931673,0.0,0.0,30.0,0.0,0.0,0.0,0.0
8437,28.1932948,0.0,0.0,30.0,0.0,0.0,0.0,0.0
8438,28.193428,0.0,0.0,30.0,0.0,0.0,0.0,0.0
8439,28.1935678,0.0,0.0,30.0,0.0,0.0,0.0,0.0
8440,28.1937149,0.0,0.0,30.0,0.0,0.0,0.0,0.0
8441,28.1938703,0.0,0.0,30.0,0.0,0.0,0.0,0.0
8442,28.1940351,0.0,0.0,30.0,0.0,0.0,0.0,0.0
8443,28.1942101,0.0,0.0,30.0,0.0,0.0,0.0,0.0
8444,28.1943965,0.0,0.0,30.0,0.0,0.0,0.0,0.0
8445,28.1945955,0.0,0.0,30.0,0.0,0.0,0.0,0.0
8446,28.1948082,0.0,0.0,30.0,0.0,0.0,0.0,0.0
8447,28.1950361,0.0,0.0,30.0,0.0,0.0,0.0,0.0
8448,28.1952805,0.0,0.0,30.0,0.0,0.0,0.0,0.0
8449,28.1955429,0.0,0.0,30.0,0.0,0.0,0.0,0.0
8450,28.1958251,0.0,0.0,30.0,0.0,0.0,0.0,0.0
8451,28.1961287,0.0,0.0,30.0,0.0,0.0,0.0,0.0
8452,28.1964556,0.0,0.0,30.0,0.0,0.0,0.0,0.0
8453,28.1968079,0.0,0.0,30.0,0.0,0.0,0.0,0.0
8454,28.1971878,0.0,0.0,30.0,0.0,0.0,0.0,0.0
8455,28.1975976,0.0,0.0,30.0,0.0,0.0,0.0,0.0
8456,28.1980399,0.0,0.0,30.0,0.0,0.0,0.0,0.0
8457,28.1985175,0.0,0.0,30.0,0.0,0.0,0.0,0.0
8458,28.1990332,0.0,0.0,30.0,0.0,0.0,0.0,0.0
8459,28.1995904,0.0,0.0,30.0,0.0,0.0,0.0,0.0
8460,28.2001925,0.0,0.0,30.0,0.0,0.0,0.0,0.0
8461,28.2008432,0.0,0.0,30.0,0.0,0.0,0.0,0.0
8462,28.2015466,0.0,0.0,30.0,0.0,0.0,0.0,0.0
8463,28.2023072,0.0,0.0,30.0,0.0,0.0,0.0,0.0
8464,28.2031295,0.0,0.0,30.0,0.0,0.0,0.0,0.0
8465,28.2040188,0.0,0.0,30.0,0.0,0.0,0.0,0.0
8466,28.2049805,0.0,0.0,30.0,0.0,0.0,0.0,0.0
8467,28.2060207,0.0,0.0,30.0,0.0,0.0,0.0,0.0
8468,28.2071459,0.0,0.0,30.0,0.0,0.0,0.0,0.0
8469,28.208363,0.0,0.0,30.0,0.0,0.0,0.0,0.0
8470,28.2096796,0.0,0.0,30.0,0.0,0.0,0.0,0.0
8471,28.211104,0.0,0.0,30.0,0.0,0.0,0.0,0.0
8472,28.212645,0.0,0.0,30.0,0.0,0.0,0.0,0.0
8473,28.2143121,0.0,0.0,30.0,0.0,0.0,0.0,0.0
8474,28.2161159,0.0,0.0,30.0,0.0,0.0,0.0,0.0
8475,28.2180675,0.0,0.0,30.0,0.0,0.0,0.0,0.0
8476,28.220179,0.0,0.0,30.0,0.0,0.0,0.0,0.0
8477,28.2224636,0.0,0.0,30.0,0.0,0.0,0.0,0.0
8478,28.2249356,0.0,0.0,30.0,0.0,0.0,0.0,0.0
8479,28.2276103,0.0,0.0,30.0,0.0,0.0,0.0,0.0
8480,28.2305045,0.0,0.0,30.0,0.0,0.0,0.0,0.0
8481,28.233636,0.0,0.0,30.0,0.0,0.0,0.0,0.0
8482,28.2370244,0.0,0.0,30.0,0.0,0.0,0.0,0.0
8483,28.2406909,0.0,0.0,30.0,0.0,0.0,0.0,0.0
8484,28.2446583,0.0,0.0,30.0,0.0,0.0,0.0,0.0
8485,28.2489511,0.0,0.0,30.0,0.0,0.0,0.0,0.0
8486,28.2535963,0.0,0.0,30.0,0.0,0.0,0.0,0.0
8487,28.2586227,0.0,0.0,30.0,0.0,0.0,0.0,0.0
8488,28.2640616,0.0,0.0,30.0,0.0,0.0,0.0,0.0
8489,28.2699469,0.0,0.0,30.0,0.0,0.0,0.0,0.0
8490,28.2763153,0.0,0.0,30.0,0.0,0.0,0.0,0.0
8491,28.2832063,0.0,0.0,30.0,0.0,0.0,0.0,0.0
8492,28.290663,0.0,0.0,30.0,0.0,0.0,0.0,0.0
8493,28.2987317,0.0,0.0,30.0,0.0,0.0,0.0,0.0
8494,28.3074627,0.0,0.0,30.0,0.0,0.0,0.0,0.0
8495,28.3169103,0.0,0.0,30.0,0.0,0.0,0.0,0.0
8496,28.3271334,0.0,0.0,30.0,0.0,0.0,0.0,0.0
8497,28.3381957,0.0,0.0,30.0,0.0,0.0,0.0,0.0
8498,28.3501661,0.0,0.0,30.0,0.0,0.0,0.0,0.0
8499,28.363119,0.0,0.0,30.0,0.0,0.0,0.0,0.0
8500,28.3771351,0.0,0.0,30.0,0.0,0.0,0.0,0.0
8501,28.3923018,0.0,0.0,30.0,0.0,0.0,0.0,0.0
8502,28.4087135,0.0,0.0,30.0,0.0,0.0,0.0,0.0
8503,28.4264723,0.0,0.0,30.0,0.0,0.0,0.0,0.0
8504,28.4456889,0.0,0.0,30.0,0.0,0.0,0.0,0.0
8505,28.4664829,0.0,0.0,30.0,0.0,0.0,0.0,0.0
8506,28.4889837,0.0,0.0,30.0,0.0,0.0,0.0,0.0
8507,28.5133319,0.0,0.0,30.0,0.0,0.0,0.0,0.0
8508,28.5396789,0.0,0.0,30.0,0.0,0.0,0.0,0.0
8509,28.568187,0.0,0.0,30.0,0.0,0.0,0.0,0.0
8510,28.5990346,0.0,0.0,30.0,0.0,0.0,0.0,0.0
8511,28.6324226,0.0,0.0,30.0,0.0,0.0,0.0,0.0
8512,28.6685535,0.0,0.0,30.0,0.0,0.0,0.0,0.0
8513,28.7076099,0.0,0.0,30.0,0.0,0.0,0.0,0.0
8514,28.749865,0.0,0.0,30.0,0.0,0.0,0.0,0.0
8515,28.7957905,0.0,0.0,30.0,0.0,0.0,0.0,0.0
8516,28.8455007,0.0,0.0,30.0,0.0,0.0,0.0,0.0
8517,28.8982881,0.0,0.0,30.0,0.0,0.0,0.0,0.0
8518,28.9554418,0.0,0.0,30.0,0.0,0.0,0.0,0.0
8519,29.0222632,0.0,0.0,30.0,0.0,0.0,0.0,0.0
8520,29.0938771,0.0,0.0,30.0,0.0,0.0,0.0,0.0
8521,29.1467463,0.0,0.0,30.0,0.0,0.0,0.0,0.0
8522,29.2100067,0.0,0.0,30.0,0.0,0.0,0.0,0.0
8523,29.4000234,0.0,0.0,30.0,0.0,0.0,0.0,0.0
8524,29.5627602,0.0,0.0,30.0,0.0,0.0,0.0,0.0
8525,29.1382358,0.0,0.0,30.0,0.0,0.0,0.0,0.0
8526,29.0148351,0.0,0.0,30.0,0.0,0.0,0.0,0.0
8527,29.9065164,0.0,0.0,30.0,0.0,0.0,0.0,0.0
8528,30.0,0.0,0.0,30.0,0.0,0.0,0.0,0.0
8529,30.0,0.0,0.0,30.0,0.0,0.0,0.0,0.0
8530,23.8910987,0.0,0.0,30.0,0.0,0.0,0.0,0.0
8531,23.6889103,0.0,0.0,30.0,0.0,0.0,0.0,0.0
8532,0.0,0.0,0.0,0.0,0.0,0.0,0.0,0.0
8533,30.0,0.0,0.0,4.3794725,0.0,0.0,0.0,0.0
8534,30.0,0.0,0.0,6.38062664,0.0,0.0,0.0,0.0
8535,0.0,0.0,0.0,17.0023289,0.0,0.0,0.0,0.0
8536,0.0,0.0,0.0,22.276036,0.0,0.0,0.0,0.0
8537,0.0,0.0,0.0,23.7845316,0.0,0.0,0.0,0.0
8538,0.0,0.0,0.0,24.3122878,0.0,0.0,0.0,0.0
8539,0.0,0.0,0.0,25.2589556,0.0,0.0,0.0,0.0
8540,0.0,0.0,0.0,26.1607796,0.0,0.0,0.0,0.0
8541,0.0,0.0,0.0,26.8245704,0.0,0.0,0.0,0.0
8542,0.0,0.0,0.0,27.3371807,0.0,0.0,0.0,0.0
8543,0.0,0.0,0.0,27.7342179,0.0,0.0,0.0,0.0
8544,0.0,0.0,0.0,28.0073367,0.0,0.0,0.0,0.0
8545,0.0,0.0,0.0,28.1554345,0.0,0.0,0.0,0.0
8546,0.0,0.0,0.0,28.1822492,0.0,0.0,0.0,0.0
8547,0.0,0.0,0.0,28.0891725,0.0,0.0,0.0,0.0
8548,0.0,0.0,0.0,27.8755887,0.0,0.0,0.0,0.0
8549,0.0,0.0,0.0,27.5357145,0.0,0.0,0.0,0.0
8550,0.0,0.0,0.0,27.0608137,0.0,0.0,0.0,0.0
8551,0.0,0.0,0.0,26.4666364,0.0,0.0,0.0,0.0
8552,0.0,0.0,0.0,25.7734567,0.0,0.0,0.0,0.0
8553,0.0,0.0,0.0,24.8311033,0.0,0.0,0.0,0.0
8554,0.0,0.0,0.0,23.4766949,0.0,0.0,0.0,0.0
8555,0.0,0.0,0.0,22.634833,0.0,0.0,0.0,0.0
8556,0.0,0.0,0.0,23.1149744,0.0,0.0,0.0,0.0
8557,0.0,0.0,0.0,18.7244334,0.0,0.0,0.0,0.0
8558,0.0,0.0,0.0,5.26402107,0.0,0.0,0.0,0.0
8559,0.0,0.0,0.0,6.88804934,0.0,0.0,0.0,0.0
8560,30.0,0.0,0.0,30.0,0.0,0.0,0.0,0.0
8561,30.0,0.0,0.0,30.0,0.0,0.0,0.0,0.0
8562,30.0,0.0,0.0,30.0,0.0,0.0,0.0,0.0
8563,30.0,0.0,0.0,30.0,0.0,0.0,0.0,0.0
8564,30.0,0.0,0.0,30.0,0.0,0.0,0.0,0.0
8565,28.3282336,0.0,0.0,30.0,0.0,0.0,0.0,0.0
8566,28.097196,0.0,0.0,30.0,0.0,0.0,0.0,0.0
8567,30.0,0.0,0.0,30.0,0.0,0.0,0.0,0.0
8568,30.0,0.0,0.0,30.0,0.0,0.0,0.0,0.0
8569,30.0,0.0,0.0,30.0,0.0,0.0,0.0,0.0
8570,30.0,0.0,0.0,30.0,0.0,0.0,0.0,0.0
8571,30.0,0.0,0.0,30.0,0.0,0.0,0.0,0.0
8572,30.0,0.0,0.0,30.0,0.0,0.0,0.0,0.0
8573,30.0,0.0,0.0,30.0,0.0,0.0,0.0,0.0
8574,30.0,0.0,0.0,30.0,0.0,0.0,0.0,0.0
8575,30.0,0.0,0.0,30.0,0.0,0.0,0.0,0.0
8576,30.0,0.0,0.0,30.0,0.0,0.0,0.0,0.0
8577,30.0,0.0,0.0,30.0,0.0,0.0,0.0,0.0
8578,30.0,0.0,0.0,30.0,0.0,0.0,0.0,0.0
8579,30.0,0.0,0.0,30.0,0.0,0.0,0.0,0.0
8580,29.1730887,0.0,0.0,30.0,0.0,0.0,0.0,0.0
8581,29.1638579,0.0,0.0,30.0,0.0,0.0,0.0,0.0
8582,29.2507659,0.0,0.0,30.0,0.0,0.0,0.0,0.0
8583,28.9544164,0.0,0.0,30.0,0.0,0.0,0.0,0.0
8584,28.875044,0.0,0.0,30.0,0.0,0.0,0.0,0.0
8585,28.8670618,0.0,0.0,30.0,0.0,0.0,0.0,0.0
8586,28.819296,0.0,0.0,30.0,0.0,0.0,0.0,0.0
8587,28.7628402,0.0,0.0,30.0,0.0,0.0,0.0,0.0
8588,28.7190685,0.0,0.0,30.0,0.0,0.0,0.0,0.0
8589,28.6809188,0.0,0.0,30.0,0.0,0.0,0.0,0.0
8590,28.6439211,0.0,0.0,30.0,0.0,0.0,0.0,0.0
8591,28.6093037,0.0,0.0,30.0,0.0,0.0,0.0,0.0
8592,28.5776726,0.0,0.0,30.0,0.0,0.0,0.0,0.0
8593,28.5485192,0.0,0.0,30.0,0.0,0.0,0.0,0.0
8594,28.5215033,0.0,0.0,30.0,0.0,0.0,0.0,0.0
8595,28.4965227,0.0,0.0,30.0,0.0,0.0,0.0,0.0
8596,28.4734525,0.0,0.0,30.0,0.0,0.0,0.0,0.0
8597,28.4521351,0.0,0.0,30.0,0.0,0.0,0.0,0.0
8598,28.4324318,0.0,0.0,30.0,0.0,0.0,0.0,0.0
8599,28.4142229,0.0,0.0,30.0,0.0,0.0,0.0,0.0
8600,28.3973961,0.0,0.0,30.0,0.0,0.0,0.0,0.0
8601,28.381846,0.0,0.0,30.0,0.0,0.0,0.0,0.0
8602,28.3674755,0.0,0.0,30.0,0.0,0.0,0.0,0.0
8603,28.3541955,0.0,0.0,30.0,0.0,0.0,0.0,0.0
8604,28.341923,0.0,0.0,30.0,0.0,0.0,0.0,0.0
8605,28.3305818,0.0,0.0,30.0,0.0,0.0,0.0,0.0
8606,28.3201012,0.0,0.0,30.0,0.0,0.0,0.0,0.0
8607,28.3104159,0.0,0.0,30.0,0.0,0.0,0.0,0.0
8608,28.3014656,0.0,0.0,30.0,0.0,0.0,0.0,0.0
8609,28.2931947,0.0,0.0,30.0,0.0,0.0,0.0,0.0
8610,28.2855515,0.0,0.0,30.0,0.0,0.0,0.0,0.0
8611,28.2784884,0.0,0.0,30.0,0.0,0.0,0.0,0.0
8612,28.2719616,0.0,0.0,30.0,0.0,0.0,0.0,0.0
8613,28.2659304,0.0,0.0,30.0,0.0,0.0,0.0,0.0
8614,28.2603572,0.0,0.0,30.0,0.0,0.0,0.0,0.0
8615,28.2552072,0.0,0.0,30.0,0.0,0.0,0.0,0.0
8616,28.2504485,0.0,0.0,30.0,0.0,0.0,0.0,0.0
8617,28.2460514,0.0,0.0,30.0,0.0,0.0,0.0,0.0
8618,28.2419886,0.0,0.0,30.0,0.0,0.0,0.0,0.0
8619,28.2382346,0.0,0.0,30.0,0.0,0.0,0.0,0.0
8620,28.2347662,0.0,0.0,30.0,0.0,0.0,0.0,0.0
8621,28.2315617,0.0,0.0,30.0,0.0,0.0,0.0,0.0
8622,28.2286013,0.0,0.0,30.0,0.0,0.0,0.0,0.0
8623,28.2258663,0.0,0.0,30.0,0.0,0.0,0.0,0.0
8624,28.2233399,0.0,0.0,30.0,0.0,0.0,0.0,0.0
8625,28.2210063,0.0,0.0,30.0,0.0,0.0,0.0,0.0
8626,28.218851,0.0,0.0,30.0,0.0,0.0,0.0,0.0
8627,28.2168605,0.0,0.0,30.0,0.0,0.0,0.0,0.0
8628,28.2150224,0.0,0.0,30.0,0.0,0.0,0.0,0.0
8629,28.2133253,0.0,0.0,30.0,0.0,0.0,0.0,0.0
8630,28.2117587,0.0,0.0,30.0,0.0,0.0,0.0,0.0
8631,28.2103127,0.0,0.0,30.0,0.0,0.0,0.0,0.0
8632,28.2089784,0.0,0.0,30.0,0.0,0.0,0.0,0.0
8633,28.2077475,0.0,0.0,30.0,0.0,0.0,0.0,0.0
8634,28.2066123,0.0,0.0,30.0,0.0,0.0,0.0,0.0
8635,28.2055656,0.0,0.0,30.0,0.0,0.0,0.0,0.0
8636,28.2046011,0.0,0.0,30.0,0.0,0.0,0.0,0.0
8637,28.2037127,0.0,0.0,30.0,0.0,0.0,0.0,0.0
8638,28.2028949,0.0,0.0,30.0,0.0,0.0,0.0,0.0
8639,28.2021425,0.0,0.0,30.0,0.0,0.0,0.0,0.0
8640,28.2014509,0.0,0.0,30.0,0.0,0.0,0.0,0.0
8641,28.2008158,0.0,0.0,30.0,0.0,0.0,0.0,0.0
8642,28.2002333,0.0,0.0,30.0,0.0,0.0,0.0,0.0
8643,28.1996996,0.0,0.0,30.0,0.0,0.0,0.0,0.0
8644,28.1992115,0.0,0.0,30.0,0.0,0.0,0.0,0.0
8645,28.198766,0.0,0.0,30.0,0.0,0.0,0.0,0.0
8646,28.1983602,0.0,0.0,30.0,0.0,0.0,0.0,0.0
8647,28.1979916,0.0,0.0,30.0,0.0,0.0,0.0,0.0
8648,28.197658,0.0,0.0,30.0,0.0,0.0,0.0,0.0
8649,28.1973573,0.0,0.0,30.0,0.0,0.0,0.0,0.0
8650,28.1970875,0.0,0.0,30.0,0.0,0.0,0.0,0.0
8651,28.1968471,0.0,0.0,30.0,0.0,0.0,0.0,0.0
8652,28.1966344,0.0,0.0,30.0,0.0,0.0,0.0,0.0
8653,28.1964483,0.0,0.0,30.0,0.0,0.0,0.0,0.0
8654,28.1962875,0.0,0.0,30.0,0.0,0.0,0.0,0.0
8655,28.196151,0.0,0.0,30.0,0.0,0.0,0.0,0.0
8656,28.1960379,0.0,0.0,30.0,0.0,0.0,0.0,0.0
8657,28.1959477,0.0,0.0,30.0,0.0,0.0,0.0,0.0
8658,28.1958797,0.0,0.0,30.0,0.0,0.0,0.0,0.0
8659,28.1958334,0.0,0.0,30.0,0.0,0.0,0.0,0.0
8660,28.1958087,0.0,0.0,30.0,0.0,0.0,0.0,0.0
8661,28.1958053,0.0,0.0,30.0,0.0,0.0,0.0,0.0
8662,28.1958232,0.0,0.0,30.0,0.0,0.0,0.0,0.0
8663,28.1958626,0.0,0.0,30.0,0.0,0.0,0.0,0.0
8664,28.1959236,0.0,0.0,30.0,0.0,0.0,0.0,0.0
8665,28.1960067,0.0,0.0,30.0,0.0,0.0,0.0,0.0
8666,28.1961124,0.0,0.0,30.0,0.0,0.0,0.0,0.0
8667,28.1962413,0.0,0.0,30.0,0.0,0.0,0.0,0.0
8668,28.1963943,0.0,0.0,30.0,0.0,0.0,0.0,0.0
8669,28.1965722,0.0,0.0,30.0,0.0,0.0,0.0,0.0
8670,28.1967763,0.0,0.0,30.0,0.0,0.0,0.0,0.0
8671,28.1970077,0.0,0.0,30.0,0.0,0.0,0.0,0.0
8672,28.197268,0.0,0.0,30.0,0.0,0.0,0.0,0.0
8673,28.1975586,0.0,0.0,30.0,0.0,0.0,0.0,0.0
8674,28.1978816,0.0,0.0,30.0,0.0,0.0,0.0,0.0
8675,28.1982387,0.0,0.0,30.0,0.0,0.0,0.0,0.0
8676,28.1986324,0.0,0.0,30.0,0.0,0.0,0.0,0.0
8677,28.199065,0.0,0.0,30.0,0.0,0.0,0.0,0.0
8678,28.1995392,0.0,0.0,30.0,0.0,0.0,0.0,0.0
8679,28.200058,0.0,0.0,30.0,0.0,0.0,0.0,0.0
8680,28.2006246,0.0,0.0,30.0,0.0,0.0,0.0,0.0
8681,28.2012426,0.0,0.0,30.0,0.0,0.0,0.0,0.0
8682,28.2019157,0.0,0.0,30.0,0.0,0.0,0.0,0.0
8683,28.2026482,0.0,0.0,30.0,0.0,0.0,0.0,0.0
8684,28.2034447,0.0,0.0,30.0,0.0,0.0,0.0,0.0
8685,28.20431,0.0,0.0,30.0,0.0,0.0,0.0,0.0
8686,28.2052497,0.0,0.0,30.0,0.0,0.0,0.0,0.0
8687,28.2062694,0.0,0.0,30.0,0.0,0.0,0.0,0.0
8688,28.2073757,0.0,0.0,30.0,0.0,0.0,0.0,0.0
8689,28.2085754,0.0,0.0,30.0,0.0,0.0,0.0,0.0
8690,28.2098759,0.0,0.0,30.0,0.0,0.0,0.0,0.0
8691,28.2112854,0.0,0.0,30.0,0.0,0.0,0.0,0.0
8692,28.2128126,0.0,0.0,30.0,0.0,0.0,0.0,0.0
8693,28.214467,0.0,0.0,30.0,0.0,0.0,0.0,0.0
8694,28.216259,0.0,0.0,30.0,0.0,0.0,0.0,0.0
8695,28.2181997,0.0,0.0,30.0,0.0,0.0,0.0,0.0
8696,28.2203012,0.0,0.0,30.0,0.0,0.0,0.0,0.0
8697,28.2225766,0.0,0.0,30.0,0.0,0.0,0.0,0.0
8698,28.22504,0.0,0.0,30.0,0.0,0.0,0.0,0.0
8699,28.2277068,0.0,0.0,30.0,0.0,0.0,0.0,0.0
8700,28.2305936,0.0,0.0,30.0,0.0,0.0,0.0,0.0
8701,28.2337184,0.0,0.0,30.0,0.0,0.0,0.0,0.0
8702,28.2371006,0.0,0.0,30.0,0.0,0.0,0.0,0.0
8703,28.2407613,0.0,0.0,30.0,0.0,0.0,0.0,0.0
8704,28.2447232,0.0,0.0,30.0,0.0,0.0,0.0,0.0
8705,28.2490112,0.0,0.0,30.0,0.0,0.0,0.0,0.0
8706,28.2536518,0.0,0.0,30.0,0.0,0.0,0.0,0.0
8707,28.258674,0.0,0.0,30.0,0.0,0.0,0.0,0.0
8708,28.264109,0.0,0.0,30.0,0.0,0.0,0.0,0.0
8709,28.2699907,0.0,0.0,30.0,0.0,0.0,0.0,0.0
8710,28.2763557,0.0,0.0,30.0,0.0,0.0,0.0,0.0
8711,28.2832437,0.0,0.0,30.0,0.0,0.0,0.0,0.0
8712,28.2906975,0.0,0.0,30.0,0.0,0.0,0.0,0.0
8713,28.2987636,0.0,0.0,30.0,0.0,0.0,0.0,0.0
8714,28.3074921,0.0,0.0,30.0,0.0,0.0,0.0,0.0
8715,28.3169375,0.0,0.0,30.0,0.0,0.0,0.0,0.0
8716,28.3271586,0.0,0.0,30.0,0.0,0.0,0.0,0.0
8717,28.338219,0.0,0.0,30.0,0.0,0.0,0.0,0.0
8718,28.3501875,0.0,0.0,30.0,0.0,0.0,0.0,0.0
8719,28.3631388,0.0,0.0,30.0,0.0,0.0,0.0,0.0
8720,28.3771535,0.0,0.0,30.0,0.0,0.0,0.0,0.0
8721,28.3923188,0.0,0.0,30.0,0.0,0.0,0.0,0.0
8722,28.4087291,0.0,0.0,30.0,0.0,0.0,0.0,0.0
8723,28.4264868,0.0,0.0,30.0,0.0,0.0,0.0,0.0
8724,28.4457023,0.0,0.0,30.0,0.0,0.0,0.0,0.0
8725,28.4664952,0.0,0.0,30.0,0.0,0.0,0.0,0.0
8726,28.4889951,0.0,0.0,30.0,0.0,0.0,0.0,0.0
8727,28.5133424,0.0,0.0,30.0,0.0,0.0,0.0,0.0
8728,28.5396886,0.0,0.0,30.0,0.0,0.0,0.0,0.0
8729,28.5681959,0.0,0.0,30.0,0.0,0.0,0.0,0.0
8730,28.5990429,0.0,0.0,30.0,0.0,0.0,0.0,0.0
8731,28.6324302,0.0,0.0,30.0,0.0,0.0,0.0,0.0
8732,28.6685606,0.0,0.0,30.0,0.0,0.0,0.0,0.0
8733,28.7076164,0.0,0.0,30.0,0.0,0.0,0.0,0.0
8734,28.7498709,0.0,0.0,30.0,0.0,0.0,0.0,0.0
8735,28.795796,0.0,0.0,30.0,0.0,0.0,0.0,0.0
8736,28.8455057,0.0,0.0,30.0,0.0,0.0,0.0,0.0
8737,28.8982927,0.0,0.0,30.0,0.0,0.0,0.0,0.0
8738,28.9554461,0.0,0.0,30.0,0.0,0.0,0.0,0.0
8739,29.0222671,0.0,0.0,30.0,0.0,0.0,0.0,0.0
8740,29.0938806,0.0,0.0,30.0,0.0,0.0,0.0,0.0
8741,29.1467496,0.0,0.0,30.0,0.0,0.0,0.0,0.0
8742,29.2100097,0.0,0.0,30.0,0.0,0.0,0.0,0.0
8743,29.4000261,0.0,0.0,30.0,0.0,0.0,0.0,0.0
8744,29.5627626,0.0,0.0,30.0,0.0,0.0,0.0,0.0
8745,29.1382378,0.0,0.0,30.0,0.0,0.0,0.0,0.0
8746,29.0148373,0.0,0.0,30.0,0.0,0.0,0.0,0.0
8747,29.9065185,0.0,0.0,30.0,0.0,0.0,0.0,0.0
8748,30.0,0.0,0.0,30.0,0.0,0.0,0.0,0.0
8749,30.0,0.0,0.0,30.0,0.0,0.0,0.0,0.0
8750,23.8911054,0.0,0.0,30.0,0.0,0.0,0.0,0.0
8751,23.6889149,0.0,0.0,30.0,0.0,0.0,0.0,0.0
8752,0.0,0.0,0.0,0.0,0.0,0.0,0.0,0.0
8753,30.0,0.0,0.0,4.24215555,0.0,0.0,0.0,0.0
8754,30.0,0.0,0.0,6.21558261,0.0,0.0,0.0,0.0
8755,0.0,0.0,0.0,16.821143,0.0,0.0,0.0,0.0
8756,0.0,0.0,0.0,22.0224509,0.0,0.0,0.0,0.0
8757,0.0,0.0,0.0,23.4858191,0.0,0.0,0.0,0.0
8758,0.0,0.0,0.0,23.9723774,0.0,0.0,0.0,0.0
8759,0.0,0.0,0.0,24.8689566,0.0,0.0,0.0,0.0
8760,0.0,0.0,0.0,25.7150738,0.0,0.0,0.0,0.0
8761,0.0,0.0,0.0,26.3186973,0.0,0.0,0.0,0.0
8762,0.0,0.0,0.0,26.7653254,0.0,0.0,0.0,0.0
8763,0.0,0.0,0.0,27.0895284,0.0,0.0,0.0,0.0
8764,0.0,0.0,0.0,27.2822035,0.0,0.0,0.0,0.0
8765,0.0,0.0,0.0,27.3413161,0.0,0.0,0.0,0.0
8766,0.0,0.0,0.0,27.2695901,0.0,0.0,0.0,0.0
8767,0.0,0.0,0.0,27.0673952,0.0,0.0,0.0,0.0
8768,0.0,0.0,0.0,26.7324818,0.0,0.0,0.0,0.0
8769,0.0,0.0,0.0,26.256775,0.0,0.0,0.0,0.0
8770,0.0,0.0,0.0,25.6323564,0.0,0.0,0.0,0.0
8771,0.0,0.0,0.0,24.8783767,0.0,0.0,0.0,0.0
8772,0.0,0.0,0.0,23.9967867,0.0,0.0,0.0,0.0
8773,0.0,0.0,0.0,22.8047231,0.0,0.0,0.0,0.0
8774,0.0,0.0,0.0,21.247438,0.0,0.0,0.0,0.0
8775,0.0,0.0,0.0,20.4247573,0.0,0.0,0.0,0.0
8776,0.0,0.0,0.0,20.4007986,0.0,0.0,0.0,0.0
8777,0.0,0.0,0.0,13.9581131,0.0,0.0,0.0,0.0
8778,0.0,0.0,0.0,1.89195953,0.0,0.0,0.0,0.0
8779,0.0,0.0,0.0,5.90614328,0.0,0.0,0.0,0.0
8780,30.0,0.0,0.0,30.0,0.0,0.0,0.0,0.0
8781,30.0,0.0,0.0,30.0,0.0,0.0,0.0,0.0
8782,30.0,0.0,0.0,30.0,0.0,0.0,0.0,0.0
8783,30.0,0.0,0.0,30.0,0.0,0.0,0.0,0.0
8784,30.0,0.0,0.0,30.0,0.0,0.0,0.0,0.0
8785,30.0,0.0,0.0,30.0,0.0,0.0,0.0,0.0
8786,30.0,0.0,0.0,30.0,0.0,0.0,0.0,0.0
8787,30.0,0.0,0.0,30.0,0.0,0.0,0.0,0.0
8788,30.0,0.0,0.0,30.0,0.0,0.0,0.0,0.0
8789,30.0,0.0,0.0,30.0,0.0,0.0,0.0,0.0
8790,30.0,0.0,0.0,30.0,0.0,0.0,0.0,0.0
8791,30.0,0.0,0.0,30.0,0.0,0.0,0.0,0.0
8792,28.7631917,0.0,0.0,30.0,0.0,0.0,0.0,0.0
8793,23.5071464,0.0,0.0,30.0,0.0,0.0,0.0,0.0
8794,24.4810295,0.0,0.0,30.0,0.0,0.0,0.0,0.0
8795,30.0,0.0,0.0,30.0,0.0,0.0,0.0,0.0
8796,30.0,0.0,0.0,30.0,0.0,0.0,0.0,0.0
8797,30.0,0.0,0.0,30.0,0.0,0.0,0.0,0.0
8798,30.0,0.0,0.0,30.0,0.0,0.0,0.0,0.0
8799,30.0,0.0,0.0,30.0,0.0,0.0,0.0,0.0
8800,29.3428211,0.0,0.0,30.0,0.0,0.0,0.0,0.0
8801,28.9123013,0.0,0.0,30.0,0.0,0.0,0.0,0.0
8802,28.8323665,0.0,0.0,30.0,0.0,0.0,0.0,0.0
8803,28.6408366,0.0,0.0,30.0,0.0,0.0,0.0,0.0
8804,28.6215593,0.0,0.0,30.0,0.0,0.0,0.0,0.0
8805,28.6172925,0.0,0.0,30.0,0.0,0.0,0.0,0.0
8806,28.5814906,0.0,0.0,30.0,0.0,0.0,0.0,0.0
8807,28.5463496,0.0,0.0,30.0,0.0,0.0,0.0,0.0
8808,28.5203377,0.0,0.0,30.0,0.0,0.0,0.0,0.0
8809,28.496575,0.0,0.0,30.0,0.0,0.0,0.0,0.0
8810,28.4733069,0.0,0.0,30.0,0.0,0.0,0.0,0.0
8811,28.4517763,0.0,0.0,30.0,0.0,0.0,0.0,0.0
8812,28.4321432,0.0,0.0,30.0,0.0,0.0,0.0,0.0
8813,28.4139995,0.0,0.0,30.0,0.0,0.0,0.0,0.0
8814,28.3971791,0.0,0.0,30.0,0.0,0.0,0.0,0.0
8815,28.3816359,0.0,0.0,30.0,0.0,0.0,0.0,0.0
8816,28.3672826,0.0,0.0,30.0,0.0,0.0,0.0,0.0
8817,28.3540178,0.0,0.0,30.0,0.0,0.0,0.0,0.0
8818,28.3417573,0.0,0.0,30.0,0.0,0.0,0.0,0.0
8819,28.3304271,0.0,0.0,30.0,0.0,0.0,0.0,0.0
8820,28.319957,0.0,0.0,30.0,0.0,0.0,0.0,0.0
8821,28.3102813,0.0,0.0,30.0,0.0,0.0,0.0,0.0
8822,28.3013398,0.0,0.0,30.0,0.0,0.0,0.0,0.0
8823,28.2930767,0.0,0.0,30.0,0.0,0.0,0.0,0.0
8824,28.2854407,0.0,0.0,30.0,0.0,0.0,0.0,0.0
8825,28.2783842,0.0,0.0,30.0,0.0,0.0,0.0,0.0
8826,28.2718632,0.0,0.0,30.0,0.0,0.0,0.0,0.0
8827,28.2658372,0.0,0.0,30.0,0.0,0.0,0.0,0.0
8828,28.2602687,0.0,0.0,30.0,0.0,0.0,0.0,0.0
8829,28.2551228,0.0,0.0,30.0,0.0,0.0,0.0,0.0
8830,28.2503677,0.0,0.0,30.0,0.0,0.0,0.0,0.0
8831,28.2459737,0.0,0.0,30.0,0.0,0.0,0.0,0.0
8832,28.2419135,0.0,0.0,30.0,0.0,0.0,0.0,0.0
8833,28.2381617,0.0,0.0,30.0,0.0,0.0,0.0,0.0
8834,28.234695,0.0,0.0,30.0,0.0,0.0,0.0,0.0
8835,28.2314918,0.0,0.0,30.0,0.0,0.0,0.0,0.0
8836,28.2285321,0.0,0.0,30.0,0.0,0.0,0.0,0.0
8837,28.2257976,0.0,0.0,30.0,0.0,0.0,0.0,0.0
8838,28.2232711,0.0,0.0,30.0,0.0,0.0,0.0,0.0
8839,28.2209371,0.0,0.0,30.0,0.0,0.0,0.0,0.0
8840,28.2187809,0.0,0.0,30.0,0.0,0.0,0.0,0.0
8841,28.216789,0.0,0.0,30.0,0.0,0.0,0.0,0.0
8842,28.2149492,0.0,0.0,30.0,0.0,0.0,0.0,0.0
8843,28.2132499,0.0,0.0,30.0,0.0,0.0,0.0,0.0
8844,28.2116806,0.0,0.0,30.0,0.0,0.0,0.0,0.0
8845,28.2102315,0.0,0.0,30.0,0.0,0.0,0.0,0.0
8846,28.2088935,0.0,0.0,30.0,0.0,0.0,0.0,0.0
8847,28.2076584,0.0,0.0,30.0,0.0,0.0,0.0,0.0
8848,28.2065184,0.0,0.0,30.0,0.0,0.0,0.0,0.0
8849,28.2054664,0.0,0.0,30.0,0.0,0.0,0.0,0.0
8850,28.204496,0.0,0.0,30.0,0.0,0.0,0.0,0.0
8851,28.203601,0.0,0.0,30.0,0.0,0.0,0.0,0.0
8852,28.2027758,0.0,0.0,30.0,0.0,0.0,0.0,0.0
8853,28.2020154,0.0,0.0,30.0,0.0,0.0,0.0,0.0
8854,28.201315,0.0,0.0,30.0,0.0,0.0,0.0,0.0
8855,28.2006702,0.0,0.0,30.0,0.0,0.0,0.0,0.0
8856,28.2000771,0.0,0.0,30.0,0.0,0.0,0.0,0.0
8857,28.1995319,0.0,0.0,30.0,0.0,0.0,0.0,0.0
8858,28.1990312,0.0,0.0,30.0,0.0,0.0,0.0,0.0
8859,28.1985719,0.0,0.0,30.0,0.0,0.0,0.0,0.0
8860,28.1981512,0.0,0.0,30.0,0.0,0.0,0.0,0.0
8861,28.1977665,0.0,0.0,30.0,0.0,0.0,0.0,0.0
8862,28.1974152,0.0,0.0,30.0,0.0,0.0,0.0,0.0
8863,28.1970954,0.0,0.0,30.0,0.0,0.0,0.0,0.0
8864,28.1968048,0.0,0.0,30.0,0.0,0.0,0.0,0.0
8865,28.1965419,0.0,0.0,30.0,0.0,0.0,0.0,0.0
8866,28.1963048,0.0,0.0,30.0,0.0,0.0,0.0,0.0
8867,28.1960922,0.0,0.0,30.0,0.0,0.0,0.0,0.0
8868,28.1959027,0.0,0.0,30.0,0.0,0.0,0.0,0.0
8869,28.1957351,0.0,0.0,30.0,0.0,0.0,0.0,0.0
8870,28.1955884,0.0,0.0,30.0,0.0,0.0,0.0,0.0
8871,28.1954617,0.0,0.0,30.0,0.0,0.0,0.0,0.0
8872,28.1953541,0.0,0.0,30.0,0.0,0.0,0.0,0.0
8873,28.1952651,0.0,0.0,30.0,0.0,0.0,0.0,0.0
8874,28.195194,0.0,0.0,30.0,0.0,0.0,0.0,0.0
8875,28.1951405,0.0,0.0,30.0,0.0,0.0,0.0,0.0
8876,28.1951041,0.0,0.0,30.0,0.0,0.0,0.0,0.0
8877,28.1950847,0.0,0.0,30.0,0.0,0.0,0.0,0.0
8878,28.1950822,0.0,0.0,30.0,0.0,0.0,0.0,0.0
8879,28.1950964,0.0,0.0,30.0,0.0,0.0,0.0,0.0
8880,28.1951276,0.0,0.0,30.0,0.0,0.0,0.0,0.0
8881,28.1951759,0.0,0.0,30.0,0.0,0.0,0.0,0.0
8882,28.1952416,0.0,0.0,30.0,0.0,0.0,0.0,0.0
8883,28.1953251,0.0,0.0,30.0,0.0,0.0,0.0,0.0
8884,28.1954269,0.0,0.0,30.0,0.0,0.0,0.0,0.0
8885,28.1955477,0.0,0.0,30.0,0.0,0.0,0.0,0.0
8886,28.1956882,0.0,0.0,30.0,0.0,0.0,0.0,0.0
8887,28.1958493,0.0,0.0,30.0,0.0,0.0,0.0,0.0
8888,28.196032,0.0,0.0,30.0,0.0,0.0,0.0,0.0
8889,28.1962374,0.0,0.0,30.0,0.0,0.0,0.0,0.0
8890,28.1964669,0.0,0.0,30.0,0.0,0.0,0.0,0.0
8891,28.1967218,0.0,0.0,30.0,0.0,0.0,0.0,0.0
8892,28.1970037,0.0,0.0,30.0,0.0,0.0,0.0,0.0
8893,28.1973145,0.0,0.0,30.0,0.0,0.0,0.0,0.0
8894,28.1976559,0.0,0.0,30.0,0.0,0.0,0.0,0.0
8895,28.1980302,0.0,0.0,30.0,0.0,0.0,0.0,0.0
8896,28.1984397,0.0,0.0,30.0,0.0,0.0,0.0,0.0
8897,28.1988869,0.0,0.0,30.0,0.0,0.0,0.0,0.0
8898,28.1993746,0.0,0.0,30.0,0.0,0.0,0.0,0.0
8899,28.1999059,0.0,0.0,30.0,0.0,0.0,0.0,0.0
8900,28.2004841,0.0,0.0,30.0,0.0,0.0,0.0,0.0
8901,28.2011127,0.0,0.0,30.0,0.0,0.0,0.0,0.0
8902,28.2017957,0.0,0.0,30.0,0.0,0.0,0.0,0.0
8903,28.2025373,0.0,0.0,30.0,0.0,0.0,0.0,0.0
8904,28.2033422,0.0,0.0,30.0,0.0,0.0,0.0,0.0
8905,28.2042153,0.0,0.0,30.0,0.0,0.0,0.0,0.0
8906,28.2051621,0.0,0.0,30.0,0.0,0.0,0.0,0.0
8907,28.2061886,0.0,0.0,30.0,0.0,0.0,0.0,0.0
8908,28.207301,0.0,0.0,30.0,0.0,0.0,0.0,0.0
8909,28.2085063,0.0,0.0,30.0,0.0,0.0,0.0,0.0
8910,28.2098121,0.0,0.0,30.0,0.0,0.0,0.0,0.0
8911,28.2112264,0.0,0.0,30.0,0.0,0.0,0.0,0.0
8912,28.2127581,0.0,0.0,30.0,0.0,0.0,0.0,0.0
8913,28.2144167,0.0,0.0,30.0,0.0,0.0,0.0,0.0
8914,28.2162125,0.0,0.0,30.0,0.0,0.0,0.0,0.0
8915,28.2181567,0.0,0.0,30.0,0.0,0.0,0.0,0.0
8916,28.2202615,0.0,0.0,30.0,0.0,0.0,0.0,0.0
8917,28.2225399,0.0,0.0,30.0,0.0,0.0,0.0,0.0
8918,28.2250061,0.0,0.0,30.0,0.0,0.0,0.0,0.0
8919,28.2276754,0.0,0.0,30.0,0.0,0.0,0.0,0.0
8920,28.2305646,0.0,0.0,30.0,0.0,0.0,0.0,0.0
8921,28.2336916,0.0,0.0,30.0,0.0,0.0,0.0,0.0
8922,28.2370758,0.0,0.0,30.0,0.0,0.0,0.0,0.0
8923,28.2407384,0.0,0.0,30.0,0.0,0.0,0.0,0.0
8924,28.2447021,0.0,0.0,30.0,0.0,0.0,0.0,0.0
8925,28.2489917,0.0,0.0,30.0,0.0,0.0,0.0,0.0
8926,28.2536338,0.0,0.0,30.0,0.0,0.0,0.0,0.0
8927,28.2586573,0.0,0.0,30.0,0.0,0.0,0.0,0.0
8928,28.2640936,0.0,0.0,30.0,0.0,0.0,0.0,0.0
8929,28.2699765,0.0,0.0,30.0,0.0,0.0,0.0,0.0
8930,28.2763426,0.0,0.0,30.0,0.0,0.0,0.0,0.0
8931,28.2832315,0.0,0.0,30.0,0.0,0.0,0.0,0.0
8932,28.2906863,0.0,0.0,30.0,0.0,0.0,0.0,0.0
8933,28.2987532,0.0,0.0,30.0,0.0,0.0,0.0,0.0
8934,28.3074826,0.0,0.0,30.0,0.0,0.0,0.0,0.0
8935,28.3169287,0.0,0.0,30.0,0.0,0.0,0.0,0.0
8936,28.3271504,0.0,0.0,30.0,0.0,0.0,0.0,0.0
8937,28.3382114,0.0,0.0,30.0,0.0,0.0,0.0,0.0
8938,28.3501806,0.0,0.0,30.0,0.0,0.0,0.0,0.0
8939,28.3631324,0.0,0.0,30.0,0.0,0.0,0.0,0.0
8940,28.3771475,0.0,0.0,30.0,0.0,0.0,0.0,0.0
8941,28.3923132,0.0,0.0,30.0,0.0,0.0,0.0,0.0
8942,28.408724,0.0,0.0,30.0,0.0,0.0,0.0,0.0
8943,28.4264821,0.0,0.0,30.0,0.0,0.0,0.0,0.0
8944,28.4456979,0.0,0.0,30.0,0.0,0.0,0.0,0.0
8945,28.4664912,0.0,0.0,30.0,0.0,0.0,0.0,0.0
8946,28.4889914,0.0,0.0,30.0,0.0,0.0,0.0,0.0
8947,28.513339,0.0,0.0,30.0,0.0,0.0,0.0,0.0
8948,28.5396854,0.0,0.0,30.0,0.0,0.0,0.0,0.0
8949,28.568193,0.0,0.0,30.0,0.0,0.0,0.0,0.0
8950,28.5990402,0.0,0.0,30.0,0.0,0.0,0.0,0.0
8951,28.6324277,0.0,0.0,30.0,0.0,0.0,0.0,0.0
8952,28.6685583,0.0,0.0,30.0,0.0,0.0,0.0,0.0
8953,28.7076143,0.0,0.0,30.0,0.0,0.0,0.0,0.0
8954,28.749869,0.0,0.0,30.0,0.0,0.0,0.0,0.0
8955,28.7957942,0.0,0.0,30.0,0.0,0.0,0.0,0.0
8956,28.8455041,0.0,0.0,30.0,0.0,0.0,0.0,0.0
8957,28.8982912,0.0,0.0,30.0,0.0,0.0,0.0,0.0
8958,28.9554447,0.0,0.0,30.0,0.0,0.0,0.0,0.0
8959,29.0222659,0.0,0.0,30.0,0.0,0.0,0.0,0.0
8960,29.0938795,0.0,0.0,30.0,0.0,0.0,0.0,0.0
8961,29.1467485,0.0,0.0,30.0,0.0,0.0,0.0,0.0
8962,29.2100087,0.0,0.0,30.0,0.0,0.0,0.0,0.0
8963,29.4000252,0.0,0.0,30.0,0.0,0.0,0.0,0.0
8964,29.5627618,0.0,0.0,30.0,0.0,0.0,0.0,0.0
8965,29.1382372,0.0,0.0,30.0,0.0,0.0,0.0,0.0
8966,29.0148366,0.0,0.0,30.0,0.0,0.0,0.0,0.0
8967,29.9065178,0.0,0.0,30.0,0.0,0.0,0.0,0.0
8968,30.0,0.0,0.0,30.0,0.0,0.0,0.0,0.0
8969,30.0,0.0,0.0,30.0,0.0,0.0,0.0,0.0
8970,23.8911033,0.0,0.0,30.0,0.0,0.0,0.0,0.0
8971,23.6889134,0.0,0.0,30.0,0.0,0.0,0.0,0.0
8972,0.0,0.0,0.0,0.0,0.0,0.0,0.0,0.0
8973,30.0,0.0,0.0,4.17190152,0.0,0.0,0.0,0.0
8974,28.6297695,0.0,0.0,6.60148259,0.0,0.0,0.0,0.0
8975,0.0,0.0,0.0,16.68928,0.0,0.0,0.0,0.0
8976,0.0,0.0,0.0,21.8568074,0.0,0.0,0.0,0.0
8977,0.0,0.0,0.0,23.2967201,0.0,0.0,0.0,0.0
8978,0.0,0.0,0.0,23.7604688,0.0,0.0,0.0,0.0
8979,0.0,0.0,0.0,24.6293481,0.0,0.0,0.0,0.0
8980,0.0,0.0,0.0,25.4445645,0.0,0.0,0.0,0.0
8981,0.0,0.0,0.0,26.0144838,0.0,0.0,0.0,0.0
8982,0.0,0.0,0.0,26.4238771,0.0,0.0,0.0,0.0
8983,0.0,0.0,0.0,26.7067737,0.0,0.0,0.0,0.0
8984,0.0,0.0,0.0,26.8536249,0.0,0.0,0.0,0.0
8985,0.0,0.0,0.0,26.8618293,0.0,0.0,0.0,0.0
8986,0.0,0.0,0.0,26.7336019,0.0,0.0,0.0,0.0
8987,0.0,0.0,0.0,26.468907,0.0,0.0,0.0,0.0
8988,0.0,0.0,0.0,26.064076,0.0,0.0,0.0,0.0
8989,0.0,0.0,0.0,25.5086411,0.0,0.0,0.0,0.0
8990,0.0,0.0,0.0,24.7984215,0.0,0.0,0.0,0.0
8991,0.0,0.0,0.0,23.960887,0.0,0.0,0.0,0.0
8992,0.0,0.0,0.0,22.9653042,0.0,0.0,0.0,0.0
8993,0.0,0.0,0.0,21.5727075,0.0,0.0,0.0,0.0
8994,0.0,0.0,0.0,19.9394657,0.0,0.0,0.0,0.0
8995,0.0,0.0,0.0,19.4813227,0.0,0.0,0.0,0.0
8996,0.0,0.0,0.0,18.8378835,0.0,0.0,0.0,0.0
8997,0.0,0.0,0.0,8.98363264,0.0,0.0,0.0,0.0
8998,0.0,0.0,0.0,0.286356857,0.0,0.0,0.0,0.0
8999,0.0,0.0,0.0,4.89029842,0.0,0.0,0.0,0.0
9000,30.0,0.0,0.0,30.0,0.0,0.0,0.0,0.0
9001,30.0,0.0,0.0,30.0,0.0,0.0,0.0,0.0
9002,30.0,0.0,0.0,30.0,0.0,0.0,0.0,0.0
9003,30.0,0.0,0.0,30.0,0.0,0.0,0.0,0.0
9004,30.0,0.0,0.0,30.0,0.0,0.0,0.0,0.0
9005,30.0,0.0,0.0,30.0,0.0,0.0,0.0,0.0
9006,23.3787873,0.0,0.0,30.0,0.0,0.0,0.0,0.0
9007,17.938675,0.0,0.0,30.0,0.0,0.0,0.0,0.0
9008,14.6922641,0.0,0.0,30.0,0.0,0.0,0.0,0.0
9009,20.2529505,0.0,0.0,30.0,0.0,0.0,0.0,0.0
9010,24.4452667,0.0,0.0,30.0,0.0,0.0,0.0,0.0
9011,29.6732231,0.0,0.0,30.0,0.0,0.0,0.0,0.0
9012,30.0,0.0,0.0,30.0,0.0,0.0,0.0,0.0
9013,30.0,0.0,0.0,30.0,0.0,0.0,0.0,0.0
9014,30.0,0.0,0.0,30.0,0.0,0.0,0.0,0.0
9015,30.0,0.0,0.0,30.0,0.0,0.0,0.0,0.0
9016,30.0,0.0,0.0,30.0,0.0,0.0,0.0,0.0
9017,30.0,0.0,0.0,30.0,0.0,0.0,0.0,0.0
9018,30.0,0.0,0.0,30.0,0.0,0.0,0.0,0.0
9019,30.0,0.0,0.0,30.0,0.0,0.0,0.0,0.0
9020,28.8659729,0.0,0.0,30.0,0.0,0.0,0.0,0.0
9021,28.8891927,0.0,0.0,30.0,0.0,0.0,0.0,0.0
9022,29.0168359,0.0,0.0,30.0,0.0,0.0,0.0,0.0
9023,28.598468,0.0,0.0,30.0,0.0,0.0,0.0,0.0
9024,28.5493318,0.0,0.0,30.0,0.0,0.0,0.0,0.0
9025,28.5940176,0.0,0.0,30.0,0.0,0.0,0.0,0.0
9026,28.5657193,0.0,0.0,30.0,0.0,0.0,0.0,0.0
9027,28.5228926,0.0,0.0,30.0,0.0,0.0,0.0,0.0
9028,28.4976939,0.0,0.0,30.0,0.0,0.0,0.0,0.0
9029,28.4774592,0.0,0.0,30.0,0.0,0.0,0.0,0.0
9030,28.4557971,0.0,0.0,30.0,0.0,0.0,0.0,0.0
9031,28.4352267,0.0,0.0,30.0,0.0,0.0,0.0,0.0
9032,28.4168255,0.0,0.0,30.0,0.0,0.0,0.0,0.0
9033,28.3999185,0.0,0.0,30.0,0.0,0.0,0.0,0.0
9034,28.3841694,0.0,0.0,30.0,0.0,0.0,0.0,0.0
9035,28.3695979,0.0,0.0,30.0,0.0,0.0,0.0,0.0
9036,28.3561575,0.0,0.0,30.0,0.0,0.0,0.0,0.0
9037,28.3437397,0.0,0.0,30.0,0.0,0.0,0.0,0.0
9038,28.3322589,0.0,0.0,30.0,0.0,0.0,0.0,0.0
9039,28.3216486,0.0,0.0,30.0,0.0,0.0,0.0,0.0
9040,28.3118445,0.0,0.0,30.0,0.0,0.0,0.0,0.0
9041,28.3027843,0.0,0.0,30.0,0.0,0.0,0.0,0.0
9042,28.2944114,0.0,0.0,30.0,0.0,0.0,0.0,0.0
9043,28.2866739,0.0,0.0,30.0,0.0,0.0,0.0,0.0
9044,28.2795236,0.0,0.0,30.0,0.0,0.0,0.0,0.0
9045,28.272916,0.0,0.0,30.0,0.0,0.0,0.0,0.0
9046,28.2668098,0.0,0.0,30.0,0.0,0.0,0.0,0.0
9047,28.2611672,0.0,0.0,30.0,0.0,0.0,0.0,0.0
9048,28.2559529,0.0,0.0,30.0,0.0,0.0,0.0,0.0
9049,28.2511344,0.0,0.0,30.0,0.0,0.0,0.0,0.0
9050,28.2466819,0.0,0.0,30.0,0.0,0.0,0.0,0.0
9051,28.2425675,0.0,0.0,30.0,0.0,0.0,0.0,0.0
9052,28.2387656,0.0,0.0,30.0,0.0,0.0,0.0,0.0
9053,28.2352526,0.0,0.0,30.0,0.0,0.0,0.0,0.0
9054,28.2320066,0.0,0.0,30.0,0.0,0.0,0.0,0.0
9055,28.2290073,0.0,0.0,30.0,0.0,0.0,0.0,0.0
9056,28.2262361,0.0,0.0,30.0,0.0,0.0,0.0,0.0
9057,28.2236757,0.0,0.0,30.0,0.0,0.0,0.0,0.0
9058,28.2213103,0.0,0.0,30.0,0.0,0.0,0.0,0.0
9059,28.2191249,0.0,0.0,30.0,0.0,0.0,0.0,0.0
9060,28.2171062,0.0,0.0,30.0,0.0,0.0,0.0,0.0
9061,28.2152414,0.0,0.0,30.0,0.0,0.0,0.0,0.0
9062,28.213519,0.0,0.0,30.0,0.0,0.0,0.0,0.0
9063,28.2119282,0.0,0.0,30.0,0.0,0.0,0.0,0.0
9064,28.2104591,0.0,0.0,30.0,0.0,0.0,0.0,0.0
9065,28.2091026,0.0,0.0,30.0,0.0,0.0,0.0,0.0
9066,28.2078503,0.0,0.0,30.0,0.0,0.0,0.0,0.0
9067,28.2066943,0.0,0.0,30.0,0.0,0.0,0.0,0.0
9068,28.2056274,0.0,0.0,30.0,0.0,0.0,0.0,0.0
9069,28.2046431,0.0,0.0,30.0,0.0,0.0,0.0,0.0
9070,28.203735,0.0,0.0,30.0,0.0,0.0,0.0,0.0
9071,28.2028978,0.0,0.0,30.0,0.0,0.0,0.0,0.0
9072,28.202126,0.0,0.0,30.0,0.0,0.0,0.0,0.0
9073,28.2014148,0.0,0.0,30.0,0.0,0.0,0.0,0.0
9074,28.20076,0.0,0.0,30.0,0.0,0.0,0.0,0.0
9075,28.2001573,0.0,0.0,30.0,0.0,0.0,0.0,0.0
9076,28.1996031,0.0,0.0,30.0,0.0,0.0,0.0,0.0
9077,28.1990938,0.0,0.0,30.0,0.0,0.0,0.0,0.0
9078,28.1986264,0.0,0.0,30.0,0.0,0.0,0.0,0.0
9079,28.1981978,0.0,0.0,30.0,0.0,0.0,0.0,0.0
9080,28.1978055,0.0,0.0,30.0,0.0,0.0,0.0,0.0
9081,28.1974469,0.0,0.0,30.0,0.0,0.0,0.0,0.0
9082,28.1971199,0.0,0.0,30.0,0.0,0.0,0.0,0.0
9083,28.1968225,0.0,0.0,30.0,0.0,0.0,0.0,0.0
9084,28.1965526,0.0,0.0,30.0,0.0,0.0,0.0,0.0
9085,28.1963088,0.0,0.0,30.0,0.0,0.0,0.0,0.0
9086,28.1960894,0.0,0.0,30.0,0.0,0.0,0.0,0.0
9087,28.1958931,0.0,0.0,30.0,0.0,0.0,0.0,0.0
9088,28.1957187,0.0,0.0,30.0,0.0,0.0,0.0,0.0
9089,28.1955651,0.0,0.0,30.0,0.0,0.0,0.0,0.0
9090,28.1954313,0.0,0.0,30.0,0.0,0.0,0.0,0.0
9091,28.1953165,0.0,0.0,30.0,0.0,0.0,0.0,0.0
9092,28.1952199,0.0,0.0,30.0,0.0,0.0,0.0,0.0
9093,28.1951411,0.0,0.0,30.0,0.0,0.0,0.0,0.0
9094,28.1950794,0.0,0.0,30.0,0.0,0.0,0.0,0.0
9095,28.1950346,0.0,0.0,30.0,0.0,0.0,0.0,0.0
9096,28.1950063,0.0,0.0,30.0,0.0,0.0,0.0,0.0
9097,28.1949943,0.0,0.0,30.0,0.0,0.0,0.0,0.0
9098,28.1949986,0.0,0.0,30.0,0.0,0.0,0.0,0.0
9099,28.1950192,0.0,0.0,30.0,0.0,0.0,0.0,0.0
9100,28.1950562,0.0,0.0,30.0,0.0,0.0,0.0,0.0
9101,28.1951099,0.0,0.0,30.0,0.0,0.0,0.0,0.0
9102,28.1951806,0.0,0.0,30.0,0.0,0.0,0.0,0.0
9103,28.1952687,0.0,0.0,30.0,0.0,0.0,0.0,0.0
9104,28.1953748,0.0,0.0,30.0,0.0,0.0,0.0,0.0
9105,28.1954995,0.0,0.0,30.0,0.0,0.0,0.0,0.0
9106,28.1956437,0.0,0.0,30.0,0.0,0.0,0.0,0.0
9107,28.1958082,0.0,0.0,30.0,0.0,0.0,0.0,0.0
9108,28.195994,0.0,0.0,30.0,0.0,0.0,0.0,0.0
9109,28.1962023,0.0,0.0,30.0,0.0,0.0,0.0,0.0
9110,28.1964344,0.0,0.0,30.0,0.0,0.0,0.0,0.0
9111,28.1966918,0.0,0.0,30.0,0.0,0.0,0.0,0.0
9112,28.196976,0.0,0.0,30.0,0.0,0.0,0.0,0.0
9113,28.1972888,0.0,0.0,30.0,0.0,0.0,0.0,0.0
9114,28.1976322,0.0,0.0,30.0,0.0,0.0,0.0,0.0
9115,28.1980083,0.0,0.0,30.0,0.0,0.0,0.0,0.0
9116,28.1984195,0.0,0.0,30.0,0.0,0.0,0.0,0.0
9117,28.1988682,0.0,0.0,30.0,0.0,0.0,0.0,0.0
9118,28.1993574,0.0,0.0,30.0,0.0,0.0,0.0,0.0
9119,28.1998899,0.0,0.0,30.0,0.0,0.0,0.0,0.0
9120,28.2004693,0.0,0.0,30.0,0.0,0.0,0.0,0.0
9121,28.201099,0.0,0.0,30.0,0.0,0.0,0.0,0.0
9122,28.2017831,0.0,0.0,30.0,0.0,0.0,0.0,0.0
9123,28.2025256,0.0,0.0,30.0,0.0,0.0,0.0,0.0
9124,28.2033314,0.0,0.0,30.0,0.0,0.0,0.0,0.0
9125,28.2042053,0.0,0.0,30.0,0.0,0.0,0.0,0.0
9126,28.2051529,0.0,0.0,30.0,0.0,0.0,0.0,0.0
9127,28.2061801,0.0,0.0,30.0,0.0,0.0,0.0,0.0
9128,28.2072931,0.0,0.0,30.0,0.0,0.0,0.0,0.0
9129,28.2084991,0.0,0.0,30.0,0.0,0.0,0.0,0.0
9130,28.2098054,0.0,0.0,30.0,0.0,0.0,0.0,0.0
9131,28.2112202,0.0,0.0,30.0,0.0,0.0,0.0,0.0
9132,28.2127523,0.0,0.0,30.0,0.0,0.0,0.0,0.0
9133,28.2144114,0.0,0.0,30.0,0.0,0.0,0.0,0.0
9134,28.2162076,0.0,0.0,30.0,0.0,0.0,0.0,0.0
9135,28.2181522,0.0,0.0,30.0,0.0,0.0,0.0,0.0
9136,28.2202573,0.0,0.0,30.0,0.0,0.0,0.0,0.0
9137,28.222536,0.0,0.0,30.0,0.0,0.0,0.0,0.0
9138,28.2250025,0.0,0.0,30.0,0.0,0.0,0.0,0.0
9139,28.2276721,0.0,0.0,30.0,0.0,0.0,0.0,0.0
9140,28.2305616,0.0,0.0,30.0,0.0,0.0,0.0,0.0
9141,28.2336888,0.0,0.0,30.0,0.0,0.0,0.0,0.0
9142,28.2370732,0.0,0.0,30.0,0.0,0.0,0.0,0.0
9143,28.240736,0.0,0.0,30.0,0.0,0.0,0.0,0.0
9144,28.2446999,0.0,0.0,30.0,0.0,0.0,0.0,0.0
9145,28.2489896,0.0,0.0,30.0,0.0,0.0,0.0,0.0
9146,28.2536319,0.0,0.0,30.0,0.0,0.0,0.0,0.0
9147,28.2586556,0.0,0.0,30.0,0.0,0.0,0.0,0.0
9148,28.264092,0.0,0.0,30.0,0.0,0.0,0.0,0.0
9149,28.269975,0.0,0.0,30.0,0.0,0.0,0.0,0.0
9150,28.2763412,0.0,0.0,30.0,0.0,0.0,0.0,0.0
9151,28.2832303,0.0,0.0,30.0,0.0,0.0,0.0,0.0
9152,28.2906851,0.0,0.0,30.0,0.0,0.0,0.0,0.0
9153,28.2987521,0.0,0.0,30.0,0.0,0.0,0.0,0.0
9154,28.3074815,0.0,0.0,30.0,0.0,0.0,0.0,0.0
9155,28.3169277,0.0,0.0,30.0,0.0,0.0,0.0,0.0
9156,28.3271496,0.0,0.0,30.0,0.0,0.0,0.0,0.0
9157,28.3382106,0.0,0.0,30.0,0.0,0.0,0.0,0.0
9158,28.3501798,0.0,0.0,30.0,0.0,0.0,0.0,0.0
9159,28.3631317,0.0,0.0,30.0,0.0,0.0,0.0,0.0
9160,28.3771469,0.0,0.0,30.0,0.0,0.0,0.0,0.0
9161,28.3923127,0.0,0.0,30.0,0.0,0.0,0.0,0.0
9162,28.4087235,0.0,0.0,30.0,0.0,0.0,0.0,0.0
9163,28.4264816,0.0,0.0,30.0,0.0,0.0,0.0,0.0
9164,28.4456975,0.0,0.0,30.0,0.0,0.0,0.0,0.0
9165,28.4664908,0.0,0.0,30.0,0.0,0.0,0.0,0.0
9166,28.488991,0.0,0.0,30.0,0.0,0.0,0.0,0.0
9167,28.5133386,0.0,0.0,30.0,0.0,0.0,0.0,0.0
9168,28.5396851,0.0,0.0,30.0,0.0,0.0,0.0,0.0
9169,28.5681927,0.0,0.0,30.0,0.0,0.0,0.0,0.0
9170,28.5990399,0.0,0.0,30.0,0.0,0.0,0.0,0.0
9171,28.6324274,0.0,0.0,30.0,0.0,0.0,0.0,0.0
9172,28.668558,0.0,0.0,30.0,0.0,0.0,0.0,0.0
9173,28.707614,0.0,0.0,30.0,0.0,0.0,0.0,0.0
9174,28.7498688,0.0,0.0,30.0,0.0,0.0,0.0,0.0
9175,28.795794,0.0,0.0,30.0,0.0,0.0,0.0,0.0
9176,28.8455039,0.0,0.0,30.0,0.0,0.0,0.0,0.0
9177,28.8982911,0.0,0.0,30.0,0.0,0.0,0.0,0.0
9178,28.9554446,0.0,0.0,30.0,0.0,0.0,0.0,0.0
9179,29.0222657,0.0,0.0,30.0,0.0,0.0,0.0,0.0
9180,29.0938794,0.0,0.0,30.0,0.0,0.0,0.0,0.0
9181,29.1467484,0.0,0.0,30.0,0.0,0.0,0.0,0.0
9182,29.2100086,0.0,0.0,30.0,0.0,0.0,0.0,0.0
9183,29.4000251,0.0,0.0,30.0,0.0,0.0,0.0,0.0
9184,29.5627617,0.0,0.0,30.0,0.0,0.0,0.0,0.0
9185,29.1382371,0.0,0.0,30.0,0.0,0.0,0.0,0.0
9186,29.0148365,0.0,0.0,30.0,0.0,0.0,0.0,0.0
9187,29.9065178,0.0,0.0,30.0,0.0,0.0,0.0,0.0
9188,30.0,0.0,0.0,30.0,0.0,0.0,0.0,0.0
9189,30.0,0.0,0.0,30.0,0.0,0.0,0.0,0.0
9190,23.891103,0.0,0.0,30.0,0.0,0.0,0.0,0.0
9191,23.6889133,0.0,0.0,30.0,0.0,0.0,0.0,0.0
9192,0.0,0.0,0.0,0.0,0.0,0.0,0.0,0.0
9193,30.0,0.0,0.0,4.91746217,0.0,0.0,0.0,0.0
9194,30.0,0.0,0.0,7.02734753,0.0,0.0,0.0,0.0
9195,0.0,0.0,0.0,17.7123086,0.0,0.0,0.0,0.0
9196,0.0,0.0,0.0,23.2690326,0.0,0.0,0.0,0.0
9197,0.0,0.0,0.0,24.9543813,0.0,0.0,0.0,0.0
9198,0.0,0.0,0.0,25.6476614,0.0,0.0,0.0,0.0
9199,0.0,0.0,0.0,26.7895881,0.0,0.0,0.0,0.0
9200,0.0,0.0,0.0,27.8833453,0.0,0.0,0.0,0.0
9201,0.0,0.0,0.0,28.7946574,0.0,0.0,0.0,0.0
9202,0.0,0.0,0.0,29.5475471,0.0,0.0,0.0,0.0
9203,0.245962814,0.0,0.0,30.0,0.0,0.0,0.0,0.0
9204,1.82204195,0.0,0.0,30.0,0.0,0.0,0.0,0.0
9205,3.26785546,0.0,0.0,30.0,0.0,0.0,0.0,0.0
9206,4.42209102,0.0,0.0,30.0,0.0,0.0,0.0,0.0
9207,5.48665639,0.0,0.0,30.0,0.0,0.0,0.0,0.0
9208,6.43194524,0.0,0.0,30.0,0.0,0.0,0.0,0.0
9209,7.22820961,0.0,0.0,30.0,0.0,0.0,0.0,0.0
9210,7.90083332,0.0,0.0,30.0,0.0,0.0,0.0,0.0
9211,8.45522311,0.0,0.0,30.0,0.0,0.0,0.0,0.0
9212,8.82961504,0.0,0.0,30.0,0.0,0.0,0.0,0.0
9213,9.06139976,0.0,0.0,30.0,0.0,0.0,0.0,0.0
9214,9.46393162,0.0,0.0,30.0,0.0,0.0,0.0,0.0
9215,9.82589935,0.0,0.0,30.0,0.0,0.0,0.0,0.0
9216,8.62599752,0.0,0.0,30.0,0.0,0.0,0.0,0.0
9217,7.07988632,0.0,0.0,30.0,0.0,0.0,0.0,0.0
9218,12.6433407,0.0,0.0,30.0,0.0,0.0,0.0,0.0
9219,17.3894464,0.0,0.0,30.0,0.0,0.0,0.0,0.0
9220,20.6362496,0.0,0.0,30.0,0.0,0.0,0.0,0.0
9221,24.5489436,0.0,0.0,30.0,0.0,0.0,0.0,0.0
9222,26.6128704,0.0,0.0,30.0,0.0,0.0,0.0,0.0
9223,27.639306,0.0,0.0,30.0,0.0,0.0,0.0,0.0
9224,27.4421145,0.0,0.0,30.0,0.0,0.0,0.0,0.0
9225,28.4155962,0.0,0.0,30.0,0.0,0.0,0.0,0.0
9226,29.0979471,0.0,0.0,30.0,0.0,0.0,0.0,0.0
9227,30.0,0.0,0.0,30.0,0.0,0.0,0.0,0.0
9228,30.0,0.0,0.0,30.0,0.0,0.0,0.0,0.0
9229,30.0,0.0,0.0,30.0,0.0,0.0,0.0,0.0
9230,30.0,0.0,0.0,30.0,0.0,0.0,0.0,0.0
9231,30.0,0.0,0.0,30.0,0.0,0.0,0.0,0.0
9232,30.0,0.0,0.0,30.0,0.0,0.0,0.0,0.0
9233,30.0,0.0,0.0,30.0,0.0,0.0,0.0,0.0
9234,30.0,0.0,0.0,30.0,0.0,0.0,0.0,0.0
9235,30.0,0.0,0.0,30.0,0.0,0.0,0.0,0.0
9236,30.0,0.0,0.0,30.0,0.0,0.0,0.0,0.0
9237,30.0,0.0,0.0,30.0,0.0,0.0,0.0,0.0
9238,30.0,0.0,0.0,30.0,0.0,0.0,0.0,0.0
9239,30.0,0.0,0.0,30.0,0.0,0.0,0.0,0.0
9240,29.2993319,0.0,0.0,30.0,0.0,0.0,0.0,0.0
9241,29.2606855,0.0,0.0,30.0,0.0,0.0,0.0,0.0
9242,29.3141329,0.0,0.0,30.0,0.0,0.0,0.0,0.0
9243,29.0519569,0.0,0.0,30.0,0.0,0.0,0.0,0.0
9244,28.9685482,0.0,0.0,30.0,0.0,0.0,0.0,0.0
9245,28.9455798,0.0,0.0,30.0,0.0,0.0,0.0,0.0
9246,28.8913479,0.0,0.0,30.0,0.0,0.0,0.0,0.0
9247,28.8310276,0.0,0.0,30.0,0.0,0.0,0.0,0.0
9248,28.7821517,0.0,0.0,30.0,0.0,0.0,0.0,0.0
9249,28.7388925,0.0,0.0,30.0,0.0,0.0,0.0,0.0
9250,28.6974901,0.0,0.0,30.0,0.0,0.0,0.0,0.0
9251,28.6588745,0.0,0.0,30.0,0.0,0.0,0.0,0.0
9252,28.6234829,0.0,0.0,30.0,0.0,0.0,0.0,0.0
9253,28.5908413,0.0,0.0,30.0,0.0,0.0,0.0,0.0
9254,28.5606151,0.0,0.0,30.0,0.0,0.0,0.0,0.0
9255,28.5326702,0.0,0.0,30.0,0.0,0.0,0.0,0.0
9256,28.5068578,0.0,0.0,30.0,0.0,0.0,0.0,0.0
9257,28.4830057,0.0,0.0,30.0,0.0,0.0,0.0,0.0
9258,28.4609606,0.0,0.0,30.0,0.0,0.0,0.0,0.0
9259,28.4405876,0.0,0.0,30.0,0.0,0.0,0.0,0.0
9260,28.4217608,0.0,0.0,30.0,0.0,0.0,0.0,0.0
9261,28.4043624,0.0,0.0,30.0,0.0,0.0,0.0,0.0
9262,28.3882839,0.0,0.0,30.0,0.0,0.0,0.0,0.0
9263,28.3734253,0.0,0.0,30.0,0.0,0.0,0.0,0.0
9264,28.3596942,0.0,0.0,30.0,0.0,0.0,0.0,0.0
9265,28.3470048,0.0,0.0,30.0,0.0,0.0,0.0,0.0
9266,28.3352784,0.0,0.0,30.0,0.0,0.0,0.0,0.0
9267,28.3244418,0.0,0.0,30.0,0.0,0.0,0.0,0.0
9268,28.3144275,0.0,0.0,30.0,0.0,0.0,0.0,0.0
9269,28.3051733,0.0,0.0,30.0,0.0,0.0,0.0,0.0
9270,28.2966214,0.0,0.0,30.0,0.0,0.0,0.0,0.0
9271,28.2887186,0.0,0.0,30.0,0.0,0.0,0.0,0.0
9272,28.2814158,0.0,0.0,30.0,0.0,0.0,0.0,0.0
9273,28.2746673,0.0,0.0,30.0,0.0,0.0,0.0,0.0
9274,28.2684313,0.0,0.0,30.0,0.0,0.0,0.0,0.0
9275,28.2626689,0.0,0.0,30.0,0.0,0.0,0.0,0.0
9276,28.2573442,0.0,0.0,30.0,0.0,0.0,0.0,0.0
9277,28.252424,0.0,0.0,30.0,0.0,0.0,0.0,0.0
9278,28.2478777,0.0,0.0,30.0,0.0,0.0,0.0,0.0
9279,28.243677,0.0,0.0,30.0,0.0,0.0,0.0,0.0
9280,28.2397957,0.0,0.0,30.0,0.0,0.0,0.0,0.0
9281,28.2362097,0.0,0.0,30.0,0.0,0.0,0.0,0.0
9282,28.2328967,0.0,0.0,30.0,0.0,0.0,0.0,0.0
9283,28.2298359,0.0,0.0,30.0,0.0,0.0,0.0,0.0
9284,28.2270084,0.0,0.0,30.0,0.0,0.0,0.0,0.0
9285,28.2243965,0.0,0.0,30.0,0.0,0.0,0.0,0.0
9286,28.221984,0.0,0.0,30.0,0.0,0.0,0.0,0.0
9287,28.2197558,0.0,0.0,30.0,0.0,0.0,0.0,0.0
9288,28.2176981,0.0,0.0,30.0,0.0,0.0,0.0,0.0
9289,28.215798,0.0,0.0,30.0,0.0,0.0,0.0,0.0
9290,28.2140438,0.0,0.0,30.0,0.0,0.0,0.0,0.0
9291,28.2124245,0.0,0.0,30.0,0.0,0.0,0.0,0.0
9292,28.21093,0.0,0.0,30.0,0.0,0.0,0.0,0.0
9293,28.209551,0.0,0.0,30.0,0.0,0.0,0.0,0.0
9294,28.208279,0.0,0.0,30.0,0.0,0.0,0.0,0.0
9295,28.2071059,0.0,0.0,30.0,0.0,0.0,0.0,0.0
9296,28.2060246,0.0,0.0,30.0,0.0,0.0,0.0,0.0
9297,28.2050282,0.0,0.0,30.0,0.0,0.0,0.0,0.0
9298,28.2041106,0.0,0.0,30.0,0.0,0.0,0.0,0.0
9299,28.203266,0.0,0.0,30.0,0.0,0.0,0.0,0.0
9300,28.2024892,0.0,0.0,30.0,0.0,0.0,0.0,0.0
9301,28.2017753,0.0,0.0,30.0,0.0,0.0,0.0,0.0
9302,28.20112,0.0,0.0,30.0,0.0,0.0,0.0,0.0
9303,28.200519,0.0,0.0,30.0,0.0,0.0,0.0,0.0
9304,28.1999688,0.0,0.0,30.0,0.0,0.0,0.0,0.0
9305,28.1994658,0.0,0.0,30.0,0.0,0.0,0.0,0.0
9306,28.1990069,0.0,0.0,30.0,0.0,0.0,0.0,0.0
9307,28.1985893,0.0,0.0,30.0,0.0,0.0,0.0,0.0
9308,28.1982104,0.0,0.0,30.0,0.0,0.0,0.0,0.0
9309,28.1978677,0.0,0.0,30.0,0.0,0.0,0.0,0.0
9310,28.1975592,0.0,0.0,30.0,0.0,0.0,0.0,0.0
9311,28.197283,0.0,0.0,30.0,0.0,0.0,0.0,0.0
9312,28.1970373,0.0,0.0,30.0,0.0,0.0,0.0,0.0
9313,28.1968206,0.0,0.0,30.0,0.0,0.0,0.0,0.0
9314,28.1966315,0.0,0.0,30.0,0.0,0.0,0.0,0.0
9315,28.1964689,0.0,0.0,30.0,0.0,0.0,0.0,0.0
9316,28.1963318,0.0,0.0,30.0,0.0,0.0,0.0,0.0
9317,28.1962193,0.0,0.0,30.0,0.0,0.0,0.0,0.0
9318,28.1961306,0.0,0.0,30.0,0.0,0.0,0.0,0.0
9319,28.1960653,0.0,0.0,30.0,0.0,0.0,0.0,0.0
9320,28.196023,0.0,0.0,30.0,0.0,0.0,0.0,0.0
9321,28.1960033,0.0,0.0,30.0,0.0,0.0,0.0,0.0
9322,28.1960062,0.0,0.0,30.0,0.0,0.0,0.0,0.0
9323,28.1960317,0.0,0.0,30.0,0.0,0.0,0.0,0.0
9324,28.1960799,0.0,0.0,30.0,0.0,0.0,0.0,0.0
9325,28.1961512,0.0,0.0,30.0,0.0,0.0,0.0,0.0
9326,28.1962459,0.0,0.0,30.0,0.0,0.0,0.0,0.0
9327,28.1963647,0.0,0.0,30.0,0.0,0.0,0.0,0.0
9328,28.1965083,0.0,0.0,30.0,0.0,0.0,0.0,0.0
9329,28.1966776,0.0,0.0,30.0,0.0,0.0,0.0,0.0
9330,28.1968737,0.0,0.0,30.0,0.0,0.0,0.0,0.0
9331,28.1970977,0.0,0.0,30.0,0.0,0.0,0.0,0.0
9332,28.1973511,0.0,0.0,30.0,0.0,0.0,0.0,0.0
9333,28.1976355,0.0,0.0,30.0,0.0,0.0,0.0,0.0
9334,28.1979526,0.0,0.0,30.0,0.0,0.0,0.0,0.0
9335,28.1983044,0.0,0.0,30.0,0.0,0.0,0.0,0.0
9336,28.1986931,0.0,0.0,30.0,0.0,0.0,0.0,0.0
9337,28.199121,0.0,0.0,30.0,0.0,0.0,0.0,0.0
9338,28.199591,0.0,0.0,30.0,0.0,0.0,0.0,0.0
9339,28.2001059,0.0,0.0,30.0,0.0,0.0,0.0,0.0
9340,28.2006688,0.0,0.0,30.0,0.0,0.0,0.0,0.0
9341,28.2012834,0.0,0.0,30.0,0.0,0.0,0.0,0.0
9342,28.2019535,0.0,0.0,30.0,0.0,0.0,0.0,0.0
9343,28.2026831,0.0,0.0,30.0,0.0,0.0,0.0,0.0
9344,28.2034769,0.0,0.0,30.0,0.0,0.0,0.0,0.0
9345,28.2043398,0.0,0.0,30.0,0.0,0.0,0.0,0.0
9346,28.2052772,0.0,0.0,30.0,0.0,0.0,0.0,0.0
9347,28.2062949,0.0,0.0,30.0,0.0,0.0,0.0,0.0
9348,28.2073993,0.0,0.0,30.0,0.0,0.0,0.0,0.0
9349,28.2085971,0.0,0.0,30.0,0.0,0.0,0.0,0.0
9350,28.209896,0.0,0.0,30.0,0.0,0.0,0.0,0.0
9351,28.211304,0.0,0.0,30.0,0.0,0.0,0.0,0.0
9352,28.2128298,0.0,0.0,30.0,0.0,0.0,0.0,0.0
9353,28.2144829,0.0,0.0,30.0,0.0,0.0,0.0,0.0
9354,28.2162737,0.0,0.0,30.0,0.0,0.0,0.0,0.0
9355,28.2182133,0.0,0.0,30.0,0.0,0.0,0.0,0.0
9356,28.2203137,0.0,0.0,30.0,0.0,0.0,0.0,0.0
9357,28.2225882,0.0,0.0,30.0,0.0,0.0,0.0,0.0
9358,28.2250507,0.0,0.0,30.0,0.0,0.0,0.0,0.0
9359,28.2277167,0.0,0.0,30.0,0.0,0.0,0.0,0.0
9360,28.2306027,0.0,0.0,30.0,0.0,0.0,0.0,0.0
9361,28.2337268,0.0,0.0,30.0,0.0,0.0,0.0,0.0
9362,28.2371084,0.0,0.0,30.0,0.0,0.0,0.0,0.0
9363,28.2407685,0.0,0.0,30.0,0.0,0.0,0.0,0.0
9364,28.2447299,0.0,0.0,30.0,0.0,0.0,0.0,0.0
9365,28.2490174,0.0,0.0,30.0,0.0,0.0,0.0,0.0
9366,28.2536575,0.0,0.0,30.0,0.0,0.0,0.0,0.0
9367,28.2586792,0.0,0.0,30.0,0.0,0.0,0.0,0.0
9368,28.2641139,0.0,0.0,30.0,0.0,0.0,0.0,0.0
9369,28.2699952,0.0,0.0,30.0,0.0,0.0,0.0,0.0
9370,28.2763599,0.0,0.0,30.0,0.0,0.0,0.0,0.0
9371,28.2832475,0.0,0.0,30.0,0.0,0.0,0.0,0.0
9372,28.2907011,0.0,0.0,30.0,0.0,0.0,0.0,0.0
9373,28.2987669,0.0,0.0,30.0,0.0,0.0,0.0,0.0
9374,28.3074952,0.0,0.0,30.0,0.0,0.0,0.0,0.0
9375,28.3169403,0.0,0.0,30.0,0.0,0.0,0.0,0.0
9376,28.3271612,0.0,0.0,30.0,0.0,0.0,0.0,0.0
9377,28.3382214,0.0,0.0,30.0,0.0,0.0,0.0,0.0
9378,28.3501897,0.0,0.0,30.0,0.0,0.0,0.0,0.0
9379,28.3631409,0.0,0.0,30.0,0.0,0.0,0.0,0.0
9380,28.3771553,0.0,0.0,30.0,0.0,0.0,0.0,0.0
9381,28.3923205,0.0,0.0,30.0,0.0,0.0,0.0,0.0
9382,28.4087307,0.0,0.0,30.0,0.0,0.0,0.0,0.0
9383,28.4264882,0.0,0.0,30.0,0.0,0.0,0.0,0.0
9384,28.4457036,0.0,0.0,30.0,0.0,0.0,0.0,0.0
9385,28.4664965,0.0,0.0,30.0,0.0,0.0,0.0,0.0
9386,28.4889962,0.0,0.0,30.0,0.0,0.0,0.0,0.0
9387,28.5133435,0.0,0.0,30.0,0.0,0.0,0.0,0.0
9388,28.5396896,0.0,0.0,30.0,0.0,0.0,0.0,0.0
9389,28.5681969,0.0,0.0,30.0,0.0,0.0,0.0,0.0
9390,28.5990437,0.0,0.0,30.0,0.0,0.0,0.0,0.0
9391,28.6324309,0.0,0.0,30.0,0.0,0.0,0.0,0.0
9392,28.6685613,0.0,0.0,30.0,0.0,0.0,0.0,0.0
9393,28.707617,0.0,0.0,30.0,0.0,0.0,0.0,0.0
9394,28.7498715,0.0,0.0,30.0,0.0,0.0,0.0,0.0
9395,28.7957965,0.0,0.0,30.0,0.0,0.0,0.0,0.0
9396,28.8455062,0.0,0.0,30.0,0.0,0.0,0.0,0.0
9397,28.8982932,0.0,0.0,30.0,0.0,0.0,0.0,0.0
9398,28.9554465,0.0,0.0,30.0,0.0,0.0,0.0,0.0
9399,29.0222675,0.0,0.0,30.0,0.0,0.0,0.0,0.0
9400,29.093881,0.0,0.0,30.0,0.0,0.0,0.0,0.0
9401,29.1467499,0.0,0.0,30.0,0.0,0.0,0.0,0.0
9402,29.21001,0.0,0.0,30.0,0.0,0.0,0.0,0.0
9403,29.4000264,0.0,0.0,30.0,0.0,0.0,0.0,0.0
9404,29.5627629,0.0,0.0,30.0,0.0,0.0,0.0,0.0
9405,29.138238,0.0,0.0,30.0,0.0,0.0,0.0,0.0
9406,29.0148375,0.0,0.0,30.0,0.0,0.0,0.0,0.0
9407,29.9065188,0.0,0.0,30.0,0.0,0.0,0.0,0.0
9408,30.0,0.0,0.0,30.0,0.0,0.0,0.0,0.0
9409,30.0,0.0,0.0,30.0,0.0,0.0,0.0,0.0
9410,23.8911061,0.0,0.0,30.0,0.0,0.0,0.0,0.0
9411,23.6889154,0.0,0.0,30.0,0.0,0.0,0.0,0.0
9412,0.0,0.0,0.0,0.0,0.0,0.0,0.0,0.0
9413,30.0,0.0,0.0,4.3794725,0.0,0.0,0.0,0.0
9414,30.0,0.0,0.0,6.38062664,0.0,0.0,0.0,0.0
9415,0.0,0.0,0.0,17.0023289,0.0,0.0,0.0,0.0
9416,0.0,0.0,0.0,22.276036,0.0,0.0,0.0,0.0
9417,0.0,0.0,0.0,23.7845316,0.0,0.0,0.0,0.0
9418,0.0,0.0,0.0,24.3122878,0.0,0.0,0.0,0.0
9419,0.0,0.0,0.0,25.2589556,0.0,0.0,0.0,0.0
9420,0.0,0.0,0.0,26.1607796,0.0,0.0,0.0,0.0
9421,0.0,0.0,0.0,26.8245704,0.0,0.0,0.0,0.0
9422,0.0,0.0,0.0,27.3371807,0.0,0.0,0.0,0.0
9423,0.0,0.0,0.0,27.7342179,0.0,0.0,0.0,0.0
9424,0.0,0.0,0.0,28.0073367,0.0,0.0,0.0,0.0
9425,0.0,0.0,0.0,28.1554345,0.0,0.0,0.0,0.0
9426,0.0,0.0,0.0,28.1822492,0.0,0.0,0.0,0.0
9427,0.0,0.0,0.0,28.0891725,0.0,0.0,0.0,0.0
9428,0.0,0.0,0.0,27.8755887,0.0,0.0,0.0,0.0
9429,0.0,0.0,0.0,27.5357145,0.0,0.0,0.0,0.0
9430,0.0,0.0,0.0,27.0608137,0.0,0.0,0.0,0.0
9431,0.0,0.0,0.0,26.4666364,0.0,0.0,0.0,0.0
9432,0.0,0.0,0.0,25.7734567,0.0,0.0,0.0,0.0
9433,0.0,0.0,0.0,24.8311033,0.0,0.0,0.0,0.0
9434,0.0,0.0,0.0,23.4766949,0.0,0.0,0.0,0.0
9435,0.0,0.0,0.0,22.634833,0.0,0.0,0.0,0.0
9436,0.0,0.0,0.0,23.1149744,0.0,0.0,0.0,0.0
9437,0.0,0.0,0.0,18.7244334,0.0,0.0,0.0,0.0
9438,0.0,0.0,0.0,5.26402107,0.0,0.0,0.0,0.0
9439,0.0,0.0,0.0,6.88804934,0.0,0.0,0.0,0.0
9440,30.0,0.0,0.0,30.0,0.0,0.0,0.0,0.0
9441,30.0,0.0,0.0,30.0,0.0,0.0,0.0,0.0
9442,30.0,0.0,0.0,30.0,0.0,0.0,0.0,0.0
9443,30.0,0.0,0.0,30.0,0.0,0.0,0.0,0.0
9444,30.0,0.0,0.0,30.0,0.0,0.0,0.0,0.0
9445,28.3282336,0.0,0.0,30.0,0.0,0.0,0.0,0.0
9446,28.097196,0.0,0.0,30.0,0.0,0.0,0.0,0.0
9447,30.0,0.0,0.0,30.0,0.0,0.0,0.0,0.0
9448,30.0,0.0,0.0,30.0,0.0,0.0,0.0,0.0
9449,30.0,0.0,0.0,30.0,0.0,0.0,0.0,0.0
9450,30.0,0.0,0.0,30.0,0.0,0.0,0.0,0.0
9451,30.0,0.0,0.0,30.0,0.0,0.0,0.0,0.0
9452,30.0,0.0,0.0,30.0,0.0,0.0,0.0,0.0
9453,30.0,0.0,0.0,30.0,0.0,0.0,0.0,0.0
9454,30.0,0.0,0.0,30.0,0.0,0.0,0.0,0.0
9455,30.0,0.0,0.0,30.0,0.0,0.0,0.0,0.0
9456,30.0,0.0,0.0,30.0,0.0,0.0,0.0,0.0
9457,30.0,0.0,0.0,30.0,0.0,0.0,0.0,0.0
9458,30.0,0.0,0.0,30.0,0.0,0.0,0.0,0.0
9459,30.0,0.0,0.0,30.0,0.0,0.0,0.0,0.0
9460,29.1730887,0.0,0.0,30.0,0.0,0.0,0.0,0.0
9461,29.1638579,0.0,0.0,30.0,0.0,0.0,0.0,0.0
9462,29.2507659,0.0,0.0,30.0,0.0,0.0,0.0,0.0
9463,28.9544164,0.0,0.0,30.0,0.0,0.0,0.0,0.0
9464,28.875044,0.0,0.0,30.0,0.0,0.0,0.0,0.0
9465,28.8670618,0.0,0.0,30.0,0.0,0.0,0.0,0.0
9466,28.819296,0.0,0.0,30.0,0.0,0.0,0.0,0.0
9467,28.7628402,0.0,0.0,30.0,0.0,0.0,0.0,0.0
9468,28.7190685,0.0,0.0,30.0,0.0,0.0,0.0,0.0
9469,28.6809188,0.0,0.0,30.0,0.0,0.0,0.0,0.0
9470,28.6439211,0.0,0.0,30.0,0.0,0.0,0.0,0.0
9471,28.6093037,0.0,0.0,30.0,0.0,0.0,0.0,0.0
9472,28.5776726,0.0,0.0,30.0,0.0,0.0,0.0,0.0
9473,28.5485192,0.0,0.0,30.0,0.0,0.0,0.0,0.0
9474,28.5215033,0.0,0.0,30.0,0.0,0.0,0.0,0.0
9475,28.4965227,0.0,0.0,30.0,0.0,0.0,0.0,0.0
9476,28.4734525,0.0,0.0,30.0,0.0,0.0,0.0,0.0
9477,28.4521351,0.0,0.0,30.0,0.0,0.0,0.0,0.0
9478,28.4324318,0.0,0.0,30.0,0.0,0.0,0.0,0.0
9479,28.4142229,0.0,0.0,30.0,0.0,0.0,0.0,0.0
9480,28.3973961,0.0,0.0,30.0,0.0,0.0,0.0,0.0
9481,28.381846,0.0,0.0,30.0,0.0,0.0,0.0,0.0
9482,28.3674755,0.0,0.0,30.0,0.0,0.0,0.0,0.0
9483,28.3541955,0.0,0.0,30.0,0.0,0.0,0.0,0.0
9484,28.341923,0.0,0.0,30.0,0.0,0.0,0.0,0.0
9485,28.3305818,0.0,0.0,30.0,0.0,0.0,0.0,0.0
9486,28.3201012,0.0,0.0,30.0,0.0,0.0,0.0,0.0
9487,28.3104159,0.0,0.0,30.0,0.0,0.0,0.0,0.0
9488,28.3014656,0.0,0.0,30.0,0.0,0.0,0.0,0.0
9489,28.2931947,0.0,0.0,30.0,0.0,0.0,0.0,0.0
9490,28.2855515,0.0,0.0,30.0,0.0,0.0,0.0,0.0
9491,28.2784884,0.0,0.0,30.0,0.0,0.0,0.0,0.0
9492,28.2719616,0.0,0.0,30.0,0.0,0.0,0.0,0.0
9493,28.2659304,0.0,0.0,30.0,0.0,0.0,0.0,0.0
9494,28.2603572,0.0,0.0,30.0,0.0,0.0,0.0,0.0
9495,28.2552072,0.0,0.0,30.0,0.0,0.0,0.0,0.0
9496,28.2504485,0.0,0.0,30.0,0.0,0.0,0.0,0.0
9497,28.2460514,0.0,0.0,30.0,0.0,0.0,0.0,0.0
9498,28.2419886,0.0,0.0,30.0,0.0,0.0,0.0,0.0
9499,28.2382346,0.0,0.0,30.0,0.0,0.0,0.0,0.0
9500,28.2347662,0.0,0.0,30.0,0.0,0.0,0.0,0.0
9501,28.2315617,0.0,0.0,30.0,0.0,0.0,0.0,0.0
9502,28.2286013,0.0,0.0,30.0,0.0,0.0,0.0,0.0
9503,28.2258663,0.0,0.0,30.0,0.0,0.0,0.0,0.0
9504,28.2233399,0.0,0.0,30.0,0.0,0.0,0.0,0.0
9505,28.2210063,0.0,0.0,30.0,0.0,0.0,0.0,0.0
9506,28.218851,0.0,0.0,30.0,0.0,0.0,0.0,0.0
9507,28.2168605,0.0,0.0,30.0,0.0,0.0,0.0,0.0
9508,28.2150224,0.0,0.0,30.0,0.0,0.0,0.0,0.0
9509,28.2133253,0.0,0.0,30.0,0.0,0.0,0.0,0.0
9510,28.2117587,0.0,0.0,30.0,0.0,0.0,0.0,0.0
9511,28.2103127,0.0,0.0,30.0,0.0,0.0,0.0,0.0
9512,28.2089784,0.0,0.0,30.0,0.0,0.0,0.0,0.0
9513,28.2077475,0.0,0.0,30.0,0.0,0.0,0.0,0.0
9514,28.2066123,0.0,0.0,30.0,0.0,0.0,0.0,0.0
9515,28.2055656,0.0,0.0,30.0,0.0,0.0,0.0,0.0
9516,28.2046011,0.0,0.0,30.0,0.0,0.0,0.0,0.0
9517,28.2037127,0.0,0.0,30.0,0.0,0.0,0.0,0.0
9518,28.2028949,0.0,0.0,30.0,0.0,0.0,0.0,0.0
9519,28.2021425,0.0,0.0,30.0,0.0,0.0,0.0,0.0
9520,28.2014509,0.0,0.0,30.0,0.0,0.0,0.0,0.0
9521,28.2008158,0.0,0.0,30.0,0.0,0.0,0.0,0.0
9522,28.2002333,0.0,0.0,30.0,0.0,0.0,0.0,0.0
9523,28.1996996,0.0,0.0,30.0,0.0,0.0,0.0,0.0
9524,28.1992115,0.0,0.0,30.0,0.0,0.0,0.0,0.0
9525,28.198766,0.0,0.0,30.0,0.0,0.0,0.0,0.0
9526,28.1983602,0.0,0.0,30.0,0.0,0.0,0.0,0.0
9527,28.1979916,0.0,0.0,30.0,0.0,0.0,0.0,0.0
9528,28.197658,0.0,0.0,30.0,0.0,0.0,0.0,0.0
9529,28.1973573,0.0,0.0,30.0,0.0,0.0,0.0,0.0
9530,28.1970875,0.0,0.0,30.0,0.0,0.0,0.0,0.0
9531,28.1968471,0.0,0.0,30.0,0.0,0.0,0.0,0.0
9532,28.1966344,0.0,0.0,30.0,0.0,0.0,0.0,0.0
9533,28.1964483,0.0,0.0,30.0,0.0,0.0,0.0,0.0
9534,28.1962875,0.0,0.0,30.0,0.0,0.0,0.0,0.0
9535,28.196151,0.0,0.0,30.0,0.0,0.0,0.0,0.0
9536,28.1960379,0.0,0.0,30.0,0.0,0.0,0.0,0.0
9537,28.1959477,0.0,0.0,30.0,0.0,0.0,0.0,0.0
9538,28.1958797,0.0,0.0,30.0,0.0,0.0,0.0,0.0
9539,28.1958334,0.0,0.0,30.0,0.0,0.0,0.0,0.0
9540,28.1958087,0.0,0.0,30.0,0.0,0.0,0.0,0.0
9541,28.1958053,0.0,0.0,30.0,0.0,0.0,0.0,0.0
9542,28.1958232,0.0,0.0,30.0,0.0,0.0,0.0,0.0
9543,28.1958626,0.0,0.0,30.0,0.0,0.0,0.0,0.0
9544,28.1959236,0.0,0.0,30.0,0.0,0.0,0.0,0.0
9545,28.1960067,0.0,0.0,30.0,0.0,0.0,0.0,0.0
9546,28.1961124,0.0,0.0,30.0,0.0,0.0,0.0,0.0
9547,28.1962413,0.0,0.0,30.0,0.0,0.0,0.0,0.0
9548,28.1963943,0.0,0.0,30.0,0.0,0.0,0.0,0.0
9549,28.1965722,0.0,0.0,30.0,0.0,0.0,0.0,0.0
9550,28.1967763,0.0,0.0,30.0,0.0,0.0,0.0,0.0
9551,28.1970077,0.0,0.0,30.0,0.0,0.0,0.0,0.0
9552,28.197268,0.0,0.0,30.0,0.0,0.0,0.0,0.0
9553,28.1975586,0.0,0.0,30.0,0.0,0.0,0.0,0.0
9554,28.1978816,0.0,0.0,30.0,0.0,0.0,0.0,0.0
9555,28.1982387,0.0,0.0,30.0,0.0,0.0,0.0,0.0
9556,28.1986324,0.0,0.0,30.0,0.0,0.0,0.0,0.0
9557,28.199065,0.0,0.0,30.0,0.0,0.0,0.0,0.0
9558,28.1995392,0.0,0.0,30.0,0.0,0.0,0.0,0.0
9559,28.200058,0.0,0.0,30.0,0.0,0.0,0.0,0.0
9560,28.2006246,0.0,0.0,30.0,0.0,0.0,0.0,0.0
9561,28.2012426,0.0,0.0,30.0,0.0,0.0,0.0,0.0
9562,28.2019157,0.0,0.0,30.0,0.0,0.0,0.0,0.0
9563,28.2026482,0.0,0.0,30.0,0.0,0.0,0.0,0.0
9564,28.2034447,0.0,0.0,30.0,0.0,0.0,0.0,0.0
9565,28.20431,0.0,0.0,30.0,0.0,0.0,0.0,0.0
9566,28.2052497,0.0,0.0,30.0,0.0,0.0,0.0,0.0
9567,28.2062694,0.0,0.0,30.0,0.0,0.0,0.0,0.0
9568,28.2073757,0.0,0.0,30.0,0.0,0.0,0.0,0.0
9569,28.2085754,0.0,0.0,30.0,0.0,0.0,0.0,0.0
9570,28.2098759,0.0,0.0,30.0,0.0,0.0,0.0,0.0
9571,28.2112854,0.0,0.0,30.0,0.0,0.0,0.0,0.0
9572,28.2128126,0.0,0.0,30.0,0.0,0.0,0.0,0.0
9573,28.214467,0.0,0.0,30.0,0.0,0.0,0.0,0.0
9574,28.216259,0.0,0.0,30.0,0.0,0.0,0.0,0.0
9575,28.2181997,0.0,0.0,30.0,0.0,0.0,0.0,0.0
9576,28.2203012,0.0,0.0,30.0,0.0,0.0,0.0,0.0
9577,28.2225766,0.0,0.0,30.0,0.0,0.0,0.0,0.0
9578,28.22504,0.0,0.0,30.0,0.0,0.0,0.0,0.0
9579,28.2277068,0.0,0.0,30.0,0.0,0.0,0.0,0.0
9580,28.2305936,0.0,0.0,30.0,0.0,0.0,0.0,0.0
9581,28.2337184,0.0,0.0,30.0,0.0,0.0,0.0,0.0
9582,28.2371006,0.0,0.0,30.0,0.0,0.0,0.0,0.0
9583,28.2407613,0.0,0.0,30.0,0.0,0.0,0.0,0.0
9584,28.2447232,0.0,0.0,30.0,0.0,0.0,0.0,0.0
9585,28.2490112,0.0,0.0,30.0,0.0,0.0,0.0,0.0
9586,28.2536518,0.0,0.0,30.0,0.0,0.0,0.0,0.0
9587,28.258674,0.0,0.0,30.0,0.0,0.0,0.0,0.0
9588,28.264109,0.0,0.0,30.0,0.0,0.0,0.0,0.0
9589,28.2699907,0.0,0.0,30.0,0.0,0.0,0.0,0.0
9590,28.2763557,0.0,0.0,30.0,0.0,0.0,0.0,0.0
9591,28.2832437,0.0,0.0,30.0,0.0,0.0,0.0,0.0
9592,28.2906975,0.0,0.0,30.0,0.0,0.0,0.0,0.0
9593,28.2987636,0.0,0.0,30.0,0.0,0.0,0.0,0.0
9594,28.3074921,0.0,0.0,30.0,0.0,0.0,0.0,0.0
9595,28.3169375,0.0,0.0,30.0,0.0,0.0,0.0,0.0
9596,28.3271586,0.0,0.0,30.0,0.0,0.0,0.0,0.0
9597,28.338219,0.0,0.0,30.0,0.0,0.0,0.0,0.0
9598,28.3501875,0.0,0.0,30.0,0.0,0.0,0.0,0.0
9599,28.3631388,0.0,0.0,30.0,0.0,0.0,0.0,0.0
9600,28.3771535,0.0,0.0,30.0,0.0,0.0,0.0,0.0
9601,28.3923188,0.0,0.0,30.0,0.0,0.0,0.0,0.0
9602,28.4087291,0.0,0.0,30.0,0.0,0.0,0.0,0.0
9603,28.4264868,0.0,0.0,30.0,0.0,0.0,0.0,0.0
9604,28.4457023,0.0,0.0,30.0,0.0,0.0,0.0,0.0
9605,28.4664952,0.0,0.0,30.0,0.0,0.0,0.0,0.0
9606,28.4889951,0.0,0.0,30.0,0.0,0.0,0.0,0.0
9607,28.5133424,0.0,0.0,30.0,0.0,0.0,0.0,0.0
9608,28.5396886,0.0,0.0,30.0,0.0,0.0,0.0,0.0
9609,28.5681959,0.0,0.0,30.0,0.0,0.0,0.0,0.0
9610,28.5990429,0.0,0.0,30.0,0.0,0.0,0.0,0.0
9611,28.6324302,0.0,0.0,30.0,0.0,0.0,0.0,0.0
9612,28.6685606,0.0,0.0,30.0,0.0,0.0,0.0,0.0
9613,28.7076164,0.0,0.0,30.0,0.0,0.0,0.0,0.0
9614,28.7498709,0.0,0.0,30.0,0.0,0.0,0.0,0.0
9615,28.795796,0.0,0.0,30.0,0.0,0.0,0.0,0.0
9616,28.8455057,0.0,0.0,30.0,0.0,0.0,0.0,0.0
9617,28.8982927,0.0,0.0,30.0,0.0,0.0,0.0,0.0
9618,28.9554461,0.0,0.0,30.0,0.0,0.0,0.0,0.0
9619,29.0222671,0.0,0.0,30.0,0.0,0.0,0.0,0.0
9620,29.0938806,0.0,0.0,30.0,0.0,0.0,0.0,0.0
9621,29.1467496,0.0,0.0,30.0,0.0,0.0,0.0,0.0
9622,29.2100097,0.0,0.0,30.0,0.0,0.0,0.0,0.0
9623,29.4000261,0.0,0.0,30.0,0.0,0.0,0.0,0.0
9624,29.5627626,0.0,0.0,30.0,0.0,0.0,0.0,0.0
9625,29.1382378,0.0,0.0,30.0,0.0,0.0,0.0,0.0
9626,29.0148373,0.0,0.0,30.0,0.0,0.0,0.0,0.0
9627,29.9065185,0.0,0.0,30.0,0.0,0.0,0.0,0.0
9628,30.0,0.0,0.0,30.0,0.0,0.0,0.0,0.0
9629,30.0,0.0,0.0,30.0,0.0,0.0,0.0,0.0
9630,23.8911054,0.0,0.0,30.0,0.0,0.0,0.0,0.0
9631,23.6889149,0.0,0.0,30.0,0.0,0.0,0.0,0.0
9632,0.0,0.0,0.0,0.0,0.0,0.0,0.0,0.0
9633,30.0,0.0,0.0,4.21859505,0.0,0.0,0.0,0.0
9634,30.0,0.0,0.0,6.18726477,0.0,0.0,0.0,0.0
9635,0.0,0.0,0.0,16.7900556,0.0,0.0,0.0,0.0
9636,0.0,0.0,0.0,21.9789414,0.0,0.0,0.0,0.0
9637,0.0,0.0,0.0,23.4345668,0.0,0.0,0.0,0.0
9638,0.0,0.0,0.0,23.9140565,0.0,0.0,0.0,0.0
9639,0.0,0.0,0.0,24.8020415,0.0,0.0,0.0,0.0
9640,0.0,0.0,0.0,25.6386006,0.0,0.0,0.0,0.0
9641,0.0,0.0,0.0,26.2319011,0.0,0.0,0.0,0.0
9642,0.0,0.0,0.0,26.6672088,0.0,0.0,0.0,0.0
9643,0.0,0.0,0.0,26.9789123,0.0,0.0,0.0,0.0
9644,0.0,0.0,0.0,27.1577817,0.0,0.0,0.0,0.0
9645,0.0,0.0,0.0,27.2016445,0.0,0.0,0.0,0.0
9646,0.0,0.0,0.0,27.11303,0.0,0.0,0.0,0.0
9647,0.0,0.0,0.0,26.8919937,0.0,0.0,0.0,0.0
9648,0.0,0.0,0.0,26.5361614,0.0,0.0,0.0,0.0
9649,0.0,0.0,0.0,26.0379339,0.0,0.0,0.0,0.0
9650,0.0,0.0,0.0,25.3883823,0.0,0.0,0.0,0.0
9651,0.0,0.0,0.0,24.6018378,0.0,0.0,0.0,0.0
9652,0.0,0.0,0.0,23.6854333,0.0,0.0,0.0,0.0
9653,0.0,0.0,0.0,22.4841006,0.0,0.0,0.0,0.0
9654,0.0,0.0,0.0,20.9023724,0.0,0.0,0.0,0.0
9655,0.0,0.0,0.0,19.8649141,0.0,0.0,0.0,0.0
9656,0.0,0.0,0.0,19.7244474,0.0,0.0,0.0,0.0
9657,0.0,0.0,0.0,14.3398563,0.0,0.0,0.0,0.0
9658,0.0,0.0,0.0,2.43748084,0.0,0.0,0.0,0.0
9659,0.0,0.0,0.0,3.65831342,0.0,0.0,0.0,0.0
9660,30.0,0.0,0.0,30.0,0.0,0.0,0.0,0.0
9661,30.0,0.0,0.0,30.0,0.0,0.0,0.0,0.0
9662,30.0,0.0,0.0,30.0,0.0,0.0,0.0,0.0
9663,30.0,0.0,0.0,30.0,0.0,0.0,0.0,0.0
9664,30.0,0.0,0.0,30.0,0.0,0.0,0.0,0.0
9665,30.0,0.0,0.0,30.0,0.0,0.0,0.0,0.0
9666,30.0,0.0,0.0,30.0,0.0,0.0,0.0,0.0
9667,17.4433495,0.0,0.0,30.0,0.0,0.0,0.0,0.0
9668,14.0733843,0.0,0.0,30.0,0.0,0.0,0.0,0.0
9669,19.6867302,0.0,0.0,30.0,0.0,0.0,0.0,0.0
9670,22.6703844,0.0,0.0,30.0,0.0,0.0,0.0,0.0
9671,20.6659028,0.0,0.0,30.0,0.0,0.0,0.0,0.0
9672,20.2527425,0.0,0.0,30.0,0.0,0.0,0.0,0.0
9673,22.9412901,0.0,0.0,30.0,0.0,0.0,0.0,0.0
9674,27.0508486,0.0,0.0,30.0,0.0,0.0,0.0,0.0
9675,30.0,0.0,0.0,30.0,0.0,0.0,0.0,0.0
9676,30.0,0.0,0.0,30.0,0.0,0.0,0.0,0.0
9677,30.0,0.0,0.0,30.0,0.0,0.0,0.0,0.0
9678,30.0,0.0,0.0,30.0,0.0,0.0,0.0,0.0
9679,30.0,0.0,0.0,30.0,0.0,0.0,0.0,0.0
9680,28.3494156,0.0,0.0,30.0,0.0,0.0,0.0,0.0
9681,28.1294247,0.0,0.0,30.0,0.0,0.0,0.0,0.0
9682,28.3890127,0.0,0.0,30.0,0.0,0.0,0.0,0.0
9683,28.0294322,0.0,0.0,30.0,0.0,0.0,0.0,0.0
9684,28.0096179,0.0,0.0,30.0,0.0,0.0,0.0,0.0
9685,28.0932507,0.0,0.0,30.0,0.0,0.0,0.0,0.0
9686,28.1057736,0.0,0.0,30.0,0.0,0.0,0.0,0.0
9687,28.0981793,0.0,0.0,30.0,0.0,0.0,0.0,0.0
9688,28.1046207,0.0,0.0,30.0,0.0,0.0,0.0,0.0
9689,28.1141478,0.0,0.0,30.0,0.0,0.0,0.0,0.0
9690,28.1201638,0.0,0.0,30.0,0.0,0.0,0.0,0.0
9691,28.1250631,0.0,0.0,30.0,0.0,0.0,0.0,0.0
9692,28.1301667,0.0,0.0,30.0,0.0,0.0,0.0,0.0
9693,28.1350041,0.0,0.0,30.0,0.0,0.0,0.0,0.0
9694,28.139356,0.0,0.0,30.0,0.0,0.0,0.0,0.0
9695,28.143356,0.0,0.0,30.0,0.0,0.0,0.0,0.0
9696,28.1470771,0.0,0.0,30.0,0.0,0.0,0.0,0.0
9697,28.15052,0.0,0.0,30.0,0.0,0.0,0.0,0.0
9698,28.1536968,0.0,0.0,30.0,0.0,0.0,0.0,0.0
9699,28.1566321,0.0,0.0,30.0,0.0,0.0,0.0,0.0
9700,28.1593459,0.0,0.0,30.0,0.0,0.0,0.0,0.0
9701,28.1618541,0.0,0.0,30.0,0.0,0.0,0.0,0.0
9702,28.1641721,0.0,0.0,30.0,0.0,0.0,0.0,0.0
9703,28.1663144,0.0,0.0,30.0,0.0,0.0,0.0,0.0
9704,28.1682945,0.0,0.0,30.0,0.0,0.0,0.0,0.0
9705,28.1701246,0.0,0.0,30.0,0.0,0.0,0.0,0.0
9706,28.1718161,0.0,0.0,30.0,0.0,0.0,0.0,0.0
9707,28.1733796,0.0,0.0,30.0,0.0,0.0,0.0,0.0
9708,28.1748248,0.0,0.0,30.0,0.0,0.0,0.0,0.0
9709,28.1761606,0.0,0.0,30.0,0.0,0.0,0.0,0.0
9710,28.1773955,0.0,0.0,30.0,0.0,0.0,0.0,0.0
9711,28.1785372,0.0,0.0,30.0,0.0,0.0,0.0,0.0
9712,28.1795926,0.0,0.0,30.0,0.0,0.0,0.0,0.0
9713,28.1805684,0.0,0.0,30.0,0.0,0.0,0.0,0.0
9714,28.1814706,0.0,0.0,30.0,0.0,0.0,0.0,0.0
9715,28.182305,0.0,0.0,30.0,0.0,0.0,0.0,0.0
9716,28.1830766,0.0,0.0,30.0,0.0,0.0,0.0,0.0
9717,28.1837903,0.0,0.0,30.0,0.0,0.0,0.0,0.0
9718,28.1844505,0.0,0.0,30.0,0.0,0.0,0.0,0.0
9719,28.1850613,0.0,0.0,30.0,0.0,0.0,0.0,0.0
9720,28.1856266,0.0,0.0,30.0,0.0,0.0,0.0,0.0
9721,28.1861498,0.0,0.0,30.0,0.0,0.0,0.0,0.0
9722,28.1866343,0.0,0.0,30.0,0.0,0.0,0.0,0.0
9723,28.1870829,0.0,0.0,30.0,0.0,0.0,0.0,0.0
9724,28.1874986,0.0,0.0,30.0,0.0,0.0,0.0,0.0
9725,28.1878839,0.0,0.0,30.0,0.0,0.0,0.0,0.0
9726,28.1882412,0.0,0.0,30.0,0.0,0.0,0.0,0.0
9727,28.1885728,0.0,0.0,30.0,0.0,0.0,0.0,0.0
9728,28.1888806,0.0,0.0,30.0,0.0,0.0,0.0,0.0
9729,28.1891666,0.0,0.0,30.0,0.0,0.0,0.0,0.0
9730,28.1894327,0.0,0.0,30.0,0.0,0.0,0.0,0.0
9731,28.1896803,0.0,0.0,30.0,0.0,0.0,0.0,0.0
9732,28.1899112,0.0,0.0,30.0,0.0,0.0,0.0,0.0
9733,28.1901267,0.0,0.0,30.0,0.0,0.0,0.0,0.0
9734,28.1903282,0.0,0.0,30.0,0.0,0.0,0.0,0.0
9735,28.1905169,0.0,0.0,30.0,0.0,0.0,0.0,0.0
9736,28.190694,0.0,0.0,30.0,0.0,0.0,0.0,0.0
9737,28.1908605,0.0,0.0,30.0,0.0,0.0,0.0,0.0
9738,28.1910177,0.0,0.0,30.0,0.0,0.0,0.0,0.0
9739,28.1911663,0.0,0.0,30.0,0.0,0.0,0.0,0.0
9740,28.1913074,0.0,0.0,30.0,0.0,0.0,0.0,0.0
9741,28.1914418,0.0,0.0,30.0,0.0,0.0,0.0,0.0
9742,28.1915703,0.0,0.0,30.0,0.0,0.0,0.0,0.0
9743,28.1916938,0.0,0.0,30.0,0.0,0.0,0.0,0.0
9744,28.1918131,0.0,0.0,30.0,0.0,0.0,0.0,0.0
9745,28.1919288,0.0,0.0,30.0,0.0,0.0,0.0,0.0
9746,28.1920417,0.0,0.0,30.0,0.0,0.0,0.0,0.0
9747,28.1921524,0.0,0.0,30.0,0.0,0.0,0.0,0.0
9748,28.1922618,0.0,0.0,30.0,0.0,0.0,0.0,0.0
9749,28.1923704,0.0,0.0,30.0,0.0,0.0,0.0,0.0
9750,28.192479,0.0,0.0,30.0,0.0,0.0,0.0,0.0
9751,28.1925881,0.0,0.0,30.0,0.0,0.0,0.0,0.0
9752,28.1926986,0.0,0.0,30.0,0.0,0.0,0.0,0.0
9753,28.192811,0.0,0.0,30.0,0.0,0.0,0.0,0.0
9754,28.1929261,0.0,0.0,30.0,0.0,0.0,0.0,0.0
9755,28.1930446,0.0,0.0,30.0,0.0,0.0,0.0,0.0
9756,28.1931673,0.0,0.0,30.0,0.0,0.0,0.0,0.0
9757,28.1932948,0.0,0.0,30.0,0.0,0.0,0.0,0.0
9758,28.193428,0.0,0.0,30.0,0.0,0.0,0.0,0.0
9759,28.1935678,0.0,0.0,30.0,0.0,0.0,0.0,0.0
9760,28.1937149,0.0,0.0,30.0,0.0,0.0,0.0,0.0
9761,28.1938703,0.0,0.0,30.0,0.0,0.0,0.0,0.0
9762,28.1940351,0.0,0.0,30.0,0.0,0.0,0.0,0.0
9763,28.1942101,0.0,0.0,30.0,0.0,0.0,0.0,0.0
9764,28.1943965,0.0,0.0,30.0,0.0,0.0,0.0,0.0
9765,28.1945955,0.0,0.0,30.0,0.0,0.0,0.0,0.0
9766,28.1948082,0.0,0.0,30.0,0.0,0.0,0.0,0.0
9767,28.1950361,0.0,0.0,30.0,0.0,0.0,0.0,0.0
9768,28.1952805,0.0,0.0,30.0,0.0,0.0,0.0,0.0
9769,28.1955429,0.0,0.0,30.0,0.0,0.0,0.0,0.0
9770,28.1958251,0.0,0.0,30.0,0.0,0.0,0.0,0.0
9771,28.1961287,0.0,0.0,30.0,0.0,0.0,0.0,0.0
9772,28.1964556,0.0,0.0,30.0,0.0,0.0,0.0,0.0
9773,28.1968079,0.0,0.0,30.0,0.0,0.0,0.0,0.0
9774,28.1971878,0.0,0.0,30.0,0.0,0.0,0.0,0.0
9775,28.1975976,0.0,0.0,30.0,0.0,0.0,0.0,0.0
9776,28.1980399,0.0,0.0,30.0,0.0,0.0,0.0,0.0
9777,28.1985175,0.0,0.0,30.0,0.0,0.0,0.0,0.0
9778,28.1990332,0.0,0.0,30.0,0.0,0.0,0.0,0.0
9779,28.1995904,0.0,0.0,30.0,0.0,0.0,0.0,0.0
9780,28.2001925,0.0,0.0,30.0,0.0,0.0,0.0,0.0
9781,28.2008432,0.0,0.0,30.0,0.0,0.0,0.0,0.0
9782,28.2015466,0.0,0.0,30.0,0.0,0.0,0.0,0.0
9783,28.2023072,0.0,0.0,30.0,0.0,0.0,0.0,0.0
9784,28.2031295,0.0,0.0,30.0,0.0,0.0,0.0,0.0
9785,28.2040188,0.0,0.0,30.0,0.0,0.0,0.0,0.0
9786,28.2049805,0.0,0.0,30.0,0.0,0.0,0.0,0.0
9787,28.2060207,0.0,0.0,30.0,0.0,0.0,0.0,0.0
9788,28.2071459,0.0,0.0,30.0,0.0,0.0,0.0,0.0
9789,28.208363,0.0,0.0,30.0,0.0,0.0,0.0,0.0
9790,28.2096796,0.0,0.0,30.0,0.0,0.0,0.0,0.0
9791,28.211104,0.0,0.0,30.0,0.0,0.0,0.0,0.0
9792,28.212645,0.0,0.0,30.0,0.0,0.0,0.0,0.0
9793,28.2143121,0.0,0.0,30.0,0.0,0.0,0.0,0.0
9794,28.2161159,0.0,0.0,30.0,0.0,0.0,0.0,0.0
9795,28.2180675,0.0,0.0,30.0,0.0,0.0,0.0,0.0
9796,28.220179,0.0,0.0,30.0,0.0,0.0,0.0,0.0
9797,28.2224636,0.0,0.0,30.0,0.0,0.0,0.0,0.0
9798,28.2249356,0.0,0.0,30.0,0.0,0.0,0.0,0.0
9799,28.2276103,0.0,0.0,30.0,0.0,0.0,0.0,0.0
9800,28.2305045,0.0,0.0,30.0,0.0,0.0,0.0,0.0
9801,28.233636,0.0,0.0,30.0,0.0,0.0,0.0,0.0
9802,28.2370244,0.0,0.0,30.0,0.0,0.0,0.0,0.0
9803,28.2406909,0.0,0.0,30.0,0.0,0.0,0.0,0.0
9804,28.2446583,0.0,0.0,30.0,0.0,0.0,0.0,0.0
9805,28.2489511,0.0,0.0,30.0,0.0,0.0,0.0,0.0
9806,28.2535963,0.0,0.0,30.0,0.0,0.0,0.0,0.0
9807,28.2586227,0.0,0.0,30.0,0.0,0.0,0.0,0.0
9808,28.2640616,0.0,0.0,30.0,0.0,0.0,0.0,0.0
9809,28.2699469,0.0,0.0,30.0,0.0,0.0,0.0,0.0
9810,28.2763153,0.0,0.0,30.0,0.0,0.0,0.0,0.0
9811,28.2832063,0.0,0.0,30.0,0.0,0.0,0.0,0.0
9812,28.290663,0.0,0.0,30.0,0.0,0.0,0.0,0.0
9813,28.2987317,0.0,0.0,30.0,0.0,0.0,0.0,0.0
9814,28.3074627,0.0,0.0,30.0,0.0,0.0,0.0,0.0
9815,28.3169103,0.0,0.0,30.0,0.0,0.0,0.0,0.0
9816,28.3271334,0.0,0.0,30.0,0.0,0.0,0.0,0.0
9817,28.3381957,0.0,0.0,30.0,0.0,0.0,0.0,0.0
9818,28.3501661,0.0,0.0,30.0,0.0,0.0,0.0,0.0
9819,28.363119,0.0,0.0,30.0,0.0,0.0,0.0,0.0
9820,28.3771351,0.0,0.0,30.0,0.0,0.0,0.0,0.0
9821,28.3923018,0.0,0.0,30.0,0.0,0.0,0.0,0.0
9822,28.4087135,0.0,0.0,30.0,0.0,0.0,0.0,0.0
9823,28.4264723,0.0,0.0,30.0,0.0,0.0,0.0,0.0
9824,28.4456889,0.0,0.0,30.0,0.0,0.0,0.0,0.0
9825,28.4664829,0.0,0.0,30.0,0.0,0.0,0.0,0.0
9826,28.4889837,0.0,0.0,30.0,0.0,0.0,0.0,0.0
9827,28.5133319,0.0,0.0,30.0,0.0,0.0,0.0,0.0
9828,28.5396789,0.0,0.0,30.0,0.0,0.0,0.0,0.0
9829,28.568187,0.0,0.0,30.0,0.0,0.0,0.0,0.0
9830,28.5990346,0.0,0.0,30.0,0.0,0.0,0.0,0.0
9831,28.6324226,0.0,0.0,30.0,0.0,0.0,0.0,0.0
9832,28.6685535,0.0,0.0,30.0,0.0,0.0,0.0,0.0
9833,28.7076099,0.0,0.0,30.0,0.0,0.0,0.0,0.0
9834,28.749865,0.0,0.0,30.0,0.0,0.0,0.0,0.0
9835,28.7957905,0.0,0.0,30.0,0.0,0.0,0.0,0.0
9836,28.8455007,0.0,0.0,30.0,0.0,0.0,0.0,0.0
9837,28.8982881,0.0,0.0,30.0,0.0,0.0,0.0,0.0
9838,28.9554418,0.0,0.0,30.0,0.0,0.0,0.0,0.0
9839,29.0222632,0.0,0.0,30.0,0.0,0.0,0.0,0.0
9840,29.0938771,0.0,0.0,30.0,0.0,0.0,0.0,0.0
9841,29.1467463,0.0,0.0,30.0,0.0,0.0,0.0,0.0
9842,29.2100067,0.0,0.0,30.0,0.0,0.0,0.0,0.0
9843,29.4000234,0.0,0.0,30.0,0.0,0.0,0.0,0.0
9844,29.5627602,0.0,0.0,30.0,0.0,0.0,0.0,0.0
9845,29.1382358,0.0,0.0,30.0,0.0,0.0,0.0,0.0
9846,29.0148351,0.0,0.0,30.0,0.0,0.0,0.0,0.0
9847,29.9065164,0.0,0.0,30.0,0.0,0.0,0.0,0.0
9848,30.0,0.0,0.0,30.0,0.0,0.0,0.0,0.0
9849,30.0,0.0,0.0,30.0,0.0,0.0,0.0,0.0
9850,23.8910987,0.0,0.0,30.0,0.0,0.0,0.0,0.0
9851,23.6889103,0.0,0.0,30.0,0.0,0.0,0.0,0.0
9852,0.0,0.0,0.0,0.0,0.0,0.0,0.0,0.0
9853,30.0,0.0,0.0,4.91746217,0.0,0.0,0.0,0.0
9854,30.0,0.0,0.0,7.02734753,0.0,0.0,0.0,0.0
9855,0.0,0.0,0.0,17.7123086,0.0,0.0,0.0,0.0
9856,0.0,0.0,0.0,23.2690326,0.0,0.0,0.0,0.0
9857,0.0,0.0,0.0,24.9543813,0.0,0.0,0.0,0.0
9858,0.0,0.0,0.0,25.6476614,0.0,0.0,0.0,0.0
9859,0.0,0.0,0.0,26.7895881,0.0,0.0,0.0,0.0
9860,0.0,0.0,0.0,27.8833453,0.0,0.0,0.0,0.0
9861,0.0,0.0,0.0,28.7946574,0.0,0.0,0.0,0.0
9862,0.0,0.0,0.0,29.5475471,0.0,0.0,0.0,0.0
9863,0.245962814,0.0,0.0,30.0,0.0,0.0,0.0,0.0
9864,1.82204195,0.0,0.0,30.0,0.0,0.0,0.0,0.0
9865,3.26785546,0.0,0.0,30.0,0.0,0.0,0.0,0.0
9866,4.42209102,0.0,0.0,30.0,0.0,0.0,0.0,0.0
9867,5.48665639,0.0,0.0,30.0,0.0,0.0,0.0,0.0
9868,6.43194524,0.0,0.0,30.0,0.0,0.0,0.0,0.0
9869,7.22820961,0.0,0.0,30.0,0.0,0.0,0.0,0.0
9870,7.90083332,0.0,0.0,30.0,0.0,0.0,0.0,0.0
9871,8.45522311,0.0,0.0,30.0,0.0,0.0,0.0,0.0
9872,8.82961504,0.0,0.0,30.0,0.0,0.0,0.0,0.0
9873,9.06139976,0.0,0.0,30.0,0.0,0.0,0.0,0.0
9874,9.46393162,0.0,0.0,30.0,0.0,0.0,0.0,0.0
9875,9.82589935,0.0,0.0,30.0,0.0,0.0,0.0,0.0
9876,8.62599752,0.0,0.0,30.0,0.0,0.0,0.0,0.0
9877,7.07988632,0.0,0.0,30.0,0.0,0.0,0.0,0.0
9878,12.6433407,0.0,0.0,30.0,0.0,0.0,0.0,0.0
9879,17.3894464,0.0,0.0,30.0,0.0,0.0,0.0,0.0
9880,20.6362496,0.0,0.0,30.0,0.0,0.0,0.0,0.0
9881,24.5489436,0.0,0.0,30.0,0.0,0.0,0.0,0.0
9882,26.6128704,0.0,0.0,30.0,0.0,0.0,0.0,0.0
9883,27.639306,0.0,0.0,30.0,0.0,0.0,0.0,0.0
9884,27.4421145,0.0,0.0,30.0,0.0,0.0,0.0,0.0
9885,28.4155962,0.0,0.0,30.0,0.0,0.0,0.0,0.0
9886,29.0979471,0.0,0.0,30.0,0.0,0.0,0.0,0.0
9887,30.0,0.0,0.0,30.0,0.0,0.0,0.0,0.0
9888,30.0,0.0,0.0,30.0,0.0,0.0,0.0,0.0
9889,30.0,0.0,0.0,30.0,0.0,0.0,0.0,0.0
9890,30.0,0.0,0.0,30.0,0.0,0.0,0.0,0.0
9891,30.0,0.0,0.0,30.0,0.0,0.0,0.0,0.0
9892,30.0,0.0,0.0,30.0,0.0,0.0,0.0,0.0
9893,30.0,0.0,0.0,30.0,0.0,0.0,0.0,0.0
9894,30.0,0.0,0.0,30.0,0.0,0.0,0.0,0.0
9895,30.0,0.0,0.0,30.0,0.0,0.0,0.0,0.0
9896,30.0,0.0,0.0,30.0,0.0,0.0,0.0,0.0
9897,30.0,0.0,0.0,30.0,0.0,0.0,0.0,0.0
9898,30.0,0.0,0.0,30.0,0.0,0.0,0.0,0.0
9899,30.0,0.0,0.0,30.0,0.0,0.0,0.0,0.0
9900,29.2993319,0.0,0.0,30.0,0.0,0.0,0.0,0.0
9901,29.2606855,0.0,0.0,30.0,0.0,0.0,0.0,0.0
9902,29.3141329,0.0,0.0,30.0,0.0,0.0,0.0,0.0
9903,29.0519569,0.0,0.0,30.0,0.0,0.0,0.0,0.0
9904,28.9685482,0.0,0.0,30.0,0.0,0.0,0.0,0.0
9905,28.9455798,0.0,0.0,30.0,0.0,0.0,0.0,0.0
9906,28.8913479,0.0,0.0,30.0,0.0,0.0,0.0,0.0
9907,28.8310276,0.0,0.0,30.0,0.0,0.0,0.0,0.0
9908,28.7821517,0.0,0.0,30.0,0.0,0.0,0.0,0.0
9909,28.7388925,0.0,0.0,30.0,0.0,0.0,0.0,0.0
9910,28.6974901,0.0,0.0,30.0,0.0,0.0,0.0,0.0
9911,28.6588745,0.0,0.0,30.0,0.0,0.0,0.0,0.0
9912,28.6234829,0.0,0.0,30.0,0.0,0.0,0.0,0.0
9913,28.5908413,0.0,0.0,30.0,0.0,0.0,0.0,0.0
9914,28.5606151,0.0,0.0,30.0,0.0,0.0,0.0,0.0
9915,28.5326702,0.0,0.0,30.0,0.0,0.0,0.0,0.0
9916,28.5068578,0.0,0.0,30.0,0.0,0.0,0.0,0.0
9917,28.4830057,0.0,0.0,30.0,0.0,0.0,0.0,0.0
9918,28.4609606,0.0,0.0,30.0,0.0,0.0,0.0,0.0
9919,28.4405876,0.0,0.0,30.0,0.0,0.0,0.0,0.0
9920,28.4217608,0.0,0.0,30.0,0.0,0.0,0.0,0.0
9921,28.4043624,0.0,0.0,30.0,0.0,0.0,0.0,0.0
9922,28.3882839,0.0,0.0,30.0,0.0,0.0,0.0,0.0
9923,28.3734253,0.0,0.0,30.0,0.0,0.0,0.0,0.0
9924,28.3596942,0.0,0.0,30.0,0.0,0.0,0.0,0.0
9925,28.3470048,0.0,0.0,30.0,0.0,0.0,0.0,0.0
9926,28.3352784,0.0,0.0,30.0,0.0,0.0,0.0,0.0
9927,28.3244418,0.0,0.0,30.0,0.0,0.0,0.0,0.0
9928,28.3144275,0.0,0.0,30.0,0.0,0.0,0.0,0.0
9929,28.3051733,0.0,0.0,30.0,0.0,0.0,0.0,0.0
9930,28.2966214,0.0,0.0,30.0,0.0,0.0,0.0,0.0
9931,28.2887186,0.0,0.0,30.0,0.0,0.0,0.0,0.0
9932,28.2814158,0.0,0.0,30.0,0.0,0.0,0.0,0.0
9933,28.2746673,0.0,0.0,30.0,0.0,0.0,0.0,0.0
9934,28.2684313,0.0,0.0,30.0,0.0,0.0,0.0,0.0
9935,28.2626689,0.0,0.0,30.0,0.0,0.0,0.0,0.0
9936,28.2573442,0.0,0.0,30.0,0.0,0.0,0.0,0.0
9937,28.252424,0.0,0.0,30.0,0.0,0.0,0.0,0.0
9938,28.2478777,0.0,0.0,30.0,0.0,0.0,0.0,0.0
9939,28.243677,0.0,0.0,30.0,0.0,0.0,0.0,0.0
9940,28.2397957,0.0,0.0,30.0,0.0,0.0,0.0,0.0
9941,28.2362097,0.0,0.0,30.0,0.0,0.0,0.0,0.0
9942,28.2328967,0.0,0.0,30.0,0.0,0.0,0.0,0.0
9943,28.2298359,0.0,0.0,30.0,0.0,0.0,0.0,0.0
9944,28.2270084,0.0,0.0,30.0,0.0,0.0,0.0,0.0
9945,28.2243965,0.0,0.0,30.0,0.0,0.0,0.0,0.0
9946,28.221984,0.0,0.0,30.0,0.0,0.0,0.0,0.0
9947,28.2197558,0.0,0.0,30.0,0.0,0.0,0.0,0.0
9948,28.2176981,0.0,0.0,30.0,0.0,0.0,0.0,0.0
9949,28.215798,0.0,0.0,30.0,0.0,0.0,0.0,0.0
9950,28.2140438,0.0,0.0,30.0,0.0,0.0,0.0,0.0
9951,28.2124245,0.0,0.0,30.0,0.0,0.0,0.0,0.0
9952,28.21093,0.0,0.0,30.0,0.0,0.0,0.0,0.0
9953,28.209551,0.0,0.0,30.0,0.0,0.0,0.0,0.0
9954,28.208279,0.0,0.0,30.0,0.0,0.0,0.0,0.0
9955,28.2071059,0.0,0.0,30.0,0.0,0.0,0.0,0.0
9956,28.2060246,0.0,0.0,30.0,0.0,0.0,0.0,0.0
9957,28.2050282,0.0,0.0,30.0,0.0,0.0,0.0,0.0
9958,28.2041106,0.0,0.0,30.0,0.0,0.0,0.0,0.0
9959,28.203266,0.0,0.0,30.0,0.0,0.0,0.0,0.0
9960,28.2024892,0.0,0.0,30.0,0.0,0.0,0.0,0.0
9961,28.2017753,0.0,0.0,30.0,0.0,0.0,0.0,0.0
9962,28.20112,0.0,0.0,30.0,0.0,0.0,0.0,0.0
9963,28.200519,0.0,0.0,30.0,0.0,0.0,0.0,0.0
9964,28.1999688,0.0,0.0,30.0,0.0,0.0,0.0,0.0
9965,28.1994658,0.0,0.0,30.0,0.0,0.0,0.0,0.0
9966,28.1990069,0.0,0.0,30.0,0.0,0.0,0.0,0.0
9967,28.1985893,0.0,0.0,30.0,0.0,0.0,0.0,0.0
9968,28.1982104,0.0,0.0,30.0,0.0,0.0,0.0,0.0
9969,28.1978677,0.0,0.0,30.0,0.0,0.0,0.0,0.0
9970,28.1975592,0.0,0.0,30.0,0.0,0.0,0.0,0.0
9971,28.197283,0.0,0.0,30.0,0.0,0.0,0.0,0.0
9972,28.1970373,0.0,0.0,30.0,0.0,0.0,0.0,0.0
9973,28.1968206,0.0,0.0,30.0,0.0,0.0,0.0,0.0
9974,28.1966315,0.0,0.0,30.0,0.0,0.0,0.0,0.0
9975,28.1964689,0.0,0.0,30.0,0.0,0.0,0.0,0.0
9976,28.1963318,0.0,0.0,30.0,0.0,0.0,0.0,0.0
9977,28.1962193,0.0,0.0,30.0,0.0,0.0,0.0,0.0
9978,28.1961306,0.0,0.0,30.0,0.0,0.0,0.0,0.0
9979,28.1960653,0.0,0.0,30.0,0.0,0.0,0.0,0.0
9980,28.196023,0.0,0.0,30.0,0.0,0.0,0.0,0.0
9981,28.1960033,0.0,0.0,30.0,0.0,0.0,0.0,0.0
9982,28.1960062,0.0,0.0,30.0,0.0,0.0,0.0,0.0
9983,28.1960317,0.0,0.0,30.0,0.0,0.0,0.0,0.0
9984,28.1960799,0.0,0.0,30.0,0.0,0.0,0.0,0.0
9985,28.1961512,0.0,0.0,30.0,0.0,0.0,0.0,0.0
9986,28.1962459,0.0,0.0,30.0,0.0,0.0,0.0,0.0
9987,28.1963647,0.0,0.0,30.0,0.0,0.0,0.0,0.0
9988,28.1965083,0.0,0.0,30.0,0.0,0.0,0.0,0.0
9989,28.1966776,0.0,0.0,30.0,0.0,0.0,0.0,0.0
9990,28.1968737,0.0,0.0,30.0,0.0,0.0,0.0,0.0
9991,28.1970977,0.0,0.0,30.0,0.0,0.0,0.0,0.0
9992,28.1973511,0.0,0.0,30.0,0.0,0.0,0.0,0.0
9993,28.1976355,0.0,0.0,30.0,0.0,0.0,0.0,0.0
9994,28.1979526,0.0,0.0,30.0,0.0,0.0,0.0,0.0
9995,28.1983044,0.0,0.0,30.0,0.0,0.0,0.0,0.0
9996,28.1986931,0.0,0.0,30.0,0.0,0.0,0.0,0.0
9997,28.199121,0.0,0.0,30.0,0.0,0.0,0.0,0.0
9998,28.199591,0.0,0.0,30.0,0.0,0.0,0.0,0.0
9999,28.2001059,0.0,0.0,30.0,0.0,0.0,0.0,0.0
10000,28.2006688,0.0,0.0,30.0,0.0,0.0,0.0,0.0
10001,28.2012834,0.0,0.0,30.0,0.0,0.0,0.0,0.0
10002,28.2019535,0.0,0.0,30.0,0.0,0.0,0.0,0.0
10003,28.2026831,0.0,0.0,30.0,0.0,0.0,0.0,0.0
10004,28.2034769,0.0,0.0,30.0,0.0,0.0,0.0,0.0
10005,28.2043398,0.0,0.0,30.0,0.0,0.0,0.0,0.0
10006,28.2052772,0.0,0.0,30.0,0.0,0.0,0.0,0.0
10007,28.2062949,0.0,0.0,30.0,0.0,0.0,0.0,0.0
10008,28.2073993,0.0,0.0,30.0,0.0,0.0,0.0,0.0
10009,28.2085971,0.0,0.0,30.0,0.0,0.0,0.0,0.0
10010,28.209896,0.0,0.0,30.0,0.0,0.0,0.0,0.0
10011,28.211304,0.0,0.0,30.0,0.0,0.0,0.0,0.0
10012,28.2128298,0.0,0.0,30.0,0.0,0.0,0.0,0.0
10013,28.2144829,0.0,0.0,30.0,0.0,0.0,0.0,0.0
10014,28.2162737,0.0,0.0,30.0,0.0,0.0,0.0,0.0
10015,28.2182133,0.0,0.0,30.0,0.0,0.0,0.0,0.0
10016,28.2203137,0.0,0.0,30.0,0.0,0.0,0.0,0.0
10017,28.2225882,0.0,0.0,30.0,0.0,0.0,0.0,0.0
10018,28.2250507,0.0,0.0,30.0,0.0,0.0,0.0,0.0
10019,28.2277167,0.0,0.0,30.0,0.0,0.0,0.0,0.0
10020,28.2306027,0.0,0.0,30.0,0.0,0.0,0.0,0.0
10021,28.2337268,0.0,0.0,30.0,0.0,0.0,0.0,0.0
10022,28.2371084,0.0,0.0,30.0,0.0,0.0,0.0,0.0
10023,28.2407685,0.0,0.0,30.0,0.0,0.0,0.0,0.0
10024,28.2447299,0.0,0.0,30.0,0.0,0.0,0.0,0.0
10025,28.2490174,0.0,0.0,30.0,0.0,0.0,0.0,0.0
10026,28.2536575,0.0,0.0,30.0,0.0,0.0,0.0,0.0
10027,28.2586792,0.0,0.0,30.0,0.0,0.0,0.0,0.0
10028,28.2641139,0.0,0.0,30.0,0.0,0.0,0.0,0.0
10029,28.2699952,0.0,0.0,30.0,0.0,0.0,0.0,0.0
10030,28.2763599,0.0,0.0,30.0,0.0,0.0,0.0,0.0
10031,28.2832475,0.0,0.0,30.0,0.0,0.0,0.0,0.0
10032,28.2907011,0.0,0.0,30.0,0.0,0.0,0.0,0.0
10033,28.2987669,0.0,0.0,30.0,0.0,0.0,0.0,0.0
10034,28.3074952,0.0,0.0,30.0,0.0,0.0,0.0,0.0
10035,28.3169403,0.0,0.0,30.0,0.0,0.0,0.0,0.0
10036,28.3271612,0.0,0.0,30.0,0.0,0.0,0.0,0.0
10037,28.3382214,0.0,0.0,30.0,0.0,0.0,0.0,0.0
10038,28.3501897,0.0,0.0,30.0,0.0,0.0,0.0,0.0
10039,28.3631409,0.0,0.0,30.0,0.0,0.0,0.0,0.0
10040,28.3771553,0.0,0.0,30.0,0.0,0.0,0.0,0.0
10041,28.3923205,0.0,0.0,30.0,0.0,0.0,0.0,0.0
10042,28.4087307,0.0,0.0,30.0,0.0,0.0,0.0,0.0
10043,28.4264882,0.0,0.0,30.0,0.0,0.0,0.0,0.0
10044,28.4457036,0.0,0.0,30.0,0.0,0.0,0.0,0.0
10045,28.4664965,0.0,0.0,30.0,0.0,0.0,0.0,0.0
10046,28.4889962,0.0,0.0,30.0,0.0,0.0,0.0,0.0
10047,28.5133435,0.0,0.0,30.0,0.0,0.0,0.0,0.0
10048,28.5396896,0.0,0.0,30.0,0.0,0.0,0.0,0.0
10049,28.5681969,0.0,0.0,30.0,0.0,0.0,0.0,0.0
10050,28.5990437,0.0,0.0,30.0,0.0,0.0,0.0,0.0
10051,28.6324309,0.0,0.0,30.0,0.0,0.0,0.0,0.0
10052,28.6685613,0.0,0.0,30.0,0.0,0.0,0.0,0.0
10053,28.707617,0.0,0.0,30.0,0.0,0.0,0.0,0.0
10054,28.7498715,0.0,0.0,30.0,0.0,0.0,0.0,0.0
10055,28.7957965,0.0,0.0,30.0,0.0,0.0,0.0,0.0
10056,28.8455062,0.0,0.0,30.0,0.0,0.0,0.0,0.0
10057,28.8982932,0.0,0.0,30.0,0.0,0.0,0.0,0.0
10058,28.9554465,0.0,0.0,30.0,0.0,0.0,0.0,0.0
10059,29.0222675,0.0,0.0,30.0,0.0,0.0,0.0,0.0
10060,29.093881,0.0,0.0,30.0,0.0,0.0,0.0,0.0
10061,29.1467499,0.0,0.0,30.0,0.0,0.0,0.0,0.0
10062,29.21001,0.0,0.0,30.0,0.0,0.0,0.0,0.0
10063,29.4000264,0.0,0.0,30.0,0.0,0.0,0.0,0.0
10064,29.5627629,0.0,0.0,30.0,0.0,0.0,0.0,0.0
10065,29.138238,0.0,0.0,30.0,0.0,0.0,0.0,0.0
10066,29.0148375,0.0,0.0,30.0,0.0,0.0,0.0,0.0
10067,29.9065188,0.0,0.0,30.0,0.0,0.0,0.0,0.0
10068,30.0,0.0,0.0,30.0,0.0,0.0,0.0,0.0
10069,30.0,0.0,0.0,30.0,0.0,0.0,0.0,0.0
10070,23.8911061,0.0,0.0,30.0,0.0,0.0,0.0,0.0
10071,23.6889154,0.0,0.0,30.0,0.0,0.0,0.0,0.0
10072,0.0,0.0,0.0,0.0,0.0,0.0,0.0,0.0
10073,30.0,0.0,0.0,4.17190152,0.0,0.0,0.0,0.0
10074,28.6297695,0.0,0.0,6.60148259,0.0,0.0,0.0,0.0
10075,0.0,0.0,0.0,16.68928,0.0,0.0,0.0,0.0
10076,0.0,0.0,0.0,21.8568074,0.0,0.0,0.0,0.0
10077,0.0,0.0,0.0,23.2967201,0.0,0.0,0.0,0.0
10078,0.0,0.0,0.0,23.7604688,0.0,0.0,0.0,0.0
10079,0.0,0.0,0.0,24.6293481,0.0,0.0,0.0,0.0
10080,0.0,0.0,0.0,25.4445645,0.0,0.0,0.0,0.0
10081,0.0,0.0,0.0,26.0144838,0.0,0.0,0.0,0.0
10082,0.0,0.0,0.0,26.4238771,0.0,0.0,0.0,0.0
10083,0.0,0.0,0.0,26.7067737,0.0,0.0,0.0,0.0
10084,0.0,0.0,0.0,26.8536249,0.0,0.0,0.0,0.0
10085,0.0,0.0,0.0,26.8618293,0.0,0.0,0.0,0.0
10086,0.0,0.0,0.0,26.7336019,0.0,0.0,0.0,0.0
10087,0.0,0.0,0.0,26.468907,0.0,0.0,0.0,0.0
10088,0.0,0.0,0.0,26.064076,0.0,0.0,0.0,0.0
10089,0.0,0.0,0.0,25.5086411,0.0,0.0,0.0,0.0
10090,0.0,0.0,0.0,24.7984215,0.0,0.0,0.0,0.0
10091,0.0,0.0,0.0,23.960887,0.0,0.0,0.0,0.0
10092,0.0,0.0,0.0,22.9653042,0.0,0.0,0.0,0.0
10093,0.0,0.0,0.0,21.5727075,0.0,0.0,0.0,0.0
10094,0.0,0.0,0.0,19.9394657,0.0,0.0,0.0,0.0
10095,0.0,0.0,0.0,19.4813227,0.0,0.0,0.0,0.0
10096,0.0,0.0,0.0,18.8378835,0.0,0.0,0.0,0.0
10097,0.0,0.0,0.0,8.98363264,0.0,0.0,0.0,0.0
10098,0.0,0.0,0.0,0.286356857,0.0,0.0,0.0,0.0
10099,0.0,0.0,0.0,4.89029842,0.0,0.0,0.0,0.0
10100,30.0,0.0,0.0,30.0,0.0,0.0,0.0,0.0
10101,30.0,0.0,0.0,30.0,0.0,0.0,0.0,0.0
10102,30.0,0.0,0.0,30.0,0.0,0.0,0.0,0.0
10103,30.0,0.0,0.0,30.0,0.0,0.0,0.0,0.0
10104,30.0,0.0,0.0,30.0,0.0,0.0,0.0,0.0
10105,30.0,0.0,0.0,30.0,0.0,0.0,0.0,0.0
10106,23.3787873,0.0,0.0,30.0,0.0,0.0,0.0,0.0
10107,17.938675,0.0,0.0,30.0,0.0,0.0,0.0,0.0
10108,14.6922641,0.0,0.0,30.0,0.0,0.0,0.0,0.0
10109,20.2529505,0.0,0.0,30.0,0.0,0.0,0.0,0.0
10110,24.4452667,0.0,0.0,30.0,0.0,0.0,0.0,0.0
10111,29.6732231,0.0,0.0,30.0,0.0,0.0,0.0,0.0
10112,30.0,0.0,0.0,30.0,0.0,0.0,0.0,0.0
10113,30.0,0.0,0.0,30.0,0.0,0.0,0.0,0.0
10114,30.0,0.0,0.0,30.0,0.0,0.0,0.0,0.0
10115,30.0,0.0,0.0,30.0,0.0,0.0,0.0,0.0
10116,30.0,0.0,0.0,30.0,0.0,0.0,0.0,0.0
10117,30.0,0.0,0.0,30.0,0.0,0.0,0.0,0.0
10118,30.0,0.0,0.0,30.0,0.0,0.0,0.0,0.0
10119,30.0,0.0,0.0,30.0,0.0,0.0,0.0,0.0
10120,28.8659729,0.0,0.0,30.0,0.0,0.0,0.0,0.0
10121,28.8891927,0.0,0.0,30.0,0.0,0.0,0.0,0.0
10122,29.0168359,0.0,0.0,30.0,0.0,0.0,0.0,0.0
10123,28.598468,0.0,0.0,30.0,0.0,0.0,0.0,0.0
10124,28.5493318,0.0,0.0,30.0,0.0,0.0,0.0,0.0
10125,28.5940176,0.0,0.0,30.0,0.0,0.0,0.0,0.0
10126,28.5657193,0.0,0.0,30.0,0.0,0.0,0.0,0.0
10127,28.5228926,0.0,0.0,30.0,0.0,0.0,0.0,0.0
10128,28.4976939,0.0,0.0,30.0,0.0,0.0,0.0,0.0
10129,28.4774592,0.0,0.0,30.0,0.0,0.0,0.0,0.0
10130,28.4557971,0.0,0.0,30.0,0.0,0.0,0.0,0.0
10131,28.4352267,0.0,0.0,30.0,0.0,0.0,0.0,0.0
10132,28.4168255,0.0,0.0,30.0,0.0,0.0,0.0,0.0
10133,28.3999185,0.0,0.0,30.0,0.0,0.0,0.0,0.0
10134,28.3841694,0.0,0.0,30.0,0.0,0.0,0.0,0.0
10135,28.3695979,0.0,0.0,30.0,0.0,0.0,0.0,0.0
10136,28.3561575,0.0,0.0,30.0,0.0,0.0,0.0,0.0
10137,28.3437397,0.0,0.0,30.0,0.0,0.0,0.0,0.0
10138,28.3322589,0.0,0.0,30.0,0.0,0.0,0.0,0.0
10139,28.3216486,0.0,0.0,30.0,0.0,0.0,0.0,0.0
10140,28.3118445,0.0,0.0,30.0,0.0,0.0,0.0,0.0
10141,28.3027843,0.0,0.0,30.0,0.0,0.0,0.0,0.0
10142,28.2944114,0.0,0.0,30.0,0.0,0.0,0.0,0.0
10143,28.2866739,0.0,0.0,30.0,0.0,0.0,0.0,0.0
10144,28.2795236,0.0,0.0,30.0,0.0,0.0,0.0,0.0
10145,28.272916,0.0,0.0,30.0,0.0,0.0,0.0,0.0
10146,28.2668098,0.0,0.0,30.0,0.0,0.0,0.0,0.0
10147,28.2611672,0.0,0.0,30.0,0.0,0.0,0.0,0.0
10148,28.2559529,0.0,0.0,30.0,0.0,0.0,0.0,0.0
10149,28.2511344,0.0,0.0,30.0,0.0,0.0,0.0,0.0
10150,28.2466819,0.0,0.0,30.0,0.0,0.0,0.0,0.0
10151,28.2425675,0.0,0.0,30.0,0.0,0.0,0.0,0.0
10152,28.2387656,0.0,0.0,30.0,0.0,0.0,0.0,0.0
10153,28.2352526,0.0,0.0,30.0,0.0,0.0,0.0,0.0
10154,28.2320066,0.0,0.0,30.0,0.0,0.0,0.0,0.0
10155,28.2290073,0.0,0.0,30.0,0.0,0.0,0.0,0.0
10156,28.2262361,0.0,0.0,30.0,0.0,0.0,0.0,0.0
10157,28.2236757,0.0,0.0,30.0,0.0,0.0,0.0,0.0
10158,28.2213103,0.0,0.0,30.0,0.0,0.0,0.0,0.0
10159,28.2191249,0.0,0.0,30.0,0.0,0.0,0.0,0.0
10160,28.2171062,0.0,0.0,30.0,0.0,0.0,0.0,0.0
10161,28.2152414,0.0,0.0,30.0,0.0,0.0,0.0,0.0
10162,28.213519,0.0,0.0,30.0,0.0,0.0,0.0,0.0
10163,28.2119282,0.0,0.0,30.0,0.0,0.0,0.0,0.0
10164,28.2104591,0.0,0.0,30.0,0.0,0.0,0.0,0.0
10165,28.2091026,0.0,0.0,30.0,0.0,0.0,0.0,0.0
10166,28.2078503,0.0,0.0,30.0,0.0,0.0,0.0,0.0
10167,28.2066943,0.0,0.0,30.0,0.0,0.0,0.0,0.0
10168,28.2056274,0.0,0.0,30.0,0.0,0.0,0.0,0.0
10169,28.2046431,0.0,0.0,30.0,0.0,0.0,0.0,0.0
10170,28.203735,0.0,0.0,30.0,0.0,0.0,0.0,0.0
10171,28.2028978,0.0,0.0,30.0,0.0,0.0,0.0,0.0
10172,28.202126,0.0,0.0,30.0,0.0,0.0,0.0,0.0
10173,28.2014148,0.0,0.0,30.0,0.0,0.0,0.0,0.0
10174,28.20076,0.0,0.0,30.0,0.0,0.0,0.0,0.0
10175,28.2001573,0.0,0.0,30.0,0.0,0.0,0.0,0.0
10176,28.1996031,0.0,0.0,30.0,0.0,0.0,0.0,0.0
10177,28.1990938,0.0,0.0,30.0,0.0,0.0,0.0,0.0
10178,28.1986264,0.0,0.0,30.0,0.0,0.0,0.0,0.0
10179,28.1981978,0.0,0.0,30.0,0.0,0.0,0.0,0.0
10180,28.1978055,0.0,0.0,30.0,0.0,0.0,0.0,0.0
10181,28.1974469,0.0,0.0,30.0,0.0,0.0,0.0,0.0
10182,28.1971199,0.0,0.0,30.0,0.0,0.0,0.0,0.0
10183,28.1968225,0.0,0.0,30.0,0.0,0.0,0.0,0.0
10184,28.1965526,0.0,0.0,30.0,0.0,0.0,0.0,0.0
10185,28.1963088,0.0,0.0,30.0,0.0,0.0,0.0,0.0
10186,28.1960894,0.0,0.0,30.0,0.0,0.0,0.0,0.0
10187,28.1958931,0.0,0.0,30.0,0.0,0.0,0.0,0.0
10188,28.1957187,0.0,0.0,30.0,0.0,0.0,0.0,0.0
10189,28.1955651,0.0,0.0,30.0,0.0,0.0,0.0,0.0
10190,28.1954313,0.0,0.0,30.0,0.0,0.0,0.0,0.0
10191,28.1953165,0.0,0.0,30.0,0.0,0.0,0.0,0.0
10192,28.1952199,0.0,0.0,30.0,0.0,0.0,0.0,0.0
10193,28.1951411,0.0,0.0,30.0,0.0,0.0,0.0,0.0
10194,28.1950794,0.0,0.0,30.0,0.0,0.0,0.0,0.0
10195,28.1950346,0.0,0.0,30.0,0.0,0.0,0.0,0.0
10196,28.1950063,0.0,0.0,30.0,0.0,0.0,0.0,0.0
10197,28.1949943,0.0,0.0,30.0,0.0,0.0,0.0,0.0
10198,28.1949986,0.0,0.0,30.0,0.0,0.0,0.0,0.0
10199,28.1950192,0.0,0.0,30.0,0.0,0.0,0.0,0.0
10200,28.1950562,0.0,0.0,30.0,0.0,0.0,0.0,0.0
10201,28.1951099,0.0,0.0,30.0,0.0,0.0,0.0,0.0
10202,28.1951806,0.0,0.0,30.0,0.0,0.0,0.0,0.0
10203,28.1952687,0.0,0.0,30.0,0.0,0.0,0.0,0.0
10204,28.1953748,0.0,0.0,30.0,0.0,0.0,0.0,0.0
10205,28.1954995,0.0,0.0,30.0,0.0,0.0,0.0,0.0
10206,28.1956437,0.0,0.0,30.0,0.0,0.0,0.0,0.0
10207,28.1958082,0.0,0.0,30.0,0.0,0.0,0.0,0.0
10208,28.195994,0.0,0.0,30.0,0.0,0.0,0.0,0.0
10209,28.1962023,0.0,0.0,30.0,0.0,0.0,0.0,0.0
10210,28.1964344,0.0,0.0,30.0,0.0,0.0,0.0,0.0
10211,28.1966918,0.0,0.0,30.0,0.0,0.0,0.0,0.0
10212,28.196976,0.0,0.0,30.0,0.0,0.0,0.0,0.0
10213,28.1972888,0.0,0.0,30.0,0.0,0.0,0.0,0.0
10214,28.1976322,0.0,0.0,30.0,0.0,0.0,0.0,0.0
10215,28.1980083,0.0,0.0,30.0,0.0,0.0,0.0,0.0
10216,28.1984195,0.0,0.0,30.0,0.0,0.0,0.0,0.0
10217,28.1988682,0.0,0.0,30.0,0.0,0.0,0.0,0.0
10218,28.1993574,0.0,0.0,30.0,0.0,0.0,0.0,0.0
10219,28.1998899,0.0,0.0,30.0,0.0,0.0,0.0,0.0
10220,28.2004693,0.0,0.0,30.0,0.0,0.0,0.0,0.0
10221,28.201099,0.0,0.0,30.0,0.0,0.0,0.0,0.0
10222,28.2017831,0.0,0.0,30.0,0.0,0.0,0.0,0.0
10223,28.2025256,0.0,0.0,30.0,0.0,0.0,0.0,0.0
10224,28.2033314,0.0,0.0,30.0,0.0,0.0,0.0,0.0
10225,28.2042053,0.0,0.0,30.0,0.0,0.0,0.0,0.0
10226,28.2051529,0.0,0.0,30.0,0.0,0.0,0.0,0.0
10227,28.2061801,0.0,0.0,30.0,0.0,0.0,0.0,0.0
10228,28.2072931,0.0,0.0,30.0,0.0,0.0,0.0,0.0
10229,28.2084991,0.0,0.0,30.0,0.0,0.0,0.0,0.0
10230,28.2098054,0.0,0.0,30.0,0.0,0.0,0.0,0.0
10231,28.2112202,0.0,0.0,30.0,0.0,0.0,0.0,0.0
10232,28.2127523,0.0,0.0,30.0,0.0,0.0,0.0,0.0
10233,28.2144114,0.0,0.0,30.0,0.0,0.0,0.0,0.0
10234,28.2162076,0.0,0.0,30.0,0.0,0.0,0.0,0.0
10235,28.2181522,0.0,0.0,30.0,0.0,0.0,0.0,0.0
10236,28.2202573,0.0,0.0,30.0,0.0,0.0,0.0,0.0
10237,28.222536,0.0,0.0,30.0,0.0,0.0,0.0,0.0
10238,28.2250025,0.0,0.0,30.0,0.0,0.0,0.0,0.0
10239,28.2276721,0.0,0.0,30.0,0.0,0.0,0.0,0.0
10240,28.2305616,0.0,0.0,30.0,0.0,0.0,0.0,0.0
10241,28.2336888,0.0,0.0,30.0,0.0,0.0,0.0,0.0
10242,28.2370732,0.0,0.0,30.0,0.0,0.0,0.0,0.0
10243,28.240736,0.0,0.0,30.0,0.0,0.0,0.0,0.0
10244,28.2446999,0.0,0.0,30.0,0.0,0.0,0.0,0.0
10245,28.2489896,0.0,0.0,30.0,0.0,0.0,0.0,0.0
10246,28.2536319,0.0,0.0,30.0,0.0,0.0,0.0,0.0
10247,28.2586556,0.0,0.0,30.0,0.0,0.0,0.0,0.0
10248,28.264092,0.0,0.0,30.0,0.0,0.0,0.0,0.0
10249,28.269975,0.0,0.0,30.0,0.0,0.0,0.0,0.0
10250,28.2763412,0.0,0.0,30.0,0.0,0.0,0.0,0.0
10251,28.2832303,0.0,0.0,30.0,0.0,0.0,0.0,0.0
10252,28.2906851,0.0,0.0,30.0,0.0,0.0,0.0,0.0
10253,28.2987521,0.0,0.0,30.0,0.0,0.0,0.0,0.0
10254,28.3074815,0.0,0.0,30.0,0.0,0.0,0.0,0.0
10255,28.3169277,0.0,0.0,30.0,0.0,0.0,0.0,0.0
10256,28.3271496,0.0,0.0,30.0,0.0,0.0,0.0,0.0
10257,28.3382106,0.0,0.0,30.0,0.0,0.0,0.0,0.0
10258,28.3501798,0.0,0.0,30.0,0.0,0.0,0.0,0.0
10259,28.3631317,0.0,0.0,30.0,0.0,0.0,0.0,0.0
10260,28.3771469,0.0,0.0,30.0,0.0,0.0,0.0,0.0
10261,28.3923127,0.0,0.0,30.0,0.0,0.0,0.0,0.0
10262,28.4087235,0.0,0.0,30.0,0.0,0.0,0.0,0.0
10263,28.4264816,0.0,0.0,30.0,0.0,0.0,0.0,0.0
10264,28.4456975,0.0,0.0,30.0,0.0,0.0,0.0,0.0
10265,28.4664908,0.0,0.0,30.0,0.0,0.0,0.0,0.0
10266,28.488991,0.0,0.0,30.0,0.0,0.0,0.0,0.0
10267,28.5133386,0.0,0.0,30.0,0.0,0.0,0.0,0.0
10268,28.5396851,0.0,0.0,30.0,0.0,0.0,0.0,0.0
10269,28.5681927,0.0,0.0,30.0,0.0,0.0,0.0,0.0
10270,28.5990399,0.0,0.0,30.0,0.0,0.0,0.0,0.0
10271,28.6324274,0.0,0.0,30.0,0.0,0.0,0.0,0.0
10272,28.668558,0.0,0.0,30.0,0.0,0.0,0.0,0.0
10273,28.707614,0.0,0.0,30.0,0.0,0.0,0.0,0.0
10274,28.7498688,0.0,0.0,30.0,0.0,0.0,0.0,0.0
10275,28.795794,0.0,0.0,30.0,0.0,0.0,0.0,0.0
10276,28.8455039,0.0,0.0,30.0,0.0,0.0,0.0,0.0
10277,28.8982911,0.0,0.0,30.0,0.0,0.0,0.0,0.0
10278,28.9554446,0.0,0.0,30.0,0.0,0.0,0.0,0.0
10279,29.0222657,0.0,0.0,30.0,0.0,0.0,0.0,0.0
10280,29.0938794,0.0,0.0,30.0,0.0,0.0,0.0,0.0
10281,29.1467484,0.0,0.0,30.0,0.0,0.0,0.0,0.0
10282,29.2100086,0.0,0.0,30.0,0.0,0.0,0.0,0.0
10283,29.4000251,0.0,0.0,30.0,0.0,0.0,0.0,0.0
10284,29.5627617,0.0,0.0,30.0,0.0,0.0,0.0,0.0
10285,29.1382371,0.0,0.0,30.0,0.0,0.0,0.0,0.0
10286,29.0148365,0.0,0.0,30.0,0.0,0.0,0.0,0.0
10287,29.9065178,0.0,0.0,30.0,0.0,0.0,0.0,0.0
10288,30.0,0.0,0.0,30.0,0.0,0.0,0.0,0.0
10289,30.0,0.0,0.0,30.0,0.0,0.0,0.0,0.0
10290,23.891103,0.0,0.0,30.0,0.0,0.0,0.0,0.0
10291,23.6889133,0.0,0.0,30.0,0.0,0.0,0.0,0.0
10292,0.0,0.0,0.0,0.0,0.0,0.0,0.0,0.0
10293,30.0,0.0,0.0,4.24215555,0.0,0.0,0.0,0.0
10294,30.0,0.0,0.0,6.21558261,0.0,0.0,0.0,0.0
10295,0.0,0.0,0.0,16.821143,0.0,0.0,0.0,0.0
10296,0.0,0.0,0.0,22.0224509,0.0,0.0,0.0,0.0
10297,0.0,0.0,0.0,23.4858191,0.0,0.0,0.0,0.0
10298,0.0,0.0,0.0,23.9723774,0.0,0.0,0.0,0.0
10299,0.0,0.0,0.0,24.8689566,0.0,0.0,0.0,0.0
10300,0.0,0.0,0.0,25.7150738,0.0,0.0,0.0,0.0
10301,0.0,0.0,0.0,26.3186973,0.0,0.0,0.0,0.0
10302,0.0,0.0,0.0,26.7653254,0.0,0.0,0.0,0.0
10303,0.0,0.0,0.0,27.0895284,0.0,0.0,0.0,0.0
10304,0.0,0.0,0.0,27.2822035,0.0,0.0,0.0,0.0
10305,0.0,0.0,0.0,27.3413161,0.0,0.0,0.0,0.0
10306,0.0,0.0,0.0,27.2695901,0.0,0.0,0.0,0.0
10307,0.0,0.0,0.0,27.0673952,0.0,0.0,0.0,0.0
10308,0.0,0.0,0.0,26.7324818,0.0,0.0,0.0,0.0
10309,0.0,0.0,0.0,26.256775,0.0,0.0,0.0,0.0
10310,0.0,0.0,0.0,25.6323564,0.0,0.0,0.0,0.0
10311,0.0,0.0,0.0,24.8783767,0.0,0.0,0.0,0.0
10312,0.0,0.0,0.0,23.9967867,0.0,0.0,0.0,0.0
10313,0.0,0.0,0.0,22.8047231,0.0,0.0,0.0,0.0
10314,0.0,0.0,0.0,21.247438,0.0,0.0,0.0,0.0
10315,0.0,0.0,0.0,20.4247573,0.0,0.0,0.0,0.0
10316,0.0,0.0,0.0,20.4007986,0.0,0.0,0.0,0.0
10317,0.0,0.0,0.0,13.9581131,0.0,0.0,0.0,0.0
10318,0.0,0.0,0.0,1.89195953,0.0,0.0,0.0,0.0
10319,0.0,0.0,0.0,5.90614328,0.0,0.0,0.0,0.0
10320,30.0,0.0,0.0,30.0,0.0,0.0,0.0,0.0
10321,30.0,0.0,0.0,30.0,0.0,0.0,0.0,0.0
10322,30.0,0.0,0.0,30.0,0.0,0.0,0.0,0.0
10323,30.0,0.0,0.0,30.0,0.0,0.0,0.0,0.0
10324,30.0,0.0,0.0,30.0,0.0,0.0,0.0,0.0
10325,30.0,0.0,0.0,30.0,0.0,0.0,0.0,0.0
10326,30.0,0.0,0.0,30.0,0.0,0.0,0.0,0.0
10327,30.0,0.0,0.0,30.0,0.0,0.0,0.0,0.0
10328,30.0,0.0,0.0,30.0,0.0,0.0,0.0,0.0
10329,30.0,0.0,0.0,30.0,0.0,0.0,0.0,0.0
10330,30.0,0.0,0.0,30.0,0.0,0.0,0.0,0.0
10331,30.0,0.0,0.0,30.0,0.0,0.0,0.0,0.0
10332,28.7631917,0.0,0.0,30.0,0.0,0.0,0.0,0.0
10333,23.5071464,0.0,0.0,30.0,0.0,0.0,0.0,0.0
10334,24.4810295,0.0,0.0,30.0,0.0,0.0,0.0,0.0
10335,30.0,0.0,0.0,30.0,0.0,0.0,0.0,0.0
10336,30.0,0.0,0.0,30.0,0.0,0.0,0.0,0.0
10337,30.0,0.0,0.0,30.0,0.0,0.0,0.0,0.0
10338,30.0,0.0,0.0,30.0,0.0,0.0,0.0,0.0
10339,30.0,0.0,0.0,30.0,0.0,0.0,0.0,0.0
10340,29.3428211,0.0,0.0,30.0,0.0,0.0,0.0,0.0
10341,28.9123013,0.0,0.0,30.0,0.0,0.0,0.0,0.0
10342,28.8323665,0.0,0.0,30.0,0.0,0.0,0.0,0.0
10343,28.6408366,0.0,0.0,30.0,0.0,0.0,0.0,0.0
10344,28.6215593,0.0,0.0,30.0,0.0,0.0,0.0,0.0
10345,28.6172925,0.0,0.0,30.0,0.0,0.0,0.0,0.0
10346,28.5814906,0.0,0.0,30.0,0.0,0.0,0.0,0.0
10347,28.5463496,0.0,0.0,30.0,0.0,0.0,0.0,0.0
10348,28.5203377,0.0,0.0,30.0,0.0,0.0,0.0,0.0
10349,28.496575,0.0,0.0,30.0,0.0,0.0,0.0,0.0
10350,28.4733069,0.0,0.0,30.0,0.0,0.0,0.0,0.0
10351,28.4517763,0.0,0.0,30.0,0.0,0.0,0.0,0.0
10352,28.4321432,0.0,0.0,30.0,0.0,0.0,0.0,0.0
10353,28.4139995,0.0,0.0,30.0,0.0,0.0,0.0,0.0
10354,28.3971791,0.0,0.0,30.0,0.0,0.0,0.0,0.0
10355,28.3816359,0.0,0.0,30.0,0.0,0.0,0.0,0.0
10356,28.3672826,0.0,0.0,30.0,0.0,0.0,0.0,0.0
10357,28.3540178,0.0,0.0,30.0,0.0,0.0,0.0,0.0
10358,28.3417573,0.0,0.0,30.0,0.0,0.0,0.0,0.0
10359,28.3304271,0.0,0.0,30.0,0.0,0.0,0.0,0.0
10360,28.319957,0.0,0.0,30.0,0.0,0.0,0.0,0.0
10361,28.3102813,0.0,0.0,30.0,0.0,0.0,0.0,0.0
10362,28.3013398,0.0,0.0,30.0,0.0,0.0,0.0,0.0
10363,28.2930767,0.0,0.0,30.0,0.0,0.0,0.0,0.0
10364,28.2854407,0.0,0.0,30.0,0.0,0.0,0.0,0.0
10365,28.2783842,0.0,0.0,30.0,0.0,0.0,0.0,0.0
10366,28.2718632,0.0,0.0,30.0,0.0,0.0,0.0,0.0
10367,28.2658372,0.0,0.0,30.0,0.0,0.0,0.0,0.0
10368,28.2602687,0.0,0.0,30.0,0.0,0.0,0.0,0.0
10369,28.2551228,0.0,0.0,30.0,0.0,0.0,0.0,0.0
10370,28.2503677,0.0,0.0,30.0,0.0,0.0,0.0,0.0
10371,28.2459737,0.0,0.0,30.0,0.0,0.0,0.0,0.0
10372,28.2419135,0.0,0.0,30.0,0.0,0.0,0.0,0.0
10373,28.2381617,0.0,0.0,30.0,0.0,0.0,0.0,0.0
10374,28.234695,0.0,0.0,30.0,0.0,0.0,0.0,0.0
10375,28.2314918,0.0,0.0,30.0,0.0,0.0,0.0,0.0
10376,28.2285321,0.0,0.0,30.0,0.0,0.0,0.0,0.0
10377,28.2257976,0.0,0.0,30.0,0.0,0.0,0.0,0.0
10378,28.2232711,0.0,0.0,30.0,0.0,0.0,0.0,0.0
10379,28.2209371,0.0,0.0,30.0,0.0,0.0,0.0,0.0
10380,28.2187809,0.0,0.0,30.0,0.0,0.0,0.0,0.0
10381,28.216789,0.0,0.0,30.0,0.0,0.0,0.0,0.0
10382,28.2149492,0.0,0.0,30.0,0.0,0.0,0.0,0.0
10383,28.2132499,0.0,0.0,30.0,0.0,0.0,0.0,0.0
10384,28.2116806,0.0,0.0,30.0,0.0,0.0,0.0,0.0
10385,28.2102315,0.0,0.0,30.0,0.0,0.0,0.0,0.0
10386,28.2088935,0.0,0.0,30.0,0.0,0.0,0.0,0.0
10387,28.2076584,0.0,0.0,30.0,0.0,0.0,0.0,0.0
10388,28.2065184,0.0,0.0,30.0,0.0,0.0,0.0,0.0
10389,28.2054664,0.0,0.0,30.0,0.0,0.0,0.0,0.0
10390,28.204496,0.0,0.0,30.0,0.0,0.0,0.0,0.0
10391,28.203601,0.0,0.0,30.0,0.0,0.0,0.0,0.0
10392,28.2027758,0.0,0.0,30.0,0.0,0.0,0.0,0.0
10393,28.2020154,0.0,0.0,30.0,0.0,0.0,0.0,0.0
10394,28.201315,0.0,0.0,30.0,0.0,0.0,0.0,0.0
10395,28.2006702,0.0,0.0,30.0,0.0,0.0,0.0,0.0
10396,28.2000771,0.0,0.0,30.0,0.0,0.0,0.0,0.0
10397,28.1995319,0.0,0.0,30.0,0.0,0.0,0.0,0.0
10398,28.1990312,0.0,0.0,30.0,0.0,0.0,0.0,0.0
10399,28.1985719,0.0,0.0,30.0,0.0,0.0,0.0,0.0
10400,28.1981512,0.0,0.0,30.0,0.0,0.0,0.0,0.0
10401,28.1977665,0.0,0.0,30.0,0.0,0.0,0.0,0.0
10402,28.1974152,0.0,0.0,30.0,0.0,0.0,0.0,0.0
10403,28.1970954,0.0,0.0,30.0,0.0,0.0,0.0,0.0
10404,28.1968048,0.0,0.0,30.0,0.0,0.0,0.0,0.0
10405,28.1965419,0.0,0.0,30.0,0.0,0.0,0.0,0.0
10406,28.1963048,0.0,0.0,30.0,0.0,0.0,0.0,0.0
10407,28.1960922,0.0,0.0,30.0,0.0,0.0,0.0,0.0
10408,28.1959027,0.0,0.0,30.0,0.0,0.0,0.0,0.0
10409,28.1957351,0.0,0.0,30.0,0.0,0.0,0.0,0.0
10410,28.1955884,0.0,0.0,30.0,0.0,0.0,0.0,0.0
10411,28.1954617,0.0,0.0,30.0,0.0,0.0,0.0,0.0
10412,28.1953541,0.0,0.0,30.0,0.0,0.0,0.0,0.0
10413,28.1952651,0.0,0.0,30.0,0.0,0.0,0.0,0.0
10414,28.195194,0.0,0.0,30.0,0.0,0.0,0.0,0.0
10415,28.1951405,0.0,0.0,30.0,0.0,0.0,0.0,0.0
10416,28.1951041,0.0,0.0,30.0,0.0,0.0,0.0,0.0
10417,28.1950847,0.0,0.0,30.0,0.0,0.0,0.0,0.0
10418,28.1950822,0.0,0.0,30.0,0.0,0.0,0.0,0.0
10419,28.1950964,0.0,0.0,30.0,0.0,0.0,0.0,0.0
10420,28.1951276,0.0,0.0,30.0,0.0,0.0,0.0,0.0
10421,28.1951759,0.0,0.0,30.0,0.0,0.0,0.0,0.0
10422,28.1952416,0.0,0.0,30.0,0.0,0.0,0.0,0.0
10423,28.1953251,0.0,0.0,30.0,0.0,0.0,0.0,0.0
10424,28.1954269,0.0,0.0,30.0,0.0,0.0,0.0,0.0
10425,28.1955477,0.0,0.0,30.0,0.0,0.0,0.0,0.0
10426,28.1956882,0.0,0.0,30.0,0.0,0.0,0.0,0.0
10427,28.1958493,0.0,0.0,30.0,0.0,0.0,0.0,0.0
10428,28.196032,0.0,0.0,30.0,0.0,0.0,0.0,0.0
10429,28.1962374,0.0,0.0,30.0,0.0,0.0,0.0,0.0
10430,28.1964669,0.0,0.0,30.0,0.0,0.0,0.0,0.0
10431,28.1967218,0.0,0.0,30.0,0.0,0.0,0.0,0.0
10432,28.1970037,0.0,0.0,30.0,0.0,0.0,0.0,0.0
10433,28.1973145,0.0,0.0,30.0,0.0,0.0,0.0,0.0
10434,28.1976559,0.0,0.0,30.0,0.0,0.0,0.0,0.0
10435,28.1980302,0.0,0.0,30.0,0.0,0.0,0.0,0.0
10436,28.1984397,0.0,0.0,30.0,0.0,0.0,0.0,0.0
10437,28.1988869,0.0,0.0,30.0,0.0,0.0,0.0,0.0
10438,28.1993746,0.0,0.0,30.0,0.0,0.0,0.0,0.0
10439,28.1999059,0.0,0.0,30.0,0.0,0.0,0.0,0.0
10440,28.2004841,0.0,0.0,30.0,0.0,0.0,0.0,0.0
10441,28.2011127,0.0,0.0,30.0,0.0,0.0,0.0,0.0
10442,28.2017957,0.0,0.0,30.0,0.0,0.0,0.0,0.0
10443,28.2025373,0.0,0.0,30.0,0.0,0.0,0.0,0.0
10444,28.2033422,0.0,0.0,30.0,0.0,0.0,0.0,0.0
10445,28.2042153,0.0,0.0,30.0,0.0,0.0,0.0,0.0
10446,28.2051621,0.0,0.0,30.0,0.0,0.0,0.0,0.0
10447,28.2061886,0.0,0.0,30.0,0.0,0.0,0.0,0.0
10448,28.207301,0.0,0.0,30.0,0.0,0.0,0.0,0.0
10449,28.2085063,0.0,0.0,30.0,0.0,0.0,0.0,0.0
10450,28.2098121,0.0,0.0,30.0,0.0,0.0,0.0,0.0
10451,28.2112264,0.0,0.0,30.0,0.0,0.0,0.0,0.0
10452,28.2127581,0.0,0.0,30.0,0.0,0.0,0.0,0.0
10453,28.2144167,0.0,0.0,30.0,0.0,0.0,0.0,0.0
10454,28.2162125,0.0,0.0,30.0,0.0,0.0,0.0,0.0
10455,28.2181567,0.0,0.0,30.0,0.0,0.0,0.0,0.0
10456,28.2202615,0.0,0.0,30.0,0.0,0.0,0.0,0.0
10457,28.2225399,0.0,0.0,30.0,0.0,0.0,0.0,0.0
10458,28.2250061,0.0,0.0,30.0,0.0,0.0,0.0,0.0
10459,28.2276754,0.0,0.0,30.0,0.0,0.0,0.0,0.0
10460,28.2305646,0.0,0.0,30.0,0.0,0.0,0.0,0.0
10461,28.2336916,0.0,0.0,30.0,0.0,0.0,0.0,0.0
10462,28.2370758,0.0,0.0,30.0,0.0,0.0,0.0,0.0
10463,28.2407384,0.0,0.0,30.0,0.0,0.0,0.0,0.0
10464,28.2447021,0.0,0.0,30.0,0.0,0.0,0.0,0.0
10465,28.2489917,0.0,0.0,30.0,0.0,0.0,0.0,0.0
10466,28.2536338,0.0,0.0,30.0,0.0,0.0,0.0,0.0
10467,28.2586573,0.0,0.0,30.0,0.0,0.0,0.0,0.0
10468,28.2640936,0.0,0.0,30.0,0.0,0.0,0.0,0.0
10469,28.2699765,0.0,0.0,30.0,0.0,0.0,0.0,0.0
10470,28.2763426,0.0,0.0,30.0,0.0,0.0,0.0,0.0
10471,28.2832315,0.0,0.0,30.0,0.0,0.0,0.0,0.0
10472,28.2906863,0.0,0.0,30.0,0.0,0.0,0.0,0.0
10473,28.2987532,0.0,0.0,30.0,0.0,0.0,0.0,0.0
10474,28.3074826,0.0,0.0,30.0,0.0,0.0,0.0,0.0
10475,28.3169287,0.0,0.0,30.0,0.0,0.0,0.0,0.0
10476,28.3271504,0.0,0.0,30.0,0.0,0.0,0.0,0.0
10477,28.3382114,0.0,0.0,30.0,0.0,0.0,0.0,0.0
10478,28.3501806,0.0,0.0,30.0,0.0,0.0,0.0,0.0
10479,28.3631324,0.0,0.0,30.0,0.0,0.0,0.0,0.0
10480,28.3771475,0.0,0.0,30.0,0.0,0.0,0.0,0.0
10481,28.3923132,0.0,0.0,30.0,0.0,0.0,0.0,0.0
10482,28.408724,0.0,0.0,30.0,0.0,0.0,0.0,0.0
10483,28.4264821,0.0,0.0,30.0,0.0,0.0,0.0,0.0
10484,28.4456979,0.0,0.0,30.0,0.0,0.0,0.0,0.0
10485,28.4664912,0.0,0.0,30.0,0.0,0.0,0.0,0.0
10486,28.4889914,0.0,0.0,30.0,0.0,0.0,0.0,0.0
10487,28.513339,0.0,0.0,30.0,0.0,0.0,0.0,0.0
10488,28.5396854,0.0,0.0,30.0,0.0,0.0,0.0,0.0
10489,28.568193,0.0,0.0,30.0,0.0,0.0,0.0,0.0
10490,28.5990402,0.0,0.0,30.0,0.0,0.0,0.0,0.0
10491,28.6324277,0.0,0.0,30.0,0.0,0.0,0.0,0.0
10492,28.6685583,0.0,0.0,30.0,0.0,0.0,0.0,0.0
10493,28.7076143,0.0,0.0,30.0,0.0,0.0,0.0,0.0
10494,28.749869,0.0,0.0,30.0,0.0,0.0,0.0,0.0
10495,28.7957942,0.0,0.0,30.0,0.0,0.0,0.0,0.0
10496,28.8455041,0.0,0.0,30.0,0.0,0.0,0.0,0.0
10497,28.8982912,0.0,0.0,30.0,0.0,0.0,0.0,0.0
10498,28.9554447,0.0,0.0,30.0,0.0,0.0,0.0,0.0
10499,29.0222659,0.0,0.0,30.0,0.0,0.0,0.0,0.0
10500,29.0938795,0.0,0.0,30.0,0.0,0.0,0.0,0.0
10501,29.1467485,0.0,0.0,30.0,0.0,0.0,0.0,0.0
10502,29.2100087,0.0,0.0,30.0,0.0,0.0,0.0,0.0
10503,29.4000252,0.0,0.0,30.0,0.0,0.0,0.0,0.0
10504,29.5627618,0.0,0.0,30.0,0.0,0.0,0.0,0.0
10505,29.1382372,0.0,0.0,30.0,0.0,0.0,0.0,0.0
10506,29.0148366,0.0,0.0,30.0,0.0,0.0,0.0,0.0
10507,29.9065178,0.0,0.0,30.0,0.0,0.0,0.0,0.0
10508,30.0,0.0,0.0,30.0,0.0,0.0,0.0,0.0
10509,30.0,0.0,0.0,30.0,0.0,0.0,0.0,0.0
10510,23.8911033,0.0,0.0,30.0,0.0,0.0,0.0,0.0
10511,23.6889134,0.0,0.0,30.0,0.0,0.0,0.0,0.0
10512,0.0,0.0,0.0,0.0,0.0,0.0,0.0,0.0
10513,30.0,0.0,0.0,3.96614481,0.0,0.0,0.0,0.0
10514,21.2353257,0.0,0.0,8.89237594,0.0,0.0,0.0,0.0
10515,0.0,0.0,0.0,16.2064358,0.0,0.0,0.0,0.0
10516,0.0,0.0,0.0,21.2830735,0.0,0.0,0.0,0.0
10517,0.0,0.0,0.0,22.6533876,0.0,0.0,0.0,0.0
10518,0.0,0.0,0.0,23.0460551,0.0,0.0,0.0,0.0
10519,0.0,0.0,0.0,23.828691,0.0,0.0,0.0,0.0
10520,0.0,0.0,0.0,24.5474817,0.0,0.0,0.0,0.0
10521,0.0,0.0,0.0,25.0114795,0.0,0.0,0.0,0.0
10522,0.0,0.0,0.0,25.3032495,0.0,0.0,0.0,0.0
10523,0.0,0.0,0.0,25.4551974,0.0,0.0,0.0,0.0
10524,0.0,0.0,0.0,25.456262,0.0,0.0,0.0,0.0
10525,0.0,0.0,0.0,25.302067,0.0,0.0,0.0,0.0
10526,0.0,0.0,0.0,24.9937423,0.0,0.0,0.0,0.0
10527,0.0,0.0,0.0,24.5295942,0.0,0.0,0.0,0.0
10528,0.0,0.0,0.0,23.8980444,0.0,0.0,0.0,0.0
10529,0.0,0.0,0.0,23.0838893,0.0,0.0,0.0,0.0
10530,0.0,0.0,0.0,22.1161125,0.0,0.0,0.0,0.0
10531,0.0,0.0,0.0,21.0263701,0.0,0.0,0.0,0.0
10532,0.0,0.0,0.0,19.5464488,0.0,0.0,0.0,0.0
10533,0.0,0.0,0.0,17.4247227,0.0,0.0,0.0,0.0
10534,0.0,0.0,0.0,16.3211561,0.0,0.0,0.0,0.0
10535,0.0,0.0,0.0,17.4294996,0.0,0.0,0.0,0.0
10536,0.0,0.0,0.0,13.1226371,0.0,0.0,0.0,0.0
10537,0.0,0.0,0.0,0.0,0.0,0.0,0.0,0.0
10538,0.0,0.0,0.0,0.0,0.0,0.0,0.0,0.0
10539,0.0,0.0,0.0,0.0,0.0,0.0,0.0,0.0
10540,30.0,0.0,0.0,30.0,0.0,0.0,0.0,0.0
10541,30.0,0.0,0.0,30.0,0.0,0.0,0.0,0.0
10542,30.0,0.0,0.0,30.0,0.0,0.0,0.0,0.0
10543,30.0,0.0,0.0,30.0,0.0,0.0,0.0,0.0
10544,30.0,0.0,0.0,30.0,0.0,0.0,0.0,0.0
10545,30.0,0.0,0.0,30.0,0.0,0.0,0.0,0.0
10546,30.0,0.0,0.0,30.0,0.0,0.0,0.0,0.0
10547,30.0,0.0,0.0,30.0,0.0,0.0,0.0,0.0
10548,26.3706323,0.0,0.0,30.0,0.0,0.0,0.0,0.0
10549,21.3760711,0.0,0.0,30.0,0.0,0.0,0.0,0.0
10550,22.2628093,0.0,0.0,30.0,0.0,0.0,0.0,0.0
10551,26.4922307,0.0,0.0,30.0,0.0,0.0,0.0,0.0
10552,18.196877,0.0,0.0,30.0,0.0,0.0,0.0,0.0
10553,18.1316768,0.0,0.0,30.0,0.0,0.0,0.0,0.0
10554,28.1178562,0.0,0.0,30.0,0.0,0.0,0.0,0.0
10555,30.0,0.0,0.0,30.0,0.0,0.0,0.0,0.0
10556,30.0,0.0,0.0,30.0,0.0,0.0,0.0,0.0
10557,30.0,0.0,0.0,30.0,0.0,0.0,0.0,0.0
10558,30.0,0.0,0.0,30.0,0.0,0.0,0.0,0.0
10559,30.0,0.0,0.0,30.0,0.0,0.0,0.0,0.0
10560,28.4454687,0.0,0.0,30.0,0.0,0.0,0.0,0.0
10561,28.1778277,0.0,0.0,30.0,0.0,0.0,0.0,0.0
10562,28.3437775,0.0,0.0,30.0,0.0,0.0,0.0,0.0
10563,28.1119474,0.0,0.0,30.0,0.0,0.0,0.0,0.0
10564,28.0978062,0.0,0.0,30.0,0.0,0.0,0.0,0.0
10565,28.1495548,0.0,0.0,30.0,0.0,0.0,0.0,0.0
10566,28.1559375,0.0,0.0,30.0,0.0,0.0,0.0,0.0
10567,28.1496542,0.0,0.0,30.0,0.0,0.0,0.0,0.0
10568,28.152458,0.0,0.0,30.0,0.0,0.0,0.0,0.0
10569,28.1573196,0.0,0.0,30.0,0.0,0.0,0.0,0.0
10570,28.160029,0.0,0.0,30.0,0.0,0.0,0.0,0.0
10571,28.1621137,0.0,0.0,30.0,0.0,0.0,0.0,0.0
10572,28.1644086,0.0,0.0,30.0,0.0,0.0,0.0,0.0
10573,28.1666061,0.0,0.0,30.0,0.0,0.0,0.0,0.0
10574,28.1685612,0.0,0.0,30.0,0.0,0.0,0.0,0.0
10575,28.1703543,0.0,0.0,30.0,0.0,0.0,0.0,0.0
10576,28.172027,0.0,0.0,30.0,0.0,0.0,0.0,0.0
10577,28.1735755,0.0,0.0,30.0,0.0,0.0,0.0,0.0
10578,28.1750034,0.0,0.0,30.0,0.0,0.0,0.0,0.0
10579,28.1763228,0.0,0.0,30.0,0.0,0.0,0.0,0.0
10580,28.1775428,0.0,0.0,30.0,0.0,0.0,0.0,0.0
10581,28.1786706,0.0,0.0,30.0,0.0,0.0,0.0,0.0
10582,28.1797129,0.0,0.0,30.0,0.0,0.0,0.0,0.0
10583,28.1806763,0.0,0.0,30.0,0.0,0.0,0.0,0.0
10584,28.1815669,0.0,0.0,30.0,0.0,0.0,0.0,0.0
10585,28.1823902,0.0,0.0,30.0,0.0,0.0,0.0,0.0
10586,28.1831512,0.0,0.0,30.0,0.0,0.0,0.0,0.0
10587,28.1838548,0.0,0.0,30.0,0.0,0.0,0.0,0.0
10588,28.1845054,0.0,0.0,30.0,0.0,0.0,0.0,0.0
10589,28.1851069,0.0,0.0,30.0,0.0,0.0,0.0,0.0
10590,28.1856631,0.0,0.0,30.0,0.0,0.0,0.0,0.0
10591,28.1861776,0.0,0.0,30.0,0.0,0.0,0.0,0.0
10592,28.1866534,0.0,0.0,30.0,0.0,0.0,0.0,0.0
10593,28.1870936,0.0,0.0,30.0,0.0,0.0,0.0,0.0
10594,28.1875008,0.0,0.0,30.0,0.0,0.0,0.0,0.0
10595,28.1878777,0.0,0.0,30.0,0.0,0.0,0.0,0.0
10596,28.1882266,0.0,0.0,30.0,0.0,0.0,0.0,0.0
10597,28.1885496,0.0,0.0,30.0,0.0,0.0,0.0,0.0
10598,28.1888488,0.0,0.0,30.0,0.0,0.0,0.0,0.0
10599,28.189126,0.0,0.0,30.0,0.0,0.0,0.0,0.0
10600,28.1893829,0.0,0.0,30.0,0.0,0.0,0.0,0.0
10601,28.1896212,0.0,0.0,30.0,0.0,0.0,0.0,0.0
10602,28.1898423,0.0,0.0,30.0,0.0,0.0,0.0,0.0
10603,28.1900476,0.0,0.0,30.0,0.0,0.0,0.0,0.0
10604,28.1902384,0.0,0.0,30.0,0.0,0.0,0.0,0.0
10605,28.1904158,0.0,0.0,30.0,0.0,0.0,0.0,0.0
10606,28.1905811,0.0,0.0,30.0,0.0,0.0,0.0,0.0
10607,28.1907351,0.0,0.0,30.0,0.0,0.0,0.0,0.0
10608,28.1908789,0.0,0.0,30.0,0.0,0.0,0.0,0.0
10609,28.1910133,0.0,0.0,30.0,0.0,0.0,0.0,0.0
10610,28.1911393,0.0,0.0,30.0,0.0,0.0,0.0,0.0
10611,28.1912575,0.0,0.0,30.0,0.0,0.0,0.0,0.0
10612,28.1913687,0.0,0.0,30.0,0.0,0.0,0.0,0.0
10613,28.1914737,0.0,0.0,30.0,0.0,0.0,0.0,0.0
10614,28.1915729,0.0,0.0,30.0,0.0,0.0,0.0,0.0
10615,28.1916672,0.0,0.0,30.0,0.0,0.0,0.0,0.0
10616,28.191757,0.0,0.0,30.0,0.0,0.0,0.0,0.0
10617,28.191843,0.0,0.0,30.0,0.0,0.0,0.0,0.0
10618,28.1919256,0.0,0.0,30.0,0.0,0.0,0.0,0.0
10619,28.1920053,0.0,0.0,30.0,0.0,0.0,0.0,0.0
10620,28.1920828,0.0,0.0,30.0,0.0,0.0,0.0,0.0
10621,28.1921584,0.0,0.0,30.0,0.0,0.0,0.0,0.0
10622,28.1922325,0.0,0.0,30.0,0.0,0.0,0.0,0.0
10623,28.1923058,0.0,0.0,30.0,0.0,0.0,0.0,0.0
10624,28.1923786,0.0,0.0,30.0,0.0,0.0,0.0,0.0
10625,28.1924514,0.0,0.0,30.0,0.0,0.0,0.0,0.0
10626,28.1925247,0.0,0.0,30.0,0.0,0.0,0.0,0.0
10627,28.1925988,0.0,0.0,30.0,0.0,0.0,0.0,0.0
10628,28.1926743,0.0,0.0,30.0,0.0,0.0,0.0,0.0
10629,28.1927516,0.0,0.0,30.0,0.0,0.0,0.0,0.0
10630,28.1928313,0.0,0.0,30.0,0.0,0.0,0.0,0.0
10631,28.1929137,0.0,0.0,30.0,0.0,0.0,0.0,0.0
10632,28.1929994,0.0,0.0,30.0,0.0,0.0,0.0,0.0
10633,28.193089,0.0,0.0,30.0,0.0,0.0,0.0,0.0
10634,28.1931831,0.0,0.0,30.0,0.0,0.0,0.0,0.0
10635,28.1932821,0.0,0.0,30.0,0.0,0.0,0.0,0.0
10636,28.1933867,0.0,0.0,30.0,0.0,0.0,0.0,0.0
10637,28.1934976,0.0,0.0,30.0,0.0,0.0,0.0,0.0
10638,28.1936154,0.0,0.0,30.0,0.0,0.0,0.0,0.0
10639,28.193741,0.0,0.0,30.0,0.0,0.0,0.0,0.0
10640,28.193875,0.0,0.0,30.0,0.0,0.0,0.0,0.0
10641,28.1940183,0.0,0.0,30.0,0.0,0.0,0.0,0.0
10642,28.1941718,0.0,0.0,30.0,0.0,0.0,0.0,0.0
10643,28.1943364,0.0,0.0,30.0,0.0,0.0,0.0,0.0
10644,28.1945132,0.0,0.0,30.0,0.0,0.0,0.0,0.0
10645,28.1947033,0.0,0.0,30.0,0.0,0.0,0.0,0.0
10646,28.1949079,0.0,0.0,30.0,0.0,0.0,0.0,0.0
10647,28.1951282,0.0,0.0,30.0,0.0,0.0,0.0,0.0
10648,28.1953656,0.0,0.0,30.0,0.0,0.0,0.0,0.0
10649,28.1956216,0.0,0.0,30.0,0.0,0.0,0.0,0.0
10650,28.1958978,0.0,0.0,30.0,0.0,0.0,0.0,0.0
10651,28.1961959,0.0,0.0,30.0,0.0,0.0,0.0,0.0
10652,28.1965177,0.0,0.0,30.0,0.0,0.0,0.0,0.0
10653,28.1968653,0.0,0.0,30.0,0.0,0.0,0.0,0.0
10654,28.1972408,0.0,0.0,30.0,0.0,0.0,0.0,0.0
10655,28.1976466,0.0,0.0,30.0,0.0,0.0,0.0,0.0
10656,28.1980852,0.0,0.0,30.0,0.0,0.0,0.0,0.0
10657,28.1985593,0.0,0.0,30.0,0.0,0.0,0.0,0.0
10658,28.1990719,0.0,0.0,30.0,0.0,0.0,0.0,0.0
10659,28.1996261,0.0,0.0,30.0,0.0,0.0,0.0,0.0
10660,28.2002255,0.0,0.0,30.0,0.0,0.0,0.0,0.0
10661,28.2008737,0.0,0.0,30.0,0.0,0.0,0.0,0.0
10662,28.2015749,0.0,0.0,30.0,0.0,0.0,0.0,0.0
10663,28.2023332,0.0,0.0,30.0,0.0,0.0,0.0,0.0
10664,28.2031536,0.0,0.0,30.0,0.0,0.0,0.0,0.0
10665,28.204041,0.0,0.0,30.0,0.0,0.0,0.0,0.0
10666,28.2050011,0.0,0.0,30.0,0.0,0.0,0.0,0.0
10667,28.2060397,0.0,0.0,30.0,0.0,0.0,0.0,0.0
10668,28.2071635,0.0,0.0,30.0,0.0,0.0,0.0,0.0
10669,28.2083792,0.0,0.0,30.0,0.0,0.0,0.0,0.0
10670,28.2096946,0.0,0.0,30.0,0.0,0.0,0.0,0.0
10671,28.2111179,0.0,0.0,30.0,0.0,0.0,0.0,0.0
10672,28.2126578,0.0,0.0,30.0,0.0,0.0,0.0,0.0
10673,28.214324,0.0,0.0,30.0,0.0,0.0,0.0,0.0
10674,28.2161268,0.0,0.0,30.0,0.0,0.0,0.0,0.0
10675,28.2180776,0.0,0.0,30.0,0.0,0.0,0.0,0.0
10676,28.2201883,0.0,0.0,30.0,0.0,0.0,0.0,0.0
10677,28.2224723,0.0,0.0,30.0,0.0,0.0,0.0,0.0
10678,28.2249436,0.0,0.0,30.0,0.0,0.0,0.0,0.0
10679,28.2276177,0.0,0.0,30.0,0.0,0.0,0.0,0.0
10680,28.2305113,0.0,0.0,30.0,0.0,0.0,0.0,0.0
10681,28.2336423,0.0,0.0,30.0,0.0,0.0,0.0,0.0
10682,28.2370303,0.0,0.0,30.0,0.0,0.0,0.0,0.0
10683,28.2406963,0.0,0.0,30.0,0.0,0.0,0.0,0.0
10684,28.2446632,0.0,0.0,30.0,0.0,0.0,0.0,0.0
10685,28.2489557,0.0,0.0,30.0,0.0,0.0,0.0,0.0
10686,28.2536006,0.0,0.0,30.0,0.0,0.0,0.0,0.0
10687,28.2586266,0.0,0.0,30.0,0.0,0.0,0.0,0.0
10688,28.2640653,0.0,0.0,30.0,0.0,0.0,0.0,0.0
10689,28.2699503,0.0,0.0,30.0,0.0,0.0,0.0,0.0
10690,28.2763184,0.0,0.0,30.0,0.0,0.0,0.0,0.0
10691,28.2832092,0.0,0.0,30.0,0.0,0.0,0.0,0.0
10692,28.2906656,0.0,0.0,30.0,0.0,0.0,0.0,0.0
10693,28.2987341,0.0,0.0,30.0,0.0,0.0,0.0,0.0
10694,28.3074649,0.0,0.0,30.0,0.0,0.0,0.0,0.0
10695,28.3169124,0.0,0.0,30.0,0.0,0.0,0.0,0.0
10696,28.3271354,0.0,0.0,30.0,0.0,0.0,0.0,0.0
10697,28.3381975,0.0,0.0,30.0,0.0,0.0,0.0,0.0
10698,28.3501677,0.0,0.0,30.0,0.0,0.0,0.0,0.0
10699,28.3631205,0.0,0.0,30.0,0.0,0.0,0.0,0.0
10700,28.3771365,0.0,0.0,30.0,0.0,0.0,0.0,0.0
10701,28.3923031,0.0,0.0,30.0,0.0,0.0,0.0,0.0
10702,28.4087147,0.0,0.0,30.0,0.0,0.0,0.0,0.0
10703,28.4264734,0.0,0.0,30.0,0.0,0.0,0.0,0.0
10704,28.4456899,0.0,0.0,30.0,0.0,0.0,0.0,0.0
10705,28.4664838,0.0,0.0,30.0,0.0,0.0,0.0,0.0
10706,28.4889846,0.0,0.0,30.0,0.0,0.0,0.0,0.0
10707,28.5133327,0.0,0.0,30.0,0.0,0.0,0.0,0.0
10708,28.5396796,0.0,0.0,30.0,0.0,0.0,0.0,0.0
10709,28.5681877,0.0,0.0,30.0,0.0,0.0,0.0,0.0
10710,28.5990353,0.0,0.0,30.0,0.0,0.0,0.0,0.0
10711,28.6324232,0.0,0.0,30.0,0.0,0.0,0.0,0.0
10712,28.6685541,0.0,0.0,30.0,0.0,0.0,0.0,0.0
10713,28.7076104,0.0,0.0,30.0,0.0,0.0,0.0,0.0
10714,28.7498654,0.0,0.0,30.0,0.0,0.0,0.0,0.0
10715,28.7957909,0.0,0.0,30.0,0.0,0.0,0.0,0.0
10716,28.8455011,0.0,0.0,30.0,0.0,0.0,0.0,0.0
10717,28.8982884,0.0,0.0,30.0,0.0,0.0,0.0,0.0
10718,28.9554422,0.0,0.0,30.0,0.0,0.0,0.0,0.0
10719,29.0222635,0.0,0.0,30.0,0.0,0.0,0.0,0.0
10720,29.0938774,0.0,0.0,30.0,0.0,0.0,0.0,0.0
10721,29.1467465,0.0,0.0,30.0,0.0,0.0,0.0,0.0
10722,29.2100069,0.0,0.0,30.0,0.0,0.0,0.0,0.0
10723,29.4000236,0.0,0.0,30.0,0.0,0.0,0.0,0.0
10724,29.5627604,0.0,0.0,30.0,0.0,0.0,0.0,0.0
10725,29.138236,0.0,0.0,30.0,0.0,0.0,0.0,0.0
10726,29.0148353,0.0,0.0,30.0,0.0,0.0,0.0,0.0
10727,29.9065165,0.0,0.0,30.0,0.0,0.0,0.0,0.0
10728,30.0,0.0,0.0,30.0,0.0,0.0,0.0,0.0
10729,30.0,0.0,0.0,30.0,0.0,0.0,0.0,0.0
10730,23.8910993,0.0,0.0,30.0,0.0,0.0,0.0,0.0
10731,23.6889107,0.0,0.0,30.0,0.0,0.0,0.0,0.0
10732,0.0,0.0,0.0,0.0,0.0,0.0,0.0,0.0
10733,30.0,0.0,0.0,4.24215555,0.0,0.0,0.0,0.0
10734,30.0,0.0,0.0,6.21558261,0.0,0.0,0.0,0.0
10735,0.0,0.0,0.0,16.821143,0.0,0.0,0.0,0.0
10736,0.0,0.0,0.0,22.0224509,0.0,0.0,0.0,0.0
10737,0.0,0.0,0.0,23.4858191,0.0,0.0,0.0,0.0
10738,0.0,0.0,0.0,23.9723774,0.0,0.0,0.0,0.0
10739,0.0,0.0,0.0,24.8689566,0.0,0.0,0.0,0.0
10740,0.0,0.0,0.0,25.7150738,0.0,0.0,0.0,0.0
10741,0.0,0.0,0.0,26.3186973,0.0,0.0,0.0,0.0
10742,0.0,0.0,0.0,26.7653254,0.0,0.0,0.0,0.0
10743,0.0,0.0,0.0,27.0895284,0.0,0.0,0.0,0.0
10744,0.0,0.0,0.0,27.2822035,0.0,0.0,0.0,0.0
10745,0.0,0.0,0.0,27.3413161,0.0,0.0,0.0,0.0
10746,0.0,0.0,0.0,27.2695901,0.0,0.0,0.0,0.0
10747,0.0,0.0,0.0,27.0673952,0.0,0.0,0.0,0.0
10748,0.0,0.0,0.0,26.7324818,0.0,0.0,0.0,0.0
10749,0.0,0.0,0.0,26.256775,0.0,0.0,0.0,0.0
10750,0.0,0.0,0.0,25.6323564,0.0,0.0,0.0,0.0
10751,0.0,0.0,0.0,24.8783767,0.0,0.0,0.0,0.0
10752,0.0,0.0,0.0,23.9967867,0.0,0.0,0.0,0.0
10753,0.0,0.0,0.0,22.8047231,0.0,0.0,0.0,0.0
10754,0.0,0.0,0.0,21.247438,0.0,0.0,0.0,0.0
10755,0.0,0.0,0.0,20.4247573,0.0,0.0,0.0,0.0
10756,0.0,0.0,0.0,20.4007986,0.0,0.0,0.0,0.0
10757,0.0,0.0,0.0,13.9581131,0.0,0.0,0.0,0.0
10758,0.0,0.0,0.0,1.89195953,0.0,0.0,0.0,0.0
10759,0.0,0.0,0.0,5.90614328,0.0,0.0,0.0,0.0
10760,30.0,0.0,0.0,30.0,0.0,0.0,0.0,0.0
10761,30.0,0.0,0.0,30.0,0.0,0.0,0.0,0.0
10762,30.0,0.0,0.0,30.0,0.0,0.0,0.0,0.0
10763,30.0,0.0,0.0,30.0,0.0,0.0,0.0,0.0
10764,30.0,0.0,0.0,30.0,0.0,0.0,0.0,0.0
10765,30.0,0.0,0.0,30.0,0.0,0.0,0.0,0.0
10766,30.0,0.0,0.0,30.0,0.0,0.0,0.0,0.0
10767,30.0,0.0,0.0,30.0,0.0,0.0,0.0,0.0
10768,30.0,0.0,0.0,30.0,0.0,0.0,0.0,0.0
10769,30.0,0.0,0.0,30.0,0.0,0.0,0.0,0.0
10770,30.0,0.0,0.0,30.0,0.0,0.0,0.0,0.0
10771,30.0,0.0,0.0,30.0,0.0,0.0,0.0,0.0
10772,28.7631917,0.0,0.0,30.0,0.0,0.0,0.0,0.0
10773,23.5071464,0.0,0.0,30.0,0.0,0.0,0.0,0.0
10774,24.4810295,0.0,0.0,30.0,0.0,0.0,0.0,0.0
10775,30.0,0.0,0.0,30.0,0.0,0.0,0.0,0.0
10776,30.0,0.0,0.0,30.0,0.0,0.0,0.0,0.0
10777,30.0,0.0,0.0,30.0,0.0,0.0,0.0,0.0
10778,30.0,0.0,0.0,30.0,0.0,0.0,0.0,0.0
10779,30.0,0.0,0.0,30.0,0.0,0.0,0.0,0.0
10780,29.3428211,0.0,0.0,30.0,0.0,0.0,0.0,0.0
10781,28.9123013,0.0,0.0,30.0,0.0,0.0,0.0,0.0
10782,28.8323665,0.0,0.0,30.0,0.0,0.0,0.0,0.0
10783,28.6408366,0.0,0.0,30.0,0.0,0.0,0.0,0.0
10784,28.6215593,0.0,0.0,30.0,0.0,0.0,0.0,0.0
10785,28.6172925,0.0,0.0,30.0,0.0,0.0,0.0,0.0
10786,28.5814906,0.0,0.0,30.0,0.0,0.0,0.0,0.0
10787,28.5463496,0.0,0.0,30.0,0.0,0.0,0.0,0.0
10788,28.5203377,0.0,0.0,30.0,0.0,0.0,0.0,0.0
10789,28.496575,0.0,0.0,30.0,0.0,0.0,0.0,0.0
10790,28.4733069,0.0,0.0,30.0,0.0,0.0,0.0,0.0
10791,28.4517763,0.0,0.0,30.0,0.0,0.0,0.0,0.0
10792,28.4321432,0.0,0.0,30.0,0.0,0.0,0.0,0.0
10793,28.4139995,0.0,0.0,30.0,0.0,0.0,0.0,0.0
10794,28.3971791,0.0,0.0,30.0,0.0,0.0,0.0,0.0
10795,28.3816359,0.0,0.0,30.0,0.0,0.0,0.0,0.0
10796,28.3672826,0.0,0.0,30.0,0.0,0.0,0.0,0.0
10797,28.3540178,0.0,0.0,30.0,0.0,0.0,0.0,0.0
10798,28.3417573,0.0,0.0,30.0,0.0,0.0,0.0,0.0
10799,28.3304271,0.0,0.0,30.0,0.0,0.0,0.0,0.0
10800,28.319957,0.0,0.0,30.0,0.0,0.0,0.0,0.0
10801,28.3102813,0.0,0.0,30.0,0.0,0.0,0.0,0.0
10802,28.3013398,0.0,0.0,30.0,0.0,0.0,0.0,0.0
10803,28.2930767,0.0,0.0,30.0,0.0,0.0,0.0,0.0
10804,28.2854407,0.0,0.0,30.0,0.0,0.0,0.0,0.0
10805,28.2783842,0.0,0.0,30.0,0.0,0.0,0.0,0.0
10806,28.2718632,0.0,0.0,30.0,0.0,0.0,0.0,0.0
10807,28.2658372,0.0,0.0,30.0,0.0,0.0,0.0,0.0
10808,28.2602687,0.0,0.0,30.0,0.0,0.0,0.0,0.0
10809,28.2551228,0.0,0.0,30.0,0.0,0.0,0.0,0.0
10810,28.2503677,0.0,0.0,30.0,0.0,0.0,0.0,0.0
10811,28.2459737,0.0,0.0,30.0,0.0,0.0,0.0,0.0
10812,28.2419135,0.0,0.0,30.0,0.0,0.0,0.0,0.0
10813,28.2381617,0.0,0.0,30.0,0.0,0.0,0.0,0.0
10814,28.234695,0.0,0.0,30.0,0.0,0.0,0.0,0.0
10815,28.2314918,0.0,0.0,30.0,0.0,0.0,0.0,0.0
10816,28.2285321,0.0,0.0,30.0,0.0,0.0,0.0,0.0
10817,28.2257976,0.0,0.0,30.0,0.0,0.0,0.0,0.0
10818,28.2232711,0.0,0.0,30.0,0.0,0.0,0.0,0.0
10819,28.2209371,0.0,0.0,30.0,0.0,0.0,0.0,0.0
10820,28.2187809,0.0,0.0,30.0,0.0,0.0,0.0,0.0
10821,28.216789,0.0,0.0,30.0,0.0,0.0,0.0,0.0
10822,28.2149492,0.0,0.0,30.0,0.0,0.0,0.0,0.0
10823,28.2132499,0.0,0.0,30.0,0.0,0.0,0.0,0.0
10824,28.2116806,0.0,0.0,30.0,0.0,0.0,0.0,0.0
10825,28.2102315,0.0,0.0,30.0,0.0,0.0,0.0,0.0
10826,28.2088935,0.0,0.0,30.0,0.0,0.0,0.0,0.0
10827,28.2076584,0.0,0.0,30.0,0.0,0.0,0.0,0.0
10828,28.2065184,0.0,0.0,30.0,0.0,0.0,0.0,0.0
10829,28.2054664,0.0,0.0,30.0,0.0,0.0,0.0,0.0
10830,28.204496,0.0,0.0,30.0,0.0,0.0,0.0,0.0
10831,28.203601,0.0,0.0,30.0,0.0,0.0,0.0,0.0
10832,28.2027758,0.0,0.0,30.0,0.0,0.0,0.0,0.0
10833,28.2020154,0.0,0.0,30.0,0.0,0.0,0.0,0.0
10834,28.201315,0.0,0.0,30.0,0.0,0.0,0.0,0.0
10835,28.2006702,0.0,0.0,30.0,0.0,0.0,0.0,0.0
10836,28.2000771,0.0,0.0,30.0,0.0,0.0,0.0,0.0
10837,28.1995319,0.0,0.0,30.0,0.0,0.0,0.0,0.0
10838,28.1990312,0.0,0.0,30.0,0.0,0.0,0.0,0.0
10839,28.1985719,0.0,0.0,30.0,0.0,0.0,0.0,0.0
10840,28.1981512,0.0,0.0,30.0,0.0,0.0,0.0,0.0
10841,28.1977665,0.0,0.0,30.0,0.0,0.0,0.0,0.0
10842,28.1974152,0.0,0.0,30.0,0.0,0.0,0.0,0.0
10843,28.1970954,0.0,0.0,30.0,0.0,0.0,0.0,0.0
10844,28.1968048,0.0,0.0,30.0,0.0,0.0,0.0,0.0
10845,28.1965419,0.0,0.0,30.0,0.0,0.0,0.0,0.0
10846,28.1963048,0.0,0.0,30.0,0.0,0.0,0.0,0.0
10847,28.1960922,0.0,0.0,30.0,0.0,0.0,0.0,0.0
10848,28.1959027,0.0,0.0,30.0,0.0,0.0,0.0,0.0
10849,28.1957351,0.0,0.0,30.0,0.0,0.0,0.0,0.0
10850,28.1955884,0.0,0.0,30.0,0.0,0.0,0.0,0.0
10851,28.1954617,0.0,0.0,30.0,0.0,0.0,0.0,0.0
10852,28.1953541,0.0,0.0,30.0,0.0,0.0,0.0,0.0
10853,28.1952651,0.0,0.0,30.0,0.0,0.0,0.0,0.0
10854,28.195194,0.0,0.0,30.0,0.0,0.0,0.0,0.0
10855,28.1951405,0.0,0.0,30.0,0.0,0.0,0.0,0.0
10856,28.1951041,0.0,0.0,30.0,0.0,0.0,0.0,0.0
10857,28.1950847,0.0,0.0,30.0,0.0,0.0,0.0,0.0
10858,28.1950822,0.0,0.0,30.0,0.0,0.0,0.0,0.0
10859,28.1950964,0.0,0.0,30.0,0.0,0.0,0.0,0.0
10860,28.1951276,0.0,0.0,30.0,0.0,0.0,0.0,0.0
10861,28.1951759,0.0,0.0,30.0,0.0,0.0,0.0,0.0
10862,28.1952416,0.0,0.0,30.0,0.0,0.0,0.0,0.0
10863,28.1953251,0.0,0.0,30.0,0.0,0.0,0.0,0.0
10864,28.1954269,0.0,0.0,30.0,0.0,0.0,0.0,0.0
10865,28.1955477,0.0,0.0,30.0,0.0,0.0,0.0,0.0
10866,28.1956882,0.0,0.0,30.0,0.0,0.0,0.0,0.0
10867,28.1958493,0.0,0.0,30.0,0.0,0.0,0.0,0.0
10868,28.196032,0.0,0.0,30.0,0.0,0.0,0.0,0.0
10869,28.1962374,0.0,0.0,30.0,0.0,0.0,0.0,0.0
10870,28.1964669,0.0,0.0,30.0,0.0,0.0,0.0,0.0
10871,28.1967218,0.0,0.0,30.0,0.0,0.0,0.0,0.0
10872,28.1970037,0.0,0.0,30.0,0.0,0.0,0.0,0.0
10873,28.1973145,0.0,0.0,30.0,0.0,0.0,0.0,0.0
10874,28.1976559,0.0,0.0,30.0,0.0,0.0,0.0,0.0
10875,28.1980302,0.0,0.0,30.0,0.0,0.0,0.0,0.0
10876,28.1984397,0.0,0.0,30.0,0.0,0.0,0.0,0.0
10877,28.1988869,0.0,0.0,30.0,0.0,0.0,0.0,0.0
10878,28.1993746,0.0,0.0,30.0,0.0,0.0,0.0,0.0
10879,28.1999059,0.0,0.0,30.0,0.0,0.0,0.0,0.0
10880,28.2004841,0.0,0.0,30.0,0.0,0.0,0.0,0.0
10881,28.2011127,0.0,0.0,30.0,0.0,0.0,0.0,0.0
10882,28.2017957,0.0,0.0,30.0,0.0,0.0,0.0,0.0
10883,28.2025373,0.0,0.0,30.0,0.0,0.0,0.0,0.0
10884,28.2033422,0.0,0.0,30.0,0.0,0.0,0.0,0.0
10885,28.2042153,0.0,0.0,30.0,0.0,0.0,0.0,0.0
10886,28.2051621,0.0,0.0,30.0,0.0,0.0,0.0,0.0
10887,28.2061886,0.0,0.0,30.0,0.0,0.0,0.0,0.0
10888,28.207301,0.0,0.0,30.0,0.0,0.0,0.0,0.0
10889,28.2085063,0.0,0.0,30.0,0.0,0.0,0.0,0.0
10890,28.2098121,0.0,0.0,30.0,0.0,0.0,0.0,0.0
10891,28.2112264,0.0,0.0,30.0,0.0,0.0,0.0,0.0
10892,28.2127581,0.0,0.0,30.0,0.0,0.0,0.0,0.0
10893,28.2144167,0.0,0.0,30.0,0.0,0.0,0.0,0.0
10894,28.2162125,0.0,0.0,30.0,0.0,0.0,0.0,0.0
10895,28.2181567,0.0,0.0,30.0,0.0,0.0,0.0,0.0
10896,28.2202615,0.0,0.0,30.0,0.0,0.0,0.0,0.0
10897,28.2225399,0.0,0.0,30.0,0.0,0.0,0.0,0.0
10898,28.2250061,0.0,0.0,30.0,0.0,0.0,0.0,0.0
10899,28.2276754,0.0,0.0,30.0,0.0,0.0,0.0,0.0
10900,28.2305646,0.0,0.0,30.0,0.0,0.0,0.0,0.0
10901,28.2336916,0.0,0.0,30.0,0.0,0.0,0.0,0.0
10902,28.2370758,0.0,0.0,30.0,0.0,0.0,0.0,0.0
10903,28.2407384,0.0,0.0,30.0,0.0,0.0,0.0,0.0
10904,28.2447021,0.0,0.0,30.0,0.0,0.0,0.0,0.0
10905,28.2489917,0.0,0.0,30.0,0.0,0.0,0.0,0.0
10906,28.2536338,0.0,0.0,30.0,0.0,0.0,0.0,0.0
10907,28.2586573,0.0,0.0,30.0,0.0,0.0,0.0,0.0
10908,28.2640936,0.0,0.0,30.0,0.0,0.0,0.0,0.0
10909,28.2699765,0.0,0.0,30.0,0.0,0.0,0.0,0.0
10910,28.2763426,0.0,0.0,30.0,0.0,0.0,0.0,0.0
10911,28.2832315,0.0,0.0,30.0,0.0,0.0,0.0,0.0
10912,28.2906863,0.0,0.0,30.0,0.0,0.0,0.0,0.0
10913,28.2987532,0.0,0.0,30.0,0.0,0.0,0.0,0.0
10914,28.3074826,0.0,0.0,30.0,0.0,0.0,0.0,0.0
10915,28.3169287,0.0,0.0,30.0,0.0,0.0,0.0,0.0
10916,28.3271504,0.0,0.0,30.0,0.0,0.0,0.0,0.0
10917,28.3382114,0.0,0.0,30.0,0.0,0.0,0.0,0.0
10918,28.3501806,0.0,0.0,30.0,0.0,0.0,0.0,0.0
10919,28.3631324,0.0,0.0,30.0,0.0,0.0,0.0,0.0
10920,28.3771475,0.0,0.0,30.0,0.0,0.0,0.0,0.0
10921,28.3923132,0.0,0.0,30.0,0.0,0.0,0.0,0.0
10922,28.408724,0.0,0.0,30.0,0.0,0.0,0.0,0.0
10923,28.4264821,0.0,0.0,30.0,0.0,0.0,0.0,0.0
10924,28.4456979,0.0,0.0,30.0,0.0,0.0,0.0,0.0
10925,28.4664912,0.0,0.0,30.0,0.0,0.0,0.0,0.0
10926,28.4889914,0.0,0.0,30.0,0.0,0.0,0.0,0.0
10927,28.513339,0.0,0.0,30.0,0.0,0.0,0.0,0.0
10928,28.5396854,0.0,0.0,30.0,0.0,0.0,0.0,0.0
10929,28.568193,0.0,0.0,30.0,0.0,0.0,0.0,0.0
10930,28.5990402,0.0,0.0,30.0,0.0,0.0,0.0,0.0
10931,28.6324277,0.0,0.0,30.0,0.0,0.0,0.0,0.0
10932,28.6685583,0.0,0.0,30.0,0.0,0.0,0.0,0.0
10933,28.7076143,0.0,0.0,30.0,0.0,0.0,0.0,0.0
10934,28.749869,0.0,0.0,30.0,0.0,0.0,0.0,0.0
10935,28.7957942,0.0,0.0,30.0,0.0,0.0,0.0,0.0
10936,28.8455041,0.0,0.0,30.0,0.0,0.0,0.0,0.0
10937,28.8982912,0.0,0.0,30.0,0.0,0.0,0.0,0.0
10938,28.9554447,0.0,0.0,30.0,0.0,0.0,0.0,0.0
10939,29.0222659,0.0,0.0,30.0,0.0,0.0,0.0,0.0
10940,29.0938795,0.0,0.0,30.0,0.0,0.0,0.0,0.0
10941,29.1467485,0.0,0.0,30.0,0.0,0.0,0.0,0.0
10942,29.2100087,0.0,0.0,30.0,0.0,0.0,0.0,0.0
10943,29.4000252,0.0,0.0,30.0,0.0,0.0,0.0,0.0
10944,29.5627618,0.0,0.0,30.0,0.0,0.0,0.0,0.0
10945,29.1382372,0.0,0.0,30.0,0.0,0.0,0.0,0.0
10946,29.0148366,0.0,0.0,30.0,0.0,0.0,0.0,0.0
10947,29.9065178,0.0,0.0,30.0,0.0,0.0,0.0,0.0
10948,30.0,0.0,0.0,30.0,0.0,0.0,0.0,0.0
10949,30.0,0.0,0.0,30.0,0.0,0.0,0.0,0.0
10950,23.8911033,0.0,0.0,30.0,0.0,0.0,0.0,0.0
10951,23.6889134,0.0,0.0,30.0,0.0,0.0,0.0,0.0
10952,0.0,0.0,0.0,0.0,0.0,0.0,0.0,0.0
10953,30.0,0.0,0.0,3.96614481,0.0,0.0,0.0,0.0
10954,21.2353257,0.0,0.0,8.89237594,0.0,0.0,0.0,0.0
10955,0.0,0.0,0.0,16.2064358,0.0,0.0,0.0,0.0
10956,0.0,0.0,0.0,21.2830735,0.0,0.0,0.0,0.0
10957,0.0,0.0,0.0,22.6533876,0.0,0.0,0.0,0.0
10958,0.0,0.0,0.0,23.0460551,0.0,0.0,0.0,0.0
10959,0.0,0.0,0.0,23.828691,0.0,0.0,0.0,0.0
10960,0.0,0.0,0.0,24.5474817,0.0,0.0,0.0,0.0
10961,0.0,0.0,0.0,25.0114795,0.0,0.0,0.0,0.0
10962,0.0,0.0,0.0,25.3032495,0.0,0.0,0.0,0.0
10963,0.0,0.0,0.0,25.4551974,0.0,0.0,0.0,0.0
10964,0.0,0.0,0.0,25.456262,0.0,0.0,0.0,0.0
10965,0.0,0.0,0.0,25.302067,0.0,0.0,0.0,0.0
10966,0.0,0.0,0.0,24.9937423,0.0,0.0,0.0,0.0
10967,0.0,0.0,0.0,24.5295942,0.0,0.0,0.0,0.0
10968,0.0,0.0,0.0,23.8980444,0.0,0.0,0.0,0.0
10969,0.0,0.0,0.0,23.0838893,0.0,0.0,0.0,0.0
10970,0.0,0.0,0.0,22.1161125,0.0,0.0,0.0,0.0
10971,0.0,0.0,0.0,21.0263701,0.0,0.0,0.0,0.0
10972,0.0,0.0,0.0,19.5464488,0.0,0.0,0.0,0.0
10973,0.0,0.0,0.0,17.4247227,0.0,0.0,0.0,0.0
10974,0.0,0.0,0.0,16.3211561,0.0,0.0,0.0,0.0
10975,0.0,0.0,0.0,17.4294996,0.0,0.0,0.0,0.0
10976,0.0,0.0,0.0,13.1226371,0.0,0.0,0.0,0.0
10977,0.0,0.0,0.0,0.0,0.0,0.0,0.0,0.0
10978,0.0,0.0,0.0,0.0,0.0,0.0,0.0,0.0
10979,0.0,0.0,0.0,0.0,0.0,0.0,0.0,0.0
10980,30.0,0.0,0.0,30.0,0.0,0.0,0.0,0.0
10981,30.0,0.0,0.0,30.0,0.0,0.0,0.0,0.0
10982,30.0,0.0,0.0,30.0,0.0,0.0,0.0,0.0
10983,30.0,0.0,0.0,30.0,0.0,0.0,0.0,0.0
10984,30.0,0.0,0.0,30.0,0.0,0.0,0.0,0.0
10985,30.0,0.0,0.0,30.0,0.0,0.0,0.0,0.0
10986,30.0,0.0,0.0,30.0,0.0,0.0,0.0,0.0
10987,30.0,0.0,0.0,30.0,0.0,0.0,0.0,0.0
10988,26.3706323,0.0,0.0,30.0,0.0,0.0,0.0,0.0
10989,21.3760711,0.0,0.0,30.0,0.0,0.0,0.0,0.0
10990,22.2628093,0.0,0.0,30.0,0.0,0.0,0.0,0.0
10991,26.4922307,0.0,0.0,30.0,0.0,0.0,0.0,0.0
10992,18.196877,0.0,0.0,30.0,0.0,0.0,0.0,0.0
10993,18.1316768,0.0,0.0,30.0,0.0,0.0,0.0,0.0
10994,28.1178562,0.0,0.0,30.0,0.0,0.0,0.0,0.0
10995,30.0,0.0,0.0,30.0,0.0,0.0,0.0,0.0
10996,30.0,0.0,0.0,30.0,0.0,0.0,0.0,0.0
10997,30.0,0.0,0.0,30.0,0.0,0.0,0.0,0.0
10998,30.0,0.0,0.0,30.0,0.0,0.0,0.0,0.0
10999,30.0,0.0,0.0,30.0,0.0,0.0,0.0,0.0
11000,28.4454687,0.0,0.0,30.0,0.0,0.0,0.0,0.0
11001,28.1778277,0.0,0.0,30.0,0.0,0.0,0.0,0.0
11002,28.3437775,0.0,0.0,30.0,0.0,0.0,0.0,0.0
11003,28.1119474,0.0,0.0,30.0,0.0,0.0,0.0,0.0
11004,28.0978062,0.0,0.0,30.0,0.0,0.0,0.0,0.0
11005,28.1495548,0.0,0.0,30.0,0.0,0.0,0.0,0.0
11006,28.1559375,0.0,0.0,30.0,0.0,0.0,0.0,0.0
11007,28.1496542,0.0,0.0,30.0,0.0,0.0,0.0,0.0
11008,28.152458,0.0,0.0,30.0,0.0,0.0,0.0,0.0
11009,28.1573196,0.0,0.0,30.0,0.0,0.0,0.0,0.0
11010,28.160029,0.0,0.0,30.0,0.0,0.0,0.0,0.0
11011,28.1621137,0.0,0.0,30.0,0.0,0.0,0.0,0.0
11012,28.1644086,0.0,0.0,30.0,0.0,0.0,0.0,0.0
11013,28.1666061,0.0,0.0,30.0,0.0,0.0,0.0,0.0
11014,28.1685612,0.0,0.0,30.0,0.0,0.0,0.0,0.0
11015,28.1703543,0.0,0.0,30.0,0.0,0.0,0.0,0.0
11016,28.172027,0.0,0.0,30.0,0.0,0.0,0.0,0.0
11017,28.1735755,0.0,0.0,30.0,0.0,0.0,0.0,0.0
11018,28.1750034,0.0,0.0,30.0,0.0,0.0,0.0,0.0
11019,28.1763228,0.0,0.0,30.0,0.0,0.0,0.0,0.0
11020,28.1775428,0.0,0.0,30.0,0.0,0.0,0.0,0.0
11021,28.1786706,0.0,0.0,30.0,0.0,0.0,0.0,0.0
11022,28.1797129,0.0,0.0,30.0,0.0,0.0,0.0,0.0
11023,28.1806763,0.0,0.0,30.0,0.0,0.0,0.0,0.0
11024,28.1815669,0.0,0.0,30.0,0.0,0.0,0.0,0.0
11025,28.1823902,0.0,0.0,30.0,0.0,0.0,0.0,0.0
11026,28.1831512,0.0,0.0,30.0,0.0,0.0,0.0,0.0
11027,28.1838548,0.0,0.0,30.0,0.0,0.0,0.0,0.0
11028,28.1845054,0.0,0.0,30.0,0.0,0.0,0.0,0.0
11029,28.1851069,0.0,0.0,30.0,0.0,0.0,0.0,0.0
11030,28.1856631,0.0,0.0,30.0,0.0,0.0,0.0,0.0
11031,28.1861776,0.0,0.0,30.0,0.0,0.0,0.0,0.0
11032,28.1866534,0.0,0.0,30.0,0.0,0.0,0.0,0.0
11033,28.1870936,0.0,0.0,30.0,0.0,0.0,0.0,0.0
11034,28.1875008,0.0,0.0,30.0,0.0,0.0,0.0,0.0
11035,28.1878777,0.0,0.0,30.0,0.0,0.0,0.0,0.0
11036,28.1882266,0.0,0.0,30.0,0.0,0.0,0.0,0.0
11037,28.1885496,0.0,0.0,30.0,0.0,0.0,0.0,0.0
11038,28.1888488,0.0,0.0,30.0,0.0,0.0,0.0,0.0
11039,28.189126,0.0,0.0,30.0,0.0,0.0,0.0,0.0
11040,28.1893829,0.0,0.0,30.0,0.0,0.0,0.0,0.0
11041,28.1896212,0.0,0.0,30.0,0.0,0.0,0.0,0.0
11042,28.1898423,0.0,0.0,30.0,0.0,0.0,0.0,0.0
11043,28.1900476,0.0,0.0,30.0,0.0,0.0,0.0,0.0
11044,28.1902384,0.0,0.0,30.0,0.0,0.0,0.0,0.0
11045,28.1904158,0.0,0.0,30.0,0.0,0.0,0.0,0.0
11046,28.1905811,0.0,0.0,30.0,0.0,0.0,0.0,0.0
11047,28.1907351,0.0,0.0,30.0,0.0,0.0,0.0,0.0
11048,28.1908789,0.0,0.0,30.0,0.0,0.0,0.0,0.0
11049,28.1910133,0.0,0.0,30.0,0.0,0.0,0.0,0.0
11050,28.1911393,0.0,0.0,30.0,0.0,0.0,0.0,0.0
11051,28.1912575,0.0,0.0,30.0,0.0,0.0,0.0,0.0
11052,28.1913687,0.0,0.0,30.0,0.0,0.0,0.0,0.0
11053,28.1914737,0.0,0.0,30.0,0.0,0.0,0.0,0.0
11054,28.1915729,0.0,0.0,30.0,0.0,0.0,0.0,0.0
11055,28.1916672,0.0,0.0,30.0,0.0,0.0,0.0,0.0
11056,28.191757,0.0,0.0,30.0,0.0,0.0,0.0,0.0
11057,28.191843,0.0,0.0,30.0,0.0,0.0,0.0,0.0
11058,28.1919256,0.0,0.0,30.0,0.0,0.0,0.0,0.0
11059,28.1920053,0.0,0.0,30.0,0.0,0.0,0.0,0.0
11060,28.1920828,0.0,0.0,30.0,0.0,0.0,0.0,0.0
11061,28.1921584,0.0,0.0,30.0,0.0,0.0,0.0,0.0
11062,28.1922325,0.0,0.0,30.0,0.0,0.0,0.0,0.0
11063,28.1923058,0.0,0.0,30.0,0.0,0.0,0.0,0.0
11064,28.1923786,0.0,0.0,30.0,0.0,0.0,0.0,0.0
11065,28.1924514,0.0,0.0,30.0,0.0,0.0,0.0,0.0
11066,28.1925247,0.0,0.0,30.0,0.0,0.0,0.0,0.0
11067,28.1925988,0.0,0.0,30.0,0.0,0.0,0.0,0.0
11068,28.1926743,0.0,0.0,30.0,0.0,0.0,0.0,0.0
11069,28.1927516,0.0,0.0,30.0,0.0,0.0,0.0,0.0
11070,28.1928313,0.0,0.0,30.0,0.0,0.0,0.0,0.0
11071,28.1929137,0.0,0.0,30.0,0.0,0.0,0.0,0.0
11072,28.1929994,0.0,0.0,30.0,0.0,0.0,0.0,0.0
11073,28.193089,0.0,0.0,30.0,0.0,0.0,0.0,0.0
11074,28.1931831,0.0,0.0,30.0,0.0,0.0,0.0,0.0
11075,28.1932821,0.0,0.0,30.0,0.0,0.0,0.0,0.0
11076,28.1933867,0.0,0.0,30.0,0.0,0.0,0.0,0.0
11077,28.1934976,0.0,0.0,30.0,0.0,0.0,0.0,0.0
11078,28.1936154,0.0,0.0,30.0,0.0,0.0,0.0,0.0
11079,28.193741,0.0,0.0,30.0,0.0,0.0,0.0,0.0
11080,28.193875,0.0,0.0,30.0,0.0,0.0,0.0,0.0
11081,28.1940183,0.0,0.0,30.0,0.0,0.0,0.0,0.0
11082,28.1941718,0.0,0.0,30.0,0.0,0.0,0.0,0.0
11083,28.1943364,0.0,0.0,30.0,0.0,0.0,0.0,0.0
11084,28.1945132,0.0,0.0,30.0,0.0,0.0,0.0,0.0
11085,28.1947033,0.0,0.0,30.0,0.0,0.0,0.0,0.0
11086,28.1949079,0.0,0.0,30.0,0.0,0.0,0.0,0.0
11087,28.1951282,0.0,0.0,30.0,0.0,0.0,0.0,0.0
11088,28.1953656,0.0,0.0,30.0,0.0,0.0,0.0,0.0
11089,28.1956216,0.0,0.0,30.0,0.0,0.0,0.0,0.0
11090,28.1958978,0.0,0.0,30.0,0.0,0.0,0.0,0.0
11091,28.1961959,0.0,0.0,30.0,0.0,0.0,0.0,0.0
11092,28.1965177,0.0,0.0,30.0,0.0,0.0,0.0,0.0
11093,28.1968653,0.0,0.0,30.0,0.0,0.0,0.0,0.0
11094,28.1972408,0.0,0.0,30.0,0.0,0.0,0.0,0.0
11095,28.1976466,0.0,0.0,30.0,0.0,0.0,0.0,0.0
11096,28.1980852,0.0,0.0,30.0,0.0,0.0,0.0,0.0
11097,28.1985593,0.0,0.0,30.0,0.0,0.0,0.0,0.0
11098,28.1990719,0.0,0.0,30.0,0.0,0.0,0.0,0.0
11099,28.1996261,0.0,0.0,30.0,0.0,0.0,0.0,0.0
11100,28.2002255,0.0,0.0,30.0,0.0,0.0,0.0,0.0
11101,28.2008737,0.0,0.0,30.0,0.0,0.0,0.0,0.0
11102,28.2015749,0.0,0.0,30.0,0.0,0.0,0.0,0.0
11103,28.2023332,0.0,0.0,30.0,0.0,0.0,0.0,0.0
11104,28.2031536,0.0,0.0,30.0,0.0,0.0,0.0,0.0
11105,28.204041,0.0,0.0,30.0,0.0,0.0,0.0,0.0
11106,28.2050011,0.0,0.0,30.0,0.0,0.0,0.0,0.0
11107,28.2060397,0.0,0.0,30.0,0.0,0.0,0.0,0.0
11108,28.2071635,0.0,0.0,30.0,0.0,0.0,0.0,0.0
11109,28.2083792,0.0,0.0,30.0,0.0,0.0,0.0,0.0
11110,28.2096946,0.0,0.0,30.0,0.0,0.0,0.0,0.0
11111,28.2111179,0.0,0.0,30.0,0.0,0.0,0.0,0.0
11112,28.2126578,0.0,0.0,30.0,0.0,0.0,0.0,0.0
11113,28.214324,0.0,0.0,30.0,0.0,0.0,0.0,0.0
11114,28.2161268,0.0,0.0,30.0,0.0,0.0,0.0,0.0
11115,28.2180776,0.0,0.0,30.0,0.0,0.0,0.0,0.0
11116,28.2201883,0.0,0.0,30.0,0.0,0.0,0.0,0.0
11117,28.2224723,0.0,0.0,30.0,0.0,0.0,0.0,0.0
11118,28.2249436,0.0,0.0,30.0,0.0,0.0,0.0,0.0
11119,28.2276177,0.0,0.0,30.0,0.0,0.0,0.0,0.0
11120,28.2305113,0.0,0.0,30.0,0.0,0.0,0.0,0.0
11121,28.2336423,0.0,0.0,30.0,0.0,0.0,0.0,0.0
11122,28.2370303,0.0,0.0,30.0,0.0,0.0,0.0,0.0
11123,28.2406963,0.0,0.0,30.0,0.0,0.0,0.0,0.0
11124,28.2446632,0.0,0.0,30.0,0.0,0.0,0.0,0.0
11125,28.2489557,0.0,0.0,30.0,0.0,0.0,0.0,0.0
11126,28.2536006,0.0,0.0,30.0,0.0,0.0,0.0,0.0
11127,28.2586266,0.0,0.0,30.0,0.0,0.0,0.0,0.0
11128,28.2640653,0.0,0.0,30.0,0.0,0.0,0.0,0.0
11129,28.2699503,0.0,0.0,30.0,0.0,0.0,0.0,0.0
11130,28.2763184,0.0,0.0,30.0,0.0,0.0,0.0,0.0
11131,28.2832092,0.0,0.0,30.0,0.0,0.0,0.0,0.0
11132,28.2906656,0.0,0.0,30.0,0.0,0.0,0.0,0.0
11133,28.2987341,0.0,0.0,30.0,0.0,0.0,0.0,0.0
11134,28.3074649,0.0,0.0,30.0,0.0,0.0,0.0,0.0
11135,28.3169124,0.0,0.0,30.0,0.0,0.0,0.0,0.0
11136,28.3271354,0.0,0.0,30.0,0.0,0.0,0.0,0.0
11137,28.3381975,0.0,0.0,30.0,0.0,0.0,0.0,0.0
11138,28.3501677,0.0,0.0,30.0,0.0,0.0,0.0,0.0
11139,28.3631205,0.0,0.0,30.0,0.0,0.0,0.0,0.0
11140,28.3771365,0.0,0.0,30.0,0.0,0.0,0.0,0.0
11141,28.3923031,0.0,0.0,30.0,0.0,0.0,0.0,0.0
11142,28.4087147,0.0,0.0,30.0,0.0,0.0,0.0,0.0
11143,28.4264734,0.0,0.0,30.0,0.0,0.0,0.0,0.0
11144,28.4456899,0.0,0.0,30.0,0.0,0.0,0.0,0.0
11145,28.4664838,0.0,0.0,30.0,0.0,0.0,0.0,0.0
11146,28.4889846,0.0,0.0,30.0,0.0,0.0,0.0,0.0
11147,28.5133327,0.0,0.0,30.0,0.0,0.0,0.0,0.0
11148,28.5396796,0.0,0.0,30.0,0.0,0.0,0.0,0.0
11149,28.5681877,0.0,0.0,30.0,0.0,0.0,0.0,0.0
11150,28.5990353,0.0,0.0,30.0,0.0,0.0,0.0,0.0
11151,28.6324232,0.0,0.0,30.0,0.0,0.0,0.0,0.0
11152,28.6685541,0.0,0.0,30.0,0.0,0.0,0.0,0.0
11153,28.7076104,0.0,0.0,30.0,0.0,0.0,0.0,0.0
11154,28.7498654,0.0,0.0,30.0,0.0,0.0,0.0,0.0
11155,28.7957909,0.0,0.0,30.0,0.0,0.0,0.0,0.0
11156,28.8455011,0.0,0.0,30.0,0.0,0.0,0.0,0.0
11157,28.8982884,0.0,0.0,30.0,0.0,0.0,0.0,0.0
11158,28.9554422,0.0,0.0,30.0,0.0,0.0,0.0,0.0
11159,29.0222635,0.0,0.0,30.0,0.0,0.0,0.0,0.0
11160,29.0938774,0.0,0.0,30.0,0.0,0.0,0.0,0.0
11161,29.1467465,0.0,0.0,30.0,0.0,0.0,0.0,0.0
11162,29.2100069,0.0,0.0,30.0,0.0,0.0,0.0,0.0
11163,29.4000236,0.0,0.0,30.0,0.0,0.0,0.0,0.0
11164,29.5627604,0.0,0.0,30.0,0.0,0.0,0.0,0.0
11165,29.138236,0.0,0.0,30.0,0.0,0.0,0.0,0.0
11166,29.0148353,0.0,0.0,30.0,0.0,0.0,0.0,0.0
11167,29.9065165,0.0,0.0,30.0,0.0,0.0,0.0,0.0
11168,30.0,0.0,0.0,30.0,0.0,0.0,0.0,0.0
11169,30.0,0.0,0.0,30.0,0.0,0.0,0.0,0.0
11170,23.8910993,0.0,0.0,30.0,0.0,0.0,0.0,0.0
11171,23.6889107,0.0,0.0,30.0,0.0,0.0,0.0,0.0
11172,0.0,0.0,0.0,0.0,0.0,0.0,0.0,0.0
11173,30.0,0.0,0.0,4.17190152,0.0,0.0,0.0,0.0
11174,28.6297695,0.0,0.0,6.60148259,0.0,0.0,0.0,0.0
11175,0.0,0.0,0.0,16.68928,0.0,0.0,0.0,0.0
11176,0.0,0.0,0.0,21.8568074,0.0,0.0,0.0,0.0
11177,0.0,0.0,0.0,23.2967201,0.0,0.0,0.0,0.0
11178,0.0,0.0,0.0,23.7604688,0.0,0.0,0.0,0.0
11179,0.0,0.0,0.0,24.6293481,0.0,0.0,0.0,0.0
11180,0.0,0.0,0.0,25.4445645,0.0,0.0,0.0,0.0
11181,0.0,0.0,0.0,26.0144838,0.0,0.0,0.0,0.0
11182,0.0,0.0,0.0,26.4238771,0.0,0.0,0.0,0.0
11183,0.0,0.0,0.0,26.7067737,0.0,0.0,0.0,0.0
11184,0.0,0.0,0.0,26.8536249,0.0,0.0,0.0,0.0
11185,0.0,0.0,0.0,26.8618293,0.0,0.0,0.0,0.0
11186,0.0,0.0,0.0,26.7336019,0.0,0.0,0.0,0.0
11187,0.0,0.0,0.0,26.468907,0.0,0.0,0.0,0.0
11188,0.0,0.0,0.0,26.064076,0.0,0.0,0.0,0.0
11189,0.0,0.0,0.0,25.5086411,0.0,0.0,0.0,0.0
11190,0.0,0.0,0.0,24.7984215,0.0,0.0,0.0,0.0
11191,0.0,0.0,0.0,23.960887,0.0,0.0,0.0,0.0
11192,0.0,0.0,0.0,22.9653042,0.0,0.0,0.0,0.0
11193,0.0,0.0,0.0,21.5727075,0.0,0.0,0.0,0.0
11194,0.0,0.0,0.0,19.9394657,0.0,0.0,0.0,0.0
11195,0.0,0.0,0.0,19.4813227,0.0,0.0,0.0,0.0
11196,0.0,0.0,0.0,18.8378835,0.0,0.0,0.0,0.0
11197,0.0,0.0,0.0,8.98363264,0.0,0.0,0.0,0.0
11198,0.0,0.0,0.0,0.286356857,0.0,0.0,0.0,0.0
11199,0.0,0.0,0.0,4.89029842,0.0,0.0,0.0,0.0
11200,30.0,0.0,0.0,30.0,0.0,0.0,0.0,0.0
11201,30.0,0.0,0.0,30.0,0.0,0.0,0.0,0.0
11202,30.0,0.0,0.0,30.0,0.0,0.0,0.0,0.0
11203,30.0,0.0,0.0,30.0,0.0,0.0,0.0,0.0
11204,30.0,0.0,0.0,30.0,0.0,0.0,0.0,0.0
11205,30.0,0.0,0.0,30.0,0.0,0.0,0.0,0.0
11206,23.3787873,0.0,0.0,30.0,0.0,0.0,0.0,0.0
11207,17.938675,0.0,0.0,30.0,0.0,0.0,0.0,0.0
11208,14.6922641,0.0,0.0,30.0,0.0,0.0,0.0,0.0
11209,20.2529505,0.0,0.0,30.0,0.0,0.0,0.0,0.0
11210,24.4452667,0.0,0.0,30.0,0.0,0.0,0.0,0.0
11211,29.6732231,0.0,0.0,30.0,0.0,0.0,0.0,0.0
11212,30.0,0.0,0.0,30.0,0.0,0.0,0.0,0.0
11213,30.0,0.0,0.0,30.0,0.0,0.0,0.0,0.0
11214,30.0,0.0,0.0,30.0,0.0,0.0,0.0,0.0
11215,30.0,0.0,0.0,30.0,0.0,0.0,0.0,0.0
11216,30.0,0.0,0.0,30.0,0.0,0.0,0.0,0.0
11217,30.0,0.0,0.0,30.0,0.0,0.0,0.0,0.0
11218,30.0,0.0,0.0,30.0,0.0,0.0,0.0,0.0
11219,30.0,0.0,0.0,30.0,0.0,0.0,0.0,0.0
11220,28.8659729,0.0,0.0,30.0,0.0,0.0,0.0,0.0
11221,28.8891927,0.0,0.0,30.0,0.0,0.0,0.0,0.0
11222,29.0168359,0.0,0.0,30.0,0.0,0.0,0.0,0.0
11223,28.598468,0.0,0.0,30.0,0.0,0.0,0.0,0.0
11224,28.5493318,0.0,0.0,30.0,0.0,0.0,0.0,0.0
11225,28.5940176,0.0,0.0,30.0,0.0,0.0,0.0,0.0
11226,28.5657193,0.0,0.0,30.0,0.0,0.0,0.0,0.0
11227,28.5228926,0.0,0.0,30.0,0.0,0.0,0.0,0.0
11228,28.4976939,0.0,0.0,30.0,0.0,0.0,0.0,0.0
11229,28.4774592,0.0,0.0,30.0,0.0,0.0,0.0,0.0
11230,28.4557971,0.0,0.0,30.0,0.0,0.0,0.0,0.0
11231,28.4352267,0.0,0.0,30.0,0.0,0.0,0.0,0.0
11232,28.4168255,0.0,0.0,30.0,0.0,0.0,0.0,0.0
11233,28.3999185,0.0,0.0,30.0,0.0,0.0,0.0,0.0
11234,28.3841694,0.0,0.0,30.0,0.0,0.0,0.0,0.0
11235,28.3695979,0.0,0.0,30.0,0.0,0.0,0.0,0.0
11236,28.3561575,0.0,0.0,30.0,0.0,0.0,0.0,0.0
11237,28.3437397,0.0,0.0,30.0,0.0,0.0,0.0,0.0
11238,28.3322589,0.0,0.0,30.0,0.0,0.0,0.0,0.0
11239,28.3216486,0.0,0.0,30.0,0.0,0.0,0.0,0.0
11240,28.3118445,0.0,0.0,30.0,0.0,0.0,0.0,0.0
11241,28.3027843,0.0,0.0,30.0,0.0,0.0,0.0,0.0
11242,28.2944114,0.0,0.0,30.0,0.0,0.0,0.0,0.0
11243,28.2866739,0.0,0.0,30.0,0.0,0.0,0.0,0.0
11244,28.2795236,0.0,0.0,30.0,0.0,0.0,0.0,0.0
11245,28.272916,0.0,0.0,30.0,0.0,0.0,0.0,0.0
11246,28.2668098,0.0,0.0,30.0,0.0,0.0,0.0,0.0
11247,28.2611672,0.0,0.0,30.0,0.0,0.0,0.0,0.0
11248,28.2559529,0.0,0.0,30.0,0.0,0.0,0.0,0.0
11249,28.2511344,0.0,0.0,30.0,0.0,0.0,0.0,0.0
11250,28.2466819,0.0,0.0,30.0,0.0,0.0,0.0,0.0
11251,28.2425675,0.0,0.0,30.0,0.0,0.0,0.0,0.0
11252,28.2387656,0.0,0.0,30.0,0.0,0.0,0.0,0.0
11253,28.2352526,0.0,0.0,30.0,0.0,0.0,0.0,0.0
11254,28.2320066,0.0,0.0,30.0,0.0,0.0,0.0,0.0
11255,28.2290073,0.0,0.0,30.0,0.0,0.0,0.0,0.0
11256,28.2262361,0.0,0.0,30.0,0.0,0.0,0.0,0.0
11257,28.2236757,0.0,0.0,30.0,0.0,0.0,0.0,0.0
11258,28.2213103,0.0,0.0,30.0,0.0,0.0,0.0,0.0
11259,28.2191249,0.0,0.0,30.0,0.0,0.0,0.0,0.0
11260,28.2171062,0.0,0.0,30.0,0.0,0.0,0.0,0.0
11261,28.2152414,0.0,0.0,30.0,0.0,0.0,0.0,0.0
11262,28.213519,0.0,0.0,30.0,0.0,0.0,0.0,0.0
11263,28.2119282,0.0,0.0,30.0,0.0,0.0,0.0,0.0
11264,28.2104591,0.0,0.0,30.0,0.0,0.0,0.0,0.0
11265,28.2091026,0.0,0.0,30.0,0.0,0.0,0.0,0.0
11266,28.2078503,0.0,0.0,30.0,0.0,0.0,0.0,0.0
11267,28.2066943,0.0,0.0,30.0,0.0,0.0,0.0,0.0
11268,28.2056274,0.0,0.0,30.0,0.0,0.0,0.0,0.0
11269,28.2046431,0.0,0.0,30.0,0.0,0.0,0.0,0.0
11270,28.203735,0.0,0.0,30.0,0.0,0.0,0.0,0.0
11271,28.2028978,0.0,0.0,30.0,0.0,0.0,0.0,0.0
11272,28.202126,0.0,0.0,30.0,0.0,0.0,0.0,0.0
11273,28.2014148,0.0,0.0,30.0,0.0,0.0,0.0,0.0
11274,28.20076,0.0,0.0,30.0,0.0,0.0,0.0,0.0
11275,28.2001573,0.0,0.0,30.0,0.0,0.0,0.0,0.0
11276,28.1996031,0.0,0.0,30.0,0.0,0.0,0.0,0.0
11277,28.1990938,0.0,0.0,30.0,0.0,0.0,0.0,0.0
11278,28.1986264,0.0,0.0,30.0,0.0,0.0,0.0,0.0
11279,28.1981978,0.0,0.0,30.0,0.0,0.0,0.0,0.0
11280,28.1978055,0.0,0.0,30.0,0.0,0.0,0.0,0.0
11281,28.1974469,0.0,0.0,30.0,0.0,0.0,0.0,0.0
11282,28.1971199,0.0,0.0,30.0,0.0,0.0,0.0,0.0
11283,28.1968225,0.0,0.0,30.0,0.0,0.0,0.0,0.0
11284,28.1965526,0.0,0.0,30.0,0.0,0.0,0.0,0.0
11285,28.1963088,0.0,0.0,30.0,0.0,0.0,0.0,0.0
11286,28.1960894,0.0,0.0,30.0,0.0,0.0,0.0,0.0
11287,28.1958931,0.0,0.0,30.0,0.0,0.0,0.0,0.0
11288,28.1957187,0.0,0.0,30.0,0.0,0.0,0.0,0.0
11289,28.1955651,0.0,0.0,30.0,0.0,0.0,0.0,0.0
11290,28.1954313,0.0,0.0,30.0,0.0,0.0,0.0,0.0
11291,28.1953165,0.0,0.0,30.0,0.0,0.0,0.0,0.0
11292,28.1952199,0.0,0.0,30.0,0.0,0.0,0.0,0.0
11293,28.1951411,0.0,0.0,30.0,0.0,0.0,0.0,0.0
11294,28.1950794,0.0,0.0,30.0,0.0,0.0,0.0,0.0
11295,28.1950346,0.0,0.0,30.0,0.0,0.0,0.0,0.0
11296,28.1950063,0.0,0.0,30.0,0.0,0.0,0.0,0.0
11297,28.1949943,0.0,0.0,30.0,0.0,0.0,0.0,0.0
11298,28.1949986,0.0,0.0,30.0,0.0,0.0,0.0,0.0
11299,28.1950192,0.0,0.0,30.0,0.0,0.0,0.0,0.0
11300,28.1950562,0.0,0.0,30.0,0.0,0.0,0.0,0.0
11301,28.1951099,0.0,0.0,30.0,0.0,0.0,0.0,0.0
11302,28.1951806,0.0,0.0,30.0,0.0,0.0,0.0,0.0
11303,28.1952687,0.0,0.0,30.0,0.0,0.0,0.0,0.0
11304,28.1953748,0.0,0.0,30.0,0.0,0.0,0.0,0.0
11305,28.1954995,0.0,0.0,30.0,0.0,0.0,0.0,0.0
11306,28.1956437,0.0,0.0,30.0,0.0,0.0,0.0,0.0
11307,28.1958082,0.0,0.0,30.0,0.0,0.0,0.0,0.0
11308,28.195994,0.0,0.0,30.0,0.0,0.0,0.0,0.0
11309,28.1962023,0.0,0.0,30.0,0.0,0.0,0.0,0.0
11310,28.1964344,0.0,0.0,30.0,0.0,0.0,0.0,0.0
11311,28.1966918,0.0,0.0,30.0,0.0,0.0,0.0,0.0
11312,28.196976,0.0,0.0,30.0,0.0,0.0,0.0,0.0
11313,28.1972888,0.0,0.0,30.0,0.0,0.0,0.0,0.0
11314,28.1976322,0.0,0.0,30.0,0.0,0.0,0.0,0.0
11315,28.1980083,0.0,0.0,30.0,0.0,0.0,0.0,0.0
11316,28.1984195,0.0,0.0,30.0,0.0,0.0,0.0,0.0
11317,28.1988682,0.0,0.0,30.0,0.0,0.0,0.0,0.0
11318,28.1993574,0.0,0.0,30.0,0.0,0.0,0.0,0.0
11319,28.1998899,0.0,0.0,30.0,0.0,0.0,0.0,0.0
11320,28.2004693,0.0,0.0,30.0,0.0,0.0,0.0,0.0
11321,28.201099,0.0,0.0,30.0,0.0,0.0,0.0,0.0
11322,28.2017831,0.0,0.0,30.0,0.0,0.0,0.0,0.0
11323,28.2025256,0.0,0.0,30.0,0.0,0.0,0.0,0.0
11324,28.2033314,0.0,0.0,30.0,0.0,0.0,0.0,0.0
11325,28.2042053,0.0,0.0,30.0,0.0,0.0,0.0,0.0
11326,28.2051529,0.0,0.0,30.0,0.0,0.0,0.0,0.0
11327,28.2061801,0.0,0.0,30.0,0.0,0.0,0.0,0.0
11328,28.2072931,0.0,0.0,30.0,0.0,0.0,0.0,0.0
11329,28.2084991,0.0,0.0,30.0,0.0,0.0,0.0,0.0
11330,28.2098054,0.0,0.0,30.0,0.0,0.0,0.0,0.0
11331,28.2112202,0.0,0.0,30.0,0.0,0.0,0.0,0.0
11332,28.2127523,0.0,0.0,30.0,0.0,0.0,0.0,0.0
11333,28.2144114,0.0,0.0,30.0,0.0,0.0,0.0,0.0
11334,28.2162076,0.0,0.0,30.0,0.0,0.0,0.0,0.0
11335,28.2181522,0.0,0.0,30.0,0.0,0.0,0.0,0.0
11336,28.2202573,0.0,0.0,30.0,0.0,0.0,0.0,0.0
11337,28.222536,0.0,0.0,30.0,0.0,0.0,0.0,0.0
11338,28.2250025,0.0,0.0,30.0,0.0,0.0,0.0,0.0
11339,28.2276721,0.0,0.0,30.0,0.0,0.0,0.0,0.0
11340,28.2305616,0.0,0.0,30.0,0.0,0.0,0.0,0.0
11341,28.2336888,0.0,0.0,30.0,0.0,0.0,0.0,0.0
11342,28.2370732,0.0,0.0,30.0,0.0,0.0,0.0,0.0
11343,28.240736,0.0,0.0,30.0,0.0,0.0,0.0,0.0
11344,28.2446999,0.0,0.0,30.0,0.0,0.0,0.0,0.0
11345,28.2489896,0.0,0.0,30.0,0.0,0.0,0.0,0.0
11346,28.2536319,0.0,0.0,30.0,0.0,0.0,0.0,0.0
11347,28.2586556,0.0,0.0,30.0,0.0,0.0,0.0,0.0
11348,28.264092,0.0,0.0,30.0,0.0,0.0,0.0,0.0
11349,28.269975,0.0,0.0,30.0,0.0,0.0,0.0,0.0
11350,28.2763412,0.0,0.0,30.0,0.0,0.0,0.0,0.0
11351,28.2832303,0.0,0.0,30.0,0.0,0.0,0.0,0.0
11352,28.2906851,0.0,0.0,30.0,0.0,0.0,0.0,0.0
11353,28.2987521,0.0,0.0,30.0,0.0,0.0,0.0,0.0
11354,28.3074815,0.0,0.0,30.0,0.0,0.0,0.0,0.0
11355,28.3169277,0.0,0.0,30.0,0.0,0.0,0.0,0.0
11356,28.3271496,0.0,0.0,30.0,0.0,0.0,0.0,0.0
11357,28.3382106,0.0,0.0,30.0,0.0,0.0,0.0,0.0
11358,28.3501798,0.0,0.0,30.0,0.0,0.0,0.0,0.0
11359,28.3631317,0.0,0.0,30.0,0.0,0.0,0.0,0.0
11360,28.3771469,0.0,0.0,30.0,0.0,0.0,0.0,0.0
11361,28.3923127,0.0,0.0,30.0,0.0,0.0,0.0,0.0
11362,28.4087235,0.0,0.0,30.0,0.0,0.0,0.0,0.0
11363,28.4264816,0.0,0.0,30.0,0.0,0.0,0.0,0.0
11364,28.4456975,0.0,0.0,30.0,0.0,0.0,0.0,0.0
11365,28.4664908,0.0,0.0,30.0,0.0,0.0,0.0,0.0
11366,28.488991,0.0,0.0,30.0,0.0,0.0,0.0,0.0
11367,28.5133386,0.0,0.0,30.0,0.0,0.0,0.0,0.0
11368,28.5396851,0.0,0.0,30.0,0.0,0.0,0.0,0.0
11369,28.5681927,0.0,0.0,30.0,0.0,0.0,0.0,0.0
11370,28.5990399,0.0,0.0,30.0,0.0,0.0,0.0,0.0
11371,28.6324274,0.0,0.0,30.0,0.0,0.0,0.0,0.0
11372,28.668558,0.0,0.0,30.0,0.0,0.0,0.0,0.0
11373,28.707614,0.0,0.0,30.0,0.0,0.0,0.0,0.0
11374,28.7498688,0.0,0.0,30.0,0.0,0.0,0.0,0.0
11375,28.795794,0.0,0.0,30.0,0.0,0.0,0.0,0.0
11376,28.8455039,0.0,0.0,30.0,0.0,0.0,0.0,0.0
11377,28.8982911,0.0,0.0,30.0,0.0,0.0,0.0,0.0
11378,28.9554446,0.0,0.0,30.0,0.0,0.0,0.0,0.0
11379,29.0222657,0.0,0.0,30.0,0.0,0.0,0.0,0.0
11380,29.0938794,0.0,0.0,30.0,0.0,0.0,0.0,0.0
11381,29.1467484,0.0,0.0,30.0,0.0,0.0,0.0,0.0
11382,29.2100086,0.0,0.0,30.0,0.0,0.0,0.0,0.0
11383,29.4000251,0.0,0.0,30.0,0.0,0.0,0.0,0.0
11384,29.5627617,0.0,0.0,30.0,0.0,0.0,0.0,0.0
11385,29.1382371,0.0,0.0,30.0,0.0,0.0,0.0,0.0
11386,29.0148365,0.0,0.0,30.0,0.0,0.0,0.0,0.0
11387,29.9065178,0.0,0.0,30.0,0.0,0.0,0.0,0.0
11388,30.0,0.0,0.0,30.0,0.0,0.0,0.0,0.0
11389,30.0,0.0,0.0,30.0,0.0,0.0,0.0,0.0
11390,23.891103,0.0,0.0,30.0,0.0,0.0,0.0,0.0
11391,23.6889133,0.0,0.0,30.0,0.0,0.0,0.0,0.0
11392,0.0,0.0,0.0,0.0,0.0,0.0,0.0,0.0
11393,30.0,0.0,0.0,4.91746217,0.0,0.0,0.0,0.0
11394,30.0,0.0,0.0,7.02734753,0.0,0.0,0.0,0.0
11395,0.0,0.0,0.0,17.7123086,0.0,0.0,0.0,0.0
11396,0.0,0.0,0.0,23.2690326,0.0,0.0,0.0,0.0
11397,0.0,0.0,0.0,24.9543813,0.0,0.0,0.0,0.0
11398,0.0,0.0,0.0,25.6476614,0.0,0.0,0.0,0.0
11399,0.0,0.0,0.0,26.7895881,0.0,0.0,0.0,0.0
11400,0.0,0.0,0.0,27.8833453,0.0,0.0,0.0,0.0
11401,0.0,0.0,0.0,28.7946574,0.0,0.0,0.0,0.0
11402,0.0,0.0,0.0,29.5475471,0.0,0.0,0.0,0.0
11403,0.245962814,0.0,0.0,30.0,0.0,0.0,0.0,0.0
11404,1.82204195,0.0,0.0,30.0,0.0,0.0,0.0,0.0
11405,3.26785546,0.0,0.0,30.0,0.0,0.0,0.0,0.0
11406,4.42209102,0.0,0.0,30.0,0.0,0.0,0.0,0.0
11407,5.48665639,0.0,0.0,30.0,0.0,0.0,0.0,0.0
11408,6.43194524,0.0,0.0,30.0,0.0,0.0,0.0,0.0
11409,7.22820961,0.0,0.0,30.0,0.0,0.0,0.0,0.0
11410,7.90083332,0.0,0.0,30.0,0.0,0.0,0.0,0.0
11411,8.45522311,0.0,0.0,30.0,0.0,0.0,0.0,0.0
11412,8.82961504,0.0,0.0,30.0,0.0,0.0,0.0,0.0
11413,9.06139976,0.0,0.0,30.0,0.0,0.0,0.0,0.0
11414,9.46393162,0.0,0.0,30.0,0.0,0.0,0.0,0.0
11415,9.82589935,0.0,0.0,30.0,0.0,0.0,0.0,0.0
11416,8.62599752,0.0,0.0,30.0,0.0,0.0,0.0,0.0
11417,7.07988632,0.0,0.0,30.0,0.0,0.0,0.0,0.0
11418,12.6433407,0.0,0.0,30.0,0.0,0.0,0.0,0.0
11419,17.3894464,0.0,0.0,30.0,0.0,0.0,0.0,0.0
11420,20.6362496,0.0,0.0,30.0,0.0,0.0,0.0,0.0
11421,24.5489436,0.0,0.0,30.0,0.0,0.0,0.0,0.0
11422,26.6128704,0.0,0.0,30.0,0.0,0.0,0.0,0.0
11423,27.639306,0.0,0.0,30.0,0.0,0.0,0.0,0.0
11424,27.4421145,0.0,0.0,30.0,0.0,0.0,0.0,0.0
11425,28.4155962,0.0,0.0,30.0,0.0,0.0,0.0,0.0
11426,29.0979471,0.0,0.0,30.0,0.0,0.0,0.0,0.0
11427,30.0,0.0,0.0,30.0,0.0,0.0,0.0,0.0
11428,30.0,0.0,0.0,30.0,0.0,0.0,0.0,0.0
11429,30.0,0.0,0.0,30.0,0.0,0.0,0.0,0.0
11430,30.0,0.0,0.0,30.0,0.0,0.0,0.0,0.0
11431,30.0,0.0,0.0,30.0,0.0,0.0,0.0,0.0
11432,30.0,0.0,0.0,30.0,0.0,0.0,0.0,0.0
11433,30.0,0.0,0.0,30.0,0.0,0.0,0.0,0.0
11434,30.0,0.0,0.0,30.0,0.0,0.0,0.0,0.0
11435,30.0,0.0,0.0,30.0,0.0,0.0,0.0,0.0
11436,30.0,0.0,0.0,30.0,0.0,0.0,0.0,0.0
11437,30.0,0.0,0.0,30.0,0.0,0.0,0.0,0.0
11438,30.0,0.0,0.0,30.0,0.0,0.0,0.0,0.0
11439,30.0,0.0,0.0,30.0,0.0,0.0,0.0,0.0
11440,29.2993319,0.0,0.0,30.0,0.0,0.0,0.0,0.0
11441,29.2606855,0.0,0.0,30.0,0.0,0.0,0.0,0.0
11442,29.3141329,0.0,0.0,30.0,0.0,0.0,0.0,0.0
11443,29.0519569,0.0,0.0,30.0,0.0,0.0,0.0,0.0
11444,28.9685482,0.0,0.0,30.0,0.0,0.0,0.0,0.0
11445,28.9455798,0.0,0.0,30.0,0.0,0.0,0.0,0.0
11446,28.8913479,0.0,0.0,30.0,0.0,0.0,0.0,0.0
11447,28.8310276,0.0,0.0,30.0,0.0,0.0,0.0,0.0
11448,28.7821517,0.0,0.0,30.0,0.0,0.0,0.0,0.0
11449,28.7388925,0.0,0.0,30.0,0.0,0.0,0.0,0.0
11450,28.6974901,0.0,0.0,30.0,0.0,0.0,0.0,0.0
11451,28.6588745,0.0,0.0,30.0,0.0,0.0,0.0,0.0
11452,28.6234829,0.0,0.0,30.0,0.0,0.0,0.0,0.0
11453,28.5908413,0.0,0.0,30.0,0.0,0.0,0.0,0.0
11454,28.5606151,0.0,0.0,30.0,0.0,0.0,0.0,0.0
11455,28.5326702,0.0,0.0,30.0,0.0,0.0,0.0,0.0
11456,28.5068578,0.0,0.0,30.0,0.0,0.0,0.0,0.0
11457,28.4830057,0.0,0.0,30.0,0.0,0.0,0.0,0.0
11458,28.4609606,0.0,0.0,30.0,0.0,0.0,0.0,0.0
11459,28.4405876,0.0,0.0,30.0,0.0,0.0,0.0,0.0
11460,28.4217608,0.0,0.0,30.0,0.0,0.0,0.0,0.0
11461,28.4043624,0.0,0.0,30.0,0.0,0.0,0.0,0.0
11462,28.3882839,0.0,0.0,30.0,0.0,0.0,0.0,0.0
11463,28.3734253,0.0,0.0,30.0,0.0,0.0,0.0,0.0
11464,28.3596942,0.0,0.0,30.0,0.0,0.0,0.0,0.0
11465,28.3470048,0.0,0.0,30.0,0.0,0.0,0.0,0.0
11466,28.3352784,0.0,0.0,30.0,0.0,0.0,0.0,0.0
11467,28.3244418,0.0,0.0,30.0,0.0,0.0,0.0,0.0
11468,28.3144275,0.0,0.0,30.0,0.0,0.0,0.0,0.0
11469,28.3051733,0.0,0.0,30.0,0.0,0.0,0.0,0.0
11470,28.2966214,0.0,0.0,30.0,0.0,0.0,0.0,0.0
11471,28.2887186,0.0,0.0,30.0,0.0,0.0,0.0,0.0
11472,28.2814158,0.0,0.0,30.0,0.0,0.0,0.0,0.0
11473,28.2746673,0.0,0.0,30.0,0.0,0.0,0.0,0.0
11474,28.2684313,0.0,0.0,30.0,0.0,0.0,0.0,0.0
11475,28.2626689,0.0,0.0,30.0,0.0,0.0,0.0,0.0
11476,28.2573442,0.0,0.0,30.0,0.0,0.0,0.0,0.0
11477,28.252424,0.0,0.0,30.0,0.0,0.0,0.0,0.0
11478,28.2478777,0.0,0.0,30.0,0.0,0.0,0.0,0.0
11479,28.243677,0.0,0.0,30.0,0.0,0.0,0.0,0.0
11480,28.2397957,0.0,0.0,30.0,0.0,0.0,0.0,0.0
11481,28.2362097,0.0,0.0,30.0,0.0,0.0,0.0,0.0
11482,28.2328967,0.0,0.0,30.0,0.0,0.0,0.0,0.0
11483,28.2298359,0.0,0.0,30.0,0.0,0.0,0.0,0.0
11484,28.2270084,0.0,0.0,30.0,0.0,0.0,0.0,0.0
11485,28.2243965,0.0,0.0,30.0,0.0,0.0,0.0,0.0
11486,28.221984,0.0,0.0,30.0,0.0,0.0,0.0,0.0
11487,28.2197558,0.0,0.0,30.0,0.0,0.0,0.0,0.0
11488,28.2176981,0.0,0.0,30.0,0.0,0.0,0.0,0.0
11489,28.215798,0.0,0.0,30.0,0.0,0.0,0.0,0.0
11490,28.2140438,0.0,0.0,30.0,0.0,0.0,0.0,0.0
11491,28.2124245,0.0,0.0,30.0,0.0,0.0,0.0,0.0
11492,28.21093,0.0,0.0,30.0,0.0,0.0,0.0,0.0
11493,28.209551,0.0,0.0,30.0,0.0,0.0,0.0,0.0
11494,28.208279,0.0,0.0,30.0,0.0,0.0,0.0,0.0
11495,28.2071059,0.0,0.0,30.0,0.0,0.0,0.0,0.0
11496,28.2060246,0.0,0.0,30.0,0.0,0.0,0.0,0.0
11497,28.2050282,0.0,0.0,30.0,0.0,0.0,0.0,0.0
11498,28.2041106,0.0,0.0,30.0,0.0,0.0,0.0,0.0
11499,28.203266,0.0,0.0,30.0,0.0,0.0,0.0,0.0
11500,28.2024892,0.0,0.0,30.0,0.0,0.0,0.0,0.0
11501,28.2017753,0.0,0.0,30.0,0.0,0.0,0.0,0.0
11502,28.20112,0.0,0.0,30.0,0.0,0.0,0.0,0.0
11503,28.200519,0.0,0.0,30.0,0.0,0.0,0.0,0.0
11504,28.1999688,0.0,0.0,30.0,0.0,0.0,0.0,0.0
11505,28.1994658,0.0,0.0,30.0,0.0,0.0,0.0,0.0
11506,28.1990069,0.0,0.0,30.0,0.0,0.0,0.0,0.0
11507,28.1985893,0.0,0.0,30.0,0.0,0.0,0.0,0.0
11508,28.1982104,0.0,0.0,30.0,0.0,0.0,0.0,0.0
11509,28.1978677,0.0,0.0,30.0,0.0,0.0,0.0,0.0
11510,28.1975592,0.0,0.0,30.0,0.0,0.0,0.0,0.0
11511,28.197283,0.0,0.0,30.0,0.0,0.0,0.0,0.0
11512,28.1970373,0.0,0.0,30.0,0.0,0.0,0.0,0.0
11513,28.1968206,0.0,0.0,30.0,0.0,0.0,0.0,0.0
11514,28.1966315,0.0,0.0,30.0,0.0,0.0,0.0,0.0
11515,28.1964689,0.0,0.0,30.0,0.0,0.0,0.0,0.0
11516,28.1963318,0.0,0.0,30.0,0.0,0.0,0.0,0.0
11517,28.1962193,0.0,0.0,30.0,0.0,0.0,0.0,0.0
11518,28.1961306,0.0,0.0,30.0,0.0,0.0,0.0,0.0
11519,28.1960653,0.0,0.0,30.0,0.0,0.0,0.0,0.0
11520,28.196023,0.0,0.0,30.0,0.0,0.0,0.0,0.0
11521,28.1960033,0.0,0.0,30.0,0.0,0.0,0.0,0.0
11522,28.1960062,0.0,0.0,30.0,0.0,0.0,0.0,0.0
11523,28.1960317,0.0,0.0,30.0,0.0,0.0,0.0,0.0
11524,28.1960799,0.0,0.0,30.0,0.0,0.0,0.0,0.0
11525,28.1961512,0.0,0.0,30.0,0.0,0.0,0.0,0.0
11526,28.1962459,0.0,0.0,30.0,0.0,0.0,0.0,0.0
11527,28.1963647,0.0,0.0,30.0,0.0,0.0,0.0,0.0
11528,28.1965083,0.0,0.0,30.0,0.0,0.0,0.0,0.0
11529,28.1966776,0.0,0.0,30.0,0.0,0.0,0.0,0.0
11530,28.1968737,0.0,0.0,30.0,0.0,0.0,0.0,0.0
11531,28.1970977,0.0,0.0,30.0,0.0,0.0,0.0,0.0
11532,28.1973511,0.0,0.0,30.0,0.0,0.0,0.0,0.0
11533,28.1976355,0.0,0.0,30.0,0.0,0.0,0.0,0.0
11534,28.1979526,0.0,0.0,30.0,0.0,0.0,0.0,0.0
11535,28.1983044,0.0,0.0,30.0,0.0,0.0,0.0,0.0
11536,28.1986931,0.0,0.0,30.0,0.0,0.0,0.0,0.0
11537,28.199121,0.0,0.0,30.0,0.0,0.0,0.0,0.0
11538,28.199591,0.0,0.0,30.0,0.0,0.0,0.0,0.0
11539,28.2001059,0.0,0.0,30.0,0.0,0.0,0.0,0.0
11540,28.2006688,0.0,0.0,30.0,0.0,0.0,0.0,0.0
11541,28.2012834,0.0,0.0,30.0,0.0,0.0,0.0,0.0
11542,28.2019535,0.0,0.0,30.0,0.0,0.0,0.0,0.0
11543,28.2026831,0.0,0.0,30.0,0.0,0.0,0.0,0.0
11544,28.2034769,0.0,0.0,30.0,0.0,0.0,0.0,0.0
11545,28.2043398,0.0,0.0,30.0,0.0,0.0,0.0,0.0
11546,28.2052772,0.0,0.0,30.0,0.0,0.0,0.0,0.0
11547,28.2062949,0.0,0.0,30.0,0.0,0.0,0.0,0.0
11548,28.2073993,0.0,0.0,30.0,0.0,0.0,0.0,0.0
11549,28.2085971,0.0,0.0,30.0,0.0,0.0,0.0,0.0
11550,28.209896,0.0,0.0,30.0,0.0,0.0,0.0,0.0
11551,28.211304,0.0,0.0,30.0,0.0,0.0,0.0,0.0
11552,28.2128298,0.0,0.0,30.0,0.0,0.0,0.0,0.0
11553,28.2144829,0.0,0.0,30.0,0.0,0.0,0.0,0.0
11554,28.2162737,0.0,0.0,30.0,0.0,0.0,0.0,0.0
11555,28.2182133,0.0,0.0,30.0,0.0,0.0,0.0,0.0
11556,28.2203137,0.0,0.0,30.0,0.0,0.0,0.0,0.0
11557,28.2225882,0.0,0.0,30.0,0.0,0.0,0.0,0.0
11558,28.2250507,0.0,0.0,30.0,0.0,0.0,0.0,0.0
11559,28.2277167,0.0,0.0,30.0,0.0,0.0,0.0,0.0
11560,28.2306027,0.0,0.0,30.0,0.0,0.0,0.0,0.0
11561,28.2337268,0.0,0.0,30.0,0.0,0.0,0.0,0.0
11562,28.2371084,0.0,0.0,30.0,0.0,0.0,0.0,0.0
11563,28.2407685,0.0,0.0,30.0,0.0,0.0,0.0,0.0
11564,28.2447299,0.0,0.0,30.0,0.0,0.0,0.0,0.0
11565,28.2490174,0.0,0.0,30.0,0.0,0.0,0.0,0.0
11566,28.2536575,0.0,0.0,30.0,0.0,0.0,0.0,0.0
11567,28.2586792,0.0,0.0,30.0,0.0,0.0,0.0,0.0
11568,28.2641139,0.0,0.0,30.0,0.0,0.0,0.0,0.0
11569,28.2699952,0.0,0.0,30.0,0.0,0.0,0.0,0.0
11570,28.2763599,0.0,0.0,30.0,0.0,0.0,0.0,0.0
11571,28.2832475,0.0,0.0,30.0,0.0,0.0,0.0,0.0
11572,28.2907011,0.0,0.0,30.0,0.0,0.0,0.0,0.0
11573,28.2987669,0.0,0.0,30.0,0.0,0.0,0.0,0.0
11574,28.3074952,0.0,0.0,30.0,0.0,0.0,0.0,0.0
11575,28.3169403,0.0,0.0,30.0,0.0,0.0,0.0,0.0
11576,28.3271612,0.0,0.0,30.0,0.0,0.0,0.0,0.0
11577,28.3382214,0.0,0.0,30.0,0.0,0.0,0.0,0.0
11578,28.3501897,0.0,0.0,30.0,0.0,0.0,0.0,0.0
11579,28.3631409,0.0,0.0,30.0,0.0,0.0,0.0,0.0
11580,28.3771553,0.0,0.0,30.0,0.0,0.0,0.0,0.0
11581,28.3923205,0.0,0.0,30.0,0.0,0.0,0.0,0.0
11582,28.4087307,0.0,0.0,30.0,0.0,0.0,0.0,0.0
11583,28.4264882,0.0,0.0,30.0,0.0,0.0,0.0,0.0
11584,28.4457036,0.0,0.0,30.0,0.0,0.0,0.0,0.0
11585,28.4664965,0.0,0.0,30.0,0.0,0.0,0.0,0.0
11586,28.4889962,0.0,0.0,30.0,0.0,0.0,0.0,0.0
11587,28.5133435,0.0,0.0,30.0,0.0,0.0,0.0,0.0
11588,28.5396896,0.0,0.0,30.0,0.0,0.0,0.0,0.0
11589,28.5681969,0.0,0.0,30.0,0.0,0.0,0.0,0.0
11590,28.5990437,0.0,0.0,30.0,0.0,0.0,0.0,0.0
11591,28.6324309,0.0,0.0,30.0,0.0,0.0,0.0,0.0
11592,28.6685613,0.0,0.0,30.0,0.0,0.0,0.0,0.0
11593,28.707617,0.0,0.0,30.0,0.0,0.0,0.0,0.0
11594,28.7498715,0.0,0.0,30.0,0.0,0.0,0.0,0.0
11595,28.7957965,0.0,0.0,30.0,0.0,0.0,0.0,0.0
11596,28.8455062,0.0,0.0,30.0,0.0,0.0,0.0,0.0
11597,28.8982932,0.0,0.0,30.0,0.0,0.0,0.0,0.0
11598,28.9554465,0.0,0.0,30.0,0.0,0.0,0.0,0.0
11599,29.0222675,0.0,0.0,30.0,0.0,0.0,0.0,0.0
11600,29.093881,0.0,0.0,30.0,0.0,0.0,0.0,0.0
11601,29.1467499,0.0,0.0,30.0,0.0,0.0,0.0,0.0
11602,29.21001,0.0,0.0,30.0,0.0,0.0,0.0,0.0
11603,29.4000264,0.0,0.0,30.0,0.0,0.0,0.0,0.0
11604,29.5627629,0.0,0.0,30.0,0.0,0.0,0.0,0.0
11605,29.138238,0.0,0.0,30.0,0.0,0.0,0.0,0.0
11606,29.0148375,0.0,0.0,30.0,0.0,0.0,0.0,0.0
11607,29.9065188,0.0,0.0,30.0,0.0,0.0,0.0,0.0
11608,30.0,0.0,0.0,30.0,0.0,0.0,0.0,0.0
11609,30.0,0.0,0.0,30.0,0.0,0.0,0.0,0.0
11610,23.8911061,0.0,0.0,30.0,0.0,0.0,0.0,0.0
11611,23.6889154,0.0,0.0,30.0,0.0,0.0,0.0,0.0
11612,0.0,0.0,0.0,0.0,0.0,0.0,0.0,0.0
11613,30.0,0.0,0.0,4.3794725,0.0,0.0,0.0,0.0
11614,30.0,0.0,0.0,6.38062664,0.0,0.0,0.0,0.0
11615,0.0,0.0,0.0,17.0023289,0.0,0.0,0.0,0.0
11616,0.0,0.0,0.0,22.276036,0.0,0.0,0.0,0.0
11617,0.0,0.0,0.0,23.7845316,0.0,0.0,0.0,0.0
11618,0.0,0.0,0.0,24.3122878,0.0,0.0,0.0,0.0
11619,0.0,0.0,0.0,25.2589556,0.0,0.0,0.0,0.0
11620,0.0,0.0,0.0,26.1607796,0.0,0.0,0.0,0.0
11621,0.0,0.0,0.0,26.8245704,0.0,0.0,0.0,0.0
11622,0.0,0.0,0.0,27.3371807,0.0,0.0,0.0,0.0
11623,0.0,0.0,0.0,27.7342179,0.0,0.0,0.0,0.0
11624,0.0,0.0,0.0,28.0073367,0.0,0.0,0.0,0.0
11625,0.0,0.0,0.0,28.1554345,0.0,0.0,0.0,0.0
11626,0.0,0.0,0.0,28.1822492,0.0,0.0,0.0,0.0
11627,0.0,0.0,0.0,28.0891725,0.0,0.0,0.0,0.0
11628,0.0,0.0,0.0,27.8755887,0.0,0.0,0.0,0.0
11629,0.0,0.0,0.0,27.5357145,0.0,0.0,0.0,0.0
11630,0.0,0.0,0.0,27.0608137,0.0,0.0,0.0,0.0
11631,0.0,0.0,0.0,26.4666364,0.0,0.0,0.0,0.0
11632,0.0,0.0,0.0,25.7734567,0.0,0.0,0.0,0.0
11633,0.0,0.0,0.0,24.8311033,0.0,0.0,0.0,0.0
11634,0.0,0.0,0.0,23.4766949,0.0,0.0,0.0,0.0
11635,0.0,0.0,0.0,22.634833,0.0,0.0,0.0,0.0
11636,0.0,0.0,0.0,23.1149744,0.0,0.0,0.0,0.0
11637,0.0,0.0,0.0,18.7244334,0.0,0.0,0.0,0.0
11638,0.0,0.0,0.0,5.26402107,0.0,0.0,0.0,0.0
11639,0.0,0.0,0.0,6.88804934,0.0,0.0,0.0,0.0
11640,30.0,0.0,0.0,30.0,0.0,0.0,0.0,0.0
11641,30.0,0.0,0.0,30.0,0.0,0.0,0.0,0.0
11642,30.0,0.0,0.0,30.0,0.0,0.0,0.0,0.0
11643,30.0,0.0,0.0,30.0,0.0,0.0,0.0,0.0
11644,30.0,0.0,0.0,30.0,0.0,0.0,0.0,0.0
11645,28.3282336,0.0,0.0,30.0,0.0,0.0,0.0,0.0
11646,28.097196,0.0,0.0,30.0,0.0,0.0,0.0,0.0
11647,30.0,0.0,0.0,30.0,0.0,0.0,0.0,0.0
11648,30.0,0.0,0.0,30.0,0.0,0.0,0.0,0.0
11649,30.0,0.0,0.0,30.0,0.0,0.0,0.0,0.0
11650,30.0,0.0,0.0,30.0,0.0,0.0,0.0,0.0
11651,30.0,0.0,0.0,30.0,0.0,0.0,0.0,0.0
11652,30.0,0.0,0.0,30.0,0.0,0.0,0.0,0.0
11653,30.0,0.0,0.0,30.0,0.0,0.0,0.0,0.0
11654,30.0,0.0,0.0,30.0,0.0,0.0,0.0,0.0
11655,30.0,0.0,0.0,30.0,0.0,0.0,0.0,0.0
11656,30.0,0.0,0.0,30.0,0.0,0.0,0.0,0.0
11657,30.0,0.0,0.0,30.0,0.0,0.0,0.0,0.0
11658,30.0,0.0,0.0,30.0,0.0,0.0,0.0,0.0
11659,30.0,0.0,0.0,30.0,0.0,0.0,0.0,0.0
11660,29.1730887,0.0,0.0,30.0,0.0,0.0,0.0,0.0
11661,29.1638579,0.0,0.0,30.0,0.0,0.0,0.0,0.0
11662,29.2507659,0.0,0.0,30.0,0.0,0.0,0.0,0.0
11663,28.9544164,0.0,0.0,30.0,0.0,0.0,0.0,0.0
11664,28.875044,0.0,0.0,30.0,0.0,0.0,0.0,0.0
11665,28.8670618,0.0,0.0,30.0,0.0,0.0,0.0,0.0
11666,28.819296,0.0,0.0,30.0,0.0,0.0,0.0,0.0
11667,28.7628402,0.0,0.0,30.0,0.0,0.0,0.0,0.0
11668,28.7190685,0.0,0.0,30.0,0.0,0.0,0.0,0.0
11669,28.6809188,0.0,0.0,30.0,0.0,0.0,0.0,0.0
11670,28.6439211,0.0,0.0,30.0,0.0,0.0,0.0,0.0
11671,28.6093037,0.0,0.0,30.0,0.0,0.0,0.0,0.0
11672,28.5776726,0.0,0.0,30.0,0.0,0.0,0.0,0.0
11673,28.5485192,0.0,0.0,30.0,0.0,0.0,0.0,0.0
11674,28.5215033,0.0,0.0,30.0,0.0,0.0,0.0,0.0
11675,28.4965227,0.0,0.0,30.0,0.0,0.0,0.0,0.0
11676,28.4734525,0.0,0.0,30.0,0.0,0.0,0.0,0.0
11677,28.4521351,0.0,0.0,30.0,0.0,0.0,0.0,0.0
11678,28.4324318,0.0,0.0,30.0,0.0,0.0,0.0,0.0
11679,28.4142229,0.0,0.0,30.0,0.0,0.0,0.0,0.0
11680,28.3973961,0.0,0.0,30.0,0.0,0.0,0.0,0.0
11681,28.381846,0.0,0.0,30.0,0.0,0.0,0.0,0.0
11682,28.3674755,0.0,0.0,30.0,0.0,0.0,0.0,0.0
11683,28.3541955,0.0,0.0,30.0,0.0,0.0,0.0,0.0
11684,28.341923,0.0,0.0,30.0,0.0,0.0,0.0,0.0
11685,28.3305818,0.0,0.0,30.0,0.0,0.0,0.0,0.0
11686,28.3201012,0.0,0.0,30.0,0.0,0.0,0.0,0.0
11687,28.3104159,0.0,0.0,30.0,0.0,0.0,0.0,0.0
11688,28.3014656,0.0,0.0,30.0,0.0,0.0,0.0,0.0
11689,28.2931947,0.0,0.0,30.0,0.0,0.0,0.0,0.0
11690,28.2855515,0.0,0.0,30.0,0.0,0.0,0.0,0.0
11691,28.2784884,0.0,0.0,30.0,0.0,0.0,0.0,0.0
11692,28.2719616,0.0,0.0,30.0,0.0,0.0,0.0,0.0
11693,28.2659304,0.0,0.0,30.0,0.0,0.0,0.0,0.0
11694,28.2603572,0.0,0.0,30.0,0.0,0.0,0.0,0.0
11695,28.2552072,0.0,0.0,30.0,0.0,0.0,0.0,0.0
11696,28.2504485,0.0,0.0,30.0,0.0,0.0,0.0,0.0
11697,28.2460514,0.0,0.0,30.0,0.0,0.0,0.0,0.0
11698,28.2419886,0.0,0.0,30.0,0.0,0.0,0.0,0.0
11699,28.2382346,0.0,0.0,30.0,0.0,0.0,0.0,0.0
11700,28.2347662,0.0,0.0,30.0,0.0,0.0,0.0,0.0
11701,28.2315617,0.0,0.0,30.0,0.0,0.0,0.0,0.0
11702,28.2286013,0.0,0.0,30.0,0.0,0.0,0.0,0.0
11703,28.2258663,0.0,0.0,30.0,0.0,0.0,0.0,0.0
11704,28.2233399,0.0,0.0,30.0,0.0,0.0,0.0,0.0
11705,28.2210063,0.0,0.0,30.0,0.0,0.0,0.0,0.0
11706,28.218851,0.0,0.0,30.0,0.0,0.0,0.0,0.0
11707,28.2168605,0.0,0.0,30.0,0.0,0.0,0.0,0.0
11708,28.2150224,0.0,0.0,30.0,0.0,0.0,0.0,0.0
11709,28.2133253,0.0,0.0,30.0,0.0,0.0,0.0,0.0
11710,28.2117587,0.0,0.0,30.0,0.0,0.0,0.0,0.0
11711,28.2103127,0.0,0.0,30.0,0.0,0.0,0.0,0.0
11712,28.2089784,0.0,0.0,30.0,0.0,0.0,0.0,0.0
11713,28.2077475,0.0,0.0,30.0,0.0,0.0,0.0,0.0
11714,28.2066123,0.0,0.0,30.0,0.0,0.0,0.0,0.0
11715,28.2055656,0.0,0.0,30.0,0.0,0.0,0.0,0.0
11716,28.2046011,0.0,0.0,30.0,0.0,0.0,0.0,0.0
11717,28.2037127,0.0,0.0,30.0,0.0,0.0,0.0,0.0
11718,28.2028949,0.0,0.0,30.0,0.0,0.0,0.0,0.0
11719,28.2021425,0.0,0.0,30.0,0.0,0.0,0.0,0.0
11720,28.2014509,0.0,0.0,30.0,0.0,0.0,0.0,0.0
11721,28.2008158,0.0,0.0,30.0,0.0,0.0,0.0,0.0
11722,28.2002333,0.0,0.0,30.0,0.0,0.0,0.0,0.0
11723,28.1996996,0.0,0.0,30.0,0.0,0.0,0.0,0.0
11724,28.1992115,0.0,0.0,30.0,0.0,0.0,0.0,0.0
11725,28.198766,0.0,0.0,30.0,0.0,0.0,0.0,0.0
11726,28.1983602,0.0,0.0,30.0,0.0,0.0,0.0,0.0
11727,28.1979916,0.0,0.0,30.0,0.0,0.0,0.0,0.0
11728,28.197658,0.0,0.0,30.0,0.0,0.0,0.0,0.0
11729,28.1973573,0.0,0.0,30.0,0.0,0.0,0.0,0.0
11730,28.1970875,0.0,0.0,30.0,0.0,0.0,0.0,0.0
11731,28.1968471,0.0,0.0,30.0,0.0,0.0,0.0,0.0
11732,28.1966344,0.0,0.0,30.0,0.0,0.0,0.0,0.0
11733,28.1964483,0.0,0.0,30.0,0.0,0.0,0.0,0.0
11734,28.1962875,0.0,0.0,30.0,0.0,0.0,0.0,0.0
11735,28.196151,0.0,0.0,30.0,0.0,0.0,0.0,0.0
11736,28.1960379,0.0,0.0,30.0,0.0,0.0,0.0,0.0
11737,28.1959477,0.0,0.0,30.0,0.0,0.0,0.0,0.0
11738,28.1958797,0.0,0.0,30.0,0.0,0.0,0.0,0.0
11739,28.1958334,0.0,0.0,30.0,0.0,0.0,0.0,0.0
11740,28.1958087,0.0,0.0,30.0,0.0,0.0,0.0,0.0
11741,28.1958053,0.0,0.0,30.0,0.0,0.0,0.0,0.0
11742,28.1958232,0.0,0.0,30.0,0.0,0.0,0.0,0.0
11743,28.1958626,0.0,0.0,30.0,0.0,0.0,0.0,0.0
11744,28.1959236,0.0,0.0,30.0,0.0,0.0,0.0,0.0
11745,28.1960067,0.0,0.0,30.0,0.0,0.0,0.0,0.0
11746,28.1961124,0.0,0.0,30.0,0.0,0.0,0.0,0.0
11747,28.1962413,0.0,0.0,30.0,0.0,0.0,0.0,0.0
11748,28.1963943,0.0,0.0,30.0,0.0,0.0,0.0,0.0
11749,28.1965722,0.0,0.0,30.0,0.0,0.0,0.0,0.0
11750,28.1967763,0.0,0.0,30.0,0.0,0.0,0.0,0.0
11751,28.1970077,0.0,0.0,30.0,0.0,0.0,0.0,0.0
11752,28.197268,0.0,0.0,30.0,0.0,0.0,0.0,0.0
11753,28.1975586,0.0,0.0,30.0,0.0,0.0,0.0,0.0
11754,28.1978816,0.0,0.0,30.0,0.0,0.0,0.0,0.0
11755,28.1982387,0.0,0.0,30.0,0.0,0.0,0.0,0.0
11756,28.1986324,0.0,0.0,30.0,0.0,0.0,0.0,0.0
11757,28.199065,0.0,0.0,30.0,0.0,0.0,0.0,0.0
11758,28.1995392,0.0,0.0,30.0,0.0,0.0,0.0,0.0
11759,28.200058,0.0,0.0,30.0,0.0,0.0,0.0,0.0
11760,28.2006246,0.0,0.0,30.0,0.0,0.0,0.0,0.0
11761,28.2012426,0.0,0.0,30.0,0.0,0.0,0.0,0.0
11762,28.2019157,0.0,0.0,30.0,0.0,0.0,0.0,0.0
11763,28.2026482,0.0,0.0,30.0,0.0,0.0,0.0,0.0
11764,28.2034447,0.0,0.0,30.0,0.0,0.0,0.0,0.0
11765,28.20431,0.0,0.0,30.0,0.0,0.0,0.0,0.0
11766,28.2052497,0.0,0.0,30.0,0.0,0.0,0.0,0.0
11767,28.2062694,0.0,0.0,30.0,0.0,0.0,0.0,0.0
11768,28.2073757,0.0,0.0,30.0,0.0,0.0,0.0,0.0
11769,28.2085754,0.0,0.0,30.0,0.0,0.0,0.0,0.0
11770,28.2098759,0.0,0.0,30.0,0.0,0.0,0.0,0.0
11771,28.2112854,0.0,0.0,30.0,0.0,0.0,0.0,0.0
11772,28.2128126,0.0,0.0,30.0,0.0,0.0,0.0,0.0
11773,28.214467,0.0,0.0,30.0,0.0,0.0,0.0,0.0
11774,28.216259,0.0,0.0,30.0,0.0,0.0,0.0,0.0
11775,28.2181997,0.0,0.0,30.0,0.0,0.0,0.0,0.0
11776,28.2203012,0.0,0.0,30.0,0.0,0.0,0.0,0.0
11777,28.2225766,0.0,0.0,30.0,0.0,0.0,0.0,0.0
11778,28.22504,0.0,0.0,30.0,0.0,0.0,0.0,0.0
11779,28.2277068,0.0,0.0,30.0,0.0,0.0,0.0,0.0
11780,28.2305936,0.0,0.0,30.0,0.0,0.0,0.0,0.0
11781,28.2337184,0.0,0.0,30.0,0.0,0.0,0.0,0.0
11782,28.2371006,0.0,0.0,30.0,0.0,0.0,0.0,0.0
11783,28.2407613,0.0,0.0,30.0,0.0,0.0,0.0,0.0
11784,28.2447232,0.0,0.0,30.0,0.0,0.0,0.0,0.0
11785,28.2490112,0.0,0.0,30.0,0.0,0.0,0.0,0.0
11786,28.2536518,0.0,0.0,30.0,0.0,0.0,0.0,0.0
11787,28.258674,0.0,0.0,30.0,0.0,0.0,0.0,0.0
11788,28.264109,0.0,0.0,30.0,0.0,0.0,0.0,0.0
11789,28.2699907,0.0,0.0,30.0,0.0,0.0,0.0,0.0
11790,28.2763557,0.0,0.0,30.0,0.0,0.0,0.0,0.0
11791,28.2832437,0.0,0.0,30.0,0.0,0.0,0.0,0.0
11792,28.2906975,0.0,0.0,30.0,0.0,0.0,0.0,0.0
11793,28.2987636,0.0,0.0,30.0,0.0,0.0,0.0,0.0
11794,28.3074921,0.0,0.0,30.0,0.0,0.0,0.0,0.0
11795,28.3169375,0.0,0.0,30.0,0.0,0.0,0.0,0.0
11796,28.3271586,0.0,0.0,30.0,0.0,0.0,0.0,0.0
11797,28.338219,0.0,0.0,30.0,0.0,0.0,0.0,0.0
11798,28.3501875,0.0,0.0,30.0,0.0,0.0,0.0,0.0
11799,28.3631388,0.0,0.0,30.0,0.0,0.0,0.0,0.0
11800,28.3771535,0.0,0.0,30.0,0.0,0.0,0.0,0.0
11801,28.3923188,0.0,0.0,30.0,0.0,0.0,0.0,0.0
11802,28.4087291,0.0,0.0,30.0,0.0,0.0,0.0,0.0
11803,28.4264868,0.0,0.0,30.0,0.0,0.0,0.0,0.0
11804,28.4457023,0.0,0.0,30.0,0.0,0.0,0.0,0.0
11805,28.4664952,0.0,0.0,30.0,0.0,0.0,0.0,0.0
11806,28.4889951,0.0,0.0,30.0,0.0,0.0,0.0,0.0
11807,28.5133424,0.0,0.0,30.0,0.0,0.0,0.0,0.0
11808,28.5396886,0.0,0.0,30.0,0.0,0.0,0.0,0.0
11809,28.5681959,0.0,0.0,30.0,0.0,0.0,0.0,0.0
11810,28.5990429,0.0,0.0,30.0,0.0,0.0,0.0,0.0
11811,28.6324302,0.0,0.0,30.0,0.0,0.0,0.0,0.0
11812,28.6685606,0.0,0.0,30.0,0.0,0.0,0.0,0.0
11813,28.7076164,0.0,0.0,30.0,0.0,0.0,0.0,0.0
11814,28.7498709,0.0,0.0,30.0,0.0,0.0,0.0,0.0
11815,28.795796,0.0,0.0,30.0,0.0,0.0,0.0,0.0
11816,28.8455057,0.0,0.0,30.0,0.0,0.0,0.0,0.0
11817,28.8982927,0.0,0.0,30.0,0.0,0.0,0.0,0.0
11818,28.9554461,0.0,0.0,30.0,0.0,0.0,0.0,0.0
11819,29.0222671,0.0,0.0,30.0,0.0,0.0,0.0,0.0
11820,29.0938806,0.0,0.0,30.0,0.0,0.0,0.0,0.0
11821,29.1467496,0.0,0.0,30.0,0.0,0.0,0.0,0.0
11822,29.2100097,0.0,0.0,30.0,0.0,0.0,0.0,0.0
11823,29.4000261,0.0,0.0,30.0,0.0,0.0,0.0,0.0
11824,29.5627626,0.0,0.0,30.0,0.0,0.0,0.0,0.0
11825,29.1382378,0.0,0.0,30.0,0.0,0.0,0.0,0.0
11826,29.0148373,0.0,0.0,30.0,0.0,0.0,0.0,0.0
11827,29.9065185,0.0,0.0,30.0,0.0,0.0,0.0,0.0
11828,30.0,0.0,0.0,30.0,0.0,0.0,0.0,0.0
11829,30.0,0.0,0.0,30.0,0.0,0.0,0.0,0.0
11830,23.8911054,0.0,0.0,30.0,0.0,0.0,0.0,0.0
11831,23.6889149,0.0,0.0,30.0,0.0,0.0,0.0,0.0
11832,0.0,0.0,0.0,0.0,0.0,0.0,0.0,0.0
11833,30.0,0.0,0.0,4.21859505,0.0,0.0,0.0,0.0
11834,30.0,0.0,0.0,6.18726477,0.0,0.0,0.0,0.0
11835,0.0,0.0,0.0,16.7900556,0.0,0.0,0.0,0.0
11836,0.0,0.0,0.0,21.9789414,0.0,0.0,0.0,0.0
11837,0.0,0.0,0.0,23.4345668,0.0,0.0,0.0,0.0
11838,0.0,0.0,0.0,23.9140565,0.0,0.0,0.0,0.0
11839,0.0,0.0,0.0,24.8020415,0.0,0.0,0.0,0.0
11840,0.0,0.0,0.0,25.6386006,0.0,0.0,0.0,0.0
11841,0.0,0.0,0.0,26.2319011,0.0,0.0,0.0,0.0
11842,0.0,0.0,0.0,26.6672088,0.0,0.0,0.0,0.0
11843,0.0,0.0,0.0,26.9789123,0.0,0.0,0.0,0.0
11844,0.0,0.0,0.0,27.1577817,0.0,0.0,0.0,0.0
11845,0.0,0.0,0.0,27.2016445,0.0,0.0,0.0,0.0
11846,0.0,0.0,0.0,27.11303,0.0,0.0,0.0,0.0
11847,0.0,0.0,0.0,26.8919937,0.0,0.0,0.0,0.0
11848,0.0,0.0,0.0,26.5361614,0.0,0.0,0.0,0.0
11849,0.0,0.0,0.0,26.0379339,0.0,0.0,0.0,0.0
11850,0.0,0.0,0.0,25.3883823,0.0,0.0,0.0,0.0
11851,0.0,0.0,0.0,24.6018378,0.0,0.0,0.0,0.0
11852,0.0,0.0,0.0,23.6854333,0.0,0.0,0.0,0.0
11853,0.0,0.0,0.0,22.4841006,0.0,0.0,0.0,0.0
11854,0.0,0.0,0.0,20.9023724,0.0,0.0,0.0,0.0
11855,0.0,0.0,0.0,19.8649141,0.0,0.0,0.0,0.0
11856,0.0,0.0,0.0,19.7244474,0.0,0.0,0.0,0.0
11857,0.0,0.0,0.0,14.3398563,0.0,0.0,0.0,0.0
11858,0.0,0.0,0.0,2.43748084,0.0,0.0,0.0,0.0
11859,0.0,0.0,0.0,3.65831342,0.0,0.0,0.0,0.0
11860,30.0,0.0,0.0,30.0,0.0,0.0,0.0,0.0
11861,30.0,0.0,0.0,30.0,0.0,0.0,0.0,0.0
11862,30.0,0.0,0.0,30.0,0.0,0.0,0.0,0.0
11863,30.0,0.0,0.0,30.0,0.0,0.0,0.0,0.0
11864,30.0,0.0,0.0,30.0,0.0,0.0,0.0,0.0
11865,30.0,0.0,0.0,30.0,0.0,0.0,0.0,0.0
11866,30.0,0.0,0.0,30.0,0.0,0.0,0.0,0.0
11867,17.4433495,0.0,0.0,30.0,0.0,0.0,0.0,0.0
11868,14.0733843,0.0,0.0,30.0,0.0,0.0,0.0,0.0
11869,19.6867302,0.0,0.0,30.0,0.0,0.0,0.0,0.0
11870,22.6703844,0.0,0.0,30.0,0.0,0.0,0.0,0.0
11871,20.6659028,0.0,0.0,30.0,0.0,0.0,0.0,0.0
11872,20.2527425,0.0,0.0,30.0,0.0,0.0,0.0,0.0
11873,22.9412901,0.0,0.0,30.0,0.0,0.0,0.0,0.0
11874,27.0508486,0.0,0.0,30.0,0.0,0.0,0.0,0.0
11875,30.0,0.0,0.0,30.0,0.0,0.0,0.0,0.0
11876,30.0,0.0,0.0,30.0,0.0,0.0,0.0,0.0
11877,30.0,0.0,0.0,30.0,0.0,0.0,0.0,0.0
11878,30.0,0.0,0.0,30.0,0.0,0.0,0.0,0.0
11879,30.0,0.0,0.0,30.0,0.0,0.0,0.0,0.0
11880,28.3494156,0.0,0.0,30.0,0.0,0.0,0.0,0.0
11881,28.1294247,0.0,0.0,30.0,0.0,0.0,0.0,0.0
11882,28.3890127,0.0,0.0,30.0,0.0,0.0,0.0,0.0
11883,28.0294322,0.0,0.0,30.0,0.0,0.0,0.0,0.0
11884,28.0096179,0.0,0.0,30.0,0.0,0.0,0.0,0.0
11885,28.0932507,0.0,0.0,30.0,0.0,0.0,0.0,0.0
11886,28.1057736,0.0,0.0,30.0,0.0,0.0,0.0,0.0
11887,28.0981793,0.0,0.0,30.0,0.0,0.0,0.0,0.0
11888,28.1046207,0.0,0.0,30.0,0.0,0.0,0.0,0.0
11889,28.1141478,0.0,0.0,30.0,0.0,0.0,0.0,0.0
11890,28.1201638,0.0,0.0,30.0,0.0,0.0,0.0,0.0
11891,28.1250631,0.0,0.0,30.0,0.0,0.0,0.0,0.0
11892,28.1301667,0.0,0.0,30.0,0.0,0.0,0.0,0.0
11893,28.1350041,0.0,0.0,30.0,0.0,0.0,0.0,0.0
11894,28.139356,0.0,0.0,30.0,0.0,0.0,0.0,0.0
11895,28.143356,0.0,0.0,30.0,0.0,0.0,0.0,0.0
11896,28.1470771,0.0,0.0,30.0,0.0,0.0,0.0,0.0
11897,28.15052,0.0,0.0,30.0,0.0,0.0,0.0,0.0
11898,28.1536968,0.0,0.0,30.0,0.0,0.0,0.0,0.0
11899,28.1566321,0.0,0.0,30.0,0.0,0.0,0.0,0.0
11900,28.1593459,0.0,0.0,30.0,0.0,0.0,0.0,0.0
11901,28.1618541,0.0,0.0,30.0,0.0,0.0,0.0,0.0
11902,28.1641721,0.0,0.0,30.0,0.0,0.0,0.0,0.0
11903,28.1663144,0.0,0.0,30.0,0.0,0.0,0.0,0.0
11904,28.1682945,0.0,0.0,30.0,0.0,0.0,0.0,0.0
11905,28.1701246,0.0,0.0,30.0,0.0,0.0,0.0,0.0
11906,28.1718161,0.0,0.0,30.0,0.0,0.0,0.0,0.0
11907,28.1733796,0.0,0.0,30.0,0.0,0.0,0.0,0.0
11908,28.1748248,0.0,0.0,30.0,0.0,0.0,0.0,0.0
11909,28.1761606,0.0,0.0,30.0,0.0,0.0,0.0,0.0
11910,28.1773955,0.0,0.0,30.0,0.0,0.0,0.0,0.0
11911,28.1785372,0.0,0.0,30.0,0.0,0.0,0.0,0.0
11912,28.1795926,0.0,0.0,30.0,0.0,0.0,0.0,0.0
11913,28.1805684,0.0,0.0,30.0,0.0,0.0,0.0,0.0
11914,28.1814706,0.0,0.0,30.0,0.0,0.0,0.0,0.0
11915,28.182305,0.0,0.0,30.0,0.0,0.0,0.0,0.0
11916,28.1830766,0.0,0.0,30.0,0.0,0.0,0.0,0.0
11917,28.1837903,0.0,0.0,30.0,0.0,0.0,0.0,0.0
11918,28.1844505,0.0,0.0,30.0,0.0,0.0,0.0,0.0
11919,28.1850613,0.0,0.0,30.0,0.0,0.0,0.0,0.0
11920,28.1856266,0.0,0.0,30.0,0.0,0.0,0.0,0.0
11921,28.1861498,0.0,0.0,30.0,0.0,0.0,0.0,0.0
11922,28.1866343,0.0,0.0,30.0,0.0,0.0,0.0,0.0
11923,28.1870829,0.0,0.0,30.0,0.0,0.0,0.0,0.0
11924,28.1874986,0.0,0.0,30.0,0.0,0.0,0.0,0.0
11925,28.1878839,0.0,0.0,30.0,0.0,0.0,0.0,0.0
11926,28.1882412,0.0,0.0,30.0,0.0,0.0,0.0,0.0
11927,28.1885728,0.0,0.0,30.0,0.0,0.0,0.0,0.0
11928,28.1888806,0.0,0.0,30.0,0.0,0.0,0.0,0.0
11929,28.1891666,0.0,0.0,30.0,0.0,0.0,0.0,0.0
11930,28.1894327,0.0,0.0,30.0,0.0,0.0,0.0,0.0
11931,28.1896803,0.0,0.0,30.0,0.0,0.0,0.0,0.0
11932,28.1899112,0.0,0.0,30.0,0.0,0.0,0.0,0.0
11933,28.1901267,0.0,0.0,30.0,0.0,0.0,0.0,0.0
11934,28.1903282,0.0,0.0,30.0,0.0,0.0,0.0,0.0
11935,28.1905169,0.0,0.0,30.0,0.0,0.0,0.0,0.0
11936,28.190694,0.0,0.0,30.0,0.0,0.0,0.0,0.0
11937,28.1908605,0.0,0.0,30.0,0.0,0.0,0.0,0.0
11938,28.1910177,0.0,0.0,30.0,0.0,0.0,0.0,0.0
11939,28.1911663,0.0,0.0,30.0,0.0,0.0,0.0,0.0
11940,28.1913074,0.0,0.0,30.0,0.0,0.0,0.0,0.0
11941,28.1914418,0.0,0.0,30.0,0.0,0.0,0.0,0.0
11942,28.1915703,0.0,0.0,30.0,0.0,0.0,0.0,0.0
11943,28.1916938,0.0,0.0,30.0,0.0,0.0,0.0,0.0
11944,28.1918131,0.0,0.0,30.0,0.0,0.0,0.0,0.0
11945,28.1919288,0.0,0.0,30.0,0.0,0.0,0.0,0.0
11946,28.1920417,0.0,0.0,30.0,0.0,0.0,0.0,0.0
11947,28.1921524,0.0,0.0,30.0,0.0,0.0,0.0,0.0
11948,28.1922618,0.0,0.0,30.0,0.0,0.0,0.0,0.0
11949,28.1923704,0.0,0.0,30.0,0.0,0.0,0.0,0.0
11950,28.192479,0.0,0.0,30.0,0.0,0.0,0.0,0.0
11951,28.1925881,0.0,0.0,30.0,0.0,0.0,0.0,0.0
11952,28.1926986,0.0,0.0,30.0,0.0,0.0,0.0,0.0
11953,28.192811,0.0,0.0,30.0,0.0,0.0,0.0,0.0
11954,28.1929261,0.0,0.0,30.0,0.0,0.0,0.0,0.0
11955,28.1930446,0.0,0.0,30.0,0.0,0.0,0.0,0.0
11956,28.1931673,0.0,0.0,30.0,0.0,0.0,0.0,0.0
11957,28.1932948,0.0,0.0,30.0,0.0,0.0,0.0,0.0
11958,28.193428,0.0,0.0,30.0,0.0,0.0,0.0,0.0
11959,28.1935678,0.0,0.0,30.0,0.0,0.0,0.0,0.0
11960,28.1937149,0.0,0.0,30.0,0.0,0.0,0.0,0.0
11961,28.1938703,0.0,0.0,30.0,0.0,0.0,0.0,0.0
11962,28.1940351,0.0,0.0,30.0,0.0,0.0,0.0,0.0
11963,28.1942101,0.0,0.0,30.0,0.0,0.0,0.0,0.0
11964,28.1943965,0.0,0.0,30.0,0.0,0.0,0.0,0.0
11965,28.1945955,0.0,0.0,30.0,0.0,0.0,0.0,0.0
11966,28.1948082,0.0,0.0,30.0,0.0,0.0,0.0,0.0
11967,28.1950361,0.0,0.0,30.0,0.0,0.0,0.0,0.0
11968,28.1952805,0.0,0.0,30.0,0.0,0.0,0.0,0.0
11969,28.1955429,0.0,0.0,30.0,0.0,0.0,0.0,0.0
11970,28.1958251,0.0,0.0,30.0,0.0,0.0,0.0,0.0
11971,28.1961287,0.0,0.0,30.0,0.0,0.0,0.0,0.0
11972,28.1964556,0.0,0.0,30.0,0.0,0.0,0.0,0.0
11973,28.1968079,0.0,0.0,30.0,0.0,0.0,0.0,0.0
11974,28.1971878,0.0,0.0,30.0,0.0,0.0,0.0,0.0
11975,28.1975976,0.0,0.0,30.0,0.0,0.0,0.0,0.0
11976,28.1980399,0.0,0.0,30.0,0.0,0.0,0.0,0.0
11977,28.1985175,0.0,0.0,30.0,0.0,0.0,0.0,0.0
11978,28.1990332,0.0,0.0,30.0,0.0,0.0,0.0,0.0
11979,28.1995904,0.0,0.0,30.0,0.0,0.0,0.0,0.0
11980,28.2001925,0.0,0.0,30.0,0.0,0.0,0.0,0.0
11981,28.2008432,0.0,0.0,30.0,0.0,0.0,0.0,0.0
11982,28.2015466,0.0,0.0,30.0,0.0,0.0,0.0,0.0
11983,28.2023072,0.0,0.0,30.0,0.0,0.0,0.0,0.0
11984,28.2031295,0.0,0.0,30.0,0.0,0.0,0.0,0.0
11985,28.2040188,0.0,0.0,30.0,0.0,0.0,0.0,0.0
11986,28.2049805,0.0,0.0,30.0,0.0,0.0,0.0,0.0
11987,28.2060207,0.0,0.0,30.0,0.0,0.0,0.0,0.0
11988,28.2071459,0.0,0.0,30.0,0.0,0.0,0.0,0.0
11989,28.208363,0.0,0.0,30.0,0.0,0.0,0.0,0.0
11990,28.2096796,0.0,0.0,30.0,0.0,0.0,0.0,0.0
11991,28.211104,0.0,0.0,30.0,0.0,0.0,0.0,0.0
11992,28.212645,0.0,0.0,30.0,0.0,0.0,0.0,0.0
11993,28.2143121,0.0,0.0,30.0,0.0,0.0,0.0,0.0
11994,28.2161159,0.0,0.0,30.0,0.0,0.0,0.0,0.0
11995,28.2180675,0.0,0.0,30.0,0.0,0.0,0.0,0.0
11996,28.220179,0.0,0.0,30.0,0.0,0.0,0.0,0.0
11997,28.2224636,0.0,0.0,30.0,0.0,0.0,0.0,0.0
11998,28.2249356,0.0,0.0,30.0,0.0,0.0,0.0,0.0
11999,28.2276103,0.0,0.0,30.0,0.0,0.0,0.0,0.0
12000,28.2305045,0.0,0.0,30.0,0.0,0.0,0.0,0.0
12001,28.233636,0.0,0.0,30.0,0.0,0.0,0.0,0.0
12002,28.2370244,0.0,0.0,30.0,0.0,0.0,0.0,0.0
12003,28.2406909,0.0,0.0,30.0,0.0,0.0,0.0,0.0
12004,28.2446583,0.0,0.0,30.0,0.0,0.0,0.0,0.0
12005,28.2489511,0.0,0.0,30.0,0.0,0.0,0.0,0.0
12006,28.2535963,0.0,0.0,30.0,0.0,0.0,0.0,0.0
12007,28.2586227,0.0,0.0,30.0,0.0,0.0,0.0,0.0
12008,28.2640616,0.0,0.0,30.0,0.0,0.0,0.0,0.0
12009,28.2699469,0.0,0.0,30.0,0.0,0.0,0.0,0.0
12010,28.2763153,0.0,0.0,30.0,0.0,0.0,0.0,0.0
12011,28.2832063,0.0,0.0,30.0,0.0,0.0,0.0,0.0
12012,28.290663,0.0,0.0,30.0,0.0,0.0,0.0,0.0
12013,28.2987317,0.0,0.0,30.0,0.0,0.0,0.0,0.0
12014,28.3074627,0.0,0.0,30.0,0.0,0.0,0.0,0.0
12015,28.3169103,0.0,0.0,30.0,0.0,0.0,0.0,0.0
12016,28.3271334,0.0,0.0,30.0,0.0,0.0,0.0,0.0
12017,28.3381957,0.0,0.0,30.0,0.0,0.0,0.0,0.0
12018,28.3501661,0.0,0.0,30.0,0.0,0.0,0.0,0.0
12019,28.363119,0.0,0.0,30.0,0.0,0.0,0.0,0.0
12020,28.3771351,0.0,0.0,30.0,0.0,0.0,0.0,0.0
12021,28.3923018,0.0,0.0,30.0,0.0,0.0,0.0,0.0
12022,28.4087135,0.0,0.0,30.0,0.0,0.0,0.0,0.0
12023,28.4264723,0.0,0.0,30.0,0.0,0.0,0.0,0.0
12024,28.4456889,0.0,0.0,30.0,0.0,0.0,0.0,0.0
12025,28.4664829,0.0,0.0,30.0,0.0,0.0,0.0,0.0
12026,28.4889837,0.0,0.0,30.0,0.0,0.0,0.0,0.0
12027,28.5133319,0.0,0.0,30.0,0.0,0.0,0.0,0.0
12028,28.5396789,0.0,0.0,30.0,0.0,0.0,0.0,0.0
12029,28.568187,0.0,0.0,30.0,0.0,0.0,0.0,0.0
12030,28.5990346,0.0,0.0,30.0,0.0,0.0,0.0,0.0
12031,28.6324226,0.0,0.0,30.0,0.0,0.0,0.0,0.0
12032,28.6685535,0.0,0.0,30.0,0.0,0.0,0.0,0.0
12033,28.7076099,0.0,0.0,30.0,0.0,0.0,0.0,0.0
12034,28.749865,0.0,0.0,30.0,0.0,0.0,0.0,0.0
12035,28.7957905,0.0,0.0,30.0,0.0,0.0,0.0,0.0
12036,28.8455007,0.0,0.0,30.0,0.0,0.0,0.0,0.0
12037,28.8982881,0.0,0.0,30.0,0.0,0.0,0.0,0.0
12038,28.9554418,0.0,0.0,30.0,0.0,0.0,0.0,0.0
12039,29.0222632,0.0,0.0,30.0,0.0,0.0,0.0,0.0
12040,29.0938771,0.0,0.0,30.0,0.0,0.0,0.0,0.0
12041,29.1467463,0.0,0.0,30.0,0.0,0.0,0.0,0.0
12042,29.2100067,0.0,0.0,30.0,0.0,0.0,0.0,0.0
12043,29.4000234,0.0,0.0,30.0,0.0,0.0,0.0,0.0
12044,29.5627602,0.0,0.0,30.0,0.0,0.0,0.0,0.0
12045,29.1382358,0.0,0.0,30.0,0.0,0.0,0.0,0.0
12046,29.0148351,0.0,0.0,30.0,0.0,0.0,0.0,0.0
12047,29.9065164,0.0,0.0,30.0,0.0,0.0,0.0,0.0
12048,30.0,0.0,0.0,30.0,0.0,0.0,0.0,0.0
12049,30.0,0.0,0.0,30.0,0.0,0.0,0.0,0.0
12050,23.8910987,0.0,0.0,30.0,0.0,0.0,0.0,0.0
12051,23.6889103,0.0,0.0,30.0,0.0,0.0,0.0,0.0
12052,0.0,0.0,0.0,0.0,0.0,0.0,0.0,0.0
12053,30.0,0.0,0.0,4.24215555,0.0,0.0,0.0,0.0
12054,30.0,0.0,0.0,6.21558261,0.0,0.0,0.0,0.0
12055,0.0,0.0,0.0,16.821143,0.0,0.0,0.0,0.0
12056,0.0,0.0,0.0,22.0224509,0.0,0.0,0.0,0.0
12057,0.0,0.0,0.0,23.4858191,0.0,0.0,0.0,0.0
12058,0.0,0.0,0.0,23.9723774,0.0,0.0,0.0,0.0
12059,0.0,0.0,0.0,24.8689566,0.0,0.0,0.0,0.0
12060,0.0,0.0,0.0,25.7150738,0.0,0.0,0.0,0.0
12061,0.0,0.0,0.0,26.3186973,0.0,0.0,0.0,0.0
12062,0.0,0.0,0.0,26.7653254,0.0,0.0,0.0,0.0
12063,0.0,0.0,0.0,27.0895284,0.0,0.0,0.0,0.0
12064,0.0,0.0,0.0,27.2822035,0.0,0.0,0.0,0.0
12065,0.0,0.0,0.0,27.3413161,0.0,0.0,0.0,0.0
12066,0.0,0.0,0.0,27.2695901,0.0,0.0,0.0,0.0
12067,0.0,0.0,0.0,27.0673952,0.0,0.0,0.0,0.0
12068,0.0,0.0,0.0,26.7324818,0.0,0.0,0.0,0.0
12069,0.0,0.0,0.0,26.256775,0.0,0.0,0.0,0.0
12070,0.0,0.0,0.0,25.6323564,0.0,0.0,0.0,0.0
12071,0.0,0.0,0.0,24.8783767,0.0,0.0,0.0,0.0
12072,0.0,0.0,0.0,23.9967867,0.0,0.0,0.0,0.0
12073,0.0,0.0,0.0,22.8047231,0.0,0.0,0.0,0.0
12074,0.0,0.0,0.0,21.247438,0.0,0.0,0.0,0.0
12075,0.0,0.0,0.0,20.4247573,0.0,0.0,0.0,0.0
12076,0.0,0.0,0.0,20.4007986,0.0,0.0,0.0,0.0
12077,0.0,0.0,0.0,13.9581131,0.0,0.0,0.0,0.0
12078,0.0,0.0,0.0,1.89195953,0.0,0.0,0.0,0.0
12079,0.0,0.0,0.0,5.90614328,0.0,0.0,0.0,0.0
12080,30.0,0.0,0.0,30.0,0.0,0.0,0.0,0.0
12081,30.0,0.0,0.0,30.0,0.0,0.0,0.0,0.0
12082,30.0,0.0,0.0,30.0,0.0,0.0,0.0,0.0
12083,30.0,0.0,0.0,30.0,0.0,0.0,0.0,0.0
12084,30.0,0.0,0.0,30.0,0.0,0.0,0.0,0.0
12085,30.0,0.0,0.0,30.0,0.0,0.0,0.0,0.0
12086,30.0,0.0,0.0,30.0,0.0,0.0,0.0,0.0
12087,30.0,0.0,0.0,30.0,0.0,0.0,0.0,0.0
12088,30.0,0.0,0.0,30.0,0.0,0.0,0.0,0.0
12089,30.0,0.0,0.0,30.0,0.0,0.0,0.0,0.0
12090,30.0,0.0,0.0,30.0,0.0,0.0,0.0,0.0
12091,30.0,0.0,0.0,30.0,0.0,0.0,0.0,0.0
12092,28.7631917,0.0,0.0,30.0,0.0,0.0,0.0,0.0
12093,23.5071464,0.0,0.0,30.0,0.0,0.0,0.0,0.0
12094,24.4810295,0.0,0.0,30.0,0.0,0.0,0.0,0.0
12095,30.0,0.0,0.0,30.0,0.0,0.0,0.0,0.0
12096,30.0,0.0,0.0,30.0,0.0,0.0,0.0,0.0
12097,30.0,0.0,0.0,30.0,0.0,0.0,0.0,0.0
12098,30.0,0.0,0.0,30.0,0.0,0.0,0.0,0.0
12099,30.0,0.0,0.0,30.0,0.0,0.0,0.0,0.0
12100,29.3428211,0.0,0.0,30.0,0.0,0.0,0.0,0.0
12101,28.9123013,0.0,0.0,30.0,0.0,0.0,0.0,0.0
12102,28.8323665,0.0,0.0,30.0,0.0,0.0,0.0,0.0
12103,28.6408366,0.0,0.0,30.0,0.0,0.0,0.0,0.0
12104,28.6215593,0.0,0.0,30.0,0.0,0.0,0.0,0.0
12105,28.6172925,0.0,0.0,30.0,0.0,0.0,0.0,0.0
12106,28.5814906,0.0,0.0,30.0,0.0,0.0,0.0,0.0
12107,28.5463496,0.0,0.0,30.0,0.0,0.0,0.0,0.0
12108,28.5203377,0.0,0.0,30.0,0.0,0.0,0.0,0.0
12109,28.496575,0.0,0.0,30.0,0.0,0.0,0.0,0.0
12110,28.4733069,0.0,0.0,30.0,0.0,0.0,0.0,0.0
12111,28.4517763,0.0,0.0,30.0,0.0,0.0,0.0,0.0
12112,28.4321432,0.0,0.0,30.0,0.0,0.0,0.0,0.0
12113,28.4139995,0.0,0.0,30.0,0.0,0.0,0.0,0.0
12114,28.3971791,0.0,0.0,30.0,0.0,0.0,0.0,0.0
12115,28.3816359,0.0,0.0,30.0,0.0,0.0,0.0,0.0
12116,28.3672826,0.0,0.0,30.0,0.0,0.0,0.0,0.0
12117,28.3540178,0.0,0.0,30.0,0.0,0.0,0.0,0.0
12118,28.3417573,0.0,0.0,30.0,0.0,0.0,0.0,0.0
12119,28.3304271,0.0,0.0,30.0,0.0,0.0,0.0,0.0
12120,28.319957,0.0,0.0,30.0,0.0,0.0,0.0,0.0
12121,28.3102813,0.0,0.0,30.0,0.0,0.0,0.0,0.0
12122,28.3013398,0.0,0.0,30.0,0.0,0.0,0.0,0.0
12123,28.2930767,0.0,0.0,30.0,0.0,0.0,0.0,0.0
12124,28.2854407,0.0,0.0,30.0,0.0,0.0,0.0,0.0
12125,28.2783842,0.0,0.0,30.0,0.0,0.0,0.0,0.0
12126,28.2718632,0.0,0.0,30.0,0.0,0.0,0.0,0.0
12127,28.2658372,0.0,0.0,30.0,0.0,0.0,0.0,0.0
12128,28.2602687,0.0,0.0,30.0,0.0,0.0,0.0,0.0
12129,28.2551228,0.0,0.0,30.0,0.0,0.0,0.0,0.0
12130,28.2503677,0.0,0.0,30.0,0.0,0.0,0.0,0.0
12131,28.2459737,0.0,0.0,30.0,0.0,0.0,0.0,0.0
12132,28.2419135,0.0,0.0,30.0,0.0,0.0,0.0,0.0
12133,28.2381617,0.0,0.0,30.0,0.0,0.0,0.0,0.0
12134,28.234695,0.0,0.0,30.0,0.0,0.0,0.0,0.0
12135,28.2314918,0.0,0.0,30.0,0.0,0.0,0.0,0.0
12136,28.2285321,0.0,0.0,30.0,0.0,0.0,0.0,0.0
12137,28.2257976,0.0,0.0,30.0,0.0,0.0,0.0,0.0
12138,28.2232711,0.0,0.0,30.0,0.0,0.0,0.0,0.0
12139,28.2209371,0.0,0.0,30.0,0.0,0.0,0.0,0.0
12140,28.2187809,0.0,0.0,30.0,0.0,0.0,0.0,0.0
12141,28.216789,0.0,0.0,30.0,0.0,0.0,0.0,0.0
12142,28.2149492,0.0,0.0,30.0,0.0,0.0,0.0,0.0
12143,28.2132499,0.0,0.0,30.0,0.0,0.0,0.0,0.0
12144,28.2116806,0.0,0.0,30.0,0.0,0.0,0.0,0.0
12145,28.2102315,0.0,0.0,30.0,0.0,0.0,0.0,0.0
12146,28.2088935,0.0,0.0,30.0,0.0,0.0,0.0,0.0
12147,28.2076584,0.0,0.0,30.0,0.0,0.0,0.0,0.0
12148,28.2065184,0.0,0.0,30.0,0.0,0.0,0.0,0.0
12149,28.2054664,0.0,0.0,30.0,0.0,0.0,0.0,0.0
12150,28.204496,0.0,0.0,30.0,0.0,0.0,0.0,0.0
12151,28.203601,0.0,0.0,30.0,0.0,0.0,0.0,0.0
12152,28.2027758,0.0,0.0,30.0,0.0,0.0,0.0,0.0
12153,28.2020154,0.0,0.0,30.0,0.0,0.0,0.0,0.0
12154,28.201315,0.0,0.0,30.0,0.0,0.0,0.0,0.0
12155,28.2006702,0.0,0.0,30.0,0.0,0.0,0.0,0.0
12156,28.2000771,0.0,0.0,30.0,0.0,0.0,0.0,0.0
12157,28.1995319,0.0,0.0,30.0,0.0,0.0,0.0,0.0
12158,28.1990312,0.0,0.0,30.0,0.0,0.0,0.0,0.0
12159,28.1985719,0.0,0.0,30.0,0.0,0.0,0.0,0.0
12160,28.1981512,0.0,0.0,30.0,0.0,0.0,0.0,0.0
12161,28.1977665,0.0,0.0,30.0,0.0,0.0,0.0,0.0
12162,28.1974152,0.0,0.0,30.0,0.0,0.0,0.0,0.0
12163,28.1970954,0.0,0.0,30.0,0.0,0.0,0.0,0.0
12164,28.1968048,0.0,0.0,30.0,0.0,0.0,0.0,0.0
12165,28.1965419,0.0,0.0,30.0,0.0,0.0,0.0,0.0
12166,28.1963048,0.0,0.0,30.0,0.0,0.0,0.0,0.0
12167,28.1960922,0.0,0.0,30.0,0.0,0.0,0.0,0.0
12168,28.1959027,0.0,0.0,30.0,0.0,0.0,0.0,0.0
12169,28.1957351,0.0,0.0,30.0,0.0,0.0,0.0,0.0
12170,28.1955884,0.0,0.0,30.0,0.0,0.0,0.0,0.0
12171,28.1954617,0.0,0.0,30.0,0.0,0.0,0.0,0.0
12172,28.1953541,0.0,0.0,30.0,0.0,0.0,0.0,0.0
12173,28.1952651,0.0,0.0,30.0,0.0,0.0,0.0,0.0
12174,28.195194,0.0,0.0,30.0,0.0,0.0,0.0,0.0
12175,28.1951405,0.0,0.0,30.0,0.0,0.0,0.0,0.0
12176,28.1951041,0.0,0.0,30.0,0.0,0.0,0.0,0.0
12177,28.1950847,0.0,0.0,30.0,0.0,0.0,0.0,0.0
12178,28.1950822,0.0,0.0,30.0,0.0,0.0,0.0,0.0
12179,28.1950964,0.0,0.0,30.0,0.0,0.0,0.0,0.0
12180,28.1951276,0.0,0.0,30.0,0.0,0.0,0.0,0.0
12181,28.1951759,0.0,0.0,30.0,0.0,0.0,0.0,0.0
12182,28.1952416,0.0,0.0,30.0,0.0,0.0,0.0,0.0
12183,28.1953251,0.0,0.0,30.0,0.0,0.0,0.0,0.0
12184,28.1954269,0.0,0.0,30.0,0.0,0.0,0.0,0.0
12185,28.1955477,0.0,0.0,30.0,0.0,0.0,0.0,0.0
12186,28.1956882,0.0,0.0,30.0,0.0,0.0,0.0,0.0
12187,28.1958493,0.0,0.0,30.0,0.0,0.0,0.0,0.0
12188,28.196032,0.0,0.0,30.0,0.0,0.0,0.0,0.0
12189,28.1962374,0.0,0.0,30.0,0.0,0.0,0.0,0.0
12190,28.1964669,0.0,0.0,30.0,0.0,0.0,0.0,0.0
12191,28.1967218,0.0,0.0,30.0,0.0,0.0,0.0,0.0
12192,28.1970037,0.0,0.0,30.0,0.0,0.0,0.0,0.0
12193,28.1973145,0.0,0.0,30.0,0.0,0.0,0.0,0.0
12194,28.1976559,0.0,0.0,30.0,0.0,0.0,0.0,0.0
12195,28.1980302,0.0,0.0,30.0,0.0,0.0,0.0,0.0
12196,28.1984397,0.0,0.0,30.0,0.0,0.0,0.0,0.0
12197,28.1988869,0.0,0.0,30.0,0.0,0.0,0.0,0.0
12198,28.1993746,0.0,0.0,30.0,0.0,0.0,0.0,0.0
12199,28.1999059,0.0,0.0,30.0,0.0,0.0,0.0,0.0
12200,28.2004841,0.0,0.0,30.0,0.0,0.0,0.0,0.0
12201,28.2011127,0.0,0.0,30.0,0.0,0.0,0.0,0.0
12202,28.2017957,0.0,0.0,30.0,0.0,0.0,0.0,0.0
12203,28.2025373,0.0,0.0,30.0,0.0,0.0,0.0,0.0
12204,28.2033422,0.0,0.0,30.0,0.0,0.0,0.0,0.0
12205,28.2042153,0.0,0.0,30.0,0.0,0.0,0.0,0.0
12206,28.2051621,0.0,0.0,30.0,0.0,0.0,0.0,0.0
12207,28.2061886,0.0,0.0,30.0,0.0,0.0,0.0,0.0
12208,28.207301,0.0,0.0,30.0,0.0,0.0,0.0,0.0
12209,28.2085063,0.0,0.0,30.0,0.0,0.0,0.0,0.0
12210,28.2098121,0.0,0.0,30.0,0.0,0.0,0.0,0.0
12211,28.2112264,0.0,0.0,30.0,0.0,0.0,0.0,0.0
12212,28.2127581,0.0,0.0,30.0,0.0,0.0,0.0,0.0
12213,28.2144167,0.0,0.0,30.0,0.0,0.0,0.0,0.0
12214,28.2162125,0.0,0.0,30.0,0.0,0.0,0.0,0.0
12215,28.2181567,0.0,0.0,30.0,0.0,0.0,0.0,0.0
12216,28.2202615,0.0,0.0,30.0,0.0,0.0,0.0,0.0
12217,28.2225399,0.0,0.0,30.0,0.0,0.0,0.0,0.0
12218,28.2250061,0.0,0.0,30.0,0.0,0.0,0.0,0.0
12219,28.2276754,0.0,0.0,30.0,0.0,0.0,0.0,0.0
12220,28.2305646,0.0,0.0,30.0,0.0,0.0,0.0,0.0
12221,28.2336916,0.0,0.0,30.0,0.0,0.0,0.0,0.0
12222,28.2370758,0.0,0.0,30.0,0.0,0.0,0.0,0.0
12223,28.2407384,0.0,0.0,30.0,0.0,0.0,0.0,0.0
12224,28.2447021,0.0,0.0,30.0,0.0,0.0,0.0,0.0
12225,28.2489917,0.0,0.0,30.0,0.0,0.0,0.0,0.0
12226,28.2536338,0.0,0.0,30.0,0.0,0.0,0.0,0.0
12227,28.2586573,0.0,0.0,30.0,0.0,0.0,0.0,0.0
12228,28.2640936,0.0,0.0,30.0,0.0,0.0,0.0,0.0
12229,28.2699765,0.0,0.0,30.0,0.0,0.0,0.0,0.0
12230,28.2763426,0.0,0.0,30.0,0.0,0.0,0.0,0.0
12231,28.2832315,0.0,0.0,30.0,0.0,0.0,0.0,0.0
12232,28.2906863,0.0,0.0,30.0,0.0,0.0,0.0,0.0
12233,28.2987532,0.0,0.0,30.0,0.0,0.0,0.0,0.0
12234,28.3074826,0.0,0.0,30.0,0.0,0.0,0.0,0.0
12235,28.3169287,0.0,0.0,30.0,0.0,0.0,0.0,0.0
12236,28.3271504,0.0,0.0,30.0,0.0,0.0,0.0,0.0
12237,28.3382114,0.0,0.0,30.0,0.0,0.0,0.0,0.0
12238,28.3501806,0.0,0.0,30.0,0.0,0.0,0.0,0.0
12239,28.3631324,0.0,0.0,30.0,0.0,0.0,0.0,0.0
12240,28.3771475,0.0,0.0,30.0,0.0,0.0,0.0,0.0
12241,28.3923132,0.0,0.0,30.0,0.0,0.0,0.0,0.0
12242,28.408724,0.0,0.0,30.0,0.0,0.0,0.0,0.0
12243,28.4264821,0.0,0.0,30.0,0.0,0.0,0.0,0.0
12244,28.4456979,0.0,0.0,30.0,0.0,0.0,0.0,0.0
12245,28.4664912,0.0,0.0,30.0,0.0,0.0,0.0,0.0
12246,28.4889914,0.0,0.0,30.0,0.0,0.0,0.0,0.0
12247,28.513339,0.0,0.0,30.0,0.0,0.0,0.0,0.0
12248,28.5396854,0.0,0.0,30.0,0.0,0.0,0.0,0.0
12249,28.568193,0.0,0.0,30.0,0.0,0.0,0.0,0.0
12250,28.5990402,0.0,0.0,30.0,0.0,0.0,0.0,0.0
12251,28.6324277,0.0,0.0,30.0,0.0,0.0,0.0,0.0
12252,28.6685583,0.0,0.0,30.0,0.0,0.0,0.0,0.0
12253,28.7076143,0.0,0.0,30.0,0.0,0.0,0.0,0.0
12254,28.749869,0.0,0.0,30.0,0.0,0.0,0.0,0.0
12255,28.7957942,0.0,0.0,30.0,0.0,0.0,0.0,0.0
12256,28.8455041,0.0,0.0,30.0,0.0,0.0,0.0,0.0
12257,28.8982912,0.0,0.0,30.0,0.0,0.0,0.0,0.0
12258,28.9554447,0.0,0.0,30.0,0.0,0.0,0.0,0.0
12259,29.0222659,0.0,0.0,30.0,0.0,0.0,0.0,0.0
12260,29.0938795,0.0,0.0,30.0,0.0,0.0,0.0,0.0
12261,29.1467485,0.0,0.0,30.0,0.0,0.0,0.0,0.0
12262,29.2100087,0.0,0.0,30.0,0.0,0.0,0.0,0.0
12263,29.4000252,0.0,0.0,30.0,0.0,0.0,0.0,0.0
12264,29.5627618,0.0,0.0,30.0,0.0,0.0,0.0,0.0
12265,29.1382372,0.0,0.0,30.0,0.0,0.0,0.0,0.0
12266,29.0148366,0.0,0.0,30.0,0.0,0.0,0.0,0.0
12267,29.9065178,0.0,0.0,30.0,0.0,0.0,0.0,0.0
12268,30.0,0.0,0.0,30.0,0.0,0.0,0.0,0.0
12269,30.0,0.0,0.0,30.0,0.0,0.0,0.0,0.0
12270,23.8911033,0.0,0.0,30.0,0.0,0.0,0.0,0.0
12271,23.6889134,0.0,0.0,30.0,0.0,0.0,0.0,0.0
12272,0.0,0.0,0.0,0.0,0.0,0.0,0.0,0.0
12273,30.0,0.0,0.0,4.3794725,0.0,0.0,0.0,0.0
12274,30.0,0.0,0.0,6.38062664,0.0,0.0,0.0,0.0
12275,0.0,0.0,0.0,17.0023289,0.0,0.0,0.0,0.0
12276,0.0,0.0,0.0,22.276036,0.0,0.0,0.0,0.0
12277,0.0,0.0,0.0,23.7845316,0.0,0.0,0.0,0.0
12278,0.0,0.0,0.0,24.3122878,0.0,0.0,0.0,0.0
12279,0.0,0.0,0.0,25.2589556,0.0,0.0,0.0,0.0
12280,0.0,0.0,0.0,26.1607796,0.0,0.0,0.0,0.0
12281,0.0,0.0,0.0,26.8245704,0.0,0.0,0.0,0.0
12282,0.0,0.0,0.0,27.3371807,0.0,0.0,0.0,0.0
12283,0.0,0.0,0.0,27.7342179,0.0,0.0,0.0,0.0
12284,0.0,0.0,0.0,28.0073367,0.0,0.0,0.0,0.0
12285,0.0,0.0,0.0,28.1554345,0.0,0.0,0.0,0.0
12286,0.0,0.0,0.0,28.1822492,0.0,0.0,0.0,0.0
12287,0.0,0.0,0.0,28.0891725,0.0,0.0,0.0,0.0
12288,0.0,0.0,0.0,27.8755887,0.0,0.0,0.0,0.0
12289,0.0,0.0,0.0,27.5357145,0.0,0.0,0.0,0.0
12290,0.0,0.0,0.0,27.0608137,0.0,0.0,0.0,0.0
12291,0.0,0.0,0.0,26.4666364,0.0,0.0,0.0,0.0
12292,0.0,0.0,0.0,25.7734567,0.0,0.0,0.0,0.0
12293,0.0,0.0,0.0,24.8311033,0.0,0.0,0.0,0.0
12294,0.0,0.0,0.0,23.4766949,0.0,0.0,0.0,0.0
12295,0.0,0.0,0.0,22.634833,0.0,0.0,0.0,0.0
12296,0.0,0.0,0.0,23.1149744,0.0,0.0,0.0,0.0
12297,0.0,0.0,0.0,18.7244334,0.0,0.0,0.0,0.0
12298,0.0,0.0,0.0,5.26402107,0.0,0.0,0.0,0.0
12299,0.0,0.0,0.0,6.88804934,0.0,0.0,0.0,0.0
12300,30.0,0.0,0.0,30.0,0.0,0.0,0.0,0.0
12301,30.0,0.0,0.0,30.0,0.0,0.0,0.0,0.0
12302,30.0,0.0,0.0,30.0,0.0,0.0,0.0,0.0
12303,30.0,0.0,0.0,30.0,0.0,0.0,0.0,0.0
12304,30.0,0.0,0.0,30.0,0.0,0.0,0.0,0.0
12305,28.3282336,0.0,0.0,30.0,0.0,0.0,0.0,0.0
12306,28.097196,0.0,0.0,30.0,0.0,0.0,0.0,0.0
12307,30.0,0.0,0.0,30.0,0.0,0.0,0.0,0.0
12308,30.0,0.0,0.0,30.0,0.0,0.0,0.0,0.0
12309,30.0,0.0,0.0,30.0,0.0,0.0,0.0,0.0
12310,30.0,0.0,0.0,30.0,0.0,0.0,0.0,0.0
12311,30.0,0.0,0.0,30.0,0.0,0.0,0.0,0.0
12312,30.0,0.0,0.0,30.0,0.0,0.0,0.0,0.0
12313,30.0,0.0,0.0,30.0,0.0,0.0,0.0,0.0
12314,30.0,0.0,0.0,30.0,0.0,0.0,0.0,0.0
12315,30.0,0.0,0.0,30.0,0.0,0.0,0.0,0.0
12316,30.0,0.0,0.0,30.0,0.0,0.0,0.0,0.0
12317,30.0,0.0,0.0,30.0,0.0,0.0,0.0,0.0
12318,30.0,0.0,0.0,30.0,0.0,0.0,0.0,0.0
12319,30.0,0.0,0.0,30.0,0.0,0.0,0.0,0.0
12320,29.1730887,0.0,0.0,30.0,0.0,0.0,0.0,0.0
12321,29.1638579,0.0,0.0,30.0,0.0,0.0,0.0,0.0
12322,29.2507659,0.0,0.0,30.0,0.0,0.0,0.0,0.0
12323,28.9544164,0.0,0.0,30.0,0.0,0.0,0.0,0.0
12324,28.875044,0.0,0.0,30.0,0.0,0.0,0.0,0.0
12325,28.8670618,0.0,0.0,30.0,0.0,0.0,0.0,0.0
12326,28.819296,0.0,0.0,30.0,0.0,0.0,0.0,0.0
12327,28.7628402,0.0,0.0,30.0,0.0,0.0,0.0,0.0
12328,28.7190685,0.0,0.0,30.0,0.0,0.0,0.0,0.0
12329,28.6809188,0.0,0.0,30.0,0.0,0.0,0.0,0.0
12330,28.6439211,0.0,0.0,30.0,0.0,0.0,0.0,0.0
12331,28.6093037,0.0,0.0,30.0,0.0,0.0,0.0,0.0
12332,28.5776726,0.0,0.0,30.0,0.0,0.0,0.0,0.0
12333,28.5485192,0.0,0.0,30.0,0.0,0.0,0.0,0.0
12334,28.5215033,0.0,0.0,30.0,0.0,0.0,0.0,0.0
12335,28.4965227,0.0,0.0,30.0,0.0,0.0,0.0,0.0
12336,28.4734525,0.0,0.0,30.0,0.0,0.0,0.0,0.0
12337,28.4521351,0.0,0.0,30.0,0.0,0.0,0.0,0.0
12338,28.4324318,0.0,0.0,30.0,0.0,0.0,0.0,0.0
12339,28.4142229,0.0,0.0,30.0,0.0,0.0,0.0,0.0
12340,28.3973961,0.0,0.0,30.0,0.0,0.0,0.0,0.0
12341,28.381846,0.0,0.0,30.0,0.0,0.0,0.0,0.0
12342,28.3674755,0.0,0.0,30.0,0.0,0.0,0.0,0.0
12343,28.3541955,0.0,0.0,30.0,0.0,0.0,0.0,0.0
12344,28.341923,0.0,0.0,30.0,0.0,0.0,0.0,0.0
12345,28.3305818,0.0,0.0,30.0,0.0,0.0,0.0,0.0
12346,28.3201012,0.0,0.0,30.0,0.0,0.0,0.0,0.0
12347,28.3104159,0.0,0.0,30.0,0.0,0.0,0.0,0.0
12348,28.3014656,0.0,0.0,30.0,0.0,0.0,0.0,0.0
12349,28.2931947,0.0,0.0,30.0,0.0,0.0,0.0,0.0
12350,28.2855515,0.0,0.0,30.0,0.0,0.0,0.0,0.0
12351,28.2784884,0.0,0.0,30.0,0.0,0.0,0.0,0.0
12352,28.2719616,0.0,0.0,30.0,0.0,0.0,0.0,0.0
12353,28.2659304,0.0,0.0,30.0,0.0,0.0,0.0,0.0
12354,28.2603572,0.0,0.0,30.0,0.0,0.0,0.0,0.0
12355,28.2552072,0.0,0.0,30.0,0.0,0.0,0.0,0.0
12356,28.2504485,0.0,0.0,30.0,0.0,0.0,0.0,0.0
12357,28.2460514,0.0,0.0,30.0,0.0,0.0,0.0,0.0
12358,28.2419886,0.0,0.0,30.0,0.0,0.0,0.0,0.0
12359,28.2382346,0.0,0.0,30.0,0.0,0.0,0.0,0.0
12360,28.2347662,0.0,0.0,30.0,0.0,0.0,0.0,0.0
12361,28.2315617,0.0,0.0,30.0,0.0,0.0,0.0,0.0
12362,28.2286013,0.0,0.0,30.0,0.0,0.0,0.0,0.0
12363,28.2258663,0.0,0.0,30.0,0.0,0.0,0.0,0.0
12364,28.2233399,0.0,0.0,30.0,0.0,0.0,0.0,0.0
12365,28.2210063,0.0,0.0,30.0,0.0,0.0,0.0,0.0
12366,28.218851,0.0,0.0,30.0,0.0,0.0,0.0,0.0
12367,28.2168605,0.0,0.0,30.0,0.0,0.0,0.0,0.0
12368,28.2150224,0.0,0.0,30.0,0.0,0.0,0.0,0.0
12369,28.2133253,0.0,0.0,30.0,0.0,0.0,0.0,0.0
12370,28.2117587,0.0,0.0,30.0,0.0,0.0,0.0,0.0
12371,28.2103127,0.0,0.0,30.0,0.0,0.0,0.0,0.0
12372,28.2089784,0.0,0.0,30.0,0.0,0.0,0.0,0.0
12373,28.2077475,0.0,0.0,30.0,0.0,0.0,0.0,0.0
12374,28.2066123,0.0,0.0,30.0,0.0,0.0,0.0,0.0
12375,28.2055656,0.0,0.0,30.0,0.0,0.0,0.0,0.0
12376,28.2046011,0.0,0.0,30.0,0.0,0.0,0.0,0.0
12377,28.2037127,0.0,0.0,30.0,0.0,0.0,0.0,0.0
12378,28.2028949,0.0,0.0,30.0,0.0,0.0,0.0,0.0
12379,28.2021425,0.0,0.0,30.0,0.0,0.0,0.0,0.0
12380,28.2014509,0.0,0.0,30.0,0.0,0.0,0.0,0.0
12381,28.2008158,0.0,0.0,30.0,0.0,0.0,0.0,0.0
12382,28.2002333,0.0,0.0,30.0,0.0,0.0,0.0,0.0
12383,28.1996996,0.0,0.0,30.0,0.0,0.0,0.0,0.0
12384,28.1992115,0.0,0.0,30.0,0.0,0.0,0.0,0.0
12385,28.198766,0.0,0.0,30.0,0.0,0.0,0.0,0.0
12386,28.1983602,0.0,0.0,30.0,0.0,0.0,0.0,0.0
12387,28.1979916,0.0,0.0,30.0,0.0,0.0,0.0,0.0
12388,28.197658,0.0,0.0,30.0,0.0,0.0,0.0,0.0
12389,28.1973573,0.0,0.0,30.0,0.0,0.0,0.0,0.0
12390,28.1970875,0.0,0.0,30.0,0.0,0.0,0.0,0.0
12391,28.1968471,0.0,0.0,30.0,0.0,0.0,0.0,0.0
12392,28.1966344,0.0,0.0,30.0,0.0,0.0,0.0,0.0
12393,28.1964483,0.0,0.0,30.0,0.0,0.0,0.0,0.0
12394,28.1962875,0.0,0.0,30.0,0.0,0.0,0.0,0.0
12395,28.196151,0.0,0.0,30.0,0.0,0.0,0.0,0.0
12396,28.1960379,0.0,0.0,30.0,0.0,0.0,0.0,0.0
12397,28.1959477,0.0,0.0,30.0,0.0,0.0,0.0,0.0
12398,28.1958797,0.0,0.0,30.0,0.0,0.0,0.0,0.0
12399,28.1958334,0.0,0.0,30.0,0.0,0.0,0.0,0.0
12400,28.1958087,0.0,0.0,30.0,0.0,0.0,0.0,0.0
12401,28.1958053,0.0,0.0,30.0,0.0,0.0,0.0,0.0
12402,28.1958232,0.0,0.0,30.0,0.0,0.0,0.0,0.0
12403,28.1958626,0.0,0.0,30.0,0.0,0.0,0.0,0.0
12404,28.1959236,0.0,0.0,30.0,0.0,0.0,0.0,0.0
12405,28.1960067,0.0,0.0,30.0,0.0,0.0,0.0,0.0
12406,28.1961124,0.0,0.0,30.0,0.0,0.0,0.0,0.0
12407,28.1962413,0.0,0.0,30.0,0.0,0.0,0.0,0.0
12408,28.1963943,0.0,0.0,30.0,0.0,0.0,0.0,0.0
12409,28.1965722,0.0,0.0,30.0,0.0,0.0,0.0,0.0
12410,28.1967763,0.0,0.0,30.0,0.0,0.0,0.0,0.0
12411,28.1970077,0.0,0.0,30.0,0.0,0.0,0.0,0.0
12412,28.197268,0.0,0.0,30.0,0.0,0.0,0.0,0.0
12413,28.1975586,0.0,0.0,30.0,0.0,0.0,0.0,0.0
12414,28.1978816,0.0,0.0,30.0,0.0,0.0,0.0,0.0
12415,28.1982387,0.0,0.0,30.0,0.0,0.0,0.0,0.0
12416,28.1986324,0.0,0.0,30.0,0.0,0.0,0.0,0.0
12417,28.199065,0.0,0.0,30.0,0.0,0.0,0.0,0.0
12418,28.1995392,0.0,0.0,30.0,0.0,0.0,0.0,0.0
12419,28.200058,0.0,0.0,30.0,0.0,0.0,0.0,0.0
12420,28.2006246,0.0,0.0,30.0,0.0,0.0,0.0,0.0
12421,28.2012426,0.0,0.0,30.0,0.0,0.0,0.0,0.0
12422,28.2019157,0.0,0.0,30.0,0.0,0.0,0.0,0.0
12423,28.2026482,0.0,0.0,30.0,0.0,0.0,0.0,0.0
12424,28.2034447,0.0,0.0,30.0,0.0,0.0,0.0,0.0
12425,28.20431,0.0,0.0,30.0,0.0,0.0,0.0,0.0
12426,28.2052497,0.0,0.0,30.0,0.0,0.0,0.0,0.0
12427,28.2062694,0.0,0.0,30.0,0.0,0.0,0.0,0.0
12428,28.2073757,0.0,0.0,30.0,0.0,0.0,0.0,0.0
12429,28.2085754,0.0,0.0,30.0,0.0,0.0,0.0,0.0
12430,28.2098759,0.0,0.0,30.0,0.0,0.0,0.0,0.0
12431,28.2112854,0.0,0.0,30.0,0.0,0.0,0.0,0.0
12432,28.2128126,0.0,0.0,30.0,0.0,0.0,0.0,0.0
12433,28.214467,0.0,0.0,30.0,0.0,0.0,0.0,0.0
12434,28.216259,0.0,0.0,30.0,0.0,0.0,0.0,0.0
12435,28.2181997,0.0,0.0,30.0,0.0,0.0,0.0,0.0
12436,28.2203012,0.0,0.0,30.0,0.0,0.0,0.0,0.0
12437,28.2225766,0.0,0.0,30.0,0.0,0.0,0.0,0.0
12438,28.22504,0.0,0.0,30.0,0.0,0.0,0.0,0.0
12439,28.2277068,0.0,0.0,30.0,0.0,0.0,0.0,0.0
12440,28.2305936,0.0,0.0,30.0,0.0,0.0,0.0,0.0
12441,28.2337184,0.0,0.0,30.0,0.0,0.0,0.0,0.0
12442,28.2371006,0.0,0.0,30.0,0.0,0.0,0.0,0.0
12443,28.2407613,0.0,0.0,30.0,0.0,0.0,0.0,0.0
12444,28.2447232,0.0,0.0,30.0,0.0,0.0,0.0,0.0
12445,28.2490112,0.0,0.0,30.0,0.0,0.0,0.0,0.0
12446,28.2536518,0.0,0.0,30.0,0.0,0.0,0.0,0.0
12447,28.258674,0.0,0.0,30.0,0.0,0.0,0.0,0.0
12448,28.264109,0.0,0.0,30.0,0.0,0.0,0.0,0.0
12449,28.2699907,0.0,0.0,30.0,0.0,0.0,0.0,0.0
12450,28.2763557,0.0,0.0,30.0,0.0,0.0,0.0,0.0
12451,28.2832437,0.0,0.0,30.0,0.0,0.0,0.0,0.0
12452,28.2906975,0.0,0.0,30.0,0.0,0.0,0.0,0.0
12453,28.2987636,0.0,0.0,30.0,0.0,0.0,0.0,0.0
12454,28.3074921,0.0,0.0,30.0,0.0,0.0,0.0,0.0
12455,28.3169375,0.0,0.0,30.0,0.0,0.0,0.0,0.0
12456,28.3271586,0.0,0.0,30.0,0.0,0.0,0.0,0.0
12457,28.338219,0.0,0.0,30.0,0.0,0.0,0.0,0.0
12458,28.3501875,0.0,0.0,30.0,0.0,0.0,0.0,0.0
12459,28.3631388,0.0,0.0,30.0,0.0,0.0,0.0,0.0
12460,28.3771535,0.0,0.0,30.0,0.0,0.0,0.0,0.0
12461,28.3923188,0.0,0.0,30.0,0.0,0.0,0.0,0.0
12462,28.4087291,0.0,0.0,30.0,0.0,0.0,0.0,0.0
12463,28.4264868,0.0,0.0,30.0,0.0,0.0,0.0,0.0
12464,28.4457023,0.0,0.0,30.0,0.0,0.0,0.0,0.0
12465,28.4664952,0.0,0.0,30.0,0.0,0.0,0.0,0.0
12466,28.4889951,0.0,0.0,30.0,0.0,0.0,0.0,0.0
12467,28.5133424,0.0,0.0,30.0,0.0,0.0,0.0,0.0
12468,28.5396886,0.0,0.0,30.0,0.0,0.0,0.0,0.0
12469,28.5681959,0.0,0.0,30.0,0.0,0.0,0.0,0.0
12470,28.5990429,0.0,0.0,30.0,0.0,0.0,0.0,0.0
12471,28.6324302,0.0,0.0,30.0,0.0,0.0,0.0,0.0
12472,28.6685606,0.0,0.0,30.0,0.0,0.0,0.0,0.0
12473,28.7076164,0.0,0.0,30.0,0.0,0.0,0.0,0.0
12474,28.7498709,0.0,0.0,30.0,0.0,0.0,0.0,0.0
12475,28.795796,0.0,0.0,30.0,0.0,0.0,0.0,0.0
12476,28.8455057,0.0,0.0,30.0,0.0,0.0,0.0,0.0
12477,28.8982927,0.0,0.0,30.0,0.0,0.0,0.0,0.0
12478,28.9554461,0.0,0.0,30.0,0.0,0.0,0.0,0.0
12479,29.0222671,0.0,0.0,30.0,0.0,0.0,0.0,0.0
12480,29.0938806,0.0,0.0,30.0,0.0,0.0,0.0,0.0
12481,29.1467496,0.0,0.0,30.0,0.0,0.0,0.0,0.0
12482,29.2100097,0.0,0.0,30.0,0.0,0.0,0.0,0.0
12483,29.4000261,0.0,0.0,30.0,0.0,0.0,0.0,0.0
12484,29.5627626,0.0,0.0,30.0,0.0,0.0,0.0,0.0
12485,29.1382378,0.0,0.0,30.0,0.0,0.0,0.0,0.0
12486,29.0148373,0.0,0.0,30.0,0.0,0.0,0.0,0.0
12487,29.9065185,0.0,0.0,30.0,0.0,0.0,0.0,0.0
12488,30.0,0.0,0.0,30.0,0.0,0.0,0.0,0.0
12489,30.0,0.0,0.0,30.0,0.0,0.0,0.0,0.0
12490,23.8911054,0.0,0.0,30.0,0.0,0.0,0.0,0.0
12491,23.6889149,0.0,0.0,30.0,0.0,0.0,0.0,0.0
12492,0.0,0.0,0.0,0.0,0.0,0.0,0.0,0.0
12493,30.0,0.0,0.0,4.91746217,0.0,0.0,0.0,0.0
12494,30.0,0.0,0.0,7.02734753,0.0,0.0,0.0,0.0
12495,0.0,0.0,0.0,17.7123086,0.0,0.0,0.0,0.0
12496,0.0,0.0,0.0,23.2690326,0.0,0.0,0.0,0.0
12497,0.0,0.0,0.0,24.9543813,0.0,0.0,0.0,0.0
12498,0.0,0.0,0.0,25.6476614,0.0,0.0,0.0,0.0
12499,0.0,0.0,0.0,26.7895881,0.0,0.0,0.0,0.0
12500,0.0,0.0,0.0,27.8833453,0.0,0.0,0.0,0.0
12501,0.0,0.0,0.0,28.7946574,0.0,0.0,0.0,0.0
12502,0.0,0.0,0.0,29.5475471,0.0,0.0,0.0,0.0
12503,0.245962814,0.0,0.0,30.0,0.0,0.0,0.0,0.0
12504,1.82204195,0.0,0.0,30.0,0.0,0.0,0.0,0.0
12505,3.26785546,0.0,0.0,30.0,0.0,0.0,0.0,0.0
12506,4.42209102,0.0,0.0,30.0,0.0,0.0,0.0,0.0
12507,5.48665639,0.0,0.0,30.0,0.0,0.0,0.0,0.0
12508,6.43194524,0.0,0.0,30.0,0.0,0.0,0.0,0.0
12509,7.22820961,0.0,0.0,30.0,0.0,0.0,0.0,0.0
12510,7.90083332,0.0,0.0,30.0,0.0,0.0,0.0,0.0
12511,8.45522311,0.0,0.0,30.0,0.0,0.0,0.0,0.0
12512,8.82961504,0.0,0.0,30.0,0.0,0.0,0.0,0.0
12513,9.06139976,0.0,0.0,30.0,0.0,0.0,0.0,0.0
12514,9.46393162,0.0,0.0,30.0,0.0,0.0,0.0,0.0
12515,9.82589935,0.0,0.0,30.0,0.0,0.0,0.0,0.0
12516,8.62599752,0.0,0.0,30.0,0.0,0.0,0.0,0.0
12517,7.07988632,0.0,0.0,30.0,0.0,0.0,0.0,0.0
12518,12.6433407,0.0,0.0,30.0,0.0,0.0,0.0,0.0
12519,17.3894464,0.0,0.0,30.0,0.0,0.0,0.0,0.0
12520,20.6362496,0.0,0.0,30.0,0.0,0.0,0.0,0.0
12521,24.5489436,0.0,0.0,30.0,0.0,0.0,0.0,0.0
12522,26.6128704,0.0,0.0,30.0,0.0,0.0,0.0,0.0
12523,27.639306,0.0,0.0,30.0,0.0,0.0,0.0,0.0
12524,27.4421145,0.0,0.0,30.0,0.0,0.0,0.0,0.0
12525,28.4155962,0.0,0.0,30.0,0.0,0.0,0.0,0.0
12526,29.0979471,0.0,0.0,30.0,0.0,0.0,0.0,0.0
12527,30.0,0.0,0.0,30.0,0.0,0.0,0.0,0.0
12528,30.0,0.0,0.0,30.0,0.0,0.0,0.0,0.0
12529,30.0,0.0,0.0,30.0,0.0,0.0,0.0,0.0
12530,30.0,0.0,0.0,30.0,0.0,0.0,0.0,0.0
12531,30.0,0.0,0.0,30.0,0.0,0.0,0.0,0.0
12532,30.0,0.0,0.0,30.0,0.0,0.0,0.0,0.0
12533,30.0,0.0,0.0,30.0,0.0,0.0,0.0,0.0
12534,30.0,0.0,0.0,30.0,0.0,0.0,0.0,0.0
12535,30.0,0.0,0.0,30.0,0.0,0.0,0.0,0.0
12536,30.0,0.0,0.0,30.0,0.0,0.0,0.0,0.0
12537,30.0,0.0,0.0,30.0,0.0,0.0,0.0,0.0
12538,30.0,0.0,0.0,30.0,0.0,0.0,0.0,0.0
12539,30.0,0.0,0.0,30.0,0.0,0.0,0.0,0.0
12540,29.2993319,0.0,0.0,30.0,0.0,0.0,0.0,0.0
12541,29.2606855,0.0,0.0,30.0,0.0,0.0,0.0,0.0
12542,29.3141329,0.0,0.0,30.0,0.0,0.0,0.0,0.0
12543,29.0519569,0.0,0.0,30.0,0.0,0.0,0.0,0.0
12544,28.9685482,0.0,0.0,30.0,0.0,0.0,0.0,0.0
12545,28.9455798,0.0,0.0,30.0,0.0,0.0,0.0,0.0
12546,28.8913479,0.0,0.0,30.0,0.0,0.0,0.0,0.0
12547,28.8310276,0.0,0.0,30.0,0.0,0.0,0.0,0.0
12548,28.7821517,0.0,0.0,30.0,0.0,0.0,0.0,0.0
12549,28.7388925,0.0,0.0,30.0,0.0,0.0,0.0,0.0
12550,28.6974901,0.0,0.0,30.0,0.0,0.0,0.0,0.0
12551,28.6588745,0.0,0.0,30.0,0.0,0.0,0.0,0.0
12552,28.6234829,0.0,0.0,30.0,0.0,0.0,0.0,0.0
12553,28.5908413,0.0,0.0,30.0,0.0,0.0,0.0,0.0
12554,28.5606151,0.0,0.0,30.0,0.0,0.0,0.0,0.0
12555,28.5326702,0.0,0.0,30.0,0.0,0.0,0.0,0.0
12556,28.5068578,0.0,0.0,30.0,0.0,0.0,0.0,0.0
12557,28.4830057,0.0,0.0,30.0,0.0,0.0,0.0,0.0
12558,28.4609606,0.0,0.0,30.0,0.0,0.0,0.0,0.0
12559,28.4405876,0.0,0.0,30.0,0.0,0.0,0.0,0.0
12560,28.4217608,0.0,0.0,30.0,0.0,0.0,0.0,0.0
12561,28.4043624,0.0,0.0,30.0,0.0,0.0,0.0,0.0
12562,28.3882839,0.0,0.0,30.0,0.0,0.0,0.0,0.0
12563,28.3734253,0.0,0.0,30.0,0.0,0.0,0.0,0.0
12564,28.3596942,0.0,0.0,30.0,0.0,0.0,0.0,0.0
12565,28.3470048,0.0,0.0,30.0,0.0,0.0,0.0,0.0
12566,28.3352784,0.0,0.0,30.0,0.0,0.0,0.0,0.0
12567,28.3244418,0.0,0.0,30.0,0.0,0.0,0.0,0.0
12568,28.3144275,0.0,0.0,30.0,0.0,0.0,0.0,0.0
12569,28.3051733,0.0,0.0,30.0,0.0,0.0,0.0,0.0
12570,28.2966214,0.0,0.0,30.0,0.0,0.0,0.0,0.0
12571,28.2887186,0.0,0.0,30.0,0.0,0.0,0.0,0.0
12572,28.2814158,0.0,0.0,30.0,0.0,0.0,0.0,0.0
12573,28.2746673,0.0,0.0,30.0,0.0,0.0,0.0,0.0
12574,28.2684313,0.0,0.0,30.0,0.0,0.0,0.0,0.0
12575,28.2626689,0.0,0.0,30.0,0.0,0.0,0.0,0.0
12576,28.2573442,0.0,0.0,30.0,0.0,0.0,0.0,0.0
12577,28.252424,0.0,0.0,30.0,0.0,0.0,0.0,0.0
12578,28.2478777,0.0,0.0,30.0,0.0,0.0,0.0,0.0
12579,28.243677,0.0,0.0,30.0,0.0,0.0,0.0,0.0
12580,28.2397957,0.0,0.0,30.0,0.0,0.0,0.0,0.0
12581,28.2362097,0.0,0.0,30.0,0.0,0.0,0.0,0.0
12582,28.2328967,0.0,0.0,30.0,0.0,0.0,0.0,0.0
12583,28.2298359,0.0,0.0,30.0,0.0,0.0,0.0,0.0
12584,28.2270084,0.0,0.0,30.0,0.0,0.0,0.0,0.0
12585,28.2243965,0.0,0.0,30.0,0.0,0.0,0.0,0.0
12586,28.221984,0.0,0.0,30.0,0.0,0.0,0.0,0.0
12587,28.2197558,0.0,0.0,30.0,0.0,0.0,0.0,0.0
12588,28.2176981,0.0,0.0,30.0,0.0,0.0,0.0,0.0
12589,28.215798,0.0,0.0,30.0,0.0,0.0,0.0,0.0
12590,28.2140438,0.0,0.0,30.0,0.0,0.0,0.0,0.0
12591,28.2124245,0.0,0.0,30.0,0.0,0.0,0.0,0.0
12592,28.21093,0.0,0.0,30.0,0.0,0.0,0.0,0.0
12593,28.209551,0.0,0.0,30.0,0.0,0.0,0.0,0.0
12594,28.208279,0.0,0.0,30.0,0.0,0.0,0.0,0.0
12595,28.2071059,0.0,0.0,30.0,0.0,0.0,0.0,0.0
12596,28.2060246,0.0,0.0,30.0,0.0,0.0,0.0,0.0
12597,28.2050282,0.0,0.0,30.0,0.0,0.0,0.0,0.0
12598,28.2041106,0.0,0.0,30.0,0.0,0.0,0.0,0.0
12599,28.203266,0.0,0.0,30.0,0.0,0.0,0.0,0.0
12600,28.2024892,0.0,0.0,30.0,0.0,0.0,0.0,0.0
12601,28.2017753,0.0,0.0,30.0,0.0,0.0,0.0,0.0
12602,28.20112,0.0,0.0,30.0,0.0,0.0,0.0,0.0
12603,28.200519,0.0,0.0,30.0,0.0,0.0,0.0,0.0
12604,28.1999688,0.0,0.0,30.0,0.0,0.0,0.0,0.0
12605,28.1994658,0.0,0.0,30.0,0.0,0.0,0.0,0.0
12606,28.1990069,0.0,0.0,30.0,0.0,0.0,0.0,0.0
12607,28.1985893,0.0,0.0,30.0,0.0,0.0,0.0,0.0
12608,28.1982104,0.0,0.0,30.0,0.0,0.0,0.0,0.0
12609,28.1978677,0.0,0.0,30.0,0.0,0.0,0.0,0.0
12610,28.1975592,0.0,0.0,30.0,0.0,0.0,0.0,0.0
12611,28.197283,0.0,0.0,30.0,0.0,0.0,0.0,0.0
12612,28.1970373,0.0,0.0,30.0,0.0,0.0,0.0,0.0
12613,28.1968206,0.0,0.0,30.0,0.0,0.0,0.0,0.0
12614,28.1966315,0.0,0.0,30.0,0.0,0.0,0.0,0.0
12615,28.1964689,0.0,0.0,30.0,0.0,0.0,0.0,0.0
12616,28.1963318,0.0,0.0,30.0,0.0,0.0,0.0,0.0
12617,28.1962193,0.0,0.0,30.0,0.0,0.0,0.0,0.0
12618,28.1961306,0.0,0.0,30.0,0.0,0.0,0.0,0.0
12619,28.1960653,0.0,0.0,30.0,0.0,0.0,0.0,0.0
12620,28.196023,0.0,0.0,30.0,0.0,0.0,0.0,0.0
12621,28.1960033,0.0,0.0,30.0,0.0,0.0,0.0,0.0
12622,28.1960062,0.0,0.0,30.0,0.0,0.0,0.0,0.0
12623,28.1960317,0.0,0.0,30.0,0.0,0.0,0.0,0.0
12624,28.1960799,0.0,0.0,30.0,0.0,0.0,0.0,0.0
12625,28.1961512,0.0,0.0,30.0,0.0,0.0,0.0,0.0
12626,28.1962459,0.0,0.0,30.0,0.0,0.0,0.0,0.0
12627,28.1963647,0.0,0.0,30.0,0.0,0.0,0.0,0.0
12628,28.1965083,0.0,0.0,30.0,0.0,0.0,0.0,0.0
12629,28.1966776,0.0,0.0,30.0,0.0,0.0,0.0,0.0
12630,28.1968737,0.0,0.0,30.0,0.0,0.0,0.0,0.0
12631,28.1970977,0.0,0.0,30.0,0.0,0.0,0.0,0.0
12632,28.1973511,0.0,0.0,30.0,0.0,0.0,0.0,0.0
12633,28.1976355,0.0,0.0,30.0,0.0,0.0,0.0,0.0
12634,28.1979526,0.0,0.0,30.0,0.0,0.0,0.0,0.0
12635,28.1983044,0.0,0.0,30.0,0.0,0.0,0.0,0.0
12636,28.1986931,0.0,0.0,30.0,0.0,0.0,0.0,0.0
12637,28.199121,0.0,0.0,30.0,0.0,0.0,0.0,0.0
12638,28.199591,0.0,0.0,30.0,0.0,0.0,0.0,0.0
12639,28.2001059,0.0,0.0,30.0,0.0,0.0,0.0,0.0
12640,28.2006688,0.0,0.0,30.0,0.0,0.0,0.0,0.0
12641,28.2012834,0.0,0.0,30.0,0.0,0.0,0.0,0.0
12642,28.2019535,0.0,0.0,30.0,0.0,0.0,0.0,0.0
12643,28.2026831,0.0,0.0,30.0,0.0,0.0,0.0,0.0
12644,28.2034769,0.0,0.0,30.0,0.0,0.0,0.0,0.0
12645,28.2043398,0.0,0.0,30.0,0.0,0.0,0.0,0.0
12646,28.2052772,0.0,0.0,30.0,0.0,0.0,0.0,0.0
12647,28.2062949,0.0,0.0,30.0,0.0,0.0,0.0,0.0
12648,28.2073993,0.0,0.0,30.0,0.0,0.0,0.0,0.0
12649,28.2085971,0.0,0.0,30.0,0.0,0.0,0.0,0.0
12650,28.209896,0.0,0.0,30.0,0.0,0.0,0.0,0.0
12651,28.211304,0.0,0.0,30.0,0.0,0.0,0.0,0.0
12652,28.2128298,0.0,0.0,30.0,0.0,0.0,0.0,0.0
12653,28.2144829,0.0,0.0,30.0,0.0,0.0,0.0,0.0
12654,28.2162737,0.0,0.0,30.0,0.0,0.0,0.0,0.0
12655,28.2182133,0.0,0.0,30.0,0.0,0.0,0.0,0.0
12656,28.2203137,0.0,0.0,30.0,0.0,0.0,0.0,0.0
12657,28.2225882,0.0,0.0,30.0,0.0,0.0,0.0,0.0
12658,28.2250507,0.0,0.0,30.0,0.0,0.0,0.0,0.0
12659,28.2277167,0.0,0.0,30.0,0.0,0.0,0.0,0.0
12660,28.2306027,0.0,0.0,30.0,0.0,0.0,0.0,0.0
12661,28.2337268,0.0,0.0,30.0,0.0,0.0,0.0,0.0
12662,28.2371084,0.0,0.0,30.0,0.0,0.0,0.0,0.0
12663,28.2407685,0.0,0.0,30.0,0.0,0.0,0.0,0.0
12664,28.2447299,0.0,0.0,30.0,0.0,0.0,0.0,0.0
12665,28.2490174,0.0,0.0,30.0,0.0,0.0,0.0,0.0
12666,28.2536575,0.0,0.0,30.0,0.0,0.0,0.0,0.0
12667,28.2586792,0.0,0.0,30.0,0.0,0.0,0.0,0.0
12668,28.2641139,0.0,0.0,30.0,0.0,0.0,0.0,0.0
12669,28.2699952,0.0,0.0,30.0,0.0,0.0,0.0,0.0
12670,28.2763599,0.0,0.0,30.0,0.0,0.0,0.0,0.0
12671,28.2832475,0.0,0.0,30.0,0.0,0.0,0.0,0.0
12672,28.2907011,0.0,0.0,30.0,0.0,0.0,0.0,0.0
12673,28.2987669,0.0,0.0,30.0,0.0,0.0,0.0,0.0
12674,28.3074952,0.0,0.0,30.0,0.0,0.0,0.0,0.0
12675,28.3169403,0.0,0.0,30.0,0.0,0.0,0.0,0.0
12676,28.3271612,0.0,0.0,30.0,0.0,0.0,0.0,0.0
12677,28.3382214,0.0,0.0,30.0,0.0,0.0,0.0,0.0
12678,28.3501897,0.0,0.0,30.0,0.0,0.0,0.0,0.0
12679,28.3631409,0.0,0.0,30.0,0.0,0.0,0.0,0.0
12680,28.3771553,0.0,0.0,30.0,0.0,0.0,0.0,0.0
12681,28.3923205,0.0,0.0,30.0,0.0,0.0,0.0,0.0
12682,28.4087307,0.0,0.0,30.0,0.0,0.0,0.0,0.0
12683,28.4264882,0.0,0.0,30.0,0.0,0.0,0.0,0.0
12684,28.4457036,0.0,0.0,30.0,0.0,0.0,0.0,0.0
12685,28.4664965,0.0,0.0,30.0,0.0,0.0,0.0,0.0
12686,28.4889962,0.0,0.0,30.0,0.0,0.0,0.0,0.0
12687,28.5133435,0.0,0.0,30.0,0.0,0.0,0.0,0.0
12688,28.5396896,0.0,0.0,30.0,0.0,0.0,0.0,0.0
12689,28.5681969,0.0,0.0,30.0,0.0,0.0,0.0,0.0
12690,28.5990437,0.0,0.0,30.0,0.0,0.0,0.0,0.0
12691,28.6324309,0.0,0.0,30.0,0.0,0.0,0.0,0.0
12692,28.6685613,0.0,0.0,30.0,0.0,0.0,0.0,0.0
12693,28.707617,0.0,0.0,30.0,0.0,0.0,0.0,0.0
12694,28.7498715,0.0,0.0,30.0,0.0,0.0,0.0,0.0
12695,28.7957965,0.0,0.0,30.0,0.0,0.0,0.0,0.0
12696,28.8455062,0.0,0.0,30.0,0.0,0.0,0.0,0.0
12697,28.8982932,0.0,0.0,30.0,0.0,0.0,0.0,0.0
12698,28.9554465,0.0,0.0,30.0,0.0,0.0,0.0,0.0
12699,29.0222675,0.0,0.0,30.0,0.0,0.0,0.0,0.0
12700,29.093881,0.0,0.0,30.0,0.0,0.0,0.0,0.0
12701,29.1467499,0.0,0.0,30.0,0.0,0.0,0.0,0.0
12702,29.21001,0.0,0.0,30.0,0.0,0.0,0.0,0.0
12703,29.4000264,0.0,0.0,30.0,0.0,0.0,0.0,0.0
12704,29.5627629,0.0,0.0,30.0,0.0,0.0,0.0,0.0
12705,29.138238,0.0,0.0,30.0,0.0,0.0,0.0,0.0
12706,29.0148375,0.0,0.0,30.0,0.0,0.0,0.0,0.0
12707,29.9065188,0.0,0.0,30.0,0.0,0.0,0.0,0.0
12708,30.0,0.0,0.0,30.0,0.0,0.0,0.0,0.0
12709,30.0,0.0,0.0,30.0,0.0,0.0,0.0,0.0
12710,23.8911061,0.0,0.0,30.0,0.0,0.0,0.0,0.0
12711,23.6889154,0.0,0.0,30.0,0.0,0.0,0.0,0.0
12712,0.0,0.0,0.0,0.0,0.0,0.0,0.0,0.0
12713,30.0,0.0,0.0,4.17190152,0.0,0.0,0.0,0.0
12714,28.6297695,0.0,0.0,6.60148259,0.0,0.0,0.0,0.0
12715,0.0,0.0,0.0,16.68928,0.0,0.0,0.0,0.0
12716,0.0,0.0,0.0,21.8568074,0.0,0.0,0.0,0.0
12717,0.0,0.0,0.0,23.2967201,0.0,0.0,0.0,0.0
12718,0.0,0.0,0.0,23.7604688,0.0,0.0,0.0,0.0
12719,0.0,0.0,0.0,24.6293481,0.0,0.0,0.0,0.0
12720,0.0,0.0,0.0,25.4445645,0.0,0.0,0.0,0.0
12721,0.0,0.0,0.0,26.0144838,0.0,0.0,0.0,0.0
12722,0.0,0.0,0.0,26.4238771,0.0,0.0,0.0,0.0
12723,0.0,0.0,0.0,26.7067737,0.0,0.0,0.0,0.0
12724,0.0,0.0,0.0,26.8536249,0.0,0.0,0.0,0.0
12725,0.0,0.0,0.0,26.8618293,0.0,0.0,0.0,0.0
12726,0.0,0.0,0.0,26.7336019,0.0,0.0,0.0,0.0
12727,0.0,0.0,0.0,26.468907,0.0,0.0,0.0,0.0
12728,0.0,0.0,0.0,26.064076,0.0,0.0,0.0,0.0
12729,0.0,0.0,0.0,25.5086411,0.0,0.0,0.0,0.0
12730,0.0,0.0,0.0,24.7984215,0.0,0.0,0.0,0.0
12731,0.0,0.0,0.0,23.960887,0.0,0.0,0.0,0.0
12732,0.0,0.0,0.0,22.9653042,0.0,0.0,0.0,0.0
12733,0.0,0.0,0.0,21.5727075,0.0,0.0,0.0,0.0
12734,0.0,0.0,0.0,19.9394657,0.0,0.0,0.0,0.0
12735,0.0,0.0,0.0,19.4813227,0.0,0.0,0.0,0.0
12736,0.0,0.0,0.0,18.8378835,0.0,0.0,0.0,0.0
12737,0.0,0.0,0.0,8.98363264,0.0,0.0,0.0,0.0
12738,0.0,0.0,0.0,0.286356857,0.0,0.0,0.0,0.0
12739,0.0,0.0,0.0,4.89029842,0.0,0.0,0.0,0.0
12740,30.0,0.0,0.0,30.0,0.0,0.0,0.0,0.0
12741,30.0,0.0,0.0,30.0,0.0,0.0,0.0,0.0
12742,30.0,0.0,0.0,30.0,0.0,0.0,0.0,0.0
12743,30.0,0.0,0.0,30.0,0.0,0.0,0.0,0.0
12744,30.0,0.0,0.0,30.0,0.0,0.0,0.0,0.0
12745,30.0,0.0,0.0,30.0,0.0,0.0,0.0,0.0
12746,23.3787873,0.0,0.0,30.0,0.0,0.0,0.0,0.0
12747,17.938675,0.0,0.0,30.0,0.0,0.0,0.0,0.0
12748,14.6922641,0.0,0.0,30.0,0.0,0.0,0.0,0.0
12749,20.2529505,0.0,0.0,30.0,0.0,0.0,0.0,0.0
12750,24.4452667,0.0,0.0,30.0,0.0,0.0,0.0,0.0
12751,29.6732231,0.0,0.0,30.0,0.0,0.0,0.0,0.0
12752,30.0,0.0,0.0,30.0,0.0,0.0,0.0,0.0
12753,30.0,0.0,0.0,30.0,0.0,0.0,0.0,0.0
12754,30.0,0.0,0.0,30.0,0.0,0.0,0.0,0.0
12755,30.0,0.0,0.0,30.0,0.0,0.0,0.0,0.0
12756,30.0,0.0,0.0,30.0,0.0,0.0,0.0,0.0
12757,30.0,0.0,0.0,30.0,0.0,0.0,0.0,0.0
12758,30.0,0.0,0.0,30.0,0.0,0.0,0.0,0.0
12759,30.0,0.0,0.0,30.0,0.0,0.0,0.0,0.0
12760,28.8659729,0.0,0.0,30.0,0.0,0.0,0.0,0.0
12761,28.8891927,0.0,0.0,30.0,0.0,0.0,0.0,0.0
12762,29.0168359,0.0,0.0,30.0,0.0,0.0,0.0,0.0
12763,28.598468,0.0,0.0,30.0,0.0,0.0,0.0,0.0
12764,28.5493318,0.0,0.0,30.0,0.0,0.0,0.0,0.0
12765,28.5940176,0.0,0.0,30.0,0.0,0.0,0.0,0.0
12766,28.5657193,0.0,0.0,30.0,0.0,0.0,0.0,0.0
12767,28.5228926,0.0,0.0,30.0,0.0,0.0,0.0,0.0
12768,28.4976939,0.0,0.0,30.0,0.0,0.0,0.0,0.0
12769,28.4774592,0.0,0.0,30.0,0.0,0.0,0.0,0.0
12770,28.4557971,0.0,0.0,30.0,0.0,0.0,0.0,0.0
12771,28.4352267,0.0,0.0,30.0,0.0,0.0,0.0,0.0
12772,28.4168255,0.0,0.0,30.0,0.0,0.0,0.0,0.0
12773,28.3999185,0.0,0.0,30.0,0.0,0.0,0.0,0.0
12774,28.3841694,0.0,0.0,30.0,0.0,0.0,0.0,0.0
12775,28.3695979,0.0,0.0,30.0,0.0,0.0,0.0,0.0
12776,28.3561575,0.0,0.0,30.0,0.0,0.0,0.0,0.0
12777,28.3437397,0.0,0.0,30.0,0.0,0.0,0.0,0.0
12778,28.3322589,0.0,0.0,30.0,0.0,0.0,0.0,0.0
12779,28.3216486,0.0,0.0,30.0,0.0,0.0,0.0,0.0
12780,28.3118445,0.0,0.0,30.0,0.0,0.0,0.0,0.0
12781,28.3027843,0.0,0.0,30.0,0.0,0.0,0.0,0.0
12782,28.2944114,0.0,0.0,30.0,0.0,0.0,0.0,0.0
12783,28.2866739,0.0,0.0,30.0,0.0,0.0,0.0,0.0
12784,28.2795236,0.0,0.0,30.0,0.0,0.0,0.0,0.0
12785,28.272916,0.0,0.0,30.0,0.0,0.0,0.0,0.0
12786,28.2668098,0.0,0.0,30.0,0.0,0.0,0.0,0.0
12787,28.2611672,0.0,0.0,30.0,0.0,0.0,0.0,0.0
12788,28.2559529,0.0,0.0,30.0,0.0,0.0,0.0,0.0
12789,28.2511344,0.0,0.0,30.0,0.0,0.0,0.0,0.0
12790,28.2466819,0.0,0.0,30.0,0.0,0.0,0.0,0.0
12791,28.2425675,0.0,0.0,30.0,0.0,0.0,0.0,0.0
12792,28.2387656,0.0,0.0,30.0,0.0,0.0,0.0,0.0
12793,28.2352526,0.0,0.0,30.0,0.0,0.0,0.0,0.0
12794,28.2320066,0.0,0.0,30.0,0.0,0.0,0.0,0.0
12795,28.2290073,0.0,0.0,30.0,0.0,0.0,0.0,0.0
12796,28.2262361,0.0,0.0,30.0,0.0,0.0,0.0,0.0
12797,28.2236757,0.0,0.0,30.0,0.0,0.0,0.0,0.0
12798,28.2213103,0.0,0.0,30.0,0.0,0.0,0.0,0.0
12799,28.2191249,0.0,0.0,30.0,0.0,0.0,0.0,0.0
12800,28.2171062,0.0,0.0,30.0,0.0,0.0,0.0,0.0
12801,28.2152414,0.0,0.0,30.0,0.0,0.0,0.0,0.0
12802,28.213519,0.0,0.0,30.0,0.0,0.0,0.0,0.0
12803,28.2119282,0.0,0.0,30.0,0.0,0.0,0.0,0.0
12804,28.2104591,0.0,0.0,30.0,0.0,0.0,0.0,0.0
12805,28.2091026,0.0,0.0,30.0,0.0,0.0,0.0,0.0
12806,28.2078503,0.0,0.0,30.0,0.0,0.0,0.0,0.0
12807,28.2066943,0.0,0.0,30.0,0.0,0.0,0.0,0.0
12808,28.2056274,0.0,0.0,30.0,0.0,0.0,0.0,0.0
12809,28.2046431,0.0,0.0,30.0,0.0,0.0,0.0,0.0
12810,28.203735,0.0,0.0,30.0,0.0,0.0,0.0,0.0
12811,28.2028978,0.0,0.0,30.0,0.0,0.0,0.0,0.0
12812,28.202126,0.0,0.0,30.0,0.0,0.0,0.0,0.0
12813,28.2014148,0.0,0.0,30.0,0.0,0.0,0.0,0.0
12814,28.20076,0.0,0.0,30.0,0.0,0.0,0.0,0.0
12815,28.2001573,0.0,0.0,30.0,0.0,0.0,0.0,0.0
12816,28.1996031,0.0,0.0,30.0,0.0,0.0,0.0,0.0
12817,28.1990938,0.0,0.0,30.0,0.0,0.0,0.0,0.0
12818,28.1986264,0.0,0.0,30.0,0.0,0.0,0.0,0.0
12819,28.1981978,0.0,0.0,30.0,0.0,0.0,0.0,0.0
12820,28.1978055,0.0,0.0,30.0,0.0,0.0,0.0,0.0
12821,28.1974469,0.0,0.0,30.0,0.0,0.0,0.0,0.0
12822,28.1971199,0.0,0.0,30.0,0.0,0.0,0.0,0.0
12823,28.1968225,0.0,0.0,30.0,0.0,0.0,0.0,0.0
12824,28.1965526,0.0,0.0,30.0,0.0,0.0,0.0,0.0
12825,28.1963088,0.0,0.0,30.0,0.0,0.0,0.0,0.0
12826,28.1960894,0.0,0.0,30.0,0.0,0.0,0.0,0.0
12827,28.1958931,0.0,0.0,30.0,0.0,0.0,0.0,0.0
12828,28.1957187,0.0,0.0,30.0,0.0,0.0,0.0,0.0
12829,28.1955651,0.0,0.0,30.0,0.0,0.0,0.0,0.0
12830,28.1954313,0.0,0.0,30.0,0.0,0.0,0.0,0.0
12831,28.1953165,0.0,0.0,30.0,0.0,0.0,0.0,0.0
12832,28.1952199,0.0,0.0,30.0,0.0,0.0,0.0,0.0
12833,28.1951411,0.0,0.0,30.0,0.0,0.0,0.0,0.0
12834,28.1950794,0.0,0.0,30.0,0.0,0.0,0.0,0.0
12835,28.1950346,0.0,0.0,30.0,0.0,0.0,0.0,0.0
12836,28.1950063,0.0,0.0,30.0,0.0,0.0,0.0,0.0
12837,28.1949943,0.0,0.0,30.0,0.0,0.0,0.0,0.0
12838,28.1949986,0.0,0.0,30.0,0.0,0.0,0.0,0.0
12839,28.1950192,0.0,0.0,30.0,0.0,0.0,0.0,0.0
12840,28.1950562,0.0,0.0,30.0,0.0,0.0,0.0,0.0
12841,28.1951099,0.0,0.0,30.0,0.0,0.0,0.0,0.0
12842,28.1951806,0.0,0.0,30.0,0.0,0.0,0.0,0.0
12843,28.1952687,0.0,0.0,30.0,0.0,0.0,0.0,0.0
12844,28.1953748,0.0,0.0,30.0,0.0,0.0,0.0,0.0
12845,28.1954995,0.0,0.0,30.0,0.0,0.0,0.0,0.0
12846,28.1956437,0.0,0.0,30.0,0.0,0.0,0.0,0.0
12847,28.1958082,0.0,0.0,30.0,0.0,0.0,0.0,0.0
12848,28.195994,0.0,0.0,30.0,0.0,0.0,0.0,0.0
12849,28.1962023,0.0,0.0,30.0,0.0,0.0,0.0,0.0
12850,28.1964344,0.0,0.0,30.0,0.0,0.0,0.0,0.0
12851,28.1966918,0.0,0.0,30.0,0.0,0.0,0.0,0.0
12852,28.196976,0.0,0.0,30.0,0.0,0.0,0.0,0.0
12853,28.1972888,0.0,0.0,30.0,0.0,0.0,0.0,0.0
12854,28.1976322,0.0,0.0,30.0,0.0,0.0,0.0,0.0
12855,28.1980083,0.0,0.0,30.0,0.0,0.0,0.0,0.0
12856,28.1984195,0.0,0.0,30.0,0.0,0.0,0.0,0.0
12857,28.1988682,0.0,0.0,30.0,0.0,0.0,0.0,0.0
12858,28.1993574,0.0,0.0,30.0,0.0,0.0,0.0,0.0
12859,28.1998899,0.0,0.0,30.0,0.0,0.0,0.0,0.0
12860,28.2004693,0.0,0.0,30.0,0.0,0.0,0.0,0.0
12861,28.201099,0.0,0.0,30.0,0.0,0.0,0.0,0.0
12862,28.2017831,0.0,0.0,30.0,0.0,0.0,0.0,0.0
12863,28.2025256,0.0,0.0,30.0,0.0,0.0,0.0,0.0
12864,28.2033314,0.0,0.0,30.0,0.0,0.0,0.0,0.0
12865,28.2042053,0.0,0.0,30.0,0.0,0.0,0.0,0.0
12866,28.2051529,0.0,0.0,30.0,0.0,0.0,0.0,0.0
12867,28.2061801,0.0,0.0,30.0,0.0,0.0,0.0,0.0
12868,28.2072931,0.0,0.0,30.0,0.0,0.0,0.0,0.0
12869,28.2084991,0.0,0.0,30.0,0.0,0.0,0.0,0.0
12870,28.2098054,0.0,0.0,30.0,0.0,0.0,0.0,0.0
12871,28.2112202,0.0,0.0,30.0,0.0,0.0,0.0,0.0
12872,28.2127523,0.0,0.0,30.0,0.0,0.0,0.0,0.0
12873,28.2144114,0.0,0.0,30.0,0.0,0.0,0.0,0.0
12874,28.2162076,0.0,0.0,30.0,0.0,0.0,0.0,0.0
12875,28.2181522,0.0,0.0,30.0,0.0,0.0,0.0,0.0
12876,28.2202573,0.0,0.0,30.0,0.0,0.0,0.0,0.0
12877,28.222536,0.0,0.0,30.0,0.0,0.0,0.0,0.0
12878,28.2250025,0.0,0.0,30.0,0.0,0.0,0.0,0.0
12879,28.2276721,0.0,0.0,30.0,0.0,0.0,0.0,0.0
12880,28.2305616,0.0,0.0,30.0,0.0,0.0,0.0,0.0
12881,28.2336888,0.0,0.0,30.0,0.0,0.0,0.0,0.0
12882,28.2370732,0.0,0.0,30.0,0.0,0.0,0.0,0.0
12883,28.240736,0.0,0.0,30.0,0.0,0.0,0.0,0.0
12884,28.2446999,0.0,0.0,30.0,0.0,0.0,0.0,0.0
12885,28.2489896,0.0,0.0,30.0,0.0,0.0,0.0,0.0
12886,28.2536319,0.0,0.0,30.0,0.0,0.0,0.0,0.0
12887,28.2586556,0.0,0.0,30.0,0.0,0.0,0.0,0.0
12888,28.264092,0.0,0.0,30.0,0.0,0.0,0.0,0.0
12889,28.269975,0.0,0.0,30.0,0.0,0.0,0.0,0.0
12890,28.2763412,0.0,0.0,30.0,0.0,0.0,0.0,0.0
12891,28.2832303,0.0,0.0,30.0,0.0,0.0,0.0,0.0
12892,28.2906851,0.0,0.0,30.0,0.0,0.0,0.0,0.0
12893,28.2987521,0.0,0.0,30.0,0.0,0.0,0.0,0.0
12894,28.3074815,0.0,0.0,30.0,0.0,0.0,0.0,0.0
12895,28.3169277,0.0,0.0,30.0,0.0,0.0,0.0,0.0
12896,28.3271496,0.0,0.0,30.0,0.0,0.0,0.0,0.0
12897,28.3382106,0.0,0.0,30.0,0.0,0.0,0.0,0.0
12898,28.3501798,0.0,0.0,30.0,0.0,0.0,0.0,0.0
12899,28.3631317,0.0,0.0,30.0,0.0,0.0,0.0,0.0
12900,28.3771469,0.0,0.0,30.0,0.0,0.0,0.0,0.0
12901,28.3923127,0.0,0.0,30.0,0.0,0.0,0.0,0.0
12902,28.4087235,0.0,0.0,30.0,0.0,0.0,0.0,0.0
12903,28.4264816,0.0,0.0,30.0,0.0,0.0,0.0,0.0
12904,28.4456975,0.0,0.0,30.0,0.0,0.0,0.0,0.0
12905,28.4664908,0.0,0.0,30.0,0.0,0.0,0.0,0.0
12906,28.488991,0.0,0.0,30.0,0.0,0.0,0.0,0.0
12907,28.5133386,0.0,0.0,30.0,0.0,0.0,0.0,0.0
12908,28.5396851,0.0,0.0,30.0,0.0,0.0,0.0,0.0
12909,28.5681927,0.0,0.0,30.0,0.0,0.0,0.0,0.0
12910,28.5990399,0.0,0.0,30.0,0.0,0.0,0.0,0.0
12911,28.6324274,0.0,0.0,30.0,0.0,0.0,0.0,0.0
12912,28.668558,0.0,0.0,30.0,0.0,0.0,0.0,0.0
12913,28.707614,0.0,0.0,30.0,0.0,0.0,0.0,0.0
12914,28.7498688,0.0,0.0,30.0,0.0,0.0,0.0,0.0
12915,28.795794,0.0,0.0,30.0,0.0,0.0,0.0,0.0
12916,28.8455039,0.0,0.0,30.0,0.0,0.0,0.0,0.0
12917,28.8982911,0.0,0.0,30.0,0.0,0.0,0.0,0.0
12918,28.9554446,0.0,0.0,30.0,0.0,0.0,0.0,0.0
12919,29.0222657,0.0,0.0,30.0,0.0,0.0,0.0,0.0
12920,29.0938794,0.0,0.0,30.0,0.0,0.0,0.0,0.0
12921,29.1467484,0.0,0.0,30.0,0.0,0.0,0.0,0.0
12922,29.2100086,0.0,0.0,30.0,0.0,0.0,0.0,0.0
12923,29.4000251,0.0,0.0,30.0,0.0,0.0,0.0,0.0
12924,29.5627617,0.0,0.0,30.0,0.0,0.0,0.0,0.0
12925,29.1382371,0.0,0.0,30.0,0.0,0.0,0.0,0.0
12926,29.0148365,0.0,0.0,30.0,0.0,0.0,0.0,0.0
12927,29.9065178,0.0,0.0,30.0,0.0,0.0,0.0,0.0
12928,30.0,0.0,0.0,30.0,0.0,0.0,0.0,0.0
12929,30.0,0.0,0.0,30.0,0.0,0.0,0.0,0.0
12930,23.891103,0.0,0.0,30.0,0.0,0.0,0.0,0.0
12931,23.6889133,0.0,0.0,30.0,0.0,0.0,0.0,0.0
12932,0.0,0.0,0.0,0.0,0.0,0.0,0.0,0.0
12933,30.0,0.0,0.0,3.96614481,0.0,0.0,0.0,0.0
12934,21.2353257,0.0,0.0,8.89237594,0.0,0.0,0.0,0.0
12935,0.0,0.0,0.0,16.2064358,0.0,0.0,0.0,0.0
12936,0.0,0.0,0.0,21.2830735,0.0,0.0,0.0,0.0
12937,0.0,0.0,0.0,22.6533876,0.0,0.0,0.0,0.0
12938,0.0,0.0,0.0,23.0460551,0.0,0.0,0.0,0.0
12939,0.0,0.0,0.0,23.828691,0.0,0.0,0.0,0.0
12940,0.0,0.0,0.0,24.5474817,0.0,0.0,0.0,0.0
12941,0.0,0.0,0.0,25.0114795,0.0,0.0,0.0,0.0
12942,0.0,0.0,0.0,25.3032495,0.0,0.0,0.0,0.0
12943,0.0,0.0,0.0,25.4551974,0.0,0.0,0.0,0.0
12944,0.0,0.0,0.0,25.456262,0.0,0.0,0.0,0.0
12945,0.0,0.0,0.0,25.302067,0.0,0.0,0.0,0.0
12946,0.0,0.0,0.0,24.9937423,0.0,0.0,0.0,0.0
12947,0.0,0.0,0.0,24.5295942,0.0,0.0,0.0,0.0
12948,0.0,0.0,0.0,23.8980444,0.0,0.0,0.0,0.0
12949,0.0,0.0,0.0,23.0838893,0.0,0.0,0.0,0.0
12950,0.0,0.0,0.0,22.1161125,0.0,0.0,0.0,0.0
12951,0.0,0.0,0.0,21.0263701,0.0,0.0,0.0,0.0
12952,0.0,0.0,0.0,19.5464488,0.0,0.0,0.0,0.0
12953,0.0,0.0,0.0,17.4247227,0.0,0.0,0.0,0.0
12954,0.0,0.0,0.0,16.3211561,0.0,0.0,0.0,0.0
12955,0.0,0.0,0.0,17.4294996,0.0,0.0,0.0,0.0
12956,0.0,0.0,0.0,13.1226371,0.0,0.0,0.0,0.0
12957,0.0,0.0,0.0,0.0,0.0,0.0,0.0,0.0
12958,0.0,0.0,0.0,0.0,0.0,0.0,0.0,0.0
12959,0.0,0.0,0.0,0.0,0.0,0.0,0.0,0.0
12960,30.0,0.0,0.0,30.0,0.0,0.0,0.0,0.0
12961,30.0,0.0,0.0,30.0,0.0,0.0,0.0,0.0
12962,30.0,0.0,0.0,30.0,0.0,0.0,0.0,0.0
12963,30.0,0.0,0.0,30.0,0.0,0.0,0.0,0.0
12964,30.0,0.0,0.0,30.0,0.0,0.0,0.0,0.0
12965,30.0,0.0,0.0,30.0,0.0,0.0,0.0,0.0
12966,30.0,0.0,0.0,30.0,0.0,0.0,0.0,0.0
12967,30.0,0.0,0.0,30.0,0.0,0.0,0.0,0.0
12968,26.3706323,0.0,0.0,30.0,0.0,0.0,0.0,0.0
12969,21.3760711,0.0,0.0,30.0,0.0,0.0,0.0,0.0
12970,22.2628093,0.0,0.0,30.0,0.0,0.0,0.0,0.0
12971,26.4922307,0.0,0.0,30.0,0.0,0.0,0.0,0.0
12972,18.196877,0.0,0.0,30.0,0.0,0.0,0.0,0.0
12973,18.1316768,0.0,0.0,30.0,0.0,0.0,0.0,0.0
12974,28.1178562,0.0,0.0,30.0,0.0,0.0,0.0,0.0
12975,30.0,0.0,0.0,30.0,0.0,0.0,0.0,0.0
12976,30.0,0.0,0.0,30.0,0.0,0.0,0.0,0.0
12977,30.0,0.0,0.0,30.0,0.0,0.0,0.0,0.0
12978,30.0,0.0,0.0,30.0,0.0,0.0,0.0,0.0
12979,30.0,0.0,0.0,30.0,0.0,0.0,0.0,0.0
12980,28.4454687,0.0,0.0,30.0,0.0,0.0,0.0,0.0
12981,28.1778277,0.0,0.0,30.0,0.0,0.0,0.0,0.0
12982,28.3437775,0.0,0.0,30.0,0.0,0.0,0.0,0.0
12983,28.1119474,0.0,0.0,30.0,0.0,0.0,0.0,0.0
12984,28.0978062,0.0,0.0,30.0,0.0,0.0,0.0,0.0
12985,28.1495548,0.0,0.0,30.0,0.0,0.0,0.0,0.0
12986,28.1559375,0.0,0.0,30.0,0.0,0.0,0.0,0.0
12987,28.1496542,0.0,0.0,30.0,0.0,0.0,0.0,0.0
12988,28.152458,0.0,0.0,30.0,0.0,0.0,0.0,0.0
12989,28.1573196,0.0,0.0,30.0,0.0,0.0,0.0,0.0
12990,28.160029,0.0,0.0,30.0,0.0,0.0,0.0,0.0
12991,28.1621137,0.0,0.0,30.0,0.0,0.0,0.0,0.0
12992,28.1644086,0.0,0.0,30.0,0.0,0.0,0.0,0.0
12993,28.1666061,0.0,0.0,30.0,0.0,0.0,0.0,0.0
12994,28.1685612,0.0,0.0,30.0,0.0,0.0,0.0,0.0
12995,28.1703543,0.0,0.0,30.0,0.0,0.0,0.0,0.0
12996,28.172027,0.0,0.0,30.0,0.0,0.0,0.0,0.0
12997,28.1735755,0.0,0.0,30.0,0.0,0.0,0.0,0.0
12998,28.1750034,0.0,0.0,30.0,0.0,0.0,0.0,0.0
12999,28.1763228,0.0,0.0,30.0,0.0,0.0,0.0,0.0
13000,28.1775428,0.0,0.0,30.0,0.0,0.0,0.0,0.0
13001,28.1786706,0.0,0.0,30.0,0.0,0.0,0.0,0.0
13002,28.1797129,0.0,0.0,30.0,0.0,0.0,0.0,0.0
13003,28.1806763,0.0,0.0,30.0,0.0,0.0,0.0,0.0
13004,28.1815669,0.0,0.0,30.0,0.0,0.0,0.0,0.0
13005,28.1823902,0.0,0.0,30.0,0.0,0.0,0.0,0.0
13006,28.1831512,0.0,0.0,30.0,0.0,0.0,0.0,0.0
13007,28.1838548,0.0,0.0,30.0,0.0,0.0,0.0,0.0
13008,28.1845054,0.0,0.0,30.0,0.0,0.0,0.0,0.0
13009,28.1851069,0.0,0.0,30.0,0.0,0.0,0.0,0.0
13010,28.1856631,0.0,0.0,30.0,0.0,0.0,0.0,0.0
13011,28.1861776,0.0,0.0,30.0,0.0,0.0,0.0,0.0
13012,28.1866534,0.0,0.0,30.0,0.0,0.0,0.0,0.0
13013,28.1870936,0.0,0.0,30.0,0.0,0.0,0.0,0.0
13014,28.1875008,0.0,0.0,30.0,0.0,0.0,0.0,0.0
13015,28.1878777,0.0,0.0,30.0,0.0,0.0,0.0,0.0
13016,28.1882266,0.0,0.0,30.0,0.0,0.0,0.0,0.0
13017,28.1885496,0.0,0.0,30.0,0.0,0.0,0.0,0.0
13018,28.1888488,0.0,0.0,30.0,0.0,0.0,0.0,0.0
13019,28.189126,0.0,0.0,30.0,0.0,0.0,0.0,0.0
13020,28.1893829,0.0,0.0,30.0,0.0,0.0,0.0,0.0
13021,28.1896212,0.0,0.0,30.0,0.0,0.0,0.0,0.0
13022,28.1898423,0.0,0.0,30.0,0.0,0.0,0.0,0.0
13023,28.1900476,0.0,0.0,30.0,0.0,0.0,0.0,0.0
13024,28.1902384,0.0,0.0,30.0,0.0,0.0,0.0,0.0
13025,28.1904158,0.0,0.0,30.0,0.0,0.0,0.0,0.0
13026,28.1905811,0.0,0.0,30.0,0.0,0.0,0.0,0.0
13027,28.1907351,0.0,0.0,30.0,0.0,0.0,0.0,0.0
13028,28.1908789,0.0,0.0,30.0,0.0,0.0,0.0,0.0
13029,28.1910133,0.0,0.0,30.0,0.0,0.0,0.0,0.0
13030,28.1911393,0.0,0.0,30.0,0.0,0.0,0.0,0.0
13031,28.1912575,0.0,0.0,30.0,0.0,0.0,0.0,0.0
13032,28.1913687,0.0,0.0,30.0,0.0,0.0,0.0,0.0
13033,28.1914737,0.0,0.0,30.0,0.0,0.0,0.0,0.0
13034,28.1915729,0.0,0.0,30.0,0.0,0.0,0.0,0.0
13035,28.1916672,0.0,0.0,30.0,0.0,0.0,0.0,0.0
13036,28.191757,0.0,0.0,30.0,0.0,0.0,0.0,0.0
13037,28.191843,0.0,0.0,30.0,0.0,0.0,0.0,0.0
13038,28.1919256,0.0,0.0,30.0,0.0,0.0,0.0,0.0
13039,28.1920053,0.0,0.0,30.0,0.0,0.0,0.0,0.0
13040,28.1920828,0.0,0.0,30.0,0.0,0.0,0.0,0.0
13041,28.1921584,0.0,0.0,30.0,0.0,0.0,0.0,0.0
13042,28.1922325,0.0,0.0,30.0,0.0,0.0,0.0,0.0
13043,28.1923058,0.0,0.0,30.0,0.0,0.0,0.0,0.0
13044,28.1923786,0.0,0.0,30.0,0.0,0.0,0.0,0.0
13045,28.1924514,0.0,0.0,30.0,0.0,0.0,0.0,0.0
13046,28.1925247,0.0,0.0,30.0,0.0,0.0,0.0,0.0
13047,28.1925988,0.0,0.0,30.0,0.0,0.0,0.0,0.0
13048,28.1926743,0.0,0.0,30.0,0.0,0.0,0.0,0.0
13049,28.1927516,0.0,0.0,30.0,0.0,0.0,0.0,0.0
13050,28.1928313,0.0,0.0,30.0,0.0,0.0,0.0,0.0
13051,28.1929137,0.0,0.0,30.0,0.0,0.0,0.0,0.0
13052,28.1929994,0.0,0.0,30.0,0.0,0.0,0.0,0.0
13053,28.193089,0.0,0.0,30.0,0.0,0.0,0.0,0.0
13054,28.1931831,0.0,0.0,30.0,0.0,0.0,0.0,0.0
13055,28.1932821,0.0,0.0,30.0,0.0,0.0,0.0,0.0
13056,28.1933867,0.0,0.0,30.0,0.0,0.0,0.0,0.0
13057,28.1934976,0.0,0.0,30.0,0.0,0.0,0.0,0.0
13058,28.1936154,0.0,0.0,30.0,0.0,0.0,0.0,0.0
13059,28.193741,0.0,0.0,30.0,0.0,0.0,0.0,0.0
13060,28.193875,0.0,0.0,30.0,0.0,0.0,0.0,0.0
13061,28.1940183,0.0,0.0,30.0,0.0,0.0,0.0,0.0
13062,28.1941718,0.0,0.0,30.0,0.0,0.0,0.0,0.0
13063,28.1943364,0.0,0.0,30.0,0.0,0.0,0.0,0.0
13064,28.1945132,0.0,0.0,30.0,0.0,0.0,0.0,0.0
13065,28.1947033,0.0,0.0,30.0,0.0,0.0,0.0,0.0
13066,28.1949079,0.0,0.0,30.0,0.0,0.0,0.0,0.0
13067,28.1951282,0.0,0.0,30.0,0.0,0.0,0.0,0.0
13068,28.1953656,0.0,0.0,30.0,0.0,0.0,0.0,0.0
13069,28.1956216,0.0,0.0,30.0,0.0,0.0,0.0,0.0
13070,28.1958978,0.0,0.0,30.0,0.0,0.0,0.0,0.0
13071,28.1961959,0.0,0.0,30.0,0.0,0.0,0.0,0.0
13072,28.1965177,0.0,0.0,30.0,0.0,0.0,0.0,0.0
13073,28.1968653,0.0,0.0,30.0,0.0,0.0,0.0,0.0
13074,28.1972408,0.0,0.0,30.0,0.0,0.0,0.0,0.0
13075,28.1976466,0.0,0.0,30.0,0.0,0.0,0.0,0.0
13076,28.1980852,0.0,0.0,30.0,0.0,0.0,0.0,0.0
13077,28.1985593,0.0,0.0,30.0,0.0,0.0,0.0,0.0
13078,28.1990719,0.0,0.0,30.0,0.0,0.0,0.0,0.0
13079,28.1996261,0.0,0.0,30.0,0.0,0.0,0.0,0.0
13080,28.2002255,0.0,0.0,30.0,0.0,0.0,0.0,0.0
13081,28.2008737,0.0,0.0,30.0,0.0,0.0,0.0,0.0
13082,28.2015749,0.0,0.0,30.0,0.0,0.0,0.0,0.0
13083,28.2023332,0.0,0.0,30.0,0.0,0.0,0.0,0.0
13084,28.2031536,0.0,0.0,30.0,0.0,0.0,0.0,0.0
13085,28.204041,0.0,0.0,30.0,0.0,0.0,0.0,0.0
13086,28.2050011,0.0,0.0,30.0,0.0,0.0,0.0,0.0
13087,28.2060397,0.0,0.0,30.0,0.0,0.0,0.0,0.0
13088,28.2071635,0.0,0.0,30.0,0.0,0.0,0.0,0.0
13089,28.2083792,0.0,0.0,30.0,0.0,0.0,0.0,0.0
13090,28.2096946,0.0,0.0,30.0,0.0,0.0,0.0,0.0
13091,28.2111179,0.0,0.0,30.0,0.0,0.0,0.0,0.0
13092,28.2126578,0.0,0.0,30.0,0.0,0.0,0.0,0.0
13093,28.214324,0.0,0.0,30.0,0.0,0.0,0.0,0.0
13094,28.2161268,0.0,0.0,30.0,0.0,0.0,0.0,0.0
13095,28.2180776,0.0,0.0,30.0,0.0,0.0,0.0,0.0
13096,28.2201883,0.0,0.0,30.0,0.0,0.0,0.0,0.0
13097,28.2224723,0.0,0.0,30.0,0.0,0.0,0.0,0.0
13098,28.2249436,0.0,0.0,30.0,0.0,0.0,0.0,0.0
13099,28.2276177,0.0,0.0,30.0,0.0,0.0,0.0,0.0
13100,28.2305113,0.0,0.0,30.0,0.0,0.0,0.0,0.0
13101,28.2336423,0.0,0.0,30.0,0.0,0.0,0.0,0.0
13102,28.2370303,0.0,0.0,30.0,0.0,0.0,0.0,0.0
13103,28.2406963,0.0,0.0,30.0,0.0,0.0,0.0,0.0
13104,28.2446632,0.0,0.0,30.0,0.0,0.0,0.0,0.0
13105,28.2489557,0.0,0.0,30.0,0.0,0.0,0.0,0.0
13106,28.2536006,0.0,0.0,30.0,0.0,0.0,0.0,0.0
13107,28.2586266,0.0,0.0,30.0,0.0,0.0,0.0,0.0
13108,28.2640653,0.0,0.0,30.0,0.0,0.0,0.0,0.0
13109,28.2699503,0.0,0.0,30.0,0.0,0.0,0.0,0.0
13110,28.2763184,0.0,0.0,30.0,0.0,0.0,0.0,0.0
13111,28.2832092,0.0,0.0,30.0,0.0,0.0,0.0,0.0
13112,28.2906656,0.0,0.0,30.0,0.0,0.0,0.0,0.0
13113,28.2987341,0.0,0.0,30.0,0.0,0.0,0.0,0.0
13114,28.3074649,0.0,0.0,30.0,0.0,0.0,0.0,0.0
13115,28.3169124,0.0,0.0,30.0,0.0,0.0,0.0,0.0
13116,28.3271354,0.0,0.0,30.0,0.0,0.0,0.0,0.0
13117,28.3381975,0.0,0.0,30.0,0.0,0.0,0.0,0.0
13118,28.3501677,0.0,0.0,30.0,0.0,0.0,0.0,0.0
13119,28.3631205,0.0,0.0,30.0,0.0,0.0,0.0,0.0
13120,28.3771365,0.0,0.0,30.0,0.0,0.0,0.0,0.0
13121,28.3923031,0.0,0.0,30.0,0.0,0.0,0.0,0.0
13122,28.4087147,0.0,0.0,30.0,0.0,0.0,0.0,0.0
13123,28.4264734,0.0,0.0,30.0,0.0,0.0,0.0,0.0
13124,28.4456899,0.0,0.0,30.0,0.0,0.0,0.0,0.0
13125,28.4664838,0.0,0.0,30.0,0.0,0.0,0.0,0.0
13126,28.4889846,0.0,0.0,30.0,0.0,0.0,0.0,0.0
13127,28.5133327,0.0,0.0,30.0,0.0,0.0,0.0,0.0
13128,28.5396796,0.0,0.0,30.0,0.0,0.0,0.0,0.0
13129,28.5681877,0.0,0.0,30.0,0.0,0.0,0.0,0.0
13130,28.5990353,0.0,0.0,30.0,0.0,0.0,0.0,0.0
13131,28.6324232,0.0,0.0,30.0,0.0,0.0,0.0,0.0
13132,28.6685541,0.0,0.0,30.0,0.0,0.0,0.0,0.0
13133,28.7076104,0.0,0.0,30.0,0.0,0.0,0.0,0.0
13134,28.7498654,0.0,0.0,30.0,0.0,0.0,0.0,0.0
13135,28.7957909,0.0,0.0,30.0,0.0,0.0,0.0,0.0
13136,28.8455011,0.0,0.0,30.0,0.0,0.0,0.0,0.0
13137,28.8982884,0.0,0.0,30.0,0.0,0.0,0.0,0.0
13138,28.9554422,0.0,0.0,30.0,0.0,0.0,0.0,0.0
13139,29.0222635,0.0,0.0,30.0,0.0,0.0,0.0,0.0
13140,29.0938774,0.0,0.0,30.0,0.0,0.0,0.0,0.0
13141,29.1467465,0.0,0.0,30.0,0.0,0.0,0.0,0.0
13142,29.2100069,0.0,0.0,30.0,0.0,0.0,0.0,0.0
13143,29.4000236,0.0,0.0,30.0,0.0,0.0,0.0,0.0
13144,29.5627604,0.0,0.0,30.0,0.0,0.0,0.0,0.0
13145,29.138236,0.0,0.0,30.0,0.0,0.0,0.0,0.0
13146,29.0148353,0.0,0.0,30.0,0.0,0.0,0.0,0.0
13147,29.9065165,0.0,0.0,30.0,0.0,0.0,0.0,0.0
13148,30.0,0.0,0.0,30.0,0.0,0.0,0.0,0.0
13149,30.0,0.0,0.0,30.0,0.0,0.0,0.0,0.0
13150,23.8910993,0.0,0.0,30.0,0.0,0.0,0.0,0.0
13151,23.6889107,0.0,0.0,30.0,0.0,0.0,0.0,0.0
13152,0.0,0.0,0.0,0.0,0.0,0.0,0.0,0.0
13153,30.0,0.0,0.0,4.21859505,0.0,0.0,0.0,0.0
13154,30.0,0.0,0.0,6.18726477,0.0,0.0,0.0,0.0
13155,0.0,0.0,0.0,16.7900556,0.0,0.0,0.0,0.0
13156,0.0,0.0,0.0,21.9789414,0.0,0.0,0.0,0.0
13157,0.0,0.0,0.0,23.4345668,0.0,0.0,0.0,0.0
13158,0.0,0.0,0.0,23.9140565,0.0,0.0,0.0,0.0
13159,0.0,0.0,0.0,24.8020415,0.0,0.0,0.0,0.0
13160,0.0,0.0,0.0,25.6386006,0.0,0.0,0.0,0.0
13161,0.0,0.0,0.0,26.2319011,0.0,0.0,0.0,0.0
13162,0.0,0.0,0.0,26.6672088,0.0,0.0,0.0,0.0
13163,0.0,0.0,0.0,26.9789123,0.0,0.0,0.0,0.0
13164,0.0,0.0,0.0,27.1577817,0.0,0.0,0.0,0.0
13165,0.0,0.0,0.0,27.2016445,0.0,0.0,0.0,0.0
13166,0.0,0.0,0.0,27.11303,0.0,0.0,0.0,0.0
13167,0.0,0.0,0.0,26.8919937,0.0,0.0,0.0,0.0
13168,0.0,0.0,0.0,26.5361614,0.0,0.0,0.0,0.0
13169,0.0,0.0,0.0,26.0379339,0.0,0.0,0.0,0.0
13170,0.0,0.0,0.0,25.3883823,0.0,0.0,0.0,0.0
13171,0.0,0.0,0.0,24.6018378,0.0,0.0,0.0,0.0
13172,0.0,0.0,0.0,23.6854333,0.0,0.0,0.0,0.0
13173,0.0,0.0,0.0,22.4841006,0.0,0.0,0.0,0.0
13174,0.0,0.0,0.0,20.9023724,0.0,0.0,0.0,0.0
13175,0.0,0.0,0.0,19.8649141,0.0,0.0,0.0,0.0
13176,0.0,0.0,0.0,19.7244474,0.0,0.0,0.0,0.0
13177,0.0,0.0,0.0,14.3398563,0.0,0.0,0.0,0.0
13178,0.0,0.0,0.0,2.43748084,0.0,0.0,0.0,0.0
13179,0.0,0.0,0.0,3.65831342,0.0,0.0,0.0,0.0
13180,30.0,0.0,0.0,30.0,0.0,0.0,0.0,0.0
13181,30.0,0.0,0.0,30.0,0.0,0.0,0.0,0.0
13182,30.0,0.0,0.0,30.0,0.0,0.0,0.0,0.0
13183,30.0,0.0,0.0,30.0,0.0,0.0,0.0,0.0
13184,30.0,0.0,0.0,30.0,0.0,0.0,0.0,0.0
13185,30.0,0.0,0.0,30.0,0.0,0.0,0.0,0.0
13186,30.0,0.0,0.0,30.0,0.0,0.0,0.0,0.0
13187,17.4433495,0.0,0.0,30.0,0.0,0.0,0.0,0.0
13188,14.0733843,0.0,0.0,30.0,0.0,0.0,0.0,0.0
13189,19.6867302,0.0,0.0,30.0,0.0,0.0,0.0,0.0
13190,22.6703844,0.0,0.0,30.0,0.0,0.0,0.0,0.0
13191,20.6659028,0.0,0.0,30.0,0.0,0.0,0.0,0.0
13192,20.2527425,0.0,0.0,30.0,0.0,0.0,0.0,0.0
13193,22.9412901,0.0,0.0,30.0,0.0,0.0,0.0,0.0
13194,27.0508486,0.0,0.0,30.0,0.0,0.0,0.0,0.0
13195,30.0,0.0,0.0,30.0,0.0,0.0,0.0,0.0
13196,30.0,0.0,0.0,30.0,0.0,0.0,0.0,0.0
13197,30.0,0.0,0.0,30.0,0.0,0.0,0.0,0.0
13198,30.0,0.0,0.0,30.0,0.0,0.0,0.0,0.0
13199,30.0,0.0,0.0,30.0,0.0,0.0,0.0,0.0
13200,28.3494156,0.0,0.0,30.0,0.0,0.0,0.0,0.0
13201,28.1294247,0.0,0.0,30.0,0.0,0.0,0.0,0.0
13202,28.3890127,0.0,0.0,30.0,0.0,0.0,0.0,0.0
13203,28.0294322,0.0,0.0,30.0,0.0,0.0,0.0,0.0
13204,28.0096179,0.0,0.0,30.0,0.0,0.0,0.0,0.0
13205,28.0932507,0.0,0.0,30.0,0.0,0.0,0.0,0.0
13206,28.1057736,0.0,0.0,30.0,0.0,0.0,0.0,0.0
13207,28.0981793,0.0,0.0,30.0,0.0,0.0,0.0,0.0
13208,28.1046207,0.0,0.0,30.0,0.0,0.0,0.0,0.0
13209,28.1141478,0.0,0.0,30.0,0.0,0.0,0.0,0.0
13210,28.1201638,0.0,0.0,30.0,0.0,0.0,0.0,0.0
13211,28.1250631,0.0,0.0,30.0,0.0,0.0,0.0,0.0
13212,28.1301667,0.0,0.0,30.0,0.0,0.0,0.0,0.0
13213,28.1350041,0.0,0.0,30.0,0.0,0.0,0.0,0.0
13214,28.139356,0.0,0.0,30.0,0.0,0.0,0.0,0.0
13215,28.143356,0.0,0.0,30.0,0.0,0.0,0.0,0.0
13216,28.1470771,0.0,0.0,30.0,0.0,0.0,0.0,0.0
13217,28.15052,0.0,0.0,30.0,0.0,0.0,0.0,0.0
13218,28.1536968,0.0,0.0,30.0,0.0,0.0,0.0,0.0
13219,28.1566321,0.0,0.0,30.0,0.0,0.0,0.0,0.0
13220,28.1593459,0.0,0.0,30.0,0.0,0.0,0.0,0.0
13221,28.1618541,0.0,0.0,30.0,0.0,0.0,0.0,0.0
13222,28.1641721,0.0,0.0,30.0,0.0,0.0,0.0,0.0
13223,28.1663144,0.0,0.0,30.0,0.0,0.0,0.0,0.0
13224,28.1682945,0.0,0.0,30.0,0.0,0.0,0.0,0.0
13225,28.1701246,0.0,0.0,30.0,0.0,0.0,0.0,0.0
13226,28.1718161,0.0,0.0,30.0,0.0,0.0,0.0,0.0
13227,28.1733796,0.0,0.0,30.0,0.0,0.0,0.0,0.0
13228,28.1748248,0.0,0.0,30.0,0.0,0.0,0.0,0.0
13229,28.1761606,0.0,0.0,30.0,0.0,0.0,0.0,0.0
13230,28.1773955,0.0,0.0,30.0,0.0,0.0,0.0,0.0
13231,28.1785372,0.0,0.0,30.0,0.0,0.0,0.0,0.0
13232,28.1795926,0.0,0.0,30.0,0.0,0.0,0.0,0.0
13233,28.1805684,0.0,0.0,30.0,0.0,0.0,0.0,0.0
13234,28.1814706,0.0,0.0,30.0,0.0,0.0,0.0,0.0
13235,28.182305,0.0,0.0,30.0,0.0,0.0,0.0,0.0
13236,28.1830766,0.0,0.0,30.0,0.0,0.0,0.0,0.0
13237,28.1837903,0.0,0.0,30.0,0.0,0.0,0.0,0.0
13238,28.1844505,0.0,0.0,30.0,0.0,0.0,0.0,0.0
13239,28.1850613,0.0,0.0,30.0,0.0,0.0,0.0,0.0
13240,28.1856266,0.0,0.0,30.0,0.0,0.0,0.0,0.0
13241,28.1861498,0.0,0.0,30.0,0.0,0.0,0.0,0.0
13242,28.1866343,0.0,0.0,30.0,0.0,0.0,0.0,0.0
13243,28.1870829,0.0,0.0,30.0,0.0,0.0,0.0,0.0
13244,28.1874986,0.0,0.0,30.0,0.0,0.0,0.0,0.0
13245,28.1878839,0.0,0.0,30.0,0.0,0.0,0.0,0.0
13246,28.1882412,0.0,0.0,30.0,0.0,0.0,0.0,0.0
13247,28.1885728,0.0,0.0,30.0,0.0,0.0,0.0,0.0
13248,28.1888806,0.0,0.0,30.0,0.0,0.0,0.0,0.0
13249,28.1891666,0.0,0.0,30.0,0.0,0.0,0.0,0.0
13250,28.1894327,0.0,0.0,30.0,0.0,0.0,0.0,0.0
13251,28.1896803,0.0,0.0,30.0,0.0,0.0,0.0,0.0
13252,28.1899112,0.0,0.0,30.0,0.0,0.0,0.0,0.0
13253,28.1901267,0.0,0.0,30.0,0.0,0.0,0.0,0.0
13254,28.1903282,0.0,0.0,30.0,0.0,0.0,0.0,0.0
13255,28.1905169,0.0,0.0,30.0,0.0,0.0,0.0,0.0
13256,28.190694,0.0,0.0,30.0,0.0,0.0,0.0,0.0
13257,28.1908605,0.0,0.0,30.0,0.0,0.0,0.0,0.0
13258,28.1910177,0.0,0.0,30.0,0.0,0.0,0.0,0.0
13259,28.1911663,0.0,0.0,30.0,0.0,0.0,0.0,0.0
13260,28.1913074,0.0,0.0,30.0,0.0,0.0,0.0,0.0
13261,28.1914418,0.0,0.0,30.0,0.0,0.0,0.0,0.0
13262,28.1915703,0.0,0.0,30.0,0.0,0.0,0.0,0.0
13263,28.1916938,0.0,0.0,30.0,0.0,0.0,0.0,0.0
13264,28.1918131,0.0,0.0,30.0,0.0,0.0,0.0,0.0
13265,28.1919288,0.0,0.0,30.0,0.0,0.0,0.0,0.0
13266,28.1920417,0.0,0.0,30.0,0.0,0.0,0.0,0.0
13267,28.1921524,0.0,0.0,30.0,0.0,0.0,0.0,0.0
13268,28.1922618,0.0,0.0,30.0,0.0,0.0,0.0,0.0
13269,28.1923704,0.0,0.0,30.0,0.0,0.0,0.0,0.0
13270,28.192479,0.0,0.0,30.0,0.0,0.0,0.0,0.0
13271,28.1925881,0.0,0.0,30.0,0.0,0.0,0.0,0.0
13272,28.1926986,0.0,0.0,30.0,0.0,0.0,0.0,0.0
13273,28.192811,0.0,0.0,30.0,0.0,0.0,0.0,0.0
13274,28.1929261,0.0,0.0,30.0,0.0,0.0,0.0,0.0
13275,28.1930446,0.0,0.0,30.0,0.0,0.0,0.0,0.0
13276,28.1931673,0.0,0.0,30.0,0.0,0.0,0.0,0.0
13277,28.1932948,0.0,0.0,30.0,0.0,0.0,0.0,0.0
13278,28.193428,0.0,0.0,30.0,0.0,0.0,0.0,0.0
13279,28.1935678,0.0,0.0,30.0,0.0,0.0,0.0,0.0
13280,28.1937149,0.0,0.0,30.0,0.0,0.0,0.0,0.0
13281,28.1938703,0.0,0.0,30.0,0.0,0.0,0.0,0.0
13282,28.1940351,0.0,0.0,30.0,0.0,0.0,0.0,0.0
13283,28.1942101,0.0,0.0,30.0,0.0,0.0,0.0,0.0
13284,28.1943965,0.0,0.0,30.0,0.0,0.0,0.0,0.0
13285,28.1945955,0.0,0.0,30.0,0.0,0.0,0.0,0.0
13286,28.1948082,0.0,0.0,30.0,0.0,0.0,0.0,0.0
13287,28.1950361,0.0,0.0,30.0,0.0,0.0,0.0,0.0
13288,28.1952805,0.0,0.0,30.0,0.0,0.0,0.0,0.0
13289,28.1955429,0.0,0.0,30.0,0.0,0.0,0.0,0.0
13290,28.1958251,0.0,0.0,30.0,0.0,0.0,0.0,0.0
13291,28.1961287,0.0,0.0,30.0,0.0,0.0,0.0,0.0
13292,28.1964556,0.0,0.0,30.0,0.0,0.0,0.0,0.0
13293,28.1968079,0.0,0.0,30.0,0.0,0.0,0.0,0.0
13294,28.1971878,0.0,0.0,30.0,0.0,0.0,0.0,0.0
13295,28.1975976,0.0,0.0,30.0,0.0,0.0,0.0,0.0
13296,28.1980399,0.0,0.0,30.0,0.0,0.0,0.0,0.0
13297,28.1985175,0.0,0.0,30.0,0.0,0.0,0.0,0.0
13298,28.1990332,0.0,0.0,30.0,0.0,0.0,0.0,0.0
13299,28.1995904,0.0,0.0,30.0,0.0,0.0,0.0,0.0
13300,28.2001925,0.0,0.0,30.0,0.0,0.0,0.0,0.0
13301,28.2008432,0.0,0.0,30.0,0.0,0.0,0.0,0.0
13302,28.2015466,0.0,0.0,30.0,0.0,0.0,0.0,0.0
13303,28.2023072,0.0,0.0,30.0,0.0,0.0,0.0,0.0
13304,28.2031295,0.0,0.0,30.0,0.0,0.0,0.0,0.0
13305,28.2040188,0.0,0.0,30.0,0.0,0.0,0.0,0.0
13306,28.2049805,0.0,0.0,30.0,0.0,0.0,0.0,0.0
13307,28.2060207,0.0,0.0,30.0,0.0,0.0,0.0,0.0
13308,28.2071459,0.0,0.0,30.0,0.0,0.0,0.0,0.0
13309,28.208363,0.0,0.0,30.0,0.0,0.0,0.0,0.0
13310,28.2096796,0.0,0.0,30.0,0.0,0.0,0.0,0.0
13311,28.211104,0.0,0.0,30.0,0.0,0.0,0.0,0.0
13312,28.212645,0.0,0.0,30.0,0.0,0.0,0.0,0.0
13313,28.2143121,0.0,0.0,30.0,0.0,0.0,0.0,0.0
13314,28.2161159,0.0,0.0,30.0,0.0,0.0,0.0,0.0
13315,28.2180675,0.0,0.0,30.0,0.0,0.0,0.0,0.0
13316,28.220179,0.0,0.0,30.0,0.0,0.0,0.0,0.0
13317,28.2224636,0.0,0.0,30.0,0.0,0.0,0.0,0.0
13318,28.2249356,0.0,0.0,30.0,0.0,0.0,0.0,0.0
13319,28.2276103,0.0,0.0,30.0,0.0,0.0,0.0,0.0
13320,28.2305045,0.0,0.0,30.0,0.0,0.0,0.0,0.0
13321,28.233636,0.0,0.0,30.0,0.0,0.0,0.0,0.0
13322,28.2370244,0.0,0.0,30.0,0.0,0.0,0.0,0.0
13323,28.2406909,0.0,0.0,30.0,0.0,0.0,0.0,0.0
13324,28.2446583,0.0,0.0,30.0,0.0,0.0,0.0,0.0
13325,28.2489511,0.0,0.0,30.0,0.0,0.0,0.0,0.0
13326,28.2535963,0.0,0.0,30.0,0.0,0.0,0.0,0.0
13327,28.2586227,0.0,0.0,30.0,0.0,0.0,0.0,0.0
13328,28.2640616,0.0,0.0,30.0,0.0,0.0,0.0,0.0
13329,28.2699469,0.0,0.0,30.0,0.0,0.0,0.0,0.0
13330,28.2763153,0.0,0.0,30.0,0.0,0.0,0.0,0.0
13331,28.2832063,0.0,0.0,30.0,0.0,0.0,0.0,0.0
13332,28.290663,0.0,0.0,30.0,0.0,0.0,0.0,0.0
13333,28.2987317,0.0,0.0,30.0,0.0,0.0,0.0,0.0
13334,28.3074627,0.0,0.0,30.0,0.0,0.0,0.0,0.0
13335,28.3169103,0.0,0.0,30.0,0.0,0.0,0.0,0.0
13336,28.3271334,0.0,0.0,30.0,0.0,0.0,0.0,0.0
13337,28.3381957,0.0,0.0,30.0,0.0,0.0,0.0,0.0
13338,28.3501661,0.0,0.0,30.0,0.0,0.0,0.0,0.0
13339,28.363119,0.0,0.0,30.0,0.0,0.0,0.0,0.0
13340,28.3771351,0.0,0.0,30.0,0.0,0.0,0.0,0.0
13341,28.3923018,0.0,0.0,30.0,0.0,0.0,0.0,0.0
13342,28.4087135,0.0,0.0,30.0,0.0,0.0,0.0,0.0
13343,28.4264723,0.0,0.0,30.0,0.0,0.0,0.0,0.0
13344,28.4456889,0.0,0.0,30.0,0.0,0.0,0.0,0.0
13345,28.4664829,0.0,0.0,30.0,0.0,0.0,0.0,0.0
13346,28.4889837,0.0,0.0,30.0,0.0,0.0,0.0,0.0
13347,28.5133319,0.0,0.0,30.0,0.0,0.0,0.0,0.0
13348,28.5396789,0.0,0.0,30.0,0.0,0.0,0.0,0.0
13349,28.568187,0.0,0.0,30.0,0.0,0.0,0.0,0.0
13350,28.5990346,0.0,0.0,30.0,0.0,0.0,0.0,0.0
13351,28.6324226,0.0,0.0,30.0,0.0,0.0,0.0,0.0
13352,28.6685535,0.0,0.0,30.0,0.0,0.0,0.0,0.0
13353,28.7076099,0.0,0.0,30.0,0.0,0.0,0.0,0.0
13354,28.749865,0.0,0.0,30.0,0.0,0.0,0.0,0.0
13355,28.7957905,0.0,0.0,30.0,0.0,0.0,0.0,0.0
13356,28.8455007,0.0,0.0,30.0,0.0,0.0,0.0,0.0
13357,28.8982881,0.0,0.0,30.0,0.0,0.0,0.0,0.0
13358,28.9554418,0.0,0.0,30.0,0.0,0.0,0.0,0.0
13359,29.0222632,0.0,0.0,30.0,0.0,0.0,0.0,0.0
13360,29.0938771,0.0,0.0,30.0,0.0,0.0,0.0,0.0
13361,29.1467463,0.0,0.0,30.0,0.0,0.0,0.0,0.0
13362,29.2100067,0.0,0.0,30.0,0.0,0.0,0.0,0.0
13363,29.4000234,0.0,0.0,30.0,0.0,0.0,0.0,0.0
13364,29.5627602,0.0,0.0,30.0,0.0,0.0,0.0,0.0
13365,29.1382358,0.0,0.0,30.0,0.0,0.0,0.0,0.0
13366,29.0148351,0.0,0.0,30.0,0.0,0.0,0.0,0.0
13367,29.9065164,0.0,0.0,30.0,0.0,0.0,0.0,0.0
13368,30.0,0.0,0.0,30.0,0.0,0.0,0.0,0.0
13369,30.0,0.0,0.0,30.0,0.0,0.0,0.0,0.0
13370,23.8910987,0.0,0.0,30.0,0.0,0.0,0.0,0.0
13371,23.6889103,0.0,0.0,30.0,0.0,0.0,0.0,0.0
13372,0.0,0.0,0.0,0.0,0.0,0.0,0.0,0.0
13373,30.0,0.0,0.0,4.21859505,0.0,0.0,0.0,0.0
13374,30.0,0.0,0.0,6.18726477,0.0,0.0,0.0,0.0
13375,0.0,0.0,0.0,16.7900556,0.0,0.0,0.0,0.0
13376,0.0,0.0,0.0,21.9789414,0.0,0.0,0.0,0.0
13377,0.0,0.0,0.0,23.4345668,0.0,0.0,0.0,0.0
13378,0.0,0.0,0.0,23.9140565,0.0,0.0,0.0,0.0
13379,0.0,0.0,0.0,24.8020415,0.0,0.0,0.0,0.0
13380,0.0,0.0,0.0,25.6386006,0.0,0.0,0.0,0.0
13381,0.0,0.0,0.0,26.2319011,0.0,0.0,0.0,0.0
13382,0.0,0.0,0.0,26.6672088,0.0,0.0,0.0,0.0
13383,0.0,0.0,0.0,26.9789123,0.0,0.0,0.0,0.0
13384,0.0,0.0,0.0,27.1577817,0.0,0.0,0.0,0.0
13385,0.0,0.0,0.0,27.2016445,0.0,0.0,0.0,0.0
13386,0.0,0.0,0.0,27.11303,0.0,0.0,0.0,0.0
13387,0.0,0.0,0.0,26.8919937,0.0,0.0,0.0,0.0
13388,0.0,0.0,0.0,26.5361614,0.0,0.0,0.0,0.0
13389,0.0,0.0,0.0,26.0379339,0.0,0.0,0.0,0.0
13390,0.0,0.0,0.0,25.3883823,0.0,0.0,0.0,0.0
13391,0.0,0.0,0.0,24.6018378,0.0,0.0,0.0,0.0
13392,0.0,0.0,0.0,23.6854333,0.0,0.0,0.0,0.0
13393,0.0,0.0,0.0,22.4841006,0.0,0.0,0.0,0.0
13394,0.0,0.0,0.0,20.9023724,0.0,0.0,0.0,0.0
13395,0.0,0.0,0.0,19.8649141,0.0,0.0,0.0,0.0
13396,0.0,0.0,0.0,19.7244474,0.0,0.0,0.0,0.0
13397,0.0,0.0,0.0,14.3398563,0.0,0.0,0.0,0.0
13398,0.0,0.0,0.0,2.43748084,0.0,0.0,0.0,0.0
13399,0.0,0.0,0.0,3.65831342,0.0,0.0,0.0,0.0
13400,30.0,0.0,0.0,30.0,0.0,0.0,0.0,0.0
13401,30.0,0.0,0.0,30.0,0.0,0.0,0.0,0.0
13402,30.0,0.0,0.0,30.0,0.0,0.0,0.0,0.0
13403,30.0,0.0,0.0,30.0,0.0,0.0,0.0,0.0
13404,30.0,0.0,0.0,30.0,0.0,0.0,0.0,0.0
13405,30.0,0.0,0.0,30.0,0.0,0.0,0.0,0.0
13406,30.0,0.0,0.0,30.0,0.0,0.0,0.0,0.0
13407,17.4433495,0.0,0.0,30.0,0.0,0.0,0.0,0.0
13408,14.0733843,0.0,0.0,30.0,0.0,0.0,0.0,0.0
13409,19.6867302,0.0,0.0,30.0,0.0,0.0,0.0,0.0
13410,22.6703844,0.0,0.0,30.0,0.0,0.0,0.0,0.0
13411,20.6659028,0.0,0.0,30.0,0.0,0.0,0.0,0.0
13412,20.2527425,0.0,0.0,30.0,0.0,0.0,0.0,0.0
13413,22.9412901,0.0,0.0,30.0,0.0,0.0,0.0,0.0
13414,27.0508486,0.0,0.0,30.0,0.0,0.0,0.0,0.0
13415,30.0,0.0,0.0,30.0,0.0,0.0,0.0,0.0
13416,30.0,0.0,0.0,30.0,0.0,0.0,0.0,0.0
13417,30.0,0.0,0.0,30.0,0.0,0.0,0.0,0.0
13418,30.0,0.0,0.0,30.0,0.0,0.0,0.0,0.0
13419,30.0,0.0,0.0,30.0,0.0,0.0,0.0,0.0
13420,28.3494156,0.0,0.0,30.0,0.0,0.0,0.0,0.0
13421,28.1294247,0.0,0.0,30.0,0.0,0.0,0.0,0.0
13422,28.3890127,0.0,0.0,30.0,0.0,0.0,0.0,0.0
13423,28.0294322,0.0,0.0,30.0,0.0,0.0,0.0,0.0
13424,28.0096179,0.0,0.0,30.0,0.0,0.0,0.0,0.0
13425,28.0932507,0.0,0.0,30.0,0.0,0.0,0.0,0.0
13426,28.1057736,0.0,0.0,30.0,0.0,0.0,0.0,0.0
13427,28.0981793,0.0,0.0,30.0,0.0,0.0,0.0,0.0
13428,28.1046207,0.0,0.0,30.0,0.0,0.0,0.0,0.0
13429,28.1141478,0.0,0.0,30.0,0.0,0.0,0.0,0.0
13430,28.1201638,0.0,0.0,30.0,0.0,0.0,0.0,0.0
13431,28.1250631,0.0,0.0,30.0,0.0,0.0,0.0,0.0
13432,28.1301667,0.0,0.0,30.0,0.0,0.0,0.0,0.0
13433,28.1350041,0.0,0.0,30.0,0.0,0.0,0.0,0.0
13434,28.139356,0.0,0.0,30.0,0.0,0.0,0.0,0.0
13435,28.143356,0.0,0.0,30.0,0.0,0.0,0.0,0.0
13436,28.1470771,0.0,0.0,30.0,0.0,0.0,0.0,0.0
13437,28.15052,0.0,0.0,30.0,0.0,0.0,0.0,0.0
13438,28.1536968,0.0,0.0,30.0,0.0,0.0,0.0,0.0
13439,28.1566321,0.0,0.0,30.0,0.0,0.0,0.0,0.0
13440,28.1593459,0.0,0.0,30.0,0.0,0.0,0.0,0.0
13441,28.1618541,0.0,0.0,30.0,0.0,0.0,0.0,0.0
13442,28.1641721,0.0,0.0,30.0,0.0,0.0,0.0,0.0
13443,28.1663144,0.0,0.0,30.0,0.0,0.0,0.0,0.0
13444,28.1682945,0.0,0.0,30.0,0.0,0.0,0.0,0.0
13445,28.1701246,0.0,0.0,30.0,0.0,0.0,0.0,0.0
13446,28.1718161,0.0,0.0,30.0,0.0,0.0,0.0,0.0
13447,28.1733796,0.0,0.0,30.0,0.0,0.0,0.0,0.0
13448,28.1748248,0.0,0.0,30.0,0.0,0.0,0.0,0.0
13449,28.1761606,0.0,0.0,30.0,0.0,0.0,0.0,0.0
13450,28.1773955,0.0,0.0,30.0,0.0,0.0,0.0,0.0
13451,28.1785372,0.0,0.0,30.0,0.0,0.0,0.0,0.0
13452,28.1795926,0.0,0.0,30.0,0.0,0.0,0.0,0.0
13453,28.1805684,0.0,0.0,30.0,0.0,0.0,0.0,0.0
13454,28.1814706,0.0,0.0,30.0,0.0,0.0,0.0,0.0
13455,28.182305,0.0,0.0,30.0,0.0,0.0,0.0,0.0
13456,28.1830766,0.0,0.0,30.0,0.0,0.0,0.0,0.0
13457,28.1837903,0.0,0.0,30.0,0.0,0.0,0.0,0.0
13458,28.1844505,0.0,0.0,30.0,0.0,0.0,0.0,0.0
13459,28.1850613,0.0,0.0,30.0,0.0,0.0,0.0,0.0
13460,28.1856266,0.0,0.0,30.0,0.0,0.0,0.0,0.0
13461,28.1861498,0.0,0.0,30.0,0.0,0.0,0.0,0.0
13462,28.1866343,0.0,0.0,30.0,0.0,0.0,0.0,0.0
13463,28.1870829,0.0,0.0,30.0,0.0,0.0,0.0,0.0
13464,28.1874986,0.0,0.0,30.0,0.0,0.0,0.0,0.0
13465,28.1878839,0.0,0.0,30.0,0.0,0.0,0.0,0.0
13466,28.1882412,0.0,0.0,30.0,0.0,0.0,0.0,0.0
13467,28.1885728,0.0,0.0,30.0,0.0,0.0,0.0,0.0
13468,28.1888806,0.0,0.0,30.0,0.0,0.0,0.0,0.0
13469,28.1891666,0.0,0.0,30.0,0.0,0.0,0.0,0.0
13470,28.1894327,0.0,0.0,30.0,0.0,0.0,0.0,0.0
13471,28.1896803,0.0,0.0,30.0,0.0,0.0,0.0,0.0
13472,28.1899112,0.0,0.0,30.0,0.0,0.0,0.0,0.0
13473,28.1901267,0.0,0.0,30.0,0.0,0.0,0.0,0.0
13474,28.1903282,0.0,0.0,30.0,0.0,0.0,0.0,0.0
13475,28.1905169,0.0,0.0,30.0,0.0,0.0,0.0,0.0
13476,28.190694,0.0,0.0,30.0,0.0,0.0,0.0,0.0
13477,28.1908605,0.0,0.0,30.0,0.0,0.0,0.0,0.0
13478,28.1910177,0.0,0.0,30.0,0.0,0.0,0.0,0.0
13479,28.1911663,0.0,0.0,30.0,0.0,0.0,0.0,0.0
13480,28.1913074,0.0,0.0,30.0,0.0,0.0,0.0,0.0
13481,28.1914418,0.0,0.0,30.0,0.0,0.0,0.0,0.0
13482,28.1915703,0.0,0.0,30.0,0.0,0.0,0.0,0.0
13483,28.1916938,0.0,0.0,30.0,0.0,0.0,0.0,0.0
13484,28.1918131,0.0,0.0,30.0,0.0,0.0,0.0,0.0
13485,28.1919288,0.0,0.0,30.0,0.0,0.0,0.0,0.0
13486,28.1920417,0.0,0.0,30.0,0.0,0.0,0.0,0.0
13487,28.1921524,0.0,0.0,30.0,0.0,0.0,0.0,0.0
13488,28.1922618,0.0,0.0,30.0,0.0,0.0,0.0,0.0
13489,28.1923704,0.0,0.0,30.0,0.0,0.0,0.0,0.0
13490,28.192479,0.0,0.0,30.0,0.0,0.0,0.0,0.0
13491,28.1925881,0.0,0.0,30.0,0.0,0.0,0.0,0.0
13492,28.1926986,0.0,0.0,30.0,0.0,0.0,0.0,0.0
13493,28.192811,0.0,0.0,30.0,0.0,0.0,0.0,0.0
13494,28.1929261,0.0,0.0,30.0,0.0,0.0,0.0,0.0
13495,28.1930446,0.0,0.0,30.0,0.0,0.0,0.0,0.0
13496,28.1931673,0.0,0.0,30.0,0.0,0.0,0.0,0.0
13497,28.1932948,0.0,0.0,30.0,0.0,0.0,0.0,0.0
13498,28.193428,0.0,0.0,30.0,0.0,0.0,0.0,0.0
13499,28.1935678,0.0,0.0,30.0,0.0,0.0,0.0,0.0
13500,28.1937149,0.0,0.0,30.0,0.0,0.0,0.0,0.0
13501,28.1938703,0.0,0.0,30.0,0.0,0.0,0.0,0.0
13502,28.1940351,0.0,0.0,30.0,0.0,0.0,0.0,0.0
13503,28.1942101,0.0,0.0,30.0,0.0,0.0,0.0,0.0
13504,28.1943965,0.0,0.0,30.0,0.0,0.0,0.0,0.0
13505,28.1945955,0.0,0.0,30.0,0.0,0.0,0.0,0.0
13506,28.1948082,0.0,0.0,30.0,0.0,0.0,0.0,0.0
13507,28.1950361,0.0,0.0,30.0,0.0,0.0,0.0,0.0
13508,28.1952805,0.0,0.0,30.0,0.0,0.0,0.0,0.0
13509,28.1955429,0.0,0.0,30.0,0.0,0.0,0.0,0.0
13510,28.1958251,0.0,0.0,30.0,0.0,0.0,0.0,0.0
13511,28.1961287,0.0,0.0,30.0,0.0,0.0,0.0,0.0
13512,28.1964556,0.0,0.0,30.0,0.0,0.0,0.0,0.0
13513,28.1968079,0.0,0.0,30.0,0.0,0.0,0.0,0.0
13514,28.1971878,0.0,0.0,30.0,0.0,0.0,0.0,0.0
13515,28.1975976,0.0,0.0,30.0,0.0,0.0,0.0,0.0
13516,28.1980399,0.0,0.0,30.0,0.0,0.0,0.0,0.0
13517,28.1985175,0.0,0.0,30.0,0.0,0.0,0.0,0.0
13518,28.1990332,0.0,0.0,30.0,0.0,0.0,0.0,0.0
13519,28.1995904,0.0,0.0,30.0,0.0,0.0,0.0,0.0
13520,28.2001925,0.0,0.0,30.0,0.0,0.0,0.0,0.0
13521,28.2008432,0.0,0.0,30.0,0.0,0.0,0.0,0.0
13522,28.2015466,0.0,0.0,30.0,0.0,0.0,0.0,0.0
13523,28.2023072,0.0,0.0,30.0,0.0,0.0,0.0,0.0
13524,28.2031295,0.0,0.0,30.0,0.0,0.0,0.0,0.0
13525,28.2040188,0.0,0.0,30.0,0.0,0.0,0.0,0.0
13526,28.2049805,0.0,0.0,30.0,0.0,0.0,0.0,0.0
13527,28.2060207,0.0,0.0,30.0,0.0,0.0,0.0,0.0
13528,28.2071459,0.0,0.0,30.0,0.0,0.0,0.0,0.0
13529,28.208363,0.0,0.0,30.0,0.0,0.0,0.0,0.0
13530,28.2096796,0.0,0.0,30.0,0.0,0.0,0.0,0.0
13531,28.211104,0.0,0.0,30.0,0.0,0.0,0.0,0.0
13532,28.212645,0.0,0.0,30.0,0.0,0.0,0.0,0.0
13533,28.2143121,0.0,0.0,30.0,0.0,0.0,0.0,0.0
13534,28.2161159,0.0,0.0,30.0,0.0,0.0,0.0,0.0
13535,28.2180675,0.0,0.0,30.0,0.0,0.0,0.0,0.0
13536,28.220179,0.0,0.0,30.0,0.0,0.0,0.0,0.0
13537,28.2224636,0.0,0.0,30.0,0.0,0.0,0.0,0.0
13538,28.2249356,0.0,0.0,30.0,0.0,0.0,0.0,0.0
13539,28.2276103,0.0,0.0,30.0,0.0,0.0,0.0,0.0
13540,28.2305045,0.0,0.0,30.0,0.0,0.0,0.0,0.0
13541,28.233636,0.0,0.0,30.0,0.0,0.0,0.0,0.0
13542,28.2370244,0.0,0.0,30.0,0.0,0.0,0.0,0.0
13543,28.2406909,0.0,0.0,30.0,0.0,0.0,0.0,0.0
13544,28.2446583,0.0,0.0,30.0,0.0,0.0,0.0,0.0
13545,28.2489511,0.0,0.0,30.0,0.0,0.0,0.0,0.0
13546,28.2535963,0.0,0.0,30.0,0.0,0.0,0.0,0.0
13547,28.2586227,0.0,0.0,30.0,0.0,0.0,0.0,0.0
13548,28.2640616,0.0,0.0,30.0,0.0,0.0,0.0,0.0
13549,28.2699469,0.0,0.0,30.0,0.0,0.0,0.0,0.0
13550,28.2763153,0.0,0.0,30.0,0.0,0.0,0.0,0.0
13551,28.2832063,0.0,0.0,30.0,0.0,0.0,0.0,0.0
13552,28.290663,0.0,0.0,30.0,0.0,0.0,0.0,0.0
13553,28.2987317,0.0,0.0,30.0,0.0,0.0,0.0,0.0
13554,28.3074627,0.0,0.0,30.0,0.0,0.0,0.0,0.0
13555,28.3169103,0.0,0.0,30.0,0.0,0.0,0.0,0.0
13556,28.3271334,0.0,0.0,30.0,0.0,0.0,0.0,0.0
13557,28.3381957,0.0,0.0,30.0,0.0,0.0,0.0,0.0
13558,28.3501661,0.0,0.0,30.0,0.0,0.0,0.0,0.0
13559,28.363119,0.0,0.0,30.0,0.0,0.0,0.0,0.0
13560,28.3771351,0.0,0.0,30.0,0.0,0.0,0.0,0.0
13561,28.3923018,0.0,0.0,30.0,0.0,0.0,0.0,0.0
13562,28.4087135,0.0,0.0,30.0,0.0,0.0,0.0,0.0
13563,28.4264723,0.0,0.0,30.0,0.0,0.0,0.0,0.0
13564,28.4456889,0.0,0.0,30.0,0.0,0.0,0.0,0.0
13565,28.4664829,0.0,0.0,30.0,0.0,0.0,0.0,0.0
13566,28.4889837,0.0,0.0,30.0,0.0,0.0,0.0,0.0
13567,28.5133319,0.0,0.0,30.0,0.0,0.0,0.0,0.0
13568,28.5396789,0.0,0.0,30.0,0.0,0.0,0.0,0.0
13569,28.568187,0.0,0.0,30.0,0.0,0.0,0.0,0.0
13570,28.5990346,0.0,0.0,30.0,0.0,0.0,0.0,0.0
13571,28.6324226,0.0,0.0,30.0,0.0,0.0,0.0,0.0
13572,28.6685535,0.0,0.0,30.0,0.0,0.0,0.0,0.0
13573,28.7076099,0.0,0.0,30.0,0.0,0.0,0.0,0.0
13574,28.749865,0.0,0.0,30.0,0.0,0.0,0.0,0.0
13575,28.7957905,0.0,0.0,30.0,0.0,0.0,0.0,0.0
13576,28.8455007,0.0,0.0,30.0,0.0,0.0,0.0,0.0
13577,28.8982881,0.0,0.0,30.0,0.0,0.0,0.0,0.0
13578,28.9554418,0.0,0.0,30.0,0.0,0.0,0.0,0.0
13579,29.0222632,0.0,0.0,30.0,0.0,0.0,0.0,0.0
13580,29.0938771,0.0,0.0,30.0,0.0,0.0,0.0,0.0
13581,29.1467463,0.0,0.0,30.0,0.0,0.0,0.0,0.0
13582,29.2100067,0.0,0.0,30.0,0.0,0.0,0.0,0.0
13583,29.4000234,0.0,0.0,30.0,0.0,0.0,0.0,0.0
13584,29.5627602,0.0,0.0,30.0,0.0,0.0,0.0,0.0
13585,29.1382358,0.0,0.0,30.0,0.0,0.0,0.0,0.0
13586,29.0148351,0.0,0.0,30.0,0.0,0.0,0.0,0.0
13587,29.9065164,0.0,0.0,30.0,0.0,0.0,0.0,0.0
13588,30.0,0.0,0.0,30.0,0.0,0.0,0.0,0.0
13589,30.0,0.0,0.0,30.0,0.0,0.0,0.0,0.0
13590,23.8910987,0.0,0.0,30.0,0.0,0.0,0.0,0.0
13591,23.6889103,0.0,0.0,30.0,0.0,0.0,0.0,0.0
13592,0.0,0.0,0.0,0.0,0.0,0.0,0.0,0.0
13593,30.0,0.0,0.0,3.96614481,0.0,0.0,0.0,0.0
13594,21.2353257,0.0,0.0,8.89237594,0.0,0.0,0.0,0.0
13595,0.0,0.0,0.0,16.2064358,0.0,0.0,0.0,0.0
13596,0.0,0.0,0.0,21.2830735,0.0,0.0,0.0,0.0
13597,0.0,0.0,0.0,22.6533876,0.0,0.0,0.0,0.0
13598,0.0,0.0,0.0,23.0460551,0.0,0.0,0.0,0.0
13599,0.0,0.0,0.0,23.828691,0.0,0.0,0.0,0.0
13600,0.0,0.0,0.0,24.5474817,0.0,0.0,0.0,0.0
13601,0.0,0.0,0.0,25.0114795,0.0,0.0,0.0,0.0
13602,0.0,0.0,0.0,25.3032495,0.0,0.0,0.0,0.0
13603,0.0,0.0,0.0,25.4551974,0.0,0.0,0.0,0.0
13604,0.0,0.0,0.0,25.456262,0.0,0.0,0.0,0.0
13605,0.0,0.0,0.0,25.302067,0.0,0.0,0.0,0.0
13606,0.0,0.0,0.0,24.9937423,0.0,0.0,0.0,0.0
13607,0.0,0.0,0.0,24.5295942,0.0,0.0,0.0,0.0
13608,0.0,0.0,0.0,23.8980444,0.0,0.0,0.0,0.0
13609,0.0,0.0,0.0,23.0838893,0.0,0.0,0.0,0.0
13610,0.0,0.0,0.0,22.1161125,0.0,0.0,0.0,0.0
13611,0.0,0.0,0.0,21.0263701,0.0,0.0,0.0,0.0
13612,0.0,0.0,0.0,19.5464488,0.0,0.0,0.0,0.0
13613,0.0,0.0,0.0,17.4247227,0.0,0.0,0.0,0.0
13614,0.0,0.0,0.0,16.3211561,0.0,0.0,0.0,0.0
13615,0.0,0.0,0.0,17.4294996,0.0,0.0,0.0,0.0
13616,0.0,0.0,0.0,13.1226371,0.0,0.0,0.0,0.0
13617,0.0,0.0,0.0,0.0,0.0,0.0,0.0,0.0
13618,0.0,0.0,0.0,0.0,0.0,0.0,0.0,0.0
13619,0.0,0.0,0.0,0.0,0.0,0.0,0.0,0.0
13620,30.0,0.0,0.0,30.0,0.0,0.0,0.0,0.0
13621,30.0,0.0,0.0,30.0,0.0,0.0,0.0,0.0
13622,30.0,0.0,0.0,30.0,0.0,0.0,0.0,0.0
13623,30.0,0.0,0.0,30.0,0.0,0.0,0.0,0.0
13624,30.0,0.0,0.0,30.0,0.0,0.0,0.0,0.0
13625,30.0,0.0,0.0,30.0,0.0,0.0,0.0,0.0
13626,30.0,0.0,0.0,30.0,0.0,0.0,0.0,0.0
13627,30.0,0.0,0.0,30.0,0.0,0.0,0.0,0.0
13628,26.3706323,0.0,0.0,30.0,0.0,0.0,0.0,0.0
13629,21.3760711,0.0,0.0,30.0,0.0,0.0,0.0,0.0
13630,22.2628093,0.0,0.0,30.0,0.0,0.0,0.0,0.0
13631,26.4922307,0.0,0.0,30.0,0.0,0.0,0.0,0.0
13632,18.196877,0.0,0.0,30.0,0.0,0.0,0.0,0.0
13633,18.1316768,0.0,0.0,30.0,0.0,0.0,0.0,0.0
13634,28.1178562,0.0,0.0,30.0,0.0,0.0,0.0,0.0
13635,30.0,0.0,0.0,30.0,0.0,0.0,0.0,0.0
13636,30.0,0.0,0.0,30.0,0.0,0.0,0.0,0.0
13637,30.0,0.0,0.0,30.0,0.0,0.0,0.0,0.0
13638,30.0,0.0,0.0,30.0,0.0,0.0,0.0,0.0
13639,30.0,0.0,0.0,30.0,0.0,0.0,0.0,0.0
13640,28.4454687,0.0,0.0,30.0,0.0,0.0,0.0,0.0
13641,28.1778277,0.0,0.0,30.0,0.0,0.0,0.0,0.0
13642,28.3437775,0.0,0.0,30.0,0.0,0.0,0.0,0.0
13643,28.1119474,0.0,0.0,30.0,0.0,0.0,0.0,0.0
13644,28.0978062,0.0,0.0,30.0,0.0,0.0,0.0,0.0
13645,28.1495548,0.0,0.0,30.0,0.0,0.0,0.0,0.0
13646,28.1559375,0.0,0.0,30.0,0.0,0.0,0.0,0.0
13647,28.1496542,0.0,0.0,30.0,0.0,0.0,0.0,0.0
13648,28.152458,0.0,0.0,30.0,0.0,0.0,0.0,0.0
13649,28.1573196,0.0,0.0,30.0,0.0,0.0,0.0,0.0
13650,28.160029,0.0,0.0,30.0,0.0,0.0,0.0,0.0
13651,28.1621137,0.0,0.0,30.0,0.0,0.0,0.0,0.0
13652,28.1644086,0.0,0.0,30.0,0.0,0.0,0.0,0.0
13653,28.1666061,0.0,0.0,30.0,0.0,0.0,0.0,0.0
13654,28.1685612,0.0,0.0,30.0,0.0,0.0,0.0,0.0
13655,28.1703543,0.0,0.0,30.0,0.0,0.0,0.0,0.0
13656,28.172027,0.0,0.0,30.0,0.0,0.0,0.0,0.0
13657,28.1735755,0.0,0.0,30.0,0.0,0.0,0.0,0.0
13658,28.1750034,0.0,0.0,30.0,0.0,0.0,0.0,0.0
13659,28.1763228,0.0,0.0,30.0,0.0,0.0,0.0,0.0
13660,28.1775428,0.0,0.0,30.0,0.0,0.0,0.0,0.0
13661,28.1786706,0.0,0.0,30.0,0.0,0.0,0.0,0.0
13662,28.1797129,0.0,0.0,30.0,0.0,0.0,0.0,0.0
13663,28.1806763,0.0,0.0,30.0,0.0,0.0,0.0,0.0
13664,28.1815669,0.0,0.0,30.0,0.0,0.0,0.0,0.0
13665,28.1823902,0.0,0.0,30.0,0.0,0.0,0.0,0.0
13666,28.1831512,0.0,0.0,30.0,0.0,0.0,0.0,0.0
13667,28.1838548,0.0,0.0,30.0,0.0,0.0,0.0,0.0
13668,28.1845054,0.0,0.0,30.0,0.0,0.0,0.0,0.0
13669,28.1851069,0.0,0.0,30.0,0.0,0.0,0.0,0.0
13670,28.1856631,0.0,0.0,30.0,0.0,0.0,0.0,0.0
13671,28.1861776,0.0,0.0,30.0,0.0,0.0,0.0,0.0
13672,28.1866534,0.0,0.0,30.0,0.0,0.0,0.0,0.0
13673,28.1870936,0.0,0.0,30.0,0.0,0.0,0.0,0.0
13674,28.1875008,0.0,0.0,30.0,0.0,0.0,0.0,0.0
13675,28.1878777,0.0,0.0,30.0,0.0,0.0,0.0,0.0
13676,28.1882266,0.0,0.0,30.0,0.0,0.0,0.0,0.0
13677,28.1885496,0.0,0.0,30.0,0.0,0.0,0.0,0.0
13678,28.1888488,0.0,0.0,30.0,0.0,0.0,0.0,0.0
13679,28.189126,0.0,0.0,30.0,0.0,0.0,0.0,0.0
13680,28.1893829,0.0,0.0,30.0,0.0,0.0,0.0,0.0
13681,28.1896212,0.0,0.0,30.0,0.0,0.0,0.0,0.0
13682,28.1898423,0.0,0.0,30.0,0.0,0.0,0.0,0.0
13683,28.1900476,0.0,0.0,30.0,0.0,0.0,0.0,0.0
13684,28.1902384,0.0,0.0,30.0,0.0,0.0,0.0,0.0
13685,28.1904158,0.0,0.0,30.0,0.0,0.0,0.0,0.0
13686,28.1905811,0.0,0.0,30.0,0.0,0.0,0.0,0.0
13687,28.1907351,0.0,0.0,30.0,0.0,0.0,0.0,0.0
13688,28.1908789,0.0,0.0,30.0,0.0,0.0,0.0,0.0
13689,28.1910133,0.0,0.0,30.0,0.0,0.0,0.0,0.0
13690,28.1911393,0.0,0.0,30.0,0.0,0.0,0.0,0.0
13691,28.1912575,0.0,0.0,30.0,0.0,0.0,0.0,0.0
13692,28.1913687,0.0,0.0,30.0,0.0,0.0,0.0,0.0
13693,28.1914737,0.0,0.0,30.0,0.0,0.0,0.0,0.0
13694,28.1915729,0.0,0.0,30.0,0.0,0.0,0.0,0.0
13695,28.1916672,0.0,0.0,30.0,0.0,0.0,0.0,0.0
13696,28.191757,0.0,0.0,30.0,0.0,0.0,0.0,0.0
13697,28.191843,0.0,0.0,30.0,0.0,0.0,0.0,0.0
13698,28.1919256,0.0,0.0,30.0,0.0,0.0,0.0,0.0
13699,28.1920053,0.0,0.0,30.0,0.0,0.0,0.0,0.0
13700,28.1920828,0.0,0.0,30.0,0.0,0.0,0.0,0.0
13701,28.1921584,0.0,0.0,30.0,0.0,0.0,0.0,0.0
13702,28.1922325,0.0,0.0,30.0,0.0,0.0,0.0,0.0
13703,28.1923058,0.0,0.0,30.0,0.0,0.0,0.0,0.0
13704,28.1923786,0.0,0.0,30.0,0.0,0.0,0.0,0.0
13705,28.1924514,0.0,0.0,30.0,0.0,0.0,0.0,0.0
13706,28.1925247,0.0,0.0,30.0,0.0,0.0,0.0,0.0
13707,28.1925988,0.0,0.0,30.0,0.0,0.0,0.0,0.0
13708,28.1926743,0.0,0.0,30.0,0.0,0.0,0.0,0.0
13709,28.1927516,0.0,0.0,30.0,0.0,0.0,0.0,0.0
13710,28.1928313,0.0,0.0,30.0,0.0,0.0,0.0,0.0
13711,28.1929137,0.0,0.0,30.0,0.0,0.0,0.0,0.0
13712,28.1929994,0.0,0.0,30.0,0.0,0.0,0.0,0.0
13713,28.193089,0.0,0.0,30.0,0.0,0.0,0.0,0.0
13714,28.1931831,0.0,0.0,30.0,0.0,0.0,0.0,0.0
13715,28.1932821,0.0,0.0,30.0,0.0,0.0,0.0,0.0
13716,28.1933867,0.0,0.0,30.0,0.0,0.0,0.0,0.0
13717,28.1934976,0.0,0.0,30.0,0.0,0.0,0.0,0.0
13718,28.1936154,0.0,0.0,30.0,0.0,0.0,0.0,0.0
13719,28.193741,0.0,0.0,30.0,0.0,0.0,0.0,0.0
13720,28.193875,0.0,0.0,30.0,0.0,0.0,0.0,0.0
13721,28.1940183,0.0,0.0,30.0,0.0,0.0,0.0,0.0
13722,28.1941718,0.0,0.0,30.0,0.0,0.0,0.0,0.0
13723,28.1943364,0.0,0.0,30.0,0.0,0.0,0.0,0.0
13724,28.1945132,0.0,0.0,30.0,0.0,0.0,0.0,0.0
13725,28.1947033,0.0,0.0,30.0,0.0,0.0,0.0,0.0
13726,28.1949079,0.0,0.0,30.0,0.0,0.0,0.0,0.0
13727,28.1951282,0.0,0.0,30.0,0.0,0.0,0.0,0.0
13728,28.1953656,0.0,0.0,30.0,0.0,0.0,0.0,0.0
13729,28.1956216,0.0,0.0,30.0,0.0,0.0,0.0,0.0
13730,28.1958978,0.0,0.0,30.0,0.0,0.0,0.0,0.0
13731,28.1961959,0.0,0.0,30.0,0.0,0.0,0.0,0.0
13732,28.1965177,0.0,0.0,30.0,0.0,0.0,0.0,0.0
13733,28.1968653,0.0,0.0,30.0,0.0,0.0,0.0,0.0
13734,28.1972408,0.0,0.0,30.0,0.0,0.0,0.0,0.0
13735,28.1976466,0.0,0.0,30.0,0.0,0.0,0.0,0.0
13736,28.1980852,0.0,0.0,30.0,0.0,0.0,0.0,0.0
13737,28.1985593,0.0,0.0,30.0,0.0,0.0,0.0,0.0
13738,28.1990719,0.0,0.0,30.0,0.0,0.0,0.0,0.0
13739,28.1996261,0.0,0.0,30.0,0.0,0.0,0.0,0.0
13740,28.2002255,0.0,0.0,30.0,0.0,0.0,0.0,0.0
13741,28.2008737,0.0,0.0,30.0,0.0,0.0,0.0,0.0
13742,28.2015749,0.0,0.0,30.0,0.0,0.0,0.0,0.0
13743,28.2023332,0.0,0.0,30.0,0.0,0.0,0.0,0.0
13744,28.2031536,0.0,0.0,30.0,0.0,0.0,0.0,0.0
13745,28.204041,0.0,0.0,30.0,0.0,0.0,0.0,0.0
13746,28.2050011,0.0,0.0,30.0,0.0,0.0,0.0,0.0
13747,28.2060397,0.0,0.0,30.0,0.0,0.0,0.0,0.0
13748,28.2071635,0.0,0.0,30.0,0.0,0.0,0.0,0.0
13749,28.2083792,0.0,0.0,30.0,0.0,0.0,0.0,0.0
13750,28.2096946,0.0,0.0,30.0,0.0,0.0,0.0,0.0
13751,28.2111179,0.0,0.0,30.0,0.0,0.0,0.0,0.0
13752,28.2126578,0.0,0.0,30.0,0.0,0.0,0.0,0.0
13753,28.214324,0.0,0.0,30.0,0.0,0.0,0.0,0.0
13754,28.2161268,0.0,0.0,30.0,0.0,0.0,0.0,0.0
13755,28.2180776,0.0,0.0,30.0,0.0,0.0,0.0,0.0
13756,28.2201883,0.0,0.0,30.0,0.0,0.0,0.0,0.0
13757,28.2224723,0.0,0.0,30.0,0.0,0.0,0.0,0.0
13758,28.2249436,0.0,0.0,30.0,0.0,0.0,0.0,0.0
13759,28.2276177,0.0,0.0,30.0,0.0,0.0,0.0,0.0
13760,28.2305113,0.0,0.0,30.0,0.0,0.0,0.0,0.0
13761,28.2336423,0.0,0.0,30.0,0.0,0.0,0.0,0.0
13762,28.2370303,0.0,0.0,30.0,0.0,0.0,0.0,0.0
13763,28.2406963,0.0,0.0,30.0,0.0,0.0,0.0,0.0
13764,28.2446632,0.0,0.0,30.0,0.0,0.0,0.0,0.0
13765,28.2489557,0.0,0.0,30.0,0.0,0.0,0.0,0.0
13766,28.2536006,0.0,0.0,30.0,0.0,0.0,0.0,0.0
13767,28.2586266,0.0,0.0,30.0,0.0,0.0,0.0,0.0
13768,28.2640653,0.0,0.0,30.0,0.0,0.0,0.0,0.0
13769,28.2699503,0.0,0.0,30.0,0.0,0.0,0.0,0.0
13770,28.2763184,0.0,0.0,30.0,0.0,0.0,0.0,0.0
13771,28.2832092,0.0,0.0,30.0,0.0,0.0,0.0,0.0
13772,28.2906656,0.0,0.0,30.0,0.0,0.0,0.0,0.0
13773,28.2987341,0.0,0.0,30.0,0.0,0.0,0.0,0.0
13774,28.3074649,0.0,0.0,30.0,0.0,0.0,0.0,0.0
13775,28.3169124,0.0,0.0,30.0,0.0,0.0,0.0,0.0
13776,28.3271354,0.0,0.0,30.0,0.0,0.0,0.0,0.0
13777,28.3381975,0.0,0.0,30.0,0.0,0.0,0.0,0.0
13778,28.3501677,0.0,0.0,30.0,0.0,0.0,0.0,0.0
13779,28.3631205,0.0,0.0,30.0,0.0,0.0,0.0,0.0
13780,28.3771365,0.0,0.0,30.0,0.0,0.0,0.0,0.0
13781,28.3923031,0.0,0.0,30.0,0.0,0.0,0.0,0.0
13782,28.4087147,0.0,0.0,30.0,0.0,0.0,0.0,0.0
13783,28.4264734,0.0,0.0,30.0,0.0,0.0,0.0,0.0
13784,28.4456899,0.0,0.0,30.0,0.0,0.0,0.0,0.0
13785,28.4664838,0.0,0.0,30.0,0.0,0.0,0.0,0.0
13786,28.4889846,0.0,0.0,30.0,0.0,0.0,0.0,0.0
13787,28.5133327,0.0,0.0,30.0,0.0,0.0,0.0,0.0
13788,28.5396796,0.0,0.0,30.0,0.0,0.0,0.0,0.0
13789,28.5681877,0.0,0.0,30.0,0.0,0.0,0.0,0.0
13790,28.5990353,0.0,0.0,30.0,0.0,0.0,0.0,0.0
13791,28.6324232,0.0,0.0,30.0,0.0,0.0,0.0,0.0
13792,28.6685541,0.0,0.0,30.0,0.0,0.0,0.0,0.0
13793,28.7076104,0.0,0.0,30.0,0.0,0.0,0.0,0.0
13794,28.7498654,0.0,0.0,30.0,0.0,0.0,0.0,0.0
13795,28.7957909,0.0,0.0,30.0,0.0,0.0,0.0,0.0
13796,28.8455011,0.0,0.0,30.0,0.0,0.0,0.0,0.0
13797,28.8982884,0.0,0.0,30.0,0.0,0.0,0.0,0.0
13798,28.9554422,0.0,0.0,30.0,0.0,0.0,0.0,0.0
13799,29.0222635,0.0,0.0,30.0,0.0,0.0,0.0,0.0
13800,29.0938774,0.0,0.0,30.0,0.0,0.0,0.0,0.0
13801,29.1467465,0.0,0.0,30.0,0.0,0.0,0.0,0.0
13802,29.2100069,0.0,0.0,30.0,0.0,0.0,0.0,0.0
13803,29.4000236,0.0,0.0,30.0,0.0,0.0,0.0,0.0
13804,29.5627604,0.0,0.0,30.0,0.0,0.0,0.0,0.0
13805,29.138236,0.0,0.0,30.0,0.0,0.0,0.0,0.0
13806,29.0148353,0.0,0.0,30.0,0.0,0.0,0.0,0.0
13807,29.9065165,0.0,0.0,30.0,0.0,0.0,0.0,0.0
13808,30.0,0.0,0.0,30.0,0.0,0.0,0.0,0.0
13809,30.0,0.0,0.0,30.0,0.0,0.0,0.0,0.0
13810,23.8910993,0.0,0.0,30.0,0.0,0.0,0.0,0.0
13811,23.6889107,0.0,0.0,30.0,0.0,0.0,0.0,0.0
13812,0.0,0.0,0.0,0.0,0.0,0.0,0.0,0.0
13813,30.0,0.0,0.0,4.91746217,0.0,0.0,0.0,0.0
13814,30.0,0.0,0.0,7.02734753,0.0,0.0,0.0,0.0
13815,0.0,0.0,0.0,17.7123086,0.0,0.0,0.0,0.0
13816,0.0,0.0,0.0,23.2690326,0.0,0.0,0.0,0.0
13817,0.0,0.0,0.0,24.9543813,0.0,0.0,0.0,0.0
13818,0.0,0.0,0.0,25.6476614,0.0,0.0,0.0,0.0
13819,0.0,0.0,0.0,26.7895881,0.0,0.0,0.0,0.0
13820,0.0,0.0,0.0,27.8833453,0.0,0.0,0.0,0.0
13821,0.0,0.0,0.0,28.7946574,0.0,0.0,0.0,0.0
13822,0.0,0.0,0.0,29.5475471,0.0,0.0,0.0,0.0
13823,0.245962814,0.0,0.0,30.0,0.0,0.0,0.0,0.0
13824,1.82204195,0.0,0.0,30.0,0.0,0.0,0.0,0.0
13825,3.26785546,0.0,0.0,30.0,0.0,0.0,0.0,0.0
13826,4.42209102,0.0,0.0,30.0,0.0,0.0,0.0,0.0
13827,5.48665639,0.0,0.0,30.0,0.0,0.0,0.0,0.0
13828,6.43194524,0.0,0.0,30.0,0.0,0.0,0.0,0.0
13829,7.22820961,0.0,0.0,30.0,0.0,0.0,0.0,0.0
13830,7.90083332,0.0,0.0,30.0,0.0,0.0,0.0,0.0
13831,8.45522311,0.0,0.0,30.0,0.0,0.0,0.0,0.0
13832,8.82961504,0.0,0.0,30.0,0.0,0.0,0.0,0.0
13833,9.06139976,0.0,0.0,30.0,0.0,0.0,0.0,0.0
13834,9.46393162,0.0,0.0,30.0,0.0,0.0,0.0,0.0
13835,9.82589935,0.0,0.0,30.0,0.0,0.0,0.0,0.0
13836,8.62599752,0.0,0.0,30.0,0.0,0.0,0.0,0.0
13837,7.07988632,0.0,0.0,30.0,0.0,0.0,0.0,0.0
13838,12.6433407,0.0,0.0,30.0,0.0,0.0,0.0,0.0
13839,17.3894464,0.0,0.0,30.0,0.0,0.0,0.0,0.0
13840,20.6362496,0.0,0.0,30.0,0.0,0.0,0.0,0.0
13841,24.5489436,0.0,0.0,30.0,0.0,0.0,0.0,0.0
13842,26.6128704,0.0,0.0,30.0,0.0,0.0,0.0,0.0
13843,27.639306,0.0,0.0,30.0,0.0,0.0,0.0,0.0
13844,27.4421145,0.0,0.0,30.0,0.0,0.0,0.0,0.0
13845,28.4155962,0.0,0.0,30.0,0.0,0.0,0.0,0.0
13846,29.0979471,0.0,0.0,30.0,0.0,0.0,0.0,0.0
13847,30.0,0.0,0.0,30.0,0.0,0.0,0.0,0.0
13848,30.0,0.0,0.0,30.0,0.0,0.0,0.0,0.0
13849,30.0,0.0,0.0,30.0,0.0,0.0,0.0,0.0
13850,30.0,0.0,0.0,30.0,0.0,0.0,0.0,0.0
13851,30.0,0.0,0.0,30.0,0.0,0.0,0.0,0.0
13852,30.0,0.0,0.0,30.0,0.0,0.0,0.0,0.0
13853,30.0,0.0,0.0,30.0,0.0,0.0,0.0,0.0
13854,30.0,0.0,0.0,30.0,0.0,0.0,0.0,0.0
13855,30.0,0.0,0.0,30.0,0.0,0.0,0.0,0.0
13856,30.0,0.0,0.0,30.0,0.0,0.0,0.0,0.0
13857,30.0,0.0,0.0,30.0,0.0,0.0,0.0,0.0
13858,30.0,0.0,0.0,30.0,0.0,0.0,0.0,0.0
13859,30.0,0.0,0.0,30.0,0.0,0.0,0.0,0.0
13860,29.2993319,0.0,0.0,30.0,0.0,0.0,0.0,0.0
13861,29.2606855,0.0,0.0,30.0,0.0,0.0,0.0,0.0
13862,29.3141329,0.0,0.0,30.0,0.0,0.0,0.0,0.0
13863,29.0519569,0.0,0.0,30.0,0.0,0.0,0.0,0.0
13864,28.9685482,0.0,0.0,30.0,0.0,0.0,0.0,0.0
13865,28.9455798,0.0,0.0,30.0,0.0,0.0,0.0,0.0
13866,28.8913479,0.0,0.0,30.0,0.0,0.0,0.0,0.0
13867,28.8310276,0.0,0.0,30.0,0.0,0.0,0.0,0.0
13868,28.7821517,0.0,0.0,30.0,0.0,0.0,0.0,0.0
13869,28.7388925,0.0,0.0,30.0,0.0,0.0,0.0,0.0
13870,28.6974901,0.0,0.0,30.0,0.0,0.0,0.0,0.0
13871,28.6588745,0.0,0.0,30.0,0.0,0.0,0.0,0.0
13872,28.6234829,0.0,0.0,30.0,0.0,0.0,0.0,0.0
13873,28.5908413,0.0,0.0,30.0,0.0,0.0,0.0,0.0
13874,28.5606151,0.0,0.0,30.0,0.0,0.0,0.0,0.0
13875,28.5326702,0.0,0.0,30.0,0.0,0.0,0.0,0.0
13876,28.5068578,0.0,0.0,30.0,0.0,0.0,0.0,0.0
13877,28.4830057,0.0,0.0,30.0,0.0,0.0,0.0,0.0
13878,28.4609606,0.0,0.0,30.0,0.0,0.0,0.0,0.0
13879,28.4405876,0.0,0.0,30.0,0.0,0.0,0.0,0.0
13880,28.4217608,0.0,0.0,30.0,0.0,0.0,0.0,0.0
13881,28.4043624,0.0,0.0,30.0,0.0,0.0,0.0,0.0
13882,28.3882839,0.0,0.0,30.0,0.0,0.0,0.0,0.0
13883,28.3734253,0.0,0.0,30.0,0.0,0.0,0.0,0.0
13884,28.3596942,0.0,0.0,30.0,0.0,0.0,0.0,0.0
13885,28.3470048,0.0,0.0,30.0,0.0,0.0,0.0,0.0
13886,28.3352784,0.0,0.0,30.0,0.0,0.0,0.0,0.0
13887,28.3244418,0.0,0.0,30.0,0.0,0.0,0.0,0.0
13888,28.3144275,0.0,0.0,30.0,0.0,0.0,0.0,0.0
13889,28.3051733,0.0,0.0,30.0,0.0,0.0,0.0,0.0
13890,28.2966214,0.0,0.0,30.0,0.0,0.0,0.0,0.0
13891,28.2887186,0.0,0.0,30.0,0.0,0.0,0.0,0.0
13892,28.2814158,0.0,0.0,30.0,0.0,0.0,0.0,0.0
13893,28.2746673,0.0,0.0,30.0,0.0,0.0,0.0,0.0
13894,28.2684313,0.0,0.0,30.0,0.0,0.0,0.0,0.0
13895,28.2626689,0.0,0.0,30.0,0.0,0.0,0.0,0.0
13896,28.2573442,0.0,0.0,30.0,0.0,0.0,0.0,0.0
13897,28.252424,0.0,0.0,30.0,0.0,0.0,0.0,0.0
13898,28.2478777,0.0,0.0,30.0,0.0,0.0,0.0,0.0
13899,28.243677,0.0,0.0,30.0,0.0,0.0,0.0,0.0
13900,28.2397957,0.0,0.0,30.0,0.0,0.0,0.0,0.0
13901,28.2362097,0.0,0.0,30.0,0.0,0.0,0.0,0.0
13902,28.2328967,0.0,0.0,30.0,0.0,0.0,0.0,0.0
13903,28.2298359,0.0,0.0,30.0,0.0,0.0,0.0,0.0
13904,28.2270084,0.0,0.0,30.0,0.0,0.0,0.0,0.0
13905,28.2243965,0.0,0.0,30.0,0.0,0.0,0.0,0.0
13906,28.221984,0.0,0.0,30.0,0.0,0.0,0.0,0.0
13907,28.2197558,0.0,0.0,30.0,0.0,0.0,0.0,0.0
13908,28.2176981,0.0,0.0,30.0,0.0,0.0,0.0,0.0
13909,28.215798,0.0,0.0,30.0,0.0,0.0,0.0,0.0
13910,28.2140438,0.0,0.0,30.0,0.0,0.0,0.0,0.0
13911,28.2124245,0.0,0.0,30.0,0.0,0.0,0.0,0.0
13912,28.21093,0.0,0.0,30.0,0.0,0.0,0.0,0.0
13913,28.209551,0.0,0.0,30.0,0.0,0.0,0.0,0.0
13914,28.208279,0.0,0.0,30.0,0.0,0.0,0.0,0.0
13915,28.2071059,0.0,0.0,30.0,0.0,0.0,0.0,0.0
13916,28.2060246,0.0,0.0,30.0,0.0,0.0,0.0,0.0
13917,28.2050282,0.0,0.0,30.0,0.0,0.0,0.0,0.0
13918,28.2041106,0.0,0.0,30.0,0.0,0.0,0.0,0.0
13919,28.203266,0.0,0.0,30.0,0.0,0.0,0.0,0.0
13920,28.2024892,0.0,0.0,30.0,0.0,0.0,0.0,0.0
13921,28.2017753,0.0,0.0,30.0,0.0,0.0,0.0,0.0
13922,28.20112,0.0,0.0,30.0,0.0,0.0,0.0,0.0
13923,28.200519,0.0,0.0,30.0,0.0,0.0,0.0,0.0
13924,28.1999688,0.0,0.0,30.0,0.0,0.0,0.0,0.0
13925,28.1994658,0.0,0.0,30.0,0.0,0.0,0.0,0.0
13926,28.1990069,0.0,0.0,30.0,0.0,0.0,0.0,0.0
13927,28.1985893,0.0,0.0,30.0,0.0,0.0,0.0,0.0
13928,28.1982104,0.0,0.0,30.0,0.0,0.0,0.0,0.0
13929,28.1978677,0.0,0.0,30.0,0.0,0.0,0.0,0.0
13930,28.1975592,0.0,0.0,30.0,0.0,0.0,0.0,0.0
13931,28.197283,0.0,0.0,30.0,0.0,0.0,0.0,0.0
13932,28.1970373,0.0,0.0,30.0,0.0,0.0,0.0,0.0
13933,28.1968206,0.0,0.0,30.0,0.0,0.0,0.0,0.0
13934,28.1966315,0.0,0.0,30.0,0.0,0.0,0.0,0.0
13935,28.1964689,0.0,0.0,30.0,0.0,0.0,0.0,0.0
13936,28.1963318,0.0,0.0,30.0,0.0,0.0,0.0,0.0
13937,28.1962193,0.0,0.0,30.0,0.0,0.0,0.0,0.0
13938,28.1961306,0.0,0.0,30.0,0.0,0.0,0.0,0.0
13939,28.1960653,0.0,0.0,30.0,0.0,0.0,0.0,0.0
13940,28.196023,0.0,0.0,30.0,0.0,0.0,0.0,0.0
13941,28.1960033,0.0,0.0,30.0,0.0,0.0,0.0,0.0
13942,28.1960062,0.0,0.0,30.0,0.0,0.0,0.0,0.0
13943,28.1960317,0.0,0.0,30.0,0.0,0.0,0.0,0.0
13944,28.1960799,0.0,0.0,30.0,0.0,0.0,0.0,0.0
13945,28.1961512,0.0,0.0,30.0,0.0,0.0,0.0,0.0
13946,28.1962459,0.0,0.0,30.0,0.0,0.0,0.0,0.0
13947,28.1963647,0.0,0.0,30.0,0.0,0.0,0.0,0.0
13948,28.1965083,0.0,0.0,30.0,0.0,0.0,0.0,0.0
13949,28.1966776,0.0,0.0,30.0,0.0,0.0,0.0,0.0
13950,28.1968737,0.0,0.0,30.0,0.0,0.0,0.0,0.0
13951,28.1970977,0.0,0.0,30.0,0.0,0.0,0.0,0.0
13952,28.1973511,0.0,0.0,30.0,0.0,0.0,0.0,0.0
13953,28.1976355,0.0,0.0,30.0,0.0,0.0,0.0,0.0
13954,28.1979526,0.0,0.0,30.0,0.0,0.0,0.0,0.0
13955,28.1983044,0.0,0.0,30.0,0.0,0.0,0.0,0.0
13956,28.1986931,0.0,0.0,30.0,0.0,0.0,0.0,0.0
13957,28.199121,0.0,0.0,30.0,0.0,0.0,0.0,0.0
13958,28.199591,0.0,0.0,30.0,0.0,0.0,0.0,0.0
13959,28.2001059,0.0,0.0,30.0,0.0,0.0,0.0,0.0
13960,28.2006688,0.0,0.0,30.0,0.0,0.0,0.0,0.0
13961,28.2012834,0.0,0.0,30.0,0.0,0.0,0.0,0.0
13962,28.2019535,0.0,0.0,30.0,0.0,0.0,0.0,0.0
13963,28.2026831,0.0,0.0,30.0,0.0,0.0,0.0,0.0
13964,28.2034769,0.0,0.0,30.0,0.0,0.0,0.0,0.0
13965,28.2043398,0.0,0.0,30.0,0.0,0.0,0.0,0.0
13966,28.2052772,0.0,0.0,30.0,0.0,0.0,0.0,0.0
13967,28.2062949,0.0,0.0,30.0,0.0,0.0,0.0,0.0
13968,28.2073993,0.0,0.0,30.0,0.0,0.0,0.0,0.0
13969,28.2085971,0.0,0.0,30.0,0.0,0.0,0.0,0.0
13970,28.209896,0.0,0.0,30.0,0.0,0.0,0.0,0.0
13971,28.211304,0.0,0.0,30.0,0.0,0.0,0.0,0.0
13972,28.2128298,0.0,0.0,30.0,0.0,0.0,0.0,0.0
13973,28.2144829,0.0,0.0,30.0,0.0,0.0,0.0,0.0
13974,28.2162737,0.0,0.0,30.0,0.0,0.0,0.0,0.0
13975,28.2182133,0.0,0.0,30.0,0.0,0.0,0.0,0.0
13976,28.2203137,0.0,0.0,30.0,0.0,0.0,0.0,0.0
13977,28.2225882,0.0,0.0,30.0,0.0,0.0,0.0,0.0
13978,28.2250507,0.0,0.0,30.0,0.0,0.0,0.0,0.0
13979,28.2277167,0.0,0.0,30.0,0.0,0.0,0.0,0.0
13980,28.2306027,0.0,0.0,30.0,0.0,0.0,0.0,0.0
13981,28.2337268,0.0,0.0,30.0,0.0,0.0,0.0,0.0
13982,28.2371084,0.0,0.0,30.0,0.0,0.0,0.0,0.0
13983,28.2407685,0.0,0.0,30.0,0.0,0.0,0.0,0.0
13984,28.2447299,0.0,0.0,30.0,0.0,0.0,0.0,0.0
13985,28.2490174,0.0,0.0,30.0,0.0,0.0,0.0,0.0
13986,28.2536575,0.0,0.0,30.0,0.0,0.0,0.0,0.0
13987,28.2586792,0.0,0.0,30.0,0.0,0.0,0.0,0.0
13988,28.2641139,0.0,0.0,30.0,0.0,0.0,0.0,0.0
13989,28.2699952,0.0,0.0,30.0,0.0,0.0,0.0,0.0
13990,28.2763599,0.0,0.0,30.0,0.0,0.0,0.0,0.0
13991,28.2832475,0.0,0.0,30.0,0.0,0.0,0.0,0.0
13992,28.2907011,0.0,0.0,30.0,0.0,0.0,0.0,0.0
13993,28.2987669,0.0,0.0,30.0,0.0,0.0,0.0,0.0
13994,28.3074952,0.0,0.0,30.0,0.0,0.0,0.0,0.0
13995,28.3169403,0.0,0.0,30.0,0.0,0.0,0.0,0.0
13996,28.3271612,0.0,0.0,30.0,0.0,0.0,0.0,0.0
13997,28.3382214,0.0,0.0,30.0,0.0,0.0,0.0,0.0
13998,28.3501897,0.0,0.0,30.0,0.0,0.0,0.0,0.0
13999,28.3631409,0.0,0.0,30.0,0.0,0.0,0.0,0.0
14000,28.3771553,0.0,0.0,30.0,0.0,0.0,0.0,0.0
14001,28.3923205,0.0,0.0,30.0,0.0,0.0,0.0,0.0
14002,28.4087307,0.0,0.0,30.0,0.0,0.0,0.0,0.0
14003,28.4264882,0.0,0.0,30.0,0.0,0.0,0.0,0.0
14004,28.4457036,0.0,0.0,30.0,0.0,0.0,0.0,0.0
14005,28.4664965,0.0,0.0,30.0,0.0,0.0,0.0,0.0
14006,28.4889962,0.0,0.0,30.0,0.0,0.0,0.0,0.0
14007,28.5133435,0.0,0.0,30.0,0.0,0.0,0.0,0.0
14008,28.5396896,0.0,0.0,30.0,0.0,0.0,0.0,0.0
14009,28.5681969,0.0,0.0,30.0,0.0,0.0,0.0,0.0
14010,28.5990437,0.0,0.0,30.0,0.0,0.0,0.0,0.0
14011,28.6324309,0.0,0.0,30.0,0.0,0.0,0.0,0.0
14012,28.6685613,0.0,0.0,30.0,0.0,0.0,0.0,0.0
14013,28.707617,0.0,0.0,30.0,0.0,0.0,0.0,0.0
14014,28.7498715,0.0,0.0,30.0,0.0,0.0,0.0,0.0
14015,28.7957965,0.0,0.0,30.0,0.0,0.0,0.0,0.0
14016,28.8455062,0.0,0.0,30.0,0.0,0.0,0.0,0.0
14017,28.8982932,0.0,0.0,30.0,0.0,0.0,0.0,0.0
14018,28.9554465,0.0,0.0,30.0,0.0,0.0,0.0,0.0
14019,29.0222675,0.0,0.0,30.0,0.0,0.0,0.0,0.0
14020,29.093881,0.0,0.0,30.0,0.0,0.0,0.0,0.0
14021,29.1467499,0.0,0.0,30.0,0.0,0.0,0.0,0.0
14022,29.21001,0.0,0.0,30.0,0.0,0.0,0.0,0.0
14023,29.4000264,0.0,0.0,30.0,0.0,0.0,0.0,0.0
14024,29.5627629,0.0,0.0,30.0,0.0,0.0,0.0,0.0
14025,29.138238,0.0,0.0,30.0,0.0,0.0,0.0,0.0
14026,29.0148375,0.0,0.0,30.0,0.0,0.0,0.0,0.0
14027,29.9065188,0.0,0.0,30.0,0.0,0.0,0.0,0.0
14028,30.0,0.0,0.0,30.0,0.0,0.0,0.0,0.0
14029,30.0,0.0,0.0,30.0,0.0,0.0,0.0,0.0
14030,23.8911061,0.0,0.0,30.0,0.0,0.0,0.0,0.0
14031,23.6889154,0.0,0.0,30.0,0.0,0.0,0.0,0.0
14032,0.0,0.0,0.0,0.0,0.0,0.0,0.0,0.0
14033,30.0,0.0,0.0,4.17190152,0.0,0.0,0.0,0.0
14034,28.6297695,0.0,0.0,6.60148259,0.0,0.0,0.0,0.0
14035,0.0,0.0,0.0,16.68928,0.0,0.0,0.0,0.0
14036,0.0,0.0,0.0,21.8568074,0.0,0.0,0.0,0.0
14037,0.0,0.0,0.0,23.2967201,0.0,0.0,0.0,0.0
14038,0.0,0.0,0.0,23.7604688,0.0,0.0,0.0,0.0
14039,0.0,0.0,0.0,24.6293481,0.0,0.0,0.0,0.0
14040,0.0,0.0,0.0,25.4445645,0.0,0.0,0.0,0.0
14041,0.0,0.0,0.0,26.0144838,0.0,0.0,0.0,0.0
14042,0.0,0.0,0.0,26.4238771,0.0,0.0,0.0,0.0
14043,0.0,0.0,0.0,26.7067737,0.0,0.0,0.0,0.0
14044,0.0,0.0,0.0,26.8536249,0.0,0.0,0.0,0.0
14045,0.0,0.0,0.0,26.8618293,0.0,0.0,0.0,0.0
14046,0.0,0.0,0.0,26.7336019,0.0,0.0,0.0,0.0
14047,0.0,0.0,0.0,26.468907,0.0,0.0,0.0,0.0
14048,0.0,0.0,0.0,26.064076,0.0,0.0,0.0,0.0
14049,0.0,0.0,0.0,25.5086411,0.0,0.0,0.0,0.0
14050,0.0,0.0,0.0,24.7984215,0.0,0.0,0.0,0.0
14051,0.0,0.0,0.0,23.960887,0.0,0.0,0.0,0.0
14052,0.0,0.0,0.0,22.9653042,0.0,0.0,0.0,0.0
14053,0.0,0.0,0.0,21.5727075,0.0,0.0,0.0,0.0
14054,0.0,0.0,0.0,19.9394657,0.0,0.0,0.0,0.0
14055,0.0,0.0,0.0,19.4813227,0.0,0.0,0.0,0.0
14056,0.0,0.0,0.0,18.8378835,0.0,0.0,0.0,0.0
14057,0.0,0.0,0.0,8.98363264,0.0,0.0,0.0,0.0
14058,0.0,0.0,0.0,0.286356857,0.0,0.0,0.0,0.0
14059,0.0,0.0,0.0,4.89029842,0.0,0.0,0.0,0.0
14060,30.0,0.0,0.0,30.0,0.0,0.0,0.0,0.0
14061,30.0,0.0,0.0,30.0,0.0,0.0,0.0,0.0
14062,30.0,0.0,0.0,30.0,0.0,0.0,0.0,0.0
14063,30.0,0.0,0.0,30.0,0.0,0.0,0.0,0.0
14064,30.0,0.0,0.0,30.0,0.0,0.0,0.0,0.0
14065,30.0,0.0,0.0,30.0,0.0,0.0,0.0,0.0
14066,23.3787873,0.0,0.0,30.0,0.0,0.0,0.0,0.0
14067,17.938675,0.0,0.0,30.0,0.0,0.0,0.0,0.0
14068,14.6922641,0.0,0.0,30.0,0.0,0.0,0.0,0.0
14069,20.2529505,0.0,0.0,30.0,0.0,0.0,0.0,0.0
14070,24.4452667,0.0,0.0,30.0,0.0,0.0,0.0,0.0
14071,29.6732231,0.0,0.0,30.0,0.0,0.0,0.0,0.0
14072,30.0,0.0,0.0,30.0,0.0,0.0,0.0,0.0
14073,30.0,0.0,0.0,30.0,0.0,0.0,0.0,0.0
14074,30.0,0.0,0.0,30.0,0.0,0.0,0.0,0.0
14075,30.0,0.0,0.0,30.0,0.0,0.0,0.0,0.0
14076,30.0,0.0,0.0,30.0,0.0,0.0,0.0,0.0
14077,30.0,0.0,0.0,30.0,0.0,0.0,0.0,0.0
14078,30.0,0.0,0.0,30.0,0.0,0.0,0.0,0.0
14079,30.0,0.0,0.0,30.0,0.0,0.0,0.0,0.0
14080,28.8659729,0.0,0.0,30.0,0.0,0.0,0.0,0.0
14081,28.8891927,0.0,0.0,30.0,0.0,0.0,0.0,0.0
14082,29.0168359,0.0,0.0,30.0,0.0,0.0,0.0,0.0
14083,28.598468,0.0,0.0,30.0,0.0,0.0,0.0,0.0
14084,28.5493318,0.0,0.0,30.0,0.0,0.0,0.0,0.0
14085,28.5940176,0.0,0.0,30.0,0.0,0.0,0.0,0.0
14086,28.5657193,0.0,0.0,30.0,0.0,0.0,0.0,0.0
14087,28.5228926,0.0,0.0,30.0,0.0,0.0,0.0,0.0
14088,28.4976939,0.0,0.0,30.0,0.0,0.0,0.0,0.0
14089,28.4774592,0.0,0.0,30.0,0.0,0.0,0.0,0.0
14090,28.4557971,0.0,0.0,30.0,0.0,0.0,0.0,0.0
14091,28.4352267,0.0,0.0,30.0,0.0,0.0,0.0,0.0
14092,28.4168255,0.0,0.0,30.0,0.0,0.0,0.0,0.0
14093,28.3999185,0.0,0.0,30.0,0.0,0.0,0.0,0.0
14094,28.3841694,0.0,0.0,30.0,0.0,0.0,0.0,0.0
14095,28.3695979,0.0,0.0,30.0,0.0,0.0,0.0,0.0
14096,28.3561575,0.0,0.0,30.0,0.0,0.0,0.0,0.0
14097,28.3437397,0.0,0.0,30.0,0.0,0.0,0.0,0.0
14098,28.3322589,0.0,0.0,30.0,0.0,0.0,0.0,0.0
14099,28.3216486,0.0,0.0,30.0,0.0,0.0,0.0,0.0
14100,28.3118445,0.0,0.0,30.0,0.0,0.0,0.0,0.0
14101,28.3027843,0.0,0.0,30.0,0.0,0.0,0.0,0.0
14102,28.2944114,0.0,0.0,30.0,0.0,0.0,0.0,0.0
14103,28.2866739,0.0,0.0,30.0,0.0,0.0,0.0,0.0
14104,28.2795236,0.0,0.0,30.0,0.0,0.0,0.0,0.0
14105,28.272916,0.0,0.0,30.0,0.0,0.0,0.0,0.0
14106,28.2668098,0.0,0.0,30.0,0.0,0.0,0.0,0.0
14107,28.2611672,0.0,0.0,30.0,0.0,0.0,0.0,0.0
14108,28.2559529,0.0,0.0,30.0,0.0,0.0,0.0,0.0
14109,28.2511344,0.0,0.0,30.0,0.0,0.0,0.0,0.0
14110,28.2466819,0.0,0.0,30.0,0.0,0.0,0.0,0.0
14111,28.2425675,0.0,0.0,30.0,0.0,0.0,0.0,0.0
14112,28.2387656,0.0,0.0,30.0,0.0,0.0,0.0,0.0
14113,28.2352526,0.0,0.0,30.0,0.0,0.0,0.0,0.0
14114,28.2320066,0.0,0.0,30.0,0.0,0.0,0.0,0.0
14115,28.2290073,0.0,0.0,30.0,0.0,0.0,0.0,0.0
14116,28.2262361,0.0,0.0,30.0,0.0,0.0,0.0,0.0
14117,28.2236757,0.0,0.0,30.0,0.0,0.0,0.0,0.0
14118,28.2213103,0.0,0.0,30.0,0.0,0.0,0.0,0.0
14119,28.2191249,0.0,0.0,30.0,0.0,0.0,0.0,0.0
14120,28.2171062,0.0,0.0,30.0,0.0,0.0,0.0,0.0
14121,28.2152414,0.0,0.0,30.0,0.0,0.0,0.0,0.0
14122,28.213519,0.0,0.0,30.0,0.0,0.0,0.0,0.0
14123,28.2119282,0.0,0.0,30.0,0.0,0.0,0.0,0.0
14124,28.2104591,0.0,0.0,30.0,0.0,0.0,0.0,0.0
14125,28.2091026,0.0,0.0,30.0,0.0,0.0,0.0,0.0
14126,28.2078503,0.0,0.0,30.0,0.0,0.0,0.0,0.0
14127,28.2066943,0.0,0.0,30.0,0.0,0.0,0.0,0.0
14128,28.2056274,0.0,0.0,30.0,0.0,0.0,0.0,0.0
14129,28.2046431,0.0,0.0,30.0,0.0,0.0,0.0,0.0
14130,28.203735,0.0,0.0,30.0,0.0,0.0,0.0,0.0
14131,28.2028978,0.0,0.0,30.0,0.0,0.0,0.0,0.0
14132,28.202126,0.0,0.0,30.0,0.0,0.0,0.0,0.0
14133,28.2014148,0.0,0.0,30.0,0.0,0.0,0.0,0.0
14134,28.20076,0.0,0.0,30.0,0.0,0.0,0.0,0.0
14135,28.2001573,0.0,0.0,30.0,0.0,0.0,0.0,0.0
14136,28.1996031,0.0,0.0,30.0,0.0,0.0,0.0,0.0
14137,28.1990938,0.0,0.0,30.0,0.0,0.0,0.0,0.0
14138,28.1986264,0.0,0.0,30.0,0.0,0.0,0.0,0.0
14139,28.1981978,0.0,0.0,30.0,0.0,0.0,0.0,0.0
14140,28.1978055,0.0,0.0,30.0,0.0,0.0,0.0,0.0
14141,28.1974469,0.0,0.0,30.0,0.0,0.0,0.0,0.0
14142,28.1971199,0.0,0.0,30.0,0.0,0.0,0.0,0.0
14143,28.1968225,0.0,0.0,30.0,0.0,0.0,0.0,0.0
14144,28.1965526,0.0,0.0,30.0,0.0,0.0,0.0,0.0
14145,28.1963088,0.0,0.0,30.0,0.0,0.0,0.0,0.0
14146,28.1960894,0.0,0.0,30.0,0.0,0.0,0.0,0.0
14147,28.1958931,0.0,0.0,30.0,0.0,0.0,0.0,0.0
14148,28.1957187,0.0,0.0,30.0,0.0,0.0,0.0,0.0
14149,28.1955651,0.0,0.0,30.0,0.0,0.0,0.0,0.0
14150,28.1954313,0.0,0.0,30.0,0.0,0.0,0.0,0.0
14151,28.1953165,0.0,0.0,30.0,0.0,0.0,0.0,0.0
14152,28.1952199,0.0,0.0,30.0,0.0,0.0,0.0,0.0
14153,28.1951411,0.0,0.0,30.0,0.0,0.0,0.0,0.0
14154,28.1950794,0.0,0.0,30.0,0.0,0.0,0.0,0.0
14155,28.1950346,0.0,0.0,30.0,0.0,0.0,0.0,0.0
14156,28.1950063,0.0,0.0,30.0,0.0,0.0,0.0,0.0
14157,28.1949943,0.0,0.0,30.0,0.0,0.0,0.0,0.0
14158,28.1949986,0.0,0.0,30.0,0.0,0.0,0.0,0.0
14159,28.1950192,0.0,0.0,30.0,0.0,0.0,0.0,0.0
14160,28.1950562,0.0,0.0,30.0,0.0,0.0,0.0,0.0
14161,28.1951099,0.0,0.0,30.0,0.0,0.0,0.0,0.0
14162,28.1951806,0.0,0.0,30.0,0.0,0.0,0.0,0.0
14163,28.1952687,0.0,0.0,30.0,0.0,0.0,0.0,0.0
14164,28.1953748,0.0,0.0,30.0,0.0,0.0,0.0,0.0
14165,28.1954995,0.0,0.0,30.0,0.0,0.0,0.0,0.0
14166,28.1956437,0.0,0.0,30.0,0.0,0.0,0.0,0.0
14167,28.1958082,0.0,0.0,30.0,0.0,0.0,0.0,0.0
14168,28.195994,0.0,0.0,30.0,0.0,0.0,0.0,0.0
14169,28.1962023,0.0,0.0,30.0,0.0,0.0,0.0,0.0
14170,28.1964344,0.0,0.0,30.0,0.0,0.0,0.0,0.0
14171,28.1966918,0.0,0.0,30.0,0.0,0.0,0.0,0.0
14172,28.196976,0.0,0.0,30.0,0.0,0.0,0.0,0.0
14173,28.1972888,0.0,0.0,30.0,0.0,0.0,0.0,0.0
14174,28.1976322,0.0,0.0,30.0,0.0,0.0,0.0,0.0
14175,28.1980083,0.0,0.0,30.0,0.0,0.0,0.0,0.0
14176,28.1984195,0.0,0.0,30.0,0.0,0.0,0.0,0.0
14177,28.1988682,0.0,0.0,30.0,0.0,0.0,0.0,0.0
14178,28.1993574,0.0,0.0,30.0,0.0,0.0,0.0,0.0
14179,28.1998899,0.0,0.0,30.0,0.0,0.0,0.0,0.0
14180,28.2004693,0.0,0.0,30.0,0.0,0.0,0.0,0.0
14181,28.201099,0.0,0.0,30.0,0.0,0.0,0.0,0.0
14182,28.2017831,0.0,0.0,30.0,0.0,0.0,0.0,0.0
14183,28.2025256,0.0,0.0,30.0,0.0,0.0,0.0,0.0
14184,28.2033314,0.0,0.0,30.0,0.0,0.0,0.0,0.0
14185,28.2042053,0.0,0.0,30.0,0.0,0.0,0.0,0.0
14186,28.2051529,0.0,0.0,30.0,0.0,0.0,0.0,0.0
14187,28.2061801,0.0,0.0,30.0,0.0,0.0,0.0,0.0
14188,28.2072931,0.0,0.0,30.0,0.0,0.0,0.0,0.0
14189,28.2084991,0.0,0.0,30.0,0.0,0.0,0.0,0.0
14190,28.2098054,0.0,0.0,30.0,0.0,0.0,0.0,0.0
14191,28.2112202,0.0,0.0,30.0,0.0,0.0,0.0,0.0
14192,28.2127523,0.0,0.0,30.0,0.0,0.0,0.0,0.0
14193,28.2144114,0.0,0.0,30.0,0.0,0.0,0.0,0.0
14194,28.2162076,0.0,0.0,30.0,0.0,0.0,0.0,0.0
14195,28.2181522,0.0,0.0,30.0,0.0,0.0,0.0,0.0
14196,28.2202573,0.0,0.0,30.0,0.0,0.0,0.0,0.0
14197,28.222536,0.0,0.0,30.0,0.0,0.0,0.0,0.0
14198,28.2250025,0.0,0.0,30.0,0.0,0.0,0.0,0.0
14199,28.2276721,0.0,0.0,30.0,0.0,0.0,0.0,0.0
14200,28.2305616,0.0,0.0,30.0,0.0,0.0,0.0,0.0
14201,28.2336888,0.0,0.0,30.0,0.0,0.0,0.0,0.0
14202,28.2370732,0.0,0.0,30.0,0.0,0.0,0.0,0.0
14203,28.240736,0.0,0.0,30.0,0.0,0.0,0.0,0.0
14204,28.2446999,0.0,0.0,30.0,0.0,0.0,0.0,0.0
14205,28.2489896,0.0,0.0,30.0,0.0,0.0,0.0,0.0
14206,28.2536319,0.0,0.0,30.0,0.0,0.0,0.0,0.0
14207,28.2586556,0.0,0.0,30.0,0.0,0.0,0.0,0.0
14208,28.264092,0.0,0.0,30.0,0.0,0.0,0.0,0.0
14209,28.269975,0.0,0.0,30.0,0.0,0.0,0.0,0.0
14210,28.2763412,0.0,0.0,30.0,0.0,0.0,0.0,0.0
14211,28.2832303,0.0,0.0,30.0,0.0,0.0,0.0,0.0
14212,28.2906851,0.0,0.0,30.0,0.0,0.0,0.0,0.0
14213,28.2987521,0.0,0.0,30.0,0.0,0.0,0.0,0.0
14214,28.3074815,0.0,0.0,30.0,0.0,0.0,0.0,0.0
14215,28.3169277,0.0,0.0,30.0,0.0,0.0,0.0,0.0
14216,28.3271496,0.0,0.0,30.0,0.0,0.0,0.0,0.0
14217,28.3382106,0.0,0.0,30.0,0.0,0.0,0.0,0.0
14218,28.3501798,0.0,0.0,30.0,0.0,0.0,0.0,0.0
14219,28.3631317,0.0,0.0,30.0,0.0,0.0,0.0,0.0
14220,28.3771469,0.0,0.0,30.0,0.0,0.0,0.0,0.0
14221,28.3923127,0.0,0.0,30.0,0.0,0.0,0.0,0.0
14222,28.4087235,0.0,0.0,30.0,0.0,0.0,0.0,0.0
14223,28.4264816,0.0,0.0,30.0,0.0,0.0,0.0,0.0
14224,28.4456975,0.0,0.0,30.0,0.0,0.0,0.0,0.0
14225,28.4664908,0.0,0.0,30.0,0.0,0.0,0.0,0.0
14226,28.488991,0.0,0.0,30.0,0.0,0.0,0.0,0.0
14227,28.5133386,0.0,0.0,30.0,0.0,0.0,0.0,0.0
14228,28.5396851,0.0,0.0,30.0,0.0,0.0,0.0,0.0
14229,28.5681927,0.0,0.0,30.0,0.0,0.0,0.0,0.0
14230,28.5990399,0.0,0.0,30.0,0.0,0.0,0.0,0.0
14231,28.6324274,0.0,0.0,30.0,0.0,0.0,0.0,0.0
14232,28.668558,0.0,0.0,30.0,0.0,0.0,0.0,0.0
14233,28.707614,0.0,0.0,30.0,0.0,0.0,0.0,0.0
14234,28.7498688,0.0,0.0,30.0,0.0,0.0,0.0,0.0
14235,28.795794,0.0,0.0,30.0,0.0,0.0,0.0,0.0
14236,28.8455039,0.0,0.0,30.0,0.0,0.0,0.0,0.0
14237,28.8982911,0.0,0.0,30.0,0.0,0.0,0.0,0.0
14238,28.9554446,0.0,0.0,30.0,0.0,0.0,0.0,0.0
14239,29.0222657,0.0,0.0,30.0,0.0,0.0,0.0,0.0
14240,29.0938794,0.0,0.0,30.0,0.0,0.0,0.0,0.0
14241,29.1467484,0.0,0.0,30.0,0.0,0.0,0.0,0.0
14242,29.2100086,0.0,0.0,30.0,0.0,0.0,0.0,0.0
14243,29.4000251,0.0,0.0,30.0,0.0,0.0,0.0,0.0
14244,29.5627617,0.0,0.0,30.0,0.0,0.0,0.0,0.0
14245,29.1382371,0.0,0.0,30.0,0.0,0.0,0.0,0.0
14246,29.0148365,0.0,0.0,30.0,0.0,0.0,0.0,0.0
14247,29.9065178,0.0,0.0,30.0,0.0,0.0,0.0,0.0
14248,30.0,0.0,0.0,30.0,0.0,0.0,0.0,0.0
14249,30.0,0.0,0.0,30.0,0.0,0.0,0.0,0.0
14250,23.891103,0.0,0.0,30.0,0.0,0.0,0.0,0.0
14251,23.6889133,0.0,0.0,30.0,0.0,0.0,0.0,0.0
14252,0.0,0.0,0.0,0.0,0.0,0.0,0.0,0.0
14253,30.0,0.0,0.0,4.3794725,0.0,0.0,0.0,0.0
14254,30.0,0.0,0.0,6.38062664,0.0,0.0,0.0,0.0
14255,0.0,0.0,0.0,17.0023289,0.0,0.0,0.0,0.0
14256,0.0,0.0,0.0,22.276036,0.0,0.0,0.0,0.0
14257,0.0,0.0,0.0,23.7845316,0.0,0.0,0.0,0.0
14258,0.0,0.0,0.0,24.3122878,0.0,0.0,0.0,0.0
14259,0.0,0.0,0.0,25.2589556,0.0,0.0,0.0,0.0
14260,0.0,0.0,0.0,26.1607796,0.0,0.0,0.0,0.0
14261,0.0,0.0,0.0,26.8245704,0.0,0.0,0.0,0.0
14262,0.0,0.0,0.0,27.3371807,0.0,0.0,0.0,0.0
14263,0.0,0.0,0.0,27.7342179,0.0,0.0,0.0,0.0
14264,0.0,0.0,0.0,28.0073367,0.0,0.0,0.0,0.0
14265,0.0,0.0,0.0,28.1554345,0.0,0.0,0.0,0.0
14266,0.0,0.0,0.0,28.1822492,0.0,0.0,0.0,0.0
14267,0.0,0.0,0.0,28.0891725,0.0,0.0,0.0,0.0
14268,0.0,0.0,0.0,27.8755887,0.0,0.0,0.0,0.0
14269,0.0,0.0,0.0,27.5357145,0.0,0.0,0.0,0.0
14270,0.0,0.0,0.0,27.0608137,0.0,0.0,0.0,0.0
14271,0.0,0.0,0.0,26.4666364,0.0,0.0,0.0,0.0
14272,0.0,0.0,0.0,25.7734567,0.0,0.0,0.0,0.0
14273,0.0,0.0,0.0,24.8311033,0.0,0.0,0.0,0.0
14274,0.0,0.0,0.0,23.4766949,0.0,0.0,0.0,0.0
14275,0.0,0.0,0.0,22.634833,0.0,0.0,0.0,0.0
14276,0.0,0.0,0.0,23.1149744,0.0,0.0,0.0,0.0
14277,0.0,0.0,0.0,18.7244334,0.0,0.0,0.0,0.0
14278,0.0,0.0,0.0,5.26402107,0.0,0.0,0.0,0.0
14279,0.0,0.0,0.0,6.88804934,0.0,0.0,0.0,0.0
14280,30.0,0.0,0.0,30.0,0.0,0.0,0.0,0.0
14281,30.0,0.0,0.0,30.0,0.0,0.0,0.0,0.0
14282,30.0,0.0,0.0,30.0,0.0,0.0,0.0,0.0
14283,30.0,0.0,0.0,30.0,0.0,0.0,0.0,0.0
14284,30.0,0.0,0.0,30.0,0.0,0.0,0.0,0.0
14285,28.3282336,0.0,0.0,30.0,0.0,0.0,0.0,0.0
14286,28.097196,0.0,0.0,30.0,0.0,0.0,0.0,0.0
14287,30.0,0.0,0.0,30.0,0.0,0.0,0.0,0.0
14288,30.0,0.0,0.0,30.0,0.0,0.0,0.0,0.0
14289,30.0,0.0,0.0,30.0,0.0,0.0,0.0,0.0
14290,30.0,0.0,0.0,30.0,0.0,0.0,0.0,0.0
14291,30.0,0.0,0.0,30.0,0.0,0.0,0.0,0.0
14292,30.0,0.0,0.0,30.0,0.0,0.0,0.0,0.0
14293,30.0,0.0,0.0,30.0,0.0,0.0,0.0,0.0
14294,30.0,0.0,0.0,30.0,0.0,0.0,0.0,0.0
14295,30.0,0.0,0.0,30.0,0.0,0.0,0.0,0.0
14296,30.0,0.0,0.0,30.0,0.0,0.0,0.0,0.0
14297,30.0,0.0,0.0,30.0,0.0,0.0,0.0,0.0
14298,30.0,0.0,0.0,30.0,0.0,0.0,0.0,0.0
14299,30.0,0.0,0.0,30.0,0.0,0.0,0.0,0.0
14300,29.1730887,0.0,0.0,30.0,0.0,0.0,0.0,0.0
14301,29.1638579,0.0,0.0,30.0,0.0,0.0,0.0,0.0
14302,29.2507659,0.0,0.0,30.0,0.0,0.0,0.0,0.0
14303,28.9544164,0.0,0.0,30.0,0.0,0.0,0.0,0.0
14304,28.875044,0.0,0.0,30.0,0.0,0.0,0.0,0.0
14305,28.8670618,0.0,0.0,30.0,0.0,0.0,0.0,0.0
14306,28.819296,0.0,0.0,30.0,0.0,0.0,0.0,0.0
14307,28.7628402,0.0,0.0,30.0,0.0,0.0,0.0,0.0
14308,28.7190685,0.0,0.0,30.0,0.0,0.0,0.0,0.0
14309,28.6809188,0.0,0.0,30.0,0.0,0.0,0.0,0.0
14310,28.6439211,0.0,0.0,30.0,0.0,0.0,0.0,0.0
14311,28.6093037,0.0,0.0,30.0,0.0,0.0,0.0,0.0
14312,28.5776726,0.0,0.0,30.0,0.0,0.0,0.0,0.0
14313,28.5485192,0.0,0.0,30.0,0.0,0.0,0.0,0.0
14314,28.5215033,0.0,0.0,30.0,0.0,0.0,0.0,0.0
14315,28.4965227,0.0,0.0,30.0,0.0,0.0,0.0,0.0
14316,28.4734525,0.0,0.0,30.0,0.0,0.0,0.0,0.0
14317,28.4521351,0.0,0.0,30.0,0.0,0.0,0.0,0.0
14318,28.4324318,0.0,0.0,30.0,0.0,0.0,0.0,0.0
14319,28.4142229,0.0,0.0,30.0,0.0,0.0,0.0,0.0
14320,28.3973961,0.0,0.0,30.0,0.0,0.0,0.0,0.0
14321,28.381846,0.0,0.0,30.0,0.0,0.0,0.0,0.0
14322,28.3674755,0.0,0.0,30.0,0.0,0.0,0.0,0.0
14323,28.3541955,0.0,0.0,30.0,0.0,0.0,0.0,0.0
14324,28.341923,0.0,0.0,30.0,0.0,0.0,0.0,0.0
14325,28.3305818,0.0,0.0,30.0,0.0,0.0,0.0,0.0
14326,28.3201012,0.0,0.0,30.0,0.0,0.0,0.0,0.0
14327,28.3104159,0.0,0.0,30.0,0.0,0.0,0.0,0.0
14328,28.3014656,0.0,0.0,30.0,0.0,0.0,0.0,0.0
14329,28.2931947,0.0,0.0,30.0,0.0,0.0,0.0,0.0
14330,28.2855515,0.0,0.0,30.0,0.0,0.0,0.0,0.0
14331,28.2784884,0.0,0.0,30.0,0.0,0.0,0.0,0.0
14332,28.2719616,0.0,0.0,30.0,0.0,0.0,0.0,0.0
14333,28.2659304,0.0,0.0,30.0,0.0,0.0,0.0,0.0
14334,28.2603572,0.0,0.0,30.0,0.0,0.0,0.0,0.0
14335,28.2552072,0.0,0.0,30.0,0.0,0.0,0.0,0.0
14336,28.2504485,0.0,0.0,30.0,0.0,0.0,0.0,0.0
14337,28.2460514,0.0,0.0,30.0,0.0,0.0,0.0,0.0
14338,28.2419886,0.0,0.0,30.0,0.0,0.0,0.0,0.0
14339,28.2382346,0.0,0.0,30.0,0.0,0.0,0.0,0.0
14340,28.2347662,0.0,0.0,30.0,0.0,0.0,0.0,0.0
14341,28.2315617,0.0,0.0,30.0,0.0,0.0,0.0,0.0
14342,28.2286013,0.0,0.0,30.0,0.0,0.0,0.0,0.0
14343,28.2258663,0.0,0.0,30.0,0.0,0.0,0.0,0.0
14344,28.2233399,0.0,0.0,30.0,0.0,0.0,0.0,0.0
14345,28.2210063,0.0,0.0,30.0,0.0,0.0,0.0,0.0
14346,28.218851,0.0,0.0,30.0,0.0,0.0,0.0,0.0
14347,28.2168605,0.0,0.0,30.0,0.0,0.0,0.0,0.0
14348,28.2150224,0.0,0.0,30.0,0.0,0.0,0.0,0.0
14349,28.2133253,0.0,0.0,30.0,0.0,0.0,0.0,0.0
14350,28.2117587,0.0,0.0,30.0,0.0,0.0,0.0,0.0
14351,28.2103127,0.0,0.0,30.0,0.0,0.0,0.0,0.0
14352,28.2089784,0.0,0.0,30.0,0.0,0.0,0.0,0.0
14353,28.2077475,0.0,0.0,30.0,0.0,0.0,0.0,0.0
14354,28.2066123,0.0,0.0,30.0,0.0,0.0,0.0,0.0
14355,28.2055656,0.0,0.0,30.0,0.0,0.0,0.0,0.0
14356,28.2046011,0.0,0.0,30.0,0.0,0.0,0.0,0.0
14357,28.2037127,0.0,0.0,30.0,0.0,0.0,0.0,0.0
14358,28.2028949,0.0,0.0,30.0,0.0,0.0,0.0,0.0
14359,28.2021425,0.0,0.0,30.0,0.0,0.0,0.0,0.0
14360,28.2014509,0.0,0.0,30.0,0.0,0.0,0.0,0.0
14361,28.2008158,0.0,0.0,30.0,0.0,0.0,0.0,0.0
14362,28.2002333,0.0,0.0,30.0,0.0,0.0,0.0,0.0
14363,28.1996996,0.0,0.0,30.0,0.0,0.0,0.0,0.0
14364,28.1992115,0.0,0.0,30.0,0.0,0.0,0.0,0.0
14365,28.198766,0.0,0.0,30.0,0.0,0.0,0.0,0.0
14366,28.1983602,0.0,0.0,30.0,0.0,0.0,0.0,0.0
14367,28.1979916,0.0,0.0,30.0,0.0,0.0,0.0,0.0
14368,28.197658,0.0,0.0,30.0,0.0,0.0,0.0,0.0
14369,28.1973573,0.0,0.0,30.0,0.0,0.0,0.0,0.0
14370,28.1970875,0.0,0.0,30.0,0.0,0.0,0.0,0.0
14371,28.1968471,0.0,0.0,30.0,0.0,0.0,0.0,0.0
14372,28.1966344,0.0,0.0,30.0,0.0,0.0,0.0,0.0
14373,28.1964483,0.0,0.0,30.0,0.0,0.0,0.0,0.0
14374,28.1962875,0.0,0.0,30.0,0.0,0.0,0.0,0.0
14375,28.196151,0.0,0.0,30.0,0.0,0.0,0.0,0.0
14376,28.1960379,0.0,0.0,30.0,0.0,0.0,0.0,0.0
14377,28.1959477,0.0,0.0,30.0,0.0,0.0,0.0,0.0
14378,28.1958797,0.0,0.0,30.0,0.0,0.0,0.0,0.0
14379,28.1958334,0.0,0.0,30.0,0.0,0.0,0.0,0.0
14380,28.1958087,0.0,0.0,30.0,0.0,0.0,0.0,0.0
14381,28.1958053,0.0,0.0,30.0,0.0,0.0,0.0,0.0
14382,28.1958232,0.0,0.0,30.0,0.0,0.0,0.0,0.0
14383,28.1958626,0.0,0.0,30.0,0.0,0.0,0.0,0.0
14384,28.1959236,0.0,0.0,30.0,0.0,0.0,0.0,0.0
14385,28.1960067,0.0,0.0,30.0,0.0,0.0,0.0,0.0
14386,28.1961124,0.0,0.0,30.0,0.0,0.0,0.0,0.0
14387,28.1962413,0.0,0.0,30.0,0.0,0.0,0.0,0.0
14388,28.1963943,0.0,0.0,30.0,0.0,0.0,0.0,0.0
14389,28.1965722,0.0,0.0,30.0,0.0,0.0,0.0,0.0
14390,28.1967763,0.0,0.0,30.0,0.0,0.0,0.0,0.0
14391,28.1970077,0.0,0.0,30.0,0.0,0.0,0.0,0.0
14392,28.197268,0.0,0.0,30.0,0.0,0.0,0.0,0.0
14393,28.1975586,0.0,0.0,30.0,0.0,0.0,0.0,0.0
14394,28.1978816,0.0,0.0,30.0,0.0,0.0,0.0,0.0
14395,28.1982387,0.0,0.0,30.0,0.0,0.0,0.0,0.0
14396,28.1986324,0.0,0.0,30.0,0.0,0.0,0.0,0.0
14397,28.199065,0.0,0.0,30.0,0.0,0.0,0.0,0.0
14398,28.1995392,0.0,0.0,30.0,0.0,0.0,0.0,0.0
14399,28.200058,0.0,0.0,30.0,0.0,0.0,0.0,0.0
14400,28.2006246,0.0,0.0,30.0,0.0,0.0,0.0,0.0
14401,28.2012426,0.0,0.0,30.0,0.0,0.0,0.0,0.0
14402,28.2019157,0.0,0.0,30.0,0.0,0.0,0.0,0.0
14403,28.2026482,0.0,0.0,30.0,0.0,0.0,0.0,0.0
14404,28.2034447,0.0,0.0,30.0,0.0,0.0,0.0,0.0
14405,28.20431,0.0,0.0,30.0,0.0,0.0,0.0,0.0
14406,28.2052497,0.0,0.0,30.0,0.0,0.0,0.0,0.0
14407,28.2062694,0.0,0.0,30.0,0.0,0.0,0.0,0.0
14408,28.2073757,0.0,0.0,30.0,0.0,0.0,0.0,0.0
14409,28.2085754,0.0,0.0,30.0,0.0,0.0,0.0,0.0
14410,28.2098759,0.0,0.0,30.0,0.0,0.0,0.0,0.0
14411,28.2112854,0.0,0.0,30.0,0.0,0.0,0.0,0.0
14412,28.2128126,0.0,0.0,30.0,0.0,0.0,0.0,0.0
14413,28.214467,0.0,0.0,30.0,0.0,0.0,0.0,0.0
14414,28.216259,0.0,0.0,30.0,0.0,0.0,0.0,0.0
14415,28.2181997,0.0,0.0,30.0,0.0,0.0,0.0,0.0
14416,28.2203012,0.0,0.0,30.0,0.0,0.0,0.0,0.0
14417,28.2225766,0.0,0.0,30.0,0.0,0.0,0.0,0.0
14418,28.22504,0.0,0.0,30.0,0.0,0.0,0.0,0.0
14419,28.2277068,0.0,0.0,30.0,0.0,0.0,0.0,0.0
14420,28.2305936,0.0,0.0,30.0,0.0,0.0,0.0,0.0
14421,28.2337184,0.0,0.0,30.0,0.0,0.0,0.0,0.0
14422,28.2371006,0.0,0.0,30.0,0.0,0.0,0.0,0.0
14423,28.2407613,0.0,0.0,30.0,0.0,0.0,0.0,0.0
14424,28.2447232,0.0,0.0,30.0,0.0,0.0,0.0,0.0
14425,28.2490112,0.0,0.0,30.0,0.0,0.0,0.0,0.0
14426,28.2536518,0.0,0.0,30.0,0.0,0.0,0.0,0.0
14427,28.258674,0.0,0.0,30.0,0.0,0.0,0.0,0.0
14428,28.264109,0.0,0.0,30.0,0.0,0.0,0.0,0.0
14429,28.2699907,0.0,0.0,30.0,0.0,0.0,0.0,0.0
14430,28.2763557,0.0,0.0,30.0,0.0,0.0,0.0,0.0
14431,28.2832437,0.0,0.0,30.0,0.0,0.0,0.0,0.0
14432,28.2906975,0.0,0.0,30.0,0.0,0.0,0.0,0.0
14433,28.2987636,0.0,0.0,30.0,0.0,0.0,0.0,0.0
14434,28.3074921,0.0,0.0,30.0,0.0,0.0,0.0,0.0
14435,28.3169375,0.0,0.0,30.0,0.0,0.0,0.0,0.0
14436,28.3271586,0.0,0.0,30.0,0.0,0.0,0.0,0.0
14437,28.338219,0.0,0.0,30.0,0.0,0.0,0.0,0.0
14438,28.3501875,0.0,0.0,30.0,0.0,0.0,0.0,0.0
14439,28.3631388,0.0,0.0,30.0,0.0,0.0,0.0,0.0
14440,28.3771535,0.0,0.0,30.0,0.0,0.0,0.0,0.0
14441,28.3923188,0.0,0.0,30.0,0.0,0.0,0.0,0.0
14442,28.4087291,0.0,0.0,30.0,0.0,0.0,0.0,0.0
14443,28.4264868,0.0,0.0,30.0,0.0,0.0,0.0,0.0
14444,28.4457023,0.0,0.0,30.0,0.0,0.0,0.0,0.0
14445,28.4664952,0.0,0.0,30.0,0.0,0.0,0.0,0.0
14446,28.4889951,0.0,0.0,30.0,0.0,0.0,0.0,0.0
14447,28.5133424,0.0,0.0,30.0,0.0,0.0,0.0,0.0
14448,28.5396886,0.0,0.0,30.0,0.0,0.0,0.0,0.0
14449,28.5681959,0.0,0.0,30.0,0.0,0.0,0.0,0.0
14450,28.5990429,0.0,0.0,30.0,0.0,0.0,0.0,0.0
14451,28.6324302,0.0,0.0,30.0,0.0,0.0,0.0,0.0
14452,28.6685606,0.0,0.0,30.0,0.0,0.0,0.0,0.0
14453,28.7076164,0.0,0.0,30.0,0.0,0.0,0.0,0.0
14454,28.7498709,0.0,0.0,30.0,0.0,0.0,0.0,0.0
14455,28.795796,0.0,0.0,30.0,0.0,0.0,0.0,0.0
14456,28.8455057,0.0,0.0,30.0,0.0,0.0,0.0,0.0
14457,28.8982927,0.0,0.0,30.0,0.0,0.0,0.0,0.0
14458,28.9554461,0.0,0.0,30.0,0.0,0.0,0.0,0.0
14459,29.0222671,0.0,0.0,30.0,0.0,0.0,0.0,0.0
14460,29.0938806,0.0,0.0,30.0,0.0,0.0,0.0,0.0
14461,29.1467496,0.0,0.0,30.0,0.0,0.0,0.0,0.0
14462,29.2100097,0.0,0.0,30.0,0.0,0.0,0.0,0.0
14463,29.4000261,0.0,0.0,30.0,0.0,0.0,0.0,0.0
14464,29.5627626,0.0,0.0,30.0,0.0,0.0,0.0,0.0
14465,29.1382378,0.0,0.0,30.0,0.0,0.0,0.0,0.0
14466,29.0148373,0.0,0.0,30.0,0.0,0.0,0.0,0.0
14467,29.9065185,0.0,0.0,30.0,0.0,0.0,0.0,0.0
14468,30.0,0.0,0.0,30.0,0.0,0.0,0.0,0.0
14469,30.0,0.0,0.0,30.0,0.0,0.0,0.0,0.0
14470,23.8911054,0.0,0.0,30.0,0.0,0.0,0.0,0.0
14471,23.6889149,0.0,0.0,30.0,0.0,0.0,0.0,0.0
14472,0.0,0.0,0.0,0.0,0.0,0.0,0.0,0.0
14473,30.0,0.0,0.0,4.24215555,0.0,0.0,0.0,0.0
14474,30.0,0.0,0.0,6.21558261,0.0,0.0,0.0,0.0
14475,0.0,0.0,0.0,16.821143,0.0,0.0,0.0,0.0
14476,0.0,0.0,0.0,22.0224509,0.0,0.0,0.0,0.0
14477,0.0,0.0,0.0,23.4858191,0.0,0.0,0.0,0.0
14478,0.0,0.0,0.0,23.9723774,0.0,0.0,0.0,0.0
14479,0.0,0.0,0.0,24.8689566,0.0,0.0,0.0,0.0
14480,0.0,0.0,0.0,25.7150738,0.0,0.0,0.0,0.0
14481,0.0,0.0,0.0,26.3186973,0.0,0.0,0.0,0.0
14482,0.0,0.0,0.0,26.7653254,0.0,0.0,0.0,0.0
14483,0.0,0.0,0.0,27.0895284,0.0,0.0,0.0,0.0
14484,0.0,0.0,0.0,27.2822035,0.0,0.0,0.0,0.0
14485,0.0,0.0,0.0,27.3413161,0.0,0.0,0.0,0.0
14486,0.0,0.0,0.0,27.2695901,0.0,0.0,0.0,0.0
14487,0.0,0.0,0.0,27.0673952,0.0,0.0,0.0,0.0
14488,0.0,0.0,0.0,26.7324818,0.0,0.0,0.0,0.0
14489,0.0,0.0,0.0,26.256775,0.0,0.0,0.0,0.0
14490,0.0,0.0,0.0,25.6323564,0.0,0.0,0.0,0.0
14491,0.0,0.0,0.0,24.8783767,0.0,0.0,0.0,0.0
14492,0.0,0.0,0.0,23.9967867,0.0,0.0,0.0,0.0
14493,0.0,0.0,0.0,22.8047231,0.0,0.0,0.0,0.0
14494,0.0,0.0,0.0,21.247438,0.0,0.0,0.0,0.0
14495,0.0,0.0,0.0,20.4247573,0.0,0.0,0.0,0.0
14496,0.0,0.0,0.0,20.4007986,0.0,0.0,0.0,0.0
14497,0.0,0.0,0.0,13.9581131,0.0,0.0,0.0,0.0
14498,0.0,0.0,0.0,1.89195953,0.0,0.0,0.0,0.0
14499,0.0,0.0,0.0,5.90614328,0.0,0.0,0.0,0.0
14500,30.0,0.0,0.0,30.0,0.0,0.0,0.0,0.0
14501,30.0,0.0,0.0,30.0,0.0,0.0,0.0,0.0
14502,30.0,0.0,0.0,30.0,0.0,0.0,0.0,0.0
14503,30.0,0.0,0.0,30.0,0.0,0.0,0.0,0.0
14504,30.0,0.0,0.0,30.0,0.0,0.0,0.0,0.0
14505,30.0,0.0,0.0,30.0,0.0,0.0,0.0,0.0
14506,30.0,0.0,0.0,30.0,0.0,0.0,0.0,0.0
14507,30.0,0.0,0.0,30.0,0.0,0.0,0.0,0.0
14508,30.0,0.0,0.0,30.0,0.0,0.0,0.0,0.0
14509,30.0,0.0,0.0,30.0,0.0,0.0,0.0,0.0
14510,30.0,0.0,0.0,30.0,0.0,0.0,0.0,0.0
14511,30.0,0.0,0.0,30.0,0.0,0.0,0.0,0.0
14512,28.7631917,0.0,0.0,30.0,0.0,0.0,0.0,0.0
14513,23.5071464,0.0,0.0,30.0,0.0,0.0,0.0,0.0
14514,24.4810295,0.0,0.0,30.0,0.0,0.0,0.0,0.0
14515,30.0,0.0,0.0,30.0,0.0,0.0,0.0,0.0
14516,30.0,0.0,0.0,30.0,0.0,0.0,0.0,0.0
14517,30.0,0.0,0.0,30.0,0.0,0.0,0.0,0.0
14518,30.0,0.0,0.0,30.0,0.0,0.0,0.0,0.0
14519,30.0,0.0,0.0,30.0,0.0,0.0,0.0,0.0
14520,29.3428211,0.0,0.0,30.0,0.0,0.0,0.0,0.0
14521,28.9123013,0.0,0.0,30.0,0.0,0.0,0.0,0.0
14522,28.8323665,0.0,0.0,30.0,0.0,0.0,0.0,0.0
14523,28.6408366,0.0,0.0,30.0,0.0,0.0,0.0,0.0
14524,28.6215593,0.0,0.0,30.0,0.0,0.0,0.0,0.0
14525,28.6172925,0.0,0.0,30.0,0.0,0.0,0.0,0.0
14526,28.5814906,0.0,0.0,30.0,0.0,0.0,0.0,0.0
14527,28.5463496,0.0,0.0,30.0,0.0,0.0,0.0,0.0
14528,28.5203377,0.0,0.0,30.0,0.0,0.0,0.0,0.0
14529,28.496575,0.0,0.0,30.0,0.0,0.0,0.0,0.0
14530,28.4733069,0.0,0.0,30.0,0.0,0.0,0.0,0.0
14531,28.4517763,0.0,0.0,30.0,0.0,0.0,0.0,0.0
14532,28.4321432,0.0,0.0,30.0,0.0,0.0,0.0,0.0
14533,28.4139995,0.0,0.0,30.0,0.0,0.0,0.0,0.0
14534,28.3971791,0.0,0.0,30.0,0.0,0.0,0.0,0.0
14535,28.3816359,0.0,0.0,30.0,0.0,0.0,0.0,0.0
14536,28.3672826,0.0,0.0,30.0,0.0,0.0,0.0,0.0
14537,28.3540178,0.0,0.0,30.0,0.0,0.0,0.0,0.0
14538,28.3417573,0.0,0.0,30.0,0.0,0.0,0.0,0.0
14539,28.3304271,0.0,0.0,30.0,0.0,0.0,0.0,0.0
14540,28.319957,0.0,0.0,30.0,0.0,0.0,0.0,0.0
14541,28.3102813,0.0,0.0,30.0,0.0,0.0,0.0,0.0
14542,28.3013398,0.0,0.0,30.0,0.0,0.0,0.0,0.0
14543,28.2930767,0.0,0.0,30.0,0.0,0.0,0.0,0.0
14544,28.2854407,0.0,0.0,30.0,0.0,0.0,0.0,0.0
14545,28.2783842,0.0,0.0,30.0,0.0,0.0,0.0,0.0
14546,28.2718632,0.0,0.0,30.0,0.0,0.0,0.0,0.0
14547,28.2658372,0.0,0.0,30.0,0.0,0.0,0.0,0.0
14548,28.2602687,0.0,0.0,30.0,0.0,0.0,0.0,0.0
14549,28.2551228,0.0,0.0,30.0,0.0,0.0,0.0,0.0
14550,28.2503677,0.0,0.0,30.0,0.0,0.0,0.0,0.0
14551,28.2459737,0.0,0.0,30.0,0.0,0.0,0.0,0.0
14552,28.2419135,0.0,0.0,30.0,0.0,0.0,0.0,0.0
14553,28.2381617,0.0,0.0,30.0,0.0,0.0,0.0,0.0
14554,28.234695,0.0,0.0,30.0,0.0,0.0,0.0,0.0
14555,28.2314918,0.0,0.0,30.0,0.0,0.0,0.0,0.0
14556,28.2285321,0.0,0.0,30.0,0.0,0.0,0.0,0.0
14557,28.2257976,0.0,0.0,30.0,0.0,0.0,0.0,0.0
14558,28.2232711,0.0,0.0,30.0,0.0,0.0,0.0,0.0
14559,28.2209371,0.0,0.0,30.0,0.0,0.0,0.0,0.0
14560,28.2187809,0.0,0.0,30.0,0.0,0.0,0.0,0.0
14561,28.216789,0.0,0.0,30.0,0.0,0.0,0.0,0.0
14562,28.2149492,0.0,0.0,30.0,0.0,0.0,0.0,0.0
14563,28.2132499,0.0,0.0,30.0,0.0,0.0,0.0,0.0
14564,28.2116806,0.0,0.0,30.0,0.0,0.0,0.0,0.0
14565,28.2102315,0.0,0.0,30.0,0.0,0.0,0.0,0.0
14566,28.2088935,0.0,0.0,30.0,0.0,0.0,0.0,0.0
14567,28.2076584,0.0,0.0,30.0,0.0,0.0,0.0,0.0
14568,28.2065184,0.0,0.0,30.0,0.0,0.0,0.0,0.0
14569,28.2054664,0.0,0.0,30.0,0.0,0.0,0.0,0.0
14570,28.204496,0.0,0.0,30.0,0.0,0.0,0.0,0.0
14571,28.203601,0.0,0.0,30.0,0.0,0.0,0.0,0.0
14572,28.2027758,0.0,0.0,30.0,0.0,0.0,0.0,0.0
14573,28.2020154,0.0,0.0,30.0,0.0,0.0,0.0,0.0
14574,28.201315,0.0,0.0,30.0,0.0,0.0,0.0,0.0
14575,28.2006702,0.0,0.0,30.0,0.0,0.0,0.0,0.0
14576,28.2000771,0.0,0.0,30.0,0.0,0.0,0.0,0.0
14577,28.1995319,0.0,0.0,30.0,0.0,0.0,0.0,0.0
14578,28.1990312,0.0,0.0,30.0,0.0,0.0,0.0,0.0
14579,28.1985719,0.0,0.0,30.0,0.0,0.0,0.0,0.0
14580,28.1981512,0.0,0.0,30.0,0.0,0.0,0.0,0.0
14581,28.1977665,0.0,0.0,30.0,0.0,0.0,0.0,0.0
14582,28.1974152,0.0,0.0,30.0,0.0,0.0,0.0,0.0
14583,28.1970954,0.0,0.0,30.0,0.0,0.0,0.0,0.0
14584,28.1968048,0.0,0.0,30.0,0.0,0.0,0.0,0.0
14585,28.1965419,0.0,0.0,30.0,0.0,0.0,0.0,0.0
14586,28.1963048,0.0,0.0,30.0,0.0,0.0,0.0,0.0
14587,28.1960922,0.0,0.0,30.0,0.0,0.0,0.0,0.0
14588,28.1959027,0.0,0.0,30.0,0.0,0.0,0.0,0.0
14589,28.1957351,0.0,0.0,30.0,0.0,0.0,0.0,0.0
14590,28.1955884,0.0,0.0,30.0,0.0,0.0,0.0,0.0
14591,28.1954617,0.0,0.0,30.0,0.0,0.0,0.0,0.0
14592,28.1953541,0.0,0.0,30.0,0.0,0.0,0.0,0.0
14593,28.1952651,0.0,0.0,30.0,0.0,0.0,0.0,0.0
14594,28.195194,0.0,0.0,30.0,0.0,0.0,0.0,0.0
14595,28.1951405,0.0,0.0,30.0,0.0,0.0,0.0,0.0
14596,28.1951041,0.0,0.0,30.0,0.0,0.0,0.0,0.0
14597,28.1950847,0.0,0.0,30.0,0.0,0.0,0.0,0.0
14598,28.1950822,0.0,0.0,30.0,0.0,0.0,0.0,0.0
14599,28.1950964,0.0,0.0,30.0,0.0,0.0,0.0,0.0
14600,28.1951276,0.0,0.0,30.0,0.0,0.0,0.0,0.0
14601,28.1951759,0.0,0.0,30.0,0.0,0.0,0.0,0.0
14602,28.1952416,0.0,0.0,30.0,0.0,0.0,0.0,0.0
14603,28.1953251,0.0,0.0,30.0,0.0,0.0,0.0,0.0
14604,28.1954269,0.0,0.0,30.0,0.0,0.0,0.0,0.0
14605,28.1955477,0.0,0.0,30.0,0.0,0.0,0.0,0.0
14606,28.1956882,0.0,0.0,30.0,0.0,0.0,0.0,0.0
14607,28.1958493,0.0,0.0,30.0,0.0,0.0,0.0,0.0
14608,28.196032,0.0,0.0,30.0,0.0,0.0,0.0,0.0
14609,28.1962374,0.0,0.0,30.0,0.0,0.0,0.0,0.0
14610,28.1964669,0.0,0.0,30.0,0.0,0.0,0.0,0.0
14611,28.1967218,0.0,0.0,30.0,0.0,0.0,0.0,0.0
14612,28.1970037,0.0,0.0,30.0,0.0,0.0,0.0,0.0
14613,28.1973145,0.0,0.0,30.0,0.0,0.0,0.0,0.0
14614,28.1976559,0.0,0.0,30.0,0.0,0.0,0.0,0.0
14615,28.1980302,0.0,0.0,30.0,0.0,0.0,0.0,0.0
14616,28.1984397,0.0,0.0,30.0,0.0,0.0,0.0,0.0
14617,28.1988869,0.0,0.0,30.0,0.0,0.0,0.0,0.0
14618,28.1993746,0.0,0.0,30.0,0.0,0.0,0.0,0.0
14619,28.1999059,0.0,0.0,30.0,0.0,0.0,0.0,0.0
14620,28.2004841,0.0,0.0,30.0,0.0,0.0,0.0,0.0
14621,28.2011127,0.0,0.0,30.0,0.0,0.0,0.0,0.0
14622,28.2017957,0.0,0.0,30.0,0.0,0.0,0.0,0.0
14623,28.2025373,0.0,0.0,30.0,0.0,0.0,0.0,0.0
14624,28.2033422,0.0,0.0,30.0,0.0,0.0,0.0,0.0
14625,28.2042153,0.0,0.0,30.0,0.0,0.0,0.0,0.0
14626,28.2051621,0.0,0.0,30.0,0.0,0.0,0.0,0.0
14627,28.2061886,0.0,0.0,30.0,0.0,0.0,0.0,0.0
14628,28.207301,0.0,0.0,30.0,0.0,0.0,0.0,0.0
14629,28.2085063,0.0,0.0,30.0,0.0,0.0,0.0,0.0
14630,28.2098121,0.0,0.0,30.0,0.0,0.0,0.0,0.0
14631,28.2112264,0.0,0.0,30.0,0.0,0.0,0.0,0.0
14632,28.2127581,0.0,0.0,30.0,0.0,0.0,0.0,0.0
14633,28.2144167,0.0,0.0,30.0,0.0,0.0,0.0,0.0
14634,28.2162125,0.0,0.0,30.0,0.0,0.0,0.0,0.0
14635,28.2181567,0.0,0.0,30.0,0.0,0.0,0.0,0.0
14636,28.2202615,0.0,0.0,30.0,0.0,0.0,0.0,0.0
14637,28.2225399,0.0,0.0,30.0,0.0,0.0,0.0,0.0
14638,28.2250061,0.0,0.0,30.0,0.0,0.0,0.0,0.0
14639,28.2276754,0.0,0.0,30.0,0.0,0.0,0.0,0.0
14640,28.2305646,0.0,0.0,30.0,0.0,0.0,0.0,0.0
14641,28.2336916,0.0,0.0,30.0,0.0,0.0,0.0,0.0
14642,28.2370758,0.0,0.0,30.0,0.0,0.0,0.0,0.0
14643,28.2407384,0.0,0.0,30.0,0.0,0.0,0.0,0.0
14644,28.2447021,0.0,0.0,30.0,0.0,0.0,0.0,0.0
14645,28.2489917,0.0,0.0,30.0,0.0,0.0,0.0,0.0
14646,28.2536338,0.0,0.0,30.0,0.0,0.0,0.0,0.0
14647,28.2586573,0.0,0.0,30.0,0.0,0.0,0.0,0.0
14648,28.2640936,0.0,0.0,30.0,0.0,0.0,0.0,0.0
14649,28.2699765,0.0,0.0,30.0,0.0,0.0,0.0,0.0
14650,28.2763426,0.0,0.0,30.0,0.0,0.0,0.0,0.0
14651,28.2832315,0.0,0.0,30.0,0.0,0.0,0.0,0.0
14652,28.2906863,0.0,0.0,30.0,0.0,0.0,0.0,0.0
14653,28.2987532,0.0,0.0,30.0,0.0,0.0,0.0,0.0
14654,28.3074826,0.0,0.0,30.0,0.0,0.0,0.0,0.0
14655,28.3169287,0.0,0.0,30.0,0.0,0.0,0.0,0.0
14656,28.3271504,0.0,0.0,30.0,0.0,0.0,0.0,0.0
14657,28.3382114,0.0,0.0,30.0,0.0,0.0,0.0,0.0
14658,28.3501806,0.0,0.0,30.0,0.0,0.0,0.0,0.0
14659,28.3631324,0.0,0.0,30.0,0.0,0.0,0.0,0.0
14660,28.3771475,0.0,0.0,30.0,0.0,0.0,0.0,0.0
14661,28.3923132,0.0,0.0,30.0,0.0,0.0,0.0,0.0
14662,28.408724,0.0,0.0,30.0,0.0,0.0,0.0,0.0
14663,28.4264821,0.0,0.0,30.0,0.0,0.0,0.0,0.0
14664,28.4456979,0.0,0.0,30.0,0.0,0.0,0.0,0.0
14665,28.4664912,0.0,0.0,30.0,0.0,0.0,0.0,0.0
14666,28.4889914,0.0,0.0,30.0,0.0,0.0,0.0,0.0
14667,28.513339,0.0,0.0,30.0,0.0,0.0,0.0,0.0
14668,28.5396854,0.0,0.0,30.0,0.0,0.0,0.0,0.0
14669,28.568193,0.0,0.0,30.0,0.0,0.0,0.0,0.0
14670,28.5990402,0.0,0.0,30.0,0.0,0.0,0.0,0.0
14671,28.6324277,0.0,0.0,30.0,0.0,0.0,0.0,0.0
14672,28.6685583,0.0,0.0,30.0,0.0,0.0,0.0,0.0
14673,28.7076143,0.0,0.0,30.0,0.0,0.0,0.0,0.0
14674,28.749869,0.0,0.0,30.0,0.0,0.0,0.0,0.0
14675,28.7957942,0.0,0.0,30.0,0.0,0.0,0.0,0.0
14676,28.8455041,0.0,0.0,30.0,0.0,0.0,0.0,0.0
14677,28.8982912,0.0,0.0,30.0,0.0,0.0,0.0,0.0
14678,28.9554447,0.0,0.0,30.0,0.0,0.0,0.0,0.0
14679,29.0222659,0.0,0.0,30.0,0.0,0.0,0.0,0.0
14680,29.0938795,0.0,0.0,30.0,0.0,0.0,0.0,0.0
14681,29.1467485,0.0,0.0,30.0,0.0,0.0,0.0,0.0
14682,29.2100087,0.0,0.0,30.0,0.0,0.0,0.0,0.0
14683,29.4000252,0.0,0.0,30.0,0.0,0.0,0.0,0.0
14684,29.5627618,0.0,0.0,30.0,0.0,0.0,0.0,0.0
14685,29.1382372,0.0,0.0,30.0,0.0,0.0,0.0,0.0
14686,29.0148366,0.0,0.0,30.0,0.0,0.0,0.0,0.0
14687,29.9065178,0.0,0.0,30.0,0.0,0.0,0.0,0.0
14688,30.0,0.0,0.0,30.0,0.0,0.0,0.0,0.0
14689,30.0,0.0,0.0,30.0,0.0,0.0,0.0,0.0
14690,23.8911033,0.0,0.0,30.0,0.0,0.0,0.0,0.0
14691,23.6889134,0.0,0.0,30.0,0.0,0.0,0.0,0.0
14692,0.0,0.0,0.0,0.0,0.0,0.0,0.0,0.0
14693,30.0,0.0,0.0,3.96614481,0.0,0.0,0.0,0.0
14694,21.2353257,0.0,0.0,8.89237594,0.0,0.0,0.0,0.0
14695,0.0,0.0,0.0,16.2064358,0.0,0.0,0.0,0.0
14696,0.0,0.0,0.0,21.2830735,0.0,0.0,0.0,0.0
14697,0.0,0.0,0.0,22.6533876,0.0,0.0,0.0,0.0
14698,0.0,0.0,0.0,23.0460551,0.0,0.0,0.0,0.0
14699,0.0,0.0,0.0,23.828691,0.0,0.0,0.0,0.0
14700,0.0,0.0,0.0,24.5474817,0.0,0.0,0.0,0.0
14701,0.0,0.0,0.0,25.0114795,0.0,0.0,0.0,0.0
14702,0.0,0.0,0.0,25.3032495,0.0,0.0,0.0,0.0
14703,0.0,0.0,0.0,25.4551974,0.0,0.0,0.0,0.0
14704,0.0,0.0,0.0,25.456262,0.0,0.0,0.0,0.0
14705,0.0,0.0,0.0,25.302067,0.0,0.0,0.0,0.0
14706,0.0,0.0,0.0,24.9937423,0.0,0.0,0.0,0.0
14707,0.0,0.0,0.0,24.5295942,0.0,0.0,0.0,0.0
14708,0.0,0.0,0.0,23.8980444,0.0,0.0,0.0,0.0
14709,0.0,0.0,0.0,23.0838893,0.0,0.0,0.0,0.0
14710,0.0,0.0,0.0,22.1161125,0.0,0.0,0.0,0.0
14711,0.0,0.0,0.0,21.0263701,0.0,0.0,0.0,0.0
14712,0.0,0.0,0.0,19.5464488,0.0,0.0,0.0,0.0
14713,0.0,0.0,0.0,17.4247227,0.0,0.0,0.0,0.0
14714,0.0,0.0,0.0,16.3211561,0.0,0.0,0.0,0.0
14715,0.0,0.0,0.0,17.4294996,0.0,0.0,0.0,0.0
14716,0.0,0.0,0.0,13.1226371,0.0,0.0,0.0,0.0
14717,0.0,0.0,0.0,0.0,0.0,0.0,0.0,0.0
14718,0.0,0.0,0.0,0.0,0.0,0.0,0.0,0.0
14719,0.0,0.0,0.0,0.0,0.0,0.0,0.0,0.0
14720,30.0,0.0,0.0,30.0,0.0,0.0,0.0,0.0
14721,30.0,0.0,0.0,30.0,0.0,0.0,0.0,0.0
14722,30.0,0.0,0.0,30.0,0.0,0.0,0.0,0.0
14723,30.0,0.0,0.0,30.0,0.0,0.0,0.0,0.0
14724,30.0,0.0,0.0,30.0,0.0,0.0,0.0,0.0
14725,30.0,0.0,0.0,30.0,0.0,0.0,0.0,0.0
14726,30.0,0.0,0.0,30.0,0.0,0.0,0.0,0.0
14727,30.0,0.0,0.0,30.0,0.0,0.0,0.0,0.0
14728,26.3706323,0.0,0.0,30.0,0.0,0.0,0.0,0.0
14729,21.3760711,0.0,0.0,30.0,0.0,0.0,0.0,0.0
14730,22.2628093,0.0,0.0,30.0,0.0,0.0,0.0,0.0
14731,26.4922307,0.0,0.0,30.0,0.0,0.0,0.0,0.0
14732,18.196877,0.0,0.0,30.0,0.0,0.0,0.0,0.0
14733,18.1316768,0.0,0.0,30.0,0.0,0.0,0.0,0.0
14734,28.1178562,0.0,0.0,30.0,0.0,0.0,0.0,0.0
14735,30.0,0.0,0.0,30.0,0.0,0.0,0.0,0.0
14736,30.0,0.0,0.0,30.0,0.0,0.0,0.0,0.0
14737,30.0,0.0,0.0,30.0,0.0,0.0,0.0,0.0
14738,30.0,0.0,0.0,30.0,0.0,0.0,0.0,0.0
14739,30.0,0.0,0.0,30.0,0.0,0.0,0.0,0.0
14740,28.4454687,0.0,0.0,30.0,0.0,0.0,0.0,0.0
14741,28.1778277,0.0,0.0,30.0,0.0,0.0,0.0,0.0
14742,28.3437775,0.0,0.0,30.0,0.0,0.0,0.0,0.0
14743,28.1119474,0.0,0.0,30.0,0.0,0.0,0.0,0.0
14744,28.0978062,0.0,0.0,30.0,0.0,0.0,0.0,0.0
14745,28.1495548,0.0,0.0,30.0,0.0,0.0,0.0,0.0
14746,28.1559375,0.0,0.0,30.0,0.0,0.0,0.0,0.0
14747,28.1496542,0.0,0.0,30.0,0.0,0.0,0.0,0.0
14748,28.152458,0.0,0.0,30.0,0.0,0.0,0.0,0.0
14749,28.1573196,0.0,0.0,30.0,0.0,0.0,0.0,0.0
14750,28.160029,0.0,0.0,30.0,0.0,0.0,0.0,0.0
14751,28.1621137,0.0,0.0,30.0,0.0,0.0,0.0,0.0
14752,28.1644086,0.0,0.0,30.0,0.0,0.0,0.0,0.0
14753,28.1666061,0.0,0.0,30.0,0.0,0.0,0.0,0.0
14754,28.1685612,0.0,0.0,30.0,0.0,0.0,0.0,0.0
14755,28.1703543,0.0,0.0,30.0,0.0,0.0,0.0,0.0
14756,28.172027,0.0,0.0,30.0,0.0,0.0,0.0,0.0
14757,28.1735755,0.0,0.0,30.0,0.0,0.0,0.0,0.0
14758,28.1750034,0.0,0.0,30.0,0.0,0.0,0.0,0.0
14759,28.1763228,0.0,0.0,30.0,0.0,0.0,0.0,0.0
14760,28.1775428,0.0,0.0,30.0,0.0,0.0,0.0,0.0
14761,28.1786706,0.0,0.0,30.0,0.0,0.0,0.0,0.0
14762,28.1797129,0.0,0.0,30.0,0.0,0.0,0.0,0.0
14763,28.1806763,0.0,0.0,30.0,0.0,0.0,0.0,0.0
14764,28.1815669,0.0,0.0,30.0,0.0,0.0,0.0,0.0
14765,28.1823902,0.0,0.0,30.0,0.0,0.0,0.0,0.0
14766,28.1831512,0.0,0.0,30.0,0.0,0.0,0.0,0.0
14767,28.1838548,0.0,0.0,30.0,0.0,0.0,0.0,0.0
14768,28.1845054,0.0,0.0,30.0,0.0,0.0,0.0,0.0
14769,28.1851069,0.0,0.0,30.0,0.0,0.0,0.0,0.0
14770,28.1856631,0.0,0.0,30.0,0.0,0.0,0.0,0.0
14771,28.1861776,0.0,0.0,30.0,0.0,0.0,0.0,0.0
14772,28.1866534,0.0,0.0,30.0,0.0,0.0,0.0,0.0
14773,28.1870936,0.0,0.0,30.0,0.0,0.0,0.0,0.0
14774,28.1875008,0.0,0.0,30.0,0.0,0.0,0.0,0.0
14775,28.1878777,0.0,0.0,30.0,0.0,0.0,0.0,0.0
14776,28.1882266,0.0,0.0,30.0,0.0,0.0,0.0,0.0
14777,28.1885496,0.0,0.0,30.0,0.0,0.0,0.0,0.0
14778,28.1888488,0.0,0.0,30.0,0.0,0.0,0.0,0.0
14779,28.189126,0.0,0.0,30.0,0.0,0.0,0.0,0.0
14780,28.1893829,0.0,0.0,30.0,0.0,0.0,0.0,0.0
14781,28.1896212,0.0,0.0,30.0,0.0,0.0,0.0,0.0
14782,28.1898423,0.0,0.0,30.0,0.0,0.0,0.0,0.0
14783,28.1900476,0.0,0.0,30.0,0.0,0.0,0.0,0.0
14784,28.1902384,0.0,0.0,30.0,0.0,0.0,0.0,0.0
14785,28.1904158,0.0,0.0,30.0,0.0,0.0,0.0,0.0
14786,28.1905811,0.0,0.0,30.0,0.0,0.0,0.0,0.0
14787,28.1907351,0.0,0.0,30.0,0.0,0.0,0.0,0.0
14788,28.1908789,0.0,0.0,30.0,0.0,0.0,0.0,0.0
14789,28.1910133,0.0,0.0,30.0,0.0,0.0,0.0,0.0
14790,28.1911393,0.0,0.0,30.0,0.0,0.0,0.0,0.0
14791,28.1912575,0.0,0.0,30.0,0.0,0.0,0.0,0.0
14792,28.1913687,0.0,0.0,30.0,0.0,0.0,0.0,0.0
14793,28.1914737,0.0,0.0,30.0,0.0,0.0,0.0,0.0
14794,28.1915729,0.0,0.0,30.0,0.0,0.0,0.0,0.0
14795,28.1916672,0.0,0.0,30.0,0.0,0.0,0.0,0.0
14796,28.191757,0.0,0.0,30.0,0.0,0.0,0.0,0.0
14797,28.191843,0.0,0.0,30.0,0.0,0.0,0.0,0.0
14798,28.1919256,0.0,0.0,30.0,0.0,0.0,0.0,0.0
14799,28.1920053,0.0,0.0,30.0,0.0,0.0,0.0,0.0
14800,28.1920828,0.0,0.0,30.0,0.0,0.0,0.0,0.0
14801,28.1921584,0.0,0.0,30.0,0.0,0.0,0.0,0.0
14802,28.1922325,0.0,0.0,30.0,0.0,0.0,0.0,0.0
14803,28.1923058,0.0,0.0,30.0,0.0,0.0,0.0,0.0
14804,28.1923786,0.0,0.0,30.0,0.0,0.0,0.0,0.0
14805,28.1924514,0.0,0.0,30.0,0.0,0.0,0.0,0.0
14806,28.1925247,0.0,0.0,30.0,0.0,0.0,0.0,0.0
14807,28.1925988,0.0,0.0,30.0,0.0,0.0,0.0,0.0
14808,28.1926743,0.0,0.0,30.0,0.0,0.0,0.0,0.0
14809,28.1927516,0.0,0.0,30.0,0.0,0.0,0.0,0.0
14810,28.1928313,0.0,0.0,30.0,0.0,0.0,0.0,0.0
14811,28.1929137,0.0,0.0,30.0,0.0,0.0,0.0,0.0
14812,28.1929994,0.0,0.0,30.0,0.0,0.0,0.0,0.0
14813,28.193089,0.0,0.0,30.0,0.0,0.0,0.0,0.0
14814,28.1931831,0.0,0.0,30.0,0.0,0.0,0.0,0.0
14815,28.1932821,0.0,0.0,30.0,0.0,0.0,0.0,0.0
14816,28.1933867,0.0,0.0,30.0,0.0,0.0,0.0,0.0
14817,28.1934976,0.0,0.0,30.0,0.0,0.0,0.0,0.0
14818,28.1936154,0.0,0.0,30.0,0.0,0.0,0.0,0.0
14819,28.193741,0.0,0.0,30.0,0.0,0.0,0.0,0.0
14820,28.193875,0.0,0.0,30.0,0.0,0.0,0.0,0.0
14821,28.1940183,0.0,0.0,30.0,0.0,0.0,0.0,0.0
14822,28.1941718,0.0,0.0,30.0,0.0,0.0,0.0,0.0
14823,28.1943364,0.0,0.0,30.0,0.0,0.0,0.0,0.0
14824,28.1945132,0.0,0.0,30.0,0.0,0.0,0.0,0.0
14825,28.1947033,0.0,0.0,30.0,0.0,0.0,0.0,0.0
14826,28.1949079,0.0,0.0,30.0,0.0,0.0,0.0,0.0
14827,28.1951282,0.0,0.0,30.0,0.0,0.0,0.0,0.0
14828,28.1953656,0.0,0.0,30.0,0.0,0.0,0.0,0.0
14829,28.1956216,0.0,0.0,30.0,0.0,0.0,0.0,0.0
14830,28.1958978,0.0,0.0,30.0,0.0,0.0,0.0,0.0
14831,28.1961959,0.0,0.0,30.0,0.0,0.0,0.0,0.0
14832,28.1965177,0.0,0.0,30.0,0.0,0.0,0.0,0.0
14833,28.1968653,0.0,0.0,30.0,0.0,0.0,0.0,0.0
14834,28.1972408,0.0,0.0,30.0,0.0,0.0,0.0,0.0
14835,28.1976466,0.0,0.0,30.0,0.0,0.0,0.0,0.0
14836,28.1980852,0.0,0.0,30.0,0.0,0.0,0.0,0.0
14837,28.1985593,0.0,0.0,30.0,0.0,0.0,0.0,0.0
14838,28.1990719,0.0,0.0,30.0,0.0,0.0,0.0,0.0
14839,28.1996261,0.0,0.0,30.0,0.0,0.0,0.0,0.0
14840,28.2002255,0.0,0.0,30.0,0.0,0.0,0.0,0.0
14841,28.2008737,0.0,0.0,30.0,0.0,0.0,0.0,0.0
14842,28.2015749,0.0,0.0,30.0,0.0,0.0,0.0,0.0
14843,28.2023332,0.0,0.0,30.0,0.0,0.0,0.0,0.0
14844,28.2031536,0.0,0.0,30.0,0.0,0.0,0.0,0.0
14845,28.204041,0.0,0.0,30.0,0.0,0.0,0.0,0.0
14846,28.2050011,0.0,0.0,30.0,0.0,0.0,0.0,0.0
14847,28.2060397,0.0,0.0,30.0,0.0,0.0,0.0,0.0
14848,28.2071635,0.0,0.0,30.0,0.0,0.0,0.0,0.0
14849,28.2083792,0.0,0.0,30.0,0.0,0.0,0.0,0.0
14850,28.2096946,0.0,0.0,30.0,0.0,0.0,0.0,0.0
14851,28.2111179,0.0,0.0,30.0,0.0,0.0,0.0,0.0
14852,28.2126578,0.0,0.0,30.0,0.0,0.0,0.0,0.0
14853,28.214324,0.0,0.0,30.0,0.0,0.0,0.0,0.0
14854,28.2161268,0.0,0.0,30.0,0.0,0.0,0.0,0.0
14855,28.2180776,0.0,0.0,30.0,0.0,0.0,0.0,0.0
14856,28.2201883,0.0,0.0,30.0,0.0,0.0,0.0,0.0
14857,28.2224723,0.0,0.0,30.0,0.0,0.0,0.0,0.0
14858,28.2249436,0.0,0.0,30.0,0.0,0.0,0.0,0.0
14859,28.2276177,0.0,0.0,30.0,0.0,0.0,0.0,0.0
14860,28.2305113,0.0,0.0,30.0,0.0,0.0,0.0,0.0
14861,28.2336423,0.0,0.0,30.0,0.0,0.0,0.0,0.0
14862,28.2370303,0.0,0.0,30.0,0.0,0.0,0.0,0.0
14863,28.2406963,0.0,0.0,30.0,0.0,0.0,0.0,0.0
14864,28.2446632,0.0,0.0,30.0,0.0,0.0,0.0,0.0
14865,28.2489557,0.0,0.0,30.0,0.0,0.0,0.0,0.0
14866,28.2536006,0.0,0.0,30.0,0.0,0.0,0.0,0.0
14867,28.2586266,0.0,0.0,30.0,0.0,0.0,0.0,0.0
14868,28.2640653,0.0,0.0,30.0,0.0,0.0,0.0,0.0
14869,28.2699503,0.0,0.0,30.0,0.0,0.0,0.0,0.0
14870,28.2763184,0.0,0.0,30.0,0.0,0.0,0.0,0.0
14871,28.2832092,0.0,0.0,30.0,0.0,0.0,0.0,0.0
14872,28.2906656,0.0,0.0,30.0,0.0,0.0,0.0,0.0
14873,28.2987341,0.0,0.0,30.0,0.0,0.0,0.0,0.0
14874,28.3074649,0.0,0.0,30.0,0.0,0.0,0.0,0.0
14875,28.3169124,0.0,0.0,30.0,0.0,0.0,0.0,0.0
14876,28.3271354,0.0,0.0,30.0,0.0,0.0,0.0,0.0
14877,28.3381975,0.0,0.0,30.0,0.0,0.0,0.0,0.0
14878,28.3501677,0.0,0.0,30.0,0.0,0.0,0.0,0.0
14879,28.3631205,0.0,0.0,30.0,0.0,0.0,0.0,0.0
14880,28.3771365,0.0,0.0,30.0,0.0,0.0,0.0,0.0
14881,28.3923031,0.0,0.0,30.0,0.0,0.0,0.0,0.0
14882,28.4087147,0.0,0.0,30.0,0.0,0.0,0.0,0.0
14883,28.4264734,0.0,0.0,30.0,0.0,0.0,0.0,0.0
14884,28.4456899,0.0,0.0,30.0,0.0,0.0,0.0,0.0
14885,28.4664838,0.0,0.0,30.0,0.0,0.0,0.0,0.0
14886,28.4889846,0.0,0.0,30.0,0.0,0.0,0.0,0.0
14887,28.5133327,0.0,0.0,30.0,0.0,0.0,0.0,0.0
14888,28.5396796,0.0,0.0,30.0,0.0,0.0,0.0,0.0
14889,28.5681877,0.0,0.0,30.0,0.0,0.0,0.0,0.0
14890,28.5990353,0.0,0.0,30.0,0.0,0.0,0.0,0.0
14891,28.6324232,0.0,0.0,30.0,0.0,0.0,0.0,0.0
14892,28.6685541,0.0,0.0,30.0,0.0,0.0,0.0,0.0
14893,28.7076104,0.0,0.0,30.0,0.0,0.0,0.0,0.0
14894,28.7498654,0.0,0.0,30.0,0.0,0.0,0.0,0.0
14895,28.7957909,0.0,0.0,30.0,0.0,0.0,0.0,0.0
14896,28.8455011,0.0,0.0,30.0,0.0,0.0,0.0,0.0
14897,28.8982884,0.0,0.0,30.0,0.0,0.0,0.0,0.0
14898,28.9554422,0.0,0.0,30.0,0.0,0.0,0.0,0.0
14899,29.0222635,0.0,0.0,30.0,0.0,0.0,0.0,0.0
14900,29.0938774,0.0,0.0,30.0,0.0,0.0,0.0,0.0
14901,29.1467465,0.0,0.0,30.0,0.0,0.0,0.0,0.0
14902,29.2100069,0.0,0.0,30.0,0.0,0.0,0.0,0.0
14903,29.4000236,0.0,0.0,30.0,0.0,0.0,0.0,0.0
14904,29.5627604,0.0,0.0,30.0,0.0,0.0,0.0,0.0
14905,29.138236,0.0,0.0,30.0,0.0,0.0,0.0,0.0
14906,29.0148353,0.0,0.0,30.0,0.0,0.0,0.0,0.0
14907,29.9065165,0.0,0.0,30.0,0.0,0.0,0.0,0.0
14908,30.0,0.0,0.0,30.0,0.0,0.0,0.0,0.0
14909,30.0,0.0,0.0,30.0,0.0,0.0,0.0,0.0
14910,23.8910993,0.0,0.0,30.0,0.0,0.0,0.0,0.0
14911,23.6889107,0.0,0.0,30.0,0.0,0.0,0.0,0.0
14912,0.0,0.0,0.0,0.0,0.0,0.0,0.0,0.0
14913,30.0,0.0,0.0,4.91746217,0.0,0.0,0.0,0.0
14914,30.0,0.0,0.0,7.02734753,0.0,0.0,0.0,0.0
14915,0.0,0.0,0.0,17.7123086,0.0,0.0,0.0,0.0
14916,0.0,0.0,0.0,23.2690326,0.0,0.0,0.0,0.0
14917,0.0,0.0,0.0,24.9543813,0.0,0.0,0.0,0.0
14918,0.0,0.0,0.0,25.6476614,0.0,0.0,0.0,0.0
14919,0.0,0.0,0.0,26.7895881,0.0,0.0,0.0,0.0
14920,0.0,0.0,0.0,27.8833453,0.0,0.0,0.0,0.0
14921,0.0,0.0,0.0,28.7946574,0.0,0.0,0.0,0.0
14922,0.0,0.0,0.0,29.5475471,0.0,0.0,0.0,0.0
14923,0.245962814,0.0,0.0,30.0,0.0,0.0,0.0,0.0
14924,1.82204195,0.0,0.0,30.0,0.0,0.0,0.0,0.0
14925,3.26785546,0.0,0.0,30.0,0.0,0.0,0.0,0.0
14926,4.42209102,0.0,0.0,30.0,0.0,0.0,0.0,0.0
14927,5.48665639,0.0,0.0,30.0,0.0,0.0,0.0,0.0
14928,6.43194524,0.0,0.0,30.0,0.0,0.0,0.0,0.0
14929,7.22820961,0.0,0.0,30.0,0.0,0.0,0.0,0.0
14930,7.90083332,0.0,0.0,30.0,0.0,0.0,0.0,0.0
14931,8.45522311,0.0,0.0,30.0,0.0,0.0,0.0,0.0
14932,8.82961504,0.0,0.0,30.0,0.0,0.0,0.0,0.0
14933,9.06139976,0.0,0.0,30.0,0.0,0.0,0.0,0.0
14934,9.46393162,0.0,0.0,30.0,0.0,0.0,0.0,0.0
14935,9.82589935,0.0,0.0,30.0,0.0,0.0,0.0,0.0
14936,8.62599752,0.0,0.0,30.0,0.0,0.0,0.0,0.0
14937,7.07988632,0.0,0.0,30.0,0.0,0.0,0.0,0.0
14938,12.6433407,0.0,0.0,30.0,0.0,0.0,0.0,0.0
14939,17.3894464,0.0,0.0,30.0,0.0,0.0,0.0,0.0
14940,20.6362496,0.0,0.0,30.0,0.0,0.0,0.0,0.0
14941,24.5489436,0.0,0.0,30.0,0.0,0.0,0.0,0.0
14942,26.6128704,0.0,0.0,30.0,0.0,0.0,0.0,0.0
14943,27.639306,0.0,0.0,30.0,0.0,0.0,0.0,0.0
14944,27.4421145,0.0,0.0,30.0,0.0,0.0,0.0,0.0
14945,28.4155962,0.0,0.0,30.0,0.0,0.0,0.0,0.0
14946,29.0979471,0.0,0.0,30.0,0.0,0.0,0.0,0.0
14947,30.0,0.0,0.0,30.0,0.0,0.0,0.0,0.0
14948,30.0,0.0,0.0,30.0,0.0,0.0,0.0,0.0
14949,30.0,0.0,0.0,30.0,0.0,0.0,0.0,0.0
14950,30.0,0.0,0.0,30.0,0.0,0.0,0.0,0.0
14951,30.0,0.0,0.0,30.0,0.0,0.0,0.0,0.0
14952,30.0,0.0,0.0,30.0,0.0,0.0,0.0,0.0
14953,30.0,0.0,0.0,30.0,0.0,0.0,0.0,0.0
14954,30.0,0.0,0.0,30.0,0.0,0.0,0.0,0.0
14955,30.0,0.0,0.0,30.0,0.0,0.0,0.0,0.0
14956,30.0,0.0,0.0,30.0,0.0,0.0,0.0,0.0
14957,30.0,0.0,0.0,30.0,0.0,0.0,0.0,0.0
14958,30.0,0.0,0.0,30.0,0.0,0.0,0.0,0.0
14959,30.0,0.0,0.0,30.0,0.0,0.0,0.0,0.0
14960,29.2993319,0.0,0.0,30.0,0.0,0.0,0.0,0.0
14961,29.2606855,0.0,0.0,30.0,0.0,0.0,0.0,0.0
14962,29.3141329,0.0,0.0,30.0,0.0,0.0,0.0,0.0
14963,29.0519569,0.0,0.0,30.0,0.0,0.0,0.0,0.0
14964,28.9685482,0.0,0.0,30.0,0.0,0.0,0.0,0.0
14965,28.9455798,0.0,0.0,30.0,0.0,0.0,0.0,0.0
14966,28.8913479,0.0,0.0,30.0,0.0,0.0,0.0,0.0
14967,28.8310276,0.0,0.0,30.0,0.0,0.0,0.0,0.0
14968,28.7821517,0.0,0.0,30.0,0.0,0.0,0.0,0.0
14969,28.7388925,0.0,0.0,30.0,0.0,0.0,0.0,0.0
14970,28.6974901,0.0,0.0,30.0,0.0,0.0,0.0,0.0
14971,28.6588745,0.0,0.0,30.0,0.0,0.0,0.0,0.0
14972,28.6234829,0.0,0.0,30.0,0.0,0.0,0.0,0.0
14973,28.5908413,0.0,0.0,30.0,0.0,0.0,0.0,0.0
14974,28.5606151,0.0,0.0,30.0,0.0,0.0,0.0,0.0
14975,28.5326702,0.0,0.0,30.0,0.0,0.0,0.0,0.0
14976,28.5068578,0.0,0.0,30.0,0.0,0.0,0.0,0.0
14977,28.4830057,0.0,0.0,30.0,0.0,0.0,0.0,0.0
14978,28.4609606,0.0,0.0,30.0,0.0,0.0,0.0,0.0
14979,28.4405876,0.0,0.0,30.0,0.0,0.0,0.0,0.0
14980,28.4217608,0.0,0.0,30.0,0.0,0.0,0.0,0.0
14981,28.4043624,0.0,0.0,30.0,0.0,0.0,0.0,0.0
14982,28.3882839,0.0,0.0,30.0,0.0,0.0,0.0,0.0
14983,28.3734253,0.0,0.0,30.0,0.0,0.0,0.0,0.0
14984,28.3596942,0.0,0.0,30.0,0.0,0.0,0.0,0.0
14985,28.3470048,0.0,0.0,30.0,0.0,0.0,0.0,0.0
14986,28.3352784,0.0,0.0,30.0,0.0,0.0,0.0,0.0
14987,28.3244418,0.0,0.0,30.0,0.0,0.0,0.0,0.0
14988,28.3144275,0.0,0.0,30.0,0.0,0.0,0.0,0.0
14989,28.3051733,0.0,0.0,30.0,0.0,0.0,0.0,0.0
14990,28.2966214,0.0,0.0,30.0,0.0,0.0,0.0,0.0
14991,28.2887186,0.0,0.0,30.0,0.0,0.0,0.0,0.0
14992,28.2814158,0.0,0.0,30.0,0.0,0.0,0.0,0.0
14993,28.2746673,0.0,0.0,30.0,0.0,0.0,0.0,0.0
14994,28.2684313,0.0,0.0,30.0,0.0,0.0,0.0,0.0
14995,28.2626689,0.0,0.0,30.0,0.0,0.0,0.0,0.0
14996,28.2573442,0.0,0.0,30.0,0.0,0.0,0.0,0.0
14997,28.252424,0.0,0.0,30.0,0.0,0.0,0.0,0.0
14998,28.2478777,0.0,0.0,30.0,0.0,0.0,0.0,0.0
14999,28.243677,0.0,0.0,30.0,0.0,0.0,0.0,0.0
15000,28.2397957,0.0,0.0,30.0,0.0,0.0,0.0,0.0
15001,28.2362097,0.0,0.0,30.0,0.0,0.0,0.0,0.0
15002,28.2328967,0.0,0.0,30.0,0.0,0.0,0.0,0.0
15003,28.2298359,0.0,0.0,30.0,0.0,0.0,0.0,0.0
15004,28.2270084,0.0,0.0,30.0,0.0,0.0,0.0,0.0
15005,28.2243965,0.0,0.0,30.0,0.0,0.0,0.0,0.0
15006,28.221984,0.0,0.0,30.0,0.0,0.0,0.0,0.0
15007,28.2197558,0.0,0.0,30.0,0.0,0.0,0.0,0.0
15008,28.2176981,0.0,0.0,30.0,0.0,0.0,0.0,0.0
15009,28.215798,0.0,0.0,30.0,0.0,0.0,0.0,0.0
15010,28.2140438,0.0,0.0,30.0,0.0,0.0,0.0,0.0
15011,28.2124245,0.0,0.0,30.0,0.0,0.0,0.0,0.0
15012,28.21093,0.0,0.0,30.0,0.0,0.0,0.0,0.0
15013,28.209551,0.0,0.0,30.0,0.0,0.0,0.0,0.0
15014,28.208279,0.0,0.0,30.0,0.0,0.0,0.0,0.0
15015,28.2071059,0.0,0.0,30.0,0.0,0.0,0.0,0.0
15016,28.2060246,0.0,0.0,30.0,0.0,0.0,0.0,0.0
15017,28.2050282,0.0,0.0,30.0,0.0,0.0,0.0,0.0
15018,28.2041106,0.0,0.0,30.0,0.0,0.0,0.0,0.0
15019,28.203266,0.0,0.0,30.0,0.0,0.0,0.0,0.0
15020,28.2024892,0.0,0.0,30.0,0.0,0.0,0.0,0.0
15021,28.2017753,0.0,0.0,30.0,0.0,0.0,0.0,0.0
15022,28.20112,0.0,0.0,30.0,0.0,0.0,0.0,0.0
15023,28.200519,0.0,0.0,30.0,0.0,0.0,0.0,0.0
15024,28.1999688,0.0,0.0,30.0,0.0,0.0,0.0,0.0
15025,28.1994658,0.0,0.0,30.0,0.0,0.0,0.0,0.0
15026,28.1990069,0.0,0.0,30.0,0.0,0.0,0.0,0.0
15027,28.1985893,0.0,0.0,30.0,0.0,0.0,0.0,0.0
15028,28.1982104,0.0,0.0,30.0,0.0,0.0,0.0,0.0
15029,28.1978677,0.0,0.0,30.0,0.0,0.0,0.0,0.0
15030,28.1975592,0.0,0.0,30.0,0.0,0.0,0.0,0.0
15031,28.197283,0.0,0.0,30.0,0.0,0.0,0.0,0.0
15032,28.1970373,0.0,0.0,30.0,0.0,0.0,0.0,0.0
15033,28.1968206,0.0,0.0,30.0,0.0,0.0,0.0,0.0
15034,28.1966315,0.0,0.0,30.0,0.0,0.0,0.0,0.0
15035,28.1964689,0.0,0.0,30.0,0.0,0.0,0.0,0.0
15036,28.1963318,0.0,0.0,30.0,0.0,0.0,0.0,0.0
15037,28.1962193,0.0,0.0,30.0,0.0,0.0,0.0,0.0
15038,28.1961306,0.0,0.0,30.0,0.0,0.0,0.0,0.0
15039,28.1960653,0.0,0.0,30.0,0.0,0.0,0.0,0.0
15040,28.196023,0.0,0.0,30.0,0.0,0.0,0.0,0.0
15041,28.1960033,0.0,0.0,30.0,0.0,0.0,0.0,0.0
15042,28.1960062,0.0,0.0,30.0,0.0,0.0,0.0,0.0
15043,28.1960317,0.0,0.0,30.0,0.0,0.0,0.0,0.0
15044,28.1960799,0.0,0.0,30.0,0.0,0.0,0.0,0.0
15045,28.1961512,0.0,0.0,30.0,0.0,0.0,0.0,0.0
15046,28.1962459,0.0,0.0,30.0,0.0,0.0,0.0,0.0
15047,28.1963647,0.0,0.0,30.0,0.0,0.0,0.0,0.0
15048,28.1965083,0.0,0.0,30.0,0.0,0.0,0.0,0.0
15049,28.1966776,0.0,0.0,30.0,0.0,0.0,0.0,0.0
15050,28.1968737,0.0,0.0,30.0,0.0,0.0,0.0,0.0
15051,28.1970977,0.0,0.0,30.0,0.0,0.0,0.0,0.0
15052,28.1973511,0.0,0.0,30.0,0.0,0.0,0.0,0.0
15053,28.1976355,0.0,0.0,30.0,0.0,0.0,0.0,0.0
15054,28.1979526,0.0,0.0,30.0,0.0,0.0,0.0,0.0
15055,28.1983044,0.0,0.0,30.0,0.0,0.0,0.0,0.0
15056,28.1986931,0.0,0.0,30.0,0.0,0.0,0.0,0.0
15057,28.199121,0.0,0.0,30.0,0.0,0.0,0.0,0.0
15058,28.199591,0.0,0.0,30.0,0.0,0.0,0.0,0.0
15059,28.2001059,0.0,0.0,30.0,0.0,0.0,0.0,0.0
15060,28.2006688,0.0,0.0,30.0,0.0,0.0,0.0,0.0
15061,28.2012834,0.0,0.0,30.0,0.0,0.0,0.0,0.0
15062,28.2019535,0.0,0.0,30.0,0.0,0.0,0.0,0.0
15063,28.2026831,0.0,0.0,30.0,0.0,0.0,0.0,0.0
15064,28.2034769,0.0,0.0,30.0,0.0,0.0,0.0,0.0
15065,28.2043398,0.0,0.0,30.0,0.0,0.0,0.0,0.0
15066,28.2052772,0.0,0.0,30.0,0.0,0.0,0.0,0.0
15067,28.2062949,0.0,0.0,30.0,0.0,0.0,0.0,0.0
15068,28.2073993,0.0,0.0,30.0,0.0,0.0,0.0,0.0
15069,28.2085971,0.0,0.0,30.0,0.0,0.0,0.0,0.0
15070,28.209896,0.0,0.0,30.0,0.0,0.0,0.0,0.0
15071,28.211304,0.0,0.0,30.0,0.0,0.0,0.0,0.0
15072,28.2128298,0.0,0.0,30.0,0.0,0.0,0.0,0.0
15073,28.2144829,0.0,0.0,30.0,0.0,0.0,0.0,0.0
15074,28.2162737,0.0,0.0,30.0,0.0,0.0,0.0,0.0
15075,28.2182133,0.0,0.0,30.0,0.0,0.0,0.0,0.0
15076,28.2203137,0.0,0.0,30.0,0.0,0.0,0.0,0.0
15077,28.2225882,0.0,0.0,30.0,0.0,0.0,0.0,0.0
15078,28.2250507,0.0,0.0,30.0,0.0,0.0,0.0,0.0
15079,28.2277167,0.0,0.0,30.0,0.0,0.0,0.0,0.0
15080,28.2306027,0.0,0.0,30.0,0.0,0.0,0.0,0.0
15081,28.2337268,0.0,0.0,30.0,0.0,0.0,0.0,0.0
15082,28.2371084,0.0,0.0,30.0,0.0,0.0,0.0,0.0
15083,28.2407685,0.0,0.0,30.0,0.0,0.0,0.0,0.0
15084,28.2447299,0.0,0.0,30.0,0.0,0.0,0.0,0.0
15085,28.2490174,0.0,0.0,30.0,0.0,0.0,0.0,0.0
15086,28.2536575,0.0,0.0,30.0,0.0,0.0,0.0,0.0
15087,28.2586792,0.0,0.0,30.0,0.0,0.0,0.0,0.0
15088,28.2641139,0.0,0.0,30.0,0.0,0.0,0.0,0.0
15089,28.2699952,0.0,0.0,30.0,0.0,0.0,0.0,0.0
15090,28.2763599,0.0,0.0,30.0,0.0,0.0,0.0,0.0
15091,28.2832475,0.0,0.0,30.0,0.0,0.0,0.0,0.0
15092,28.2907011,0.0,0.0,30.0,0.0,0.0,0.0,0.0
15093,28.2987669,0.0,0.0,30.0,0.0,0.0,0.0,0.0
15094,28.3074952,0.0,0.0,30.0,0.0,0.0,0.0,0.0
15095,28.3169403,0.0,0.0,30.0,0.0,0.0,0.0,0.0
15096,28.3271612,0.0,0.0,30.0,0.0,0.0,0.0,0.0
15097,28.3382214,0.0,0.0,30.0,0.0,0.0,0.0,0.0
15098,28.3501897,0.0,0.0,30.0,0.0,0.0,0.0,0.0
15099,28.3631409,0.0,0.0,30.0,0.0,0.0,0.0,0.0
15100,28.3771553,0.0,0.0,30.0,0.0,0.0,0.0,0.0
15101,28.3923205,0.0,0.0,30.0,0.0,0.0,0.0,0.0
15102,28.4087307,0.0,0.0,30.0,0.0,0.0,0.0,0.0
15103,28.4264882,0.0,0.0,30.0,0.0,0.0,0.0,0.0
15104,28.4457036,0.0,0.0,30.0,0.0,0.0,0.0,0.0
15105,28.4664965,0.0,0.0,30.0,0.0,0.0,0.0,0.0
15106,28.4889962,0.0,0.0,30.0,0.0,0.0,0.0,0.0
15107,28.5133435,0.0,0.0,30.0,0.0,0.0,0.0,0.0
15108,28.5396896,0.0,0.0,30.0,0.0,0.0,0.0,0.0
15109,28.5681969,0.0,0.0,30.0,0.0,0.0,0.0,0.0
15110,28.5990437,0.0,0.0,30.0,0.0,0.0,0.0,0.0
15111,28.6324309,0.0,0.0,30.0,0.0,0.0,0.0,0.0
15112,28.6685613,0.0,0.0,30.0,0.0,0.0,0.0,0.0
15113,28.707617,0.0,0.0,30.0,0.0,0.0,0.0,0.0
15114,28.7498715,0.0,0.0,30.0,0.0,0.0,0.0,0.0
15115,28.7957965,0.0,0.0,30.0,0.0,0.0,0.0,0.0
15116,28.8455062,0.0,0.0,30.0,0.0,0.0,0.0,0.0
15117,28.8982932,0.0,0.0,30.0,0.0,0.0,0.0,0.0
15118,28.9554465,0.0,0.0,30.0,0.0,0.0,0.0,0.0
15119,29.0222675,0.0,0.0,30.0,0.0,0.0,0.0,0.0
15120,29.093881,0.0,0.0,30.0,0.0,0.0,0.0,0.0
15121,29.1467499,0.0,0.0,30.0,0.0,0.0,0.0,0.0
15122,29.21001,0.0,0.0,30.0,0.0,0.0,0.0,0.0
15123,29.4000264,0.0,0.0,30.0,0.0,0.0,0.0,0.0
15124,29.5627629,0.0,0.0,30.0,0.0,0.0,0.0,0.0
15125,29.138238,0.0,0.0,30.0,0.0,0.0,0.0,0.0
15126,29.0148375,0.0,0.0,30.0,0.0,0.0,0.0,0.0
15127,29.9065188,0.0,0.0,30.0,0.0,0.0,0.0,0.0
15128,30.0,0.0,0.0,30.0,0.0,0.0,0.0,0.0
15129,30.0,0.0,0.0,30.0,0.0,0.0,0.0,0.0
15130,23.8911061,0.0,0.0,30.0,0.0,0.0,0.0,0.0
15131,23.6889154,0.0,0.0,30.0,0.0,0.0,0.0,0.0
15132,0.0,0.0,0.0,0.0,0.0,0.0,0.0,0.0
15133,30.0,0.0,0.0,4.17190152,0.0,0.0,0.0,0.0
15134,28.6297695,0.0,0.0,6.60148259,0.0,0.0,0.0,0.0
15135,0.0,0.0,0.0,16.68928,0.0,0.0,0.0,0.0
15136,0.0,0.0,0.0,21.8568074,0.0,0.0,0.0,0.0
15137,0.0,0.0,0.0,23.2967201,0.0,0.0,0.0,0.0
15138,0.0,0.0,0.0,23.7604688,0.0,0.0,0.0,0.0
15139,0.0,0.0,0.0,24.6293481,0.0,0.0,0.0,0.0
15140,0.0,0.0,0.0,25.4445645,0.0,0.0,0.0,0.0
15141,0.0,0.0,0.0,26.0144838,0.0,0.0,0.0,0.0
15142,0.0,0.0,0.0,26.4238771,0.0,0.0,0.0,0.0
15143,0.0,0.0,0.0,26.7067737,0.0,0.0,0.0,0.0
15144,0.0,0.0,0.0,26.8536249,0.0,0.0,0.0,0.0
15145,0.0,0.0,0.0,26.8618293,0.0,0.0,0.0,0.0
15146,0.0,0.0,0.0,26.7336019,0.0,0.0,0.0,0.0
15147,0.0,0.0,0.0,26.468907,0.0,0.0,0.0,0.0
15148,0.0,0.0,0.0,26.064076,0.0,0.0,0.0,0.0
15149,0.0,0.0,0.0,25.5086411,0.0,0.0,0.0,0.0
15150,0.0,0.0,0.0,24.7984215,0.0,0.0,0.0,0.0
15151,0.0,0.0,0.0,23.960887,0.0,0.0,0.0,0.0
15152,0.0,0.0,0.0,22.9653042,0.0,0.0,0.0,0.0
15153,0.0,0.0,0.0,21.5727075,0.0,0.0,0.0,0.0
15154,0.0,0.0,0.0,19.9394657,0.0,0.0,0.0,0.0
15155,0.0,0.0,0.0,19.4813227,0.0,0.0,0.0,0.0
15156,0.0,0.0,0.0,18.8378835,0.0,0.0,0.0,0.0
15157,0.0,0.0,0.0,8.98363264,0.0,0.0,0.0,0.0
15158,0.0,0.0,0.0,0.286356857,0.0,0.0,0.0,0.0
15159,0.0,0.0,0.0,4.89029842,0.0,0.0,0.0,0.0
15160,30.0,0.0,0.0,30.0,0.0,0.0,0.0,0.0
15161,30.0,0.0,0.0,30.0,0.0,0.0,0.0,0.0
15162,30.0,0.0,0.0,30.0,0.0,0.0,0.0,0.0
15163,30.0,0.0,0.0,30.0,0.0,0.0,0.0,0.0
15164,30.0,0.0,0.0,30.0,0.0,0.0,0.0,0.0
15165,30.0,0.0,0.0,30.0,0.0,0.0,0.0,0.0
15166,23.3787873,0.0,0.0,30.0,0.0,0.0,0.0,0.0
15167,17.938675,0.0,0.0,30.0,0.0,0.0,0.0,0.0
15168,14.6922641,0.0,0.0,30.0,0.0,0.0,0.0,0.0
15169,20.2529505,0.0,0.0,30.0,0.0,0.0,0.0,0.0
15170,24.4452667,0.0,0.0,30.0,0.0,0.0,0.0,0.0
15171,29.6732231,0.0,0.0,30.0,0.0,0.0,0.0,0.0
15172,30.0,0.0,0.0,30.0,0.0,0.0,0.0,0.0
15173,30.0,0.0,0.0,30.0,0.0,0.0,0.0,0.0
15174,30.0,0.0,0.0,30.0,0.0,0.0,0.0,0.0
15175,30.0,0.0,0.0,30.0,0.0,0.0,0.0,0.0
15176,30.0,0.0,0.0,30.0,0.0,0.0,0.0,0.0
15177,30.0,0.0,0.0,30.0,0.0,0.0,0.0,0.0
15178,30.0,0.0,0.0,30.0,0.0,0.0,0.0,0.0
15179,30.0,0.0,0.0,30.0,0.0,0.0,0.0,0.0
15180,28.8659729,0.0,0.0,30.0,0.0,0.0,0.0,0.0
15181,28.8891927,0.0,0.0,30.0,0.0,0.0,0.0,0.0
15182,29.0168359,0.0,0.0,30.0,0.0,0.0,0.0,0.0
15183,28.598468,0.0,0.0,30.0,0.0,0.0,0.0,0.0
15184,28.5493318,0.0,0.0,30.0,0.0,0.0,0.0,0.0
15185,28.5940176,0.0,0.0,30.0,0.0,0.0,0.0,0.0
15186,28.5657193,0.0,0.0,30.0,0.0,0.0,0.0,0.0
15187,28.5228926,0.0,0.0,30.0,0.0,0.0,0.0,0.0
15188,28.4976939,0.0,0.0,30.0,0.0,0.0,0.0,0.0
15189,28.4774592,0.0,0.0,30.0,0.0,0.0,0.0,0.0
15190,28.4557971,0.0,0.0,30.0,0.0,0.0,0.0,0.0
15191,28.4352267,0.0,0.0,30.0,0.0,0.0,0.0,0.0
15192,28.4168255,0.0,0.0,30.0,0.0,0.0,0.0,0.0
15193,28.3999185,0.0,0.0,30.0,0.0,0.0,0.0,0.0
15194,28.3841694,0.0,0.0,30.0,0.0,0.0,0.0,0.0
15195,28.3695979,0.0,0.0,30.0,0.0,0.0,0.0,0.0
15196,28.3561575,0.0,0.0,30.0,0.0,0.0,0.0,0.0
15197,28.3437397,0.0,0.0,30.0,0.0,0.0,0.0,0.0
15198,28.3322589,0.0,0.0,30.0,0.0,0.0,0.0,0.0
15199,28.3216486,0.0,0.0,30.0,0.0,0.0,0.0,0.0
15200,28.3118445,0.0,0.0,30.0,0.0,0.0,0.0,0.0
15201,28.3027843,0.0,0.0,30.0,0.0,0.0,0.0,0.0
15202,28.2944114,0.0,0.0,30.0,0.0,0.0,0.0,0.0
15203,28.2866739,0.0,0.0,30.0,0.0,0.0,0.0,0.0
15204,28.2795236,0.0,0.0,30.0,0.0,0.0,0.0,0.0
15205,28.272916,0.0,0.0,30.0,0.0,0.0,0.0,0.0
15206,28.2668098,0.0,0.0,30.0,0.0,0.0,0.0,0.0
15207,28.2611672,0.0,0.0,30.0,0.0,0.0,0.0,0.0
15208,28.2559529,0.0,0.0,30.0,0.0,0.0,0.0,0.0
15209,28.2511344,0.0,0.0,30.0,0.0,0.0,0.0,0.0
15210,28.2466819,0.0,0.0,30.0,0.0,0.0,0.0,0.0
15211,28.2425675,0.0,0.0,30.0,0.0,0.0,0.0,0.0
15212,28.2387656,0.0,0.0,30.0,0.0,0.0,0.0,0.0
15213,28.2352526,0.0,0.0,30.0,0.0,0.0,0.0,0.0
15214,28.2320066,0.0,0.0,30.0,0.0,0.0,0.0,0.0
15215,28.2290073,0.0,0.0,30.0,0.0,0.0,0.0,0.0
15216,28.2262361,0.0,0.0,30.0,0.0,0.0,0.0,0.0
15217,28.2236757,0.0,0.0,30.0,0.0,0.0,0.0,0.0
15218,28.2213103,0.0,0.0,30.0,0.0,0.0,0.0,0.0
15219,28.2191249,0.0,0.0,30.0,0.0,0.0,0.0,0.0
15220,28.2171062,0.0,0.0,30.0,0.0,0.0,0.0,0.0
15221,28.2152414,0.0,0.0,30.0,0.0,0.0,0.0,0.0
15222,28.213519,0.0,0.0,30.0,0.0,0.0,0.0,0.0
15223,28.2119282,0.0,0.0,30.0,0.0,0.0,0.0,0.0
15224,28.2104591,0.0,0.0,30.0,0.0,0.0,0.0,0.0
15225,28.2091026,0.0,0.0,30.0,0.0,0.0,0.0,0.0
15226,28.2078503,0.0,0.0,30.0,0.0,0.0,0.0,0.0
15227,28.2066943,0.0,0.0,30.0,0.0,0.0,0.0,0.0
15228,28.2056274,0.0,0.0,30.0,0.0,0.0,0.0,0.0
15229,28.2046431,0.0,0.0,30.0,0.0,0.0,0.0,0.0
15230,28.203735,0.0,0.0,30.0,0.0,0.0,0.0,0.0
15231,28.2028978,0.0,0.0,30.0,0.0,0.0,0.0,0.0
15232,28.202126,0.0,0.0,30.0,0.0,0.0,0.0,0.0
15233,28.2014148,0.0,0.0,30.0,0.0,0.0,0.0,0.0
15234,28.20076,0.0,0.0,30.0,0.0,0.0,0.0,0.0
15235,28.2001573,0.0,0.0,30.0,0.0,0.0,0.0,0.0
15236,28.1996031,0.0,0.0,30.0,0.0,0.0,0.0,0.0
15237,28.1990938,0.0,0.0,30.0,0.0,0.0,0.0,0.0
15238,28.1986264,0.0,0.0,30.0,0.0,0.0,0.0,0.0
15239,28.1981978,0.0,0.0,30.0,0.0,0.0,0.0,0.0
15240,28.1978055,0.0,0.0,30.0,0.0,0.0,0.0,0.0
15241,28.1974469,0.0,0.0,30.0,0.0,0.0,0.0,0.0
15242,28.1971199,0.0,0.0,30.0,0.0,0.0,0.0,0.0
15243,28.1968225,0.0,0.0,30.0,0.0,0.0,0.0,0.0
15244,28.1965526,0.0,0.0,30.0,0.0,0.0,0.0,0.0
15245,28.1963088,0.0,0.0,30.0,0.0,0.0,0.0,0.0
15246,28.1960894,0.0,0.0,30.0,0.0,0.0,0.0,0.0
15247,28.1958931,0.0,0.0,30.0,0.0,0.0,0.0,0.0
15248,28.1957187,0.0,0.0,30.0,0.0,0.0,0.0,0.0
15249,28.1955651,0.0,0.0,30.0,0.0,0.0,0.0,0.0
15250,28.1954313,0.0,0.0,30.0,0.0,0.0,0.0,0.0
15251,28.1953165,0.0,0.0,30.0,0.0,0.0,0.0,0.0
15252,28.1952199,0.0,0.0,30.0,0.0,0.0,0.0,0.0
15253,28.1951411,0.0,0.0,30.0,0.0,0.0,0.0,0.0
15254,28.1950794,0.0,0.0,30.0,0.0,0.0,0.0,0.0
15255,28.1950346,0.0,0.0,30.0,0.0,0.0,0.0,0.0
15256,28.1950063,0.0,0.0,30.0,0.0,0.0,0.0,0.0
15257,28.1949943,0.0,0.0,30.0,0.0,0.0,0.0,0.0
15258,28.1949986,0.0,0.0,30.0,0.0,0.0,0.0,0.0
15259,28.1950192,0.0,0.0,30.0,0.0,0.0,0.0,0.0
15260,28.1950562,0.0,0.0,30.0,0.0,0.0,0.0,0.0
15261,28.1951099,0.0,0.0,30.0,0.0,0.0,0.0,0.0
15262,28.1951806,0.0,0.0,30.0,0.0,0.0,0.0,0.0
15263,28.1952687,0.0,0.0,30.0,0.0,0.0,0.0,0.0
15264,28.1953748,0.0,0.0,30.0,0.0,0.0,0.0,0.0
15265,28.1954995,0.0,0.0,30.0,0.0,0.0,0.0,0.0
15266,28.1956437,0.0,0.0,30.0,0.0,0.0,0.0,0.0
15267,28.1958082,0.0,0.0,30.0,0.0,0.0,0.0,0.0
15268,28.195994,0.0,0.0,30.0,0.0,0.0,0.0,0.0
15269,28.1962023,0.0,0.0,30.0,0.0,0.0,0.0,0.0
15270,28.1964344,0.0,0.0,30.0,0.0,0.0,0.0,0.0
15271,28.1966918,0.0,0.0,30.0,0.0,0.0,0.0,0.0
15272,28.196976,0.0,0.0,30.0,0.0,0.0,0.0,0.0
15273,28.1972888,0.0,0.0,30.0,0.0,0.0,0.0,0.0
15274,28.1976322,0.0,0.0,30.0,0.0,0.0,0.0,0.0
15275,28.1980083,0.0,0.0,30.0,0.0,0.0,0.0,0.0
15276,28.1984195,0.0,0.0,30.0,0.0,0.0,0.0,0.0
15277,28.1988682,0.0,0.0,30.0,0.0,0.0,0.0,0.0
15278,28.1993574,0.0,0.0,30.0,0.0,0.0,0.0,0.0
15279,28.1998899,0.0,0.0,30.0,0.0,0.0,0.0,0.0
15280,28.2004693,0.0,0.0,30.0,0.0,0.0,0.0,0.0
15281,28.201099,0.0,0.0,30.0,0.0,0.0,0.0,0.0
15282,28.2017831,0.0,0.0,30.0,0.0,0.0,0.0,0.0
15283,28.2025256,0.0,0.0,30.0,0.0,0.0,0.0,0.0
15284,28.2033314,0.0,0.0,30.0,0.0,0.0,0.0,0.0
15285,28.2042053,0.0,0.0,30.0,0.0,0.0,0.0,0.0
15286,28.2051529,0.0,0.0,30.0,0.0,0.0,0.0,0.0
15287,28.2061801,0.0,0.0,30.0,0.0,0.0,0.0,0.0
15288,28.2072931,0.0,0.0,30.0,0.0,0.0,0.0,0.0
15289,28.2084991,0.0,0.0,30.0,0.0,0.0,0.0,0.0
15290,28.2098054,0.0,0.0,30.0,0.0,0.0,0.0,0.0
15291,28.2112202,0.0,0.0,30.0,0.0,0.0,0.0,0.0
15292,28.2127523,0.0,0.0,30.0,0.0,0.0,0.0,0.0
15293,28.2144114,0.0,0.0,30.0,0.0,0.0,0.0,0.0
15294,28.2162076,0.0,0.0,30.0,0.0,0.0,0.0,0.0
15295,28.2181522,0.0,0.0,30.0,0.0,0.0,0.0,0.0
15296,28.2202573,0.0,0.0,30.0,0.0,0.0,0.0,0.0
15297,28.222536,0.0,0.0,30.0,0.0,0.0,0.0,0.0
15298,28.2250025,0.0,0.0,30.0,0.0,0.0,0.0,0.0
15299,28.2276721,0.0,0.0,30.0,0.0,0.0,0.0,0.0
15300,28.2305616,0.0,0.0,30.0,0.0,0.0,0.0,0.0
15301,28.2336888,0.0,0.0,30.0,0.0,0.0,0.0,0.0
15302,28.2370732,0.0,0.0,30.0,0.0,0.0,0.0,0.0
15303,28.240736,0.0,0.0,30.0,0.0,0.0,0.0,0.0
15304,28.2446999,0.0,0.0,30.0,0.0,0.0,0.0,0.0
15305,28.2489896,0.0,0.0,30.0,0.0,0.0,0.0,0.0
15306,28.2536319,0.0,0.0,30.0,0.0,0.0,0.0,0.0
15307,28.2586556,0.0,0.0,30.0,0.0,0.0,0.0,0.0
15308,28.264092,0.0,0.0,30.0,0.0,0.0,0.0,0.0
15309,28.269975,0.0,0.0,30.0,0.0,0.0,0.0,0.0
15310,28.2763412,0.0,0.0,30.0,0.0,0.0,0.0,0.0
15311,28.2832303,0.0,0.0,30.0,0.0,0.0,0.0,0.0
15312,28.2906851,0.0,0.0,30.0,0.0,0.0,0.0,0.0
15313,28.2987521,0.0,0.0,30.0,0.0,0.0,0.0,0.0
15314,28.3074815,0.0,0.0,30.0,0.0,0.0,0.0,0.0
15315,28.3169277,0.0,0.0,30.0,0.0,0.0,0.0,0.0
15316,28.3271496,0.0,0.0,30.0,0.0,0.0,0.0,0.0
15317,28.3382106,0.0,0.0,30.0,0.0,0.0,0.0,0.0
15318,28.3501798,0.0,0.0,30.0,0.0,0.0,0.0,0.0
15319,28.3631317,0.0,0.0,30.0,0.0,0.0,0.0,0.0
15320,28.3771469,0.0,0.0,30.0,0.0,0.0,0.0,0.0
15321,28.3923127,0.0,0.0,30.0,0.0,0.0,0.0,0.0
15322,28.4087235,0.0,0.0,30.0,0.0,0.0,0.0,0.0
15323,28.4264816,0.0,0.0,30.0,0.0,0.0,0.0,0.0
15324,28.4456975,0.0,0.0,30.0,0.0,0.0,0.0,0.0
15325,28.4664908,0.0,0.0,30.0,0.0,0.0,0.0,0.0
15326,28.488991,0.0,0.0,30.0,0.0,0.0,0.0,0.0
15327,28.5133386,0.0,0.0,30.0,0.0,0.0,0.0,0.0
15328,28.5396851,0.0,0.0,30.0,0.0,0.0,0.0,0.0
15329,28.5681927,0.0,0.0,30.0,0.0,0.0,0.0,0.0
15330,28.5990399,0.0,0.0,30.0,0.0,0.0,0.0,0.0
15331,28.6324274,0.0,0.0,30.0,0.0,0.0,0.0,0.0
15332,28.668558,0.0,0.0,30.0,0.0,0.0,0.0,0.0
15333,28.707614,0.0,0.0,30.0,0.0,0.0,0.0,0.0
15334,28.7498688,0.0,0.0,30.0,0.0,0.0,0.0,0.0
15335,28.795794,0.0,0.0,30.0,0.0,0.0,0.0,0.0
15336,28.8455039,0.0,0.0,30.0,0.0,0.0,0.0,0.0
15337,28.8982911,0.0,0.0,30.0,0.0,0.0,0.0,0.0
15338,28.9554446,0.0,0.0,30.0,0.0,0.0,0.0,0.0
15339,29.0222657,0.0,0.0,30.0,0.0,0.0,0.0,0.0
15340,29.0938794,0.0,0.0,30.0,0.0,0.0,0.0,0.0
15341,29.1467484,0.0,0.0,30.0,0.0,0.0,0.0,0.0
15342,29.2100086,0.0,0.0,30.0,0.0,0.0,0.0,0.0
15343,29.4000251,0.0,0.0,30.0,0.0,0.0,0.0,0.0
15344,29.5627617,0.0,0.0,30.0,0.0,0.0,0.0,0.0
15345,29.1382371,0.0,0.0,30.0,0.0,0.0,0.0,0.0
15346,29.0148365,0.0,0.0,30.0,0.0,0.0,0.0,0.0
15347,29.9065178,0.0,0.0,30.0,0.0,0.0,0.0,0.0
15348,30.0,0.0,0.0,30.0,0.0,0.0,0.0,0.0
15349,30.0,0.0,0.0,30.0,0.0,0.0,0.0,0.0
15350,23.891103,0.0,0.0,30.0,0.0,0.0,0.0,0.0
15351,23.6889133,0.0,0.0,30.0,0.0,0.0,0.0,0.0
15352,0.0,0.0,0.0,0.0,0.0,0.0,0.0,0.0
15353,30.0,0.0,0.0,4.24215555,0.0,0.0,0.0,0.0
15354,30.0,0.0,0.0,6.21558261,0.0,0.0,0.0,0.0
15355,0.0,0.0,0.0,16.821143,0.0,0.0,0.0,0.0
15356,0.0,0.0,0.0,22.0224509,0.0,0.0,0.0,0.0
15357,0.0,0.0,0.0,23.4858191,0.0,0.0,0.0,0.0
15358,0.0,0.0,0.0,23.9723774,0.0,0.0,0.0,0.0
15359,0.0,0.0,0.0,24.8689566,0.0,0.0,0.0,0.0
15360,0.0,0.0,0.0,25.7150738,0.0,0.0,0.0,0.0
15361,0.0,0.0,0.0,26.3186973,0.0,0.0,0.0,0.0
15362,0.0,0.0,0.0,26.7653254,0.0,0.0,0.0,0.0
15363,0.0,0.0,0.0,27.0895284,0.0,0.0,0.0,0.0
15364,0.0,0.0,0.0,27.2822035,0.0,0.0,0.0,0.0
15365,0.0,0.0,0.0,27.3413161,0.0,0.0,0.0,0.0
15366,0.0,0.0,0.0,27.2695901,0.0,0.0,0.0,0.0
15367,0.0,0.0,0.0,27.0673952,0.0,0.0,0.0,0.0
15368,0.0,0.0,0.0,26.7324818,0.0,0.0,0.0,0.0
15369,0.0,0.0,0.0,26.256775,0.0,0.0,0.0,0.0
15370,0.0,0.0,0.0,25.6323564,0.0,0.0,0.0,0.0
15371,0.0,0.0,0.0,24.8783767,0.0,0.0,0.0,0.0
15372,0.0,0.0,0.0,23.9967867,0.0,0.0,0.0,0.0
15373,0.0,0.0,0.0,22.8047231,0.0,0.0,0.0,0.0
15374,0.0,0.0,0.0,21.247438,0.0,0.0,0.0,0.0
15375,0.0,0.0,0.0,20.4247573,0.0,0.0,0.0,0.0
15376,0.0,0.0,0.0,20.4007986,0.0,0.0,0.0,0.0
15377,0.0,0.0,0.0,13.9581131,0.0,0.0,0.0,0.0
15378,0.0,0.0,0.0,1.89195953,0.0,0.0,0.0,0.0
15379,0.0,0.0,0.0,5.90614328,0.0,0.0,0.0,0.0
15380,30.0,0.0,0.0,30.0,0.0,0.0,0.0,0.0
15381,30.0,0.0,0.0,30.0,0.0,0.0,0.0,0.0
15382,30.0,0.0,0.0,30.0,0.0,0.0,0.0,0.0
15383,30.0,0.0,0.0,30.0,0.0,0.0,0.0,0.0
15384,30.0,0.0,0.0,30.0,0.0,0.0,0.0,0.0
15385,30.0,0.0,0.0,30.0,0.0,0.0,0.0,0.0
15386,30.0,0.0,0.0,30.0,0.0,0.0,0.0,0.0
15387,30.0,0.0,0.0,30.0,0.0,0.0,0.0,0.0
15388,30.0,0.0,0.0,30.0,0.0,0.0,0.0,0.0
15389,30.0,0.0,0.0,30.0,0.0,0.0,0.0,0.0
15390,30.0,0.0,0.0,30.0,0.0,0.0,0.0,0.0
15391,30.0,0.0,0.0,30.0,0.0,0.0,0.0,0.0
15392,28.7631917,0.0,0.0,30.0,0.0,0.0,0.0,0.0
15393,23.5071464,0.0,0.0,30.0,0.0,0.0,0.0,0.0
15394,24.4810295,0.0,0.0,30.0,0.0,0.0,0.0,0.0
15395,30.0,0.0,0.0,30.0,0.0,0.0,0.0,0.0
15396,30.0,0.0,0.0,30.0,0.0,0.0,0.0,0.0
15397,30.0,0.0,0.0,30.0,0.0,0.0,0.0,0.0
15398,30.0,0.0,0.0,30.0,0.0,0.0,0.0,0.0
15399,30.0,0.0,0.0,30.0,0.0,0.0,0.0,0.0
15400,29.3428211,0.0,0.0,30.0,0.0,0.0,0.0,0.0
15401,28.9123013,0.0,0.0,30.0,0.0,0.0,0.0,0.0
15402,28.8323665,0.0,0.0,30.0,0.0,0.0,0.0,0.0
15403,28.6408366,0.0,0.0,30.0,0.0,0.0,0.0,0.0
15404,28.6215593,0.0,0.0,30.0,0.0,0.0,0.0,0.0
15405,28.6172925,0.0,0.0,30.0,0.0,0.0,0.0,0.0
15406,28.5814906,0.0,0.0,30.0,0.0,0.0,0.0,0.0
15407,28.5463496,0.0,0.0,30.0,0.0,0.0,0.0,0.0
15408,28.5203377,0.0,0.0,30.0,0.0,0.0,0.0,0.0
15409,28.496575,0.0,0.0,30.0,0.0,0.0,0.0,0.0
15410,28.4733069,0.0,0.0,30.0,0.0,0.0,0.0,0.0
15411,28.4517763,0.0,0.0,30.0,0.0,0.0,0.0,0.0
15412,28.4321432,0.0,0.0,30.0,0.0,0.0,0.0,0.0
15413,28.4139995,0.0,0.0,30.0,0.0,0.0,0.0,0.0
15414,28.3971791,0.0,0.0,30.0,0.0,0.0,0.0,0.0
15415,28.3816359,0.0,0.0,30.0,0.0,0.0,0.0,0.0
15416,28.3672826,0.0,0.0,30.0,0.0,0.0,0.0,0.0
15417,28.3540178,0.0,0.0,30.0,0.0,0.0,0.0,0.0
15418,28.3417573,0.0,0.0,30.0,0.0,0.0,0.0,0.0
15419,28.3304271,0.0,0.0,30.0,0.0,0.0,0.0,0.0
15420,28.319957,0.0,0.0,30.0,0.0,0.0,0.0,0.0
15421,28.3102813,0.0,0.0,30.0,0.0,0.0,0.0,0.0
15422,28.3013398,0.0,0.0,30.0,0.0,0.0,0.0,0.0
15423,28.2930767,0.0,0.0,30.0,0.0,0.0,0.0,0.0
15424,28.2854407,0.0,0.0,30.0,0.0,0.0,0.0,0.0
15425,28.2783842,0.0,0.0,30.0,0.0,0.0,0.0,0.0
15426,28.2718632,0.0,0.0,30.0,0.0,0.0,0.0,0.0
15427,28.2658372,0.0,0.0,30.0,0.0,0.0,0.0,0.0
15428,28.2602687,0.0,0.0,30.0,0.0,0.0,0.0,0.0
15429,28.2551228,0.0,0.0,30.0,0.0,0.0,0.0,0.0
15430,28.2503677,0.0,0.0,30.0,0.0,0.0,0.0,0.0
15431,28.2459737,0.0,0.0,30.0,0.0,0.0,0.0,0.0
15432,28.2419135,0.0,0.0,30.0,0.0,0.0,0.0,0.0
15433,28.2381617,0.0,0.0,30.0,0.0,0.0,0.0,0.0
15434,28.234695,0.0,0.0,30.0,0.0,0.0,0.0,0.0
15435,28.2314918,0.0,0.0,30.0,0.0,0.0,0.0,0.0
15436,28.2285321,0.0,0.0,30.0,0.0,0.0,0.0,0.0
15437,28.2257976,0.0,0.0,30.0,0.0,0.0,0.0,0.0
15438,28.2232711,0.0,0.0,30.0,0.0,0.0,0.0,0.0
15439,28.2209371,0.0,0.0,30.0,0.0,0.0,0.0,0.0
15440,28.2187809,0.0,0.0,30.0,0.0,0.0,0.0,0.0
15441,28.216789,0.0,0.0,30.0,0.0,0.0,0.0,0.0
15442,28.2149492,0.0,0.0,30.0,0.0,0.0,0.0,0.0
15443,28.2132499,0.0,0.0,30.0,0.0,0.0,0.0,0.0
15444,28.2116806,0.0,0.0,30.0,0.0,0.0,0.0,0.0
15445,28.2102315,0.0,0.0,30.0,0.0,0.0,0.0,0.0
15446,28.2088935,0.0,0.0,30.0,0.0,0.0,0.0,0.0
15447,28.2076584,0.0,0.0,30.0,0.0,0.0,0.0,0.0
15448,28.2065184,0.0,0.0,30.0,0.0,0.0,0.0,0.0
15449,28.2054664,0.0,0.0,30.0,0.0,0.0,0.0,0.0
15450,28.204496,0.0,0.0,30.0,0.0,0.0,0.0,0.0
15451,28.203601,0.0,0.0,30.0,0.0,0.0,0.0,0.0
15452,28.2027758,0.0,0.0,30.0,0.0,0.0,0.0,0.0
15453,28.2020154,0.0,0.0,30.0,0.0,0.0,0.0,0.0
15454,28.201315,0.0,0.0,30.0,0.0,0.0,0.0,0.0
15455,28.2006702,0.0,0.0,30.0,0.0,0.0,0.0,0.0
15456,28.2000771,0.0,0.0,30.0,0.0,0.0,0.0,0.0
15457,28.1995319,0.0,0.0,30.0,0.0,0.0,0.0,0.0
15458,28.1990312,0.0,0.0,30.0,0.0,0.0,0.0,0.0
15459,28.1985719,0.0,0.0,30.0,0.0,0.0,0.0,0.0
15460,28.1981512,0.0,0.0,30.0,0.0,0.0,0.0,0.0
15461,28.1977665,0.0,0.0,30.0,0.0,0.0,0.0,0.0
15462,28.1974152,0.0,0.0,30.0,0.0,0.0,0.0,0.0
15463,28.1970954,0.0,0.0,30.0,0.0,0.0,0.0,0.0
15464,28.1968048,0.0,0.0,30.0,0.0,0.0,0.0,0.0
15465,28.1965419,0.0,0.0,30.0,0.0,0.0,0.0,0.0
15466,28.1963048,0.0,0.0,30.0,0.0,0.0,0.0,0.0
15467,28.1960922,0.0,0.0,30.0,0.0,0.0,0.0,0.0
15468,28.1959027,0.0,0.0,30.0,0.0,0.0,0.0,0.0
15469,28.1957351,0.0,0.0,30.0,0.0,0.0,0.0,0.0
15470,28.1955884,0.0,0.0,30.0,0.0,0.0,0.0,0.0
15471,28.1954617,0.0,0.0,30.0,0.0,0.0,0.0,0.0
15472,28.1953541,0.0,0.0,30.0,0.0,0.0,0.0,0.0
15473,28.1952651,0.0,0.0,30.0,0.0,0.0,0.0,0.0
15474,28.195194,0.0,0.0,30.0,0.0,0.0,0.0,0.0
15475,28.1951405,0.0,0.0,30.0,0.0,0.0,0.0,0.0
15476,28.1951041,0.0,0.0,30.0,0.0,0.0,0.0,0.0
15477,28.1950847,0.0,0.0,30.0,0.0,0.0,0.0,0.0
15478,28.1950822,0.0,0.0,30.0,0.0,0.0,0.0,0.0
15479,28.1950964,0.0,0.0,30.0,0.0,0.0,0.0,0.0
15480,28.1951276,0.0,0.0,30.0,0.0,0.0,0.0,0.0
15481,28.1951759,0.0,0.0,30.0,0.0,0.0,0.0,0.0
15482,28.1952416,0.0,0.0,30.0,0.0,0.0,0.0,0.0
15483,28.1953251,0.0,0.0,30.0,0.0,0.0,0.0,0.0
15484,28.1954269,0.0,0.0,30.0,0.0,0.0,0.0,0.0
15485,28.1955477,0.0,0.0,30.0,0.0,0.0,0.0,0.0
15486,28.1956882,0.0,0.0,30.0,0.0,0.0,0.0,0.0
15487,28.1958493,0.0,0.0,30.0,0.0,0.0,0.0,0.0
15488,28.196032,0.0,0.0,30.0,0.0,0.0,0.0,0.0
15489,28.1962374,0.0,0.0,30.0,0.0,0.0,0.0,0.0
15490,28.1964669,0.0,0.0,30.0,0.0,0.0,0.0,0.0
15491,28.1967218,0.0,0.0,30.0,0.0,0.0,0.0,0.0
15492,28.1970037,0.0,0.0,30.0,0.0,0.0,0.0,0.0
15493,28.1973145,0.0,0.0,30.0,0.0,0.0,0.0,0.0
15494,28.1976559,0.0,0.0,30.0,0.0,0.0,0.0,0.0
15495,28.1980302,0.0,0.0,30.0,0.0,0.0,0.0,0.0
15496,28.1984397,0.0,0.0,30.0,0.0,0.0,0.0,0.0
15497,28.1988869,0.0,0.0,30.0,0.0,0.0,0.0,0.0
15498,28.1993746,0.0,0.0,30.0,0.0,0.0,0.0,0.0
15499,28.1999059,0.0,0.0,30.0,0.0,0.0,0.0,0.0
15500,28.2004841,0.0,0.0,30.0,0.0,0.0,0.0,0.0
15501,28.2011127,0.0,0.0,30.0,0.0,0.0,0.0,0.0
15502,28.2017957,0.0,0.0,30.0,0.0,0.0,0.0,0.0
15503,28.2025373,0.0,0.0,30.0,0.0,0.0,0.0,0.0
15504,28.2033422,0.0,0.0,30.0,0.0,0.0,0.0,0.0
15505,28.2042153,0.0,0.0,30.0,0.0,0.0,0.0,0.0
15506,28.2051621,0.0,0.0,30.0,0.0,0.0,0.0,0.0
15507,28.2061886,0.0,0.0,30.0,0.0,0.0,0.0,0.0
15508,28.207301,0.0,0.0,30.0,0.0,0.0,0.0,0.0
15509,28.2085063,0.0,0.0,30.0,0.0,0.0,0.0,0.0
15510,28.2098121,0.0,0.0,30.0,0.0,0.0,0.0,0.0
15511,28.2112264,0.0,0.0,30.0,0.0,0.0,0.0,0.0
15512,28.2127581,0.0,0.0,30.0,0.0,0.0,0.0,0.0
15513,28.2144167,0.0,0.0,30.0,0.0,0.0,0.0,0.0
15514,28.2162125,0.0,0.0,30.0,0.0,0.0,0.0,0.0
15515,28.2181567,0.0,0.0,30.0,0.0,0.0,0.0,0.0
15516,28.2202615,0.0,0.0,30.0,0.0,0.0,0.0,0.0
15517,28.2225399,0.0,0.0,30.0,0.0,0.0,0.0,0.0
15518,28.2250061,0.0,0.0,30.0,0.0,0.0,0.0,0.0
15519,28.2276754,0.0,0.0,30.0,0.0,0.0,0.0,0.0
15520,28.2305646,0.0,0.0,30.0,0.0,0.0,0.0,0.0
15521,28.2336916,0.0,0.0,30.0,0.0,0.0,0.0,0.0
15522,28.2370758,0.0,0.0,30.0,0.0,0.0,0.0,0.0
15523,28.2407384,0.0,0.0,30.0,0.0,0.0,0.0,0.0
15524,28.2447021,0.0,0.0,30.0,0.0,0.0,0.0,0.0
15525,28.2489917,0.0,0.0,30.0,0.0,0.0,0.0,0.0
15526,28.2536338,0.0,0.0,30.0,0.0,0.0,0.0,0.0
15527,28.2586573,0.0,0.0,30.0,0.0,0.0,0.0,0.0
15528,28.2640936,0.0,0.0,30.0,0.0,0.0,0.0,0.0
15529,28.2699765,0.0,0.0,30.0,0.0,0.0,0.0,0.0
15530,28.2763426,0.0,0.0,30.0,0.0,0.0,0.0,0.0
15531,28.2832315,0.0,0.0,30.0,0.0,0.0,0.0,0.0
15532,28.2906863,0.0,0.0,30.0,0.0,0.0,0.0,0.0
15533,28.2987532,0.0,0.0,30.0,0.0,0.0,0.0,0.0
15534,28.3074826,0.0,0.0,30.0,0.0,0.0,0.0,0.0
15535,28.3169287,0.0,0.0,30.0,0.0,0.0,0.0,0.0
15536,28.3271504,0.0,0.0,30.0,0.0,0.0,0.0,0.0
15537,28.3382114,0.0,0.0,30.0,0.0,0.0,0.0,0.0
15538,28.3501806,0.0,0.0,30.0,0.0,0.0,0.0,0.0
15539,28.3631324,0.0,0.0,30.0,0.0,0.0,0.0,0.0
15540,28.3771475,0.0,0.0,30.0,0.0,0.0,0.0,0.0
15541,28.3923132,0.0,0.0,30.0,0.0,0.0,0.0,0.0
15542,28.408724,0.0,0.0,30.0,0.0,0.0,0.0,0.0
15543,28.4264821,0.0,0.0,30.0,0.0,0.0,0.0,0.0
15544,28.4456979,0.0,0.0,30.0,0.0,0.0,0.0,0.0
15545,28.4664912,0.0,0.0,30.0,0.0,0.0,0.0,0.0
15546,28.4889914,0.0,0.0,30.0,0.0,0.0,0.0,0.0
15547,28.513339,0.0,0.0,30.0,0.0,0.0,0.0,0.0
15548,28.5396854,0.0,0.0,30.0,0.0,0.0,0.0,0.0
15549,28.568193,0.0,0.0,30.0,0.0,0.0,0.0,0.0
15550,28.5990402,0.0,0.0,30.0,0.0,0.0,0.0,0.0
15551,28.6324277,0.0,0.0,30.0,0.0,0.0,0.0,0.0
15552,28.6685583,0.0,0.0,30.0,0.0,0.0,0.0,0.0
15553,28.7076143,0.0,0.0,30.0,0.0,0.0,0.0,0.0
15554,28.749869,0.0,0.0,30.0,0.0,0.0,0.0,0.0
15555,28.7957942,0.0,0.0,30.0,0.0,0.0,0.0,0.0
15556,28.8455041,0.0,0.0,30.0,0.0,0.0,0.0,0.0
15557,28.8982912,0.0,0.0,30.0,0.0,0.0,0.0,0.0
15558,28.9554447,0.0,0.0,30.0,0.0,0.0,0.0,0.0
15559,29.0222659,0.0,0.0,30.0,0.0,0.0,0.0,0.0
15560,29.0938795,0.0,0.0,30.0,0.0,0.0,0.0,0.0
15561,29.1467485,0.0,0.0,30.0,0.0,0.0,0.0,0.0
15562,29.2100087,0.0,0.0,30.0,0.0,0.0,0.0,0.0
15563,29.4000252,0.0,0.0,30.0,0.0,0.0,0.0,0.0
15564,29.5627618,0.0,0.0,30.0,0.0,0.0,0.0,0.0
15565,29.1382372,0.0,0.0,30.0,0.0,0.0,0.0,0.0
15566,29.0148366,0.0,0.0,30.0,0.0,0.0,0.0,0.0
15567,29.9065178,0.0,0.0,30.0,0.0,0.0,0.0,0.0
15568,30.0,0.0,0.0,30.0,0.0,0.0,0.0,0.0
15569,30.0,0.0,0.0,30.0,0.0,0.0,0.0,0.0
15570,23.8911033,0.0,0.0,30.0,0.0,0.0,0.0,0.0
15571,23.6889134,0.0,0.0,30.0,0.0,0.0,0.0,0.0
15572,0.0,0.0,0.0,0.0,0.0,0.0,0.0,0.0
15573,30.0,0.0,0.0,4.3794725,0.0,0.0,0.0,0.0
15574,30.0,0.0,0.0,6.38062664,0.0,0.0,0.0,0.0
15575,0.0,0.0,0.0,17.0023289,0.0,0.0,0.0,0.0
15576,0.0,0.0,0.0,22.276036,0.0,0.0,0.0,0.0
15577,0.0,0.0,0.0,23.7845316,0.0,0.0,0.0,0.0
15578,0.0,0.0,0.0,24.3122878,0.0,0.0,0.0,0.0
15579,0.0,0.0,0.0,25.2589556,0.0,0.0,0.0,0.0
15580,0.0,0.0,0.0,26.1607796,0.0,0.0,0.0,0.0
15581,0.0,0.0,0.0,26.8245704,0.0,0.0,0.0,0.0
15582,0.0,0.0,0.0,27.3371807,0.0,0.0,0.0,0.0
15583,0.0,0.0,0.0,27.7342179,0.0,0.0,0.0,0.0
15584,0.0,0.0,0.0,28.0073367,0.0,0.0,0.0,0.0
15585,0.0,0.0,0.0,28.1554345,0.0,0.0,0.0,0.0
15586,0.0,0.0,0.0,28.1822492,0.0,0.0,0.0,0.0
15587,0.0,0.0,0.0,28.0891725,0.0,0.0,0.0,0.0
15588,0.0,0.0,0.0,27.8755887,0.0,0.0,0.0,0.0
15589,0.0,0.0,0.0,27.5357145,0.0,0.0,0.0,0.0
15590,0.0,0.0,0.0,27.0608137,0.0,0.0,0.0,0.0
15591,0.0,0.0,0.0,26.4666364,0.0,0.0,0.0,0.0
15592,0.0,0.0,0.0,25.7734567,0.0,0.0,0.0,0.0
15593,0.0,0.0,0.0,24.8311033,0.0,0.0,0.0,0.0
15594,0.0,0.0,0.0,23.4766949,0.0,0.0,0.0,0.0
15595,0.0,0.0,0.0,22.634833,0.0,0.0,0.0,0.0
15596,0.0,0.0,0.0,23.1149744,0.0,0.0,0.0,0.0
15597,0.0,0.0,0.0,18.7244334,0.0,0.0,0.0,0.0
15598,0.0,0.0,0.0,5.26402107,0.0,0.0,0.0,0.0
15599,0.0,0.0,0.0,6.88804934,0.0,0.0,0.0,0.0
15600,30.0,0.0,0.0,30.0,0.0,0.0,0.0,0.0
15601,30.0,0.0,0.0,30.0,0.0,0.0,0.0,0.0
15602,30.0,0.0,0.0,30.0,0.0,0.0,0.0,0.0
15603,30.0,0.0,0.0,30.0,0.0,0.0,0.0,0.0
15604,30.0,0.0,0.0,30.0,0.0,0.0,0.0,0.0
15605,28.3282336,0.0,0.0,30.0,0.0,0.0,0.0,0.0
15606,28.097196,0.0,0.0,30.0,0.0,0.0,0.0,0.0
15607,30.0,0.0,0.0,30.0,0.0,0.0,0.0,0.0
15608,30.0,0.0,0.0,30.0,0.0,0.0,0.0,0.0
15609,30.0,0.0,0.0,30.0,0.0,0.0,0.0,0.0
15610,30.0,0.0,0.0,30.0,0.0,0.0,0.0,0.0
15611,30.0,0.0,0.0,30.0,0.0,0.0,0.0,0.0
15612,30.0,0.0,0.0,30.0,0.0,0.0,0.0,0.0
15613,30.0,0.0,0.0,30.0,0.0,0.0,0.0,0.0
15614,30.0,0.0,0.0,30.0,0.0,0.0,0.0,0.0
15615,30.0,0.0,0.0,30.0,0.0,0.0,0.0,0.0
15616,30.0,0.0,0.0,30.0,0.0,0.0,0.0,0.0
15617,30.0,0.0,0.0,30.0,0.0,0.0,0.0,0.0
15618,30.0,0.0,0.0,30.0,0.0,0.0,0.0,0.0
15619,30.0,0.0,0.0,30.0,0.0,0.0,0.0,0.0
15620,29.1730887,0.0,0.0,30.0,0.0,0.0,0.0,0.0
15621,29.1638579,0.0,0.0,30.0,0.0,0.0,0.0,0.0
15622,29.2507659,0.0,0.0,30.0,0.0,0.0,0.0,0.0
15623,28.9544164,0.0,0.0,30.0,0.0,0.0,0.0,0.0
15624,28.875044,0.0,0.0,30.0,0.0,0.0,0.0,0.0
15625,28.8670618,0.0,0.0,30.0,0.0,0.0,0.0,0.0
15626,28.819296,0.0,0.0,30.0,0.0,0.0,0.0,0.0
15627,28.7628402,0.0,0.0,30.0,0.0,0.0,0.0,0.0
15628,28.7190685,0.0,0.0,30.0,0.0,0.0,0.0,0.0
15629,28.6809188,0.0,0.0,30.0,0.0,0.0,0.0,0.0
15630,28.6439211,0.0,0.0,30.0,0.0,0.0,0.0,0.0
15631,28.6093037,0.0,0.0,30.0,0.0,0.0,0.0,0.0
15632,28.5776726,0.0,0.0,30.0,0.0,0.0,0.0,0.0
15633,28.5485192,0.0,0.0,30.0,0.0,0.0,0.0,0.0
15634,28.5215033,0.0,0.0,30.0,0.0,0.0,0.0,0.0
15635,28.4965227,0.0,0.0,30.0,0.0,0.0,0.0,0.0
15636,28.4734525,0.0,0.0,30.0,0.0,0.0,0.0,0.0
15637,28.4521351,0.0,0.0,30.0,0.0,0.0,0.0,0.0
15638,28.4324318,0.0,0.0,30.0,0.0,0.0,0.0,0.0
15639,28.4142229,0.0,0.0,30.0,0.0,0.0,0.0,0.0
15640,28.3973961,0.0,0.0,30.0,0.0,0.0,0.0,0.0
15641,28.381846,0.0,0.0,30.0,0.0,0.0,0.0,0.0
15642,28.3674755,0.0,0.0,30.0,0.0,0.0,0.0,0.0
15643,28.3541955,0.0,0.0,30.0,0.0,0.0,0.0,0.0
15644,28.341923,0.0,0.0,30.0,0.0,0.0,0.0,0.0
15645,28.3305818,0.0,0.0,30.0,0.0,0.0,0.0,0.0
15646,28.3201012,0.0,0.0,30.0,0.0,0.0,0.0,0.0
15647,28.3104159,0.0,0.0,30.0,0.0,0.0,0.0,0.0
15648,28.3014656,0.0,0.0,30.0,0.0,0.0,0.0,0.0
15649,28.2931947,0.0,0.0,30.0,0.0,0.0,0.0,0.0
15650,28.2855515,0.0,0.0,30.0,0.0,0.0,0.0,0.0
15651,28.2784884,0.0,0.0,30.0,0.0,0.0,0.0,0.0
15652,28.2719616,0.0,0.0,30.0,0.0,0.0,0.0,0.0
15653,28.2659304,0.0,0.0,30.0,0.0,0.0,0.0,0.0
15654,28.2603572,0.0,0.0,30.0,0.0,0.0,0.0,0.0
15655,28.2552072,0.0,0.0,30.0,0.0,0.0,0.0,0.0
15656,28.2504485,0.0,0.0,30.0,0.0,0.0,0.0,0.0
15657,28.2460514,0.0,0.0,30.0,0.0,0.0,0.0,0.0
15658,28.2419886,0.0,0.0,30.0,0.0,0.0,0.0,0.0
15659,28.2382346,0.0,0.0,30.0,0.0,0.0,0.0,0.0
15660,28.2347662,0.0,0.0,30.0,0.0,0.0,0.0,0.0
15661,28.2315617,0.0,0.0,30.0,0.0,0.0,0.0,0.0
15662,28.2286013,0.0,0.0,30.0,0.0,0.0,0.0,0.0
15663,28.2258663,0.0,0.0,30.0,0.0,0.0,0.0,0.0
15664,28.2233399,0.0,0.0,30.0,0.0,0.0,0.0,0.0
15665,28.2210063,0.0,0.0,30.0,0.0,0.0,0.0,0.0
15666,28.218851,0.0,0.0,30.0,0.0,0.0,0.0,0.0
15667,28.2168605,0.0,0.0,30.0,0.0,0.0,0.0,0.0
15668,28.2150224,0.0,0.0,30.0,0.0,0.0,0.0,0.0
15669,28.2133253,0.0,0.0,30.0,0.0,0.0,0.0,0.0
15670,28.2117587,0.0,0.0,30.0,0.0,0.0,0.0,0.0
15671,28.2103127,0.0,0.0,30.0,0.0,0.0,0.0,0.0
15672,28.2089784,0.0,0.0,30.0,0.0,0.0,0.0,0.0
15673,28.2077475,0.0,0.0,30.0,0.0,0.0,0.0,0.0
15674,28.2066123,0.0,0.0,30.0,0.0,0.0,0.0,0.0
15675,28.2055656,0.0,0.0,30.0,0.0,0.0,0.0,0.0
15676,28.2046011,0.0,0.0,30.0,0.0,0.0,0.0,0.0
15677,28.2037127,0.0,0.0,30.0,0.0,0.0,0.0,0.0
15678,28.2028949,0.0,0.0,30.0,0.0,0.0,0.0,0.0
15679,28.2021425,0.0,0.0,30.0,0.0,0.0,0.0,0.0
15680,28.2014509,0.0,0.0,30.0,0.0,0.0,0.0,0.0
15681,28.2008158,0.0,0.0,30.0,0.0,0.0,0.0,0.0
15682,28.2002333,0.0,0.0,30.0,0.0,0.0,0.0,0.0
15683,28.1996996,0.0,0.0,30.0,0.0,0.0,0.0,0.0
15684,28.1992115,0.0,0.0,30.0,0.0,0.0,0.0,0.0
15685,28.198766,0.0,0.0,30.0,0.0,0.0,0.0,0.0
15686,28.1983602,0.0,0.0,30.0,0.0,0.0,0.0,0.0
15687,28.1979916,0.0,0.0,30.0,0.0,0.0,0.0,0.0
15688,28.197658,0.0,0.0,30.0,0.0,0.0,0.0,0.0
15689,28.1973573,0.0,0.0,30.0,0.0,0.0,0.0,0.0
15690,28.1970875,0.0,0.0,30.0,0.0,0.0,0.0,0.0
15691,28.1968471,0.0,0.0,30.0,0.0,0.0,0.0,0.0
15692,28.1966344,0.0,0.0,30.0,0.0,0.0,0.0,0.0
15693,28.1964483,0.0,0.0,30.0,0.0,0.0,0.0,0.0
15694,28.1962875,0.0,0.0,30.0,0.0,0.0,0.0,0.0
15695,28.196151,0.0,0.0,30.0,0.0,0.0,0.0,0.0
15696,28.1960379,0.0,0.0,30.0,0.0,0.0,0.0,0.0
15697,28.1959477,0.0,0.0,30.0,0.0,0.0,0.0,0.0
15698,28.1958797,0.0,0.0,30.0,0.0,0.0,0.0,0.0
15699,28.1958334,0.0,0.0,30.0,0.0,0.0,0.0,0.0
15700,28.1958087,0.0,0.0,30.0,0.0,0.0,0.0,0.0
15701,28.1958053,0.0,0.0,30.0,0.0,0.0,0.0,0.0
15702,28.1958232,0.0,0.0,30.0,0.0,0.0,0.0,0.0
15703,28.1958626,0.0,0.0,30.0,0.0,0.0,0.0,0.0
15704,28.1959236,0.0,0.0,30.0,0.0,0.0,0.0,0.0
15705,28.1960067,0.0,0.0,30.0,0.0,0.0,0.0,0.0
15706,28.1961124,0.0,0.0,30.0,0.0,0.0,0.0,0.0
15707,28.1962413,0.0,0.0,30.0,0.0,0.0,0.0,0.0
15708,28.1963943,0.0,0.0,30.0,0.0,0.0,0.0,0.0
15709,28.1965722,0.0,0.0,30.0,0.0,0.0,0.0,0.0
15710,28.1967763,0.0,0.0,30.0,0.0,0.0,0.0,0.0
15711,28.1970077,0.0,0.0,30.0,0.0,0.0,0.0,0.0
15712,28.197268,0.0,0.0,30.0,0.0,0.0,0.0,0.0
15713,28.1975586,0.0,0.0,30.0,0.0,0.0,0.0,0.0
15714,28.1978816,0.0,0.0,30.0,0.0,0.0,0.0,0.0
15715,28.1982387,0.0,0.0,30.0,0.0,0.0,0.0,0.0
15716,28.1986324,0.0,0.0,30.0,0.0,0.0,0.0,0.0
15717,28.199065,0.0,0.0,30.0,0.0,0.0,0.0,0.0
15718,28.1995392,0.0,0.0,30.0,0.0,0.0,0.0,0.0
15719,28.200058,0.0,0.0,30.0,0.0,0.0,0.0,0.0
15720,28.2006246,0.0,0.0,30.0,0.0,0.0,0.0,0.0
15721,28.2012426,0.0,0.0,30.0,0.0,0.0,0.0,0.0
15722,28.2019157,0.0,0.0,30.0,0.0,0.0,0.0,0.0
15723,28.2026482,0.0,0.0,30.0,0.0,0.0,0.0,0.0
15724,28.2034447,0.0,0.0,30.0,0.0,0.0,0.0,0.0
15725,28.20431,0.0,0.0,30.0,0.0,0.0,0.0,0.0
15726,28.2052497,0.0,0.0,30.0,0.0,0.0,0.0,0.0
15727,28.2062694,0.0,0.0,30.0,0.0,0.0,0.0,0.0
15728,28.2073757,0.0,0.0,30.0,0.0,0.0,0.0,0.0
15729,28.2085754,0.0,0.0,30.0,0.0,0.0,0.0,0.0
15730,28.2098759,0.0,0.0,30.0,0.0,0.0,0.0,0.0
15731,28.2112854,0.0,0.0,30.0,0.0,0.0,0.0,0.0
15732,28.2128126,0.0,0.0,30.0,0.0,0.0,0.0,0.0
15733,28.214467,0.0,0.0,30.0,0.0,0.0,0.0,0.0
15734,28.216259,0.0,0.0,30.0,0.0,0.0,0.0,0.0
15735,28.2181997,0.0,0.0,30.0,0.0,0.0,0.0,0.0
15736,28.2203012,0.0,0.0,30.0,0.0,0.0,0.0,0.0
15737,28.2225766,0.0,0.0,30.0,0.0,0.0,0.0,0.0
15738,28.22504,0.0,0.0,30.0,0.0,0.0,0.0,0.0
15739,28.2277068,0.0,0.0,30.0,0.0,0.0,0.0,0.0
15740,28.2305936,0.0,0.0,30.0,0.0,0.0,0.0,0.0
15741,28.2337184,0.0,0.0,30.0,0.0,0.0,0.0,0.0
15742,28.2371006,0.0,0.0,30.0,0.0,0.0,0.0,0.0
15743,28.2407613,0.0,0.0,30.0,0.0,0.0,0.0,0.0
15744,28.2447232,0.0,0.0,30.0,0.0,0.0,0.0,0.0
15745,28.2490112,0.0,0.0,30.0,0.0,0.0,0.0,0.0
15746,28.2536518,0.0,0.0,30.0,0.0,0.0,0.0,0.0
15747,28.258674,0.0,0.0,30.0,0.0,0.0,0.0,0.0
15748,28.264109,0.0,0.0,30.0,0.0,0.0,0.0,0.0
15749,28.2699907,0.0,0.0,30.0,0.0,0.0,0.0,0.0
15750,28.2763557,0.0,0.0,30.0,0.0,0.0,0.0,0.0
15751,28.2832437,0.0,0.0,30.0,0.0,0.0,0.0,0.0
15752,28.2906975,0.0,0.0,30.0,0.0,0.0,0.0,0.0
15753,28.2987636,0.0,0.0,30.0,0.0,0.0,0.0,0.0
15754,28.3074921,0.0,0.0,30.0,0.0,0.0,0.0,0.0
15755,28.3169375,0.0,0.0,30.0,0.0,0.0,0.0,0.0
15756,28.3271586,0.0,0.0,30.0,0.0,0.0,0.0,0.0
15757,28.338219,0.0,0.0,30.0,0.0,0.0,0.0,0.0
15758,28.3501875,0.0,0.0,30.0,0.0,0.0,0.0,0.0
15759,28.3631388,0.0,0.0,30.0,0.0,0.0,0.0,0.0
15760,28.3771535,0.0,0.0,30.0,0.0,0.0,0.0,0.0
15761,28.3923188,0.0,0.0,30.0,0.0,0.0,0.0,0.0
15762,28.4087291,0.0,0.0,30.0,0.0,0.0,0.0,0.0
15763,28.4264868,0.0,0.0,30.0,0.0,0.0,0.0,0.0
15764,28.4457023,0.0,0.0,30.0,0.0,0.0,0.0,0.0
15765,28.4664952,0.0,0.0,30.0,0.0,0.0,0.0,0.0
15766,28.4889951,0.0,0.0,30.0,0.0,0.0,0.0,0.0
15767,28.5133424,0.0,0.0,30.0,0.0,0.0,0.0,0.0
15768,28.5396886,0.0,0.0,30.0,0.0,0.0,0.0,0.0
15769,28.5681959,0.0,0.0,30.0,0.0,0.0,0.0,0.0
15770,28.5990429,0.0,0.0,30.0,0.0,0.0,0.0,0.0
15771,28.6324302,0.0,0.0,30.0,0.0,0.0,0.0,0.0
15772,28.6685606,0.0,0.0,30.0,0.0,0.0,0.0,0.0
15773,28.7076164,0.0,0.0,30.0,0.0,0.0,0.0,0.0
15774,28.7498709,0.0,0.0,30.0,0.0,0.0,0.0,0.0
15775,28.795796,0.0,0.0,30.0,0.0,0.0,0.0,0.0
15776,28.8455057,0.0,0.0,30.0,0.0,0.0,0.0,0.0
15777,28.8982927,0.0,0.0,30.0,0.0,0.0,0.0,0.0
15778,28.9554461,0.0,0.0,30.0,0.0,0.0,0.0,0.0
15779,29.0222671,0.0,0.0,30.0,0.0,0.0,0.0,0.0
15780,29.0938806,0.0,0.0,30.0,0.0,0.0,0.0,0.0
15781,29.1467496,0.0,0.0,30.0,0.0,0.0,0.0,0.0
15782,29.2100097,0.0,0.0,30.0,0.0,0.0,0.0,0.0
15783,29.4000261,0.0,0.0,30.0,0.0,0.0,0.0,0.0
15784,29.5627626,0.0,0.0,30.0,0.0,0.0,0.0,0.0
15785,29.1382378,0.0,0.0,30.0,0.0,0.0,0.0,0.0
15786,29.0148373,0.0,0.0,30.0,0.0,0.0,0.0,0.0
15787,29.9065185,0.0,0.0,30.0,0.0,0.0,0.0,0.0
15788,30.0,0.0,0.0,30.0,0.0,0.0,0.0,0.0
15789,30.0,0.0,0.0,30.0,0.0,0.0,0.0,0.0
15790,23.8911054,0.0,0.0,30.0,0.0,0.0,0.0,0.0
15791,23.6889149,0.0,0.0,30.0,0.0,0.0,0.0,0.0
15792,0.0,0.0,0.0,0.0,0.0,0.0,0.0,0.0
15793,30.0,0.0,0.0,4.21859505,0.0,0.0,0.0,0.0
15794,30.0,0.0,0.0,6.18726477,0.0,0.0,0.0,0.0
15795,0.0,0.0,0.0,16.7900556,0.0,0.0,0.0,0.0
15796,0.0,0.0,0.0,21.9789414,0.0,0.0,0.0,0.0
15797,0.0,0.0,0.0,23.4345668,0.0,0.0,0.0,0.0
15798,0.0,0.0,0.0,23.9140565,0.0,0.0,0.0,0.0
15799,0.0,0.0,0.0,24.8020415,0.0,0.0,0.0,0.0
15800,0.0,0.0,0.0,25.6386006,0.0,0.0,0.0,0.0
15801,0.0,0.0,0.0,26.2319011,0.0,0.0,0.0,0.0
15802,0.0,0.0,0.0,26.6672088,0.0,0.0,0.0,0.0
15803,0.0,0.0,0.0,26.9789123,0.0,0.0,0.0,0.0
15804,0.0,0.0,0.0,27.1577817,0.0,0.0,0.0,0.0
15805,0.0,0.0,0.0,27.2016445,0.0,0.0,0.0,0.0
15806,0.0,0.0,0.0,27.11303,0.0,0.0,0.0,0.0
15807,0.0,0.0,0.0,26.8919937,0.0,0.0,0.0,0.0
15808,0.0,0.0,0.0,26.5361614,0.0,0.0,0.0,0.0
15809,0.0,0.0,0.0,26.0379339,0.0,0.0,0.0,0.0
15810,0.0,0.0,0.0,25.3883823,0.0,0.0,0.0,0.0
15811,0.0,0.0,0.0,24.6018378,0.0,0.0,0.0,0.0
15812,0.0,0.0,0.0,23.6854333,0.0,0.0,0.0,0.0
15813,0.0,0.0,0.0,22.4841006,0.0,0.0,0.0,0.0
15814,0.0,0.0,0.0,20.9023724,0.0,0.0,0.0,0.0
15815,0.0,0.0,0.0,19.8649141,0.0,0.0,0.0,0.0
15816,0.0,0.0,0.0,19.7244474,0.0,0.0,0.0,0.0
15817,0.0,0.0,0.0,14.3398563,0.0,0.0,0.0,0.0
15818,0.0,0.0,0.0,2.43748084,0.0,0.0,0.0,0.0
15819,0.0,0.0,0.0,3.65831342,0.0,0.0,0.0,0.0
15820,30.0,0.0,0.0,30.0,0.0,0.0,0.0,0.0
15821,30.0,0.0,0.0,30.0,0.0,0.0,0.0,0.0
15822,30.0,0.0,0.0,30.0,0.0,0.0,0.0,0.0
15823,30.0,0.0,0.0,30.0,0.0,0.0,0.0,0.0
15824,30.0,0.0,0.0,30.0,0.0,0.0,0.0,0.0
15825,30.0,0.0,0.0,30.0,0.0,0.0,0.0,0.0
15826,30.0,0.0,0.0,30.0,0.0,0.0,0.0,0.0
15827,17.4433495,0.0,0.0,30.0,0.0,0.0,0.0,0.0
15828,14.0733843,0.0,0.0,30.0,0.0,0.0,0.0,0.0
15829,19.6867302,0.0,0.0,30.0,0.0,0.0,0.0,0.0
15830,22.6703844,0.0,0.0,30.0,0.0,0.0,0.0,0.0
15831,20.6659028,0.0,0.0,30.0,0.0,0.0,0.0,0.0
15832,20.2527425,0.0,0.0,30.0,0.0,0.0,0.0,0.0
15833,22.9412901,0.0,0.0,30.0,0.0,0.0,0.0,0.0
15834,27.0508486,0.0,0.0,30.0,0.0,0.0,0.0,0.0
15835,30.0,0.0,0.0,30.0,0.0,0.0,0.0,0.0
15836,30.0,0.0,0.0,30.0,0.0,0.0,0.0,0.0
15837,30.0,0.0,0.0,30.0,0.0,0.0,0.0,0.0
15838,30.0,0.0,0.0,30.0,0.0,0.0,0.0,0.0
15839,30.0,0.0,0.0,30.0,0.0,0.0,0.0,0.0
15840,28.3494156,0.0,0.0,30.0,0.0,0.0,0.0,0.0
15841,28.1294247,0.0,0.0,30.0,0.0,0.0,0.0,0.0
15842,28.3890127,0.0,0.0,30.0,0.0,0.0,0.0,0.0
15843,28.0294322,0.0,0.0,30.0,0.0,0.0,0.0,0.0
15844,28.0096179,0.0,0.0,30.0,0.0,0.0,0.0,0.0
15845,28.0932507,0.0,0.0,30.0,0.0,0.0,0.0,0.0
15846,28.1057736,0.0,0.0,30.0,0.0,0.0,0.0,0.0
15847,28.0981793,0.0,0.0,30.0,0.0,0.0,0.0,0.0
15848,28.1046207,0.0,0.0,30.0,0.0,0.0,0.0,0.0
15849,28.1141478,0.0,0.0,30.0,0.0,0.0,0.0,0.0
15850,28.1201638,0.0,0.0,30.0,0.0,0.0,0.0,0.0
15851,28.1250631,0.0,0.0,30.0,0.0,0.0,0.0,0.0
15852,28.1301667,0.0,0.0,30.0,0.0,0.0,0.0,0.0
15853,28.1350041,0.0,0.0,30.0,0.0,0.0,0.0,0.0
15854,28.139356,0.0,0.0,30.0,0.0,0.0,0.0,0.0
15855,28.143356,0.0,0.0,30.0,0.0,0.0,0.0,0.0
15856,28.1470771,0.0,0.0,30.0,0.0,0.0,0.0,0.0
15857,28.15052,0.0,0.0,30.0,0.0,0.0,0.0,0.0
15858,28.1536968,0.0,0.0,30.0,0.0,0.0,0.0,0.0
15859,28.1566321,0.0,0.0,30.0,0.0,0.0,0.0,0.0
15860,28.1593459,0.0,0.0,30.0,0.0,0.0,0.0,0.0
15861,28.1618541,0.0,0.0,30.0,0.0,0.0,0.0,0.0
15862,28.1641721,0.0,0.0,30.0,0.0,0.0,0.0,0.0
15863,28.1663144,0.0,0.0,30.0,0.0,0.0,0.0,0.0
15864,28.1682945,0.0,0.0,30.0,0.0,0.0,0.0,0.0
15865,28.1701246,0.0,0.0,30.0,0.0,0.0,0.0,0.0
15866,28.1718161,0.0,0.0,30.0,0.0,0.0,0.0,0.0
15867,28.1733796,0.0,0.0,30.0,0.0,0.0,0.0,0.0
15868,28.1748248,0.0,0.0,30.0,0.0,0.0,0.0,0.0
15869,28.1761606,0.0,0.0,30.0,0.0,0.0,0.0,0.0
15870,28.1773955,0.0,0.0,30.0,0.0,0.0,0.0,0.0
15871,28.1785372,0.0,0.0,30.0,0.0,0.0,0.0,0.0
15872,28.1795926,0.0,0.0,30.0,0.0,0.0,0.0,0.0
15873,28.1805684,0.0,0.0,30.0,0.0,0.0,0.0,0.0
15874,28.1814706,0.0,0.0,30.0,0.0,0.0,0.0,0.0
15875,28.182305,0.0,0.0,30.0,0.0,0.0,0.0,0.0
15876,28.1830766,0.0,0.0,30.0,0.0,0.0,0.0,0.0
15877,28.1837903,0.0,0.0,30.0,0.0,0.0,0.0,0.0
15878,28.1844505,0.0,0.0,30.0,0.0,0.0,0.0,0.0
15879,28.1850613,0.0,0.0,30.0,0.0,0.0,0.0,0.0
15880,28.1856266,0.0,0.0,30.0,0.0,0.0,0.0,0.0
15881,28.1861498,0.0,0.0,30.0,0.0,0.0,0.0,0.0
15882,28.1866343,0.0,0.0,30.0,0.0,0.0,0.0,0.0
15883,28.1870829,0.0,0.0,30.0,0.0,0.0,0.0,0.0
15884,28.1874986,0.0,0.0,30.0,0.0,0.0,0.0,0.0
15885,28.1878839,0.0,0.0,30.0,0.0,0.0,0.0,0.0
15886,28.1882412,0.0,0.0,30.0,0.0,0.0,0.0,0.0
15887,28.1885728,0.0,0.0,30.0,0.0,0.0,0.0,0.0
15888,28.1888806,0.0,0.0,30.0,0.0,0.0,0.0,0.0
15889,28.1891666,0.0,0.0,30.0,0.0,0.0,0.0,0.0
15890,28.1894327,0.0,0.0,30.0,0.0,0.0,0.0,0.0
15891,28.1896803,0.0,0.0,30.0,0.0,0.0,0.0,0.0
15892,28.1899112,0.0,0.0,30.0,0.0,0.0,0.0,0.0
15893,28.1901267,0.0,0.0,30.0,0.0,0.0,0.0,0.0
15894,28.1903282,0.0,0.0,30.0,0.0,0.0,0.0,0.0
15895,28.1905169,0.0,0.0,30.0,0.0,0.0,0.0,0.0
15896,28.190694,0.0,0.0,30.0,0.0,0.0,0.0,0.0
15897,28.1908605,0.0,0.0,30.0,0.0,0.0,0.0,0.0
15898,28.1910177,0.0,0.0,30.0,0.0,0.0,0.0,0.0
15899,28.1911663,0.0,0.0,30.0,0.0,0.0,0.0,0.0
15900,28.1913074,0.0,0.0,30.0,0.0,0.0,0.0,0.0
15901,28.1914418,0.0,0.0,30.0,0.0,0.0,0.0,0.0
15902,28.1915703,0.0,0.0,30.0,0.0,0.0,0.0,0.0
15903,28.1916938,0.0,0.0,30.0,0.0,0.0,0.0,0.0
15904,28.1918131,0.0,0.0,30.0,0.0,0.0,0.0,0.0
15905,28.1919288,0.0,0.0,30.0,0.0,0.0,0.0,0.0
15906,28.1920417,0.0,0.0,30.0,0.0,0.0,0.0,0.0
15907,28.1921524,0.0,0.0,30.0,0.0,0.0,0.0,0.0
15908,28.1922618,0.0,0.0,30.0,0.0,0.0,0.0,0.0
15909,28.1923704,0.0,0.0,30.0,0.0,0.0,0.0,0.0
15910,28.192479,0.0,0.0,30.0,0.0,0.0,0.0,0.0
15911,28.1925881,0.0,0.0,30.0,0.0,0.0,0.0,0.0
15912,28.1926986,0.0,0.0,30.0,0.0,0.0,0.0,0.0
15913,28.192811,0.0,0.0,30.0,0.0,0.0,0.0,0.0
15914,28.1929261,0.0,0.0,30.0,0.0,0.0,0.0,0.0
15915,28.1930446,0.0,0.0,30.0,0.0,0.0,0.0,0.0
15916,28.1931673,0.0,0.0,30.0,0.0,0.0,0.0,0.0
15917,28.1932948,0.0,0.0,30.0,0.0,0.0,0.0,0.0
15918,28.193428,0.0,0.0,30.0,0.0,0.0,0.0,0.0
15919,28.1935678,0.0,0.0,30.0,0.0,0.0,0.0,0.0
15920,28.1937149,0.0,0.0,30.0,0.0,0.0,0.0,0.0
15921,28.1938703,0.0,0.0,30.0,0.0,0.0,0.0,0.0
15922,28.1940351,0.0,0.0,30.0,0.0,0.0,0.0,0.0
15923,28.1942101,0.0,0.0,30.0,0.0,0.0,0.0,0.0
15924,28.1943965,0.0,0.0,30.0,0.0,0.0,0.0,0.0
15925,28.1945955,0.0,0.0,30.0,0.0,0.0,0.0,0.0
15926,28.1948082,0.0,0.0,30.0,0.0,0.0,0.0,0.0
15927,28.1950361,0.0,0.0,30.0,0.0,0.0,0.0,0.0
15928,28.1952805,0.0,0.0,30.0,0.0,0.0,0.0,0.0
15929,28.1955429,0.0,0.0,30.0,0.0,0.0,0.0,0.0
15930,28.1958251,0.0,0.0,30.0,0.0,0.0,0.0,0.0
15931,28.1961287,0.0,0.0,30.0,0.0,0.0,0.0,0.0
15932,28.1964556,0.0,0.0,30.0,0.0,0.0,0.0,0.0
15933,28.1968079,0.0,0.0,30.0,0.0,0.0,0.0,0.0
15934,28.1971878,0.0,0.0,30.0,0.0,0.0,0.0,0.0
15935,28.1975976,0.0,0.0,30.0,0.0,0.0,0.0,0.0
15936,28.1980399,0.0,0.0,30.0,0.0,0.0,0.0,0.0
15937,28.1985175,0.0,0.0,30.0,0.0,0.0,0.0,0.0
15938,28.1990332,0.0,0.0,30.0,0.0,0.0,0.0,0.0
15939,28.1995904,0.0,0.0,30.0,0.0,0.0,0.0,0.0
15940,28.2001925,0.0,0.0,30.0,0.0,0.0,0.0,0.0
15941,28.2008432,0.0,0.0,30.0,0.0,0.0,0.0,0.0
15942,28.2015466,0.0,0.0,30.0,0.0,0.0,0.0,0.0
15943,28.2023072,0.0,0.0,30.0,0.0,0.0,0.0,0.0
15944,28.2031295,0.0,0.0,30.0,0.0,0.0,0.0,0.0
15945,28.2040188,0.0,0.0,30.0,0.0,0.0,0.0,0.0
15946,28.2049805,0.0,0.0,30.0,0.0,0.0,0.0,0.0
15947,28.2060207,0.0,0.0,30.0,0.0,0.0,0.0,0.0
15948,28.2071459,0.0,0.0,30.0,0.0,0.0,0.0,0.0
15949,28.208363,0.0,0.0,30.0,0.0,0.0,0.0,0.0
15950,28.2096796,0.0,0.0,30.0,0.0,0.0,0.0,0.0
15951,28.211104,0.0,0.0,30.0,0.0,0.0,0.0,0.0
15952,28.212645,0.0,0.0,30.0,0.0,0.0,0.0,0.0
15953,28.2143121,0.0,0.0,30.0,0.0,0.0,0.0,0.0
15954,28.2161159,0.0,0.0,30.0,0.0,0.0,0.0,0.0
15955,28.2180675,0.0,0.0,30.0,0.0,0.0,0.0,0.0
15956,28.220179,0.0,0.0,30.0,0.0,0.0,0.0,0.0
15957,28.2224636,0.0,0.0,30.0,0.0,0.0,0.0,0.0
15958,28.2249356,0.0,0.0,30.0,0.0,0.0,0.0,0.0
15959,28.2276103,0.0,0.0,30.0,0.0,0.0,0.0,0.0
15960,28.2305045,0.0,0.0,30.0,0.0,0.0,0.0,0.0
15961,28.233636,0.0,0.0,30.0,0.0,0.0,0.0,0.0
15962,28.2370244,0.0,0.0,30.0,0.0,0.0,0.0,0.0
15963,28.2406909,0.0,0.0,30.0,0.0,0.0,0.0,0.0
15964,28.2446583,0.0,0.0,30.0,0.0,0.0,0.0,0.0
15965,28.2489511,0.0,0.0,30.0,0.0,0.0,0.0,0.0
15966,28.2535963,0.0,0.0,30.0,0.0,0.0,0.0,0.0
15967,28.2586227,0.0,0.0,30.0,0.0,0.0,0.0,0.0
15968,28.2640616,0.0,0.0,30.0,0.0,0.0,0.0,0.0
15969,28.2699469,0.0,0.0,30.0,0.0,0.0,0.0,0.0
15970,28.2763153,0.0,0.0,30.0,0.0,0.0,0.0,0.0
15971,28.2832063,0.0,0.0,30.0,0.0,0.0,0.0,0.0
15972,28.290663,0.0,0.0,30.0,0.0,0.0,0.0,0.0
15973,28.2987317,0.0,0.0,30.0,0.0,0.0,0.0,0.0
15974,28.3074627,0.0,0.0,30.0,0.0,0.0,0.0,0.0
15975,28.3169103,0.0,0.0,30.0,0.0,0.0,0.0,0.0
15976,28.3271334,0.0,0.0,30.0,0.0,0.0,0.0,0.0
15977,28.3381957,0.0,0.0,30.0,0.0,0.0,0.0,0.0
15978,28.3501661,0.0,0.0,30.0,0.0,0.0,0.0,0.0
15979,28.363119,0.0,0.0,30.0,0.0,0.0,0.0,0.0
15980,28.3771351,0.0,0.0,30.0,0.0,0.0,0.0,0.0
15981,28.3923018,0.0,0.0,30.0,0.0,0.0,0.0,0.0
15982,28.4087135,0.0,0.0,30.0,0.0,0.0,0.0,0.0
15983,28.4264723,0.0,0.0,30.0,0.0,0.0,0.0,0.0
15984,28.4456889,0.0,0.0,30.0,0.0,0.0,0.0,0.0
15985,28.4664829,0.0,0.0,30.0,0.0,0.0,0.0,0.0
15986,28.4889837,0.0,0.0,30.0,0.0,0.0,0.0,0.0
15987,28.5133319,0.0,0.0,30.0,0.0,0.0,0.0,0.0
15988,28.5396789,0.0,0.0,30.0,0.0,0.0,0.0,0.0
15989,28.568187,0.0,0.0,30.0,0.0,0.0,0.0,0.0
15990,28.5990346,0.0,0.0,30.0,0.0,0.0,0.0,0.0
15991,28.6324226,0.0,0.0,30.0,0.0,0.0,0.0,0.0
15992,28.6685535,0.0,0.0,30.0,0.0,0.0,0.0,0.0
15993,28.7076099,0.0,0.0,30.0,0.0,0.0,0.0,0.0
15994,28.749865,0.0,0.0,30.0,0.0,0.0,0.0,0.0
15995,28.7957905,0.0,0.0,30.0,0.0,0.0,0.0,0.0
15996,28.8455007,0.0,0.0,30.0,0.0,0.0,0.0,0.0
15997,28.8982881,0.0,0.0,30.0,0.0,0.0,0.0,0.0
15998,28.9554418,0.0,0.0,30.0,0.0,0.0,0.0,0.0
15999,29.0222632,0.0,0.0,30.0,0.0,0.0,0.0,0.0
16000,29.0938771,0.0,0.0,30.0,0.0,0.0,0.0,0.0
16001,29.1467463,0.0,0.0,30.0,0.0,0.0,0.0,0.0
16002,29.2100067,0.0,0.0,30.0,0.0,0.0,0.0,0.0
16003,29.4000234,0.0,0.0,30.0,0.0,0.0,0.0,0.0
16004,29.5627602,0.0,0.0,30.0,0.0,0.0,0.0,0.0
16005,29.1382358,0.0,0.0,30.0,0.0,0.0,0.0,0.0
16006,29.0148351,0.0,0.0,30.0,0.0,0.0,0.0,0.0
16007,29.9065164,0.0,0.0,30.0,0.0,0.0,0.0,0.0
16008,30.0,0.0,0.0,30.0,0.0,0.0,0.0,0.0
16009,30.0,0.0,0.0,30.0,0.0,0.0,0.0,0.0
16010,23.8910987,0.0,0.0,30.0,0.0,0.0,0.0,0.0
16011,23.6889103,0.0,0.0,30.0,0.0,0.0,0.0,0.0
16012,0.0,0.0,0.0,0.0,0.0,0.0,0.0,0.0
16013,30.0,0.0,0.0,4.91746217,0.0,0.0,0.0,0.0
16014,30.0,0.0,0.0,7.02734753,0.0,0.0,0.0,0.0
16015,0.0,0.0,0.0,17.7123086,0.0,0.0,0.0,0.0
16016,0.0,0.0,0.0,23.2690326,0.0,0.0,0.0,0.0
16017,0.0,0.0,0.0,24.9543813,0.0,0.0,0.0,0.0
16018,0.0,0.0,0.0,25.6476614,0.0,0.0,0.0,0.0
16019,0.0,0.0,0.0,26.7895881,0.0,0.0,0.0,0.0
16020,0.0,0.0,0.0,27.8833453,0.0,0.0,0.0,0.0
16021,0.0,0.0,0.0,28.7946574,0.0,0.0,0.0,0.0
16022,0.0,0.0,0.0,29.5475471,0.0,0.0,0.0,0.0
16023,0.245962814,0.0,0.0,30.0,0.0,0.0,0.0,0.0
16024,1.82204195,0.0,0.0,30.0,0.0,0.0,0.0,0.0
16025,3.26785546,0.0,0.0,30.0,0.0,0.0,0.0,0.0
16026,4.42209102,0.0,0.0,30.0,0.0,0.0,0.0,0.0
16027,5.48665639,0.0,0.0,30.0,0.0,0.0,0.0,0.0
16028,6.43194524,0.0,0.0,30.0,0.0,0.0,0.0,0.0
16029,7.22820961,0.0,0.0,30.0,0.0,0.0,0.0,0.0
16030,7.90083332,0.0,0.0,30.0,0.0,0.0,0.0,0.0
16031,8.45522311,0.0,0.0,30.0,0.0,0.0,0.0,0.0
16032,8.82961504,0.0,0.0,30.0,0.0,0.0,0.0,0.0
16033,9.06139976,0.0,0.0,30.0,0.0,0.0,0.0,0.0
16034,9.46393162,0.0,0.0,30.0,0.0,0.0,0.0,0.0
16035,9.82589935,0.0,0.0,30.0,0.0,0.0,0.0,0.0
16036,8.62599752,0.0,0.0,30.0,0.0,0.0,0.0,0.0
16037,7.07988632,0.0,0.0,30.0,0.0,0.0,0.0,0.0
16038,12.6433407,0.0,0.0,30.0,0.0,0.0,0.0,0.0
16039,17.3894464,0.0,0.0,30.0,0.0,0.0,0.0,0.0
16040,20.6362496,0.0,0.0,30.0,0.0,0.0,0.0,0.0
16041,24.5489436,0.0,0.0,30.0,0.0,0.0,0.0,0.0
16042,26.6128704,0.0,0.0,30.0,0.0,0.0,0.0,0.0
16043,27.639306,0.0,0.0,30.0,0.0,0.0,0.0,0.0
16044,27.4421145,0.0,0.0,30.0,0.0,0.0,0.0,0.0
16045,28.4155962,0.0,0.0,30.0,0.0,0.0,0.0,0.0
16046,29.0979471,0.0,0.0,30.0,0.0,0.0,0.0,0.0
16047,30.0,0.0,0.0,30.0,0.0,0.0,0.0,0.0
16048,30.0,0.0,0.0,30.0,0.0,0.0,0.0,0.0
16049,30.0,0.0,0.0,30.0,0.0,0.0,0.0,0.0
16050,30.0,0.0,0.0,30.0,0.0,0.0,0.0,0.0
16051,30.0,0.0,0.0,30.0,0.0,0.0,0.0,0.0
16052,30.0,0.0,0.0,30.0,0.0,0.0,0.0,0.0
16053,30.0,0.0,0.0,30.0,0.0,0.0,0.0,0.0
16054,30.0,0.0,0.0,30.0,0.0,0.0,0.0,0.0
16055,30.0,0.0,0.0,30.0,0.0,0.0,0.0,0.0
16056,30.0,0.0,0.0,30.0,0.0,0.0,0.0,0.0
16057,30.0,0.0,0.0,30.0,0.0,0.0,0.0,0.0
16058,30.0,0.0,0.0,30.0,0.0,0.0,0.0,0.0
16059,30.0,0.0,0.0,30.0,0.0,0.0,0.0,0.0
16060,29.2993319,0.0,0.0,30.0,0.0,0.0,0.0,0.0
16061,29.2606855,0.0,0.0,30.0,0.0,0.0,0.0,0.0
16062,29.3141329,0.0,0.0,30.0,0.0,0.0,0.0,0.0
16063,29.0519569,0.0,0.0,30.0,0.0,0.0,0.0,0.0
16064,28.9685482,0.0,0.0,30.0,0.0,0.0,0.0,0.0
16065,28.9455798,0.0,0.0,30.0,0.0,0.0,0.0,0.0
16066,28.8913479,0.0,0.0,30.0,0.0,0.0,0.0,0.0
16067,28.8310276,0.0,0.0,30.0,0.0,0.0,0.0,0.0
16068,28.7821517,0.0,0.0,30.0,0.0,0.0,0.0,0.0
16069,28.7388925,0.0,0.0,30.0,0.0,0.0,0.0,0.0
16070,28.6974901,0.0,0.0,30.0,0.0,0.0,0.0,0.0
16071,28.6588745,0.0,0.0,30.0,0.0,0.0,0.0,0.0
16072,28.6234829,0.0,0.0,30.0,0.0,0.0,0.0,0.0
16073,28.5908413,0.0,0.0,30.0,0.0,0.0,0.0,0.0
16074,28.5606151,0.0,0.0,30.0,0.0,0.0,0.0,0.0
16075,28.5326702,0.0,0.0,30.0,0.0,0.0,0.0,0.0
16076,28.5068578,0.0,0.0,30.0,0.0,0.0,0.0,0.0
16077,28.4830057,0.0,0.0,30.0,0.0,0.0,0.0,0.0
16078,28.4609606,0.0,0.0,30.0,0.0,0.0,0.0,0.0
16079,28.4405876,0.0,0.0,30.0,0.0,0.0,0.0,0.0
16080,28.4217608,0.0,0.0,30.0,0.0,0.0,0.0,0.0
16081,28.4043624,0.0,0.0,30.0,0.0,0.0,0.0,0.0
16082,28.3882839,0.0,0.0,30.0,0.0,0.0,0.0,0.0
16083,28.3734253,0.0,0.0,30.0,0.0,0.0,0.0,0.0
16084,28.3596942,0.0,0.0,30.0,0.0,0.0,0.0,0.0
16085,28.3470048,0.0,0.0,30.0,0.0,0.0,0.0,0.0
16086,28.3352784,0.0,0.0,30.0,0.0,0.0,0.0,0.0
16087,28.3244418,0.0,0.0,30.0,0.0,0.0,0.0,0.0
16088,28.3144275,0.0,0.0,30.0,0.0,0.0,0.0,0.0
16089,28.3051733,0.0,0.0,30.0,0.0,0.0,0.0,0.0
16090,28.2966214,0.0,0.0,30.0,0.0,0.0,0.0,0.0
16091,28.2887186,0.0,0.0,30.0,0.0,0.0,0.0,0.0
16092,28.2814158,0.0,0.0,30.0,0.0,0.0,0.0,0.0
16093,28.2746673,0.0,0.0,30.0,0.0,0.0,0.0,0.0
16094,28.2684313,0.0,0.0,30.0,0.0,0.0,0.0,0.0
16095,28.2626689,0.0,0.0,30.0,0.0,0.0,0.0,0.0
16096,28.2573442,0.0,0.0,30.0,0.0,0.0,0.0,0.0
16097,28.252424,0.0,0.0,30.0,0.0,0.0,0.0,0.0
16098,28.2478777,0.0,0.0,30.0,0.0,0.0,0.0,0.0
16099,28.243677,0.0,0.0,30.0,0.0,0.0,0.0,0.0
16100,28.2397957,0.0,0.0,30.0,0.0,0.0,0.0,0.0
16101,28.2362097,0.0,0.0,30.0,0.0,0.0,0.0,0.0
16102,28.2328967,0.0,0.0,30.0,0.0,0.0,0.0,0.0
16103,28.2298359,0.0,0.0,30.0,0.0,0.0,0.0,0.0
16104,28.2270084,0.0,0.0,30.0,0.0,0.0,0.0,0.0
16105,28.2243965,0.0,0.0,30.0,0.0,0.0,0.0,0.0
16106,28.221984,0.0,0.0,30.0,0.0,0.0,0.0,0.0
16107,28.2197558,0.0,0.0,30.0,0.0,0.0,0.0,0.0
16108,28.2176981,0.0,0.0,30.0,0.0,0.0,0.0,0.0
16109,28.215798,0.0,0.0,30.0,0.0,0.0,0.0,0.0
16110,28.2140438,0.0,0.0,30.0,0.0,0.0,0.0,0.0
16111,28.2124245,0.0,0.0,30.0,0.0,0.0,0.0,0.0
16112,28.21093,0.0,0.0,30.0,0.0,0.0,0.0,0.0
16113,28.209551,0.0,0.0,30.0,0.0,0.0,0.0,0.0
16114,28.208279,0.0,0.0,30.0,0.0,0.0,0.0,0.0
16115,28.2071059,0.0,0.0,30.0,0.0,0.0,0.0,0.0
16116,28.2060246,0.0,0.0,30.0,0.0,0.0,0.0,0.0
16117,28.2050282,0.0,0.0,30.0,0.0,0.0,0.0,0.0
16118,28.2041106,0.0,0.0,30.0,0.0,0.0,0.0,0.0
16119,28.203266,0.0,0.0,30.0,0.0,0.0,0.0,0.0
16120,28.2024892,0.0,0.0,30.0,0.0,0.0,0.0,0.0
16121,28.2017753,0.0,0.0,30.0,0.0,0.0,0.0,0.0
16122,28.20112,0.0,0.0,30.0,0.0,0.0,0.0,0.0
16123,28.200519,0.0,0.0,30.0,0.0,0.0,0.0,0.0
16124,28.1999688,0.0,0.0,30.0,0.0,0.0,0.0,0.0
16125,28.1994658,0.0,0.0,30.0,0.0,0.0,0.0,0.0
16126,28.1990069,0.0,0.0,30.0,0.0,0.0,0.0,0.0
16127,28.1985893,0.0,0.0,30.0,0.0,0.0,0.0,0.0
16128,28.1982104,0.0,0.0,30.0,0.0,0.0,0.0,0.0
16129,28.1978677,0.0,0.0,30.0,0.0,0.0,0.0,0.0
16130,28.1975592,0.0,0.0,30.0,0.0,0.0,0.0,0.0
16131,28.197283,0.0,0.0,30.0,0.0,0.0,0.0,0.0
16132,28.1970373,0.0,0.0,30.0,0.0,0.0,0.0,0.0
16133,28.1968206,0.0,0.0,30.0,0.0,0.0,0.0,0.0
16134,28.1966315,0.0,0.0,30.0,0.0,0.0,0.0,0.0
16135,28.1964689,0.0,0.0,30.0,0.0,0.0,0.0,0.0
16136,28.1963318,0.0,0.0,30.0,0.0,0.0,0.0,0.0
16137,28.1962193,0.0,0.0,30.0,0.0,0.0,0.0,0.0
16138,28.1961306,0.0,0.0,30.0,0.0,0.0,0.0,0.0
16139,28.1960653,0.0,0.0,30.0,0.0,0.0,0.0,0.0
16140,28.196023,0.0,0.0,30.0,0.0,0.0,0.0,0.0
16141,28.1960033,0.0,0.0,30.0,0.0,0.0,0.0,0.0
16142,28.1960062,0.0,0.0,30.0,0.0,0.0,0.0,0.0
16143,28.1960317,0.0,0.0,30.0,0.0,0.0,0.0,0.0
16144,28.1960799,0.0,0.0,30.0,0.0,0.0,0.0,0.0
16145,28.1961512,0.0,0.0,30.0,0.0,0.0,0.0,0.0
16146,28.1962459,0.0,0.0,30.0,0.0,0.0,0.0,0.0
16147,28.1963647,0.0,0.0,30.0,0.0,0.0,0.0,0.0
16148,28.1965083,0.0,0.0,30.0,0.0,0.0,0.0,0.0
16149,28.1966776,0.0,0.0,30.0,0.0,0.0,0.0,0.0
16150,28.1968737,0.0,0.0,30.0,0.0,0.0,0.0,0.0
16151,28.1970977,0.0,0.0,30.0,0.0,0.0,0.0,0.0
16152,28.1973511,0.0,0.0,30.0,0.0,0.0,0.0,0.0
16153,28.1976355,0.0,0.0,30.0,0.0,0.0,0.0,0.0
16154,28.1979526,0.0,0.0,30.0,0.0,0.0,0.0,0.0
16155,28.1983044,0.0,0.0,30.0,0.0,0.0,0.0,0.0
16156,28.1986931,0.0,0.0,30.0,0.0,0.0,0.0,0.0
16157,28.199121,0.0,0.0,30.0,0.0,0.0,0.0,0.0
16158,28.199591,0.0,0.0,30.0,0.0,0.0,0.0,0.0
16159,28.2001059,0.0,0.0,30.0,0.0,0.0,0.0,0.0
16160,28.2006688,0.0,0.0,30.0,0.0,0.0,0.0,0.0
16161,28.2012834,0.0,0.0,30.0,0.0,0.0,0.0,0.0
16162,28.2019535,0.0,0.0,30.0,0.0,0.0,0.0,0.0
16163,28.2026831,0.0,0.0,30.0,0.0,0.0,0.0,0.0
16164,28.2034769,0.0,0.0,30.0,0.0,0.0,0.0,0.0
16165,28.2043398,0.0,0.0,30.0,0.0,0.0,0.0,0.0
16166,28.2052772,0.0,0.0,30.0,0.0,0.0,0.0,0.0
16167,28.2062949,0.0,0.0,30.0,0.0,0.0,0.0,0.0
16168,28.2073993,0.0,0.0,30.0,0.0,0.0,0.0,0.0
16169,28.2085971,0.0,0.0,30.0,0.0,0.0,0.0,0.0
16170,28.209896,0.0,0.0,30.0,0.0,0.0,0.0,0.0
16171,28.211304,0.0,0.0,30.0,0.0,0.0,0.0,0.0
16172,28.2128298,0.0,0.0,30.0,0.0,0.0,0.0,0.0
16173,28.2144829,0.0,0.0,30.0,0.0,0.0,0.0,0.0
16174,28.2162737,0.0,0.0,30.0,0.0,0.0,0.0,0.0
16175,28.2182133,0.0,0.0,30.0,0.0,0.0,0.0,0.0
16176,28.2203137,0.0,0.0,30.0,0.0,0.0,0.0,0.0
16177,28.2225882,0.0,0.0,30.0,0.0,0.0,0.0,0.0
16178,28.2250507,0.0,0.0,30.0,0.0,0.0,0.0,0.0
16179,28.2277167,0.0,0.0,30.0,0.0,0.0,0.0,0.0
16180,28.2306027,0.0,0.0,30.0,0.0,0.0,0.0,0.0
16181,28.2337268,0.0,0.0,30.0,0.0,0.0,0.0,0.0
16182,28.2371084,0.0,0.0,30.0,0.0,0.0,0.0,0.0
16183,28.2407685,0.0,0.0,30.0,0.0,0.0,0.0,0.0
16184,28.2447299,0.0,0.0,30.0,0.0,0.0,0.0,0.0
16185,28.2490174,0.0,0.0,30.0,0.0,0.0,0.0,0.0
16186,28.2536575,0.0,0.0,30.0,0.0,0.0,0.0,0.0
16187,28.2586792,0.0,0.0,30.0,0.0,0.0,0.0,0.0
16188,28.2641139,0.0,0.0,30.0,0.0,0.0,0.0,0.0
16189,28.2699952,0.0,0.0,30.0,0.0,0.0,0.0,0.0
16190,28.2763599,0.0,0.0,30.0,0.0,0.0,0.0,0.0
16191,28.2832475,0.0,0.0,30.0,0.0,0.0,0.0,0.0
16192,28.2907011,0.0,0.0,30.0,0.0,0.0,0.0,0.0
16193,28.2987669,0.0,0.0,30.0,0.0,0.0,0.0,0.0
16194,28.3074952,0.0,0.0,30.0,0.0,0.0,0.0,0.0
16195,28.3169403,0.0,0.0,30.0,0.0,0.0,0.0,0.0
16196,28.3271612,0.0,0.0,30.0,0.0,0.0,0.0,0.0
16197,28.3382214,0.0,0.0,30.0,0.0,0.0,0.0,0.0
16198,28.3501897,0.0,0.0,30.0,0.0,0.0,0.0,0.0
16199,28.3631409,0.0,0.0,30.0,0.0,0.0,0.0,0.0
16200,28.3771553,0.0,0.0,30.0,0.0,0.0,0.0,0.0
16201,28.3923205,0.0,0.0,30.0,0.0,0.0,0.0,0.0
16202,28.4087307,0.0,0.0,30.0,0.0,0.0,0.0,0.0
16203,28.4264882,0.0,0.0,30.0,0.0,0.0,0.0,0.0
16204,28.4457036,0.0,0.0,30.0,0.0,0.0,0.0,0.0
16205,28.4664965,0.0,0.0,30.0,0.0,0.0,0.0,0.0
16206,28.4889962,0.0,0.0,30.0,0.0,0.0,0.0,0.0
16207,28.5133435,0.0,0.0,30.0,0.0,0.0,0.0,0.0
16208,28.5396896,0.0,0.0,30.0,0.0,0.0,0.0,0.0
16209,28.5681969,0.0,0.0,30.0,0.0,0.0,0.0,0.0
16210,28.5990437,0.0,0.0,30.0,0.0,0.0,0.0,0.0
16211,28.6324309,0.0,0.0,30.0,0.0,0.0,0.0,0.0
16212,28.6685613,0.0,0.0,30.0,0.0,0.0,0.0,0.0
16213,28.707617,0.0,0.0,30.0,0.0,0.0,0.0,0.0
16214,28.7498715,0.0,0.0,30.0,0.0,0.0,0.0,0.0
16215,28.7957965,0.0,0.0,30.0,0.0,0.0,0.0,0.0
16216,28.8455062,0.0,0.0,30.0,0.0,0.0,0.0,0.0
16217,28.8982932,0.0,0.0,30.0,0.0,0.0,0.0,0.0
16218,28.9554465,0.0,0.0,30.0,0.0,0.0,0.0,0.0
16219,29.0222675,0.0,0.0,30.0,0.0,0.0,0.0,0.0
16220,29.093881,0.0,0.0,30.0,0.0,0.0,0.0,0.0
16221,29.1467499,0.0,0.0,30.0,0.0,0.0,0.0,0.0
16222,29.21001,0.0,0.0,30.0,0.0,0.0,0.0,0.0
16223,29.4000264,0.0,0.0,30.0,0.0,0.0,0.0,0.0
16224,29.5627629,0.0,0.0,30.0,0.0,0.0,0.0,0.0
16225,29.138238,0.0,0.0,30.0,0.0,0.0,0.0,0.0
16226,29.0148375,0.0,0.0,30.0,0.0,0.0,0.0,0.0
16227,29.9065188,0.0,0.0,30.0,0.0,0.0,0.0,0.0
16228,30.0,0.0,0.0,30.0,0.0,0.0,0.0,0.0
16229,30.0,0.0,0.0,30.0,0.0,0.0,0.0,0.0
16230,23.8911061,0.0,0.0,30.0,0.0,0.0,0.0,0.0
16231,23.6889154,0.0,0.0,30.0,0.0,0.0,0.0,0.0
16232,0.0,0.0,0.0,0.0,0.0,0.0,0.0,0.0
16233,30.0,0.0,0.0,4.3794725,0.0,0.0,0.0,0.0
16234,30.0,0.0,0.0,6.38062664,0.0,0.0,0.0,0.0
16235,0.0,0.0,0.0,17.0023289,0.0,0.0,0.0,0.0
16236,0.0,0.0,0.0,22.276036,0.0,0.0,0.0,0.0
16237,0.0,0.0,0.0,23.7845316,0.0,0.0,0.0,0.0
16238,0.0,0.0,0.0,24.3122878,0.0,0.0,0.0,0.0
16239,0.0,0.0,0.0,25.2589556,0.0,0.0,0.0,0.0
16240,0.0,0.0,0.0,26.1607796,0.0,0.0,0.0,0.0
16241,0.0,0.0,0.0,26.8245704,0.0,0.0,0.0,0.0
16242,0.0,0.0,0.0,27.3371807,0.0,0.0,0.0,0.0
16243,0.0,0.0,0.0,27.7342179,0.0,0.0,0.0,0.0
16244,0.0,0.0,0.0,28.0073367,0.0,0.0,0.0,0.0
16245,0.0,0.0,0.0,28.1554345,0.0,0.0,0.0,0.0
16246,0.0,0.0,0.0,28.1822492,0.0,0.0,0.0,0.0
16247,0.0,0.0,0.0,28.0891725,0.0,0.0,0.0,0.0
16248,0.0,0.0,0.0,27.8755887,0.0,0.0,0.0,0.0
16249,0.0,0.0,0.0,27.5357145,0.0,0.0,0.0,0.0
16250,0.0,0.0,0.0,27.0608137,0.0,0.0,0.0,0.0
16251,0.0,0.0,0.0,26.4666364,0.0,0.0,0.0,0.0
16252,0.0,0.0,0.0,25.7734567,0.0,0.0,0.0,0.0
16253,0.0,0.0,0.0,24.8311033,0.0,0.0,0.0,0.0
16254,0.0,0.0,0.0,23.4766949,0.0,0.0,0.0,0.0
16255,0.0,0.0,0.0,22.634833,0.0,0.0,0.0,0.0
16256,0.0,0.0,0.0,23.1149744,0.0,0.0,0.0,0.0
16257,0.0,0.0,0.0,18.7244334,0.0,0.0,0.0,0.0
16258,0.0,0.0,0.0,5.26402107,0.0,0.0,0.0,0.0
16259,0.0,0.0,0.0,6.88804934,0.0,0.0,0.0,0.0
16260,30.0,0.0,0.0,30.0,0.0,0.0,0.0,0.0
16261,30.0,0.0,0.0,30.0,0.0,0.0,0.0,0.0
16262,30.0,0.0,0.0,30.0,0.0,0.0,0.0,0.0
16263,30.0,0.0,0.0,30.0,0.0,0.0,0.0,0.0
16264,30.0,0.0,0.0,30.0,0.0,0.0,0.0,0.0
16265,28.3282336,0.0,0.0,30.0,0.0,0.0,0.0,0.0
16266,28.097196,0.0,0.0,30.0,0.0,0.0,0.0,0.0
16267,30.0,0.0,0.0,30.0,0.0,0.0,0.0,0.0
16268,30.0,0.0,0.0,30.0,0.0,0.0,0.0,0.0
16269,30.0,0.0,0.0,30.0,0.0,0.0,0.0,0.0
16270,30.0,0.0,0.0,30.0,0.0,0.0,0.0,0.0
16271,30.0,0.0,0.0,30.0,0.0,0.0,0.0,0.0
16272,30.0,0.0,0.0,30.0,0.0,0.0,0.0,0.0
16273,30.0,0.0,0.0,30.0,0.0,0.0,0.0,0.0
16274,30.0,0.0,0.0,30.0,0.0,0.0,0.0,0.0
16275,30.0,0.0,0.0,30.0,0.0,0.0,0.0,0.0
16276,30.0,0.0,0.0,30.0,0.0,0.0,0.0,0.0
16277,30.0,0.0,0.0,30.0,0.0,0.0,0.0,0.0
16278,30.0,0.0,0.0,30.0,0.0,0.0,0.0,0.0
16279,30.0,0.0,0.0,30.0,0.0,0.0,0.0,0.0
16280,29.1730887,0.0,0.0,30.0,0.0,0.0,0.0,0.0
16281,29.1638579,0.0,0.0,30.0,0.0,0.0,0.0,0.0
16282,29.2507659,0.0,0.0,30.0,0.0,0.0,0.0,0.0
16283,28.9544164,0.0,0.0,30.0,0.0,0.0,0.0,0.0
16284,28.875044,0.0,0.0,30.0,0.0,0.0,0.0,0.0
16285,28.8670618,0.0,0.0,30.0,0.0,0.0,0.0,0.0
16286,28.819296,0.0,0.0,30.0,0.0,0.0,0.0,0.0
16287,28.7628402,0.0,0.0,30.0,0.0,0.0,0.0,0.0
16288,28.7190685,0.0,0.0,30.0,0.0,0.0,0.0,0.0
16289,28.6809188,0.0,0.0,30.0,0.0,0.0,0.0,0.0
16290,28.6439211,0.0,0.0,30.0,0.0,0.0,0.0,0.0
16291,28.6093037,0.0,0.0,30.0,0.0,0.0,0.0,0.0
16292,28.5776726,0.0,0.0,30.0,0.0,0.0,0.0,0.0
16293,28.5485192,0.0,0.0,30.0,0.0,0.0,0.0,0.0
16294,28.5215033,0.0,0.0,30.0,0.0,0.0,0.0,0.0
16295,28.4965227,0.0,0.0,30.0,0.0,0.0,0.0,0.0
16296,28.4734525,0.0,0.0,30.0,0.0,0.0,0.0,0.0
16297,28.4521351,0.0,0.0,30.0,0.0,0.0,0.0,0.0
16298,28.4324318,0.0,0.0,30.0,0.0,0.0,0.0,0.0
16299,28.4142229,0.0,0.0,30.0,0.0,0.0,0.0,0.0
16300,28.3973961,0.0,0.0,30.0,0.0,0.0,0.0,0.0
16301,28.381846,0.0,0.0,30.0,0.0,0.0,0.0,0.0
16302,28.3674755,0.0,0.0,30.0,0.0,0.0,0.0,0.0
16303,28.3541955,0.0,0.0,30.0,0.0,0.0,0.0,0.0
16304,28.341923,0.0,0.0,30.0,0.0,0.0,0.0,0.0
16305,28.3305818,0.0,0.0,30.0,0.0,0.0,0.0,0.0
16306,28.3201012,0.0,0.0,30.0,0.0,0.0,0.0,0.0
16307,28.3104159,0.0,0.0,30.0,0.0,0.0,0.0,0.0
16308,28.3014656,0.0,0.0,30.0,0.0,0.0,0.0,0.0
16309,28.2931947,0.0,0.0,30.0,0.0,0.0,0.0,0.0
16310,28.2855515,0.0,0.0,30.0,0.0,0.0,0.0,0.0
16311,28.2784884,0.0,0.0,30.0,0.0,0.0,0.0,0.0
16312,28.2719616,0.0,0.0,30.0,0.0,0.0,0.0,0.0
16313,28.2659304,0.0,0.0,30.0,0.0,0.0,0.0,0.0
16314,28.2603572,0.0,0.0,30.0,0.0,0.0,0.0,0.0
16315,28.2552072,0.0,0.0,30.0,0.0,0.0,0.0,0.0
16316,28.2504485,0.0,0.0,30.0,0.0,0.0,0.0,0.0
16317,28.2460514,0.0,0.0,30.0,0.0,0.0,0.0,0.0
16318,28.2419886,0.0,0.0,30.0,0.0,0.0,0.0,0.0
16319,28.2382346,0.0,0.0,30.0,0.0,0.0,0.0,0.0
16320,28.2347662,0.0,0.0,30.0,0.0,0.0,0.0,0.0
16321,28.2315617,0.0,0.0,30.0,0.0,0.0,0.0,0.0
16322,28.2286013,0.0,0.0,30.0,0.0,0.0,0.0,0.0
16323,28.2258663,0.0,0.0,30.0,0.0,0.0,0.0,0.0
16324,28.2233399,0.0,0.0,30.0,0.0,0.0,0.0,0.0
16325,28.2210063,0.0,0.0,30.0,0.0,0.0,0.0,0.0
16326,28.218851,0.0,0.0,30.0,0.0,0.0,0.0,0.0
16327,28.2168605,0.0,0.0,30.0,0.0,0.0,0.0,0.0
16328,28.2150224,0.0,0.0,30.0,0.0,0.0,0.0,0.0
16329,28.2133253,0.0,0.0,30.0,0.0,0.0,0.0,0.0
16330,28.2117587,0.0,0.0,30.0,0.0,0.0,0.0,0.0
16331,28.2103127,0.0,0.0,30.0,0.0,0.0,0.0,0.0
16332,28.2089784,0.0,0.0,30.0,0.0,0.0,0.0,0.0
16333,28.2077475,0.0,0.0,30.0,0.0,0.0,0.0,0.0
16334,28.2066123,0.0,0.0,30.0,0.0,0.0,0.0,0.0
16335,28.2055656,0.0,0.0,30.0,0.0,0.0,0.0,0.0
16336,28.2046011,0.0,0.0,30.0,0.0,0.0,0.0,0.0
16337,28.2037127,0.0,0.0,30.0,0.0,0.0,0.0,0.0
16338,28.2028949,0.0,0.0,30.0,0.0,0.0,0.0,0.0
16339,28.2021425,0.0,0.0,30.0,0.0,0.0,0.0,0.0
16340,28.2014509,0.0,0.0,30.0,0.0,0.0,0.0,0.0
16341,28.2008158,0.0,0.0,30.0,0.0,0.0,0.0,0.0
16342,28.2002333,0.0,0.0,30.0,0.0,0.0,0.0,0.0
16343,28.1996996,0.0,0.0,30.0,0.0,0.0,0.0,0.0
16344,28.1992115,0.0,0.0,30.0,0.0,0.0,0.0,0.0
16345,28.198766,0.0,0.0,30.0,0.0,0.0,0.0,0.0
16346,28.1983602,0.0,0.0,30.0,0.0,0.0,0.0,0.0
16347,28.1979916,0.0,0.0,30.0,0.0,0.0,0.0,0.0
16348,28.197658,0.0,0.0,30.0,0.0,0.0,0.0,0.0
16349,28.1973573,0.0,0.0,30.0,0.0,0.0,0.0,0.0
16350,28.1970875,0.0,0.0,30.0,0.0,0.0,0.0,0.0
16351,28.1968471,0.0,0.0,30.0,0.0,0.0,0.0,0.0
16352,28.1966344,0.0,0.0,30.0,0.0,0.0,0.0,0.0
16353,28.1964483,0.0,0.0,30.0,0.0,0.0,0.0,0.0
16354,28.1962875,0.0,0.0,30.0,0.0,0.0,0.0,0.0
16355,28.196151,0.0,0.0,30.0,0.0,0.0,0.0,0.0
16356,28.1960379,0.0,0.0,30.0,0.0,0.0,0.0,0.0
16357,28.1959477,0.0,0.0,30.0,0.0,0.0,0.0,0.0
16358,28.1958797,0.0,0.0,30.0,0.0,0.0,0.0,0.0
16359,28.1958334,0.0,0.0,30.0,0.0,0.0,0.0,0.0
16360,28.1958087,0.0,0.0,30.0,0.0,0.0,0.0,0.0
16361,28.1958053,0.0,0.0,30.0,0.0,0.0,0.0,0.0
16362,28.1958232,0.0,0.0,30.0,0.0,0.0,0.0,0.0
16363,28.1958626,0.0,0.0,30.0,0.0,0.0,0.0,0.0
16364,28.1959236,0.0,0.0,30.0,0.0,0.0,0.0,0.0
16365,28.1960067,0.0,0.0,30.0,0.0,0.0,0.0,0.0
16366,28.1961124,0.0,0.0,30.0,0.0,0.0,0.0,0.0
16367,28.1962413,0.0,0.0,30.0,0.0,0.0,0.0,0.0
16368,28.1963943,0.0,0.0,30.0,0.0,0.0,0.0,0.0
16369,28.1965722,0.0,0.0,30.0,0.0,0.0,0.0,0.0
16370,28.1967763,0.0,0.0,30.0,0.0,0.0,0.0,0.0
16371,28.1970077,0.0,0.0,30.0,0.0,0.0,0.0,0.0
16372,28.197268,0.0,0.0,30.0,0.0,0.0,0.0,0.0
16373,28.1975586,0.0,0.0,30.0,0.0,0.0,0.0,0.0
16374,28.1978816,0.0,0.0,30.0,0.0,0.0,0.0,0.0
16375,28.1982387,0.0,0.0,30.0,0.0,0.0,0.0,0.0
16376,28.1986324,0.0,0.0,30.0,0.0,0.0,0.0,0.0
16377,28.199065,0.0,0.0,30.0,0.0,0.0,0.0,0.0
16378,28.1995392,0.0,0.0,30.0,0.0,0.0,0.0,0.0
16379,28.200058,0.0,0.0,30.0,0.0,0.0,0.0,0.0
16380,28.2006246,0.0,0.0,30.0,0.0,0.0,0.0,0.0
16381,28.2012426,0.0,0.0,30.0,0.0,0.0,0.0,0.0
16382,28.2019157,0.0,0.0,30.0,0.0,0.0,0.0,0.0
16383,28.2026482,0.0,0.0,30.0,0.0,0.0,0.0,0.0
16384,28.2034447,0.0,0.0,30.0,0.0,0.0,0.0,0.0
16385,28.20431,0.0,0.0,30.0,0.0,0.0,0.0,0.0
16386,28.2052497,0.0,0.0,30.0,0.0,0.0,0.0,0.0
16387,28.2062694,0.0,0.0,30.0,0.0,0.0,0.0,0.0
16388,28.2073757,0.0,0.0,30.0,0.0,0.0,0.0,0.0
16389,28.2085754,0.0,0.0,30.0,0.0,0.0,0.0,0.0
16390,28.2098759,0.0,0.0,30.0,0.0,0.0,0.0,0.0
16391,28.2112854,0.0,0.0,30.0,0.0,0.0,0.0,0.0
16392,28.2128126,0.0,0.0,30.0,0.0,0.0,0.0,0.0
16393,28.214467,0.0,0.0,30.0,0.0,0.0,0.0,0.0
16394,28.216259,0.0,0.0,30.0,0.0,0.0,0.0,0.0
16395,28.2181997,0.0,0.0,30.0,0.0,0.0,0.0,0.0
16396,28.2203012,0.0,0.0,30.0,0.0,0.0,0.0,0.0
16397,28.2225766,0.0,0.0,30.0,0.0,0.0,0.0,0.0
16398,28.22504,0.0,0.0,30.0,0.0,0.0,0.0,0.0
16399,28.2277068,0.0,0.0,30.0,0.0,0.0,0.0,0.0
16400,28.2305936,0.0,0.0,30.0,0.0,0.0,0.0,0.0
16401,28.2337184,0.0,0.0,30.0,0.0,0.0,0.0,0.0
16402,28.2371006,0.0,0.0,30.0,0.0,0.0,0.0,0.0
16403,28.2407613,0.0,0.0,30.0,0.0,0.0,0.0,0.0
16404,28.2447232,0.0,0.0,30.0,0.0,0.0,0.0,0.0
16405,28.2490112,0.0,0.0,30.0,0.0,0.0,0.0,0.0
16406,28.2536518,0.0,0.0,30.0,0.0,0.0,0.0,0.0
16407,28.258674,0.0,0.0,30.0,0.0,0.0,0.0,0.0
16408,28.264109,0.0,0.0,30.0,0.0,0.0,0.0,0.0
16409,28.2699907,0.0,0.0,30.0,0.0,0.0,0.0,0.0
16410,28.2763557,0.0,0.0,30.0,0.0,0.0,0.0,0.0
16411,28.2832437,0.0,0.0,30.0,0.0,0.0,0.0,0.0
16412,28.2906975,0.0,0.0,30.0,0.0,0.0,0.0,0.0
16413,28.2987636,0.0,0.0,30.0,0.0,0.0,0.0,0.0
16414,28.3074921,0.0,0.0,30.0,0.0,0.0,0.0,0.0
16415,28.3169375,0.0,0.0,30.0,0.0,0.0,0.0,0.0
16416,28.3271586,0.0,0.0,30.0,0.0,0.0,0.0,0.0
16417,28.338219,0.0,0.0,30.0,0.0,0.0,0.0,0.0
16418,28.3501875,0.0,0.0,30.0,0.0,0.0,0.0,0.0
16419,28.3631388,0.0,0.0,30.0,0.0,0.0,0.0,0.0
16420,28.3771535,0.0,0.0,30.0,0.0,0.0,0.0,0.0
16421,28.3923188,0.0,0.0,30.0,0.0,0.0,0.0,0.0
16422,28.4087291,0.0,0.0,30.0,0.0,0.0,0.0,0.0
16423,28.4264868,0.0,0.0,30.0,0.0,0.0,0.0,0.0
16424,28.4457023,0.0,0.0,30.0,0.0,0.0,0.0,0.0
16425,28.4664952,0.0,0.0,30.0,0.0,0.0,0.0,0.0
16426,28.4889951,0.0,0.0,30.0,0.0,0.0,0.0,0.0
16427,28.5133424,0.0,0.0,30.0,0.0,0.0,0.0,0.0
16428,28.5396886,0.0,0.0,30.0,0.0,0.0,0.0,0.0
16429,28.5681959,0.0,0.0,30.0,0.0,0.0,0.0,0.0
16430,28.5990429,0.0,0.0,30.0,0.0,0.0,0.0,0.0
16431,28.6324302,0.0,0.0,30.0,0.0,0.0,0.0,0.0
16432,28.6685606,0.0,0.0,30.0,0.0,0.0,0.0,0.0
16433,28.7076164,0.0,0.0,30.0,0.0,0.0,0.0,0.0
16434,28.7498709,0.0,0.0,30.0,0.0,0.0,0.0,0.0
16435,28.795796,0.0,0.0,30.0,0.0,0.0,0.0,0.0
16436,28.8455057,0.0,0.0,30.0,0.0,0.0,0.0,0.0
16437,28.8982927,0.0,0.0,30.0,0.0,0.0,0.0,0.0
16438,28.9554461,0.0,0.0,30.0,0.0,0.0,0.0,0.0
16439,29.0222671,0.0,0.0,30.0,0.0,0.0,0.0,0.0
16440,29.0938806,0.0,0.0,30.0,0.0,0.0,0.0,0.0
16441,29.1467496,0.0,0.0,30.0,0.0,0.0,0.0,0.0
16442,29.2100097,0.0,0.0,30.0,0.0,0.0,0.0,0.0
16443,29.4000261,0.0,0.0,30.0,0.0,0.0,0.0,0.0
16444,29.5627626,0.0,0.0,30.0,0.0,0.0,0.0,0.0
16445,29.1382378,0.0,0.0,30.0,0.0,0.0,0.0,0.0
16446,29.0148373,0.0,0.0,30.0,0.0,0.0,0.0,0.0
16447,29.9065185,0.0,0.0,30.0,0.0,0.0,0.0,0.0
16448,30.0,0.0,0.0,30.0,0.0,0.0,0.0,0.0
16449,30.0,0.0,0.0,30.0,0.0,0.0,0.0,0.0
16450,23.8911054,0.0,0.0,30.0,0.0,0.0,0.0,0.0
16451,23.6889149,0.0,0.0,30.0,0.0,0.0,0.0,0.0
16452,0.0,0.0,0.0,0.0,0.0,0.0,0.0,0.0
16453,30.0,0.0,0.0,3.96614481,0.0,0.0,0.0,0.0
16454,21.2353257,0.0,0.0,8.89237594,0.0,0.0,0.0,0.0
16455,0.0,0.0,0.0,16.2064358,0.0,0.0,0.0,0.0
16456,0.0,0.0,0.0,21.2830735,0.0,0.0,0.0,0.0
16457,0.0,0.0,0.0,22.6533876,0.0,0.0,0.0,0.0
16458,0.0,0.0,0.0,23.0460551,0.0,0.0,0.0,0.0
16459,0.0,0.0,0.0,23.828691,0.0,0.0,0.0,0.0
16460,0.0,0.0,0.0,24.5474817,0.0,0.0,0.0,0.0
16461,0.0,0.0,0.0,25.0114795,0.0,0.0,0.0,0.0
16462,0.0,0.0,0.0,25.3032495,0.0,0.0,0.0,0.0
16463,0.0,0.0,0.0,25.4551974,0.0,0.0,0.0,0.0
16464,0.0,0.0,0.0,25.456262,0.0,0.0,0.0,0.0
16465,0.0,0.0,0.0,25.302067,0.0,0.0,0.0,0.0
16466,0.0,0.0,0.0,24.9937423,0.0,0.0,0.0,0.0
16467,0.0,0.0,0.0,24.5295942,0.0,0.0,0.0,0.0
16468,0.0,0.0,0.0,23.8980444,0.0,0.0,0.0,0.0
16469,0.0,0.0,0.0,23.0838893,0.0,0.0,0.0,0.0
16470,0.0,0.0,0.0,22.1161125,0.0,0.0,0.0,0.0
16471,0.0,0.0,0.0,21.0263701,0.0,0.0,0.0,0.0
16472,0.0,0.0,0.0,19.5464488,0.0,0.0,0.0,0.0
16473,0.0,0.0,0.0,17.4247227,0.0,0.0,0.0,0.0
16474,0.0,0.0,0.0,16.3211561,0.0,0.0,0.0,0.0
16475,0.0,0.0,0.0,17.4294996,0.0,0.0,0.0,0.0
16476,0.0,0.0,0.0,13.1226371,0.0,0.0,0.0,0.0
16477,0.0,0.0,0.0,0.0,0.0,0.0,0.0,0.0
16478,0.0,0.0,0.0,0.0,0.0,0.0,0.0,0.0
16479,0.0,0.0,0.0,0.0,0.0,0.0,0.0,0.0
16480,30.0,0.0,0.0,30.0,0.0,0.0,0.0,0.0
16481,30.0,0.0,0.0,30.0,0.0,0.0,0.0,0.0
16482,30.0,0.0,0.0,30.0,0.0,0.0,0.0,0.0
16483,30.0,0.0,0.0,30.0,0.0,0.0,0.0,0.0
16484,30.0,0.0,0.0,30.0,0.0,0.0,0.0,0.0
16485,30.0,0.0,0.0,30.0,0.0,0.0,0.0,0.0
16486,30.0,0.0,0.0,30.0,0.0,0.0,0.0,0.0
16487,30.0,0.0,0.0,30.0,0.0,0.0,0.0,0.0
16488,26.3706323,0.0,0.0,30.0,0.0,0.0,0.0,0.0
16489,21.3760711,0.0,0.0,30.0,0.0,0.0,0.0,0.0
16490,22.2628093,0.0,0.0,30.0,0.0,0.0,0.0,0.0
16491,26.4922307,0.0,0.0,30.0,0.0,0.0,0.0,0.0
16492,18.196877,0.0,0.0,30.0,0.0,0.0,0.0,0.0
16493,18.1316768,0.0,0.0,30.0,0.0,0.0,0.0,0.0
16494,28.1178562,0.0,0.0,30.0,0.0,0.0,0.0,0.0
16495,30.0,0.0,0.0,30.0,0.0,0.0,0.0,0.0
16496,30.0,0.0,0.0,30.0,0.0,0.0,0.0,0.0
16497,30.0,0.0,0.0,30.0,0.0,0.0,0.0,0.0
16498,30.0,0.0,0.0,30.0,0.0,0.0,0.0,0.0
16499,30.0,0.0,0.0,30.0,0.0,0.0,0.0,0.0
16500,28.4454687,0.0,0.0,30.0,0.0,0.0,0.0,0.0
16501,28.1778277,0.0,0.0,30.0,0.0,0.0,0.0,0.0
16502,28.3437775,0.0,0.0,30.0,0.0,0.0,0.0,0.0
16503,28.1119474,0.0,0.0,30.0,0.0,0.0,0.0,0.0
16504,28.0978062,0.0,0.0,30.0,0.0,0.0,0.0,0.0
16505,28.1495548,0.0,0.0,30.0,0.0,0.0,0.0,0.0
16506,28.1559375,0.0,0.0,30.0,0.0,0.0,0.0,0.0
16507,28.1496542,0.0,0.0,30.0,0.0,0.0,0.0,0.0
16508,28.152458,0.0,0.0,30.0,0.0,0.0,0.0,0.0
16509,28.1573196,0.0,0.0,30.0,0.0,0.0,0.0,0.0
16510,28.160029,0.0,0.0,30.0,0.0,0.0,0.0,0.0
16511,28.1621137,0.0,0.0,30.0,0.0,0.0,0.0,0.0
16512,28.1644086,0.0,0.0,30.0,0.0,0.0,0.0,0.0
16513,28.1666061,0.0,0.0,30.0,0.0,0.0,0.0,0.0
16514,28.1685612,0.0,0.0,30.0,0.0,0.0,0.0,0.0
16515,28.1703543,0.0,0.0,30.0,0.0,0.0,0.0,0.0
16516,28.172027,0.0,0.0,30.0,0.0,0.0,0.0,0.0
16517,28.1735755,0.0,0.0,30.0,0.0,0.0,0.0,0.0
16518,28.1750034,0.0,0.0,30.0,0.0,0.0,0.0,0.0
16519,28.1763228,0.0,0.0,30.0,0.0,0.0,0.0,0.0
16520,28.1775428,0.0,0.0,30.0,0.0,0.0,0.0,0.0
16521,28.1786706,0.0,0.0,30.0,0.0,0.0,0.0,0.0
16522,28.1797129,0.0,0.0,30.0,0.0,0.0,0.0,0.0
16523,28.1806763,0.0,0.0,30.0,0.0,0.0,0.0,0.0
16524,28.1815669,0.0,0.0,30.0,0.0,0.0,0.0,0.0
16525,28.1823902,0.0,0.0,30.0,0.0,0.0,0.0,0.0
16526,28.1831512,0.0,0.0,30.0,0.0,0.0,0.0,0.0
16527,28.1838548,0.0,0.0,30.0,0.0,0.0,0.0,0.0
16528,28.1845054,0.0,0.0,30.0,0.0,0.0,0.0,0.0
16529,28.1851069,0.0,0.0,30.0,0.0,0.0,0.0,0.0
16530,28.1856631,0.0,0.0,30.0,0.0,0.0,0.0,0.0
16531,28.1861776,0.0,0.0,30.0,0.0,0.0,0.0,0.0
16532,28.1866534,0.0,0.0,30.0,0.0,0.0,0.0,0.0
16533,28.1870936,0.0,0.0,30.0,0.0,0.0,0.0,0.0
16534,28.1875008,0.0,0.0,30.0,0.0,0.0,0.0,0.0
16535,28.1878777,0.0,0.0,30.0,0.0,0.0,0.0,0.0
16536,28.1882266,0.0,0.0,30.0,0.0,0.0,0.0,0.0
16537,28.1885496,0.0,0.0,30.0,0.0,0.0,0.0,0.0
16538,28.1888488,0.0,0.0,30.0,0.0,0.0,0.0,0.0
16539,28.189126,0.0,0.0,30.0,0.0,0.0,0.0,0.0
16540,28.1893829,0.0,0.0,30.0,0.0,0.0,0.0,0.0
16541,28.1896212,0.0,0.0,30.0,0.0,0.0,0.0,0.0
16542,28.1898423,0.0,0.0,30.0,0.0,0.0,0.0,0.0
16543,28.1900476,0.0,0.0,30.0,0.0,0.0,0.0,0.0
16544,28.1902384,0.0,0.0,30.0,0.0,0.0,0.0,0.0
16545,28.1904158,0.0,0.0,30.0,0.0,0.0,0.0,0.0
16546,28.1905811,0.0,0.0,30.0,0.0,0.0,0.0,0.0
16547,28.1907351,0.0,0.0,30.0,0.0,0.0,0.0,0.0
16548,28.1908789,0.0,0.0,30.0,0.0,0.0,0.0,0.0
16549,28.1910133,0.0,0.0,30.0,0.0,0.0,0.0,0.0
16550,28.1911393,0.0,0.0,30.0,0.0,0.0,0.0,0.0
16551,28.1912575,0.0,0.0,30.0,0.0,0.0,0.0,0.0
16552,28.1913687,0.0,0.0,30.0,0.0,0.0,0.0,0.0
16553,28.1914737,0.0,0.0,30.0,0.0,0.0,0.0,0.0
16554,28.1915729,0.0,0.0,30.0,0.0,0.0,0.0,0.0
16555,28.1916672,0.0,0.0,30.0,0.0,0.0,0.0,0.0
16556,28.191757,0.0,0.0,30.0,0.0,0.0,0.0,0.0
16557,28.191843,0.0,0.0,30.0,0.0,0.0,0.0,0.0
16558,28.1919256,0.0,0.0,30.0,0.0,0.0,0.0,0.0
16559,28.1920053,0.0,0.0,30.0,0.0,0.0,0.0,0.0
16560,28.1920828,0.0,0.0,30.0,0.0,0.0,0.0,0.0
16561,28.1921584,0.0,0.0,30.0,0.0,0.0,0.0,0.0
16562,28.1922325,0.0,0.0,30.0,0.0,0.0,0.0,0.0
16563,28.1923058,0.0,0.0,30.0,0.0,0.0,0.0,0.0
16564,28.1923786,0.0,0.0,30.0,0.0,0.0,0.0,0.0
16565,28.1924514,0.0,0.0,30.0,0.0,0.0,0.0,0.0
16566,28.1925247,0.0,0.0,30.0,0.0,0.0,0.0,0.0
16567,28.1925988,0.0,0.0,30.0,0.0,0.0,0.0,0.0
16568,28.1926743,0.0,0.0,30.0,0.0,0.0,0.0,0.0
16569,28.1927516,0.0,0.0,30.0,0.0,0.0,0.0,0.0
16570,28.1928313,0.0,0.0,30.0,0.0,0.0,0.0,0.0
16571,28.1929137,0.0,0.0,30.0,0.0,0.0,0.0,0.0
16572,28.1929994,0.0,0.0,30.0,0.0,0.0,0.0,0.0
16573,28.193089,0.0,0.0,30.0,0.0,0.0,0.0,0.0
16574,28.1931831,0.0,0.0,30.0,0.0,0.0,0.0,0.0
16575,28.1932821,0.0,0.0,30.0,0.0,0.0,0.0,0.0
16576,28.1933867,0.0,0.0,30.0,0.0,0.0,0.0,0.0
16577,28.1934976,0.0,0.0,30.0,0.0,0.0,0.0,0.0
16578,28.1936154,0.0,0.0,30.0,0.0,0.0,0.0,0.0
16579,28.193741,0.0,0.0,30.0,0.0,0.0,0.0,0.0
16580,28.193875,0.0,0.0,30.0,0.0,0.0,0.0,0.0
16581,28.1940183,0.0,0.0,30.0,0.0,0.0,0.0,0.0
16582,28.1941718,0.0,0.0,30.0,0.0,0.0,0.0,0.0
16583,28.1943364,0.0,0.0,30.0,0.0,0.0,0.0,0.0
16584,28.1945132,0.0,0.0,30.0,0.0,0.0,0.0,0.0
16585,28.1947033,0.0,0.0,30.0,0.0,0.0,0.0,0.0
16586,28.1949079,0.0,0.0,30.0,0.0,0.0,0.0,0.0
16587,28.1951282,0.0,0.0,30.0,0.0,0.0,0.0,0.0
16588,28.1953656,0.0,0.0,30.0,0.0,0.0,0.0,0.0
16589,28.1956216,0.0,0.0,30.0,0.0,0.0,0.0,0.0
16590,28.1958978,0.0,0.0,30.0,0.0,0.0,0.0,0.0
16591,28.1961959,0.0,0.0,30.0,0.0,0.0,0.0,0.0
16592,28.1965177,0.0,0.0,30.0,0.0,0.0,0.0,0.0
16593,28.1968653,0.0,0.0,30.0,0.0,0.0,0.0,0.0
16594,28.1972408,0.0,0.0,30.0,0.0,0.0,0.0,0.0
16595,28.1976466,0.0,0.0,30.0,0.0,0.0,0.0,0.0
16596,28.1980852,0.0,0.0,30.0,0.0,0.0,0.0,0.0
16597,28.1985593,0.0,0.0,30.0,0.0,0.0,0.0,0.0
16598,28.1990719,0.0,0.0,30.0,0.0,0.0,0.0,0.0
16599,28.1996261,0.0,0.0,30.0,0.0,0.0,0.0,0.0
16600,28.2002255,0.0,0.0,30.0,0.0,0.0,0.0,0.0
16601,28.2008737,0.0,0.0,30.0,0.0,0.0,0.0,0.0
16602,28.2015749,0.0,0.0,30.0,0.0,0.0,0.0,0.0
16603,28.2023332,0.0,0.0,30.0,0.0,0.0,0.0,0.0
16604,28.2031536,0.0,0.0,30.0,0.0,0.0,0.0,0.0
16605,28.204041,0.0,0.0,30.0,0.0,0.0,0.0,0.0
16606,28.2050011,0.0,0.0,30.0,0.0,0.0,0.0,0.0
16607,28.2060397,0.0,0.0,30.0,0.0,0.0,0.0,0.0
16608,28.2071635,0.0,0.0,30.0,0.0,0.0,0.0,0.0
16609,28.2083792,0.0,0.0,30.0,0.0,0.0,0.0,0.0
16610,28.2096946,0.0,0.0,30.0,0.0,0.0,0.0,0.0
16611,28.2111179,0.0,0.0,30.0,0.0,0.0,0.0,0.0
16612,28.2126578,0.0,0.0,30.0,0.0,0.0,0.0,0.0
16613,28.214324,0.0,0.0,30.0,0.0,0.0,0.0,0.0
16614,28.2161268,0.0,0.0,30.0,0.0,0.0,0.0,0.0
16615,28.2180776,0.0,0.0,30.0,0.0,0.0,0.0,0.0
16616,28.2201883,0.0,0.0,30.0,0.0,0.0,0.0,0.0
16617,28.2224723,0.0,0.0,30.0,0.0,0.0,0.0,0.0
16618,28.2249436,0.0,0.0,30.0,0.0,0.0,0.0,0.0
16619,28.2276177,0.0,0.0,30.0,0.0,0.0,0.0,0.0
16620,28.2305113,0.0,0.0,30.0,0.0,0.0,0.0,0.0
16621,28.2336423,0.0,0.0,30.0,0.0,0.0,0.0,0.0
16622,28.2370303,0.0,0.0,30.0,0.0,0.0,0.0,0.0
16623,28.2406963,0.0,0.0,30.0,0.0,0.0,0.0,0.0
16624,28.2446632,0.0,0.0,30.0,0.0,0.0,0.0,0.0
16625,28.2489557,0.0,0.0,30.0,0.0,0.0,0.0,0.0
16626,28.2536006,0.0,0.0,30.0,0.0,0.0,0.0,0.0
16627,28.2586266,0.0,0.0,30.0,0.0,0.0,0.0,0.0
16628,28.2640653,0.0,0.0,30.0,0.0,0.0,0.0,0.0
16629,28.2699503,0.0,0.0,30.0,0.0,0.0,0.0,0.0
16630,28.2763184,0.0,0.0,30.0,0.0,0.0,0.0,0.0
16631,28.2832092,0.0,0.0,30.0,0.0,0.0,0.0,0.0
16632,28.2906656,0.0,0.0,30.0,0.0,0.0,0.0,0.0
16633,28.2987341,0.0,0.0,30.0,0.0,0.0,0.0,0.0
16634,28.3074649,0.0,0.0,30.0,0.0,0.0,0.0,0.0
16635,28.3169124,0.0,0.0,30.0,0.0,0.0,0.0,0.0
16636,28.3271354,0.0,0.0,30.0,0.0,0.0,0.0,0.0
16637,28.3381975,0.0,0.0,30.0,0.0,0.0,0.0,0.0
16638,28.3501677,0.0,0.0,30.0,0.0,0.0,0.0,0.0
16639,28.3631205,0.0,0.0,30.0,0.0,0.0,0.0,0.0
16640,28.3771365,0.0,0.0,30.0,0.0,0.0,0.0,0.0
16641,28.3923031,0.0,0.0,30.0,0.0,0.0,0.0,0.0
16642,28.4087147,0.0,0.0,30.0,0.0,0.0,0.0,0.0
16643,28.4264734,0.0,0.0,30.0,0.0,0.0,0.0,0.0
16644,28.4456899,0.0,0.0,30.0,0.0,0.0,0.0,0.0
16645,28.4664838,0.0,0.0,30.0,0.0,0.0,0.0,0.0
16646,28.4889846,0.0,0.0,30.0,0.0,0.0,0.0,0.0
16647,28.5133327,0.0,0.0,30.0,0.0,0.0,0.0,0.0
16648,28.5396796,0.0,0.0,30.0,0.0,0.0,0.0,0.0
16649,28.5681877,0.0,0.0,30.0,0.0,0.0,0.0,0.0
16650,28.5990353,0.0,0.0,30.0,0.0,0.0,0.0,0.0
16651,28.6324232,0.0,0.0,30.0,0.0,0.0,0.0,0.0
16652,28.6685541,0.0,0.0,30.0,0.0,0.0,0.0,0.0
16653,28.7076104,0.0,0.0,30.0,0.0,0.0,0.0,0.0
16654,28.7498654,0.0,0.0,30.0,0.0,0.0,0.0,0.0
16655,28.7957909,0.0,0.0,30.0,0.0,0.0,0.0,0.0
16656,28.8455011,0.0,0.0,30.0,0.0,0.0,0.0,0.0
16657,28.8982884,0.0,0.0,30.0,0.0,0.0,0.0,0.0
16658,28.9554422,0.0,0.0,30.0,0.0,0.0,0.0,0.0
16659,29.0222635,0.0,0.0,30.0,0.0,0.0,0.0,0.0
16660,29.0938774,0.0,0.0,30.0,0.0,0.0,0.0,0.0
16661,29.1467465,0.0,0.0,30.0,0.0,0.0,0.0,0.0
16662,29.2100069,0.0,0.0,30.0,0.0,0.0,0.0,0.0
16663,29.4000236,0.0,0.0,30.0,0.0,0.0,0.0,0.0
16664,29.5627604,0.0,0.0,30.0,0.0,0.0,0.0,0.0
16665,29.138236,0.0,0.0,30.0,0.0,0.0,0.0,0.0
16666,29.0148353,0.0,0.0,30.0,0.0,0.0,0.0,0.0
16667,29.9065165,0.0,0.0,30.0,0.0,0.0,0.0,0.0
16668,30.0,0.0,0.0,30.0,0.0,0.0,0.0,0.0
16669,30.0,0.0,0.0,30.0,0.0,0.0,0.0,0.0
16670,23.8910993,0.0,0.0,30.0,0.0,0.0,0.0,0.0
16671,23.6889107,0.0,0.0,30.0,0.0,0.0,0.0,0.0
16672,0.0,0.0,0.0,0.0,0.0,0.0,0.0,0.0
16673,30.0,0.0,0.0,4.24215555,0.0,0.0,0.0,0.0
16674,30.0,0.0,0.0,6.21558261,0.0,0.0,0.0,0.0
16675,0.0,0.0,0.0,16.821143,0.0,0.0,0.0,0.0
16676,0.0,0.0,0.0,22.0224509,0.0,0.0,0.0,0.0
16677,0.0,0.0,0.0,23.4858191,0.0,0.0,0.0,0.0
16678,0.0,0.0,0.0,23.9723774,0.0,0.0,0.0,0.0
16679,0.0,0.0,0.0,24.8689566,0.0,0.0,0.0,0.0
16680,0.0,0.0,0.0,25.7150738,0.0,0.0,0.0,0.0
16681,0.0,0.0,0.0,26.3186973,0.0,0.0,0.0,0.0
16682,0.0,0.0,0.0,26.7653254,0.0,0.0,0.0,0.0
16683,0.0,0.0,0.0,27.0895284,0.0,0.0,0.0,0.0
16684,0.0,0.0,0.0,27.2822035,0.0,0.0,0.0,0.0
16685,0.0,0.0,0.0,27.3413161,0.0,0.0,0.0,0.0
16686,0.0,0.0,0.0,27.2695901,0.0,0.0,0.0,0.0
16687,0.0,0.0,0.0,27.0673952,0.0,0.0,0.0,0.0
16688,0.0,0.0,0.0,26.7324818,0.0,0.0,0.0,0.0
16689,0.0,0.0,0.0,26.256775,0.0,0.0,0.0,0.0
16690,0.0,0.0,0.0,25.6323564,0.0,0.0,0.0,0.0
16691,0.0,0.0,0.0,24.8783767,0.0,0.0,0.0,0.0
16692,0.0,0.0,0.0,23.9967867,0.0,0.0,0.0,0.0
16693,0.0,0.0,0.0,22.8047231,0.0,0.0,0.0,0.0
16694,0.0,0.0,0.0,21.247438,0.0,0.0,0.0,0.0
16695,0.0,0.0,0.0,20.4247573,0.0,0.0,0.0,0.0
16696,0.0,0.0,0.0,20.4007986,0.0,0.0,0.0,0.0
16697,0.0,0.0,0.0,13.9581131,0.0,0.0,0.0,0.0
16698,0.0,0.0,0.0,1.89195953,0.0,0.0,0.0,0.0
16699,0.0,0.0,0.0,5.90614328,0.0,0.0,0.0,0.0
16700,30.0,0.0,0.0,30.0,0.0,0.0,0.0,0.0
16701,30.0,0.0,0.0,30.0,0.0,0.0,0.0,0.0
16702,30.0,0.0,0.0,30.0,0.0,0.0,0.0,0.0
16703,30.0,0.0,0.0,30.0,0.0,0.0,0.0,0.0
16704,30.0,0.0,0.0,30.0,0.0,0.0,0.0,0.0
16705,30.0,0.0,0.0,30.0,0.0,0.0,0.0,0.0
16706,30.0,0.0,0.0,30.0,0.0,0.0,0.0,0.0
16707,30.0,0.0,0.0,30.0,0.0,0.0,0.0,0.0
16708,30.0,0.0,0.0,30.0,0.0,0.0,0.0,0.0
16709,30.0,0.0,0.0,30.0,0.0,0.0,0.0,0.0
16710,30.0,0.0,0.0,30.0,0.0,0.0,0.0,0.0
16711,30.0,0.0,0.0,30.0,0.0,0.0,0.0,0.0
16712,28.7631917,0.0,0.0,30.0,0.0,0.0,0.0,0.0
16713,23.5071464,0.0,0.0,30.0,0.0,0.0,0.0,0.0
16714,24.4810295,0.0,0.0,30.0,0.0,0.0,0.0,0.0
16715,30.0,0.0,0.0,30.0,0.0,0.0,0.0,0.0
16716,30.0,0.0,0.0,30.0,0.0,0.0,0.0,0.0
16717,30.0,0.0,0.0,30.0,0.0,0.0,0.0,0.0
16718,30.0,0.0,0.0,30.0,0.0,0.0,0.0,0.0
16719,30.0,0.0,0.0,30.0,0.0,0.0,0.0,0.0
16720,29.3428211,0.0,0.0,30.0,0.0,0.0,0.0,0.0
16721,28.9123013,0.0,0.0,30.0,0.0,0.0,0.0,0.0
16722,28.8323665,0.0,0.0,30.0,0.0,0.0,0.0,0.0
16723,28.6408366,0.0,0.0,30.0,0.0,0.0,0.0,0.0
16724,28.6215593,0.0,0.0,30.0,0.0,0.0,0.0,0.0
16725,28.6172925,0.0,0.0,30.0,0.0,0.0,0.0,0.0
16726,28.5814906,0.0,0.0,30.0,0.0,0.0,0.0,0.0
16727,28.5463496,0.0,0.0,30.0,0.0,0.0,0.0,0.0
16728,28.5203377,0.0,0.0,30.0,0.0,0.0,0.0,0.0
16729,28.496575,0.0,0.0,30.0,0.0,0.0,0.0,0.0
16730,28.4733069,0.0,0.0,30.0,0.0,0.0,0.0,0.0
16731,28.4517763,0.0,0.0,30.0,0.0,0.0,0.0,0.0
16732,28.4321432,0.0,0.0,30.0,0.0,0.0,0.0,0.0
16733,28.4139995,0.0,0.0,30.0,0.0,0.0,0.0,0.0
16734,28.3971791,0.0,0.0,30.0,0.0,0.0,0.0,0.0
16735,28.3816359,0.0,0.0,30.0,0.0,0.0,0.0,0.0
16736,28.3672826,0.0,0.0,30.0,0.0,0.0,0.0,0.0
16737,28.3540178,0.0,0.0,30.0,0.0,0.0,0.0,0.0
16738,28.3417573,0.0,0.0,30.0,0.0,0.0,0.0,0.0
16739,28.3304271,0.0,0.0,30.0,0.0,0.0,0.0,0.0
16740,28.319957,0.0,0.0,30.0,0.0,0.0,0.0,0.0
16741,28.3102813,0.0,0.0,30.0,0.0,0.0,0.0,0.0
16742,28.3013398,0.0,0.0,30.0,0.0,0.0,0.0,0.0
16743,28.2930767,0.0,0.0,30.0,0.0,0.0,0.0,0.0
16744,28.2854407,0.0,0.0,30.0,0.0,0.0,0.0,0.0
16745,28.2783842,0.0,0.0,30.0,0.0,0.0,0.0,0.0
16746,28.2718632,0.0,0.0,30.0,0.0,0.0,0.0,0.0
16747,28.2658372,0.0,0.0,30.0,0.0,0.0,0.0,0.0
16748,28.2602687,0.0,0.0,30.0,0.0,0.0,0.0,0.0
16749,28.2551228,0.0,0.0,30.0,0.0,0.0,0.0,0.0
16750,28.2503677,0.0,0.0,30.0,0.0,0.0,0.0,0.0
16751,28.2459737,0.0,0.0,30.0,0.0,0.0,0.0,0.0
16752,28.2419135,0.0,0.0,30.0,0.0,0.0,0.0,0.0
16753,28.2381617,0.0,0.0,30.0,0.0,0.0,0.0,0.0
16754,28.234695,0.0,0.0,30.0,0.0,0.0,0.0,0.0
16755,28.2314918,0.0,0.0,30.0,0.0,0.0,0.0,0.0
16756,28.2285321,0.0,0.0,30.0,0.0,0.0,0.0,0.0
16757,28.2257976,0.0,0.0,30.0,0.0,0.0,0.0,0.0
16758,28.2232711,0.0,0.0,30.0,0.0,0.0,0.0,0.0
16759,28.2209371,0.0,0.0,30.0,0.0,0.0,0.0,0.0
16760,28.2187809,0.0,0.0,30.0,0.0,0.0,0.0,0.0
16761,28.216789,0.0,0.0,30.0,0.0,0.0,0.0,0.0
16762,28.2149492,0.0,0.0,30.0,0.0,0.0,0.0,0.0
16763,28.2132499,0.0,0.0,30.0,0.0,0.0,0.0,0.0
16764,28.2116806,0.0,0.0,30.0,0.0,0.0,0.0,0.0
16765,28.2102315,0.0,0.0,30.0,0.0,0.0,0.0,0.0
16766,28.2088935,0.0,0.0,30.0,0.0,0.0,0.0,0.0
16767,28.2076584,0.0,0.0,30.0,0.0,0.0,0.0,0.0
16768,28.2065184,0.0,0.0,30.0,0.0,0.0,0.0,0.0
16769,28.2054664,0.0,0.0,30.0,0.0,0.0,0.0,0.0
16770,28.204496,0.0,0.0,30.0,0.0,0.0,0.0,0.0
16771,28.203601,0.0,0.0,30.0,0.0,0.0,0.0,0.0
16772,28.2027758,0.0,0.0,30.0,0.0,0.0,0.0,0.0
16773,28.2020154,0.0,0.0,30.0,0.0,0.0,0.0,0.0
16774,28.201315,0.0,0.0,30.0,0.0,0.0,0.0,0.0
16775,28.2006702,0.0,0.0,30.0,0.0,0.0,0.0,0.0
16776,28.2000771,0.0,0.0,30.0,0.0,0.0,0.0,0.0
16777,28.1995319,0.0,0.0,30.0,0.0,0.0,0.0,0.0
16778,28.1990312,0.0,0.0,30.0,0.0,0.0,0.0,0.0
16779,28.1985719,0.0,0.0,30.0,0.0,0.0,0.0,0.0
16780,28.1981512,0.0,0.0,30.0,0.0,0.0,0.0,0.0
16781,28.1977665,0.0,0.0,30.0,0.0,0.0,0.0,0.0
16782,28.1974152,0.0,0.0,30.0,0.0,0.0,0.0,0.0
16783,28.1970954,0.0,0.0,30.0,0.0,0.0,0.0,0.0
16784,28.1968048,0.0,0.0,30.0,0.0,0.0,0.0,0.0
16785,28.1965419,0.0,0.0,30.0,0.0,0.0,0.0,0.0
16786,28.1963048,0.0,0.0,30.0,0.0,0.0,0.0,0.0
16787,28.1960922,0.0,0.0,30.0,0.0,0.0,0.0,0.0
16788,28.1959027,0.0,0.0,30.0,0.0,0.0,0.0,0.0
16789,28.1957351,0.0,0.0,30.0,0.0,0.0,0.0,0.0
16790,28.1955884,0.0,0.0,30.0,0.0,0.0,0.0,0.0
16791,28.1954617,0.0,0.0,30.0,0.0,0.0,0.0,0.0
16792,28.1953541,0.0,0.0,30.0,0.0,0.0,0.0,0.0
16793,28.1952651,0.0,0.0,30.0,0.0,0.0,0.0,0.0
16794,28.195194,0.0,0.0,30.0,0.0,0.0,0.0,0.0
16795,28.1951405,0.0,0.0,30.0,0.0,0.0,0.0,0.0
16796,28.1951041,0.0,0.0,30.0,0.0,0.0,0.0,0.0
16797,28.1950847,0.0,0.0,30.0,0.0,0.0,0.0,0.0
16798,28.1950822,0.0,0.0,30.0,0.0,0.0,0.0,0.0
16799,28.1950964,0.0,0.0,30.0,0.0,0.0,0.0,0.0
16800,28.1951276,0.0,0.0,30.0,0.0,0.0,0.0,0.0
16801,28.1951759,0.0,0.0,30.0,0.0,0.0,0.0,0.0
16802,28.1952416,0.0,0.0,30.0,0.0,0.0,0.0,0.0
16803,28.1953251,0.0,0.0,30.0,0.0,0.0,0.0,0.0
16804,28.1954269,0.0,0.0,30.0,0.0,0.0,0.0,0.0
16805,28.1955477,0.0,0.0,30.0,0.0,0.0,0.0,0.0
16806,28.1956882,0.0,0.0,30.0,0.0,0.0,0.0,0.0
16807,28.1958493,0.0,0.0,30.0,0.0,0.0,0.0,0.0
16808,28.196032,0.0,0.0,30.0,0.0,0.0,0.0,0.0
16809,28.1962374,0.0,0.0,30.0,0.0,0.0,0.0,0.0
16810,28.1964669,0.0,0.0,30.0,0.0,0.0,0.0,0.0
16811,28.1967218,0.0,0.0,30.0,0.0,0.0,0.0,0.0
16812,28.1970037,0.0,0.0,30.0,0.0,0.0,0.0,0.0
16813,28.1973145,0.0,0.0,30.0,0.0,0.0,0.0,0.0
16814,28.1976559,0.0,0.0,30.0,0.0,0.0,0.0,0.0
16815,28.1980302,0.0,0.0,30.0,0.0,0.0,0.0,0.0
16816,28.1984397,0.0,0.0,30.0,0.0,0.0,0.0,0.0
16817,28.1988869,0.0,0.0,30.0,0.0,0.0,0.0,0.0
16818,28.1993746,0.0,0.0,30.0,0.0,0.0,0.0,0.0
16819,28.1999059,0.0,0.0,30.0,0.0,0.0,0.0,0.0
16820,28.2004841,0.0,0.0,30.0,0.0,0.0,0.0,0.0
16821,28.2011127,0.0,0.0,30.0,0.0,0.0,0.0,0.0
16822,28.2017957,0.0,0.0,30.0,0.0,0.0,0.0,0.0
16823,28.2025373,0.0,0.0,30.0,0.0,0.0,0.0,0.0
16824,28.2033422,0.0,0.0,30.0,0.0,0.0,0.0,0.0
16825,28.2042153,0.0,0.0,30.0,0.0,0.0,0.0,0.0
16826,28.2051621,0.0,0.0,30.0,0.0,0.0,0.0,0.0
16827,28.2061886,0.0,0.0,30.0,0.0,0.0,0.0,0.0
16828,28.207301,0.0,0.0,30.0,0.0,0.0,0.0,0.0
16829,28.2085063,0.0,0.0,30.0,0.0,0.0,0.0,0.0
16830,28.2098121,0.0,0.0,30.0,0.0,0.0,0.0,0.0
16831,28.2112264,0.0,0.0,30.0,0.0,0.0,0.0,0.0
16832,28.2127581,0.0,0.0,30.0,0.0,0.0,0.0,0.0
16833,28.2144167,0.0,0.0,30.0,0.0,0.0,0.0,0.0
16834,28.2162125,0.0,0.0,30.0,0.0,0.0,0.0,0.0
16835,28.2181567,0.0,0.0,30.0,0.0,0.0,0.0,0.0
16836,28.2202615,0.0,0.0,30.0,0.0,0.0,0.0,0.0
16837,28.2225399,0.0,0.0,30.0,0.0,0.0,0.0,0.0
16838,28.2250061,0.0,0.0,30.0,0.0,0.0,0.0,0.0
16839,28.2276754,0.0,0.0,30.0,0.0,0.0,0.0,0.0
16840,28.2305646,0.0,0.0,30.0,0.0,0.0,0.0,0.0
16841,28.2336916,0.0,0.0,30.0,0.0,0.0,0.0,0.0
16842,28.2370758,0.0,0.0,30.0,0.0,0.0,0.0,0.0
16843,28.2407384,0.0,0.0,30.0,0.0,0.0,0.0,0.0
16844,28.2447021,0.0,0.0,30.0,0.0,0.0,0.0,0.0
16845,28.2489917,0.0,0.0,30.0,0.0,0.0,0.0,0.0
16846,28.2536338,0.0,0.0,30.0,0.0,0.0,0.0,0.0
16847,28.2586573,0.0,0.0,30.0,0.0,0.0,0.0,0.0
16848,28.2640936,0.0,0.0,30.0,0.0,0.0,0.0,0.0
16849,28.2699765,0.0,0.0,30.0,0.0,0.0,0.0,0.0
16850,28.2763426,0.0,0.0,30.0,0.0,0.0,0.0,0.0
16851,28.2832315,0.0,0.0,30.0,0.0,0.0,0.0,0.0
16852,28.2906863,0.0,0.0,30.0,0.0,0.0,0.0,0.0
16853,28.2987532,0.0,0.0,30.0,0.0,0.0,0.0,0.0
16854,28.3074826,0.0,0.0,30.0,0.0,0.0,0.0,0.0
16855,28.3169287,0.0,0.0,30.0,0.0,0.0,0.0,0.0
16856,28.3271504,0.0,0.0,30.0,0.0,0.0,0.0,0.0
16857,28.3382114,0.0,0.0,30.0,0.0,0.0,0.0,0.0
16858,28.3501806,0.0,0.0,30.0,0.0,0.0,0.0,0.0
16859,28.3631324,0.0,0.0,30.0,0.0,0.0,0.0,0.0
16860,28.3771475,0.0,0.0,30.0,0.0,0.0,0.0,0.0
16861,28.3923132,0.0,0.0,30.0,0.0,0.0,0.0,0.0
16862,28.408724,0.0,0.0,30.0,0.0,0.0,0.0,0.0
16863,28.4264821,0.0,0.0,30.0,0.0,0.0,0.0,0.0
16864,28.4456979,0.0,0.0,30.0,0.0,0.0,0.0,0.0
16865,28.4664912,0.0,0.0,30.0,0.0,0.0,0.0,0.0
16866,28.4889914,0.0,0.0,30.0,0.0,0.0,0.0,0.0
16867,28.513339,0.0,0.0,30.0,0.0,0.0,0.0,0.0
16868,28.5396854,0.0,0.0,30.0,0.0,0.0,0.0,0.0
16869,28.568193,0.0,0.0,30.0,0.0,0.0,0.0,0.0
16870,28.5990402,0.0,0.0,30.0,0.0,0.0,0.0,0.0
16871,28.6324277,0.0,0.0,30.0,0.0,0.0,0.0,0.0
16872,28.6685583,0.0,0.0,30.0,0.0,0.0,0.0,0.0
16873,28.7076143,0.0,0.0,30.0,0.0,0.0,0.0,0.0
16874,28.749869,0.0,0.0,30.0,0.0,0.0,0.0,0.0
16875,28.7957942,0.0,0.0,30.0,0.0,0.0,0.0,0.0
16876,28.8455041,0.0,0.0,30.0,0.0,0.0,0.0,0.0
16877,28.8982912,0.0,0.0,30.0,0.0,0.0,0.0,0.0
16878,28.9554447,0.0,0.0,30.0,0.0,0.0,0.0,0.0
16879,29.0222659,0.0,0.0,30.0,0.0,0.0,0.0,0.0
16880,29.0938795,0.0,0.0,30.0,0.0,0.0,0.0,0.0
16881,29.1467485,0.0,0.0,30.0,0.0,0.0,0.0,0.0
16882,29.2100087,0.0,0.0,30.0,0.0,0.0,0.0,0.0
16883,29.4000252,0.0,0.0,30.0,0.0,0.0,0.0,0.0
16884,29.5627618,0.0,0.0,30.0,0.0,0.0,0.0,0.0
16885,29.1382372,0.0,0.0,30.0,0.0,0.0,0.0,0.0
16886,29.0148366,0.0,0.0,30.0,0.0,0.0,0.0,0.0
16887,29.9065178,0.0,0.0,30.0,0.0,0.0,0.0,0.0
16888,30.0,0.0,0.0,30.0,0.0,0.0,0.0,0.0
16889,30.0,0.0,0.0,30.0,0.0,0.0,0.0,0.0
16890,23.8911033,0.0,0.0,30.0,0.0,0.0,0.0,0.0
16891,23.6889134,0.0,0.0,30.0,0.0,0.0,0.0,0.0
16892,0.0,0.0,0.0,0.0,0.0,0.0,0.0,0.0
16893,30.0,0.0,0.0,4.17190152,0.0,0.0,0.0,0.0
16894,28.6297695,0.0,0.0,6.60148259,0.0,0.0,0.0,0.0
16895,0.0,0.0,0.0,16.68928,0.0,0.0,0.0,0.0
16896,0.0,0.0,0.0,21.8568074,0.0,0.0,0.0,0.0
16897,0.0,0.0,0.0,23.2967201,0.0,0.0,0.0,0.0
16898,0.0,0.0,0.0,23.7604688,0.0,0.0,0.0,0.0
16899,0.0,0.0,0.0,24.6293481,0.0,0.0,0.0,0.0
16900,0.0,0.0,0.0,25.4445645,0.0,0.0,0.0,0.0
16901,0.0,0.0,0.0,26.0144838,0.0,0.0,0.0,0.0
16902,0.0,0.0,0.0,26.4238771,0.0,0.0,0.0,0.0
16903,0.0,0.0,0.0,26.7067737,0.0,0.0,0.0,0.0
16904,0.0,0.0,0.0,26.8536249,0.0,0.0,0.0,0.0
16905,0.0,0.0,0.0,26.8618293,0.0,0.0,0.0,0.0
16906,0.0,0.0,0.0,26.7336019,0.0,0.0,0.0,0.0
16907,0.0,0.0,0.0,26.468907,0.0,0.0,0.0,0.0
16908,0.0,0.0,0.0,26.064076,0.0,0.0,0.0,0.0
16909,0.0,0.0,0.0,25.5086411,0.0,0.0,0.0,0.0
16910,0.0,0.0,0.0,24.7984215,0.0,0.0,0.0,0.0
16911,0.0,0.0,0.0,23.960887,0.0,0.0,0.0,0.0
16912,0.0,0.0,0.0,22.9653042,0.0,0.0,0.0,0.0
16913,0.0,0.0,0.0,21.5727075,0.0,0.0,0.0,0.0
16914,0.0,0.0,0.0,19.9394657,0.0,0.0,0.0,0.0
16915,0.0,0.0,0.0,19.4813227,0.0,0.0,0.0,0.0
16916,0.0,0.0,0.0,18.8378835,0.0,0.0,0.0,0.0
16917,0.0,0.0,0.0,8.98363264,0.0,0.0,0.0,0.0
16918,0.0,0.0,0.0,0.286356857,0.0,0.0,0.0,0.0
16919,0.0,0.0,0.0,4.89029842,0.0,0.0,0.0,0.0
16920,30.0,0.0,0.0,30.0,0.0,0.0,0.0,0.0
16921,30.0,0.0,0.0,30.0,0.0,0.0,0.0,0.0
16922,30.0,0.0,0.0,30.0,0.0,0.0,0.0,0.0
16923,30.0,0.0,0.0,30.0,0.0,0.0,0.0,0.0
16924,30.0,0.0,0.0,30.0,0.0,0.0,0.0,0.0
16925,30.0,0.0,0.0,30.0,0.0,0.0,0.0,0.0
16926,23.3787873,0.0,0.0,30.0,0.0,0.0,0.0,0.0
16927,17.938675,0.0,0.0,30.0,0.0,0.0,0.0,0.0
16928,14.6922641,0.0,0.0,30.0,0.0,0.0,0.0,0.0
16929,20.2529505,0.0,0.0,30.0,0.0,0.0,0.0,0.0
16930,24.4452667,0.0,0.0,30.0,0.0,0.0,0.0,0.0
16931,29.6732231,0.0,0.0,30.0,0.0,0.0,0.0,0.0
16932,30.0,0.0,0.0,30.0,0.0,0.0,0.0,0.0
16933,30.0,0.0,0.0,30.0,0.0,0.0,0.0,0.0
16934,30.0,0.0,0.0,30.0,0.0,0.0,0.0,0.0
16935,30.0,0.0,0.0,30.0,0.0,0.0,0.0,0.0
16936,30.0,0.0,0.0,30.0,0.0,0.0,0.0,0.0
16937,30.0,0.0,0.0,30.0,0.0,0.0,0.0,0.0
16938,30.0,0.0,0.0,30.0,0.0,0.0,0.0,0.0
16939,30.0,0.0,0.0,30.0,0.0,0.0,0.0,0.0
16940,28.8659729,0.0,0.0,30.0,0.0,0.0,0.0,0.0
16941,28.8891927,0.0,0.0,30.0,0.0,0.0,0.0,0.0
16942,29.0168359,0.0,0.0,30.0,0.0,0.0,0.0,0.0
16943,28.598468,0.0,0.0,30.0,0.0,0.0,0.0,0.0
16944,28.5493318,0.0,0.0,30.0,0.0,0.0,0.0,0.0
16945,28.5940176,0.0,0.0,30.0,0.0,0.0,0.0,0.0
16946,28.5657193,0.0,0.0,30.0,0.0,0.0,0.0,0.0
16947,28.5228926,0.0,0.0,30.0,0.0,0.0,0.0,0.0
16948,28.4976939,0.0,0.0,30.0,0.0,0.0,0.0,0.0
16949,28.4774592,0.0,0.0,30.0,0.0,0.0,0.0,0.0
16950,28.4557971,0.0,0.0,30.0,0.0,0.0,0.0,0.0
16951,28.4352267,0.0,0.0,30.0,0.0,0.0,0.0,0.0
16952,28.4168255,0.0,0.0,30.0,0.0,0.0,0.0,0.0
16953,28.3999185,0.0,0.0,30.0,0.0,0.0,0.0,0.0
16954,28.3841694,0.0,0.0,30.0,0.0,0.0,0.0,0.0
16955,28.3695979,0.0,0.0,30.0,0.0,0.0,0.0,0.0
16956,28.3561575,0.0,0.0,30.0,0.0,0.0,0.0,0.0
16957,28.3437397,0.0,0.0,30.0,0.0,0.0,0.0,0.0
16958,28.3322589,0.0,0.0,30.0,0.0,0.0,0.0,0.0
16959,28.3216486,0.0,0.0,30.0,0.0,0.0,0.0,0.0
16960,28.3118445,0.0,0.0,30.0,0.0,0.0,0.0,0.0
16961,28.3027843,0.0,0.0,30.0,0.0,0.0,0.0,0.0
16962,28.2944114,0.0,0.0,30.0,0.0,0.0,0.0,0.0
16963,28.2866739,0.0,0.0,30.0,0.0,0.0,0.0,0.0
16964,28.2795236,0.0,0.0,30.0,0.0,0.0,0.0,0.0
16965,28.272916,0.0,0.0,30.0,0.0,0.0,0.0,0.0
16966,28.2668098,0.0,0.0,30.0,0.0,0.0,0.0,0.0
16967,28.2611672,0.0,0.0,30.0,0.0,0.0,0.0,0.0
16968,28.2559529,0.0,0.0,30.0,0.0,0.0,0.0,0.0
16969,28.2511344,0.0,0.0,30.0,0.0,0.0,0.0,0.0
16970,28.2466819,0.0,0.0,30.0,0.0,0.0,0.0,0.0
16971,28.2425675,0.0,0.0,30.0,0.0,0.0,0.0,0.0
16972,28.2387656,0.0,0.0,30.0,0.0,0.0,0.0,0.0
16973,28.2352526,0.0,0.0,30.0,0.0,0.0,0.0,0.0
16974,28.2320066,0.0,0.0,30.0,0.0,0.0,0.0,0.0
16975,28.2290073,0.0,0.0,30.0,0.0,0.0,0.0,0.0
16976,28.2262361,0.0,0.0,30.0,0.0,0.0,0.0,0.0
16977,28.2236757,0.0,0.0,30.0,0.0,0.0,0.0,0.0
16978,28.2213103,0.0,0.0,30.0,0.0,0.0,0.0,0.0
16979,28.2191249,0.0,0.0,30.0,0.0,0.0,0.0,0.0
16980,28.2171062,0.0,0.0,30.0,0.0,0.0,0.0,0.0
16981,28.2152414,0.0,0.0,30.0,0.0,0.0,0.0,0.0
16982,28.213519,0.0,0.0,30.0,0.0,0.0,0.0,0.0
16983,28.2119282,0.0,0.0,30.0,0.0,0.0,0.0,0.0
16984,28.2104591,0.0,0.0,30.0,0.0,0.0,0.0,0.0
16985,28.2091026,0.0,0.0,30.0,0.0,0.0,0.0,0.0
16986,28.2078503,0.0,0.0,30.0,0.0,0.0,0.0,0.0
16987,28.2066943,0.0,0.0,30.0,0.0,0.0,0.0,0.0
16988,28.2056274,0.0,0.0,30.0,0.0,0.0,0.0,0.0
16989,28.2046431,0.0,0.0,30.0,0.0,0.0,0.0,0.0
16990,28.203735,0.0,0.0,30.0,0.0,0.0,0.0,0.0
16991,28.2028978,0.0,0.0,30.0,0.0,0.0,0.0,0.0
16992,28.202126,0.0,0.0,30.0,0.0,0.0,0.0,0.0
16993,28.2014148,0.0,0.0,30.0,0.0,0.0,0.0,0.0
16994,28.20076,0.0,0.0,30.0,0.0,0.0,0.0,0.0
16995,28.2001573,0.0,0.0,30.0,0.0,0.0,0.0,0.0
16996,28.1996031,0.0,0.0,30.0,0.0,0.0,0.0,0.0
16997,28.1990938,0.0,0.0,30.0,0.0,0.0,0.0,0.0
16998,28.1986264,0.0,0.0,30.0,0.0,0.0,0.0,0.0
16999,28.1981978,0.0,0.0,30.0,0.0,0.0,0.0,0.0
17000,28.1978055,0.0,0.0,30.0,0.0,0.0,0.0,0.0
17001,28.1974469,0.0,0.0,30.0,0.0,0.0,0.0,0.0
17002,28.1971199,0.0,0.0,30.0,0.0,0.0,0.0,0.0
17003,28.1968225,0.0,0.0,30.0,0.0,0.0,0.0,0.0
17004,28.1965526,0.0,0.0,30.0,0.0,0.0,0.0,0.0
17005,28.1963088,0.0,0.0,30.0,0.0,0.0,0.0,0.0
17006,28.1960894,0.0,0.0,30.0,0.0,0.0,0.0,0.0
17007,28.1958931,0.0,0.0,30.0,0.0,0.0,0.0,0.0
17008,28.1957187,0.0,0.0,30.0,0.0,0.0,0.0,0.0
17009,28.1955651,0.0,0.0,30.0,0.0,0.0,0.0,0.0
17010,28.1954313,0.0,0.0,30.0,0.0,0.0,0.0,0.0
17011,28.1953165,0.0,0.0,30.0,0.0,0.0,0.0,0.0
17012,28.1952199,0.0,0.0,30.0,0.0,0.0,0.0,0.0
17013,28.1951411,0.0,0.0,30.0,0.0,0.0,0.0,0.0
17014,28.1950794,0.0,0.0,30.0,0.0,0.0,0.0,0.0
17015,28.1950346,0.0,0.0,30.0,0.0,0.0,0.0,0.0
17016,28.1950063,0.0,0.0,30.0,0.0,0.0,0.0,0.0
17017,28.1949943,0.0,0.0,30.0,0.0,0.0,0.0,0.0
17018,28.1949986,0.0,0.0,30.0,0.0,0.0,0.0,0.0
17019,28.1950192,0.0,0.0,30.0,0.0,0.0,0.0,0.0
17020,28.1950562,0.0,0.0,30.0,0.0,0.0,0.0,0.0
17021,28.1951099,0.0,0.0,30.0,0.0,0.0,0.0,0.0
17022,28.1951806,0.0,0.0,30.0,0.0,0.0,0.0,0.0
17023,28.1952687,0.0,0.0,30.0,0.0,0.0,0.0,0.0
17024,28.1953748,0.0,0.0,30.0,0.0,0.0,0.0,0.0
17025,28.1954995,0.0,0.0,30.0,0.0,0.0,0.0,0.0
17026,28.1956437,0.0,0.0,30.0,0.0,0.0,0.0,0.0
17027,28.1958082,0.0,0.0,30.0,0.0,0.0,0.0,0.0
17028,28.195994,0.0,0.0,30.0,0.0,0.0,0.0,0.0
17029,28.1962023,0.0,0.0,30.0,0.0,0.0,0.0,0.0
17030,28.1964344,0.0,0.0,30.0,0.0,0.0,0.0,0.0
17031,28.1966918,0.0,0.0,30.0,0.0,0.0,0.0,0.0
17032,28.196976,0.0,0.0,30.0,0.0,0.0,0.0,0.0
17033,28.1972888,0.0,0.0,30.0,0.0,0.0,0.0,0.0
17034,28.1976322,0.0,0.0,30.0,0.0,0.0,0.0,0.0
17035,28.1980083,0.0,0.0,30.0,0.0,0.0,0.0,0.0
17036,28.1984195,0.0,0.0,30.0,0.0,0.0,0.0,0.0
17037,28.1988682,0.0,0.0,30.0,0.0,0.0,0.0,0.0
17038,28.1993574,0.0,0.0,30.0,0.0,0.0,0.0,0.0
17039,28.1998899,0.0,0.0,30.0,0.0,0.0,0.0,0.0
17040,28.2004693,0.0,0.0,30.0,0.0,0.0,0.0,0.0
17041,28.201099,0.0,0.0,30.0,0.0,0.0,0.0,0.0
17042,28.2017831,0.0,0.0,30.0,0.0,0.0,0.0,0.0
17043,28.2025256,0.0,0.0,30.0,0.0,0.0,0.0,0.0
17044,28.2033314,0.0,0.0,30.0,0.0,0.0,0.0,0.0
17045,28.2042053,0.0,0.0,30.0,0.0,0.0,0.0,0.0
17046,28.2051529,0.0,0.0,30.0,0.0,0.0,0.0,0.0
17047,28.2061801,0.0,0.0,30.0,0.0,0.0,0.0,0.0
17048,28.2072931,0.0,0.0,30.0,0.0,0.0,0.0,0.0
17049,28.2084991,0.0,0.0,30.0,0.0,0.0,0.0,0.0
17050,28.2098054,0.0,0.0,30.0,0.0,0.0,0.0,0.0
17051,28.2112202,0.0,0.0,30.0,0.0,0.0,0.0,0.0
17052,28.2127523,0.0,0.0,30.0,0.0,0.0,0.0,0.0
17053,28.2144114,0.0,0.0,30.0,0.0,0.0,0.0,0.0
17054,28.2162076,0.0,0.0,30.0,0.0,0.0,0.0,0.0
17055,28.2181522,0.0,0.0,30.0,0.0,0.0,0.0,0.0
17056,28.2202573,0.0,0.0,30.0,0.0,0.0,0.0,0.0
17057,28.222536,0.0,0.0,30.0,0.0,0.0,0.0,0.0
17058,28.2250025,0.0,0.0,30.0,0.0,0.0,0.0,0.0
17059,28.2276721,0.0,0.0,30.0,0.0,0.0,0.0,0.0
17060,28.2305616,0.0,0.0,30.0,0.0,0.0,0.0,0.0
17061,28.2336888,0.0,0.0,30.0,0.0,0.0,0.0,0.0
17062,28.2370732,0.0,0.0,30.0,0.0,0.0,0.0,0.0
17063,28.240736,0.0,0.0,30.0,0.0,0.0,0.0,0.0
17064,28.2446999,0.0,0.0,30.0,0.0,0.0,0.0,0.0
17065,28.2489896,0.0,0.0,30.0,0.0,0.0,0.0,0.0
17066,28.2536319,0.0,0.0,30.0,0.0,0.0,0.0,0.0
17067,28.2586556,0.0,0.0,30.0,0.0,0.0,0.0,0.0
17068,28.264092,0.0,0.0,30.0,0.0,0.0,0.0,0.0
17069,28.269975,0.0,0.0,30.0,0.0,0.0,0.0,0.0
17070,28.2763412,0.0,0.0,30.0,0.0,0.0,0.0,0.0
17071,28.2832303,0.0,0.0,30.0,0.0,0.0,0.0,0.0
17072,28.2906851,0.0,0.0,30.0,0.0,0.0,0.0,0.0
17073,28.2987521,0.0,0.0,30.0,0.0,0.0,0.0,0.0
17074,28.3074815,0.0,0.0,30.0,0.0,0.0,0.0,0.0
17075,28.3169277,0.0,0.0,30.0,0.0,0.0,0.0,0.0
17076,28.3271496,0.0,0.0,30.0,0.0,0.0,0.0,0.0
17077,28.3382106,0.0,0.0,30.0,0.0,0.0,0.0,0.0
17078,28.3501798,0.0,0.0,30.0,0.0,0.0,0.0,0.0
17079,28.3631317,0.0,0.0,30.0,0.0,0.0,0.0,0.0
17080,28.3771469,0.0,0.0,30.0,0.0,0.0,0.0,0.0
17081,28.3923127,0.0,0.0,30.0,0.0,0.0,0.0,0.0
17082,28.4087235,0.0,0.0,30.0,0.0,0.0,0.0,0.0
17083,28.4264816,0.0,0.0,30.0,0.0,0.0,0.0,0.0
17084,28.4456975,0.0,0.0,30.0,0.0,0.0,0.0,0.0
17085,28.4664908,0.0,0.0,30.0,0.0,0.0,0.0,0.0
17086,28.488991,0.0,0.0,30.0,0.0,0.0,0.0,0.0
17087,28.5133386,0.0,0.0,30.0,0.0,0.0,0.0,0.0
17088,28.5396851,0.0,0.0,30.0,0.0,0.0,0.0,0.0
17089,28.5681927,0.0,0.0,30.0,0.0,0.0,0.0,0.0
17090,28.5990399,0.0,0.0,30.0,0.0,0.0,0.0,0.0
17091,28.6324274,0.0,0.0,30.0,0.0,0.0,0.0,0.0
17092,28.668558,0.0,0.0,30.0,0.0,0.0,0.0,0.0
17093,28.707614,0.0,0.0,30.0,0.0,0.0,0.0,0.0
17094,28.7498688,0.0,0.0,30.0,0.0,0.0,0.0,0.0
17095,28.795794,0.0,0.0,30.0,0.0,0.0,0.0,0.0
17096,28.8455039,0.0,0.0,30.0,0.0,0.0,0.0,0.0
17097,28.8982911,0.0,0.0,30.0,0.0,0.0,0.0,0.0
17098,28.9554446,0.0,0.0,30.0,0.0,0.0,0.0,0.0
17099,29.0222657,0.0,0.0,30.0,0.0,0.0,0.0,0.0
17100,29.0938794,0.0,0.0,30.0,0.0,0.0,0.0,0.0
17101,29.1467484,0.0,0.0,30.0,0.0,0.0,0.0,0.0
17102,29.2100086,0.0,0.0,30.0,0.0,0.0,0.0,0.0
17103,29.4000251,0.0,0.0,30.0,0.0,0.0,0.0,0.0
17104,29.5627617,0.0,0.0,30.0,0.0,0.0,0.0,0.0
17105,29.1382371,0.0,0.0,30.0,0.0,0.0,0.0,0.0
17106,29.0148365,0.0,0.0,30.0,0.0,0.0,0.0,0.0
17107,29.9065178,0.0,0.0,30.0,0.0,0.0,0.0,0.0
17108,30.0,0.0,0.0,30.0,0.0,0.0,0.0,0.0
17109,30.0,0.0,0.0,30.0,0.0,0.0,0.0,0.0
17110,23.891103,0.0,0.0,30.0,0.0,0.0,0.0,0.0
17111,23.6889133,0.0,0.0,30.0,0.0,0.0,0.0,0.0
17112,0.0,0.0,0.0,0.0,0.0,0.0,0.0,0.0
17113,30.0,0.0,0.0,4.21859505,0.0,0.0,0.0,0.0
17114,30.0,0.0,0.0,6.18726477,0.0,0.0,0.0,0.0
17115,0.0,0.0,0.0,16.7900556,0.0,0.0,0.0,0.0
17116,0.0,0.0,0.0,21.9789414,0.0,0.0,0.0,0.0
17117,0.0,0.0,0.0,23.4345668,0.0,0.0,0.0,0.0
17118,0.0,0.0,0.0,23.9140565,0.0,0.0,0.0,0.0
17119,0.0,0.0,0.0,24.8020415,0.0,0.0,0.0,0.0
17120,0.0,0.0,0.0,25.6386006,0.0,0.0,0.0,0.0
17121,0.0,0.0,0.0,26.2319011,0.0,0.0,0.0,0.0
17122,0.0,0.0,0.0,26.6672088,0.0,0.0,0.0,0.0
17123,0.0,0.0,0.0,26.9789123,0.0,0.0,0.0,0.0
17124,0.0,0.0,0.0,27.1577817,0.0,0.0,0.0,0.0
17125,0.0,0.0,0.0,27.2016445,0.0,0.0,0.0,0.0
17126,0.0,0.0,0.0,27.11303,0.0,0.0,0.0,0.0
17127,0.0,0.0,0.0,26.8919937,0.0,0.0,0.0,0.0
17128,0.0,0.0,0.0,26.5361614,0.0,0.0,0.0,0.0
17129,0.0,0.0,0.0,26.0379339,0.0,0.0,0.0,0.0
17130,0.0,0.0,0.0,25.3883823,0.0,0.0,0.0,0.0
17131,0.0,0.0,0.0,24.6018378,0.0,0.0,0.0,0.0
17132,0.0,0.0,0.0,23.6854333,0.0,0.0,0.0,0.0
17133,0.0,0.0,0.0,22.4841006,0.0,0.0,0.0,0.0
17134,0.0,0.0,0.0,20.9023724,0.0,0.0,0.0,0.0
17135,0.0,0.0,0.0,19.8649141,0.0,0.0,0.0,0.0
17136,0.0,0.0,0.0,19.7244474,0.0,0.0,0.0,0.0
17137,0.0,0.0,0.0,14.3398563,0.0,0.0,0.0,0.0
17138,0.0,0.0,0.0,2.43748084,0.0,0.0,0.0,0.0
17139,0.0,0.0,0.0,3.65831342,0.0,0.0,0.0,0.0
17140,30.0,0.0,0.0,30.0,0.0,0.0,0.0,0.0
17141,30.0,0.0,0.0,30.0,0.0,0.0,0.0,0.0
17142,30.0,0.0,0.0,30.0,0.0,0.0,0.0,0.0
17143,30.0,0.0,0.0,30.0,0.0,0.0,0.0,0.0
17144,30.0,0.0,0.0,30.0,0.0,0.0,0.0,0.0
17145,30.0,0.0,0.0,30.0,0.0,0.0,0.0,0.0
17146,30.0,0.0,0.0,30.0,0.0,0.0,0.0,0.0
17147,17.4433495,0.0,0.0,30.0,0.0,0.0,0.0,0.0
17148,14.0733843,0.0,0.0,30.0,0.0,0.0,0.0,0.0
17149,19.6867302,0.0,0.0,30.0,0.0,0.0,0.0,0.0
17150,22.6703844,0.0,0.0,30.0,0.0,0.0,0.0,0.0
17151,20.6659028,0.0,0.0,30.0,0.0,0.0,0.0,0.0
17152,20.2527425,0.0,0.0,30.0,0.0,0.0,0.0,0.0
17153,22.9412901,0.0,0.0,30.0,0.0,0.0,0.0,0.0
17154,27.0508486,0.0,0.0,30.0,0.0,0.0,0.0,0.0
17155,30.0,0.0,0.0,30.0,0.0,0.0,0.0,0.0
17156,30.0,0.0,0.0,30.0,0.0,0.0,0.0,0.0
17157,30.0,0.0,0.0,30.0,0.0,0.0,0.0,0.0
17158,30.0,0.0,0.0,30.0,0.0,0.0,0.0,0.0
17159,30.0,0.0,0.0,30.0,0.0,0.0,0.0,0.0
17160,28.3494156,0.0,0.0,30.0,0.0,0.0,0.0,0.0
17161,28.1294247,0.0,0.0,30.0,0.0,0.0,0.0,0.0
17162,28.3890127,0.0,0.0,30.0,0.0,0.0,0.0,0.0
17163,28.0294322,0.0,0.0,30.0,0.0,0.0,0.0,0.0
17164,28.0096179,0.0,0.0,30.0,0.0,0.0,0.0,0.0
17165,28.0932507,0.0,0.0,30.0,0.0,0.0,0.0,0.0
17166,28.1057736,0.0,0.0,30.0,0.0,0.0,0.0,0.0
17167,28.0981793,0.0,0.0,30.0,0.0,0.0,0.0,0.0
17168,28.1046207,0.0,0.0,30.0,0.0,0.0,0.0,0.0
17169,28.1141478,0.0,0.0,30.0,0.0,0.0,0.0,0.0
17170,28.1201638,0.0,0.0,30.0,0.0,0.0,0.0,0.0
17171,28.1250631,0.0,0.0,30.0,0.0,0.0,0.0,0.0
17172,28.1301667,0.0,0.0,30.0,0.0,0.0,0.0,0.0
17173,28.1350041,0.0,0.0,30.0,0.0,0.0,0.0,0.0
17174,28.139356,0.0,0.0,30.0,0.0,0.0,0.0,0.0
17175,28.143356,0.0,0.0,30.0,0.0,0.0,0.0,0.0
17176,28.1470771,0.0,0.0,30.0,0.0,0.0,0.0,0.0
17177,28.15052,0.0,0.0,30.0,0.0,0.0,0.0,0.0
17178,28.1536968,0.0,0.0,30.0,0.0,0.0,0.0,0.0
17179,28.1566321,0.0,0.0,30.0,0.0,0.0,0.0,0.0
17180,28.1593459,0.0,0.0,30.0,0.0,0.0,0.0,0.0
17181,28.1618541,0.0,0.0,30.0,0.0,0.0,0.0,0.0
17182,28.1641721,0.0,0.0,30.0,0.0,0.0,0.0,0.0
17183,28.1663144,0.0,0.0,30.0,0.0,0.0,0.0,0.0
17184,28.1682945,0.0,0.0,30.0,0.0,0.0,0.0,0.0
17185,28.1701246,0.0,0.0,30.0,0.0,0.0,0.0,0.0
17186,28.1718161,0.0,0.0,30.0,0.0,0.0,0.0,0.0
17187,28.1733796,0.0,0.0,30.0,0.0,0.0,0.0,0.0
17188,28.1748248,0.0,0.0,30.0,0.0,0.0,0.0,0.0
17189,28.1761606,0.0,0.0,30.0,0.0,0.0,0.0,0.0
17190,28.1773955,0.0,0.0,30.0,0.0,0.0,0.0,0.0
17191,28.1785372,0.0,0.0,30.0,0.0,0.0,0.0,0.0
17192,28.1795926,0.0,0.0,30.0,0.0,0.0,0.0,0.0
17193,28.1805684,0.0,0.0,30.0,0.0,0.0,0.0,0.0
17194,28.1814706,0.0,0.0,30.0,0.0,0.0,0.0,0.0
17195,28.182305,0.0,0.0,30.0,0.0,0.0,0.0,0.0
17196,28.1830766,0.0,0.0,30.0,0.0,0.0,0.0,0.0
17197,28.1837903,0.0,0.0,30.0,0.0,0.0,0.0,0.0
17198,28.1844505,0.0,0.0,30.0,0.0,0.0,0.0,0.0
17199,28.1850613,0.0,0.0,30.0,0.0,0.0,0.0,0.0
17200,28.1856266,0.0,0.0,30.0,0.0,0.0,0.0,0.0
17201,28.1861498,0.0,0.0,30.0,0.0,0.0,0.0,0.0
17202,28.1866343,0.0,0.0,30.0,0.0,0.0,0.0,0.0
17203,28.1870829,0.0,0.0,30.0,0.0,0.0,0.0,0.0
17204,28.1874986,0.0,0.0,30.0,0.0,0.0,0.0,0.0
17205,28.1878839,0.0,0.0,30.0,0.0,0.0,0.0,0.0
17206,28.1882412,0.0,0.0,30.0,0.0,0.0,0.0,0.0
17207,28.1885728,0.0,0.0,30.0,0.0,0.0,0.0,0.0
17208,28.1888806,0.0,0.0,30.0,0.0,0.0,0.0,0.0
17209,28.1891666,0.0,0.0,30.0,0.0,0.0,0.0,0.0
17210,28.1894327,0.0,0.0,30.0,0.0,0.0,0.0,0.0
17211,28.1896803,0.0,0.0,30.0,0.0,0.0,0.0,0.0
17212,28.1899112,0.0,0.0,30.0,0.0,0.0,0.0,0.0
17213,28.1901267,0.0,0.0,30.0,0.0,0.0,0.0,0.0
17214,28.1903282,0.0,0.0,30.0,0.0,0.0,0.0,0.0
17215,28.1905169,0.0,0.0,30.0,0.0,0.0,0.0,0.0
17216,28.190694,0.0,0.0,30.0,0.0,0.0,0.0,0.0
17217,28.1908605,0.0,0.0,30.0,0.0,0.0,0.0,0.0
17218,28.1910177,0.0,0.0,30.0,0.0,0.0,0.0,0.0
17219,28.1911663,0.0,0.0,30.0,0.0,0.0,0.0,0.0
17220,28.1913074,0.0,0.0,30.0,0.0,0.0,0.0,0.0
17221,28.1914418,0.0,0.0,30.0,0.0,0.0,0.0,0.0
17222,28.1915703,0.0,0.0,30.0,0.0,0.0,0.0,0.0
17223,28.1916938,0.0,0.0,30.0,0.0,0.0,0.0,0.0
17224,28.1918131,0.0,0.0,30.0,0.0,0.0,0.0,0.0
17225,28.1919288,0.0,0.0,30.0,0.0,0.0,0.0,0.0
17226,28.1920417,0.0,0.0,30.0,0.0,0.0,0.0,0.0
17227,28.1921524,0.0,0.0,30.0,0.0,0.0,0.0,0.0
17228,28.1922618,0.0,0.0,30.0,0.0,0.0,0.0,0.0
17229,28.1923704,0.0,0.0,30.0,0.0,0.0,0.0,0.0
17230,28.192479,0.0,0.0,30.0,0.0,0.0,0.0,0.0
17231,28.1925881,0.0,0.0,30.0,0.0,0.0,0.0,0.0
17232,28.1926986,0.0,0.0,30.0,0.0,0.0,0.0,0.0
17233,28.192811,0.0,0.0,30.0,0.0,0.0,0.0,0.0
17234,28.1929261,0.0,0.0,30.0,0.0,0.0,0.0,0.0
17235,28.1930446,0.0,0.0,30.0,0.0,0.0,0.0,0.0
17236,28.1931673,0.0,0.0,30.0,0.0,0.0,0.0,0.0
17237,28.1932948,0.0,0.0,30.0,0.0,0.0,0.0,0.0
17238,28.193428,0.0,0.0,30.0,0.0,0.0,0.0,0.0
17239,28.1935678,0.0,0.0,30.0,0.0,0.0,0.0,0.0
17240,28.1937149,0.0,0.0,30.0,0.0,0.0,0.0,0.0
17241,28.1938703,0.0,0.0,30.0,0.0,0.0,0.0,0.0
17242,28.1940351,0.0,0.0,30.0,0.0,0.0,0.0,0.0
17243,28.1942101,0.0,0.0,30.0,0.0,0.0,0.0,0.0
17244,28.1943965,0.0,0.0,30.0,0.0,0.0,0.0,0.0
17245,28.1945955,0.0,0.0,30.0,0.0,0.0,0.0,0.0
17246,28.1948082,0.0,0.0,30.0,0.0,0.0,0.0,0.0
17247,28.1950361,0.0,0.0,30.0,0.0,0.0,0.0,0.0
17248,28.1952805,0.0,0.0,30.0,0.0,0.0,0.0,0.0
17249,28.1955429,0.0,0.0,30.0,0.0,0.0,0.0,0.0
17250,28.1958251,0.0,0.0,30.0,0.0,0.0,0.0,0.0
17251,28.1961287,0.0,0.0,30.0,0.0,0.0,0.0,0.0
17252,28.1964556,0.0,0.0,30.0,0.0,0.0,0.0,0.0
17253,28.1968079,0.0,0.0,30.0,0.0,0.0,0.0,0.0
17254,28.1971878,0.0,0.0,30.0,0.0,0.0,0.0,0.0
17255,28.1975976,0.0,0.0,30.0,0.0,0.0,0.0,0.0
17256,28.1980399,0.0,0.0,30.0,0.0,0.0,0.0,0.0
17257,28.1985175,0.0,0.0,30.0,0.0,0.0,0.0,0.0
17258,28.1990332,0.0,0.0,30.0,0.0,0.0,0.0,0.0
17259,28.1995904,0.0,0.0,30.0,0.0,0.0,0.0,0.0
17260,28.2001925,0.0,0.0,30.0,0.0,0.0,0.0,0.0
17261,28.2008432,0.0,0.0,30.0,0.0,0.0,0.0,0.0
17262,28.2015466,0.0,0.0,30.0,0.0,0.0,0.0,0.0
17263,28.2023072,0.0,0.0,30.0,0.0,0.0,0.0,0.0
17264,28.2031295,0.0,0.0,30.0,0.0,0.0,0.0,0.0
17265,28.2040188,0.0,0.0,30.0,0.0,0.0,0.0,0.0
17266,28.2049805,0.0,0.0,30.0,0.0,0.0,0.0,0.0
17267,28.2060207,0.0,0.0,30.0,0.0,0.0,0.0,0.0
17268,28.2071459,0.0,0.0,30.0,0.0,0.0,0.0,0.0
17269,28.208363,0.0,0.0,30.0,0.0,0.0,0.0,0.0
17270,28.2096796,0.0,0.0,30.0,0.0,0.0,0.0,0.0
17271,28.211104,0.0,0.0,30.0,0.0,0.0,0.0,0.0
17272,28.212645,0.0,0.0,30.0,0.0,0.0,0.0,0.0
17273,28.2143121,0.0,0.0,30.0,0.0,0.0,0.0,0.0
17274,28.2161159,0.0,0.0,30.0,0.0,0.0,0.0,0.0
17275,28.2180675,0.0,0.0,30.0,0.0,0.0,0.0,0.0
17276,28.220179,0.0,0.0,30.0,0.0,0.0,0.0,0.0
17277,28.2224636,0.0,0.0,30.0,0.0,0.0,0.0,0.0
17278,28.2249356,0.0,0.0,30.0,0.0,0.0,0.0,0.0
17279,28.2276103,0.0,0.0,30.0,0.0,0.0,0.0,0.0
17280,28.2305045,0.0,0.0,30.0,0.0,0.0,0.0,0.0
17281,28.233636,0.0,0.0,30.0,0.0,0.0,0.0,0.0
17282,28.2370244,0.0,0.0,30.0,0.0,0.0,0.0,0.0
17283,28.2406909,0.0,0.0,30.0,0.0,0.0,0.0,0.0
17284,28.2446583,0.0,0.0,30.0,0.0,0.0,0.0,0.0
17285,28.2489511,0.0,0.0,30.0,0.0,0.0,0.0,0.0
17286,28.2535963,0.0,0.0,30.0,0.0,0.0,0.0,0.0
17287,28.2586227,0.0,0.0,30.0,0.0,0.0,0.0,0.0
17288,28.2640616,0.0,0.0,30.0,0.0,0.0,0.0,0.0
17289,28.2699469,0.0,0.0,30.0,0.0,0.0,0.0,0.0
17290,28.2763153,0.0,0.0,30.0,0.0,0.0,0.0,0.0
17291,28.2832063,0.0,0.0,30.0,0.0,0.0,0.0,0.0
17292,28.290663,0.0,0.0,30.0,0.0,0.0,0.0,0.0
17293,28.2987317,0.0,0.0,30.0,0.0,0.0,0.0,0.0
17294,28.3074627,0.0,0.0,30.0,0.0,0.0,0.0,0.0
17295,28.3169103,0.0,0.0,30.0,0.0,0.0,0.0,0.0
17296,28.3271334,0.0,0.0,30.0,0.0,0.0,0.0,0.0
17297,28.3381957,0.0,0.0,30.0,0.0,0.0,0.0,0.0
17298,28.3501661,0.0,0.0,30.0,0.0,0.0,0.0,0.0
17299,28.363119,0.0,0.0,30.0,0.0,0.0,0.0,0.0
17300,28.3771351,0.0,0.0,30.0,0.0,0.0,0.0,0.0
17301,28.3923018,0.0,0.0,30.0,0.0,0.0,0.0,0.0
17302,28.4087135,0.0,0.0,30.0,0.0,0.0,0.0,0.0
17303,28.4264723,0.0,0.0,30.0,0.0,0.0,0.0,0.0
17304,28.4456889,0.0,0.0,30.0,0.0,0.0,0.0,0.0
17305,28.4664829,0.0,0.0,30.0,0.0,0.0,0.0,0.0
17306,28.4889837,0.0,0.0,30.0,0.0,0.0,0.0,0.0
17307,28.5133319,0.0,0.0,30.0,0.0,0.0,0.0,0.0
17308,28.5396789,0.0,0.0,30.0,0.0,0.0,0.0,0.0
17309,28.568187,0.0,0.0,30.0,0.0,0.0,0.0,0.0
17310,28.5990346,0.0,0.0,30.0,0.0,0.0,0.0,0.0
17311,28.6324226,0.0,0.0,30.0,0.0,0.0,0.0,0.0
17312,28.6685535,0.0,0.0,30.0,0.0,0.0,0.0,0.0
17313,28.7076099,0.0,0.0,30.0,0.0,0.0,0.0,0.0
17314,28.749865,0.0,0.0,30.0,0.0,0.0,0.0,0.0
17315,28.7957905,0.0,0.0,30.0,0.0,0.0,0.0,0.0
17316,28.8455007,0.0,0.0,30.0,0.0,0.0,0.0,0.0
17317,28.8982881,0.0,0.0,30.0,0.0,0.0,0.0,0.0
17318,28.9554418,0.0,0.0,30.0,0.0,0.0,0.0,0.0
17319,29.0222632,0.0,0.0,30.0,0.0,0.0,0.0,0.0
17320,29.0938771,0.0,0.0,30.0,0.0,0.0,0.0,0.0
17321,29.1467463,0.0,0.0,30.0,0.0,0.0,0.0,0.0
17322,29.2100067,0.0,0.0,30.0,0.0,0.0,0.0,0.0
17323,29.4000234,0.0,0.0,30.0,0.0,0.0,0.0,0.0
17324,29.5627602,0.0,0.0,30.0,0.0,0.0,0.0,0.0
17325,29.1382358,0.0,0.0,30.0,0.0,0.0,0.0,0.0
17326,29.0148351,0.0,0.0,30.0,0.0,0.0,0.0,0.0
17327,29.9065164,0.0,0.0,30.0,0.0,0.0,0.0,0.0
17328,30.0,0.0,0.0,30.0,0.0,0.0,0.0,0.0
17329,30.0,0.0,0.0,30.0,0.0,0.0,0.0,0.0
17330,23.8910987,0.0,0.0,30.0,0.0,0.0,0.0,0.0
17331,23.6889103,0.0,0.0,30.0,0.0,0.0,0.0,0.0
17332,0.0,0.0,0.0,0.0,0.0,0.0,0.0,0.0
17333,30.0,0.0,0.0,4.21859505,0.0,0.0,0.0,0.0
17334,30.0,0.0,0.0,6.18726477,0.0,0.0,0.0,0.0
17335,0.0,0.0,0.0,16.7900556,0.0,0.0,0.0,0.0
17336,0.0,0.0,0.0,21.9789414,0.0,0.0,0.0,0.0
17337,0.0,0.0,0.0,23.4345668,0.0,0.0,0.0,0.0
17338,0.0,0.0,0.0,23.9140565,0.0,0.0,0.0,0.0
17339,0.0,0.0,0.0,24.8020415,0.0,0.0,0.0,0.0
17340,0.0,0.0,0.0,25.6386006,0.0,0.0,0.0,0.0
17341,0.0,0.0,0.0,26.2319011,0.0,0.0,0.0,0.0
17342,0.0,0.0,0.0,26.6672088,0.0,0.0,0.0,0.0
17343,0.0,0.0,0.0,26.9789123,0.0,0.0,0.0,0.0
17344,0.0,0.0,0.0,27.1577817,0.0,0.0,0.0,0.0
17345,0.0,0.0,0.0,27.2016445,0.0,0.0,0.0,0.0
17346,0.0,0.0,0.0,27.11303,0.0,0.0,0.0,0.0
17347,0.0,0.0,0.0,26.8919937,0.0,0.0,0.0,0.0
17348,0.0,0.0,0.0,26.5361614,0.0,0.0,0.0,0.0
17349,0.0,0.0,0.0,26.0379339,0.0,0.0,0.0,0.0
17350,0.0,0.0,0.0,25.3883823,0.0,0.0,0.0,0.0
17351,0.0,0.0,0.0,24.6018378,0.0,0.0,0.0,0.0
17352,0.0,0.0,0.0,23.6854333,0.0,0.0,0.0,0.0
17353,0.0,0.0,0.0,22.4841006,0.0,0.0,0.0,0.0
17354,0.0,0.0,0.0,20.9023724,0.0,0.0,0.0,0.0
17355,0.0,0.0,0.0,19.8649141,0.0,0.0,0.0,0.0
17356,0.0,0.0,0.0,19.7244474,0.0,0.0,0.0,0.0
17357,0.0,0.0,0.0,14.3398563,0.0,0.0,0.0,0.0
17358,0.0,0.0,0.0,2.43748084,0.0,0.0,0.0,0.0
17359,0.0,0.0,0.0,3.65831342,0.0,0.0,0.0,0.0
17360,30.0,0.0,0.0,30.0,0.0,0.0,0.0,0.0
17361,30.0,0.0,0.0,30.0,0.0,0.0,0.0,0.0
17362,30.0,0.0,0.0,30.0,0.0,0.0,0.0,0.0
17363,30.0,0.0,0.0,30.0,0.0,0.0,0.0,0.0
17364,30.0,0.0,0.0,30.0,0.0,0.0,0.0,0.0
17365,30.0,0.0,0.0,30.0,0.0,0.0,0.0,0.0
17366,30.0,0.0,0.0,30.0,0.0,0.0,0.0,0.0
17367,17.4433495,0.0,0.0,30.0,0.0,0.0,0.0,0.0
17368,14.0733843,0.0,0.0,30.0,0.0,0.0,0.0,0.0
17369,19.6867302,0.0,0.0,30.0,0.0,0.0,0.0,0.0
17370,22.6703844,0.0,0.0,30.0,0.0,0.0,0.0,0.0
17371,20.6659028,0.0,0.0,30.0,0.0,0.0,0.0,0.0
17372,20.2527425,0.0,0.0,30.0,0.0,0.0,0.0,0.0
17373,22.9412901,0.0,0.0,30.0,0.0,0.0,0.0,0.0
17374,27.0508486,0.0,0.0,30.0,0.0,0.0,0.0,0.0
17375,30.0,0.0,0.0,30.0,0.0,0.0,0.0,0.0
17376,30.0,0.0,0.0,30.0,0.0,0.0,0.0,0.0
17377,30.0,0.0,0.0,30.0,0.0,0.0,0.0,0.0
17378,30.0,0.0,0.0,30.0,0.0,0.0,0.0,0.0
17379,30.0,0.0,0.0,30.0,0.0,0.0,0.0,0.0
17380,28.3494156,0.0,0.0,30.0,0.0,0.0,0.0,0.0
17381,28.1294247,0.0,0.0,30.0,0.0,0.0,0.0,0.0
17382,28.3890127,0.0,0.0,30.0,0.0,0.0,0.0,0.0
17383,28.0294322,0.0,0.0,30.0,0.0,0.0,0.0,0.0
17384,28.0096179,0.0,0.0,30.0,0.0,0.0,0.0,0.0
17385,28.0932507,0.0,0.0,30.0,0.0,0.0,0.0,0.0
17386,28.1057736,0.0,0.0,30.0,0.0,0.0,0.0,0.0
17387,28.0981793,0.0,0.0,30.0,0.0,0.0,0.0,0.0
17388,28.1046207,0.0,0.0,30.0,0.0,0.0,0.0,0.0
17389,28.1141478,0.0,0.0,30.0,0.0,0.0,0.0,0.0
17390,28.1201638,0.0,0.0,30.0,0.0,0.0,0.0,0.0
17391,28.1250631,0.0,0.0,30.0,0.0,0.0,0.0,0.0
17392,28.1301667,0.0,0.0,30.0,0.0,0.0,0.0,0.0
17393,28.1350041,0.0,0.0,30.0,0.0,0.0,0.0,0.0
17394,28.139356,0.0,0.0,30.0,0.0,0.0,0.0,0.0
17395,28.143356,0.0,0.0,30.0,0.0,0.0,0.0,0.0
17396,28.1470771,0.0,0.0,30.0,0.0,0.0,0.0,0.0
17397,28.15052,0.0,0.0,30.0,0.0,0.0,0.0,0.0
17398,28.1536968,0.0,0.0,30.0,0.0,0.0,0.0,0.0
17399,28.1566321,0.0,0.0,30.0,0.0,0.0,0.0,0.0
17400,28.1593459,0.0,0.0,30.0,0.0,0.0,0.0,0.0
17401,28.1618541,0.0,0.0,30.0,0.0,0.0,0.0,0.0
17402,28.1641721,0.0,0.0,30.0,0.0,0.0,0.0,0.0
17403,28.1663144,0.0,0.0,30.0,0.0,0.0,0.0,0.0
17404,28.1682945,0.0,0.0,30.0,0.0,0.0,0.0,0.0
17405,28.1701246,0.0,0.0,30.0,0.0,0.0,0.0,0.0
17406,28.1718161,0.0,0.0,30.0,0.0,0.0,0.0,0.0
17407,28.1733796,0.0,0.0,30.0,0.0,0.0,0.0,0.0
17408,28.1748248,0.0,0.0,30.0,0.0,0.0,0.0,0.0
17409,28.1761606,0.0,0.0,30.0,0.0,0.0,0.0,0.0
17410,28.1773955,0.0,0.0,30.0,0.0,0.0,0.0,0.0
17411,28.1785372,0.0,0.0,30.0,0.0,0.0,0.0,0.0
17412,28.1795926,0.0,0.0,30.0,0.0,0.0,0.0,0.0
17413,28.1805684,0.0,0.0,30.0,0.0,0.0,0.0,0.0
17414,28.1814706,0.0,0.0,30.0,0.0,0.0,0.0,0.0
17415,28.182305,0.0,0.0,30.0,0.0,0.0,0.0,0.0
17416,28.1830766,0.0,0.0,30.0,0.0,0.0,0.0,0.0
17417,28.1837903,0.0,0.0,30.0,0.0,0.0,0.0,0.0
17418,28.1844505,0.0,0.0,30.0,0.0,0.0,0.0,0.0
17419,28.1850613,0.0,0.0,30.0,0.0,0.0,0.0,0.0
17420,28.1856266,0.0,0.0,30.0,0.0,0.0,0.0,0.0
17421,28.1861498,0.0,0.0,30.0,0.0,0.0,0.0,0.0
17422,28.1866343,0.0,0.0,30.0,0.0,0.0,0.0,0.0
17423,28.1870829,0.0,0.0,30.0,0.0,0.0,0.0,0.0
17424,28.1874986,0.0,0.0,30.0,0.0,0.0,0.0,0.0
17425,28.1878839,0.0,0.0,30.0,0.0,0.0,0.0,0.0
17426,28.1882412,0.0,0.0,30.0,0.0,0.0,0.0,0.0
17427,28.1885728,0.0,0.0,30.0,0.0,0.0,0.0,0.0
17428,28.1888806,0.0,0.0,30.0,0.0,0.0,0.0,0.0
17429,28.1891666,0.0,0.0,30.0,0.0,0.0,0.0,0.0
17430,28.1894327,0.0,0.0,30.0,0.0,0.0,0.0,0.0
17431,28.1896803,0.0,0.0,30.0,0.0,0.0,0.0,0.0
17432,28.1899112,0.0,0.0,30.0,0.0,0.0,0.0,0.0
17433,28.1901267,0.0,0.0,30.0,0.0,0.0,0.0,0.0
17434,28.1903282,0.0,0.0,30.0,0.0,0.0,0.0,0.0
17435,28.1905169,0.0,0.0,30.0,0.0,0.0,0.0,0.0
17436,28.190694,0.0,0.0,30.0,0.0,0.0,0.0,0.0
17437,28.1908605,0.0,0.0,30.0,0.0,0.0,0.0,0.0
17438,28.1910177,0.0,0.0,30.0,0.0,0.0,0.0,0.0
17439,28.1911663,0.0,0.0,30.0,0.0,0.0,0.0,0.0
17440,28.1913074,0.0,0.0,30.0,0.0,0.0,0.0,0.0
17441,28.1914418,0.0,0.0,30.0,0.0,0.0,0.0,0.0
17442,28.1915703,0.0,0.0,30.0,0.0,0.0,0.0,0.0
17443,28.1916938,0.0,0.0,30.0,0.0,0.0,0.0,0.0
17444,28.1918131,0.0,0.0,30.0,0.0,0.0,0.0,0.0
17445,28.1919288,0.0,0.0,30.0,0.0,0.0,0.0,0.0
17446,28.1920417,0.0,0.0,30.0,0.0,0.0,0.0,0.0
17447,28.1921524,0.0,0.0,30.0,0.0,0.0,0.0,0.0
17448,28.1922618,0.0,0.0,30.0,0.0,0.0,0.0,0.0
17449,28.1923704,0.0,0.0,30.0,0.0,0.0,0.0,0.0
17450,28.192479,0.0,0.0,30.0,0.0,0.0,0.0,0.0
17451,28.1925881,0.0,0.0,30.0,0.0,0.0,0.0,0.0
17452,28.1926986,0.0,0.0,30.0,0.0,0.0,0.0,0.0
17453,28.192811,0.0,0.0,30.0,0.0,0.0,0.0,0.0
17454,28.1929261,0.0,0.0,30.0,0.0,0.0,0.0,0.0
17455,28.1930446,0.0,0.0,30.0,0.0,0.0,0.0,0.0
17456,28.1931673,0.0,0.0,30.0,0.0,0.0,0.0,0.0
17457,28.1932948,0.0,0.0,30.0,0.0,0.0,0.0,0.0
17458,28.193428,0.0,0.0,30.0,0.0,0.0,0.0,0.0
17459,28.1935678,0.0,0.0,30.0,0.0,0.0,0.0,0.0
17460,28.1937149,0.0,0.0,30.0,0.0,0.0,0.0,0.0
17461,28.1938703,0.0,0.0,30.0,0.0,0.0,0.0,0.0
17462,28.1940351,0.0,0.0,30.0,0.0,0.0,0.0,0.0
17463,28.1942101,0.0,0.0,30.0,0.0,0.0,0.0,0.0
17464,28.1943965,0.0,0.0,30.0,0.0,0.0,0.0,0.0
17465,28.1945955,0.0,0.0,30.0,0.0,0.0,0.0,0.0
17466,28.1948082,0.0,0.0,30.0,0.0,0.0,0.0,0.0
17467,28.1950361,0.0,0.0,30.0,0.0,0.0,0.0,0.0
17468,28.1952805,0.0,0.0,30.0,0.0,0.0,0.0,0.0
17469,28.1955429,0.0,0.0,30.0,0.0,0.0,0.0,0.0
17470,28.1958251,0.0,0.0,30.0,0.0,0.0,0.0,0.0
17471,28.1961287,0.0,0.0,30.0,0.0,0.0,0.0,0.0
17472,28.1964556,0.0,0.0,30.0,0.0,0.0,0.0,0.0
17473,28.1968079,0.0,0.0,30.0,0.0,0.0,0.0,0.0
17474,28.1971878,0.0,0.0,30.0,0.0,0.0,0.0,0.0
17475,28.1975976,0.0,0.0,30.0,0.0,0.0,0.0,0.0
17476,28.1980399,0.0,0.0,30.0,0.0,0.0,0.0,0.0
17477,28.1985175,0.0,0.0,30.0,0.0,0.0,0.0,0.0
17478,28.1990332,0.0,0.0,30.0,0.0,0.0,0.0,0.0
17479,28.1995904,0.0,0.0,30.0,0.0,0.0,0.0,0.0
17480,28.2001925,0.0,0.0,30.0,0.0,0.0,0.0,0.0
17481,28.2008432,0.0,0.0,30.0,0.0,0.0,0.0,0.0
17482,28.2015466,0.0,0.0,30.0,0.0,0.0,0.0,0.0
17483,28.2023072,0.0,0.0,30.0,0.0,0.0,0.0,0.0
17484,28.2031295,0.0,0.0,30.0,0.0,0.0,0.0,0.0
17485,28.2040188,0.0,0.0,30.0,0.0,0.0,0.0,0.0
17486,28.2049805,0.0,0.0,30.0,0.0,0.0,0.0,0.0
17487,28.2060207,0.0,0.0,30.0,0.0,0.0,0.0,0.0
17488,28.2071459,0.0,0.0,30.0,0.0,0.0,0.0,0.0
17489,28.208363,0.0,0.0,30.0,0.0,0.0,0.0,0.0
17490,28.2096796,0.0,0.0,30.0,0.0,0.0,0.0,0.0
17491,28.211104,0.0,0.0,30.0,0.0,0.0,0.0,0.0
17492,28.212645,0.0,0.0,30.0,0.0,0.0,0.0,0.0
17493,28.2143121,0.0,0.0,30.0,0.0,0.0,0.0,0.0
17494,28.2161159,0.0,0.0,30.0,0.0,0.0,0.0,0.0
17495,28.2180675,0.0,0.0,30.0,0.0,0.0,0.0,0.0
17496,28.220179,0.0,0.0,30.0,0.0,0.0,0.0,0.0
17497,28.2224636,0.0,0.0,30.0,0.0,0.0,0.0,0.0
17498,28.2249356,0.0,0.0,30.0,0.0,0.0,0.0,0.0
17499,28.2276103,0.0,0.0,30.0,0.0,0.0,0.0,0.0
17500,28.2305045,0.0,0.0,30.0,0.0,0.0,0.0,0.0
17501,28.233636,0.0,0.0,30.0,0.0,0.0,0.0,0.0
17502,28.2370244,0.0,0.0,30.0,0.0,0.0,0.0,0.0
17503,28.2406909,0.0,0.0,30.0,0.0,0.0,0.0,0.0
17504,28.2446583,0.0,0.0,30.0,0.0,0.0,0.0,0.0
17505,28.2489511,0.0,0.0,30.0,0.0,0.0,0.0,0.0
17506,28.2535963,0.0,0.0,30.0,0.0,0.0,0.0,0.0
17507,28.2586227,0.0,0.0,30.0,0.0,0.0,0.0,0.0
17508,28.2640616,0.0,0.0,30.0,0.0,0.0,0.0,0.0
17509,28.2699469,0.0,0.0,30.0,0.0,0.0,0.0,0.0
17510,28.2763153,0.0,0.0,30.0,0.0,0.0,0.0,0.0
17511,28.2832063,0.0,0.0,30.0,0.0,0.0,0.0,0.0
17512,28.290663,0.0,0.0,30.0,0.0,0.0,0.0,0.0
17513,28.2987317,0.0,0.0,30.0,0.0,0.0,0.0,0.0
17514,28.3074627,0.0,0.0,30.0,0.0,0.0,0.0,0.0
17515,28.3169103,0.0,0.0,30.0,0.0,0.0,0.0,0.0
17516,28.3271334,0.0,0.0,30.0,0.0,0.0,0.0,0.0
17517,28.3381957,0.0,0.0,30.0,0.0,0.0,0.0,0.0
17518,28.3501661,0.0,0.0,30.0,0.0,0.0,0.0,0.0
17519,28.363119,0.0,0.0,30.0,0.0,0.0,0.0,0.0
17520,28.3771351,0.0,0.0,30.0,0.0,0.0,0.0,0.0
17521,28.3923018,0.0,0.0,30.0,0.0,0.0,0.0,0.0
17522,28.4087135,0.0,0.0,30.0,0.0,0.0,0.0,0.0
17523,28.4264723,0.0,0.0,30.0,0.0,0.0,0.0,0.0
17524,28.4456889,0.0,0.0,30.0,0.0,0.0,0.0,0.0
17525,28.4664829,0.0,0.0,30.0,0.0,0.0,0.0,0.0
17526,28.4889837,0.0,0.0,30.0,0.0,0.0,0.0,0.0
17527,28.5133319,0.0,0.0,30.0,0.0,0.0,0.0,0.0
17528,28.5396789,0.0,0.0,30.0,0.0,0.0,0.0,0.0
17529,28.568187,0.0,0.0,30.0,0.0,0.0,0.0,0.0
17530,28.5990346,0.0,0.0,30.0,0.0,0.0,0.0,0.0
17531,28.6324226,0.0,0.0,30.0,0.0,0.0,0.0,0.0
17532,28.6685535,0.0,0.0,30.0,0.0,0.0,0.0,0.0
17533,28.7076099,0.0,0.0,30.0,0.0,0.0,0.0,0.0
17534,28.749865,0.0,0.0,30.0,0.0,0.0,0.0,0.0
17535,28.7957905,0.0,0.0,30.0,0.0,0.0,0.0,0.0
17536,28.8455007,0.0,0.0,30.0,0.0,0.0,0.0,0.0
17537,28.8982881,0.0,0.0,30.0,0.0,0.0,0.0,0.0
17538,28.9554418,0.0,0.0,30.0,0.0,0.0,0.0,0.0
17539,29.0222632,0.0,0.0,30.0,0.0,0.0,0.0,0.0
17540,29.0938771,0.0,0.0,30.0,0.0,0.0,0.0,0.0
17541,29.1467463,0.0,0.0,30.0,0.0,0.0,0.0,0.0
17542,29.2100067,0.0,0.0,30.0,0.0,0.0,0.0,0.0
17543,29.4000234,0.0,0.0,30.0,0.0,0.0,0.0,0.0
17544,29.5627602,0.0,0.0,30.0,0.0,0.0,0.0,0.0
17545,29.1382358,0.0,0.0,30.0,0.0,0.0,0.0,0.0
17546,29.0148351,0.0,0.0,30.0,0.0,0.0,0.0,0.0
17547,29.9065164,0.0,0.0,30.0,0.0,0.0,0.0,0.0
17548,30.0,0.0,0.0,30.0,0.0,0.0,0.0,0.0
17549,30.0,0.0,0.0,30.0,0.0,0.0,0.0,0.0
17550,23.8910987,0.0,0.0,30.0,0.0,0.0,0.0,0.0
17551,23.6889103,0.0,0.0,30.0,0.0,0.0,0.0,0.0
17552,0.0,0.0,0.0,0.0,0.0,0.0,0.0,0.0
17553,30.0,0.0,0.0,3.96614481,0.0,0.0,0.0,0.0
17554,21.2353257,0.0,0.0,8.89237594,0.0,0.0,0.0,0.0
17555,0.0,0.0,0.0,16.2064358,0.0,0.0,0.0,0.0
17556,0.0,0.0,0.0,21.2830735,0.0,0.0,0.0,0.0
17557,0.0,0.0,0.0,22.6533876,0.0,0.0,0.0,0.0
17558,0.0,0.0,0.0,23.0460551,0.0,0.0,0.0,0.0
17559,0.0,0.0,0.0,23.828691,0.0,0.0,0.0,0.0
17560,0.0,0.0,0.0,24.5474817,0.0,0.0,0.0,0.0
17561,0.0,0.0,0.0,25.0114795,0.0,0.0,0.0,0.0
17562,0.0,0.0,0.0,25.3032495,0.0,0.0,0.0,0.0
17563,0.0,0.0,0.0,25.4551974,0.0,0.0,0.0,0.0
17564,0.0,0.0,0.0,25.456262,0.0,0.0,0.0,0.0
17565,0.0,0.0,0.0,25.302067,0.0,0.0,0.0,0.0
17566,0.0,0.0,0.0,24.9937423,0.0,0.0,0.0,0.0
17567,0.0,0.0,0.0,24.5295942,0.0,0.0,0.0,0.0
17568,0.0,0.0,0.0,23.8980444,0.0,0.0,0.0,0.0
17569,0.0,0.0,0.0,23.0838893,0.0,0.0,0.0,0.0
17570,0.0,0.0,0.0,22.1161125,0.0,0.0,0.0,0.0
17571,0.0,0.0,0.0,21.0263701,0.0,0.0,0.0,0.0
17572,0.0,0.0,0.0,19.5464488,0.0,0.0,0.0,0.0
17573,0.0,0.0,0.0,17.4247227,0.0,0.0,0.0,0.0
17574,0.0,0.0,0.0,16.3211561,0.0,0.0,0.0,0.0
17575,0.0,0.0,0.0,17.4294996,0.0,0.0,0.0,0.0
17576,0.0,0.0,0.0,13.1226371,0.0,0.0,0.0,0.0
17577,0.0,0.0,0.0,0.0,0.0,0.0,0.0,0.0
17578,0.0,0.0,0.0,0.0,0.0,0.0,0.0,0.0
17579,0.0,0.0,0.0,0.0,0.0,0.0,0.0,0.0
17580,30.0,0.0,0.0,30.0,0.0,0.0,0.0,0.0
17581,30.0,0.0,0.0,30.0,0.0,0.0,0.0,0.0
17582,30.0,0.0,0.0,30.0,0.0,0.0,0.0,0.0
17583,30.0,0.0,0.0,30.0,0.0,0.0,0.0,0.0
17584,30.0,0.0,0.0,30.0,0.0,0.0,0.0,0.0
17585,30.0,0.0,0.0,30.0,0.0,0.0,0.0,0.0
17586,30.0,0.0,0.0,30.0,0.0,0.0,0.0,0.0
17587,30.0,0.0,0.0,30.0,0.0,0.0,0.0,0.0
17588,26.3706323,0.0,0.0,30.0,0.0,0.0,0.0,0.0
17589,21.3760711,0.0,0.0,30.0,0.0,0.0,0.0,0.0
17590,22.2628093,0.0,0.0,30.0,0.0,0.0,0.0,0.0
17591,26.4922307,0.0,0.0,30.0,0.0,0.0,0.0,0.0
17592,18.196877,0.0,0.0,30.0,0.0,0.0,0.0,0.0
17593,18.1316768,0.0,0.0,30.0,0.0,0.0,0.0,0.0
17594,28.1178562,0.0,0.0,30.0,0.0,0.0,0.0,0.0
17595,30.0,0.0,0.0,30.0,0.0,0.0,0.0,0.0
17596,30.0,0.0,0.0,30.0,0.0,0.0,0.0,0.0
17597,30.0,0.0,0.0,30.0,0.0,0.0,0.0,0.0
17598,30.0,0.0,0.0,30.0,0.0,0.0,0.0,0.0
17599,30.0,0.0,0.0,30.0,0.0,0.0,0.0,0.0
17600,28.4454687,0.0,0.0,30.0,0.0,0.0,0.0,0.0
17601,28.1778277,0.0,0.0,30.0,0.0,0.0,0.0,0.0
17602,28.3437775,0.0,0.0,30.0,0.0,0.0,0.0,0.0
17603,28.1119474,0.0,0.0,30.0,0.0,0.0,0.0,0.0
17604,28.0978062,0.0,0.0,30.0,0.0,0.0,0.0,0.0
17605,28.1495548,0.0,0.0,30.0,0.0,0.0,0.0,0.0
17606,28.1559375,0.0,0.0,30.0,0.0,0.0,0.0,0.0
17607,28.1496542,0.0,0.0,30.0,0.0,0.0,0.0,0.0
17608,28.152458,0.0,0.0,30.0,0.0,0.0,0.0,0.0
17609,28.1573196,0.0,0.0,30.0,0.0,0.0,0.0,0.0
17610,28.160029,0.0,0.0,30.0,0.0,0.0,0.0,0.0
17611,28.1621137,0.0,0.0,30.0,0.0,0.0,0.0,0.0
17612,28.1644086,0.0,0.0,30.0,0.0,0.0,0.0,0.0
17613,28.1666061,0.0,0.0,30.0,0.0,0.0,0.0,0.0
17614,28.1685612,0.0,0.0,30.0,0.0,0.0,0.0,0.0
17615,28.1703543,0.0,0.0,30.0,0.0,0.0,0.0,0.0
17616,28.172027,0.0,0.0,30.0,0.0,0.0,0.0,0.0
17617,28.1735755,0.0,0.0,30.0,0.0,0.0,0.0,0.0
17618,28.1750034,0.0,0.0,30.0,0.0,0.0,0.0,0.0
17619,28.1763228,0.0,0.0,30.0,0.0,0.0,0.0,0.0
17620,28.1775428,0.0,0.0,30.0,0.0,0.0,0.0,0.0
17621,28.1786706,0.0,0.0,30.0,0.0,0.0,0.0,0.0
17622,28.1797129,0.0,0.0,30.0,0.0,0.0,0.0,0.0
17623,28.1806763,0.0,0.0,30.0,0.0,0.0,0.0,0.0
17624,28.1815669,0.0,0.0,30.0,0.0,0.0,0.0,0.0
17625,28.1823902,0.0,0.0,30.0,0.0,0.0,0.0,0.0
17626,28.1831512,0.0,0.0,30.0,0.0,0.0,0.0,0.0
17627,28.1838548,0.0,0.0,30.0,0.0,0.0,0.0,0.0
17628,28.1845054,0.0,0.0,30.0,0.0,0.0,0.0,0.0
17629,28.1851069,0.0,0.0,30.0,0.0,0.0,0.0,0.0
17630,28.1856631,0.0,0.0,30.0,0.0,0.0,0.0,0.0
17631,28.1861776,0.0,0.0,30.0,0.0,0.0,0.0,0.0
17632,28.1866534,0.0,0.0,30.0,0.0,0.0,0.0,0.0
17633,28.1870936,0.0,0.0,30.0,0.0,0.0,0.0,0.0
17634,28.1875008,0.0,0.0,30.0,0.0,0.0,0.0,0.0
17635,28.1878777,0.0,0.0,30.0,0.0,0.0,0.0,0.0
17636,28.1882266,0.0,0.0,30.0,0.0,0.0,0.0,0.0
17637,28.1885496,0.0,0.0,30.0,0.0,0.0,0.0,0.0
17638,28.1888488,0.0,0.0,30.0,0.0,0.0,0.0,0.0
17639,28.189126,0.0,0.0,30.0,0.0,0.0,0.0,0.0
17640,28.1893829,0.0,0.0,30.0,0.0,0.0,0.0,0.0
17641,28.1896212,0.0,0.0,30.0,0.0,0.0,0.0,0.0
17642,28.1898423,0.0,0.0,30.0,0.0,0.0,0.0,0.0
17643,28.1900476,0.0,0.0,30.0,0.0,0.0,0.0,0.0
17644,28.1902384,0.0,0.0,30.0,0.0,0.0,0.0,0.0
17645,28.1904158,0.0,0.0,30.0,0.0,0.0,0.0,0.0
17646,28.1905811,0.0,0.0,30.0,0.0,0.0,0.0,0.0
17647,28.1907351,0.0,0.0,30.0,0.0,0.0,0.0,0.0
17648,28.1908789,0.0,0.0,30.0,0.0,0.0,0.0,0.0
17649,28.1910133,0.0,0.0,30.0,0.0,0.0,0.0,0.0
17650,28.1911393,0.0,0.0,30.0,0.0,0.0,0.0,0.0
17651,28.1912575,0.0,0.0,30.0,0.0,0.0,0.0,0.0
17652,28.1913687,0.0,0.0,30.0,0.0,0.0,0.0,0.0
17653,28.1914737,0.0,0.0,30.0,0.0,0.0,0.0,0.0
17654,28.1915729,0.0,0.0,30.0,0.0,0.0,0.0,0.0
17655,28.1916672,0.0,0.0,30.0,0.0,0.0,0.0,0.0
17656,28.191757,0.0,0.0,30.0,0.0,0.0,0.0,0.0
17657,28.191843,0.0,0.0,30.0,0.0,0.0,0.0,0.0
17658,28.1919256,0.0,0.0,30.0,0.0,0.0,0.0,0.0
17659,28.1920053,0.0,0.0,30.0,0.0,0.0,0.0,0.0
17660,28.1920828,0.0,0.0,30.0,0.0,0.0,0.0,0.0
17661,28.1921584,0.0,0.0,30.0,0.0,0.0,0.0,0.0
17662,28.1922325,0.0,0.0,30.0,0.0,0.0,0.0,0.0
17663,28.1923058,0.0,0.0,30.0,0.0,0.0,0.0,0.0
17664,28.1923786,0.0,0.0,30.0,0.0,0.0,0.0,0.0
17665,28.1924514,0.0,0.0,30.0,0.0,0.0,0.0,0.0
17666,28.1925247,0.0,0.0,30.0,0.0,0.0,0.0,0.0
17667,28.1925988,0.0,0.0,30.0,0.0,0.0,0.0,0.0
17668,28.1926743,0.0,0.0,30.0,0.0,0.0,0.0,0.0
17669,28.1927516,0.0,0.0,30.0,0.0,0.0,0.0,0.0
17670,28.1928313,0.0,0.0,30.0,0.0,0.0,0.0,0.0
17671,28.1929137,0.0,0.0,30.0,0.0,0.0,0.0,0.0
17672,28.1929994,0.0,0.0,30.0,0.0,0.0,0.0,0.0
17673,28.193089,0.0,0.0,30.0,0.0,0.0,0.0,0.0
17674,28.1931831,0.0,0.0,30.0,0.0,0.0,0.0,0.0
17675,28.1932821,0.0,0.0,30.0,0.0,0.0,0.0,0.0
17676,28.1933867,0.0,0.0,30.0,0.0,0.0,0.0,0.0
17677,28.1934976,0.0,0.0,30.0,0.0,0.0,0.0,0.0
17678,28.1936154,0.0,0.0,30.0,0.0,0.0,0.0,0.0
17679,28.193741,0.0,0.0,30.0,0.0,0.0,0.0,0.0
17680,28.193875,0.0,0.0,30.0,0.0,0.0,0.0,0.0
17681,28.1940183,0.0,0.0,30.0,0.0,0.0,0.0,0.0
17682,28.1941718,0.0,0.0,30.0,0.0,0.0,0.0,0.0
17683,28.1943364,0.0,0.0,30.0,0.0,0.0,0.0,0.0
17684,28.1945132,0.0,0.0,30.0,0.0,0.0,0.0,0.0
17685,28.1947033,0.0,0.0,30.0,0.0,0.0,0.0,0.0
17686,28.1949079,0.0,0.0,30.0,0.0,0.0,0.0,0.0
17687,28.1951282,0.0,0.0,30.0,0.0,0.0,0.0,0.0
17688,28.1953656,0.0,0.0,30.0,0.0,0.0,0.0,0.0
17689,28.1956216,0.0,0.0,30.0,0.0,0.0,0.0,0.0
17690,28.1958978,0.0,0.0,30.0,0.0,0.0,0.0,0.0
17691,28.1961959,0.0,0.0,30.0,0.0,0.0,0.0,0.0
17692,28.1965177,0.0,0.0,30.0,0.0,0.0,0.0,0.0
17693,28.1968653,0.0,0.0,30.0,0.0,0.0,0.0,0.0
17694,28.1972408,0.0,0.0,30.0,0.0,0.0,0.0,0.0
17695,28.1976466,0.0,0.0,30.0,0.0,0.0,0.0,0.0
17696,28.1980852,0.0,0.0,30.0,0.0,0.0,0.0,0.0
17697,28.1985593,0.0,0.0,30.0,0.0,0.0,0.0,0.0
17698,28.1990719,0.0,0.0,30.0,0.0,0.0,0.0,0.0
17699,28.1996261,0.0,0.0,30.0,0.0,0.0,0.0,0.0
17700,28.2002255,0.0,0.0,30.0,0.0,0.0,0.0,0.0
17701,28.2008737,0.0,0.0,30.0,0.0,0.0,0.0,0.0
17702,28.2015749,0.0,0.0,30.0,0.0,0.0,0.0,0.0
17703,28.2023332,0.0,0.0,30.0,0.0,0.0,0.0,0.0
17704,28.2031536,0.0,0.0,30.0,0.0,0.0,0.0,0.0
17705,28.204041,0.0,0.0,30.0,0.0,0.0,0.0,0.0
17706,28.2050011,0.0,0.0,30.0,0.0,0.0,0.0,0.0
17707,28.2060397,0.0,0.0,30.0,0.0,0.0,0.0,0.0
17708,28.2071635,0.0,0.0,30.0,0.0,0.0,0.0,0.0
17709,28.2083792,0.0,0.0,30.0,0.0,0.0,0.0,0.0
17710,28.2096946,0.0,0.0,30.0,0.0,0.0,0.0,0.0
17711,28.2111179,0.0,0.0,30.0,0.0,0.0,0.0,0.0
17712,28.2126578,0.0,0.0,30.0,0.0,0.0,0.0,0.0
17713,28.214324,0.0,0.0,30.0,0.0,0.0,0.0,0.0
17714,28.2161268,0.0,0.0,30.0,0.0,0.0,0.0,0.0
17715,28.2180776,0.0,0.0,30.0,0.0,0.0,0.0,0.0
17716,28.2201883,0.0,0.0,30.0,0.0,0.0,0.0,0.0
17717,28.2224723,0.0,0.0,30.0,0.0,0.0,0.0,0.0
17718,28.2249436,0.0,0.0,30.0,0.0,0.0,0.0,0.0
17719,28.2276177,0.0,0.0,30.0,0.0,0.0,0.0,0.0
17720,28.2305113,0.0,0.0,30.0,0.0,0.0,0.0,0.0
17721,28.2336423,0.0,0.0,30.0,0.0,0.0,0.0,0.0
17722,28.2370303,0.0,0.0,30.0,0.0,0.0,0.0,0.0
17723,28.2406963,0.0,0.0,30.0,0.0,0.0,0.0,0.0
17724,28.2446632,0.0,0.0,30.0,0.0,0.0,0.0,0.0
17725,28.2489557,0.0,0.0,30.0,0.0,0.0,0.0,0.0
17726,28.2536006,0.0,0.0,30.0,0.0,0.0,0.0,0.0
17727,28.2586266,0.0,0.0,30.0,0.0,0.0,0.0,0.0
17728,28.2640653,0.0,0.0,30.0,0.0,0.0,0.0,0.0
17729,28.2699503,0.0,0.0,30.0,0.0,0.0,0.0,0.0
17730,28.2763184,0.0,0.0,30.0,0.0,0.0,0.0,0.0
17731,28.2832092,0.0,0.0,30.0,0.0,0.0,0.0,0.0
17732,28.2906656,0.0,0.0,30.0,0.0,0.0,0.0,0.0
17733,28.2987341,0.0,0.0,30.0,0.0,0.0,0.0,0.0
17734,28.3074649,0.0,0.0,30.0,0.0,0.0,0.0,0.0
17735,28.3169124,0.0,0.0,30.0,0.0,0.0,0.0,0.0
17736,28.3271354,0.0,0.0,30.0,0.0,0.0,0.0,0.0
17737,28.3381975,0.0,0.0,30.0,0.0,0.0,0.0,0.0
17738,28.3501677,0.0,0.0,30.0,0.0,0.0,0.0,0.0
17739,28.3631205,0.0,0.0,30.0,0.0,0.0,0.0,0.0
17740,28.3771365,0.0,0.0,30.0,0.0,0.0,0.0,0.0
17741,28.3923031,0.0,0.0,30.0,0.0,0.0,0.0,0.0
17742,28.4087147,0.0,0.0,30.0,0.0,0.0,0.0,0.0
17743,28.4264734,0.0,0.0,30.0,0.0,0.0,0.0,0.0
17744,28.4456899,0.0,0.0,30.0,0.0,0.0,0.0,0.0
17745,28.4664838,0.0,0.0,30.0,0.0,0.0,0.0,0.0
17746,28.4889846,0.0,0.0,30.0,0.0,0.0,0.0,0.0
17747,28.5133327,0.0,0.0,30.0,0.0,0.0,0.0,0.0
17748,28.5396796,0.0,0.0,30.0,0.0,0.0,0.0,0.0
17749,28.5681877,0.0,0.0,30.0,0.0,0.0,0.0,0.0
17750,28.5990353,0.0,0.0,30.0,0.0,0.0,0.0,0.0
17751,28.6324232,0.0,0.0,30.0,0.0,0.0,0.0,0.0
17752,28.6685541,0.0,0.0,30.0,0.0,0.0,0.0,0.0
17753,28.7076104,0.0,0.0,30.0,0.0,0.0,0.0,0.0
17754,28.7498654,0.0,0.0,30.0,0.0,0.0,0.0,0.0
17755,28.7957909,0.0,0.0,30.0,0.0,0.0,0.0,0.0
17756,28.8455011,0.0,0.0,30.0,0.0,0.0,0.0,0.0
17757,28.8982884,0.0,0.0,30.0,0.0,0.0,0.0,0.0
17758,28.9554422,0.0,0.0,30.0,0.0,0.0,0.0,0.0
17759,29.0222635,0.0,0.0,30.0,0.0,0.0,0.0,0.0
17760,29.0938774,0.0,0.0,30.0,0.0,0.0,0.0,0.0
17761,29.1467465,0.0,0.0,30.0,0.0,0.0,0.0,0.0
17762,29.2100069,0.0,0.0,30.0,0.0,0.0,0.0,0.0
17763,29.4000236,0.0,0.0,30.0,0.0,0.0,0.0,0.0
17764,29.5627604,0.0,0.0,30.0,0.0,0.0,0.0,0.0
17765,29.138236,0.0,0.0,30.0,0.0,0.0,0.0,0.0
17766,29.0148353,0.0,0.0,30.0,0.0,0.0,0.0,0.0
17767,29.9065165,0.0,0.0,30.0,0.0,0.0,0.0,0.0
17768,30.0,0.0,0.0,30.0,0.0,0.0,0.0,0.0
17769,30.0,0.0,0.0,30.0,0.0,0.0,0.0,0.0
17770,23.8910993,0.0,0.0,30.0,0.0,0.0,0.0,0.0
17771,23.6889107,0.0,0.0,30.0,0.0,0.0,0.0,0.0
17772,0.0,0.0,0.0,0.0,0.0,0.0,0.0,0.0
17773,30.0,0.0,0.0,4.3794725,0.0,0.0,0.0,0.0
17774,30.0,0.0,0.0,6.38062664,0.0,0.0,0.0,0.0
17775,0.0,0.0,0.0,17.0023289,0.0,0.0,0.0,0.0
17776,0.0,0.0,0.0,22.276036,0.0,0.0,0.0,0.0
17777,0.0,0.0,0.0,23.7845316,0.0,0.0,0.0,0.0
17778,0.0,0.0,0.0,24.3122878,0.0,0.0,0.0,0.0
17779,0.0,0.0,0.0,25.2589556,0.0,0.0,0.0,0.0
17780,0.0,0.0,0.0,26.1607796,0.0,0.0,0.0,0.0
17781,0.0,0.0,0.0,26.8245704,0.0,0.0,0.0,0.0
17782,0.0,0.0,0.0,27.3371807,0.0,0.0,0.0,0.0
17783,0.0,0.0,0.0,27.7342179,0.0,0.0,0.0,0.0
17784,0.0,0.0,0.0,28.0073367,0.0,0.0,0.0,0.0
17785,0.0,0.0,0.0,28.1554345,0.0,0.0,0.0,0.0
17786,0.0,0.0,0.0,28.1822492,0.0,0.0,0.0,0.0
17787,0.0,0.0,0.0,28.0891725,0.0,0.0,0.0,0.0
17788,0.0,0.0,0.0,27.8755887,0.0,0.0,0.0,0.0
17789,0.0,0.0,0.0,27.5357145,0.0,0.0,0.0,0.0
17790,0.0,0.0,0.0,27.0608137,0.0,0.0,0.0,0.0
17791,0.0,0.0,0.0,26.4666364,0.0,0.0,0.0,0.0
17792,0.0,0.0,0.0,25.7734567,0.0,0.0,0.0,0.0
17793,0.0,0.0,0.0,24.8311033,0.0,0.0,0.0,0.0
17794,0.0,0.0,0.0,23.4766949,0.0,0.0,0.0,0.0
17795,0.0,0.0,0.0,22.634833,0.0,0.0,0.0,0.0
17796,0.0,0.0,0.0,23.1149744,0.0,0.0,0.0,0.0
17797,0.0,0.0,0.0,18.7244334,0.0,0.0,0.0,0.0
17798,0.0,0.0,0.0,5.26402107,0.0,0.0,0.0,0.0
17799,0.0,0.0,0.0,6.88804934,0.0,0.0,0.0,0.0
17800,30.0,0.0,0.0,30.0,0.0,0.0,0.0,0.0
17801,30.0,0.0,0.0,30.0,0.0,0.0,0.0,0.0
17802,30.0,0.0,0.0,30.0,0.0,0.0,0.0,0.0
17803,30.0,0.0,0.0,30.0,0.0,0.0,0.0,0.0
17804,30.0,0.0,0.0,30.0,0.0,0.0,0.0,0.0
17805,28.3282336,0.0,0.0,30.0,0.0,0.0,0.0,0.0
17806,28.097196,0.0,0.0,30.0,0.0,0.0,0.0,0.0
17807,30.0,0.0,0.0,30.0,0.0,0.0,0.0,0.0
17808,30.0,0.0,0.0,30.0,0.0,0.0,0.0,0.0
17809,30.0,0.0,0.0,30.0,0.0,0.0,0.0,0.0
17810,30.0,0.0,0.0,30.0,0.0,0.0,0.0,0.0
17811,30.0,0.0,0.0,30.0,0.0,0.0,0.0,0.0
17812,30.0,0.0,0.0,30.0,0.0,0.0,0.0,0.0
17813,30.0,0.0,0.0,30.0,0.0,0.0,0.0,0.0
17814,30.0,0.0,0.0,30.0,0.0,0.0,0.0,0.0
17815,30.0,0.0,0.0,30.0,0.0,0.0,0.0,0.0
17816,30.0,0.0,0.0,30.0,0.0,0.0,0.0,0.0
17817,30.0,0.0,0.0,30.0,0.0,0.0,0.0,0.0
17818,30.0,0.0,0.0,30.0,0.0,0.0,0.0,0.0
17819,30.0,0.0,0.0,30.0,0.0,0.0,0.0,0.0
17820,29.1730887,0.0,0.0,30.0,0.0,0.0,0.0,0.0
17821,29.1638579,0.0,0.0,30.0,0.0,0.0,0.0,0.0
17822,29.2507659,0.0,0.0,30.0,0.0,0.0,0.0,0.0
17823,28.9544164,0.0,0.0,30.0,0.0,0.0,0.0,0.0
17824,28.875044,0.0,0.0,30.0,0.0,0.0,0.0,0.0
17825,28.8670618,0.0,0.0,30.0,0.0,0.0,0.0,0.0
17826,28.819296,0.0,0.0,30.0,0.0,0.0,0.0,0.0
17827,28.7628402,0.0,0.0,30.0,0.0,0.0,0.0,0.0
17828,28.7190685,0.0,0.0,30.0,0.0,0.0,0.0,0.0
17829,28.6809188,0.0,0.0,30.0,0.0,0.0,0.0,0.0
17830,28.6439211,0.0,0.0,30.0,0.0,0.0,0.0,0.0
17831,28.6093037,0.0,0.0,30.0,0.0,0.0,0.0,0.0
17832,28.5776726,0.0,0.0,30.0,0.0,0.0,0.0,0.0
17833,28.5485192,0.0,0.0,30.0,0.0,0.0,0.0,0.0
17834,28.5215033,0.0,0.0,30.0,0.0,0.0,0.0,0.0
17835,28.4965227,0.0,0.0,30.0,0.0,0.0,0.0,0.0
17836,28.4734525,0.0,0.0,30.0,0.0,0.0,0.0,0.0
17837,28.4521351,0.0,0.0,30.0,0.0,0.0,0.0,0.0
17838,28.4324318,0.0,0.0,30.0,0.0,0.0,0.0,0.0
17839,28.4142229,0.0,0.0,30.0,0.0,0.0,0.0,0.0
17840,28.3973961,0.0,0.0,30.0,0.0,0.0,0.0,0.0
17841,28.381846,0.0,0.0,30.0,0.0,0.0,0.0,0.0
17842,28.3674755,0.0,0.0,30.0,0.0,0.0,0.0,0.0
17843,28.3541955,0.0,0.0,30.0,0.0,0.0,0.0,0.0
17844,28.341923,0.0,0.0,30.0,0.0,0.0,0.0,0.0
17845,28.3305818,0.0,0.0,30.0,0.0,0.0,0.0,0.0
17846,28.3201012,0.0,0.0,30.0,0.0,0.0,0.0,0.0
17847,28.3104159,0.0,0.0,30.0,0.0,0.0,0.0,0.0
17848,28.3014656,0.0,0.0,30.0,0.0,0.0,0.0,0.0
17849,28.2931947,0.0,0.0,30.0,0.0,0.0,0.0,0.0
17850,28.2855515,0.0,0.0,30.0,0.0,0.0,0.0,0.0
17851,28.2784884,0.0,0.0,30.0,0.0,0.0,0.0,0.0
17852,28.2719616,0.0,0.0,30.0,0.0,0.0,0.0,0.0
17853,28.2659304,0.0,0.0,30.0,0.0,0.0,0.0,0.0
17854,28.2603572,0.0,0.0,30.0,0.0,0.0,0.0,0.0
17855,28.2552072,0.0,0.0,30.0,0.0,0.0,0.0,0.0
17856,28.2504485,0.0,0.0,30.0,0.0,0.0,0.0,0.0
17857,28.2460514,0.0,0.0,30.0,0.0,0.0,0.0,0.0
17858,28.2419886,0.0,0.0,30.0,0.0,0.0,0.0,0.0
17859,28.2382346,0.0,0.0,30.0,0.0,0.0,0.0,0.0
17860,28.2347662,0.0,0.0,30.0,0.0,0.0,0.0,0.0
17861,28.2315617,0.0,0.0,30.0,0.0,0.0,0.0,0.0
17862,28.2286013,0.0,0.0,30.0,0.0,0.0,0.0,0.0
17863,28.2258663,0.0,0.0,30.0,0.0,0.0,0.0,0.0
17864,28.2233399,0.0,0.0,30.0,0.0,0.0,0.0,0.0
17865,28.2210063,0.0,0.0,30.0,0.0,0.0,0.0,0.0
17866,28.218851,0.0,0.0,30.0,0.0,0.0,0.0,0.0
17867,28.2168605,0.0,0.0,30.0,0.0,0.0,0.0,0.0
17868,28.2150224,0.0,0.0,30.0,0.0,0.0,0.0,0.0
17869,28.2133253,0.0,0.0,30.0,0.0,0.0,0.0,0.0
17870,28.2117587,0.0,0.0,30.0,0.0,0.0,0.0,0.0
17871,28.2103127,0.0,0.0,30.0,0.0,0.0,0.0,0.0
17872,28.2089784,0.0,0.0,30.0,0.0,0.0,0.0,0.0
17873,28.2077475,0.0,0.0,30.0,0.0,0.0,0.0,0.0
17874,28.2066123,0.0,0.0,30.0,0.0,0.0,0.0,0.0
17875,28.2055656,0.0,0.0,30.0,0.0,0.0,0.0,0.0
17876,28.2046011,0.0,0.0,30.0,0.0,0.0,0.0,0.0
17877,28.2037127,0.0,0.0,30.0,0.0,0.0,0.0,0.0
17878,28.2028949,0.0,0.0,30.0,0.0,0.0,0.0,0.0
17879,28.2021425,0.0,0.0,30.0,0.0,0.0,0.0,0.0
17880,28.2014509,0.0,0.0,30.0,0.0,0.0,0.0,0.0
17881,28.2008158,0.0,0.0,30.0,0.0,0.0,0.0,0.0
17882,28.2002333,0.0,0.0,30.0,0.0,0.0,0.0,0.0
17883,28.1996996,0.0,0.0,30.0,0.0,0.0,0.0,0.0
17884,28.1992115,0.0,0.0,30.0,0.0,0.0,0.0,0.0
17885,28.198766,0.0,0.0,30.0,0.0,0.0,0.0,0.0
17886,28.1983602,0.0,0.0,30.0,0.0,0.0,0.0,0.0
17887,28.1979916,0.0,0.0,30.0,0.0,0.0,0.0,0.0
17888,28.197658,0.0,0.0,30.0,0.0,0.0,0.0,0.0
17889,28.1973573,0.0,0.0,30.0,0.0,0.0,0.0,0.0
17890,28.1970875,0.0,0.0,30.0,0.0,0.0,0.0,0.0
17891,28.1968471,0.0,0.0,30.0,0.0,0.0,0.0,0.0
17892,28.1966344,0.0,0.0,30.0,0.0,0.0,0.0,0.0
17893,28.1964483,0.0,0.0,30.0,0.0,0.0,0.0,0.0
17894,28.1962875,0.0,0.0,30.0,0.0,0.0,0.0,0.0
17895,28.196151,0.0,0.0,30.0,0.0,0.0,0.0,0.0
17896,28.1960379,0.0,0.0,30.0,0.0,0.0,0.0,0.0
17897,28.1959477,0.0,0.0,30.0,0.0,0.0,0.0,0.0
17898,28.1958797,0.0,0.0,30.0,0.0,0.0,0.0,0.0
17899,28.1958334,0.0,0.0,30.0,0.0,0.0,0.0,0.0
17900,28.1958087,0.0,0.0,30.0,0.0,0.0,0.0,0.0
17901,28.1958053,0.0,0.0,30.0,0.0,0.0,0.0,0.0
17902,28.1958232,0.0,0.0,30.0,0.0,0.0,0.0,0.0
17903,28.1958626,0.0,0.0,30.0,0.0,0.0,0.0,0.0
17904,28.1959236,0.0,0.0,30.0,0.0,0.0,0.0,0.0
17905,28.1960067,0.0,0.0,30.0,0.0,0.0,0.0,0.0
17906,28.1961124,0.0,0.0,30.0,0.0,0.0,0.0,0.0
17907,28.1962413,0.0,0.0,30.0,0.0,0.0,0.0,0.0
17908,28.1963943,0.0,0.0,30.0,0.0,0.0,0.0,0.0
17909,28.1965722,0.0,0.0,30.0,0.0,0.0,0.0,0.0
17910,28.1967763,0.0,0.0,30.0,0.0,0.0,0.0,0.0
17911,28.1970077,0.0,0.0,30.0,0.0,0.0,0.0,0.0
17912,28.197268,0.0,0.0,30.0,0.0,0.0,0.0,0.0
17913,28.1975586,0.0,0.0,30.0,0.0,0.0,0.0,0.0
17914,28.1978816,0.0,0.0,30.0,0.0,0.0,0.0,0.0
17915,28.1982387,0.0,0.0,30.0,0.0,0.0,0.0,0.0
17916,28.1986324,0.0,0.0,30.0,0.0,0.0,0.0,0.0
17917,28.199065,0.0,0.0,30.0,0.0,0.0,0.0,0.0
17918,28.1995392,0.0,0.0,30.0,0.0,0.0,0.0,0.0
17919,28.200058,0.0,0.0,30.0,0.0,0.0,0.0,0.0
17920,28.2006246,0.0,0.0,30.0,0.0,0.0,0.0,0.0
17921,28.2012426,0.0,0.0,30.0,0.0,0.0,0.0,0.0
17922,28.2019157,0.0,0.0,30.0,0.0,0.0,0.0,0.0
17923,28.2026482,0.0,0.0,30.0,0.0,0.0,0.0,0.0
17924,28.2034447,0.0,0.0,30.0,0.0,0.0,0.0,0.0
17925,28.20431,0.0,0.0,30.0,0.0,0.0,0.0,0.0
17926,28.2052497,0.0,0.0,30.0,0.0,0.0,0.0,0.0
17927,28.2062694,0.0,0.0,30.0,0.0,0.0,0.0,0.0
17928,28.2073757,0.0,0.0,30.0,0.0,0.0,0.0,0.0
17929,28.2085754,0.0,0.0,30.0,0.0,0.0,0.0,0.0
17930,28.2098759,0.0,0.0,30.0,0.0,0.0,0.0,0.0
17931,28.2112854,0.0,0.0,30.0,0.0,0.0,0.0,0.0
17932,28.2128126,0.0,0.0,30.0,0.0,0.0,0.0,0.0
17933,28.214467,0.0,0.0,30.0,0.0,0.0,0.0,0.0
17934,28.216259,0.0,0.0,30.0,0.0,0.0,0.0,0.0
17935,28.2181997,0.0,0.0,30.0,0.0,0.0,0.0,0.0
17936,28.2203012,0.0,0.0,30.0,0.0,0.0,0.0,0.0
17937,28.2225766,0.0,0.0,30.0,0.0,0.0,0.0,0.0
17938,28.22504,0.0,0.0,30.0,0.0,0.0,0.0,0.0
17939,28.2277068,0.0,0.0,30.0,0.0,0.0,0.0,0.0
17940,28.2305936,0.0,0.0,30.0,0.0,0.0,0.0,0.0
17941,28.2337184,0.0,0.0,30.0,0.0,0.0,0.0,0.0
17942,28.2371006,0.0,0.0,30.0,0.0,0.0,0.0,0.0
17943,28.2407613,0.0,0.0,30.0,0.0,0.0,0.0,0.0
17944,28.2447232,0.0,0.0,30.0,0.0,0.0,0.0,0.0
17945,28.2490112,0.0,0.0,30.0,0.0,0.0,0.0,0.0
17946,28.2536518,0.0,0.0,30.0,0.0,0.0,0.0,0.0
17947,28.258674,0.0,0.0,30.0,0.0,0.0,0.0,0.0
17948,28.264109,0.0,0.0,30.0,0.0,0.0,0.0,0.0
17949,28.2699907,0.0,0.0,30.0,0.0,0.0,0.0,0.0
17950,28.2763557,0.0,0.0,30.0,0.0,0.0,0.0,0.0
17951,28.2832437,0.0,0.0,30.0,0.0,0.0,0.0,0.0
17952,28.2906975,0.0,0.0,30.0,0.0,0.0,0.0,0.0
17953,28.2987636,0.0,0.0,30.0,0.0,0.0,0.0,0.0
17954,28.3074921,0.0,0.0,30.0,0.0,0.0,0.0,0.0
17955,28.3169375,0.0,0.0,30.0,0.0,0.0,0.0,0.0
17956,28.3271586,0.0,0.0,30.0,0.0,0.0,0.0,0.0
17957,28.338219,0.0,0.0,30.0,0.0,0.0,0.0,0.0
17958,28.3501875,0.0,0.0,30.0,0.0,0.0,0.0,0.0
17959,28.3631388,0.0,0.0,30.0,0.0,0.0,0.0,0.0
17960,28.3771535,0.0,0.0,30.0,0.0,0.0,0.0,0.0
17961,28.3923188,0.0,0.0,30.0,0.0,0.0,0.0,0.0
17962,28.4087291,0.0,0.0,30.0,0.0,0.0,0.0,0.0
17963,28.4264868,0.0,0.0,30.0,0.0,0.0,0.0,0.0
17964,28.4457023,0.0,0.0,30.0,0.0,0.0,0.0,0.0
17965,28.4664952,0.0,0.0,30.0,0.0,0.0,0.0,0.0
17966,28.4889951,0.0,0.0,30.0,0.0,0.0,0.0,0.0
17967,28.5133424,0.0,0.0,30.0,0.0,0.0,0.0,0.0
17968,28.5396886,0.0,0.0,30.0,0.0,0.0,0.0,0.0
17969,28.5681959,0.0,0.0,30.0,0.0,0.0,0.0,0.0
17970,28.5990429,0.0,0.0,30.0,0.0,0.0,0.0,0.0
17971,28.6324302,0.0,0.0,30.0,0.0,0.0,0.0,0.0
17972,28.6685606,0.0,0.0,30.0,0.0,0.0,0.0,0.0
17973,28.7076164,0.0,0.0,30.0,0.0,0.0,0.0,0.0
17974,28.7498709,0.0,0.0,30.0,0.0,0.0,0.0,0.0
17975,28.795796,0.0,0.0,30.0,0.0,0.0,0.0,0.0
17976,28.8455057,0.0,0.0,30.0,0.0,0.0,0.0,0.0
17977,28.8982927,0.0,0.0,30.0,0.0,0.0,0.0,0.0
17978,28.9554461,0.0,0.0,30.0,0.0,0.0,0.0,0.0
17979,29.0222671,0.0,0.0,30.0,0.0,0.0,0.0,0.0
17980,29.0938806,0.0,0.0,30.0,0.0,0.0,0.0,0.0
17981,29.1467496,0.0,0.0,30.0,0.0,0.0,0.0,0.0
17982,29.2100097,0.0,0.0,30.0,0.0,0.0,0.0,0.0
17983,29.4000261,0.0,0.0,30.0,0.0,0.0,0.0,0.0
17984,29.5627626,0.0,0.0,30.0,0.0,0.0,0.0,0.0
17985,29.1382378,0.0,0.0,30.0,0.0,0.0,0.0,0.0
17986,29.0148373,0.0,0.0,30.0,0.0,0.0,0.0,0.0
17987,29.9065185,0.0,0.0,30.0,0.0,0.0,0.0,0.0
17988,30.0,0.0,0.0,30.0,0.0,0.0,0.0,0.0
17989,30.0,0.0,0.0,30.0,0.0,0.0,0.0,0.0
17990,23.8911054,0.0,0.0,30.0,0.0,0.0,0.0,0.0
17991,23.6889149,0.0,0.0,30.0,0.0,0.0,0.0,0.0
17992,0.0,0.0,0.0,0.0,0.0,0.0,0.0,0.0
17993,30.0,0.0,0.0,4.17190152,0.0,0.0,0.0,0.0
17994,28.6297695,0.0,0.0,6.60148259,0.0,0.0,0.0,0.0
17995,0.0,0.0,0.0,16.68928,0.0,0.0,0.0,0.0
17996,0.0,0.0,0.0,21.8568074,0.0,0.0,0.0,0.0
17997,0.0,0.0,0.0,23.2967201,0.0,0.0,0.0,0.0
17998,0.0,0.0,0.0,23.7604688,0.0,0.0,0.0,0.0
17999,0.0,0.0,0.0,24.6293481,0.0,0.0,0.0,0.0
18000,0.0,0.0,0.0,25.4445645,0.0,0.0,0.0,0.0
18001,0.0,0.0,0.0,26.0144838,0.0,0.0,0.0,0.0
18002,0.0,0.0,0.0,26.4238771,0.0,0.0,0.0,0.0
18003,0.0,0.0,0.0,26.7067737,0.0,0.0,0.0,0.0
18004,0.0,0.0,0.0,26.8536249,0.0,0.0,0.0,0.0
18005,0.0,0.0,0.0,26.8618293,0.0,0.0,0.0,0.0
18006,0.0,0.0,0.0,26.7336019,0.0,0.0,0.0,0.0
18007,0.0,0.0,0.0,26.468907,0.0,0.0,0.0,0.0
18008,0.0,0.0,0.0,26.064076,0.0,0.0,0.0,0.0
18009,0.0,0.0,0.0,25.5086411,0.0,0.0,0.0,0.0
18010,0.0,0.0,0.0,24.7984215,0.0,0.0,0.0,0.0
18011,0.0,0.0,0.0,23.960887,0.0,0.0,0.0,0.0
18012,0.0,0.0,0.0,22.9653042,0.0,0.0,0.0,0.0
18013,0.0,0.0,0.0,21.5727075,0.0,0.0,0.0,0.0
18014,0.0,0.0,0.0,19.9394657,0.0,0.0,0.0,0.0
18015,0.0,0.0,0.0,19.4813227,0.0,0.0,0.0,0.0
18016,0.0,0.0,0.0,18.8378835,0.0,0.0,0.0,0.0
18017,0.0,0.0,0.0,8.98363264,0.0,0.0,0.0,0.0
18018,0.0,0.0,0.0,0.286356857,0.0,0.0,0.0,0.0
18019,0.0,0.0,0.0,4.89029842,0.0,0.0,0.0,0.0
18020,30.0,0.0,0.0,30.0,0.0,0.0,0.0,0.0
18021,30.0,0.0,0.0,30.0,0.0,0.0,0.0,0.0
18022,30.0,0.0,0.0,30.0,0.0,0.0,0.0,0.0
18023,30.0,0.0,0.0,30.0,0.0,0.0,0.0,0.0
18024,30.0,0.0,0.0,30.0,0.0,0.0,0.0,0.0
18025,30.0,0.0,0.0,30.0,0.0,0.0,0.0,0.0
18026,23.3787873,0.0,0.0,30.0,0.0,0.0,0.0,0.0
18027,17.938675,0.0,0.0,30.0,0.0,0.0,0.0,0.0
18028,14.6922641,0.0,0.0,30.0,0.0,0.0,0.0,0.0
18029,20.2529505,0.0,0.0,30.0,0.0,0.0,0.0,0.0
18030,24.4452667,0.0,0.0,30.0,0.0,0.0,0.0,0.0
18031,29.6732231,0.0,0.0,30.0,0.0,0.0,0.0,0.0
18032,30.0,0.0,0.0,30.0,0.0,0.0,0.0,0.0
18033,30.0,0.0,0.0,30.0,0.0,0.0,0.0,0.0
18034,30.0,0.0,0.0,30.0,0.0,0.0,0.0,0.0
18035,30.0,0.0,0.0,30.0,0.0,0.0,0.0,0.0
18036,30.0,0.0,0.0,30.0,0.0,0.0,0.0,0.0
18037,30.0,0.0,0.0,30.0,0.0,0.0,0.0,0.0
18038,30.0,0.0,0.0,30.0,0.0,0.0,0.0,0.0
18039,30.0,0.0,0.0,30.0,0.0,0.0,0.0,0.0
18040,28.8659729,0.0,0.0,30.0,0.0,0.0,0.0,0.0
18041,28.8891927,0.0,0.0,30.0,0.0,0.0,0.0,0.0
18042,29.0168359,0.0,0.0,30.0,0.0,0.0,0.0,0.0
18043,28.598468,0.0,0.0,30.0,0.0,0.0,0.0,0.0
18044,28.5493318,0.0,0.0,30.0,0.0,0.0,0.0,0.0
18045,28.5940176,0.0,0.0,30.0,0.0,0.0,0.0,0.0
18046,28.5657193,0.0,0.0,30.0,0.0,0.0,0.0,0.0
18047,28.5228926,0.0,0.0,30.0,0.0,0.0,0.0,0.0
18048,28.4976939,0.0,0.0,30.0,0.0,0.0,0.0,0.0
18049,28.4774592,0.0,0.0,30.0,0.0,0.0,0.0,0.0
18050,28.4557971,0.0,0.0,30.0,0.0,0.0,0.0,0.0
18051,28.4352267,0.0,0.0,30.0,0.0,0.0,0.0,0.0
18052,28.4168255,0.0,0.0,30.0,0.0,0.0,0.0,0.0
18053,28.3999185,0.0,0.0,30.0,0.0,0.0,0.0,0.0
18054,28.3841694,0.0,0.0,30.0,0.0,0.0,0.0,0.0
18055,28.3695979,0.0,0.0,30.0,0.0,0.0,0.0,0.0
18056,28.3561575,0.0,0.0,30.0,0.0,0.0,0.0,0.0
18057,28.3437397,0.0,0.0,30.0,0.0,0.0,0.0,0.0
18058,28.3322589,0.0,0.0,30.0,0.0,0.0,0.0,0.0
18059,28.3216486,0.0,0.0,30.0,0.0,0.0,0.0,0.0
18060,28.3118445,0.0,0.0,30.0,0.0,0.0,0.0,0.0
18061,28.3027843,0.0,0.0,30.0,0.0,0.0,0.0,0.0
18062,28.2944114,0.0,0.0,30.0,0.0,0.0,0.0,0.0
18063,28.2866739,0.0,0.0,30.0,0.0,0.0,0.0,0.0
18064,28.2795236,0.0,0.0,30.0,0.0,0.0,0.0,0.0
18065,28.272916,0.0,0.0,30.0,0.0,0.0,0.0,0.0
18066,28.2668098,0.0,0.0,30.0,0.0,0.0,0.0,0.0
18067,28.2611672,0.0,0.0,30.0,0.0,0.0,0.0,0.0
18068,28.2559529,0.0,0.0,30.0,0.0,0.0,0.0,0.0
18069,28.2511344,0.0,0.0,30.0,0.0,0.0,0.0,0.0
18070,28.2466819,0.0,0.0,30.0,0.0,0.0,0.0,0.0
18071,28.2425675,0.0,0.0,30.0,0.0,0.0,0.0,0.0
18072,28.2387656,0.0,0.0,30.0,0.0,0.0,0.0,0.0
18073,28.2352526,0.0,0.0,30.0,0.0,0.0,0.0,0.0
18074,28.2320066,0.0,0.0,30.0,0.0,0.0,0.0,0.0
18075,28.2290073,0.0,0.0,30.0,0.0,0.0,0.0,0.0
18076,28.2262361,0.0,0.0,30.0,0.0,0.0,0.0,0.0
18077,28.2236757,0.0,0.0,30.0,0.0,0.0,0.0,0.0
18078,28.2213103,0.0,0.0,30.0,0.0,0.0,0.0,0.0
18079,28.2191249,0.0,0.0,30.0,0.0,0.0,0.0,0.0
18080,28.2171062,0.0,0.0,30.0,0.0,0.0,0.0,0.0
18081,28.2152414,0.0,0.0,30.0,0.0,0.0,0.0,0.0
18082,28.213519,0.0,0.0,30.0,0.0,0.0,0.0,0.0
18083,28.2119282,0.0,0.0,30.0,0.0,0.0,0.0,0.0
18084,28.2104591,0.0,0.0,30.0,0.0,0.0,0.0,0.0
18085,28.2091026,0.0,0.0,30.0,0.0,0.0,0.0,0.0
18086,28.2078503,0.0,0.0,30.0,0.0,0.0,0.0,0.0
18087,28.2066943,0.0,0.0,30.0,0.0,0.0,0.0,0.0
18088,28.2056274,0.0,0.0,30.0,0.0,0.0,0.0,0.0
18089,28.2046431,0.0,0.0,30.0,0.0,0.0,0.0,0.0
18090,28.203735,0.0,0.0,30.0,0.0,0.0,0.0,0.0
18091,28.2028978,0.0,0.0,30.0,0.0,0.0,0.0,0.0
18092,28.202126,0.0,0.0,30.0,0.0,0.0,0.0,0.0
18093,28.2014148,0.0,0.0,30.0,0.0,0.0,0.0,0.0
18094,28.20076,0.0,0.0,30.0,0.0,0.0,0.0,0.0
18095,28.2001573,0.0,0.0,30.0,0.0,0.0,0.0,0.0
18096,28.1996031,0.0,0.0,30.0,0.0,0.0,0.0,0.0
18097,28.1990938,0.0,0.0,30.0,0.0,0.0,0.0,0.0
18098,28.1986264,0.0,0.0,30.0,0.0,0.0,0.0,0.0
18099,28.1981978,0.0,0.0,30.0,0.0,0.0,0.0,0.0
18100,28.1978055,0.0,0.0,30.0,0.0,0.0,0.0,0.0
18101,28.1974469,0.0,0.0,30.0,0.0,0.0,0.0,0.0
18102,28.1971199,0.0,0.0,30.0,0.0,0.0,0.0,0.0
18103,28.1968225,0.0,0.0,30.0,0.0,0.0,0.0,0.0
18104,28.1965526,0.0,0.0,30.0,0.0,0.0,0.0,0.0
18105,28.1963088,0.0,0.0,30.0,0.0,0.0,0.0,0.0
18106,28.1960894,0.0,0.0,30.0,0.0,0.0,0.0,0.0
18107,28.1958931,0.0,0.0,30.0,0.0,0.0,0.0,0.0
18108,28.1957187,0.0,0.0,30.0,0.0,0.0,0.0,0.0
18109,28.1955651,0.0,0.0,30.0,0.0,0.0,0.0,0.0
18110,28.1954313,0.0,0.0,30.0,0.0,0.0,0.0,0.0
18111,28.1953165,0.0,0.0,30.0,0.0,0.0,0.0,0.0
18112,28.1952199,0.0,0.0,30.0,0.0,0.0,0.0,0.0
18113,28.1951411,0.0,0.0,30.0,0.0,0.0,0.0,0.0
18114,28.1950794,0.0,0.0,30.0,0.0,0.0,0.0,0.0
18115,28.1950346,0.0,0.0,30.0,0.0,0.0,0.0,0.0
18116,28.1950063,0.0,0.0,30.0,0.0,0.0,0.0,0.0
18117,28.1949943,0.0,0.0,30.0,0.0,0.0,0.0,0.0
18118,28.1949986,0.0,0.0,30.0,0.0,0.0,0.0,0.0
18119,28.1950192,0.0,0.0,30.0,0.0,0.0,0.0,0.0
18120,28.1950562,0.0,0.0,30.0,0.0,0.0,0.0,0.0
18121,28.1951099,0.0,0.0,30.0,0.0,0.0,0.0,0.0
18122,28.1951806,0.0,0.0,30.0,0.0,0.0,0.0,0.0
18123,28.1952687,0.0,0.0,30.0,0.0,0.0,0.0,0.0
18124,28.1953748,0.0,0.0,30.0,0.0,0.0,0.0,0.0
18125,28.1954995,0.0,0.0,30.0,0.0,0.0,0.0,0.0
18126,28.1956437,0.0,0.0,30.0,0.0,0.0,0.0,0.0
18127,28.1958082,0.0,0.0,30.0,0.0,0.0,0.0,0.0
18128,28.195994,0.0,0.0,30.0,0.0,0.0,0.0,0.0
18129,28.1962023,0.0,0.0,30.0,0.0,0.0,0.0,0.0
18130,28.1964344,0.0,0.0,30.0,0.0,0.0,0.0,0.0
18131,28.1966918,0.0,0.0,30.0,0.0,0.0,0.0,0.0
18132,28.196976,0.0,0.0,30.0,0.0,0.0,0.0,0.0
18133,28.1972888,0.0,0.0,30.0,0.0,0.0,0.0,0.0
18134,28.1976322,0.0,0.0,30.0,0.0,0.0,0.0,0.0
18135,28.1980083,0.0,0.0,30.0,0.0,0.0,0.0,0.0
18136,28.1984195,0.0,0.0,30.0,0.0,0.0,0.0,0.0
18137,28.1988682,0.0,0.0,30.0,0.0,0.0,0.0,0.0
18138,28.1993574,0.0,0.0,30.0,0.0,0.0,0.0,0.0
18139,28.1998899,0.0,0.0,30.0,0.0,0.0,0.0,0.0
18140,28.2004693,0.0,0.0,30.0,0.0,0.0,0.0,0.0
18141,28.201099,0.0,0.0,30.0,0.0,0.0,0.0,0.0
18142,28.2017831,0.0,0.0,30.0,0.0,0.0,0.0,0.0
18143,28.2025256,0.0,0.0,30.0,0.0,0.0,0.0,0.0
18144,28.2033314,0.0,0.0,30.0,0.0,0.0,0.0,0.0
18145,28.2042053,0.0,0.0,30.0,0.0,0.0,0.0,0.0
18146,28.2051529,0.0,0.0,30.0,0.0,0.0,0.0,0.0
18147,28.2061801,0.0,0.0,30.0,0.0,0.0,0.0,0.0
18148,28.2072931,0.0,0.0,30.0,0.0,0.0,0.0,0.0
18149,28.2084991,0.0,0.0,30.0,0.0,0.0,0.0,0.0
18150,28.2098054,0.0,0.0,30.0,0.0,0.0,0.0,0.0
18151,28.2112202,0.0,0.0,30.0,0.0,0.0,0.0,0.0
18152,28.2127523,0.0,0.0,30.0,0.0,0.0,0.0,0.0
18153,28.2144114,0.0,0.0,30.0,0.0,0.0,0.0,0.0
18154,28.2162076,0.0,0.0,30.0,0.0,0.0,0.0,0.0
18155,28.2181522,0.0,0.0,30.0,0.0,0.0,0.0,0.0
18156,28.2202573,0.0,0.0,30.0,0.0,0.0,0.0,0.0
18157,28.222536,0.0,0.0,30.0,0.0,0.0,0.0,0.0
18158,28.2250025,0.0,0.0,30.0,0.0,0.0,0.0,0.0
18159,28.2276721,0.0,0.0,30.0,0.0,0.0,0.0,0.0
18160,28.2305616,0.0,0.0,30.0,0.0,0.0,0.0,0.0
18161,28.2336888,0.0,0.0,30.0,0.0,0.0,0.0,0.0
18162,28.2370732,0.0,0.0,30.0,0.0,0.0,0.0,0.0
18163,28.240736,0.0,0.0,30.0,0.0,0.0,0.0,0.0
18164,28.2446999,0.0,0.0,30.0,0.0,0.0,0.0,0.0
18165,28.2489896,0.0,0.0,30.0,0.0,0.0,0.0,0.0
18166,28.2536319,0.0,0.0,30.0,0.0,0.0,0.0,0.0
18167,28.2586556,0.0,0.0,30.0,0.0,0.0,0.0,0.0
18168,28.264092,0.0,0.0,30.0,0.0,0.0,0.0,0.0
18169,28.269975,0.0,0.0,30.0,0.0,0.0,0.0,0.0
18170,28.2763412,0.0,0.0,30.0,0.0,0.0,0.0,0.0
18171,28.2832303,0.0,0.0,30.0,0.0,0.0,0.0,0.0
18172,28.2906851,0.0,0.0,30.0,0.0,0.0,0.0,0.0
18173,28.2987521,0.0,0.0,30.0,0.0,0.0,0.0,0.0
18174,28.3074815,0.0,0.0,30.0,0.0,0.0,0.0,0.0
18175,28.3169277,0.0,0.0,30.0,0.0,0.0,0.0,0.0
18176,28.3271496,0.0,0.0,30.0,0.0,0.0,0.0,0.0
18177,28.3382106,0.0,0.0,30.0,0.0,0.0,0.0,0.0
18178,28.3501798,0.0,0.0,30.0,0.0,0.0,0.0,0.0
18179,28.3631317,0.0,0.0,30.0,0.0,0.0,0.0,0.0
18180,28.3771469,0.0,0.0,30.0,0.0,0.0,0.0,0.0
18181,28.3923127,0.0,0.0,30.0,0.0,0.0,0.0,0.0
18182,28.4087235,0.0,0.0,30.0,0.0,0.0,0.0,0.0
18183,28.4264816,0.0,0.0,30.0,0.0,0.0,0.0,0.0
18184,28.4456975,0.0,0.0,30.0,0.0,0.0,0.0,0.0
18185,28.4664908,0.0,0.0,30.0,0.0,0.0,0.0,0.0
18186,28.488991,0.0,0.0,30.0,0.0,0.0,0.0,0.0
18187,28.5133386,0.0,0.0,30.0,0.0,0.0,0.0,0.0
18188,28.5396851,0.0,0.0,30.0,0.0,0.0,0.0,0.0
18189,28.5681927,0.0,0.0,30.0,0.0,0.0,0.0,0.0
18190,28.5990399,0.0,0.0,30.0,0.0,0.0,0.0,0.0
18191,28.6324274,0.0,0.0,30.0,0.0,0.0,0.0,0.0
18192,28.668558,0.0,0.0,30.0,0.0,0.0,0.0,0.0
18193,28.707614,0.0,0.0,30.0,0.0,0.0,0.0,0.0
18194,28.7498688,0.0,0.0,30.0,0.0,0.0,0.0,0.0
18195,28.795794,0.0,0.0,30.0,0.0,0.0,0.0,0.0
18196,28.8455039,0.0,0.0,30.0,0.0,0.0,0.0,0.0
18197,28.8982911,0.0,0.0,30.0,0.0,0.0,0.0,0.0
18198,28.9554446,0.0,0.0,30.0,0.0,0.0,0.0,0.0
18199,29.0222657,0.0,0.0,30.0,0.0,0.0,0.0,0.0
18200,29.0938794,0.0,0.0,30.0,0.0,0.0,0.0,0.0
18201,29.1467484,0.0,0.0,30.0,0.0,0.0,0.0,0.0
18202,29.2100086,0.0,0.0,30.0,0.0,0.0,0.0,0.0
18203,29.4000251,0.0,0.0,30.0,0.0,0.0,0.0,0.0
18204,29.5627617,0.0,0.0,30.0,0.0,0.0,0.0,0.0
18205,29.1382371,0.0,0.0,30.0,0.0,0.0,0.0,0.0
18206,29.0148365,0.0,0.0,30.0,0.0,0.0,0.0,0.0
18207,29.9065178,0.0,0.0,30.0,0.0,0.0,0.0,0.0
18208,30.0,0.0,0.0,30.0,0.0,0.0,0.0,0.0
18209,30.0,0.0,0.0,30.0,0.0,0.0,0.0,0.0
18210,23.891103,0.0,0.0,30.0,0.0,0.0,0.0,0.0
18211,23.6889133,0.0,0.0,30.0,0.0,0.0,0.0,0.0
18212,0.0,0.0,0.0,0.0,0.0,0.0,0.0,0.0
18213,30.0,0.0,0.0,4.24215555,0.0,0.0,0.0,0.0
18214,30.0,0.0,0.0,6.21558261,0.0,0.0,0.0,0.0
18215,0.0,0.0,0.0,16.821143,0.0,0.0,0.0,0.0
18216,0.0,0.0,0.0,22.0224509,0.0,0.0,0.0,0.0
18217,0.0,0.0,0.0,23.4858191,0.0,0.0,0.0,0.0
18218,0.0,0.0,0.0,23.9723774,0.0,0.0,0.0,0.0
18219,0.0,0.0,0.0,24.8689566,0.0,0.0,0.0,0.0
18220,0.0,0.0,0.0,25.7150738,0.0,0.0,0.0,0.0
18221,0.0,0.0,0.0,26.3186973,0.0,0.0,0.0,0.0
18222,0.0,0.0,0.0,26.7653254,0.0,0.0,0.0,0.0
18223,0.0,0.0,0.0,27.0895284,0.0,0.0,0.0,0.0
18224,0.0,0.0,0.0,27.2822035,0.0,0.0,0.0,0.0
18225,0.0,0.0,0.0,27.3413161,0.0,0.0,0.0,0.0
18226,0.0,0.0,0.0,27.2695901,0.0,0.0,0.0,0.0
18227,0.0,0.0,0.0,27.0673952,0.0,0.0,0.0,0.0
18228,0.0,0.0,0.0,26.7324818,0.0,0.0,0.0,0.0
18229,0.0,0.0,0.0,26.256775,0.0,0.0,0.0,0.0
18230,0.0,0.0,0.0,25.6323564,0.0,0.0,0.0,0.0
18231,0.0,0.0,0.0,24.8783767,0.0,0.0,0.0,0.0
18232,0.0,0.0,0.0,23.9967867,0.0,0.0,0.0,0.0
18233,0.0,0.0,0.0,22.8047231,0.0,0.0,0.0,0.0
18234,0.0,0.0,0.0,21.247438,0.0,0.0,0.0,0.0
18235,0.0,0.0,0.0,20.4247573,0.0,0.0,0.0,0.0
18236,0.0,0.0,0.0,20.4007986,0.0,0.0,0.0,0.0
18237,0.0,0.0,0.0,13.9581131,0.0,0.0,0.0,0.0
18238,0.0,0.0,0.0,1.89195953,0.0,0.0,0.0,0.0
18239,0.0,0.0,0.0,5.90614328,0.0,0.0,0.0,0.0
18240,30.0,0.0,0.0,30.0,0.0,0.0,0.0,0.0
18241,30.0,0.0,0.0,30.0,0.0,0.0,0.0,0.0
18242,30.0,0.0,0.0,30.0,0.0,0.0,0.0,0.0
18243,30.0,0.0,0.0,30.0,0.0,0.0,0.0,0.0
18244,30.0,0.0,0.0,30.0,0.0,0.0,0.0,0.0
18245,30.0,0.0,0.0,30.0,0.0,0.0,0.0,0.0
18246,30.0,0.0,0.0,30.0,0.0,0.0,0.0,0.0
18247,30.0,0.0,0.0,30.0,0.0,0.0,0.0,0.0
18248,30.0,0.0,0.0,30.0,0.0,0.0,0.0,0.0
18249,30.0,0.0,0.0,30.0,0.0,0.0,0.0,0.0
18250,30.0,0.0,0.0,30.0,0.0,0.0,0.0,0.0
18251,30.0,0.0,0.0,30.0,0.0,0.0,0.0,0.0
18252,28.7631917,0.0,0.0,30.0,0.0,0.0,0.0,0.0
18253,23.5071464,0.0,0.0,30.0,0.0,0.0,0.0,0.0
18254,24.4810295,0.0,0.0,30.0,0.0,0.0,0.0,0.0
18255,30.0,0.0,0.0,30.0,0.0,0.0,0.0,0.0
18256,30.0,0.0,0.0,30.0,0.0,0.0,0.0,0.0
18257,30.0,0.0,0.0,30.0,0.0,0.0,0.0,0.0
18258,30.0,0.0,0.0,30.0,0.0,0.0,0.0,0.0
18259,30.0,0.0,0.0,30.0,0.0,0.0,0.0,0.0
18260,29.3428211,0.0,0.0,30.0,0.0,0.0,0.0,0.0
18261,28.9123013,0.0,0.0,30.0,0.0,0.0,0.0,0.0
18262,28.8323665,0.0,0.0,30.0,0.0,0.0,0.0,0.0
18263,28.6408366,0.0,0.0,30.0,0.0,0.0,0.0,0.0
18264,28.6215593,0.0,0.0,30.0,0.0,0.0,0.0,0.0
18265,28.6172925,0.0,0.0,30.0,0.0,0.0,0.0,0.0
18266,28.5814906,0.0,0.0,30.0,0.0,0.0,0.0,0.0
18267,28.5463496,0.0,0.0,30.0,0.0,0.0,0.0,0.0
18268,28.5203377,0.0,0.0,30.0,0.0,0.0,0.0,0.0
18269,28.496575,0.0,0.0,30.0,0.0,0.0,0.0,0.0
18270,28.4733069,0.0,0.0,30.0,0.0,0.0,0.0,0.0
18271,28.4517763,0.0,0.0,30.0,0.0,0.0,0.0,0.0
18272,28.4321432,0.0,0.0,30.0,0.0,0.0,0.0,0.0
18273,28.4139995,0.0,0.0,30.0,0.0,0.0,0.0,0.0
18274,28.3971791,0.0,0.0,30.0,0.0,0.0,0.0,0.0
18275,28.3816359,0.0,0.0,30.0,0.0,0.0,0.0,0.0
18276,28.3672826,0.0,0.0,30.0,0.0,0.0,0.0,0.0
18277,28.3540178,0.0,0.0,30.0,0.0,0.0,0.0,0.0
18278,28.3417573,0.0,0.0,30.0,0.0,0.0,0.0,0.0
18279,28.3304271,0.0,0.0,30.0,0.0,0.0,0.0,0.0
18280,28.319957,0.0,0.0,30.0,0.0,0.0,0.0,0.0
18281,28.3102813,0.0,0.0,30.0,0.0,0.0,0.0,0.0
18282,28.3013398,0.0,0.0,30.0,0.0,0.0,0.0,0.0
18283,28.2930767,0.0,0.0,30.0,0.0,0.0,0.0,0.0
18284,28.2854407,0.0,0.0,30.0,0.0,0.0,0.0,0.0
18285,28.2783842,0.0,0.0,30.0,0.0,0.0,0.0,0.0
18286,28.2718632,0.0,0.0,30.0,0.0,0.0,0.0,0.0
18287,28.2658372,0.0,0.0,30.0,0.0,0.0,0.0,0.0
18288,28.2602687,0.0,0.0,30.0,0.0,0.0,0.0,0.0
18289,28.2551228,0.0,0.0,30.0,0.0,0.0,0.0,0.0
18290,28.2503677,0.0,0.0,30.0,0.0,0.0,0.0,0.0
18291,28.2459737,0.0,0.0,30.0,0.0,0.0,0.0,0.0
18292,28.2419135,0.0,0.0,30.0,0.0,0.0,0.0,0.0
18293,28.2381617,0.0,0.0,30.0,0.0,0.0,0.0,0.0
18294,28.234695,0.0,0.0,30.0,0.0,0.0,0.0,0.0
18295,28.2314918,0.0,0.0,30.0,0.0,0.0,0.0,0.0
18296,28.2285321,0.0,0.0,30.0,0.0,0.0,0.0,0.0
18297,28.2257976,0.0,0.0,30.0,0.0,0.0,0.0,0.0
18298,28.2232711,0.0,0.0,30.0,0.0,0.0,0.0,0.0
18299,28.2209371,0.0,0.0,30.0,0.0,0.0,0.0,0.0
18300,28.2187809,0.0,0.0,30.0,0.0,0.0,0.0,0.0
18301,28.216789,0.0,0.0,30.0,0.0,0.0,0.0,0.0
18302,28.2149492,0.0,0.0,30.0,0.0,0.0,0.0,0.0
18303,28.2132499,0.0,0.0,30.0,0.0,0.0,0.0,0.0
18304,28.2116806,0.0,0.0,30.0,0.0,0.0,0.0,0.0
18305,28.2102315,0.0,0.0,30.0,0.0,0.0,0.0,0.0
18306,28.2088935,0.0,0.0,30.0,0.0,0.0,0.0,0.0
18307,28.2076584,0.0,0.0,30.0,0.0,0.0,0.0,0.0
18308,28.2065184,0.0,0.0,30.0,0.0,0.0,0.0,0.0
18309,28.2054664,0.0,0.0,30.0,0.0,0.0,0.0,0.0
18310,28.204496,0.0,0.0,30.0,0.0,0.0,0.0,0.0
18311,28.203601,0.0,0.0,30.0,0.0,0.0,0.0,0.0
18312,28.2027758,0.0,0.0,30.0,0.0,0.0,0.0,0.0
18313,28.2020154,0.0,0.0,30.0,0.0,0.0,0.0,0.0
18314,28.201315,0.0,0.0,30.0,0.0,0.0,0.0,0.0
18315,28.2006702,0.0,0.0,30.0,0.0,0.0,0.0,0.0
18316,28.2000771,0.0,0.0,30.0,0.0,0.0,0.0,0.0
18317,28.1995319,0.0,0.0,30.0,0.0,0.0,0.0,0.0
18318,28.1990312,0.0,0.0,30.0,0.0,0.0,0.0,0.0
18319,28.1985719,0.0,0.0,30.0,0.0,0.0,0.0,0.0
18320,28.1981512,0.0,0.0,30.0,0.0,0.0,0.0,0.0
18321,28.1977665,0.0,0.0,30.0,0.0,0.0,0.0,0.0
18322,28.1974152,0.0,0.0,30.0,0.0,0.0,0.0,0.0
18323,28.1970954,0.0,0.0,30.0,0.0,0.0,0.0,0.0
18324,28.1968048,0.0,0.0,30.0,0.0,0.0,0.0,0.0
18325,28.1965419,0.0,0.0,30.0,0.0,0.0,0.0,0.0
18326,28.1963048,0.0,0.0,30.0,0.0,0.0,0.0,0.0
18327,28.1960922,0.0,0.0,30.0,0.0,0.0,0.0,0.0
18328,28.1959027,0.0,0.0,30.0,0.0,0.0,0.0,0.0
18329,28.1957351,0.0,0.0,30.0,0.0,0.0,0.0,0.0
18330,28.1955884,0.0,0.0,30.0,0.0,0.0,0.0,0.0
18331,28.1954617,0.0,0.0,30.0,0.0,0.0,0.0,0.0
18332,28.1953541,0.0,0.0,30.0,0.0,0.0,0.0,0.0
18333,28.1952651,0.0,0.0,30.0,0.0,0.0,0.0,0.0
18334,28.195194,0.0,0.0,30.0,0.0,0.0,0.0,0.0
18335,28.1951405,0.0,0.0,30.0,0.0,0.0,0.0,0.0
18336,28.1951041,0.0,0.0,30.0,0.0,0.0,0.0,0.0
18337,28.1950847,0.0,0.0,30.0,0.0,0.0,0.0,0.0
18338,28.1950822,0.0,0.0,30.0,0.0,0.0,0.0,0.0
18339,28.1950964,0.0,0.0,30.0,0.0,0.0,0.0,0.0
18340,28.1951276,0.0,0.0,30.0,0.0,0.0,0.0,0.0
18341,28.1951759,0.0,0.0,30.0,0.0,0.0,0.0,0.0
18342,28.1952416,0.0,0.0,30.0,0.0,0.0,0.0,0.0
18343,28.1953251,0.0,0.0,30.0,0.0,0.0,0.0,0.0
18344,28.1954269,0.0,0.0,30.0,0.0,0.0,0.0,0.0
18345,28.1955477,0.0,0.0,30.0,0.0,0.0,0.0,0.0
18346,28.1956882,0.0,0.0,30.0,0.0,0.0,0.0,0.0
18347,28.1958493,0.0,0.0,30.0,0.0,0.0,0.0,0.0
18348,28.196032,0.0,0.0,30.0,0.0,0.0,0.0,0.0
18349,28.1962374,0.0,0.0,30.0,0.0,0.0,0.0,0.0
18350,28.1964669,0.0,0.0,30.0,0.0,0.0,0.0,0.0
18351,28.1967218,0.0,0.0,30.0,0.0,0.0,0.0,0.0
18352,28.1970037,0.0,0.0,30.0,0.0,0.0,0.0,0.0
18353,28.1973145,0.0,0.0,30.0,0.0,0.0,0.0,0.0
18354,28.1976559,0.0,0.0,30.0,0.0,0.0,0.0,0.0
18355,28.1980302,0.0,0.0,30.0,0.0,0.0,0.0,0.0
18356,28.1984397,0.0,0.0,30.0,0.0,0.0,0.0,0.0
18357,28.1988869,0.0,0.0,30.0,0.0,0.0,0.0,0.0
18358,28.1993746,0.0,0.0,30.0,0.0,0.0,0.0,0.0
18359,28.1999059,0.0,0.0,30.0,0.0,0.0,0.0,0.0
18360,28.2004841,0.0,0.0,30.0,0.0,0.0,0.0,0.0
18361,28.2011127,0.0,0.0,30.0,0.0,0.0,0.0,0.0
18362,28.2017957,0.0,0.0,30.0,0.0,0.0,0.0,0.0
18363,28.2025373,0.0,0.0,30.0,0.0,0.0,0.0,0.0
18364,28.2033422,0.0,0.0,30.0,0.0,0.0,0.0,0.0
18365,28.2042153,0.0,0.0,30.0,0.0,0.0,0.0,0.0
18366,28.2051621,0.0,0.0,30.0,0.0,0.0,0.0,0.0
18367,28.2061886,0.0,0.0,30.0,0.0,0.0,0.0,0.0
18368,28.207301,0.0,0.0,30.0,0.0,0.0,0.0,0.0
18369,28.2085063,0.0,0.0,30.0,0.0,0.0,0.0,0.0
18370,28.2098121,0.0,0.0,30.0,0.0,0.0,0.0,0.0
18371,28.2112264,0.0,0.0,30.0,0.0,0.0,0.0,0.0
18372,28.2127581,0.0,0.0,30.0,0.0,0.0,0.0,0.0
18373,28.2144167,0.0,0.0,30.0,0.0,0.0,0.0,0.0
18374,28.2162125,0.0,0.0,30.0,0.0,0.0,0.0,0.0
18375,28.2181567,0.0,0.0,30.0,0.0,0.0,0.0,0.0
18376,28.2202615,0.0,0.0,30.0,0.0,0.0,0.0,0.0
18377,28.2225399,0.0,0.0,30.0,0.0,0.0,0.0,0.0
18378,28.2250061,0.0,0.0,30.0,0.0,0.0,0.0,0.0
18379,28.2276754,0.0,0.0,30.0,0.0,0.0,0.0,0.0
18380,28.2305646,0.0,0.0,30.0,0.0,0.0,0.0,0.0
18381,28.2336916,0.0,0.0,30.0,0.0,0.0,0.0,0.0
18382,28.2370758,0.0,0.0,30.0,0.0,0.0,0.0,0.0
18383,28.2407384,0.0,0.0,30.0,0.0,0.0,0.0,0.0
18384,28.2447021,0.0,0.0,30.0,0.0,0.0,0.0,0.0
18385,28.2489917,0.0,0.0,30.0,0.0,0.0,0.0,0.0
18386,28.2536338,0.0,0.0,30.0,0.0,0.0,0.0,0.0
18387,28.2586573,0.0,0.0,30.0,0.0,0.0,0.0,0.0
18388,28.2640936,0.0,0.0,30.0,0.0,0.0,0.0,0.0
18389,28.2699765,0.0,0.0,30.0,0.0,0.0,0.0,0.0
18390,28.2763426,0.0,0.0,30.0,0.0,0.0,0.0,0.0
18391,28.2832315,0.0,0.0,30.0,0.0,0.0,0.0,0.0
18392,28.2906863,0.0,0.0,30.0,0.0,0.0,0.0,0.0
18393,28.2987532,0.0,0.0,30.0,0.0,0.0,0.0,0.0
18394,28.3074826,0.0,0.0,30.0,0.0,0.0,0.0,0.0
18395,28.3169287,0.0,0.0,30.0,0.0,0.0,0.0,0.0
18396,28.3271504,0.0,0.0,30.0,0.0,0.0,0.0,0.0
18397,28.3382114,0.0,0.0,30.0,0.0,0.0,0.0,0.0
18398,28.3501806,0.0,0.0,30.0,0.0,0.0,0.0,0.0
18399,28.3631324,0.0,0.0,30.0,0.0,0.0,0.0,0.0
18400,28.3771475,0.0,0.0,30.0,0.0,0.0,0.0,0.0
18401,28.3923132,0.0,0.0,30.0,0.0,0.0,0.0,0.0
18402,28.408724,0.0,0.0,30.0,0.0,0.0,0.0,0.0
18403,28.4264821,0.0,0.0,30.0,0.0,0.0,0.0,0.0
18404,28.4456979,0.0,0.0,30.0,0.0,0.0,0.0,0.0
18405,28.4664912,0.0,0.0,30.0,0.0,0.0,0.0,0.0
18406,28.4889914,0.0,0.0,30.0,0.0,0.0,0.0,0.0
18407,28.513339,0.0,0.0,30.0,0.0,0.0,0.0,0.0
18408,28.5396854,0.0,0.0,30.0,0.0,0.0,0.0,0.0
18409,28.568193,0.0,0.0,30.0,0.0,0.0,0.0,0.0
18410,28.5990402,0.0,0.0,30.0,0.0,0.0,0.0,0.0
18411,28.6324277,0.0,0.0,30.0,0.0,0.0,0.0,0.0
18412,28.6685583,0.0,0.0,30.0,0.0,0.0,0.0,0.0
18413,28.7076143,0.0,0.0,30.0,0.0,0.0,0.0,0.0
18414,28.749869,0.0,0.0,30.0,0.0,0.0,0.0,0.0
18415,28.7957942,0.0,0.0,30.0,0.0,0.0,0.0,0.0
18416,28.8455041,0.0,0.0,30.0,0.0,0.0,0.0,0.0
18417,28.8982912,0.0,0.0,30.0,0.0,0.0,0.0,0.0
18418,28.9554447,0.0,0.0,30.0,0.0,0.0,0.0,0.0
18419,29.0222659,0.0,0.0,30.0,0.0,0.0,0.0,0.0
18420,29.0938795,0.0,0.0,30.0,0.0,0.0,0.0,0.0
18421,29.1467485,0.0,0.0,30.0,0.0,0.0,0.0,0.0
18422,29.2100087,0.0,0.0,30.0,0.0,0.0,0.0,0.0
18423,29.4000252,0.0,0.0,30.0,0.0,0.0,0.0,0.0
18424,29.5627618,0.0,0.0,30.0,0.0,0.0,0.0,0.0
18425,29.1382372,0.0,0.0,30.0,0.0,0.0,0.0,0.0
18426,29.0148366,0.0,0.0,30.0,0.0,0.0,0.0,0.0
18427,29.9065178,0.0,0.0,30.0,0.0,0.0,0.0,0.0
18428,30.0,0.0,0.0,30.0,0.0,0.0,0.0,0.0
18429,30.0,0.0,0.0,30.0,0.0,0.0,0.0,0.0
18430,23.8911033,0.0,0.0,30.0,0.0,0.0,0.0,0.0
18431,23.6889134,0.0,0.0,30.0,0.0,0.0,0.0,0.0
18432,0.0,0.0,0.0,0.0,0.0,0.0,0.0,0.0
18433,30.0,0.0,0.0,4.91746217,0.0,0.0,0.0,0.0
18434,30.0,0.0,0.0,7.02734753,0.0,0.0,0.0,0.0
18435,0.0,0.0,0.0,17.7123086,0.0,0.0,0.0,0.0
18436,0.0,0.0,0.0,23.2690326,0.0,0.0,0.0,0.0
18437,0.0,0.0,0.0,24.9543813,0.0,0.0,0.0,0.0
18438,0.0,0.0,0.0,25.6476614,0.0,0.0,0.0,0.0
18439,0.0,0.0,0.0,26.7895881,0.0,0.0,0.0,0.0
18440,0.0,0.0,0.0,27.8833453,0.0,0.0,0.0,0.0
18441,0.0,0.0,0.0,28.7946574,0.0,0.0,0.0,0.0
18442,0.0,0.0,0.0,29.5475471,0.0,0.0,0.0,0.0
18443,0.245962814,0.0,0.0,30.0,0.0,0.0,0.0,0.0
18444,1.82204195,0.0,0.0,30.0,0.0,0.0,0.0,0.0
18445,3.26785546,0.0,0.0,30.0,0.0,0.0,0.0,0.0
18446,4.42209102,0.0,0.0,30.0,0.0,0.0,0.0,0.0
18447,5.48665639,0.0,0.0,30.0,0.0,0.0,0.0,0.0
18448,6.43194524,0.0,0.0,30.0,0.0,0.0,0.0,0.0
18449,7.22820961,0.0,0.0,30.0,0.0,0.0,0.0,0.0
18450,7.90083332,0.0,0.0,30.0,0.0,0.0,0.0,0.0
18451,8.45522311,0.0,0.0,30.0,0.0,0.0,0.0,0.0
18452,8.82961504,0.0,0.0,30.0,0.0,0.0,0.0,0.0
18453,9.06139976,0.0,0.0,30.0,0.0,0.0,0.0,0.0
18454,9.46393162,0.0,0.0,30.0,0.0,0.0,0.0,0.0
18455,9.82589935,0.0,0.0,30.0,0.0,0.0,0.0,0.0
18456,8.62599752,0.0,0.0,30.0,0.0,0.0,0.0,0.0
18457,7.07988632,0.0,0.0,30.0,0.0,0.0,0.0,0.0
18458,12.6433407,0.0,0.0,30.0,0.0,0.0,0.0,0.0
18459,17.3894464,0.0,0.0,30.0,0.0,0.0,0.0,0.0
18460,20.6362496,0.0,0.0,30.0,0.0,0.0,0.0,0.0
18461,24.5489436,0.0,0.0,30.0,0.0,0.0,0.0,0.0
18462,26.6128704,0.0,0.0,30.0,0.0,0.0,0.0,0.0
18463,27.639306,0.0,0.0,30.0,0.0,0.0,0.0,0.0
18464,27.4421145,0.0,0.0,30.0,0.0,0.0,0.0,0.0
18465,28.4155962,0.0,0.0,30.0,0.0,0.0,0.0,0.0
18466,29.0979471,0.0,0.0,30.0,0.0,0.0,0.0,0.0
18467,30.0,0.0,0.0,30.0,0.0,0.0,0.0,0.0
18468,30.0,0.0,0.0,30.0,0.0,0.0,0.0,0.0
18469,30.0,0.0,0.0,30.0,0.0,0.0,0.0,0.0
18470,30.0,0.0,0.0,30.0,0.0,0.0,0.0,0.0
18471,30.0,0.0,0.0,30.0,0.0,0.0,0.0,0.0
18472,30.0,0.0,0.0,30.0,0.0,0.0,0.0,0.0
18473,30.0,0.0,0.0,30.0,0.0,0.0,0.0,0.0
18474,30.0,0.0,0.0,30.0,0.0,0.0,0.0,0.0
18475,30.0,0.0,0.0,30.0,0.0,0.0,0.0,0.0
18476,30.0,0.0,0.0,30.0,0.0,0.0,0.0,0.0
18477,30.0,0.0,0.0,30.0,0.0,0.0,0.0,0.0
18478,30.0,0.0,0.0,30.0,0.0,0.0,0.0,0.0
18479,30.0,0.0,0.0,30.0,0.0,0.0,0.0,0.0
18480,29.2993319,0.0,0.0,30.0,0.0,0.0,0.0,0.0
18481,29.2606855,0.0,0.0,30.0,0.0,0.0,0.0,0.0
18482,29.3141329,0.0,0.0,30.0,0.0,0.0,0.0,0.0
18483,29.0519569,0.0,0.0,30.0,0.0,0.0,0.0,0.0
18484,28.9685482,0.0,0.0,30.0,0.0,0.0,0.0,0.0
18485,28.9455798,0.0,0.0,30.0,0.0,0.0,0.0,0.0
18486,28.8913479,0.0,0.0,30.0,0.0,0.0,0.0,0.0
18487,28.8310276,0.0,0.0,30.0,0.0,0.0,0.0,0.0
18488,28.7821517,0.0,0.0,30.0,0.0,0.0,0.0,0.0
18489,28.7388925,0.0,0.0,30.0,0.0,0.0,0.0,0.0
18490,28.6974901,0.0,0.0,30.0,0.0,0.0,0.0,0.0
18491,28.6588745,0.0,0.0,30.0,0.0,0.0,0.0,0.0
18492,28.6234829,0.0,0.0,30.0,0.0,0.0,0.0,0.0
18493,28.5908413,0.0,0.0,30.0,0.0,0.0,0.0,0.0
18494,28.5606151,0.0,0.0,30.0,0.0,0.0,0.0,0.0
18495,28.5326702,0.0,0.0,30.0,0.0,0.0,0.0,0.0
18496,28.5068578,0.0,0.0,30.0,0.0,0.0,0.0,0.0
18497,28.4830057,0.0,0.0,30.0,0.0,0.0,0.0,0.0
18498,28.4609606,0.0,0.0,30.0,0.0,0.0,0.0,0.0
18499,28.4405876,0.0,0.0,30.0,0.0,0.0,0.0,0.0
18500,28.4217608,0.0,0.0,30.0,0.0,0.0,0.0,0.0
18501,28.4043624,0.0,0.0,30.0,0.0,0.0,0.0,0.0
18502,28.3882839,0.0,0.0,30.0,0.0,0.0,0.0,0.0
18503,28.3734253,0.0,0.0,30.0,0.0,0.0,0.0,0.0
18504,28.3596942,0.0,0.0,30.0,0.0,0.0,0.0,0.0
18505,28.3470048,0.0,0.0,30.0,0.0,0.0,0.0,0.0
18506,28.3352784,0.0,0.0,30.0,0.0,0.0,0.0,0.0
18507,28.3244418,0.0,0.0,30.0,0.0,0.0,0.0,0.0
18508,28.3144275,0.0,0.0,30.0,0.0,0.0,0.0,0.0
18509,28.3051733,0.0,0.0,30.0,0.0,0.0,0.0,0.0
18510,28.2966214,0.0,0.0,30.0,0.0,0.0,0.0,0.0
18511,28.2887186,0.0,0.0,30.0,0.0,0.0,0.0,0.0
18512,28.2814158,0.0,0.0,30.0,0.0,0.0,0.0,0.0
18513,28.2746673,0.0,0.0,30.0,0.0,0.0,0.0,0.0
18514,28.2684313,0.0,0.0,30.0,0.0,0.0,0.0,0.0
18515,28.2626689,0.0,0.0,30.0,0.0,0.0,0.0,0.0
18516,28.2573442,0.0,0.0,30.0,0.0,0.0,0.0,0.0
18517,28.252424,0.0,0.0,30.0,0.0,0.0,0.0,0.0
18518,28.2478777,0.0,0.0,30.0,0.0,0.0,0.0,0.0
18519,28.243677,0.0,0.0,30.0,0.0,0.0,0.0,0.0
18520,28.2397957,0.0,0.0,30.0,0.0,0.0,0.0,0.0
18521,28.2362097,0.0,0.0,30.0,0.0,0.0,0.0,0.0
18522,28.2328967,0.0,0.0,30.0,0.0,0.0,0.0,0.0
18523,28.2298359,0.0,0.0,30.0,0.0,0.0,0.0,0.0
18524,28.2270084,0.0,0.0,30.0,0.0,0.0,0.0,0.0
18525,28.2243965,0.0,0.0,30.0,0.0,0.0,0.0,0.0
18526,28.221984,0.0,0.0,30.0,0.0,0.0,0.0,0.0
18527,28.2197558,0.0,0.0,30.0,0.0,0.0,0.0,0.0
18528,28.2176981,0.0,0.0,30.0,0.0,0.0,0.0,0.0
18529,28.215798,0.0,0.0,30.0,0.0,0.0,0.0,0.0
18530,28.2140438,0.0,0.0,30.0,0.0,0.0,0.0,0.0
18531,28.2124245,0.0,0.0,30.0,0.0,0.0,0.0,0.0
18532,28.21093,0.0,0.0,30.0,0.0,0.0,0.0,0.0
18533,28.209551,0.0,0.0,30.0,0.0,0.0,0.0,0.0
18534,28.208279,0.0,0.0,30.0,0.0,0.0,0.0,0.0
18535,28.2071059,0.0,0.0,30.0,0.0,0.0,0.0,0.0
18536,28.2060246,0.0,0.0,30.0,0.0,0.0,0.0,0.0
18537,28.2050282,0.0,0.0,30.0,0.0,0.0,0.0,0.0
18538,28.2041106,0.0,0.0,30.0,0.0,0.0,0.0,0.0
18539,28.203266,0.0,0.0,30.0,0.0,0.0,0.0,0.0
18540,28.2024892,0.0,0.0,30.0,0.0,0.0,0.0,0.0
18541,28.2017753,0.0,0.0,30.0,0.0,0.0,0.0,0.0
18542,28.20112,0.0,0.0,30.0,0.0,0.0,0.0,0.0
18543,28.200519,0.0,0.0,30.0,0.0,0.0,0.0,0.0
18544,28.1999688,0.0,0.0,30.0,0.0,0.0,0.0,0.0
18545,28.1994658,0.0,0.0,30.0,0.0,0.0,0.0,0.0
18546,28.1990069,0.0,0.0,30.0,0.0,0.0,0.0,0.0
18547,28.1985893,0.0,0.0,30.0,0.0,0.0,0.0,0.0
18548,28.1982104,0.0,0.0,30.0,0.0,0.0,0.0,0.0
18549,28.1978677,0.0,0.0,30.0,0.0,0.0,0.0,0.0
18550,28.1975592,0.0,0.0,30.0,0.0,0.0,0.0,0.0
18551,28.197283,0.0,0.0,30.0,0.0,0.0,0.0,0.0
18552,28.1970373,0.0,0.0,30.0,0.0,0.0,0.0,0.0
18553,28.1968206,0.0,0.0,30.0,0.0,0.0,0.0,0.0
18554,28.1966315,0.0,0.0,30.0,0.0,0.0,0.0,0.0
18555,28.1964689,0.0,0.0,30.0,0.0,0.0,0.0,0.0
18556,28.1963318,0.0,0.0,30.0,0.0,0.0,0.0,0.0
18557,28.1962193,0.0,0.0,30.0,0.0,0.0,0.0,0.0
18558,28.1961306,0.0,0.0,30.0,0.0,0.0,0.0,0.0
18559,28.1960653,0.0,0.0,30.0,0.0,0.0,0.0,0.0
18560,28.196023,0.0,0.0,30.0,0.0,0.0,0.0,0.0
18561,28.1960033,0.0,0.0,30.0,0.0,0.0,0.0,0.0
18562,28.1960062,0.0,0.0,30.0,0.0,0.0,0.0,0.0
18563,28.1960317,0.0,0.0,30.0,0.0,0.0,0.0,0.0
18564,28.1960799,0.0,0.0,30.0,0.0,0.0,0.0,0.0
18565,28.1961512,0.0,0.0,30.0,0.0,0.0,0.0,0.0
18566,28.1962459,0.0,0.0,30.0,0.0,0.0,0.0,0.0
18567,28.1963647,0.0,0.0,30.0,0.0,0.0,0.0,0.0
18568,28.1965083,0.0,0.0,30.0,0.0,0.0,0.0,0.0
18569,28.1966776,0.0,0.0,30.0,0.0,0.0,0.0,0.0
18570,28.1968737,0.0,0.0,30.0,0.0,0.0,0.0,0.0
18571,28.1970977,0.0,0.0,30.0,0.0,0.0,0.0,0.0
18572,28.1973511,0.0,0.0,30.0,0.0,0.0,0.0,0.0
18573,28.1976355,0.0,0.0,30.0,0.0,0.0,0.0,0.0
18574,28.1979526,0.0,0.0,30.0,0.0,0.0,0.0,0.0
18575,28.1983044,0.0,0.0,30.0,0.0,0.0,0.0,0.0
18576,28.1986931,0.0,0.0,30.0,0.0,0.0,0.0,0.0
18577,28.199121,0.0,0.0,30.0,0.0,0.0,0.0,0.0
18578,28.199591,0.0,0.0,30.0,0.0,0.0,0.0,0.0
18579,28.2001059,0.0,0.0,30.0,0.0,0.0,0.0,0.0
18580,28.2006688,0.0,0.0,30.0,0.0,0.0,0.0,0.0
18581,28.2012834,0.0,0.0,30.0,0.0,0.0,0.0,0.0
18582,28.2019535,0.0,0.0,30.0,0.0,0.0,0.0,0.0
18583,28.2026831,0.0,0.0,30.0,0.0,0.0,0.0,0.0
18584,28.2034769,0.0,0.0,30.0,0.0,0.0,0.0,0.0
18585,28.2043398,0.0,0.0,30.0,0.0,0.0,0.0,0.0
18586,28.2052772,0.0,0.0,30.0,0.0,0.0,0.0,0.0
18587,28.2062949,0.0,0.0,30.0,0.0,0.0,0.0,0.0
18588,28.2073993,0.0,0.0,30.0,0.0,0.0,0.0,0.0
18589,28.2085971,0.0,0.0,30.0,0.0,0.0,0.0,0.0
18590,28.209896,0.0,0.0,30.0,0.0,0.0,0.0,0.0
18591,28.211304,0.0,0.0,30.0,0.0,0.0,0.0,0.0
18592,28.2128298,0.0,0.0,30.0,0.0,0.0,0.0,0.0
18593,28.2144829,0.0,0.0,30.0,0.0,0.0,0.0,0.0
18594,28.2162737,0.0,0.0,30.0,0.0,0.0,0.0,0.0
18595,28.2182133,0.0,0.0,30.0,0.0,0.0,0.0,0.0
18596,28.2203137,0.0,0.0,30.0,0.0,0.0,0.0,0.0
18597,28.2225882,0.0,0.0,30.0,0.0,0.0,0.0,0.0
18598,28.2250507,0.0,0.0,30.0,0.0,0.0,0.0,0.0
18599,28.2277167,0.0,0.0,30.0,0.0,0.0,0.0,0.0
18600,28.2306027,0.0,0.0,30.0,0.0,0.0,0.0,0.0
18601,28.2337268,0.0,0.0,30.0,0.0,0.0,0.0,0.0
18602,28.2371084,0.0,0.0,30.0,0.0,0.0,0.0,0.0
18603,28.2407685,0.0,0.0,30.0,0.0,0.0,0.0,0.0
18604,28.2447299,0.0,0.0,30.0,0.0,0.0,0.0,0.0
18605,28.2490174,0.0,0.0,30.0,0.0,0.0,0.0,0.0
18606,28.2536575,0.0,0.0,30.0,0.0,0.0,0.0,0.0
18607,28.2586792,0.0,0.0,30.0,0.0,0.0,0.0,0.0
18608,28.2641139,0.0,0.0,30.0,0.0,0.0,0.0,0.0
18609,28.2699952,0.0,0.0,30.0,0.0,0.0,0.0,0.0
18610,28.2763599,0.0,0.0,30.0,0.0,0.0,0.0,0.0
18611,28.2832475,0.0,0.0,30.0,0.0,0.0,0.0,0.0
18612,28.2907011,0.0,0.0,30.0,0.0,0.0,0.0,0.0
18613,28.2987669,0.0,0.0,30.0,0.0,0.0,0.0,0.0
18614,28.3074952,0.0,0.0,30.0,0.0,0.0,0.0,0.0
18615,28.3169403,0.0,0.0,30.0,0.0,0.0,0.0,0.0
18616,28.3271612,0.0,0.0,30.0,0.0,0.0,0.0,0.0
18617,28.3382214,0.0,0.0,30.0,0.0,0.0,0.0,0.0
18618,28.3501897,0.0,0.0,30.0,0.0,0.0,0.0,0.0
18619,28.3631409,0.0,0.0,30.0,0.0,0.0,0.0,0.0
18620,28.3771553,0.0,0.0,30.0,0.0,0.0,0.0,0.0
18621,28.3923205,0.0,0.0,30.0,0.0,0.0,0.0,0.0
18622,28.4087307,0.0,0.0,30.0,0.0,0.0,0.0,0.0
18623,28.4264882,0.0,0.0,30.0,0.0,0.0,0.0,0.0
18624,28.4457036,0.0,0.0,30.0,0.0,0.0,0.0,0.0
18625,28.4664965,0.0,0.0,30.0,0.0,0.0,0.0,0.0
18626,28.4889962,0.0,0.0,30.0,0.0,0.0,0.0,0.0
18627,28.5133435,0.0,0.0,30.0,0.0,0.0,0.0,0.0
18628,28.5396896,0.0,0.0,30.0,0.0,0.0,0.0,0.0
18629,28.5681969,0.0,0.0,30.0,0.0,0.0,0.0,0.0
18630,28.5990437,0.0,0.0,30.0,0.0,0.0,0.0,0.0
18631,28.6324309,0.0,0.0,30.0,0.0,0.0,0.0,0.0
18632,28.6685613,0.0,0.0,30.0,0.0,0.0,0.0,0.0
18633,28.707617,0.0,0.0,30.0,0.0,0.0,0.0,0.0
18634,28.7498715,0.0,0.0,30.0,0.0,0.0,0.0,0.0
18635,28.7957965,0.0,0.0,30.0,0.0,0.0,0.0,0.0
18636,28.8455062,0.0,0.0,30.0,0.0,0.0,0.0,0.0
18637,28.8982932,0.0,0.0,30.0,0.0,0.0,0.0,0.0
18638,28.9554465,0.0,0.0,30.0,0.0,0.0,0.0,0.0
18639,29.0222675,0.0,0.0,30.0,0.0,0.0,0.0,0.0
18640,29.093881,0.0,0.0,30.0,0.0,0.0,0.0,0.0
18641,29.1467499,0.0,0.0,30.0,0.0,0.0,0.0,0.0
18642,29.21001,0.0,0.0,30.0,0.0,0.0,0.0,0.0
18643,29.4000264,0.0,0.0,30.0,0.0,0.0,0.0,0.0
18644,29.5627629,0.0,0.0,30.0,0.0,0.0,0.0,0.0
18645,29.138238,0.0,0.0,30.0,0.0,0.0,0.0,0.0
18646,29.0148375,0.0,0.0,30.0,0.0,0.0,0.0,0.0
18647,29.9065188,0.0,0.0,30.0,0.0,0.0,0.0,0.0
18648,30.0,0.0,0.0,30.0,0.0,0.0,0.0,0.0
18649,30.0,0.0,0.0,30.0,0.0,0.0,0.0,0.0
18650,23.8911061,0.0,0.0,30.0,0.0,0.0,0.0,0.0
18651,23.6889154,0.0,0.0,30.0,0.0,0.0,0.0,0.0
18652,0.0,0.0,0.0,0.0,0.0,0.0,0.0,0.0
18653,30.0,0.0,0.0,4.21859505,0.0,0.0,0.0,0.0
18654,30.0,0.0,0.0,6.18726477,0.0,0.0,0.0,0.0
18655,0.0,0.0,0.0,16.7900556,0.0,0.0,0.0,0.0
18656,0.0,0.0,0.0,21.9789414,0.0,0.0,0.0,0.0
18657,0.0,0.0,0.0,23.4345668,0.0,0.0,0.0,0.0
18658,0.0,0.0,0.0,23.9140565,0.0,0.0,0.0,0.0
18659,0.0,0.0,0.0,24.8020415,0.0,0.0,0.0,0.0
18660,0.0,0.0,0.0,25.6386006,0.0,0.0,0.0,0.0
18661,0.0,0.0,0.0,26.2319011,0.0,0.0,0.0,0.0
18662,0.0,0.0,0.0,26.6672088,0.0,0.0,0.0,0.0
18663,0.0,0.0,0.0,26.9789123,0.0,0.0,0.0,0.0
18664,0.0,0.0,0.0,27.1577817,0.0,0.0,0.0,0.0
18665,0.0,0.0,0.0,27.2016445,0.0,0.0,0.0,0.0
18666,0.0,0.0,0.0,27.11303,0.0,0.0,0.0,0.0
18667,0.0,0.0,0.0,26.8919937,0.0,0.0,0.0,0.0
18668,0.0,0.0,0.0,26.5361614,0.0,0.0,0.0,0.0
18669,0.0,0.0,0.0,26.0379339,0.0,0.0,0.0,0.0
18670,0.0,0.0,0.0,25.3883823,0.0,0.0,0.0,0.0
18671,0.0,0.0,0.0,24.6018378,0.0,0.0,0.0,0.0
18672,0.0,0.0,0.0,23.6854333,0.0,0.0,0.0,0.0
18673,0.0,0.0,0.0,22.4841006,0.0,0.0,0.0,0.0
18674,0.0,0.0,0.0,20.9023724,0.0,0.0,0.0,0.0
18675,0.0,0.0,0.0,19.8649141,0.0,0.0,0.0,0.0
18676,0.0,0.0,0.0,19.7244474,0.0,0.0,0.0,0.0
18677,0.0,0.0,0.0,14.3398563,0.0,0.0,0.0,0.0
18678,0.0,0.0,0.0,2.43748084,0.0,0.0,0.0,0.0
18679,0.0,0.0,0.0,3.65831342,0.0,0.0,0.0,0.0
18680,30.0,0.0,0.0,30.0,0.0,0.0,0.0,0.0
18681,30.0,0.0,0.0,30.0,0.0,0.0,0.0,0.0
18682,30.0,0.0,0.0,30.0,0.0,0.0,0.0,0.0
18683,30.0,0.0,0.0,30.0,0.0,0.0,0.0,0.0
18684,30.0,0.0,0.0,30.0,0.0,0.0,0.0,0.0
18685,30.0,0.0,0.0,30.0,0.0,0.0,0.0,0.0
18686,30.0,0.0,0.0,30.0,0.0,0.0,0.0,0.0
18687,17.4433495,0.0,0.0,30.0,0.0,0.0,0.0,0.0
18688,14.0733843,0.0,0.0,30.0,0.0,0.0,0.0,0.0
18689,19.6867302,0.0,0.0,30.0,0.0,0.0,0.0,0.0
18690,22.6703844,0.0,0.0,30.0,0.0,0.0,0.0,0.0
18691,20.6659028,0.0,0.0,30.0,0.0,0.0,0.0,0.0
18692,20.2527425,0.0,0.0,30.0,0.0,0.0,0.0,0.0
18693,22.9412901,0.0,0.0,30.0,0.0,0.0,0.0,0.0
18694,27.0508486,0.0,0.0,30.0,0.0,0.0,0.0,0.0
18695,30.0,0.0,0.0,30.0,0.0,0.0,0.0,0.0
18696,30.0,0.0,0.0,30.0,0.0,0.0,0.0,0.0
18697,30.0,0.0,0.0,30.0,0.0,0.0,0.0,0.0
18698,30.0,0.0,0.0,30.0,0.0,0.0,0.0,0.0
18699,30.0,0.0,0.0,30.0,0.0,0.0,0.0,0.0
18700,28.3494156,0.0,0.0,30.0,0.0,0.0,0.0,0.0
18701,28.1294247,0.0,0.0,30.0,0.0,0.0,0.0,0.0
18702,28.3890127,0.0,0.0,30.0,0.0,0.0,0.0,0.0
18703,28.0294322,0.0,0.0,30.0,0.0,0.0,0.0,0.0
18704,28.0096179,0.0,0.0,30.0,0.0,0.0,0.0,0.0
18705,28.0932507,0.0,0.0,30.0,0.0,0.0,0.0,0.0
18706,28.1057736,0.0,0.0,30.0,0.0,0.0,0.0,0.0
18707,28.0981793,0.0,0.0,30.0,0.0,0.0,0.0,0.0
18708,28.1046207,0.0,0.0,30.0,0.0,0.0,0.0,0.0
18709,28.1141478,0.0,0.0,30.0,0.0,0.0,0.0,0.0
18710,28.1201638,0.0,0.0,30.0,0.0,0.0,0.0,0.0
18711,28.1250631,0.0,0.0,30.0,0.0,0.0,0.0,0.0
18712,28.1301667,0.0,0.0,30.0,0.0,0.0,0.0,0.0
18713,28.1350041,0.0,0.0,30.0,0.0,0.0,0.0,0.0
18714,28.139356,0.0,0.0,30.0,0.0,0.0,0.0,0.0
18715,28.143356,0.0,0.0,30.0,0.0,0.0,0.0,0.0
18716,28.1470771,0.0,0.0,30.0,0.0,0.0,0.0,0.0
18717,28.15052,0.0,0.0,30.0,0.0,0.0,0.0,0.0
18718,28.1536968,0.0,0.0,30.0,0.0,0.0,0.0,0.0
18719,28.1566321,0.0,0.0,30.0,0.0,0.0,0.0,0.0
18720,28.1593459,0.0,0.0,30.0,0.0,0.0,0.0,0.0
18721,28.1618541,0.0,0.0,30.0,0.0,0.0,0.0,0.0
18722,28.1641721,0.0,0.0,30.0,0.0,0.0,0.0,0.0
18723,28.1663144,0.0,0.0,30.0,0.0,0.0,0.0,0.0
18724,28.1682945,0.0,0.0,30.0,0.0,0.0,0.0,0.0
18725,28.1701246,0.0,0.0,30.0,0.0,0.0,0.0,0.0
18726,28.1718161,0.0,0.0,30.0,0.0,0.0,0.0,0.0
18727,28.1733796,0.0,0.0,30.0,0.0,0.0,0.0,0.0
18728,28.1748248,0.0,0.0,30.0,0.0,0.0,0.0,0.0
18729,28.1761606,0.0,0.0,30.0,0.0,0.0,0.0,0.0
18730,28.1773955,0.0,0.0,30.0,0.0,0.0,0.0,0.0
18731,28.1785372,0.0,0.0,30.0,0.0,0.0,0.0,0.0
18732,28.1795926,0.0,0.0,30.0,0.0,0.0,0.0,0.0
18733,28.1805684,0.0,0.0,30.0,0.0,0.0,0.0,0.0
18734,28.1814706,0.0,0.0,30.0,0.0,0.0,0.0,0.0
18735,28.182305,0.0,0.0,30.0,0.0,0.0,0.0,0.0
18736,28.1830766,0.0,0.0,30.0,0.0,0.0,0.0,0.0
18737,28.1837903,0.0,0.0,30.0,0.0,0.0,0.0,0.0
18738,28.1844505,0.0,0.0,30.0,0.0,0.0,0.0,0.0
18739,28.1850613,0.0,0.0,30.0,0.0,0.0,0.0,0.0
18740,28.1856266,0.0,0.0,30.0,0.0,0.0,0.0,0.0
18741,28.1861498,0.0,0.0,30.0,0.0,0.0,0.0,0.0
18742,28.1866343,0.0,0.0,30.0,0.0,0.0,0.0,0.0
18743,28.1870829,0.0,0.0,30.0,0.0,0.0,0.0,0.0
18744,28.1874986,0.0,0.0,30.0,0.0,0.0,0.0,0.0
18745,28.1878839,0.0,0.0,30.0,0.0,0.0,0.0,0.0
18746,28.1882412,0.0,0.0,30.0,0.0,0.0,0.0,0.0
18747,28.1885728,0.0,0.0,30.0,0.0,0.0,0.0,0.0
18748,28.1888806,0.0,0.0,30.0,0.0,0.0,0.0,0.0
18749,28.1891666,0.0,0.0,30.0,0.0,0.0,0.0,0.0
18750,28.1894327,0.0,0.0,30.0,0.0,0.0,0.0,0.0
18751,28.1896803,0.0,0.0,30.0,0.0,0.0,0.0,0.0
18752,28.1899112,0.0,0.0,30.0,0.0,0.0,0.0,0.0
18753,28.1901267,0.0,0.0,30.0,0.0,0.0,0.0,0.0
18754,28.1903282,0.0,0.0,30.0,0.0,0.0,0.0,0.0
18755,28.1905169,0.0,0.0,30.0,0.0,0.0,0.0,0.0
18756,28.190694,0.0,0.0,30.0,0.0,0.0,0.0,0.0
18757,28.1908605,0.0,0.0,30.0,0.0,0.0,0.0,0.0
18758,28.1910177,0.0,0.0,30.0,0.0,0.0,0.0,0.0
18759,28.1911663,0.0,0.0,30.0,0.0,0.0,0.0,0.0
18760,28.1913074,0.0,0.0,30.0,0.0,0.0,0.0,0.0
18761,28.1914418,0.0,0.0,30.0,0.0,0.0,0.0,0.0
18762,28.1915703,0.0,0.0,30.0,0.0,0.0,0.0,0.0
18763,28.1916938,0.0,0.0,30.0,0.0,0.0,0.0,0.0
18764,28.1918131,0.0,0.0,30.0,0.0,0.0,0.0,0.0
18765,28.1919288,0.0,0.0,30.0,0.0,0.0,0.0,0.0
18766,28.1920417,0.0,0.0,30.0,0.0,0.0,0.0,0.0
18767,28.1921524,0.0,0.0,30.0,0.0,0.0,0.0,0.0
18768,28.1922618,0.0,0.0,30.0,0.0,0.0,0.0,0.0
18769,28.1923704,0.0,0.0,30.0,0.0,0.0,0.0,0.0
18770,28.192479,0.0,0.0,30.0,0.0,0.0,0.0,0.0
18771,28.1925881,0.0,0.0,30.0,0.0,0.0,0.0,0.0
18772,28.1926986,0.0,0.0,30.0,0.0,0.0,0.0,0.0
18773,28.192811,0.0,0.0,30.0,0.0,0.0,0.0,0.0
18774,28.1929261,0.0,0.0,30.0,0.0,0.0,0.0,0.0
18775,28.1930446,0.0,0.0,30.0,0.0,0.0,0.0,0.0
18776,28.1931673,0.0,0.0,30.0,0.0,0.0,0.0,0.0
18777,28.1932948,0.0,0.0,30.0,0.0,0.0,0.0,0.0
18778,28.193428,0.0,0.0,30.0,0.0,0.0,0.0,0.0
18779,28.1935678,0.0,0.0,30.0,0.0,0.0,0.0,0.0
18780,28.1937149,0.0,0.0,30.0,0.0,0.0,0.0,0.0
18781,28.1938703,0.0,0.0,30.0,0.0,0.0,0.0,0.0
18782,28.1940351,0.0,0.0,30.0,0.0,0.0,0.0,0.0
18783,28.1942101,0.0,0.0,30.0,0.0,0.0,0.0,0.0
18784,28.1943965,0.0,0.0,30.0,0.0,0.0,0.0,0.0
18785,28.1945955,0.0,0.0,30.0,0.0,0.0,0.0,0.0
18786,28.1948082,0.0,0.0,30.0,0.0,0.0,0.0,0.0
18787,28.1950361,0.0,0.0,30.0,0.0,0.0,0.0,0.0
18788,28.1952805,0.0,0.0,30.0,0.0,0.0,0.0,0.0
18789,28.1955429,0.0,0.0,30.0,0.0,0.0,0.0,0.0
18790,28.1958251,0.0,0.0,30.0,0.0,0.0,0.0,0.0
18791,28.1961287,0.0,0.0,30.0,0.0,0.0,0.0,0.0
18792,28.1964556,0.0,0.0,30.0,0.0,0.0,0.0,0.0
18793,28.1968079,0.0,0.0,30.0,0.0,0.0,0.0,0.0
18794,28.1971878,0.0,0.0,30.0,0.0,0.0,0.0,0.0
18795,28.1975976,0.0,0.0,30.0,0.0,0.0,0.0,0.0
18796,28.1980399,0.0,0.0,30.0,0.0,0.0,0.0,0.0
18797,28.1985175,0.0,0.0,30.0,0.0,0.0,0.0,0.0
18798,28.1990332,0.0,0.0,30.0,0.0,0.0,0.0,0.0
18799,28.1995904,0.0,0.0,30.0,0.0,0.0,0.0,0.0
18800,28.2001925,0.0,0.0,30.0,0.0,0.0,0.0,0.0
18801,28.2008432,0.0,0.0,30.0,0.0,0.0,0.0,0.0
18802,28.2015466,0.0,0.0,30.0,0.0,0.0,0.0,0.0
18803,28.2023072,0.0,0.0,30.0,0.0,0.0,0.0,0.0
18804,28.2031295,0.0,0.0,30.0,0.0,0.0,0.0,0.0
18805,28.2040188,0.0,0.0,30.0,0.0,0.0,0.0,0.0
18806,28.2049805,0.0,0.0,30.0,0.0,0.0,0.0,0.0
18807,28.2060207,0.0,0.0,30.0,0.0,0.0,0.0,0.0
18808,28.2071459,0.0,0.0,30.0,0.0,0.0,0.0,0.0
18809,28.208363,0.0,0.0,30.0,0.0,0.0,0.0,0.0
18810,28.2096796,0.0,0.0,30.0,0.0,0.0,0.0,0.0
18811,28.211104,0.0,0.0,30.0,0.0,0.0,0.0,0.0
18812,28.212645,0.0,0.0,30.0,0.0,0.0,0.0,0.0
18813,28.2143121,0.0,0.0,30.0,0.0,0.0,0.0,0.0
18814,28.2161159,0.0,0.0,30.0,0.0,0.0,0.0,0.0
18815,28.2180675,0.0,0.0,30.0,0.0,0.0,0.0,0.0
18816,28.220179,0.0,0.0,30.0,0.0,0.0,0.0,0.0
18817,28.2224636,0.0,0.0,30.0,0.0,0.0,0.0,0.0
18818,28.2249356,0.0,0.0,30.0,0.0,0.0,0.0,0.0
18819,28.2276103,0.0,0.0,30.0,0.0,0.0,0.0,0.0
18820,28.2305045,0.0,0.0,30.0,0.0,0.0,0.0,0.0
18821,28.233636,0.0,0.0,30.0,0.0,0.0,0.0,0.0
18822,28.2370244,0.0,0.0,30.0,0.0,0.0,0.0,0.0
18823,28.2406909,0.0,0.0,30.0,0.0,0.0,0.0,0.0
18824,28.2446583,0.0,0.0,30.0,0.0,0.0,0.0,0.0
18825,28.2489511,0.0,0.0,30.0,0.0,0.0,0.0,0.0
18826,28.2535963,0.0,0.0,30.0,0.0,0.0,0.0,0.0
18827,28.2586227,0.0,0.0,30.0,0.0,0.0,0.0,0.0
18828,28.2640616,0.0,0.0,30.0,0.0,0.0,0.0,0.0
18829,28.2699469,0.0,0.0,30.0,0.0,0.0,0.0,0.0
18830,28.2763153,0.0,0.0,30.0,0.0,0.0,0.0,0.0
18831,28.2832063,0.0,0.0,30.0,0.0,0.0,0.0,0.0
18832,28.290663,0.0,0.0,30.0,0.0,0.0,0.0,0.0
18833,28.2987317,0.0,0.0,30.0,0.0,0.0,0.0,0.0
18834,28.3074627,0.0,0.0,30.0,0.0,0.0,0.0,0.0
18835,28.3169103,0.0,0.0,30.0,0.0,0.0,0.0,0.0
18836,28.3271334,0.0,0.0,30.0,0.0,0.0,0.0,0.0
18837,28.3381957,0.0,0.0,30.0,0.0,0.0,0.0,0.0
18838,28.3501661,0.0,0.0,30.0,0.0,0.0,0.0,0.0
18839,28.363119,0.0,0.0,30.0,0.0,0.0,0.0,0.0
18840,28.3771351,0.0,0.0,30.0,0.0,0.0,0.0,0.0
18841,28.3923018,0.0,0.0,30.0,0.0,0.0,0.0,0.0
18842,28.4087135,0.0,0.0,30.0,0.0,0.0,0.0,0.0
18843,28.4264723,0.0,0.0,30.0,0.0,0.0,0.0,0.0
18844,28.4456889,0.0,0.0,30.0,0.0,0.0,0.0,0.0
18845,28.4664829,0.0,0.0,30.0,0.0,0.0,0.0,0.0
18846,28.4889837,0.0,0.0,30.0,0.0,0.0,0.0,0.0
18847,28.5133319,0.0,0.0,30.0,0.0,0.0,0.0,0.0
18848,28.5396789,0.0,0.0,30.0,0.0,0.0,0.0,0.0
18849,28.568187,0.0,0.0,30.0,0.0,0.0,0.0,0.0
18850,28.5990346,0.0,0.0,30.0,0.0,0.0,0.0,0.0
18851,28.6324226,0.0,0.0,30.0,0.0,0.0,0.0,0.0
18852,28.6685535,0.0,0.0,30.0,0.0,0.0,0.0,0.0
18853,28.7076099,0.0,0.0,30.0,0.0,0.0,0.0,0.0
18854,28.749865,0.0,0.0,30.0,0.0,0.0,0.0,0.0
18855,28.7957905,0.0,0.0,30.0,0.0,0.0,0.0,0.0
18856,28.8455007,0.0,0.0,30.0,0.0,0.0,0.0,0.0
18857,28.8982881,0.0,0.0,30.0,0.0,0.0,0.0,0.0
18858,28.9554418,0.0,0.0,30.0,0.0,0.0,0.0,0.0
18859,29.0222632,0.0,0.0,30.0,0.0,0.0,0.0,0.0
18860,29.0938771,0.0,0.0,30.0,0.0,0.0,0.0,0.0
18861,29.1467463,0.0,0.0,30.0,0.0,0.0,0.0,0.0
18862,29.2100067,0.0,0.0,30.0,0.0,0.0,0.0,0.0
18863,29.4000234,0.0,0.0,30.0,0.0,0.0,0.0,0.0
18864,29.5627602,0.0,0.0,30.0,0.0,0.0,0.0,0.0
18865,29.1382358,0.0,0.0,30.0,0.0,0.0,0.0,0.0
18866,29.0148351,0.0,0.0,30.0,0.0,0.0,0.0,0.0
18867,29.9065164,0.0,0.0,30.0,0.0,0.0,0.0,0.0
18868,30.0,0.0,0.0,30.0,0.0,0.0,0.0,0.0
18869,30.0,0.0,0.0,30.0,0.0,0.0,0.0,0.0
18870,23.8910987,0.0,0.0,30.0,0.0,0.0,0.0,0.0
18871,23.6889103,0.0,0.0,30.0,0.0,0.0,0.0,0.0
18872,0.0,0.0,0.0,0.0,0.0,0.0,0.0,0.0
18873,30.0,0.0,0.0,4.91746217,0.0,0.0,0.0,0.0
18874,30.0,0.0,0.0,7.02734753,0.0,0.0,0.0,0.0
18875,0.0,0.0,0.0,17.7123086,0.0,0.0,0.0,0.0
18876,0.0,0.0,0.0,23.2690326,0.0,0.0,0.0,0.0
18877,0.0,0.0,0.0,24.9543813,0.0,0.0,0.0,0.0
18878,0.0,0.0,0.0,25.6476614,0.0,0.0,0.0,0.0
18879,0.0,0.0,0.0,26.7895881,0.0,0.0,0.0,0.0
18880,0.0,0.0,0.0,27.8833453,0.0,0.0,0.0,0.0
18881,0.0,0.0,0.0,28.7946574,0.0,0.0,0.0,0.0
18882,0.0,0.0,0.0,29.5475471,0.0,0.0,0.0,0.0
18883,0.245962814,0.0,0.0,30.0,0.0,0.0,0.0,0.0
18884,1.82204195,0.0,0.0,30.0,0.0,0.0,0.0,0.0
18885,3.26785546,0.0,0.0,30.0,0.0,0.0,0.0,0.0
18886,4.42209102,0.0,0.0,30.0,0.0,0.0,0.0,0.0
18887,5.48665639,0.0,0.0,30.0,0.0,0.0,0.0,0.0
18888,6.43194524,0.0,0.0,30.0,0.0,0.0,0.0,0.0
18889,7.22820961,0.0,0.0,30.0,0.0,0.0,0.0,0.0
18890,7.90083332,0.0,0.0,30.0,0.0,0.0,0.0,0.0
18891,8.45522311,0.0,0.0,30.0,0.0,0.0,0.0,0.0
18892,8.82961504,0.0,0.0,30.0,0.0,0.0,0.0,0.0
18893,9.06139976,0.0,0.0,30.0,0.0,0.0,0.0,0.0
18894,9.46393162,0.0,0.0,30.0,0.0,0.0,0.0,0.0
18895,9.82589935,0.0,0.0,30.0,0.0,0.0,0.0,0.0
18896,8.62599752,0.0,0.0,30.0,0.0,0.0,0.0,0.0
18897,7.07988632,0.0,0.0,30.0,0.0,0.0,0.0,0.0
18898,12.6433407,0.0,0.0,30.0,0.0,0.0,0.0,0.0
18899,17.3894464,0.0,0.0,30.0,0.0,0.0,0.0,0.0
18900,20.6362496,0.0,0.0,30.0,0.0,0.0,0.0,0.0
18901,24.5489436,0.0,0.0,30.0,0.0,0.0,0.0,0.0
18902,26.6128704,0.0,0.0,30.0,0.0,0.0,0.0,0.0
18903,27.639306,0.0,0.0,30.0,0.0,0.0,0.0,0.0
18904,27.4421145,0.0,0.0,30.0,0.0,0.0,0.0,0.0
18905,28.4155962,0.0,0.0,30.0,0.0,0.0,0.0,0.0
18906,29.0979471,0.0,0.0,30.0,0.0,0.0,0.0,0.0
18907,30.0,0.0,0.0,30.0,0.0,0.0,0.0,0.0
18908,30.0,0.0,0.0,30.0,0.0,0.0,0.0,0.0
18909,30.0,0.0,0.0,30.0,0.0,0.0,0.0,0.0
18910,30.0,0.0,0.0,30.0,0.0,0.0,0.0,0.0
18911,30.0,0.0,0.0,30.0,0.0,0.0,0.0,0.0
18912,30.0,0.0,0.0,30.0,0.0,0.0,0.0,0.0
18913,30.0,0.0,0.0,30.0,0.0,0.0,0.0,0.0
18914,30.0,0.0,0.0,30.0,0.0,0.0,0.0,0.0
18915,30.0,0.0,0.0,30.0,0.0,0.0,0.0,0.0
18916,30.0,0.0,0.0,30.0,0.0,0.0,0.0,0.0
18917,30.0,0.0,0.0,30.0,0.0,0.0,0.0,0.0
18918,30.0,0.0,0.0,30.0,0.0,0.0,0.0,0.0
18919,30.0,0.0,0.0,30.0,0.0,0.0,0.0,0.0
18920,29.2993319,0.0,0.0,30.0,0.0,0.0,0.0,0.0
18921,29.2606855,0.0,0.0,30.0,0.0,0.0,0.0,0.0
18922,29.3141329,0.0,0.0,30.0,0.0,0.0,0.0,0.0
18923,29.0519569,0.0,0.0,30.0,0.0,0.0,0.0,0.0
18924,28.9685482,0.0,0.0,30.0,0.0,0.0,0.0,0.0
18925,28.9455798,0.0,0.0,30.0,0.0,0.0,0.0,0.0
18926,28.8913479,0.0,0.0,30.0,0.0,0.0,0.0,0.0
18927,28.8310276,0.0,0.0,30.0,0.0,0.0,0.0,0.0
18928,28.7821517,0.0,0.0,30.0,0.0,0.0,0.0,0.0
18929,28.7388925,0.0,0.0,30.0,0.0,0.0,0.0,0.0
18930,28.6974901,0.0,0.0,30.0,0.0,0.0,0.0,0.0
18931,28.6588745,0.0,0.0,30.0,0.0,0.0,0.0,0.0
18932,28.6234829,0.0,0.0,30.0,0.0,0.0,0.0,0.0
18933,28.5908413,0.0,0.0,30.0,0.0,0.0,0.0,0.0
18934,28.5606151,0.0,0.0,30.0,0.0,0.0,0.0,0.0
18935,28.5326702,0.0,0.0,30.0,0.0,0.0,0.0,0.0
18936,28.5068578,0.0,0.0,30.0,0.0,0.0,0.0,0.0
18937,28.4830057,0.0,0.0,30.0,0.0,0.0,0.0,0.0
18938,28.4609606,0.0,0.0,30.0,0.0,0.0,0.0,0.0
18939,28.4405876,0.0,0.0,30.0,0.0,0.0,0.0,0.0
18940,28.4217608,0.0,0.0,30.0,0.0,0.0,0.0,0.0
18941,28.4043624,0.0,0.0,30.0,0.0,0.0,0.0,0.0
18942,28.3882839,0.0,0.0,30.0,0.0,0.0,0.0,0.0
18943,28.3734253,0.0,0.0,30.0,0.0,0.0,0.0,0.0
18944,28.3596942,0.0,0.0,30.0,0.0,0.0,0.0,0.0
18945,28.3470048,0.0,0.0,30.0,0.0,0.0,0.0,0.0
18946,28.3352784,0.0,0.0,30.0,0.0,0.0,0.0,0.0
18947,28.3244418,0.0,0.0,30.0,0.0,0.0,0.0,0.0
18948,28.3144275,0.0,0.0,30.0,0.0,0.0,0.0,0.0
18949,28.3051733,0.0,0.0,30.0,0.0,0.0,0.0,0.0
18950,28.2966214,0.0,0.0,30.0,0.0,0.0,0.0,0.0
18951,28.2887186,0.0,0.0,30.0,0.0,0.0,0.0,0.0
18952,28.2814158,0.0,0.0,30.0,0.0,0.0,0.0,0.0
18953,28.2746673,0.0,0.0,30.0,0.0,0.0,0.0,0.0
18954,28.2684313,0.0,0.0,30.0,0.0,0.0,0.0,0.0
18955,28.2626689,0.0,0.0,30.0,0.0,0.0,0.0,0.0
18956,28.2573442,0.0,0.0,30.0,0.0,0.0,0.0,0.0
18957,28.252424,0.0,0.0,30.0,0.0,0.0,0.0,0.0
18958,28.2478777,0.0,0.0,30.0,0.0,0.0,0.0,0.0
18959,28.243677,0.0,0.0,30.0,0.0,0.0,0.0,0.0
18960,28.2397957,0.0,0.0,30.0,0.0,0.0,0.0,0.0
18961,28.2362097,0.0,0.0,30.0,0.0,0.0,0.0,0.0
18962,28.2328967,0.0,0.0,30.0,0.0,0.0,0.0,0.0
18963,28.2298359,0.0,0.0,30.0,0.0,0.0,0.0,0.0
18964,28.2270084,0.0,0.0,30.0,0.0,0.0,0.0,0.0
18965,28.2243965,0.0,0.0,30.0,0.0,0.0,0.0,0.0
18966,28.221984,0.0,0.0,30.0,0.0,0.0,0.0,0.0
18967,28.2197558,0.0,0.0,30.0,0.0,0.0,0.0,0.0
18968,28.2176981,0.0,0.0,30.0,0.0,0.0,0.0,0.0
18969,28.215798,0.0,0.0,30.0,0.0,0.0,0.0,0.0
18970,28.2140438,0.0,0.0,30.0,0.0,0.0,0.0,0.0
18971,28.2124245,0.0,0.0,30.0,0.0,0.0,0.0,0.0
18972,28.21093,0.0,0.0,30.0,0.0,0.0,0.0,0.0
18973,28.209551,0.0,0.0,30.0,0.0,0.0,0.0,0.0
18974,28.208279,0.0,0.0,30.0,0.0,0.0,0.0,0.0
18975,28.2071059,0.0,0.0,30.0,0.0,0.0,0.0,0.0
18976,28.2060246,0.0,0.0,30.0,0.0,0.0,0.0,0.0
18977,28.2050282,0.0,0.0,30.0,0.0,0.0,0.0,0.0
18978,28.2041106,0.0,0.0,30.0,0.0,0.0,0.0,0.0
18979,28.203266,0.0,0.0,30.0,0.0,0.0,0.0,0.0
18980,28.2024892,0.0,0.0,30.0,0.0,0.0,0.0,0.0
18981,28.2017753,0.0,0.0,30.0,0.0,0.0,0.0,0.0
18982,28.20112,0.0,0.0,30.0,0.0,0.0,0.0,0.0
18983,28.200519,0.0,0.0,30.0,0.0,0.0,0.0,0.0
18984,28.1999688,0.0,0.0,30.0,0.0,0.0,0.0,0.0
18985,28.1994658,0.0,0.0,30.0,0.0,0.0,0.0,0.0
18986,28.1990069,0.0,0.0,30.0,0.0,0.0,0.0,0.0
18987,28.1985893,0.0,0.0,30.0,0.0,0.0,0.0,0.0
18988,28.1982104,0.0,0.0,30.0,0.0,0.0,0.0,0.0
18989,28.1978677,0.0,0.0,30.0,0.0,0.0,0.0,0.0
18990,28.1975592,0.0,0.0,30.0,0.0,0.0,0.0,0.0
18991,28.197283,0.0,0.0,30.0,0.0,0.0,0.0,0.0
18992,28.1970373,0.0,0.0,30.0,0.0,0.0,0.0,0.0
18993,28.1968206,0.0,0.0,30.0,0.0,0.0,0.0,0.0
18994,28.1966315,0.0,0.0,30.0,0.0,0.0,0.0,0.0
18995,28.1964689,0.0,0.0,30.0,0.0,0.0,0.0,0.0
18996,28.1963318,0.0,0.0,30.0,0.0,0.0,0.0,0.0
18997,28.1962193,0.0,0.0,30.0,0.0,0.0,0.0,0.0
18998,28.1961306,0.0,0.0,30.0,0.0,0.0,0.0,0.0
18999,28.1960653,0.0,0.0,30.0,0.0,0.0,0.0,0.0
19000,28.196023,0.0,0.0,30.0,0.0,0.0,0.0,0.0
19001,28.1960033,0.0,0.0,30.0,0.0,0.0,0.0,0.0
19002,28.1960062,0.0,0.0,30.0,0.0,0.0,0.0,0.0
19003,28.1960317,0.0,0.0,30.0,0.0,0.0,0.0,0.0
19004,28.1960799,0.0,0.0,30.0,0.0,0.0,0.0,0.0
19005,28.1961512,0.0,0.0,30.0,0.0,0.0,0.0,0.0
19006,28.1962459,0.0,0.0,30.0,0.0,0.0,0.0,0.0
19007,28.1963647,0.0,0.0,30.0,0.0,0.0,0.0,0.0
19008,28.1965083,0.0,0.0,30.0,0.0,0.0,0.0,0.0
19009,28.1966776,0.0,0.0,30.0,0.0,0.0,0.0,0.0
19010,28.1968737,0.0,0.0,30.0,0.0,0.0,0.0,0.0
19011,28.1970977,0.0,0.0,30.0,0.0,0.0,0.0,0.0
19012,28.1973511,0.0,0.0,30.0,0.0,0.0,0.0,0.0
19013,28.1976355,0.0,0.0,30.0,0.0,0.0,0.0,0.0
19014,28.1979526,0.0,0.0,30.0,0.0,0.0,0.0,0.0
19015,28.1983044,0.0,0.0,30.0,0.0,0.0,0.0,0.0
19016,28.1986931,0.0,0.0,30.0,0.0,0.0,0.0,0.0
19017,28.199121,0.0,0.0,30.0,0.0,0.0,0.0,0.0
19018,28.199591,0.0,0.0,30.0,0.0,0.0,0.0,0.0
19019,28.2001059,0.0,0.0,30.0,0.0,0.0,0.0,0.0
19020,28.2006688,0.0,0.0,30.0,0.0,0.0,0.0,0.0
19021,28.2012834,0.0,0.0,30.0,0.0,0.0,0.0,0.0
19022,28.2019535,0.0,0.0,30.0,0.0,0.0,0.0,0.0
19023,28.2026831,0.0,0.0,30.0,0.0,0.0,0.0,0.0
19024,28.2034769,0.0,0.0,30.0,0.0,0.0,0.0,0.0
19025,28.2043398,0.0,0.0,30.0,0.0,0.0,0.0,0.0
19026,28.2052772,0.0,0.0,30.0,0.0,0.0,0.0,0.0
19027,28.2062949,0.0,0.0,30.0,0.0,0.0,0.0,0.0
19028,28.2073993,0.0,0.0,30.0,0.0,0.0,0.0,0.0
19029,28.2085971,0.0,0.0,30.0,0.0,0.0,0.0,0.0
19030,28.209896,0.0,0.0,30.0,0.0,0.0,0.0,0.0
19031,28.211304,0.0,0.0,30.0,0.0,0.0,0.0,0.0
19032,28.2128298,0.0,0.0,30.0,0.0,0.0,0.0,0.0
19033,28.2144829,0.0,0.0,30.0,0.0,0.0,0.0,0.0
19034,28.2162737,0.0,0.0,30.0,0.0,0.0,0.0,0.0
19035,28.2182133,0.0,0.0,30.0,0.0,0.0,0.0,0.0
19036,28.2203137,0.0,0.0,30.0,0.0,0.0,0.0,0.0
19037,28.2225882,0.0,0.0,30.0,0.0,0.0,0.0,0.0
19038,28.2250507,0.0,0.0,30.0,0.0,0.0,0.0,0.0
19039,28.2277167,0.0,0.0,30.0,0.0,0.0,0.0,0.0
19040,28.2306027,0.0,0.0,30.0,0.0,0.0,0.0,0.0
19041,28.2337268,0.0,0.0,30.0,0.0,0.0,0.0,0.0
19042,28.2371084,0.0,0.0,30.0,0.0,0.0,0.0,0.0
19043,28.2407685,0.0,0.0,30.0,0.0,0.0,0.0,0.0
19044,28.2447299,0.0,0.0,30.0,0.0,0.0,0.0,0.0
19045,28.2490174,0.0,0.0,30.0,0.0,0.0,0.0,0.0
19046,28.2536575,0.0,0.0,30.0,0.0,0.0,0.0,0.0
19047,28.2586792,0.0,0.0,30.0,0.0,0.0,0.0,0.0
19048,28.2641139,0.0,0.0,30.0,0.0,0.0,0.0,0.0
19049,28.2699952,0.0,0.0,30.0,0.0,0.0,0.0,0.0
19050,28.2763599,0.0,0.0,30.0,0.0,0.0,0.0,0.0
19051,28.2832475,0.0,0.0,30.0,0.0,0.0,0.0,0.0
19052,28.2907011,0.0,0.0,30.0,0.0,0.0,0.0,0.0
19053,28.2987669,0.0,0.0,30.0,0.0,0.0,0.0,0.0
19054,28.3074952,0.0,0.0,30.0,0.0,0.0,0.0,0.0
19055,28.3169403,0.0,0.0,30.0,0.0,0.0,0.0,0.0
19056,28.3271612,0.0,0.0,30.0,0.0,0.0,0.0,0.0
19057,28.3382214,0.0,0.0,30.0,0.0,0.0,0.0,0.0
19058,28.3501897,0.0,0.0,30.0,0.0,0.0,0.0,0.0
19059,28.3631409,0.0,0.0,30.0,0.0,0.0,0.0,0.0
19060,28.3771553,0.0,0.0,30.0,0.0,0.0,0.0,0.0
19061,28.3923205,0.0,0.0,30.0,0.0,0.0,0.0,0.0
19062,28.4087307,0.0,0.0,30.0,0.0,0.0,0.0,0.0
19063,28.4264882,0.0,0.0,30.0,0.0,0.0,0.0,0.0
19064,28.4457036,0.0,0.0,30.0,0.0,0.0,0.0,0.0
19065,28.4664965,0.0,0.0,30.0,0.0,0.0,0.0,0.0
19066,28.4889962,0.0,0.0,30.0,0.0,0.0,0.0,0.0
19067,28.5133435,0.0,0.0,30.0,0.0,0.0,0.0,0.0
19068,28.5396896,0.0,0.0,30.0,0.0,0.0,0.0,0.0
19069,28.5681969,0.0,0.0,30.0,0.0,0.0,0.0,0.0
19070,28.5990437,0.0,0.0,30.0,0.0,0.0,0.0,0.0
19071,28.6324309,0.0,0.0,30.0,0.0,0.0,0.0,0.0
19072,28.6685613,0.0,0.0,30.0,0.0,0.0,0.0,0.0
19073,28.707617,0.0,0.0,30.0,0.0,0.0,0.0,0.0
19074,28.7498715,0.0,0.0,30.0,0.0,0.0,0.0,0.0
19075,28.7957965,0.0,0.0,30.0,0.0,0.0,0.0,0.0
19076,28.8455062,0.0,0.0,30.0,0.0,0.0,0.0,0.0
19077,28.8982932,0.0,0.0,30.0,0.0,0.0,0.0,0.0
19078,28.9554465,0.0,0.0,30.0,0.0,0.0,0.0,0.0
19079,29.0222675,0.0,0.0,30.0,0.0,0.0,0.0,0.0
19080,29.093881,0.0,0.0,30.0,0.0,0.0,0.0,0.0
19081,29.1467499,0.0,0.0,30.0,0.0,0.0,0.0,0.0
19082,29.21001,0.0,0.0,30.0,0.0,0.0,0.0,0.0
19083,29.4000264,0.0,0.0,30.0,0.0,0.0,0.0,0.0
19084,29.5627629,0.0,0.0,30.0,0.0,0.0,0.0,0.0
19085,29.138238,0.0,0.0,30.0,0.0,0.0,0.0,0.0
19086,29.0148375,0.0,0.0,30.0,0.0,0.0,0.0,0.0
19087,29.9065188,0.0,0.0,30.0,0.0,0.0,0.0,0.0
19088,30.0,0.0,0.0,30.0,0.0,0.0,0.0,0.0
19089,30.0,0.0,0.0,30.0,0.0,0.0,0.0,0.0
19090,23.8911061,0.0,0.0,30.0,0.0,0.0,0.0,0.0
19091,23.6889154,0.0,0.0,30.0,0.0,0.0,0.0,0.0
19092,0.0,0.0,0.0,0.0,0.0,0.0,0.0,0.0
19093,30.0,0.0,0.0,4.17190152,0.0,0.0,0.0,0.0
19094,28.6297695,0.0,0.0,6.60148259,0.0,0.0,0.0,0.0
19095,0.0,0.0,0.0,16.68928,0.0,0.0,0.0,0.0
19096,0.0,0.0,0.0,21.8568074,0.0,0.0,0.0,0.0
19097,0.0,0.0,0.0,23.2967201,0.0,0.0,0.0,0.0
19098,0.0,0.0,0.0,23.7604688,0.0,0.0,0.0,0.0
19099,0.0,0.0,0.0,24.6293481,0.0,0.0,0.0,0.0
19100,0.0,0.0,0.0,25.4445645,0.0,0.0,0.0,0.0
19101,0.0,0.0,0.0,26.0144838,0.0,0.0,0.0,0.0
19102,0.0,0.0,0.0,26.4238771,0.0,0.0,0.0,0.0
19103,0.0,0.0,0.0,26.7067737,0.0,0.0,0.0,0.0
19104,0.0,0.0,0.0,26.8536249,0.0,0.0,0.0,0.0
19105,0.0,0.0,0.0,26.8618293,0.0,0.0,0.0,0.0
19106,0.0,0.0,0.0,26.7336019,0.0,0.0,0.0,0.0
19107,0.0,0.0,0.0,26.468907,0.0,0.0,0.0,0.0
19108,0.0,0.0,0.0,26.064076,0.0,0.0,0.0,0.0
19109,0.0,0.0,0.0,25.5086411,0.0,0.0,0.0,0.0
19110,0.0,0.0,0.0,24.7984215,0.0,0.0,0.0,0.0
19111,0.0,0.0,0.0,23.960887,0.0,0.0,0.0,0.0
19112,0.0,0.0,0.0,22.9653042,0.0,0.0,0.0,0.0
19113,0.0,0.0,0.0,21.5727075,0.0,0.0,0.0,0.0
19114,0.0,0.0,0.0,19.9394657,0.0,0.0,0.0,0.0
19115,0.0,0.0,0.0,19.4813227,0.0,0.0,0.0,0.0
19116,0.0,0.0,0.0,18.8378835,0.0,0.0,0.0,0.0
19117,0.0,0.0,0.0,8.98363264,0.0,0.0,0.0,0.0
19118,0.0,0.0,0.0,0.286356857,0.0,0.0,0.0,0.0
19119,0.0,0.0,0.0,4.89029842,0.0,0.0,0.0,0.0
19120,30.0,0.0,0.0,30.0,0.0,0.0,0.0,0.0
19121,30.0,0.0,0.0,30.0,0.0,0.0,0.0,0.0
19122,30.0,0.0,0.0,30.0,0.0,0.0,0.0,0.0
19123,30.0,0.0,0.0,30.0,0.0,0.0,0.0,0.0
19124,30.0,0.0,0.0,30.0,0.0,0.0,0.0,0.0
19125,30.0,0.0,0.0,30.0,0.0,0.0,0.0,0.0
19126,23.3787873,0.0,0.0,30.0,0.0,0.0,0.0,0.0
19127,17.938675,0.0,0.0,30.0,0.0,0.0,0.0,0.0
19128,14.6922641,0.0,0.0,30.0,0.0,0.0,0.0,0.0
19129,20.2529505,0.0,0.0,30.0,0.0,0.0,0.0,0.0
19130,24.4452667,0.0,0.0,30.0,0.0,0.0,0.0,0.0
19131,29.6732231,0.0,0.0,30.0,0.0,0.0,0.0,0.0
19132,30.0,0.0,0.0,30.0,0.0,0.0,0.0,0.0
19133,30.0,0.0,0.0,30.0,0.0,0.0,0.0,0.0
19134,30.0,0.0,0.0,30.0,0.0,0.0,0.0,0.0
19135,30.0,0.0,0.0,30.0,0.0,0.0,0.0,0.0
19136,30.0,0.0,0.0,30.0,0.0,0.0,0.0,0.0
19137,30.0,0.0,0.0,30.0,0.0,0.0,0.0,0.0
19138,30.0,0.0,0.0,30.0,0.0,0.0,0.0,0.0
19139,30.0,0.0,0.0,30.0,0.0,0.0,0.0,0.0
19140,28.8659729,0.0,0.0,30.0,0.0,0.0,0.0,0.0
19141,28.8891927,0.0,0.0,30.0,0.0,0.0,0.0,0.0
19142,29.0168359,0.0,0.0,30.0,0.0,0.0,0.0,0.0
19143,28.598468,0.0,0.0,30.0,0.0,0.0,0.0,0.0
19144,28.5493318,0.0,0.0,30.0,0.0,0.0,0.0,0.0
19145,28.5940176,0.0,0.0,30.0,0.0,0.0,0.0,0.0
19146,28.5657193,0.0,0.0,30.0,0.0,0.0,0.0,0.0
19147,28.5228926,0.0,0.0,30.0,0.0,0.0,0.0,0.0
19148,28.4976939,0.0,0.0,30.0,0.0,0.0,0.0,0.0
19149,28.4774592,0.0,0.0,30.0,0.0,0.0,0.0,0.0
19150,28.4557971,0.0,0.0,30.0,0.0,0.0,0.0,0.0
19151,28.4352267,0.0,0.0,30.0,0.0,0.0,0.0,0.0
19152,28.4168255,0.0,0.0,30.0,0.0,0.0,0.0,0.0
19153,28.3999185,0.0,0.0,30.0,0.0,0.0,0.0,0.0
19154,28.3841694,0.0,0.0,30.0,0.0,0.0,0.0,0.0
19155,28.3695979,0.0,0.0,30.0,0.0,0.0,0.0,0.0
19156,28.3561575,0.0,0.0,30.0,0.0,0.0,0.0,0.0
19157,28.3437397,0.0,0.0,30.0,0.0,0.0,0.0,0.0
19158,28.3322589,0.0,0.0,30.0,0.0,0.0,0.0,0.0
19159,28.3216486,0.0,0.0,30.0,0.0,0.0,0.0,0.0
19160,28.3118445,0.0,0.0,30.0,0.0,0.0,0.0,0.0
19161,28.3027843,0.0,0.0,30.0,0.0,0.0,0.0,0.0
19162,28.2944114,0.0,0.0,30.0,0.0,0.0,0.0,0.0
19163,28.2866739,0.0,0.0,30.0,0.0,0.0,0.0,0.0
19164,28.2795236,0.0,0.0,30.0,0.0,0.0,0.0,0.0
19165,28.272916,0.0,0.0,30.0,0.0,0.0,0.0,0.0
19166,28.2668098,0.0,0.0,30.0,0.0,0.0,0.0,0.0
19167,28.2611672,0.0,0.0,30.0,0.0,0.0,0.0,0.0
19168,28.2559529,0.0,0.0,30.0,0.0,0.0,0.0,0.0
19169,28.2511344,0.0,0.0,30.0,0.0,0.0,0.0,0.0
19170,28.2466819,0.0,0.0,30.0,0.0,0.0,0.0,0.0
19171,28.2425675,0.0,0.0,30.0,0.0,0.0,0.0,0.0
19172,28.2387656,0.0,0.0,30.0,0.0,0.0,0.0,0.0
19173,28.2352526,0.0,0.0,30.0,0.0,0.0,0.0,0.0
19174,28.2320066,0.0,0.0,30.0,0.0,0.0,0.0,0.0
19175,28.2290073,0.0,0.0,30.0,0.0,0.0,0.0,0.0
19176,28.2262361,0.0,0.0,30.0,0.0,0.0,0.0,0.0
19177,28.2236757,0.0,0.0,30.0,0.0,0.0,0.0,0.0
19178,28.2213103,0.0,0.0,30.0,0.0,0.0,0.0,0.0
19179,28.2191249,0.0,0.0,30.0,0.0,0.0,0.0,0.0
19180,28.2171062,0.0,0.0,30.0,0.0,0.0,0.0,0.0
19181,28.2152414,0.0,0.0,30.0,0.0,0.0,0.0,0.0
19182,28.213519,0.0,0.0,30.0,0.0,0.0,0.0,0.0
19183,28.2119282,0.0,0.0,30.0,0.0,0.0,0.0,0.0
19184,28.2104591,0.0,0.0,30.0,0.0,0.0,0.0,0.0
19185,28.2091026,0.0,0.0,30.0,0.0,0.0,0.0,0.0
19186,28.2078503,0.0,0.0,30.0,0.0,0.0,0.0,0.0
19187,28.2066943,0.0,0.0,30.0,0.0,0.0,0.0,0.0
19188,28.2056274,0.0,0.0,30.0,0.0,0.0,0.0,0.0
19189,28.2046431,0.0,0.0,30.0,0.0,0.0,0.0,0.0
19190,28.203735,0.0,0.0,30.0,0.0,0.0,0.0,0.0
19191,28.2028978,0.0,0.0,30.0,0.0,0.0,0.0,0.0
19192,28.202126,0.0,0.0,30.0,0.0,0.0,0.0,0.0
19193,28.2014148,0.0,0.0,30.0,0.0,0.0,0.0,0.0
19194,28.20076,0.0,0.0,30.0,0.0,0.0,0.0,0.0
19195,28.2001573,0.0,0.0,30.0,0.0,0.0,0.0,0.0
19196,28.1996031,0.0,0.0,30.0,0.0,0.0,0.0,0.0
19197,28.1990938,0.0,0.0,30.0,0.0,0.0,0.0,0.0
19198,28.1986264,0.0,0.0,30.0,0.0,0.0,0.0,0.0
19199,28.1981978,0.0,0.0,30.0,0.0,0.0,0.0,0.0
19200,28.1978055,0.0,0.0,30.0,0.0,0.0,0.0,0.0
19201,28.1974469,0.0,0.0,30.0,0.0,0.0,0.0,0.0
19202,28.1971199,0.0,0.0,30.0,0.0,0.0,0.0,0.0
19203,28.1968225,0.0,0.0,30.0,0.0,0.0,0.0,0.0
19204,28.1965526,0.0,0.0,30.0,0.0,0.0,0.0,0.0
19205,28.1963088,0.0,0.0,30.0,0.0,0.0,0.0,0.0
19206,28.1960894,0.0,0.0,30.0,0.0,0.0,0.0,0.0
19207,28.1958931,0.0,0.0,30.0,0.0,0.0,0.0,0.0
19208,28.1957187,0.0,0.0,30.0,0.0,0.0,0.0,0.0
19209,28.1955651,0.0,0.0,30.0,0.0,0.0,0.0,0.0
19210,28.1954313,0.0,0.0,30.0,0.0,0.0,0.0,0.0
19211,28.1953165,0.0,0.0,30.0,0.0,0.0,0.0,0.0
19212,28.1952199,0.0,0.0,30.0,0.0,0.0,0.0,0.0
19213,28.1951411,0.0,0.0,30.0,0.0,0.0,0.0,0.0
19214,28.1950794,0.0,0.0,30.0,0.0,0.0,0.0,0.0
19215,28.1950346,0.0,0.0,30.0,0.0,0.0,0.0,0.0
19216,28.1950063,0.0,0.0,30.0,0.0,0.0,0.0,0.0
19217,28.1949943,0.0,0.0,30.0,0.0,0.0,0.0,0.0
19218,28.1949986,0.0,0.0,30.0,0.0,0.0,0.0,0.0
19219,28.1950192,0.0,0.0,30.0,0.0,0.0,0.0,0.0
19220,28.1950562,0.0,0.0,30.0,0.0,0.0,0.0,0.0
19221,28.1951099,0.0,0.0,30.0,0.0,0.0,0.0,0.0
19222,28.1951806,0.0,0.0,30.0,0.0,0.0,0.0,0.0
19223,28.1952687,0.0,0.0,30.0,0.0,0.0,0.0,0.0
19224,28.1953748,0.0,0.0,30.0,0.0,0.0,0.0,0.0
19225,28.1954995,0.0,0.0,30.0,0.0,0.0,0.0,0.0
19226,28.1956437,0.0,0.0,30.0,0.0,0.0,0.0,0.0
19227,28.1958082,0.0,0.0,30.0,0.0,0.0,0.0,0.0
19228,28.195994,0.0,0.0,30.0,0.0,0.0,0.0,0.0
19229,28.1962023,0.0,0.0,30.0,0.0,0.0,0.0,0.0
19230,28.1964344,0.0,0.0,30.0,0.0,0.0,0.0,0.0
19231,28.1966918,0.0,0.0,30.0,0.0,0.0,0.0,0.0
19232,28.196976,0.0,0.0,30.0,0.0,0.0,0.0,0.0
19233,28.1972888,0.0,0.0,30.0,0.0,0.0,0.0,0.0
19234,28.1976322,0.0,0.0,30.0,0.0,0.0,0.0,0.0
19235,28.1980083,0.0,0.0,30.0,0.0,0.0,0.0,0.0
19236,28.1984195,0.0,0.0,30.0,0.0,0.0,0.0,0.0
19237,28.1988682,0.0,0.0,30.0,0.0,0.0,0.0,0.0
19238,28.1993574,0.0,0.0,30.0,0.0,0.0,0.0,0.0
19239,28.1998899,0.0,0.0,30.0,0.0,0.0,0.0,0.0
19240,28.2004693,0.0,0.0,30.0,0.0,0.0,0.0,0.0
19241,28.201099,0.0,0.0,30.0,0.0,0.0,0.0,0.0
19242,28.2017831,0.0,0.0,30.0,0.0,0.0,0.0,0.0
19243,28.2025256,0.0,0.0,30.0,0.0,0.0,0.0,0.0
19244,28.2033314,0.0,0.0,30.0,0.0,0.0,0.0,0.0
19245,28.2042053,0.0,0.0,30.0,0.0,0.0,0.0,0.0
19246,28.2051529,0.0,0.0,30.0,0.0,0.0,0.0,0.0
19247,28.2061801,0.0,0.0,30.0,0.0,0.0,0.0,0.0
19248,28.2072931,0.0,0.0,30.0,0.0,0.0,0.0,0.0
19249,28.2084991,0.0,0.0,30.0,0.0,0.0,0.0,0.0
19250,28.2098054,0.0,0.0,30.0,0.0,0.0,0.0,0.0
19251,28.2112202,0.0,0.0,30.0,0.0,0.0,0.0,0.0
19252,28.2127523,0.0,0.0,30.0,0.0,0.0,0.0,0.0
19253,28.2144114,0.0,0.0,30.0,0.0,0.0,0.0,0.0
19254,28.2162076,0.0,0.0,30.0,0.0,0.0,0.0,0.0
19255,28.2181522,0.0,0.0,30.0,0.0,0.0,0.0,0.0
19256,28.2202573,0.0,0.0,30.0,0.0,0.0,0.0,0.0
19257,28.222536,0.0,0.0,30.0,0.0,0.0,0.0,0.0
19258,28.2250025,0.0,0.0,30.0,0.0,0.0,0.0,0.0
19259,28.2276721,0.0,0.0,30.0,0.0,0.0,0.0,0.0
19260,28.2305616,0.0,0.0,30.0,0.0,0.0,0.0,0.0
19261,28.2336888,0.0,0.0,30.0,0.0,0.0,0.0,0.0
19262,28.2370732,0.0,0.0,30.0,0.0,0.0,0.0,0.0
19263,28.240736,0.0,0.0,30.0,0.0,0.0,0.0,0.0
19264,28.2446999,0.0,0.0,30.0,0.0,0.0,0.0,0.0
19265,28.2489896,0.0,0.0,30.0,0.0,0.0,0.0,0.0
19266,28.2536319,0.0,0.0,30.0,0.0,0.0,0.0,0.0
19267,28.2586556,0.0,0.0,30.0,0.0,0.0,0.0,0.0
19268,28.264092,0.0,0.0,30.0,0.0,0.0,0.0,0.0
19269,28.269975,0.0,0.0,30.0,0.0,0.0,0.0,0.0
19270,28.2763412,0.0,0.0,30.0,0.0,0.0,0.0,0.0
19271,28.2832303,0.0,0.0,30.0,0.0,0.0,0.0,0.0
19272,28.2906851,0.0,0.0,30.0,0.0,0.0,0.0,0.0
19273,28.2987521,0.0,0.0,30.0,0.0,0.0,0.0,0.0
19274,28.3074815,0.0,0.0,30.0,0.0,0.0,0.0,0.0
19275,28.3169277,0.0,0.0,30.0,0.0,0.0,0.0,0.0
19276,28.3271496,0.0,0.0,30.0,0.0,0.0,0.0,0.0
19277,28.3382106,0.0,0.0,30.0,0.0,0.0,0.0,0.0
19278,28.3501798,0.0,0.0,30.0,0.0,0.0,0.0,0.0
19279,28.3631317,0.0,0.0,30.0,0.0,0.0,0.0,0.0
19280,28.3771469,0.0,0.0,30.0,0.0,0.0,0.0,0.0
19281,28.3923127,0.0,0.0,30.0,0.0,0.0,0.0,0.0
19282,28.4087235,0.0,0.0,30.0,0.0,0.0,0.0,0.0
19283,28.4264816,0.0,0.0,30.0,0.0,0.0,0.0,0.0
19284,28.4456975,0.0,0.0,30.0,0.0,0.0,0.0,0.0
19285,28.4664908,0.0,0.0,30.0,0.0,0.0,0.0,0.0
19286,28.488991,0.0,0.0,30.0,0.0,0.0,0.0,0.0
19287,28.5133386,0.0,0.0,30.0,0.0,0.0,0.0,0.0
19288,28.5396851,0.0,0.0,30.0,0.0,0.0,0.0,0.0
19289,28.5681927,0.0,0.0,30.0,0.0,0.0,0.0,0.0
19290,28.5990399,0.0,0.0,30.0,0.0,0.0,0.0,0.0
19291,28.6324274,0.0,0.0,30.0,0.0,0.0,0.0,0.0
19292,28.668558,0.0,0.0,30.0,0.0,0.0,0.0,0.0
19293,28.707614,0.0,0.0,30.0,0.0,0.0,0.0,0.0
19294,28.7498688,0.0,0.0,30.0,0.0,0.0,0.0,0.0
19295,28.795794,0.0,0.0,30.0,0.0,0.0,0.0,0.0
19296,28.8455039,0.0,0.0,30.0,0.0,0.0,0.0,0.0
19297,28.8982911,0.0,0.0,30.0,0.0,0.0,0.0,0.0
19298,28.9554446,0.0,0.0,30.0,0.0,0.0,0.0,0.0
19299,29.0222657,0.0,0.0,30.0,0.0,0.0,0.0,0.0
19300,29.0938794,0.0,0.0,30.0,0.0,0.0,0.0,0.0
19301,29.1467484,0.0,0.0,30.0,0.0,0.0,0.0,0.0
19302,29.2100086,0.0,0.0,30.0,0.0,0.0,0.0,0.0
19303,29.4000251,0.0,0.0,30.0,0.0,0.0,0.0,0.0
19304,29.5627617,0.0,0.0,30.0,0.0,0.0,0.0,0.0
19305,29.1382371,0.0,0.0,30.0,0.0,0.0,0.0,0.0
19306,29.0148365,0.0,0.0,30.0,0.0,0.0,0.0,0.0
19307,29.9065178,0.0,0.0,30.0,0.0,0.0,0.0,0.0
19308,30.0,0.0,0.0,30.0,0.0,0.0,0.0,0.0
19309,30.0,0.0,0.0,30.0,0.0,0.0,0.0,0.0
19310,23.891103,0.0,0.0,30.0,0.0,0.0,0.0,0.0
19311,23.6889133,0.0,0.0,30.0,0.0,0.0,0.0,0.0
19312,0.0,0.0,0.0,0.0,0.0,0.0,0.0,0.0
19313,30.0,0.0,0.0,3.96614481,0.0,0.0,0.0,0.0
19314,21.2353257,0.0,0.0,8.89237594,0.0,0.0,0.0,0.0
19315,0.0,0.0,0.0,16.2064358,0.0,0.0,0.0,0.0
19316,0.0,0.0,0.0,21.2830735,0.0,0.0,0.0,0.0
19317,0.0,0.0,0.0,22.6533876,0.0,0.0,0.0,0.0
19318,0.0,0.0,0.0,23.0460551,0.0,0.0,0.0,0.0
19319,0.0,0.0,0.0,23.828691,0.0,0.0,0.0,0.0
19320,0.0,0.0,0.0,24.5474817,0.0,0.0,0.0,0.0
19321,0.0,0.0,0.0,25.0114795,0.0,0.0,0.0,0.0
19322,0.0,0.0,0.0,25.3032495,0.0,0.0,0.0,0.0
19323,0.0,0.0,0.0,25.4551974,0.0,0.0,0.0,0.0
19324,0.0,0.0,0.0,25.456262,0.0,0.0,0.0,0.0
19325,0.0,0.0,0.0,25.302067,0.0,0.0,0.0,0.0
19326,0.0,0.0,0.0,24.9937423,0.0,0.0,0.0,0.0
19327,0.0,0.0,0.0,24.5295942,0.0,0.0,0.0,0.0
19328,0.0,0.0,0.0,23.8980444,0.0,0.0,0.0,0.0
19329,0.0,0.0,0.0,23.0838893,0.0,0.0,0.0,0.0
19330,0.0,0.0,0.0,22.1161125,0.0,0.0,0.0,0.0
19331,0.0,0.0,0.0,21.0263701,0.0,0.0,0.0,0.0
19332,0.0,0.0,0.0,19.5464488,0.0,0.0,0.0,0.0
19333,0.0,0.0,0.0,17.4247227,0.0,0.0,0.0,0.0
19334,0.0,0.0,0.0,16.3211561,0.0,0.0,0.0,0.0
19335,0.0,0.0,0.0,17.4294996,0.0,0.0,0.0,0.0
19336,0.0,0.0,0.0,13.1226371,0.0,0.0,0.0,0.0
19337,0.0,0.0,0.0,0.0,0.0,0.0,0.0,0.0
19338,0.0,0.0,0.0,0.0,0.0,0.0,0.0,0.0
19339,0.0,0.0,0.0,0.0,0.0,0.0,0.0,0.0
19340,30.0,0.0,0.0,30.0,0.0,0.0,0.0,0.0
19341,30.0,0.0,0.0,30.0,0.0,0.0,0.0,0.0
19342,30.0,0.0,0.0,30.0,0.0,0.0,0.0,0.0
19343,30.0,0.0,0.0,30.0,0.0,0.0,0.0,0.0
19344,30.0,0.0,0.0,30.0,0.0,0.0,0.0,0.0
19345,30.0,0.0,0.0,30.0,0.0,0.0,0.0,0.0
19346,30.0,0.0,0.0,30.0,0.0,0.0,0.0,0.0
19347,30.0,0.0,0.0,30.0,0.0,0.0,0.0,0.0
19348,26.3706323,0.0,0.0,30.0,0.0,0.0,0.0,0.0
19349,21.3760711,0.0,0.0,30.0,0.0,0.0,0.0,0.0
19350,22.2628093,0.0,0.0,30.0,0.0,0.0,0.0,0.0
19351,26.4922307,0.0,0.0,30.0,0.0,0.0,0.0,0.0
19352,18.196877,0.0,0.0,30.0,0.0,0.0,0.0,0.0
19353,18.1316768,0.0,0.0,30.0,0.0,0.0,0.0,0.0
19354,28.1178562,0.0,0.0,30.0,0.0,0.0,0.0,0.0
19355,30.0,0.0,0.0,30.0,0.0,0.0,0.0,0.0
19356,30.0,0.0,0.0,30.0,0.0,0.0,0.0,0.0
19357,30.0,0.0,0.0,30.0,0.0,0.0,0.0,0.0
19358,30.0,0.0,0.0,30.0,0.0,0.0,0.0,0.0
19359,30.0,0.0,0.0,30.0,0.0,0.0,0.0,0.0
19360,28.4454687,0.0,0.0,30.0,0.0,0.0,0.0,0.0
19361,28.1778277,0.0,0.0,30.0,0.0,0.0,0.0,0.0
19362,28.3437775,0.0,0.0,30.0,0.0,0.0,0.0,0.0
19363,28.1119474,0.0,0.0,30.0,0.0,0.0,0.0,0.0
19364,28.0978062,0.0,0.0,30.0,0.0,0.0,0.0,0.0
19365,28.1495548,0.0,0.0,30.0,0.0,0.0,0.0,0.0
19366,28.1559375,0.0,0.0,30.0,0.0,0.0,0.0,0.0
19367,28.1496542,0.0,0.0,30.0,0.0,0.0,0.0,0.0
19368,28.152458,0.0,0.0,30.0,0.0,0.0,0.0,0.0
19369,28.1573196,0.0,0.0,30.0,0.0,0.0,0.0,0.0
19370,28.160029,0.0,0.0,30.0,0.0,0.0,0.0,0.0
19371,28.1621137,0.0,0.0,30.0,0.0,0.0,0.0,0.0
19372,28.1644086,0.0,0.0,30.0,0.0,0.0,0.0,0.0
19373,28.1666061,0.0,0.0,30.0,0.0,0.0,0.0,0.0
19374,28.1685612,0.0,0.0,30.0,0.0,0.0,0.0,0.0
19375,28.1703543,0.0,0.0,30.0,0.0,0.0,0.0,0.0
19376,28.172027,0.0,0.0,30.0,0.0,0.0,0.0,0.0
19377,28.1735755,0.0,0.0,30.0,0.0,0.0,0.0,0.0
19378,28.1750034,0.0,0.0,30.0,0.0,0.0,0.0,0.0
19379,28.1763228,0.0,0.0,30.0,0.0,0.0,0.0,0.0
19380,28.1775428,0.0,0.0,30.0,0.0,0.0,0.0,0.0
19381,28.1786706,0.0,0.0,30.0,0.0,0.0,0.0,0.0
19382,28.1797129,0.0,0.0,30.0,0.0,0.0,0.0,0.0
19383,28.1806763,0.0,0.0,30.0,0.0,0.0,0.0,0.0
19384,28.1815669,0.0,0.0,30.0,0.0,0.0,0.0,0.0
19385,28.1823902,0.0,0.0,30.0,0.0,0.0,0.0,0.0
19386,28.1831512,0.0,0.0,30.0,0.0,0.0,0.0,0.0
19387,28.1838548,0.0,0.0,30.0,0.0,0.0,0.0,0.0
19388,28.1845054,0.0,0.0,30.0,0.0,0.0,0.0,0.0
19389,28.1851069,0.0,0.0,30.0,0.0,0.0,0.0,0.0
19390,28.1856631,0.0,0.0,30.0,0.0,0.0,0.0,0.0
19391,28.1861776,0.0,0.0,30.0,0.0,0.0,0.0,0.0
19392,28.1866534,0.0,0.0,30.0,0.0,0.0,0.0,0.0
19393,28.1870936,0.0,0.0,30.0,0.0,0.0,0.0,0.0
19394,28.1875008,0.0,0.0,30.0,0.0,0.0,0.0,0.0
19395,28.1878777,0.0,0.0,30.0,0.0,0.0,0.0,0.0
19396,28.1882266,0.0,0.0,30.0,0.0,0.0,0.0,0.0
19397,28.1885496,0.0,0.0,30.0,0.0,0.0,0.0,0.0
19398,28.1888488,0.0,0.0,30.0,0.0,0.0,0.0,0.0
19399,28.189126,0.0,0.0,30.0,0.0,0.0,0.0,0.0
19400,28.1893829,0.0,0.0,30.0,0.0,0.0,0.0,0.0
19401,28.1896212,0.0,0.0,30.0,0.0,0.0,0.0,0.0
19402,28.1898423,0.0,0.0,30.0,0.0,0.0,0.0,0.0
19403,28.1900476,0.0,0.0,30.0,0.0,0.0,0.0,0.0
19404,28.1902384,0.0,0.0,30.0,0.0,0.0,0.0,0.0
19405,28.1904158,0.0,0.0,30.0,0.0,0.0,0.0,0.0
19406,28.1905811,0.0,0.0,30.0,0.0,0.0,0.0,0.0
19407,28.1907351,0.0,0.0,30.0,0.0,0.0,0.0,0.0
19408,28.1908789,0.0,0.0,30.0,0.0,0.0,0.0,0.0
19409,28.1910133,0.0,0.0,30.0,0.0,0.0,0.0,0.0
19410,28.1911393,0.0,0.0,30.0,0.0,0.0,0.0,0.0
19411,28.1912575,0.0,0.0,30.0,0.0,0.0,0.0,0.0
19412,28.1913687,0.0,0.0,30.0,0.0,0.0,0.0,0.0
19413,28.1914737,0.0,0.0,30.0,0.0,0.0,0.0,0.0
19414,28.1915729,0.0,0.0,30.0,0.0,0.0,0.0,0.0
19415,28.1916672,0.0,0.0,30.0,0.0,0.0,0.0,0.0
19416,28.191757,0.0,0.0,30.0,0.0,0.0,0.0,0.0
19417,28.191843,0.0,0.0,30.0,0.0,0.0,0.0,0.0
19418,28.1919256,0.0,0.0,30.0,0.0,0.0,0.0,0.0
19419,28.1920053,0.0,0.0,30.0,0.0,0.0,0.0,0.0
19420,28.1920828,0.0,0.0,30.0,0.0,0.0,0.0,0.0
19421,28.1921584,0.0,0.0,30.0,0.0,0.0,0.0,0.0
19422,28.1922325,0.0,0.0,30.0,0.0,0.0,0.0,0.0
19423,28.1923058,0.0,0.0,30.0,0.0,0.0,0.0,0.0
19424,28.1923786,0.0,0.0,30.0,0.0,0.0,0.0,0.0
19425,28.1924514,0.0,0.0,30.0,0.0,0.0,0.0,0.0
19426,28.1925247,0.0,0.0,30.0,0.0,0.0,0.0,0.0
19427,28.1925988,0.0,0.0,30.0,0.0,0.0,0.0,0.0
19428,28.1926743,0.0,0.0,30.0,0.0,0.0,0.0,0.0
19429,28.1927516,0.0,0.0,30.0,0.0,0.0,0.0,0.0
19430,28.1928313,0.0,0.0,30.0,0.0,0.0,0.0,0.0
19431,28.1929137,0.0,0.0,30.0,0.0,0.0,0.0,0.0
19432,28.1929994,0.0,0.0,30.0,0.0,0.0,0.0,0.0
19433,28.193089,0.0,0.0,30.0,0.0,0.0,0.0,0.0
19434,28.1931831,0.0,0.0,30.0,0.0,0.0,0.0,0.0
19435,28.1932821,0.0,0.0,30.0,0.0,0.0,0.0,0.0
19436,28.1933867,0.0,0.0,30.0,0.0,0.0,0.0,0.0
19437,28.1934976,0.0,0.0,30.0,0.0,0.0,0.0,0.0
19438,28.1936154,0.0,0.0,30.0,0.0,0.0,0.0,0.0
19439,28.193741,0.0,0.0,30.0,0.0,0.0,0.0,0.0
19440,28.193875,0.0,0.0,30.0,0.0,0.0,0.0,0.0
19441,28.1940183,0.0,0.0,30.0,0.0,0.0,0.0,0.0
19442,28.1941718,0.0,0.0,30.0,0.0,0.0,0.0,0.0
19443,28.1943364,0.0,0.0,30.0,0.0,0.0,0.0,0.0
19444,28.1945132,0.0,0.0,30.0,0.0,0.0,0.0,0.0
19445,28.1947033,0.0,0.0,30.0,0.0,0.0,0.0,0.0
19446,28.1949079,0.0,0.0,30.0,0.0,0.0,0.0,0.0
19447,28.1951282,0.0,0.0,30.0,0.0,0.0,0.0,0.0
19448,28.1953656,0.0,0.0,30.0,0.0,0.0,0.0,0.0
19449,28.1956216,0.0,0.0,30.0,0.0,0.0,0.0,0.0
19450,28.1958978,0.0,0.0,30.0,0.0,0.0,0.0,0.0
19451,28.1961959,0.0,0.0,30.0,0.0,0.0,0.0,0.0
19452,28.1965177,0.0,0.0,30.0,0.0,0.0,0.0,0.0
19453,28.1968653,0.0,0.0,30.0,0.0,0.0,0.0,0.0
19454,28.1972408,0.0,0.0,30.0,0.0,0.0,0.0,0.0
19455,28.1976466,0.0,0.0,30.0,0.0,0.0,0.0,0.0
19456,28.1980852,0.0,0.0,30.0,0.0,0.0,0.0,0.0
19457,28.1985593,0.0,0.0,30.0,0.0,0.0,0.0,0.0
19458,28.1990719,0.0,0.0,30.0,0.0,0.0,0.0,0.0
19459,28.1996261,0.0,0.0,30.0,0.0,0.0,0.0,0.0
19460,28.2002255,0.0,0.0,30.0,0.0,0.0,0.0,0.0
19461,28.2008737,0.0,0.0,30.0,0.0,0.0,0.0,0.0
19462,28.2015749,0.0,0.0,30.0,0.0,0.0,0.0,0.0
19463,28.2023332,0.0,0.0,30.0,0.0,0.0,0.0,0.0
19464,28.2031536,0.0,0.0,30.0,0.0,0.0,0.0,0.0
19465,28.204041,0.0,0.0,30.0,0.0,0.0,0.0,0.0
19466,28.2050011,0.0,0.0,30.0,0.0,0.0,0.0,0.0
19467,28.2060397,0.0,0.0,30.0,0.0,0.0,0.0,0.0
19468,28.2071635,0.0,0.0,30.0,0.0,0.0,0.0,0.0
19469,28.2083792,0.0,0.0,30.0,0.0,0.0,0.0,0.0
19470,28.2096946,0.0,0.0,30.0,0.0,0.0,0.0,0.0
19471,28.2111179,0.0,0.0,30.0,0.0,0.0,0.0,0.0
19472,28.2126578,0.0,0.0,30.0,0.0,0.0,0.0,0.0
19473,28.214324,0.0,0.0,30.0,0.0,0.0,0.0,0.0
19474,28.2161268,0.0,0.0,30.0,0.0,0.0,0.0,0.0
19475,28.2180776,0.0,0.0,30.0,0.0,0.0,0.0,0.0
19476,28.2201883,0.0,0.0,30.0,0.0,0.0,0.0,0.0
19477,28.2224723,0.0,0.0,30.0,0.0,0.0,0.0,0.0
19478,28.2249436,0.0,0.0,30.0,0.0,0.0,0.0,0.0
19479,28.2276177,0.0,0.0,30.0,0.0,0.0,0.0,0.0
19480,28.2305113,0.0,0.0,30.0,0.0,0.0,0.0,0.0
19481,28.2336423,0.0,0.0,30.0,0.0,0.0,0.0,0.0
19482,28.2370303,0.0,0.0,30.0,0.0,0.0,0.0,0.0
19483,28.2406963,0.0,0.0,30.0,0.0,0.0,0.0,0.0
19484,28.2446632,0.0,0.0,30.0,0.0,0.0,0.0,0.0
19485,28.2489557,0.0,0.0,30.0,0.0,0.0,0.0,0.0
19486,28.2536006,0.0,0.0,30.0,0.0,0.0,0.0,0.0
19487,28.2586266,0.0,0.0,30.0,0.0,0.0,0.0,0.0
19488,28.2640653,0.0,0.0,30.0,0.0,0.0,0.0,0.0
19489,28.2699503,0.0,0.0,30.0,0.0,0.0,0.0,0.0
19490,28.2763184,0.0,0.0,30.0,0.0,0.0,0.0,0.0
19491,28.2832092,0.0,0.0,30.0,0.0,0.0,0.0,0.0
19492,28.2906656,0.0,0.0,30.0,0.0,0.0,0.0,0.0
19493,28.2987341,0.0,0.0,30.0,0.0,0.0,0.0,0.0
19494,28.3074649,0.0,0.0,30.0,0.0,0.0,0.0,0.0
19495,28.3169124,0.0,0.0,30.0,0.0,0.0,0.0,0.0
19496,28.3271354,0.0,0.0,30.0,0.0,0.0,0.0,0.0
19497,28.3381975,0.0,0.0,30.0,0.0,0.0,0.0,0.0
19498,28.3501677,0.0,0.0,30.0,0.0,0.0,0.0,0.0
19499,28.3631205,0.0,0.0,30.0,0.0,0.0,0.0,0.0
19500,28.3771365,0.0,0.0,30.0,0.0,0.0,0.0,0.0
19501,28.3923031,0.0,0.0,30.0,0.0,0.0,0.0,0.0
19502,28.4087147,0.0,0.0,30.0,0.0,0.0,0.0,0.0
19503,28.4264734,0.0,0.0,30.0,0.0,0.0,0.0,0.0
19504,28.4456899,0.0,0.0,30.0,0.0,0.0,0.0,0.0
19505,28.4664838,0.0,0.0,30.0,0.0,0.0,0.0,0.0
19506,28.4889846,0.0,0.0,30.0,0.0,0.0,0.0,0.0
19507,28.5133327,0.0,0.0,30.0,0.0,0.0,0.0,0.0
19508,28.5396796,0.0,0.0,30.0,0.0,0.0,0.0,0.0
19509,28.5681877,0.0,0.0,30.0,0.0,0.0,0.0,0.0
19510,28.5990353,0.0,0.0,30.0,0.0,0.0,0.0,0.0
19511,28.6324232,0.0,0.0,30.0,0.0,0.0,0.0,0.0
19512,28.6685541,0.0,0.0,30.0,0.0,0.0,0.0,0.0
19513,28.7076104,0.0,0.0,30.0,0.0,0.0,0.0,0.0
19514,28.7498654,0.0,0.0,30.0,0.0,0.0,0.0,0.0
19515,28.7957909,0.0,0.0,30.0,0.0,0.0,0.0,0.0
19516,28.8455011,0.0,0.0,30.0,0.0,0.0,0.0,0.0
19517,28.8982884,0.0,0.0,30.0,0.0,0.0,0.0,0.0
19518,28.9554422,0.0,0.0,30.0,0.0,0.0,0.0,0.0
19519,29.0222635,0.0,0.0,30.0,0.0,0.0,0.0,0.0
19520,29.0938774,0.0,0.0,30.0,0.0,0.0,0.0,0.0
19521,29.1467465,0.0,0.0,30.0,0.0,0.0,0.0,0.0
19522,29.2100069,0.0,0.0,30.0,0.0,0.0,0.0,0.0
19523,29.4000236,0.0,0.0,30.0,0.0,0.0,0.0,0.0
19524,29.5627604,0.0,0.0,30.0,0.0,0.0,0.0,0.0
19525,29.138236,0.0,0.0,30.0,0.0,0.0,0.0,0.0
19526,29.0148353,0.0,0.0,30.0,0.0,0.0,0.0,0.0
19527,29.9065165,0.0,0.0,30.0,0.0,0.0,0.0,0.0
19528,30.0,0.0,0.0,30.0,0.0,0.0,0.0,0.0
19529,30.0,0.0,0.0,30.0,0.0,0.0,0.0,0.0
19530,23.8910993,0.0,0.0,30.0,0.0,0.0,0.0,0.0
19531,23.6889107,0.0,0.0,30.0,0.0,0.0,0.0,0.0
19532,0.0,0.0,0.0,0.0,0.0,0.0,0.0,0.0
19533,30.0,0.0,0.0,4.24215555,0.0,0.0,0.0,0.0
19534,30.0,0.0,0.0,6.21558261,0.0,0.0,0.0,0.0
19535,0.0,0.0,0.0,16.821143,0.0,0.0,0.0,0.0
19536,0.0,0.0,0.0,22.0224509,0.0,0.0,0.0,0.0
19537,0.0,0.0,0.0,23.4858191,0.0,0.0,0.0,0.0
19538,0.0,0.0,0.0,23.9723774,0.0,0.0,0.0,0.0
19539,0.0,0.0,0.0,24.8689566,0.0,0.0,0.0,0.0
19540,0.0,0.0,0.0,25.7150738,0.0,0.0,0.0,0.0
19541,0.0,0.0,0.0,26.3186973,0.0,0.0,0.0,0.0
19542,0.0,0.0,0.0,26.7653254,0.0,0.0,0.0,0.0
19543,0.0,0.0,0.0,27.0895284,0.0,0.0,0.0,0.0
19544,0.0,0.0,0.0,27.2822035,0.0,0.0,0.0,0.0
19545,0.0,0.0,0.0,27.3413161,0.0,0.0,0.0,0.0
19546,0.0,0.0,0.0,27.2695901,0.0,0.0,0.0,0.0
19547,0.0,0.0,0.0,27.0673952,0.0,0.0,0.0,0.0
19548,0.0,0.0,0.0,26.7324818,0.0,0.0,0.0,0.0
19549,0.0,0.0,0.0,26.256775,0.0,0.0,0.0,0.0
19550,0.0,0.0,0.0,25.6323564,0.0,0.0,0.0,0.0
19551,0.0,0.0,0.0,24.8783767,0.0,0.0,0.0,0.0
19552,0.0,0.0,0.0,23.9967867,0.0,0.0,0.0,0.0
19553,0.0,0.0,0.0,22.8047231,0.0,0.0,0.0,0.0
19554,0.0,0.0,0.0,21.247438,0.0,0.0,0.0,0.0
19555,0.0,0.0,0.0,20.4247573,0.0,0.0,0.0,0.0
19556,0.0,0.0,0.0,20.4007986,0.0,0.0,0.0,0.0
19557,0.0,0.0,0.0,13.9581131,0.0,0.0,0.0,0.0
19558,0.0,0.0,0.0,1.89195953,0.0,0.0,0.0,0.0
19559,0.0,0.0,0.0,5.90614328,0.0,0.0,0.0,0.0
19560,30.0,0.0,0.0,30.0,0.0,0.0,0.0,0.0
19561,30.0,0.0,0.0,30.0,0.0,0.0,0.0,0.0
19562,30.0,0.0,0.0,30.0,0.0,0.0,0.0,0.0
19563,30.0,0.0,0.0,30.0,0.0,0.0,0.0,0.0
19564,30.0,0.0,0.0,30.0,0.0,0.0,0.0,0.0
19565,30.0,0.0,0.0,30.0,0.0,0.0,0.0,0.0
19566,30.0,0.0,0.0,30.0,0.0,0.0,0.0,0.0
19567,30.0,0.0,0.0,30.0,0.0,0.0,0.0,0.0
19568,30.0,0.0,0.0,30.0,0.0,0.0,0.0,0.0
19569,30.0,0.0,0.0,30.0,0.0,0.0,0.0,0.0
19570,30.0,0.0,0.0,30.0,0.0,0.0,0.0,0.0
19571,30.0,0.0,0.0,30.0,0.0,0.0,0.0,0.0
19572,28.7631917,0.0,0.0,30.0,0.0,0.0,0.0,0.0
19573,23.5071464,0.0,0.0,30.0,0.0,0.0,0.0,0.0
19574,24.4810295,0.0,0.0,30.0,0.0,0.0,0.0,0.0
19575,30.0,0.0,0.0,30.0,0.0,0.0,0.0,0.0
19576,30.0,0.0,0.0,30.0,0.0,0.0,0.0,0.0
19577,30.0,0.0,0.0,30.0,0.0,0.0,0.0,0.0
19578,30.0,0.0,0.0,30.0,0.0,0.0,0.0,0.0
19579,30.0,0.0,0.0,30.0,0.0,0.0,0.0,0.0
19580,29.3428211,0.0,0.0,30.0,0.0,0.0,0.0,0.0
19581,28.9123013,0.0,0.0,30.0,0.0,0.0,0.0,0.0
19582,28.8323665,0.0,0.0,30.0,0.0,0.0,0.0,0.0
19583,28.6408366,0.0,0.0,30.0,0.0,0.0,0.0,0.0
19584,28.6215593,0.0,0.0,30.0,0.0,0.0,0.0,0.0
19585,28.6172925,0.0,0.0,30.0,0.0,0.0,0.0,0.0
19586,28.5814906,0.0,0.0,30.0,0.0,0.0,0.0,0.0
19587,28.5463496,0.0,0.0,30.0,0.0,0.0,0.0,0.0
19588,28.5203377,0.0,0.0,30.0,0.0,0.0,0.0,0.0
19589,28.496575,0.0,0.0,30.0,0.0,0.0,0.0,0.0
19590,28.4733069,0.0,0.0,30.0,0.0,0.0,0.0,0.0
19591,28.4517763,0.0,0.0,30.0,0.0,0.0,0.0,0.0
19592,28.4321432,0.0,0.0,30.0,0.0,0.0,0.0,0.0
19593,28.4139995,0.0,0.0,30.0,0.0,0.0,0.0,0.0
19594,28.3971791,0.0,0.0,30.0,0.0,0.0,0.0,0.0
19595,28.3816359,0.0,0.0,30.0,0.0,0.0,0.0,0.0
19596,28.3672826,0.0,0.0,30.0,0.0,0.0,0.0,0.0
19597,28.3540178,0.0,0.0,30.0,0.0,0.0,0.0,0.0
19598,28.3417573,0.0,0.0,30.0,0.0,0.0,0.0,0.0
19599,28.3304271,0.0,0.0,30.0,0.0,0.0,0.0,0.0
19600,28.319957,0.0,0.0,30.0,0.0,0.0,0.0,0.0
19601,28.3102813,0.0,0.0,30.0,0.0,0.0,0.0,0.0
19602,28.3013398,0.0,0.0,30.0,0.0,0.0,0.0,0.0
19603,28.2930767,0.0,0.0,30.0,0.0,0.0,0.0,0.0
19604,28.2854407,0.0,0.0,30.0,0.0,0.0,0.0,0.0
19605,28.2783842,0.0,0.0,30.0,0.0,0.0,0.0,0.0
19606,28.2718632,0.0,0.0,30.0,0.0,0.0,0.0,0.0
19607,28.2658372,0.0,0.0,30.0,0.0,0.0,0.0,0.0
19608,28.2602687,0.0,0.0,30.0,0.0,0.0,0.0,0.0
19609,28.2551228,0.0,0.0,30.0,0.0,0.0,0.0,0.0
19610,28.2503677,0.0,0.0,30.0,0.0,0.0,0.0,0.0
19611,28.2459737,0.0,0.0,30.0,0.0,0.0,0.0,0.0
19612,28.2419135,0.0,0.0,30.0,0.0,0.0,0.0,0.0
19613,28.2381617,0.0,0.0,30.0,0.0,0.0,0.0,0.0
19614,28.234695,0.0,0.0,30.0,0.0,0.0,0.0,0.0
19615,28.2314918,0.0,0.0,30.0,0.0,0.0,0.0,0.0
19616,28.2285321,0.0,0.0,30.0,0.0,0.0,0.0,0.0
19617,28.2257976,0.0,0.0,30.0,0.0,0.0,0.0,0.0
19618,28.2232711,0.0,0.0,30.0,0.0,0.0,0.0,0.0
19619,28.2209371,0.0,0.0,30.0,0.0,0.0,0.0,0.0
19620,28.2187809,0.0,0.0,30.0,0.0,0.0,0.0,0.0
19621,28.216789,0.0,0.0,30.0,0.0,0.0,0.0,0.0
19622,28.2149492,0.0,0.0,30.0,0.0,0.0,0.0,0.0
19623,28.2132499,0.0,0.0,30.0,0.0,0.0,0.0,0.0
19624,28.2116806,0.0,0.0,30.0,0.0,0.0,0.0,0.0
19625,28.2102315,0.0,0.0,30.0,0.0,0.0,0.0,0.0
19626,28.2088935,0.0,0.0,30.0,0.0,0.0,0.0,0.0
19627,28.2076584,0.0,0.0,30.0,0.0,0.0,0.0,0.0
19628,28.2065184,0.0,0.0,30.0,0.0,0.0,0.0,0.0
19629,28.2054664,0.0,0.0,30.0,0.0,0.0,0.0,0.0
19630,28.204496,0.0,0.0,30.0,0.0,0.0,0.0,0.0
19631,28.203601,0.0,0.0,30.0,0.0,0.0,0.0,0.0
19632,28.2027758,0.0,0.0,30.0,0.0,0.0,0.0,0.0
19633,28.2020154,0.0,0.0,30.0,0.0,0.0,0.0,0.0
19634,28.201315,0.0,0.0,30.0,0.0,0.0,0.0,0.0
19635,28.2006702,0.0,0.0,30.0,0.0,0.0,0.0,0.0
19636,28.2000771,0.0,0.0,30.0,0.0,0.0,0.0,0.0
19637,28.1995319,0.0,0.0,30.0,0.0,0.0,0.0,0.0
19638,28.1990312,0.0,0.0,30.0,0.0,0.0,0.0,0.0
19639,28.1985719,0.0,0.0,30.0,0.0,0.0,0.0,0.0
19640,28.1981512,0.0,0.0,30.0,0.0,0.0,0.0,0.0
19641,28.1977665,0.0,0.0,30.0,0.0,0.0,0.0,0.0
19642,28.1974152,0.0,0.0,30.0,0.0,0.0,0.0,0.0
19643,28.1970954,0.0,0.0,30.0,0.0,0.0,0.0,0.0
19644,28.1968048,0.0,0.0,30.0,0.0,0.0,0.0,0.0
19645,28.1965419,0.0,0.0,30.0,0.0,0.0,0.0,0.0
19646,28.1963048,0.0,0.0,30.0,0.0,0.0,0.0,0.0
19647,28.1960922,0.0,0.0,30.0,0.0,0.0,0.0,0.0
19648,28.1959027,0.0,0.0,30.0,0.0,0.0,0.0,0.0
19649,28.1957351,0.0,0.0,30.0,0.0,0.0,0.0,0.0
19650,28.1955884,0.0,0.0,30.0,0.0,0.0,0.0,0.0
19651,28.1954617,0.0,0.0,30.0,0.0,0.0,0.0,0.0
19652,28.1953541,0.0,0.0,30.0,0.0,0.0,0.0,0.0
19653,28.1952651,0.0,0.0,30.0,0.0,0.0,0.0,0.0
19654,28.195194,0.0,0.0,30.0,0.0,0.0,0.0,0.0
19655,28.1951405,0.0,0.0,30.0,0.0,0.0,0.0,0.0
19656,28.1951041,0.0,0.0,30.0,0.0,0.0,0.0,0.0
19657,28.1950847,0.0,0.0,30.0,0.0,0.0,0.0,0.0
19658,28.1950822,0.0,0.0,30.0,0.0,0.0,0.0,0.0
19659,28.1950964,0.0,0.0,30.0,0.0,0.0,0.0,0.0
19660,28.1951276,0.0,0.0,30.0,0.0,0.0,0.0,0.0
19661,28.1951759,0.0,0.0,30.0,0.0,0.0,0.0,0.0
19662,28.1952416,0.0,0.0,30.0,0.0,0.0,0.0,0.0
19663,28.1953251,0.0,0.0,30.0,0.0,0.0,0.0,0.0
19664,28.1954269,0.0,0.0,30.0,0.0,0.0,0.0,0.0
19665,28.1955477,0.0,0.0,30.0,0.0,0.0,0.0,0.0
19666,28.1956882,0.0,0.0,30.0,0.0,0.0,0.0,0.0
19667,28.1958493,0.0,0.0,30.0,0.0,0.0,0.0,0.0
19668,28.196032,0.0,0.0,30.0,0.0,0.0,0.0,0.0
19669,28.1962374,0.0,0.0,30.0,0.0,0.0,0.0,0.0
19670,28.1964669,0.0,0.0,30.0,0.0,0.0,0.0,0.0
19671,28.1967218,0.0,0.0,30.0,0.0,0.0,0.0,0.0
19672,28.1970037,0.0,0.0,30.0,0.0,0.0,0.0,0.0
19673,28.1973145,0.0,0.0,30.0,0.0,0.0,0.0,0.0
19674,28.1976559,0.0,0.0,30.0,0.0,0.0,0.0,0.0
19675,28.1980302,0.0,0.0,30.0,0.0,0.0,0.0,0.0
19676,28.1984397,0.0,0.0,30.0,0.0,0.0,0.0,0.0
19677,28.1988869,0.0,0.0,30.0,0.0,0.0,0.0,0.0
19678,28.1993746,0.0,0.0,30.0,0.0,0.0,0.0,0.0
19679,28.1999059,0.0,0.0,30.0,0.0,0.0,0.0,0.0
19680,28.2004841,0.0,0.0,30.0,0.0,0.0,0.0,0.0
19681,28.2011127,0.0,0.0,30.0,0.0,0.0,0.0,0.0
19682,28.2017957,0.0,0.0,30.0,0.0,0.0,0.0,0.0
19683,28.2025373,0.0,0.0,30.0,0.0,0.0,0.0,0.0
19684,28.2033422,0.0,0.0,30.0,0.0,0.0,0.0,0.0
19685,28.2042153,0.0,0.0,30.0,0.0,0.0,0.0,0.0
19686,28.2051621,0.0,0.0,30.0,0.0,0.0,0.0,0.0
19687,28.2061886,0.0,0.0,30.0,0.0,0.0,0.0,0.0
19688,28.207301,0.0,0.0,30.0,0.0,0.0,0.0,0.0
19689,28.2085063,0.0,0.0,30.0,0.0,0.0,0.0,0.0
19690,28.2098121,0.0,0.0,30.0,0.0,0.0,0.0,0.0
19691,28.2112264,0.0,0.0,30.0,0.0,0.0,0.0,0.0
19692,28.2127581,0.0,0.0,30.0,0.0,0.0,0.0,0.0
19693,28.2144167,0.0,0.0,30.0,0.0,0.0,0.0,0.0
19694,28.2162125,0.0,0.0,30.0,0.0,0.0,0.0,0.0
19695,28.2181567,0.0,0.0,30.0,0.0,0.0,0.0,0.0
19696,28.2202615,0.0,0.0,30.0,0.0,0.0,0.0,0.0
19697,28.2225399,0.0,0.0,30.0,0.0,0.0,0.0,0.0
19698,28.2250061,0.0,0.0,30.0,0.0,0.0,0.0,0.0
19699,28.2276754,0.0,0.0,30.0,0.0,0.0,0.0,0.0
19700,28.2305646,0.0,0.0,30.0,0.0,0.0,0.0,0.0
19701,28.2336916,0.0,0.0,30.0,0.0,0.0,0.0,0.0
19702,28.2370758,0.0,0.0,30.0,0.0,0.0,0.0,0.0
19703,28.2407384,0.0,0.0,30.0,0.0,0.0,0.0,0.0
19704,28.2447021,0.0,0.0,30.0,0.0,0.0,0.0,0.0
19705,28.2489917,0.0,0.0,30.0,0.0,0.0,0.0,0.0
19706,28.2536338,0.0,0.0,30.0,0.0,0.0,0.0,0.0
19707,28.2586573,0.0,0.0,30.0,0.0,0.0,0.0,0.0
19708,28.2640936,0.0,0.0,30.0,0.0,0.0,0.0,0.0
19709,28.2699765,0.0,0.0,30.0,0.0,0.0,0.0,0.0
19710,28.2763426,0.0,0.0,30.0,0.0,0.0,0.0,0.0
19711,28.2832315,0.0,0.0,30.0,0.0,0.0,0.0,0.0
19712,28.2906863,0.0,0.0,30.0,0.0,0.0,0.0,0.0
19713,28.2987532,0.0,0.0,30.0,0.0,0.0,0.0,0.0
19714,28.3074826,0.0,0.0,30.0,0.0,0.0,0.0,0.0
19715,28.3169287,0.0,0.0,30.0,0.0,0.0,0.0,0.0
19716,28.3271504,0.0,0.0,30.0,0.0,0.0,0.0,0.0
19717,28.3382114,0.0,0.0,30.0,0.0,0.0,0.0,0.0
19718,28.3501806,0.0,0.0,30.0,0.0,0.0,0.0,0.0
19719,28.3631324,0.0,0.0,30.0,0.0,0.0,0.0,0.0
19720,28.3771475,0.0,0.0,30.0,0.0,0.0,0.0,0.0
19721,28.3923132,0.0,0.0,30.0,0.0,0.0,0.0,0.0
19722,28.408724,0.0,0.0,30.0,0.0,0.0,0.0,0.0
19723,28.4264821,0.0,0.0,30.0,0.0,0.0,0.0,0.0
19724,28.4456979,0.0,0.0,30.0,0.0,0.0,0.0,0.0
19725,28.4664912,0.0,0.0,30.0,0.0,0.0,0.0,0.0
19726,28.4889914,0.0,0.0,30.0,0.0,0.0,0.0,0.0
19727,28.513339,0.0,0.0,30.0,0.0,0.0,0.0,0.0
19728,28.5396854,0.0,0.0,30.0,0.0,0.0,0.0,0.0
19729,28.568193,0.0,0.0,30.0,0.0,0.0,0.0,0.0
19730,28.5990402,0.0,0.0,30.0,0.0,0.0,0.0,0.0
19731,28.6324277,0.0,0.0,30.0,0.0,0.0,0.0,0.0
19732,28.6685583,0.0,0.0,30.0,0.0,0.0,0.0,0.0
19733,28.7076143,0.0,0.0,30.0,0.0,0.0,0.0,0.0
19734,28.749869,0.0,0.0,30.0,0.0,0.0,0.0,0.0
19735,28.7957942,0.0,0.0,30.0,0.0,0.0,0.0,0.0
19736,28.8455041,0.0,0.0,30.0,0.0,0.0,0.0,0.0
19737,28.8982912,0.0,0.0,30.0,0.0,0.0,0.0,0.0
19738,28.9554447,0.0,0.0,30.0,0.0,0.0,0.0,0.0
19739,29.0222659,0.0,0.0,30.0,0.0,0.0,0.0,0.0
19740,29.0938795,0.0,0.0,30.0,0.0,0.0,0.0,0.0
19741,29.1467485,0.0,0.0,30.0,0.0,0.0,0.0,0.0
19742,29.2100087,0.0,0.0,30.0,0.0,0.0,0.0,0.0
19743,29.4000252,0.0,0.0,30.0,0.0,0.0,0.0,0.0
19744,29.5627618,0.0,0.0,30.0,0.0,0.0,0.0,0.0
19745,29.1382372,0.0,0.0,30.0,0.0,0.0,0.0,0.0
19746,29.0148366,0.0,0.0,30.0,0.0,0.0,0.0,0.0
19747,29.9065178,0.0,0.0,30.0,0.0,0.0,0.0,0.0
19748,30.0,0.0,0.0,30.0,0.0,0.0,0.0,0.0
19749,30.0,0.0,0.0,30.0,0.0,0.0,0.0,0.0
19750,23.8911033,0.0,0.0,30.0,0.0,0.0,0.0,0.0
19751,23.6889134,0.0,0.0,30.0,0.0,0.0,0.0,0.0
19752,0.0,0.0,0.0,0.0,0.0,0.0,0.0,0.0
19753,30.0,0.0,0.0,4.3794725,0.0,0.0,0.0,0.0
19754,30.0,0.0,0.0,6.38062664,0.0,0.0,0.0,0.0
19755,0.0,0.0,0.0,17.0023289,0.0,0.0,0.0,0.0
19756,0.0,0.0,0.0,22.276036,0.0,0.0,0.0,0.0
19757,0.0,0.0,0.0,23.7845316,0.0,0.0,0.0,0.0
19758,0.0,0.0,0.0,24.3122878,0.0,0.0,0.0,0.0
19759,0.0,0.0,0.0,25.2589556,0.0,0.0,0.0,0.0
19760,0.0,0.0,0.0,26.1607796,0.0,0.0,0.0,0.0
19761,0.0,0.0,0.0,26.8245704,0.0,0.0,0.0,0.0
19762,0.0,0.0,0.0,27.3371807,0.0,0.0,0.0,0.0
19763,0.0,0.0,0.0,27.7342179,0.0,0.0,0.0,0.0
19764,0.0,0.0,0.0,28.0073367,0.0,0.0,0.0,0.0
19765,0.0,0.0,0.0,28.1554345,0.0,0.0,0.0,0.0
19766,0.0,0.0,0.0,28.1822492,0.0,0.0,0.0,0.0
19767,0.0,0.0,0.0,28.0891725,0.0,0.0,0.0,0.0
19768,0.0,0.0,0.0,27.8755887,0.0,0.0,0.0,0.0
19769,0.0,0.0,0.0,27.5357145,0.0,0.0,0.0,0.0
19770,0.0,0.0,0.0,27.0608137,0.0,0.0,0.0,0.0
19771,0.0,0.0,0.0,26.4666364,0.0,0.0,0.0,0.0
19772,0.0,0.0,0.0,25.7734567,0.0,0.0,0.0,0.0
19773,0.0,0.0,0.0,24.8311033,0.0,0.0,0.0,0.0
19774,0.0,0.0,0.0,23.4766949,0.0,0.0,0.0,0.0
19775,0.0,0.0,0.0,22.634833,0.0,0.0,0.0,0.0
19776,0.0,0.0,0.0,23.1149744,0.0,0.0,0.0,0.0
19777,0.0,0.0,0.0,18.7244334,0.0,0.0,0.0,0.0
19778,0.0,0.0,0.0,5.26402107,0.0,0.0,0.0,0.0
19779,0.0,0.0,0.0,6.88804934,0.0,0.0,0.0,0.0
19780,30.0,0.0,0.0,30.0,0.0,0.0,0.0,0.0
19781,30.0,0.0,0.0,30.0,0.0,0.0,0.0,0.0
19782,30.0,0.0,0.0,30.0,0.0,0.0,0.0,0.0
19783,30.0,0.0,0.0,30.0,0.0,0.0,0.0,0.0
19784,30.0,0.0,0.0,30.0,0.0,0.0,0.0,0.0
19785,28.3282336,0.0,0.0,30.0,0.0,0.0,0.0,0.0
19786,28.097196,0.0,0.0,30.0,0.0,0.0,0.0,0.0
19787,30.0,0.0,0.0,30.0,0.0,0.0,0.0,0.0
19788,30.0,0.0,0.0,30.0,0.0,0.0,0.0,0.0
19789,30.0,0.0,0.0,30.0,0.0,0.0,0.0,0.0
19790,30.0,0.0,0.0,30.0,0.0,0.0,0.0,0.0
19791,30.0,0.0,0.0,30.0,0.0,0.0,0.0,0.0
19792,30.0,0.0,0.0,30.0,0.0,0.0,0.0,0.0
19793,30.0,0.0,0.0,30.0,0.0,0.0,0.0,0.0
19794,30.0,0.0,0.0,30.0,0.0,0.0,0.0,0.0
19795,30.0,0.0,0.0,30.0,0.0,0.0,0.0,0.0
19796,30.0,0.0,0.0,30.0,0.0,0.0,0.0,0.0
19797,30.0,0.0,0.0,30.0,0.0,0.0,0.0,0.0
19798,30.0,0.0,0.0,30.0,0.0,0.0,0.0,0.0
19799,30.0,0.0,0.0,30.0,0.0,0.0,0.0,0.0
19800,29.1730887,0.0,0.0,30.0,0.0,0.0,0.0,0.0
19801,29.1638579,0.0,0.0,30.0,0.0,0.0,0.0,0.0
19802,29.2507659,0.0,0.0,30.0,0.0,0.0,0.0,0.0
19803,28.9544164,0.0,0.0,30.0,0.0,0.0,0.0,0.0
19804,28.875044,0.0,0.0,30.0,0.0,0.0,0.0,0.0
19805,28.8670618,0.0,0.0,30.0,0.0,0.0,0.0,0.0
19806,28.819296,0.0,0.0,30.0,0.0,0.0,0.0,0.0
19807,28.7628402,0.0,0.0,30.0,0.0,0.0,0.0,0.0
19808,28.7190685,0.0,0.0,30.0,0.0,0.0,0.0,0.0
19809,28.6809188,0.0,0.0,30.0,0.0,0.0,0.0,0.0
19810,28.6439211,0.0,0.0,30.0,0.0,0.0,0.0,0.0
19811,28.6093037,0.0,0.0,30.0,0.0,0.0,0.0,0.0
19812,28.5776726,0.0,0.0,30.0,0.0,0.0,0.0,0.0
19813,28.5485192,0.0,0.0,30.0,0.0,0.0,0.0,0.0
19814,28.5215033,0.0,0.0,30.0,0.0,0.0,0.0,0.0
19815,28.4965227,0.0,0.0,30.0,0.0,0.0,0.0,0.0
19816,28.4734525,0.0,0.0,30.0,0.0,0.0,0.0,0.0
19817,28.4521351,0.0,0.0,30.0,0.0,0.0,0.0,0.0
19818,28.4324318,0.0,0.0,30.0,0.0,0.0,0.0,0.0
19819,28.4142229,0.0,0.0,30.0,0.0,0.0,0.0,0.0
19820,28.3973961,0.0,0.0,30.0,0.0,0.0,0.0,0.0
19821,28.381846,0.0,0.0,30.0,0.0,0.0,0.0,0.0
19822,28.3674755,0.0,0.0,30.0,0.0,0.0,0.0,0.0
19823,28.3541955,0.0,0.0,30.0,0.0,0.0,0.0,0.0
19824,28.341923,0.0,0.0,30.0,0.0,0.0,0.0,0.0
19825,28.3305818,0.0,0.0,30.0,0.0,0.0,0.0,0.0
19826,28.3201012,0.0,0.0,30.0,0.0,0.0,0.0,0.0
19827,28.3104159,0.0,0.0,30.0,0.0,0.0,0.0,0.0
19828,28.3014656,0.0,0.0,30.0,0.0,0.0,0.0,0.0
19829,28.2931947,0.0,0.0,30.0,0.0,0.0,0.0,0.0
19830,28.2855515,0.0,0.0,30.0,0.0,0.0,0.0,0.0
19831,28.2784884,0.0,0.0,30.0,0.0,0.0,0.0,0.0
19832,28.2719616,0.0,0.0,30.0,0.0,0.0,0.0,0.0
19833,28.2659304,0.0,0.0,30.0,0.0,0.0,0.0,0.0
19834,28.2603572,0.0,0.0,30.0,0.0,0.0,0.0,0.0
19835,28.2552072,0.0,0.0,30.0,0.0,0.0,0.0,0.0
19836,28.2504485,0.0,0.0,30.0,0.0,0.0,0.0,0.0
19837,28.2460514,0.0,0.0,30.0,0.0,0.0,0.0,0.0
19838,28.2419886,0.0,0.0,30.0,0.0,0.0,0.0,0.0
19839,28.2382346,0.0,0.0,30.0,0.0,0.0,0.0,0.0
19840,28.2347662,0.0,0.0,30.0,0.0,0.0,0.0,0.0
19841,28.2315617,0.0,0.0,30.0,0.0,0.0,0.0,0.0
19842,28.2286013,0.0,0.0,30.0,0.0,0.0,0.0,0.0
19843,28.2258663,0.0,0.0,30.0,0.0,0.0,0.0,0.0
19844,28.2233399,0.0,0.0,30.0,0.0,0.0,0.0,0.0
19845,28.2210063,0.0,0.0,30.0,0.0,0.0,0.0,0.0
19846,28.218851,0.0,0.0,30.0,0.0,0.0,0.0,0.0
19847,28.2168605,0.0,0.0,30.0,0.0,0.0,0.0,0.0
19848,28.2150224,0.0,0.0,30.0,0.0,0.0,0.0,0.0
19849,28.2133253,0.0,0.0,30.0,0.0,0.0,0.0,0.0
19850,28.2117587,0.0,0.0,30.0,0.0,0.0,0.0,0.0
19851,28.2103127,0.0,0.0,30.0,0.0,0.0,0.0,0.0
19852,28.2089784,0.0,0.0,30.0,0.0,0.0,0.0,0.0
19853,28.2077475,0.0,0.0,30.0,0.0,0.0,0.0,0.0
19854,28.2066123,0.0,0.0,30.0,0.0,0.0,0.0,0.0
19855,28.2055656,0.0,0.0,30.0,0.0,0.0,0.0,0.0
19856,28.2046011,0.0,0.0,30.0,0.0,0.0,0.0,0.0
19857,28.2037127,0.0,0.0,30.0,0.0,0.0,0.0,0.0
19858,28.2028949,0.0,0.0,30.0,0.0,0.0,0.0,0.0
19859,28.2021425,0.0,0.0,30.0,0.0,0.0,0.0,0.0
19860,28.2014509,0.0,0.0,30.0,0.0,0.0,0.0,0.0
19861,28.2008158,0.0,0.0,30.0,0.0,0.0,0.0,0.0
19862,28.2002333,0.0,0.0,30.0,0.0,0.0,0.0,0.0
19863,28.1996996,0.0,0.0,30.0,0.0,0.0,0.0,0.0
19864,28.1992115,0.0,0.0,30.0,0.0,0.0,0.0,0.0
19865,28.198766,0.0,0.0,30.0,0.0,0.0,0.0,0.0
19866,28.1983602,0.0,0.0,30.0,0.0,0.0,0.0,0.0
19867,28.1979916,0.0,0.0,30.0,0.0,0.0,0.0,0.0
19868,28.197658,0.0,0.0,30.0,0.0,0.0,0.0,0.0
19869,28.1973573,0.0,0.0,30.0,0.0,0.0,0.0,0.0
19870,28.1970875,0.0,0.0,30.0,0.0,0.0,0.0,0.0
19871,28.1968471,0.0,0.0,30.0,0.0,0.0,0.0,0.0
19872,28.1966344,0.0,0.0,30.0,0.0,0.0,0.0,0.0
19873,28.1964483,0.0,0.0,30.0,0.0,0.0,0.0,0.0
19874,28.1962875,0.0,0.0,30.0,0.0,0.0,0.0,0.0
19875,28.196151,0.0,0.0,30.0,0.0,0.0,0.0,0.0
19876,28.1960379,0.0,0.0,30.0,0.0,0.0,0.0,0.0
19877,28.1959477,0.0,0.0,30.0,0.0,0.0,0.0,0.0
19878,28.1958797,0.0,0.0,30.0,0.0,0.0,0.0,0.0
19879,28.1958334,0.0,0.0,30.0,0.0,0.0,0.0,0.0
19880,28.1958087,0.0,0.0,30.0,0.0,0.0,0.0,0.0
19881,28.1958053,0.0,0.0,30.0,0.0,0.0,0.0,0.0
19882,28.1958232,0.0,0.0,30.0,0.0,0.0,0.0,0.0
19883,28.1958626,0.0,0.0,30.0,0.0,0.0,0.0,0.0
19884,28.1959236,0.0,0.0,30.0,0.0,0.0,0.0,0.0
19885,28.1960067,0.0,0.0,30.0,0.0,0.0,0.0,0.0
19886,28.1961124,0.0,0.0,30.0,0.0,0.0,0.0,0.0
19887,28.1962413,0.0,0.0,30.0,0.0,0.0,0.0,0.0
19888,28.1963943,0.0,0.0,30.0,0.0,0.0,0.0,0.0
19889,28.1965722,0.0,0.0,30.0,0.0,0.0,0.0,0.0
19890,28.1967763,0.0,0.0,30.0,0.0,0.0,0.0,0.0
19891,28.1970077,0.0,0.0,30.0,0.0,0.0,0.0,0.0
19892,28.197268,0.0,0.0,30.0,0.0,0.0,0.0,0.0
19893,28.1975586,0.0,0.0,30.0,0.0,0.0,0.0,0.0
19894,28.1978816,0.0,0.0,30.0,0.0,0.0,0.0,0.0
19895,28.1982387,0.0,0.0,30.0,0.0,0.0,0.0,0.0
19896,28.1986324,0.0,0.0,30.0,0.0,0.0,0.0,0.0
19897,28.199065,0.0,0.0,30.0,0.0,0.0,0.0,0.0
19898,28.1995392,0.0,0.0,30.0,0.0,0.0,0.0,0.0
19899,28.200058,0.0,0.0,30.0,0.0,0.0,0.0,0.0
19900,28.2006246,0.0,0.0,30.0,0.0,0.0,0.0,0.0
19901,28.2012426,0.0,0.0,30.0,0.0,0.0,0.0,0.0
19902,28.2019157,0.0,0.0,30.0,0.0,0.0,0.0,0.0
19903,28.2026482,0.0,0.0,30.0,0.0,0.0,0.0,0.0
19904,28.2034447,0.0,0.0,30.0,0.0,0.0,0.0,0.0
19905,28.20431,0.0,0.0,30.0,0.0,0.0,0.0,0.0
19906,28.2052497,0.0,0.0,30.0,0.0,0.0,0.0,0.0
19907,28.2062694,0.0,0.0,30.0,0.0,0.0,0.0,0.0
19908,28.2073757,0.0,0.0,30.0,0.0,0.0,0.0,0.0
19909,28.2085754,0.0,0.0,30.0,0.0,0.0,0.0,0.0
19910,28.2098759,0.0,0.0,30.0,0.0,0.0,0.0,0.0
19911,28.2112854,0.0,0.0,30.0,0.0,0.0,0.0,0.0
19912,28.2128126,0.0,0.0,30.0,0.0,0.0,0.0,0.0
19913,28.214467,0.0,0.0,30.0,0.0,0.0,0.0,0.0
19914,28.216259,0.0,0.0,30.0,0.0,0.0,0.0,0.0
19915,28.2181997,0.0,0.0,30.0,0.0,0.0,0.0,0.0
19916,28.2203012,0.0,0.0,30.0,0.0,0.0,0.0,0.0
19917,28.2225766,0.0,0.0,30.0,0.0,0.0,0.0,0.0
19918,28.22504,0.0,0.0,30.0,0.0,0.0,0.0,0.0
19919,28.2277068,0.0,0.0,30.0,0.0,0.0,0.0,0.0
19920,28.2305936,0.0,0.0,30.0,0.0,0.0,0.0,0.0
19921,28.2337184,0.0,0.0,30.0,0.0,0.0,0.0,0.0
19922,28.2371006,0.0,0.0,30.0,0.0,0.0,0.0,0.0
19923,28.2407613,0.0,0.0,30.0,0.0,0.0,0.0,0.0
19924,28.2447232,0.0,0.0,30.0,0.0,0.0,0.0,0.0
19925,28.2490112,0.0,0.0,30.0,0.0,0.0,0.0,0.0
19926,28.2536518,0.0,0.0,30.0,0.0,0.0,0.0,0.0
19927,28.258674,0.0,0.0,30.0,0.0,0.0,0.0,0.0
19928,28.264109,0.0,0.0,30.0,0.0,0.0,0.0,0.0
19929,28.2699907,0.0,0.0,30.0,0.0,0.0,0.0,0.0
19930,28.2763557,0.0,0.0,30.0,0.0,0.0,0.0,0.0
19931,28.2832437,0.0,0.0,30.0,0.0,0.0,0.0,0.0
19932,28.2906975,0.0,0.0,30.0,0.0,0.0,0.0,0.0
19933,28.2987636,0.0,0.0,30.0,0.0,0.0,0.0,0.0
19934,28.3074921,0.0,0.0,30.0,0.0,0.0,0.0,0.0
19935,28.3169375,0.0,0.0,30.0,0.0,0.0,0.0,0.0
19936,28.3271586,0.0,0.0,30.0,0.0,0.0,0.0,0.0
19937,28.338219,0.0,0.0,30.0,0.0,0.0,0.0,0.0
19938,28.3501875,0.0,0.0,30.0,0.0,0.0,0.0,0.0
19939,28.3631388,0.0,0.0,30.0,0.0,0.0,0.0,0.0
19940,28.3771535,0.0,0.0,30.0,0.0,0.0,0.0,0.0
19941,28.3923188,0.0,0.0,30.0,0.0,0.0,0.0,0.0
19942,28.4087291,0.0,0.0,30.0,0.0,0.0,0.0,0.0
19943,28.4264868,0.0,0.0,30.0,0.0,0.0,0.0,0.0
19944,28.4457023,0.0,0.0,30.0,0.0,0.0,0.0,0.0
19945,28.4664952,0.0,0.0,30.0,0.0,0.0,0.0,0.0
19946,28.4889951,0.0,0.0,30.0,0.0,0.0,0.0,0.0
19947,28.5133424,0.0,0.0,30.0,0.0,0.0,0.0,0.0
19948,28.5396886,0.0,0.0,30.0,0.0,0.0,0.0,0.0
19949,28.5681959,0.0,0.0,30.0,0.0,0.0,0.0,0.0
19950,28.5990429,0.0,0.0,30.0,0.0,0.0,0.0,0.0
19951,28.6324302,0.0,0.0,30.0,0.0,0.0,0.0,0.0
19952,28.6685606,0.0,0.0,30.0,0.0,0.0,0.0,0.0
19953,28.7076164,0.0,0.0,30.0,0.0,0.0,0.0,0.0
19954,28.7498709,0.0,0.0,30.0,0.0,0.0,0.0,0.0
19955,28.795796,0.0,0.0,30.0,0.0,0.0,0.0,0.0
19956,28.8455057,0.0,0.0,30.0,0.0,0.0,0.0,0.0
19957,28.8982927,0.0,0.0,30.0,0.0,0.0,0.0,0.0
19958,28.9554461,0.0,0.0,30.0,0.0,0.0,0.0,0.0
19959,29.0222671,0.0,0.0,30.0,0.0,0.0,0.0,0.0
19960,29.0938806,0.0,0.0,30.0,0.0,0.0,0.0,0.0
19961,29.1467496,0.0,0.0,30.0,0.0,0.0,0.0,0.0
19962,29.2100097,0.0,0.0,30.0,0.0,0.0,0.0,0.0
19963,29.4000261,0.0,0.0,30.0,0.0,0.0,0.0,0.0
19964,29.5627626,0.0,0.0,30.0,0.0,0.0,0.0,0.0
19965,29.1382378,0.0,0.0,30.0,0.0,0.0,0.0,0.0
19966,29.0148373,0.0,0.0,30.0,0.0,0.0,0.0,0.0
19967,29.9065185,0.0,0.0,30.0,0.0,0.0,0.0,0.0
19968,30.0,0.0,0.0,30.0,0.0,0.0,0.0,0.0
19969,30.0,0.0,0.0,30.0,0.0,0.0,0.0,0.0
19970,23.8911054,0.0,0.0,30.0,0.0,0.0,0.0,0.0
19971,23.6889149,0.0,0.0,30.0,0.0,0.0,0.0,0.0
19972,0.0,0.0,0.0,0.0,0.0,0.0,0.0,0.0
19973,30.0,0.0,0.0,3.96614481,0.0,0.0,0.0,0.0
19974,21.2353257,0.0,0.0,8.89237594,0.0,0.0,0.0,0.0
19975,0.0,0.0,0.0,16.2064358,0.0,0.0,0.0,0.0
19976,0.0,0.0,0.0,21.2830735,0.0,0.0,0.0,0.0
19977,0.0,0.0,0.0,22.6533876,0.0,0.0,0.0,0.0
19978,0.0,0.0,0.0,23.0460551,0.0,0.0,0.0,0.0
19979,0.0,0.0,0.0,23.828691,0.0,0.0,0.0,0.0
19980,0.0,0.0,0.0,24.5474817,0.0,0.0,0.0,0.0
19981,0.0,0.0,0.0,25.0114795,0.0,0.0,0.0,0.0
19982,0.0,0.0,0.0,25.3032495,0.0,0.0,0.0,0.0
19983,0.0,0.0,0.0,25.4551974,0.0,0.0,0.0,0.0
19984,0.0,0.0,0.0,25.456262,0.0,0.0,0.0,0.0
19985,0.0,0.0,0.0,25.302067,0.0,0.0,0.0,0.0
19986,0.0,0.0,0.0,24.9937423,0.0,0.0,0.0,0.0
19987,0.0,0.0,0.0,24.5295942,0.0,0.0,0.0,0.0
19988,0.0,0.0,0.0,23.8980444,0.0,0.0,0.0,0.0
19989,0.0,0.0,0.0,23.0838893,0.0,0.0,0.0,0.0
19990,0.0,0.0,0.0,22.1161125,0.0,0.0,0.0,0.0
19991,0.0,0.0,0.0,21.0263701,0.0,0.0,0.0,0.0
19992,0.0,0.0,0.0,19.5464488,0.0,0.0,0.0,0.0
19993,0.0,0.0,0.0,17.4247227,0.0,0.0,0.0,0.0
19994,0.0,0.0,0.0,16.3211561,0.0,0.0,0.0,0.0
19995,0.0,0.0,0.0,17.4294996,0.0,0.0,0.0,0.0
19996,0.0,0.0,0.0,13.1226371,0.0,0.0,0.0,0.0
19997,0.0,0.0,0.0,0.0,0.0,0.0,0.0,0.0
19998,0.0,0.0,0.0,0.0,0.0,0.0,0.0,0.0
19999,0.0,0.0,0.0,0.0,0.0,0.0,0.0,0.0
20000,30.0,0.0,0.0,30.0,0.0,0.0,0.0,0.0
20001,30.0,0.0,0.0,30.0,0.0,0.0,0.0,0.0
20002,30.0,0.0,0.0,30.0,0.0,0.0,0.0,0.0
20003,30.0,0.0,0.0,30.0,0.0,0.0,0.0,0.0
20004,30.0,0.0,0.0,30.0,0.0,0.0,0.0,0.0
20005,30.0,0.0,0.0,30.0,0.0,0.0,0.0,0.0
20006,30.0,0.0,0.0,30.0,0.0,0.0,0.0,0.0
20007,30.0,0.0,0.0,30.0,0.0,0.0,0.0,0.0
20008,26.3706323,0.0,0.0,30.0,0.0,0.0,0.0,0.0
20009,21.3760711,0.0,0.0,30.0,0.0,0.0,0.0,0.0
20010,22.2628093,0.0,0.0,30.0,0.0,0.0,0.0,0.0
20011,26.4922307,0.0,0.0,30.0,0.0,0.0,0.0,0.0
20012,18.196877,0.0,0.0,30.0,0.0,0.0,0.0,0.0
20013,18.1316768,0.0,0.0,30.0,0.0,0.0,0.0,0.0
20014,28.1178562,0.0,0.0,30.0,0.0,0.0,0.0,0.0
20015,30.0,0.0,0.0,30.0,0.0,0.0,0.0,0.0
20016,30.0,0.0,0.0,30.0,0.0,0.0,0.0,0.0
20017,30.0,0.0,0.0,30.0,0.0,0.0,0.0,0.0
20018,30.0,0.0,0.0,30.0,0.0,0.0,0.0,0.0
20019,30.0,0.0,0.0,30.0,0.0,0.0,0.0,0.0
20020,28.4454687,0.0,0.0,30.0,0.0,0.0,0.0,0.0
20021,28.1778277,0.0,0.0,30.0,0.0,0.0,0.0,0.0
20022,28.3437775,0.0,0.0,30.0,0.0,0.0,0.0,0.0
20023,28.1119474,0.0,0.0,30.0,0.0,0.0,0.0,0.0
20024,28.0978062,0.0,0.0,30.0,0.0,0.0,0.0,0.0
20025,28.1495548,0.0,0.0,30.0,0.0,0.0,0.0,0.0
20026,28.1559375,0.0,0.0,30.0,0.0,0.0,0.0,0.0
20027,28.1496542,0.0,0.0,30.0,0.0,0.0,0.0,0.0
20028,28.152458,0.0,0.0,30.0,0.0,0.0,0.0,0.0
20029,28.1573196,0.0,0.0,30.0,0.0,0.0,0.0,0.0
20030,28.160029,0.0,0.0,30.0,0.0,0.0,0.0,0.0
20031,28.1621137,0.0,0.0,30.0,0.0,0.0,0.0,0.0
20032,28.1644086,0.0,0.0,30.0,0.0,0.0,0.0,0.0
20033,28.1666061,0.0,0.0,30.0,0.0,0.0,0.0,0.0
20034,28.1685612,0.0,0.0,30.0,0.0,0.0,0.0,0.0
20035,28.1703543,0.0,0.0,30.0,0.0,0.0,0.0,0.0
20036,28.172027,0.0,0.0,30.0,0.0,0.0,0.0,0.0
20037,28.1735755,0.0,0.0,30.0,0.0,0.0,0.0,0.0
20038,28.1750034,0.0,0.0,30.0,0.0,0.0,0.0,0.0
20039,28.1763228,0.0,0.0,30.0,0.0,0.0,0.0,0.0
20040,28.1775428,0.0,0.0,30.0,0.0,0.0,0.0,0.0
20041,28.1786706,0.0,0.0,30.0,0.0,0.0,0.0,0.0
20042,28.1797129,0.0,0.0,30.0,0.0,0.0,0.0,0.0
20043,28.1806763,0.0,0.0,30.0,0.0,0.0,0.0,0.0
20044,28.1815669,0.0,0.0,30.0,0.0,0.0,0.0,0.0
20045,28.1823902,0.0,0.0,30.0,0.0,0.0,0.0,0.0
20046,28.1831512,0.0,0.0,30.0,0.0,0.0,0.0,0.0
20047,28.1838548,0.0,0.0,30.0,0.0,0.0,0.0,0.0
20048,28.1845054,0.0,0.0,30.0,0.0,0.0,0.0,0.0
20049,28.1851069,0.0,0.0,30.0,0.0,0.0,0.0,0.0
20050,28.1856631,0.0,0.0,30.0,0.0,0.0,0.0,0.0
20051,28.1861776,0.0,0.0,30.0,0.0,0.0,0.0,0.0
20052,28.1866534,0.0,0.0,30.0,0.0,0.0,0.0,0.0
20053,28.1870936,0.0,0.0,30.0,0.0,0.0,0.0,0.0
20054,28.1875008,0.0,0.0,30.0,0.0,0.0,0.0,0.0
20055,28.1878777,0.0,0.0,30.0,0.0,0.0,0.0,0.0
20056,28.1882266,0.0,0.0,30.0,0.0,0.0,0.0,0.0
20057,28.1885496,0.0,0.0,30.0,0.0,0.0,0.0,0.0
20058,28.1888488,0.0,0.0,30.0,0.0,0.0,0.0,0.0
20059,28.189126,0.0,0.0,30.0,0.0,0.0,0.0,0.0
20060,28.1893829,0.0,0.0,30.0,0.0,0.0,0.0,0.0
20061,28.1896212,0.0,0.0,30.0,0.0,0.0,0.0,0.0
20062,28.1898423,0.0,0.0,30.0,0.0,0.0,0.0,0.0
20063,28.1900476,0.0,0.0,30.0,0.0,0.0,0.0,0.0
20064,28.1902384,0.0,0.0,30.0,0.0,0.0,0.0,0.0
20065,28.1904158,0.0,0.0,30.0,0.0,0.0,0.0,0.0
20066,28.1905811,0.0,0.0,30.0,0.0,0.0,0.0,0.0
20067,28.1907351,0.0,0.0,30.0,0.0,0.0,0.0,0.0
20068,28.1908789,0.0,0.0,30.0,0.0,0.0,0.0,0.0
20069,28.1910133,0.0,0.0,30.0,0.0,0.0,0.0,0.0
20070,28.1911393,0.0,0.0,30.0,0.0,0.0,0.0,0.0
20071,28.1912575,0.0,0.0,30.0,0.0,0.0,0.0,0.0
20072,28.1913687,0.0,0.0,30.0,0.0,0.0,0.0,0.0
20073,28.1914737,0.0,0.0,30.0,0.0,0.0,0.0,0.0
20074,28.1915729,0.0,0.0,30.0,0.0,0.0,0.0,0.0
20075,28.1916672,0.0,0.0,30.0,0.0,0.0,0.0,0.0
20076,28.191757,0.0,0.0,30.0,0.0,0.0,0.0,0.0
20077,28.191843,0.0,0.0,30.0,0.0,0.0,0.0,0.0
20078,28.1919256,0.0,0.0,30.0,0.0,0.0,0.0,0.0
20079,28.1920053,0.0,0.0,30.0,0.0,0.0,0.0,0.0
20080,28.1920828,0.0,0.0,30.0,0.0,0.0,0.0,0.0
20081,28.1921584,0.0,0.0,30.0,0.0,0.0,0.0,0.0
20082,28.1922325,0.0,0.0,30.0,0.0,0.0,0.0,0.0
20083,28.1923058,0.0,0.0,30.0,0.0,0.0,0.0,0.0
20084,28.1923786,0.0,0.0,30.0,0.0,0.0,0.0,0.0
20085,28.1924514,0.0,0.0,30.0,0.0,0.0,0.0,0.0
20086,28.1925247,0.0,0.0,30.0,0.0,0.0,0.0,0.0
20087,28.1925988,0.0,0.0,30.0,0.0,0.0,0.0,0.0
20088,28.1926743,0.0,0.0,30.0,0.0,0.0,0.0,0.0
20089,28.1927516,0.0,0.0,30.0,0.0,0.0,0.0,0.0
20090,28.1928313,0.0,0.0,30.0,0.0,0.0,0.0,0.0
20091,28.1929137,0.0,0.0,30.0,0.0,0.0,0.0,0.0
20092,28.1929994,0.0,0.0,30.0,0.0,0.0,0.0,0.0
20093,28.193089,0.0,0.0,30.0,0.0,0.0,0.0,0.0
20094,28.1931831,0.0,0.0,30.0,0.0,0.0,0.0,0.0
20095,28.1932821,0.0,0.0,30.0,0.0,0.0,0.0,0.0
20096,28.1933867,0.0,0.0,30.0,0.0,0.0,0.0,0.0
20097,28.1934976,0.0,0.0,30.0,0.0,0.0,0.0,0.0
20098,28.1936154,0.0,0.0,30.0,0.0,0.0,0.0,0.0
20099,28.193741,0.0,0.0,30.0,0.0,0.0,0.0,0.0
20100,28.193875,0.0,0.0,30.0,0.0,0.0,0.0,0.0
20101,28.1940183,0.0,0.0,30.0,0.0,0.0,0.0,0.0
20102,28.1941718,0.0,0.0,30.0,0.0,0.0,0.0,0.0
20103,28.1943364,0.0,0.0,30.0,0.0,0.0,0.0,0.0
20104,28.1945132,0.0,0.0,30.0,0.0,0.0,0.0,0.0
20105,28.1947033,0.0,0.0,30.0,0.0,0.0,0.0,0.0
20106,28.1949079,0.0,0.0,30.0,0.0,0.0,0.0,0.0
20107,28.1951282,0.0,0.0,30.0,0.0,0.0,0.0,0.0
20108,28.1953656,0.0,0.0,30.0,0.0,0.0,0.0,0.0
20109,28.1956216,0.0,0.0,30.0,0.0,0.0,0.0,0.0
20110,28.1958978,0.0,0.0,30.0,0.0,0.0,0.0,0.0
20111,28.1961959,0.0,0.0,30.0,0.0,0.0,0.0,0.0
20112,28.1965177,0.0,0.0,30.0,0.0,0.0,0.0,0.0
20113,28.1968653,0.0,0.0,30.0,0.0,0.0,0.0,0.0
20114,28.1972408,0.0,0.0,30.0,0.0,0.0,0.0,0.0
20115,28.1976466,0.0,0.0,30.0,0.0,0.0,0.0,0.0
20116,28.1980852,0.0,0.0,30.0,0.0,0.0,0.0,0.0
20117,28.1985593,0.0,0.0,30.0,0.0,0.0,0.0,0.0
20118,28.1990719,0.0,0.0,30.0,0.0,0.0,0.0,0.0
20119,28.1996261,0.0,0.0,30.0,0.0,0.0,0.0,0.0
20120,28.2002255,0.0,0.0,30.0,0.0,0.0,0.0,0.0
20121,28.2008737,0.0,0.0,30.0,0.0,0.0,0.0,0.0
20122,28.2015749,0.0,0.0,30.0,0.0,0.0,0.0,0.0
20123,28.2023332,0.0,0.0,30.0,0.0,0.0,0.0,0.0
20124,28.2031536,0.0,0.0,30.0,0.0,0.0,0.0,0.0
20125,28.204041,0.0,0.0,30.0,0.0,0.0,0.0,0.0
20126,28.2050011,0.0,0.0,30.0,0.0,0.0,0.0,0.0
20127,28.2060397,0.0,0.0,30.0,0.0,0.0,0.0,0.0
20128,28.2071635,0.0,0.0,30.0,0.0,0.0,0.0,0.0
20129,28.2083792,0.0,0.0,30.0,0.0,0.0,0.0,0.0
20130,28.2096946,0.0,0.0,30.0,0.0,0.0,0.0,0.0
20131,28.2111179,0.0,0.0,30.0,0.0,0.0,0.0,0.0
20132,28.2126578,0.0,0.0,30.0,0.0,0.0,0.0,0.0
20133,28.214324,0.0,0.0,30.0,0.0,0.0,0.0,0.0
20134,28.2161268,0.0,0.0,30.0,0.0,0.0,0.0,0.0
20135,28.2180776,0.0,0.0,30.0,0.0,0.0,0.0,0.0
20136,28.2201883,0.0,0.0,30.0,0.0,0.0,0.0,0.0
20137,28.2224723,0.0,0.0,30.0,0.0,0.0,0.0,0.0
20138,28.2249436,0.0,0.0,30.0,0.0,0.0,0.0,0.0
20139,28.2276177,0.0,0.0,30.0,0.0,0.0,0.0,0.0
20140,28.2305113,0.0,0.0,30.0,0.0,0.0,0.0,0.0
20141,28.2336423,0.0,0.0,30.0,0.0,0.0,0.0,0.0
20142,28.2370303,0.0,0.0,30.0,0.0,0.0,0.0,0.0
20143,28.2406963,0.0,0.0,30.0,0.0,0.0,0.0,0.0
20144,28.2446632,0.0,0.0,30.0,0.0,0.0,0.0,0.0
20145,28.2489557,0.0,0.0,30.0,0.0,0.0,0.0,0.0
20146,28.2536006,0.0,0.0,30.0,0.0,0.0,0.0,0.0
20147,28.2586266,0.0,0.0,30.0,0.0,0.0,0.0,0.0
20148,28.2640653,0.0,0.0,30.0,0.0,0.0,0.0,0.0
20149,28.2699503,0.0,0.0,30.0,0.0,0.0,0.0,0.0
20150,28.2763184,0.0,0.0,30.0,0.0,0.0,0.0,0.0
20151,28.2832092,0.0,0.0,30.0,0.0,0.0,0.0,0.0
20152,28.2906656,0.0,0.0,30.0,0.0,0.0,0.0,0.0
20153,28.2987341,0.0,0.0,30.0,0.0,0.0,0.0,0.0
20154,28.3074649,0.0,0.0,30.0,0.0,0.0,0.0,0.0
20155,28.3169124,0.0,0.0,30.0,0.0,0.0,0.0,0.0
20156,28.3271354,0.0,0.0,30.0,0.0,0.0,0.0,0.0
20157,28.3381975,0.0,0.0,30.0,0.0,0.0,0.0,0.0
20158,28.3501677,0.0,0.0,30.0,0.0,0.0,0.0,0.0
20159,28.3631205,0.0,0.0,30.0,0.0,0.0,0.0,0.0
20160,28.3771365,0.0,0.0,30.0,0.0,0.0,0.0,0.0
20161,28.3923031,0.0,0.0,30.0,0.0,0.0,0.0,0.0
20162,28.4087147,0.0,0.0,30.0,0.0,0.0,0.0,0.0
20163,28.4264734,0.0,0.0,30.0,0.0,0.0,0.0,0.0
20164,28.4456899,0.0,0.0,30.0,0.0,0.0,0.0,0.0
20165,28.4664838,0.0,0.0,30.0,0.0,0.0,0.0,0.0
20166,28.4889846,0.0,0.0,30.0,0.0,0.0,0.0,0.0
20167,28.5133327,0.0,0.0,30.0,0.0,0.0,0.0,0.0
20168,28.5396796,0.0,0.0,30.0,0.0,0.0,0.0,0.0
20169,28.5681877,0.0,0.0,30.0,0.0,0.0,0.0,0.0
20170,28.5990353,0.0,0.0,30.0,0.0,0.0,0.0,0.0
20171,28.6324232,0.0,0.0,30.0,0.0,0.0,0.0,0.0
20172,28.6685541,0.0,0.0,30.0,0.0,0.0,0.0,0.0
20173,28.7076104,0.0,0.0,30.0,0.0,0.0,0.0,0.0
20174,28.7498654,0.0,0.0,30.0,0.0,0.0,0.0,0.0
20175,28.7957909,0.0,0.0,30.0,0.0,0.0,0.0,0.0
20176,28.8455011,0.0,0.0,30.0,0.0,0.0,0.0,0.0
20177,28.8982884,0.0,0.0,30.0,0.0,0.0,0.0,0.0
20178,28.9554422,0.0,0.0,30.0,0.0,0.0,0.0,0.0
20179,29.0222635,0.0,0.0,30.0,0.0,0.0,0.0,0.0
20180,29.0938774,0.0,0.0,30.0,0.0,0.0,0.0,0.0
20181,29.1467465,0.0,0.0,30.0,0.0,0.0,0.0,0.0
20182,29.2100069,0.0,0.0,30.0,0.0,0.0,0.0,0.0
20183,29.4000236,0.0,0.0,30.0,0.0,0.0,0.0,0.0
20184,29.5627604,0.0,0.0,30.0,0.0,0.0,0.0,0.0
20185,29.138236,0.0,0.0,30.0,0.0,0.0,0.0,0.0
20186,29.0148353,0.0,0.0,30.0,0.0,0.0,0.0,0.0
20187,29.9065165,0.0,0.0,30.0,0.0,0.0,0.0,0.0
20188,30.0,0.0,0.0,30.0,0.0,0.0,0.0,0.0
20189,30.0,0.0,0.0,30.0,0.0,0.0,0.0,0.0
20190,23.8910993,0.0,0.0,30.0,0.0,0.0,0.0,0.0
20191,23.6889107,0.0,0.0,30.0,0.0,0.0,0.0,0.0
20192,0.0,0.0,0.0,0.0,0.0,0.0,0.0,0.0
20193,30.0,0.0,0.0,4.91746217,0.0,0.0,0.0,0.0
20194,30.0,0.0,0.0,7.02734753,0.0,0.0,0.0,0.0
20195,0.0,0.0,0.0,17.7123086,0.0,0.0,0.0,0.0
20196,0.0,0.0,0.0,23.2690326,0.0,0.0,0.0,0.0
20197,0.0,0.0,0.0,24.9543813,0.0,0.0,0.0,0.0
20198,0.0,0.0,0.0,25.6476614,0.0,0.0,0.0,0.0
20199,0.0,0.0,0.0,26.7895881,0.0,0.0,0.0,0.0
20200,0.0,0.0,0.0,27.8833453,0.0,0.0,0.0,0.0
20201,0.0,0.0,0.0,28.7946574,0.0,0.0,0.0,0.0
20202,0.0,0.0,0.0,29.5475471,0.0,0.0,0.0,0.0
20203,0.245962814,0.0,0.0,30.0,0.0,0.0,0.0,0.0
20204,1.82204195,0.0,0.0,30.0,0.0,0.0,0.0,0.0
20205,3.26785546,0.0,0.0,30.0,0.0,0.0,0.0,0.0
20206,4.42209102,0.0,0.0,30.0,0.0,0.0,0.0,0.0
20207,5.48665639,0.0,0.0,30.0,0.0,0.0,0.0,0.0
20208,6.43194524,0.0,0.0,30.0,0.0,0.0,0.0,0.0
20209,7.22820961,0.0,0.0,30.0,0.0,0.0,0.0,0.0
20210,7.90083332,0.0,0.0,30.0,0.0,0.0,0.0,0.0
20211,8.45522311,0.0,0.0,30.0,0.0,0.0,0.0,0.0
20212,8.82961504,0.0,0.0,30.0,0.0,0.0,0.0,0.0
20213,9.06139976,0.0,0.0,30.0,0.0,0.0,0.0,0.0
20214,9.46393162,0.0,0.0,30.0,0.0,0.0,0.0,0.0
20215,9.82589935,0.0,0.0,30.0,0.0,0.0,0.0,0.0
20216,8.62599752,0.0,0.0,30.0,0.0,0.0,0.0,0.0
20217,7.07988632,0.0,0.0,30.0,0.0,0.0,0.0,0.0
20218,12.6433407,0.0,0.0,30.0,0.0,0.0,0.0,0.0
20219,17.3894464,0.0,0.0,30.0,0.0,0.0,0.0,0.0
20220,20.6362496,0.0,0.0,30.0,0.0,0.0,0.0,0.0
20221,24.5489436,0.0,0.0,30.0,0.0,0.0,0.0,0.0
20222,26.6128704,0.0,0.0,30.0,0.0,0.0,0.0,0.0
20223,27.639306,0.0,0.0,30.0,0.0,0.0,0.0,0.0
20224,27.4421145,0.0,0.0,30.0,0.0,0.0,0.0,0.0
20225,28.4155962,0.0,0.0,30.0,0.0,0.0,0.0,0.0
20226,29.0979471,0.0,0.0,30.0,0.0,0.0,0.0,0.0
20227,30.0,0.0,0.0,30.0,0.0,0.0,0.0,0.0
20228,30.0,0.0,0.0,30.0,0.0,0.0,0.0,0.0
20229,30.0,0.0,0.0,30.0,0.0,0.0,0.0,0.0
20230,30.0,0.0,0.0,30.0,0.0,0.0,0.0,0.0
20231,30.0,0.0,0.0,30.0,0.0,0.0,0.0,0.0
20232,30.0,0.0,0.0,30.0,0.0,0.0,0.0,0.0
20233,30.0,0.0,0.0,30.0,0.0,0.0,0.0,0.0
20234,30.0,0.0,0.0,30.0,0.0,0.0,0.0,0.0
20235,30.0,0.0,0.0,30.0,0.0,0.0,0.0,0.0
20236,30.0,0.0,0.0,30.0,0.0,0.0,0.0,0.0
20237,30.0,0.0,0.0,30.0,0.0,0.0,0.0,0.0
20238,30.0,0.0,0.0,30.0,0.0,0.0,0.0,0.0
20239,30.0,0.0,0.0,30.0,0.0,0.0,0.0,0.0
20240,29.2993319,0.0,0.0,30.0,0.0,0.0,0.0,0.0
20241,29.2606855,0.0,0.0,30.0,0.0,0.0,0.0,0.0
20242,29.3141329,0.0,0.0,30.0,0.0,0.0,0.0,0.0
20243,29.0519569,0.0,0.0,30.0,0.0,0.0,0.0,0.0
20244,28.9685482,0.0,0.0,30.0,0.0,0.0,0.0,0.0
20245,28.9455798,0.0,0.0,30.0,0.0,0.0,0.0,0.0
20246,28.8913479,0.0,0.0,30.0,0.0,0.0,0.0,0.0
20247,28.8310276,0.0,0.0,30.0,0.0,0.0,0.0,0.0
20248,28.7821517,0.0,0.0,30.0,0.0,0.0,0.0,0.0
20249,28.7388925,0.0,0.0,30.0,0.0,0.0,0.0,0.0
20250,28.6974901,0.0,0.0,30.0,0.0,0.0,0.0,0.0
20251,28.6588745,0.0,0.0,30.0,0.0,0.0,0.0,0.0
20252,28.6234829,0.0,0.0,30.0,0.0,0.0,0.0,0.0
20253,28.5908413,0.0,0.0,30.0,0.0,0.0,0.0,0.0
20254,28.5606151,0.0,0.0,30.0,0.0,0.0,0.0,0.0
20255,28.5326702,0.0,0.0,30.0,0.0,0.0,0.0,0.0
20256,28.5068578,0.0,0.0,30.0,0.0,0.0,0.0,0.0
20257,28.4830057,0.0,0.0,30.0,0.0,0.0,0.0,0.0
20258,28.4609606,0.0,0.0,30.0,0.0,0.0,0.0,0.0
20259,28.4405876,0.0,0.0,30.0,0.0,0.0,0.0,0.0
20260,28.4217608,0.0,0.0,30.0,0.0,0.0,0.0,0.0
20261,28.4043624,0.0,0.0,30.0,0.0,0.0,0.0,0.0
20262,28.3882839,0.0,0.0,30.0,0.0,0.0,0.0,0.0
20263,28.3734253,0.0,0.0,30.0,0.0,0.0,0.0,0.0
20264,28.3596942,0.0,0.0,30.0,0.0,0.0,0.0,0.0
20265,28.3470048,0.0,0.0,30.0,0.0,0.0,0.0,0.0
20266,28.3352784,0.0,0.0,30.0,0.0,0.0,0.0,0.0
20267,28.3244418,0.0,0.0,30.0,0.0,0.0,0.0,0.0
20268,28.3144275,0.0,0.0,30.0,0.0,0.0,0.0,0.0
20269,28.3051733,0.0,0.0,30.0,0.0,0.0,0.0,0.0
20270,28.2966214,0.0,0.0,30.0,0.0,0.0,0.0,0.0
20271,28.2887186,0.0,0.0,30.0,0.0,0.0,0.0,0.0
20272,28.2814158,0.0,0.0,30.0,0.0,0.0,0.0,0.0
20273,28.2746673,0.0,0.0,30.0,0.0,0.0,0.0,0.0
20274,28.2684313,0.0,0.0,30.0,0.0,0.0,0.0,0.0
20275,28.2626689,0.0,0.0,30.0,0.0,0.0,0.0,0.0
20276,28.2573442,0.0,0.0,30.0,0.0,0.0,0.0,0.0
20277,28.252424,0.0,0.0,30.0,0.0,0.0,0.0,0.0
20278,28.2478777,0.0,0.0,30.0,0.0,0.0,0.0,0.0
20279,28.243677,0.0,0.0,30.0,0.0,0.0,0.0,0.0
20280,28.2397957,0.0,0.0,30.0,0.0,0.0,0.0,0.0
20281,28.2362097,0.0,0.0,30.0,0.0,0.0,0.0,0.0
20282,28.2328967,0.0,0.0,30.0,0.0,0.0,0.0,0.0
20283,28.2298359,0.0,0.0,30.0,0.0,0.0,0.0,0.0
20284,28.2270084,0.0,0.0,30.0,0.0,0.0,0.0,0.0
20285,28.2243965,0.0,0.0,30.0,0.0,0.0,0.0,0.0
20286,28.221984,0.0,0.0,30.0,0.0,0.0,0.0,0.0
20287,28.2197558,0.0,0.0,30.0,0.0,0.0,0.0,0.0
20288,28.2176981,0.0,0.0,30.0,0.0,0.0,0.0,0.0
20289,28.215798,0.0,0.0,30.0,0.0,0.0,0.0,0.0
20290,28.2140438,0.0,0.0,30.0,0.0,0.0,0.0,0.0
20291,28.2124245,0.0,0.0,30.0,0.0,0.0,0.0,0.0
20292,28.21093,0.0,0.0,30.0,0.0,0.0,0.0,0.0
20293,28.209551,0.0,0.0,30.0,0.0,0.0,0.0,0.0
20294,28.208279,0.0,0.0,30.0,0.0,0.0,0.0,0.0
20295,28.2071059,0.0,0.0,30.0,0.0,0.0,0.0,0.0
20296,28.2060246,0.0,0.0,30.0,0.0,0.0,0.0,0.0
20297,28.2050282,0.0,0.0,30.0,0.0,0.0,0.0,0.0
20298,28.2041106,0.0,0.0,30.0,0.0,0.0,0.0,0.0
20299,28.203266,0.0,0.0,30.0,0.0,0.0,0.0,0.0
20300,28.2024892,0.0,0.0,30.0,0.0,0.0,0.0,0.0
20301,28.2017753,0.0,0.0,30.0,0.0,0.0,0.0,0.0
20302,28.20112,0.0,0.0,30.0,0.0,0.0,0.0,0.0
20303,28.200519,0.0,0.0,30.0,0.0,0.0,0.0,0.0
20304,28.1999688,0.0,0.0,30.0,0.0,0.0,0.0,0.0
20305,28.1994658,0.0,0.0,30.0,0.0,0.0,0.0,0.0
20306,28.1990069,0.0,0.0,30.0,0.0,0.0,0.0,0.0
20307,28.1985893,0.0,0.0,30.0,0.0,0.0,0.0,0.0
20308,28.1982104,0.0,0.0,30.0,0.0,0.0,0.0,0.0
20309,28.1978677,0.0,0.0,30.0,0.0,0.0,0.0,0.0
20310,28.1975592,0.0,0.0,30.0,0.0,0.0,0.0,0.0
20311,28.197283,0.0,0.0,30.0,0.0,0.0,0.0,0.0
20312,28.1970373,0.0,0.0,30.0,0.0,0.0,0.0,0.0
20313,28.1968206,0.0,0.0,30.0,0.0,0.0,0.0,0.0
20314,28.1966315,0.0,0.0,30.0,0.0,0.0,0.0,0.0
20315,28.1964689,0.0,0.0,30.0,0.0,0.0,0.0,0.0
20316,28.1963318,0.0,0.0,30.0,0.0,0.0,0.0,0.0
20317,28.1962193,0.0,0.0,30.0,0.0,0.0,0.0,0.0
20318,28.1961306,0.0,0.0,30.0,0.0,0.0,0.0,0.0
20319,28.1960653,0.0,0.0,30.0,0.0,0.0,0.0,0.0
20320,28.196023,0.0,0.0,30.0,0.0,0.0,0.0,0.0
20321,28.1960033,0.0,0.0,30.0,0.0,0.0,0.0,0.0
20322,28.1960062,0.0,0.0,30.0,0.0,0.0,0.0,0.0
20323,28.1960317,0.0,0.0,30.0,0.0,0.0,0.0,0.0
20324,28.1960799,0.0,0.0,30.0,0.0,0.0,0.0,0.0
20325,28.1961512,0.0,0.0,30.0,0.0,0.0,0.0,0.0
20326,28.1962459,0.0,0.0,30.0,0.0,0.0,0.0,0.0
20327,28.1963647,0.0,0.0,30.0,0.0,0.0,0.0,0.0
20328,28.1965083,0.0,0.0,30.0,0.0,0.0,0.0,0.0
20329,28.1966776,0.0,0.0,30.0,0.0,0.0,0.0,0.0
20330,28.1968737,0.0,0.0,30.0,0.0,0.0,0.0,0.0
20331,28.1970977,0.0,0.0,30.0,0.0,0.0,0.0,0.0
20332,28.1973511,0.0,0.0,30.0,0.0,0.0,0.0,0.0
20333,28.1976355,0.0,0.0,30.0,0.0,0.0,0.0,0.0
20334,28.1979526,0.0,0.0,30.0,0.0,0.0,0.0,0.0
20335,28.1983044,0.0,0.0,30.0,0.0,0.0,0.0,0.0
20336,28.1986931,0.0,0.0,30.0,0.0,0.0,0.0,0.0
20337,28.199121,0.0,0.0,30.0,0.0,0.0,0.0,0.0
20338,28.199591,0.0,0.0,30.0,0.0,0.0,0.0,0.0
20339,28.2001059,0.0,0.0,30.0,0.0,0.0,0.0,0.0
20340,28.2006688,0.0,0.0,30.0,0.0,0.0,0.0,0.0
20341,28.2012834,0.0,0.0,30.0,0.0,0.0,0.0,0.0
20342,28.2019535,0.0,0.0,30.0,0.0,0.0,0.0,0.0
20343,28.2026831,0.0,0.0,30.0,0.0,0.0,0.0,0.0
20344,28.2034769,0.0,0.0,30.0,0.0,0.0,0.0,0.0
20345,28.2043398,0.0,0.0,30.0,0.0,0.0,0.0,0.0
20346,28.2052772,0.0,0.0,30.0,0.0,0.0,0.0,0.0
20347,28.2062949,0.0,0.0,30.0,0.0,0.0,0.0,0.0
20348,28.2073993,0.0,0.0,30.0,0.0,0.0,0.0,0.0
20349,28.2085971,0.0,0.0,30.0,0.0,0.0,0.0,0.0
20350,28.209896,0.0,0.0,30.0,0.0,0.0,0.0,0.0
20351,28.211304,0.0,0.0,30.0,0.0,0.0,0.0,0.0
20352,28.2128298,0.0,0.0,30.0,0.0,0.0,0.0,0.0
20353,28.2144829,0.0,0.0,30.0,0.0,0.0,0.0,0.0
20354,28.2162737,0.0,0.0,30.0,0.0,0.0,0.0,0.0
20355,28.2182133,0.0,0.0,30.0,0.0,0.0,0.0,0.0
20356,28.2203137,0.0,0.0,30.0,0.0,0.0,0.0,0.0
20357,28.2225882,0.0,0.0,30.0,0.0,0.0,0.0,0.0
20358,28.2250507,0.0,0.0,30.0,0.0,0.0,0.0,0.0
20359,28.2277167,0.0,0.0,30.0,0.0,0.0,0.0,0.0
20360,28.2306027,0.0,0.0,30.0,0.0,0.0,0.0,0.0
20361,28.2337268,0.0,0.0,30.0,0.0,0.0,0.0,0.0
20362,28.2371084,0.0,0.0,30.0,0.0,0.0,0.0,0.0
20363,28.2407685,0.0,0.0,30.0,0.0,0.0,0.0,0.0
20364,28.2447299,0.0,0.0,30.0,0.0,0.0,0.0,0.0
20365,28.2490174,0.0,0.0,30.0,0.0,0.0,0.0,0.0
20366,28.2536575,0.0,0.0,30.0,0.0,0.0,0.0,0.0
20367,28.2586792,0.0,0.0,30.0,0.0,0.0,0.0,0.0
20368,28.2641139,0.0,0.0,30.0,0.0,0.0,0.0,0.0
20369,28.2699952,0.0,0.0,30.0,0.0,0.0,0.0,0.0
20370,28.2763599,0.0,0.0,30.0,0.0,0.0,0.0,0.0
20371,28.2832475,0.0,0.0,30.0,0.0,0.0,0.0,0.0
20372,28.2907011,0.0,0.0,30.0,0.0,0.0,0.0,0.0
20373,28.2987669,0.0,0.0,30.0,0.0,0.0,0.0,0.0
20374,28.3074952,0.0,0.0,30.0,0.0,0.0,0.0,0.0
20375,28.3169403,0.0,0.0,30.0,0.0,0.0,0.0,0.0
20376,28.3271612,0.0,0.0,30.0,0.0,0.0,0.0,0.0
20377,28.3382214,0.0,0.0,30.0,0.0,0.0,0.0,0.0
20378,28.3501897,0.0,0.0,30.0,0.0,0.0,0.0,0.0
20379,28.3631409,0.0,0.0,30.0,0.0,0.0,0.0,0.0
20380,28.3771553,0.0,0.0,30.0,0.0,0.0,0.0,0.0
20381,28.3923205,0.0,0.0,30.0,0.0,0.0,0.0,0.0
20382,28.4087307,0.0,0.0,30.0,0.0,0.0,0.0,0.0
20383,28.4264882,0.0,0.0,30.0,0.0,0.0,0.0,0.0
20384,28.4457036,0.0,0.0,30.0,0.0,0.0,0.0,0.0
20385,28.4664965,0.0,0.0,30.0,0.0,0.0,0.0,0.0
20386,28.4889962,0.0,0.0,30.0,0.0,0.0,0.0,0.0
20387,28.5133435,0.0,0.0,30.0,0.0,0.0,0.0,0.0
20388,28.5396896,0.0,0.0,30.0,0.0,0.0,0.0,0.0
20389,28.5681969,0.0,0.0,30.0,0.0,0.0,0.0,0.0
20390,28.5990437,0.0,0.0,30.0,0.0,0.0,0.0,0.0
20391,28.6324309,0.0,0.0,30.0,0.0,0.0,0.0,0.0
20392,28.6685613,0.0,0.0,30.0,0.0,0.0,0.0,0.0
20393,28.707617,0.0,0.0,30.0,0.0,0.0,0.0,0.0
20394,28.7498715,0.0,0.0,30.0,0.0,0.0,0.0,0.0
20395,28.7957965,0.0,0.0,30.0,0.0,0.0,0.0,0.0
20396,28.8455062,0.0,0.0,30.0,0.0,0.0,0.0,0.0
20397,28.8982932,0.0,0.0,30.0,0.0,0.0,0.0,0.0
20398,28.9554465,0.0,0.0,30.0,0.0,0.0,0.0,0.0
20399,29.0222675,0.0,0.0,30.0,0.0,0.0,0.0,0.0
20400,29.093881,0.0,0.0,30.0,0.0,0.0,0.0,0.0
20401,29.1467499,0.0,0.0,30.0,0.0,0.0,0.0,0.0
20402,29.21001,0.0,0.0,30.0,0.0,0.0,0.0,0.0
20403,29.4000264,0.0,0.0,30.0,0.0,0.0,0.0,0.0
20404,29.5627629,0.0,0.0,30.0,0.0,0.0,0.0,0.0
20405,29.138238,0.0,0.0,30.0,0.0,0.0,0.0,0.0
20406,29.0148375,0.0,0.0,30.0,0.0,0.0,0.0,0.0
20407,29.9065188,0.0,0.0,30.0,0.0,0.0,0.0,0.0
20408,30.0,0.0,0.0,30.0,0.0,0.0,0.0,0.0
20409,30.0,0.0,0.0,30.0,0.0,0.0,0.0,0.0
20410,23.8911061,0.0,0.0,30.0,0.0,0.0,0.0,0.0
20411,23.6889154,0.0,0.0,30.0,0.0,0.0,0.0,0.0
20412,0.0,0.0,0.0,0.0,0.0,0.0,0.0,0.0
20413,30.0,0.0,0.0,4.17190152,0.0,0.0,0.0,0.0
20414,28.6297695,0.0,0.0,6.60148259,0.0,0.0,0.0,0.0
20415,0.0,0.0,0.0,16.68928,0.0,0.0,0.0,0.0
20416,0.0,0.0,0.0,21.8568074,0.0,0.0,0.0,0.0
20417,0.0,0.0,0.0,23.2967201,0.0,0.0,0.0,0.0
20418,0.0,0.0,0.0,23.7604688,0.0,0.0,0.0,0.0
20419,0.0,0.0,0.0,24.6293481,0.0,0.0,0.0,0.0
20420,0.0,0.0,0.0,25.4445645,0.0,0.0,0.0,0.0
20421,0.0,0.0,0.0,26.0144838,0.0,0.0,0.0,0.0
20422,0.0,0.0,0.0,26.4238771,0.0,0.0,0.0,0.0
20423,0.0,0.0,0.0,26.7067737,0.0,0.0,0.0,0.0
20424,0.0,0.0,0.0,26.8536249,0.0,0.0,0.0,0.0
20425,0.0,0.0,0.0,26.8618293,0.0,0.0,0.0,0.0
20426,0.0,0.0,0.0,26.7336019,0.0,0.0,0.0,0.0
20427,0.0,0.0,0.0,26.468907,0.0,0.0,0.0,0.0
20428,0.0,0.0,0.0,26.064076,0.0,0.0,0.0,0.0
20429,0.0,0.0,0.0,25.5086411,0.0,0.0,0.0,0.0
20430,0.0,0.0,0.0,24.7984215,0.0,0.0,0.0,0.0
20431,0.0,0.0,0.0,23.960887,0.0,0.0,0.0,0.0
20432,0.0,0.0,0.0,22.9653042,0.0,0.0,0.0,0.0
20433,0.0,0.0,0.0,21.5727075,0.0,0.0,0.0,0.0
20434,0.0,0.0,0.0,19.9394657,0.0,0.0,0.0,0.0
20435,0.0,0.0,0.0,19.4813227,0.0,0.0,0.0,0.0
20436,0.0,0.0,0.0,18.8378835,0.0,0.0,0.0,0.0
20437,0.0,0.0,0.0,8.98363264,0.0,0.0,0.0,0.0
20438,0.0,0.0,0.0,0.286356857,0.0,0.0,0.0,0.0
20439,0.0,0.0,0.0,4.89029842,0.0,0.0,0.0,0.0
20440,30.0,0.0,0.0,30.0,0.0,0.0,0.0,0.0
20441,30.0,0.0,0.0,30.0,0.0,0.0,0.0,0.0
20442,30.0,0.0,0.0,30.0,0.0,0.0,0.0,0.0
20443,30.0,0.0,0.0,30.0,0.0,0.0,0.0,0.0
20444,30.0,0.0,0.0,30.0,0.0,0.0,0.0,0.0
20445,30.0,0.0,0.0,30.0,0.0,0.0,0.0,0.0
20446,23.3787873,0.0,0.0,30.0,0.0,0.0,0.0,0.0
20447,17.938675,0.0,0.0,30.0,0.0,0.0,0.0,0.0
20448,14.6922641,0.0,0.0,30.0,0.0,0.0,0.0,0.0
20449,20.2529505,0.0,0.0,30.0,0.0,0.0,0.0,0.0
20450,24.4452667,0.0,0.0,30.0,0.0,0.0,0.0,0.0
20451,29.6732231,0.0,0.0,30.0,0.0,0.0,0.0,0.0
20452,30.0,0.0,0.0,30.0,0.0,0.0,0.0,0.0
20453,30.0,0.0,0.0,30.0,0.0,0.0,0.0,0.0
20454,30.0,0.0,0.0,30.0,0.0,0.0,0.0,0.0
20455,30.0,0.0,0.0,30.0,0.0,0.0,0.0,0.0
20456,30.0,0.0,0.0,30.0,0.0,0.0,0.0,0.0
20457,30.0,0.0,0.0,30.0,0.0,0.0,0.0,0.0
20458,30.0,0.0,0.0,30.0,0.0,0.0,0.0,0.0
20459,30.0,0.0,0.0,30.0,0.0,0.0,0.0,0.0
20460,28.8659729,0.0,0.0,30.0,0.0,0.0,0.0,0.0
20461,28.8891927,0.0,0.0,30.0,0.0,0.0,0.0,0.0
20462,29.0168359,0.0,0.0,30.0,0.0,0.0,0.0,0.0
20463,28.598468,0.0,0.0,30.0,0.0,0.0,0.0,0.0
20464,28.5493318,0.0,0.0,30.0,0.0,0.0,0.0,0.0
20465,28.5940176,0.0,0.0,30.0,0.0,0.0,0.0,0.0
20466,28.5657193,0.0,0.0,30.0,0.0,0.0,0.0,0.0
20467,28.5228926,0.0,0.0,30.0,0.0,0.0,0.0,0.0
20468,28.4976939,0.0,0.0,30.0,0.0,0.0,0.0,0.0
20469,28.4774592,0.0,0.0,30.0,0.0,0.0,0.0,0.0
20470,28.4557971,0.0,0.0,30.0,0.0,0.0,0.0,0.0
20471,28.4352267,0.0,0.0,30.0,0.0,0.0,0.0,0.0
20472,28.4168255,0.0,0.0,30.0,0.0,0.0,0.0,0.0
20473,28.3999185,0.0,0.0,30.0,0.0,0.0,0.0,0.0
20474,28.3841694,0.0,0.0,30.0,0.0,0.0,0.0,0.0
20475,28.3695979,0.0,0.0,30.0,0.0,0.0,0.0,0.0
20476,28.3561575,0.0,0.0,30.0,0.0,0.0,0.0,0.0
20477,28.3437397,0.0,0.0,30.0,0.0,0.0,0.0,0.0
20478,28.3322589,0.0,0.0,30.0,0.0,0.0,0.0,0.0
20479,28.3216486,0.0,0.0,30.0,0.0,0.0,0.0,0.0
20480,28.3118445,0.0,0.0,30.0,0.0,0.0,0.0,0.0
20481,28.3027843,0.0,0.0,30.0,0.0,0.0,0.0,0.0
20482,28.2944114,0.0,0.0,30.0,0.0,0.0,0.0,0.0
20483,28.2866739,0.0,0.0,30.0,0.0,0.0,0.0,0.0
20484,28.2795236,0.0,0.0,30.0,0.0,0.0,0.0,0.0
20485,28.272916,0.0,0.0,30.0,0.0,0.0,0.0,0.0
20486,28.2668098,0.0,0.0,30.0,0.0,0.0,0.0,0.0
20487,28.2611672,0.0,0.0,30.0,0.0,0.0,0.0,0.0
20488,28.2559529,0.0,0.0,30.0,0.0,0.0,0.0,0.0
20489,28.2511344,0.0,0.0,30.0,0.0,0.0,0.0,0.0
20490,28.2466819,0.0,0.0,30.0,0.0,0.0,0.0,0.0
20491,28.2425675,0.0,0.0,30.0,0.0,0.0,0.0,0.0
20492,28.2387656,0.0,0.0,30.0,0.0,0.0,0.0,0.0
20493,28.2352526,0.0,0.0,30.0,0.0,0.0,0.0,0.0
20494,28.2320066,0.0,0.0,30.0,0.0,0.0,0.0,0.0
20495,28.2290073,0.0,0.0,30.0,0.0,0.0,0.0,0.0
20496,28.2262361,0.0,0.0,30.0,0.0,0.0,0.0,0.0
20497,28.2236757,0.0,0.0,30.0,0.0,0.0,0.0,0.0
20498,28.2213103,0.0,0.0,30.0,0.0,0.0,0.0,0.0
20499,28.2191249,0.0,0.0,30.0,0.0,0.0,0.0,0.0
20500,28.2171062,0.0,0.0,30.0,0.0,0.0,0.0,0.0
20501,28.2152414,0.0,0.0,30.0,0.0,0.0,0.0,0.0
20502,28.213519,0.0,0.0,30.0,0.0,0.0,0.0,0.0
20503,28.2119282,0.0,0.0,30.0,0.0,0.0,0.0,0.0
20504,28.2104591,0.0,0.0,30.0,0.0,0.0,0.0,0.0
20505,28.2091026,0.0,0.0,30.0,0.0,0.0,0.0,0.0
20506,28.2078503,0.0,0.0,30.0,0.0,0.0,0.0,0.0
20507,28.2066943,0.0,0.0,30.0,0.0,0.0,0.0,0.0
20508,28.2056274,0.0,0.0,30.0,0.0,0.0,0.0,0.0
20509,28.2046431,0.0,0.0,30.0,0.0,0.0,0.0,0.0
20510,28.203735,0.0,0.0,30.0,0.0,0.0,0.0,0.0
20511,28.2028978,0.0,0.0,30.0,0.0,0.0,0.0,0.0
20512,28.202126,0.0,0.0,30.0,0.0,0.0,0.0,0.0
20513,28.2014148,0.0,0.0,30.0,0.0,0.0,0.0,0.0
20514,28.20076,0.0,0.0,30.0,0.0,0.0,0.0,0.0
20515,28.2001573,0.0,0.0,30.0,0.0,0.0,0.0,0.0
20516,28.1996031,0.0,0.0,30.0,0.0,0.0,0.0,0.0
20517,28.1990938,0.0,0.0,30.0,0.0,0.0,0.0,0.0
20518,28.1986264,0.0,0.0,30.0,0.0,0.0,0.0,0.0
20519,28.1981978,0.0,0.0,30.0,0.0,0.0,0.0,0.0
20520,28.1978055,0.0,0.0,30.0,0.0,0.0,0.0,0.0
20521,28.1974469,0.0,0.0,30.0,0.0,0.0,0.0,0.0
20522,28.1971199,0.0,0.0,30.0,0.0,0.0,0.0,0.0
20523,28.1968225,0.0,0.0,30.0,0.0,0.0,0.0,0.0
20524,28.1965526,0.0,0.0,30.0,0.0,0.0,0.0,0.0
20525,28.1963088,0.0,0.0,30.0,0.0,0.0,0.0,0.0
20526,28.1960894,0.0,0.0,30.0,0.0,0.0,0.0,0.0
20527,28.1958931,0.0,0.0,30.0,0.0,0.0,0.0,0.0
20528,28.1957187,0.0,0.0,30.0,0.0,0.0,0.0,0.0
20529,28.1955651,0.0,0.0,30.0,0.0,0.0,0.0,0.0
20530,28.1954313,0.0,0.0,30.0,0.0,0.0,0.0,0.0
20531,28.1953165,0.0,0.0,30.0,0.0,0.0,0.0,0.0
20532,28.1952199,0.0,0.0,30.0,0.0,0.0,0.0,0.0
20533,28.1951411,0.0,0.0,30.0,0.0,0.0,0.0,0.0
20534,28.1950794,0.0,0.0,30.0,0.0,0.0,0.0,0.0
20535,28.1950346,0.0,0.0,30.0,0.0,0.0,0.0,0.0
20536,28.1950063,0.0,0.0,30.0,0.0,0.0,0.0,0.0
20537,28.1949943,0.0,0.0,30.0,0.0,0.0,0.0,0.0
20538,28.1949986,0.0,0.0,30.0,0.0,0.0,0.0,0.0
20539,28.1950192,0.0,0.0,30.0,0.0,0.0,0.0,0.0
20540,28.1950562,0.0,0.0,30.0,0.0,0.0,0.0,0.0
20541,28.1951099,0.0,0.0,30.0,0.0,0.0,0.0,0.0
20542,28.1951806,0.0,0.0,30.0,0.0,0.0,0.0,0.0
20543,28.1952687,0.0,0.0,30.0,0.0,0.0,0.0,0.0
20544,28.1953748,0.0,0.0,30.0,0.0,0.0,0.0,0.0
20545,28.1954995,0.0,0.0,30.0,0.0,0.0,0.0,0.0
20546,28.1956437,0.0,0.0,30.0,0.0,0.0,0.0,0.0
20547,28.1958082,0.0,0.0,30.0,0.0,0.0,0.0,0.0
20548,28.195994,0.0,0.0,30.0,0.0,0.0,0.0,0.0
20549,28.1962023,0.0,0.0,30.0,0.0,0.0,0.0,0.0
20550,28.1964344,0.0,0.0,30.0,0.0,0.0,0.0,0.0
20551,28.1966918,0.0,0.0,30.0,0.0,0.0,0.0,0.0
20552,28.196976,0.0,0.0,30.0,0.0,0.0,0.0,0.0
20553,28.1972888,0.0,0.0,30.0,0.0,0.0,0.0,0.0
20554,28.1976322,0.0,0.0,30.0,0.0,0.0,0.0,0.0
20555,28.1980083,0.0,0.0,30.0,0.0,0.0,0.0,0.0
20556,28.1984195,0.0,0.0,30.0,0.0,0.0,0.0,0.0
20557,28.1988682,0.0,0.0,30.0,0.0,0.0,0.0,0.0
20558,28.1993574,0.0,0.0,30.0,0.0,0.0,0.0,0.0
20559,28.1998899,0.0,0.0,30.0,0.0,0.0,0.0,0.0
20560,28.2004693,0.0,0.0,30.0,0.0,0.0,0.0,0.0
20561,28.201099,0.0,0.0,30.0,0.0,0.0,0.0,0.0
20562,28.2017831,0.0,0.0,30.0,0.0,0.0,0.0,0.0
20563,28.2025256,0.0,0.0,30.0,0.0,0.0,0.0,0.0
20564,28.2033314,0.0,0.0,30.0,0.0,0.0,0.0,0.0
20565,28.2042053,0.0,0.0,30.0,0.0,0.0,0.0,0.0
20566,28.2051529,0.0,0.0,30.0,0.0,0.0,0.0,0.0
20567,28.2061801,0.0,0.0,30.0,0.0,0.0,0.0,0.0
20568,28.2072931,0.0,0.0,30.0,0.0,0.0,0.0,0.0
20569,28.2084991,0.0,0.0,30.0,0.0,0.0,0.0,0.0
20570,28.2098054,0.0,0.0,30.0,0.0,0.0,0.0,0.0
20571,28.2112202,0.0,0.0,30.0,0.0,0.0,0.0,0.0
20572,28.2127523,0.0,0.0,30.0,0.0,0.0,0.0,0.0
20573,28.2144114,0.0,0.0,30.0,0.0,0.0,0.0,0.0
20574,28.2162076,0.0,0.0,30.0,0.0,0.0,0.0,0.0
20575,28.2181522,0.0,0.0,30.0,0.0,0.0,0.0,0.0
20576,28.2202573,0.0,0.0,30.0,0.0,0.0,0.0,0.0
20577,28.222536,0.0,0.0,30.0,0.0,0.0,0.0,0.0
20578,28.2250025,0.0,0.0,30.0,0.0,0.0,0.0,0.0
20579,28.2276721,0.0,0.0,30.0,0.0,0.0,0.0,0.0
20580,28.2305616,0.0,0.0,30.0,0.0,0.0,0.0,0.0
20581,28.2336888,0.0,0.0,30.0,0.0,0.0,0.0,0.0
20582,28.2370732,0.0,0.0,30.0,0.0,0.0,0.0,0.0
20583,28.240736,0.0,0.0,30.0,0.0,0.0,0.0,0.0
20584,28.2446999,0.0,0.0,30.0,0.0,0.0,0.0,0.0
20585,28.2489896,0.0,0.0,30.0,0.0,0.0,0.0,0.0
20586,28.2536319,0.0,0.0,30.0,0.0,0.0,0.0,0.0
20587,28.2586556,0.0,0.0,30.0,0.0,0.0,0.0,0.0
20588,28.264092,0.0,0.0,30.0,0.0,0.0,0.0,0.0
20589,28.269975,0.0,0.0,30.0,0.0,0.0,0.0,0.0
20590,28.2763412,0.0,0.0,30.0,0.0,0.0,0.0,0.0
20591,28.2832303,0.0,0.0,30.0,0.0,0.0,0.0,0.0
20592,28.2906851,0.0,0.0,30.0,0.0,0.0,0.0,0.0
20593,28.2987521,0.0,0.0,30.0,0.0,0.0,0.0,0.0
20594,28.3074815,0.0,0.0,30.0,0.0,0.0,0.0,0.0
20595,28.3169277,0.0,0.0,30.0,0.0,0.0,0.0,0.0
20596,28.3271496,0.0,0.0,30.0,0.0,0.0,0.0,0.0
20597,28.3382106,0.0,0.0,30.0,0.0,0.0,0.0,0.0
20598,28.3501798,0.0,0.0,30.0,0.0,0.0,0.0,0.0
20599,28.3631317,0.0,0.0,30.0,0.0,0.0,0.0,0.0
20600,28.3771469,0.0,0.0,30.0,0.0,0.0,0.0,0.0
20601,28.3923127,0.0,0.0,30.0,0.0,0.0,0.0,0.0
20602,28.4087235,0.0,0.0,30.0,0.0,0.0,0.0,0.0
20603,28.4264816,0.0,0.0,30.0,0.0,0.0,0.0,0.0
20604,28.4456975,0.0,0.0,30.0,0.0,0.0,0.0,0.0
20605,28.4664908,0.0,0.0,30.0,0.0,0.0,0.0,0.0
20606,28.488991,0.0,0.0,30.0,0.0,0.0,0.0,0.0
20607,28.5133386,0.0,0.0,30.0,0.0,0.0,0.0,0.0
20608,28.5396851,0.0,0.0,30.0,0.0,0.0,0.0,0.0
20609,28.5681927,0.0,0.0,30.0,0.0,0.0,0.0,0.0
20610,28.5990399,0.0,0.0,30.0,0.0,0.0,0.0,0.0
20611,28.6324274,0.0,0.0,30.0,0.0,0.0,0.0,0.0
20612,28.668558,0.0,0.0,30.0,0.0,0.0,0.0,0.0
20613,28.707614,0.0,0.0,30.0,0.0,0.0,0.0,0.0
20614,28.7498688,0.0,0.0,30.0,0.0,0.0,0.0,0.0
20615,28.795794,0.0,0.0,30.0,0.0,0.0,0.0,0.0
20616,28.8455039,0.0,0.0,30.0,0.0,0.0,0.0,0.0
20617,28.8982911,0.0,0.0,30.0,0.0,0.0,0.0,0.0
20618,28.9554446,0.0,0.0,30.0,0.0,0.0,0.0,0.0
20619,29.0222657,0.0,0.0,30.0,0.0,0.0,0.0,0.0
20620,29.0938794,0.0,0.0,30.0,0.0,0.0,0.0,0.0
20621,29.1467484,0.0,0.0,30.0,0.0,0.0,0.0,0.0
20622,29.2100086,0.0,0.0,30.0,0.0,0.0,0.0,0.0
20623,29.4000251,0.0,0.0,30.0,0.0,0.0,0.0,0.0
20624,29.5627617,0.0,0.0,30.0,0.0,0.0,0.0,0.0
20625,29.1382371,0.0,0.0,30.0,0.0,0.0,0.0,0.0
20626,29.0148365,0.0,0.0,30.0,0.0,0.0,0.0,0.0
20627,29.9065178,0.0,0.0,30.0,0.0,0.0,0.0,0.0
20628,30.0,0.0,0.0,30.0,0.0,0.0,0.0,0.0
20629,30.0,0.0,0.0,30.0,0.0,0.0,0.0,0.0
20630,23.891103,0.0,0.0,30.0,0.0,0.0,0.0,0.0
20631,23.6889133,0.0,0.0,30.0,0.0,0.0,0.0,0.0
20632,0.0,0.0,0.0,0.0,0.0,0.0,0.0,0.0
20633,30.0,0.0,0.0,4.24215555,0.0,0.0,0.0,0.0
20634,30.0,0.0,0.0,6.21558261,0.0,0.0,0.0,0.0
20635,0.0,0.0,0.0,16.821143,0.0,0.0,0.0,0.0
20636,0.0,0.0,0.0,22.0224509,0.0,0.0,0.0,0.0
20637,0.0,0.0,0.0,23.4858191,0.0,0.0,0.0,0.0
20638,0.0,0.0,0.0,23.9723774,0.0,0.0,0.0,0.0
20639,0.0,0.0,0.0,24.8689566,0.0,0.0,0.0,0.0
20640,0.0,0.0,0.0,25.7150738,0.0,0.0,0.0,0.0
20641,0.0,0.0,0.0,26.3186973,0.0,0.0,0.0,0.0
20642,0.0,0.0,0.0,26.7653254,0.0,0.0,0.0,0.0
20643,0.0,0.0,0.0,27.0895284,0.0,0.0,0.0,0.0
20644,0.0,0.0,0.0,27.2822035,0.0,0.0,0.0,0.0
20645,0.0,0.0,0.0,27.3413161,0.0,0.0,0.0,0.0
20646,0.0,0.0,0.0,27.2695901,0.0,0.0,0.0,0.0
20647,0.0,0.0,0.0,27.0673952,0.0,0.0,0.0,0.0
20648,0.0,0.0,0.0,26.7324818,0.0,0.0,0.0,0.0
20649,0.0,0.0,0.0,26.256775,0.0,0.0,0.0,0.0
20650,0.0,0.0,0.0,25.6323564,0.0,0.0,0.0,0.0
20651,0.0,0.0,0.0,24.8783767,0.0,0.0,0.0,0.0
20652,0.0,0.0,0.0,23.9967867,0.0,0.0,0.0,0.0
20653,0.0,0.0,0.0,22.8047231,0.0,0.0,0.0,0.0
20654,0.0,0.0,0.0,21.247438,0.0,0.0,0.0,0.0
20655,0.0,0.0,0.0,20.4247573,0.0,0.0,0.0,0.0
20656,0.0,0.0,0.0,20.4007986,0.0,0.0,0.0,0.0
20657,0.0,0.0,0.0,13.9581131,0.0,0.0,0.0,0.0
20658,0.0,0.0,0.0,1.89195953,0.0,0.0,0.0,0.0
20659,0.0,0.0,0.0,5.90614328,0.0,0.0,0.0,0.0
20660,30.0,0.0,0.0,30.0,0.0,0.0,0.0,0.0
20661,30.0,0.0,0.0,30.0,0.0,0.0,0.0,0.0
20662,30.0,0.0,0.0,30.0,0.0,0.0,0.0,0.0
20663,30.0,0.0,0.0,30.0,0.0,0.0,0.0,0.0
20664,30.0,0.0,0.0,30.0,0.0,0.0,0.0,0.0
20665,30.0,0.0,0.0,30.0,0.0,0.0,0.0,0.0
20666,30.0,0.0,0.0,30.0,0.0,0.0,0.0,0.0
20667,30.0,0.0,0.0,30.0,0.0,0.0,0.0,0.0
20668,30.0,0.0,0.0,30.0,0.0,0.0,0.0,0.0
20669,30.0,0.0,0.0,30.0,0.0,0.0,0.0,0.0
20670,30.0,0.0,0.0,30.0,0.0,0.0,0.0,0.0
20671,30.0,0.0,0.0,30.0,0.0,0.0,0.0,0.0
20672,28.7631917,0.0,0.0,30.0,0.0,0.0,0.0,0.0
20673,23.5071464,0.0,0.0,30.0,0.0,0.0,0.0,0.0
20674,24.4810295,0.0,0.0,30.0,0.0,0.0,0.0,0.0
20675,30.0,0.0,0.0,30.0,0.0,0.0,0.0,0.0
20676,30.0,0.0,0.0,30.0,0.0,0.0,0.0,0.0
20677,30.0,0.0,0.0,30.0,0.0,0.0,0.0,0.0
20678,30.0,0.0,0.0,30.0,0.0,0.0,0.0,0.0
20679,30.0,0.0,0.0,30.0,0.0,0.0,0.0,0.0
20680,29.3428211,0.0,0.0,30.0,0.0,0.0,0.0,0.0
20681,28.9123013,0.0,0.0,30.0,0.0,0.0,0.0,0.0
20682,28.8323665,0.0,0.0,30.0,0.0,0.0,0.0,0.0
20683,28.6408366,0.0,0.0,30.0,0.0,0.0,0.0,0.0
20684,28.6215593,0.0,0.0,30.0,0.0,0.0,0.0,0.0
20685,28.6172925,0.0,0.0,30.0,0.0,0.0,0.0,0.0
20686,28.5814906,0.0,0.0,30.0,0.0,0.0,0.0,0.0
20687,28.5463496,0.0,0.0,30.0,0.0,0.0,0.0,0.0
20688,28.5203377,0.0,0.0,30.0,0.0,0.0,0.0,0.0
20689,28.496575,0.0,0.0,30.0,0.0,0.0,0.0,0.0
20690,28.4733069,0.0,0.0,30.0,0.0,0.0,0.0,0.0
20691,28.4517763,0.0,0.0,30.0,0.0,0.0,0.0,0.0
20692,28.4321432,0.0,0.0,30.0,0.0,0.0,0.0,0.0
20693,28.4139995,0.0,0.0,30.0,0.0,0.0,0.0,0.0
20694,28.3971791,0.0,0.0,30.0,0.0,0.0,0.0,0.0
20695,28.3816359,0.0,0.0,30.0,0.0,0.0,0.0,0.0
20696,28.3672826,0.0,0.0,30.0,0.0,0.0,0.0,0.0
20697,28.3540178,0.0,0.0,30.0,0.0,0.0,0.0,0.0
20698,28.3417573,0.0,0.0,30.0,0.0,0.0,0.0,0.0
20699,28.3304271,0.0,0.0,30.0,0.0,0.0,0.0,0.0
20700,28.319957,0.0,0.0,30.0,0.0,0.0,0.0,0.0
20701,28.3102813,0.0,0.0,30.0,0.0,0.0,0.0,0.0
20702,28.3013398,0.0,0.0,30.0,0.0,0.0,0.0,0.0
20703,28.2930767,0.0,0.0,30.0,0.0,0.0,0.0,0.0
20704,28.2854407,0.0,0.0,30.0,0.0,0.0,0.0,0.0
20705,28.2783842,0.0,0.0,30.0,0.0,0.0,0.0,0.0
20706,28.2718632,0.0,0.0,30.0,0.0,0.0,0.0,0.0
20707,28.2658372,0.0,0.0,30.0,0.0,0.0,0.0,0.0
20708,28.2602687,0.0,0.0,30.0,0.0,0.0,0.0,0.0
20709,28.2551228,0.0,0.0,30.0,0.0,0.0,0.0,0.0
20710,28.2503677,0.0,0.0,30.0,0.0,0.0,0.0,0.0
20711,28.2459737,0.0,0.0,30.0,0.0,0.0,0.0,0.0
20712,28.2419135,0.0,0.0,30.0,0.0,0.0,0.0,0.0
20713,28.2381617,0.0,0.0,30.0,0.0,0.0,0.0,0.0
20714,28.234695,0.0,0.0,30.0,0.0,0.0,0.0,0.0
20715,28.2314918,0.0,0.0,30.0,0.0,0.0,0.0,0.0
20716,28.2285321,0.0,0.0,30.0,0.0,0.0,0.0,0.0
20717,28.2257976,0.0,0.0,30.0,0.0,0.0,0.0,0.0
20718,28.2232711,0.0,0.0,30.0,0.0,0.0,0.0,0.0
20719,28.2209371,0.0,0.0,30.0,0.0,0.0,0.0,0.0
20720,28.2187809,0.0,0.0,30.0,0.0,0.0,0.0,0.0
20721,28.216789,0.0,0.0,30.0,0.0,0.0,0.0,0.0
20722,28.2149492,0.0,0.0,30.0,0.0,0.0,0.0,0.0
20723,28.2132499,0.0,0.0,30.0,0.0,0.0,0.0,0.0
20724,28.2116806,0.0,0.0,30.0,0.0,0.0,0.0,0.0
20725,28.2102315,0.0,0.0,30.0,0.0,0.0,0.0,0.0
20726,28.2088935,0.0,0.0,30.0,0.0,0.0,0.0,0.0
20727,28.2076584,0.0,0.0,30.0,0.0,0.0,0.0,0.0
20728,28.2065184,0.0,0.0,30.0,0.0,0.0,0.0,0.0
20729,28.2054664,0.0,0.0,30.0,0.0,0.0,0.0,0.0
20730,28.204496,0.0,0.0,30.0,0.0,0.0,0.0,0.0
20731,28.203601,0.0,0.0,30.0,0.0,0.0,0.0,0.0
20732,28.2027758,0.0,0.0,30.0,0.0,0.0,0.0,0.0
20733,28.2020154,0.0,0.0,30.0,0.0,0.0,0.0,0.0
20734,28.201315,0.0,0.0,30.0,0.0,0.0,0.0,0.0
20735,28.2006702,0.0,0.0,30.0,0.0,0.0,0.0,0.0
20736,28.2000771,0.0,0.0,30.0,0.0,0.0,0.0,0.0
20737,28.1995319,0.0,0.0,30.0,0.0,0.0,0.0,0.0
20738,28.1990312,0.0,0.0,30.0,0.0,0.0,0.0,0.0
20739,28.1985719,0.0,0.0,30.0,0.0,0.0,0.0,0.0
20740,28.1981512,0.0,0.0,30.0,0.0,0.0,0.0,0.0
20741,28.1977665,0.0,0.0,30.0,0.0,0.0,0.0,0.0
20742,28.1974152,0.0,0.0,30.0,0.0,0.0,0.0,0.0
20743,28.1970954,0.0,0.0,30.0,0.0,0.0,0.0,0.0
20744,28.1968048,0.0,0.0,30.0,0.0,0.0,0.0,0.0
20745,28.1965419,0.0,0.0,30.0,0.0,0.0,0.0,0.0
20746,28.1963048,0.0,0.0,30.0,0.0,0.0,0.0,0.0
20747,28.1960922,0.0,0.0,30.0,0.0,0.0,0.0,0.0
20748,28.1959027,0.0,0.0,30.0,0.0,0.0,0.0,0.0
20749,28.1957351,0.0,0.0,30.0,0.0,0.0,0.0,0.0
20750,28.1955884,0.0,0.0,30.0,0.0,0.0,0.0,0.0
20751,28.1954617,0.0,0.0,30.0,0.0,0.0,0.0,0.0
20752,28.1953541,0.0,0.0,30.0,0.0,0.0,0.0,0.0
20753,28.1952651,0.0,0.0,30.0,0.0,0.0,0.0,0.0
20754,28.195194,0.0,0.0,30.0,0.0,0.0,0.0,0.0
20755,28.1951405,0.0,0.0,30.0,0.0,0.0,0.0,0.0
20756,28.1951041,0.0,0.0,30.0,0.0,0.0,0.0,0.0
20757,28.1950847,0.0,0.0,30.0,0.0,0.0,0.0,0.0
20758,28.1950822,0.0,0.0,30.0,0.0,0.0,0.0,0.0
20759,28.1950964,0.0,0.0,30.0,0.0,0.0,0.0,0.0
20760,28.1951276,0.0,0.0,30.0,0.0,0.0,0.0,0.0
20761,28.1951759,0.0,0.0,30.0,0.0,0.0,0.0,0.0
20762,28.1952416,0.0,0.0,30.0,0.0,0.0,0.0,0.0
20763,28.1953251,0.0,0.0,30.0,0.0,0.0,0.0,0.0
20764,28.1954269,0.0,0.0,30.0,0.0,0.0,0.0,0.0
20765,28.1955477,0.0,0.0,30.0,0.0,0.0,0.0,0.0
20766,28.1956882,0.0,0.0,30.0,0.0,0.0,0.0,0.0
20767,28.1958493,0.0,0.0,30.0,0.0,0.0,0.0,0.0
20768,28.196032,0.0,0.0,30.0,0.0,0.0,0.0,0.0
20769,28.1962374,0.0,0.0,30.0,0.0,0.0,0.0,0.0
20770,28.1964669,0.0,0.0,30.0,0.0,0.0,0.0,0.0
20771,28.1967218,0.0,0.0,30.0,0.0,0.0,0.0,0.0
20772,28.1970037,0.0,0.0,30.0,0.0,0.0,0.0,0.0
20773,28.1973145,0.0,0.0,30.0,0.0,0.0,0.0,0.0
20774,28.1976559,0.0,0.0,30.0,0.0,0.0,0.0,0.0
20775,28.1980302,0.0,0.0,30.0,0.0,0.0,0.0,0.0
20776,28.1984397,0.0,0.0,30.0,0.0,0.0,0.0,0.0
20777,28.1988869,0.0,0.0,30.0,0.0,0.0,0.0,0.0
20778,28.1993746,0.0,0.0,30.0,0.0,0.0,0.0,0.0
20779,28.1999059,0.0,0.0,30.0,0.0,0.0,0.0,0.0
20780,28.2004841,0.0,0.0,30.0,0.0,0.0,0.0,0.0
20781,28.2011127,0.0,0.0,30.0,0.0,0.0,0.0,0.0
20782,28.2017957,0.0,0.0,30.0,0.0,0.0,0.0,0.0
20783,28.2025373,0.0,0.0,30.0,0.0,0.0,0.0,0.0
20784,28.2033422,0.0,0.0,30.0,0.0,0.0,0.0,0.0
20785,28.2042153,0.0,0.0,30.0,0.0,0.0,0.0,0.0
20786,28.2051621,0.0,0.0,30.0,0.0,0.0,0.0,0.0
20787,28.2061886,0.0,0.0,30.0,0.0,0.0,0.0,0.0
20788,28.207301,0.0,0.0,30.0,0.0,0.0,0.0,0.0
20789,28.2085063,0.0,0.0,30.0,0.0,0.0,0.0,0.0
20790,28.2098121,0.0,0.0,30.0,0.0,0.0,0.0,0.0
20791,28.2112264,0.0,0.0,30.0,0.0,0.0,0.0,0.0
20792,28.2127581,0.0,0.0,30.0,0.0,0.0,0.0,0.0
20793,28.2144167,0.0,0.0,30.0,0.0,0.0,0.0,0.0
20794,28.2162125,0.0,0.0,30.0,0.0,0.0,0.0,0.0
20795,28.2181567,0.0,0.0,30.0,0.0,0.0,0.0,0.0
20796,28.2202615,0.0,0.0,30.0,0.0,0.0,0.0,0.0
20797,28.2225399,0.0,0.0,30.0,0.0,0.0,0.0,0.0
20798,28.2250061,0.0,0.0,30.0,0.0,0.0,0.0,0.0
20799,28.2276754,0.0,0.0,30.0,0.0,0.0,0.0,0.0
20800,28.2305646,0.0,0.0,30.0,0.0,0.0,0.0,0.0
20801,28.2336916,0.0,0.0,30.0,0.0,0.0,0.0,0.0
20802,28.2370758,0.0,0.0,30.0,0.0,0.0,0.0,0.0
20803,28.2407384,0.0,0.0,30.0,0.0,0.0,0.0,0.0
20804,28.2447021,0.0,0.0,30.0,0.0,0.0,0.0,0.0
20805,28.2489917,0.0,0.0,30.0,0.0,0.0,0.0,0.0
20806,28.2536338,0.0,0.0,30.0,0.0,0.0,0.0,0.0
20807,28.2586573,0.0,0.0,30.0,0.0,0.0,0.0,0.0
20808,28.2640936,0.0,0.0,30.0,0.0,0.0,0.0,0.0
20809,28.2699765,0.0,0.0,30.0,0.0,0.0,0.0,0.0
20810,28.2763426,0.0,0.0,30.0,0.0,0.0,0.0,0.0
20811,28.2832315,0.0,0.0,30.0,0.0,0.0,0.0,0.0
20812,28.2906863,0.0,0.0,30.0,0.0,0.0,0.0,0.0
20813,28.2987532,0.0,0.0,30.0,0.0,0.0,0.0,0.0
20814,28.3074826,0.0,0.0,30.0,0.0,0.0,0.0,0.0
20815,28.3169287,0.0,0.0,30.0,0.0,0.0,0.0,0.0
20816,28.3271504,0.0,0.0,30.0,0.0,0.0,0.0,0.0
20817,28.3382114,0.0,0.0,30.0,0.0,0.0,0.0,0.0
20818,28.3501806,0.0,0.0,30.0,0.0,0.0,0.0,0.0
20819,28.3631324,0.0,0.0,30.0,0.0,0.0,0.0,0.0
20820,28.3771475,0.0,0.0,30.0,0.0,0.0,0.0,0.0
20821,28.3923132,0.0,0.0,30.0,0.0,0.0,0.0,0.0
20822,28.408724,0.0,0.0,30.0,0.0,0.0,0.0,0.0
20823,28.4264821,0.0,0.0,30.0,0.0,0.0,0.0,0.0
20824,28.4456979,0.0,0.0,30.0,0.0,0.0,0.0,0.0
20825,28.4664912,0.0,0.0,30.0,0.0,0.0,0.0,0.0
20826,28.4889914,0.0,0.0,30.0,0.0,0.0,0.0,0.0
20827,28.513339,0.0,0.0,30.0,0.0,0.0,0.0,0.0
20828,28.5396854,0.0,0.0,30.0,0.0,0.0,0.0,0.0
20829,28.568193,0.0,0.0,30.0,0.0,0.0,0.0,0.0
20830,28.5990402,0.0,0.0,30.0,0.0,0.0,0.0,0.0
20831,28.6324277,0.0,0.0,30.0,0.0,0.0,0.0,0.0
20832,28.6685583,0.0,0.0,30.0,0.0,0.0,0.0,0.0
20833,28.7076143,0.0,0.0,30.0,0.0,0.0,0.0,0.0
20834,28.749869,0.0,0.0,30.0,0.0,0.0,0.0,0.0
20835,28.7957942,0.0,0.0,30.0,0.0,0.0,0.0,0.0
20836,28.8455041,0.0,0.0,30.0,0.0,0.0,0.0,0.0
20837,28.8982912,0.0,0.0,30.0,0.0,0.0,0.0,0.0
20838,28.9554447,0.0,0.0,30.0,0.0,0.0,0.0,0.0
20839,29.0222659,0.0,0.0,30.0,0.0,0.0,0.0,0.0
20840,29.0938795,0.0,0.0,30.0,0.0,0.0,0.0,0.0
20841,29.1467485,0.0,0.0,30.0,0.0,0.0,0.0,0.0
20842,29.2100087,0.0,0.0,30.0,0.0,0.0,0.0,0.0
20843,29.4000252,0.0,0.0,30.0,0.0,0.0,0.0,0.0
20844,29.5627618,0.0,0.0,30.0,0.0,0.0,0.0,0.0
20845,29.1382372,0.0,0.0,30.0,0.0,0.0,0.0,0.0
20846,29.0148366,0.0,0.0,30.0,0.0,0.0,0.0,0.0
20847,29.9065178,0.0,0.0,30.0,0.0,0.0,0.0,0.0
20848,30.0,0.0,0.0,30.0,0.0,0.0,0.0,0.0
20849,30.0,0.0,0.0,30.0,0.0,0.0,0.0,0.0
20850,23.8911033,0.0,0.0,30.0,0.0,0.0,0.0,0.0
20851,23.6889134,0.0,0.0,30.0,0.0,0.0,0.0,0.0
20852,0.0,0.0,0.0,0.0,0.0,0.0,0.0,0.0
20853,30.0,0.0,0.0,4.21859505,0.0,0.0,0.0,0.0
20854,30.0,0.0,0.0,6.18726477,0.0,0.0,0.0,0.0
20855,0.0,0.0,0.0,16.7900556,0.0,0.0,0.0,0.0
20856,0.0,0.0,0.0,21.9789414,0.0,0.0,0.0,0.0
20857,0.0,0.0,0.0,23.4345668,0.0,0.0,0.0,0.0
20858,0.0,0.0,0.0,23.9140565,0.0,0.0,0.0,0.0
20859,0.0,0.0,0.0,24.8020415,0.0,0.0,0.0,0.0
20860,0.0,0.0,0.0,25.6386006,0.0,0.0,0.0,0.0
20861,0.0,0.0,0.0,26.2319011,0.0,0.0,0.0,0.0
20862,0.0,0.0,0.0,26.6672088,0.0,0.0,0.0,0.0
20863,0.0,0.0,0.0,26.9789123,0.0,0.0,0.0,0.0
20864,0.0,0.0,0.0,27.1577817,0.0,0.0,0.0,0.0
20865,0.0,0.0,0.0,27.2016445,0.0,0.0,0.0,0.0
20866,0.0,0.0,0.0,27.11303,0.0,0.0,0.0,0.0
20867,0.0,0.0,0.0,26.8919937,0.0,0.0,0.0,0.0
20868,0.0,0.0,0.0,26.5361614,0.0,0.0,0.0,0.0
20869,0.0,0.0,0.0,26.0379339,0.0,0.0,0.0,0.0
20870,0.0,0.0,0.0,25.3883823,0.0,0.0,0.0,0.0
20871,0.0,0.0,0.0,24.6018378,0.0,0.0,0.0,0.0
20872,0.0,0.0,0.0,23.6854333,0.0,0.0,0.0,0.0
20873,0.0,0.0,0.0,22.4841006,0.0,0.0,0.0,0.0
20874,0.0,0.0,0.0,20.9023724,0.0,0.0,0.0,0.0
20875,0.0,0.0,0.0,19.8649141,0.0,0.0,0.0,0.0
20876,0.0,0.0,0.0,19.7244474,0.0,0.0,0.0,0.0
20877,0.0,0.0,0.0,14.3398563,0.0,0.0,0.0,0.0
20878,0.0,0.0,0.0,2.43748084,0.0,0.0,0.0,0.0
20879,0.0,0.0,0.0,3.65831342,0.0,0.0,0.0,0.0
20880,30.0,0.0,0.0,30.0,0.0,0.0,0.0,0.0
20881,30.0,0.0,0.0,30.0,0.0,0.0,0.0,0.0
20882,30.0,0.0,0.0,30.0,0.0,0.0,0.0,0.0
20883,30.0,0.0,0.0,30.0,0.0,0.0,0.0,0.0
20884,30.0,0.0,0.0,30.0,0.0,0.0,0.0,0.0
20885,30.0,0.0,0.0,30.0,0.0,0.0,0.0,0.0
20886,30.0,0.0,0.0,30.0,0.0,0.0,0.0,0.0
20887,17.4433495,0.0,0.0,30.0,0.0,0.0,0.0,0.0
20888,14.0733843,0.0,0.0,30.0,0.0,0.0,0.0,0.0
20889,19.6867302,0.0,0.0,30.0,0.0,0.0,0.0,0.0
20890,22.6703844,0.0,0.0,30.0,0.0,0.0,0.0,0.0
20891,20.6659028,0.0,0.0,30.0,0.0,0.0,0.0,0.0
20892,20.2527425,0.0,0.0,30.0,0.0,0.0,0.0,0.0
20893,22.9412901,0.0,0.0,30.0,0.0,0.0,0.0,0.0
20894,27.0508486,0.0,0.0,30.0,0.0,0.0,0.0,0.0
20895,30.0,0.0,0.0,30.0,0.0,0.0,0.0,0.0
20896,30.0,0.0,0.0,30.0,0.0,0.0,0.0,0.0
20897,30.0,0.0,0.0,30.0,0.0,0.0,0.0,0.0
20898,30.0,0.0,0.0,30.0,0.0,0.0,0.0,0.0
20899,30.0,0.0,0.0,30.0,0.0,0.0,0.0,0.0
20900,28.3494156,0.0,0.0,30.0,0.0,0.0,0.0,0.0
20901,28.1294247,0.0,0.0,30.0,0.0,0.0,0.0,0.0
20902,28.3890127,0.0,0.0,30.0,0.0,0.0,0.0,0.0
20903,28.0294322,0.0,0.0,30.0,0.0,0.0,0.0,0.0
20904,28.0096179,0.0,0.0,30.0,0.0,0.0,0.0,0.0
20905,28.0932507,0.0,0.0,30.0,0.0,0.0,0.0,0.0
20906,28.1057736,0.0,0.0,30.0,0.0,0.0,0.0,0.0
20907,28.0981793,0.0,0.0,30.0,0.0,0.0,0.0,0.0
20908,28.1046207,0.0,0.0,30.0,0.0,0.0,0.0,0.0
20909,28.1141478,0.0,0.0,30.0,0.0,0.0,0.0,0.0
20910,28.1201638,0.0,0.0,30.0,0.0,0.0,0.0,0.0
20911,28.1250631,0.0,0.0,30.0,0.0,0.0,0.0,0.0
20912,28.1301667,0.0,0.0,30.0,0.0,0.0,0.0,0.0
20913,28.1350041,0.0,0.0,30.0,0.0,0.0,0.0,0.0
20914,28.139356,0.0,0.0,30.0,0.0,0.0,0.0,0.0
20915,28.143356,0.0,0.0,30.0,0.0,0.0,0.0,0.0
20916,28.1470771,0.0,0.0,30.0,0.0,0.0,0.0,0.0
20917,28.15052,0.0,0.0,30.0,0.0,0.0,0.0,0.0
20918,28.1536968,0.0,0.0,30.0,0.0,0.0,0.0,0.0
20919,28.1566321,0.0,0.0,30.0,0.0,0.0,0.0,0.0
20920,28.1593459,0.0,0.0,30.0,0.0,0.0,0.0,0.0
20921,28.1618541,0.0,0.0,30.0,0.0,0.0,0.0,0.0
20922,28.1641721,0.0,0.0,30.0,0.0,0.0,0.0,0.0
20923,28.1663144,0.0,0.0,30.0,0.0,0.0,0.0,0.0
20924,28.1682945,0.0,0.0,30.0,0.0,0.0,0.0,0.0
20925,28.1701246,0.0,0.0,30.0,0.0,0.0,0.0,0.0
20926,28.1718161,0.0,0.0,30.0,0.0,0.0,0.0,0.0
20927,28.1733796,0.0,0.0,30.0,0.0,0.0,0.0,0.0
20928,28.1748248,0.0,0.0,30.0,0.0,0.0,0.0,0.0
20929,28.1761606,0.0,0.0,30.0,0.0,0.0,0.0,0.0
20930,28.1773955,0.0,0.0,30.0,0.0,0.0,0.0,0.0
20931,28.1785372,0.0,0.0,30.0,0.0,0.0,0.0,0.0
20932,28.1795926,0.0,0.0,30.0,0.0,0.0,0.0,0.0
20933,28.1805684,0.0,0.0,30.0,0.0,0.0,0.0,0.0
20934,28.1814706,0.0,0.0,30.0,0.0,0.0,0.0,0.0
20935,28.182305,0.0,0.0,30.0,0.0,0.0,0.0,0.0
20936,28.1830766,0.0,0.0,30.0,0.0,0.0,0.0,0.0
20937,28.1837903,0.0,0.0,30.0,0.0,0.0,0.0,0.0
20938,28.1844505,0.0,0.0,30.0,0.0,0.0,0.0,0.0
20939,28.1850613,0.0,0.0,30.0,0.0,0.0,0.0,0.0
20940,28.1856266,0.0,0.0,30.0,0.0,0.0,0.0,0.0
20941,28.1861498,0.0,0.0,30.0,0.0,0.0,0.0,0.0
20942,28.1866343,0.0,0.0,30.0,0.0,0.0,0.0,0.0
20943,28.1870829,0.0,0.0,30.0,0.0,0.0,0.0,0.0
20944,28.1874986,0.0,0.0,30.0,0.0,0.0,0.0,0.0
20945,28.1878839,0.0,0.0,30.0,0.0,0.0,0.0,0.0
20946,28.1882412,0.0,0.0,30.0,0.0,0.0,0.0,0.0
20947,28.1885728,0.0,0.0,30.0,0.0,0.0,0.0,0.0
20948,28.1888806,0.0,0.0,30.0,0.0,0.0,0.0,0.0
20949,28.1891666,0.0,0.0,30.0,0.0,0.0,0.0,0.0
20950,28.1894327,0.0,0.0,30.0,0.0,0.0,0.0,0.0
20951,28.1896803,0.0,0.0,30.0,0.0,0.0,0.0,0.0
20952,28.1899112,0.0,0.0,30.0,0.0,0.0,0.0,0.0
20953,28.1901267,0.0,0.0,30.0,0.0,0.0,0.0,0.0
20954,28.1903282,0.0,0.0,30.0,0.0,0.0,0.0,0.0
20955,28.1905169,0.0,0.0,30.0,0.0,0.0,0.0,0.0
20956,28.190694,0.0,0.0,30.0,0.0,0.0,0.0,0.0
20957,28.1908605,0.0,0.0,30.0,0.0,0.0,0.0,0.0
20958,28.1910177,0.0,0.0,30.0,0.0,0.0,0.0,0.0
20959,28.1911663,0.0,0.0,30.0,0.0,0.0,0.0,0.0
20960,28.1913074,0.0,0.0,30.0,0.0,0.0,0.0,0.0
20961,28.1914418,0.0,0.0,30.0,0.0,0.0,0.0,0.0
20962,28.1915703,0.0,0.0,30.0,0.0,0.0,0.0,0.0
20963,28.1916938,0.0,0.0,30.0,0.0,0.0,0.0,0.0
20964,28.1918131,0.0,0.0,30.0,0.0,0.0,0.0,0.0
20965,28.1919288,0.0,0.0,30.0,0.0,0.0,0.0,0.0
20966,28.1920417,0.0,0.0,30.0,0.0,0.0,0.0,0.0
20967,28.1921524,0.0,0.0,30.0,0.0,0.0,0.0,0.0
20968,28.1922618,0.0,0.0,30.0,0.0,0.0,0.0,0.0
20969,28.1923704,0.0,0.0,30.0,0.0,0.0,0.0,0.0
20970,28.192479,0.0,0.0,30.0,0.0,0.0,0.0,0.0
20971,28.1925881,0.0,0.0,30.0,0.0,0.0,0.0,0.0
20972,28.1926986,0.0,0.0,30.0,0.0,0.0,0.0,0.0
20973,28.192811,0.0,0.0,30.0,0.0,0.0,0.0,0.0
20974,28.1929261,0.0,0.0,30.0,0.0,0.0,0.0,0.0
20975,28.1930446,0.0,0.0,30.0,0.0,0.0,0.0,0.0
20976,28.1931673,0.0,0.0,30.0,0.0,0.0,0.0,0.0
20977,28.1932948,0.0,0.0,30.0,0.0,0.0,0.0,0.0
20978,28.193428,0.0,0.0,30.0,0.0,0.0,0.0,0.0
20979,28.1935678,0.0,0.0,30.0,0.0,0.0,0.0,0.0
20980,28.1937149,0.0,0.0,30.0,0.0,0.0,0.0,0.0
20981,28.1938703,0.0,0.0,30.0,0.0,0.0,0.0,0.0
20982,28.1940351,0.0,0.0,30.0,0.0,0.0,0.0,0.0
20983,28.1942101,0.0,0.0,30.0,0.0,0.0,0.0,0.0
20984,28.1943965,0.0,0.0,30.0,0.0,0.0,0.0,0.0
20985,28.1945955,0.0,0.0,30.0,0.0,0.0,0.0,0.0
20986,28.1948082,0.0,0.0,30.0,0.0,0.0,0.0,0.0
20987,28.1950361,0.0,0.0,30.0,0.0,0.0,0.0,0.0
20988,28.1952805,0.0,0.0,30.0,0.0,0.0,0.0,0.0
20989,28.1955429,0.0,0.0,30.0,0.0,0.0,0.0,0.0
20990,28.1958251,0.0,0.0,30.0,0.0,0.0,0.0,0.0
20991,28.1961287,0.0,0.0,30.0,0.0,0.0,0.0,0.0
20992,28.1964556,0.0,0.0,30.0,0.0,0.0,0.0,0.0
20993,28.1968079,0.0,0.0,30.0,0.0,0.0,0.0,0.0
20994,28.1971878,0.0,0.0,30.0,0.0,0.0,0.0,0.0
20995,28.1975976,0.0,0.0,30.0,0.0,0.0,0.0,0.0
20996,28.1980399,0.0,0.0,30.0,0.0,0.0,0.0,0.0
20997,28.1985175,0.0,0.0,30.0,0.0,0.0,0.0,0.0
20998,28.1990332,0.0,0.0,30.0,0.0,0.0,0.0,0.0
20999,28.1995904,0.0,0.0,30.0,0.0,0.0,0.0,0.0
21000,28.2001925,0.0,0.0,30.0,0.0,0.0,0.0,0.0
21001,28.2008432,0.0,0.0,30.0,0.0,0.0,0.0,0.0
21002,28.2015466,0.0,0.0,30.0,0.0,0.0,0.0,0.0
21003,28.2023072,0.0,0.0,30.0,0.0,0.0,0.0,0.0
21004,28.2031295,0.0,0.0,30.0,0.0,0.0,0.0,0.0
21005,28.2040188,0.0,0.0,30.0,0.0,0.0,0.0,0.0
21006,28.2049805,0.0,0.0,30.0,0.0,0.0,0.0,0.0
21007,28.2060207,0.0,0.0,30.0,0.0,0.0,0.0,0.0
21008,28.2071459,0.0,0.0,30.0,0.0,0.0,0.0,0.0
21009,28.208363,0.0,0.0,30.0,0.0,0.0,0.0,0.0
21010,28.2096796,0.0,0.0,30.0,0.0,0.0,0.0,0.0
21011,28.211104,0.0,0.0,30.0,0.0,0.0,0.0,0.0
21012,28.212645,0.0,0.0,30.0,0.0,0.0,0.0,0.0
21013,28.2143121,0.0,0.0,30.0,0.0,0.0,0.0,0.0
21014,28.2161159,0.0,0.0,30.0,0.0,0.0,0.0,0.0
21015,28.2180675,0.0,0.0,30.0,0.0,0.0,0.0,0.0
21016,28.220179,0.0,0.0,30.0,0.0,0.0,0.0,0.0
21017,28.2224636,0.0,0.0,30.0,0.0,0.0,0.0,0.0
21018,28.2249356,0.0,0.0,30.0,0.0,0.0,0.0,0.0
21019,28.2276103,0.0,0.0,30.0,0.0,0.0,0.0,0.0
21020,28.2305045,0.0,0.0,30.0,0.0,0.0,0.0,0.0
21021,28.233636,0.0,0.0,30.0,0.0,0.0,0.0,0.0
21022,28.2370244,0.0,0.0,30.0,0.0,0.0,0.0,0.0
21023,28.2406909,0.0,0.0,30.0,0.0,0.0,0.0,0.0
21024,28.2446583,0.0,0.0,30.0,0.0,0.0,0.0,0.0
21025,28.2489511,0.0,0.0,30.0,0.0,0.0,0.0,0.0
21026,28.2535963,0.0,0.0,30.0,0.0,0.0,0.0,0.0
21027,28.2586227,0.0,0.0,30.0,0.0,0.0,0.0,0.0
21028,28.2640616,0.0,0.0,30.0,0.0,0.0,0.0,0.0
21029,28.2699469,0.0,0.0,30.0,0.0,0.0,0.0,0.0
21030,28.2763153,0.0,0.0,30.0,0.0,0.0,0.0,0.0
21031,28.2832063,0.0,0.0,30.0,0.0,0.0,0.0,0.0
21032,28.290663,0.0,0.0,30.0,0.0,0.0,0.0,0.0
21033,28.2987317,0.0,0.0,30.0,0.0,0.0,0.0,0.0
21034,28.3074627,0.0,0.0,30.0,0.0,0.0,0.0,0.0
21035,28.3169103,0.0,0.0,30.0,0.0,0.0,0.0,0.0
21036,28.3271334,0.0,0.0,30.0,0.0,0.0,0.0,0.0
21037,28.3381957,0.0,0.0,30.0,0.0,0.0,0.0,0.0
21038,28.3501661,0.0,0.0,30.0,0.0,0.0,0.0,0.0
21039,28.363119,0.0,0.0,30.0,0.0,0.0,0.0,0.0
21040,28.3771351,0.0,0.0,30.0,0.0,0.0,0.0,0.0
21041,28.3923018,0.0,0.0,30.0,0.0,0.0,0.0,0.0
21042,28.4087135,0.0,0.0,30.0,0.0,0.0,0.0,0.0
21043,28.4264723,0.0,0.0,30.0,0.0,0.0,0.0,0.0
21044,28.4456889,0.0,0.0,30.0,0.0,0.0,0.0,0.0
21045,28.4664829,0.0,0.0,30.0,0.0,0.0,0.0,0.0
21046,28.4889837,0.0,0.0,30.0,0.0,0.0,0.0,0.0
21047,28.5133319,0.0,0.0,30.0,0.0,0.0,0.0,0.0
21048,28.5396789,0.0,0.0,30.0,0.0,0.0,0.0,0.0
21049,28.568187,0.0,0.0,30.0,0.0,0.0,0.0,0.0
21050,28.5990346,0.0,0.0,30.0,0.0,0.0,0.0,0.0
21051,28.6324226,0.0,0.0,30.0,0.0,0.0,0.0,0.0
21052,28.6685535,0.0,0.0,30.0,0.0,0.0,0.0,0.0
21053,28.7076099,0.0,0.0,30.0,0.0,0.0,0.0,0.0
21054,28.749865,0.0,0.0,30.0,0.0,0.0,0.0,0.0
21055,28.7957905,0.0,0.0,30.0,0.0,0.0,0.0,0.0
21056,28.8455007,0.0,0.0,30.0,0.0,0.0,0.0,0.0
21057,28.8982881,0.0,0.0,30.0,0.0,0.0,0.0,0.0
21058,28.9554418,0.0,0.0,30.0,0.0,0.0,0.0,0.0
21059,29.0222632,0.0,0.0,30.0,0.0,0.0,0.0,0.0
21060,29.0938771,0.0,0.0,30.0,0.0,0.0,0.0,0.0
21061,29.1467463,0.0,0.0,30.0,0.0,0.0,0.0,0.0
21062,29.2100067,0.0,0.0,30.0,0.0,0.0,0.0,0.0
21063,29.4000234,0.0,0.0,30.0,0.0,0.0,0.0,0.0
21064,29.5627602,0.0,0.0,30.0,0.0,0.0,0.0,0.0
21065,29.1382358,0.0,0.0,30.0,0.0,0.0,0.0,0.0
21066,29.0148351,0.0,0.0,30.0,0.0,0.0,0.0,0.0
21067,29.9065164,0.0,0.0,30.0,0.0,0.0,0.0,0.0
21068,30.0,0.0,0.0,30.0,0.0,0.0,0.0,0.0
21069,30.0,0.0,0.0,30.0,0.0,0.0,0.0,0.0
21070,23.8910987,0.0,0.0,30.0,0.0,0.0,0.0,0.0
21071,23.6889103,0.0,0.0,30.0,0.0,0.0,0.0,0.0
21072,0.0,0.0,0.0,0.0,0.0,0.0,0.0,0.0
21073,30.0,0.0,0.0,4.3794725,0.0,0.0,0.0,0.0
21074,30.0,0.0,0.0,6.38062664,0.0,0.0,0.0,0.0
21075,0.0,0.0,0.0,17.0023289,0.0,0.0,0.0,0.0
21076,0.0,0.0,0.0,22.276036,0.0,0.0,0.0,0.0
21077,0.0,0.0,0.0,23.7845316,0.0,0.0,0.0,0.0
21078,0.0,0.0,0.0,24.3122878,0.0,0.0,0.0,0.0
21079,0.0,0.0,0.0,25.2589556,0.0,0.0,0.0,0.0
21080,0.0,0.0,0.0,26.1607796,0.0,0.0,0.0,0.0
21081,0.0,0.0,0.0,26.8245704,0.0,0.0,0.0,0.0
21082,0.0,0.0,0.0,27.3371807,0.0,0.0,0.0,0.0
21083,0.0,0.0,0.0,27.7342179,0.0,0.0,0.0,0.0
21084,0.0,0.0,0.0,28.0073367,0.0,0.0,0.0,0.0
21085,0.0,0.0,0.0,28.1554345,0.0,0.0,0.0,0.0
21086,0.0,0.0,0.0,28.1822492,0.0,0.0,0.0,0.0
21087,0.0,0.0,0.0,28.0891725,0.0,0.0,0.0,0.0
21088,0.0,0.0,0.0,27.8755887,0.0,0.0,0.0,0.0
21089,0.0,0.0,0.0,27.5357145,0.0,0.0,0.0,0.0
21090,0.0,0.0,0.0,27.0608137,0.0,0.0,0.0,0.0
21091,0.0,0.0,0.0,26.4666364,0.0,0.0,0.0,0.0
21092,0.0,0.0,0.0,25.7734567,0.0,0.0,0.0,0.0
21093,0.0,0.0,0.0,24.8311033,0.0,0.0,0.0,0.0
21094,0.0,0.0,0.0,23.4766949,0.0,0.0,0.0,0.0
21095,0.0,0.0,0.0,22.634833,0.0,0.0,0.0,0.0
21096,0.0,0.0,0.0,23.1149744,0.0,0.0,0.0,0.0
21097,0.0,0.0,0.0,18.7244334,0.0,0.0,0.0,0.0
21098,0.0,0.0,0.0,5.26402107,0.0,0.0,0.0,0.0
21099,0.0,0.0,0.0,6.88804934,0.0,0.0,0.0,0.0
21100,30.0,0.0,0.0,30.0,0.0,0.0,0.0,0.0
21101,30.0,0.0,0.0,30.0,0.0,0.0,0.0,0.0
21102,30.0,0.0,0.0,30.0,0.0,0.0,0.0,0.0
21103,30.0,0.0,0.0,30.0,0.0,0.0,0.0,0.0
21104,30.0,0.0,0.0,30.0,0.0,0.0,0.0,0.0
21105,28.3282336,0.0,0.0,30.0,0.0,0.0,0.0,0.0
21106,28.097196,0.0,0.0,30.0,0.0,0.0,0.0,0.0
21107,30.0,0.0,0.0,30.0,0.0,0.0,0.0,0.0
21108,30.0,0.0,0.0,30.0,0.0,0.0,0.0,0.0
21109,30.0,0.0,0.0,30.0,0.0,0.0,0.0,0.0
21110,30.0,0.0,0.0,30.0,0.0,0.0,0.0,0.0
21111,30.0,0.0,0.0,30.0,0.0,0.0,0.0,0.0
21112,30.0,0.0,0.0,30.0,0.0,0.0,0.0,0.0
21113,30.0,0.0,0.0,30.0,0.0,0.0,0.0,0.0
21114,30.0,0.0,0.0,30.0,0.0,0.0,0.0,0.0
21115,30.0,0.0,0.0,30.0,0.0,0.0,0.0,0.0
21116,30.0,0.0,0.0,30.0,0.0,0.0,0.0,0.0
21117,30.0,0.0,0.0,30.0,0.0,0.0,0.0,0.0
21118,30.0,0.0,0.0,30.0,0.0,0.0,0.0,0.0
21119,30.0,0.0,0.0,30.0,0.0,0.0,0.0,0.0
21120,29.1730887,0.0,0.0,30.0,0.0,0.0,0.0,0.0
21121,29.1638579,0.0,0.0,30.0,0.0,0.0,0.0,0.0
21122,29.2507659,0.0,0.0,30.0,0.0,0.0,0.0,0.0
21123,28.9544164,0.0,0.0,30.0,0.0,0.0,0.0,0.0
21124,28.875044,0.0,0.0,30.0,0.0,0.0,0.0,0.0
21125,28.8670618,0.0,0.0,30.0,0.0,0.0,0.0,0.0
21126,28.819296,0.0,0.0,30.0,0.0,0.0,0.0,0.0
21127,28.7628402,0.0,0.0,30.0,0.0,0.0,0.0,0.0
21128,28.7190685,0.0,0.0,30.0,0.0,0.0,0.0,0.0
21129,28.6809188,0.0,0.0,30.0,0.0,0.0,0.0,0.0
21130,28.6439211,0.0,0.0,30.0,0.0,0.0,0.0,0.0
21131,28.6093037,0.0,0.0,30.0,0.0,0.0,0.0,0.0
21132,28.5776726,0.0,0.0,30.0,0.0,0.0,0.0,0.0
21133,28.5485192,0.0,0.0,30.0,0.0,0.0,0.0,0.0
21134,28.5215033,0.0,0.0,30.0,0.0,0.0,0.0,0.0
21135,28.4965227,0.0,0.0,30.0,0.0,0.0,0.0,0.0
21136,28.4734525,0.0,0.0,30.0,0.0,0.0,0.0,0.0
21137,28.4521351,0.0,0.0,30.0,0.0,0.0,0.0,0.0
21138,28.4324318,0.0,0.0,30.0,0.0,0.0,0.0,0.0
21139,28.4142229,0.0,0.0,30.0,0.0,0.0,0.0,0.0
21140,28.3973961,0.0,0.0,30.0,0.0,0.0,0.0,0.0
21141,28.381846,0.0,0.0,30.0,0.0,0.0,0.0,0.0
21142,28.3674755,0.0,0.0,30.0,0.0,0.0,0.0,0.0
21143,28.3541955,0.0,0.0,30.0,0.0,0.0,0.0,0.0
21144,28.341923,0.0,0.0,30.0,0.0,0.0,0.0,0.0
21145,28.3305818,0.0,0.0,30.0,0.0,0.0,0.0,0.0
21146,28.3201012,0.0,0.0,30.0,0.0,0.0,0.0,0.0
21147,28.3104159,0.0,0.0,30.0,0.0,0.0,0.0,0.0
21148,28.3014656,0.0,0.0,30.0,0.0,0.0,0.0,0.0
21149,28.2931947,0.0,0.0,30.0,0.0,0.0,0.0,0.0
21150,28.2855515,0.0,0.0,30.0,0.0,0.0,0.0,0.0
21151,28.2784884,0.0,0.0,30.0,0.0,0.0,0.0,0.0
21152,28.2719616,0.0,0.0,30.0,0.0,0.0,0.0,0.0
21153,28.2659304,0.0,0.0,30.0,0.0,0.0,0.0,0.0
21154,28.2603572,0.0,0.0,30.0,0.0,0.0,0.0,0.0
21155,28.2552072,0.0,0.0,30.0,0.0,0.0,0.0,0.0
21156,28.2504485,0.0,0.0,30.0,0.0,0.0,0.0,0.0
21157,28.2460514,0.0,0.0,30.0,0.0,0.0,0.0,0.0
21158,28.2419886,0.0,0.0,30.0,0.0,0.0,0.0,0.0
21159,28.2382346,0.0,0.0,30.0,0.0,0.0,0.0,0.0
21160,28.2347662,0.0,0.0,30.0,0.0,0.0,0.0,0.0
21161,28.2315617,0.0,0.0,30.0,0.0,0.0,0.0,0.0
21162,28.2286013,0.0,0.0,30.0,0.0,0.0,0.0,0.0
21163,28.2258663,0.0,0.0,30.0,0.0,0.0,0.0,0.0
21164,28.2233399,0.0,0.0,30.0,0.0,0.0,0.0,0.0
21165,28.2210063,0.0,0.0,30.0,0.0,0.0,0.0,0.0
21166,28.218851,0.0,0.0,30.0,0.0,0.0,0.0,0.0
21167,28.2168605,0.0,0.0,30.0,0.0,0.0,0.0,0.0
21168,28.2150224,0.0,0.0,30.0,0.0,0.0,0.0,0.0
21169,28.2133253,0.0,0.0,30.0,0.0,0.0,0.0,0.0
21170,28.2117587,0.0,0.0,30.0,0.0,0.0,0.0,0.0
21171,28.2103127,0.0,0.0,30.0,0.0,0.0,0.0,0.0
21172,28.2089784,0.0,0.0,30.0,0.0,0.0,0.0,0.0
21173,28.2077475,0.0,0.0,30.0,0.0,0.0,0.0,0.0
21174,28.2066123,0.0,0.0,30.0,0.0,0.0,0.0,0.0
21175,28.2055656,0.0,0.0,30.0,0.0,0.0,0.0,0.0
21176,28.2046011,0.0,0.0,30.0,0.0,0.0,0.0,0.0
21177,28.2037127,0.0,0.0,30.0,0.0,0.0,0.0,0.0
21178,28.2028949,0.0,0.0,30.0,0.0,0.0,0.0,0.0
21179,28.2021425,0.0,0.0,30.0,0.0,0.0,0.0,0.0
21180,28.2014509,0.0,0.0,30.0,0.0,0.0,0.0,0.0
21181,28.2008158,0.0,0.0,30.0,0.0,0.0,0.0,0.0
21182,28.2002333,0.0,0.0,30.0,0.0,0.0,0.0,0.0
21183,28.1996996,0.0,0.0,30.0,0.0,0.0,0.0,0.0
21184,28.1992115,0.0,0.0,30.0,0.0,0.0,0.0,0.0
21185,28.198766,0.0,0.0,30.0,0.0,0.0,0.0,0.0
21186,28.1983602,0.0,0.0,30.0,0.0,0.0,0.0,0.0
21187,28.1979916,0.0,0.0,30.0,0.0,0.0,0.0,0.0
21188,28.197658,0.0,0.0,30.0,0.0,0.0,0.0,0.0
21189,28.1973573,0.0,0.0,30.0,0.0,0.0,0.0,0.0
21190,28.1970875,0.0,0.0,30.0,0.0,0.0,0.0,0.0
21191,28.1968471,0.0,0.0,30.0,0.0,0.0,0.0,0.0
21192,28.1966344,0.0,0.0,30.0,0.0,0.0,0.0,0.0
21193,28.1964483,0.0,0.0,30.0,0.0,0.0,0.0,0.0
21194,28.1962875,0.0,0.0,30.0,0.0,0.0,0.0,0.0
21195,28.196151,0.0,0.0,30.0,0.0,0.0,0.0,0.0
21196,28.1960379,0.0,0.0,30.0,0.0,0.0,0.0,0.0
21197,28.1959477,0.0,0.0,30.0,0.0,0.0,0.0,0.0
21198,28.1958797,0.0,0.0,30.0,0.0,0.0,0.0,0.0
21199,28.1958334,0.0,0.0,30.0,0.0,0.0,0.0,0.0
21200,28.1958087,0.0,0.0,30.0,0.0,0.0,0.0,0.0
21201,28.1958053,0.0,0.0,30.0,0.0,0.0,0.0,0.0
21202,28.1958232,0.0,0.0,30.0,0.0,0.0,0.0,0.0
21203,28.1958626,0.0,0.0,30.0,0.0,0.0,0.0,0.0
21204,28.1959236,0.0,0.0,30.0,0.0,0.0,0.0,0.0
21205,28.1960067,0.0,0.0,30.0,0.0,0.0,0.0,0.0
21206,28.1961124,0.0,0.0,30.0,0.0,0.0,0.0,0.0
21207,28.1962413,0.0,0.0,30.0,0.0,0.0,0.0,0.0
21208,28.1963943,0.0,0.0,30.0,0.0,0.0,0.0,0.0
21209,28.1965722,0.0,0.0,30.0,0.0,0.0,0.0,0.0
21210,28.1967763,0.0,0.0,30.0,0.0,0.0,0.0,0.0
21211,28.1970077,0.0,0.0,30.0,0.0,0.0,0.0,0.0
21212,28.197268,0.0,0.0,30.0,0.0,0.0,0.0,0.0
21213,28.1975586,0.0,0.0,30.0,0.0,0.0,0.0,0.0
21214,28.1978816,0.0,0.0,30.0,0.0,0.0,0.0,0.0
21215,28.1982387,0.0,0.0,30.0,0.0,0.0,0.0,0.0
21216,28.1986324,0.0,0.0,30.0,0.0,0.0,0.0,0.0
21217,28.199065,0.0,0.0,30.0,0.0,0.0,0.0,0.0
21218,28.1995392,0.0,0.0,30.0,0.0,0.0,0.0,0.0
21219,28.200058,0.0,0.0,30.0,0.0,0.0,0.0,0.0
21220,28.2006246,0.0,0.0,30.0,0.0,0.0,0.0,0.0
21221,28.2012426,0.0,0.0,30.0,0.0,0.0,0.0,0.0
21222,28.2019157,0.0,0.0,30.0,0.0,0.0,0.0,0.0
21223,28.2026482,0.0,0.0,30.0,0.0,0.0,0.0,0.0
21224,28.2034447,0.0,0.0,30.0,0.0,0.0,0.0,0.0
21225,28.20431,0.0,0.0,30.0,0.0,0.0,0.0,0.0
21226,28.2052497,0.0,0.0,30.0,0.0,0.0,0.0,0.0
21227,28.2062694,0.0,0.0,30.0,0.0,0.0,0.0,0.0
21228,28.2073757,0.0,0.0,30.0,0.0,0.0,0.0,0.0
21229,28.2085754,0.0,0.0,30.0,0.0,0.0,0.0,0.0
21230,28.2098759,0.0,0.0,30.0,0.0,0.0,0.0,0.0
21231,28.2112854,0.0,0.0,30.0,0.0,0.0,0.0,0.0
21232,28.2128126,0.0,0.0,30.0,0.0,0.0,0.0,0.0
21233,28.214467,0.0,0.0,30.0,0.0,0.0,0.0,0.0
21234,28.216259,0.0,0.0,30.0,0.0,0.0,0.0,0.0
21235,28.2181997,0.0,0.0,30.0,0.0,0.0,0.0,0.0
21236,28.2203012,0.0,0.0,30.0,0.0,0.0,0.0,0.0
21237,28.2225766,0.0,0.0,30.0,0.0,0.0,0.0,0.0
21238,28.22504,0.0,0.0,30.0,0.0,0.0,0.0,0.0
21239,28.2277068,0.0,0.0,30.0,0.0,0.0,0.0,0.0
21240,28.2305936,0.0,0.0,30.0,0.0,0.0,0.0,0.0
21241,28.2337184,0.0,0.0,30.0,0.0,0.0,0.0,0.0
21242,28.2371006,0.0,0.0,30.0,0.0,0.0,0.0,0.0
21243,28.2407613,0.0,0.0,30.0,0.0,0.0,0.0,0.0
21244,28.2447232,0.0,0.0,30.0,0.0,0.0,0.0,0.0
21245,28.2490112,0.0,0.0,30.0,0.0,0.0,0.0,0.0
21246,28.2536518,0.0,0.0,30.0,0.0,0.0,0.0,0.0
21247,28.258674,0.0,0.0,30.0,0.0,0.0,0.0,0.0
21248,28.264109,0.0,0.0,30.0,0.0,0.0,0.0,0.0
21249,28.2699907,0.0,0.0,30.0,0.0,0.0,0.0,0.0
21250,28.2763557,0.0,0.0,30.0,0.0,0.0,0.0,0.0
21251,28.2832437,0.0,0.0,30.0,0.0,0.0,0.0,0.0
21252,28.2906975,0.0,0.0,30.0,0.0,0.0,0.0,0.0
21253,28.2987636,0.0,0.0,30.0,0.0,0.0,0.0,0.0
21254,28.3074921,0.0,0.0,30.0,0.0,0.0,0.0,0.0
21255,28.3169375,0.0,0.0,30.0,0.0,0.0,0.0,0.0
21256,28.3271586,0.0,0.0,30.0,0.0,0.0,0.0,0.0
21257,28.338219,0.0,0.0,30.0,0.0,0.0,0.0,0.0
21258,28.3501875,0.0,0.0,30.0,0.0,0.0,0.0,0.0
21259,28.3631388,0.0,0.0,30.0,0.0,0.0,0.0,0.0
21260,28.3771535,0.0,0.0,30.0,0.0,0.0,0.0,0.0
21261,28.3923188,0.0,0.0,30.0,0.0,0.0,0.0,0.0
21262,28.4087291,0.0,0.0,30.0,0.0,0.0,0.0,0.0
21263,28.4264868,0.0,0.0,30.0,0.0,0.0,0.0,0.0
21264,28.4457023,0.0,0.0,30.0,0.0,0.0,0.0,0.0
21265,28.4664952,0.0,0.0,30.0,0.0,0.0,0.0,0.0
21266,28.4889951,0.0,0.0,30.0,0.0,0.0,0.0,0.0
21267,28.5133424,0.0,0.0,30.0,0.0,0.0,0.0,0.0
21268,28.5396886,0.0,0.0,30.0,0.0,0.0,0.0,0.0
21269,28.5681959,0.0,0.0,30.0,0.0,0.0,0.0,0.0
21270,28.5990429,0.0,0.0,30.0,0.0,0.0,0.0,0.0
21271,28.6324302,0.0,0.0,30.0,0.0,0.0,0.0,0.0
21272,28.6685606,0.0,0.0,30.0,0.0,0.0,0.0,0.0
21273,28.7076164,0.0,0.0,30.0,0.0,0.0,0.0,0.0
21274,28.7498709,0.0,0.0,30.0,0.0,0.0,0.0,0.0
21275,28.795796,0.0,0.0,30.0,0.0,0.0,0.0,0.0
21276,28.8455057,0.0,0.0,30.0,0.0,0.0,0.0,0.0
21277,28.8982927,0.0,0.0,30.0,0.0,0.0,0.0,0.0
21278,28.9554461,0.0,0.0,30.0,0.0,0.0,0.0,0.0
21279,29.0222671,0.0,0.0,30.0,0.0,0.0,0.0,0.0
21280,29.0938806,0.0,0.0,30.0,0.0,0.0,0.0,0.0
21281,29.1467496,0.0,0.0,30.0,0.0,0.0,0.0,0.0
21282,29.2100097,0.0,0.0,30.0,0.0,0.0,0.0,0.0
21283,29.4000261,0.0,0.0,30.0,0.0,0.0,0.0,0.0
21284,29.5627626,0.0,0.0,30.0,0.0,0.0,0.0,0.0
21285,29.1382378,0.0,0.0,30.0,0.0,0.0,0.0,0.0
21286,29.0148373,0.0,0.0,30.0,0.0,0.0,0.0,0.0
21287,29.9065185,0.0,0.0,30.0,0.0,0.0,0.0,0.0
21288,30.0,0.0,0.0,30.0,0.0,0.0,0.0,0.0
21289,30.0,0.0,0.0,30.0,0.0,0.0,0.0,0.0
21290,23.8911054,0.0,0.0,30.0,0.0,0.0,0.0,0.0
21291,23.6889149,0.0,0.0,30.0,0.0,0.0,0.0,0.0
21292,0.0,0.0,0.0,0.0,0.0,0.0,0.0,0.0
21293,30.0,0.0,0.0,4.24215555,0.0,0.0,0.0,0.0
21294,30.0,0.0,0.0,6.21558261,0.0,0.0,0.0,0.0
21295,0.0,0.0,0.0,16.821143,0.0,0.0,0.0,0.0
21296,0.0,0.0,0.0,22.0224509,0.0,0.0,0.0,0.0
21297,0.0,0.0,0.0,23.4858191,0.0,0.0,0.0,0.0
21298,0.0,0.0,0.0,23.9723774,0.0,0.0,0.0,0.0
21299,0.0,0.0,0.0,24.8689566,0.0,0.0,0.0,0.0
21300,0.0,0.0,0.0,25.7150738,0.0,0.0,0.0,0.0
21301,0.0,0.0,0.0,26.3186973,0.0,0.0,0.0,0.0
21302,0.0,0.0,0.0,26.7653254,0.0,0.0,0.0,0.0
21303,0.0,0.0,0.0,27.0895284,0.0,0.0,0.0,0.0
21304,0.0,0.0,0.0,27.2822035,0.0,0.0,0.0,0.0
21305,0.0,0.0,0.0,27.3413161,0.0,0.0,0.0,0.0
21306,0.0,0.0,0.0,27.2695901,0.0,0.0,0.0,0.0
21307,0.0,0.0,0.0,27.0673952,0.0,0.0,0.0,0.0
21308,0.0,0.0,0.0,26.7324818,0.0,0.0,0.0,0.0
21309,0.0,0.0,0.0,26.256775,0.0,0.0,0.0,0.0
21310,0.0,0.0,0.0,25.6323564,0.0,0.0,0.0,0.0
21311,0.0,0.0,0.0,24.8783767,0.0,0.0,0.0,0.0
21312,0.0,0.0,0.0,23.9967867,0.0,0.0,0.0,0.0
21313,0.0,0.0,0.0,22.8047231,0.0,0.0,0.0,0.0
21314,0.0,0.0,0.0,21.247438,0.0,0.0,0.0,0.0
21315,0.0,0.0,0.0,20.4247573,0.0,0.0,0.0,0.0
21316,0.0,0.0,0.0,20.4007986,0.0,0.0,0.0,0.0
21317,0.0,0.0,0.0,13.9581131,0.0,0.0,0.0,0.0
21318,0.0,0.0,0.0,1.89195953,0.0,0.0,0.0,0.0
21319,0.0,0.0,0.0,5.90614328,0.0,0.0,0.0,0.0
21320,30.0,0.0,0.0,30.0,0.0,0.0,0.0,0.0
21321,30.0,0.0,0.0,30.0,0.0,0.0,0.0,0.0
21322,30.0,0.0,0.0,30.0,0.0,0.0,0.0,0.0
21323,30.0,0.0,0.0,30.0,0.0,0.0,0.0,0.0
21324,30.0,0.0,0.0,30.0,0.0,0.0,0.0,0.0
21325,30.0,0.0,0.0,30.0,0.0,0.0,0.0,0.0
21326,30.0,0.0,0.0,30.0,0.0,0.0,0.0,0.0
21327,30.0,0.0,0.0,30.0,0.0,0.0,0.0,0.0
21328,30.0,0.0,0.0,30.0,0.0,0.0,0.0,0.0
21329,30.0,0.0,0.0,30.0,0.0,0.0,0.0,0.0
21330,30.0,0.0,0.0,30.0,0.0,0.0,0.0,0.0
21331,30.0,0.0,0.0,30.0,0.0,0.0,0.0,0.0
21332,28.7631917,0.0,0.0,30.0,0.0,0.0,0.0,0.0
21333,23.5071464,0.0,0.0,30.0,0.0,0.0,0.0,0.0
21334,24.4810295,0.0,0.0,30.0,0.0,0.0,0.0,0.0
21335,30.0,0.0,0.0,30.0,0.0,0.0,0.0,0.0
21336,30.0,0.0,0.0,30.0,0.0,0.0,0.0,0.0
21337,30.0,0.0,0.0,30.0,0.0,0.0,0.0,0.0
21338,30.0,0.0,0.0,30.0,0.0,0.0,0.0,0.0
21339,30.0,0.0,0.0,30.0,0.0,0.0,0.0,0.0
21340,29.3428211,0.0,0.0,30.0,0.0,0.0,0.0,0.0
21341,28.9123013,0.0,0.0,30.0,0.0,0.0,0.0,0.0
21342,28.8323665,0.0,0.0,30.0,0.0,0.0,0.0,0.0
21343,28.6408366,0.0,0.0,30.0,0.0,0.0,0.0,0.0
21344,28.6215593,0.0,0.0,30.0,0.0,0.0,0.0,0.0
21345,28.6172925,0.0,0.0,30.0,0.0,0.0,0.0,0.0
21346,28.5814906,0.0,0.0,30.0,0.0,0.0,0.0,0.0
21347,28.5463496,0.0,0.0,30.0,0.0,0.0,0.0,0.0
21348,28.5203377,0.0,0.0,30.0,0.0,0.0,0.0,0.0
21349,28.496575,0.0,0.0,30.0,0.0,0.0,0.0,0.0
21350,28.4733069,0.0,0.0,30.0,0.0,0.0,0.0,0.0
21351,28.4517763,0.0,0.0,30.0,0.0,0.0,0.0,0.0
21352,28.4321432,0.0,0.0,30.0,0.0,0.0,0.0,0.0
21353,28.4139995,0.0,0.0,30.0,0.0,0.0,0.0,0.0
21354,28.3971791,0.0,0.0,30.0,0.0,0.0,0.0,0.0
21355,28.3816359,0.0,0.0,30.0,0.0,0.0,0.0,0.0
21356,28.3672826,0.0,0.0,30.0,0.0,0.0,0.0,0.0
21357,28.3540178,0.0,0.0,30.0,0.0,0.0,0.0,0.0
21358,28.3417573,0.0,0.0,30.0,0.0,0.0,0.0,0.0
21359,28.3304271,0.0,0.0,30.0,0.0,0.0,0.0,0.0
21360,28.319957,0.0,0.0,30.0,0.0,0.0,0.0,0.0
21361,28.3102813,0.0,0.0,30.0,0.0,0.0,0.0,0.0
21362,28.3013398,0.0,0.0,30.0,0.0,0.0,0.0,0.0
21363,28.2930767,0.0,0.0,30.0,0.0,0.0,0.0,0.0
21364,28.2854407,0.0,0.0,30.0,0.0,0.0,0.0,0.0
21365,28.2783842,0.0,0.0,30.0,0.0,0.0,0.0,0.0
21366,28.2718632,0.0,0.0,30.0,0.0,0.0,0.0,0.0
21367,28.2658372,0.0,0.0,30.0,0.0,0.0,0.0,0.0
21368,28.2602687,0.0,0.0,30.0,0.0,0.0,0.0,0.0
21369,28.2551228,0.0,0.0,30.0,0.0,0.0,0.0,0.0
21370,28.2503677,0.0,0.0,30.0,0.0,0.0,0.0,0.0
21371,28.2459737,0.0,0.0,30.0,0.0,0.0,0.0,0.0
21372,28.2419135,0.0,0.0,30.0,0.0,0.0,0.0,0.0
21373,28.2381617,0.0,0.0,30.0,0.0,0.0,0.0,0.0
21374,28.234695,0.0,0.0,30.0,0.0,0.0,0.0,0.0
21375,28.2314918,0.0,0.0,30.0,0.0,0.0,0.0,0.0
21376,28.2285321,0.0,0.0,30.0,0.0,0.0,0.0,0.0
21377,28.2257976,0.0,0.0,30.0,0.0,0.0,0.0,0.0
21378,28.2232711,0.0,0.0,30.0,0.0,0.0,0.0,0.0
21379,28.2209371,0.0,0.0,30.0,0.0,0.0,0.0,0.0
21380,28.2187809,0.0,0.0,30.0,0.0,0.0,0.0,0.0
21381,28.216789,0.0,0.0,30.0,0.0,0.0,0.0,0.0
21382,28.2149492,0.0,0.0,30.0,0.0,0.0,0.0,0.0
21383,28.2132499,0.0,0.0,30.0,0.0,0.0,0.0,0.0
21384,28.2116806,0.0,0.0,30.0,0.0,0.0,0.0,0.0
21385,28.2102315,0.0,0.0,30.0,0.0,0.0,0.0,0.0
21386,28.2088935,0.0,0.0,30.0,0.0,0.0,0.0,0.0
21387,28.2076584,0.0,0.0,30.0,0.0,0.0,0.0,0.0
21388,28.2065184,0.0,0.0,30.0,0.0,0.0,0.0,0.0
21389,28.2054664,0.0,0.0,30.0,0.0,0.0,0.0,0.0
21390,28.204496,0.0,0.0,30.0,0.0,0.0,0.0,0.0
21391,28.203601,0.0,0.0,30.0,0.0,0.0,0.0,0.0
21392,28.2027758,0.0,0.0,30.0,0.0,0.0,0.0,0.0
21393,28.2020154,0.0,0.0,30.0,0.0,0.0,0.0,0.0
21394,28.201315,0.0,0.0,30.0,0.0,0.0,0.0,0.0
21395,28.2006702,0.0,0.0,30.0,0.0,0.0,0.0,0.0
21396,28.2000771,0.0,0.0,30.0,0.0,0.0,0.0,0.0
21397,28.1995319,0.0,0.0,30.0,0.0,0.0,0.0,0.0
21398,28.1990312,0.0,0.0,30.0,0.0,0.0,0.0,0.0
21399,28.1985719,0.0,0.0,30.0,0.0,0.0,0.0,0.0
21400,28.1981512,0.0,0.0,30.0,0.0,0.0,0.0,0.0
21401,28.1977665,0.0,0.0,30.0,0.0,0.0,0.0,0.0
21402,28.1974152,0.0,0.0,30.0,0.0,0.0,0.0,0.0
21403,28.1970954,0.0,0.0,30.0,0.0,0.0,0.0,0.0
21404,28.1968048,0.0,0.0,30.0,0.0,0.0,0.0,0.0
21405,28.1965419,0.0,0.0,30.0,0.0,0.0,0.0,0.0
21406,28.1963048,0.0,0.0,30.0,0.0,0.0,0.0,0.0
21407,28.1960922,0.0,0.0,30.0,0.0,0.0,0.0,0.0
21408,28.1959027,0.0,0.0,30.0,0.0,0.0,0.0,0.0
21409,28.1957351,0.0,0.0,30.0,0.0,0.0,0.0,0.0
21410,28.1955884,0.0,0.0,30.0,0.0,0.0,0.0,0.0
21411,28.1954617,0.0,0.0,30.0,0.0,0.0,0.0,0.0
21412,28.1953541,0.0,0.0,30.0,0.0,0.0,0.0,0.0
21413,28.1952651,0.0,0.0,30.0,0.0,0.0,0.0,0.0
21414,28.195194,0.0,0.0,30.0,0.0,0.0,0.0,0.0
21415,28.1951405,0.0,0.0,30.0,0.0,0.0,0.0,0.0
21416,28.1951041,0.0,0.0,30.0,0.0,0.0,0.0,0.0
21417,28.1950847,0.0,0.0,30.0,0.0,0.0,0.0,0.0
21418,28.1950822,0.0,0.0,30.0,0.0,0.0,0.0,0.0
21419,28.1950964,0.0,0.0,30.0,0.0,0.0,0.0,0.0
21420,28.1951276,0.0,0.0,30.0,0.0,0.0,0.0,0.0
21421,28.1951759,0.0,0.0,30.0,0.0,0.0,0.0,0.0
21422,28.1952416,0.0,0.0,30.0,0.0,0.0,0.0,0.0
21423,28.1953251,0.0,0.0,30.0,0.0,0.0,0.0,0.0
21424,28.1954269,0.0,0.0,30.0,0.0,0.0,0.0,0.0
21425,28.1955477,0.0,0.0,30.0,0.0,0.0,0.0,0.0
21426,28.1956882,0.0,0.0,30.0,0.0,0.0,0.0,0.0
21427,28.1958493,0.0,0.0,30.0,0.0,0.0,0.0,0.0
21428,28.196032,0.0,0.0,30.0,0.0,0.0,0.0,0.0
21429,28.1962374,0.0,0.0,30.0,0.0,0.0,0.0,0.0
21430,28.1964669,0.0,0.0,30.0,0.0,0.0,0.0,0.0
21431,28.1967218,0.0,0.0,30.0,0.0,0.0,0.0,0.0
21432,28.1970037,0.0,0.0,30.0,0.0,0.0,0.0,0.0
21433,28.1973145,0.0,0.0,30.0,0.0,0.0,0.0,0.0
21434,28.1976559,0.0,0.0,30.0,0.0,0.0,0.0,0.0
21435,28.1980302,0.0,0.0,30.0,0.0,0.0,0.0,0.0
21436,28.1984397,0.0,0.0,30.0,0.0,0.0,0.0,0.0
21437,28.1988869,0.0,0.0,30.0,0.0,0.0,0.0,0.0
21438,28.1993746,0.0,0.0,30.0,0.0,0.0,0.0,0.0
21439,28.1999059,0.0,0.0,30.0,0.0,0.0,0.0,0.0
21440,28.2004841,0.0,0.0,30.0,0.0,0.0,0.0,0.0
21441,28.2011127,0.0,0.0,30.0,0.0,0.0,0.0,0.0
21442,28.2017957,0.0,0.0,30.0,0.0,0.0,0.0,0.0
21443,28.2025373,0.0,0.0,30.0,0.0,0.0,0.0,0.0
21444,28.2033422,0.0,0.0,30.0,0.0,0.0,0.0,0.0
21445,28.2042153,0.0,0.0,30.0,0.0,0.0,0.0,0.0
21446,28.2051621,0.0,0.0,30.0,0.0,0.0,0.0,0.0
21447,28.2061886,0.0,0.0,30.0,0.0,0.0,0.0,0.0
21448,28.207301,0.0,0.0,30.0,0.0,0.0,0.0,0.0
21449,28.2085063,0.0,0.0,30.0,0.0,0.0,0.0,0.0
21450,28.2098121,0.0,0.0,30.0,0.0,0.0,0.0,0.0
21451,28.2112264,0.0,0.0,30.0,0.0,0.0,0.0,0.0
21452,28.2127581,0.0,0.0,30.0,0.0,0.0,0.0,0.0
21453,28.2144167,0.0,0.0,30.0,0.0,0.0,0.0,0.0
21454,28.2162125,0.0,0.0,30.0,0.0,0.0,0.0,0.0
21455,28.2181567,0.0,0.0,30.0,0.0,0.0,0.0,0.0
21456,28.2202615,0.0,0.0,30.0,0.0,0.0,0.0,0.0
21457,28.2225399,0.0,0.0,30.0,0.0,0.0,0.0,0.0
21458,28.2250061,0.0,0.0,30.0,0.0,0.0,0.0,0.0
21459,28.2276754,0.0,0.0,30.0,0.0,0.0,0.0,0.0
21460,28.2305646,0.0,0.0,30.0,0.0,0.0,0.0,0.0
21461,28.2336916,0.0,0.0,30.0,0.0,0.0,0.0,0.0
21462,28.2370758,0.0,0.0,30.0,0.0,0.0,0.0,0.0
21463,28.2407384,0.0,0.0,30.0,0.0,0.0,0.0,0.0
21464,28.2447021,0.0,0.0,30.0,0.0,0.0,0.0,0.0
21465,28.2489917,0.0,0.0,30.0,0.0,0.0,0.0,0.0
21466,28.2536338,0.0,0.0,30.0,0.0,0.0,0.0,0.0
21467,28.2586573,0.0,0.0,30.0,0.0,0.0,0.0,0.0
21468,28.2640936,0.0,0.0,30.0,0.0,0.0,0.0,0.0
21469,28.2699765,0.0,0.0,30.0,0.0,0.0,0.0,0.0
21470,28.2763426,0.0,0.0,30.0,0.0,0.0,0.0,0.0
21471,28.2832315,0.0,0.0,30.0,0.0,0.0,0.0,0.0
21472,28.2906863,0.0,0.0,30.0,0.0,0.0,0.0,0.0
21473,28.2987532,0.0,0.0,30.0,0.0,0.0,0.0,0.0
21474,28.3074826,0.0,0.0,30.0,0.0,0.0,0.0,0.0
21475,28.3169287,0.0,0.0,30.0,0.0,0.0,0.0,0.0
21476,28.3271504,0.0,0.0,30.0,0.0,0.0,0.0,0.0
21477,28.3382114,0.0,0.0,30.0,0.0,0.0,0.0,0.0
21478,28.3501806,0.0,0.0,30.0,0.0,0.0,0.0,0.0
21479,28.3631324,0.0,0.0,30.0,0.0,0.0,0.0,0.0
21480,28.3771475,0.0,0.0,30.0,0.0,0.0,0.0,0.0
21481,28.3923132,0.0,0.0,30.0,0.0,0.0,0.0,0.0
21482,28.408724,0.0,0.0,30.0,0.0,0.0,0.0,0.0
21483,28.4264821,0.0,0.0,30.0,0.0,0.0,0.0,0.0
21484,28.4456979,0.0,0.0,30.0,0.0,0.0,0.0,0.0
21485,28.4664912,0.0,0.0,30.0,0.0,0.0,0.0,0.0
21486,28.4889914,0.0,0.0,30.0,0.0,0.0,0.0,0.0
21487,28.513339,0.0,0.0,30.0,0.0,0.0,0.0,0.0
21488,28.5396854,0.0,0.0,30.0,0.0,0.0,0.0,0.0
21489,28.568193,0.0,0.0,30.0,0.0,0.0,0.0,0.0
21490,28.5990402,0.0,0.0,30.0,0.0,0.0,0.0,0.0
21491,28.6324277,0.0,0.0,30.0,0.0,0.0,0.0,0.0
21492,28.6685583,0.0,0.0,30.0,0.0,0.0,0.0,0.0
21493,28.7076143,0.0,0.0,30.0,0.0,0.0,0.0,0.0
21494,28.749869,0.0,0.0,30.0,0.0,0.0,0.0,0.0
21495,28.7957942,0.0,0.0,30.0,0.0,0.0,0.0,0.0
21496,28.8455041,0.0,0.0,30.0,0.0,0.0,0.0,0.0
21497,28.8982912,0.0,0.0,30.0,0.0,0.0,0.0,0.0
21498,28.9554447,0.0,0.0,30.0,0.0,0.0,0.0,0.0
21499,29.0222659,0.0,0.0,30.0,0.0,0.0,0.0,0.0
21500,29.0938795,0.0,0.0,30.0,0.0,0.0,0.0,0.0
21501,29.1467485,0.0,0.0,30.0,0.0,0.0,0.0,0.0
21502,29.2100087,0.0,0.0,30.0,0.0,0.0,0.0,0.0
21503,29.4000252,0.0,0.0,30.0,0.0,0.0,0.0,0.0
21504,29.5627618,0.0,0.0,30.0,0.0,0.0,0.0,0.0
21505,29.1382372,0.0,0.0,30.0,0.0,0.0,0.0,0.0
21506,29.0148366,0.0,0.0,30.0,0.0,0.0,0.0,0.0
21507,29.9065178,0.0,0.0,30.0,0.0,0.0,0.0,0.0
21508,30.0,0.0,0.0,30.0,0.0,0.0,0.0,0.0
21509,30.0,0.0,0.0,30.0,0.0,0.0,0.0,0.0
21510,23.8911033,0.0,0.0,30.0,0.0,0.0,0.0,0.0
21511,23.6889134,0.0,0.0,30.0,0.0,0.0,0.0,0.0
21512,0.0,0.0,0.0,0.0,0.0,0.0,0.0,0.0
21513,30.0,0.0,0.0,3.96614481,0.0,0.0,0.0,0.0
21514,21.2353257,0.0,0.0,8.89237594,0.0,0.0,0.0,0.0
21515,0.0,0.0,0.0,16.2064358,0.0,0.0,0.0,0.0
21516,0.0,0.0,0.0,21.2830735,0.0,0.0,0.0,0.0
21517,0.0,0.0,0.0,22.6533876,0.0,0.0,0.0,0.0
21518,0.0,0.0,0.0,23.0460551,0.0,0.0,0.0,0.0
21519,0.0,0.0,0.0,23.828691,0.0,0.0,0.0,0.0
21520,0.0,0.0,0.0,24.5474817,0.0,0.0,0.0,0.0
21521,0.0,0.0,0.0,25.0114795,0.0,0.0,0.0,0.0
21522,0.0,0.0,0.0,25.3032495,0.0,0.0,0.0,0.0
21523,0.0,0.0,0.0,25.4551974,0.0,0.0,0.0,0.0
21524,0.0,0.0,0.0,25.456262,0.0,0.0,0.0,0.0
21525,0.0,0.0,0.0,25.302067,0.0,0.0,0.0,0.0
21526,0.0,0.0,0.0,24.9937423,0.0,0.0,0.0,0.0
21527,0.0,0.0,0.0,24.5295942,0.0,0.0,0.0,0.0
21528,0.0,0.0,0.0,23.8980444,0.0,0.0,0.0,0.0
21529,0.0,0.0,0.0,23.0838893,0.0,0.0,0.0,0.0
21530,0.0,0.0,0.0,22.1161125,0.0,0.0,0.0,0.0
21531,0.0,0.0,0.0,21.0263701,0.0,0.0,0.0,0.0
21532,0.0,0.0,0.0,19.5464488,0.0,0.0,0.0,0.0
21533,0.0,0.0,0.0,17.4247227,0.0,0.0,0.0,0.0
21534,0.0,0.0,0.0,16.3211561,0.0,0.0,0.0,0.0
21535,0.0,0.0,0.0,17.4294996,0.0,0.0,0.0,0.0
21536,0.0,0.0,0.0,13.1226371,0.0,0.0,0.0,0.0
21537,0.0,0.0,0.0,0.0,0.0,0.0,0.0,0.0
21538,0.0,0.0,0.0,0.0,0.0,0.0,0.0,0.0
21539,0.0,0.0,0.0,0.0,0.0,0.0,0.0,0.0
21540,30.0,0.0,0.0,30.0,0.0,0.0,0.0,0.0
21541,30.0,0.0,0.0,30.0,0.0,0.0,0.0,0.0
21542,30.0,0.0,0.0,30.0,0.0,0.0,0.0,0.0
21543,30.0,0.0,0.0,30.0,0.0,0.0,0.0,0.0
21544,30.0,0.0,0.0,30.0,0.0,0.0,0.0,0.0
21545,30.0,0.0,0.0,30.0,0.0,0.0,0.0,0.0
21546,30.0,0.0,0.0,30.0,0.0,0.0,0.0,0.0
21547,30.0,0.0,0.0,30.0,0.0,0.0,0.0,0.0
21548,26.3706323,0.0,0.0,30.0,0.0,0.0,0.0,0.0
21549,21.3760711,0.0,0.0,30.0,0.0,0.0,0.0,0.0
21550,22.2628093,0.0,0.0,30.0,0.0,0.0,0.0,0.0
21551,26.4922307,0.0,0.0,30.0,0.0,0.0,0.0,0.0
21552,18.196877,0.0,0.0,30.0,0.0,0.0,0.0,0.0
21553,18.1316768,0.0,0.0,30.0,0.0,0.0,0.0,0.0
21554,28.1178562,0.0,0.0,30.0,0.0,0.0,0.0,0.0
21555,30.0,0.0,0.0,30.0,0.0,0.0,0.0,0.0
21556,30.0,0.0,0.0,30.0,0.0,0.0,0.0,0.0
21557,30.0,0.0,0.0,30.0,0.0,0.0,0.0,0.0
21558,30.0,0.0,0.0,30.0,0.0,0.0,0.0,0.0
21559,30.0,0.0,0.0,30.0,0.0,0.0,0.0,0.0
21560,28.4454687,0.0,0.0,30.0,0.0,0.0,0.0,0.0
21561,28.1778277,0.0,0.0,30.0,0.0,0.0,0.0,0.0
21562,28.3437775,0.0,0.0,30.0,0.0,0.0,0.0,0.0
21563,28.1119474,0.0,0.0,30.0,0.0,0.0,0.0,0.0
21564,28.0978062,0.0,0.0,30.0,0.0,0.0,0.0,0.0
21565,28.1495548,0.0,0.0,30.0,0.0,0.0,0.0,0.0
21566,28.1559375,0.0,0.0,30.0,0.0,0.0,0.0,0.0
21567,28.1496542,0.0,0.0,30.0,0.0,0.0,0.0,0.0
21568,28.152458,0.0,0.0,30.0,0.0,0.0,0.0,0.0
21569,28.1573196,0.0,0.0,30.0,0.0,0.0,0.0,0.0
21570,28.160029,0.0,0.0,30.0,0.0,0.0,0.0,0.0
21571,28.1621137,0.0,0.0,30.0,0.0,0.0,0.0,0.0
21572,28.1644086,0.0,0.0,30.0,0.0,0.0,0.0,0.0
21573,28.1666061,0.0,0.0,30.0,0.0,0.0,0.0,0.0
21574,28.1685612,0.0,0.0,30.0,0.0,0.0,0.0,0.0
21575,28.1703543,0.0,0.0,30.0,0.0,0.0,0.0,0.0
21576,28.172027,0.0,0.0,30.0,0.0,0.0,0.0,0.0
21577,28.1735755,0.0,0.0,30.0,0.0,0.0,0.0,0.0
21578,28.1750034,0.0,0.0,30.0,0.0,0.0,0.0,0.0
21579,28.1763228,0.0,0.0,30.0,0.0,0.0,0.0,0.0
21580,28.1775428,0.0,0.0,30.0,0.0,0.0,0.0,0.0
21581,28.1786706,0.0,0.0,30.0,0.0,0.0,0.0,0.0
21582,28.1797129,0.0,0.0,30.0,0.0,0.0,0.0,0.0
21583,28.1806763,0.0,0.0,30.0,0.0,0.0,0.0,0.0
21584,28.1815669,0.0,0.0,30.0,0.0,0.0,0.0,0.0
21585,28.1823902,0.0,0.0,30.0,0.0,0.0,0.0,0.0
21586,28.1831512,0.0,0.0,30.0,0.0,0.0,0.0,0.0
21587,28.1838548,0.0,0.0,30.0,0.0,0.0,0.0,0.0
21588,28.1845054,0.0,0.0,30.0,0.0,0.0,0.0,0.0
21589,28.1851069,0.0,0.0,30.0,0.0,0.0,0.0,0.0
21590,28.1856631,0.0,0.0,30.0,0.0,0.0,0.0,0.0
21591,28.1861776,0.0,0.0,30.0,0.0,0.0,0.0,0.0
21592,28.1866534,0.0,0.0,30.0,0.0,0.0,0.0,0.0
21593,28.1870936,0.0,0.0,30.0,0.0,0.0,0.0,0.0
21594,28.1875008,0.0,0.0,30.0,0.0,0.0,0.0,0.0
21595,28.1878777,0.0,0.0,30.0,0.0,0.0,0.0,0.0
21596,28.1882266,0.0,0.0,30.0,0.0,0.0,0.0,0.0
21597,28.1885496,0.0,0.0,30.0,0.0,0.0,0.0,0.0
21598,28.1888488,0.0,0.0,30.0,0.0,0.0,0.0,0.0
21599,28.189126,0.0,0.0,30.0,0.0,0.0,0.0,0.0
21600,28.1893829,0.0,0.0,30.0,0.0,0.0,0.0,0.0
21601,28.1896212,0.0,0.0,30.0,0.0,0.0,0.0,0.0
21602,28.1898423,0.0,0.0,30.0,0.0,0.0,0.0,0.0
21603,28.1900476,0.0,0.0,30.0,0.0,0.0,0.0,0.0
21604,28.1902384,0.0,0.0,30.0,0.0,0.0,0.0,0.0
21605,28.1904158,0.0,0.0,30.0,0.0,0.0,0.0,0.0
21606,28.1905811,0.0,0.0,30.0,0.0,0.0,0.0,0.0
21607,28.1907351,0.0,0.0,30.0,0.0,0.0,0.0,0.0
21608,28.1908789,0.0,0.0,30.0,0.0,0.0,0.0,0.0
21609,28.1910133,0.0,0.0,30.0,0.0,0.0,0.0,0.0
21610,28.1911393,0.0,0.0,30.0,0.0,0.0,0.0,0.0
21611,28.1912575,0.0,0.0,30.0,0.0,0.0,0.0,0.0
21612,28.1913687,0.0,0.0,30.0,0.0,0.0,0.0,0.0
21613,28.1914737,0.0,0.0,30.0,0.0,0.0,0.0,0.0
21614,28.1915729,0.0,0.0,30.0,0.0,0.0,0.0,0.0
21615,28.1916672,0.0,0.0,30.0,0.0,0.0,0.0,0.0
21616,28.191757,0.0,0.0,30.0,0.0,0.0,0.0,0.0
21617,28.191843,0.0,0.0,30.0,0.0,0.0,0.0,0.0
21618,28.1919256,0.0,0.0,30.0,0.0,0.0,0.0,0.0
21619,28.1920053,0.0,0.0,30.0,0.0,0.0,0.0,0.0
21620,28.1920828,0.0,0.0,30.0,0.0,0.0,0.0,0.0
21621,28.1921584,0.0,0.0,30.0,0.0,0.0,0.0,0.0
21622,28.1922325,0.0,0.0,30.0,0.0,0.0,0.0,0.0
21623,28.1923058,0.0,0.0,30.0,0.0,0.0,0.0,0.0
21624,28.1923786,0.0,0.0,30.0,0.0,0.0,0.0,0.0
21625,28.1924514,0.0,0.0,30.0,0.0,0.0,0.0,0.0
21626,28.1925247,0.0,0.0,30.0,0.0,0.0,0.0,0.0
21627,28.1925988,0.0,0.0,30.0,0.0,0.0,0.0,0.0
21628,28.1926743,0.0,0.0,30.0,0.0,0.0,0.0,0.0
21629,28.1927516,0.0,0.0,30.0,0.0,0.0,0.0,0.0
21630,28.1928313,0.0,0.0,30.0,0.0,0.0,0.0,0.0
21631,28.1929137,0.0,0.0,30.0,0.0,0.0,0.0,0.0
21632,28.1929994,0.0,0.0,30.0,0.0,0.0,0.0,0.0
21633,28.193089,0.0,0.0,30.0,0.0,0.0,0.0,0.0
21634,28.1931831,0.0,0.0,30.0,0.0,0.0,0.0,0.0
21635,28.1932821,0.0,0.0,30.0,0.0,0.0,0.0,0.0
21636,28.1933867,0.0,0.0,30.0,0.0,0.0,0.0,0.0
21637,28.1934976,0.0,0.0,30.0,0.0,0.0,0.0,0.0
21638,28.1936154,0.0,0.0,30.0,0.0,0.0,0.0,0.0
21639,28.193741,0.0,0.0,30.0,0.0,0.0,0.0,0.0
21640,28.193875,0.0,0.0,30.0,0.0,0.0,0.0,0.0
21641,28.1940183,0.0,0.0,30.0,0.0,0.0,0.0,0.0
21642,28.1941718,0.0,0.0,30.0,0.0,0.0,0.0,0.0
21643,28.1943364,0.0,0.0,30.0,0.0,0.0,0.0,0.0
21644,28.1945132,0.0,0.0,30.0,0.0,0.0,0.0,0.0
21645,28.1947033,0.0,0.0,30.0,0.0,0.0,0.0,0.0
21646,28.1949079,0.0,0.0,30.0,0.0,0.0,0.0,0.0
21647,28.1951282,0.0,0.0,30.0,0.0,0.0,0.0,0.0
21648,28.1953656,0.0,0.0,30.0,0.0,0.0,0.0,0.0
21649,28.1956216,0.0,0.0,30.0,0.0,0.0,0.0,0.0
21650,28.1958978,0.0,0.0,30.0,0.0,0.0,0.0,0.0
21651,28.1961959,0.0,0.0,30.0,0.0,0.0,0.0,0.0
21652,28.1965177,0.0,0.0,30.0,0.0,0.0,0.0,0.0
21653,28.1968653,0.0,0.0,30.0,0.0,0.0,0.0,0.0
21654,28.1972408,0.0,0.0,30.0,0.0,0.0,0.0,0.0
21655,28.1976466,0.0,0.0,30.0,0.0,0.0,0.0,0.0
21656,28.1980852,0.0,0.0,30.0,0.0,0.0,0.0,0.0
21657,28.1985593,0.0,0.0,30.0,0.0,0.0,0.0,0.0
21658,28.1990719,0.0,0.0,30.0,0.0,0.0,0.0,0.0
21659,28.1996261,0.0,0.0,30.0,0.0,0.0,0.0,0.0
21660,28.2002255,0.0,0.0,30.0,0.0,0.0,0.0,0.0
21661,28.2008737,0.0,0.0,30.0,0.0,0.0,0.0,0.0
21662,28.2015749,0.0,0.0,30.0,0.0,0.0,0.0,0.0
21663,28.2023332,0.0,0.0,30.0,0.0,0.0,0.0,0.0
21664,28.2031536,0.0,0.0,30.0,0.0,0.0,0.0,0.0
21665,28.204041,0.0,0.0,30.0,0.0,0.0,0.0,0.0
21666,28.2050011,0.0,0.0,30.0,0.0,0.0,0.0,0.0
21667,28.2060397,0.0,0.0,30.0,0.0,0.0,0.0,0.0
21668,28.2071635,0.0,0.0,30.0,0.0,0.0,0.0,0.0
21669,28.2083792,0.0,0.0,30.0,0.0,0.0,0.0,0.0
21670,28.2096946,0.0,0.0,30.0,0.0,0.0,0.0,0.0
21671,28.2111179,0.0,0.0,30.0,0.0,0.0,0.0,0.0
21672,28.2126578,0.0,0.0,30.0,0.0,0.0,0.0,0.0
21673,28.214324,0.0,0.0,30.0,0.0,0.0,0.0,0.0
21674,28.2161268,0.0,0.0,30.0,0.0,0.0,0.0,0.0
21675,28.2180776,0.0,0.0,30.0,0.0,0.0,0.0,0.0
21676,28.2201883,0.0,0.0,30.0,0.0,0.0,0.0,0.0
21677,28.2224723,0.0,0.0,30.0,0.0,0.0,0.0,0.0
21678,28.2249436,0.0,0.0,30.0,0.0,0.0,0.0,0.0
21679,28.2276177,0.0,0.0,30.0,0.0,0.0,0.0,0.0
21680,28.2305113,0.0,0.0,30.0,0.0,0.0,0.0,0.0
21681,28.2336423,0.0,0.0,30.0,0.0,0.0,0.0,0.0
21682,28.2370303,0.0,0.0,30.0,0.0,0.0,0.0,0.0
21683,28.2406963,0.0,0.0,30.0,0.0,0.0,0.0,0.0
21684,28.2446632,0.0,0.0,30.0,0.0,0.0,0.0,0.0
21685,28.2489557,0.0,0.0,30.0,0.0,0.0,0.0,0.0
21686,28.2536006,0.0,0.0,30.0,0.0,0.0,0.0,0.0
21687,28.2586266,0.0,0.0,30.0,0.0,0.0,0.0,0.0
21688,28.2640653,0.0,0.0,30.0,0.0,0.0,0.0,0.0
21689,28.2699503,0.0,0.0,30.0,0.0,0.0,0.0,0.0
21690,28.2763184,0.0,0.0,30.0,0.0,0.0,0.0,0.0
21691,28.2832092,0.0,0.0,30.0,0.0,0.0,0.0,0.0
21692,28.2906656,0.0,0.0,30.0,0.0,0.0,0.0,0.0
21693,28.2987341,0.0,0.0,30.0,0.0,0.0,0.0,0.0
21694,28.3074649,0.0,0.0,30.0,0.0,0.0,0.0,0.0
21695,28.3169124,0.0,0.0,30.0,0.0,0.0,0.0,0.0
21696,28.3271354,0.0,0.0,30.0,0.0,0.0,0.0,0.0
21697,28.3381975,0.0,0.0,30.0,0.0,0.0,0.0,0.0
21698,28.3501677,0.0,0.0,30.0,0.0,0.0,0.0,0.0
21699,28.3631205,0.0,0.0,30.0,0.0,0.0,0.0,0.0
21700,28.3771365,0.0,0.0,30.0,0.0,0.0,0.0,0.0
21701,28.3923031,0.0,0.0,30.0,0.0,0.0,0.0,0.0
21702,28.4087147,0.0,0.0,30.0,0.0,0.0,0.0,0.0
21703,28.4264734,0.0,0.0,30.0,0.0,0.0,0.0,0.0
21704,28.4456899,0.0,0.0,30.0,0.0,0.0,0.0,0.0
21705,28.4664838,0.0,0.0,30.0,0.0,0.0,0.0,0.0
21706,28.4889846,0.0,0.0,30.0,0.0,0.0,0.0,0.0
21707,28.5133327,0.0,0.0,30.0,0.0,0.0,0.0,0.0
21708,28.5396796,0.0,0.0,30.0,0.0,0.0,0.0,0.0
21709,28.5681877,0.0,0.0,30.0,0.0,0.0,0.0,0.0
21710,28.5990353,0.0,0.0,30.0,0.0,0.0,0.0,0.0
21711,28.6324232,0.0,0.0,30.0,0.0,0.0,0.0,0.0
21712,28.6685541,0.0,0.0,30.0,0.0,0.0,0.0,0.0
21713,28.7076104,0.0,0.0,30.0,0.0,0.0,0.0,0.0
21714,28.7498654,0.0,0.0,30.0,0.0,0.0,0.0,0.0
21715,28.7957909,0.0,0.0,30.0,0.0,0.0,0.0,0.0
21716,28.8455011,0.0,0.0,30.0,0.0,0.0,0.0,0.0
21717,28.8982884,0.0,0.0,30.0,0.0,0.0,0.0,0.0
21718,28.9554422,0.0,0.0,30.0,0.0,0.0,0.0,0.0
21719,29.0222635,0.0,0.0,30.0,0.0,0.0,0.0,0.0
21720,29.0938774,0.0,0.0,30.0,0.0,0.0,0.0,0.0
21721,29.1467465,0.0,0.0,30.0,0.0,0.0,0.0,0.0
21722,29.2100069,0.0,0.0,30.0,0.0,0.0,0.0,0.0
21723,29.4000236,0.0,0.0,30.0,0.0,0.0,0.0,0.0
21724,29.5627604,0.0,0.0,30.0,0.0,0.0,0.0,0.0
21725,29.138236,0.0,0.0,30.0,0.0,0.0,0.0,0.0
21726,29.0148353,0.0,0.0,30.0,0.0,0.0,0.0,0.0
21727,29.9065165,0.0,0.0,30.0,0.0,0.0,0.0,0.0
21728,30.0,0.0,0.0,30.0,0.0,0.0,0.0,0.0
21729,30.0,0.0,0.0,30.0,0.0,0.0,0.0,0.0
21730,23.8910993,0.0,0.0,30.0,0.0,0.0,0.0,0.0
21731,23.6889107,0.0,0.0,30.0,0.0,0.0,0.0,0.0
21732,0.0,0.0,0.0,0.0,0.0,0.0,0.0,0.0
21733,30.0,0.0,0.0,4.91746217,0.0,0.0,0.0,0.0
21734,30.0,0.0,0.0,7.02734753,0.0,0.0,0.0,0.0
21735,0.0,0.0,0.0,17.7123086,0.0,0.0,0.0,0.0
21736,0.0,0.0,0.0,23.2690326,0.0,0.0,0.0,0.0
21737,0.0,0.0,0.0,24.9543813,0.0,0.0,0.0,0.0
21738,0.0,0.0,0.0,25.6476614,0.0,0.0,0.0,0.0
21739,0.0,0.0,0.0,26.7895881,0.0,0.0,0.0,0.0
21740,0.0,0.0,0.0,27.8833453,0.0,0.0,0.0,0.0
21741,0.0,0.0,0.0,28.7946574,0.0,0.0,0.0,0.0
21742,0.0,0.0,0.0,29.5475471,0.0,0.0,0.0,0.0
21743,0.245962814,0.0,0.0,30.0,0.0,0.0,0.0,0.0
21744,1.82204195,0.0,0.0,30.0,0.0,0.0,0.0,0.0
21745,3.26785546,0.0,0.0,30.0,0.0,0.0,0.0,0.0
21746,4.42209102,0.0,0.0,30.0,0.0,0.0,0.0,0.0
21747,5.48665639,0.0,0.0,30.0,0.0,0.0,0.0,0.0
21748,6.43194524,0.0,0.0,30.0,0.0,0.0,0.0,0.0
21749,7.22820961,0.0,0.0,30.0,0.0,0.0,0.0,0.0
21750,7.90083332,0.0,0.0,30.0,0.0,0.0,0.0,0.0
21751,8.45522311,0.0,0.0,30.0,0.0,0.0,0.0,0.0
21752,8.82961504,0.0,0.0,30.0,0.0,0.0,0.0,0.0
21753,9.06139976,0.0,0.0,30.0,0.0,0.0,0.0,0.0
21754,9.46393162,0.0,0.0,30.0,0.0,0.0,0.0,0.0
21755,9.82589935,0.0,0.0,30.0,0.0,0.0,0.0,0.0
21756,8.62599752,0.0,0.0,30.0,0.0,0.0,0.0,0.0
21757,7.07988632,0.0,0.0,30.0,0.0,0.0,0.0,0.0
21758,12.6433407,0.0,0.0,30.0,0.0,0.0,0.0,0.0
21759,17.3894464,0.0,0.0,30.0,0.0,0.0,0.0,0.0
21760,20.6362496,0.0,0.0,30.0,0.0,0.0,0.0,0.0
21761,24.5489436,0.0,0.0,30.0,0.0,0.0,0.0,0.0
21762,26.6128704,0.0,0.0,30.0,0.0,0.0,0.0,0.0
21763,27.639306,0.0,0.0,30.0,0.0,0.0,0.0,0.0
21764,27.4421145,0.0,0.0,30.0,0.0,0.0,0.0,0.0
21765,28.4155962,0.0,0.0,30.0,0.0,0.0,0.0,0.0
21766,29.0979471,0.0,0.0,30.0,0.0,0.0,0.0,0.0
21767,30.0,0.0,0.0,30.0,0.0,0.0,0.0,0.0
21768,30.0,0.0,0.0,30.0,0.0,0.0,0.0,0.0
21769,30.0,0.0,0.0,30.0,0.0,0.0,0.0,0.0
21770,30.0,0.0,0.0,30.0,0.0,0.0,0.0,0.0
21771,30.0,0.0,0.0,30.0,0.0,0.0,0.0,0.0
21772,30.0,0.0,0.0,30.0,0.0,0.0,0.0,0.0
21773,30.0,0.0,0.0,30.0,0.0,0.0,0.0,0.0
21774,30.0,0.0,0.0,30.0,0.0,0.0,0.0,0.0
21775,30.0,0.0,0.0,30.0,0.0,0.0,0.0,0.0
21776,30.0,0.0,0.0,30.0,0.0,0.0,0.0,0.0
21777,30.0,0.0,0.0,30.0,0.0,0.0,0.0,0.0
21778,30.0,0.0,0.0,30.0,0.0,0.0,0.0,0.0
21779,30.0,0.0,0.0,30.0,0.0,0.0,0.0,0.0
21780,29.2993319,0.0,0.0,30.0,0.0,0.0,0.0,0.0
21781,29.2606855,0.0,0.0,30.0,0.0,0.0,0.0,0.0
21782,29.3141329,0.0,0.0,30.0,0.0,0.0,0.0,0.0
21783,29.0519569,0.0,0.0,30.0,0.0,0.0,0.0,0.0
21784,28.9685482,0.0,0.0,30.0,0.0,0.0,0.0,0.0
21785,28.9455798,0.0,0.0,30.0,0.0,0.0,0.0,0.0
21786,28.8913479,0.0,0.0,30.0,0.0,0.0,0.0,0.0
21787,28.8310276,0.0,0.0,30.0,0.0,0.0,0.0,0.0
21788,28.7821517,0.0,0.0,30.0,0.0,0.0,0.0,0.0
21789,28.7388925,0.0,0.0,30.0,0.0,0.0,0.0,0.0
21790,28.6974901,0.0,0.0,30.0,0.0,0.0,0.0,0.0
21791,28.6588745,0.0,0.0,30.0,0.0,0.0,0.0,0.0
21792,28.6234829,0.0,0.0,30.0,0.0,0.0,0.0,0.0
21793,28.5908413,0.0,0.0,30.0,0.0,0.0,0.0,0.0
21794,28.5606151,0.0,0.0,30.0,0.0,0.0,0.0,0.0
21795,28.5326702,0.0,0.0,30.0,0.0,0.0,0.0,0.0
21796,28.5068578,0.0,0.0,30.0,0.0,0.0,0.0,0.0
21797,28.4830057,0.0,0.0,30.0,0.0,0.0,0.0,0.0
21798,28.4609606,0.0,0.0,30.0,0.0,0.0,0.0,0.0
21799,28.4405876,0.0,0.0,30.0,0.0,0.0,0.0,0.0
21800,28.4217608,0.0,0.0,30.0,0.0,0.0,0.0,0.0
21801,28.4043624,0.0,0.0,30.0,0.0,0.0,0.0,0.0
21802,28.3882839,0.0,0.0,30.0,0.0,0.0,0.0,0.0
21803,28.3734253,0.0,0.0,30.0,0.0,0.0,0.0,0.0
21804,28.3596942,0.0,0.0,30.0,0.0,0.0,0.0,0.0
21805,28.3470048,0.0,0.0,30.0,0.0,0.0,0.0,0.0
21806,28.3352784,0.0,0.0,30.0,0.0,0.0,0.0,0.0
21807,28.3244418,0.0,0.0,30.0,0.0,0.0,0.0,0.0
21808,28.3144275,0.0,0.0,30.0,0.0,0.0,0.0,0.0
21809,28.3051733,0.0,0.0,30.0,0.0,0.0,0.0,0.0
21810,28.2966214,0.0,0.0,30.0,0.0,0.0,0.0,0.0
21811,28.2887186,0.0,0.0,30.0,0.0,0.0,0.0,0.0
21812,28.2814158,0.0,0.0,30.0,0.0,0.0,0.0,0.0
21813,28.2746673,0.0,0.0,30.0,0.0,0.0,0.0,0.0
21814,28.2684313,0.0,0.0,30.0,0.0,0.0,0.0,0.0
21815,28.2626689,0.0,0.0,30.0,0.0,0.0,0.0,0.0
21816,28.2573442,0.0,0.0,30.0,0.0,0.0,0.0,0.0
21817,28.252424,0.0,0.0,30.0,0.0,0.0,0.0,0.0
21818,28.2478777,0.0,0.0,30.0,0.0,0.0,0.0,0.0
21819,28.243677,0.0,0.0,30.0,0.0,0.0,0.0,0.0
21820,28.2397957,0.0,0.0,30.0,0.0,0.0,0.0,0.0
21821,28.2362097,0.0,0.0,30.0,0.0,0.0,0.0,0.0
21822,28.2328967,0.0,0.0,30.0,0.0,0.0,0.0,0.0
21823,28.2298359,0.0,0.0,30.0,0.0,0.0,0.0,0.0
21824,28.2270084,0.0,0.0,30.0,0.0,0.0,0.0,0.0
21825,28.2243965,0.0,0.0,30.0,0.0,0.0,0.0,0.0
21826,28.221984,0.0,0.0,30.0,0.0,0.0,0.0,0.0
21827,28.2197558,0.0,0.0,30.0,0.0,0.0,0.0,0.0
21828,28.2176981,0.0,0.0,30.0,0.0,0.0,0.0,0.0
21829,28.215798,0.0,0.0,30.0,0.0,0.0,0.0,0.0
21830,28.2140438,0.0,0.0,30.0,0.0,0.0,0.0,0.0
21831,28.2124245,0.0,0.0,30.0,0.0,0.0,0.0,0.0
21832,28.21093,0.0,0.0,30.0,0.0,0.0,0.0,0.0
21833,28.209551,0.0,0.0,30.0,0.0,0.0,0.0,0.0
21834,28.208279,0.0,0.0,30.0,0.0,0.0,0.0,0.0
21835,28.2071059,0.0,0.0,30.0,0.0,0.0,0.0,0.0
21836,28.2060246,0.0,0.0,30.0,0.0,0.0,0.0,0.0
21837,28.2050282,0.0,0.0,30.0,0.0,0.0,0.0,0.0
21838,28.2041106,0.0,0.0,30.0,0.0,0.0,0.0,0.0
21839,28.203266,0.0,0.0,30.0,0.0,0.0,0.0,0.0
21840,28.2024892,0.0,0.0,30.0,0.0,0.0,0.0,0.0
21841,28.2017753,0.0,0.0,30.0,0.0,0.0,0.0,0.0
21842,28.20112,0.0,0.0,30.0,0.0,0.0,0.0,0.0
21843,28.200519,0.0,0.0,30.0,0.0,0.0,0.0,0.0
21844,28.1999688,0.0,0.0,30.0,0.0,0.0,0.0,0.0
21845,28.1994658,0.0,0.0,30.0,0.0,0.0,0.0,0.0
21846,28.1990069,0.0,0.0,30.0,0.0,0.0,0.0,0.0
21847,28.1985893,0.0,0.0,30.0,0.0,0.0,0.0,0.0
21848,28.1982104,0.0,0.0,30.0,0.0,0.0,0.0,0.0
21849,28.1978677,0.0,0.0,30.0,0.0,0.0,0.0,0.0
21850,28.1975592,0.0,0.0,30.0,0.0,0.0,0.0,0.0
21851,28.197283,0.0,0.0,30.0,0.0,0.0,0.0,0.0
21852,28.1970373,0.0,0.0,30.0,0.0,0.0,0.0,0.0
21853,28.1968206,0.0,0.0,30.0,0.0,0.0,0.0,0.0
21854,28.1966315,0.0,0.0,30.0,0.0,0.0,0.0,0.0
21855,28.1964689,0.0,0.0,30.0,0.0,0.0,0.0,0.0
21856,28.1963318,0.0,0.0,30.0,0.0,0.0,0.0,0.0
21857,28.1962193,0.0,0.0,30.0,0.0,0.0,0.0,0.0
21858,28.1961306,0.0,0.0,30.0,0.0,0.0,0.0,0.0
21859,28.1960653,0.0,0.0,30.0,0.0,0.0,0.0,0.0
21860,28.196023,0.0,0.0,30.0,0.0,0.0,0.0,0.0
21861,28.1960033,0.0,0.0,30.0,0.0,0.0,0.0,0.0
21862,28.1960062,0.0,0.0,30.0,0.0,0.0,0.0,0.0
21863,28.1960317,0.0,0.0,30.0,0.0,0.0,0.0,0.0
21864,28.1960799,0.0,0.0,30.0,0.0,0.0,0.0,0.0
21865,28.1961512,0.0,0.0,30.0,0.0,0.0,0.0,0.0
21866,28.1962459,0.0,0.0,30.0,0.0,0.0,0.0,0.0
21867,28.1963647,0.0,0.0,30.0,0.0,0.0,0.0,0.0
21868,28.1965083,0.0,0.0,30.0,0.0,0.0,0.0,0.0
21869,28.1966776,0.0,0.0,30.0,0.0,0.0,0.0,0.0
21870,28.1968737,0.0,0.0,30.0,0.0,0.0,0.0,0.0
21871,28.1970977,0.0,0.0,30.0,0.0,0.0,0.0,0.0
21872,28.1973511,0.0,0.0,30.0,0.0,0.0,0.0,0.0
21873,28.1976355,0.0,0.0,30.0,0.0,0.0,0.0,0.0
21874,28.1979526,0.0,0.0,30.0,0.0,0.0,0.0,0.0
21875,28.1983044,0.0,0.0,30.0,0.0,0.0,0.0,0.0
21876,28.1986931,0.0,0.0,30.0,0.0,0.0,0.0,0.0
21877,28.199121,0.0,0.0,30.0,0.0,0.0,0.0,0.0
21878,28.199591,0.0,0.0,30.0,0.0,0.0,0.0,0.0
21879,28.2001059,0.0,0.0,30.0,0.0,0.0,0.0,0.0
21880,28.2006688,0.0,0.0,30.0,0.0,0.0,0.0,0.0
21881,28.2012834,0.0,0.0,30.0,0.0,0.0,0.0,0.0
21882,28.2019535,0.0,0.0,30.0,0.0,0.0,0.0,0.0
21883,28.2026831,0.0,0.0,30.0,0.0,0.0,0.0,0.0
21884,28.2034769,0.0,0.0,30.0,0.0,0.0,0.0,0.0
21885,28.2043398,0.0,0.0,30.0,0.0,0.0,0.0,0.0
21886,28.2052772,0.0,0.0,30.0,0.0,0.0,0.0,0.0
21887,28.2062949,0.0,0.0,30.0,0.0,0.0,0.0,0.0
21888,28.2073993,0.0,0.0,30.0,0.0,0.0,0.0,0.0
21889,28.2085971,0.0,0.0,30.0,0.0,0.0,0.0,0.0
21890,28.209896,0.0,0.0,30.0,0.0,0.0,0.0,0.0
21891,28.211304,0.0,0.0,30.0,0.0,0.0,0.0,0.0
21892,28.2128298,0.0,0.0,30.0,0.0,0.0,0.0,0.0
21893,28.2144829,0.0,0.0,30.0,0.0,0.0,0.0,0.0
21894,28.2162737,0.0,0.0,30.0,0.0,0.0,0.0,0.0
21895,28.2182133,0.0,0.0,30.0,0.0,0.0,0.0,0.0
21896,28.2203137,0.0,0.0,30.0,0.0,0.0,0.0,0.0
21897,28.2225882,0.0,0.0,30.0,0.0,0.0,0.0,0.0
21898,28.2250507,0.0,0.0,30.0,0.0,0.0,0.0,0.0
21899,28.2277167,0.0,0.0,30.0,0.0,0.0,0.0,0.0
21900,28.2306027,0.0,0.0,30.0,0.0,0.0,0.0,0.0
21901,28.2337268,0.0,0.0,30.0,0.0,0.0,0.0,0.0
21902,28.2371084,0.0,0.0,30.0,0.0,0.0,0.0,0.0
21903,28.2407685,0.0,0.0,30.0,0.0,0.0,0.0,0.0
21904,28.2447299,0.0,0.0,30.0,0.0,0.0,0.0,0.0
21905,28.2490174,0.0,0.0,30.0,0.0,0.0,0.0,0.0
21906,28.2536575,0.0,0.0,30.0,0.0,0.0,0.0,0.0
21907,28.2586792,0.0,0.0,30.0,0.0,0.0,0.0,0.0
21908,28.2641139,0.0,0.0,30.0,0.0,0.0,0.0,0.0
21909,28.2699952,0.0,0.0,30.0,0.0,0.0,0.0,0.0
21910,28.2763599,0.0,0.0,30.0,0.0,0.0,0.0,0.0
21911,28.2832475,0.0,0.0,30.0,0.0,0.0,0.0,0.0
21912,28.2907011,0.0,0.0,30.0,0.0,0.0,0.0,0.0
21913,28.2987669,0.0,0.0,30.0,0.0,0.0,0.0,0.0
21914,28.3074952,0.0,0.0,30.0,0.0,0.0,0.0,0.0
21915,28.3169403,0.0,0.0,30.0,0.0,0.0,0.0,0.0
21916,28.3271612,0.0,0.0,30.0,0.0,0.0,0.0,0.0
21917,28.3382214,0.0,0.0,30.0,0.0,0.0,0.0,0.0
21918,28.3501897,0.0,0.0,30.0,0.0,0.0,0.0,0.0
21919,28.3631409,0.0,0.0,30.0,0.0,0.0,0.0,0.0
21920,28.3771553,0.0,0.0,30.0,0.0,0.0,0.0,0.0
21921,28.3923205,0.0,0.0,30.0,0.0,0.0,0.0,0.0
21922,28.4087307,0.0,0.0,30.0,0.0,0.0,0.0,0.0
21923,28.4264882,0.0,0.0,30.0,0.0,0.0,0.0,0.0
21924,28.4457036,0.0,0.0,30.0,0.0,0.0,0.0,0.0
21925,28.4664965,0.0,0.0,30.0,0.0,0.0,0.0,0.0
21926,28.4889962,0.0,0.0,30.0,0.0,0.0,0.0,0.0
21927,28.5133435,0.0,0.0,30.0,0.0,0.0,0.0,0.0
21928,28.5396896,0.0,0.0,30.0,0.0,0.0,0.0,0.0
21929,28.5681969,0.0,0.0,30.0,0.0,0.0,0.0,0.0
21930,28.5990437,0.0,0.0,30.0,0.0,0.0,0.0,0.0
21931,28.6324309,0.0,0.0,30.0,0.0,0.0,0.0,0.0
21932,28.6685613,0.0,0.0,30.0,0.0,0.0,0.0,0.0
21933,28.707617,0.0,0.0,30.0,0.0,0.0,0.0,0.0
21934,28.7498715,0.0,0.0,30.0,0.0,0.0,0.0,0.0
21935,28.7957965,0.0,0.0,30.0,0.0,0.0,0.0,0.0
21936,28.8455062,0.0,0.0,30.0,0.0,0.0,0.0,0.0
21937,28.8982932,0.0,0.0,30.0,0.0,0.0,0.0,0.0
21938,28.9554465,0.0,0.0,30.0,0.0,0.0,0.0,0.0
21939,29.0222675,0.0,0.0,30.0,0.0,0.0,0.0,0.0
21940,29.093881,0.0,0.0,30.0,0.0,0.0,0.0,0.0
21941,29.1467499,0.0,0.0,30.0,0.0,0.0,0.0,0.0
21942,29.21001,0.0,0.0,30.0,0.0,0.0,0.0,0.0
21943,29.4000264,0.0,0.0,30.0,0.0,0.0,0.0,0.0
21944,29.5627629,0.0,0.0,30.0,0.0,0.0,0.0,0.0
21945,29.138238,0.0,0.0,30.0,0.0,0.0,0.0,0.0
21946,29.0148375,0.0,0.0,30.0,0.0,0.0,0.0,0.0
21947,29.9065188,0.0,0.0,30.0,0.0,0.0,0.0,0.0
21948,30.0,0.0,0.0,30.0,0.0,0.0,0.0,0.0
21949,30.0,0.0,0.0,30.0,0.0,0.0,0.0,0.0
21950,23.8911061,0.0,0.0,30.0,0.0,0.0,0.0,0.0
21951,23.6889154,0.0,0.0,30.0,0.0,0.0,0.0,0.0
21952,0.0,0.0,0.0,0.0,0.0,0.0,0.0,0.0
21953,30.0,0.0,0.0,4.21859505,0.0,0.0,0.0,0.0
21954,30.0,0.0,0.0,6.18726477,0.0,0.0,0.0,0.0
21955,0.0,0.0,0.0,16.7900556,0.0,0.0,0.0,0.0
21956,0.0,0.0,0.0,21.9789414,0.0,0.0,0.0,0.0
21957,0.0,0.0,0.0,23.4345668,0.0,0.0,0.0,0.0
21958,0.0,0.0,0.0,23.9140565,0.0,0.0,0.0,0.0
21959,0.0,0.0,0.0,24.8020415,0.0,0.0,0.0,0.0
21960,0.0,0.0,0.0,25.6386006,0.0,0.0,0.0,0.0
21961,0.0,0.0,0.0,26.2319011,0.0,0.0,0.0,0.0
21962,0.0,0.0,0.0,26.6672088,0.0,0.0,0.0,0.0
21963,0.0,0.0,0.0,26.9789123,0.0,0.0,0.0,0.0
21964,0.0,0.0,0.0,27.1577817,0.0,0.0,0.0,0.0
21965,0.0,0.0,0.0,27.2016445,0.0,0.0,0.0,0.0
21966,0.0,0.0,0.0,27.11303,0.0,0.0,0.0,0.0
21967,0.0,0.0,0.0,26.8919937,0.0,0.0,0.0,0.0
21968,0.0,0.0,0.0,26.5361614,0.0,0.0,0.0,0.0
21969,0.0,0.0,0.0,26.0379339,0.0,0.0,0.0,0.0
21970,0.0,0.0,0.0,25.3883823,0.0,0.0,0.0,0.0
21971,0.0,0.0,0.0,24.6018378,0.0,0.0,0.0,0.0
21972,0.0,0.0,0.0,23.6854333,0.0,0.0,0.0,0.0
21973,0.0,0.0,0.0,22.4841006,0.0,0.0,0.0,0.0
21974,0.0,0.0,0.0,20.9023724,0.0,0.0,0.0,0.0
21975,0.0,0.0,0.0,19.8649141,0.0,0.0,0.0,0.0
21976,0.0,0.0,0.0,19.7244474,0.0,0.0,0.0,0.0
21977,0.0,0.0,0.0,14.3398563,0.0,0.0,0.0,0.0
21978,0.0,0.0,0.0,2.43748084,0.0,0.0,0.0,0.0
21979,0.0,0.0,0.0,3.65831342,0.0,0.0,0.0,0.0
21980,30.0,0.0,0.0,30.0,0.0,0.0,0.0,0.0
21981,30.0,0.0,0.0,30.0,0.0,0.0,0.0,0.0
21982,30.0,0.0,0.0,30.0,0.0,0.0,0.0,0.0
21983,30.0,0.0,0.0,30.0,0.0,0.0,0.0,0.0
21984,30.0,0.0,0.0,30.0,0.0,0.0,0.0,0.0
21985,30.0,0.0,0.0,30.0,0.0,0.0,0.0,0.0
21986,30.0,0.0,0.0,30.0,0.0,0.0,0.0,0.0
21987,17.4433495,0.0,0.0,30.0,0.0,0.0,0.0,0.0
21988,14.0733843,0.0,0.0,30.0,0.0,0.0,0.0,0.0
21989,19.6867302,0.0,0.0,30.0,0.0,0.0,0.0,0.0
21990,22.6703844,0.0,0.0,30.0,0.0,0.0,0.0,0.0
21991,20.6659028,0.0,0.0,30.0,0.0,0.0,0.0,0.0
21992,20.2527425,0.0,0.0,30.0,0.0,0.0,0.0,0.0
21993,22.9412901,0.0,0.0,30.0,0.0,0.0,0.0,0.0
21994,27.0508486,0.0,0.0,30.0,0.0,0.0,0.0,0.0
21995,30.0,0.0,0.0,30.0,0.0,0.0,0.0,0.0
21996,30.0,0.0,0.0,30.0,0.0,0.0,0.0,0.0
21997,30.0,0.0,0.0,30.0,0.0,0.0,0.0,0.0
21998,30.0,0.0,0.0,30.0,0.0,0.0,0.0,0.0
21999,30.0,0.0,0.0,30.0,0.0,0.0,0.0,0.0
22000,28.3494156,0.0,0.0,30.0,0.0,0.0,0.0,0.0
22001,28.1294247,0.0,0.0,30.0,0.0,0.0,0.0,0.0
22002,28.3890127,0.0,0.0,30.0,0.0,0.0,0.0,0.0
22003,28.0294322,0.0,0.0,30.0,0.0,0.0,0.0,0.0
22004,28.0096179,0.0,0.0,30.0,0.0,0.0,0.0,0.0
22005,28.0932507,0.0,0.0,30.0,0.0,0.0,0.0,0.0
22006,28.1057736,0.0,0.0,30.0,0.0,0.0,0.0,0.0
22007,28.0981793,0.0,0.0,30.0,0.0,0.0,0.0,0.0
22008,28.1046207,0.0,0.0,30.0,0.0,0.0,0.0,0.0
22009,28.1141478,0.0,0.0,30.0,0.0,0.0,0.0,0.0
22010,28.1201638,0.0,0.0,30.0,0.0,0.0,0.0,0.0
22011,28.1250631,0.0,0.0,30.0,0.0,0.0,0.0,0.0
22012,28.1301667,0.0,0.0,30.0,0.0,0.0,0.0,0.0
22013,28.1350041,0.0,0.0,30.0,0.0,0.0,0.0,0.0
22014,28.139356,0.0,0.0,30.0,0.0,0.0,0.0,0.0
22015,28.143356,0.0,0.0,30.0,0.0,0.0,0.0,0.0
22016,28.1470771,0.0,0.0,30.0,0.0,0.0,0.0,0.0
22017,28.15052,0.0,0.0,30.0,0.0,0.0,0.0,0.0
22018,28.1536968,0.0,0.0,30.0,0.0,0.0,0.0,0.0
22019,28.1566321,0.0,0.0,30.0,0.0,0.0,0.0,0.0
22020,28.1593459,0.0,0.0,30.0,0.0,0.0,0.0,0.0
22021,28.1618541,0.0,0.0,30.0,0.0,0.0,0.0,0.0
22022,28.1641721,0.0,0.0,30.0,0.0,0.0,0.0,0.0
22023,28.1663144,0.0,0.0,30.0,0.0,0.0,0.0,0.0
22024,28.1682945,0.0,0.0,30.0,0.0,0.0,0.0,0.0
22025,28.1701246,0.0,0.0,30.0,0.0,0.0,0.0,0.0
22026,28.1718161,0.0,0.0,30.0,0.0,0.0,0.0,0.0
22027,28.1733796,0.0,0.0,30.0,0.0,0.0,0.0,0.0
22028,28.1748248,0.0,0.0,30.0,0.0,0.0,0.0,0.0
22029,28.1761606,0.0,0.0,30.0,0.0,0.0,0.0,0.0
22030,28.1773955,0.0,0.0,30.0,0.0,0.0,0.0,0.0
22031,28.1785372,0.0,0.0,30.0,0.0,0.0,0.0,0.0
22032,28.1795926,0.0,0.0,30.0,0.0,0.0,0.0,0.0
22033,28.1805684,0.0,0.0,30.0,0.0,0.0,0.0,0.0
22034,28.1814706,0.0,0.0,30.0,0.0,0.0,0.0,0.0
22035,28.182305,0.0,0.0,30.0,0.0,0.0,0.0,0.0
22036,28.1830766,0.0,0.0,30.0,0.0,0.0,0.0,0.0
22037,28.1837903,0.0,0.0,30.0,0.0,0.0,0.0,0.0
22038,28.1844505,0.0,0.0,30.0,0.0,0.0,0.0,0.0
22039,28.1850613,0.0,0.0,30.0,0.0,0.0,0.0,0.0
22040,28.1856266,0.0,0.0,30.0,0.0,0.0,0.0,0.0
22041,28.1861498,0.0,0.0,30.0,0.0,0.0,0.0,0.0
22042,28.1866343,0.0,0.0,30.0,0.0,0.0,0.0,0.0
22043,28.1870829,0.0,0.0,30.0,0.0,0.0,0.0,0.0
22044,28.1874986,0.0,0.0,30.0,0.0,0.0,0.0,0.0
22045,28.1878839,0.0,0.0,30.0,0.0,0.0,0.0,0.0
22046,28.1882412,0.0,0.0,30.0,0.0,0.0,0.0,0.0
22047,28.1885728,0.0,0.0,30.0,0.0,0.0,0.0,0.0
22048,28.1888806,0.0,0.0,30.0,0.0,0.0,0.0,0.0
22049,28.1891666,0.0,0.0,30.0,0.0,0.0,0.0,0.0
22050,28.1894327,0.0,0.0,30.0,0.0,0.0,0.0,0.0
22051,28.1896803,0.0,0.0,30.0,0.0,0.0,0.0,0.0
22052,28.1899112,0.0,0.0,30.0,0.0,0.0,0.0,0.0
22053,28.1901267,0.0,0.0,30.0,0.0,0.0,0.0,0.0
22054,28.1903282,0.0,0.0,30.0,0.0,0.0,0.0,0.0
22055,28.1905169,0.0,0.0,30.0,0.0,0.0,0.0,0.0
22056,28.190694,0.0,0.0,30.0,0.0,0.0,0.0,0.0
22057,28.1908605,0.0,0.0,30.0,0.0,0.0,0.0,0.0
22058,28.1910177,0.0,0.0,30.0,0.0,0.0,0.0,0.0
22059,28.1911663,0.0,0.0,30.0,0.0,0.0,0.0,0.0
22060,28.1913074,0.0,0.0,30.0,0.0,0.0,0.0,0.0
22061,28.1914418,0.0,0.0,30.0,0.0,0.0,0.0,0.0
22062,28.1915703,0.0,0.0,30.0,0.0,0.0,0.0,0.0
22063,28.1916938,0.0,0.0,30.0,0.0,0.0,0.0,0.0
22064,28.1918131,0.0,0.0,30.0,0.0,0.0,0.0,0.0
22065,28.1919288,0.0,0.0,30.0,0.0,0.0,0.0,0.0
22066,28.1920417,0.0,0.0,30.0,0.0,0.0,0.0,0.0
22067,28.1921524,0.0,0.0,30.0,0.0,0.0,0.0,0.0
22068,28.1922618,0.0,0.0,30.0,0.0,0.0,0.0,0.0
22069,28.1923704,0.0,0.0,30.0,0.0,0.0,0.0,0.0
22070,28.192479,0.0,0.0,30.0,0.0,0.0,0.0,0.0
22071,28.1925881,0.0,0.0,30.0,0.0,0.0,0.0,0.0
22072,28.1926986,0.0,0.0,30.0,0.0,0.0,0.0,0.0
22073,28.192811,0.0,0.0,30.0,0.0,0.0,0.0,0.0
22074,28.1929261,0.0,0.0,30.0,0.0,0.0,0.0,0.0
22075,28.1930446,0.0,0.0,30.0,0.0,0.0,0.0,0.0
22076,28.1931673,0.0,0.0,30.0,0.0,0.0,0.0,0.0
22077,28.1932948,0.0,0.0,30.0,0.0,0.0,0.0,0.0
22078,28.193428,0.0,0.0,30.0,0.0,0.0,0.0,0.0
22079,28.1935678,0.0,0.0,30.0,0.0,0.0,0.0,0.0
22080,28.1937149,0.0,0.0,30.0,0.0,0.0,0.0,0.0
22081,28.1938703,0.0,0.0,30.0,0.0,0.0,0.0,0.0
22082,28.1940351,0.0,0.0,30.0,0.0,0.0,0.0,0.0
22083,28.1942101,0.0,0.0,30.0,0.0,0.0,0.0,0.0
22084,28.1943965,0.0,0.0,30.0,0.0,0.0,0.0,0.0
22085,28.1945955,0.0,0.0,30.0,0.0,0.0,0.0,0.0
22086,28.1948082,0.0,0.0,30.0,0.0,0.0,0.0,0.0
22087,28.1950361,0.0,0.0,30.0,0.0,0.0,0.0,0.0
22088,28.1952805,0.0,0.0,30.0,0.0,0.0,0.0,0.0
22089,28.1955429,0.0,0.0,30.0,0.0,0.0,0.0,0.0
22090,28.1958251,0.0,0.0,30.0,0.0,0.0,0.0,0.0
22091,28.1961287,0.0,0.0,30.0,0.0,0.0,0.0,0.0
22092,28.1964556,0.0,0.0,30.0,0.0,0.0,0.0,0.0
22093,28.1968079,0.0,0.0,30.0,0.0,0.0,0.0,0.0
22094,28.1971878,0.0,0.0,30.0,0.0,0.0,0.0,0.0
22095,28.1975976,0.0,0.0,30.0,0.0,0.0,0.0,0.0
22096,28.1980399,0.0,0.0,30.0,0.0,0.0,0.0,0.0
22097,28.1985175,0.0,0.0,30.0,0.0,0.0,0.0,0.0
22098,28.1990332,0.0,0.0,30.0,0.0,0.0,0.0,0.0
22099,28.1995904,0.0,0.0,30.0,0.0,0.0,0.0,0.0
22100,28.2001925,0.0,0.0,30.0,0.0,0.0,0.0,0.0
22101,28.2008432,0.0,0.0,30.0,0.0,0.0,0.0,0.0
22102,28.2015466,0.0,0.0,30.0,0.0,0.0,0.0,0.0
22103,28.2023072,0.0,0.0,30.0,0.0,0.0,0.0,0.0
22104,28.2031295,0.0,0.0,30.0,0.0,0.0,0.0,0.0
22105,28.2040188,0.0,0.0,30.0,0.0,0.0,0.0,0.0
22106,28.2049805,0.0,0.0,30.0,0.0,0.0,0.0,0.0
22107,28.2060207,0.0,0.0,30.0,0.0,0.0,0.0,0.0
22108,28.2071459,0.0,0.0,30.0,0.0,0.0,0.0,0.0
22109,28.208363,0.0,0.0,30.0,0.0,0.0,0.0,0.0
22110,28.2096796,0.0,0.0,30.0,0.0,0.0,0.0,0.0
22111,28.211104,0.0,0.0,30.0,0.0,0.0,0.0,0.0
22112,28.212645,0.0,0.0,30.0,0.0,0.0,0.0,0.0
22113,28.2143121,0.0,0.0,30.0,0.0,0.0,0.0,0.0
22114,28.2161159,0.0,0.0,30.0,0.0,0.0,0.0,0.0
22115,28.2180675,0.0,0.0,30.0,0.0,0.0,0.0,0.0
22116,28.220179,0.0,0.0,30.0,0.0,0.0,0.0,0.0
22117,28.2224636,0.0,0.0,30.0,0.0,0.0,0.0,0.0
22118,28.2249356,0.0,0.0,30.0,0.0,0.0,0.0,0.0
22119,28.2276103,0.0,0.0,30.0,0.0,0.0,0.0,0.0
22120,28.2305045,0.0,0.0,30.0,0.0,0.0,0.0,0.0
22121,28.233636,0.0,0.0,30.0,0.0,0.0,0.0,0.0
22122,28.2370244,0.0,0.0,30.0,0.0,0.0,0.0,0.0
22123,28.2406909,0.0,0.0,30.0,0.0,0.0,0.0,0.0
22124,28.2446583,0.0,0.0,30.0,0.0,0.0,0.0,0.0
22125,28.2489511,0.0,0.0,30.0,0.0,0.0,0.0,0.0
22126,28.2535963,0.0,0.0,30.0,0.0,0.0,0.0,0.0
22127,28.2586227,0.0,0.0,30.0,0.0,0.0,0.0,0.0
22128,28.2640616,0.0,0.0,30.0,0.0,0.0,0.0,0.0
22129,28.2699469,0.0,0.0,30.0,0.0,0.0,0.0,0.0
22130,28.2763153,0.0,0.0,30.0,0.0,0.0,0.0,0.0
22131,28.2832063,0.0,0.0,30.0,0.0,0.0,0.0,0.0
22132,28.290663,0.0,0.0,30.0,0.0,0.0,0.0,0.0
22133,28.2987317,0.0,0.0,30.0,0.0,0.0,0.0,0.0
22134,28.3074627,0.0,0.0,30.0,0.0,0.0,0.0,0.0
22135,28.3169103,0.0,0.0,30.0,0.0,0.0,0.0,0.0
22136,28.3271334,0.0,0.0,30.0,0.0,0.0,0.0,0.0
22137,28.3381957,0.0,0.0,30.0,0.0,0.0,0.0,0.0
22138,28.3501661,0.0,0.0,30.0,0.0,0.0,0.0,0.0
22139,28.363119,0.0,0.0,30.0,0.0,0.0,0.0,0.0
22140,28.3771351,0.0,0.0,30.0,0.0,0.0,0.0,0.0
22141,28.3923018,0.0,0.0,30.0,0.0,0.0,0.0,0.0
22142,28.4087135,0.0,0.0,30.0,0.0,0.0,0.0,0.0
22143,28.4264723,0.0,0.0,30.0,0.0,0.0,0.0,0.0
22144,28.4456889,0.0,0.0,30.0,0.0,0.0,0.0,0.0
22145,28.4664829,0.0,0.0,30.0,0.0,0.0,0.0,0.0
22146,28.4889837,0.0,0.0,30.0,0.0,0.0,0.0,0.0
22147,28.5133319,0.0,0.0,30.0,0.0,0.0,0.0,0.0
22148,28.5396789,0.0,0.0,30.0,0.0,0.0,0.0,0.0
22149,28.568187,0.0,0.0,30.0,0.0,0.0,0.0,0.0
22150,28.5990346,0.0,0.0,30.0,0.0,0.0,0.0,0.0
22151,28.6324226,0.0,0.0,30.0,0.0,0.0,0.0,0.0
22152,28.6685535,0.0,0.0,30.0,0.0,0.0,0.0,0.0
22153,28.7076099,0.0,0.0,30.0,0.0,0.0,0.0,0.0
22154,28.749865,0.0,0.0,30.0,0.0,0.0,0.0,0.0
22155,28.7957905,0.0,0.0,30.0,0.0,0.0,0.0,0.0
22156,28.8455007,0.0,0.0,30.0,0.0,0.0,0.0,0.0
22157,28.8982881,0.0,0.0,30.0,0.0,0.0,0.0,0.0
22158,28.9554418,0.0,0.0,30.0,0.0,0.0,0.0,0.0
22159,29.0222632,0.0,0.0,30.0,0.0,0.0,0.0,0.0
22160,29.0938771,0.0,0.0,30.0,0.0,0.0,0.0,0.0
22161,29.1467463,0.0,0.0,30.0,0.0,0.0,0.0,0.0
22162,29.2100067,0.0,0.0,30.0,0.0,0.0,0.0,0.0
22163,29.4000234,0.0,0.0,30.0,0.0,0.0,0.0,0.0
22164,29.5627602,0.0,0.0,30.0,0.0,0.0,0.0,0.0
22165,29.1382358,0.0,0.0,30.0,0.0,0.0,0.0,0.0
22166,29.0148351,0.0,0.0,30.0,0.0,0.0,0.0,0.0
22167,29.9065164,0.0,0.0,30.0,0.0,0.0,0.0,0.0
22168,30.0,0.0,0.0,30.0,0.0,0.0,0.0,0.0
22169,30.0,0.0,0.0,30.0,0.0,0.0,0.0,0.0
22170,23.8910987,0.0,0.0,30.0,0.0,0.0,0.0,0.0
22171,23.6889103,0.0,0.0,30.0,0.0,0.0,0.0,0.0
22172,0.0,0.0,0.0,0.0,0.0,0.0,0.0,0.0
22173,0.0,0.0,0.0,0.0,0.0,0.0,0.0,0.0
22174,0.0,0.0,0.0,0.0,0.0,0.0,0.0,0.0
22175,0.0,0.0,0.0,0.0,0.0,0.0,0.0,0.0
22176,0.0,0.0,0.0,0.0,0.0,0.0,0.0,0.0
22177,0.0,0.0,0.0,0.0,0.0,0.0,0.0,0.0
22178,0.0,0.0,0.0,0.0,0.0,0.0,0.0,0.0
22179,0.0,0.0,0.0,0.0,0.0,0.0,0.0,0.0
22180,0.0,0.0,0.0,0.0,0.0,0.0,0.0,0.0
22181,0.0,0.0,0.0,0.0,0.0,0.0,0.0,0.0
22182,0.0,0.0,0.0,0.0,0.0,0.0,0.0,0.0
22183,0.0,0.0,0.0,0.0,0.0,0.0,0.0,0.0
22184,0.0,0.0,0.0,0.0,0.0,0.0,0.0,0.0
22185,0.0,0.0,0.0,0.0,0.0,0.0,0.0,0.0
22186,0.0,0.0,0.0,0.0,0.0,0.0,0.0,0.0
22187,0.0,0.0,0.0,0.0,0.0,0.0,0.0,0.0
22188,0.0,0.0,0.0,0.0,0.0,0.0,0.0,0.0
22189,0.0,0.0,0.0,0.0,0.0,0.0,0.0,0.0
22190,0.0,0.0,0.0,0.0,0.0,0.0,0.0,0.0
22191,0.0,0.0,0.0,0.0,0.0,0.0,0.0,0.0
22192,0.0,0.0,0.0,0.0,0.0,0.0,0.0,0.0
22193,0.0,0.0,0.0,0.0,0.0,0.0,0.0,0.0
22194,0.0,0.0,0.0,0.0,0.0,0.0,0.0,0.0
22195,0.0,0.0,0.0,0.0,0.0,0.0,0.0,0.0
22196,0.0,0.0,0.0,0.0,0.0,0.0,0.0,0.0
22197,0.0,0.0,0.0,0.0,0.0,0.0,0.0,0.0
22198,0.0,0.0,0.0,0.0,0.0,0.0,0.0,0.0
22199,0.0,0.0,0.0,0.0,0.0,0.0,0.0,0.0
22200,0.0,0.0,0.0,0.0,0.0,0.0,0.0,0.0
