tick,r1
1,0.00012
2,0.00012
3,0.00012
4,0.00012
5,0.00012
6,0.00012
7,0.00012
8,0.00012
9,0.00012
10,0.00012
11,0.00012
12,0.00012
13,0.00012
14,0.00012
15,0.00012
16,0.00012
17,0.00012
18,0.00012
19,0.00012
20,0.00012
21,0.00012
22,0.00012
23,0.00012
24,0.00012
25,0.00012
26,0.00012
27,0.00012
28,0.00012
29,0.00012
30,0.00012
31,0.00012
32,0.00012
33,0.00012
34,0.00012
35,0.00012
36,0.00012
37,0.00012
38,0.00012
39,0.00012
40,0.00012
41,0.00012
42,0.00012
43,0.00012
44,0.00012
45,0.00012
46,0.00012
47,0.00012
48,0.00012
49,0.00012
50,0.00012
51,0.00012
52,0.00012
53,0.00012
54,0.00012
55,0.00012
56,0.00012
57,0.00012
58,0.00012
59,0.00012
60,0.00012
61,0.00012
62,0.00012
63,0.00012
64,0.00012
65,0.00012
66,0.00012
67,0.00012
68,0.00012
69,0.00012
70,0.00012
71,0.00012
72,0.00012
73,0.00012
74,0.00012
75,0.00012
76,0.00012
77,0.00012
78,0.00012
79,0.00012
80,0.00012
81,0.00012
82,0.00012
83,0.00012
84,0.00012
85,0.00012
86,0.00012
87,0.00012
88,0.00012
89,0.00012
90,0.00012
91,0.00012
92,0.00012
93,0.00012
94,0.00012
95,0.00012
96,0.00012
97,0.00012
98,0.00012
99,0.00012
100,0.00012
101,0.00012
102,0.00012
103,0.00012
104,0.00012
105,0.00012
106,0.00012
107,0.00012
108,0.00012
109,0.00012
110,0.00012
111,0.00012
112,0.00012
113,0.00012
114,0.00012
115,0.00012
116,0.00012
117,0.00012
118,0.00012
119,0.00012
120,0.00012
121,0.00012
122,0.00012
123,0.00012
124,0.00012
125,0.00012
126,0.00012
127,0.00012
128,0.00012
129,0.00012
130,0.00012
131,0.00012
132,0.00012
133,0.00012
134,0.00012
135,0.00012
136,0.00012
137,0.00012
138,0.00012
139,0.00012
140,0.00012
141,0.00012
142,0.00012
143,0.00012
144,0.00012
145,0.00012
146,0.00012
147,0.00012
148,0.00012
149,0.00012
150,0.00012
151,0.00012
152,0.00012
153,0.00012
154,0.00012
155,0.00012
156,0.00012
157,0.00012
158,0.00012
159,0.00012
160,0.00012
161,0.00012
162,0.00012
163,0.00012
164,0.00012
165,0.00012
166,0.00012
167,0.00012
168,0.00012
169,0.00012
170,0.00012
171,0.00012
172,0.00012
173,0.00012
174,0.00012
175,0.00012
176,0.00012
177,0.00012
178,0.00012
179,0.00012
180,0.00012
181,0.00012
182,0.00012
183,0.00012
184,0.00012
185,0.00012
186,0.00012
187,0.00012
188,0.00012
189,0.00012
190,0.00012
191,0.00012
192,0.00012
193,0.00012
194,0.00012
195,0.00012
196,0.00012
197,0.00012
198,0.00012
199,0.00012
200,0.00012
201,0.000120967778
202,0.000162752963
203,0.000687150556
204,0.000625392778
205,0.000426815
206,0.000303851667
207,0.000220130556
208,0.000155750556
209,0.000127309074
210,0.000131926111
211,0.000140355
212,0.000135381667
213,0.000133040556
214,0.000138107222
215,0.000142255
216,0.000155327222
217,0.000158785
218,0.000160853889
219,0.000156297222
220,0.000152851667
221,0.00012
222,0.00012
223,0.00012
224,0.00012
225,0.00012
226,0.00012
227,0.00012
228,0.00012
229,0.00012
230,0.00012
231,0.00012
232,0.00012
233,0.00012
234,0.00012
235,0.00012
236,0.00012
237,0.00012
238,0.00012
239,0.00012
240,0.00012
241,0.00012
242,0.00012
243,0.00012
244,0.00012
245,0.00012
246,0.00012
247,0.00012
248,0.00012
249,0.00012
250,0.00012
251,0.00012
252,0.00012
253,0.00012
254,0.00012
255,0.00012
256,0.00012
257,0.00012
258,0.00012
259,0.00012
260,0.00012
261,0.00012
262,0.00012
263,0.00012
264,0.00012
265,0.00012
266,0.00012
267,0.00012
268,0.00012
269,0.00012
270,0.00012
271,0.00012
272,0.00012
273,0.00012
274,0.00012
275,0.00012
276,0.00012
277,0.00012
278,0.00012
279,0.00012
280,0.00012
281,0.00012
282,0.00012
283,0.00012
284,0.00012
285,0.00012
286,0.00012
287,0.00012
288,0.00012
289,0.00012
290,0.00012
291,0.00012
292,0.00012
293,0.00012
294,0.00012
295,0.00012
296,0.00012
297,0.00012
298,0.00012
299,0.00012
300,0.00012
301,0.00012
302,0.00012
303,0.00012
304,0.00012
305,0.00012
306,0.00012
307,0.00012
308,0.00012
309,0.00012
310,0.00012
311,0.00012
312,0.00012
313,0.00012
314,0.00012
315,0.00012
316,0.00012
317,0.00012
318,0.00012
319,0.00012
320,0.00012
321,0.00012
322,0.00012
323,0.00012
324,0.00012
325,0.00012
326,0.00012
327,0.00012
328,0.00012
329,0.00012
330,0.00012
331,0.00012
332,0.00012
333,0.00012
334,0.00012
335,0.00012
336,0.00012
337,0.00012
338,0.00012
339,0.00012
340,0.00012
341,0.00012
342,0.00012
343,0.00012
344,0.00012
345,0.00012
346,0.00012
347,0.00012
348,0.00012
349,0.00012
350,0.00012
351,0.00012
352,0.00012
353,0.00012
354,0.00012
355,0.00012
356,0.00012
357,0.00012
358,0.00012
359,0.00012
360,0.00012
361,0.00012
362,0.00012
363,0.00012
364,0.00012
365,0.00012
366,0.00012
367,0.00012
368,0.00012
369,0.00012
370,0.00012
371,0.00012
372,0.00012
373,0.00012
374,0.00012
375,0.00012
376,0.00012
377,0.00012
378,0.00012
379,0.00012
380,0.00012
381,0.00012
382,0.00012
383,0.00012
384,0.00012
385,0.00012
386,0.00012
387,0.00012
388,0.00012
389,0.00012
390,0.00012
391,0.00012
392,0.00012
393,0.00012
394,0.00012
395,0.00012
396,0.00012
397,0.00012
398,0.00012
399,0.00012
400,0.00012
401,0.00012
402,0.00012
403,0.00012
404,0.00012
405,0.00012
406,0.00012
407,0.00012
408,0.00012
409,0.00012
410,0.00012
411,0.00012
412,0.00012
413,0.00012
414,0.00012
415,0.00012
416,0.00012
417,0.00012
418,0.00012
419,0.00012
420,0.00012
421,0.000120967778
422,0.000162752963
423,0.000687150556
424,0.000625392778
425,0.000426815
426,0.000303851667
427,0.000220130556
428,0.000155750556
429,0.000127309074
430,0.000131926111
431,0.000140355
432,0.000135381667
433,0.000133040556
434,0.000138107222
435,0.000142255
436,0.000155327222
437,0.000158785
438,0.000160853889
439,0.000156297222
440,0.000152851667
441,0.00012
442,0.00012
443,0.00012
444,0.00012
445,0.00012
446,0.00012
447,0.00012
448,0.00012
449,0.00012
450,0.00012
451,0.00012
452,0.00012
453,0.00012
454,0.00012
455,0.00012
456,0.00012
457,0.00012
458,0.00012
459,0.00012
460,0.00012
461,0.00012
462,0.00012
463,0.00012
464,0.00012
465,0.00012
466,0.00012
467,0.00012
468,0.00012
469,0.00012
470,0.00012
471,0.00012
472,0.00012
473,0.00012
474,0.00012
475,0.00012
476,0.00012
477,0.00012
478,0.00012
479,0.00012
480,0.00012
481,0.00012
482,0.00012
483,0.00012
484,0.00012
485,0.00012
486,0.00012
487,0.00012
488,0.00012
489,0.00012
490,0.00012
491,0.00012
492,0.00012
493,0.00012
494,0.00012
495,0.00012
496,0.00012
497,0.00012
498,0.00012
499,0.00012
500,0.00012
501,0.00012
502,0.00012
503,0.00012
504,0.00012
505,0.00012
506,0.00012
507,0.00012
508,0.00012
509,0.00012
510,0.00012
511,0.00012
512,0.00012
513,0.00012
514,0.00012
515,0.00012
516,0.00012
517,0.00012
518,0.00012
519,0.00012
520,0.00012
521,0.00012
522,0.00012
523,0.00012
524,0.00012
525,0.00012
526,0.00012
527,0.00012
528,0.00012
529,0.00012
530,0.00012
531,0.00012
532,0.00012
533,0.00012
534,0.00012
535,0.00012
536,0.00012
537,0.00012
538,0.00012
539,0.00012
540,0.00012
541,0.00012
542,0.00012
543,0.00012
544,0.00012
545,0.00012
546,0.00012
547,0.00012
548,0.00012
549,0.00012
550,0.00012
551,0.00012
552,0.00012
553,0.00012
554,0.00012
555,0.00012
556,0.00012
557,0.00012
558,0.00012
559,0.00012
560,0.00012
561,0.00012
562,0.00012
563,0.00012
564,0.00012
565,0.00012
566,0.00012
567,0.00012
568,0.00012
569,0.00012
570,0.00012
571,0.00012
572,0.00012
573,0.00012
574,0.00012
575,0.00012
576,0.00012
577,0.00012
578,0.00012
579,0.00012
580,0.00012
581,0.00012
582,0.00012
583,0.00012
584,0.00012
585,0.00012
586,0.00012
587,0.00012
588,0.00012
589,0.00012
590,0.00012
591,0.00012
592,0.00012
593,0.00012
594,0.00012
595,0.00012
596,0.00012
597,0.00012
598,0.00012
599,0.00012
600,0.00012
601,0.00012
602,0.00012
603,0.00012
604,0.00012
605,0.00012
606,0.00012
607,0.00012
608,0.00012
609,0.00012
610,0.00012
611,0.00012
612,0.00012
613,0.00012
614,0.00012
615,0.00012
616,0.00012
617,0.00012
618,0.00012
619,0.00012
620,0.00012
621,0.00012
622,0.00012
623,0.00012
624,0.00012
625,0.00012
626,0.00012
627,0.00012
628,0.00012
629,0.00012
630,0.00012
631,0.00012
632,0.00012
633,0.00012
634,0.00012
635,0.00012
636,0.00012
637,0.00012
638,0.00012
639,0.00012
640,0.00012
641,0.000120967778
642,0.000162752963
643,0.000687150556
644,0.000625392778
645,0.000426815
646,0.000303851667
647,0.000220130556
648,0.000155750556
649,0.000127309074
650,0.000131926111
651,0.000140355
652,0.000135381667
653,0.000133040556
654,0.000138107222
655,0.000142255
656,0.000155327222
657,0.000158785
658,0.000160853889
659,0.000156297222
660,0.000152851667
661,0.00012
662,0.00012
663,0.00012
664,0.00012
665,0.00012
666,0.00012
667,0.00012
668,0.00012
669,0.00012
670,0.00012
671,0.00012
672,0.00012
673,0.00012
674,0.00012
675,0.00012
676,0.00012
677,0.00012
678,0.00012
679,0.00012
680,0.00012
681,0.00012
682,0.00012
683,0.00012
684,0.00012
685,0.00012
686,0.00012
687,0.00012
688,0.00012
689,0.00012
690,0.00012
691,0.00012
692,0.00012
693,0.00012
694,0.00012
695,0.00012
696,0.00012
697,0.00012
698,0.00012
699,0.00012
700,0.00012
701,0.00012
702,0.00012
703,0.00012
704,0.00012
705,0.00012
706,0.00012
707,0.00012
708,0.00012
709,0.00012
710,0.00012
711,0.00012
712,0.00012
713,0.00012
714,0.00012
715,0.00012
716,0.00012
717,0.00012
718,0.00012
719,0.00012
720,0.00012
721,0.00012
722,0.00012
723,0.00012
724,0.00012
725,0.00012
726,0.00012
727,0.00012
728,0.00012
729,0.00012
730,0.00012
731,0.00012
732,0.00012
733,0.00012
734,0.00012
735,0.00012
736,0.00012
737,0.00012
738,0.00012
739,0.00012
740,0.00012
741,0.00012
742,0.00012
743,0.00012
744,0.00012
745,0.00012
746,0.00012
747,0.00012
748,0.00012
749,0.00012
750,0.00012
751,0.00012
752,0.00012
753,0.00012
754,0.00012
755,0.00012
756,0.00012
757,0.00012
758,0.00012
759,0.00012
760,0.00012
761,0.00012
762,0.00012
763,0.00012
764,0.00012
765,0.00012
766,0.00012
767,0.00012
768,0.00012
769,0.00012
770,0.00012
771,0.00012
772,0.00012
773,0.00012
774,0.00012
775,0.00012
776,0.00012
777,0.00012
778,0.00012
779,0.00012
780,0.00012
781,0.00012
782,0.00012
783,0.00012
784,0.00012
785,0.00012
786,0.00012
787,0.00012
788,0.00012
789,0.00012
790,0.00012
791,0.00012
792,0.00012
793,0.00012
794,0.00012
795,0.00012
796,0.00012
797,0.00012
798,0.00012
799,0.00012
800,0.00012
801,0.00012
802,0.00012
803,0.00012
804,0.00012
805,0.00012
806,0.00012
807,0.00012
808,0.00012
809,0.00012
810,0.00012
811,0.00012
812,0.00012
813,0.00012
814,0.00012
815,0.00012
816,0.00012
817,0.00012
818,0.00012
819,0.00012
820,0.00012
821,0.00012
822,0.00012
823,0.00012
824,0.00012
825,0.00012
826,0.00012
827,0.00012
828,0.00012
829,0.00012
830,0.00012
831,0.00012
832,0.00012
833,0.00012
834,0.00012
835,0.00012
836,0.00012
837,0.00012
838,0.00012
839,0.00012
840,0.00012
841,0.00012
842,0.00012
843,0.00012
844,0.00012
845,0.00012
846,0.00012
847,0.00012
848,0.00012
849,0.00012
850,0.00012
851,0.00012
852,0.00012
853,0.00012
854,0.00012
855,0.00012
856,0.00012
857,0.00012
858,0.00012
859,0.00012
860,0.00012
861,0.000120967778
862,0.000162752963
863,0.000687150556
864,0.000625392778
865,0.000426815
866,0.000303851667
867,0.000220130556
868,0.000155750556
869,0.000127309074
870,0.000131926111
871,0.000140355
872,0.000135381667
873,0.000133040556
874,0.000138107222
875,0.000142255
876,0.000155327222
877,0.000158785
878,0.000160853889
879,0.000156297222
880,0.000152851667
881,0.00012
882,0.00012
883,0.00012
884,0.00012
885,0.00012
886,0.00012
887,0.00012
888,0.00012
889,0.00012
890,0.00012
891,0.00012
892,0.00012
893,0.00012
894,0.00012
895,0.00012
896,0.00012
897,0.00012
898,0.00012
899,0.00012
900,0.00012
901,0.00012
902,0.00012
903,0.00012
904,0.00012
905,0.00012
906,0.00012
907,0.00012
908,0.00012
909,0.00012
910,0.00012
911,0.00012
912,0.00012
913,0.00012
914,0.00012
915,0.00012
916,0.00012
917,0.00012
918,0.00012
919,0.00012
920,0.00012
921,0.00012
922,0.00012
923,0.00012
924,0.00012
925,0.00012
926,0.00012
927,0.00012
928,0.00012
929,0.00012
930,0.00012
931,0.00012
932,0.00012
933,0.00012
934,0.00012
935,0.00012
936,0.00012
937,0.00012
938,0.00012
939,0.00012
940,0.00012
941,0.00012
942,0.00012
943,0.00012
944,0.00012
945,0.00012
946,0.00012
947,0.00012
948,0.00012
949,0.00012
950,0.00012
951,0.00012
952,0.00012
953,0.00012
954,0.00012
955,0.00012
956,0.00012
957,0.00012
958,0.00012
959,0.00012
960,0.00012
961,0.00012
962,0.00012
963,0.00012
964,0.00012
965,0.00012
966,0.00012
967,0.00012
968,0.00012
969,0.00012
970,0.00012
971,0.00012
972,0.00012
973,0.00012
974,0.00012
975,0.00012
976,0.00012
977,0.00012
978,0.00012
979,0.00012
980,0.00012
981,0.00012
982,0.00012
983,0.00012
984,0.00012
985,0.00012
986,0.00012
987,0.00012
988,0.00012
989,0.00012
990,0.00012
991,0.00012
992,0.00012
993,0.00012
994,0.00012
995,0.00012
996,0.00012
997,0.00012
998,0.00012
999,0.00012
1000,0.00012
1001,0.00012
1002,0.00012
1003,0.00012
1004,0.00012
1005,0.00012
1006,0.00012
1007,0.00012
1008,0.00012
1009,0.00012
1010,0.00012
1011,0.00012
1012,0.00012
1013,0.00012
1014,0.00012
1015,0.00012
1016,0.00012
1017,0.00012
1018,0.00012
1019,0.00012
1020,0.00012
1021,0.00012
1022,0.00012
1023,0.00012
1024,0.00012
1025,0.00012
1026,0.00012
1027,0.00012
1028,0.00012
1029,0.00012
1030,0.00012
1031,0.00012
1032,0.00012
1033,0.00012
1034,0.00012
1035,0.00012
1036,0.00012
1037,0.00012
1038,0.00012
1039,0.00012
1040,0.00012
1041,0.00012
1042,0.00012
1043,0.00012
1044,0.00012
1045,0.00012
1046,0.00012
1047,0.00012
1048,0.00012
1049,0.00012
1050,0.00012
1051,0.00012
1052,0.00012
1053,0.00012
1054,0.00012
1055,0.00012
1056,0.00012
1057,0.00012
1058,0.00012
1059,0.00012
1060,0.00012
1061,0.00012
1062,0.00012
1063,0.00012
1064,0.00012
1065,0.00012
1066,0.00012
1067,0.00012
1068,0.00012
1069,0.00012
1070,0.00012
1071,0.00012
1072,0.00012
1073,0.00012
1074,0.00012
1075,0.00012
1076,0.00012
1077,0.00012
1078,0.00012
1079,0.00012
1080,0.00012
1081,0.000120967778
1082,0.000162752963
1083,0.000687150556
1084,0.000625392778
1085,0.000426815
1086,0.000303851667
1087,0.000220130556
1088,0.000155750556
1089,0.000127309074
1090,0.000131926111
1091,0.000140355
1092,0.000135381667
1093,0.000133040556
1094,0.000138107222
1095,0.000142255
1096,0.000155327222
1097,0.000158785
1098,0.000160853889
1099,0.000156297222
1100,0.000152851667
1101,0.00012
1102,0.00012
1103,0.00012
1104,0.00012
1105,0.00012
1106,0.00012
1107,0.00012
1108,0.00012
1109,0.00012
1110,0.00012
1111,0.00012
1112,0.00012
1113,0.00012
1114,0.00012
1115,0.00012
1116,0.00012
1117,0.00012
1118,0.00012
1119,0.00012
1120,0.00012
1121,0.00012
1122,0.00012
1123,0.00012
1124,0.00012
1125,0.00012
1126,0.00012
1127,0.00012
1128,0.00012
1129,0.00012
1130,0.00012
1131,0.00012
1132,0.00012
1133,0.00012
1134,0.00012
1135,0.00012
1136,0.00012
1137,0.00012
1138,0.00012
1139,0.00012
1140,0.00012
1141,0.00012
1142,0.00012
1143,0.00012
1144,0.00012
1145,0.00012
1146,0.00012
1147,0.00012
1148,0.00012
1149,0.00012
1150,0.00012
1151,0.00012
1152,0.00012
1153,0.00012
1154,0.00012
1155,0.00012
1156,0.00012
1157,0.00012
1158,0.00012
1159,0.00012
1160,0.00012
1161,0.00012
1162,0.00012
1163,0.00012
1164,0.00012
1165,0.00012
1166,0.00012
1167,0.00012
1168,0.00012
1169,0.00012
1170,0.00012
1171,0.00012
1172,0.00012
1173,0.00012
1174,0.00012
1175,0.00012
1176,0.00012
1177,0.00012
1178,0.00012
1179,0.00012
1180,0.00012
1181,0.00012
1182,0.00012
1183,0.00012
1184,0.00012
1185,0.00012
1186,0.00012
1187,0.00012
1188,0.00012
1189,0.00012
1190,0.00012
1191,0.00012
1192,0.00012
1193,0.00012
1194,0.00012
1195,0.00012
1196,0.00012
1197,0.00012
1198,0.00012
1199,0.00012
1200,0.00012
1201,0.00012
1202,0.00012
1203,0.00012
1204,0.00012
1205,0.00012
1206,0.00012
1207,0.00012
1208,0.00012
1209,0.00012
1210,0.00012
1211,0.00012
1212,0.00012
1213,0.00012
1214,0.00012
1215,0.00012
1216,0.00012
1217,0.00012
1218,0.00012
1219,0.00012
1220,0.00012
1221,0.00012
1222,0.00012
1223,0.00012
1224,0.00012
1225,0.00012
1226,0.00012
1227,0.00012
1228,0.00012
1229,0.00012
1230,0.00012
1231,0.00012
1232,0.00012
1233,0.00012
1234,0.00012
1235,0.00012
1236,0.00012
1237,0.00012
1238,0.00012
1239,0.00012
1240,0.00012
1241,0.00012
1242,0.00012
1243,0.00012
1244,0.00012
1245,0.00012
1246,0.00012
1247,0.00012
1248,0.00012
1249,0.00012
1250,0.00012
1251,0.00012
1252,0.00012
1253,0.00012
1254,0.00012
1255,0.00012
1256,0.00012
1257,0.00012
1258,0.00012
1259,0.00012
1260,0.00012
1261,0.00012
1262,0.00012
1263,0.00012
1264,0.00012
1265,0.00012
1266,0.00012
1267,0.00012
1268,0.00012
1269,0.00012
1270,0.00012
1271,0.00012
1272,0.00012
1273,0.00012
1274,0.00012
1275,0.00012
1276,0.00012
1277,0.00012
1278,0.00012
1279,0.00012
1280,0.00012
1281,0.00012
1282,0.00012
1283,0.00012
1284,0.00012
1285,0.00012
1286,0.00012
1287,0.00012
1288,0.00012
1289,0.00012
1290,0.00012
1291,0.00012
1292,0.00012
1293,0.00012
1294,0.00012
1295,0.00012
1296,0.00012
1297,0.00012
1298,0.00012
1299,0.00012
1300,0.00012
1301,0.000120967778
1302,0.000162752963
1303,0.000687150556
1304,0.000625392778
1305,0.000426815
1306,0.000303851667
1307,0.000220130556
1308,0.000155750556
1309,0.000127309074
1310,0.000131926111
1311,0.000140355
1312,0.000135381667
1313,0.000133040556
1314,0.000138107222
1315,0.000142255
1316,0.000155327222
1317,0.000158785
1318,0.000160853889
1319,0.000156297222
1320,0.000152851667
1321,0.00012
1322,0.00012
1323,0.00012
1324,0.00012
1325,0.00012
1326,0.00012
1327,0.00012
1328,0.00012
1329,0.00012
1330,0.00012
1331,0.00012
1332,0.00012
1333,0.00012
1334,0.00012
1335,0.00012
1336,0.00012
1337,0.00012
1338,0.00012
1339,0.00012
1340,0.00012
1341,0.00012
1342,0.00012
1343,0.00012
1344,0.00012
1345,0.00012
1346,0.00012
1347,0.00012
1348,0.00012
1349,0.00012
1350,0.00012
1351,0.00012
1352,0.00012
1353,0.00012
1354,0.00012
1355,0.00012
1356,0.00012
1357,0.00012
1358,0.00012
1359,0.00012
1360,0.00012
1361,0.00012
1362,0.00012
1363,0.00012
1364,0.00012
1365,0.00012
1366,0.00012
1367,0.00012
1368,0.00012
1369,0.00012
1370,0.00012
1371,0.00012
1372,0.00012
1373,0.00012
1374,0.00012
1375,0.00012
1376,0.00012
1377,0.00012
1378,0.00012
1379,0.00012
1380,0.00012
1381,0.00012
1382,0.00012
1383,0.00012
1384,0.00012
1385,0.00012
1386,0.00012
1387,0.00012
1388,0.00012
1389,0.00012
1390,0.00012
1391,0.00012
1392,0.00012
1393,0.00012
1394,0.00012
1395,0.00012
1396,0.00012
1397,0.00012
1398,0.00012
1399,0.00012
1400,0.00012
1401,0.00012
1402,0.00012
1403,0.00012
1404,0.00012
1405,0.00012
1406,0.00012
1407,0.00012
1408,0.00012
1409,0.00012
1410,0.00012
1411,0.00012
1412,0.00012
1413,0.00012
1414,0.00012
1415,0.00012
1416,0.00012
1417,0.00012
1418,0.00012
1419,0.00012
1420,0.00012
1421,0.00012
1422,0.00012
1423,0.00012
1424,0.00012
1425,0.00012
1426,0.00012
1427,0.00012
1428,0.00012
1429,0.00012
1430,0.00012
1431,0.00012
1432,0.00012
1433,0.00012
1434,0.00012
1435,0.00012
1436,0.00012
1437,0.00012
1438,0.00012
1439,0.00012
1440,0.00012
1441,0.00012
1442,0.00012
1443,0.00012
1444,0.00012
1445,0.00012
1446,0.00012
1447,0.00012
1448,0.00012
1449,0.00012
1450,0.00012
1451,0.00012
1452,0.00012
1453,0.00012
1454,0.00012
1455,0.00012
1456,0.00012
1457,0.00012
1458,0.00012
1459,0.00012
1460,0.00012
1461,0.00012
1462,0.00012
1463,0.00012
1464,0.00012
1465,0.00012
1466,0.00012
1467,0.00012
1468,0.00012
1469,0.00012
1470,0.00012
1471,0.00012
1472,0.00012
1473,0.00012
1474,0.00012
1475,0.00012
1476,0.00012
1477,0.00012
1478,0.00012
1479,0.00012
1480,0.00012
1481,0.00012
1482,0.00012
1483,0.00012
1484,0.00012
1485,0.00012
1486,0.00012
1487,0.00012
1488,0.00012
1489,0.00012
1490,0.00012
1491,0.00012
1492,0.00012
1493,0.00012
1494,0.00012
1495,0.00012
1496,0.00012
1497,0.00012
1498,0.00012
1499,0.00012
1500,0.00012
1501,0.00012
1502,0.00012
1503,0.00012
1504,0.00012
1505,0.00012
1506,0.00012
1507,0.00012
1508,0.00012
1509,0.00012
1510,0.00012
1511,0.00012
1512,0.00012
1513,0.00012
1514,0.00012
1515,0.00012
1516,0.00012
1517,0.00012
1518,0.00012
1519,0.00012
1520,0.00012
1521,0.000120967778
1522,0.000162752963
1523,0.000687150556
1524,0.000625392778
1525,0.000426815
1526,0.000303851667
1527,0.000220130556
1528,0.000155750556
1529,0.000127309074
1530,0.000131926111
1531,0.000140355
1532,0.000135381667
1533,0.000133040556
1534,0.000138107222
1535,0.000142255
1536,0.000155327222
1537,0.000158785
1538,0.000160853889
1539,0.000156297222
1540,0.000152851667
1541,0.00012
1542,0.00012
1543,0.00012
1544,0.00012
1545,0.00012
1546,0.00012
1547,0.00012
1548,0.00012
1549,0.00012
1550,0.00012
1551,0.00012
1552,0.00012
1553,0.00012
1554,0.00012
1555,0.00012
1556,0.00012
1557,0.00012
1558,0.00012
1559,0.00012
1560,0.00012
1561,0.00012
1562,0.00012
1563,0.00012
1564,0.00012
1565,0.00012
1566,0.00012
1567,0.00012
1568,0.00012
1569,0.00012
1570,0.00012
1571,0.00012
1572,0.00012
1573,0.00012
1574,0.00012
1575,0.00012
1576,0.00012
1577,0.00012
1578,0.00012
1579,0.00012
1580,0.00012
1581,0.00012
1582,0.00012
1583,0.00012
1584,0.00012
1585,0.00012
1586,0.00012
1587,0.00012
1588,0.00012
1589,0.00012
1590,0.00012
1591,0.00012
1592,0.00012
1593,0.00012
1594,0.00012
1595,0.00012
1596,0.00012
1597,0.00012
1598,0.00012
1599,0.00012
1600,0.00012
1601,0.00012
1602,0.00012
1603,0.00012
1604,0.00012
1605,0.00012
1606,0.00012
1607,0.00012
1608,0.00012
1609,0.00012
1610,0.00012
1611,0.00012
1612,0.00012
1613,0.00012
1614,0.00012
1615,0.00012
1616,0.00012
1617,0.00012
1618,0.00012
1619,0.00012
1620,0.00012
1621,0.00012
1622,0.00012
1623,0.00012
1624,0.00012
1625,0.00012
1626,0.00012
1627,0.00012
1628,0.00012
1629,0.00012
1630,0.00012
1631,0.00012
1632,0.00012
1633,0.00012
1634,0.00012
1635,0.00012
1636,0.00012
1637,0.00012
1638,0.00012
1639,0.00012
1640,0.00012
1641,0.00012
1642,0.00012
1643,0.00012
1644,0.00012
1645,0.00012
1646,0.00012
1647,0.00012
1648,0.00012
1649,0.00012
1650,0.00012
1651,0.00012
1652,0.00012
1653,0.00012
1654,0.00012
1655,0.00012
1656,0.00012
1657,0.00012
1658,0.00012
1659,0.00012
1660,0.00012
1661,0.00012
1662,0.00012
1663,0.00012
1664,0.00012
1665,0.00012
1666,0.00012
1667,0.00012
1668,0.00012
1669,0.00012
1670,0.00012
1671,0.00012
1672,0.00012
1673,0.00012
1674,0.00012
1675,0.00012
1676,0.00012
1677,0.00012
1678,0.00012
1679,0.00012
1680,0.00012
1681,0.00012
1682,0.00012
1683,0.00012
1684,0.00012
1685,0.00012
1686,0.00012
1687,0.00012
1688,0.00012
1689,0.00012
1690,0.00012
1691,0.00012
1692,0.00012
1693,0.00012
1694,0.00012
1695,0.00012
1696,0.00012
1697,0.00012
1698,0.00012
1699,0.00012
1700,0.00012
1701,0.00012
1702,0.00012
1703,0.00012
1704,0.00012
1705,0.00012
1706,0.00012
1707,0.00012
1708,0.00012
1709,0.00012
1710,0.00012
1711,0.00012
1712,0.00012
1713,0.00012
1714,0.00012
1715,0.00012
1716,0.00012
1717,0.00012
1718,0.00012
1719,0.00012
1720,0.00012
1721,0.00012
1722,0.00012
1723,0.00012
1724,0.00012
1725,0.00012
1726,0.00012
1727,0.00012
1728,0.00012
1729,0.00012
1730,0.00012
1731,0.00012
1732,0.00012
1733,0.00012
1734,0.00012
1735,0.00012
1736,0.00012
1737,0.00012
1738,0.00012
1739,0.00012
1740,0.00012
1741,0.000120967778
1742,0.000162752963
1743,0.000687150556
1744,0.000625392778
1745,0.000426815
1746,0.000303851667
1747,0.000220130556
1748,0.000155750556
1749,0.000127309074
1750,0.000131926111
1751,0.000140355
1752,0.000135381667
1753,0.000133040556
1754,0.000138107222
1755,0.000142255
1756,0.000155327222
1757,0.000158785
1758,0.000160853889
1759,0.000156297222
1760,0.000152851667
1761,0.00012
1762,0.00012
1763,0.00012
1764,0.00012
1765,0.00012
1766,0.00012
1767,0.00012
1768,0.00012
1769,0.00012
1770,0.00012
1771,0.00012
1772,0.00012
1773,0.00012
1774,0.00012
1775,0.00012
1776,0.00012
1777,0.00012
1778,0.00012
1779,0.00012
1780,0.00012
1781,0.00012
1782,0.00012
1783,0.00012
1784,0.00012
1785,0.00012
1786,0.00012
1787,0.00012
1788,0.00012
1789,0.00012
1790,0.00012
1791,0.00012
1792,0.00012
1793,0.00012
1794,0.00012
1795,0.00012
1796,0.00012
1797,0.00012
1798,0.00012
1799,0.00012
1800,0.00012
1801,0.00012
1802,0.00012
1803,0.00012
1804,0.00012
1805,0.00012
1806,0.00012
1807,0.00012
1808,0.00012
1809,0.00012
1810,0.00012
1811,0.00012
1812,0.00012
1813,0.00012
1814,0.00012
1815,0.00012
1816,0.00012
1817,0.00012
1818,0.00012
1819,0.00012
1820,0.00012
1821,0.00012
1822,0.00012
1823,0.00012
1824,0.00012
1825,0.00012
1826,0.00012
1827,0.00012
1828,0.00012
1829,0.00012
1830,0.00012
1831,0.00012
1832,0.00012
1833,0.00012
1834,0.00012
1835,0.00012
1836,0.00012
1837,0.00012
1838,0.00012
1839,0.00012
1840,0.00012
1841,0.00012
1842,0.00012
1843,0.00012
1844,0.00012
1845,0.00012
1846,0.00012
1847,0.00012
1848,0.00012
1849,0.00012
1850,0.00012
1851,0.00012
1852,0.00012
1853,0.00012
1854,0.00012
1855,0.00012
1856,0.00012
1857,0.00012
1858,0.00012
1859,0.00012
1860,0.00012
1861,0.00012
1862,0.00012
1863,0.00012
1864,0.00012
1865,0.00012
1866,0.00012
1867,0.00012
1868,0.00012
1869,0.00012
1870,0.00012
1871,0.00012
1872,0.00012
1873,0.00012
1874,0.00012
1875,0.00012
1876,0.00012
1877,0.00012
1878,0.00012
1879,0.00012
1880,0.00012
1881,0.00012
1882,0.00012
1883,0.00012
1884,0.00012
1885,0.00012
1886,0.00012
1887,0.00012
1888,0.00012
1889,0.00012
1890,0.00012
1891,0.00012
1892,0.00012
1893,0.00012
1894,0.00012
1895,0.00012
1896,0.00012
1897,0.00012
1898,0.00012
1899,0.00012
1900,0.00012
1901,0.00012
1902,0.00012
1903,0.00012
1904,0.00012
1905,0.00012
1906,0.00012
1907,0.00012
1908,0.00012
1909,0.00012
1910,0.00012
1911,0.00012
1912,0.00012
1913,0.00012
1914,0.00012
1915,0.00012
1916,0.00012
1917,0.00012
1918,0.00012
1919,0.00012
1920,0.00012
1921,0.00012
1922,0.00012
1923,0.00012
1924,0.00012
1925,0.00012
1926,0.00012
1927,0.00012
1928,0.00012
1929,0.00012
1930,0.00012
1931,0.00012
1932,0.00012
1933,0.00012
1934,0.00012
1935,0.00012
1936,0.00012
1937,0.00012
1938,0.00012
1939,0.00012
1940,0.00012
1941,0.00012
1942,0.00012
1943,0.00012
1944,0.00012
1945,0.00012
1946,0.00012
1947,0.00012
1948,0.00012
1949,0.00012
1950,0.00012
1951,0.00012
1952,0.00012
1953,0.00012
1954,0.00012
1955,0.00012
1956,0.00012
1957,0.00012
1958,0.00012
1959,0.00012
1960,0.00012
1961,0.000120967778
1962,0.000162752963
1963,0.000687150556
1964,0.000625392778
1965,0.000426815
1966,0.000303851667
1967,0.000220130556
1968,0.000155750556
1969,0.000127309074
1970,0.000131926111
1971,0.000140355
1972,0.000135381667
1973,0.000133040556
1974,0.000138107222
1975,0.000142255
1976,0.000155327222
1977,0.000158785
1978,0.000160853889
1979,0.000156297222
1980,0.000152851667
1981,0.00012
1982,0.00012
1983,0.00012
1984,0.00012
1985,0.00012
1986,0.00012
1987,0.00012
1988,0.00012
1989,0.00012
1990,0.00012
1991,0.00012
1992,0.00012
1993,0.00012
1994,0.00012
1995,0.00012
1996,0.00012
1997,0.00012
1998,0.00012
1999,0.00012
2000,0.00012
2001,0.00012
2002,0.00012
2003,0.00012
2004,0.00012
2005,0.00012
2006,0.00012
2007,0.00012
2008,0.00012
2009,0.00012
2010,0.00012
2011,0.00012
2012,0.00012
2013,0.00012
2014,0.00012
2015,0.00012
2016,0.00012
2017,0.00012
2018,0.00012
2019,0.00012
2020,0.00012
2021,0.00012
2022,0.00012
2023,0.00012
2024,0.00012
2025,0.00012
2026,0.00012
2027,0.00012
2028,0.00012
2029,0.00012
2030,0.00012
2031,0.00012
2032,0.00012
2033,0.00012
2034,0.00012
2035,0.00012
2036,0.00012
2037,0.00012
2038,0.00012
2039,0.00012
2040,0.00012
2041,0.00012
2042,0.00012
2043,0.00012
2044,0.00012
2045,0.00012
2046,0.00012
2047,0.00012
2048,0.00012
2049,0.00012
2050,0.00012
2051,0.00012
2052,0.00012
2053,0.00012
2054,0.00012
2055,0.00012
2056,0.00012
2057,0.00012
2058,0.00012
2059,0.00012
2060,0.00012
2061,0.00012
2062,0.00012
2063,0.00012
2064,0.00012
2065,0.00012
2066,0.00012
2067,0.00012
2068,0.00012
2069,0.00012
2070,0.00012
2071,0.00012
2072,0.00012
2073,0.00012
2074,0.00012
2075,0.00012
2076,0.00012
2077,0.00012
2078,0.00012
2079,0.00012
2080,0.00012
2081,0.00012
2082,0.00012
2083,0.00012
2084,0.00012
2085,0.00012
2086,0.00012
2087,0.00012
2088,0.00012
2089,0.00012
2090,0.00012
2091,0.00012
2092,0.00012
2093,0.00012
2094,0.00012
2095,0.00012
2096,0.00012
2097,0.00012
2098,0.00012
2099,0.00012
2100,0.00012
2101,0.00012
2102,0.00012
2103,0.00012
2104,0.00012
2105,0.00012
2106,0.00012
2107,0.00012
2108,0.00012
2109,0.00012
2110,0.00012
2111,0.00012
2112,0.00012
2113,0.00012
2114,0.00012
2115,0.00012
2116,0.00012
2117,0.00012
2118,0.00012
2119,0.00012
2120,0.00012
2121,0.00012
2122,0.00012
2123,0.00012
2124,0.00012
2125,0.00012
2126,0.00012
2127,0.00012
2128,0.00012
2129,0.00012
2130,0.00012
2131,0.00012
2132,0.00012
2133,0.00012
2134,0.00012
2135,0.00012
2136,0.00012
2137,0.00012
2138,0.00012
2139,0.00012
2140,0.00012
2141,0.00012
2142,0.00012
2143,0.00012
2144,0.00012
2145,0.00012
2146,0.00012
2147,0.00012
2148,0.00012
2149,0.00012
2150,0.00012
2151,0.00012
2152,0.00012
2153,0.00012
2154,0.00012
2155,0.00012
2156,0.00012
2157,0.00012
2158,0.00012
2159,0.00012
2160,0.00012
2161,0.00012
2162,0.00012
2163,0.00012
2164,0.00012
2165,0.00012
2166,0.00012
2167,0.00012
2168,0.00012
2169,0.00012
2170,0.00012
2171,0.00012
2172,0.00012
2173,0.00012
2174,0.00012
2175,0.00012
2176,0.00012
2177,0.00012
2178,0.00012
2179,0.00012
2180,0.00012
2181,0.000120967778
2182,0.000162752963
2183,0.000687150556
2184,0.000625392778
2185,0.000426815
2186,0.000303851667
2187,0.000220130556
2188,0.000155750556
2189,0.000127309074
2190,0.000131926111
2191,0.000140355
2192,0.000135381667
2193,0.000133040556
2194,0.000138107222
2195,0.000142255
2196,0.000155327222
2197,0.000158785
2198,0.000160853889
2199,0.000156297222
2200,0.000152851667
2201,0.00012
2202,0.00012
2203,0.00012
2204,0.00012
2205,0.00012
2206,0.00012
2207,0.00012
2208,0.00012
2209,0.00012
2210,0.00012
2211,0.00012
2212,0.00012
2213,0.00012
2214,0.00012
2215,0.00012
2216,0.00012
2217,0.00012
2218,0.00012
2219,0.00012
2220,0.00012
2221,0.00012
2222,0.00012
2223,0.00012
2224,0.00012
2225,0.00012
2226,0.00012
2227,0.00012
2228,0.00012
2229,0.00012
2230,0.00012
2231,0.00012
2232,0.00012
2233,0.00012
2234,0.00012
2235,0.00012
2236,0.00012
2237,0.00012
2238,0.00012
2239,0.00012
2240,0.00012
2241,0.00012
2242,0.00012
2243,0.00012
2244,0.00012
2245,0.00012
2246,0.00012
2247,0.00012
2248,0.00012
2249,0.00012
2250,0.00012
2251,0.00012
2252,0.00012
2253,0.00012
2254,0.00012
2255,0.00012
2256,0.00012
2257,0.00012
2258,0.00012
2259,0.00012
2260,0.00012
2261,0.00012
2262,0.00012
2263,0.00012
2264,0.00012
2265,0.00012
2266,0.00012
2267,0.00012
2268,0.00012
2269,0.00012
2270,0.00012
2271,0.00012
2272,0.00012
2273,0.00012
2274,0.00012
2275,0.00012
2276,0.00012
2277,0.00012
2278,0.00012
2279,0.00012
2280,0.00012
2281,0.00012
2282,0.00012
2283,0.00012
2284,0.00012
2285,0.00012
2286,0.00012
2287,0.00012
2288,0.00012
2289,0.00012
2290,0.00012
2291,0.00012
2292,0.00012
2293,0.00012
2294,0.00012
2295,0.00012
2296,0.00012
2297,0.00012
2298,0.00012
2299,0.00012
2300,0.00012
2301,0.00012
2302,0.00012
2303,0.00012
2304,0.00012
2305,0.00012
2306,0.00012
2307,0.00012
2308,0.00012
2309,0.00012
2310,0.00012
2311,0.00012
2312,0.00012
2313,0.00012
2314,0.00012
2315,0.00012
2316,0.00012
2317,0.00012
2318,0.00012
2319,0.00012
2320,0.00012
2321,0.00012
2322,0.00012
2323,0.00012
2324,0.00012
2325,0.00012
2326,0.00012
2327,0.00012
2328,0.00012
2329,0.00012
2330,0.00012
2331,0.00012
2332,0.00012
2333,0.00012
2334,0.00012
2335,0.00012
2336,0.00012
2337,0.00012
2338,0.00012
2339,0.00012
2340,0.00012
2341,0.00012
2342,0.00012
2343,0.00012
2344,0.00012
2345,0.00012
2346,0.00012
2347,0.00012
2348,0.00012
2349,0.00012
2350,0.00012
2351,0.00012
2352,0.00012
2353,0.00012
2354,0.00012
2355,0.00012
2356,0.00012
2357,0.00012
2358,0.00012
2359,0.00012
2360,0.00012
2361,0.00012
2362,0.00012
2363,0.00012
2364,0.00012
2365,0.00012
2366,0.00012
2367,0.00012
2368,0.00012
2369,0.00012
2370,0.00012
2371,0.00012
2372,0.00012
2373,0.00012
2374,0.00012
2375,0.00012
2376,0.00012
2377,0.00012
2378,0.00012
2379,0.00012
2380,0.00012
2381,0.00012
2382,0.00012
2383,0.00012
2384,0.00012
2385,0.00012
2386,0.00012
2387,0.00012
2388,0.00012
2389,0.00012
2390,0.00012
2391,0.00012
2392,0.00012
2393,0.00012
2394,0.00012
2395,0.00012
2396,0.00012
2397,0.00012
2398,0.00012
2399,0.00012
2400,0.00012
2401,0.000120967778
2402,0.000162752963
2403,0.000687150556
2404,0.000625392778
2405,0.000426815
2406,0.000303851667
2407,0.000220130556
2408,0.000155750556
2409,0.000127309074
2410,0.000131926111
2411,0.000140355
2412,0.000135381667
2413,0.000133040556
2414,0.000138107222
2415,0.000142255
2416,0.000155327222
2417,0.000158785
2418,0.000160853889
2419,0.000156297222
2420,0.000152851667
2421,0.00012
2422,0.00012
2423,0.00012
2424,0.00012
2425,0.00012
2426,0.00012
2427,0.00012
2428,0.00012
2429,0.00012
2430,0.00012
2431,0.00012
2432,0.00012
2433,0.00012
2434,0.00012
2435,0.00012
2436,0.00012
2437,0.00012
2438,0.00012
2439,0.00012
2440,0.00012
2441,0.00012
2442,0.00012
2443,0.00012
2444,0.00012
2445,0.00012
2446,0.00012
2447,0.00012
2448,0.00012
2449,0.00012
2450,0.00012
2451,0.00012
2452,0.00012
2453,0.00012
2454,0.00012
2455,0.00012
2456,0.00012
2457,0.00012
2458,0.00012
2459,0.00012
2460,0.00012
2461,0.00012
2462,0.00012
2463,0.00012
2464,0.00012
2465,0.00012
2466,0.00012
2467,0.00012
2468,0.00012
2469,0.00012
2470,0.00012
2471,0.00012
2472,0.00012
2473,0.00012
2474,0.00012
2475,0.00012
2476,0.00012
2477,0.00012
2478,0.00012
2479,0.00012
2480,0.00012
2481,0.00012
2482,0.00012
2483,0.00012
2484,0.00012
2485,0.00012
2486,0.00012
2487,0.00012
2488,0.00012
2489,0.00012
2490,0.00012
2491,0.00012
2492,0.00012
2493,0.00012
2494,0.00012
2495,0.00012
2496,0.00012
2497,0.00012
2498,0.00012
2499,0.00012
2500,0.00012
2501,0.00012
2502,0.00012
2503,0.00012
2504,0.00012
2505,0.00012
2506,0.00012
2507,0.00012
2508,0.00012
2509,0.00012
2510,0.00012
2511,0.00012
2512,0.00012
2513,0.00012
2514,0.00012
2515,0.00012
2516,0.00012
2517,0.00012
2518,0.00012
2519,0.00012
2520,0.00012
2521,0.00012
2522,0.00012
2523,0.00012
2524,0.00012
2525,0.00012
2526,0.00012
2527,0.00012
2528,0.00012
2529,0.00012
2530,0.00012
2531,0.00012
2532,0.00012
2533,0.00012
2534,0.00012
2535,0.00012
2536,0.00012
2537,0.00012
2538,0.00012
2539,0.00012
2540,0.00012
2541,0.00012
2542,0.00012
2543,0.00012
2544,0.00012
2545,0.00012
2546,0.00012
2547,0.00012
2548,0.00012
2549,0.00012
2550,0.00012
2551,0.00012
2552,0.00012
2553,0.00012
2554,0.00012
2555,0.00012
2556,0.00012
2557,0.00012
2558,0.00012
2559,0.00012
2560,0.00012
2561,0.00012
2562,0.00012
2563,0.00012
2564,0.00012
2565,0.00012
2566,0.00012
2567,0.00012
2568,0.00012
2569,0.00012
2570,0.00012
2571,0.00012
2572,0.00012
2573,0.00012
2574,0.00012
2575,0.00012
2576,0.00012
2577,0.00012
2578,0.00012
2579,0.00012
2580,0.00012
2581,0.00012
2582,0.00012
2583,0.00012
2584,0.00012
2585,0.00012
2586,0.00012
2587,0.00012
2588,0.00012
2589,0.00012
2590,0.00012
2591,0.00012
2592,0.00012
2593,0.00012
2594,0.00012
2595,0.00012
2596,0.00012
2597,0.00012
2598,0.00012
2599,0.00012
2600,0.00012
2601,0.00012
2602,0.00012
2603,0.00012
2604,0.00012
2605,0.00012
2606,0.00012
2607,0.00012
2608,0.00012
2609,0.00012
2610,0.00012
2611,0.00012
2612,0.00012
2613,0.00012
2614,0.00012
2615,0.00012
2616,0.00012
2617,0.00012
2618,0.00012
2619,0.00012
2620,0.00012
2621,0.000120967778
2622,0.000162752963
2623,0.000687150556
2624,0.000625392778
2625,0.000426815
2626,0.000303851667
2627,0.000220130556
2628,0.000155750556
2629,0.000127309074
2630,0.000131926111
2631,0.000140355
2632,0.000135381667
2633,0.000133040556
2634,0.000138107222
2635,0.000142255
2636,0.000155327222
2637,0.000158785
2638,0.000160853889
2639,0.000156297222
2640,0.000152851667
2641,0.00012
2642,0.00012
2643,0.00012
2644,0.00012
2645,0.00012
2646,0.00012
2647,0.00012
2648,0.00012
2649,0.00012
2650,0.00012
2651,0.00012
2652,0.00012
2653,0.00012
2654,0.00012
2655,0.00012
2656,0.00012
2657,0.00012
2658,0.00012
2659,0.00012
2660,0.00012
2661,0.00012
2662,0.00012
2663,0.00012
2664,0.00012
2665,0.00012
2666,0.00012
2667,0.00012
2668,0.00012
2669,0.00012
2670,0.00012
2671,0.00012
2672,0.00012
2673,0.00012
2674,0.00012
2675,0.00012
2676,0.00012
2677,0.00012
2678,0.00012
2679,0.00012
2680,0.00012
2681,0.00012
2682,0.00012
2683,0.00012
2684,0.00012
2685,0.00012
2686,0.00012
2687,0.00012
2688,0.00012
2689,0.00012
2690,0.00012
2691,0.00012
2692,0.00012
2693,0.00012
2694,0.00012
2695,0.00012
2696,0.00012
2697,0.00012
2698,0.00012
2699,0.00012
2700,0.00012
2701,0.00012
2702,0.00012
2703,0.00012
2704,0.00012
2705,0.00012
2706,0.00012
2707,0.00012
2708,0.00012
2709,0.00012
2710,0.00012
2711,0.00012
2712,0.00012
2713,0.00012
2714,0.00012
2715,0.00012
2716,0.00012
2717,0.00012
2718,0.00012
2719,0.00012
2720,0.00012
2721,0.00012
2722,0.00012
2723,0.00012
2724,0.00012
2725,0.00012
2726,0.00012
2727,0.00012
2728,0.00012
2729,0.00012
2730,0.00012
2731,0.00012
2732,0.00012
2733,0.00012
2734,0.00012
2735,0.00012
2736,0.00012
2737,0.00012
2738,0.00012
2739,0.00012
2740,0.00012
2741,0.00012
2742,0.00012
2743,0.00012
2744,0.00012
2745,0.00012
2746,0.00012
2747,0.00012
2748,0.00012
2749,0.00012
2750,0.00012
2751,0.00012
2752,0.00012
2753,0.00012
2754,0.00012
2755,0.00012
2756,0.00012
2757,0.00012
2758,0.00012
2759,0.00012
2760,0.00012
2761,0.00012
2762,0.00012
2763,0.00012
2764,0.00012
2765,0.00012
2766,0.00012
2767,0.00012
2768,0.00012
2769,0.00012
2770,0.00012
2771,0.00012
2772,0.00012
2773,0.00012
2774,0.00012
2775,0.00012
2776,0.00012
2777,0.00012
2778,0.00012
2779,0.00012
2780,0.00012
2781,0.00012
2782,0.00012
2783,0.00012
2784,0.00012
2785,0.00012
2786,0.00012
2787,0.00012
2788,0.00012
2789,0.00012
2790,0.00012
2791,0.00012
2792,0.00012
2793,0.00012
2794,0.00012
2795,0.00012
2796,0.00012
2797,0.00012
2798,0.00012
2799,0.00012
2800,0.00012
2801,0.00012
2802,0.00012
2803,0.00012
2804,0.00012
2805,0.00012
2806,0.00012
2807,0.00012
2808,0.00012
2809,0.00012
2810,0.00012
2811,0.00012
2812,0.00012
2813,0.00012
2814,0.00012
2815,0.00012
2816,0.00012
2817,0.00012
2818,0.00012
2819,0.00012
2820,0.00012
2821,0.00012
2822,0.00012
2823,0.00012
2824,0.00012
2825,0.00012
2826,0.00012
2827,0.00012
2828,0.00012
2829,0.00012
2830,0.00012
2831,0.00012
2832,0.00012
2833,0.00012
2834,0.00012
2835,0.00012
2836,0.00012
2837,0.00012
2838,0.00012
2839,0.00012
2840,0.00012
2841,0.000120967778
2842,0.000162752963
2843,0.000687150556
2844,0.000625392778
2845,0.000426815
2846,0.000303851667
2847,0.000220130556
2848,0.000155750556
2849,0.000127309074
2850,0.000131926111
2851,0.000140355
2852,0.000135381667
2853,0.000133040556
2854,0.000138107222
2855,0.000142255
2856,0.000155327222
2857,0.000158785
2858,0.000160853889
2859,0.000156297222
2860,0.000152851667
2861,0.00012
2862,0.00012
2863,0.00012
2864,0.00012
2865,0.00012
2866,0.00012
2867,0.00012
2868,0.00012
2869,0.00012
2870,0.00012
2871,0.00012
2872,0.00012
2873,0.00012
2874,0.00012
2875,0.00012
2876,0.00012
2877,0.00012
2878,0.00012
2879,0.00012
2880,0.00012
2881,0.00012
2882,0.00012
2883,0.00012
2884,0.00012
2885,0.00012
2886,0.00012
2887,0.00012
2888,0.00012
2889,0.00012
2890,0.00012
2891,0.00012
2892,0.00012
2893,0.00012
2894,0.00012
2895,0.00012
2896,0.00012
2897,0.00012
2898,0.00012
2899,0.00012
2900,0.00012
2901,0.00012
2902,0.00012
2903,0.00012
2904,0.00012
2905,0.00012
2906,0.00012
2907,0.00012
2908,0.00012
2909,0.00012
2910,0.00012
2911,0.00012
2912,0.00012
2913,0.00012
2914,0.00012
2915,0.00012
2916,0.00012
2917,0.00012
2918,0.00012
2919,0.00012
2920,0.00012
2921,0.00012
2922,0.00012
2923,0.00012
2924,0.00012
2925,0.00012
2926,0.00012
2927,0.00012
2928,0.00012
2929,0.00012
2930,0.00012
2931,0.00012
2932,0.00012
2933,0.00012
2934,0.00012
2935,0.00012
2936,0.00012
2937,0.00012
2938,0.00012
2939,0.00012
2940,0.00012
2941,0.00012
2942,0.00012
2943,0.00012
2944,0.00012
2945,0.00012
2946,0.00012
2947,0.00012
2948,0.00012
2949,0.00012
2950,0.00012
2951,0.00012
2952,0.00012
2953,0.00012
2954,0.00012
2955,0.00012
2956,0.00012
2957,0.00012
2958,0.00012
2959,0.00012
2960,0.00012
2961,0.00012
2962,0.00012
2963,0.00012
2964,0.00012
2965,0.00012
2966,0.00012
2967,0.00012
2968,0.00012
2969,0.00012
2970,0.00012
2971,0.00012
2972,0.00012
2973,0.00012
2974,0.00012
2975,0.00012
2976,0.00012
2977,0.00012
2978,0.00012
2979,0.00012
2980,0.00012
2981,0.00012
2982,0.00012
2983,0.00012
2984,0.00012
2985,0.00012
2986,0.00012
2987,0.00012
2988,0.00012
2989,0.00012
2990,0.00012
2991,0.00012
2992,0.00012
2993,0.00012
2994,0.00012
2995,0.00012
2996,0.00012
2997,0.00012
2998,0.00012
2999,0.00012
3000,0.00012
3001,0.00012
3002,0.00012
3003,0.00012
3004,0.00012
3005,0.00012
3006,0.00012
3007,0.00012
3008,0.00012
3009,0.00012
3010,0.00012
3011,0.00012
3012,0.00012
3013,0.00012
3014,0.00012
3015,0.00012
3016,0.00012
3017,0.00012
3018,0.00012
3019,0.00012
3020,0.00012
3021,0.00012
3022,0.00012
3023,0.00012
3024,0.00012
3025,0.00012
3026,0.00012
3027,0.00012
3028,0.00012
3029,0.00012
3030,0.00012
3031,0.00012
3032,0.00012
3033,0.00012
3034,0.00012
3035,0.00012
3036,0.00012
3037,0.00012
3038,0.00012
3039,0.00012
3040,0.00012
3041,0.00012
3042,0.00012
3043,0.00012
3044,0.00012
3045,0.00012
3046,0.00012
3047,0.00012
3048,0.00012
3049,0.00012
3050,0.00012
3051,0.00012
3052,0.00012
3053,0.00012
3054,0.00012
3055,0.00012
3056,0.00012
3057,0.00012
3058,0.00012
3059,0.00012
3060,0.00012
3061,0.000120967778
3062,0.000162752963
3063,0.000687150556
3064,0.000625392778
3065,0.000426815
3066,0.000303851667
3067,0.000220130556
3068,0.000155750556
3069,0.000127309074
3070,0.000131926111
3071,0.000140355
3072,0.000135381667
3073,0.000133040556
3074,0.000138107222
3075,0.000142255
3076,0.000155327222
3077,0.000158785
3078,0.000160853889
3079,0.000156297222
3080,0.000152851667
3081,0.00012
3082,0.00012
3083,0.00012
3084,0.00012
3085,0.00012
3086,0.00012
3087,0.00012
3088,0.00012
3089,0.00012
3090,0.00012
3091,0.00012
3092,0.00012
3093,0.00012
3094,0.00012
3095,0.00012
3096,0.00012
3097,0.00012
3098,0.00012
3099,0.00012
3100,0.00012
3101,0.00012
3102,0.00012
3103,0.00012
3104,0.00012
3105,0.00012
3106,0.00012
3107,0.00012
3108,0.00012
3109,0.00012
3110,0.00012
3111,0.00012
3112,0.00012
3113,0.00012
3114,0.00012
3115,0.00012
3116,0.00012
3117,0.00012
3118,0.00012
3119,0.00012
3120,0.00012
3121,0.00012
3122,0.00012
3123,0.00012
3124,0.00012
3125,0.00012
3126,0.00012
3127,0.00012
3128,0.00012
3129,0.00012
3130,0.00012
3131,0.00012
3132,0.00012
3133,0.00012
3134,0.00012
3135,0.00012
3136,0.00012
3137,0.00012
3138,0.00012
3139,0.00012
3140,0.00012
3141,0.00012
3142,0.00012
3143,0.00012
3144,0.00012
3145,0.00012
3146,0.00012
3147,0.00012
3148,0.00012
3149,0.00012
3150,0.00012
3151,0.00012
3152,0.00012
3153,0.00012
3154,0.00012
3155,0.00012
3156,0.00012
3157,0.00012
3158,0.00012
3159,0.00012
3160,0.00012
3161,0.00012
3162,0.00012
3163,0.00012
3164,0.00012
3165,0.00012
3166,0.00012
3167,0.00012
3168,0.00012
3169,0.00012
3170,0.00012
3171,0.00012
3172,0.00012
3173,0.00012
3174,0.00012
3175,0.00012
3176,0.00012
3177,0.00012
3178,0.00012
3179,0.00012
3180,0.00012
3181,0.00012
3182,0.00012
3183,0.00012
3184,0.00012
3185,0.00012
3186,0.00012
3187,0.00012
3188,0.00012
3189,0.00012
3190,0.00012
3191,0.00012
3192,0.00012
3193,0.00012
3194,0.00012
3195,0.00012
3196,0.00012
3197,0.00012
3198,0.00012
3199,0.00012
3200,0.00012
3201,0.00012
3202,0.00012
3203,0.00012
3204,0.00012
3205,0.00012
3206,0.00012
3207,0.00012
3208,0.00012
3209,0.00012
3210,0.00012
3211,0.00012
3212,0.00012
3213,0.00012
3214,0.00012
3215,0.00012
3216,0.00012
3217,0.00012
3218,0.00012
3219,0.00012
3220,0.00012
3221,0.00012
3222,0.00012
3223,0.00012
3224,0.00012
3225,0.00012
3226,0.00012
3227,0.00012
3228,0.00012
3229,0.00012
3230,0.00012
3231,0.00012
3232,0.00012
3233,0.00012
3234,0.00012
3235,0.00012
3236,0.00012
3237,0.00012
3238,0.00012
3239,0.00012
3240,0.00012
3241,0.00012
3242,0.00012
3243,0.00012
3244,0.00012
3245,0.00012
3246,0.00012
3247,0.00012
3248,0.00012
3249,0.00012
3250,0.00012
3251,0.00012
3252,0.00012
3253,0.00012
3254,0.00012
3255,0.00012
3256,0.00012
3257,0.00012
3258,0.00012
3259,0.00012
3260,0.00012
3261,0.00012
3262,0.00012
3263,0.00012
3264,0.00012
3265,0.00012
3266,0.00012
3267,0.00012
3268,0.00012
3269,0.00012
3270,0.00012
3271,0.00012
3272,0.00012
3273,0.00012
3274,0.00012
3275,0.00012
3276,0.00012
3277,0.00012
3278,0.00012
3279,0.00012
3280,0.00012
3281,0.000120967778
3282,0.000162752963
3283,0.000687150556
3284,0.000625392778
3285,0.000426815
3286,0.000303851667
3287,0.000220130556
3288,0.000155750556
3289,0.000127309074
3290,0.000131926111
3291,0.000140355
3292,0.000135381667
3293,0.000133040556
3294,0.000138107222
3295,0.000142255
3296,0.000155327222
3297,0.000158785
3298,0.000160853889
3299,0.000156297222
3300,0.000152851667
3301,0.00012
3302,0.00012
3303,0.00012
3304,0.00012
3305,0.00012
3306,0.00012
3307,0.00012
3308,0.00012
3309,0.00012
3310,0.00012
3311,0.00012
3312,0.00012
3313,0.00012
3314,0.00012
3315,0.00012
3316,0.00012
3317,0.00012
3318,0.00012
3319,0.00012
3320,0.00012
3321,0.00012
3322,0.00012
3323,0.00012
3324,0.00012
3325,0.00012
3326,0.00012
3327,0.00012
3328,0.00012
3329,0.00012
3330,0.00012
3331,0.00012
3332,0.00012
3333,0.00012
3334,0.00012
3335,0.00012
3336,0.00012
3337,0.00012
3338,0.00012
3339,0.00012
3340,0.00012
3341,0.00012
3342,0.00012
3343,0.00012
3344,0.00012
3345,0.00012
3346,0.00012
3347,0.00012
3348,0.00012
3349,0.00012
3350,0.00012
3351,0.00012
3352,0.00012
3353,0.00012
3354,0.00012
3355,0.00012
3356,0.00012
3357,0.00012
3358,0.00012
3359,0.00012
3360,0.00012
3361,0.00012
3362,0.00012
3363,0.00012
3364,0.00012
3365,0.00012
3366,0.00012
3367,0.00012
3368,0.00012
3369,0.00012
3370,0.00012
3371,0.00012
3372,0.00012
3373,0.00012
3374,0.00012
3375,0.00012
3376,0.00012
3377,0.00012
3378,0.00012
3379,0.00012
3380,0.00012
3381,0.00012
3382,0.00012
3383,0.00012
3384,0.00012
3385,0.00012
3386,0.00012
3387,0.00012
3388,0.00012
3389,0.00012
3390,0.00012
3391,0.00012
3392,0.00012
3393,0.00012
3394,0.00012
3395,0.00012
3396,0.00012
3397,0.00012
3398,0.00012
3399,0.00012
3400,0.00012
3401,0.00012
3402,0.00012
3403,0.00012
3404,0.00012
3405,0.00012
3406,0.00012
3407,0.00012
3408,0.00012
3409,0.00012
3410,0.00012
3411,0.00012
3412,0.00012
3413,0.00012
3414,0.00012
3415,0.00012
3416,0.00012
3417,0.00012
3418,0.00012
3419,0.00012
3420,0.00012
3421,0.00012
3422,0.00012
3423,0.00012
3424,0.00012
3425,0.00012
3426,0.00012
3427,0.00012
3428,0.00012
3429,0.00012
3430,0.00012
3431,0.00012
3432,0.00012
3433,0.00012
3434,0.00012
3435,0.00012
3436,0.00012
3437,0.00012
3438,0.00012
3439,0.00012
3440,0.00012
3441,0.00012
3442,0.00012
3443,0.00012
3444,0.00012
3445,0.00012
3446,0.00012
3447,0.00012
3448,0.00012
3449,0.00012
3450,0.00012
3451,0.00012
3452,0.00012
3453,0.00012
3454,0.00012
3455,0.00012
3456,0.00012
3457,0.00012
3458,0.00012
3459,0.00012
3460,0.00012
3461,0.00012
3462,0.00012
3463,0.00012
3464,0.00012
3465,0.00012
3466,0.00012
3467,0.00012
3468,0.00012
3469,0.00012
3470,0.00012
3471,0.00012
3472,0.00012
3473,0.00012
3474,0.00012
3475,0.00012
3476,0.00012
3477,0.00012
3478,0.00012
3479,0.00012
3480,0.00012
3481,0.00012
3482,0.00012
3483,0.00012
3484,0.00012
3485,0.00012
3486,0.00012
3487,0.00012
3488,0.00012
3489,0.00012
3490,0.00012
3491,0.00012
3492,0.00012
3493,0.00012
3494,0.00012
3495,0.00012
3496,0.00012
3497,0.00012
3498,0.00012
3499,0.00012
3500,0.00012
3501,0.000120967778
3502,0.000162752963
3503,0.000687150556
3504,0.000625392778
3505,0.000426815
3506,0.000303851667
3507,0.000220130556
3508,0.000155750556
3509,0.000127309074
3510,0.000131926111
3511,0.000140355
3512,0.000135381667
3513,0.000133040556
3514,0.000138107222
3515,0.000142255
3516,0.000155327222
3517,0.000158785
3518,0.000160853889
3519,0.000156297222
3520,0.000152851667
3521,0.00012
3522,0.00012
3523,0.00012
3524,0.00012
3525,0.00012
3526,0.00012
3527,0.00012
3528,0.00012
3529,0.00012
3530,0.00012
3531,0.00012
3532,0.00012
3533,0.00012
3534,0.00012
3535,0.00012
3536,0.00012
3537,0.00012
3538,0.00012
3539,0.00012
3540,0.00012
3541,0.00012
3542,0.00012
3543,0.00012
3544,0.00012
3545,0.00012
3546,0.00012
3547,0.00012
3548,0.00012
3549,0.00012
3550,0.00012
3551,0.00012
3552,0.00012
3553,0.00012
3554,0.00012
3555,0.00012
3556,0.00012
3557,0.00012
3558,0.00012
3559,0.00012
3560,0.00012
3561,0.00012
3562,0.00012
3563,0.00012
3564,0.00012
3565,0.00012
3566,0.00012
3567,0.00012
3568,0.00012
3569,0.00012
3570,0.00012
3571,0.00012
3572,0.00012
3573,0.00012
3574,0.00012
3575,0.00012
3576,0.00012
3577,0.00012
3578,0.00012
3579,0.00012
3580,0.00012
3581,0.00012
3582,0.00012
3583,0.00012
3584,0.00012
3585,0.00012
3586,0.00012
3587,0.00012
3588,0.00012
3589,0.00012
3590,0.00012
3591,0.00012
3592,0.00012
3593,0.00012
3594,0.00012
3595,0.00012
3596,0.00012
3597,0.00012
3598,0.00012
3599,0.00012
3600,0.00012
3601,0.00012
3602,0.00012
3603,0.00012
3604,0.00012
3605,0.00012
3606,0.00012
3607,0.00012
3608,0.00012
3609,0.00012
3610,0.00012
3611,0.00012
3612,0.00012
3613,0.00012
3614,0.00012
3615,0.00012
3616,0.00012
3617,0.00012
3618,0.00012
3619,0.00012
3620,0.00012
3621,0.00012
3622,0.00012
3623,0.00012
3624,0.00012
3625,0.00012
3626,0.00012
3627,0.00012
3628,0.00012
3629,0.00012
3630,0.00012
3631,0.00012
3632,0.00012
3633,0.00012
3634,0.00012
3635,0.00012
3636,0.00012
3637,0.00012
3638,0.00012
3639,0.00012
3640,0.00012
3641,0.00012
3642,0.00012
3643,0.00012
3644,0.00012
3645,0.00012
3646,0.00012
3647,0.00012
3648,0.00012
3649,0.00012
3650,0.00012
3651,0.00012
3652,0.00012
3653,0.00012
3654,0.00012
3655,0.00012
3656,0.00012
3657,0.00012
3658,0.00012
3659,0.00012
3660,0.00012
3661,0.00012
3662,0.00012
3663,0.00012
3664,0.00012
3665,0.00012
3666,0.00012
3667,0.00012
3668,0.00012
3669,0.00012
3670,0.00012
3671,0.00012
3672,0.00012
3673,0.00012
3674,0.00012
3675,0.00012
3676,0.00012
3677,0.00012
3678,0.00012
3679,0.00012
3680,0.00012
3681,0.00012
3682,0.00012
3683,0.00012
3684,0.00012
3685,0.00012
3686,0.00012
3687,0.00012
3688,0.00012
3689,0.00012
3690,0.00012
3691,0.00012
3692,0.00012
3693,0.00012
3694,0.00012
3695,0.00012
3696,0.00012
3697,0.00012
3698,0.00012
3699,0.00012
3700,0.00012
3701,0.00012
3702,0.00012
3703,0.00012
3704,0.00012
3705,0.00012
3706,0.00012
3707,0.00012
3708,0.00012
3709,0.00012
3710,0.00012
3711,0.00012
3712,0.00012
3713,0.00012
3714,0.00012
3715,0.00012
3716,0.00012
3717,0.00012
3718,0.00012
3719,0.00012
3720,0.00012
3721,0.000120967778
3722,0.000162752963
3723,0.000687150556
3724,0.000625392778
3725,0.000426815
3726,0.000303851667
3727,0.000220130556
3728,0.000155750556
3729,0.000127309074
3730,0.000131926111
3731,0.000140355
3732,0.000135381667
3733,0.000133040556
3734,0.000138107222
3735,0.000142255
3736,0.000155327222
3737,0.000158785
3738,0.000160853889
3739,0.000156297222
3740,0.000152851667
3741,0.00012
3742,0.00012
3743,0.00012
3744,0.00012
3745,0.00012
3746,0.00012
3747,0.00012
3748,0.00012
3749,0.00012
3750,0.00012
3751,0.00012
3752,0.00012
3753,0.00012
3754,0.00012
3755,0.00012
3756,0.00012
3757,0.00012
3758,0.00012
3759,0.00012
3760,0.00012
3761,0.00012
3762,0.00012
3763,0.00012
3764,0.00012
3765,0.00012
3766,0.00012
3767,0.00012
3768,0.00012
3769,0.00012
3770,0.00012
3771,0.00012
3772,0.00012
3773,0.00012
3774,0.00012
3775,0.00012
3776,0.00012
3777,0.00012
3778,0.00012
3779,0.00012
3780,0.00012
3781,0.00012
3782,0.00012
3783,0.00012
3784,0.00012
3785,0.00012
3786,0.00012
3787,0.00012
3788,0.00012
3789,0.00012
3790,0.00012
3791,0.00012
3792,0.00012
3793,0.00012
3794,0.00012
3795,0.00012
3796,0.00012
3797,0.00012
3798,0.00012
3799,0.00012
3800,0.00012
3801,0.00012
3802,0.00012
3803,0.00012
3804,0.00012
3805,0.00012
3806,0.00012
3807,0.00012
3808,0.00012
3809,0.00012
3810,0.00012
3811,0.00012
3812,0.00012
3813,0.00012
3814,0.00012
3815,0.00012
3816,0.00012
3817,0.00012
3818,0.00012
3819,0.00012
3820,0.00012
3821,0.00012
3822,0.00012
3823,0.00012
3824,0.00012
3825,0.00012
3826,0.00012
3827,0.00012
3828,0.00012
3829,0.00012
3830,0.00012
3831,0.00012
3832,0.00012
3833,0.00012
3834,0.00012
3835,0.00012
3836,0.00012
3837,0.00012
3838,0.00012
3839,0.00012
3840,0.00012
3841,0.00012
3842,0.00012
3843,0.00012
3844,0.00012
3845,0.00012
3846,0.00012
3847,0.00012
3848,0.00012
3849,0.00012
3850,0.00012
3851,0.00012
3852,0.00012
3853,0.00012
3854,0.00012
3855,0.00012
3856,0.00012
3857,0.00012
3858,0.00012
3859,0.00012
3860,0.00012
3861,0.00012
3862,0.00012
3863,0.00012
3864,0.00012
3865,0.00012
3866,0.00012
3867,0.00012
3868,0.00012
3869,0.00012
3870,0.00012
3871,0.00012
3872,0.00012
3873,0.00012
3874,0.00012
3875,0.00012
3876,0.00012
3877,0.00012
3878,0.00012
3879,0.00012
3880,0.00012
3881,0.00012
3882,0.00012
3883,0.00012
3884,0.00012
3885,0.00012
3886,0.00012
3887,0.00012
3888,0.00012
3889,0.00012
3890,0.00012
3891,0.00012
3892,0.00012
3893,0.00012
3894,0.00012
3895,0.00012
3896,0.00012
3897,0.00012
3898,0.00012
3899,0.00012
3900,0.00012
3901,0.00012
3902,0.00012
3903,0.00012
3904,0.00012
3905,0.00012
3906,0.00012
3907,0.00012
3908,0.00012
3909,0.00012
3910,0.00012
3911,0.00012
3912,0.00012
3913,0.00012
3914,0.00012
3915,0.00012
3916,0.00012
3917,0.00012
3918,0.00012
3919,0.00012
3920,0.00012
3921,0.00012
3922,0.00012
3923,0.00012
3924,0.00012
3925,0.00012
3926,0.00012
3927,0.00012
3928,0.00012
3929,0.00012
3930,0.00012
3931,0.00012
3932,0.00012
3933,0.00012
3934,0.00012
3935,0.00012
3936,0.00012
3937,0.00012
3938,0.00012
3939,0.00012
3940,0.00012
3941,0.000120967778
3942,0.000162752963
3943,0.000687150556
3944,0.000625392778
3945,0.000426815
3946,0.000303851667
3947,0.000220130556
3948,0.000155750556
3949,0.000127309074
3950,0.000131926111
3951,0.000140355
3952,0.000135381667
3953,0.000133040556
3954,0.000138107222
3955,0.000142255
3956,0.000155327222
3957,0.000158785
3958,0.000160853889
3959,0.000156297222
3960,0.000152851667
3961,0.00012
3962,0.00012
3963,0.00012
3964,0.00012
3965,0.00012
3966,0.00012
3967,0.00012
3968,0.00012
3969,0.00012
3970,0.00012
3971,0.00012
3972,0.00012
3973,0.00012
3974,0.00012
3975,0.00012
3976,0.00012
3977,0.00012
3978,0.00012
3979,0.00012
3980,0.00012
3981,0.00012
3982,0.00012
3983,0.00012
3984,0.00012
3985,0.00012
3986,0.00012
3987,0.00012
3988,0.00012
3989,0.00012
3990,0.00012
3991,0.00012
3992,0.00012
3993,0.00012
3994,0.00012
3995,0.00012
3996,0.00012
3997,0.00012
3998,0.00012
3999,0.00012
4000,0.00012
4001,0.00012
4002,0.00012
4003,0.00012
4004,0.00012
4005,0.00012
4006,0.00012
4007,0.00012
4008,0.00012
4009,0.00012
4010,0.00012
4011,0.00012
4012,0.00012
4013,0.00012
4014,0.00012
4015,0.00012
4016,0.00012
4017,0.00012
4018,0.00012
4019,0.00012
4020,0.00012
4021,0.00012
4022,0.00012
4023,0.00012
4024,0.00012
4025,0.00012
4026,0.00012
4027,0.00012
4028,0.00012
4029,0.00012
4030,0.00012
4031,0.00012
4032,0.00012
4033,0.00012
4034,0.00012
4035,0.00012
4036,0.00012
4037,0.00012
4038,0.00012
4039,0.00012
4040,0.00012
4041,0.00012
4042,0.00012
4043,0.00012
4044,0.00012
4045,0.00012
4046,0.00012
4047,0.00012
4048,0.00012
4049,0.00012
4050,0.00012
4051,0.00012
4052,0.00012
4053,0.00012
4054,0.00012
4055,0.00012
4056,0.00012
4057,0.00012
4058,0.00012
4059,0.00012
4060,0.00012
4061,0.00012
4062,0.00012
4063,0.00012
4064,0.00012
4065,0.00012
4066,0.00012
4067,0.00012
4068,0.00012
4069,0.00012
4070,0.00012
4071,0.00012
4072,0.00012
4073,0.00012
4074,0.00012
4075,0.00012
4076,0.00012
4077,0.00012
4078,0.00012
4079,0.00012
4080,0.00012
4081,0.00012
4082,0.00012
4083,0.00012
4084,0.00012
4085,0.00012
4086,0.00012
4087,0.00012
4088,0.00012
4089,0.00012
4090,0.00012
4091,0.00012
4092,0.00012
4093,0.00012
4094,0.00012
4095,0.00012
4096,0.00012
4097,0.00012
4098,0.00012
4099,0.00012
4100,0.00012
4101,0.00012
4102,0.00012
4103,0.00012
4104,0.00012
4105,0.00012
4106,0.00012
4107,0.00012
4108,0.00012
4109,0.00012
4110,0.00012
4111,0.00012
4112,0.00012
4113,0.00012
4114,0.00012
4115,0.00012
4116,0.00012
4117,0.00012
4118,0.00012
4119,0.00012
4120,0.00012
4121,0.00012
4122,0.00012
4123,0.00012
4124,0.00012
4125,0.00012
4126,0.00012
4127,0.00012
4128,0.00012
4129,0.00012
4130,0.00012
4131,0.00012
4132,0.00012
4133,0.00012
4134,0.00012
4135,0.00012
4136,0.00012
4137,0.00012
4138,0.00012
4139,0.00012
4140,0.00012
4141,0.00012
4142,0.00012
4143,0.00012
4144,0.00012
4145,0.00012
4146,0.00012
4147,0.00012
4148,0.00012
4149,0.00012
4150,0.00012
4151,0.00012
4152,0.00012
4153,0.00012
4154,0.00012
4155,0.00012
4156,0.00012
4157,0.00012
4158,0.00012
4159,0.00012
4160,0.00012
4161,0.000120967778
4162,0.000162752963
4163,0.000687150556
4164,0.000625392778
4165,0.000426815
4166,0.000303851667
4167,0.000220130556
4168,0.000155750556
4169,0.000127309074
4170,0.000131926111
4171,0.000140355
4172,0.000135381667
4173,0.000133040556
4174,0.000138107222
4175,0.000142255
4176,0.000155327222
4177,0.000158785
4178,0.000160853889
4179,0.000156297222
4180,0.000152851667
4181,0.00012
4182,0.00012
4183,0.00012
4184,0.00012
4185,0.00012
4186,0.00012
4187,0.00012
4188,0.00012
4189,0.00012
4190,0.00012
4191,0.00012
4192,0.00012
4193,0.00012
4194,0.00012
4195,0.00012
4196,0.00012
4197,0.00012
4198,0.00012
4199,0.00012
4200,0.00012
4201,0.00012
4202,0.00012
4203,0.00012
4204,0.00012
4205,0.00012
4206,0.00012
4207,0.00012
4208,0.00012
4209,0.00012
4210,0.00012
4211,0.00012
4212,0.00012
4213,0.00012
4214,0.00012
4215,0.00012
4216,0.00012
4217,0.00012
4218,0.00012
4219,0.00012
4220,0.00012
4221,0.00012
4222,0.00012
4223,0.00012
4224,0.00012
4225,0.00012
4226,0.00012
4227,0.00012
4228,0.00012
4229,0.00012
4230,0.00012
4231,0.00012
4232,0.00012
4233,0.00012
4234,0.00012
4235,0.00012
4236,0.00012
4237,0.00012
4238,0.00012
4239,0.00012
4240,0.00012
4241,0.00012
4242,0.00012
4243,0.00012
4244,0.00012
4245,0.00012
4246,0.00012
4247,0.00012
4248,0.00012
4249,0.00012
4250,0.00012
4251,0.00012
4252,0.00012
4253,0.00012
4254,0.00012
4255,0.00012
4256,0.00012
4257,0.00012
4258,0.00012
4259,0.00012
4260,0.00012
4261,0.00012
4262,0.00012
4263,0.00012
4264,0.00012
4265,0.00012
4266,0.00012
4267,0.00012
4268,0.00012
4269,0.00012
4270,0.00012
4271,0.00012
4272,0.00012
4273,0.00012
4274,0.00012
4275,0.00012
4276,0.00012
4277,0.00012
4278,0.00012
4279,0.00012
4280,0.00012
4281,0.00012
4282,0.00012
4283,0.00012
4284,0.00012
4285,0.00012
4286,0.00012
4287,0.00012
4288,0.00012
4289,0.00012
4290,0.00012
4291,0.00012
4292,0.00012
4293,0.00012
4294,0.00012
4295,0.00012
4296,0.00012
4297,0.00012
4298,0.00012
4299,0.00012
4300,0.00012
4301,0.00012
4302,0.00012
4303,0.00012
4304,0.00012
4305,0.00012
4306,0.00012
4307,0.00012
4308,0.00012
4309,0.00012
4310,0.00012
4311,0.00012
4312,0.00012
4313,0.00012
4314,0.00012
4315,0.00012
4316,0.00012
4317,0.00012
4318,0.00012
4319,0.00012
4320,0.00012
4321,0.00012
4322,0.00012
4323,0.00012
4324,0.00012
4325,0.00012
4326,0.00012
4327,0.00012
4328,0.00012
4329,0.00012
4330,0.00012
4331,0.00012
4332,0.00012
4333,0.00012
4334,0.00012
4335,0.00012
4336,0.00012
4337,0.00012
4338,0.00012
4339,0.00012
4340,0.00012
4341,0.00012
4342,0.00012
4343,0.00012
4344,0.00012
4345,0.00012
4346,0.00012
4347,0.00012
4348,0.00012
4349,0.00012
4350,0.00012
4351,0.00012
4352,0.00012
4353,0.00012
4354,0.00012
4355,0.00012
4356,0.00012
4357,0.00012
4358,0.00012
4359,0.00012
4360,0.00012
4361,0.00012
4362,0.00012
4363,0.00012
4364,0.00012
4365,0.00012
4366,0.00012
4367,0.00012
4368,0.00012
4369,0.00012
4370,0.00012
4371,0.00012
4372,0.00012
4373,0.00012
4374,0.00012
4375,0.00012
4376,0.00012
4377,0.00012
4378,0.00012
4379,0.00012
4380,0.00012
4381,0.000120967778
4382,0.000162752963
4383,0.000687150556
4384,0.000625392778
4385,0.000426815
4386,0.000303851667
4387,0.000220130556
4388,0.000155750556
4389,0.000127309074
4390,0.000131926111
4391,0.000140355
4392,0.000135381667
4393,0.000133040556
4394,0.000138107222
4395,0.000142255
4396,0.000155327222
4397,0.000158785
4398,0.000160853889
4399,0.000156297222
4400,0.000152851667
4401,0.00012
4402,0.00012
4403,0.00012
4404,0.00012
4405,0.00012
4406,0.00012
4407,0.00012
4408,0.00012
4409,0.00012
4410,0.00012
4411,0.00012
4412,0.00012
4413,0.00012
4414,0.00012
4415,0.00012
4416,0.00012
4417,0.00012
4418,0.00012
4419,0.00012
4420,0.00012
4421,0.00012
4422,0.00012
4423,0.00012
4424,0.00012
4425,0.00012
4426,0.00012
4427,0.00012
4428,0.00012
4429,0.00012
4430,0.00012
4431,0.00012
4432,0.00012
4433,0.00012
4434,0.00012
4435,0.00012
4436,0.00012
4437,0.00012
4438,0.00012
4439,0.00012
4440,0.00012
4441,0.00012
4442,0.00012
4443,0.00012
4444,0.00012
4445,0.00012
4446,0.00012
4447,0.00012
4448,0.00012
4449,0.00012
4450,0.00012
4451,0.00012
4452,0.00012
4453,0.00012
4454,0.00012
4455,0.00012
4456,0.00012
4457,0.00012
4458,0.00012
4459,0.00012
4460,0.00012
4461,0.00012
4462,0.00012
4463,0.00012
4464,0.00012
4465,0.00012
4466,0.00012
4467,0.00012
4468,0.00012
4469,0.00012
4470,0.00012
4471,0.00012
4472,0.00012
4473,0.00012
4474,0.00012
4475,0.00012
4476,0.00012
4477,0.00012
4478,0.00012
4479,0.00012
4480,0.00012
4481,0.00012
4482,0.00012
4483,0.00012
4484,0.00012
4485,0.00012
4486,0.00012
4487,0.00012
4488,0.00012
4489,0.00012
4490,0.00012
4491,0.00012
4492,0.00012
4493,0.00012
4494,0.00012
4495,0.00012
4496,0.00012
4497,0.00012
4498,0.00012
4499,0.00012
4500,0.00012
4501,0.00012
4502,0.00012
4503,0.00012
4504,0.00012
4505,0.00012
4506,0.00012
4507,0.00012
4508,0.00012
4509,0.00012
4510,0.00012
4511,0.00012
4512,0.00012
4513,0.00012
4514,0.00012
4515,0.00012
4516,0.00012
4517,0.00012
4518,0.00012
4519,0.00012
4520,0.00012
4521,0.00012
4522,0.00012
4523,0.00012
4524,0.00012
4525,0.00012
4526,0.00012
4527,0.00012
4528,0.00012
4529,0.00012
4530,0.00012
4531,0.00012
4532,0.00012
4533,0.00012
4534,0.00012
4535,0.00012
4536,0.00012
4537,0.00012
4538,0.00012
4539,0.00012
4540,0.00012
4541,0.00012
4542,0.00012
4543,0.00012
4544,0.00012
4545,0.00012
4546,0.00012
4547,0.00012
4548,0.00012
4549,0.00012
4550,0.00012
4551,0.00012
4552,0.00012
4553,0.00012
4554,0.00012
4555,0.00012
4556,0.00012
4557,0.00012
4558,0.00012
4559,0.00012
4560,0.00012
4561,0.00012
4562,0.00012
4563,0.00012
4564,0.00012
4565,0.00012
4566,0.00012
4567,0.00012
4568,0.00012
4569,0.00012
4570,0.00012
4571,0.00012
4572,0.00012
4573,0.00012
4574,0.00012
4575,0.00012
4576,0.00012
4577,0.00012
4578,0.00012
4579,0.00012
4580,0.00012
4581,0.00012
4582,0.00012
4583,0.00012
4584,0.00012
4585,0.00012
4586,0.00012
4587,0.00012
4588,0.00012
4589,0.00012
4590,0.00012
4591,0.00012
4592,0.00012
4593,0.00012
4594,0.00012
4595,0.00012
4596,0.00012
4597,0.00012
4598,0.00012
4599,0.00012
4600,0.00012
4601,0.000120967778
4602,0.000162752963
4603,0.000687150556
4604,0.000625392778
4605,0.000426815
4606,0.000303851667
4607,0.000220130556
4608,0.000155750556
4609,0.000127309074
4610,0.000131926111
4611,0.000140355
4612,0.000135381667
4613,0.000133040556
4614,0.000138107222
4615,0.000142255
4616,0.000155327222
4617,0.000158785
4618,0.000160853889
4619,0.000156297222
4620,0.000152851667
4621,0.00012
4622,0.00012
4623,0.00012
4624,0.00012
4625,0.00012
4626,0.00012
4627,0.00012
4628,0.00012
4629,0.00012
4630,0.00012
4631,0.00012
4632,0.00012
4633,0.00012
4634,0.00012
4635,0.00012
4636,0.00012
4637,0.00012
4638,0.00012
4639,0.00012
4640,0.00012
4641,0.00012
4642,0.00012
4643,0.00012
4644,0.00012
4645,0.00012
4646,0.00012
4647,0.00012
4648,0.00012
4649,0.00012
4650,0.00012
4651,0.00012
4652,0.00012
4653,0.00012
4654,0.00012
4655,0.00012
4656,0.00012
4657,0.00012
4658,0.00012
4659,0.00012
4660,0.00012
4661,0.00012
4662,0.00012
4663,0.00012
4664,0.00012
4665,0.00012
4666,0.00012
4667,0.00012
4668,0.00012
4669,0.00012
4670,0.00012
4671,0.00012
4672,0.00012
4673,0.00012
4674,0.00012
4675,0.00012
4676,0.00012
4677,0.00012
4678,0.00012
4679,0.00012
4680,0.00012
4681,0.00012
4682,0.00012
4683,0.00012
4684,0.00012
4685,0.00012
4686,0.00012
4687,0.00012
4688,0.00012
4689,0.00012
4690,0.00012
4691,0.00012
4692,0.00012
4693,0.00012
4694,0.00012
4695,0.00012
4696,0.00012
4697,0.00012
4698,0.00012
4699,0.00012
4700,0.00012
4701,0.00012
4702,0.00012
4703,0.00012
4704,0.00012
4705,0.00012
4706,0.00012
4707,0.00012
4708,0.00012
4709,0.00012
4710,0.00012
4711,0.00012
4712,0.00012
4713,0.00012
4714,0.00012
4715,0.00012
4716,0.00012
4717,0.00012
4718,0.00012
4719,0.00012
4720,0.00012
4721,0.00012
4722,0.00012
4723,0.00012
4724,0.00012
4725,0.00012
4726,0.00012
4727,0.00012
4728,0.00012
4729,0.00012
4730,0.00012
4731,0.00012
4732,0.00012
4733,0.00012
4734,0.00012
4735,0.00012
4736,0.00012
4737,0.00012
4738,0.00012
4739,0.00012
4740,0.00012
4741,0.00012
4742,0.00012
4743,0.00012
4744,0.00012
4745,0.00012
4746,0.00012
4747,0.00012
4748,0.00012
4749,0.00012
4750,0.00012
4751,0.00012
4752,0.00012
4753,0.00012
4754,0.00012
4755,0.00012
4756,0.00012
4757,0.00012
4758,0.00012
4759,0.00012
4760,0.00012
4761,0.00012
4762,0.00012
4763,0.00012
4764,0.00012
4765,0.00012
4766,0.00012
4767,0.00012
4768,0.00012
4769,0.00012
4770,0.00012
4771,0.00012
4772,0.00012
4773,0.00012
4774,0.00012
4775,0.00012
4776,0.00012
4777,0.00012
4778,0.00012
4779,0.00012
4780,0.00012
4781,0.00012
4782,0.00012
4783,0.00012
4784,0.00012
4785,0.00012
4786,0.00012
4787,0.00012
4788,0.00012
4789,0.00012
4790,0.00012
4791,0.00012
4792,0.00012
4793,0.00012
4794,0.00012
4795,0.00012
4796,0.00012
4797,0.00012
4798,0.00012
4799,0.00012
4800,0.00012
4801,0.00012
4802,0.00012
4803,0.00012
4804,0.00012
4805,0.00012
4806,0.00012
4807,0.00012
4808,0.00012
4809,0.00012
4810,0.00012
4811,0.00012
4812,0.00012
4813,0.00012
4814,0.00012
4815,0.00012
4816,0.00012
4817,0.00012
4818,0.00012
4819,0.00012
4820,0.00012
4821,0.000120967778
4822,0.000162752963
4823,0.000687150556
4824,0.000625392778
4825,0.000426815
4826,0.000303851667
4827,0.000220130556
4828,0.000155750556
4829,0.000127309074
4830,0.000131926111
4831,0.000140355
4832,0.000135381667
4833,0.000133040556
4834,0.000138107222
4835,0.000142255
4836,0.000155327222
4837,0.000158785
4838,0.000160853889
4839,0.000156297222
4840,0.000152851667
4841,0.00012
4842,0.00012
4843,0.00012
4844,0.00012
4845,0.00012
4846,0.00012
4847,0.00012
4848,0.00012
4849,0.00012
4850,0.00012
4851,0.00012
4852,0.00012
4853,0.00012
4854,0.00012
4855,0.00012
4856,0.00012
4857,0.00012
4858,0.00012
4859,0.00012
4860,0.00012
4861,0.00012
4862,0.00012
4863,0.00012
4864,0.00012
4865,0.00012
4866,0.00012
4867,0.00012
4868,0.00012
4869,0.00012
4870,0.00012
4871,0.00012
4872,0.00012
4873,0.00012
4874,0.00012
4875,0.00012
4876,0.00012
4877,0.00012
4878,0.00012
4879,0.00012
4880,0.00012
4881,0.00012
4882,0.00012
4883,0.00012
4884,0.00012
4885,0.00012
4886,0.00012
4887,0.00012
4888,0.00012
4889,0.00012
4890,0.00012
4891,0.00012
4892,0.00012
4893,0.00012
4894,0.00012
4895,0.00012
4896,0.00012
4897,0.00012
4898,0.00012
4899,0.00012
4900,0.00012
4901,0.00012
4902,0.00012
4903,0.00012
4904,0.00012
4905,0.00012
4906,0.00012
4907,0.00012
4908,0.00012
4909,0.00012
4910,0.00012
4911,0.00012
4912,0.00012
4913,0.00012
4914,0.00012
4915,0.00012
4916,0.00012
4917,0.00012
4918,0.00012
4919,0.00012
4920,0.00012
4921,0.00012
4922,0.00012
4923,0.00012
4924,0.00012
4925,0.00012
4926,0.00012
4927,0.00012
4928,0.00012
4929,0.00012
4930,0.00012
4931,0.00012
4932,0.00012
4933,0.00012
4934,0.00012
4935,0.00012
4936,0.00012
4937,0.00012
4938,0.00012
4939,0.00012
4940,0.00012
4941,0.00012
4942,0.00012
4943,0.00012
4944,0.00012
4945,0.00012
4946,0.00012
4947,0.00012
4948,0.00012
4949,0.00012
4950,0.00012
4951,0.00012
4952,0.00012
4953,0.00012
4954,0.00012
4955,0.00012
4956,0.00012
4957,0.00012
4958,0.00012
4959,0.00012
4960,0.00012
4961,0.00012
4962,0.00012
4963,0.00012
4964,0.00012
4965,0.00012
4966,0.00012
4967,0.00012
4968,0.00012
4969,0.00012
4970,0.00012
4971,0.00012
4972,0.00012
4973,0.00012
4974,0.00012
4975,0.00012
4976,0.00012
4977,0.00012
4978,0.00012
4979,0.00012
4980,0.00012
4981,0.00012
4982,0.00012
4983,0.00012
4984,0.00012
4985,0.00012
4986,0.00012
4987,0.00012
4988,0.00012
4989,0.00012
4990,0.00012
4991,0.00012
4992,0.00012
4993,0.00012
4994,0.00012
4995,0.00012
4996,0.00012
4997,0.00012
4998,0.00012
4999,0.00012
5000,0.00012
5001,0.00012
5002,0.00012
5003,0.00012
5004,0.00012
5005,0.00012
5006,0.00012
5007,0.00012
5008,0.00012
5009,0.00012
5010,0.00012
5011,0.00012
5012,0.00012
5013,0.00012
5014,0.00012
5015,0.00012
5016,0.00012
5017,0.00012
5018,0.00012
5019,0.00012
5020,0.00012
5021,0.00012
5022,0.00012
5023,0.00012
5024,0.00012
5025,0.00012
5026,0.00012
5027,0.00012
5028,0.00012
5029,0.00012
5030,0.00012
5031,0.00012
5032,0.00012
5033,0.00012
5034,0.00012
5035,0.00012
5036,0.00012
5037,0.00012
5038,0.00012
5039,0.00012
5040,0.00012
5041,0.000120967778
5042,0.000162752963
5043,0.000687150556
5044,0.000625392778
5045,0.000426815
5046,0.000303851667
5047,0.000220130556
5048,0.000155750556
5049,0.000127309074
5050,0.000131926111
5051,0.000140355
5052,0.000135381667
5053,0.000133040556
5054,0.000138107222
5055,0.000142255
5056,0.000155327222
5057,0.000158785
5058,0.000160853889
5059,0.000156297222
5060,0.000152851667
5061,0.00012
5062,0.00012
5063,0.00012
5064,0.00012
5065,0.00012
5066,0.00012
5067,0.00012
5068,0.00012
5069,0.00012
5070,0.00012
5071,0.00012
5072,0.00012
5073,0.00012
5074,0.00012
5075,0.00012
5076,0.00012
5077,0.00012
5078,0.00012
5079,0.00012
5080,0.00012
5081,0.00012
5082,0.00012
5083,0.00012
5084,0.00012
5085,0.00012
5086,0.00012
5087,0.00012
5088,0.00012
5089,0.00012
5090,0.00012
5091,0.00012
5092,0.00012
5093,0.00012
5094,0.00012
5095,0.00012
5096,0.00012
5097,0.00012
5098,0.00012
5099,0.00012
5100,0.00012
5101,0.00012
5102,0.00012
5103,0.00012
5104,0.00012
5105,0.00012
5106,0.00012
5107,0.00012
5108,0.00012
5109,0.00012
5110,0.00012
5111,0.00012
5112,0.00012
5113,0.00012
5114,0.00012
5115,0.00012
5116,0.00012
5117,0.00012
5118,0.00012
5119,0.00012
5120,0.00012
5121,0.00012
5122,0.00012
5123,0.00012
5124,0.00012
5125,0.00012
5126,0.00012
5127,0.00012
5128,0.00012
5129,0.00012
5130,0.00012
5131,0.00012
5132,0.00012
5133,0.00012
5134,0.00012
5135,0.00012
5136,0.00012
5137,0.00012
5138,0.00012
5139,0.00012
5140,0.00012
5141,0.00012
5142,0.00012
5143,0.00012
5144,0.00012
5145,0.00012
5146,0.00012
5147,0.00012
5148,0.00012
5149,0.00012
5150,0.00012
5151,0.00012
5152,0.00012
5153,0.00012
5154,0.00012
5155,0.00012
5156,0.00012
5157,0.00012
5158,0.00012
5159,0.00012
5160,0.00012
5161,0.00012
5162,0.00012
5163,0.00012
5164,0.00012
5165,0.00012
5166,0.00012
5167,0.00012
5168,0.00012
5169,0.00012
5170,0.00012
5171,0.00012
5172,0.00012
5173,0.00012
5174,0.00012
5175,0.00012
5176,0.00012
5177,0.00012
5178,0.00012
5179,0.00012
5180,0.00012
5181,0.00012
5182,0.00012
5183,0.00012
5184,0.00012
5185,0.00012
5186,0.00012
5187,0.00012
5188,0.00012
5189,0.00012
5190,0.00012
5191,0.00012
5192,0.00012
5193,0.00012
5194,0.00012
5195,0.00012
5196,0.00012
5197,0.00012
5198,0.00012
5199,0.00012
5200,0.00012
5201,0.00012
5202,0.00012
5203,0.00012
5204,0.00012
5205,0.00012
5206,0.00012
5207,0.00012
5208,0.00012
5209,0.00012
5210,0.00012
5211,0.00012
5212,0.00012
5213,0.00012
5214,0.00012
5215,0.00012
5216,0.00012
5217,0.00012
5218,0.00012
5219,0.00012
5220,0.00012
5221,0.00012
5222,0.00012
5223,0.00012
5224,0.00012
5225,0.00012
5226,0.00012
5227,0.00012
5228,0.00012
5229,0.00012
5230,0.00012
5231,0.00012
5232,0.00012
5233,0.00012
5234,0.00012
5235,0.00012
5236,0.00012
5237,0.00012
5238,0.00012
5239,0.00012
5240,0.00012
5241,0.00012
5242,0.00012
5243,0.00012
5244,0.00012
5245,0.00012
5246,0.00012
5247,0.00012
5248,0.00012
5249,0.00012
5250,0.00012
5251,0.00012
5252,0.00012
5253,0.00012
5254,0.00012
5255,0.00012
5256,0.00012
5257,0.00012
5258,0.00012
5259,0.00012
5260,0.00012
5261,0.000120967778
5262,0.000162752963
5263,0.000687150556
5264,0.000625392778
5265,0.000426815
5266,0.000303851667
5267,0.000220130556
5268,0.000155750556
5269,0.000127309074
5270,0.000131926111
5271,0.000140355
5272,0.000135381667
5273,0.000133040556
5274,0.000138107222
5275,0.000142255
5276,0.000155327222
5277,0.000158785
5278,0.000160853889
5279,0.000156297222
5280,0.000152851667
5281,0.00012
5282,0.00012
5283,0.00012
5284,0.00012
5285,0.00012
5286,0.00012
5287,0.00012
5288,0.00012
5289,0.00012
5290,0.00012
5291,0.00012
5292,0.00012
5293,0.00012
5294,0.00012
5295,0.00012
5296,0.00012
5297,0.00012
5298,0.00012
5299,0.00012
5300,0.00012
5301,0.00012
5302,0.00012
5303,0.00012
5304,0.00012
5305,0.00012
5306,0.00012
5307,0.00012
5308,0.00012
5309,0.00012
5310,0.00012
5311,0.00012
5312,0.00012
5313,0.00012
5314,0.00012
5315,0.00012
5316,0.00012
5317,0.00012
5318,0.00012
5319,0.00012
5320,0.00012
5321,0.00012
5322,0.00012
5323,0.00012
5324,0.00012
5325,0.00012
5326,0.00012
5327,0.00012
5328,0.00012
5329,0.00012
5330,0.00012
5331,0.00012
5332,0.00012
5333,0.00012
5334,0.00012
5335,0.00012
5336,0.00012
5337,0.00012
5338,0.00012
5339,0.00012
5340,0.00012
5341,0.00012
5342,0.00012
5343,0.00012
5344,0.00012
5345,0.00012
5346,0.00012
5347,0.00012
5348,0.00012
5349,0.00012
5350,0.00012
5351,0.00012
5352,0.00012
5353,0.00012
5354,0.00012
5355,0.00012
5356,0.00012
5357,0.00012
5358,0.00012
5359,0.00012
5360,0.00012
5361,0.00012
5362,0.00012
5363,0.00012
5364,0.00012
5365,0.00012
5366,0.00012
5367,0.00012
5368,0.00012
5369,0.00012
5370,0.00012
5371,0.00012
5372,0.00012
5373,0.00012
5374,0.00012
5375,0.00012
5376,0.00012
5377,0.00012
5378,0.00012
5379,0.00012
5380,0.00012
5381,0.00012
5382,0.00012
5383,0.00012
5384,0.00012
5385,0.00012
5386,0.00012
5387,0.00012
5388,0.00012
5389,0.00012
5390,0.00012
5391,0.00012
5392,0.00012
5393,0.00012
5394,0.00012
5395,0.00012
5396,0.00012
5397,0.00012
5398,0.00012
5399,0.00012
5400,0.00012
5401,0.00012
5402,0.00012
5403,0.00012
5404,0.00012
5405,0.00012
5406,0.00012
5407,0.00012
5408,0.00012
5409,0.00012
5410,0.00012
5411,0.00012
5412,0.00012
5413,0.00012
5414,0.00012
5415,0.00012
5416,0.00012
5417,0.00012
5418,0.00012
5419,0.00012
5420,0.00012
5421,0.00012
5422,0.00012
5423,0.00012
5424,0.00012
5425,0.00012
5426,0.00012
5427,0.00012
5428,0.00012
5429,0.00012
5430,0.00012
5431,0.00012
5432,0.00012
5433,0.00012
5434,0.00012
5435,0.00012
5436,0.00012
5437,0.00012
5438,0.00012
5439,0.00012
5440,0.00012
5441,0.00012
5442,0.00012
5443,0.00012
5444,0.00012
5445,0.00012
5446,0.00012
5447,0.00012
5448,0.00012
5449,0.00012
5450,0.00012
5451,0.00012
5452,0.00012
5453,0.00012
5454,0.00012
5455,0.00012
5456,0.00012
5457,0.00012
5458,0.00012
5459,0.00012
5460,0.00012
5461,0.00012
5462,0.00012
5463,0.00012
5464,0.00012
5465,0.00012
5466,0.00012
5467,0.00012
5468,0.00012
5469,0.00012
5470,0.00012
5471,0.00012
5472,0.00012
5473,0.00012
5474,0.00012
5475,0.00012
5476,0.00012
5477,0.00012
5478,0.00012
5479,0.00012
5480,0.00012
5481,0.000120967778
5482,0.000162752963
5483,0.000687150556
5484,0.000625392778
5485,0.000426815
5486,0.000303851667
5487,0.000220130556
5488,0.000155750556
5489,0.000127309074
5490,0.000131926111
5491,0.000140355
5492,0.000135381667
5493,0.000133040556
5494,0.000138107222
5495,0.000142255
5496,0.000155327222
5497,0.000158785
5498,0.000160853889
5499,0.000156297222
5500,0.000152851667
5501,0.00012
5502,0.00012
5503,0.00012
5504,0.00012
5505,0.00012
5506,0.00012
5507,0.00012
5508,0.00012
5509,0.00012
5510,0.00012
5511,0.00012
5512,0.00012
5513,0.00012
5514,0.00012
5515,0.00012
5516,0.00012
5517,0.00012
5518,0.00012
5519,0.00012
5520,0.00012
5521,0.00012
5522,0.00012
5523,0.00012
5524,0.00012
5525,0.00012
5526,0.00012
5527,0.00012
5528,0.00012
5529,0.00012
5530,0.00012
5531,0.00012
5532,0.00012
5533,0.00012
5534,0.00012
5535,0.00012
5536,0.00012
5537,0.00012
5538,0.00012
5539,0.00012
5540,0.00012
5541,0.00012
5542,0.00012
5543,0.00012
5544,0.00012
5545,0.00012
5546,0.00012
5547,0.00012
5548,0.00012
5549,0.00012
5550,0.00012
5551,0.00012
5552,0.00012
5553,0.00012
5554,0.00012
5555,0.00012
5556,0.00012
5557,0.00012
5558,0.00012
5559,0.00012
5560,0.00012
5561,0.00012
5562,0.00012
5563,0.00012
5564,0.00012
5565,0.00012
5566,0.00012
5567,0.00012
5568,0.00012
5569,0.00012
5570,0.00012
5571,0.00012
5572,0.00012
5573,0.00012
5574,0.00012
5575,0.00012
5576,0.00012
5577,0.00012
5578,0.00012
5579,0.00012
5580,0.00012
5581,0.00012
5582,0.00012
5583,0.00012
5584,0.00012
5585,0.00012
5586,0.00012
5587,0.00012
5588,0.00012
5589,0.00012
5590,0.00012
5591,0.00012
5592,0.00012
5593,0.00012
5594,0.00012
5595,0.00012
5596,0.00012
5597,0.00012
5598,0.00012
5599,0.00012
5600,0.00012
5601,0.00012
5602,0.00012
5603,0.00012
5604,0.00012
5605,0.00012
5606,0.00012
5607,0.00012
5608,0.00012
5609,0.00012
5610,0.00012
5611,0.00012
5612,0.00012
5613,0.00012
5614,0.00012
5615,0.00012
5616,0.00012
5617,0.00012
5618,0.00012
5619,0.00012
5620,0.00012
5621,0.00012
5622,0.00012
5623,0.00012
5624,0.00012
5625,0.00012
5626,0.00012
5627,0.00012
5628,0.00012
5629,0.00012
5630,0.00012
5631,0.00012
5632,0.00012
5633,0.00012
5634,0.00012
5635,0.00012
5636,0.00012
5637,0.00012
5638,0.00012
5639,0.00012
5640,0.00012
5641,0.00012
5642,0.00012
5643,0.00012
5644,0.00012
5645,0.00012
5646,0.00012
5647,0.00012
5648,0.00012
5649,0.00012
5650,0.00012
5651,0.00012
5652,0.00012
5653,0.00012
5654,0.00012
5655,0.00012
5656,0.00012
5657,0.00012
5658,0.00012
5659,0.00012
5660,0.00012
5661,0.00012
5662,0.00012
5663,0.00012
5664,0.00012
5665,0.00012
5666,0.00012
5667,0.00012
5668,0.00012
5669,0.00012
5670,0.00012
5671,0.00012
5672,0.00012
5673,0.00012
5674,0.00012
5675,0.00012
5676,0.00012
5677,0.00012
5678,0.00012
5679,0.00012
5680,0.00012
5681,0.00012
5682,0.00012
5683,0.00012
5684,0.00012
5685,0.00012
5686,0.00012
5687,0.00012
5688,0.00012
5689,0.00012
5690,0.00012
5691,0.00012
5692,0.00012
5693,0.00012
5694,0.00012
5695,0.00012
5696,0.00012
5697,0.00012
5698,0.00012
5699,0.00012
5700,0.00012
5701,0.000120967778
5702,0.000162752963
5703,0.000687150556
5704,0.000625392778
5705,0.000426815
5706,0.000303851667
5707,0.000220130556
5708,0.000155750556
5709,0.000127309074
5710,0.000131926111
5711,0.000140355
5712,0.000135381667
5713,0.000133040556
5714,0.000138107222
5715,0.000142255
5716,0.000155327222
5717,0.000158785
5718,0.000160853889
5719,0.000156297222
5720,0.000152851667
5721,0.00012
5722,0.00012
5723,0.00012
5724,0.00012
5725,0.00012
5726,0.00012
5727,0.00012
5728,0.00012
5729,0.00012
5730,0.00012
5731,0.00012
5732,0.00012
5733,0.00012
5734,0.00012
5735,0.00012
5736,0.00012
5737,0.00012
5738,0.00012
5739,0.00012
5740,0.00012
5741,0.00012
5742,0.00012
5743,0.00012
5744,0.00012
5745,0.00012
5746,0.00012
5747,0.00012
5748,0.00012
5749,0.00012
5750,0.00012
5751,0.00012
5752,0.00012
5753,0.00012
5754,0.00012
5755,0.00012
5756,0.00012
5757,0.00012
5758,0.00012
5759,0.00012
5760,0.00012
5761,0.00012
5762,0.00012
5763,0.00012
5764,0.00012
5765,0.00012
5766,0.00012
5767,0.00012
5768,0.00012
5769,0.00012
5770,0.00012
5771,0.00012
5772,0.00012
5773,0.00012
5774,0.00012
5775,0.00012
5776,0.00012
5777,0.00012
5778,0.00012
5779,0.00012
5780,0.00012
5781,0.00012
5782,0.00012
5783,0.00012
5784,0.00012
5785,0.00012
5786,0.00012
5787,0.00012
5788,0.00012
5789,0.00012
5790,0.00012
5791,0.00012
5792,0.00012
5793,0.00012
5794,0.00012
5795,0.00012
5796,0.00012
5797,0.00012
5798,0.00012
5799,0.00012
5800,0.00012
5801,0.00012
5802,0.00012
5803,0.00012
5804,0.00012
5805,0.00012
5806,0.00012
5807,0.00012
5808,0.00012
5809,0.00012
5810,0.00012
5811,0.00012
5812,0.00012
5813,0.00012
5814,0.00012
5815,0.00012
5816,0.00012
5817,0.00012
5818,0.00012
5819,0.00012
5820,0.00012
5821,0.00012
5822,0.00012
5823,0.00012
5824,0.00012
5825,0.00012
5826,0.00012
5827,0.00012
5828,0.00012
5829,0.00012
5830,0.00012
5831,0.00012
5832,0.00012
5833,0.00012
5834,0.00012
5835,0.00012
5836,0.00012
5837,0.00012
5838,0.00012
5839,0.00012
5840,0.00012
5841,0.00012
5842,0.00012
5843,0.00012
5844,0.00012
5845,0.00012
5846,0.00012
5847,0.00012
5848,0.00012
5849,0.00012
5850,0.00012
5851,0.00012
5852,0.00012
5853,0.00012
5854,0.00012
5855,0.00012
5856,0.00012
5857,0.00012
5858,0.00012
5859,0.00012
5860,0.00012
5861,0.00012
5862,0.00012
5863,0.00012
5864,0.00012
5865,0.00012
5866,0.00012
5867,0.00012
5868,0.00012
5869,0.00012
5870,0.00012
5871,0.00012
5872,0.00012
5873,0.00012
5874,0.00012
5875,0.00012
5876,0.00012
5877,0.00012
5878,0.00012
5879,0.00012
5880,0.00012
5881,0.00012
5882,0.00012
5883,0.00012
5884,0.00012
5885,0.00012
5886,0.00012
5887,0.00012
5888,0.00012
5889,0.00012
5890,0.00012
5891,0.00012
5892,0.00012
5893,0.00012
5894,0.00012
5895,0.00012
5896,0.00012
5897,0.00012
5898,0.00012
5899,0.00012
5900,0.00012
5901,0.00012
5902,0.00012
5903,0.00012
5904,0.00012
5905,0.00012
5906,0.00012
5907,0.00012
5908,0.00012
5909,0.00012
5910,0.00012
5911,0.00012
5912,0.00012
5913,0.00012
5914,0.00012
5915,0.00012
5916,0.00012
5917,0.00012
5918,0.00012
5919,0.00012
5920,0.00012
5921,0.000120967778
5922,0.000162752963
5923,0.000687150556
5924,0.000625392778
5925,0.000426815
5926,0.000303851667
5927,0.000220130556
5928,0.000155750556
5929,0.000127309074
5930,0.000131926111
5931,0.000140355
5932,0.000135381667
5933,0.000133040556
5934,0.000138107222
5935,0.000142255
5936,0.000155327222
5937,0.000158785
5938,0.000160853889
5939,0.000156297222
5940,0.000152851667
5941,0.00012
5942,0.00012
5943,0.00012
5944,0.00012
5945,0.00012
5946,0.00012
5947,0.00012
5948,0.00012
5949,0.00012
5950,0.00012
5951,0.00012
5952,0.00012
5953,0.00012
5954,0.00012
5955,0.00012
5956,0.00012
5957,0.00012
5958,0.00012
5959,0.00012
5960,0.00012
5961,0.00012
5962,0.00012
5963,0.00012
5964,0.00012
5965,0.00012
5966,0.00012
5967,0.00012
5968,0.00012
5969,0.00012
5970,0.00012
5971,0.00012
5972,0.00012
5973,0.00012
5974,0.00012
5975,0.00012
5976,0.00012
5977,0.00012
5978,0.00012
5979,0.00012
5980,0.00012
5981,0.00012
5982,0.00012
5983,0.00012
5984,0.00012
5985,0.00012
5986,0.00012
5987,0.00012
5988,0.00012
5989,0.00012
5990,0.00012
5991,0.00012
5992,0.00012
5993,0.00012
5994,0.00012
5995,0.00012
5996,0.00012
5997,0.00012
5998,0.00012
5999,0.00012
6000,0.00012
6001,0.00012
6002,0.00012
6003,0.00012
6004,0.00012
6005,0.00012
6006,0.00012
6007,0.00012
6008,0.00012
6009,0.00012
6010,0.00012
6011,0.00012
6012,0.00012
6013,0.00012
6014,0.00012
6015,0.00012
6016,0.00012
6017,0.00012
6018,0.00012
6019,0.00012
6020,0.00012
6021,0.00012
6022,0.00012
6023,0.00012
6024,0.00012
6025,0.00012
6026,0.00012
6027,0.00012
6028,0.00012
6029,0.00012
6030,0.00012
6031,0.00012
6032,0.00012
6033,0.00012
6034,0.00012
6035,0.00012
6036,0.00012
6037,0.00012
6038,0.00012
6039,0.00012
6040,0.00012
6041,0.00012
6042,0.00012
6043,0.00012
6044,0.00012
6045,0.00012
6046,0.00012
6047,0.00012
6048,0.00012
6049,0.00012
6050,0.00012
6051,0.00012
6052,0.00012
6053,0.00012
6054,0.00012
6055,0.00012
6056,0.00012
6057,0.00012
6058,0.00012
6059,0.00012
6060,0.00012
6061,0.00012
6062,0.00012
6063,0.00012
6064,0.00012
6065,0.00012
6066,0.00012
6067,0.00012
6068,0.00012
6069,0.00012
6070,0.00012
6071,0.00012
6072,0.00012
6073,0.00012
6074,0.00012
6075,0.00012
6076,0.00012
6077,0.00012
6078,0.00012
6079,0.00012
6080,0.00012
6081,0.00012
6082,0.00012
6083,0.00012
6084,0.00012
6085,0.00012
6086,0.00012
6087,0.00012
6088,0.00012
6089,0.00012
6090,0.00012
6091,0.00012
6092,0.00012
6093,0.00012
6094,0.00012
6095,0.00012
6096,0.00012
6097,0.00012
6098,0.00012
6099,0.00012
6100,0.00012
6101,0.00012
6102,0.00012
6103,0.00012
6104,0.00012
6105,0.00012
6106,0.00012
6107,0.00012
6108,0.00012
6109,0.00012
6110,0.00012
6111,0.00012
6112,0.00012
6113,0.00012
6114,0.00012
6115,0.00012
6116,0.00012
6117,0.00012
6118,0.00012
6119,0.00012
6120,0.00012
6121,0.00012
6122,0.00012
6123,0.00012
6124,0.00012
6125,0.00012
6126,0.00012
6127,0.00012
6128,0.00012
6129,0.00012
6130,0.00012
6131,0.00012
6132,0.00012
6133,0.00012
6134,0.00012
6135,0.00012
6136,0.00012
6137,0.00012
6138,0.00012
6139,0.00012
6140,0.00012
6141,0.000120967778
6142,0.000162752963
6143,0.000687150556
6144,0.000625392778
6145,0.000426815
6146,0.000303851667
6147,0.000220130556
6148,0.000155750556
6149,0.000127309074
6150,0.000131926111
6151,0.000140355
6152,0.000135381667
6153,0.000133040556
6154,0.000138107222
6155,0.000142255
6156,0.000155327222
6157,0.000158785
6158,0.000160853889
6159,0.000156297222
6160,0.000152851667
6161,0.00012
6162,0.00012
6163,0.00012
6164,0.00012
6165,0.00012
6166,0.00012
6167,0.00012
6168,0.00012
6169,0.00012
6170,0.00012
6171,0.00012
6172,0.00012
6173,0.00012
6174,0.00012
6175,0.00012
6176,0.00012
6177,0.00012
6178,0.00012
6179,0.00012
6180,0.00012
6181,0.00012
6182,0.00012
6183,0.00012
6184,0.00012
6185,0.00012
6186,0.00012
6187,0.00012
6188,0.00012
6189,0.00012
6190,0.00012
6191,0.00012
6192,0.00012
6193,0.00012
6194,0.00012
6195,0.00012
6196,0.00012
6197,0.00012
6198,0.00012
6199,0.00012
6200,0.00012
6201,0.00012
6202,0.00012
6203,0.00012
6204,0.00012
6205,0.00012
6206,0.00012
6207,0.00012
6208,0.00012
6209,0.00012
6210,0.00012
6211,0.00012
6212,0.00012
6213,0.00012
6214,0.00012
6215,0.00012
6216,0.00012
6217,0.00012
6218,0.00012
6219,0.00012
6220,0.00012
6221,0.00012
6222,0.00012
6223,0.00012
6224,0.00012
6225,0.00012
6226,0.00012
6227,0.00012
6228,0.00012
6229,0.00012
6230,0.00012
6231,0.00012
6232,0.00012
6233,0.00012
6234,0.00012
6235,0.00012
6236,0.00012
6237,0.00012
6238,0.00012
6239,0.00012
6240,0.00012
6241,0.00012
6242,0.00012
6243,0.00012
6244,0.00012
6245,0.00012
6246,0.00012
6247,0.00012
6248,0.00012
6249,0.00012
6250,0.00012
6251,0.00012
6252,0.00012
6253,0.00012
6254,0.00012
6255,0.00012
6256,0.00012
6257,0.00012
6258,0.00012
6259,0.00012
6260,0.00012
6261,0.00012
6262,0.00012
6263,0.00012
6264,0.00012
6265,0.00012
6266,0.00012
6267,0.00012
6268,0.00012
6269,0.00012
6270,0.00012
6271,0.00012
6272,0.00012
6273,0.00012
6274,0.00012
6275,0.00012
6276,0.00012
6277,0.00012
6278,0.00012
6279,0.00012
6280,0.00012
6281,0.00012
6282,0.00012
6283,0.00012
6284,0.00012
6285,0.00012
6286,0.00012
6287,0.00012
6288,0.00012
6289,0.00012
6290,0.00012
6291,0.00012
6292,0.00012
6293,0.00012
6294,0.00012
6295,0.00012
6296,0.00012
6297,0.00012
6298,0.00012
6299,0.00012
6300,0.00012
6301,0.00012
6302,0.00012
6303,0.00012
6304,0.00012
6305,0.00012
6306,0.00012
6307,0.00012
6308,0.00012
6309,0.00012
6310,0.00012
6311,0.00012
6312,0.00012
6313,0.00012
6314,0.00012
6315,0.00012
6316,0.00012
6317,0.00012
6318,0.00012
6319,0.00012
6320,0.00012
6321,0.00012
6322,0.00012
6323,0.00012
6324,0.00012
6325,0.00012
6326,0.00012
6327,0.00012
6328,0.00012
6329,0.00012
6330,0.00012
6331,0.00012
6332,0.00012
6333,0.00012
6334,0.00012
6335,0.00012
6336,0.00012
6337,0.00012
6338,0.00012
6339,0.00012
6340,0.00012
6341,0.00012
6342,0.00012
6343,0.00012
6344,0.00012
6345,0.00012
6346,0.00012
6347,0.00012
6348,0.00012
6349,0.00012
6350,0.00012
6351,0.00012
6352,0.00012
6353,0.00012
6354,0.00012
6355,0.00012
6356,0.00012
6357,0.00012
6358,0.00012
6359,0.00012
6360,0.00012
6361,0.000120967778
6362,0.000162752963
6363,0.000687150556
6364,0.000625392778
6365,0.000426815
6366,0.000303851667
6367,0.000220130556
6368,0.000155750556
6369,0.000127309074
6370,0.000131926111
6371,0.000140355
6372,0.000135381667
6373,0.000133040556
6374,0.000138107222
6375,0.000142255
6376,0.000155327222
6377,0.000158785
6378,0.000160853889
6379,0.000156297222
6380,0.000152851667
6381,0.00012
6382,0.00012
6383,0.00012
6384,0.00012
6385,0.00012
6386,0.00012
6387,0.00012
6388,0.00012
6389,0.00012
6390,0.00012
6391,0.00012
6392,0.00012
6393,0.00012
6394,0.00012
6395,0.00012
6396,0.00012
6397,0.00012
6398,0.00012
6399,0.00012
6400,0.00012
6401,0.00012
6402,0.00012
6403,0.00012
6404,0.00012
6405,0.00012
6406,0.00012
6407,0.00012
6408,0.00012
6409,0.00012
6410,0.00012
6411,0.00012
6412,0.00012
6413,0.00012
6414,0.00012
6415,0.00012
6416,0.00012
6417,0.00012
6418,0.00012
6419,0.00012
6420,0.00012
6421,0.00012
6422,0.00012
6423,0.00012
6424,0.00012
6425,0.00012
6426,0.00012
6427,0.00012
6428,0.00012
6429,0.00012
6430,0.00012
6431,0.00012
6432,0.00012
6433,0.00012
6434,0.00012
6435,0.00012
6436,0.00012
6437,0.00012
6438,0.00012
6439,0.00012
6440,0.00012
6441,0.00012
6442,0.00012
6443,0.00012
6444,0.00012
6445,0.00012
6446,0.00012
6447,0.00012
6448,0.00012
6449,0.00012
6450,0.00012
6451,0.00012
6452,0.00012
6453,0.00012
6454,0.00012
6455,0.00012
6456,0.00012
6457,0.00012
6458,0.00012
6459,0.00012
6460,0.00012
6461,0.00012
6462,0.00012
6463,0.00012
6464,0.00012
6465,0.00012
6466,0.00012
6467,0.00012
6468,0.00012
6469,0.00012
6470,0.00012
6471,0.00012
6472,0.00012
6473,0.00012
6474,0.00012
6475,0.00012
6476,0.00012
6477,0.00012
6478,0.00012
6479,0.00012
6480,0.00012
6481,0.00012
6482,0.00012
6483,0.00012
6484,0.00012
6485,0.00012
6486,0.00012
6487,0.00012
6488,0.00012
6489,0.00012
6490,0.00012
6491,0.00012
6492,0.00012
6493,0.00012
6494,0.00012
6495,0.00012
6496,0.00012
6497,0.00012
6498,0.00012
6499,0.00012
6500,0.00012
6501,0.00012
6502,0.00012
6503,0.00012
6504,0.00012
6505,0.00012
6506,0.00012
6507,0.00012
6508,0.00012
6509,0.00012
6510,0.00012
6511,0.00012
6512,0.00012
6513,0.00012
6514,0.00012
6515,0.00012
6516,0.00012
6517,0.00012
6518,0.00012
6519,0.00012
6520,0.00012
6521,0.00012
6522,0.00012
6523,0.00012
6524,0.00012
6525,0.00012
6526,0.00012
6527,0.00012
6528,0.00012
6529,0.00012
6530,0.00012
6531,0.00012
6532,0.00012
6533,0.00012
6534,0.00012
6535,0.00012
6536,0.00012
6537,0.00012
6538,0.00012
6539,0.00012
6540,0.00012
6541,0.00012
6542,0.00012
6543,0.00012
6544,0.00012
6545,0.00012
6546,0.00012
6547,0.00012
6548,0.00012
6549,0.00012
6550,0.00012
6551,0.00012
6552,0.00012
6553,0.00012
6554,0.00012
6555,0.00012
6556,0.00012
6557,0.00012
6558,0.00012
6559,0.00012
6560,0.00012
6561,0.00012
6562,0.00012
6563,0.00012
6564,0.00012
6565,0.00012
6566,0.00012
6567,0.00012
6568,0.00012
6569,0.00012
6570,0.00012
6571,0.00012
6572,0.00012
6573,0.00012
6574,0.00012
6575,0.00012
6576,0.00012
6577,0.00012
6578,0.00012
6579,0.00012
6580,0.00012
6581,0.000120967778
6582,0.000162752963
6583,0.000687150556
6584,0.000625392778
6585,0.000426815
6586,0.000303851667
6587,0.000220130556
6588,0.000155750556
6589,0.000127309074
6590,0.000131926111
6591,0.000140355
6592,0.000135381667
6593,0.000133040556
6594,0.000138107222
6595,0.000142255
6596,0.000155327222
6597,0.000158785
6598,0.000160853889
6599,0.000156297222
6600,0.000152851667
6601,0.00012
6602,0.00012
6603,0.00012
6604,0.00012
6605,0.00012
6606,0.00012
6607,0.00012
6608,0.00012
6609,0.00012
6610,0.00012
6611,0.00012
6612,0.00012
6613,0.00012
6614,0.00012
6615,0.00012
6616,0.00012
6617,0.00012
6618,0.00012
6619,0.00012
6620,0.00012
6621,0.00012
6622,0.00012
6623,0.00012
6624,0.00012
6625,0.00012
6626,0.00012
6627,0.00012
6628,0.00012
6629,0.00012
6630,0.00012
6631,0.00012
6632,0.00012
6633,0.00012
6634,0.00012
6635,0.00012
6636,0.00012
6637,0.00012
6638,0.00012
6639,0.00012
6640,0.00012
6641,0.00012
6642,0.00012
6643,0.00012
6644,0.00012
6645,0.00012
6646,0.00012
6647,0.00012
6648,0.00012
6649,0.00012
6650,0.00012
6651,0.00012
6652,0.00012
6653,0.00012
6654,0.00012
6655,0.00012
6656,0.00012
6657,0.00012
6658,0.00012
6659,0.00012
6660,0.00012
6661,0.00012
6662,0.00012
6663,0.00012
6664,0.00012
6665,0.00012
6666,0.00012
6667,0.00012
6668,0.00012
6669,0.00012
6670,0.00012
6671,0.00012
6672,0.00012
6673,0.00012
6674,0.00012
6675,0.00012
6676,0.00012
6677,0.00012
6678,0.00012
6679,0.00012
6680,0.00012
6681,0.00012
6682,0.00012
6683,0.00012
6684,0.00012
6685,0.00012
6686,0.00012
6687,0.00012
6688,0.00012
6689,0.00012
6690,0.00012
6691,0.00012
6692,0.00012
6693,0.00012
6694,0.00012
6695,0.00012
6696,0.00012
6697,0.00012
6698,0.00012
6699,0.00012
6700,0.00012
6701,0.00012
6702,0.00012
6703,0.00012
6704,0.00012
6705,0.00012
6706,0.00012
6707,0.00012
6708,0.00012
6709,0.00012
6710,0.00012
6711,0.00012
6712,0.00012
6713,0.00012
6714,0.00012
6715,0.00012
6716,0.00012
6717,0.00012
6718,0.00012
6719,0.00012
6720,0.00012
6721,0.00012
6722,0.00012
6723,0.00012
6724,0.00012
6725,0.00012
6726,0.00012
6727,0.00012
6728,0.00012
6729,0.00012
6730,0.00012
6731,0.00012
6732,0.00012
6733,0.00012
6734,0.00012
6735,0.00012
6736,0.00012
6737,0.00012
6738,0.00012
6739,0.00012
6740,0.00012
6741,0.00012
6742,0.00012
6743,0.00012
6744,0.00012
6745,0.00012
6746,0.00012
6747,0.00012
6748,0.00012
6749,0.00012
6750,0.00012
6751,0.00012
6752,0.00012
6753,0.00012
6754,0.00012
6755,0.00012
6756,0.00012
6757,0.00012
6758,0.00012
6759,0.00012
6760,0.00012
6761,0.00012
6762,0.00012
6763,0.00012
6764,0.00012
6765,0.00012
6766,0.00012
6767,0.00012
6768,0.00012
6769,0.00012
6770,0.00012
6771,0.00012
6772,0.00012
6773,0.00012
6774,0.00012
6775,0.00012
6776,0.00012
6777,0.00012
6778,0.00012
6779,0.00012
6780,0.00012
6781,0.00012
6782,0.00012
6783,0.00012
6784,0.00012
6785,0.00012
6786,0.00012
6787,0.00012
6788,0.00012
6789,0.00012
6790,0.00012
6791,0.00012
6792,0.00012
6793,0.00012
6794,0.00012
6795,0.00012
6796,0.00012
6797,0.00012
6798,0.00012
6799,0.00012
6800,0.00012
6801,0.000120967778
6802,0.000162752963
6803,0.000687150556
6804,0.000625392778
6805,0.000426815
6806,0.000303851667
6807,0.000220130556
6808,0.000155750556
6809,0.000127309074
6810,0.000131926111
6811,0.000140355
6812,0.000135381667
6813,0.000133040556
6814,0.000138107222
6815,0.000142255
6816,0.000155327222
6817,0.000158785
6818,0.000160853889
6819,0.000156297222
6820,0.000152851667
6821,0.00012
6822,0.00012
6823,0.00012
6824,0.00012
6825,0.00012
6826,0.00012
6827,0.00012
6828,0.00012
6829,0.00012
6830,0.00012
6831,0.00012
6832,0.00012
6833,0.00012
6834,0.00012
6835,0.00012
6836,0.00012
6837,0.00012
6838,0.00012
6839,0.00012
6840,0.00012
6841,0.00012
6842,0.00012
6843,0.00012
6844,0.00012
6845,0.00012
6846,0.00012
6847,0.00012
6848,0.00012
6849,0.00012
6850,0.00012
6851,0.00012
6852,0.00012
6853,0.00012
6854,0.00012
6855,0.00012
6856,0.00012
6857,0.00012
6858,0.00012
6859,0.00012
6860,0.00012
6861,0.00012
6862,0.00012
6863,0.00012
6864,0.00012
6865,0.00012
6866,0.00012
6867,0.00012
6868,0.00012
6869,0.00012
6870,0.00012
6871,0.00012
6872,0.00012
6873,0.00012
6874,0.00012
6875,0.00012
6876,0.00012
6877,0.00012
6878,0.00012
6879,0.00012
6880,0.00012
6881,0.00012
6882,0.00012
6883,0.00012
6884,0.00012
6885,0.00012
6886,0.00012
6887,0.00012
6888,0.00012
6889,0.00012
6890,0.00012
6891,0.00012
6892,0.00012
6893,0.00012
6894,0.00012
6895,0.00012
6896,0.00012
6897,0.00012
6898,0.00012
6899,0.00012
6900,0.00012
6901,0.00012
6902,0.00012
6903,0.00012
6904,0.00012
6905,0.00012
6906,0.00012
6907,0.00012
6908,0.00012
6909,0.00012
6910,0.00012
6911,0.00012
6912,0.00012
6913,0.00012
6914,0.00012
6915,0.00012
6916,0.00012
6917,0.00012
6918,0.00012
6919,0.00012
6920,0.00012
6921,0.00012
6922,0.00012
6923,0.00012
6924,0.00012
6925,0.00012
6926,0.00012
6927,0.00012
6928,0.00012
6929,0.00012
6930,0.00012
6931,0.00012
6932,0.00012
6933,0.00012
6934,0.00012
6935,0.00012
6936,0.00012
6937,0.00012
6938,0.00012
6939,0.00012
6940,0.00012
6941,0.00012
6942,0.00012
6943,0.00012
6944,0.00012
6945,0.00012
6946,0.00012
6947,0.00012
6948,0.00012
6949,0.00012
6950,0.00012
6951,0.00012
6952,0.00012
6953,0.00012
6954,0.00012
6955,0.00012
6956,0.00012
6957,0.00012
6958,0.00012
6959,0.00012
6960,0.00012
6961,0.00012
6962,0.00012
6963,0.00012
6964,0.00012
6965,0.00012
6966,0.00012
6967,0.00012
6968,0.00012
6969,0.00012
6970,0.00012
6971,0.00012
6972,0.00012
6973,0.00012
6974,0.00012
6975,0.00012
6976,0.00012
6977,0.00012
6978,0.00012
6979,0.00012
6980,0.00012
6981,0.00012
6982,0.00012
6983,0.00012
6984,0.00012
6985,0.00012
6986,0.00012
6987,0.00012
6988,0.00012
6989,0.00012
6990,0.00012
6991,0.00012
6992,0.00012
6993,0.00012
6994,0.00012
6995,0.00012
6996,0.00012
6997,0.00012
6998,0.00012
6999,0.00012
7000,0.00012
7001,0.00012
7002,0.00012
7003,0.00012
7004,0.00012
7005,0.00012
7006,0.00012
7007,0.00012
7008,0.00012
7009,0.00012
7010,0.00012
7011,0.00012
7012,0.00012
7013,0.00012
7014,0.00012
7015,0.00012
7016,0.00012
7017,0.00012
7018,0.00012
7019,0.00012
7020,0.00012
7021,0.000120967778
7022,0.000162752963
7023,0.000687150556
7024,0.000625392778
7025,0.000426815
7026,0.000303851667
7027,0.000220130556
7028,0.000155750556
7029,0.000127309074
7030,0.000131926111
7031,0.000140355
7032,0.000135381667
7033,0.000133040556
7034,0.000138107222
7035,0.000142255
7036,0.000155327222
7037,0.000158785
7038,0.000160853889
7039,0.000156297222
7040,0.000152851667
7041,0.00012
7042,0.00012
7043,0.00012
7044,0.00012
7045,0.00012
7046,0.00012
7047,0.00012
7048,0.00012
7049,0.00012
7050,0.00012
7051,0.00012
7052,0.00012
7053,0.00012
7054,0.00012
7055,0.00012
7056,0.00012
7057,0.00012
7058,0.00012
7059,0.00012
7060,0.00012
7061,0.00012
7062,0.00012
7063,0.00012
7064,0.00012
7065,0.00012
7066,0.00012
7067,0.00012
7068,0.00012
7069,0.00012
7070,0.00012
7071,0.00012
7072,0.00012
7073,0.00012
7074,0.00012
7075,0.00012
7076,0.00012
7077,0.00012
7078,0.00012
7079,0.00012
7080,0.00012
7081,0.00012
7082,0.00012
7083,0.00012
7084,0.00012
7085,0.00012
7086,0.00012
7087,0.00012
7088,0.00012
7089,0.00012
7090,0.00012
7091,0.00012
7092,0.00012
7093,0.00012
7094,0.00012
7095,0.00012
7096,0.00012
7097,0.00012
7098,0.00012
7099,0.00012
7100,0.00012
7101,0.00012
7102,0.00012
7103,0.00012
7104,0.00012
7105,0.00012
7106,0.00012
7107,0.00012
7108,0.00012
7109,0.00012
7110,0.00012
7111,0.00012
7112,0.00012
7113,0.00012
7114,0.00012
7115,0.00012
7116,0.00012
7117,0.00012
7118,0.00012
7119,0.00012
7120,0.00012
7121,0.00012
7122,0.00012
7123,0.00012
7124,0.00012
7125,0.00012
7126,0.00012
7127,0.00012
7128,0.00012
7129,0.00012
7130,0.00012
7131,0.00012
7132,0.00012
7133,0.00012
7134,0.00012
7135,0.00012
7136,0.00012
7137,0.00012
7138,0.00012
7139,0.00012
7140,0.00012
7141,0.00012
7142,0.00012
7143,0.00012
7144,0.00012
7145,0.00012
7146,0.00012
7147,0.00012
7148,0.00012
7149,0.00012
7150,0.00012
7151,0.00012
7152,0.00012
7153,0.00012
7154,0.00012
7155,0.00012
7156,0.00012
7157,0.00012
7158,0.00012
7159,0.00012
7160,0.00012
7161,0.00012
7162,0.00012
7163,0.00012
7164,0.00012
7165,0.00012
7166,0.00012
7167,0.00012
7168,0.00012
7169,0.00012
7170,0.00012
7171,0.00012
7172,0.00012
7173,0.00012
7174,0.00012
7175,0.00012
7176,0.00012
7177,0.00012
7178,0.00012
7179,0.00012
7180,0.00012
7181,0.00012
7182,0.00012
7183,0.00012
7184,0.00012
7185,0.00012
7186,0.00012
7187,0.00012
7188,0.00012
7189,0.00012
7190,0.00012
7191,0.00012
7192,0.00012
7193,0.00012
7194,0.00012
7195,0.00012
7196,0.00012
7197,0.00012
7198,0.00012
7199,0.00012
7200,0.00012
7201,0.00012
7202,0.00012
7203,0.00012
7204,0.00012
7205,0.00012
7206,0.00012
7207,0.00012
7208,0.00012
7209,0.00012
7210,0.00012
7211,0.00012
7212,0.00012
7213,0.00012
7214,0.00012
7215,0.00012
7216,0.00012
7217,0.00012
7218,0.00012
7219,0.00012
7220,0.00012
7221,0.00012
7222,0.00012
7223,0.00012
7224,0.00012
7225,0.00012
7226,0.00012
7227,0.00012
7228,0.00012
7229,0.00012
7230,0.00012
7231,0.00012
7232,0.00012
7233,0.00012
7234,0.00012
7235,0.00012
7236,0.00012
7237,0.00012
7238,0.00012
7239,0.00012
7240,0.00012
7241,0.000120967778
7242,0.000162752963
7243,0.000687150556
7244,0.000625392778
7245,0.000426815
7246,0.000303851667
7247,0.000220130556
7248,0.000155750556
7249,0.000127309074
7250,0.000131926111
7251,0.000140355
7252,0.000135381667
7253,0.000133040556
7254,0.000138107222
7255,0.000142255
7256,0.000155327222
7257,0.000158785
7258,0.000160853889
7259,0.000156297222
7260,0.000152851667
7261,0.00012
7262,0.00012
7263,0.00012
7264,0.00012
7265,0.00012
7266,0.00012
7267,0.00012
7268,0.00012
7269,0.00012
7270,0.00012
7271,0.00012
7272,0.00012
7273,0.00012
7274,0.00012
7275,0.00012
7276,0.00012
7277,0.00012
7278,0.00012
7279,0.00012
7280,0.00012
7281,0.00012
7282,0.00012
7283,0.00012
7284,0.00012
7285,0.00012
7286,0.00012
7287,0.00012
7288,0.00012
7289,0.00012
7290,0.00012
7291,0.00012
7292,0.00012
7293,0.00012
7294,0.00012
7295,0.00012
7296,0.00012
7297,0.00012
7298,0.00012
7299,0.00012
7300,0.00012
7301,0.00012
7302,0.00012
7303,0.00012
7304,0.00012
7305,0.00012
7306,0.00012
7307,0.00012
7308,0.00012
7309,0.00012
7310,0.00012
7311,0.00012
7312,0.00012
7313,0.00012
7314,0.00012
7315,0.00012
7316,0.00012
7317,0.00012
7318,0.00012
7319,0.00012
7320,0.00012
7321,0.00012
7322,0.00012
7323,0.00012
7324,0.00012
7325,0.00012
7326,0.00012
7327,0.00012
7328,0.00012
7329,0.00012
7330,0.00012
7331,0.00012
7332,0.00012
7333,0.00012
7334,0.00012
7335,0.00012
7336,0.00012
7337,0.00012
7338,0.00012
7339,0.00012
7340,0.00012
7341,0.00012
7342,0.00012
7343,0.00012
7344,0.00012
7345,0.00012
7346,0.00012
7347,0.00012
7348,0.00012
7349,0.00012
7350,0.00012
7351,0.00012
7352,0.00012
7353,0.00012
7354,0.00012
7355,0.00012
7356,0.00012
7357,0.00012
7358,0.00012
7359,0.00012
7360,0.00012
7361,0.00012
7362,0.00012
7363,0.00012
7364,0.00012
7365,0.00012
7366,0.00012
7367,0.00012
7368,0.00012
7369,0.00012
7370,0.00012
7371,0.00012
7372,0.00012
7373,0.00012
7374,0.00012
7375,0.00012
7376,0.00012
7377,0.00012
7378,0.00012
7379,0.00012
7380,0.00012
7381,0.00012
7382,0.00012
7383,0.00012
7384,0.00012
7385,0.00012
7386,0.00012
7387,0.00012
7388,0.00012
7389,0.00012
7390,0.00012
7391,0.00012
7392,0.00012
7393,0.00012
7394,0.00012
7395,0.00012
7396,0.00012
7397,0.00012
7398,0.00012
7399,0.00012
7400,0.00012
7401,0.00012
7402,0.00012
7403,0.00012
7404,0.00012
7405,0.00012
7406,0.00012
7407,0.00012
7408,0.00012
7409,0.00012
7410,0.00012
7411,0.00012
7412,0.00012
7413,0.00012
7414,0.00012
7415,0.00012
7416,0.00012
7417,0.00012
7418,0.00012
7419,0.00012
7420,0.00012
7421,0.00012
7422,0.00012
7423,0.00012
7424,0.00012
7425,0.00012
7426,0.00012
7427,0.00012
7428,0.00012
7429,0.00012
7430,0.00012
7431,0.00012
7432,0.00012
7433,0.00012
7434,0.00012
7435,0.00012
7436,0.00012
7437,0.00012
7438,0.00012
7439,0.00012
7440,0.00012
7441,0.00012
7442,0.00012
7443,0.00012
7444,0.00012
7445,0.00012
7446,0.00012
7447,0.00012
7448,0.00012
7449,0.00012
7450,0.00012
7451,0.00012
7452,0.00012
7453,0.00012
7454,0.00012
7455,0.00012
7456,0.00012
7457,0.00012
7458,0.00012
7459,0.00012
7460,0.00012
7461,0.000120967778
7462,0.000162752963
7463,0.000687150556
7464,0.000625392778
7465,0.000426815
7466,0.000303851667
7467,0.000220130556
7468,0.000155750556
7469,0.000127309074
7470,0.000131926111
7471,0.000140355
7472,0.000135381667
7473,0.000133040556
7474,0.000138107222
7475,0.000142255
7476,0.000155327222
7477,0.000158785
7478,0.000160853889
7479,0.000156297222
7480,0.000152851667
7481,0.00012
7482,0.00012
7483,0.00012
7484,0.00012
7485,0.00012
7486,0.00012
7487,0.00012
7488,0.00012
7489,0.00012
7490,0.00012
7491,0.00012
7492,0.00012
7493,0.00012
7494,0.00012
7495,0.00012
7496,0.00012
7497,0.00012
7498,0.00012
7499,0.00012
7500,0.00012
7501,0.00012
7502,0.00012
7503,0.00012
7504,0.00012
7505,0.00012
7506,0.00012
7507,0.00012
7508,0.00012
7509,0.00012
7510,0.00012
7511,0.00012
7512,0.00012
7513,0.00012
7514,0.00012
7515,0.00012
7516,0.00012
7517,0.00012
7518,0.00012
7519,0.00012
7520,0.00012
7521,0.00012
7522,0.00012
7523,0.00012
7524,0.00012
7525,0.00012
7526,0.00012
7527,0.00012
7528,0.00012
7529,0.00012
7530,0.00012
7531,0.00012
7532,0.00012
7533,0.00012
7534,0.00012
7535,0.00012
7536,0.00012
7537,0.00012
7538,0.00012
7539,0.00012
7540,0.00012
7541,0.00012
7542,0.00012
7543,0.00012
7544,0.00012
7545,0.00012
7546,0.00012
7547,0.00012
7548,0.00012
7549,0.00012
7550,0.00012
7551,0.00012
7552,0.00012
7553,0.00012
7554,0.00012
7555,0.00012
7556,0.00012
7557,0.00012
7558,0.00012
7559,0.00012
7560,0.00012
7561,0.00012
7562,0.00012
7563,0.00012
7564,0.00012
7565,0.00012
7566,0.00012
7567,0.00012
7568,0.00012
7569,0.00012
7570,0.00012
7571,0.00012
7572,0.00012
7573,0.00012
7574,0.00012
7575,0.00012
7576,0.00012
7577,0.00012
7578,0.00012
7579,0.00012
7580,0.00012
7581,0.00012
7582,0.00012
7583,0.00012
7584,0.00012
7585,0.00012
7586,0.00012
7587,0.00012
7588,0.00012
7589,0.00012
7590,0.00012
7591,0.00012
7592,0.00012
7593,0.00012
7594,0.00012
7595,0.00012
7596,0.00012
7597,0.00012
7598,0.00012
7599,0.00012
7600,0.00012
7601,0.00012
7602,0.00012
7603,0.00012
7604,0.00012
7605,0.00012
7606,0.00012
7607,0.00012
7608,0.00012
7609,0.00012
7610,0.00012
7611,0.00012
7612,0.00012
7613,0.00012
7614,0.00012
7615,0.00012
7616,0.00012
7617,0.00012
7618,0.00012
7619,0.00012
7620,0.00012
7621,0.00012
7622,0.00012
7623,0.00012
7624,0.00012
7625,0.00012
7626,0.00012
7627,0.00012
7628,0.00012
7629,0.00012
7630,0.00012
7631,0.00012
7632,0.00012
7633,0.00012
7634,0.00012
7635,0.00012
7636,0.00012
7637,0.00012
7638,0.00012
7639,0.00012
7640,0.00012
7641,0.00012
7642,0.00012
7643,0.00012
7644,0.00012
7645,0.00012
7646,0.00012
7647,0.00012
7648,0.00012
7649,0.00012
7650,0.00012
7651,0.00012
7652,0.00012
7653,0.00012
7654,0.00012
7655,0.00012
7656,0.00012
7657,0.00012
7658,0.00012
7659,0.00012
7660,0.00012
7661,0.00012
7662,0.00012
7663,0.00012
7664,0.00012
7665,0.00012
7666,0.00012
7667,0.00012
7668,0.00012
7669,0.00012
7670,0.00012
7671,0.00012
7672,0.00012
7673,0.00012
7674,0.00012
7675,0.00012
7676,0.00012
7677,0.00012
7678,0.00012
7679,0.00012
7680,0.00012
7681,0.000120967778
7682,0.000162752963
7683,0.000687150556
7684,0.000625392778
7685,0.000426815
7686,0.000303851667
7687,0.000220130556
7688,0.000155750556
7689,0.000127309074
7690,0.000131926111
7691,0.000140355
7692,0.000135381667
7693,0.000133040556
7694,0.000138107222
7695,0.000142255
7696,0.000155327222
7697,0.000158785
7698,0.000160853889
7699,0.000156297222
7700,0.000152851667
7701,0.00012
7702,0.00012
7703,0.00012
7704,0.00012
7705,0.00012
7706,0.00012
7707,0.00012
7708,0.00012
7709,0.00012
7710,0.00012
7711,0.00012
7712,0.00012
7713,0.00012
7714,0.00012
7715,0.00012
7716,0.00012
7717,0.00012
7718,0.00012
7719,0.00012
7720,0.00012
7721,0.00012
7722,0.00012
7723,0.00012
7724,0.00012
7725,0.00012
7726,0.00012
7727,0.00012
7728,0.00012
7729,0.00012
7730,0.00012
7731,0.00012
7732,0.00012
7733,0.00012
7734,0.00012
7735,0.00012
7736,0.00012
7737,0.00012
7738,0.00012
7739,0.00012
7740,0.00012
7741,0.00012
7742,0.00012
7743,0.00012
7744,0.00012
7745,0.00012
7746,0.00012
7747,0.00012
7748,0.00012
7749,0.00012
7750,0.00012
7751,0.00012
7752,0.00012
7753,0.00012
7754,0.00012
7755,0.00012
7756,0.00012
7757,0.00012
7758,0.00012
7759,0.00012
7760,0.00012
7761,0.00012
7762,0.00012
7763,0.00012
7764,0.00012
7765,0.00012
7766,0.00012
7767,0.00012
7768,0.00012
7769,0.00012
7770,0.00012
7771,0.00012
7772,0.00012
7773,0.00012
7774,0.00012
7775,0.00012
7776,0.00012
7777,0.00012
7778,0.00012
7779,0.00012
7780,0.00012
7781,0.00012
7782,0.00012
7783,0.00012
7784,0.00012
7785,0.00012
7786,0.00012
7787,0.00012
7788,0.00012
7789,0.00012
7790,0.00012
7791,0.00012
7792,0.00012
7793,0.00012
7794,0.00012
7795,0.00012
7796,0.00012
7797,0.00012
7798,0.00012
7799,0.00012
7800,0.00012
7801,0.00012
7802,0.00012
7803,0.00012
7804,0.00012
7805,0.00012
7806,0.00012
7807,0.00012
7808,0.00012
7809,0.00012
7810,0.00012
7811,0.00012
7812,0.00012
7813,0.00012
7814,0.00012
7815,0.00012
7816,0.00012
7817,0.00012
7818,0.00012
7819,0.00012
7820,0.00012
7821,0.00012
7822,0.00012
7823,0.00012
7824,0.00012
7825,0.00012
7826,0.00012
7827,0.00012
7828,0.00012
7829,0.00012
7830,0.00012
7831,0.00012
7832,0.00012
7833,0.00012
7834,0.00012
7835,0.00012
7836,0.00012
7837,0.00012
7838,0.00012
7839,0.00012
7840,0.00012
7841,0.00012
7842,0.00012
7843,0.00012
7844,0.00012
7845,0.00012
7846,0.00012
7847,0.00012
7848,0.00012
7849,0.00012
7850,0.00012
7851,0.00012
7852,0.00012
7853,0.00012
7854,0.00012
7855,0.00012
7856,0.00012
7857,0.00012
7858,0.00012
7859,0.00012
7860,0.00012
7861,0.00012
7862,0.00012
7863,0.00012
7864,0.00012
7865,0.00012
7866,0.00012
7867,0.00012
7868,0.00012
7869,0.00012
7870,0.00012
7871,0.00012
7872,0.00012
7873,0.00012
7874,0.00012
7875,0.00012
7876,0.00012
7877,0.00012
7878,0.00012
7879,0.00012
7880,0.00012
7881,0.00012
7882,0.00012
7883,0.00012
7884,0.00012
7885,0.00012
7886,0.00012
7887,0.00012
7888,0.00012
7889,0.00012
7890,0.00012
7891,0.00012
7892,0.00012
7893,0.00012
7894,0.00012
7895,0.00012
7896,0.00012
7897,0.00012
7898,0.00012
7899,0.00012
7900,0.00012
7901,0.000120967778
7902,0.000162752963
7903,0.000687150556
7904,0.000625392778
7905,0.000426815
7906,0.000303851667
7907,0.000220130556
7908,0.000155750556
7909,0.000127309074
7910,0.000131926111
7911,0.000140355
7912,0.000135381667
7913,0.000133040556
7914,0.000138107222
7915,0.000142255
7916,0.000155327222
7917,0.000158785
7918,0.000160853889
7919,0.000156297222
7920,0.000152851667
7921,0.00012
7922,0.00012
7923,0.00012
7924,0.00012
7925,0.00012
7926,0.00012
7927,0.00012
7928,0.00012
7929,0.00012
7930,0.00012
7931,0.00012
7932,0.00012
7933,0.00012
7934,0.00012
7935,0.00012
7936,0.00012
7937,0.00012
7938,0.00012
7939,0.00012
7940,0.00012
7941,0.00012
7942,0.00012
7943,0.00012
7944,0.00012
7945,0.00012
7946,0.00012
7947,0.00012
7948,0.00012
7949,0.00012
7950,0.00012
7951,0.00012
7952,0.00012
7953,0.00012
7954,0.00012
7955,0.00012
7956,0.00012
7957,0.00012
7958,0.00012
7959,0.00012
7960,0.00012
7961,0.00012
7962,0.00012
7963,0.00012
7964,0.00012
7965,0.00012
7966,0.00012
7967,0.00012
7968,0.00012
7969,0.00012
7970,0.00012
7971,0.00012
7972,0.00012
7973,0.00012
7974,0.00012
7975,0.00012
7976,0.00012
7977,0.00012
7978,0.00012
7979,0.00012
7980,0.00012
7981,0.00012
7982,0.00012
7983,0.00012
7984,0.00012
7985,0.00012
7986,0.00012
7987,0.00012
7988,0.00012
7989,0.00012
7990,0.00012
7991,0.00012
7992,0.00012
7993,0.00012
7994,0.00012
7995,0.00012
7996,0.00012
7997,0.00012
7998,0.00012
7999,0.00012
8000,0.00012
8001,0.00012
8002,0.00012
8003,0.00012
8004,0.00012
8005,0.00012
8006,0.00012
8007,0.00012
8008,0.00012
8009,0.00012
8010,0.00012
8011,0.00012
8012,0.00012
8013,0.00012
8014,0.00012
8015,0.00012
8016,0.00012
8017,0.00012
8018,0.00012
8019,0.00012
8020,0.00012
8021,0.00012
8022,0.00012
8023,0.00012
8024,0.00012
8025,0.00012
8026,0.00012
8027,0.00012
8028,0.00012
8029,0.00012
8030,0.00012
8031,0.00012
8032,0.00012
8033,0.00012
8034,0.00012
8035,0.00012
8036,0.00012
8037,0.00012
8038,0.00012
8039,0.00012
8040,0.00012
8041,0.00012
8042,0.00012
8043,0.00012
8044,0.00012
8045,0.00012
8046,0.00012
8047,0.00012
8048,0.00012
8049,0.00012
8050,0.00012
8051,0.00012
8052,0.00012
8053,0.00012
8054,0.00012
8055,0.00012
8056,0.00012
8057,0.00012
8058,0.00012
8059,0.00012
8060,0.00012
8061,0.00012
8062,0.00012
8063,0.00012
8064,0.00012
8065,0.00012
8066,0.00012
8067,0.00012
8068,0.00012
8069,0.00012
8070,0.00012
8071,0.00012
8072,0.00012
8073,0.00012
8074,0.00012
8075,0.00012
8076,0.00012
8077,0.00012
8078,0.00012
8079,0.00012
8080,0.00012
8081,0.00012
8082,0.00012
8083,0.00012
8084,0.00012
8085,0.00012
8086,0.00012
8087,0.00012
8088,0.00012
8089,0.00012
8090,0.00012
8091,0.00012
8092,0.00012
8093,0.00012
8094,0.00012
8095,0.00012
8096,0.00012
8097,0.00012
8098,0.00012
8099,0.00012
8100,0.00012
8101,0.00012
8102,0.00012
8103,0.00012
8104,0.00012
8105,0.00012
8106,0.00012
8107,0.00012
8108,0.00012
8109,0.00012
8110,0.00012
8111,0.00012
8112,0.00012
8113,0.00012
8114,0.00012
8115,0.00012
8116,0.00012
8117,0.00012
8118,0.00012
8119,0.00012
8120,0.00012
8121,0.000120967778
8122,0.000162752963
8123,0.000687150556
8124,0.000625392778
8125,0.000426815
8126,0.000303851667
8127,0.000220130556
8128,0.000155750556
8129,0.000127309074
8130,0.000131926111
8131,0.000140355
8132,0.000135381667
8133,0.000133040556
8134,0.000138107222
8135,0.000142255
8136,0.000155327222
8137,0.000158785
8138,0.000160853889
8139,0.000156297222
8140,0.000152851667
8141,0.00012
8142,0.00012
8143,0.00012
8144,0.00012
8145,0.00012
8146,0.00012
8147,0.00012
8148,0.00012
8149,0.00012
8150,0.00012
8151,0.00012
8152,0.00012
8153,0.00012
8154,0.00012
8155,0.00012
8156,0.00012
8157,0.00012
8158,0.00012
8159,0.00012
8160,0.00012
8161,0.00012
8162,0.00012
8163,0.00012
8164,0.00012
8165,0.00012
8166,0.00012
8167,0.00012
8168,0.00012
8169,0.00012
8170,0.00012
8171,0.00012
8172,0.00012
8173,0.00012
8174,0.00012
8175,0.00012
8176,0.00012
8177,0.00012
8178,0.00012
8179,0.00012
8180,0.00012
8181,0.00012
8182,0.00012
8183,0.00012
8184,0.00012
8185,0.00012
8186,0.00012
8187,0.00012
8188,0.00012
8189,0.00012
8190,0.00012
8191,0.00012
8192,0.00012
8193,0.00012
8194,0.00012
8195,0.00012
8196,0.00012
8197,0.00012
8198,0.00012
8199,0.00012
8200,0.00012
8201,0.00012
8202,0.00012
8203,0.00012
8204,0.00012
8205,0.00012
8206,0.00012
8207,0.00012
8208,0.00012
8209,0.00012
8210,0.00012
8211,0.00012
8212,0.00012
8213,0.00012
8214,0.00012
8215,0.00012
8216,0.00012
8217,0.00012
8218,0.00012
8219,0.00012
8220,0.00012
8221,0.00012
8222,0.00012
8223,0.00012
8224,0.00012
8225,0.00012
8226,0.00012
8227,0.00012
8228,0.00012
8229,0.00012
8230,0.00012
8231,0.00012
8232,0.00012
8233,0.00012
8234,0.00012
8235,0.00012
8236,0.00012
8237,0.00012
8238,0.00012
8239,0.00012
8240,0.00012
8241,0.00012
8242,0.00012
8243,0.00012
8244,0.00012
8245,0.00012
8246,0.00012
8247,0.00012
8248,0.00012
8249,0.00012
8250,0.00012
8251,0.00012
8252,0.00012
8253,0.00012
8254,0.00012
8255,0.00012
8256,0.00012
8257,0.00012
8258,0.00012
8259,0.00012
8260,0.00012
8261,0.00012
8262,0.00012
8263,0.00012
8264,0.00012
8265,0.00012
8266,0.00012
8267,0.00012
8268,0.00012
8269,0.00012
8270,0.00012
8271,0.00012
8272,0.00012
8273,0.00012
8274,0.00012
8275,0.00012
8276,0.00012
8277,0.00012
8278,0.00012
8279,0.00012
8280,0.00012
8281,0.00012
8282,0.00012
8283,0.00012
8284,0.00012
8285,0.00012
8286,0.00012
8287,0.00012
8288,0.00012
8289,0.00012
8290,0.00012
8291,0.00012
8292,0.00012
8293,0.00012
8294,0.00012
8295,0.00012
8296,0.00012
8297,0.00012
8298,0.00012
8299,0.00012
8300,0.00012
8301,0.00012
8302,0.00012
8303,0.00012
8304,0.00012
8305,0.00012
8306,0.00012
8307,0.00012
8308,0.00012
8309,0.00012
8310,0.00012
8311,0.00012
8312,0.00012
8313,0.00012
8314,0.00012
8315,0.00012
8316,0.00012
8317,0.00012
8318,0.00012
8319,0.00012
8320,0.00012
8321,0.00012
8322,0.00012
8323,0.00012
8324,0.00012
8325,0.00012
8326,0.00012
8327,0.00012
8328,0.00012
8329,0.00012
8330,0.00012
8331,0.00012
8332,0.00012
8333,0.00012
8334,0.00012
8335,0.00012
8336,0.00012
8337,0.00012
8338,0.00012
8339,0.00012
8340,0.00012
8341,0.000120967778
8342,0.000162752963
8343,0.000687150556
8344,0.000625392778
8345,0.000426815
8346,0.000303851667
8347,0.000220130556
8348,0.000155750556
8349,0.000127309074
8350,0.000131926111
8351,0.000140355
8352,0.000135381667
8353,0.000133040556
8354,0.000138107222
8355,0.000142255
8356,0.000155327222
8357,0.000158785
8358,0.000160853889
8359,0.000156297222
8360,0.000152851667
8361,0.00012
8362,0.00012
8363,0.00012
8364,0.00012
8365,0.00012
8366,0.00012
8367,0.00012
8368,0.00012
8369,0.00012
8370,0.00012
8371,0.00012
8372,0.00012
8373,0.00012
8374,0.00012
8375,0.00012
8376,0.00012
8377,0.00012
8378,0.00012
8379,0.00012
8380,0.00012
8381,0.00012
8382,0.00012
8383,0.00012
8384,0.00012
8385,0.00012
8386,0.00012
8387,0.00012
8388,0.00012
8389,0.00012
8390,0.00012
8391,0.00012
8392,0.00012
8393,0.00012
8394,0.00012
8395,0.00012
8396,0.00012
8397,0.00012
8398,0.00012
8399,0.00012
8400,0.00012
8401,0.00012
8402,0.00012
8403,0.00012
8404,0.00012
8405,0.00012
8406,0.00012
8407,0.00012
8408,0.00012
8409,0.00012
8410,0.00012
8411,0.00012
8412,0.00012
8413,0.00012
8414,0.00012
8415,0.00012
8416,0.00012
8417,0.00012
8418,0.00012
8419,0.00012
8420,0.00012
8421,0.00012
8422,0.00012
8423,0.00012
8424,0.00012
8425,0.00012
8426,0.00012
8427,0.00012
8428,0.00012
8429,0.00012
8430,0.00012
8431,0.00012
8432,0.00012
8433,0.00012
8434,0.00012
8435,0.00012
8436,0.00012
8437,0.00012
8438,0.00012
8439,0.00012
8440,0.00012
8441,0.00012
8442,0.00012
8443,0.00012
8444,0.00012
8445,0.00012
8446,0.00012
8447,0.00012
8448,0.00012
8449,0.00012
8450,0.00012
8451,0.00012
8452,0.00012
8453,0.00012
8454,0.00012
8455,0.00012
8456,0.00012
8457,0.00012
8458,0.00012
8459,0.00012
8460,0.00012
8461,0.00012
8462,0.00012
8463,0.00012
8464,0.00012
8465,0.00012
8466,0.00012
8467,0.00012
8468,0.00012
8469,0.00012
8470,0.00012
8471,0.00012
8472,0.00012
8473,0.00012
8474,0.00012
8475,0.00012
8476,0.00012
8477,0.00012
8478,0.00012
8479,0.00012
8480,0.00012
8481,0.00012
8482,0.00012
8483,0.00012
8484,0.00012
8485,0.00012
8486,0.00012
8487,0.00012
8488,0.00012
8489,0.00012
8490,0.00012
8491,0.00012
8492,0.00012
8493,0.00012
8494,0.00012
8495,0.00012
8496,0.00012
8497,0.00012
8498,0.00012
8499,0.00012
8500,0.00012
8501,0.00012
8502,0.00012
8503,0.00012
8504,0.00012
8505,0.00012
8506,0.00012
8507,0.00012
8508,0.00012
8509,0.00012
8510,0.00012
8511,0.00012
8512,0.00012
8513,0.00012
8514,0.00012
8515,0.00012
8516,0.00012
8517,0.00012
8518,0.00012
8519,0.00012
8520,0.00012
8521,0.00012
8522,0.00012
8523,0.00012
8524,0.00012
8525,0.00012
8526,0.00012
8527,0.00012
8528,0.00012
8529,0.00012
8530,0.00012
8531,0.00012
8532,0.00012
8533,0.00012
8534,0.00012
8535,0.00012
8536,0.00012
8537,0.00012
8538,0.00012
8539,0.00012
8540,0.00012
8541,0.00012
8542,0.00012
8543,0.00012
8544,0.00012
8545,0.00012
8546,0.00012
8547,0.00012
8548,0.00012
8549,0.00012
8550,0.00012
8551,0.00012
8552,0.00012
8553,0.00012
8554,0.00012
8555,0.00012
8556,0.00012
8557,0.00012
8558,0.00012
8559,0.00012
8560,0.00012
8561,0.000120967778
8562,0.000162752963
8563,0.000687150556
8564,0.000625392778
8565,0.000426815
8566,0.000303851667
8567,0.000220130556
8568,0.000155750556
8569,0.000127309074
8570,0.000131926111
8571,0.000140355
8572,0.000135381667
8573,0.000133040556
8574,0.000138107222
8575,0.000142255
8576,0.000155327222
8577,0.000158785
8578,0.000160853889
8579,0.000156297222
8580,0.000152851667
8581,0.00012
8582,0.00012
8583,0.00012
8584,0.00012
8585,0.00012
8586,0.00012
8587,0.00012
8588,0.00012
8589,0.00012
8590,0.00012
8591,0.00012
8592,0.00012
8593,0.00012
8594,0.00012
8595,0.00012
8596,0.00012
8597,0.00012
8598,0.00012
8599,0.00012
8600,0.00012
8601,0.00012
8602,0.00012
8603,0.00012
8604,0.00012
8605,0.00012
8606,0.00012
8607,0.00012
8608,0.00012
8609,0.00012
8610,0.00012
8611,0.00012
8612,0.00012
8613,0.00012
8614,0.00012
8615,0.00012
8616,0.00012
8617,0.00012
8618,0.00012
8619,0.00012
8620,0.00012
8621,0.00012
8622,0.00012
8623,0.00012
8624,0.00012
8625,0.00012
8626,0.00012
8627,0.00012
8628,0.00012
8629,0.00012
8630,0.00012
8631,0.00012
8632,0.00012
8633,0.00012
8634,0.00012
8635,0.00012
8636,0.00012
8637,0.00012
8638,0.00012
8639,0.00012
8640,0.00012
8641,0.00012
8642,0.00012
8643,0.00012
8644,0.00012
8645,0.00012
8646,0.00012
8647,0.00012
8648,0.00012
8649,0.00012
8650,0.00012
8651,0.00012
8652,0.00012
8653,0.00012
8654,0.00012
8655,0.00012
8656,0.00012
8657,0.00012
8658,0.00012
8659,0.00012
8660,0.00012
8661,0.00012
8662,0.00012
8663,0.00012
8664,0.00012
8665,0.00012
8666,0.00012
8667,0.00012
8668,0.00012
8669,0.00012
8670,0.00012
8671,0.00012
8672,0.00012
8673,0.00012
8674,0.00012
8675,0.00012
8676,0.00012
8677,0.00012
8678,0.00012
8679,0.00012
8680,0.00012
8681,0.00012
8682,0.00012
8683,0.00012
8684,0.00012
8685,0.00012
8686,0.00012
8687,0.00012
8688,0.00012
8689,0.00012
8690,0.00012
8691,0.00012
8692,0.00012
8693,0.00012
8694,0.00012
8695,0.00012
8696,0.00012
8697,0.00012
8698,0.00012
8699,0.00012
8700,0.00012
8701,0.00012
8702,0.00012
8703,0.00012
8704,0.00012
8705,0.00012
8706,0.00012
8707,0.00012
8708,0.00012
8709,0.00012
8710,0.00012
8711,0.00012
8712,0.00012
8713,0.00012
8714,0.00012
8715,0.00012
8716,0.00012
8717,0.00012
8718,0.00012
8719,0.00012
8720,0.00012
8721,0.00012
8722,0.00012
8723,0.00012
8724,0.00012
8725,0.00012
8726,0.00012
8727,0.00012
8728,0.00012
8729,0.00012
8730,0.00012
8731,0.00012
8732,0.00012
8733,0.00012
8734,0.00012
8735,0.00012
8736,0.00012
8737,0.00012
8738,0.00012
8739,0.00012
8740,0.00012
8741,0.00012
8742,0.00012
8743,0.00012
8744,0.00012
8745,0.00012
8746,0.00012
8747,0.00012
8748,0.00012
8749,0.00012
8750,0.00012
8751,0.00012
8752,0.00012
8753,0.00012
8754,0.00012
8755,0.00012
8756,0.00012
8757,0.00012
8758,0.00012
8759,0.00012
8760,0.00012
8761,0.00012
8762,0.00012
8763,0.00012
8764,0.00012
8765,0.00012
8766,0.00012
8767,0.00012
8768,0.00012
8769,0.00012
8770,0.00012
8771,0.00012
8772,0.00012
8773,0.00012
8774,0.00012
8775,0.00012
8776,0.00012
8777,0.00012
8778,0.00012
8779,0.00012
8780,0.00012
8781,0.000120967778
8782,0.000162752963
8783,0.000687150556
8784,0.000625392778
8785,0.000426815
8786,0.000303851667
8787,0.000220130556
8788,0.000155750556
8789,0.000127309074
8790,0.000131926111
8791,0.000140355
8792,0.000135381667
8793,0.000133040556
8794,0.000138107222
8795,0.000142255
8796,0.000155327222
8797,0.000158785
8798,0.000160853889
8799,0.000156297222
8800,0.000152851667
8801,0.00012
8802,0.00012
8803,0.00012
8804,0.00012
8805,0.00012
8806,0.00012
8807,0.00012
8808,0.00012
8809,0.00012
8810,0.00012
8811,0.00012
8812,0.00012
8813,0.00012
8814,0.00012
8815,0.00012
8816,0.00012
8817,0.00012
8818,0.00012
8819,0.00012
8820,0.00012
8821,0.00012
8822,0.00012
8823,0.00012
8824,0.00012
8825,0.00012
8826,0.00012
8827,0.00012
8828,0.00012
8829,0.00012
8830,0.00012
8831,0.00012
8832,0.00012
8833,0.00012
8834,0.00012
8835,0.00012
8836,0.00012
8837,0.00012
8838,0.00012
8839,0.00012
8840,0.00012
8841,0.00012
8842,0.00012
8843,0.00012
8844,0.00012
8845,0.00012
8846,0.00012
8847,0.00012
8848,0.00012
8849,0.00012
8850,0.00012
8851,0.00012
8852,0.00012
8853,0.00012
8854,0.00012
8855,0.00012
8856,0.00012
8857,0.00012
8858,0.00012
8859,0.00012
8860,0.00012
8861,0.00012
8862,0.00012
8863,0.00012
8864,0.00012
8865,0.00012
8866,0.00012
8867,0.00012
8868,0.00012
8869,0.00012
8870,0.00012
8871,0.00012
8872,0.00012
8873,0.00012
8874,0.00012
8875,0.00012
8876,0.00012
8877,0.00012
8878,0.00012
8879,0.00012
8880,0.00012
8881,0.00012
8882,0.00012
8883,0.00012
8884,0.00012
8885,0.00012
8886,0.00012
8887,0.00012
8888,0.00012
8889,0.00012
8890,0.00012
8891,0.00012
8892,0.00012
8893,0.00012
8894,0.00012
8895,0.00012
8896,0.00012
8897,0.00012
8898,0.00012
8899,0.00012
8900,0.00012
8901,0.00012
8902,0.00012
8903,0.00012
8904,0.00012
8905,0.00012
8906,0.00012
8907,0.00012
8908,0.00012
8909,0.00012
8910,0.00012
8911,0.00012
8912,0.00012
8913,0.00012
8914,0.00012
8915,0.00012
8916,0.00012
8917,0.00012
8918,0.00012
8919,0.00012
8920,0.00012
8921,0.00012
8922,0.00012
8923,0.00012
8924,0.00012
8925,0.00012
8926,0.00012
8927,0.00012
8928,0.00012
8929,0.00012
8930,0.00012
8931,0.00012
8932,0.00012
8933,0.00012
8934,0.00012
8935,0.00012
8936,0.00012
8937,0.00012
8938,0.00012
8939,0.00012
8940,0.00012
8941,0.00012
8942,0.00012
8943,0.00012
8944,0.00012
8945,0.00012
8946,0.00012
8947,0.00012
8948,0.00012
8949,0.00012
8950,0.00012
8951,0.00012
8952,0.00012
8953,0.00012
8954,0.00012
8955,0.00012
8956,0.00012
8957,0.00012
8958,0.00012
8959,0.00012
8960,0.00012
8961,0.00012
8962,0.00012
8963,0.00012
8964,0.00012
8965,0.00012
8966,0.00012
8967,0.00012
8968,0.00012
8969,0.00012
8970,0.00012
8971,0.00012
8972,0.00012
8973,0.00012
8974,0.00012
8975,0.00012
8976,0.00012
8977,0.00012
8978,0.00012
8979,0.00012
8980,0.00012
8981,0.00012
8982,0.00012
8983,0.00012
8984,0.00012
8985,0.00012
8986,0.00012
8987,0.00012
8988,0.00012
8989,0.00012
8990,0.00012
8991,0.00012
8992,0.00012
8993,0.00012
8994,0.00012
8995,0.00012
8996,0.00012
8997,0.00012
8998,0.00012
8999,0.00012
9000,0.00012
9001,0.000120967778
9002,0.000162752963
9003,0.000687150556
9004,0.000625392778
9005,0.000426815
9006,0.000303851667
9007,0.000220130556
9008,0.000155750556
9009,0.000127309074
9010,0.000131926111
9011,0.000140355
9012,0.000135381667
9013,0.000133040556
9014,0.000138107222
9015,0.000142255
9016,0.000155327222
9017,0.000158785
9018,0.000160853889
9019,0.000156297222
9020,0.000152851667
9021,0.00012
9022,0.00012
9023,0.00012
9024,0.00012
9025,0.00012
9026,0.00012
9027,0.00012
9028,0.00012
9029,0.00012
9030,0.00012
9031,0.00012
9032,0.00012
9033,0.00012
9034,0.00012
9035,0.00012
9036,0.00012
9037,0.00012
9038,0.00012
9039,0.00012
9040,0.00012
9041,0.00012
9042,0.00012
9043,0.00012
9044,0.00012
9045,0.00012
9046,0.00012
9047,0.00012
9048,0.00012
9049,0.00012
9050,0.00012
9051,0.00012
9052,0.00012
9053,0.00012
9054,0.00012
9055,0.00012
9056,0.00012
9057,0.00012
9058,0.00012
9059,0.00012
9060,0.00012
9061,0.00012
9062,0.00012
9063,0.00012
9064,0.00012
9065,0.00012
9066,0.00012
9067,0.00012
9068,0.00012
9069,0.00012
9070,0.00012
9071,0.00012
9072,0.00012
9073,0.00012
9074,0.00012
9075,0.00012
9076,0.00012
9077,0.00012
9078,0.00012
9079,0.00012
9080,0.00012
9081,0.00012
9082,0.00012
9083,0.00012
9084,0.00012
9085,0.00012
9086,0.00012
9087,0.00012
9088,0.00012
9089,0.00012
9090,0.00012
9091,0.00012
9092,0.00012
9093,0.00012
9094,0.00012
9095,0.00012
9096,0.00012
9097,0.00012
9098,0.00012
9099,0.00012
9100,0.00012
9101,0.00012
9102,0.00012
9103,0.00012
9104,0.00012
9105,0.00012
9106,0.00012
9107,0.00012
9108,0.00012
9109,0.00012
9110,0.00012
9111,0.00012
9112,0.00012
9113,0.00012
9114,0.00012
9115,0.00012
9116,0.00012
9117,0.00012
9118,0.00012
9119,0.00012
9120,0.00012
9121,0.00012
9122,0.00012
9123,0.00012
9124,0.00012
9125,0.00012
9126,0.00012
9127,0.00012
9128,0.00012
9129,0.00012
9130,0.00012
9131,0.00012
9132,0.00012
9133,0.00012
9134,0.00012
9135,0.00012
9136,0.00012
9137,0.00012
9138,0.00012
9139,0.00012
9140,0.00012
9141,0.00012
9142,0.00012
9143,0.00012
9144,0.00012
9145,0.00012
9146,0.00012
9147,0.00012
9148,0.00012
9149,0.00012
9150,0.00012
9151,0.00012
9152,0.00012
9153,0.00012
9154,0.00012
9155,0.00012
9156,0.00012
9157,0.00012
9158,0.00012
9159,0.00012
9160,0.00012
9161,0.00012
9162,0.00012
9163,0.00012
9164,0.00012
9165,0.00012
9166,0.00012
9167,0.00012
9168,0.00012
9169,0.00012
9170,0.00012
9171,0.00012
9172,0.00012
9173,0.00012
9174,0.00012
9175,0.00012
9176,0.00012
9177,0.00012
9178,0.00012
9179,0.00012
9180,0.00012
9181,0.00012
9182,0.00012
9183,0.00012
9184,0.00012
9185,0.00012
9186,0.00012
9187,0.00012
9188,0.00012
9189,0.00012
9190,0.00012
9191,0.00012
9192,0.00012
9193,0.00012
9194,0.00012
9195,0.00012
9196,0.00012
9197,0.00012
9198,0.00012
9199,0.00012
9200,0.00012
9201,0.00012
9202,0.00012
9203,0.00012
9204,0.00012
9205,0.00012
9206,0.00012
9207,0.00012
9208,0.00012
9209,0.00012
9210,0.00012
9211,0.00012
9212,0.00012
9213,0.00012
9214,0.00012
9215,0.00012
9216,0.00012
9217,0.00012
9218,0.00012
9219,0.00012
9220,0.00012
9221,0.000120967778
9222,0.000162752963
9223,0.000687150556
9224,0.000625392778
9225,0.000426815
9226,0.000303851667
9227,0.000220130556
9228,0.000155750556
9229,0.000127309074
9230,0.000131926111
9231,0.000140355
9232,0.000135381667
9233,0.000133040556
9234,0.000138107222
9235,0.000142255
9236,0.000155327222
9237,0.000158785
9238,0.000160853889
9239,0.000156297222
9240,0.000152851667
9241,0.00012
9242,0.00012
9243,0.00012
9244,0.00012
9245,0.00012
9246,0.00012
9247,0.00012
9248,0.00012
9249,0.00012
9250,0.00012
9251,0.00012
9252,0.00012
9253,0.00012
9254,0.00012
9255,0.00012
9256,0.00012
9257,0.00012
9258,0.00012
9259,0.00012
9260,0.00012
9261,0.00012
9262,0.00012
9263,0.00012
9264,0.00012
9265,0.00012
9266,0.00012
9267,0.00012
9268,0.00012
9269,0.00012
9270,0.00012
9271,0.00012
9272,0.00012
9273,0.00012
9274,0.00012
9275,0.00012
9276,0.00012
9277,0.00012
9278,0.00012
9279,0.00012
9280,0.00012
9281,0.00012
9282,0.00012
9283,0.00012
9284,0.00012
9285,0.00012
9286,0.00012
9287,0.00012
9288,0.00012
9289,0.00012
9290,0.00012
9291,0.00012
9292,0.00012
9293,0.00012
9294,0.00012
9295,0.00012
9296,0.00012
9297,0.00012
9298,0.00012
9299,0.00012
9300,0.00012
9301,0.00012
9302,0.00012
9303,0.00012
9304,0.00012
9305,0.00012
9306,0.00012
9307,0.00012
9308,0.00012
9309,0.00012
9310,0.00012
9311,0.00012
9312,0.00012
9313,0.00012
9314,0.00012
9315,0.00012
9316,0.00012
9317,0.00012
9318,0.00012
9319,0.00012
9320,0.00012
9321,0.00012
9322,0.00012
9323,0.00012
9324,0.00012
9325,0.00012
9326,0.00012
9327,0.00012
9328,0.00012
9329,0.00012
9330,0.00012
9331,0.00012
9332,0.00012
9333,0.00012
9334,0.00012
9335,0.00012
9336,0.00012
9337,0.00012
9338,0.00012
9339,0.00012
9340,0.00012
9341,0.00012
9342,0.00012
9343,0.00012
9344,0.00012
9345,0.00012
9346,0.00012
9347,0.00012
9348,0.00012
9349,0.00012
9350,0.00012
9351,0.00012
9352,0.00012
9353,0.00012
9354,0.00012
9355,0.00012
9356,0.00012
9357,0.00012
9358,0.00012
9359,0.00012
9360,0.00012
9361,0.00012
9362,0.00012
9363,0.00012
9364,0.00012
9365,0.00012
9366,0.00012
9367,0.00012
9368,0.00012
9369,0.00012
9370,0.00012
9371,0.00012
9372,0.00012
9373,0.00012
9374,0.00012
9375,0.00012
9376,0.00012
9377,0.00012
9378,0.00012
9379,0.00012
9380,0.00012
9381,0.00012
9382,0.00012
9383,0.00012
9384,0.00012
9385,0.00012
9386,0.00012
9387,0.00012
9388,0.00012
9389,0.00012
9390,0.00012
9391,0.00012
9392,0.00012
9393,0.00012
9394,0.00012
9395,0.00012
9396,0.00012
9397,0.00012
9398,0.00012
9399,0.00012
9400,0.00012
9401,0.00012
9402,0.00012
9403,0.00012
9404,0.00012
9405,0.00012
9406,0.00012
9407,0.00012
9408,0.00012
9409,0.00012
9410,0.00012
9411,0.00012
9412,0.00012
9413,0.00012
9414,0.00012
9415,0.00012
9416,0.00012
9417,0.00012
9418,0.00012
9419,0.00012
9420,0.00012
9421,0.00012
9422,0.00012
9423,0.00012
9424,0.00012
9425,0.00012
9426,0.00012
9427,0.00012
9428,0.00012
9429,0.00012
9430,0.00012
9431,0.00012
9432,0.00012
9433,0.00012
9434,0.00012
9435,0.00012
9436,0.00012
9437,0.00012
9438,0.00012
9439,0.00012
9440,0.00012
9441,0.000120967778
9442,0.000162752963
9443,0.000687150556
9444,0.000625392778
9445,0.000426815
9446,0.000303851667
9447,0.000220130556
9448,0.000155750556
9449,0.000127309074
9450,0.000131926111
9451,0.000140355
9452,0.000135381667
9453,0.000133040556
9454,0.000138107222
9455,0.000142255
9456,0.000155327222
9457,0.000158785
9458,0.000160853889
9459,0.000156297222
9460,0.000152851667
9461,0.00012
9462,0.00012
9463,0.00012
9464,0.00012
9465,0.00012
9466,0.00012
9467,0.00012
9468,0.00012
9469,0.00012
9470,0.00012
9471,0.00012
9472,0.00012
9473,0.00012
9474,0.00012
9475,0.00012
9476,0.00012
9477,0.00012
9478,0.00012
9479,0.00012
9480,0.00012
9481,0.00012
9482,0.00012
9483,0.00012
9484,0.00012
9485,0.00012
9486,0.00012
9487,0.00012
9488,0.00012
9489,0.00012
9490,0.00012
9491,0.00012
9492,0.00012
9493,0.00012
9494,0.00012
9495,0.00012
9496,0.00012
9497,0.00012
9498,0.00012
9499,0.00012
9500,0.00012
9501,0.00012
9502,0.00012
9503,0.00012
9504,0.00012
9505,0.00012
9506,0.00012
9507,0.00012
9508,0.00012
9509,0.00012
9510,0.00012
9511,0.00012
9512,0.00012
9513,0.00012
9514,0.00012
9515,0.00012
9516,0.00012
9517,0.00012
9518,0.00012
9519,0.00012
9520,0.00012
9521,0.00012
9522,0.00012
9523,0.00012
9524,0.00012
9525,0.00012
9526,0.00012
9527,0.00012
9528,0.00012
9529,0.00012
9530,0.00012
9531,0.00012
9532,0.00012
9533,0.00012
9534,0.00012
9535,0.00012
9536,0.00012
9537,0.00012
9538,0.00012
9539,0.00012
9540,0.00012
9541,0.00012
9542,0.00012
9543,0.00012
9544,0.00012
9545,0.00012
9546,0.00012
9547,0.00012
9548,0.00012
9549,0.00012
9550,0.00012
9551,0.00012
9552,0.00012
9553,0.00012
9554,0.00012
9555,0.00012
9556,0.00012
9557,0.00012
9558,0.00012
9559,0.00012
9560,0.00012
9561,0.00012
9562,0.00012
9563,0.00012
9564,0.00012
9565,0.00012
9566,0.00012
9567,0.00012
9568,0.00012
9569,0.00012
9570,0.00012
9571,0.00012
9572,0.00012
9573,0.00012
9574,0.00012
9575,0.00012
9576,0.00012
9577,0.00012
9578,0.00012
9579,0.00012
9580,0.00012
9581,0.00012
9582,0.00012
9583,0.00012
9584,0.00012
9585,0.00012
9586,0.00012
9587,0.00012
9588,0.00012
9589,0.00012
9590,0.00012
9591,0.00012
9592,0.00012
9593,0.00012
9594,0.00012
9595,0.00012
9596,0.00012
9597,0.00012
9598,0.00012
9599,0.00012
9600,0.00012
9601,0.00012
9602,0.00012
9603,0.00012
9604,0.00012
9605,0.00012
9606,0.00012
9607,0.00012
9608,0.00012
9609,0.00012
9610,0.00012
9611,0.00012
9612,0.00012
9613,0.00012
9614,0.00012
9615,0.00012
9616,0.00012
9617,0.00012
9618,0.00012
9619,0.00012
9620,0.00012
9621,0.00012
9622,0.00012
9623,0.00012
9624,0.00012
9625,0.00012
9626,0.00012
9627,0.00012
9628,0.00012
9629,0.00012
9630,0.00012
9631,0.00012
9632,0.00012
9633,0.00012
9634,0.00012
9635,0.00012
9636,0.00012
9637,0.00012
9638,0.00012
9639,0.00012
9640,0.00012
9641,0.00012
9642,0.00012
9643,0.00012
9644,0.00012
9645,0.00012
9646,0.00012
9647,0.00012
9648,0.00012
9649,0.00012
9650,0.00012
9651,0.00012
9652,0.00012
9653,0.00012
9654,0.00012
9655,0.00012
9656,0.00012
9657,0.00012
9658,0.00012
9659,0.00012
9660,0.00012
9661,0.000120967778
9662,0.000162752963
9663,0.000687150556
9664,0.000625392778
9665,0.000426815
9666,0.000303851667
9667,0.000220130556
9668,0.000155750556
9669,0.000127309074
9670,0.000131926111
9671,0.000140355
9672,0.000135381667
9673,0.000133040556
9674,0.000138107222
9675,0.000142255
9676,0.000155327222
9677,0.000158785
9678,0.000160853889
9679,0.000156297222
9680,0.000152851667
9681,0.00012
9682,0.00012
9683,0.00012
9684,0.00012
9685,0.00012
9686,0.00012
9687,0.00012
9688,0.00012
9689,0.00012
9690,0.00012
9691,0.00012
9692,0.00012
9693,0.00012
9694,0.00012
9695,0.00012
9696,0.00012
9697,0.00012
9698,0.00012
9699,0.00012
9700,0.00012
9701,0.00012
9702,0.00012
9703,0.00012
9704,0.00012
9705,0.00012
9706,0.00012
9707,0.00012
9708,0.00012
9709,0.00012
9710,0.00012
9711,0.00012
9712,0.00012
9713,0.00012
9714,0.00012
9715,0.00012
9716,0.00012
9717,0.00012
9718,0.00012
9719,0.00012
9720,0.00012
9721,0.00012
9722,0.00012
9723,0.00012
9724,0.00012
9725,0.00012
9726,0.00012
9727,0.00012
9728,0.00012
9729,0.00012
9730,0.00012
9731,0.00012
9732,0.00012
9733,0.00012
9734,0.00012
9735,0.00012
9736,0.00012
9737,0.00012
9738,0.00012
9739,0.00012
9740,0.00012
9741,0.00012
9742,0.00012
9743,0.00012
9744,0.00012
9745,0.00012
9746,0.00012
9747,0.00012
9748,0.00012
9749,0.00012
9750,0.00012
9751,0.00012
9752,0.00012
9753,0.00012
9754,0.00012
9755,0.00012
9756,0.00012
9757,0.00012
9758,0.00012
9759,0.00012
9760,0.00012
9761,0.00012
9762,0.00012
9763,0.00012
9764,0.00012
9765,0.00012
9766,0.00012
9767,0.00012
9768,0.00012
9769,0.00012
9770,0.00012
9771,0.00012
9772,0.00012
9773,0.00012
9774,0.00012
9775,0.00012
9776,0.00012
9777,0.00012
9778,0.00012
9779,0.00012
9780,0.00012
9781,0.00012
9782,0.00012
9783,0.00012
9784,0.00012
9785,0.00012
9786,0.00012
9787,0.00012
9788,0.00012
9789,0.00012
9790,0.00012
9791,0.00012
9792,0.00012
9793,0.00012
9794,0.00012
9795,0.00012
9796,0.00012
9797,0.00012
9798,0.00012
9799,0.00012
9800,0.00012
9801,0.00012
9802,0.00012
9803,0.00012
9804,0.00012
9805,0.00012
9806,0.00012
9807,0.00012
9808,0.00012
9809,0.00012
9810,0.00012
9811,0.00012
9812,0.00012
9813,0.00012
9814,0.00012
9815,0.00012
9816,0.00012
9817,0.00012
9818,0.00012
9819,0.00012
9820,0.00012
9821,0.00012
9822,0.00012
9823,0.00012
9824,0.00012
9825,0.00012
9826,0.00012
9827,0.00012
9828,0.00012
9829,0.00012
9830,0.00012
9831,0.00012
9832,0.00012
9833,0.00012
9834,0.00012
9835,0.00012
9836,0.00012
9837,0.00012
9838,0.00012
9839,0.00012
9840,0.00012
9841,0.00012
9842,0.00012
9843,0.00012
9844,0.00012
9845,0.00012
9846,0.00012
9847,0.00012
9848,0.00012
9849,0.00012
9850,0.00012
9851,0.00012
9852,0.00012
9853,0.00012
9854,0.00012
9855,0.00012
9856,0.00012
9857,0.00012
9858,0.00012
9859,0.00012
9860,0.00012
9861,0.00012
9862,0.00012
9863,0.00012
9864,0.00012
9865,0.00012
9866,0.00012
9867,0.00012
9868,0.00012
9869,0.00012
9870,0.00012
9871,0.00012
9872,0.00012
9873,0.00012
9874,0.00012
9875,0.00012
9876,0.00012
9877,0.00012
9878,0.00012
9879,0.00012
9880,0.00012
9881,0.000120967778
9882,0.000162752963
9883,0.000687150556
9884,0.000625392778
9885,0.000426815
9886,0.000303851667
9887,0.000220130556
9888,0.000155750556
9889,0.000127309074
9890,0.000131926111
9891,0.000140355
9892,0.000135381667
9893,0.000133040556
9894,0.000138107222
9895,0.000142255
9896,0.000155327222
9897,0.000158785
9898,0.000160853889
9899,0.000156297222
9900,0.000152851667
9901,0.00012
9902,0.00012
9903,0.00012
9904,0.00012
9905,0.00012
9906,0.00012
9907,0.00012
9908,0.00012
9909,0.00012
9910,0.00012
9911,0.00012
9912,0.00012
9913,0.00012
9914,0.00012
9915,0.00012
9916,0.00012
9917,0.00012
9918,0.00012
9919,0.00012
9920,0.00012
9921,0.00012
9922,0.00012
9923,0.00012
9924,0.00012
9925,0.00012
9926,0.00012
9927,0.00012
9928,0.00012
9929,0.00012
9930,0.00012
9931,0.00012
9932,0.00012
9933,0.00012
9934,0.00012
9935,0.00012
9936,0.00012
9937,0.00012
9938,0.00012
9939,0.00012
9940,0.00012
9941,0.00012
9942,0.00012
9943,0.00012
9944,0.00012
9945,0.00012
9946,0.00012
9947,0.00012
9948,0.00012
9949,0.00012
9950,0.00012
9951,0.00012
9952,0.00012
9953,0.00012
9954,0.00012
9955,0.00012
9956,0.00012
9957,0.00012
9958,0.00012
9959,0.00012
9960,0.00012
9961,0.00012
9962,0.00012
9963,0.00012
9964,0.00012
9965,0.00012
9966,0.00012
9967,0.00012
9968,0.00012
9969,0.00012
9970,0.00012
9971,0.00012
9972,0.00012
9973,0.00012
9974,0.00012
9975,0.00012
9976,0.00012
9977,0.00012
9978,0.00012
9979,0.00012
9980,0.00012
9981,0.00012
9982,0.00012
9983,0.00012
9984,0.00012
9985,0.00012
9986,0.00012
9987,0.00012
9988,0.00012
9989,0.00012
9990,0.00012
9991,0.00012
9992,0.00012
9993,0.00012
9994,0.00012
9995,0.00012
9996,0.00012
9997,0.00012
9998,0.00012
9999,0.00012
10000,0.00012
10001,0.00012
10002,0.00012
10003,0.00012
10004,0.00012
10005,0.00012
10006,0.00012
10007,0.00012
10008,0.00012
10009,0.00012
10010,0.00012
10011,0.00012
10012,0.00012
10013,0.00012
10014,0.00012
10015,0.00012
10016,0.00012
10017,0.00012
10018,0.00012
10019,0.00012
10020,0.00012
10021,0.00012
10022,0.00012
10023,0.00012
10024,0.00012
10025,0.00012
10026,0.00012
10027,0.00012
10028,0.00012
10029,0.00012
10030,0.00012
10031,0.00012
10032,0.00012
10033,0.00012
10034,0.00012
10035,0.00012
10036,0.00012
10037,0.00012
10038,0.00012
10039,0.00012
10040,0.00012
10041,0.00012
10042,0.00012
10043,0.00012
10044,0.00012
10045,0.00012
10046,0.00012
10047,0.00012
10048,0.00012
10049,0.00012
10050,0.00012
10051,0.00012
10052,0.00012
10053,0.00012
10054,0.00012
10055,0.00012
10056,0.00012
10057,0.00012
10058,0.00012
10059,0.00012
10060,0.00012
10061,0.00012
10062,0.00012
10063,0.00012
10064,0.00012
10065,0.00012
10066,0.00012
10067,0.00012
10068,0.00012
10069,0.00012
10070,0.00012
10071,0.00012
10072,0.00012
10073,0.00012
10074,0.00012
10075,0.00012
10076,0.00012
10077,0.00012
10078,0.00012
10079,0.00012
10080,0.00012
10081,0.00012
10082,0.00012
10083,0.00012
10084,0.00012
10085,0.00012
10086,0.00012
10087,0.00012
10088,0.00012
10089,0.00012
10090,0.00012
10091,0.00012
10092,0.00012
10093,0.00012
10094,0.00012
10095,0.00012
10096,0.00012
10097,0.00012
10098,0.00012
10099,0.00012
10100,0.00012
10101,0.000120967778
10102,0.000162752963
10103,0.000687150556
10104,0.000625392778
10105,0.000426815
10106,0.000303851667
10107,0.000220130556
10108,0.000155750556
10109,0.000127309074
10110,0.000131926111
10111,0.000140355
10112,0.000135381667
10113,0.000133040556
10114,0.000138107222
10115,0.000142255
10116,0.000155327222
10117,0.000158785
10118,0.000160853889
10119,0.000156297222
10120,0.000152851667
10121,0.00012
10122,0.00012
10123,0.00012
10124,0.00012
10125,0.00012
10126,0.00012
10127,0.00012
10128,0.00012
10129,0.00012
10130,0.00012
10131,0.00012
10132,0.00012
10133,0.00012
10134,0.00012
10135,0.00012
10136,0.00012
10137,0.00012
10138,0.00012
10139,0.00012
10140,0.00012
10141,0.00012
10142,0.00012
10143,0.00012
10144,0.00012
10145,0.00012
10146,0.00012
10147,0.00012
10148,0.00012
10149,0.00012
10150,0.00012
10151,0.00012
10152,0.00012
10153,0.00012
10154,0.00012
10155,0.00012
10156,0.00012
10157,0.00012
10158,0.00012
10159,0.00012
10160,0.00012
10161,0.00012
10162,0.00012
10163,0.00012
10164,0.00012
10165,0.00012
10166,0.00012
10167,0.00012
10168,0.00012
10169,0.00012
10170,0.00012
10171,0.00012
10172,0.00012
10173,0.00012
10174,0.00012
10175,0.00012
10176,0.00012
10177,0.00012
10178,0.00012
10179,0.00012
10180,0.00012
10181,0.00012
10182,0.00012
10183,0.00012
10184,0.00012
10185,0.00012
10186,0.00012
10187,0.00012
10188,0.00012
10189,0.00012
10190,0.00012
10191,0.00012
10192,0.00012
10193,0.00012
10194,0.00012
10195,0.00012
10196,0.00012
10197,0.00012
10198,0.00012
10199,0.00012
10200,0.00012
10201,0.00012
10202,0.00012
10203,0.00012
10204,0.00012
10205,0.00012
10206,0.00012
10207,0.00012
10208,0.00012
10209,0.00012
10210,0.00012
10211,0.00012
10212,0.00012
10213,0.00012
10214,0.00012
10215,0.00012
10216,0.00012
10217,0.00012
10218,0.00012
10219,0.00012
10220,0.00012
10221,0.00012
10222,0.00012
10223,0.00012
10224,0.00012
10225,0.00012
10226,0.00012
10227,0.00012
10228,0.00012
10229,0.00012
10230,0.00012
10231,0.00012
10232,0.00012
10233,0.00012
10234,0.00012
10235,0.00012
10236,0.00012
10237,0.00012
10238,0.00012
10239,0.00012
10240,0.00012
10241,0.00012
10242,0.00012
10243,0.00012
10244,0.00012
10245,0.00012
10246,0.00012
10247,0.00012
10248,0.00012
10249,0.00012
10250,0.00012
10251,0.00012
10252,0.00012
10253,0.00012
10254,0.00012
10255,0.00012
10256,0.00012
10257,0.00012
10258,0.00012
10259,0.00012
10260,0.00012
10261,0.00012
10262,0.00012
10263,0.00012
10264,0.00012
10265,0.00012
10266,0.00012
10267,0.00012
10268,0.00012
10269,0.00012
10270,0.00012
10271,0.00012
10272,0.00012
10273,0.00012
10274,0.00012
10275,0.00012
10276,0.00012
10277,0.00012
10278,0.00012
10279,0.00012
10280,0.00012
10281,0.00012
10282,0.00012
10283,0.00012
10284,0.00012
10285,0.00012
10286,0.00012
10287,0.00012
10288,0.00012
10289,0.00012
10290,0.00012
10291,0.00012
10292,0.00012
10293,0.00012
10294,0.00012
10295,0.00012
10296,0.00012
10297,0.00012
10298,0.00012
10299,0.00012
10300,0.00012
10301,0.00012
10302,0.00012
10303,0.00012
10304,0.00012
10305,0.00012
10306,0.00012
10307,0.00012
10308,0.00012
10309,0.00012
10310,0.00012
10311,0.00012
10312,0.00012
10313,0.00012
10314,0.00012
10315,0.00012
10316,0.00012
10317,0.00012
10318,0.00012
10319,0.00012
10320,0.00012
10321,0.000120967778
10322,0.000162752963
10323,0.000687150556
10324,0.000625392778
10325,0.000426815
10326,0.000303851667
10327,0.000220130556
10328,0.000155750556
10329,0.000127309074
10330,0.000131926111
10331,0.000140355
10332,0.000135381667
10333,0.000133040556
10334,0.000138107222
10335,0.000142255
10336,0.000155327222
10337,0.000158785
10338,0.000160853889
10339,0.000156297222
10340,0.000152851667
10341,0.00012
10342,0.00012
10343,0.00012
10344,0.00012
10345,0.00012
10346,0.00012
10347,0.00012
10348,0.00012
10349,0.00012
10350,0.00012
10351,0.00012
10352,0.00012
10353,0.00012
10354,0.00012
10355,0.00012
10356,0.00012
10357,0.00012
10358,0.00012
10359,0.00012
10360,0.00012
10361,0.00012
10362,0.00012
10363,0.00012
10364,0.00012
10365,0.00012
10366,0.00012
10367,0.00012
10368,0.00012
10369,0.00012
10370,0.00012
10371,0.00012
10372,0.00012
10373,0.00012
10374,0.00012
10375,0.00012
10376,0.00012
10377,0.00012
10378,0.00012
10379,0.00012
10380,0.00012
10381,0.00012
10382,0.00012
10383,0.00012
10384,0.00012
10385,0.00012
10386,0.00012
10387,0.00012
10388,0.00012
10389,0.00012
10390,0.00012
10391,0.00012
10392,0.00012
10393,0.00012
10394,0.00012
10395,0.00012
10396,0.00012
10397,0.00012
10398,0.00012
10399,0.00012
10400,0.00012
10401,0.00012
10402,0.00012
10403,0.00012
10404,0.00012
10405,0.00012
10406,0.00012
10407,0.00012
10408,0.00012
10409,0.00012
10410,0.00012
10411,0.00012
10412,0.00012
10413,0.00012
10414,0.00012
10415,0.00012
10416,0.00012
10417,0.00012
10418,0.00012
10419,0.00012
10420,0.00012
10421,0.00012
10422,0.00012
10423,0.00012
10424,0.00012
10425,0.00012
10426,0.00012
10427,0.00012
10428,0.00012
10429,0.00012
10430,0.00012
10431,0.00012
10432,0.00012
10433,0.00012
10434,0.00012
10435,0.00012
10436,0.00012
10437,0.00012
10438,0.00012
10439,0.00012
10440,0.00012
10441,0.00012
10442,0.00012
10443,0.00012
10444,0.00012
10445,0.00012
10446,0.00012
10447,0.00012
10448,0.00012
10449,0.00012
10450,0.00012
10451,0.00012
10452,0.00012
10453,0.00012
10454,0.00012
10455,0.00012
10456,0.00012
10457,0.00012
10458,0.00012
10459,0.00012
10460,0.00012
10461,0.00012
10462,0.00012
10463,0.00012
10464,0.00012
10465,0.00012
10466,0.00012
10467,0.00012
10468,0.00012
10469,0.00012
10470,0.00012
10471,0.00012
10472,0.00012
10473,0.00012
10474,0.00012
10475,0.00012
10476,0.00012
10477,0.00012
10478,0.00012
10479,0.00012
10480,0.00012
10481,0.00012
10482,0.00012
10483,0.00012
10484,0.00012
10485,0.00012
10486,0.00012
10487,0.00012
10488,0.00012
10489,0.00012
10490,0.00012
10491,0.00012
10492,0.00012
10493,0.00012
10494,0.00012
10495,0.00012
10496,0.00012
10497,0.00012
10498,0.00012
10499,0.00012
10500,0.00012
10501,0.00012
10502,0.00012
10503,0.00012
10504,0.00012
10505,0.00012
10506,0.00012
10507,0.00012
10508,0.00012
10509,0.00012
10510,0.00012
10511,0.00012
10512,0.00012
10513,0.00012
10514,0.00012
10515,0.00012
10516,0.00012
10517,0.00012
10518,0.00012
10519,0.00012
10520,0.00012
10521,0.00012
10522,0.00012
10523,0.00012
10524,0.00012
10525,0.00012
10526,0.00012
10527,0.00012
10528,0.00012
10529,0.00012
10530,0.00012
10531,0.00012
10532,0.00012
10533,0.00012
10534,0.00012
10535,0.00012
10536,0.00012
10537,0.00012
10538,0.00012
10539,0.00012
10540,0.00012
10541,0.000120967778
10542,0.000162752963
10543,0.000687150556
10544,0.000625392778
10545,0.000426815
10546,0.000303851667
10547,0.000220130556
10548,0.000155750556
10549,0.000127309074
10550,0.000131926111
10551,0.000140355
10552,0.000135381667
10553,0.000133040556
10554,0.000138107222
10555,0.000142255
10556,0.000155327222
10557,0.000158785
10558,0.000160853889
10559,0.000156297222
10560,0.000152851667
10561,0.00012
10562,0.00012
10563,0.00012
10564,0.00012
10565,0.00012
10566,0.00012
10567,0.00012
10568,0.00012
10569,0.00012
10570,0.00012
10571,0.00012
10572,0.00012
10573,0.00012
10574,0.00012
10575,0.00012
10576,0.00012
10577,0.00012
10578,0.00012
10579,0.00012
10580,0.00012
10581,0.00012
10582,0.00012
10583,0.00012
10584,0.00012
10585,0.00012
10586,0.00012
10587,0.00012
10588,0.00012
10589,0.00012
10590,0.00012
10591,0.00012
10592,0.00012
10593,0.00012
10594,0.00012
10595,0.00012
10596,0.00012
10597,0.00012
10598,0.00012
10599,0.00012
10600,0.00012
10601,0.00012
10602,0.00012
10603,0.00012
10604,0.00012
10605,0.00012
10606,0.00012
10607,0.00012
10608,0.00012
10609,0.00012
10610,0.00012
10611,0.00012
10612,0.00012
10613,0.00012
10614,0.00012
10615,0.00012
10616,0.00012
10617,0.00012
10618,0.00012
10619,0.00012
10620,0.00012
10621,0.00012
10622,0.00012
10623,0.00012
10624,0.00012
10625,0.00012
10626,0.00012
10627,0.00012
10628,0.00012
10629,0.00012
10630,0.00012
10631,0.00012
10632,0.00012
10633,0.00012
10634,0.00012
10635,0.00012
10636,0.00012
10637,0.00012
10638,0.00012
10639,0.00012
10640,0.00012
10641,0.00012
10642,0.00012
10643,0.00012
10644,0.00012
10645,0.00012
10646,0.00012
10647,0.00012
10648,0.00012
10649,0.00012
10650,0.00012
10651,0.00012
10652,0.00012
10653,0.00012
10654,0.00012
10655,0.00012
10656,0.00012
10657,0.00012
10658,0.00012
10659,0.00012
10660,0.00012
10661,0.00012
10662,0.00012
10663,0.00012
10664,0.00012
10665,0.00012
10666,0.00012
10667,0.00012
10668,0.00012
10669,0.00012
10670,0.00012
10671,0.00012
10672,0.00012
10673,0.00012
10674,0.00012
10675,0.00012
10676,0.00012
10677,0.00012
10678,0.00012
10679,0.00012
10680,0.00012
10681,0.00012
10682,0.00012
10683,0.00012
10684,0.00012
10685,0.00012
10686,0.00012
10687,0.00012
10688,0.00012
10689,0.00012
10690,0.00012
10691,0.00012
10692,0.00012
10693,0.00012
10694,0.00012
10695,0.00012
10696,0.00012
10697,0.00012
10698,0.00012
10699,0.00012
10700,0.00012
10701,0.00012
10702,0.00012
10703,0.00012
10704,0.00012
10705,0.00012
10706,0.00012
10707,0.00012
10708,0.00012
10709,0.00012
10710,0.00012
10711,0.00012
10712,0.00012
10713,0.00012
10714,0.00012
10715,0.00012
10716,0.00012
10717,0.00012
10718,0.00012
10719,0.00012
10720,0.00012
10721,0.00012
10722,0.00012
10723,0.00012
10724,0.00012
10725,0.00012
10726,0.00012
10727,0.00012
10728,0.00012
10729,0.00012
10730,0.00012
10731,0.00012
10732,0.00012
10733,0.00012
10734,0.00012
10735,0.00012
10736,0.00012
10737,0.00012
10738,0.00012
10739,0.00012
10740,0.00012
10741,0.00012
10742,0.00012
10743,0.00012
10744,0.00012
10745,0.00012
10746,0.00012
10747,0.00012
10748,0.00012
10749,0.00012
10750,0.00012
10751,0.00012
10752,0.00012
10753,0.00012
10754,0.00012
10755,0.00012
10756,0.00012
10757,0.00012
10758,0.00012
10759,0.00012
10760,0.00012
10761,0.000120967778
10762,0.000162752963
10763,0.000687150556
10764,0.000625392778
10765,0.000426815
10766,0.000303851667
10767,0.000220130556
10768,0.000155750556
10769,0.000127309074
10770,0.000131926111
10771,0.000140355
10772,0.000135381667
10773,0.000133040556
10774,0.000138107222
10775,0.000142255
10776,0.000155327222
10777,0.000158785
10778,0.000160853889
10779,0.000156297222
10780,0.000152851667
10781,0.00012
10782,0.00012
10783,0.00012
10784,0.00012
10785,0.00012
10786,0.00012
10787,0.00012
10788,0.00012
10789,0.00012
10790,0.00012
10791,0.00012
10792,0.00012
10793,0.00012
10794,0.00012
10795,0.00012
10796,0.00012
10797,0.00012
10798,0.00012
10799,0.00012
10800,0.00012
10801,0.00012
10802,0.00012
10803,0.00012
10804,0.00012
10805,0.00012
10806,0.00012
10807,0.00012
10808,0.00012
10809,0.00012
10810,0.00012
10811,0.00012
10812,0.00012
10813,0.00012
10814,0.00012
10815,0.00012
10816,0.00012
10817,0.00012
10818,0.00012
10819,0.00012
10820,0.00012
10821,0.00012
10822,0.00012
10823,0.00012
10824,0.00012
10825,0.00012
10826,0.00012
10827,0.00012
10828,0.00012
10829,0.00012
10830,0.00012
10831,0.00012
10832,0.00012
10833,0.00012
10834,0.00012
10835,0.00012
10836,0.00012
10837,0.00012
10838,0.00012
10839,0.00012
10840,0.00012
10841,0.00012
10842,0.00012
10843,0.00012
10844,0.00012
10845,0.00012
10846,0.00012
10847,0.00012
10848,0.00012
10849,0.00012
10850,0.00012
10851,0.00012
10852,0.00012
10853,0.00012
10854,0.00012
10855,0.00012
10856,0.00012
10857,0.00012
10858,0.00012
10859,0.00012
10860,0.00012
10861,0.00012
10862,0.00012
10863,0.00012
10864,0.00012
10865,0.00012
10866,0.00012
10867,0.00012
10868,0.00012
10869,0.00012
10870,0.00012
10871,0.00012
10872,0.00012
10873,0.00012
10874,0.00012
10875,0.00012
10876,0.00012
10877,0.00012
10878,0.00012
10879,0.00012
10880,0.00012
10881,0.00012
10882,0.00012
10883,0.00012
10884,0.00012
10885,0.00012
10886,0.00012
10887,0.00012
10888,0.00012
10889,0.00012
10890,0.00012
10891,0.00012
10892,0.00012
10893,0.00012
10894,0.00012
10895,0.00012
10896,0.00012
10897,0.00012
10898,0.00012
10899,0.00012
10900,0.00012
10901,0.00012
10902,0.00012
10903,0.00012
10904,0.00012
10905,0.00012
10906,0.00012
10907,0.00012
10908,0.00012
10909,0.00012
10910,0.00012
10911,0.00012
10912,0.00012
10913,0.00012
10914,0.00012
10915,0.00012
10916,0.00012
10917,0.00012
10918,0.00012
10919,0.00012
10920,0.00012
10921,0.00012
10922,0.00012
10923,0.00012
10924,0.00012
10925,0.00012
10926,0.00012
10927,0.00012
10928,0.00012
10929,0.00012
10930,0.00012
10931,0.00012
10932,0.00012
10933,0.00012
10934,0.00012
10935,0.00012
10936,0.00012
10937,0.00012
10938,0.00012
10939,0.00012
10940,0.00012
10941,0.00012
10942,0.00012
10943,0.00012
10944,0.00012
10945,0.00012
10946,0.00012
10947,0.00012
10948,0.00012
10949,0.00012
10950,0.00012
10951,0.00012
10952,0.00012
10953,0.00012
10954,0.00012
10955,0.00012
10956,0.00012
10957,0.00012
10958,0.00012
10959,0.00012
10960,0.00012
10961,0.00012
10962,0.00012
10963,0.00012
10964,0.00012
10965,0.00012
10966,0.00012
10967,0.00012
10968,0.00012
10969,0.00012
10970,0.00012
10971,0.00012
10972,0.00012
10973,0.00012
10974,0.00012
10975,0.00012
10976,0.00012
10977,0.00012
10978,0.00012
10979,0.00012
10980,0.00012
10981,0.000120967778
10982,0.000162752963
10983,0.000687150556
10984,0.000625392778
10985,0.000426815
10986,0.000303851667
10987,0.000220130556
10988,0.000155750556
10989,0.000127309074
10990,0.000131926111
10991,0.000140355
10992,0.000135381667
10993,0.000133040556
10994,0.000138107222
10995,0.000142255
10996,0.000155327222
10997,0.000158785
10998,0.000160853889
10999,0.000156297222
11000,0.000152851667
11001,0.00012
11002,0.00012
11003,0.00012
11004,0.00012
11005,0.00012
11006,0.00012
11007,0.00012
11008,0.00012
11009,0.00012
11010,0.00012
11011,0.00012
11012,0.00012
11013,0.00012
11014,0.00012
11015,0.00012
11016,0.00012
11017,0.00012
11018,0.00012
11019,0.00012
11020,0.00012
11021,0.00012
11022,0.00012
11023,0.00012
11024,0.00012
11025,0.00012
11026,0.00012
11027,0.00012
11028,0.00012
11029,0.00012
11030,0.00012
11031,0.00012
11032,0.00012
11033,0.00012
11034,0.00012
11035,0.00012
11036,0.00012
11037,0.00012
11038,0.00012
11039,0.00012
11040,0.00012
11041,0.00012
11042,0.00012
11043,0.00012
11044,0.00012
11045,0.00012
11046,0.00012
11047,0.00012
11048,0.00012
11049,0.00012
11050,0.00012
11051,0.00012
11052,0.00012
11053,0.00012
11054,0.00012
11055,0.00012
11056,0.00012
11057,0.00012
11058,0.00012
11059,0.00012
11060,0.00012
11061,0.00012
11062,0.00012
11063,0.00012
11064,0.00012
11065,0.00012
11066,0.00012
11067,0.00012
11068,0.00012
11069,0.00012
11070,0.00012
11071,0.00012
11072,0.00012
11073,0.00012
11074,0.00012
11075,0.00012
11076,0.00012
11077,0.00012
11078,0.00012
11079,0.00012
11080,0.00012
11081,0.00012
11082,0.00012
11083,0.00012
11084,0.00012
11085,0.00012
11086,0.00012
11087,0.00012
11088,0.00012
11089,0.00012
11090,0.00012
11091,0.00012
11092,0.00012
11093,0.00012
11094,0.00012
11095,0.00012
11096,0.00012
11097,0.00012
11098,0.00012
11099,0.00012
11100,0.00012
11101,0.00012
11102,0.00012
11103,0.00012
11104,0.00012
11105,0.00012
11106,0.00012
11107,0.00012
11108,0.00012
11109,0.00012
11110,0.00012
11111,0.00012
11112,0.00012
11113,0.00012
11114,0.00012
11115,0.00012
11116,0.00012
11117,0.00012
11118,0.00012
11119,0.00012
11120,0.00012
11121,0.00012
11122,0.00012
11123,0.00012
11124,0.00012
11125,0.00012
11126,0.00012
11127,0.00012
11128,0.00012
11129,0.00012
11130,0.00012
11131,0.00012
11132,0.00012
11133,0.00012
11134,0.00012
11135,0.00012
11136,0.00012
11137,0.00012
11138,0.00012
11139,0.00012
11140,0.00012
11141,0.00012
11142,0.00012
11143,0.00012
11144,0.00012
11145,0.00012
11146,0.00012
11147,0.00012
11148,0.00012
11149,0.00012
11150,0.00012
11151,0.00012
11152,0.00012
11153,0.00012
11154,0.00012
11155,0.00012
11156,0.00012
11157,0.00012
11158,0.00012
11159,0.00012
11160,0.00012
11161,0.00012
11162,0.00012
11163,0.00012
11164,0.00012
11165,0.00012
11166,0.00012
11167,0.00012
11168,0.00012
11169,0.00012
11170,0.00012
11171,0.00012
11172,0.00012
11173,0.00012
11174,0.00012
11175,0.00012
11176,0.00012
11177,0.00012
11178,0.00012
11179,0.00012
11180,0.00012
11181,0.00012
11182,0.00012
11183,0.00012
11184,0.00012
11185,0.00012
11186,0.00012
11187,0.00012
11188,0.00012
11189,0.00012
11190,0.00012
11191,0.00012
11192,0.00012
11193,0.00012
11194,0.00012
11195,0.00012
11196,0.00012
11197,0.00012
11198,0.00012
11199,0.00012
11200,0.00012
11201,0.000120967778
11202,0.000162752963
11203,0.000687150556
11204,0.000625392778
11205,0.000426815
11206,0.000303851667
11207,0.000220130556
11208,0.000155750556
11209,0.000127309074
11210,0.000131926111
11211,0.000140355
11212,0.000135381667
11213,0.000133040556
11214,0.000138107222
11215,0.000142255
11216,0.000155327222
11217,0.000158785
11218,0.000160853889
11219,0.000156297222
11220,0.000152851667
11221,0.00012
11222,0.00012
11223,0.00012
11224,0.00012
11225,0.00012
11226,0.00012
11227,0.00012
11228,0.00012
11229,0.00012
11230,0.00012
11231,0.00012
11232,0.00012
11233,0.00012
11234,0.00012
11235,0.00012
11236,0.00012
11237,0.00012
11238,0.00012
11239,0.00012
11240,0.00012
11241,0.00012
11242,0.00012
11243,0.00012
11244,0.00012
11245,0.00012
11246,0.00012
11247,0.00012
11248,0.00012
11249,0.00012
11250,0.00012
11251,0.00012
11252,0.00012
11253,0.00012
11254,0.00012
11255,0.00012
11256,0.00012
11257,0.00012
11258,0.00012
11259,0.00012
11260,0.00012
11261,0.00012
11262,0.00012
11263,0.00012
11264,0.00012
11265,0.00012
11266,0.00012
11267,0.00012
11268,0.00012
11269,0.00012
11270,0.00012
11271,0.00012
11272,0.00012
11273,0.00012
11274,0.00012
11275,0.00012
11276,0.00012
11277,0.00012
11278,0.00012
11279,0.00012
11280,0.00012
11281,0.00012
11282,0.00012
11283,0.00012
11284,0.00012
11285,0.00012
11286,0.00012
11287,0.00012
11288,0.00012
11289,0.00012
11290,0.00012
11291,0.00012
11292,0.00012
11293,0.00012
11294,0.00012
11295,0.00012
11296,0.00012
11297,0.00012
11298,0.00012
11299,0.00012
11300,0.00012
11301,0.00012
11302,0.00012
11303,0.00012
11304,0.00012
11305,0.00012
11306,0.00012
11307,0.00012
11308,0.00012
11309,0.00012
11310,0.00012
11311,0.00012
11312,0.00012
11313,0.00012
11314,0.00012
11315,0.00012
11316,0.00012
11317,0.00012
11318,0.00012
11319,0.00012
11320,0.00012
11321,0.00012
11322,0.00012
11323,0.00012
11324,0.00012
11325,0.00012
11326,0.00012
11327,0.00012
11328,0.00012
11329,0.00012
11330,0.00012
11331,0.00012
11332,0.00012
11333,0.00012
11334,0.00012
11335,0.00012
11336,0.00012
11337,0.00012
11338,0.00012
11339,0.00012
11340,0.00012
11341,0.00012
11342,0.00012
11343,0.00012
11344,0.00012
11345,0.00012
11346,0.00012
11347,0.00012
11348,0.00012
11349,0.00012
11350,0.00012
11351,0.00012
11352,0.00012
11353,0.00012
11354,0.00012
11355,0.00012
11356,0.00012
11357,0.00012
11358,0.00012
11359,0.00012
11360,0.00012
11361,0.00012
11362,0.00012
11363,0.00012
11364,0.00012
11365,0.00012
11366,0.00012
11367,0.00012
11368,0.00012
11369,0.00012
11370,0.00012
11371,0.00012
11372,0.00012
11373,0.00012
11374,0.00012
11375,0.00012
11376,0.00012
11377,0.00012
11378,0.00012
11379,0.00012
11380,0.00012
11381,0.00012
11382,0.00012
11383,0.00012
11384,0.00012
11385,0.00012
11386,0.00012
11387,0.00012
11388,0.00012
11389,0.00012
11390,0.00012
11391,0.00012
11392,0.00012
11393,0.00012
11394,0.00012
11395,0.00012
11396,0.00012
11397,0.00012
11398,0.00012
11399,0.00012
11400,0.00012
11401,0.00012
11402,0.00012
11403,0.00012
11404,0.00012
11405,0.00012
11406,0.00012
11407,0.00012
11408,0.00012
11409,0.00012
11410,0.00012
11411,0.00012
11412,0.00012
11413,0.00012
11414,0.00012
11415,0.00012
11416,0.00012
11417,0.00012
11418,0.00012
11419,0.00012
11420,0.00012
11421,0.000120967778
11422,0.000162752963
11423,0.000687150556
11424,0.000625392778
11425,0.000426815
11426,0.000303851667
11427,0.000220130556
11428,0.000155750556
11429,0.000127309074
11430,0.000131926111
11431,0.000140355
11432,0.000135381667
11433,0.000133040556
11434,0.000138107222
11435,0.000142255
11436,0.000155327222
11437,0.000158785
11438,0.000160853889
11439,0.000156297222
11440,0.000152851667
11441,0.00012
11442,0.00012
11443,0.00012
11444,0.00012
11445,0.00012
11446,0.00012
11447,0.00012
11448,0.00012
11449,0.00012
11450,0.00012
11451,0.00012
11452,0.00012
11453,0.00012
11454,0.00012
11455,0.00012
11456,0.00012
11457,0.00012
11458,0.00012
11459,0.00012
11460,0.00012
11461,0.00012
11462,0.00012
11463,0.00012
11464,0.00012
11465,0.00012
11466,0.00012
11467,0.00012
11468,0.00012
11469,0.00012
11470,0.00012
11471,0.00012
11472,0.00012
11473,0.00012
11474,0.00012
11475,0.00012
11476,0.00012
11477,0.00012
11478,0.00012
11479,0.00012
11480,0.00012
11481,0.00012
11482,0.00012
11483,0.00012
11484,0.00012
11485,0.00012
11486,0.00012
11487,0.00012
11488,0.00012
11489,0.00012
11490,0.00012
11491,0.00012
11492,0.00012
11493,0.00012
11494,0.00012
11495,0.00012
11496,0.00012
11497,0.00012
11498,0.00012
11499,0.00012
11500,0.00012
11501,0.00012
11502,0.00012
11503,0.00012
11504,0.00012
11505,0.00012
11506,0.00012
11507,0.00012
11508,0.00012
11509,0.00012
11510,0.00012
11511,0.00012
11512,0.00012
11513,0.00012
11514,0.00012
11515,0.00012
11516,0.00012
11517,0.00012
11518,0.00012
11519,0.00012
11520,0.00012
11521,0.00012
11522,0.00012
11523,0.00012
11524,0.00012
11525,0.00012
11526,0.00012
11527,0.00012
11528,0.00012
11529,0.00012
11530,0.00012
11531,0.00012
11532,0.00012
11533,0.00012
11534,0.00012
11535,0.00012
11536,0.00012
11537,0.00012
11538,0.00012
11539,0.00012
11540,0.00012
11541,0.00012
11542,0.00012
11543,0.00012
11544,0.00012
11545,0.00012
11546,0.00012
11547,0.00012
11548,0.00012
11549,0.00012
11550,0.00012
11551,0.00012
11552,0.00012
11553,0.00012
11554,0.00012
11555,0.00012
11556,0.00012
11557,0.00012
11558,0.00012
11559,0.00012
11560,0.00012
11561,0.00012
11562,0.00012
11563,0.00012
11564,0.00012
11565,0.00012
11566,0.00012
11567,0.00012
11568,0.00012
11569,0.00012
11570,0.00012
11571,0.00012
11572,0.00012
11573,0.00012
11574,0.00012
11575,0.00012
11576,0.00012
11577,0.00012
11578,0.00012
11579,0.00012
11580,0.00012
11581,0.00012
11582,0.00012
11583,0.00012
11584,0.00012
11585,0.00012
11586,0.00012
11587,0.00012
11588,0.00012
11589,0.00012
11590,0.00012
11591,0.00012
11592,0.00012
11593,0.00012
11594,0.00012
11595,0.00012
11596,0.00012
11597,0.00012
11598,0.00012
11599,0.00012
11600,0.00012
11601,0.00012
11602,0.00012
11603,0.00012
11604,0.00012
11605,0.00012
11606,0.00012
11607,0.00012
11608,0.00012
11609,0.00012
11610,0.00012
11611,0.00012
11612,0.00012
11613,0.00012
11614,0.00012
11615,0.00012
11616,0.00012
11617,0.00012
11618,0.00012
11619,0.00012
11620,0.00012
11621,0.00012
11622,0.00012
11623,0.00012
11624,0.00012
11625,0.00012
11626,0.00012
11627,0.00012
11628,0.00012
11629,0.00012
11630,0.00012
11631,0.00012
11632,0.00012
11633,0.00012
11634,0.00012
11635,0.00012
11636,0.00012
11637,0.00012
11638,0.00012
11639,0.00012
11640,0.00012
11641,0.000120967778
11642,0.000162752963
11643,0.000687150556
11644,0.000625392778
11645,0.000426815
11646,0.000303851667
11647,0.000220130556
11648,0.000155750556
11649,0.000127309074
11650,0.000131926111
11651,0.000140355
11652,0.000135381667
11653,0.000133040556
11654,0.000138107222
11655,0.000142255
11656,0.000155327222
11657,0.000158785
11658,0.000160853889
11659,0.000156297222
11660,0.000152851667
11661,0.00012
11662,0.00012
11663,0.00012
11664,0.00012
11665,0.00012
11666,0.00012
11667,0.00012
11668,0.00012
11669,0.00012
11670,0.00012
11671,0.00012
11672,0.00012
11673,0.00012
11674,0.00012
11675,0.00012
11676,0.00012
11677,0.00012
11678,0.00012
11679,0.00012
11680,0.00012
11681,0.00012
11682,0.00012
11683,0.00012
11684,0.00012
11685,0.00012
11686,0.00012
11687,0.00012
11688,0.00012
11689,0.00012
11690,0.00012
11691,0.00012
11692,0.00012
11693,0.00012
11694,0.00012
11695,0.00012
11696,0.00012
11697,0.00012
11698,0.00012
11699,0.00012
11700,0.00012
11701,0.00012
11702,0.00012
11703,0.00012
11704,0.00012
11705,0.00012
11706,0.00012
11707,0.00012
11708,0.00012
11709,0.00012
11710,0.00012
11711,0.00012
11712,0.00012
11713,0.00012
11714,0.00012
11715,0.00012
11716,0.00012
11717,0.00012
11718,0.00012
11719,0.00012
11720,0.00012
11721,0.00012
11722,0.00012
11723,0.00012
11724,0.00012
11725,0.00012
11726,0.00012
11727,0.00012
11728,0.00012
11729,0.00012
11730,0.00012
11731,0.00012
11732,0.00012
11733,0.00012
11734,0.00012
11735,0.00012
11736,0.00012
11737,0.00012
11738,0.00012
11739,0.00012
11740,0.00012
11741,0.00012
11742,0.00012
11743,0.00012
11744,0.00012
11745,0.00012
11746,0.00012
11747,0.00012
11748,0.00012
11749,0.00012
11750,0.00012
11751,0.00012
11752,0.00012
11753,0.00012
11754,0.00012
11755,0.00012
11756,0.00012
11757,0.00012
11758,0.00012
11759,0.00012
11760,0.00012
11761,0.00012
11762,0.00012
11763,0.00012
11764,0.00012
11765,0.00012
11766,0.00012
11767,0.00012
11768,0.00012
11769,0.00012
11770,0.00012
11771,0.00012
11772,0.00012
11773,0.00012
11774,0.00012
11775,0.00012
11776,0.00012
11777,0.00012
11778,0.00012
11779,0.00012
11780,0.00012
11781,0.00012
11782,0.00012
11783,0.00012
11784,0.00012
11785,0.00012
11786,0.00012
11787,0.00012
11788,0.00012
11789,0.00012
11790,0.00012
11791,0.00012
11792,0.00012
11793,0.00012
11794,0.00012
11795,0.00012
11796,0.00012
11797,0.00012
11798,0.00012
11799,0.00012
11800,0.00012
11801,0.00012
11802,0.00012
11803,0.00012
11804,0.00012
11805,0.00012
11806,0.00012
11807,0.00012
11808,0.00012
11809,0.00012
11810,0.00012
11811,0.00012
11812,0.00012
11813,0.00012
11814,0.00012
11815,0.00012
11816,0.00012
11817,0.00012
11818,0.00012
11819,0.00012
11820,0.00012
11821,0.00012
11822,0.00012
11823,0.00012
11824,0.00012
11825,0.00012
11826,0.00012
11827,0.00012
11828,0.00012
11829,0.00012
11830,0.00012
11831,0.00012
11832,0.00012
11833,0.00012
11834,0.00012
11835,0.00012
11836,0.00012
11837,0.00012
11838,0.00012
11839,0.00012
11840,0.00012
11841,0.00012
11842,0.00012
11843,0.00012
11844,0.00012
11845,0.00012
11846,0.00012
11847,0.00012
11848,0.00012
11849,0.00012
11850,0.00012
11851,0.00012
11852,0.00012
11853,0.00012
11854,0.00012
11855,0.00012
11856,0.00012
11857,0.00012
11858,0.00012
11859,0.00012
11860,0.00012
11861,0.000120967778
11862,0.000162752963
11863,0.000687150556
11864,0.000625392778
11865,0.000426815
11866,0.000303851667
11867,0.000220130556
11868,0.000155750556
11869,0.000127309074
11870,0.000131926111
11871,0.000140355
11872,0.000135381667
11873,0.000133040556
11874,0.000138107222
11875,0.000142255
11876,0.000155327222
11877,0.000158785
11878,0.000160853889
11879,0.000156297222
11880,0.000152851667
11881,0.00012
11882,0.00012
11883,0.00012
11884,0.00012
11885,0.00012
11886,0.00012
11887,0.00012
11888,0.00012
11889,0.00012
11890,0.00012
11891,0.00012
11892,0.00012
11893,0.00012
11894,0.00012
11895,0.00012
11896,0.00012
11897,0.00012
11898,0.00012
11899,0.00012
11900,0.00012
11901,0.00012
11902,0.00012
11903,0.00012
11904,0.00012
11905,0.00012
11906,0.00012
11907,0.00012
11908,0.00012
11909,0.00012
11910,0.00012
11911,0.00012
11912,0.00012
11913,0.00012
11914,0.00012
11915,0.00012
11916,0.00012
11917,0.00012
11918,0.00012
11919,0.00012
11920,0.00012
11921,0.00012
11922,0.00012
11923,0.00012
11924,0.00012
11925,0.00012
11926,0.00012
11927,0.00012
11928,0.00012
11929,0.00012
11930,0.00012
11931,0.00012
11932,0.00012
11933,0.00012
11934,0.00012
11935,0.00012
11936,0.00012
11937,0.00012
11938,0.00012
11939,0.00012
11940,0.00012
11941,0.00012
11942,0.00012
11943,0.00012
11944,0.00012
11945,0.00012
11946,0.00012
11947,0.00012
11948,0.00012
11949,0.00012
11950,0.00012
11951,0.00012
11952,0.00012
11953,0.00012
11954,0.00012
11955,0.00012
11956,0.00012
11957,0.00012
11958,0.00012
11959,0.00012
11960,0.00012
11961,0.00012
11962,0.00012
11963,0.00012
11964,0.00012
11965,0.00012
11966,0.00012
11967,0.00012
11968,0.00012
11969,0.00012
11970,0.00012
11971,0.00012
11972,0.00012
11973,0.00012
11974,0.00012
11975,0.00012
11976,0.00012
11977,0.00012
11978,0.00012
11979,0.00012
11980,0.00012
11981,0.00012
11982,0.00012
11983,0.00012
11984,0.00012
11985,0.00012
11986,0.00012
11987,0.00012
11988,0.00012
11989,0.00012
11990,0.00012
11991,0.00012
11992,0.00012
11993,0.00012
11994,0.00012
11995,0.00012
11996,0.00012
11997,0.00012
11998,0.00012
11999,0.00012
12000,0.00012
12001,0.00012
12002,0.00012
12003,0.00012
12004,0.00012
12005,0.00012
12006,0.00012
12007,0.00012
12008,0.00012
12009,0.00012
12010,0.00012
12011,0.00012
12012,0.00012
12013,0.00012
12014,0.00012
12015,0.00012
12016,0.00012
12017,0.00012
12018,0.00012
12019,0.00012
12020,0.00012
12021,0.00012
12022,0.00012
12023,0.00012
12024,0.00012
12025,0.00012
12026,0.00012
12027,0.00012
12028,0.00012
12029,0.00012
12030,0.00012
12031,0.00012
12032,0.00012
12033,0.00012
12034,0.00012
12035,0.00012
12036,0.00012
12037,0.00012
12038,0.00012
12039,0.00012
12040,0.00012
12041,0.00012
12042,0.00012
12043,0.00012
12044,0.00012
12045,0.00012
12046,0.00012
12047,0.00012
12048,0.00012
12049,0.00012
12050,0.00012
12051,0.00012
12052,0.00012
12053,0.00012
12054,0.00012
12055,0.00012
12056,0.00012
12057,0.00012
12058,0.00012
12059,0.00012
12060,0.00012
12061,0.00012
12062,0.00012
12063,0.00012
12064,0.00012
12065,0.00012
12066,0.00012
12067,0.00012
12068,0.00012
12069,0.00012
12070,0.00012
12071,0.00012
12072,0.00012
12073,0.00012
12074,0.00012
12075,0.00012
12076,0.00012
12077,0.00012
12078,0.00012
12079,0.00012
12080,0.00012
12081,0.000120967778
12082,0.000162752963
12083,0.000687150556
12084,0.000625392778
12085,0.000426815
12086,0.000303851667
12087,0.000220130556
12088,0.000155750556
12089,0.000127309074
12090,0.000131926111
12091,0.000140355
12092,0.000135381667
12093,0.000133040556
12094,0.000138107222
12095,0.000142255
12096,0.000155327222
12097,0.000158785
12098,0.000160853889
12099,0.000156297222
12100,0.000152851667
12101,0.00012
12102,0.00012
12103,0.00012
12104,0.00012
12105,0.00012
12106,0.00012
12107,0.00012
12108,0.00012
12109,0.00012
12110,0.00012
12111,0.00012
12112,0.00012
12113,0.00012
12114,0.00012
12115,0.00012
12116,0.00012
12117,0.00012
12118,0.00012
12119,0.00012
12120,0.00012
12121,0.00012
12122,0.00012
12123,0.00012
12124,0.00012
12125,0.00012
12126,0.00012
12127,0.00012
12128,0.00012
12129,0.00012
12130,0.00012
12131,0.00012
12132,0.00012
12133,0.00012
12134,0.00012
12135,0.00012
12136,0.00012
12137,0.00012
12138,0.00012
12139,0.00012
12140,0.00012
12141,0.00012
12142,0.00012
12143,0.00012
12144,0.00012
12145,0.00012
12146,0.00012
12147,0.00012
12148,0.00012
12149,0.00012
12150,0.00012
12151,0.00012
12152,0.00012
12153,0.00012
12154,0.00012
12155,0.00012
12156,0.00012
12157,0.00012
12158,0.00012
12159,0.00012
12160,0.00012
12161,0.00012
12162,0.00012
12163,0.00012
12164,0.00012
12165,0.00012
12166,0.00012
12167,0.00012
12168,0.00012
12169,0.00012
12170,0.00012
12171,0.00012
12172,0.00012
12173,0.00012
12174,0.00012
12175,0.00012
12176,0.00012
12177,0.00012
12178,0.00012
12179,0.00012
12180,0.00012
12181,0.00012
12182,0.00012
12183,0.00012
12184,0.00012
12185,0.00012
12186,0.00012
12187,0.00012
12188,0.00012
12189,0.00012
12190,0.00012
12191,0.00012
12192,0.00012
12193,0.00012
12194,0.00012
12195,0.00012
12196,0.00012
12197,0.00012
12198,0.00012
12199,0.00012
12200,0.00012
12201,0.00012
12202,0.00012
12203,0.00012
12204,0.00012
12205,0.00012
12206,0.00012
12207,0.00012
12208,0.00012
12209,0.00012
12210,0.00012
12211,0.00012
12212,0.00012
12213,0.00012
12214,0.00012
12215,0.00012
12216,0.00012
12217,0.00012
12218,0.00012
12219,0.00012
12220,0.00012
12221,0.00012
12222,0.00012
12223,0.00012
12224,0.00012
12225,0.00012
12226,0.00012
12227,0.00012
12228,0.00012
12229,0.00012
12230,0.00012
12231,0.00012
12232,0.00012
12233,0.00012
12234,0.00012
12235,0.00012
12236,0.00012
12237,0.00012
12238,0.00012
12239,0.00012
12240,0.00012
12241,0.00012
12242,0.00012
12243,0.00012
12244,0.00012
12245,0.00012
12246,0.00012
12247,0.00012
12248,0.00012
12249,0.00012
12250,0.00012
12251,0.00012
12252,0.00012
12253,0.00012
12254,0.00012
12255,0.00012
12256,0.00012
12257,0.00012
12258,0.00012
12259,0.00012
12260,0.00012
12261,0.00012
12262,0.00012
12263,0.00012
12264,0.00012
12265,0.00012
12266,0.00012
12267,0.00012
12268,0.00012
12269,0.00012
12270,0.00012
12271,0.00012
12272,0.00012
12273,0.00012
12274,0.00012
12275,0.00012
12276,0.00012
12277,0.00012
12278,0.00012
12279,0.00012
12280,0.00012
12281,0.00012
12282,0.00012
12283,0.00012
12284,0.00012
12285,0.00012
12286,0.00012
12287,0.00012
12288,0.00012
12289,0.00012
12290,0.00012
12291,0.00012
12292,0.00012
12293,0.00012
12294,0.00012
12295,0.00012
12296,0.00012
12297,0.00012
12298,0.00012
12299,0.00012
12300,0.00012
12301,0.000120967778
12302,0.000162752963
12303,0.000687150556
12304,0.000625392778
12305,0.000426815
12306,0.000303851667
12307,0.000220130556
12308,0.000155750556
12309,0.000127309074
12310,0.000131926111
12311,0.000140355
12312,0.000135381667
12313,0.000133040556
12314,0.000138107222
12315,0.000142255
12316,0.000155327222
12317,0.000158785
12318,0.000160853889
12319,0.000156297222
12320,0.000152851667
12321,0.00012
12322,0.00012
12323,0.00012
12324,0.00012
12325,0.00012
12326,0.00012
12327,0.00012
12328,0.00012
12329,0.00012
12330,0.00012
12331,0.00012
12332,0.00012
12333,0.00012
12334,0.00012
12335,0.00012
12336,0.00012
12337,0.00012
12338,0.00012
12339,0.00012
12340,0.00012
12341,0.00012
12342,0.00012
12343,0.00012
12344,0.00012
12345,0.00012
12346,0.00012
12347,0.00012
12348,0.00012
12349,0.00012
12350,0.00012
12351,0.00012
12352,0.00012
12353,0.00012
12354,0.00012
12355,0.00012
12356,0.00012
12357,0.00012
12358,0.00012
12359,0.00012
12360,0.00012
12361,0.00012
12362,0.00012
12363,0.00012
12364,0.00012
12365,0.00012
12366,0.00012
12367,0.00012
12368,0.00012
12369,0.00012
12370,0.00012
12371,0.00012
12372,0.00012
12373,0.00012
12374,0.00012
12375,0.00012
12376,0.00012
12377,0.00012
12378,0.00012
12379,0.00012
12380,0.00012
12381,0.00012
12382,0.00012
12383,0.00012
12384,0.00012
12385,0.00012
12386,0.00012
12387,0.00012
12388,0.00012
12389,0.00012
12390,0.00012
12391,0.00012
12392,0.00012
12393,0.00012
12394,0.00012
12395,0.00012
12396,0.00012
12397,0.00012
12398,0.00012
12399,0.00012
12400,0.00012
12401,0.00012
12402,0.00012
12403,0.00012
12404,0.00012
12405,0.00012
12406,0.00012
12407,0.00012
12408,0.00012
12409,0.00012
12410,0.00012
12411,0.00012
12412,0.00012
12413,0.00012
12414,0.00012
12415,0.00012
12416,0.00012
12417,0.00012
12418,0.00012
12419,0.00012
12420,0.00012
12421,0.00012
12422,0.00012
12423,0.00012
12424,0.00012
12425,0.00012
12426,0.00012
12427,0.00012
12428,0.00012
12429,0.00012
12430,0.00012
12431,0.00012
12432,0.00012
12433,0.00012
12434,0.00012
12435,0.00012
12436,0.00012
12437,0.00012
12438,0.00012
12439,0.00012
12440,0.00012
12441,0.00012
12442,0.00012
12443,0.00012
12444,0.00012
12445,0.00012
12446,0.00012
12447,0.00012
12448,0.00012
12449,0.00012
12450,0.00012
12451,0.00012
12452,0.00012
12453,0.00012
12454,0.00012
12455,0.00012
12456,0.00012
12457,0.00012
12458,0.00012
12459,0.00012
12460,0.00012
12461,0.00012
12462,0.00012
12463,0.00012
12464,0.00012
12465,0.00012
12466,0.00012
12467,0.00012
12468,0.00012
12469,0.00012
12470,0.00012
12471,0.00012
12472,0.00012
12473,0.00012
12474,0.00012
12475,0.00012
12476,0.00012
12477,0.00012
12478,0.00012
12479,0.00012
12480,0.00012
12481,0.00012
12482,0.00012
12483,0.00012
12484,0.00012
12485,0.00012
12486,0.00012
12487,0.00012
12488,0.00012
12489,0.00012
12490,0.00012
12491,0.00012
12492,0.00012
12493,0.00012
12494,0.00012
12495,0.00012
12496,0.00012
12497,0.00012
12498,0.00012
12499,0.00012
12500,0.00012
12501,0.00012
12502,0.00012
12503,0.00012
12504,0.00012
12505,0.00012
12506,0.00012
12507,0.00012
12508,0.00012
12509,0.00012
12510,0.00012
12511,0.00012
12512,0.00012
12513,0.00012
12514,0.00012
12515,0.00012
12516,0.00012
12517,0.00012
12518,0.00012
12519,0.00012
12520,0.00012
12521,0.000120967778
12522,0.000162752963
12523,0.000687150556
12524,0.000625392778
12525,0.000426815
12526,0.000303851667
12527,0.000220130556
12528,0.000155750556
12529,0.000127309074
12530,0.000131926111
12531,0.000140355
12532,0.000135381667
12533,0.000133040556
12534,0.000138107222
12535,0.000142255
12536,0.000155327222
12537,0.000158785
12538,0.000160853889
12539,0.000156297222
12540,0.000152851667
12541,0.00012
12542,0.00012
12543,0.00012
12544,0.00012
12545,0.00012
12546,0.00012
12547,0.00012
12548,0.00012
12549,0.00012
12550,0.00012
12551,0.00012
12552,0.00012
12553,0.00012
12554,0.00012
12555,0.00012
12556,0.00012
12557,0.00012
12558,0.00012
12559,0.00012
12560,0.00012
12561,0.00012
12562,0.00012
12563,0.00012
12564,0.00012
12565,0.00012
12566,0.00012
12567,0.00012
12568,0.00012
12569,0.00012
12570,0.00012
12571,0.00012
12572,0.00012
12573,0.00012
12574,0.00012
12575,0.00012
12576,0.00012
12577,0.00012
12578,0.00012
12579,0.00012
12580,0.00012
12581,0.00012
12582,0.00012
12583,0.00012
12584,0.00012
12585,0.00012
12586,0.00012
12587,0.00012
12588,0.00012
12589,0.00012
12590,0.00012
12591,0.00012
12592,0.00012
12593,0.00012
12594,0.00012
12595,0.00012
12596,0.00012
12597,0.00012
12598,0.00012
12599,0.00012
12600,0.00012
12601,0.00012
12602,0.00012
12603,0.00012
12604,0.00012
12605,0.00012
12606,0.00012
12607,0.00012
12608,0.00012
12609,0.00012
12610,0.00012
12611,0.00012
12612,0.00012
12613,0.00012
12614,0.00012
12615,0.00012
12616,0.00012
12617,0.00012
12618,0.00012
12619,0.00012
12620,0.00012
12621,0.00012
12622,0.00012
12623,0.00012
12624,0.00012
12625,0.00012
12626,0.00012
12627,0.00012
12628,0.00012
12629,0.00012
12630,0.00012
12631,0.00012
12632,0.00012
12633,0.00012
12634,0.00012
12635,0.00012
12636,0.00012
12637,0.00012
12638,0.00012
12639,0.00012
12640,0.00012
12641,0.00012
12642,0.00012
12643,0.00012
12644,0.00012
12645,0.00012
12646,0.00012
12647,0.00012
12648,0.00012
12649,0.00012
12650,0.00012
12651,0.00012
12652,0.00012
12653,0.00012
12654,0.00012
12655,0.00012
12656,0.00012
12657,0.00012
12658,0.00012
12659,0.00012
12660,0.00012
12661,0.00012
12662,0.00012
12663,0.00012
12664,0.00012
12665,0.00012
12666,0.00012
12667,0.00012
12668,0.00012
12669,0.00012
12670,0.00012
12671,0.00012
12672,0.00012
12673,0.00012
12674,0.00012
12675,0.00012
12676,0.00012
12677,0.00012
12678,0.00012
12679,0.00012
12680,0.00012
12681,0.00012
12682,0.00012
12683,0.00012
12684,0.00012
12685,0.00012
12686,0.00012
12687,0.00012
12688,0.00012
12689,0.00012
12690,0.00012
12691,0.00012
12692,0.00012
12693,0.00012
12694,0.00012
12695,0.00012
12696,0.00012
12697,0.00012
12698,0.00012
12699,0.00012
12700,0.00012
12701,0.00012
12702,0.00012
12703,0.00012
12704,0.00012
12705,0.00012
12706,0.00012
12707,0.00012
12708,0.00012
12709,0.00012
12710,0.00012
12711,0.00012
12712,0.00012
12713,0.00012
12714,0.00012
12715,0.00012
12716,0.00012
12717,0.00012
12718,0.00012
12719,0.00012
12720,0.00012
12721,0.00012
12722,0.00012
12723,0.00012
12724,0.00012
12725,0.00012
12726,0.00012
12727,0.00012
12728,0.00012
12729,0.00012
12730,0.00012
12731,0.00012
12732,0.00012
12733,0.00012
12734,0.00012
12735,0.00012
12736,0.00012
12737,0.00012
12738,0.00012
12739,0.00012
12740,0.00012
12741,0.000120967778
12742,0.000162752963
12743,0.000687150556
12744,0.000625392778
12745,0.000426815
12746,0.000303851667
12747,0.000220130556
12748,0.000155750556
12749,0.000127309074
12750,0.000131926111
12751,0.000140355
12752,0.000135381667
12753,0.000133040556
12754,0.000138107222
12755,0.000142255
12756,0.000155327222
12757,0.000158785
12758,0.000160853889
12759,0.000156297222
12760,0.000152851667
12761,0.00012
12762,0.00012
12763,0.00012
12764,0.00012
12765,0.00012
12766,0.00012
12767,0.00012
12768,0.00012
12769,0.00012
12770,0.00012
12771,0.00012
12772,0.00012
12773,0.00012
12774,0.00012
12775,0.00012
12776,0.00012
12777,0.00012
12778,0.00012
12779,0.00012
12780,0.00012
12781,0.00012
12782,0.00012
12783,0.00012
12784,0.00012
12785,0.00012
12786,0.00012
12787,0.00012
12788,0.00012
12789,0.00012
12790,0.00012
12791,0.00012
12792,0.00012
12793,0.00012
12794,0.00012
12795,0.00012
12796,0.00012
12797,0.00012
12798,0.00012
12799,0.00012
12800,0.00012
12801,0.00012
12802,0.00012
12803,0.00012
12804,0.00012
12805,0.00012
12806,0.00012
12807,0.00012
12808,0.00012
12809,0.00012
12810,0.00012
12811,0.00012
12812,0.00012
12813,0.00012
12814,0.00012
12815,0.00012
12816,0.00012
12817,0.00012
12818,0.00012
12819,0.00012
12820,0.00012
12821,0.00012
12822,0.00012
12823,0.00012
12824,0.00012
12825,0.00012
12826,0.00012
12827,0.00012
12828,0.00012
12829,0.00012
12830,0.00012
12831,0.00012
12832,0.00012
12833,0.00012
12834,0.00012
12835,0.00012
12836,0.00012
12837,0.00012
12838,0.00012
12839,0.00012
12840,0.00012
12841,0.00012
12842,0.00012
12843,0.00012
12844,0.00012
12845,0.00012
12846,0.00012
12847,0.00012
12848,0.00012
12849,0.00012
12850,0.00012
12851,0.00012
12852,0.00012
12853,0.00012
12854,0.00012
12855,0.00012
12856,0.00012
12857,0.00012
12858,0.00012
12859,0.00012
12860,0.00012
12861,0.00012
12862,0.00012
12863,0.00012
12864,0.00012
12865,0.00012
12866,0.00012
12867,0.00012
12868,0.00012
12869,0.00012
12870,0.00012
12871,0.00012
12872,0.00012
12873,0.00012
12874,0.00012
12875,0.00012
12876,0.00012
12877,0.00012
12878,0.00012
12879,0.00012
12880,0.00012
12881,0.00012
12882,0.00012
12883,0.00012
12884,0.00012
12885,0.00012
12886,0.00012
12887,0.00012
12888,0.00012
12889,0.00012
12890,0.00012
12891,0.00012
12892,0.00012
12893,0.00012
12894,0.00012
12895,0.00012
12896,0.00012
12897,0.00012
12898,0.00012
12899,0.00012
12900,0.00012
12901,0.00012
12902,0.00012
12903,0.00012
12904,0.00012
12905,0.00012
12906,0.00012
12907,0.00012
12908,0.00012
12909,0.00012
12910,0.00012
12911,0.00012
12912,0.00012
12913,0.00012
12914,0.00012
12915,0.00012
12916,0.00012
12917,0.00012
12918,0.00012
12919,0.00012
12920,0.00012
12921,0.00012
12922,0.00012
12923,0.00012
12924,0.00012
12925,0.00012
12926,0.00012
12927,0.00012
12928,0.00012
12929,0.00012
12930,0.00012
12931,0.00012
12932,0.00012
12933,0.00012
12934,0.00012
12935,0.00012
12936,0.00012
12937,0.00012
12938,0.00012
12939,0.00012
12940,0.00012
12941,0.00012
12942,0.00012
12943,0.00012
12944,0.00012
12945,0.00012
12946,0.00012
12947,0.00012
12948,0.00012
12949,0.00012
12950,0.00012
12951,0.00012
12952,0.00012
12953,0.00012
12954,0.00012
12955,0.00012
12956,0.00012
12957,0.00012
12958,0.00012
12959,0.00012
12960,0.00012
12961,0.000120967778
12962,0.000162752963
12963,0.000687150556
12964,0.000625392778
12965,0.000426815
12966,0.000303851667
12967,0.000220130556
12968,0.000155750556
12969,0.000127309074
12970,0.000131926111
12971,0.000140355
12972,0.000135381667
12973,0.000133040556
12974,0.000138107222
12975,0.000142255
12976,0.000155327222
12977,0.000158785
12978,0.000160853889
12979,0.000156297222
12980,0.000152851667
12981,0.00012
12982,0.00012
12983,0.00012
12984,0.00012
12985,0.00012
12986,0.00012
12987,0.00012
12988,0.00012
12989,0.00012
12990,0.00012
12991,0.00012
12992,0.00012
12993,0.00012
12994,0.00012
12995,0.00012
12996,0.00012
12997,0.00012
12998,0.00012
12999,0.00012
13000,0.00012
13001,0.00012
13002,0.00012
13003,0.00012
13004,0.00012
13005,0.00012
13006,0.00012
13007,0.00012
13008,0.00012
13009,0.00012
13010,0.00012
13011,0.00012
13012,0.00012
13013,0.00012
13014,0.00012
13015,0.00012
13016,0.00012
13017,0.00012
13018,0.00012
13019,0.00012
13020,0.00012
13021,0.00012
13022,0.00012
13023,0.00012
13024,0.00012
13025,0.00012
13026,0.00012
13027,0.00012
13028,0.00012
13029,0.00012
13030,0.00012
13031,0.00012
13032,0.00012
13033,0.00012
13034,0.00012
13035,0.00012
13036,0.00012
13037,0.00012
13038,0.00012
13039,0.00012
13040,0.00012
13041,0.00012
13042,0.00012
13043,0.00012
13044,0.00012
13045,0.00012
13046,0.00012
13047,0.00012
13048,0.00012
13049,0.00012
13050,0.00012
13051,0.00012
13052,0.00012
13053,0.00012
13054,0.00012
13055,0.00012
13056,0.00012
13057,0.00012
13058,0.00012
13059,0.00012
13060,0.00012
13061,0.00012
13062,0.00012
13063,0.00012
13064,0.00012
13065,0.00012
13066,0.00012
13067,0.00012
13068,0.00012
13069,0.00012
13070,0.00012
13071,0.00012
13072,0.00012
13073,0.00012
13074,0.00012
13075,0.00012
13076,0.00012
13077,0.00012
13078,0.00012
13079,0.00012
13080,0.00012
13081,0.00012
13082,0.00012
13083,0.00012
13084,0.00012
13085,0.00012
13086,0.00012
13087,0.00012
13088,0.00012
13089,0.00012
13090,0.00012
13091,0.00012
13092,0.00012
13093,0.00012
13094,0.00012
13095,0.00012
13096,0.00012
13097,0.00012
13098,0.00012
13099,0.00012
13100,0.00012
13101,0.00012
13102,0.00012
13103,0.00012
13104,0.00012
13105,0.00012
13106,0.00012
13107,0.00012
13108,0.00012
13109,0.00012
13110,0.00012
13111,0.00012
13112,0.00012
13113,0.00012
13114,0.00012
13115,0.00012
13116,0.00012
13117,0.00012
13118,0.00012
13119,0.00012
13120,0.00012
13121,0.00012
13122,0.00012
13123,0.00012
13124,0.00012
13125,0.00012
13126,0.00012
13127,0.00012
13128,0.00012
13129,0.00012
13130,0.00012
13131,0.00012
13132,0.00012
13133,0.00012
13134,0.00012
13135,0.00012
13136,0.00012
13137,0.00012
13138,0.00012
13139,0.00012
13140,0.00012
13141,0.00012
13142,0.00012
13143,0.00012
13144,0.00012
13145,0.00012
13146,0.00012
13147,0.00012
13148,0.00012
13149,0.00012
13150,0.00012
13151,0.00012
13152,0.00012
13153,0.00012
13154,0.00012
13155,0.00012
13156,0.00012
13157,0.00012
13158,0.00012
13159,0.00012
13160,0.00012
13161,0.00012
13162,0.00012
13163,0.00012
13164,0.00012
13165,0.00012
13166,0.00012
13167,0.00012
13168,0.00012
13169,0.00012
13170,0.00012
13171,0.00012
13172,0.00012
13173,0.00012
13174,0.00012
13175,0.00012
13176,0.00012
13177,0.00012
13178,0.00012
13179,0.00012
13180,0.00012
13181,0.000120967778
13182,0.000162752963
13183,0.000687150556
13184,0.000625392778
13185,0.000426815
13186,0.000303851667
13187,0.000220130556
13188,0.000155750556
13189,0.000127309074
13190,0.000131926111
13191,0.000140355
13192,0.000135381667
13193,0.000133040556
13194,0.000138107222
13195,0.000142255
13196,0.000155327222
13197,0.000158785
13198,0.000160853889
13199,0.000156297222
13200,0.000152851667
13201,0.00012
13202,0.00012
13203,0.00012
13204,0.00012
13205,0.00012
13206,0.00012
13207,0.00012
13208,0.00012
13209,0.00012
13210,0.00012
13211,0.00012
13212,0.00012
13213,0.00012
13214,0.00012
13215,0.00012
13216,0.00012
13217,0.00012
13218,0.00012
13219,0.00012
13220,0.00012
13221,0.00012
13222,0.00012
13223,0.00012
13224,0.00012
13225,0.00012
13226,0.00012
13227,0.00012
13228,0.00012
13229,0.00012
13230,0.00012
13231,0.00012
13232,0.00012
13233,0.00012
13234,0.00012
13235,0.00012
13236,0.00012
13237,0.00012
13238,0.00012
13239,0.00012
13240,0.00012
13241,0.00012
13242,0.00012
13243,0.00012
13244,0.00012
13245,0.00012
13246,0.00012
13247,0.00012
13248,0.00012
13249,0.00012
13250,0.00012
13251,0.00012
13252,0.00012
13253,0.00012
13254,0.00012
13255,0.00012
13256,0.00012
13257,0.00012
13258,0.00012
13259,0.00012
13260,0.00012
13261,0.00012
13262,0.00012
13263,0.00012
13264,0.00012
13265,0.00012
13266,0.00012
13267,0.00012
13268,0.00012
13269,0.00012
13270,0.00012
13271,0.00012
13272,0.00012
13273,0.00012
13274,0.00012
13275,0.00012
13276,0.00012
13277,0.00012
13278,0.00012
13279,0.00012
13280,0.00012
13281,0.00012
13282,0.00012
13283,0.00012
13284,0.00012
13285,0.00012
13286,0.00012
13287,0.00012
13288,0.00012
13289,0.00012
13290,0.00012
13291,0.00012
13292,0.00012
13293,0.00012
13294,0.00012
13295,0.00012
13296,0.00012
13297,0.00012
13298,0.00012
13299,0.00012
13300,0.00012
13301,0.00012
13302,0.00012
13303,0.00012
13304,0.00012
13305,0.00012
13306,0.00012
13307,0.00012
13308,0.00012
13309,0.00012
13310,0.00012
13311,0.00012
13312,0.00012
13313,0.00012
13314,0.00012
13315,0.00012
13316,0.00012
13317,0.00012
13318,0.00012
13319,0.00012
13320,0.00012
13321,0.00012
13322,0.00012
13323,0.00012
13324,0.00012
13325,0.00012
13326,0.00012
13327,0.00012
13328,0.00012
13329,0.00012
13330,0.00012
13331,0.00012
13332,0.00012
13333,0.00012
13334,0.00012
13335,0.00012
13336,0.00012
13337,0.00012
13338,0.00012
13339,0.00012
13340,0.00012
13341,0.00012
13342,0.00012
13343,0.00012
13344,0.00012
13345,0.00012
13346,0.00012
13347,0.00012
13348,0.00012
13349,0.00012
13350,0.00012
13351,0.00012
13352,0.00012
13353,0.00012
13354,0.00012
13355,0.00012
13356,0.00012
13357,0.00012
13358,0.00012
13359,0.00012
13360,0.00012
13361,0.00012
13362,0.00012
13363,0.00012
13364,0.00012
13365,0.00012
13366,0.00012
13367,0.00012
13368,0.00012
13369,0.00012
13370,0.00012
13371,0.00012
13372,0.00012
13373,0.00012
13374,0.00012
13375,0.00012
13376,0.00012
13377,0.00012
13378,0.00012
13379,0.00012
13380,0.00012
13381,0.00012
13382,0.00012
13383,0.00012
13384,0.00012
13385,0.00012
13386,0.00012
13387,0.00012
13388,0.00012
13389,0.00012
13390,0.00012
13391,0.00012
13392,0.00012
13393,0.00012
13394,0.00012
13395,0.00012
13396,0.00012
13397,0.00012
13398,0.00012
13399,0.00012
13400,0.00012
13401,0.000120967778
13402,0.000162752963
13403,0.000687150556
13404,0.000625392778
13405,0.000426815
13406,0.000303851667
13407,0.000220130556
13408,0.000155750556
13409,0.000127309074
13410,0.000131926111
13411,0.000140355
13412,0.000135381667
13413,0.000133040556
13414,0.000138107222
13415,0.000142255
13416,0.000155327222
13417,0.000158785
13418,0.000160853889
13419,0.000156297222
13420,0.000152851667
13421,0.00012
13422,0.00012
13423,0.00012
13424,0.00012
13425,0.00012
13426,0.00012
13427,0.00012
13428,0.00012
13429,0.00012
13430,0.00012
13431,0.00012
13432,0.00012
13433,0.00012
13434,0.00012
13435,0.00012
13436,0.00012
13437,0.00012
13438,0.00012
13439,0.00012
13440,0.00012
13441,0.00012
13442,0.00012
13443,0.00012
13444,0.00012
13445,0.00012
13446,0.00012
13447,0.00012
13448,0.00012
13449,0.00012
13450,0.00012
13451,0.00012
13452,0.00012
13453,0.00012
13454,0.00012
13455,0.00012
13456,0.00012
13457,0.00012
13458,0.00012
13459,0.00012
13460,0.00012
13461,0.00012
13462,0.00012
13463,0.00012
13464,0.00012
13465,0.00012
13466,0.00012
13467,0.00012
13468,0.00012
13469,0.00012
13470,0.00012
13471,0.00012
13472,0.00012
13473,0.00012
13474,0.00012
13475,0.00012
13476,0.00012
13477,0.00012
13478,0.00012
13479,0.00012
13480,0.00012
13481,0.00012
13482,0.00012
13483,0.00012
13484,0.00012
13485,0.00012
13486,0.00012
13487,0.00012
13488,0.00012
13489,0.00012
13490,0.00012
13491,0.00012
13492,0.00012
13493,0.00012
13494,0.00012
13495,0.00012
13496,0.00012
13497,0.00012
13498,0.00012
13499,0.00012
13500,0.00012
13501,0.00012
13502,0.00012
13503,0.00012
13504,0.00012
13505,0.00012
13506,0.00012
13507,0.00012
13508,0.00012
13509,0.00012
13510,0.00012
13511,0.00012
13512,0.00012
13513,0.00012
13514,0.00012
13515,0.00012
13516,0.00012
13517,0.00012
13518,0.00012
13519,0.00012
13520,0.00012
13521,0.00012
13522,0.00012
13523,0.00012
13524,0.00012
13525,0.00012
13526,0.00012
13527,0.00012
13528,0.00012
13529,0.00012
13530,0.00012
13531,0.00012
13532,0.00012
13533,0.00012
13534,0.00012
13535,0.00012
13536,0.00012
13537,0.00012
13538,0.00012
13539,0.00012
13540,0.00012
13541,0.00012
13542,0.00012
13543,0.00012
13544,0.00012
13545,0.00012
13546,0.00012
13547,0.00012
13548,0.00012
13549,0.00012
13550,0.00012
13551,0.00012
13552,0.00012
13553,0.00012
13554,0.00012
13555,0.00012
13556,0.00012
13557,0.00012
13558,0.00012
13559,0.00012
13560,0.00012
13561,0.00012
13562,0.00012
13563,0.00012
13564,0.00012
13565,0.00012
13566,0.00012
13567,0.00012
13568,0.00012
13569,0.00012
13570,0.00012
13571,0.00012
13572,0.00012
13573,0.00012
13574,0.00012
13575,0.00012
13576,0.00012
13577,0.00012
13578,0.00012
13579,0.00012
13580,0.00012
13581,0.00012
13582,0.00012
13583,0.00012
13584,0.00012
13585,0.00012
13586,0.00012
13587,0.00012
13588,0.00012
13589,0.00012
13590,0.00012
13591,0.00012
13592,0.00012
13593,0.00012
13594,0.00012
13595,0.00012
13596,0.00012
13597,0.00012
13598,0.00012
13599,0.00012
13600,0.00012
13601,0.00012
13602,0.00012
13603,0.00012
13604,0.00012
13605,0.00012
13606,0.00012
13607,0.00012
13608,0.00012
13609,0.00012
13610,0.00012
13611,0.00012
13612,0.00012
13613,0.00012
13614,0.00012
13615,0.00012
13616,0.00012
13617,0.00012
13618,0.00012
13619,0.00012
13620,0.00012
13621,0.000120967778
13622,0.000162752963
13623,0.000687150556
13624,0.000625392778
13625,0.000426815
13626,0.000303851667
13627,0.000220130556
13628,0.000155750556
13629,0.000127309074
13630,0.000131926111
13631,0.000140355
13632,0.000135381667
13633,0.000133040556
13634,0.000138107222
13635,0.000142255
13636,0.000155327222
13637,0.000158785
13638,0.000160853889
13639,0.000156297222
13640,0.000152851667
13641,0.00012
13642,0.00012
13643,0.00012
13644,0.00012
13645,0.00012
13646,0.00012
13647,0.00012
13648,0.00012
13649,0.00012
13650,0.00012
13651,0.00012
13652,0.00012
13653,0.00012
13654,0.00012
13655,0.00012
13656,0.00012
13657,0.00012
13658,0.00012
13659,0.00012
13660,0.00012
13661,0.00012
13662,0.00012
13663,0.00012
13664,0.00012
13665,0.00012
13666,0.00012
13667,0.00012
13668,0.00012
13669,0.00012
13670,0.00012
13671,0.00012
13672,0.00012
13673,0.00012
13674,0.00012
13675,0.00012
13676,0.00012
13677,0.00012
13678,0.00012
13679,0.00012
13680,0.00012
13681,0.00012
13682,0.00012
13683,0.00012
13684,0.00012
13685,0.00012
13686,0.00012
13687,0.00012
13688,0.00012
13689,0.00012
13690,0.00012
13691,0.00012
13692,0.00012
13693,0.00012
13694,0.00012
13695,0.00012
13696,0.00012
13697,0.00012
13698,0.00012
13699,0.00012
13700,0.00012
13701,0.00012
13702,0.00012
13703,0.00012
13704,0.00012
13705,0.00012
13706,0.00012
13707,0.00012
13708,0.00012
13709,0.00012
13710,0.00012
13711,0.00012
13712,0.00012
13713,0.00012
13714,0.00012
13715,0.00012
13716,0.00012
13717,0.00012
13718,0.00012
13719,0.00012
13720,0.00012
13721,0.00012
13722,0.00012
13723,0.00012
13724,0.00012
13725,0.00012
13726,0.00012
13727,0.00012
13728,0.00012
13729,0.00012
13730,0.00012
13731,0.00012
13732,0.00012
13733,0.00012
13734,0.00012
13735,0.00012
13736,0.00012
13737,0.00012
13738,0.00012
13739,0.00012
13740,0.00012
13741,0.00012
13742,0.00012
13743,0.00012
13744,0.00012
13745,0.00012
13746,0.00012
13747,0.00012
13748,0.00012
13749,0.00012
13750,0.00012
13751,0.00012
13752,0.00012
13753,0.00012
13754,0.00012
13755,0.00012
13756,0.00012
13757,0.00012
13758,0.00012
13759,0.00012
13760,0.00012
13761,0.00012
13762,0.00012
13763,0.00012
13764,0.00012
13765,0.00012
13766,0.00012
13767,0.00012
13768,0.00012
13769,0.00012
13770,0.00012
13771,0.00012
13772,0.00012
13773,0.00012
13774,0.00012
13775,0.00012
13776,0.00012
13777,0.00012
13778,0.00012
13779,0.00012
13780,0.00012
13781,0.00012
13782,0.00012
13783,0.00012
13784,0.00012
13785,0.00012
13786,0.00012
13787,0.00012
13788,0.00012
13789,0.00012
13790,0.00012
13791,0.00012
13792,0.00012
13793,0.00012
13794,0.00012
13795,0.00012
13796,0.00012
13797,0.00012
13798,0.00012
13799,0.00012
13800,0.00012
13801,0.00012
13802,0.00012
13803,0.00012
13804,0.00012
13805,0.00012
13806,0.00012
13807,0.00012
13808,0.00012
13809,0.00012
13810,0.00012
13811,0.00012
13812,0.00012
13813,0.00012
13814,0.00012
13815,0.00012
13816,0.00012
13817,0.00012
13818,0.00012
13819,0.00012
13820,0.00012
13821,0.00012
13822,0.00012
13823,0.00012
13824,0.00012
13825,0.00012
13826,0.00012
13827,0.00012
13828,0.00012
13829,0.00012
13830,0.00012
13831,0.00012
13832,0.00012
13833,0.00012
13834,0.00012
13835,0.00012
13836,0.00012
13837,0.00012
13838,0.00012
13839,0.00012
13840,0.00012
13841,0.000120967778
13842,0.000162752963
13843,0.000687150556
13844,0.000625392778
13845,0.000426815
13846,0.000303851667
13847,0.000220130556
13848,0.000155750556
13849,0.000127309074
13850,0.000131926111
13851,0.000140355
13852,0.000135381667
13853,0.000133040556
13854,0.000138107222
13855,0.000142255
13856,0.000155327222
13857,0.000158785
13858,0.000160853889
13859,0.000156297222
13860,0.000152851667
13861,0.00012
13862,0.00012
13863,0.00012
13864,0.00012
13865,0.00012
13866,0.00012
13867,0.00012
13868,0.00012
13869,0.00012
13870,0.00012
13871,0.00012
13872,0.00012
13873,0.00012
13874,0.00012
13875,0.00012
13876,0.00012
13877,0.00012
13878,0.00012
13879,0.00012
13880,0.00012
13881,0.00012
13882,0.00012
13883,0.00012
13884,0.00012
13885,0.00012
13886,0.00012
13887,0.00012
13888,0.00012
13889,0.00012
13890,0.00012
13891,0.00012
13892,0.00012
13893,0.00012
13894,0.00012
13895,0.00012
13896,0.00012
13897,0.00012
13898,0.00012
13899,0.00012
13900,0.00012
13901,0.00012
13902,0.00012
13903,0.00012
13904,0.00012
13905,0.00012
13906,0.00012
13907,0.00012
13908,0.00012
13909,0.00012
13910,0.00012
13911,0.00012
13912,0.00012
13913,0.00012
13914,0.00012
13915,0.00012
13916,0.00012
13917,0.00012
13918,0.00012
13919,0.00012
13920,0.00012
13921,0.00012
13922,0.00012
13923,0.00012
13924,0.00012
13925,0.00012
13926,0.00012
13927,0.00012
13928,0.00012
13929,0.00012
13930,0.00012
13931,0.00012
13932,0.00012
13933,0.00012
13934,0.00012
13935,0.00012
13936,0.00012
13937,0.00012
13938,0.00012
13939,0.00012
13940,0.00012
13941,0.00012
13942,0.00012
13943,0.00012
13944,0.00012
13945,0.00012
13946,0.00012
13947,0.00012
13948,0.00012
13949,0.00012
13950,0.00012
13951,0.00012
13952,0.00012
13953,0.00012
13954,0.00012
13955,0.00012
13956,0.00012
13957,0.00012
13958,0.00012
13959,0.00012
13960,0.00012
13961,0.00012
13962,0.00012
13963,0.00012
13964,0.00012
13965,0.00012
13966,0.00012
13967,0.00012
13968,0.00012
13969,0.00012
13970,0.00012
13971,0.00012
13972,0.00012
13973,0.00012
13974,0.00012
13975,0.00012
13976,0.00012
13977,0.00012
13978,0.00012
13979,0.00012
13980,0.00012
13981,0.00012
13982,0.00012
13983,0.00012
13984,0.00012
13985,0.00012
13986,0.00012
13987,0.00012
13988,0.00012
13989,0.00012
13990,0.00012
13991,0.00012
13992,0.00012
13993,0.00012
13994,0.00012
13995,0.00012
13996,0.00012
13997,0.00012
13998,0.00012
13999,0.00012
14000,0.00012
14001,0.00012
14002,0.00012
14003,0.00012
14004,0.00012
14005,0.00012
14006,0.00012
14007,0.00012
14008,0.00012
14009,0.00012
14010,0.00012
14011,0.00012
14012,0.00012
14013,0.00012
14014,0.00012
14015,0.00012
14016,0.00012
14017,0.00012
14018,0.00012
14019,0.00012
14020,0.00012
14021,0.00012
14022,0.00012
14023,0.00012
14024,0.00012
14025,0.00012
14026,0.00012
14027,0.00012
14028,0.00012
14029,0.00012
14030,0.00012
14031,0.00012
14032,0.00012
14033,0.00012
14034,0.00012
14035,0.00012
14036,0.00012
14037,0.00012
14038,0.00012
14039,0.00012
14040,0.00012
14041,0.00012
14042,0.00012
14043,0.00012
14044,0.00012
14045,0.00012
14046,0.00012
14047,0.00012
14048,0.00012
14049,0.00012
14050,0.00012
14051,0.00012
14052,0.00012
14053,0.00012
14054,0.00012
14055,0.00012
14056,0.00012
14057,0.00012
14058,0.00012
14059,0.00012
14060,0.00012
14061,0.000120967778
14062,0.000162752963
14063,0.000687150556
14064,0.000625392778
14065,0.000426815
14066,0.000303851667
14067,0.000220130556
14068,0.000155750556
14069,0.000127309074
14070,0.000131926111
14071,0.000140355
14072,0.000135381667
14073,0.000133040556
14074,0.000138107222
14075,0.000142255
14076,0.000155327222
14077,0.000158785
14078,0.000160853889
14079,0.000156297222
14080,0.000152851667
14081,0.00012
14082,0.00012
14083,0.00012
14084,0.00012
14085,0.00012
14086,0.00012
14087,0.00012
14088,0.00012
14089,0.00012
14090,0.00012
14091,0.00012
14092,0.00012
14093,0.00012
14094,0.00012
14095,0.00012
14096,0.00012
14097,0.00012
14098,0.00012
14099,0.00012
14100,0.00012
14101,0.00012
14102,0.00012
14103,0.00012
14104,0.00012
14105,0.00012
14106,0.00012
14107,0.00012
14108,0.00012
14109,0.00012
14110,0.00012
14111,0.00012
14112,0.00012
14113,0.00012
14114,0.00012
14115,0.00012
14116,0.00012
14117,0.00012
14118,0.00012
14119,0.00012
14120,0.00012
14121,0.00012
14122,0.00012
14123,0.00012
14124,0.00012
14125,0.00012
14126,0.00012
14127,0.00012
14128,0.00012
14129,0.00012
14130,0.00012
14131,0.00012
14132,0.00012
14133,0.00012
14134,0.00012
14135,0.00012
14136,0.00012
14137,0.00012
14138,0.00012
14139,0.00012
14140,0.00012
14141,0.00012
14142,0.00012
14143,0.00012
14144,0.00012
14145,0.00012
14146,0.00012
14147,0.00012
14148,0.00012
14149,0.00012
14150,0.00012
14151,0.00012
14152,0.00012
14153,0.00012
14154,0.00012
14155,0.00012
14156,0.00012
14157,0.00012
14158,0.00012
14159,0.00012
14160,0.00012
14161,0.00012
14162,0.00012
14163,0.00012
14164,0.00012
14165,0.00012
14166,0.00012
14167,0.00012
14168,0.00012
14169,0.00012
14170,0.00012
14171,0.00012
14172,0.00012
14173,0.00012
14174,0.00012
14175,0.00012
14176,0.00012
14177,0.00012
14178,0.00012
14179,0.00012
14180,0.00012
14181,0.00012
14182,0.00012
14183,0.00012
14184,0.00012
14185,0.00012
14186,0.00012
14187,0.00012
14188,0.00012
14189,0.00012
14190,0.00012
14191,0.00012
14192,0.00012
14193,0.00012
14194,0.00012
14195,0.00012
14196,0.00012
14197,0.00012
14198,0.00012
14199,0.00012
14200,0.00012
14201,0.00012
14202,0.00012
14203,0.00012
14204,0.00012
14205,0.00012
14206,0.00012
14207,0.00012
14208,0.00012
14209,0.00012
14210,0.00012
14211,0.00012
14212,0.00012
14213,0.00012
14214,0.00012
14215,0.00012
14216,0.00012
14217,0.00012
14218,0.00012
14219,0.00012
14220,0.00012
14221,0.00012
14222,0.00012
14223,0.00012
14224,0.00012
14225,0.00012
14226,0.00012
14227,0.00012
14228,0.00012
14229,0.00012
14230,0.00012
14231,0.00012
14232,0.00012
14233,0.00012
14234,0.00012
14235,0.00012
14236,0.00012
14237,0.00012
14238,0.00012
14239,0.00012
14240,0.00012
14241,0.00012
14242,0.00012
14243,0.00012
14244,0.00012
14245,0.00012
14246,0.00012
14247,0.00012
14248,0.00012
14249,0.00012
14250,0.00012
14251,0.00012
14252,0.00012
14253,0.00012
14254,0.00012
14255,0.00012
14256,0.00012
14257,0.00012
14258,0.00012
14259,0.00012
14260,0.00012
14261,0.00012
14262,0.00012
14263,0.00012
14264,0.00012
14265,0.00012
14266,0.00012
14267,0.00012
14268,0.00012
14269,0.00012
14270,0.00012
14271,0.00012
14272,0.00012
14273,0.00012
14274,0.00012
14275,0.00012
14276,0.00012
14277,0.00012
14278,0.00012
14279,0.00012
14280,0.00012
14281,0.000120967778
14282,0.000162752963
14283,0.000687150556
14284,0.000625392778
14285,0.000426815
14286,0.000303851667
14287,0.000220130556
14288,0.000155750556
14289,0.000127309074
14290,0.000131926111
14291,0.000140355
14292,0.000135381667
14293,0.000133040556
14294,0.000138107222
14295,0.000142255
14296,0.000155327222
14297,0.000158785
14298,0.000160853889
14299,0.000156297222
14300,0.000152851667
14301,0.00012
14302,0.00012
14303,0.00012
14304,0.00012
14305,0.00012
14306,0.00012
14307,0.00012
14308,0.00012
14309,0.00012
14310,0.00012
14311,0.00012
14312,0.00012
14313,0.00012
14314,0.00012
14315,0.00012
14316,0.00012
14317,0.00012
14318,0.00012
14319,0.00012
14320,0.00012
14321,0.00012
14322,0.00012
14323,0.00012
14324,0.00012
14325,0.00012
14326,0.00012
14327,0.00012
14328,0.00012
14329,0.00012
14330,0.00012
14331,0.00012
14332,0.00012
14333,0.00012
14334,0.00012
14335,0.00012
14336,0.00012
14337,0.00012
14338,0.00012
14339,0.00012
14340,0.00012
14341,0.00012
14342,0.00012
14343,0.00012
14344,0.00012
14345,0.00012
14346,0.00012
14347,0.00012
14348,0.00012
14349,0.00012
14350,0.00012
14351,0.00012
14352,0.00012
14353,0.00012
14354,0.00012
14355,0.00012
14356,0.00012
14357,0.00012
14358,0.00012
14359,0.00012
14360,0.00012
14361,0.00012
14362,0.00012
14363,0.00012
14364,0.00012
14365,0.00012
14366,0.00012
14367,0.00012
14368,0.00012
14369,0.00012
14370,0.00012
14371,0.00012
14372,0.00012
14373,0.00012
14374,0.00012
14375,0.00012
14376,0.00012
14377,0.00012
14378,0.00012
14379,0.00012
14380,0.00012
14381,0.00012
14382,0.00012
14383,0.00012
14384,0.00012
14385,0.00012
14386,0.00012
14387,0.00012
14388,0.00012
14389,0.00012
14390,0.00012
14391,0.00012
14392,0.00012
14393,0.00012
14394,0.00012
14395,0.00012
14396,0.00012
14397,0.00012
14398,0.00012
14399,0.00012
14400,0.00012
14401,0.00012
14402,0.00012
14403,0.00012
14404,0.00012
14405,0.00012
14406,0.00012
14407,0.00012
14408,0.00012
14409,0.00012
14410,0.00012
14411,0.00012
14412,0.00012
14413,0.00012
14414,0.00012
14415,0.00012
14416,0.00012
14417,0.00012
14418,0.00012
14419,0.00012
14420,0.00012
14421,0.00012
14422,0.00012
14423,0.00012
14424,0.00012
14425,0.00012
14426,0.00012
14427,0.00012
14428,0.00012
14429,0.00012
14430,0.00012
14431,0.00012
14432,0.00012
14433,0.00012
14434,0.00012
14435,0.00012
14436,0.00012
14437,0.00012
14438,0.00012
14439,0.00012
14440,0.00012
14441,0.00012
14442,0.00012
14443,0.00012
14444,0.00012
14445,0.00012
14446,0.00012
14447,0.00012
14448,0.00012
14449,0.00012
14450,0.00012
14451,0.00012
14452,0.00012
14453,0.00012
14454,0.00012
14455,0.00012
14456,0.00012
14457,0.00012
14458,0.00012
14459,0.00012
14460,0.00012
14461,0.00012
14462,0.00012
14463,0.00012
14464,0.00012
14465,0.00012
14466,0.00012
14467,0.00012
14468,0.00012
14469,0.00012
14470,0.00012
14471,0.00012
14472,0.00012
14473,0.00012
14474,0.00012
14475,0.00012
14476,0.00012
14477,0.00012
14478,0.00012
14479,0.00012
14480,0.00012
14481,0.00012
14482,0.00012
14483,0.00012
14484,0.00012
14485,0.00012
14486,0.00012
14487,0.00012
14488,0.00012
14489,0.00012
14490,0.00012
14491,0.00012
14492,0.00012
14493,0.00012
14494,0.00012
14495,0.00012
14496,0.00012
14497,0.00012
14498,0.00012
14499,0.00012
14500,0.00012
14501,0.000120967778
14502,0.000162752963
14503,0.000687150556
14504,0.000625392778
14505,0.000426815
14506,0.000303851667
14507,0.000220130556
14508,0.000155750556
14509,0.000127309074
14510,0.000131926111
14511,0.000140355
14512,0.000135381667
14513,0.000133040556
14514,0.000138107222
14515,0.000142255
14516,0.000155327222
14517,0.000158785
14518,0.000160853889
14519,0.000156297222
14520,0.000152851667
14521,0.00012
14522,0.00012
14523,0.00012
14524,0.00012
14525,0.00012
14526,0.00012
14527,0.00012
14528,0.00012
14529,0.00012
14530,0.00012
14531,0.00012
14532,0.00012
14533,0.00012
14534,0.00012
14535,0.00012
14536,0.00012
14537,0.00012
14538,0.00012
14539,0.00012
14540,0.00012
14541,0.00012
14542,0.00012
14543,0.00012
14544,0.00012
14545,0.00012
14546,0.00012
14547,0.00012
14548,0.00012
14549,0.00012
14550,0.00012
14551,0.00012
14552,0.00012
14553,0.00012
14554,0.00012
14555,0.00012
14556,0.00012
14557,0.00012
14558,0.00012
14559,0.00012
14560,0.00012
14561,0.00012
14562,0.00012
14563,0.00012
14564,0.00012
14565,0.00012
14566,0.00012
14567,0.00012
14568,0.00012
14569,0.00012
14570,0.00012
14571,0.00012
14572,0.00012
14573,0.00012
14574,0.00012
14575,0.00012
14576,0.00012
14577,0.00012
14578,0.00012
14579,0.00012
14580,0.00012
14581,0.00012
14582,0.00012
14583,0.00012
14584,0.00012
14585,0.00012
14586,0.00012
14587,0.00012
14588,0.00012
14589,0.00012
14590,0.00012
14591,0.00012
14592,0.00012
14593,0.00012
14594,0.00012
14595,0.00012
14596,0.00012
14597,0.00012
14598,0.00012
14599,0.00012
14600,0.00012
14601,0.00012
14602,0.00012
14603,0.00012
14604,0.00012
14605,0.00012
14606,0.00012
14607,0.00012
14608,0.00012
14609,0.00012
14610,0.00012
14611,0.00012
14612,0.00012
14613,0.00012
14614,0.00012
14615,0.00012
14616,0.00012
14617,0.00012
14618,0.00012
14619,0.00012
14620,0.00012
14621,0.00012
14622,0.00012
14623,0.00012
14624,0.00012
14625,0.00012
14626,0.00012
14627,0.00012
14628,0.00012
14629,0.00012
14630,0.00012
14631,0.00012
14632,0.00012
14633,0.00012
14634,0.00012
14635,0.00012
14636,0.00012
14637,0.00012
14638,0.00012
14639,0.00012
14640,0.00012
14641,0.00012
14642,0.00012
14643,0.00012
14644,0.00012
14645,0.00012
14646,0.00012
14647,0.00012
14648,0.00012
14649,0.00012
14650,0.00012
14651,0.00012
14652,0.00012
14653,0.00012
14654,0.00012
14655,0.00012
14656,0.00012
14657,0.00012
14658,0.00012
14659,0.00012
14660,0.00012
14661,0.00012
14662,0.00012
14663,0.00012
14664,0.00012
14665,0.00012
14666,0.00012
14667,0.00012
14668,0.00012
14669,0.00012
14670,0.00012
14671,0.00012
14672,0.00012
14673,0.00012
14674,0.00012
14675,0.00012
14676,0.00012
14677,0.00012
14678,0.00012
14679,0.00012
14680,0.00012
14681,0.00012
14682,0.00012
14683,0.00012
14684,0.00012
14685,0.00012
14686,0.00012
14687,0.00012
14688,0.00012
14689,0.00012
14690,0.00012
14691,0.00012
14692,0.00012
14693,0.00012
14694,0.00012
14695,0.00012
14696,0.00012
14697,0.00012
14698,0.00012
14699,0.00012
14700,0.00012
14701,0.00012
14702,0.00012
14703,0.00012
14704,0.00012
14705,0.00012
14706,0.00012
14707,0.00012
14708,0.00012
14709,0.00012
14710,0.00012
14711,0.00012
14712,0.00012
14713,0.00012
14714,0.00012
14715,0.00012
14716,0.00012
14717,0.00012
14718,0.00012
14719,0.00012
14720,0.00012
14721,0.000120967778
14722,0.000162752963
14723,0.000687150556
14724,0.000625392778
14725,0.000426815
14726,0.000303851667
14727,0.000220130556
14728,0.000155750556
14729,0.000127309074
14730,0.000131926111
14731,0.000140355
14732,0.000135381667
14733,0.000133040556
14734,0.000138107222
14735,0.000142255
14736,0.000155327222
14737,0.000158785
14738,0.000160853889
14739,0.000156297222
14740,0.000152851667
14741,0.00012
14742,0.00012
14743,0.00012
14744,0.00012
14745,0.00012
14746,0.00012
14747,0.00012
14748,0.00012
14749,0.00012
14750,0.00012
14751,0.00012
14752,0.00012
14753,0.00012
14754,0.00012
14755,0.00012
14756,0.00012
14757,0.00012
14758,0.00012
14759,0.00012
14760,0.00012
14761,0.00012
14762,0.00012
14763,0.00012
14764,0.00012
14765,0.00012
14766,0.00012
14767,0.00012
14768,0.00012
14769,0.00012
14770,0.00012
14771,0.00012
14772,0.00012
14773,0.00012
14774,0.00012
14775,0.00012
14776,0.00012
14777,0.00012
14778,0.00012
14779,0.00012
14780,0.00012
14781,0.00012
14782,0.00012
14783,0.00012
14784,0.00012
14785,0.00012
14786,0.00012
14787,0.00012
14788,0.00012
14789,0.00012
14790,0.00012
14791,0.00012
14792,0.00012
14793,0.00012
14794,0.00012
14795,0.00012
14796,0.00012
14797,0.00012
14798,0.00012
14799,0.00012
14800,0.00012
14801,0.00012
14802,0.00012
14803,0.00012
14804,0.00012
14805,0.00012
14806,0.00012
14807,0.00012
14808,0.00012
14809,0.00012
14810,0.00012
14811,0.00012
14812,0.00012
14813,0.00012
14814,0.00012
14815,0.00012
14816,0.00012
14817,0.00012
14818,0.00012
14819,0.00012
14820,0.00012
14821,0.00012
14822,0.00012
14823,0.00012
14824,0.00012
14825,0.00012
14826,0.00012
14827,0.00012
14828,0.00012
14829,0.00012
14830,0.00012
14831,0.00012
14832,0.00012
14833,0.00012
14834,0.00012
14835,0.00012
14836,0.00012
14837,0.00012
14838,0.00012
14839,0.00012
14840,0.00012
14841,0.00012
14842,0.00012
14843,0.00012
14844,0.00012
14845,0.00012
14846,0.00012
14847,0.00012
14848,0.00012
14849,0.00012
14850,0.00012
14851,0.00012
14852,0.00012
14853,0.00012
14854,0.00012
14855,0.00012
14856,0.00012
14857,0.00012
14858,0.00012
14859,0.00012
14860,0.00012
14861,0.00012
14862,0.00012
14863,0.00012
14864,0.00012
14865,0.00012
14866,0.00012
14867,0.00012
14868,0.00012
14869,0.00012
14870,0.00012
14871,0.00012
14872,0.00012
14873,0.00012
14874,0.00012
14875,0.00012
14876,0.00012
14877,0.00012
14878,0.00012
14879,0.00012
14880,0.00012
14881,0.00012
14882,0.00012
14883,0.00012
14884,0.00012
14885,0.00012
14886,0.00012
14887,0.00012
14888,0.00012
14889,0.00012
14890,0.00012
14891,0.00012
14892,0.00012
14893,0.00012
14894,0.00012
14895,0.00012
14896,0.00012
14897,0.00012
14898,0.00012
14899,0.00012
14900,0.00012
14901,0.00012
14902,0.00012
14903,0.00012
14904,0.00012
14905,0.00012
14906,0.00012
14907,0.00012
14908,0.00012
14909,0.00012
14910,0.00012
14911,0.00012
14912,0.00012
14913,0.00012
14914,0.00012
14915,0.00012
14916,0.00012
14917,0.00012
14918,0.00012
14919,0.00012
14920,0.00012
14921,0.00012
14922,0.00012
14923,0.00012
14924,0.00012
14925,0.00012
14926,0.00012
14927,0.00012
14928,0.00012
14929,0.00012
14930,0.00012
14931,0.00012
14932,0.00012
14933,0.00012
14934,0.00012
14935,0.00012
14936,0.00012
14937,0.00012
14938,0.00012
14939,0.00012
14940,0.00012
14941,0.000120967778
14942,0.000162752963
14943,0.000687150556
14944,0.000625392778
14945,0.000426815
14946,0.000303851667
14947,0.000220130556
14948,0.000155750556
14949,0.000127309074
14950,0.000131926111
14951,0.000140355
14952,0.000135381667
14953,0.000133040556
14954,0.000138107222
14955,0.000142255
14956,0.000155327222
14957,0.000158785
14958,0.000160853889
14959,0.000156297222
14960,0.000152851667
14961,0.00012
14962,0.00012
14963,0.00012
14964,0.00012
14965,0.00012
14966,0.00012
14967,0.00012
14968,0.00012
14969,0.00012
14970,0.00012
14971,0.00012
14972,0.00012
14973,0.00012
14974,0.00012
14975,0.00012
14976,0.00012
14977,0.00012
14978,0.00012
14979,0.00012
14980,0.00012
14981,0.00012
14982,0.00012
14983,0.00012
14984,0.00012
14985,0.00012
14986,0.00012
14987,0.00012
14988,0.00012
14989,0.00012
14990,0.00012
14991,0.00012
14992,0.00012
14993,0.00012
14994,0.00012
14995,0.00012
14996,0.00012
14997,0.00012
14998,0.00012
14999,0.00012
15000,0.00012
15001,0.00012
15002,0.00012
15003,0.00012
15004,0.00012
15005,0.00012
15006,0.00012
15007,0.00012
15008,0.00012
15009,0.00012
15010,0.00012
15011,0.00012
15012,0.00012
15013,0.00012
15014,0.00012
15015,0.00012
15016,0.00012
15017,0.00012
15018,0.00012
15019,0.00012
15020,0.00012
15021,0.00012
15022,0.00012
15023,0.00012
15024,0.00012
15025,0.00012
15026,0.00012
15027,0.00012
15028,0.00012
15029,0.00012
15030,0.00012
15031,0.00012
15032,0.00012
15033,0.00012
15034,0.00012
15035,0.00012
15036,0.00012
15037,0.00012
15038,0.00012
15039,0.00012
15040,0.00012
15041,0.00012
15042,0.00012
15043,0.00012
15044,0.00012
15045,0.00012
15046,0.00012
15047,0.00012
15048,0.00012
15049,0.00012
15050,0.00012
15051,0.00012
15052,0.00012
15053,0.00012
15054,0.00012
15055,0.00012
15056,0.00012
15057,0.00012
15058,0.00012
15059,0.00012
15060,0.00012
15061,0.00012
15062,0.00012
15063,0.00012
15064,0.00012
15065,0.00012
15066,0.00012
15067,0.00012
15068,0.00012
15069,0.00012
15070,0.00012
15071,0.00012
15072,0.00012
15073,0.00012
15074,0.00012
15075,0.00012
15076,0.00012
15077,0.00012
15078,0.00012
15079,0.00012
15080,0.00012
15081,0.00012
15082,0.00012
15083,0.00012
15084,0.00012
15085,0.00012
15086,0.00012
15087,0.00012
15088,0.00012
15089,0.00012
15090,0.00012
15091,0.00012
15092,0.00012
15093,0.00012
15094,0.00012
15095,0.00012
15096,0.00012
15097,0.00012
15098,0.00012
15099,0.00012
15100,0.00012
15101,0.00012
15102,0.00012
15103,0.00012
15104,0.00012
15105,0.00012
15106,0.00012
15107,0.00012
15108,0.00012
15109,0.00012
15110,0.00012
15111,0.00012
15112,0.00012
15113,0.00012
15114,0.00012
15115,0.00012
15116,0.00012
15117,0.00012
15118,0.00012
15119,0.00012
15120,0.00012
15121,0.00012
15122,0.00012
15123,0.00012
15124,0.00012
15125,0.00012
15126,0.00012
15127,0.00012
15128,0.00012
15129,0.00012
15130,0.00012
15131,0.00012
15132,0.00012
15133,0.00012
15134,0.00012
15135,0.00012
15136,0.00012
15137,0.00012
15138,0.00012
15139,0.00012
15140,0.00012
15141,0.00012
15142,0.00012
15143,0.00012
15144,0.00012
15145,0.00012
15146,0.00012
15147,0.00012
15148,0.00012
15149,0.00012
15150,0.00012
15151,0.00012
15152,0.00012
15153,0.00012
15154,0.00012
15155,0.00012
15156,0.00012
15157,0.00012
15158,0.00012
15159,0.00012
15160,0.00012
15161,0.000120967778
15162,0.000162752963
15163,0.000687150556
15164,0.000625392778
15165,0.000426815
15166,0.000303851667
15167,0.000220130556
15168,0.000155750556
15169,0.000127309074
15170,0.000131926111
15171,0.000140355
15172,0.000135381667
15173,0.000133040556
15174,0.000138107222
15175,0.000142255
15176,0.000155327222
15177,0.000158785
15178,0.000160853889
15179,0.000156297222
15180,0.000152851667
15181,0.00012
15182,0.00012
15183,0.00012
15184,0.00012
15185,0.00012
15186,0.00012
15187,0.00012
15188,0.00012
15189,0.00012
15190,0.00012
15191,0.00012
15192,0.00012
15193,0.00012
15194,0.00012
15195,0.00012
15196,0.00012
15197,0.00012
15198,0.00012
15199,0.00012
15200,0.00012
15201,0.00012
15202,0.00012
15203,0.00012
15204,0.00012
15205,0.00012
15206,0.00012
15207,0.00012
15208,0.00012
15209,0.00012
15210,0.00012
15211,0.00012
15212,0.00012
15213,0.00012
15214,0.00012
15215,0.00012
15216,0.00012
15217,0.00012
15218,0.00012
15219,0.00012
15220,0.00012
15221,0.00012
15222,0.00012
15223,0.00012
15224,0.00012
15225,0.00012
15226,0.00012
15227,0.00012
15228,0.00012
15229,0.00012
15230,0.00012
15231,0.00012
15232,0.00012
15233,0.00012
15234,0.00012
15235,0.00012
15236,0.00012
15237,0.00012
15238,0.00012
15239,0.00012
15240,0.00012
15241,0.00012
15242,0.00012
15243,0.00012
15244,0.00012
15245,0.00012
15246,0.00012
15247,0.00012
15248,0.00012
15249,0.00012
15250,0.00012
15251,0.00012
15252,0.00012
15253,0.00012
15254,0.00012
15255,0.00012
15256,0.00012
15257,0.00012
15258,0.00012
15259,0.00012
15260,0.00012
15261,0.00012
15262,0.00012
15263,0.00012
15264,0.00012
15265,0.00012
15266,0.00012
15267,0.00012
15268,0.00012
15269,0.00012
15270,0.00012
15271,0.00012
15272,0.00012
15273,0.00012
15274,0.00012
15275,0.00012
15276,0.00012
15277,0.00012
15278,0.00012
15279,0.00012
15280,0.00012
15281,0.00012
15282,0.00012
15283,0.00012
15284,0.00012
15285,0.00012
15286,0.00012
15287,0.00012
15288,0.00012
15289,0.00012
15290,0.00012
15291,0.00012
15292,0.00012
15293,0.00012
15294,0.00012
15295,0.00012
15296,0.00012
15297,0.00012
15298,0.00012
15299,0.00012
15300,0.00012
15301,0.00012
15302,0.00012
15303,0.00012
15304,0.00012
15305,0.00012
15306,0.00012
15307,0.00012
15308,0.00012
15309,0.00012
15310,0.00012
15311,0.00012
15312,0.00012
15313,0.00012
15314,0.00012
15315,0.00012
15316,0.00012
15317,0.00012
15318,0.00012
15319,0.00012
15320,0.00012
15321,0.00012
15322,0.00012
15323,0.00012
15324,0.00012
15325,0.00012
15326,0.00012
15327,0.00012
15328,0.00012
15329,0.00012
15330,0.00012
15331,0.00012
15332,0.00012
15333,0.00012
15334,0.00012
15335,0.00012
15336,0.00012
15337,0.00012
15338,0.00012
15339,0.00012
15340,0.00012
15341,0.00012
15342,0.00012
15343,0.00012
15344,0.00012
15345,0.00012
15346,0.00012
15347,0.00012
15348,0.00012
15349,0.00012
15350,0.00012
15351,0.00012
15352,0.00012
15353,0.00012
15354,0.00012
15355,0.00012
15356,0.00012
15357,0.00012
15358,0.00012
15359,0.00012
15360,0.00012
15361,0.00012
15362,0.00012
15363,0.00012
15364,0.00012
15365,0.00012
15366,0.00012
15367,0.00012
15368,0.00012
15369,0.00012
15370,0.00012
15371,0.00012
15372,0.00012
15373,0.00012
15374,0.00012
15375,0.00012
15376,0.00012
15377,0.00012
15378,0.00012
15379,0.00012
15380,0.00012
15381,0.000120967778
15382,0.000162752963
15383,0.000687150556
15384,0.000625392778
15385,0.000426815
15386,0.000303851667
15387,0.000220130556
15388,0.000155750556
15389,0.000127309074
15390,0.000131926111
15391,0.000140355
15392,0.000135381667
15393,0.000133040556
15394,0.000138107222
15395,0.000142255
15396,0.000155327222
15397,0.000158785
15398,0.000160853889
15399,0.000156297222
15400,0.000152851667
15401,0.00012
15402,0.00012
15403,0.00012
15404,0.00012
15405,0.00012
15406,0.00012
15407,0.00012
15408,0.00012
15409,0.00012
15410,0.00012
15411,0.00012
15412,0.00012
15413,0.00012
15414,0.00012
15415,0.00012
15416,0.00012
15417,0.00012
15418,0.00012
15419,0.00012
15420,0.00012
15421,0.00012
15422,0.00012
15423,0.00012
15424,0.00012
15425,0.00012
15426,0.00012
15427,0.00012
15428,0.00012
15429,0.00012
15430,0.00012
15431,0.00012
15432,0.00012
15433,0.00012
15434,0.00012
15435,0.00012
15436,0.00012
15437,0.00012
15438,0.00012
15439,0.00012
15440,0.00012
15441,0.00012
15442,0.00012
15443,0.00012
15444,0.00012
15445,0.00012
15446,0.00012
15447,0.00012
15448,0.00012
15449,0.00012
15450,0.00012
15451,0.00012
15452,0.00012
15453,0.00012
15454,0.00012
15455,0.00012
15456,0.00012
15457,0.00012
15458,0.00012
15459,0.00012
15460,0.00012
15461,0.00012
15462,0.00012
15463,0.00012
15464,0.00012
15465,0.00012
15466,0.00012
15467,0.00012
15468,0.00012
15469,0.00012
15470,0.00012
15471,0.00012
15472,0.00012
15473,0.00012
15474,0.00012
15475,0.00012
15476,0.00012
15477,0.00012
15478,0.00012
15479,0.00012
15480,0.00012
15481,0.00012
15482,0.00012
15483,0.00012
15484,0.00012
15485,0.00012
15486,0.00012
15487,0.00012
15488,0.00012
15489,0.00012
15490,0.00012
15491,0.00012
15492,0.00012
15493,0.00012
15494,0.00012
15495,0.00012
15496,0.00012
15497,0.00012
15498,0.00012
15499,0.00012
15500,0.00012
15501,0.00012
15502,0.00012
15503,0.00012
15504,0.00012
15505,0.00012
15506,0.00012
15507,0.00012
15508,0.00012
15509,0.00012
15510,0.00012
15511,0.00012
15512,0.00012
15513,0.00012
15514,0.00012
15515,0.00012
15516,0.00012
15517,0.00012
15518,0.00012
15519,0.00012
15520,0.00012
15521,0.00012
15522,0.00012
15523,0.00012
15524,0.00012
15525,0.00012
15526,0.00012
15527,0.00012
15528,0.00012
15529,0.00012
15530,0.00012
15531,0.00012
15532,0.00012
15533,0.00012
15534,0.00012
15535,0.00012
15536,0.00012
15537,0.00012
15538,0.00012
15539,0.00012
15540,0.00012
15541,0.00012
15542,0.00012
15543,0.00012
15544,0.00012
15545,0.00012
15546,0.00012
15547,0.00012
15548,0.00012
15549,0.00012
15550,0.00012
15551,0.00012
15552,0.00012
15553,0.00012
15554,0.00012
15555,0.00012
15556,0.00012
15557,0.00012
15558,0.00012
15559,0.00012
15560,0.00012
15561,0.00012
15562,0.00012
15563,0.00012
15564,0.00012
15565,0.00012
15566,0.00012
15567,0.00012
15568,0.00012
15569,0.00012
15570,0.00012
15571,0.00012
15572,0.00012
15573,0.00012
15574,0.00012
15575,0.00012
15576,0.00012
15577,0.00012
15578,0.00012
15579,0.00012
15580,0.00012
15581,0.00012
15582,0.00012
15583,0.00012
15584,0.00012
15585,0.00012
15586,0.00012
15587,0.00012
15588,0.00012
15589,0.00012
15590,0.00012
15591,0.00012
15592,0.00012
15593,0.00012
15594,0.00012
15595,0.00012
15596,0.00012
15597,0.00012
15598,0.00012
15599,0.00012
15600,0.00012
15601,0.000120967778
15602,0.000162752963
15603,0.000687150556
15604,0.000625392778
15605,0.000426815
15606,0.000303851667
15607,0.000220130556
15608,0.000155750556
15609,0.000127309074
15610,0.000131926111
15611,0.000140355
15612,0.000135381667
15613,0.000133040556
15614,0.000138107222
15615,0.000142255
15616,0.000155327222
15617,0.000158785
15618,0.000160853889
15619,0.000156297222
15620,0.000152851667
15621,0.00012
15622,0.00012
15623,0.00012
15624,0.00012
15625,0.00012
15626,0.00012
15627,0.00012
15628,0.00012
15629,0.00012
15630,0.00012
15631,0.00012
15632,0.00012
15633,0.00012
15634,0.00012
15635,0.00012
15636,0.00012
15637,0.00012
15638,0.00012
15639,0.00012
15640,0.00012
15641,0.00012
15642,0.00012
15643,0.00012
15644,0.00012
15645,0.00012
15646,0.00012
15647,0.00012
15648,0.00012
15649,0.00012
15650,0.00012
15651,0.00012
15652,0.00012
15653,0.00012
15654,0.00012
15655,0.00012
15656,0.00012
15657,0.00012
15658,0.00012
15659,0.00012
15660,0.00012
15661,0.00012
15662,0.00012
15663,0.00012
15664,0.00012
15665,0.00012
15666,0.00012
15667,0.00012
15668,0.00012
15669,0.00012
15670,0.00012
15671,0.00012
15672,0.00012
15673,0.00012
15674,0.00012
15675,0.00012
15676,0.00012
15677,0.00012
15678,0.00012
15679,0.00012
15680,0.00012
15681,0.00012
15682,0.00012
15683,0.00012
15684,0.00012
15685,0.00012
15686,0.00012
15687,0.00012
15688,0.00012
15689,0.00012
15690,0.00012
15691,0.00012
15692,0.00012
15693,0.00012
15694,0.00012
15695,0.00012
15696,0.00012
15697,0.00012
15698,0.00012
15699,0.00012
15700,0.00012
15701,0.00012
15702,0.00012
15703,0.00012
15704,0.00012
15705,0.00012
15706,0.00012
15707,0.00012
15708,0.00012
15709,0.00012
15710,0.00012
15711,0.00012
15712,0.00012
15713,0.00012
15714,0.00012
15715,0.00012
15716,0.00012
15717,0.00012
15718,0.00012
15719,0.00012
15720,0.00012
15721,0.00012
15722,0.00012
15723,0.00012
15724,0.00012
15725,0.00012
15726,0.00012
15727,0.00012
15728,0.00012
15729,0.00012
15730,0.00012
15731,0.00012
15732,0.00012
15733,0.00012
15734,0.00012
15735,0.00012
15736,0.00012
15737,0.00012
15738,0.00012
15739,0.00012
15740,0.00012
15741,0.00012
15742,0.00012
15743,0.00012
15744,0.00012
15745,0.00012
15746,0.00012
15747,0.00012
15748,0.00012
15749,0.00012
15750,0.00012
15751,0.00012
15752,0.00012
15753,0.00012
15754,0.00012
15755,0.00012
15756,0.00012
15757,0.00012
15758,0.00012
15759,0.00012
15760,0.00012
15761,0.00012
15762,0.00012
15763,0.00012
15764,0.00012
15765,0.00012
15766,0.00012
15767,0.00012
15768,0.00012
15769,0.00012
15770,0.00012
15771,0.00012
15772,0.00012
15773,0.00012
15774,0.00012
15775,0.00012
15776,0.00012
15777,0.00012
15778,0.00012
15779,0.00012
15780,0.00012
15781,0.00012
15782,0.00012
15783,0.00012
15784,0.00012
15785,0.00012
15786,0.00012
15787,0.00012
15788,0.00012
15789,0.00012
15790,0.00012
15791,0.00012
15792,0.00012
15793,0.00012
15794,0.00012
15795,0.00012
15796,0.00012
15797,0.00012
15798,0.00012
15799,0.00012
15800,0.00012
15801,0.00012
15802,0.00012
15803,0.00012
15804,0.00012
15805,0.00012
15806,0.00012
15807,0.00012
15808,0.00012
15809,0.00012
15810,0.00012
15811,0.00012
15812,0.00012
15813,0.00012
15814,0.00012
15815,0.00012
15816,0.00012
15817,0.00012
15818,0.00012
15819,0.00012
15820,0.00012
15821,0.000120967778
15822,0.000162752963
15823,0.000687150556
15824,0.000625392778
15825,0.000426815
15826,0.000303851667
15827,0.000220130556
15828,0.000155750556
15829,0.000127309074
15830,0.000131926111
15831,0.000140355
15832,0.000135381667
15833,0.000133040556
15834,0.000138107222
15835,0.000142255
15836,0.000155327222
15837,0.000158785
15838,0.000160853889
15839,0.000156297222
15840,0.000152851667
15841,0.00012
15842,0.00012
15843,0.00012
15844,0.00012
15845,0.00012
15846,0.00012
15847,0.00012
15848,0.00012
15849,0.00012
15850,0.00012
15851,0.00012
15852,0.00012
15853,0.00012
15854,0.00012
15855,0.00012
15856,0.00012
15857,0.00012
15858,0.00012
15859,0.00012
15860,0.00012
15861,0.00012
15862,0.00012
15863,0.00012
15864,0.00012
15865,0.00012
15866,0.00012
15867,0.00012
15868,0.00012
15869,0.00012
15870,0.00012
15871,0.00012
15872,0.00012
15873,0.00012
15874,0.00012
15875,0.00012
15876,0.00012
15877,0.00012
15878,0.00012
15879,0.00012
15880,0.00012
15881,0.00012
15882,0.00012
15883,0.00012
15884,0.00012
15885,0.00012
15886,0.00012
15887,0.00012
15888,0.00012
15889,0.00012
15890,0.00012
15891,0.00012
15892,0.00012
15893,0.00012
15894,0.00012
15895,0.00012
15896,0.00012
15897,0.00012
15898,0.00012
15899,0.00012
15900,0.00012
15901,0.00012
15902,0.00012
15903,0.00012
15904,0.00012
15905,0.00012
15906,0.00012
15907,0.00012
15908,0.00012
15909,0.00012
15910,0.00012
15911,0.00012
15912,0.00012
15913,0.00012
15914,0.00012
15915,0.00012
15916,0.00012
15917,0.00012
15918,0.00012
15919,0.00012
15920,0.00012
15921,0.00012
15922,0.00012
15923,0.00012
15924,0.00012
15925,0.00012
15926,0.00012
15927,0.00012
15928,0.00012
15929,0.00012
15930,0.00012
15931,0.00012
15932,0.00012
15933,0.00012
15934,0.00012
15935,0.00012
15936,0.00012
15937,0.00012
15938,0.00012
15939,0.00012
15940,0.00012
15941,0.00012
15942,0.00012
15943,0.00012
15944,0.00012
15945,0.00012
15946,0.00012
15947,0.00012
15948,0.00012
15949,0.00012
15950,0.00012
15951,0.00012
15952,0.00012
15953,0.00012
15954,0.00012
15955,0.00012
15956,0.00012
15957,0.00012
15958,0.00012
15959,0.00012
15960,0.00012
15961,0.00012
15962,0.00012
15963,0.00012
15964,0.00012
15965,0.00012
15966,0.00012
15967,0.00012
15968,0.00012
15969,0.00012
15970,0.00012
15971,0.00012
15972,0.00012
15973,0.00012
15974,0.00012
15975,0.00012
15976,0.00012
15977,0.00012
15978,0.00012
15979,0.00012
15980,0.00012
15981,0.00012
15982,0.00012
15983,0.00012
15984,0.00012
15985,0.00012
15986,0.00012
15987,0.00012
15988,0.00012
15989,0.00012
15990,0.00012
15991,0.00012
15992,0.00012
15993,0.00012
15994,0.00012
15995,0.00012
15996,0.00012
15997,0.00012
15998,0.00012
15999,0.00012
16000,0.00012
16001,0.00012
16002,0.00012
16003,0.00012
16004,0.00012
16005,0.00012
16006,0.00012
16007,0.00012
16008,0.00012
16009,0.00012
16010,0.00012
16011,0.00012
16012,0.00012
16013,0.00012
16014,0.00012
16015,0.00012
16016,0.00012
16017,0.00012
16018,0.00012
16019,0.00012
16020,0.00012
16021,0.00012
16022,0.00012
16023,0.00012
16024,0.00012
16025,0.00012
16026,0.00012
16027,0.00012
16028,0.00012
16029,0.00012
16030,0.00012
16031,0.00012
16032,0.00012
16033,0.00012
16034,0.00012
16035,0.00012
16036,0.00012
16037,0.00012
16038,0.00012
16039,0.00012
16040,0.00012
16041,0.000120967778
16042,0.000162752963
16043,0.000687150556
16044,0.000625392778
16045,0.000426815
16046,0.000303851667
16047,0.000220130556
16048,0.000155750556
16049,0.000127309074
16050,0.000131926111
16051,0.000140355
16052,0.000135381667
16053,0.000133040556
16054,0.000138107222
16055,0.000142255
16056,0.000155327222
16057,0.000158785
16058,0.000160853889
16059,0.000156297222
16060,0.000152851667
16061,0.00012
16062,0.00012
16063,0.00012
16064,0.00012
16065,0.00012
16066,0.00012
16067,0.00012
16068,0.00012
16069,0.00012
16070,0.00012
16071,0.00012
16072,0.00012
16073,0.00012
16074,0.00012
16075,0.00012
16076,0.00012
16077,0.00012
16078,0.00012
16079,0.00012
16080,0.00012
16081,0.00012
16082,0.00012
16083,0.00012
16084,0.00012
16085,0.00012
16086,0.00012
16087,0.00012
16088,0.00012
16089,0.00012
16090,0.00012
16091,0.00012
16092,0.00012
16093,0.00012
16094,0.00012
16095,0.00012
16096,0.00012
16097,0.00012
16098,0.00012
16099,0.00012
16100,0.00012
16101,0.00012
16102,0.00012
16103,0.00012
16104,0.00012
16105,0.00012
16106,0.00012
16107,0.00012
16108,0.00012
16109,0.00012
16110,0.00012
16111,0.00012
16112,0.00012
16113,0.00012
16114,0.00012
16115,0.00012
16116,0.00012
16117,0.00012
16118,0.00012
16119,0.00012
16120,0.00012
16121,0.00012
16122,0.00012
16123,0.00012
16124,0.00012
16125,0.00012
16126,0.00012
16127,0.00012
16128,0.00012
16129,0.00012
16130,0.00012
16131,0.00012
16132,0.00012
16133,0.00012
16134,0.00012
16135,0.00012
16136,0.00012
16137,0.00012
16138,0.00012
16139,0.00012
16140,0.00012
16141,0.00012
16142,0.00012
16143,0.00012
16144,0.00012
16145,0.00012
16146,0.00012
16147,0.00012
16148,0.00012
16149,0.00012
16150,0.00012
16151,0.00012
16152,0.00012
16153,0.00012
16154,0.00012
16155,0.00012
16156,0.00012
16157,0.00012
16158,0.00012
16159,0.00012
16160,0.00012
16161,0.00012
16162,0.00012
16163,0.00012
16164,0.00012
16165,0.00012
16166,0.00012
16167,0.00012
16168,0.00012
16169,0.00012
16170,0.00012
16171,0.00012
16172,0.00012
16173,0.00012
16174,0.00012
16175,0.00012
16176,0.00012
16177,0.00012
16178,0.00012
16179,0.00012
16180,0.00012
16181,0.00012
16182,0.00012
16183,0.00012
16184,0.00012
16185,0.00012
16186,0.00012
16187,0.00012
16188,0.00012
16189,0.00012
16190,0.00012
16191,0.00012
16192,0.00012
16193,0.00012
16194,0.00012
16195,0.00012
16196,0.00012
16197,0.00012
16198,0.00012
16199,0.00012
16200,0.00012
16201,0.00012
16202,0.00012
16203,0.00012
16204,0.00012
16205,0.00012
16206,0.00012
16207,0.00012
16208,0.00012
16209,0.00012
16210,0.00012
16211,0.00012
16212,0.00012
16213,0.00012
16214,0.00012
16215,0.00012
16216,0.00012
16217,0.00012
16218,0.00012
16219,0.00012
16220,0.00012
16221,0.00012
16222,0.00012
16223,0.00012
16224,0.00012
16225,0.00012
16226,0.00012
16227,0.00012
16228,0.00012
16229,0.00012
16230,0.00012
16231,0.00012
16232,0.00012
16233,0.00012
16234,0.00012
16235,0.00012
16236,0.00012
16237,0.00012
16238,0.00012
16239,0.00012
16240,0.00012
16241,0.00012
16242,0.00012
16243,0.00012
16244,0.00012
16245,0.00012
16246,0.00012
16247,0.00012
16248,0.00012
16249,0.00012
16250,0.00012
16251,0.00012
16252,0.00012
16253,0.00012
16254,0.00012
16255,0.00012
16256,0.00012
16257,0.00012
16258,0.00012
16259,0.00012
16260,0.00012
16261,0.000120967778
16262,0.000162752963
16263,0.000687150556
16264,0.000625392778
16265,0.000426815
16266,0.000303851667
16267,0.000220130556
16268,0.000155750556
16269,0.000127309074
16270,0.000131926111
16271,0.000140355
16272,0.000135381667
16273,0.000133040556
16274,0.000138107222
16275,0.000142255
16276,0.000155327222
16277,0.000158785
16278,0.000160853889
16279,0.000156297222
16280,0.000152851667
16281,0.00012
16282,0.00012
16283,0.00012
16284,0.00012
16285,0.00012
16286,0.00012
16287,0.00012
16288,0.00012
16289,0.00012
16290,0.00012
16291,0.00012
16292,0.00012
16293,0.00012
16294,0.00012
16295,0.00012
16296,0.00012
16297,0.00012
16298,0.00012
16299,0.00012
16300,0.00012
16301,0.00012
16302,0.00012
16303,0.00012
16304,0.00012
16305,0.00012
16306,0.00012
16307,0.00012
16308,0.00012
16309,0.00012
16310,0.00012
16311,0.00012
16312,0.00012
16313,0.00012
16314,0.00012
16315,0.00012
16316,0.00012
16317,0.00012
16318,0.00012
16319,0.00012
16320,0.00012
16321,0.00012
16322,0.00012
16323,0.00012
16324,0.00012
16325,0.00012
16326,0.00012
16327,0.00012
16328,0.00012
16329,0.00012
16330,0.00012
16331,0.00012
16332,0.00012
16333,0.00012
16334,0.00012
16335,0.00012
16336,0.00012
16337,0.00012
16338,0.00012
16339,0.00012
16340,0.00012
16341,0.00012
16342,0.00012
16343,0.00012
16344,0.00012
16345,0.00012
16346,0.00012
16347,0.00012
16348,0.00012
16349,0.00012
16350,0.00012
16351,0.00012
16352,0.00012
16353,0.00012
16354,0.00012
16355,0.00012
16356,0.00012
16357,0.00012
16358,0.00012
16359,0.00012
16360,0.00012
16361,0.00012
16362,0.00012
16363,0.00012
16364,0.00012
16365,0.00012
16366,0.00012
16367,0.00012
16368,0.00012
16369,0.00012
16370,0.00012
16371,0.00012
16372,0.00012
16373,0.00012
16374,0.00012
16375,0.00012
16376,0.00012
16377,0.00012
16378,0.00012
16379,0.00012
16380,0.00012
16381,0.00012
16382,0.00012
16383,0.00012
16384,0.00012
16385,0.00012
16386,0.00012
16387,0.00012
16388,0.00012
16389,0.00012
16390,0.00012
16391,0.00012
16392,0.00012
16393,0.00012
16394,0.00012
16395,0.00012
16396,0.00012
16397,0.00012
16398,0.00012
16399,0.00012
16400,0.00012
16401,0.00012
16402,0.00012
16403,0.00012
16404,0.00012
16405,0.00012
16406,0.00012
16407,0.00012
16408,0.00012
16409,0.00012
16410,0.00012
16411,0.00012
16412,0.00012
16413,0.00012
16414,0.00012
16415,0.00012
16416,0.00012
16417,0.00012
16418,0.00012
16419,0.00012
16420,0.00012
16421,0.00012
16422,0.00012
16423,0.00012
16424,0.00012
16425,0.00012
16426,0.00012
16427,0.00012
16428,0.00012
16429,0.00012
16430,0.00012
16431,0.00012
16432,0.00012
16433,0.00012
16434,0.00012
16435,0.00012
16436,0.00012
16437,0.00012
16438,0.00012
16439,0.00012
16440,0.00012
16441,0.00012
16442,0.00012
16443,0.00012
16444,0.00012
16445,0.00012
16446,0.00012
16447,0.00012
16448,0.00012
16449,0.00012
16450,0.00012
16451,0.00012
16452,0.00012
16453,0.00012
16454,0.00012
16455,0.00012
16456,0.00012
16457,0.00012
16458,0.00012
16459,0.00012
16460,0.00012
16461,0.00012
16462,0.00012
16463,0.00012
16464,0.00012
16465,0.00012
16466,0.00012
16467,0.00012
16468,0.00012
16469,0.00012
16470,0.00012
16471,0.00012
16472,0.00012
16473,0.00012
16474,0.00012
16475,0.00012
16476,0.00012
16477,0.00012
16478,0.00012
16479,0.00012
16480,0.00012
16481,0.000120967778
16482,0.000162752963
16483,0.000687150556
16484,0.000625392778
16485,0.000426815
16486,0.000303851667
16487,0.000220130556
16488,0.000155750556
16489,0.000127309074
16490,0.000131926111
16491,0.000140355
16492,0.000135381667
16493,0.000133040556
16494,0.000138107222
16495,0.000142255
16496,0.000155327222
16497,0.000158785
16498,0.000160853889
16499,0.000156297222
16500,0.000152851667
16501,0.00012
16502,0.00012
16503,0.00012
16504,0.00012
16505,0.00012
16506,0.00012
16507,0.00012
16508,0.00012
16509,0.00012
16510,0.00012
16511,0.00012
16512,0.00012
16513,0.00012
16514,0.00012
16515,0.00012
16516,0.00012
16517,0.00012
16518,0.00012
16519,0.00012
16520,0.00012
16521,0.00012
16522,0.00012
16523,0.00012
16524,0.00012
16525,0.00012
16526,0.00012
16527,0.00012
16528,0.00012
16529,0.00012
16530,0.00012
16531,0.00012
16532,0.00012
16533,0.00012
16534,0.00012
16535,0.00012
16536,0.00012
16537,0.00012
16538,0.00012
16539,0.00012
16540,0.00012
16541,0.00012
16542,0.00012
16543,0.00012
16544,0.00012
16545,0.00012
16546,0.00012
16547,0.00012
16548,0.00012
16549,0.00012
16550,0.00012
16551,0.00012
16552,0.00012
16553,0.00012
16554,0.00012
16555,0.00012
16556,0.00012
16557,0.00012
16558,0.00012
16559,0.00012
16560,0.00012
16561,0.00012
16562,0.00012
16563,0.00012
16564,0.00012
16565,0.00012
16566,0.00012
16567,0.00012
16568,0.00012
16569,0.00012
16570,0.00012
16571,0.00012
16572,0.00012
16573,0.00012
16574,0.00012
16575,0.00012
16576,0.00012
16577,0.00012
16578,0.00012
16579,0.00012
16580,0.00012
16581,0.00012
16582,0.00012
16583,0.00012
16584,0.00012
16585,0.00012
16586,0.00012
16587,0.00012
16588,0.00012
16589,0.00012
16590,0.00012
16591,0.00012
16592,0.00012
16593,0.00012
16594,0.00012
16595,0.00012
16596,0.00012
16597,0.00012
16598,0.00012
16599,0.00012
16600,0.00012
16601,0.00012
16602,0.00012
16603,0.00012
16604,0.00012
16605,0.00012
16606,0.00012
16607,0.00012
16608,0.00012
16609,0.00012
16610,0.00012
16611,0.00012
16612,0.00012
16613,0.00012
16614,0.00012
16615,0.00012
16616,0.00012
16617,0.00012
16618,0.00012
16619,0.00012
16620,0.00012
16621,0.00012
16622,0.00012
16623,0.00012
16624,0.00012
16625,0.00012
16626,0.00012
16627,0.00012
16628,0.00012
16629,0.00012
16630,0.00012
16631,0.00012
16632,0.00012
16633,0.00012
16634,0.00012
16635,0.00012
16636,0.00012
16637,0.00012
16638,0.00012
16639,0.00012
16640,0.00012
16641,0.00012
16642,0.00012
16643,0.00012
16644,0.00012
16645,0.00012
16646,0.00012
16647,0.00012
16648,0.00012
16649,0.00012
16650,0.00012
16651,0.00012
16652,0.00012
16653,0.00012
16654,0.00012
16655,0.00012
16656,0.00012
16657,0.00012
16658,0.00012
16659,0.00012
16660,0.00012
16661,0.00012
16662,0.00012
16663,0.00012
16664,0.00012
16665,0.00012
16666,0.00012
16667,0.00012
16668,0.00012
16669,0.00012
16670,0.00012
16671,0.00012
16672,0.00012
16673,0.00012
16674,0.00012
16675,0.00012
16676,0.00012
16677,0.00012
16678,0.00012
16679,0.00012
16680,0.00012
16681,0.00012
16682,0.00012
16683,0.00012
16684,0.00012
16685,0.00012
16686,0.00012
16687,0.00012
16688,0.00012
16689,0.00012
16690,0.00012
16691,0.00012
16692,0.00012
16693,0.00012
16694,0.00012
16695,0.00012
16696,0.00012
16697,0.00012
16698,0.00012
16699,0.00012
16700,0.00012
16701,0.000120967778
16702,0.000162752963
16703,0.000687150556
16704,0.000625392778
16705,0.000426815
16706,0.000303851667
16707,0.000220130556
16708,0.000155750556
16709,0.000127309074
16710,0.000131926111
16711,0.000140355
16712,0.000135381667
16713,0.000133040556
16714,0.000138107222
16715,0.000142255
16716,0.000155327222
16717,0.000158785
16718,0.000160853889
16719,0.000156297222
16720,0.000152851667
16721,0.00012
16722,0.00012
16723,0.00012
16724,0.00012
16725,0.00012
16726,0.00012
16727,0.00012
16728,0.00012
16729,0.00012
16730,0.00012
16731,0.00012
16732,0.00012
16733,0.00012
16734,0.00012
16735,0.00012
16736,0.00012
16737,0.00012
16738,0.00012
16739,0.00012
16740,0.00012
16741,0.00012
16742,0.00012
16743,0.00012
16744,0.00012
16745,0.00012
16746,0.00012
16747,0.00012
16748,0.00012
16749,0.00012
16750,0.00012
16751,0.00012
16752,0.00012
16753,0.00012
16754,0.00012
16755,0.00012
16756,0.00012
16757,0.00012
16758,0.00012
16759,0.00012
16760,0.00012
16761,0.00012
16762,0.00012
16763,0.00012
16764,0.00012
16765,0.00012
16766,0.00012
16767,0.00012
16768,0.00012
16769,0.00012
16770,0.00012
16771,0.00012
16772,0.00012
16773,0.00012
16774,0.00012
16775,0.00012
16776,0.00012
16777,0.00012
16778,0.00012
16779,0.00012
16780,0.00012
16781,0.00012
16782,0.00012
16783,0.00012
16784,0.00012
16785,0.00012
16786,0.00012
16787,0.00012
16788,0.00012
16789,0.00012
16790,0.00012
16791,0.00012
16792,0.00012
16793,0.00012
16794,0.00012
16795,0.00012
16796,0.00012
16797,0.00012
16798,0.00012
16799,0.00012
16800,0.00012
16801,0.00012
16802,0.00012
16803,0.00012
16804,0.00012
16805,0.00012
16806,0.00012
16807,0.00012
16808,0.00012
16809,0.00012
16810,0.00012
16811,0.00012
16812,0.00012
16813,0.00012
16814,0.00012
16815,0.00012
16816,0.00012
16817,0.00012
16818,0.00012
16819,0.00012
16820,0.00012
16821,0.00012
16822,0.00012
16823,0.00012
16824,0.00012
16825,0.00012
16826,0.00012
16827,0.00012
16828,0.00012
16829,0.00012
16830,0.00012
16831,0.00012
16832,0.00012
16833,0.00012
16834,0.00012
16835,0.00012
16836,0.00012
16837,0.00012
16838,0.00012
16839,0.00012
16840,0.00012
16841,0.00012
16842,0.00012
16843,0.00012
16844,0.00012
16845,0.00012
16846,0.00012
16847,0.00012
16848,0.00012
16849,0.00012
16850,0.00012
16851,0.00012
16852,0.00012
16853,0.00012
16854,0.00012
16855,0.00012
16856,0.00012
16857,0.00012
16858,0.00012
16859,0.00012
16860,0.00012
16861,0.00012
16862,0.00012
16863,0.00012
16864,0.00012
16865,0.00012
16866,0.00012
16867,0.00012
16868,0.00012
16869,0.00012
16870,0.00012
16871,0.00012
16872,0.00012
16873,0.00012
16874,0.00012
16875,0.00012
16876,0.00012
16877,0.00012
16878,0.00012
16879,0.00012
16880,0.00012
16881,0.00012
16882,0.00012
16883,0.00012
16884,0.00012
16885,0.00012
16886,0.00012
16887,0.00012
16888,0.00012
16889,0.00012
16890,0.00012
16891,0.00012
16892,0.00012
16893,0.00012
16894,0.00012
16895,0.00012
16896,0.00012
16897,0.00012
16898,0.00012
16899,0.00012
16900,0.00012
16901,0.00012
16902,0.00012
16903,0.00012
16904,0.00012
16905,0.00012
16906,0.00012
16907,0.00012
16908,0.00012
16909,0.00012
16910,0.00012
16911,0.00012
16912,0.00012
16913,0.00012
16914,0.00012
16915,0.00012
16916,0.00012
16917,0.00012
16918,0.00012
16919,0.00012
16920,0.00012
16921,0.000120967778
16922,0.000162752963
16923,0.000687150556
16924,0.000625392778
16925,0.000426815
16926,0.000303851667
16927,0.000220130556
16928,0.000155750556
16929,0.000127309074
16930,0.000131926111
16931,0.000140355
16932,0.000135381667
16933,0.000133040556
16934,0.000138107222
16935,0.000142255
16936,0.000155327222
16937,0.000158785
16938,0.000160853889
16939,0.000156297222
16940,0.000152851667
16941,0.00012
16942,0.00012
16943,0.00012
16944,0.00012
16945,0.00012
16946,0.00012
16947,0.00012
16948,0.00012
16949,0.00012
16950,0.00012
16951,0.00012
16952,0.00012
16953,0.00012
16954,0.00012
16955,0.00012
16956,0.00012
16957,0.00012
16958,0.00012
16959,0.00012
16960,0.00012
16961,0.00012
16962,0.00012
16963,0.00012
16964,0.00012
16965,0.00012
16966,0.00012
16967,0.00012
16968,0.00012
16969,0.00012
16970,0.00012
16971,0.00012
16972,0.00012
16973,0.00012
16974,0.00012
16975,0.00012
16976,0.00012
16977,0.00012
16978,0.00012
16979,0.00012
16980,0.00012
16981,0.00012
16982,0.00012
16983,0.00012
16984,0.00012
16985,0.00012
16986,0.00012
16987,0.00012
16988,0.00012
16989,0.00012
16990,0.00012
16991,0.00012
16992,0.00012
16993,0.00012
16994,0.00012
16995,0.00012
16996,0.00012
16997,0.00012
16998,0.00012
16999,0.00012
17000,0.00012
17001,0.00012
17002,0.00012
17003,0.00012
17004,0.00012
17005,0.00012
17006,0.00012
17007,0.00012
17008,0.00012
17009,0.00012
17010,0.00012
17011,0.00012
17012,0.00012
17013,0.00012
17014,0.00012
17015,0.00012
17016,0.00012
17017,0.00012
17018,0.00012
17019,0.00012
17020,0.00012
17021,0.00012
17022,0.00012
17023,0.00012
17024,0.00012
17025,0.00012
17026,0.00012
17027,0.00012
17028,0.00012
17029,0.00012
17030,0.00012
17031,0.00012
17032,0.00012
17033,0.00012
17034,0.00012
17035,0.00012
17036,0.00012
17037,0.00012
17038,0.00012
17039,0.00012
17040,0.00012
17041,0.00012
17042,0.00012
17043,0.00012
17044,0.00012
17045,0.00012
17046,0.00012
17047,0.00012
17048,0.00012
17049,0.00012
17050,0.00012
17051,0.00012
17052,0.00012
17053,0.00012
17054,0.00012
17055,0.00012
17056,0.00012
17057,0.00012
17058,0.00012
17059,0.00012
17060,0.00012
17061,0.00012
17062,0.00012
17063,0.00012
17064,0.00012
17065,0.00012
17066,0.00012
17067,0.00012
17068,0.00012
17069,0.00012
17070,0.00012
17071,0.00012
17072,0.00012
17073,0.00012
17074,0.00012
17075,0.00012
17076,0.00012
17077,0.00012
17078,0.00012
17079,0.00012
17080,0.00012
17081,0.00012
17082,0.00012
17083,0.00012
17084,0.00012
17085,0.00012
17086,0.00012
17087,0.00012
17088,0.00012
17089,0.00012
17090,0.00012
17091,0.00012
17092,0.00012
17093,0.00012
17094,0.00012
17095,0.00012
17096,0.00012
17097,0.00012
17098,0.00012
17099,0.00012
17100,0.00012
17101,0.00012
17102,0.00012
17103,0.00012
17104,0.00012
17105,0.00012
17106,0.00012
17107,0.00012
17108,0.00012
17109,0.00012
17110,0.00012
17111,0.00012
17112,0.00012
17113,0.00012
17114,0.00012
17115,0.00012
17116,0.00012
17117,0.00012
17118,0.00012
17119,0.00012
17120,0.00012
17121,0.00012
17122,0.00012
17123,0.00012
17124,0.00012
17125,0.00012
17126,0.00012
17127,0.00012
17128,0.00012
17129,0.00012
17130,0.00012
17131,0.00012
17132,0.00012
17133,0.00012
17134,0.00012
17135,0.00012
17136,0.00012
17137,0.00012
17138,0.00012
17139,0.00012
17140,0.00012
17141,0.000120967778
17142,0.000162752963
17143,0.000687150556
17144,0.000625392778
17145,0.000426815
17146,0.000303851667
17147,0.000220130556
17148,0.000155750556
17149,0.000127309074
17150,0.000131926111
17151,0.000140355
17152,0.000135381667
17153,0.000133040556
17154,0.000138107222
17155,0.000142255
17156,0.000155327222
17157,0.000158785
17158,0.000160853889
17159,0.000156297222
17160,0.000152851667
17161,0.00012
17162,0.00012
17163,0.00012
17164,0.00012
17165,0.00012
17166,0.00012
17167,0.00012
17168,0.00012
17169,0.00012
17170,0.00012
17171,0.00012
17172,0.00012
17173,0.00012
17174,0.00012
17175,0.00012
17176,0.00012
17177,0.00012
17178,0.00012
17179,0.00012
17180,0.00012
17181,0.00012
17182,0.00012
17183,0.00012
17184,0.00012
17185,0.00012
17186,0.00012
17187,0.00012
17188,0.00012
17189,0.00012
17190,0.00012
17191,0.00012
17192,0.00012
17193,0.00012
17194,0.00012
17195,0.00012
17196,0.00012
17197,0.00012
17198,0.00012
17199,0.00012
17200,0.00012
17201,0.00012
17202,0.00012
17203,0.00012
17204,0.00012
17205,0.00012
17206,0.00012
17207,0.00012
17208,0.00012
17209,0.00012
17210,0.00012
17211,0.00012
17212,0.00012
17213,0.00012
17214,0.00012
17215,0.00012
17216,0.00012
17217,0.00012
17218,0.00012
17219,0.00012
17220,0.00012
17221,0.00012
17222,0.00012
17223,0.00012
17224,0.00012
17225,0.00012
17226,0.00012
17227,0.00012
17228,0.00012
17229,0.00012
17230,0.00012
17231,0.00012
17232,0.00012
17233,0.00012
17234,0.00012
17235,0.00012
17236,0.00012
17237,0.00012
17238,0.00012
17239,0.00012
17240,0.00012
17241,0.00012
17242,0.00012
17243,0.00012
17244,0.00012
17245,0.00012
17246,0.00012
17247,0.00012
17248,0.00012
17249,0.00012
17250,0.00012
17251,0.00012
17252,0.00012
17253,0.00012
17254,0.00012
17255,0.00012
17256,0.00012
17257,0.00012
17258,0.00012
17259,0.00012
17260,0.00012
17261,0.00012
17262,0.00012
17263,0.00012
17264,0.00012
17265,0.00012
17266,0.00012
17267,0.00012
17268,0.00012
17269,0.00012
17270,0.00012
17271,0.00012
17272,0.00012
17273,0.00012
17274,0.00012
17275,0.00012
17276,0.00012
17277,0.00012
17278,0.00012
17279,0.00012
17280,0.00012
17281,0.00012
17282,0.00012
17283,0.00012
17284,0.00012
17285,0.00012
17286,0.00012
17287,0.00012
17288,0.00012
17289,0.00012
17290,0.00012
17291,0.00012
17292,0.00012
17293,0.00012
17294,0.00012
17295,0.00012
17296,0.00012
17297,0.00012
17298,0.00012
17299,0.00012
17300,0.00012
17301,0.00012
17302,0.00012
17303,0.00012
17304,0.00012
17305,0.00012
17306,0.00012
17307,0.00012
17308,0.00012
17309,0.00012
17310,0.00012
17311,0.00012
17312,0.00012
17313,0.00012
17314,0.00012
17315,0.00012
17316,0.00012
17317,0.00012
17318,0.00012
17319,0.00012
17320,0.00012
17321,0.00012
17322,0.00012
17323,0.00012
17324,0.00012
17325,0.00012
17326,0.00012
17327,0.00012
17328,0.00012
17329,0.00012
17330,0.00012
17331,0.00012
17332,0.00012
17333,0.00012
17334,0.00012
17335,0.00012
17336,0.00012
17337,0.00012
17338,0.00012
17339,0.00012
17340,0.00012
17341,0.00012
17342,0.00012
17343,0.00012
17344,0.00012
17345,0.00012
17346,0.00012
17347,0.00012
17348,0.00012
17349,0.00012
17350,0.00012
17351,0.00012
17352,0.00012
17353,0.00012
17354,0.00012
17355,0.00012
17356,0.00012
17357,0.00012
17358,0.00012
17359,0.00012
17360,0.00012
17361,0.000120967778
17362,0.000162752963
17363,0.000687150556
17364,0.000625392778
17365,0.000426815
17366,0.000303851667
17367,0.000220130556
17368,0.000155750556
17369,0.000127309074
17370,0.000131926111
17371,0.000140355
17372,0.000135381667
17373,0.000133040556
17374,0.000138107222
17375,0.000142255
17376,0.000155327222
17377,0.000158785
17378,0.000160853889
17379,0.000156297222
17380,0.000152851667
17381,0.00012
17382,0.00012
17383,0.00012
17384,0.00012
17385,0.00012
17386,0.00012
17387,0.00012
17388,0.00012
17389,0.00012
17390,0.00012
17391,0.00012
17392,0.00012
17393,0.00012
17394,0.00012
17395,0.00012
17396,0.00012
17397,0.00012
17398,0.00012
17399,0.00012
17400,0.00012
17401,0.00012
17402,0.00012
17403,0.00012
17404,0.00012
17405,0.00012
17406,0.00012
17407,0.00012
17408,0.00012
17409,0.00012
17410,0.00012
17411,0.00012
17412,0.00012
17413,0.00012
17414,0.00012
17415,0.00012
17416,0.00012
17417,0.00012
17418,0.00012
17419,0.00012
17420,0.00012
17421,0.00012
17422,0.00012
17423,0.00012
17424,0.00012
17425,0.00012
17426,0.00012
17427,0.00012
17428,0.00012
17429,0.00012
17430,0.00012
17431,0.00012
17432,0.00012
17433,0.00012
17434,0.00012
17435,0.00012
17436,0.00012
17437,0.00012
17438,0.00012
17439,0.00012
17440,0.00012
17441,0.00012
17442,0.00012
17443,0.00012
17444,0.00012
17445,0.00012
17446,0.00012
17447,0.00012
17448,0.00012
17449,0.00012
17450,0.00012
17451,0.00012
17452,0.00012
17453,0.00012
17454,0.00012
17455,0.00012
17456,0.00012
17457,0.00012
17458,0.00012
17459,0.00012
17460,0.00012
17461,0.00012
17462,0.00012
17463,0.00012
17464,0.00012
17465,0.00012
17466,0.00012
17467,0.00012
17468,0.00012
17469,0.00012
17470,0.00012
17471,0.00012
17472,0.00012
17473,0.00012
17474,0.00012
17475,0.00012
17476,0.00012
17477,0.00012
17478,0.00012
17479,0.00012
17480,0.00012
17481,0.00012
17482,0.00012
17483,0.00012
17484,0.00012
17485,0.00012
17486,0.00012
17487,0.00012
17488,0.00012
17489,0.00012
17490,0.00012
17491,0.00012
17492,0.00012
17493,0.00012
17494,0.00012
17495,0.00012
17496,0.00012
17497,0.00012
17498,0.00012
17499,0.00012
17500,0.00012
17501,0.00012
17502,0.00012
17503,0.00012
17504,0.00012
17505,0.00012
17506,0.00012
17507,0.00012
17508,0.00012
17509,0.00012
17510,0.00012
17511,0.00012
17512,0.00012
17513,0.00012
17514,0.00012
17515,0.00012
17516,0.00012
17517,0.00012
17518,0.00012
17519,0.00012
17520,0.00012
17521,0.00012
17522,0.00012
17523,0.00012
17524,0.00012
17525,0.00012
17526,0.00012
17527,0.00012
17528,0.00012
17529,0.00012
17530,0.00012
17531,0.00012
17532,0.00012
17533,0.00012
17534,0.00012
17535,0.00012
17536,0.00012
17537,0.00012
17538,0.00012
17539,0.00012
17540,0.00012
17541,0.00012
17542,0.00012
17543,0.00012
17544,0.00012
17545,0.00012
17546,0.00012
17547,0.00012
17548,0.00012
17549,0.00012
17550,0.00012
17551,0.00012
17552,0.00012
17553,0.00012
17554,0.00012
17555,0.00012
17556,0.00012
17557,0.00012
17558,0.00012
17559,0.00012
17560,0.00012
17561,0.00012
17562,0.00012
17563,0.00012
17564,0.00012
17565,0.00012
17566,0.00012
17567,0.00012
17568,0.00012
17569,0.00012
17570,0.00012
17571,0.00012
17572,0.00012
17573,0.00012
17574,0.00012
17575,0.00012
17576,0.00012
17577,0.00012
17578,0.00012
17579,0.00012
17580,0.00012
17581,0.000120967778
17582,0.000162752963
17583,0.000687150556
17584,0.000625392778
17585,0.000426815
17586,0.000303851667
17587,0.000220130556
17588,0.000155750556
17589,0.000127309074
17590,0.000131926111
17591,0.000140355
17592,0.000135381667
17593,0.000133040556
17594,0.000138107222
17595,0.000142255
17596,0.000155327222
17597,0.000158785
17598,0.000160853889
17599,0.000156297222
17600,0.000152851667
17601,0.00012
17602,0.00012
17603,0.00012
17604,0.00012
17605,0.00012
17606,0.00012
17607,0.00012
17608,0.00012
17609,0.00012
17610,0.00012
17611,0.00012
17612,0.00012
17613,0.00012
17614,0.00012
17615,0.00012
17616,0.00012
17617,0.00012
17618,0.00012
17619,0.00012
17620,0.00012
17621,0.00012
17622,0.00012
17623,0.00012
17624,0.00012
17625,0.00012
17626,0.00012
17627,0.00012
17628,0.00012
17629,0.00012
17630,0.00012
17631,0.00012
17632,0.00012
17633,0.00012
17634,0.00012
17635,0.00012
17636,0.00012
17637,0.00012
17638,0.00012
17639,0.00012
17640,0.00012
17641,0.00012
17642,0.00012
17643,0.00012
17644,0.00012
17645,0.00012
17646,0.00012
17647,0.00012
17648,0.00012
17649,0.00012
17650,0.00012
17651,0.00012
17652,0.00012
17653,0.00012
17654,0.00012
17655,0.00012
17656,0.00012
17657,0.00012
17658,0.00012
17659,0.00012
17660,0.00012
17661,0.00012
17662,0.00012
17663,0.00012
17664,0.00012
17665,0.00012
17666,0.00012
17667,0.00012
17668,0.00012
17669,0.00012
17670,0.00012
17671,0.00012
17672,0.00012
17673,0.00012
17674,0.00012
17675,0.00012
17676,0.00012
17677,0.00012
17678,0.00012
17679,0.00012
17680,0.00012
17681,0.00012
17682,0.00012
17683,0.00012
17684,0.00012
17685,0.00012
17686,0.00012
17687,0.00012
17688,0.00012
17689,0.00012
17690,0.00012
17691,0.00012
17692,0.00012
17693,0.00012
17694,0.00012
17695,0.00012
17696,0.00012
17697,0.00012
17698,0.00012
17699,0.00012
17700,0.00012
17701,0.00012
17702,0.00012
17703,0.00012
17704,0.00012
17705,0.00012
17706,0.00012
17707,0.00012
17708,0.00012
17709,0.00012
17710,0.00012
17711,0.00012
17712,0.00012
17713,0.00012
17714,0.00012
17715,0.00012
17716,0.00012
17717,0.00012
17718,0.00012
17719,0.00012
17720,0.00012
17721,0.00012
17722,0.00012
17723,0.00012
17724,0.00012
17725,0.00012
17726,0.00012
17727,0.00012
17728,0.00012
17729,0.00012
17730,0.00012
17731,0.00012
17732,0.00012
17733,0.00012
17734,0.00012
17735,0.00012
17736,0.00012
17737,0.00012
17738,0.00012
17739,0.00012
17740,0.00012
17741,0.00012
17742,0.00012
17743,0.00012
17744,0.00012
17745,0.00012
17746,0.00012
17747,0.00012
17748,0.00012
17749,0.00012
17750,0.00012
17751,0.00012
17752,0.00012
17753,0.00012
17754,0.00012
17755,0.00012
17756,0.00012
17757,0.00012
17758,0.00012
17759,0.00012
17760,0.00012
17761,0.00012
17762,0.00012
17763,0.00012
17764,0.00012
17765,0.00012
17766,0.00012
17767,0.00012
17768,0.00012
17769,0.00012
17770,0.00012
17771,0.00012
17772,0.00012
17773,0.00012
17774,0.00012
17775,0.00012
17776,0.00012
17777,0.00012
17778,0.00012
17779,0.00012
17780,0.00012
17781,0.00012
17782,0.00012
17783,0.00012
17784,0.00012
17785,0.00012
17786,0.00012
17787,0.00012
17788,0.00012
17789,0.00012
17790,0.00012
17791,0.00012
17792,0.00012
17793,0.00012
17794,0.00012
17795,0.00012
17796,0.00012
17797,0.00012
17798,0.00012
17799,0.00012
17800,0.00012
17801,0.000120967778
17802,0.000162752963
17803,0.000687150556
17804,0.000625392778
17805,0.000426815
17806,0.000303851667
17807,0.000220130556
17808,0.000155750556
17809,0.000127309074
17810,0.000131926111
17811,0.000140355
17812,0.000135381667
17813,0.000133040556
17814,0.000138107222
17815,0.000142255
17816,0.000155327222
17817,0.000158785
17818,0.000160853889
17819,0.000156297222
17820,0.000152851667
17821,0.00012
17822,0.00012
17823,0.00012
17824,0.00012
17825,0.00012
17826,0.00012
17827,0.00012
17828,0.00012
17829,0.00012
17830,0.00012
17831,0.00012
17832,0.00012
17833,0.00012
17834,0.00012
17835,0.00012
17836,0.00012
17837,0.00012
17838,0.00012
17839,0.00012
17840,0.00012
17841,0.00012
17842,0.00012
17843,0.00012
17844,0.00012
17845,0.00012
17846,0.00012
17847,0.00012
17848,0.00012
17849,0.00012
17850,0.00012
17851,0.00012
17852,0.00012
17853,0.00012
17854,0.00012
17855,0.00012
17856,0.00012
17857,0.00012
17858,0.00012
17859,0.00012
17860,0.00012
17861,0.00012
17862,0.00012
17863,0.00012
17864,0.00012
17865,0.00012
17866,0.00012
17867,0.00012
17868,0.00012
17869,0.00012
17870,0.00012
17871,0.00012
17872,0.00012
17873,0.00012
17874,0.00012
17875,0.00012
17876,0.00012
17877,0.00012
17878,0.00012
17879,0.00012
17880,0.00012
17881,0.00012
17882,0.00012
17883,0.00012
17884,0.00012
17885,0.00012
17886,0.00012
17887,0.00012
17888,0.00012
17889,0.00012
17890,0.00012
17891,0.00012
17892,0.00012
17893,0.00012
17894,0.00012
17895,0.00012
17896,0.00012
17897,0.00012
17898,0.00012
17899,0.00012
17900,0.00012
17901,0.00012
17902,0.00012
17903,0.00012
17904,0.00012
17905,0.00012
17906,0.00012
17907,0.00012
17908,0.00012
17909,0.00012
17910,0.00012
17911,0.00012
17912,0.00012
17913,0.00012
17914,0.00012
17915,0.00012
17916,0.00012
17917,0.00012
17918,0.00012
17919,0.00012
17920,0.00012
17921,0.00012
17922,0.00012
17923,0.00012
17924,0.00012
17925,0.00012
17926,0.00012
17927,0.00012
17928,0.00012
17929,0.00012
17930,0.00012
17931,0.00012
17932,0.00012
17933,0.00012
17934,0.00012
17935,0.00012
17936,0.00012
17937,0.00012
17938,0.00012
17939,0.00012
17940,0.00012
17941,0.00012
17942,0.00012
17943,0.00012
17944,0.00012
17945,0.00012
17946,0.00012
17947,0.00012
17948,0.00012
17949,0.00012
17950,0.00012
17951,0.00012
17952,0.00012
17953,0.00012
17954,0.00012
17955,0.00012
17956,0.00012
17957,0.00012
17958,0.00012
17959,0.00012
17960,0.00012
17961,0.00012
17962,0.00012
17963,0.00012
17964,0.00012
17965,0.00012
17966,0.00012
17967,0.00012
17968,0.00012
17969,0.00012
17970,0.00012
17971,0.00012
17972,0.00012
17973,0.00012
17974,0.00012
17975,0.00012
17976,0.00012
17977,0.00012
17978,0.00012
17979,0.00012
17980,0.00012
17981,0.00012
17982,0.00012
17983,0.00012
17984,0.00012
17985,0.00012
17986,0.00012
17987,0.00012
17988,0.00012
17989,0.00012
17990,0.00012
17991,0.00012
17992,0.00012
17993,0.00012
17994,0.00012
17995,0.00012
17996,0.00012
17997,0.00012
17998,0.00012
17999,0.00012
18000,0.00012
18001,0.00012
18002,0.00012
18003,0.00012
18004,0.00012
18005,0.00012
18006,0.00012
18007,0.00012
18008,0.00012
18009,0.00012
18010,0.00012
18011,0.00012
18012,0.00012
18013,0.00012
18014,0.00012
18015,0.00012
18016,0.00012
18017,0.00012
18018,0.00012
18019,0.00012
18020,0.00012
18021,0.000120967778
18022,0.000162752963
18023,0.000687150556
18024,0.000625392778
18025,0.000426815
18026,0.000303851667
18027,0.000220130556
18028,0.000155750556
18029,0.000127309074
18030,0.000131926111
18031,0.000140355
18032,0.000135381667
18033,0.000133040556
18034,0.000138107222
18035,0.000142255
18036,0.000155327222
18037,0.000158785
18038,0.000160853889
18039,0.000156297222
18040,0.000152851667
18041,0.00012
18042,0.00012
18043,0.00012
18044,0.00012
18045,0.00012
18046,0.00012
18047,0.00012
18048,0.00012
18049,0.00012
18050,0.00012
18051,0.00012
18052,0.00012
18053,0.00012
18054,0.00012
18055,0.00012
18056,0.00012
18057,0.00012
18058,0.00012
18059,0.00012
18060,0.00012
18061,0.00012
18062,0.00012
18063,0.00012
18064,0.00012
18065,0.00012
18066,0.00012
18067,0.00012
18068,0.00012
18069,0.00012
18070,0.00012
18071,0.00012
18072,0.00012
18073,0.00012
18074,0.00012
18075,0.00012
18076,0.00012
18077,0.00012
18078,0.00012
18079,0.00012
18080,0.00012
18081,0.00012
18082,0.00012
18083,0.00012
18084,0.00012
18085,0.00012
18086,0.00012
18087,0.00012
18088,0.00012
18089,0.00012
18090,0.00012
18091,0.00012
18092,0.00012
18093,0.00012
18094,0.00012
18095,0.00012
18096,0.00012
18097,0.00012
18098,0.00012
18099,0.00012
18100,0.00012
18101,0.00012
18102,0.00012
18103,0.00012
18104,0.00012
18105,0.00012
18106,0.00012
18107,0.00012
18108,0.00012
18109,0.00012
18110,0.00012
18111,0.00012
18112,0.00012
18113,0.00012
18114,0.00012
18115,0.00012
18116,0.00012
18117,0.00012
18118,0.00012
18119,0.00012
18120,0.00012
18121,0.00012
18122,0.00012
18123,0.00012
18124,0.00012
18125,0.00012
18126,0.00012
18127,0.00012
18128,0.00012
18129,0.00012
18130,0.00012
18131,0.00012
18132,0.00012
18133,0.00012
18134,0.00012
18135,0.00012
18136,0.00012
18137,0.00012
18138,0.00012
18139,0.00012
18140,0.00012
18141,0.00012
18142,0.00012
18143,0.00012
18144,0.00012
18145,0.00012
18146,0.00012
18147,0.00012
18148,0.00012
18149,0.00012
18150,0.00012
18151,0.00012
18152,0.00012
18153,0.00012
18154,0.00012
18155,0.00012
18156,0.00012
18157,0.00012
18158,0.00012
18159,0.00012
18160,0.00012
18161,0.00012
18162,0.00012
18163,0.00012
18164,0.00012
18165,0.00012
18166,0.00012
18167,0.00012
18168,0.00012
18169,0.00012
18170,0.00012
18171,0.00012
18172,0.00012
18173,0.00012
18174,0.00012
18175,0.00012
18176,0.00012
18177,0.00012
18178,0.00012
18179,0.00012
18180,0.00012
18181,0.00012
18182,0.00012
18183,0.00012
18184,0.00012
18185,0.00012
18186,0.00012
18187,0.00012
18188,0.00012
18189,0.00012
18190,0.00012
18191,0.00012
18192,0.00012
18193,0.00012
18194,0.00012
18195,0.00012
18196,0.00012
18197,0.00012
18198,0.00012
18199,0.00012
18200,0.00012
18201,0.00012
18202,0.00012
18203,0.00012
18204,0.00012
18205,0.00012
18206,0.00012
18207,0.00012
18208,0.00012
18209,0.00012
18210,0.00012
18211,0.00012
18212,0.00012
18213,0.00012
18214,0.00012
18215,0.00012
18216,0.00012
18217,0.00012
18218,0.00012
18219,0.00012
18220,0.00012
18221,0.00012
18222,0.00012
18223,0.00012
18224,0.00012
18225,0.00012
18226,0.00012
18227,0.00012
18228,0.00012
18229,0.00012
18230,0.00012
18231,0.00012
18232,0.00012
18233,0.00012
18234,0.00012
18235,0.00012
18236,0.00012
18237,0.00012
18238,0.00012
18239,0.00012
18240,0.00012
18241,0.000120967778
18242,0.000162752963
18243,0.000687150556
18244,0.000625392778
18245,0.000426815
18246,0.000303851667
18247,0.000220130556
18248,0.000155750556
18249,0.000127309074
18250,0.000131926111
18251,0.000140355
18252,0.000135381667
18253,0.000133040556
18254,0.000138107222
18255,0.000142255
18256,0.000155327222
18257,0.000158785
18258,0.000160853889
18259,0.000156297222
18260,0.000152851667
18261,0.00012
18262,0.00012
18263,0.00012
18264,0.00012
18265,0.00012
18266,0.00012
18267,0.00012
18268,0.00012
18269,0.00012
18270,0.00012
18271,0.00012
18272,0.00012
18273,0.00012
18274,0.00012
18275,0.00012
18276,0.00012
18277,0.00012
18278,0.00012
18279,0.00012
18280,0.00012
18281,0.00012
18282,0.00012
18283,0.00012
18284,0.00012
18285,0.00012
18286,0.00012
18287,0.00012
18288,0.00012
18289,0.00012
18290,0.00012
18291,0.00012
18292,0.00012
18293,0.00012
18294,0.00012
18295,0.00012
18296,0.00012
18297,0.00012
18298,0.00012
18299,0.00012
18300,0.00012
18301,0.00012
18302,0.00012
18303,0.00012
18304,0.00012
18305,0.00012
18306,0.00012
18307,0.00012
18308,0.00012
18309,0.00012
18310,0.00012
18311,0.00012
18312,0.00012
18313,0.00012
18314,0.00012
18315,0.00012
18316,0.00012
18317,0.00012
18318,0.00012
18319,0.00012
18320,0.00012
18321,0.00012
18322,0.00012
18323,0.00012
18324,0.00012
18325,0.00012
18326,0.00012
18327,0.00012
18328,0.00012
18329,0.00012
18330,0.00012
18331,0.00012
18332,0.00012
18333,0.00012
18334,0.00012
18335,0.00012
18336,0.00012
18337,0.00012
18338,0.00012
18339,0.00012
18340,0.00012
18341,0.00012
18342,0.00012
18343,0.00012
18344,0.00012
18345,0.00012
18346,0.00012
18347,0.00012
18348,0.00012
18349,0.00012
18350,0.00012
18351,0.00012
18352,0.00012
18353,0.00012
18354,0.00012
18355,0.00012
18356,0.00012
18357,0.00012
18358,0.00012
18359,0.00012
18360,0.00012
18361,0.00012
18362,0.00012
18363,0.00012
18364,0.00012
18365,0.00012
18366,0.00012
18367,0.00012
18368,0.00012
18369,0.00012
18370,0.00012
18371,0.00012
18372,0.00012
18373,0.00012
18374,0.00012
18375,0.00012
18376,0.00012
18377,0.00012
18378,0.00012
18379,0.00012
18380,0.00012
18381,0.00012
18382,0.00012
18383,0.00012
18384,0.00012
18385,0.00012
18386,0.00012
18387,0.00012
18388,0.00012
18389,0.00012
18390,0.00012
18391,0.00012
18392,0.00012
18393,0.00012
18394,0.00012
18395,0.00012
18396,0.00012
18397,0.00012
18398,0.00012
18399,0.00012
18400,0.00012
18401,0.00012
18402,0.00012
18403,0.00012
18404,0.00012
18405,0.00012
18406,0.00012
18407,0.00012
18408,0.00012
18409,0.00012
18410,0.00012
18411,0.00012
18412,0.00012
18413,0.00012
18414,0.00012
18415,0.00012
18416,0.00012
18417,0.00012
18418,0.00012
18419,0.00012
18420,0.00012
18421,0.00012
18422,0.00012
18423,0.00012
18424,0.00012
18425,0.00012
18426,0.00012
18427,0.00012
18428,0.00012
18429,0.00012
18430,0.00012
18431,0.00012
18432,0.00012
18433,0.00012
18434,0.00012
18435,0.00012
18436,0.00012
18437,0.00012
18438,0.00012
18439,0.00012
18440,0.00012
18441,0.00012
18442,0.00012
18443,0.00012
18444,0.00012
18445,0.00012
18446,0.00012
18447,0.00012
18448,0.00012
18449,0.00012
18450,0.00012
18451,0.00012
18452,0.00012
18453,0.00012
18454,0.00012
18455,0.00012
18456,0.00012
18457,0.00012
18458,0.00012
18459,0.00012
18460,0.00012
18461,0.000120967778
18462,0.000162752963
18463,0.000687150556
18464,0.000625392778
18465,0.000426815
18466,0.000303851667
18467,0.000220130556
18468,0.000155750556
18469,0.000127309074
18470,0.000131926111
18471,0.000140355
18472,0.000135381667
18473,0.000133040556
18474,0.000138107222
18475,0.000142255
18476,0.000155327222
18477,0.000158785
18478,0.000160853889
18479,0.000156297222
18480,0.000152851667
18481,0.00012
18482,0.00012
18483,0.00012
18484,0.00012
18485,0.00012
18486,0.00012
18487,0.00012
18488,0.00012
18489,0.00012
18490,0.00012
18491,0.00012
18492,0.00012
18493,0.00012
18494,0.00012
18495,0.00012
18496,0.00012
18497,0.00012
18498,0.00012
18499,0.00012
18500,0.00012
18501,0.00012
18502,0.00012
18503,0.00012
18504,0.00012
18505,0.00012
18506,0.00012
18507,0.00012
18508,0.00012
18509,0.00012
18510,0.00012
18511,0.00012
18512,0.00012
18513,0.00012
18514,0.00012
18515,0.00012
18516,0.00012
18517,0.00012
18518,0.00012
18519,0.00012
18520,0.00012
18521,0.00012
18522,0.00012
18523,0.00012
18524,0.00012
18525,0.00012
18526,0.00012
18527,0.00012
18528,0.00012
18529,0.00012
18530,0.00012
18531,0.00012
18532,0.00012
18533,0.00012
18534,0.00012
18535,0.00012
18536,0.00012
18537,0.00012
18538,0.00012
18539,0.00012
18540,0.00012
18541,0.00012
18542,0.00012
18543,0.00012
18544,0.00012
18545,0.00012
18546,0.00012
18547,0.00012
18548,0.00012
18549,0.00012
18550,0.00012
18551,0.00012
18552,0.00012
18553,0.00012
18554,0.00012
18555,0.00012
18556,0.00012
18557,0.00012
18558,0.00012
18559,0.00012
18560,0.00012
18561,0.00012
18562,0.00012
18563,0.00012
18564,0.00012
18565,0.00012
18566,0.00012
18567,0.00012
18568,0.00012
18569,0.00012
18570,0.00012
18571,0.00012
18572,0.00012
18573,0.00012
18574,0.00012
18575,0.00012
18576,0.00012
18577,0.00012
18578,0.00012
18579,0.00012
18580,0.00012
18581,0.00012
18582,0.00012
18583,0.00012
18584,0.00012
18585,0.00012
18586,0.00012
18587,0.00012
18588,0.00012
18589,0.00012
18590,0.00012
18591,0.00012
18592,0.00012
18593,0.00012
18594,0.00012
18595,0.00012
18596,0.00012
18597,0.00012
18598,0.00012
18599,0.00012
18600,0.00012
18601,0.00012
18602,0.00012
18603,0.00012
18604,0.00012
18605,0.00012
18606,0.00012
18607,0.00012
18608,0.00012
18609,0.00012
18610,0.00012
18611,0.00012
18612,0.00012
18613,0.00012
18614,0.00012
18615,0.00012
18616,0.00012
18617,0.00012
18618,0.00012
18619,0.00012
18620,0.00012
18621,0.00012
18622,0.00012
18623,0.00012
18624,0.00012
18625,0.00012
18626,0.00012
18627,0.00012
18628,0.00012
18629,0.00012
18630,0.00012
18631,0.00012
18632,0.00012
18633,0.00012
18634,0.00012
18635,0.00012
18636,0.00012
18637,0.00012
18638,0.00012
18639,0.00012
18640,0.00012
18641,0.00012
18642,0.00012
18643,0.00012
18644,0.00012
18645,0.00012
18646,0.00012
18647,0.00012
18648,0.00012
18649,0.00012
18650,0.00012
18651,0.00012
18652,0.00012
18653,0.00012
18654,0.00012
18655,0.00012
18656,0.00012
18657,0.00012
18658,0.00012
18659,0.00012
18660,0.00012
18661,0.00012
18662,0.00012
18663,0.00012
18664,0.00012
18665,0.00012
18666,0.00012
18667,0.00012
18668,0.00012
18669,0.00012
18670,0.00012
18671,0.00012
18672,0.00012
18673,0.00012
18674,0.00012
18675,0.00012
18676,0.00012
18677,0.00012
18678,0.00012
18679,0.00012
18680,0.00012
18681,0.000120967778
18682,0.000162752963
18683,0.000687150556
18684,0.000625392778
18685,0.000426815
18686,0.000303851667
18687,0.000220130556
18688,0.000155750556
18689,0.000127309074
18690,0.000131926111
18691,0.000140355
18692,0.000135381667
18693,0.000133040556
18694,0.000138107222
18695,0.000142255
18696,0.000155327222
18697,0.000158785
18698,0.000160853889
18699,0.000156297222
18700,0.000152851667
18701,0.00012
18702,0.00012
18703,0.00012
18704,0.00012
18705,0.00012
18706,0.00012
18707,0.00012
18708,0.00012
18709,0.00012
18710,0.00012
18711,0.00012
18712,0.00012
18713,0.00012
18714,0.00012
18715,0.00012
18716,0.00012
18717,0.00012
18718,0.00012
18719,0.00012
18720,0.00012
18721,0.00012
18722,0.00012
18723,0.00012
18724,0.00012
18725,0.00012
18726,0.00012
18727,0.00012
18728,0.00012
18729,0.00012
18730,0.00012
18731,0.00012
18732,0.00012
18733,0.00012
18734,0.00012
18735,0.00012
18736,0.00012
18737,0.00012
18738,0.00012
18739,0.00012
18740,0.00012
18741,0.00012
18742,0.00012
18743,0.00012
18744,0.00012
18745,0.00012
18746,0.00012
18747,0.00012
18748,0.00012
18749,0.00012
18750,0.00012
18751,0.00012
18752,0.00012
18753,0.00012
18754,0.00012
18755,0.00012
18756,0.00012
18757,0.00012
18758,0.00012
18759,0.00012
18760,0.00012
18761,0.00012
18762,0.00012
18763,0.00012
18764,0.00012
18765,0.00012
18766,0.00012
18767,0.00012
18768,0.00012
18769,0.00012
18770,0.00012
18771,0.00012
18772,0.00012
18773,0.00012
18774,0.00012
18775,0.00012
18776,0.00012
18777,0.00012
18778,0.00012
18779,0.00012
18780,0.00012
18781,0.00012
18782,0.00012
18783,0.00012
18784,0.00012
18785,0.00012
18786,0.00012
18787,0.00012
18788,0.00012
18789,0.00012
18790,0.00012
18791,0.00012
18792,0.00012
18793,0.00012
18794,0.00012
18795,0.00012
18796,0.00012
18797,0.00012
18798,0.00012
18799,0.00012
18800,0.00012
18801,0.00012
18802,0.00012
18803,0.00012
18804,0.00012
18805,0.00012
18806,0.00012
18807,0.00012
18808,0.00012
18809,0.00012
18810,0.00012
18811,0.00012
18812,0.00012
18813,0.00012
18814,0.00012
18815,0.00012
18816,0.00012
18817,0.00012
18818,0.00012
18819,0.00012
18820,0.00012
18821,0.00012
18822,0.00012
18823,0.00012
18824,0.00012
18825,0.00012
18826,0.00012
18827,0.00012
18828,0.00012
18829,0.00012
18830,0.00012
18831,0.00012
18832,0.00012
18833,0.00012
18834,0.00012
18835,0.00012
18836,0.00012
18837,0.00012
18838,0.00012
18839,0.00012
18840,0.00012
18841,0.00012
18842,0.00012
18843,0.00012
18844,0.00012
18845,0.00012
18846,0.00012
18847,0.00012
18848,0.00012
18849,0.00012
18850,0.00012
18851,0.00012
18852,0.00012
18853,0.00012
18854,0.00012
18855,0.00012
18856,0.00012
18857,0.00012
18858,0.00012
18859,0.00012
18860,0.00012
18861,0.00012
18862,0.00012
18863,0.00012
18864,0.00012
18865,0.00012
18866,0.00012
18867,0.00012
18868,0.00012
18869,0.00012
18870,0.00012
18871,0.00012
18872,0.00012
18873,0.00012
18874,0.00012
18875,0.00012
18876,0.00012
18877,0.00012
18878,0.00012
18879,0.00012
18880,0.00012
18881,0.00012
18882,0.00012
18883,0.00012
18884,0.00012
18885,0.00012
18886,0.00012
18887,0.00012
18888,0.00012
18889,0.00012
18890,0.00012
18891,0.00012
18892,0.00012
18893,0.00012
18894,0.00012
18895,0.00012
18896,0.00012
18897,0.00012
18898,0.00012
18899,0.00012
18900,0.00012
18901,0.000120967778
18902,0.000162752963
18903,0.000687150556
18904,0.000625392778
18905,0.000426815
18906,0.000303851667
18907,0.000220130556
18908,0.000155750556
18909,0.000127309074
18910,0.000131926111
18911,0.000140355
18912,0.000135381667
18913,0.000133040556
18914,0.000138107222
18915,0.000142255
18916,0.000155327222
18917,0.000158785
18918,0.000160853889
18919,0.000156297222
18920,0.000152851667
18921,0.00012
18922,0.00012
18923,0.00012
18924,0.00012
18925,0.00012
18926,0.00012
18927,0.00012
18928,0.00012
18929,0.00012
18930,0.00012
18931,0.00012
18932,0.00012
18933,0.00012
18934,0.00012
18935,0.00012
18936,0.00012
18937,0.00012
18938,0.00012
18939,0.00012
18940,0.00012
18941,0.00012
18942,0.00012
18943,0.00012
18944,0.00012
18945,0.00012
18946,0.00012
18947,0.00012
18948,0.00012
18949,0.00012
18950,0.00012
18951,0.00012
18952,0.00012
18953,0.00012
18954,0.00012
18955,0.00012
18956,0.00012
18957,0.00012
18958,0.00012
18959,0.00012
18960,0.00012
18961,0.00012
18962,0.00012
18963,0.00012
18964,0.00012
18965,0.00012
18966,0.00012
18967,0.00012
18968,0.00012
18969,0.00012
18970,0.00012
18971,0.00012
18972,0.00012
18973,0.00012
18974,0.00012
18975,0.00012
18976,0.00012
18977,0.00012
18978,0.00012
18979,0.00012
18980,0.00012
18981,0.00012
18982,0.00012
18983,0.00012
18984,0.00012
18985,0.00012
18986,0.00012
18987,0.00012
18988,0.00012
18989,0.00012
18990,0.00012
18991,0.00012
18992,0.00012
18993,0.00012
18994,0.00012
18995,0.00012
18996,0.00012
18997,0.00012
18998,0.00012
18999,0.00012
19000,0.00012
19001,0.00012
19002,0.00012
19003,0.00012
19004,0.00012
19005,0.00012
19006,0.00012
19007,0.00012
19008,0.00012
19009,0.00012
19010,0.00012
19011,0.00012
19012,0.00012
19013,0.00012
19014,0.00012
19015,0.00012
19016,0.00012
19017,0.00012
19018,0.00012
19019,0.00012
19020,0.00012
19021,0.00012
19022,0.00012
19023,0.00012
19024,0.00012
19025,0.00012
19026,0.00012
19027,0.00012
19028,0.00012
19029,0.00012
19030,0.00012
19031,0.00012
19032,0.00012
19033,0.00012
19034,0.00012
19035,0.00012
19036,0.00012
19037,0.00012
19038,0.00012
19039,0.00012
19040,0.00012
19041,0.00012
19042,0.00012
19043,0.00012
19044,0.00012
19045,0.00012
19046,0.00012
19047,0.00012
19048,0.00012
19049,0.00012
19050,0.00012
19051,0.00012
19052,0.00012
19053,0.00012
19054,0.00012
19055,0.00012
19056,0.00012
19057,0.00012
19058,0.00012
19059,0.00012
19060,0.00012
19061,0.00012
19062,0.00012
19063,0.00012
19064,0.00012
19065,0.00012
19066,0.00012
19067,0.00012
19068,0.00012
19069,0.00012
19070,0.00012
19071,0.00012
19072,0.00012
19073,0.00012
19074,0.00012
19075,0.00012
19076,0.00012
19077,0.00012
19078,0.00012
19079,0.00012
19080,0.00012
19081,0.00012
19082,0.00012
19083,0.00012
19084,0.00012
19085,0.00012
19086,0.00012
19087,0.00012
19088,0.00012
19089,0.00012
19090,0.00012
19091,0.00012
19092,0.00012
19093,0.00012
19094,0.00012
19095,0.00012
19096,0.00012
19097,0.00012
19098,0.00012
19099,0.00012
19100,0.00012
19101,0.00012
19102,0.00012
19103,0.00012
19104,0.00012
19105,0.00012
19106,0.00012
19107,0.00012
19108,0.00012
19109,0.00012
19110,0.00012
19111,0.00012
19112,0.00012
19113,0.00012
19114,0.00012
19115,0.00012
19116,0.00012
19117,0.00012
19118,0.00012
19119,0.00012
19120,0.00012
19121,0.000120967778
19122,0.000162752963
19123,0.000687150556
19124,0.000625392778
19125,0.000426815
19126,0.000303851667
19127,0.000220130556
19128,0.000155750556
19129,0.000127309074
19130,0.000131926111
19131,0.000140355
19132,0.000135381667
19133,0.000133040556
19134,0.000138107222
19135,0.000142255
19136,0.000155327222
19137,0.000158785
19138,0.000160853889
19139,0.000156297222
19140,0.000152851667
19141,0.00012
19142,0.00012
19143,0.00012
19144,0.00012
19145,0.00012
19146,0.00012
19147,0.00012
19148,0.00012
19149,0.00012
19150,0.00012
19151,0.00012
19152,0.00012
19153,0.00012
19154,0.00012
19155,0.00012
19156,0.00012
19157,0.00012
19158,0.00012
19159,0.00012
19160,0.00012
19161,0.00012
19162,0.00012
19163,0.00012
19164,0.00012
19165,0.00012
19166,0.00012
19167,0.00012
19168,0.00012
19169,0.00012
19170,0.00012
19171,0.00012
19172,0.00012
19173,0.00012
19174,0.00012
19175,0.00012
19176,0.00012
19177,0.00012
19178,0.00012
19179,0.00012
19180,0.00012
19181,0.00012
19182,0.00012
19183,0.00012
19184,0.00012
19185,0.00012
19186,0.00012
19187,0.00012
19188,0.00012
19189,0.00012
19190,0.00012
19191,0.00012
19192,0.00012
19193,0.00012
19194,0.00012
19195,0.00012
19196,0.00012
19197,0.00012
19198,0.00012
19199,0.00012
19200,0.00012
19201,0.00012
19202,0.00012
19203,0.00012
19204,0.00012
19205,0.00012
19206,0.00012
19207,0.00012
19208,0.00012
19209,0.00012
19210,0.00012
19211,0.00012
19212,0.00012
19213,0.00012
19214,0.00012
19215,0.00012
19216,0.00012
19217,0.00012
19218,0.00012
19219,0.00012
19220,0.00012
19221,0.00012
19222,0.00012
19223,0.00012
19224,0.00012
19225,0.00012
19226,0.00012
19227,0.00012
19228,0.00012
19229,0.00012
19230,0.00012
19231,0.00012
19232,0.00012
19233,0.00012
19234,0.00012
19235,0.00012
19236,0.00012
19237,0.00012
19238,0.00012
19239,0.00012
19240,0.00012
19241,0.00012
19242,0.00012
19243,0.00012
19244,0.00012
19245,0.00012
19246,0.00012
19247,0.00012
19248,0.00012
19249,0.00012
19250,0.00012
19251,0.00012
19252,0.00012
19253,0.00012
19254,0.00012
19255,0.00012
19256,0.00012
19257,0.00012
19258,0.00012
19259,0.00012
19260,0.00012
19261,0.00012
19262,0.00012
19263,0.00012
19264,0.00012
19265,0.00012
19266,0.00012
19267,0.00012
19268,0.00012
19269,0.00012
19270,0.00012
19271,0.00012
19272,0.00012
19273,0.00012
19274,0.00012
19275,0.00012
19276,0.00012
19277,0.00012
19278,0.00012
19279,0.00012
19280,0.00012
19281,0.00012
19282,0.00012
19283,0.00012
19284,0.00012
19285,0.00012
19286,0.00012
19287,0.00012
19288,0.00012
19289,0.00012
19290,0.00012
19291,0.00012
19292,0.00012
19293,0.00012
19294,0.00012
19295,0.00012
19296,0.00012
19297,0.00012
19298,0.00012
19299,0.00012
19300,0.00012
19301,0.00012
19302,0.00012
19303,0.00012
19304,0.00012
19305,0.00012
19306,0.00012
19307,0.00012
19308,0.00012
19309,0.00012
19310,0.00012
19311,0.00012
19312,0.00012
19313,0.00012
19314,0.00012
19315,0.00012
19316,0.00012
19317,0.00012
19318,0.00012
19319,0.00012
19320,0.00012
19321,0.00012
19322,0.00012
19323,0.00012
19324,0.00012
19325,0.00012
19326,0.00012
19327,0.00012
19328,0.00012
19329,0.00012
19330,0.00012
19331,0.00012
19332,0.00012
19333,0.00012
19334,0.00012
19335,0.00012
19336,0.00012
19337,0.00012
19338,0.00012
19339,0.00012
19340,0.00012
19341,0.000120967778
19342,0.000162752963
19343,0.000687150556
19344,0.000625392778
19345,0.000426815
19346,0.000303851667
19347,0.000220130556
19348,0.000155750556
19349,0.000127309074
19350,0.000131926111
19351,0.000140355
19352,0.000135381667
19353,0.000133040556
19354,0.000138107222
19355,0.000142255
19356,0.000155327222
19357,0.000158785
19358,0.000160853889
19359,0.000156297222
19360,0.000152851667
19361,0.00012
19362,0.00012
19363,0.00012
19364,0.00012
19365,0.00012
19366,0.00012
19367,0.00012
19368,0.00012
19369,0.00012
19370,0.00012
19371,0.00012
19372,0.00012
19373,0.00012
19374,0.00012
19375,0.00012
19376,0.00012
19377,0.00012
19378,0.00012
19379,0.00012
19380,0.00012
19381,0.00012
19382,0.00012
19383,0.00012
19384,0.00012
19385,0.00012
19386,0.00012
19387,0.00012
19388,0.00012
19389,0.00012
19390,0.00012
19391,0.00012
19392,0.00012
19393,0.00012
19394,0.00012
19395,0.00012
19396,0.00012
19397,0.00012
19398,0.00012
19399,0.00012
19400,0.00012
19401,0.00012
19402,0.00012
19403,0.00012
19404,0.00012
19405,0.00012
19406,0.00012
19407,0.00012
19408,0.00012
19409,0.00012
19410,0.00012
19411,0.00012
19412,0.00012
19413,0.00012
19414,0.00012
19415,0.00012
19416,0.00012
19417,0.00012
19418,0.00012
19419,0.00012
19420,0.00012
19421,0.00012
19422,0.00012
19423,0.00012
19424,0.00012
19425,0.00012
19426,0.00012
19427,0.00012
19428,0.00012
19429,0.00012
19430,0.00012
19431,0.00012
19432,0.00012
19433,0.00012
19434,0.00012
19435,0.00012
19436,0.00012
19437,0.00012
19438,0.00012
19439,0.00012
19440,0.00012
19441,0.00012
19442,0.00012
19443,0.00012
19444,0.00012
19445,0.00012
19446,0.00012
19447,0.00012
19448,0.00012
19449,0.00012
19450,0.00012
19451,0.00012
19452,0.00012
19453,0.00012
19454,0.00012
19455,0.00012
19456,0.00012
19457,0.00012
19458,0.00012
19459,0.00012
19460,0.00012
19461,0.00012
19462,0.00012
19463,0.00012
19464,0.00012
19465,0.00012
19466,0.00012
19467,0.00012
19468,0.00012
19469,0.00012
19470,0.00012
19471,0.00012
19472,0.00012
19473,0.00012
19474,0.00012
19475,0.00012
19476,0.00012
19477,0.00012
19478,0.00012
19479,0.00012
19480,0.00012
19481,0.00012
19482,0.00012
19483,0.00012
19484,0.00012
19485,0.00012
19486,0.00012
19487,0.00012
19488,0.00012
19489,0.00012
19490,0.00012
19491,0.00012
19492,0.00012
19493,0.00012
19494,0.00012
19495,0.00012
19496,0.00012
19497,0.00012
19498,0.00012
19499,0.00012
19500,0.00012
19501,0.00012
19502,0.00012
19503,0.00012
19504,0.00012
19505,0.00012
19506,0.00012
19507,0.00012
19508,0.00012
19509,0.00012
19510,0.00012
19511,0.00012
19512,0.00012
19513,0.00012
19514,0.00012
19515,0.00012
19516,0.00012
19517,0.00012
19518,0.00012
19519,0.00012
19520,0.00012
19521,0.00012
19522,0.00012
19523,0.00012
19524,0.00012
19525,0.00012
19526,0.00012
19527,0.00012
19528,0.00012
19529,0.00012
19530,0.00012
19531,0.00012
19532,0.00012
19533,0.00012
19534,0.00012
19535,0.00012
19536,0.00012
19537,0.00012
19538,0.00012
19539,0.00012
19540,0.00012
19541,0.00012
19542,0.00012
19543,0.00012
19544,0.00012
19545,0.00012
19546,0.00012
19547,0.00012
19548,0.00012
19549,0.00012
19550,0.00012
19551,0.00012
19552,0.00012
19553,0.00012
19554,0.00012
19555,0.00012
19556,0.00012
19557,0.00012
19558,0.00012
19559,0.00012
19560,0.00012
19561,0.000120967778
19562,0.000162752963
19563,0.000687150556
19564,0.000625392778
19565,0.000426815
19566,0.000303851667
19567,0.000220130556
19568,0.000155750556
19569,0.000127309074
19570,0.000131926111
19571,0.000140355
19572,0.000135381667
19573,0.000133040556
19574,0.000138107222
19575,0.000142255
19576,0.000155327222
19577,0.000158785
19578,0.000160853889
19579,0.000156297222
19580,0.000152851667
19581,0.00012
19582,0.00012
19583,0.00012
19584,0.00012
19585,0.00012
19586,0.00012
19587,0.00012
19588,0.00012
19589,0.00012
19590,0.00012
19591,0.00012
19592,0.00012
19593,0.00012
19594,0.00012
19595,0.00012
19596,0.00012
19597,0.00012
19598,0.00012
19599,0.00012
19600,0.00012
19601,0.00012
19602,0.00012
19603,0.00012
19604,0.00012
19605,0.00012
19606,0.00012
19607,0.00012
19608,0.00012
19609,0.00012
19610,0.00012
19611,0.00012
19612,0.00012
19613,0.00012
19614,0.00012
19615,0.00012
19616,0.00012
19617,0.00012
19618,0.00012
19619,0.00012
19620,0.00012
19621,0.00012
19622,0.00012
19623,0.00012
19624,0.00012
19625,0.00012
19626,0.00012
19627,0.00012
19628,0.00012
19629,0.00012
19630,0.00012
19631,0.00012
19632,0.00012
19633,0.00012
19634,0.00012
19635,0.00012
19636,0.00012
19637,0.00012
19638,0.00012
19639,0.00012
19640,0.00012
19641,0.00012
19642,0.00012
19643,0.00012
19644,0.00012
19645,0.00012
19646,0.00012
19647,0.00012
19648,0.00012
19649,0.00012
19650,0.00012
19651,0.00012
19652,0.00012
19653,0.00012
19654,0.00012
19655,0.00012
19656,0.00012
19657,0.00012
19658,0.00012
19659,0.00012
19660,0.00012
19661,0.00012
19662,0.00012
19663,0.00012
19664,0.00012
19665,0.00012
19666,0.00012
19667,0.00012
19668,0.00012
19669,0.00012
19670,0.00012
19671,0.00012
19672,0.00012
19673,0.00012
19674,0.00012
19675,0.00012
19676,0.00012
19677,0.00012
19678,0.00012
19679,0.00012
19680,0.00012
19681,0.00012
19682,0.00012
19683,0.00012
19684,0.00012
19685,0.00012
19686,0.00012
19687,0.00012
19688,0.00012
19689,0.00012
19690,0.00012
19691,0.00012
19692,0.00012
19693,0.00012
19694,0.00012
19695,0.00012
19696,0.00012
19697,0.00012
19698,0.00012
19699,0.00012
19700,0.00012
19701,0.00012
19702,0.00012
19703,0.00012
19704,0.00012
19705,0.00012
19706,0.00012
19707,0.00012
19708,0.00012
19709,0.00012
19710,0.00012
19711,0.00012
19712,0.00012
19713,0.00012
19714,0.00012
19715,0.00012
19716,0.00012
19717,0.00012
19718,0.00012
19719,0.00012
19720,0.00012
19721,0.00012
19722,0.00012
19723,0.00012
19724,0.00012
19725,0.00012
19726,0.00012
19727,0.00012
19728,0.00012
19729,0.00012
19730,0.00012
19731,0.00012
19732,0.00012
19733,0.00012
19734,0.00012
19735,0.00012
19736,0.00012
19737,0.00012
19738,0.00012
19739,0.00012
19740,0.00012
19741,0.00012
19742,0.00012
19743,0.00012
19744,0.00012
19745,0.00012
19746,0.00012
19747,0.00012
19748,0.00012
19749,0.00012
19750,0.00012
19751,0.00012
19752,0.00012
19753,0.00012
19754,0.00012
19755,0.00012
19756,0.00012
19757,0.00012
19758,0.00012
19759,0.00012
19760,0.00012
19761,0.00012
19762,0.00012
19763,0.00012
19764,0.00012
19765,0.00012
19766,0.00012
19767,0.00012
19768,0.00012
19769,0.00012
19770,0.00012
19771,0.00012
19772,0.00012
19773,0.00012
19774,0.00012
19775,0.00012
19776,0.00012
19777,0.00012
19778,0.00012
19779,0.00012
19780,0.00012
19781,0.000120967778
19782,0.000162752963
19783,0.000687150556
19784,0.000625392778
19785,0.000426815
19786,0.000303851667
19787,0.000220130556
19788,0.000155750556
19789,0.000127309074
19790,0.000131926111
19791,0.000140355
19792,0.000135381667
19793,0.000133040556
19794,0.000138107222
19795,0.000142255
19796,0.000155327222
19797,0.000158785
19798,0.000160853889
19799,0.000156297222
19800,0.000152851667
19801,0.00012
19802,0.00012
19803,0.00012
19804,0.00012
19805,0.00012
19806,0.00012
19807,0.00012
19808,0.00012
19809,0.00012
19810,0.00012
19811,0.00012
19812,0.00012
19813,0.00012
19814,0.00012
19815,0.00012
19816,0.00012
19817,0.00012
19818,0.00012
19819,0.00012
19820,0.00012
19821,0.00012
19822,0.00012
19823,0.00012
19824,0.00012
19825,0.00012
19826,0.00012
19827,0.00012
19828,0.00012
19829,0.00012
19830,0.00012
19831,0.00012
19832,0.00012
19833,0.00012
19834,0.00012
19835,0.00012
19836,0.00012
19837,0.00012
19838,0.00012
19839,0.00012
19840,0.00012
19841,0.00012
19842,0.00012
19843,0.00012
19844,0.00012
19845,0.00012
19846,0.00012
19847,0.00012
19848,0.00012
19849,0.00012
19850,0.00012
19851,0.00012
19852,0.00012
19853,0.00012
19854,0.00012
19855,0.00012
19856,0.00012
19857,0.00012
19858,0.00012
19859,0.00012
19860,0.00012
19861,0.00012
19862,0.00012
19863,0.00012
19864,0.00012
19865,0.00012
19866,0.00012
19867,0.00012
19868,0.00012
19869,0.00012
19870,0.00012
19871,0.00012
19872,0.00012
19873,0.00012
19874,0.00012
19875,0.00012
19876,0.00012
19877,0.00012
19878,0.00012
19879,0.00012
19880,0.00012
19881,0.00012
19882,0.00012
19883,0.00012
19884,0.00012
19885,0.00012
19886,0.00012
19887,0.00012
19888,0.00012
19889,0.00012
19890,0.00012
19891,0.00012
19892,0.00012
19893,0.00012
19894,0.00012
19895,0.00012
19896,0.00012
19897,0.00012
19898,0.00012
19899,0.00012
19900,0.00012
19901,0.00012
19902,0.00012
19903,0.00012
19904,0.00012
19905,0.00012
19906,0.00012
19907,0.00012
19908,0.00012
19909,0.00012
19910,0.00012
19911,0.00012
19912,0.00012
19913,0.00012
19914,0.00012
19915,0.00012
19916,0.00012
19917,0.00012
19918,0.00012
19919,0.00012
19920,0.00012
19921,0.00012
19922,0.00012
19923,0.00012
19924,0.00012
19925,0.00012
19926,0.00012
19927,0.00012
19928,0.00012
19929,0.00012
19930,0.00012
19931,0.00012
19932,0.00012
19933,0.00012
19934,0.00012
19935,0.00012
19936,0.00012
19937,0.00012
19938,0.00012
19939,0.00012
19940,0.00012
19941,0.00012
19942,0.00012
19943,0.00012
19944,0.00012
19945,0.00012
19946,0.00012
19947,0.00012
19948,0.00012
19949,0.00012
19950,0.00012
19951,0.00012
19952,0.00012
19953,0.00012
19954,0.00012
19955,0.00012
19956,0.00012
19957,0.00012
19958,0.00012
19959,0.00012
19960,0.00012
19961,0.00012
19962,0.00012
19963,0.00012
19964,0.00012
19965,0.00012
19966,0.00012
19967,0.00012
19968,0.00012
19969,0.00012
19970,0.00012
19971,0.00012
19972,0.00012
19973,0.00012
19974,0.00012
19975,0.00012
19976,0.00012
19977,0.00012
19978,0.00012
19979,0.00012
19980,0.00012
19981,0.00012
19982,0.00012
19983,0.00012
19984,0.00012
19985,0.00012
19986,0.00012
19987,0.00012
19988,0.00012
19989,0.00012
19990,0.00012
19991,0.00012
19992,0.00012
19993,0.00012
19994,0.00012
19995,0.00012
19996,0.00012
19997,0.00012
19998,0.00012
19999,0.00012
20000,0.00012
20001,0.000120967778
20002,0.000162752963
20003,0.000687150556
20004,0.000625392778
20005,0.000426815
20006,0.000303851667
20007,0.000220130556
20008,0.000155750556
20009,0.000127309074
20010,0.000131926111
20011,0.000140355
20012,0.000135381667
20013,0.000133040556
20014,0.000138107222
20015,0.000142255
20016,0.000155327222
20017,0.000158785
20018,0.000160853889
20019,0.000156297222
20020,0.000152851667
20021,0.00012
20022,0.00012
20023,0.00012
20024,0.00012
20025,0.00012
20026,0.00012
20027,0.00012
20028,0.00012
20029,0.00012
20030,0.00012
20031,0.00012
20032,0.00012
20033,0.00012
20034,0.00012
20035,0.00012
20036,0.00012
20037,0.00012
20038,0.00012
20039,0.00012
20040,0.00012
20041,0.00012
20042,0.00012
20043,0.00012
20044,0.00012
20045,0.00012
20046,0.00012
20047,0.00012
20048,0.00012
20049,0.00012
20050,0.00012
20051,0.00012
20052,0.00012
20053,0.00012
20054,0.00012
20055,0.00012
20056,0.00012
20057,0.00012
20058,0.00012
20059,0.00012
20060,0.00012
20061,0.00012
20062,0.00012
20063,0.00012
20064,0.00012
20065,0.00012
20066,0.00012
20067,0.00012
20068,0.00012
20069,0.00012
20070,0.00012
20071,0.00012
20072,0.00012
20073,0.00012
20074,0.00012
20075,0.00012
20076,0.00012
20077,0.00012
20078,0.00012
20079,0.00012
20080,0.00012
20081,0.00012
20082,0.00012
20083,0.00012
20084,0.00012
20085,0.00012
20086,0.00012
20087,0.00012
20088,0.00012
20089,0.00012
20090,0.00012
20091,0.00012
20092,0.00012
20093,0.00012
20094,0.00012
20095,0.00012
20096,0.00012
20097,0.00012
20098,0.00012
20099,0.00012
20100,0.00012
20101,0.00012
20102,0.00012
20103,0.00012
20104,0.00012
20105,0.00012
20106,0.00012
20107,0.00012
20108,0.00012
20109,0.00012
20110,0.00012
20111,0.00012
20112,0.00012
20113,0.00012
20114,0.00012
20115,0.00012
20116,0.00012
20117,0.00012
20118,0.00012
20119,0.00012
20120,0.00012
20121,0.00012
20122,0.00012
20123,0.00012
20124,0.00012
20125,0.00012
20126,0.00012
20127,0.00012
20128,0.00012
20129,0.00012
20130,0.00012
20131,0.00012
20132,0.00012
20133,0.00012
20134,0.00012
20135,0.00012
20136,0.00012
20137,0.00012
20138,0.00012
20139,0.00012
20140,0.00012
20141,0.00012
20142,0.00012
20143,0.00012
20144,0.00012
20145,0.00012
20146,0.00012
20147,0.00012
20148,0.00012
20149,0.00012
20150,0.00012
20151,0.00012
20152,0.00012
20153,0.00012
20154,0.00012
20155,0.00012
20156,0.00012
20157,0.00012
20158,0.00012
20159,0.00012
20160,0.00012
20161,0.00012
20162,0.00012
20163,0.00012
20164,0.00012
20165,0.00012
20166,0.00012
20167,0.00012
20168,0.00012
20169,0.00012
20170,0.00012
20171,0.00012
20172,0.00012
20173,0.00012
20174,0.00012
20175,0.00012
20176,0.00012
20177,0.00012
20178,0.00012
20179,0.00012
20180,0.00012
20181,0.00012
20182,0.00012
20183,0.00012
20184,0.00012
20185,0.00012
20186,0.00012
20187,0.00012
20188,0.00012
20189,0.00012
20190,0.00012
20191,0.00012
20192,0.00012
20193,0.00012
20194,0.00012
20195,0.00012
20196,0.00012
20197,0.00012
20198,0.00012
20199,0.00012
20200,0.00012
20201,0.00012
20202,0.00012
20203,0.00012
20204,0.00012
20205,0.00012
20206,0.00012
20207,0.00012
20208,0.00012
20209,0.00012
20210,0.00012
20211,0.00012
20212,0.00012
20213,0.00012
20214,0.00012
20215,0.00012
20216,0.00012
20217,0.00012
20218,0.00012
20219,0.00012
20220,0.00012
20221,0.000120967778
20222,0.000162752963
20223,0.000687150556
20224,0.000625392778
20225,0.000426815
20226,0.000303851667
20227,0.000220130556
20228,0.000155750556
20229,0.000127309074
20230,0.000131926111
20231,0.000140355
20232,0.000135381667
20233,0.000133040556
20234,0.000138107222
20235,0.000142255
20236,0.000155327222
20237,0.000158785
20238,0.000160853889
20239,0.000156297222
20240,0.000152851667
20241,0.00012
20242,0.00012
20243,0.00012
20244,0.00012
20245,0.00012
20246,0.00012
20247,0.00012
20248,0.00012
20249,0.00012
20250,0.00012
20251,0.00012
20252,0.00012
20253,0.00012
20254,0.00012
20255,0.00012
20256,0.00012
20257,0.00012
20258,0.00012
20259,0.00012
20260,0.00012
20261,0.00012
20262,0.00012
20263,0.00012
20264,0.00012
20265,0.00012
20266,0.00012
20267,0.00012
20268,0.00012
20269,0.00012
20270,0.00012
20271,0.00012
20272,0.00012
20273,0.00012
20274,0.00012
20275,0.00012
20276,0.00012
20277,0.00012
20278,0.00012
20279,0.00012
20280,0.00012
20281,0.00012
20282,0.00012
20283,0.00012
20284,0.00012
20285,0.00012
20286,0.00012
20287,0.00012
20288,0.00012
20289,0.00012
20290,0.00012
20291,0.00012
20292,0.00012
20293,0.00012
20294,0.00012
20295,0.00012
20296,0.00012
20297,0.00012
20298,0.00012
20299,0.00012
20300,0.00012
20301,0.00012
20302,0.00012
20303,0.00012
20304,0.00012
20305,0.00012
20306,0.00012
20307,0.00012
20308,0.00012
20309,0.00012
20310,0.00012
20311,0.00012
20312,0.00012
20313,0.00012
20314,0.00012
20315,0.00012
20316,0.00012
20317,0.00012
20318,0.00012
20319,0.00012
20320,0.00012
20321,0.00012
20322,0.00012
20323,0.00012
20324,0.00012
20325,0.00012
20326,0.00012
20327,0.00012
20328,0.00012
20329,0.00012
20330,0.00012
20331,0.00012
20332,0.00012
20333,0.00012
20334,0.00012
20335,0.00012
20336,0.00012
20337,0.00012
20338,0.00012
20339,0.00012
20340,0.00012
20341,0.00012
20342,0.00012
20343,0.00012
20344,0.00012
20345,0.00012
20346,0.00012
20347,0.00012
20348,0.00012
20349,0.00012
20350,0.00012
20351,0.00012
20352,0.00012
20353,0.00012
20354,0.00012
20355,0.00012
20356,0.00012
20357,0.00012
20358,0.00012
20359,0.00012
20360,0.00012
20361,0.00012
20362,0.00012
20363,0.00012
20364,0.00012
20365,0.00012
20366,0.00012
20367,0.00012
20368,0.00012
20369,0.00012
20370,0.00012
20371,0.00012
20372,0.00012
20373,0.00012
20374,0.00012
20375,0.00012
20376,0.00012
20377,0.00012
20378,0.00012
20379,0.00012
20380,0.00012
20381,0.00012
20382,0.00012
20383,0.00012
20384,0.00012
20385,0.00012
20386,0.00012
20387,0.00012
20388,0.00012
20389,0.00012
20390,0.00012
20391,0.00012
20392,0.00012
20393,0.00012
20394,0.00012
20395,0.00012
20396,0.00012
20397,0.00012
20398,0.00012
20399,0.00012
20400,0.00012
20401,0.00012
20402,0.00012
20403,0.00012
20404,0.00012
20405,0.00012
20406,0.00012
20407,0.00012
20408,0.00012
20409,0.00012
20410,0.00012
20411,0.00012
20412,0.00012
20413,0.00012
20414,0.00012
20415,0.00012
20416,0.00012
20417,0.00012
20418,0.00012
20419,0.00012
20420,0.00012
20421,0.00012
20422,0.00012
20423,0.00012
20424,0.00012
20425,0.00012
20426,0.00012
20427,0.00012
20428,0.00012
20429,0.00012
20430,0.00012
20431,0.00012
20432,0.00012
20433,0.00012
20434,0.00012
20435,0.00012
20436,0.00012
20437,0.00012
20438,0.00012
20439,0.00012
20440,0.00012
20441,0.000120967778
20442,0.000162752963
20443,0.000687150556
20444,0.000625392778
20445,0.000426815
20446,0.000303851667
20447,0.000220130556
20448,0.000155750556
20449,0.000127309074
20450,0.000131926111
20451,0.000140355
20452,0.000135381667
20453,0.000133040556
20454,0.000138107222
20455,0.000142255
20456,0.000155327222
20457,0.000158785
20458,0.000160853889
20459,0.000156297222
20460,0.000152851667
20461,0.00012
20462,0.00012
20463,0.00012
20464,0.00012
20465,0.00012
20466,0.00012
20467,0.00012
20468,0.00012
20469,0.00012
20470,0.00012
20471,0.00012
20472,0.00012
20473,0.00012
20474,0.00012
20475,0.00012
20476,0.00012
20477,0.00012
20478,0.00012
20479,0.00012
20480,0.00012
20481,0.00012
20482,0.00012
20483,0.00012
20484,0.00012
20485,0.00012
20486,0.00012
20487,0.00012
20488,0.00012
20489,0.00012
20490,0.00012
20491,0.00012
20492,0.00012
20493,0.00012
20494,0.00012
20495,0.00012
20496,0.00012
20497,0.00012
20498,0.00012
20499,0.00012
20500,0.00012
20501,0.00012
20502,0.00012
20503,0.00012
20504,0.00012
20505,0.00012
20506,0.00012
20507,0.00012
20508,0.00012
20509,0.00012
20510,0.00012
20511,0.00012
20512,0.00012
20513,0.00012
20514,0.00012
20515,0.00012
20516,0.00012
20517,0.00012
20518,0.00012
20519,0.00012
20520,0.00012
20521,0.00012
20522,0.00012
20523,0.00012
20524,0.00012
20525,0.00012
20526,0.00012
20527,0.00012
20528,0.00012
20529,0.00012
20530,0.00012
20531,0.00012
20532,0.00012
20533,0.00012
20534,0.00012
20535,0.00012
20536,0.00012
20537,0.00012
20538,0.00012
20539,0.00012
20540,0.00012
20541,0.00012
20542,0.00012
20543,0.00012
20544,0.00012
20545,0.00012
20546,0.00012
20547,0.00012
20548,0.00012
20549,0.00012
20550,0.00012
20551,0.00012
20552,0.00012
20553,0.00012
20554,0.00012
20555,0.00012
20556,0.00012
20557,0.00012
20558,0.00012
20559,0.00012
20560,0.00012
20561,0.00012
20562,0.00012
20563,0.00012
20564,0.00012
20565,0.00012
20566,0.00012
20567,0.00012
20568,0.00012
20569,0.00012
20570,0.00012
20571,0.00012
20572,0.00012
20573,0.00012
20574,0.00012
20575,0.00012
20576,0.00012
20577,0.00012
20578,0.00012
20579,0.00012
20580,0.00012
20581,0.00012
20582,0.00012
20583,0.00012
20584,0.00012
20585,0.00012
20586,0.00012
20587,0.00012
20588,0.00012
20589,0.00012
20590,0.00012
20591,0.00012
20592,0.00012
20593,0.00012
20594,0.00012
20595,0.00012
20596,0.00012
20597,0.00012
20598,0.00012
20599,0.00012
20600,0.00012
20601,0.00012
20602,0.00012
20603,0.00012
20604,0.00012
20605,0.00012
20606,0.00012
20607,0.00012
20608,0.00012
20609,0.00012
20610,0.00012
20611,0.00012
20612,0.00012
20613,0.00012
20614,0.00012
20615,0.00012
20616,0.00012
20617,0.00012
20618,0.00012
20619,0.00012
20620,0.00012
20621,0.00012
20622,0.00012
20623,0.00012
20624,0.00012
20625,0.00012
20626,0.00012
20627,0.00012
20628,0.00012
20629,0.00012
20630,0.00012
20631,0.00012
20632,0.00012
20633,0.00012
20634,0.00012
20635,0.00012
20636,0.00012
20637,0.00012
20638,0.00012
20639,0.00012
20640,0.00012
20641,0.00012
20642,0.00012
20643,0.00012
20644,0.00012
20645,0.00012
20646,0.00012
20647,0.00012
20648,0.00012
20649,0.00012
20650,0.00012
20651,0.00012
20652,0.00012
20653,0.00012
20654,0.00012
20655,0.00012
20656,0.00012
20657,0.00012
20658,0.00012
20659,0.00012
20660,0.00012
20661,0.000120967778
20662,0.000162752963
20663,0.000687150556
20664,0.000625392778
20665,0.000426815
20666,0.000303851667
20667,0.000220130556
20668,0.000155750556
20669,0.000127309074
20670,0.000131926111
20671,0.000140355
20672,0.000135381667
20673,0.000133040556
20674,0.000138107222
20675,0.000142255
20676,0.000155327222
20677,0.000158785
20678,0.000160853889
20679,0.000156297222
20680,0.000152851667
20681,0.00012
20682,0.00012
20683,0.00012
20684,0.00012
20685,0.00012
20686,0.00012
20687,0.00012
20688,0.00012
20689,0.00012
20690,0.00012
20691,0.00012
20692,0.00012
20693,0.00012
20694,0.00012
20695,0.00012
20696,0.00012
20697,0.00012
20698,0.00012
20699,0.00012
20700,0.00012
20701,0.00012
20702,0.00012
20703,0.00012
20704,0.00012
20705,0.00012
20706,0.00012
20707,0.00012
20708,0.00012
20709,0.00012
20710,0.00012
20711,0.00012
20712,0.00012
20713,0.00012
20714,0.00012
20715,0.00012
20716,0.00012
20717,0.00012
20718,0.00012
20719,0.00012
20720,0.00012
20721,0.00012
20722,0.00012
20723,0.00012
20724,0.00012
20725,0.00012
20726,0.00012
20727,0.00012
20728,0.00012
20729,0.00012
20730,0.00012
20731,0.00012
20732,0.00012
20733,0.00012
20734,0.00012
20735,0.00012
20736,0.00012
20737,0.00012
20738,0.00012
20739,0.00012
20740,0.00012
20741,0.00012
20742,0.00012
20743,0.00012
20744,0.00012
20745,0.00012
20746,0.00012
20747,0.00012
20748,0.00012
20749,0.00012
20750,0.00012
20751,0.00012
20752,0.00012
20753,0.00012
20754,0.00012
20755,0.00012
20756,0.00012
20757,0.00012
20758,0.00012
20759,0.00012
20760,0.00012
20761,0.00012
20762,0.00012
20763,0.00012
20764,0.00012
20765,0.00012
20766,0.00012
20767,0.00012
20768,0.00012
20769,0.00012
20770,0.00012
20771,0.00012
20772,0.00012
20773,0.00012
20774,0.00012
20775,0.00012
20776,0.00012
20777,0.00012
20778,0.00012
20779,0.00012
20780,0.00012
20781,0.00012
20782,0.00012
20783,0.00012
20784,0.00012
20785,0.00012
20786,0.00012
20787,0.00012
20788,0.00012
20789,0.00012
20790,0.00012
20791,0.00012
20792,0.00012
20793,0.00012
20794,0.00012
20795,0.00012
20796,0.00012
20797,0.00012
20798,0.00012
20799,0.00012
20800,0.00012
20801,0.00012
20802,0.00012
20803,0.00012
20804,0.00012
20805,0.00012
20806,0.00012
20807,0.00012
20808,0.00012
20809,0.00012
20810,0.00012
20811,0.00012
20812,0.00012
20813,0.00012
20814,0.00012
20815,0.00012
20816,0.00012
20817,0.00012
20818,0.00012
20819,0.00012
20820,0.00012
20821,0.00012
20822,0.00012
20823,0.00012
20824,0.00012
20825,0.00012
20826,0.00012
20827,0.00012
20828,0.00012
20829,0.00012
20830,0.00012
20831,0.00012
20832,0.00012
20833,0.00012
20834,0.00012
20835,0.00012
20836,0.00012
20837,0.00012
20838,0.00012
20839,0.00012
20840,0.00012
20841,0.00012
20842,0.00012
20843,0.00012
20844,0.00012
20845,0.00012
20846,0.00012
20847,0.00012
20848,0.00012
20849,0.00012
20850,0.00012
20851,0.00012
20852,0.00012
20853,0.00012
20854,0.00012
20855,0.00012
20856,0.00012
20857,0.00012
20858,0.00012
20859,0.00012
20860,0.00012
20861,0.00012
20862,0.00012
20863,0.00012
20864,0.00012
20865,0.00012
20866,0.00012
20867,0.00012
20868,0.00012
20869,0.00012
20870,0.00012
20871,0.00012
20872,0.00012
20873,0.00012
20874,0.00012
20875,0.00012
20876,0.00012
20877,0.00012
20878,0.00012
20879,0.00012
20880,0.00012
20881,0.000120967778
20882,0.000162752963
20883,0.000687150556
20884,0.000625392778
20885,0.000426815
20886,0.000303851667
20887,0.000220130556
20888,0.000155750556
20889,0.000127309074
20890,0.000131926111
20891,0.000140355
20892,0.000135381667
20893,0.000133040556
20894,0.000138107222
20895,0.000142255
20896,0.000155327222
20897,0.000158785
20898,0.000160853889
20899,0.000156297222
20900,0.000152851667
20901,0.00012
20902,0.00012
20903,0.00012
20904,0.00012
20905,0.00012
20906,0.00012
20907,0.00012
20908,0.00012
20909,0.00012
20910,0.00012
20911,0.00012
20912,0.00012
20913,0.00012
20914,0.00012
20915,0.00012
20916,0.00012
20917,0.00012
20918,0.00012
20919,0.00012
20920,0.00012
20921,0.00012
20922,0.00012
20923,0.00012
20924,0.00012
20925,0.00012
20926,0.00012
20927,0.00012
20928,0.00012
20929,0.00012
20930,0.00012
20931,0.00012
20932,0.00012
20933,0.00012
20934,0.00012
20935,0.00012
20936,0.00012
20937,0.00012
20938,0.00012
20939,0.00012
20940,0.00012
20941,0.00012
20942,0.00012
20943,0.00012
20944,0.00012
20945,0.00012
20946,0.00012
20947,0.00012
20948,0.00012
20949,0.00012
20950,0.00012
20951,0.00012
20952,0.00012
20953,0.00012
20954,0.00012
20955,0.00012
20956,0.00012
20957,0.00012
20958,0.00012
20959,0.00012
20960,0.00012
20961,0.00012
20962,0.00012
20963,0.00012
20964,0.00012
20965,0.00012
20966,0.00012
20967,0.00012
20968,0.00012
20969,0.00012
20970,0.00012
20971,0.00012
20972,0.00012
20973,0.00012
20974,0.00012
20975,0.00012
20976,0.00012
20977,0.00012
20978,0.00012
20979,0.00012
20980,0.00012
20981,0.00012
20982,0.00012
20983,0.00012
20984,0.00012
20985,0.00012
20986,0.00012
20987,0.00012
20988,0.00012
20989,0.00012
20990,0.00012
20991,0.00012
20992,0.00012
20993,0.00012
20994,0.00012
20995,0.00012
20996,0.00012
20997,0.00012
20998,0.00012
20999,0.00012
21000,0.00012
21001,0.00012
21002,0.00012
21003,0.00012
21004,0.00012
21005,0.00012
21006,0.00012
21007,0.00012
21008,0.00012
21009,0.00012
21010,0.00012
21011,0.00012
21012,0.00012
21013,0.00012
21014,0.00012
21015,0.00012
21016,0.00012
21017,0.00012
21018,0.00012
21019,0.00012
21020,0.00012
21021,0.00012
21022,0.00012
21023,0.00012
21024,0.00012
21025,0.00012
21026,0.00012
21027,0.00012
21028,0.00012
21029,0.00012
21030,0.00012
21031,0.00012
21032,0.00012
21033,0.00012
21034,0.00012
21035,0.00012
21036,0.00012
21037,0.00012
21038,0.00012
21039,0.00012
21040,0.00012
21041,0.00012
21042,0.00012
21043,0.00012
21044,0.00012
21045,0.00012
21046,0.00012
21047,0.00012
21048,0.00012
21049,0.00012
21050,0.00012
21051,0.00012
21052,0.00012
21053,0.00012
21054,0.00012
21055,0.00012
21056,0.00012
21057,0.00012
21058,0.00012
21059,0.00012
21060,0.00012
21061,0.00012
21062,0.00012
21063,0.00012
21064,0.00012
21065,0.00012
21066,0.00012
21067,0.00012
21068,0.00012
21069,0.00012
21070,0.00012
21071,0.00012
21072,0.00012
21073,0.00012
21074,0.00012
21075,0.00012
21076,0.00012
21077,0.00012
21078,0.00012
21079,0.00012
21080,0.00012
21081,0.00012
21082,0.00012
21083,0.00012
21084,0.00012
21085,0.00012
21086,0.00012
21087,0.00012
21088,0.00012
21089,0.00012
21090,0.00012
21091,0.00012
21092,0.00012
21093,0.00012
21094,0.00012
21095,0.00012
21096,0.00012
21097,0.00012
21098,0.00012
21099,0.00012
21100,0.00012
21101,0.000120967778
21102,0.000162752963
21103,0.000687150556
21104,0.000625392778
21105,0.000426815
21106,0.000303851667
21107,0.000220130556
21108,0.000155750556
21109,0.000127309074
21110,0.000131926111
21111,0.000140355
21112,0.000135381667
21113,0.000133040556
21114,0.000138107222
21115,0.000142255
21116,0.000155327222
21117,0.000158785
21118,0.000160853889
21119,0.000156297222
21120,0.000152851667
21121,0.00012
21122,0.00012
21123,0.00012
21124,0.00012
21125,0.00012
21126,0.00012
21127,0.00012
21128,0.00012
21129,0.00012
21130,0.00012
21131,0.00012
21132,0.00012
21133,0.00012
21134,0.00012
21135,0.00012
21136,0.00012
21137,0.00012
21138,0.00012
21139,0.00012
21140,0.00012
21141,0.00012
21142,0.00012
21143,0.00012
21144,0.00012
21145,0.00012
21146,0.00012
21147,0.00012
21148,0.00012
21149,0.00012
21150,0.00012
21151,0.00012
21152,0.00012
21153,0.00012
21154,0.00012
21155,0.00012
21156,0.00012
21157,0.00012
21158,0.00012
21159,0.00012
21160,0.00012
21161,0.00012
21162,0.00012
21163,0.00012
21164,0.00012
21165,0.00012
21166,0.00012
21167,0.00012
21168,0.00012
21169,0.00012
21170,0.00012
21171,0.00012
21172,0.00012
21173,0.00012
21174,0.00012
21175,0.00012
21176,0.00012
21177,0.00012
21178,0.00012
21179,0.00012
21180,0.00012
21181,0.00012
21182,0.00012
21183,0.00012
21184,0.00012
21185,0.00012
21186,0.00012
21187,0.00012
21188,0.00012
21189,0.00012
21190,0.00012
21191,0.00012
21192,0.00012
21193,0.00012
21194,0.00012
21195,0.00012
21196,0.00012
21197,0.00012
21198,0.00012
21199,0.00012
21200,0.00012
21201,0.00012
21202,0.00012
21203,0.00012
21204,0.00012
21205,0.00012
21206,0.00012
21207,0.00012
21208,0.00012
21209,0.00012
21210,0.00012
21211,0.00012
21212,0.00012
21213,0.00012
21214,0.00012
21215,0.00012
21216,0.00012
21217,0.00012
21218,0.00012
21219,0.00012
21220,0.00012
21221,0.00012
21222,0.00012
21223,0.00012
21224,0.00012
21225,0.00012
21226,0.00012
21227,0.00012
21228,0.00012
21229,0.00012
21230,0.00012
21231,0.00012
21232,0.00012
21233,0.00012
21234,0.00012
21235,0.00012
21236,0.00012
21237,0.00012
21238,0.00012
21239,0.00012
21240,0.00012
21241,0.00012
21242,0.00012
21243,0.00012
21244,0.00012
21245,0.00012
21246,0.00012
21247,0.00012
21248,0.00012
21249,0.00012
21250,0.00012
21251,0.00012
21252,0.00012
21253,0.00012
21254,0.00012
21255,0.00012
21256,0.00012
21257,0.00012
21258,0.00012
21259,0.00012
21260,0.00012
21261,0.00012
21262,0.00012
21263,0.00012
21264,0.00012
21265,0.00012
21266,0.00012
21267,0.00012
21268,0.00012
21269,0.00012
21270,0.00012
21271,0.00012
21272,0.00012
21273,0.00012
21274,0.00012
21275,0.00012
21276,0.00012
21277,0.00012
21278,0.00012
21279,0.00012
21280,0.00012
21281,0.00012
21282,0.00012
21283,0.00012
21284,0.00012
21285,0.00012
21286,0.00012
21287,0.00012
21288,0.00012
21289,0.00012
21290,0.00012
21291,0.00012
21292,0.00012
21293,0.00012
21294,0.00012
21295,0.00012
21296,0.00012
21297,0.00012
21298,0.00012
21299,0.00012
21300,0.00012
21301,0.00012
21302,0.00012
21303,0.00012
21304,0.00012
21305,0.00012
21306,0.00012
21307,0.00012
21308,0.00012
21309,0.00012
21310,0.00012
21311,0.00012
21312,0.00012
21313,0.00012
21314,0.00012
21315,0.00012
21316,0.00012
21317,0.00012
21318,0.00012
21319,0.00012
21320,0.00012
21321,0.000120967778
21322,0.000162752963
21323,0.000687150556
21324,0.000625392778
21325,0.000426815
21326,0.000303851667
21327,0.000220130556
21328,0.000155750556
21329,0.000127309074
21330,0.000131926111
21331,0.000140355
21332,0.000135381667
21333,0.000133040556
21334,0.000138107222
21335,0.000142255
21336,0.000155327222
21337,0.000158785
21338,0.000160853889
21339,0.000156297222
21340,0.000152851667
21341,0.00012
21342,0.00012
21343,0.00012
21344,0.00012
21345,0.00012
21346,0.00012
21347,0.00012
21348,0.00012
21349,0.00012
21350,0.00012
21351,0.00012
21352,0.00012
21353,0.00012
21354,0.00012
21355,0.00012
21356,0.00012
21357,0.00012
21358,0.00012
21359,0.00012
21360,0.00012
21361,0.00012
21362,0.00012
21363,0.00012
21364,0.00012
21365,0.00012
21366,0.00012
21367,0.00012
21368,0.00012
21369,0.00012
21370,0.00012
21371,0.00012
21372,0.00012
21373,0.00012
21374,0.00012
21375,0.00012
21376,0.00012
21377,0.00012
21378,0.00012
21379,0.00012
21380,0.00012
21381,0.00012
21382,0.00012
21383,0.00012
21384,0.00012
21385,0.00012
21386,0.00012
21387,0.00012
21388,0.00012
21389,0.00012
21390,0.00012
21391,0.00012
21392,0.00012
21393,0.00012
21394,0.00012
21395,0.00012
21396,0.00012
21397,0.00012
21398,0.00012
21399,0.00012
21400,0.00012
21401,0.00012
21402,0.00012
21403,0.00012
21404,0.00012
21405,0.00012
21406,0.00012
21407,0.00012
21408,0.00012
21409,0.00012
21410,0.00012
21411,0.00012
21412,0.00012
21413,0.00012
21414,0.00012
21415,0.00012
21416,0.00012
21417,0.00012
21418,0.00012
21419,0.00012
21420,0.00012
21421,0.00012
21422,0.00012
21423,0.00012
21424,0.00012
21425,0.00012
21426,0.00012
21427,0.00012
21428,0.00012
21429,0.00012
21430,0.00012
21431,0.00012
21432,0.00012
21433,0.00012
21434,0.00012
21435,0.00012
21436,0.00012
21437,0.00012
21438,0.00012
21439,0.00012
21440,0.00012
21441,0.00012
21442,0.00012
21443,0.00012
21444,0.00012
21445,0.00012
21446,0.00012
21447,0.00012
21448,0.00012
21449,0.00012
21450,0.00012
21451,0.00012
21452,0.00012
21453,0.00012
21454,0.00012
21455,0.00012
21456,0.00012
21457,0.00012
21458,0.00012
21459,0.00012
21460,0.00012
21461,0.00012
21462,0.00012
21463,0.00012
21464,0.00012
21465,0.00012
21466,0.00012
21467,0.00012
21468,0.00012
21469,0.00012
21470,0.00012
21471,0.00012
21472,0.00012
21473,0.00012
21474,0.00012
21475,0.00012
21476,0.00012
21477,0.00012
21478,0.00012
21479,0.00012
21480,0.00012
21481,0.00012
21482,0.00012
21483,0.00012
21484,0.00012
21485,0.00012
21486,0.00012
21487,0.00012
21488,0.00012
21489,0.00012
21490,0.00012
21491,0.00012
21492,0.00012
21493,0.00012
21494,0.00012
21495,0.00012
21496,0.00012
21497,0.00012
21498,0.00012
21499,0.00012
21500,0.00012
21501,0.00012
21502,0.00012
21503,0.00012
21504,0.00012
21505,0.00012
21506,0.00012
21507,0.00012
21508,0.00012
21509,0.00012
21510,0.00012
21511,0.00012
21512,0.00012
21513,0.00012
21514,0.00012
21515,0.00012
21516,0.00012
21517,0.00012
21518,0.00012
21519,0.00012
21520,0.00012
21521,0.00012
21522,0.00012
21523,0.00012
21524,0.00012
21525,0.00012
21526,0.00012
21527,0.00012
21528,0.00012
21529,0.00012
21530,0.00012
21531,0.00012
21532,0.00012
21533,0.00012
21534,0.00012
21535,0.00012
21536,0.00012
21537,0.00012
21538,0.00012
21539,0.00012
21540,0.00012
21541,0.000120967778
21542,0.000162752963
21543,0.000687150556
21544,0.000625392778
21545,0.000426815
21546,0.000303851667
21547,0.000220130556
21548,0.000155750556
21549,0.000127309074
21550,0.000131926111
21551,0.000140355
21552,0.000135381667
21553,0.000133040556
21554,0.000138107222
21555,0.000142255
21556,0.000155327222
21557,0.000158785
21558,0.000160853889
21559,0.000156297222
21560,0.000152851667
21561,0.00012
21562,0.00012
21563,0.00012
21564,0.00012
21565,0.00012
21566,0.00012
21567,0.00012
21568,0.00012
21569,0.00012
21570,0.00012
21571,0.00012
21572,0.00012
21573,0.00012
21574,0.00012
21575,0.00012
21576,0.00012
21577,0.00012
21578,0.00012
21579,0.00012
21580,0.00012
21581,0.00012
21582,0.00012
21583,0.00012
21584,0.00012
21585,0.00012
21586,0.00012
21587,0.00012
21588,0.00012
21589,0.00012
21590,0.00012
21591,0.00012
21592,0.00012
21593,0.00012
21594,0.00012
21595,0.00012
21596,0.00012
21597,0.00012
21598,0.00012
21599,0.00012
21600,0.00012
21601,0.00012
21602,0.00012
21603,0.00012
21604,0.00012
21605,0.00012
21606,0.00012
21607,0.00012
21608,0.00012
21609,0.00012
21610,0.00012
21611,0.00012
21612,0.00012
21613,0.00012
21614,0.00012
21615,0.00012
21616,0.00012
21617,0.00012
21618,0.00012
21619,0.00012
21620,0.00012
21621,0.00012
21622,0.00012
21623,0.00012
21624,0.00012
21625,0.00012
21626,0.00012
21627,0.00012
21628,0.00012
21629,0.00012
21630,0.00012
21631,0.00012
21632,0.00012
21633,0.00012
21634,0.00012
21635,0.00012
21636,0.00012
21637,0.00012
21638,0.00012
21639,0.00012
21640,0.00012
21641,0.00012
21642,0.00012
21643,0.00012
21644,0.00012
21645,0.00012
21646,0.00012
21647,0.00012
21648,0.00012
21649,0.00012
21650,0.00012
21651,0.00012
21652,0.00012
21653,0.00012
21654,0.00012
21655,0.00012
21656,0.00012
21657,0.00012
21658,0.00012
21659,0.00012
21660,0.00012
21661,0.00012
21662,0.00012
21663,0.00012
21664,0.00012
21665,0.00012
21666,0.00012
21667,0.00012
21668,0.00012
21669,0.00012
21670,0.00012
21671,0.00012
21672,0.00012
21673,0.00012
21674,0.00012
21675,0.00012
21676,0.00012
21677,0.00012
21678,0.00012
21679,0.00012
21680,0.00012
21681,0.00012
21682,0.00012
21683,0.00012
21684,0.00012
21685,0.00012
21686,0.00012
21687,0.00012
21688,0.00012
21689,0.00012
21690,0.00012
21691,0.00012
21692,0.00012
21693,0.00012
21694,0.00012
21695,0.00012
21696,0.00012
21697,0.00012
21698,0.00012
21699,0.00012
21700,0.00012
21701,0.00012
21702,0.00012
21703,0.00012
21704,0.00012
21705,0.00012
21706,0.00012
21707,0.00012
21708,0.00012
21709,0.00012
21710,0.00012
21711,0.00012
21712,0.00012
21713,0.00012
21714,0.00012
21715,0.00012
21716,0.00012
21717,0.00012
21718,0.00012
21719,0.00012
21720,0.00012
21721,0.00012
21722,0.00012
21723,0.00012
21724,0.00012
21725,0.00012
21726,0.00012
21727,0.00012
21728,0.00012
21729,0.00012
21730,0.00012
21731,0.00012
21732,0.00012
21733,0.00012
21734,0.00012
21735,0.00012
21736,0.00012
21737,0.00012
21738,0.00012
21739,0.00012
21740,0.00012
21741,0.00012
21742,0.00012
21743,0.00012
21744,0.00012
21745,0.00012
21746,0.00012
21747,0.00012
21748,0.00012
21749,0.00012
21750,0.00012
21751,0.00012
21752,0.00012
21753,0.00012
21754,0.00012
21755,0.00012
21756,0.00012
21757,0.00012
21758,0.00012
21759,0.00012
21760,0.00012
21761,0.000120967778
21762,0.000162752963
21763,0.000687150556
21764,0.000625392778
21765,0.000426815
21766,0.000303851667
21767,0.000220130556
21768,0.000155750556
21769,0.000127309074
21770,0.000131926111
21771,0.000140355
21772,0.000135381667
21773,0.000133040556
21774,0.000138107222
21775,0.000142255
21776,0.000155327222
21777,0.000158785
21778,0.000160853889
21779,0.000156297222
21780,0.000152851667
21781,0.00012
21782,0.00012
21783,0.00012
21784,0.00012
21785,0.00012
21786,0.00012
21787,0.00012
21788,0.00012
21789,0.00012
21790,0.00012
21791,0.00012
21792,0.00012
21793,0.00012
21794,0.00012
21795,0.00012
21796,0.00012
21797,0.00012
21798,0.00012
21799,0.00012
21800,0.00012
21801,0.00012
21802,0.00012
21803,0.00012
21804,0.00012
21805,0.00012
21806,0.00012
21807,0.00012
21808,0.00012
21809,0.00012
21810,0.00012
21811,0.00012
21812,0.00012
21813,0.00012
21814,0.00012
21815,0.00012
21816,0.00012
21817,0.00012
21818,0.00012
21819,0.00012
21820,0.00012
21821,0.00012
21822,0.00012
21823,0.00012
21824,0.00012
21825,0.00012
21826,0.00012
21827,0.00012
21828,0.00012
21829,0.00012
21830,0.00012
21831,0.00012
21832,0.00012
21833,0.00012
21834,0.00012
21835,0.00012
21836,0.00012
21837,0.00012
21838,0.00012
21839,0.00012
21840,0.00012
21841,0.00012
21842,0.00012
21843,0.00012
21844,0.00012
21845,0.00012
21846,0.00012
21847,0.00012
21848,0.00012
21849,0.00012
21850,0.00012
21851,0.00012
21852,0.00012
21853,0.00012
21854,0.00012
21855,0.00012
21856,0.00012
21857,0.00012
21858,0.00012
21859,0.00012
21860,0.00012
21861,0.00012
21862,0.00012
21863,0.00012
21864,0.00012
21865,0.00012
21866,0.00012
21867,0.00012
21868,0.00012
21869,0.00012
21870,0.00012
21871,0.00012
21872,0.00012
21873,0.00012
21874,0.00012
21875,0.00012
21876,0.00012
21877,0.00012
21878,0.00012
21879,0.00012
21880,0.00012
21881,0.00012
21882,0.00012
21883,0.00012
21884,0.00012
21885,0.00012
21886,0.00012
21887,0.00012
21888,0.00012
21889,0.00012
21890,0.00012
21891,0.00012
21892,0.00012
21893,0.00012
21894,0.00012
21895,0.00012
21896,0.00012
21897,0.00012
21898,0.00012
21899,0.00012
21900,0.00012
21901,0.00012
21902,0.00012
21903,0.00012
21904,0.00012
21905,0.00012
21906,0.00012
21907,0.00012
21908,0.00012
21909,0.00012
21910,0.00012
21911,0.00012
21912,0.00012
21913,0.00012
21914,0.00012
21915,0.00012
21916,0.00012
21917,0.00012
21918,0.00012
21919,0.00012
21920,0.00012
21921,0.00012
21922,0.00012
21923,0.00012
21924,0.00012
21925,0.00012
21926,0.00012
21927,0.00012
21928,0.00012
21929,0.00012
21930,0.00012
21931,0.00012
21932,0.00012
21933,0.00012
21934,0.00012
21935,0.00012
21936,0.00012
21937,0.00012
21938,0.00012
21939,0.00012
21940,0.00012
21941,0.00012
21942,0.00012
21943,0.00012
21944,0.00012
21945,0.00012
21946,0.00012
21947,0.00012
21948,0.00012
21949,0.00012
21950,0.00012
21951,0.00012
21952,0.00012
21953,0.00012
21954,0.00012
21955,0.00012
21956,0.00012
21957,0.00012
21958,0.00012
21959,0.00012
21960,0.00012
21961,0.00012
21962,0.00012
21963,0.00012
21964,0.00012
21965,0.00012
21966,0.00012
21967,0.00012
21968,0.00012
21969,0.00012
21970,0.00012
21971,0.00012
21972,0.00012
21973,0.00012
21974,0.00012
21975,0.00012
21976,0.00012
21977,0.00012
21978,0.00012
21979,0.00012
21980,0.00012
21981,0.000120967778
21982,0.000162752963
21983,0.000687150556
21984,0.000625392778
21985,0.000426815
21986,0.000303851667
21987,0.000220130556
21988,0.000155750556
21989,0.000127309074
21990,0.000131926111
21991,0.000140355
21992,0.000135381667
21993,0.000133040556
21994,0.000138107222
21995,0.000142255
21996,0.000155327222
21997,0.000158785
21998,0.000160853889
21999,0.000156297222
22000,0.000152851667
22001,0.00012
22002,0.00012
22003,0.00012
22004,0.00012
22005,0.00012
22006,0.00012
22007,0.00012
22008,0.00012
22009,0.00012
22010,0.00012
22011,0.00012
22012,0.00012
22013,0.00012
22014,0.00012
22015,0.00012
22016,0.00012
22017,0.00012
22018,0.00012
22019,0.00012
22020,0.00012
22021,0.00012
22022,0.00012
22023,0.00012
22024,0.00012
22025,0.00012
22026,0.00012
22027,0.00012
22028,0.00012
22029,0.00012
22030,0.00012
22031,0.00012
22032,0.00012
22033,0.00012
22034,0.00012
22035,0.00012
22036,0.00012
22037,0.00012
22038,0.00012
22039,0.00012
22040,0.00012
22041,0.00012
22042,0.00012
22043,0.00012
22044,0.00012
22045,0.00012
22046,0.00012
22047,0.00012
22048,0.00012
22049,0.00012
22050,0.00012
22051,0.00012
22052,0.00012
22053,0.00012
22054,0.00012
22055,0.00012
22056,0.00012
22057,0.00012
22058,0.00012
22059,0.00012
22060,0.00012
22061,0.00012
22062,0.00012
22063,0.00012
22064,0.00012
22065,0.00012
22066,0.00012
22067,0.00012
22068,0.00012
22069,0.00012
22070,0.00012
22071,0.00012
22072,0.00012
22073,0.00012
22074,0.00012
22075,0.00012
22076,0.00012
22077,0.00012
22078,0.00012
22079,0.00012
22080,0.00012
22081,0.00012
22082,0.00012
22083,0.00012
22084,0.00012
22085,0.00012
22086,0.00012
22087,0.00012
22088,0.00012
22089,0.00012
22090,0.00012
22091,0.00012
22092,0.00012
22093,0.00012
22094,0.00012
22095,0.00012
22096,0.00012
22097,0.00012
22098,0.00012
22099,0.00012
22100,0.00012
22101,0.00012
22102,0.00012
22103,0.00012
22104,0.00012
22105,0.00012
22106,0.00012
22107,0.00012
22108,0.00012
22109,0.00012
22110,0.00012
22111,0.00012
22112,0.00012
22113,0.00012
22114,0.00012
22115,0.00012
22116,0.00012
22117,0.00012
22118,0.00012
22119,0.00012
22120,0.00012
22121,0.00012
22122,0.00012
22123,0.00012
22124,0.00012
22125,0.00012
22126,0.00012
22127,0.00012
22128,0.00012
22129,0.00012
22130,0.00012
22131,0.00012
22132,0.00012
22133,0.00012
22134,0.00012
22135,0.00012
22136,0.00012
22137,0.00012
22138,0.00012
22139,0.00012
22140,0.00012
22141,0.00012
22142,0.00012
22143,0.00012
22144,0.00012
22145,0.00012
22146,0.00012
22147,0.00012
22148,0.00012
22149,0.00012
22150,0.00012
22151,0.00012
22152,0.00012
22153,0.00012
22154,0.00012
22155,0.00012
22156,0.00012
22157,0.00012
22158,0.00012
22159,0.00012
22160,0.00012
22161,0.00012
22162,0.00012
22163,0.00012
22164,0.00012
22165,0.00012
22166,0.00012
22167,0.00012
22168,0.00012
22169,0.00012
22170,0.00012
22171,0.00012
22172,0.00012
22173,0.00012
22174,0.00012
22175,0.00012
22176,0.00012
22177,0.00012
22178,0.00012
22179,0.00012
22180,0.00012
22181,0.00012
22182,0.00012
22183,0.00012
22184,0.00012
22185,0.00012
22186,0.00012
22187,0.00012
22188,0.00012
22189,0.00012
22190,0.00012
22191,0.00012
22192,0.00012
22193,0.00012
22194,0.00012
22195,0.00012
22196,0.00012
22197,0.00012
22198,0.00012
22199,0.00012
22200,0.00012
